year,predicted_capacity
2021,7788.60000000149
2022,8124.1999999806285
2023,8477.79999998957
2024,8849.40000000596
2025,9239.000000059605
2026,9646.600000113249
2027,10072.200000189245
2028,10515.800000280142
2029,10977.40000039339
2030,11457.000000528991
2031,11954.600000679493
