year,predicted_capacity
2021,58684.49999892712
2022,69744.50000071526
2023,80543.50000071526
2024,91081.49999940395
2025,101358.49999678135
2026,111374.4999923706
2027,121129.49998664856
2028,130623.4999793768
2029,139856.49997079372
2030,148828.49996054173
2031,157539.49994897842
