year,projected_capacity
2023,8473.0
2024,8574.50654
2025,8677.229128349201
2026,8781.182333306826
2027,8886.380897659843
2028,8992.839740813808
2029,9100.573960908758
2030,9209.598836960446
