year,projected_capacity
2023,8473.0
2024,8560.2719
2025,8648.44270057
2026,8737.52166038587
2027,8827.518133487843
2028,8918.441570262768
2029,9010.301518436474
2030,9103.107624076369
