year,projected_capacity
2023,8473.0
2024,8577.38736
2025,8683.060772275201
2026,8790.036080989632
2027,8898.329325507426
2028,9007.956742797678
2029,9118.934769868947
2030,9231.280046233733
