year,projected_capacity
2023,8473.0
2024,8568.82963
2025,8665.7430931153
2026,8763.752647498433
2027,8862.87068994164
2028,8963.10975744488
2029,9064.48252880158
2030,9167.001826202326
