year,projected_capacity
2023,61013.0
2024,66809.235
2025,73156.112325
2026,80105.942995875
2027,87716.00758048311
2028,96049.02830062901
2029,105173.68598918877
2030,115165.1861581617
