year,predicted_capacity
2013,33595.14560544491
2014,37747.90184891224
2015,41569.15509557724
2016,45058.905344963074
2017,48217.15259766579
2018,51043.89685308933
2019,53539.13811171055
2020,55702.8763730526
2021,57535.111637711525
2022,59035.843905091286
2023,60205.073175787926
2024,61042.7994492054
2025,61549.02272582054
2026,61723.74300515652
2027,61723.74300515652
2028,61723.74300515652
2029,61723.74300515652
2030,61723.74300515652
