year,projected_capacity
2023,82759.0
2024,96745.27100000001
2025,113095.221799
2026,132208.314283031
2027,154551.51939686327
2028,180670.72617493317
2029,211204.07889849687
2030,246897.56823234283
