year,predicted_capacity
2013,38926.980766773224
2014,38926.980766773224
2015,38926.980766773224
2016,38926.980766773224
2017,41185.88286590576
2018,44653.23950958252
2019,49281.648601055145
2020,55071.1101398468
2021,62021.62412595749
2022,70133.19055986404
2023,79405.80944156647
2024,89839.48077058792
2025,101434.2045469284
2026,114189.98077106476
2027,128106.80944299698
2028,143184.6905617714
2029,159423.6241288185
2030,176823.61014318466
