year,projected_capacity
2023,82759.0
2024,82760.088
2025,82761.176
2026,82762.26400000001
2027,82763.35200000001
2028,82764.44000000002
2029,82765.52800000002
2030,82766.61600000002
