year,projected_capacity
2023,61013.0
2024,67358.352
2025,74363.62060800001
2026,82097.43715123202
2027,90635.57061496016
2028,100061.66995891603
2029,110468.0836346433
2030,121956.76433264621
