year,projected_capacity
2023,8473.0
2024,10438.735999999999
2025,12860.522751999999
2026,15844.164030463999
2027,19520.010085531645
2028,24048.652425374985
2029,29627.93978806198
2030,36501.62181889236
