Datum,Restenergiebedarf in MWh
2030-01-01 00:00:00,0.0
2030-01-01 00:15:00,0.0
2030-01-01 00:30:00,0.0
2030-01-01 00:45:00,0.0
2030-01-01 01:00:00,0.0
2030-01-01 01:15:00,0.0
2030-01-01 01:30:00,0.0
2030-01-01 01:45:00,0.0
2030-01-01 02:00:00,0.0
2030-01-01 02:15:00,0.0
2030-01-01 02:30:00,0.0
2030-01-01 02:45:00,0.0
2030-01-01 03:00:00,0.0
2030-01-01 03:15:00,0.0
2030-01-01 03:30:00,0.0
2030-01-01 03:45:00,0.0
2030-01-01 04:00:00,0.0
2030-01-01 04:15:00,0.0
2030-01-01 04:30:00,0.0
2030-01-01 04:45:00,0.0
2030-01-01 05:00:00,0.0
2030-01-01 05:15:00,0.0
2030-01-01 05:30:00,0.0
2030-01-01 05:45:00,0.0
2030-01-01 06:00:00,0.0
2030-01-01 06:15:00,0.0
2030-01-01 06:30:00,0.0
2030-01-01 06:45:00,0.0
2030-01-01 07:00:00,0.0
2030-01-01 07:15:00,0.0
2030-01-01 07:30:00,0.0
2030-01-01 07:45:00,0.0
2030-01-01 08:00:00,0.0
2030-01-01 08:15:00,0.0
2030-01-01 08:30:00,0.0
2030-01-01 08:45:00,0.0
2030-01-01 09:00:00,0.0
2030-01-01 09:15:00,0.0
2030-01-01 09:30:00,0.0
2030-01-01 09:45:00,0.0
2030-01-01 10:00:00,0.0
2030-01-01 10:15:00,0.0
2030-01-01 10:30:00,0.0
2030-01-01 10:45:00,0.0
2030-01-01 11:00:00,0.0
2030-01-01 11:15:00,0.0
2030-01-01 11:30:00,0.0
2030-01-01 11:45:00,0.0
2030-01-01 12:00:00,0.0
2030-01-01 12:15:00,0.0
2030-01-01 12:30:00,0.0
2030-01-01 12:45:00,0.0
2030-01-01 13:00:00,0.0
2030-01-01 13:15:00,0.0
2030-01-01 13:30:00,0.0
2030-01-01 13:45:00,0.0
2030-01-01 14:00:00,0.0
2030-01-01 14:15:00,0.0
2030-01-01 14:30:00,0.0
2030-01-01 14:45:00,0.0
2030-01-01 15:00:00,0.0
2030-01-01 15:15:00,0.0
2030-01-01 15:30:00,0.0
2030-01-01 15:45:00,0.0
2030-01-01 16:00:00,0.0
2030-01-01 16:15:00,0.0
2030-01-01 16:30:00,0.0
2030-01-01 16:45:00,0.0
2030-01-01 17:00:00,0.0
2030-01-01 17:15:00,0.0
2030-01-01 17:30:00,0.0
2030-01-01 17:45:00,0.0
2030-01-01 18:00:00,0.0
2030-01-01 18:15:00,0.0
2030-01-01 18:30:00,0.0
2030-01-01 18:45:00,0.0
2030-01-01 19:00:00,0.0
2030-01-01 19:15:00,0.0
2030-01-01 19:30:00,0.0
2030-01-01 19:45:00,0.0
2030-01-01 20:00:00,0.0
2030-01-01 20:15:00,0.0
2030-01-01 20:30:00,0.0
2030-01-01 20:45:00,0.0
2030-01-01 21:00:00,0.0
2030-01-01 21:15:00,0.0
2030-01-01 21:30:00,0.0
2030-01-01 21:45:00,0.0
2030-01-01 22:00:00,0.0
2030-01-01 22:15:00,0.0
2030-01-01 22:30:00,0.0
2030-01-01 22:45:00,0.0
2030-01-01 23:00:00,0.0
2030-01-01 23:15:00,0.0
2030-01-01 23:30:00,0.0
2030-01-01 23:45:00,0.0
2030-01-02 00:00:00,0.0
2030-01-02 00:15:00,0.0
2030-01-02 00:30:00,0.0
2030-01-02 00:45:00,0.0
2030-01-02 01:00:00,0.0
2030-01-02 01:15:00,0.0
2030-01-02 01:30:00,0.0
2030-01-02 01:45:00,0.0
2030-01-02 02:00:00,0.0
2030-01-02 02:15:00,0.0
2030-01-02 02:30:00,0.0
2030-01-02 02:45:00,0.0
2030-01-02 03:00:00,0.0
2030-01-02 03:15:00,0.0
2030-01-02 03:30:00,0.0
2030-01-02 03:45:00,0.0
2030-01-02 04:00:00,0.0
2030-01-02 04:15:00,0.0
2030-01-02 04:30:00,0.0
2030-01-02 04:45:00,-3231.5380999271674
2030-01-02 05:00:00,-6475.943655478246
2030-01-02 05:15:00,-6177.00580877723
2030-01-02 05:30:00,-5957.01895010634
2030-01-02 05:45:00,-5768.46516317187
2030-01-02 06:00:00,-5411.194651084235
2030-01-02 06:15:00,-5348.80041713145
2030-01-02 06:30:00,-4955.262953344245
2030-01-02 06:45:00,-4738.721075016198
2030-01-02 07:00:00,-4427.154188663666
2030-01-02 07:15:00,-4130.7658855101545
2030-01-02 07:30:00,-3808.5627389
2030-01-02 07:45:00,-3822.9276656640723
2030-01-02 08:00:00,-3502.752796582561
2030-01-02 08:15:00,-3499.715243900064
2030-01-02 08:30:00,-3552.4522589864428
2030-01-02 08:45:00,-3832.9295567202826
2030-01-02 09:00:00,-4389.435419271031
2030-01-02 09:15:00,-4821.675801364727
2030-01-02 09:30:00,-4959.034274200811
2030-01-02 09:45:00,-4640.16320176264
2030-01-02 10:00:00,-4642.665832798131
2030-01-02 10:15:00,-5048.9077533606
2030-01-02 10:30:00,-4942.492599449961
2030-01-02 10:45:00,-5012.179904008452
2030-01-02 11:00:00,-5448.578935361569
2030-01-02 11:15:00,-5469.626442601708
2030-01-02 11:30:00,-5422.51319631717
2030-01-02 11:45:00,-5320.298347101147
2030-01-02 12:00:00,-5113.191640080593
2030-01-02 12:15:00,-5168.677147582817
2030-01-02 12:30:00,-5184.16619389108
2030-01-02 12:45:00,-5147.0009274218755
2030-01-02 13:00:00,-5130.2404283236065
2030-01-02 13:15:00,-4953.840989578555
2030-01-02 13:30:00,-4603.304966789205
2030-01-02 13:45:00,-4497.767281149394
2030-01-02 14:00:00,-4585.407693078123
2030-01-02 14:15:00,-4349.233561578007
2030-01-02 14:30:00,-3698.7811325244875
2030-01-02 14:45:00,-3038.22301560883
2030-01-02 15:00:00,-2042.5087508064535
2030-01-02 15:15:00,-1613.6763185675009
2030-01-02 15:30:00,-1326.2108464777302
2030-01-02 15:45:00,-1116.1705014054496
2030-01-02 16:00:00,-598.1934997525314
2030-01-02 16:15:00,-34.670899144588475
2030-01-02 16:30:00,0.0
2030-01-02 16:45:00,0.0
2030-01-02 17:00:00,0.0
2030-01-02 17:15:00,0.0
2030-01-02 17:30:00,0.0
2030-01-02 17:45:00,0.0
2030-01-02 18:00:00,0.0
2030-01-02 18:15:00,0.0
2030-01-02 18:30:00,0.0
2030-01-02 18:45:00,0.0
2030-01-02 19:00:00,0.0
2030-01-02 19:15:00,0.0
2030-01-02 19:30:00,0.0
2030-01-02 19:45:00,-323.30921772767033
2030-01-02 20:00:00,-876.9206853638498
2030-01-02 20:15:00,-1316.8947805016942
2030-01-02 20:30:00,-1707.916568724384
2030-01-02 20:45:00,-2029.6145276070129
2030-01-02 21:00:00,-1993.9465517340723
2030-01-02 21:15:00,-2137.9275270077815
2030-01-02 21:30:00,-2259.968903607878
2030-01-02 21:45:00,-2030.7628593665577
2030-01-02 22:00:00,-2054.9354223214796
2030-01-02 22:15:00,-2252.145173688379
2030-01-02 22:30:00,-2522.969244233198
2030-01-02 22:45:00,-2860.257807783004
2030-01-02 23:00:00,-3047.998866328133
2030-01-02 23:15:00,-3094.76227637762
2030-01-02 23:30:00,-3213.2612991883907
2030-01-02 23:45:00,-3355.4816351806257
2030-01-03 00:00:00,-3754.544077257102
2030-01-03 00:15:00,-4006.8812670299903
2030-01-03 00:30:00,-4194.785180104038
2030-01-03 00:45:00,-4196.844963756914
2030-01-03 01:00:00,-4228.338622849231
2030-01-03 01:15:00,-4347.860250780786
2030-01-03 01:30:00,-4248.0081270351475
2030-01-03 01:45:00,-4183.2491663036
2030-01-03 02:00:00,-4115.107802279284
2030-01-03 02:15:00,-3941.583276924881
2030-01-03 02:30:00,-3538.115365808899
2030-01-03 02:45:00,-3267.2138836707436
2030-01-03 03:00:00,-3102.4645318918756
2030-01-03 03:15:00,-3041.000240372179
2030-01-03 03:30:00,-2899.623587862534
2030-01-03 03:45:00,-2728.5608150667595
2030-01-03 04:00:00,-2273.3076385362256
2030-01-03 04:15:00,-1876.0801982112898
2030-01-03 04:30:00,-1448.0663490941442
2030-01-03 04:45:00,-1212.6403992572632
2030-01-03 05:00:00,-720.9416324627528
2030-01-03 05:15:00,-474.6763297967009
2030-01-03 05:30:00,-178.25121900115118
2030-01-03 05:45:00,0.0
2030-01-03 06:00:00,0.0
2030-01-03 06:15:00,0.0
2030-01-03 06:30:00,0.0
2030-01-03 06:45:00,0.0
2030-01-03 07:00:00,0.0
2030-01-03 07:15:00,0.0
2030-01-03 07:30:00,0.0
2030-01-03 07:45:00,0.0
2030-01-03 08:00:00,0.0
2030-01-03 08:15:00,0.0
2030-01-03 08:30:00,0.0
2030-01-03 08:45:00,0.0
2030-01-03 09:00:00,0.0
2030-01-03 09:15:00,0.0
2030-01-03 09:30:00,0.0
2030-01-03 09:45:00,0.0
2030-01-03 10:00:00,0.0
2030-01-03 10:15:00,0.0
2030-01-03 10:30:00,0.0
2030-01-03 10:45:00,0.0
2030-01-03 11:00:00,0.0
2030-01-03 11:15:00,0.0
2030-01-03 11:30:00,0.0
2030-01-03 11:45:00,0.0
2030-01-03 12:00:00,0.0
2030-01-03 12:15:00,0.0
2030-01-03 12:30:00,0.0
2030-01-03 12:45:00,0.0
2030-01-03 13:00:00,0.0
2030-01-03 13:15:00,0.0
2030-01-03 13:30:00,0.0
2030-01-03 13:45:00,0.0
2030-01-03 14:00:00,0.0
2030-01-03 14:15:00,0.0
2030-01-03 14:30:00,0.0
2030-01-03 14:45:00,0.0
2030-01-03 15:00:00,0.0
2030-01-03 15:15:00,0.0
2030-01-03 15:30:00,0.0
2030-01-03 15:45:00,0.0
2030-01-03 16:00:00,0.0
2030-01-03 16:15:00,0.0
2030-01-03 16:30:00,0.0
2030-01-03 16:45:00,0.0
2030-01-03 17:00:00,0.0
2030-01-03 17:15:00,0.0
2030-01-03 17:30:00,0.0
2030-01-03 17:45:00,0.0
2030-01-03 18:00:00,0.0
2030-01-03 18:15:00,0.0
2030-01-03 18:30:00,0.0
2030-01-03 18:45:00,0.0
2030-01-03 19:00:00,0.0
2030-01-03 19:15:00,0.0
2030-01-03 19:30:00,0.0
2030-01-03 19:45:00,0.0
2030-01-03 20:00:00,0.0
2030-01-03 20:15:00,0.0
2030-01-03 20:30:00,0.0
2030-01-03 20:45:00,0.0
2030-01-03 21:00:00,0.0
2030-01-03 21:15:00,0.0
2030-01-03 21:30:00,0.0
2030-01-03 21:45:00,0.0
2030-01-03 22:00:00,0.0
2030-01-03 22:15:00,0.0
2030-01-03 22:30:00,0.0
2030-01-03 22:45:00,0.0
2030-01-03 23:00:00,0.0
2030-01-03 23:15:00,0.0
2030-01-03 23:30:00,0.0
2030-01-03 23:45:00,0.0
2030-01-04 00:00:00,0.0
2030-01-04 00:15:00,0.0
2030-01-04 00:30:00,0.0
2030-01-04 00:45:00,0.0
2030-01-04 01:00:00,0.0
2030-01-04 01:15:00,0.0
2030-01-04 01:30:00,0.0
2030-01-04 01:45:00,0.0
2030-01-04 02:00:00,0.0
2030-01-04 02:15:00,0.0
2030-01-04 02:30:00,0.0
2030-01-04 02:45:00,0.0
2030-01-04 03:00:00,0.0
2030-01-04 03:15:00,0.0
2030-01-04 03:30:00,0.0
2030-01-04 03:45:00,0.0
2030-01-04 04:00:00,0.0
2030-01-04 04:15:00,0.0
2030-01-04 04:30:00,0.0
2030-01-04 04:45:00,0.0
2030-01-04 05:00:00,0.0
2030-01-04 05:15:00,0.0
2030-01-04 05:30:00,0.0
2030-01-04 05:45:00,0.0
2030-01-04 06:00:00,0.0
2030-01-04 06:15:00,0.0
2030-01-04 06:30:00,0.0
2030-01-04 06:45:00,0.0
2030-01-04 07:00:00,0.0
2030-01-04 07:15:00,0.0
2030-01-04 07:30:00,0.0
2030-01-04 07:45:00,0.0
2030-01-04 08:00:00,0.0
2030-01-04 08:15:00,0.0
2030-01-04 08:30:00,0.0
2030-01-04 08:45:00,0.0
2030-01-04 09:00:00,0.0
2030-01-04 09:15:00,0.0
2030-01-04 09:30:00,0.0
2030-01-04 09:45:00,0.0
2030-01-04 10:00:00,0.0
2030-01-04 10:15:00,0.0
2030-01-04 10:30:00,0.0
2030-01-04 10:45:00,0.0
2030-01-04 11:00:00,-762.4246326846624
2030-01-04 11:15:00,-7635.798010126815
2030-01-04 11:30:00,-7770.61906246479
2030-01-04 11:45:00,-8102.662129042412
2030-01-04 12:00:00,-8469.414725321407
2030-01-04 12:15:00,-8951.859007658506
2030-01-04 12:30:00,-9190.398995225733
2030-01-04 12:45:00,-9235.756249866248
2030-01-04 13:00:00,-9137.138403690653
2030-01-04 13:15:00,-9145.772430435718
2030-01-04 13:30:00,-9109.800982961995
2030-01-04 13:45:00,-9067.753642738808
2030-01-04 14:00:00,-8998.764540080068
2030-01-04 14:15:00,-8858.546901249127
2030-01-04 14:30:00,-8700.281217391388
2030-01-04 14:45:00,-8524.022509666574
2030-01-04 15:00:00,-8485.983313604025
2030-01-04 15:15:00,-8322.768007825802
2030-01-04 15:30:00,-8426.25333015262
2030-01-04 15:45:00,-8655.21125425955
2030-01-04 16:00:00,-8541.375162325283
2030-01-04 16:15:00,-8379.516015341982
2030-01-04 16:30:00,-8130.862316084
2030-01-04 16:45:00,-8056.068441068226
2030-01-04 17:00:00,-7868.162765377398
2030-01-04 17:15:00,-7772.622610951319
2030-01-04 17:30:00,-7585.152874799369
2030-01-04 17:45:00,-7303.062338300482
2030-01-04 18:00:00,-6957.292666781079
2030-01-04 18:15:00,-6648.044653551813
2030-01-04 18:30:00,-6589.062500969303
2030-01-04 18:45:00,-6446.179747410122
2030-01-04 19:00:00,-6135.32289775736
2030-01-04 19:15:00,-6207.639708682815
2030-01-04 19:30:00,-6303.135887639073
2030-01-04 19:45:00,-6341.7871502698945
2030-01-04 20:00:00,-6615.218574891573
2030-01-04 20:15:00,-6883.464913043368
2030-01-04 20:30:00,-6834.502462035474
2030-01-04 20:45:00,-6914.087106576146
2030-01-04 21:00:00,-6537.804924311
2030-01-04 21:15:00,-6425.934001196609
2030-01-04 21:30:00,-6460.270833018432
2030-01-04 21:45:00,-6326.071068846875
2030-01-04 22:00:00,-5716.316988941526
2030-01-04 22:15:00,-5873.251054061424
2030-01-04 22:30:00,-6241.620252316061
2030-01-04 22:45:00,-6434.669140462731
2030-01-04 23:00:00,-6455.855284324833
2030-01-04 23:15:00,-6243.808639798684
2030-01-04 23:30:00,-6223.503864151
2030-01-04 23:45:00,-6594.915928171435
2030-01-05 00:00:00,-6190.336990154097
2030-01-05 00:15:00,-5570.303412125802
2030-01-05 00:30:00,-5252.047236487771
2030-01-05 00:45:00,-5003.012297458776
2030-01-05 01:00:00,-5263.414096200515
2030-01-05 01:15:00,-5331.198842121199
2030-01-05 01:30:00,-5292.064266832795
2030-01-05 01:45:00,-4912.393641147588
2030-01-05 02:00:00,-4534.704014999352
2030-01-05 02:15:00,-4342.319818246058
2030-01-05 02:30:00,-4542.556649028007
2030-01-05 02:45:00,-4533.89147942992
2030-01-05 03:00:00,-4324.540080836483
2030-01-05 03:15:00,-4353.543184629139
2030-01-05 03:30:00,-4252.541148727607
2030-01-05 03:45:00,-4118.567065919393
2030-01-05 04:00:00,-4512.940076692543
2030-01-05 04:15:00,-5099.221171000383
2030-01-05 04:30:00,-5406.311866492382
2030-01-05 04:45:00,-5684.759948133422
2030-01-05 05:00:00,-6237.895589832955
2030-01-05 05:15:00,-6507.496979030573
2030-01-05 05:30:00,-6372.9184801649535
2030-01-05 05:45:00,-6287.305520816066
2030-01-05 06:00:00,-5639.248964366638
2030-01-05 06:15:00,-5571.743914639672
2030-01-05 06:30:00,-5323.644342960433
2030-01-05 06:45:00,-4829.392451848584
2030-01-05 07:00:00,-3700.636128693801
2030-01-05 07:15:00,-3574.6415962537176
2030-01-05 07:30:00,-3427.4155115784197
2030-01-05 07:45:00,-3090.3494638656994
2030-01-05 08:00:00,-2619.929558418433
2030-01-05 08:15:00,-2719.7964219752394
2030-01-05 08:30:00,-2653.570184293061
2030-01-05 08:45:00,-2550.7303780576913
2030-01-05 09:00:00,-2758.6969720270863
2030-01-05 09:15:00,-2858.1918852755407
2030-01-05 09:30:00,-3137.7397383969546
2030-01-05 09:45:00,-3486.405796995161
2030-01-05 10:00:00,-3759.195798605244
2030-01-05 10:15:00,-4360.435323781647
2030-01-05 10:30:00,-5018.116668142557
2030-01-05 10:45:00,-5119.902867084846
2030-01-05 11:00:00,-5266.213218744499
2030-01-05 11:15:00,-5315.571216775927
2030-01-05 11:30:00,-5093.566111025899
2030-01-05 11:45:00,-5142.446687203443
2030-01-05 12:00:00,-4603.126833670587
2030-01-05 12:15:00,-3985.0166536383476
2030-01-05 12:30:00,-3233.240162772996
2030-01-05 12:45:00,-2686.981848871328
2030-01-05 13:00:00,-2417.5022202037217
2030-01-05 13:15:00,-1983.8155523606983
2030-01-05 13:30:00,-1636.2980462743108
2030-01-05 13:45:00,-1381.61266262762
2030-01-05 14:00:00,-555.619435879933
2030-01-05 14:15:00,0.0
2030-01-05 14:30:00,0.0
2030-01-05 14:45:00,0.0
2030-01-05 15:00:00,0.0
2030-01-05 15:15:00,0.0
2030-01-05 15:30:00,0.0
2030-01-05 15:45:00,0.0
2030-01-05 16:00:00,0.0
2030-01-05 16:15:00,0.0
2030-01-05 16:30:00,0.0
2030-01-05 16:45:00,0.0
2030-01-05 17:00:00,0.0
2030-01-05 17:15:00,0.0
2030-01-05 17:30:00,0.0
2030-01-05 17:45:00,0.0
2030-01-05 18:00:00,0.0
2030-01-05 18:15:00,0.0
2030-01-05 18:30:00,0.0
2030-01-05 18:45:00,0.0
2030-01-05 19:00:00,0.0
2030-01-05 19:15:00,0.0
2030-01-05 19:30:00,0.0
2030-01-05 19:45:00,0.0
2030-01-05 20:00:00,0.0
2030-01-05 20:15:00,0.0
2030-01-05 20:30:00,0.0
2030-01-05 20:45:00,0.0
2030-01-05 21:00:00,0.0
2030-01-05 21:15:00,0.0
2030-01-05 21:30:00,0.0
2030-01-05 21:45:00,0.0
2030-01-05 22:00:00,0.0
2030-01-05 22:15:00,0.0
2030-01-05 22:30:00,0.0
2030-01-05 22:45:00,0.0
2030-01-05 23:00:00,0.0
2030-01-05 23:15:00,0.0
2030-01-05 23:30:00,0.0
2030-01-05 23:45:00,0.0
2030-01-06 00:00:00,0.0
2030-01-06 00:15:00,0.0
2030-01-06 00:30:00,0.0
2030-01-06 00:45:00,0.0
2030-01-06 01:00:00,0.0
2030-01-06 01:15:00,0.0
2030-01-06 01:30:00,0.0
2030-01-06 01:45:00,0.0
2030-01-06 02:00:00,0.0
2030-01-06 02:15:00,0.0
2030-01-06 02:30:00,0.0
2030-01-06 02:45:00,0.0
2030-01-06 03:00:00,0.0
2030-01-06 03:15:00,0.0
2030-01-06 03:30:00,0.0
2030-01-06 03:45:00,0.0
2030-01-06 04:00:00,0.0
2030-01-06 04:15:00,0.0
2030-01-06 04:30:00,0.0
2030-01-06 04:45:00,0.0
2030-01-06 05:00:00,0.0
2030-01-06 05:15:00,0.0
2030-01-06 05:30:00,0.0
2030-01-06 05:45:00,0.0
2030-01-06 06:00:00,0.0
2030-01-06 06:15:00,0.0
2030-01-06 06:30:00,0.0
2030-01-06 06:45:00,0.0
2030-01-06 07:00:00,0.0
2030-01-06 07:15:00,0.0
2030-01-06 07:30:00,0.0
2030-01-06 07:45:00,0.0
2030-01-06 08:00:00,0.0
2030-01-06 08:15:00,0.0
2030-01-06 08:30:00,0.0
2030-01-06 08:45:00,0.0
2030-01-06 09:00:00,0.0
2030-01-06 09:15:00,0.0
2030-01-06 09:30:00,0.0
2030-01-06 09:45:00,0.0
2030-01-06 10:00:00,0.0
2030-01-06 10:15:00,0.0
2030-01-06 10:30:00,0.0
2030-01-06 10:45:00,0.0
2030-01-06 11:00:00,0.0
2030-01-06 11:15:00,0.0
2030-01-06 11:30:00,0.0
2030-01-06 11:45:00,0.0
2030-01-06 12:00:00,0.0
2030-01-06 12:15:00,0.0
2030-01-06 12:30:00,0.0
2030-01-06 12:45:00,0.0
2030-01-06 13:00:00,-2168.566381318
2030-01-06 13:15:00,-8876.47659056708
2030-01-06 13:30:00,-8706.38996610371
2030-01-06 13:45:00,-8340.803167351372
2030-01-06 14:00:00,-7221.145749330495
2030-01-06 14:15:00,-6387.052611007406
2030-01-06 14:30:00,-5739.907779926987
2030-01-06 14:45:00,-4832.0092989818295
2030-01-06 15:00:00,-3753.0259760171393
2030-01-06 15:15:00,-2949.7421354673206
2030-01-06 15:30:00,-2052.134016487471
2030-01-06 15:45:00,-1263.4654797230942
2030-01-06 16:00:00,-493.2113223004926
2030-01-06 16:15:00,-101.03089276258106
2030-01-06 16:30:00,0.0
2030-01-06 16:45:00,0.0
2030-01-06 17:00:00,0.0
2030-01-06 17:15:00,0.0
2030-01-06 17:30:00,0.0
2030-01-06 17:45:00,0.0
2030-01-06 18:00:00,0.0
2030-01-06 18:15:00,0.0
2030-01-06 18:30:00,0.0
2030-01-06 18:45:00,0.0
2030-01-06 19:00:00,0.0
2030-01-06 19:15:00,0.0
2030-01-06 19:30:00,0.0
2030-01-06 19:45:00,0.0
2030-01-06 20:00:00,0.0
2030-01-06 20:15:00,0.0
2030-01-06 20:30:00,0.0
2030-01-06 20:45:00,0.0
2030-01-06 21:00:00,0.0
2030-01-06 21:15:00,0.0
2030-01-06 21:30:00,0.0
2030-01-06 21:45:00,0.0
2030-01-06 22:00:00,0.0
2030-01-06 22:15:00,0.0
2030-01-06 22:30:00,0.0
2030-01-06 22:45:00,0.0
2030-01-06 23:00:00,0.0
2030-01-06 23:15:00,0.0
2030-01-06 23:30:00,0.0
2030-01-06 23:45:00,0.0
2030-01-07 00:00:00,0.0
2030-01-07 00:15:00,0.0
2030-01-07 00:30:00,0.0
2030-01-07 00:45:00,0.0
2030-01-07 01:00:00,0.0
2030-01-07 01:15:00,0.0
2030-01-07 01:30:00,0.0
2030-01-07 01:45:00,0.0
2030-01-07 02:00:00,0.0
2030-01-07 02:15:00,0.0
2030-01-07 02:30:00,0.0
2030-01-07 02:45:00,0.0
2030-01-07 03:00:00,0.0
2030-01-07 03:15:00,0.0
2030-01-07 03:30:00,0.0
2030-01-07 03:45:00,0.0
2030-01-07 04:00:00,0.0
2030-01-07 04:15:00,0.0
2030-01-07 04:30:00,0.0
2030-01-07 04:45:00,0.0
2030-01-07 05:00:00,0.0
2030-01-07 05:15:00,0.0
2030-01-07 05:30:00,0.0
2030-01-07 05:45:00,0.0
2030-01-07 06:00:00,0.0
2030-01-07 06:15:00,0.0
2030-01-07 06:30:00,0.0
2030-01-07 06:45:00,0.0
2030-01-07 07:00:00,0.0
2030-01-07 07:15:00,0.0
2030-01-07 07:30:00,0.0
2030-01-07 07:45:00,0.0
2030-01-07 08:00:00,0.0
2030-01-07 08:15:00,0.0
2030-01-07 08:30:00,0.0
2030-01-07 08:45:00,0.0
2030-01-07 09:00:00,0.0
2030-01-07 09:15:00,0.0
2030-01-07 09:30:00,0.0
2030-01-07 09:45:00,0.0
2030-01-07 10:00:00,0.0
2030-01-07 10:15:00,0.0
2030-01-07 10:30:00,0.0
2030-01-07 10:45:00,0.0
2030-01-07 11:00:00,0.0
2030-01-07 11:15:00,0.0
2030-01-07 11:30:00,0.0
2030-01-07 11:45:00,0.0
2030-01-07 12:00:00,0.0
2030-01-07 12:15:00,0.0
2030-01-07 12:30:00,0.0
2030-01-07 12:45:00,0.0
2030-01-07 13:00:00,0.0
2030-01-07 13:15:00,0.0
2030-01-07 13:30:00,0.0
2030-01-07 13:45:00,0.0
2030-01-07 14:00:00,0.0
2030-01-07 14:15:00,0.0
2030-01-07 14:30:00,0.0
2030-01-07 14:45:00,0.0
2030-01-07 15:00:00,0.0
2030-01-07 15:15:00,0.0
2030-01-07 15:30:00,0.0
2030-01-07 15:45:00,0.0
2030-01-07 16:00:00,0.0
2030-01-07 16:15:00,0.0
2030-01-07 16:30:00,0.0
2030-01-07 16:45:00,0.0
2030-01-07 17:00:00,0.0
2030-01-07 17:15:00,0.0
2030-01-07 17:30:00,0.0
2030-01-07 17:45:00,0.0
2030-01-07 18:00:00,0.0
2030-01-07 18:15:00,0.0
2030-01-07 18:30:00,0.0
2030-01-07 18:45:00,0.0
2030-01-07 19:00:00,0.0
2030-01-07 19:15:00,0.0
2030-01-07 19:30:00,0.0
2030-01-07 19:45:00,0.0
2030-01-07 20:00:00,0.0
2030-01-07 20:15:00,0.0
2030-01-07 20:30:00,0.0
2030-01-07 20:45:00,0.0
2030-01-07 21:00:00,0.0
2030-01-07 21:15:00,0.0
2030-01-07 21:30:00,0.0
2030-01-07 21:45:00,0.0
2030-01-07 22:00:00,0.0
2030-01-07 22:15:00,0.0
2030-01-07 22:30:00,0.0
2030-01-07 22:45:00,0.0
2030-01-07 23:00:00,0.0
2030-01-07 23:15:00,0.0
2030-01-07 23:30:00,-5006.469646338093
2030-01-07 23:45:00,-5246.326634042638
2030-01-08 00:00:00,-5555.24189724524
2030-01-08 00:15:00,-5684.791345244888
2030-01-08 00:30:00,-5691.840941099024
2030-01-08 00:45:00,-5637.848406771311
2030-01-08 01:00:00,-5819.4585353954535
2030-01-08 01:15:00,-5964.154113639315
2030-01-08 01:30:00,-5832.081772300142
2030-01-08 01:45:00,-5790.403286402026
2030-01-08 02:00:00,-5810.161007167269
2030-01-08 02:15:00,-5678.585703573142
2030-01-08 02:30:00,-5540.953303925748
2030-01-08 02:45:00,-5321.3964421433375
2030-01-08 03:00:00,-5032.806203082675
2030-01-08 03:15:00,-4826.260954582671
2030-01-08 03:30:00,-4689.590178691475
2030-01-08 03:45:00,-4554.472585765856
2030-01-08 04:00:00,-4431.330948230156
2030-01-08 04:15:00,-4545.46223807051
2030-01-08 04:30:00,-4565.401075205564
2030-01-08 04:45:00,-4682.490426485851
2030-01-08 05:00:00,-4619.750077687058
2030-01-08 05:15:00,-4419.998645573676
2030-01-08 05:30:00,-4259.768853963511
2030-01-08 05:45:00,-4120.349040371917
2030-01-08 06:00:00,-3986.2424297925245
2030-01-08 06:15:00,-3824.2882090605854
2030-01-08 06:30:00,-3642.5686299462814
2030-01-08 06:45:00,-3598.9562984746262
2030-01-08 07:00:00,-3688.142720565178
2030-01-08 07:15:00,-3782.601218243308
2030-01-08 07:30:00,-4003.093262946266
2030-01-08 07:45:00,-4092.569019926821
2030-01-08 08:00:00,-3917.028227791554
2030-01-08 08:15:00,-3702.8369669495423
2030-01-08 08:30:00,-3673.519858509633
2030-01-08 08:45:00,-3762.018979811135
2030-01-08 09:00:00,-4287.156852302538
2030-01-08 09:15:00,-4611.110285644831
2030-01-08 09:30:00,-4807.7246836266095
2030-01-08 09:45:00,-5431.571785193835
2030-01-08 10:00:00,-5714.54297063456
2030-01-08 10:15:00,-5872.9522245924345
2030-01-08 10:30:00,-6212.034664332743
2030-01-08 10:45:00,-6409.241654366408
2030-01-08 11:00:00,-6399.389467295878
2030-01-08 11:15:00,-6551.926893975182
2030-01-08 11:30:00,-6633.045088501232
2030-01-08 11:45:00,-6535.144413761085
2030-01-08 12:00:00,-6848.648749518161
2030-01-08 12:15:00,-6940.952746728442
2030-01-08 12:30:00,-6725.585570695763
2030-01-08 12:45:00,-6564.167816352347
2030-01-08 13:00:00,-6023.27634121562
2030-01-08 13:15:00,-5492.108974662024
2030-01-08 13:30:00,-5302.726121876705
2030-01-08 13:45:00,-4922.859164904639
2030-01-08 14:00:00,-4344.769893778415
2030-01-08 14:15:00,-3558.286280365366
2030-01-08 14:30:00,-3044.4276686167723
2030-01-08 14:45:00,-1948.4185508729242
2030-01-08 15:00:00,-522.8241924597314
2030-01-08 15:15:00,0.0
2030-01-08 15:30:00,0.0
2030-01-08 15:45:00,0.0
2030-01-08 16:00:00,0.0
2030-01-08 16:15:00,0.0
2030-01-08 16:30:00,0.0
2030-01-08 16:45:00,0.0
2030-01-08 17:00:00,0.0
2030-01-08 17:15:00,0.0
2030-01-08 17:30:00,0.0
2030-01-08 17:45:00,0.0
2030-01-08 18:00:00,0.0
2030-01-08 18:15:00,0.0
2030-01-08 18:30:00,0.0
2030-01-08 18:45:00,0.0
2030-01-08 19:00:00,0.0
2030-01-08 19:15:00,0.0
2030-01-08 19:30:00,0.0
2030-01-08 19:45:00,0.0
2030-01-08 20:00:00,0.0
2030-01-08 20:15:00,0.0
2030-01-08 20:30:00,0.0
2030-01-08 20:45:00,0.0
2030-01-08 21:00:00,0.0
2030-01-08 21:15:00,0.0
2030-01-08 21:30:00,0.0
2030-01-08 21:45:00,0.0
2030-01-08 22:00:00,0.0
2030-01-08 22:15:00,0.0
2030-01-08 22:30:00,0.0
2030-01-08 22:45:00,0.0
2030-01-08 23:00:00,0.0
2030-01-08 23:15:00,0.0
2030-01-08 23:30:00,0.0
2030-01-08 23:45:00,0.0
2030-01-09 00:00:00,0.0
2030-01-09 00:15:00,0.0
2030-01-09 00:30:00,0.0
2030-01-09 00:45:00,0.0
2030-01-09 01:00:00,0.0
2030-01-09 01:15:00,0.0
2030-01-09 01:30:00,0.0
2030-01-09 01:45:00,0.0
2030-01-09 02:00:00,0.0
2030-01-09 02:15:00,0.0
2030-01-09 02:30:00,0.0
2030-01-09 02:45:00,0.0
2030-01-09 03:00:00,0.0
2030-01-09 03:15:00,0.0
2030-01-09 03:30:00,0.0
2030-01-09 03:45:00,0.0
2030-01-09 04:00:00,0.0
2030-01-09 04:15:00,0.0
2030-01-09 04:30:00,0.0
2030-01-09 04:45:00,0.0
2030-01-09 05:00:00,0.0
2030-01-09 05:15:00,0.0
2030-01-09 05:30:00,0.0
2030-01-09 05:45:00,0.0
2030-01-09 06:00:00,0.0
2030-01-09 06:15:00,0.0
2030-01-09 06:30:00,0.0
2030-01-09 06:45:00,0.0
2030-01-09 07:00:00,0.0
2030-01-09 07:15:00,0.0
2030-01-09 07:30:00,0.0
2030-01-09 07:45:00,0.0
2030-01-09 08:00:00,0.0
2030-01-09 08:15:00,0.0
2030-01-09 08:30:00,0.0
2030-01-09 08:45:00,0.0
2030-01-09 09:00:00,0.0
2030-01-09 09:15:00,0.0
2030-01-09 09:30:00,0.0
2030-01-09 09:45:00,0.0
2030-01-09 10:00:00,0.0
2030-01-09 10:15:00,0.0
2030-01-09 10:30:00,0.0
2030-01-09 10:45:00,0.0
2030-01-09 11:00:00,0.0
2030-01-09 11:15:00,0.0
2030-01-09 11:30:00,0.0
2030-01-09 11:45:00,0.0
2030-01-09 12:00:00,0.0
2030-01-09 12:15:00,0.0
2030-01-09 12:30:00,0.0
2030-01-09 12:45:00,0.0
2030-01-09 13:00:00,0.0
2030-01-09 13:15:00,0.0
2030-01-09 13:30:00,0.0
2030-01-09 13:45:00,0.0
2030-01-09 14:00:00,0.0
2030-01-09 14:15:00,0.0
2030-01-09 14:30:00,0.0
2030-01-09 14:45:00,0.0
2030-01-09 15:00:00,0.0
2030-01-09 15:15:00,0.0
2030-01-09 15:30:00,0.0
2030-01-09 15:45:00,0.0
2030-01-09 16:00:00,0.0
2030-01-09 16:15:00,0.0
2030-01-09 16:30:00,0.0
2030-01-09 16:45:00,0.0
2030-01-09 17:00:00,0.0
2030-01-09 17:15:00,0.0
2030-01-09 17:30:00,0.0
2030-01-09 17:45:00,0.0
2030-01-09 18:00:00,0.0
2030-01-09 18:15:00,0.0
2030-01-09 18:30:00,0.0
2030-01-09 18:45:00,0.0
2030-01-09 19:00:00,0.0
2030-01-09 19:15:00,0.0
2030-01-09 19:30:00,4258.7357052884945
2030-01-09 19:45:00,0.0
2030-01-09 20:00:00,0.0
2030-01-09 20:15:00,0.0
2030-01-09 20:30:00,0.0
2030-01-09 20:45:00,0.0
2030-01-09 21:00:00,0.0
2030-01-09 21:15:00,0.0
2030-01-09 21:30:00,0.0
2030-01-09 21:45:00,0.0
2030-01-09 22:00:00,0.0
2030-01-09 22:15:00,0.0
2030-01-09 22:30:00,0.0
2030-01-09 22:45:00,0.0
2030-01-09 23:00:00,0.0
2030-01-09 23:15:00,0.0
2030-01-09 23:30:00,0.0
2030-01-09 23:45:00,0.0
2030-01-10 00:00:00,0.0
2030-01-10 00:15:00,0.0
2030-01-10 00:30:00,0.0
2030-01-10 00:45:00,0.0
2030-01-10 01:00:00,0.0
2030-01-10 01:15:00,0.0
2030-01-10 01:30:00,0.0
2030-01-10 01:45:00,0.0
2030-01-10 02:00:00,0.0
2030-01-10 02:15:00,0.0
2030-01-10 02:30:00,0.0
2030-01-10 02:45:00,0.0
2030-01-10 03:00:00,0.0
2030-01-10 03:15:00,0.0
2030-01-10 03:30:00,0.0
2030-01-10 03:45:00,0.0
2030-01-10 04:00:00,0.0
2030-01-10 04:15:00,0.0
2030-01-10 04:30:00,0.0
2030-01-10 04:45:00,0.0
2030-01-10 05:00:00,0.0
2030-01-10 05:15:00,0.0
2030-01-10 05:30:00,0.0
2030-01-10 05:45:00,0.0
2030-01-10 06:00:00,0.0
2030-01-10 06:15:00,0.0
2030-01-10 06:30:00,0.0
2030-01-10 06:45:00,0.0
2030-01-10 07:00:00,0.0
2030-01-10 07:15:00,0.0
2030-01-10 07:30:00,0.0
2030-01-10 07:45:00,0.0
2030-01-10 08:00:00,0.0
2030-01-10 08:15:00,0.0
2030-01-10 08:30:00,0.0
2030-01-10 08:45:00,0.0
2030-01-10 09:00:00,0.0
2030-01-10 09:15:00,0.0
2030-01-10 09:30:00,0.0
2030-01-10 09:45:00,0.0
2030-01-10 10:00:00,0.0
2030-01-10 10:15:00,0.0
2030-01-10 10:30:00,0.0
2030-01-10 10:45:00,0.0
2030-01-10 11:00:00,0.0
2030-01-10 11:15:00,0.0
2030-01-10 11:30:00,0.0
2030-01-10 11:45:00,0.0
2030-01-10 12:00:00,0.0
2030-01-10 12:15:00,0.0
2030-01-10 12:30:00,0.0
2030-01-10 12:45:00,0.0
2030-01-10 13:00:00,0.0
2030-01-10 13:15:00,0.0
2030-01-10 13:30:00,0.0
2030-01-10 13:45:00,0.0
2030-01-10 14:00:00,0.0
2030-01-10 14:15:00,0.0
2030-01-10 14:30:00,0.0
2030-01-10 14:45:00,0.0
2030-01-10 15:00:00,0.0
2030-01-10 15:15:00,0.0
2030-01-10 15:30:00,0.0
2030-01-10 15:45:00,0.0
2030-01-10 16:00:00,0.0
2030-01-10 16:15:00,0.0
2030-01-10 16:30:00,0.0
2030-01-10 16:45:00,0.0
2030-01-10 17:00:00,1486.9237218130256
2030-01-10 17:15:00,0.0
2030-01-10 17:30:00,0.0
2030-01-10 17:45:00,0.0
2030-01-10 18:00:00,0.0
2030-01-10 18:15:00,0.0
2030-01-10 18:30:00,0.0
2030-01-10 18:45:00,0.0
2030-01-10 19:00:00,0.0
2030-01-10 19:15:00,0.0
2030-01-10 19:30:00,0.0
2030-01-10 19:45:00,0.0
2030-01-10 20:00:00,0.0
2030-01-10 20:15:00,0.0
2030-01-10 20:30:00,0.0
2030-01-10 20:45:00,0.0
2030-01-10 21:00:00,0.0
2030-01-10 21:15:00,0.0
2030-01-10 21:30:00,0.0
2030-01-10 21:45:00,0.0
2030-01-10 22:00:00,0.0
2030-01-10 22:15:00,0.0
2030-01-10 22:30:00,0.0
2030-01-10 22:45:00,0.0
2030-01-10 23:00:00,0.0
2030-01-10 23:15:00,0.0
2030-01-10 23:30:00,0.0
2030-01-10 23:45:00,0.0
2030-01-11 00:00:00,0.0
2030-01-11 00:15:00,0.0
2030-01-11 00:30:00,0.0
2030-01-11 00:45:00,0.0
2030-01-11 01:00:00,0.0
2030-01-11 01:15:00,0.0
2030-01-11 01:30:00,0.0
2030-01-11 01:45:00,0.0
2030-01-11 02:00:00,0.0
2030-01-11 02:15:00,0.0
2030-01-11 02:30:00,0.0
2030-01-11 02:45:00,0.0
2030-01-11 03:00:00,0.0
2030-01-11 03:15:00,0.0
2030-01-11 03:30:00,0.0
2030-01-11 03:45:00,0.0
2030-01-11 04:00:00,0.0
2030-01-11 04:15:00,0.0
2030-01-11 04:30:00,0.0
2030-01-11 04:45:00,0.0
2030-01-11 05:00:00,0.0
2030-01-11 05:15:00,0.0
2030-01-11 05:30:00,0.0
2030-01-11 05:45:00,0.0
2030-01-11 06:00:00,0.0
2030-01-11 06:15:00,0.0
2030-01-11 06:30:00,0.0
2030-01-11 06:45:00,0.0
2030-01-11 07:00:00,0.0
2030-01-11 07:15:00,0.0
2030-01-11 07:30:00,0.0
2030-01-11 07:45:00,0.0
2030-01-11 08:00:00,0.0
2030-01-11 08:15:00,0.0
2030-01-11 08:30:00,0.0
2030-01-11 08:45:00,0.0
2030-01-11 09:00:00,0.0
2030-01-11 09:15:00,0.0
2030-01-11 09:30:00,0.0
2030-01-11 09:45:00,0.0
2030-01-11 10:00:00,0.0
2030-01-11 10:15:00,0.0
2030-01-11 10:30:00,0.0
2030-01-11 10:45:00,0.0
2030-01-11 11:00:00,0.0
2030-01-11 11:15:00,0.0
2030-01-11 11:30:00,0.0
2030-01-11 11:45:00,0.0
2030-01-11 12:00:00,0.0
2030-01-11 12:15:00,0.0
2030-01-11 12:30:00,0.0
2030-01-11 12:45:00,0.0
2030-01-11 13:00:00,0.0
2030-01-11 13:15:00,0.0
2030-01-11 13:30:00,0.0
2030-01-11 13:45:00,0.0
2030-01-11 14:00:00,0.0
2030-01-11 14:15:00,0.0
2030-01-11 14:30:00,0.0
2030-01-11 14:45:00,0.0
2030-01-11 15:00:00,0.0
2030-01-11 15:15:00,0.0
2030-01-11 15:30:00,0.0
2030-01-11 15:45:00,0.0
2030-01-11 16:00:00,0.0
2030-01-11 16:15:00,0.0
2030-01-11 16:30:00,0.0
2030-01-11 16:45:00,0.0
2030-01-11 17:00:00,0.0
2030-01-11 17:15:00,0.0
2030-01-11 17:30:00,0.0
2030-01-11 17:45:00,0.0
2030-01-11 18:00:00,0.0
2030-01-11 18:15:00,0.0
2030-01-11 18:30:00,0.0
2030-01-11 18:45:00,0.0
2030-01-11 19:00:00,0.0
2030-01-11 19:15:00,0.0
2030-01-11 19:30:00,0.0
2030-01-11 19:45:00,0.0
2030-01-11 20:00:00,0.0
2030-01-11 20:15:00,0.0
2030-01-11 20:30:00,0.0
2030-01-11 20:45:00,0.0
2030-01-11 21:00:00,0.0
2030-01-11 21:15:00,0.0
2030-01-11 21:30:00,0.0
2030-01-11 21:45:00,0.0
2030-01-11 22:00:00,0.0
2030-01-11 22:15:00,0.0
2030-01-11 22:30:00,0.0
2030-01-11 22:45:00,0.0
2030-01-11 23:00:00,0.0
2030-01-11 23:15:00,0.0
2030-01-11 23:30:00,0.0
2030-01-11 23:45:00,0.0
2030-01-12 00:00:00,0.0
2030-01-12 00:15:00,0.0
2030-01-12 00:30:00,0.0
2030-01-12 00:45:00,0.0
2030-01-12 01:00:00,0.0
2030-01-12 01:15:00,0.0
2030-01-12 01:30:00,0.0
2030-01-12 01:45:00,0.0
2030-01-12 02:00:00,0.0
2030-01-12 02:15:00,0.0
2030-01-12 02:30:00,0.0
2030-01-12 02:45:00,0.0
2030-01-12 03:00:00,0.0
2030-01-12 03:15:00,0.0
2030-01-12 03:30:00,0.0
2030-01-12 03:45:00,0.0
2030-01-12 04:00:00,0.0
2030-01-12 04:15:00,0.0
2030-01-12 04:30:00,0.0
2030-01-12 04:45:00,0.0
2030-01-12 05:00:00,0.0
2030-01-12 05:15:00,0.0
2030-01-12 05:30:00,0.0
2030-01-12 05:45:00,0.0
2030-01-12 06:00:00,0.0
2030-01-12 06:15:00,0.0
2030-01-12 06:30:00,0.0
2030-01-12 06:45:00,0.0
2030-01-12 07:00:00,-3699.5695567789626
2030-01-12 07:15:00,-5249.513451345356
2030-01-12 07:30:00,-5464.788551770649
2030-01-12 07:45:00,-5270.132604279232
2030-01-12 08:00:00,-5139.297372969777
2030-01-12 08:15:00,-5197.22131552306
2030-01-12 08:30:00,-5142.1844904447535
2030-01-12 08:45:00,-5285.001562704623
2030-01-12 09:00:00,-5399.709627087668
2030-01-12 09:15:00,-5942.875637264129
2030-01-12 09:30:00,-6519.658985988059
2030-01-12 09:45:00,-6889.929938562174
2030-01-12 10:00:00,-7203.407211238537
2030-01-12 10:15:00,-7511.798026500164
2030-01-12 10:30:00,-7728.6462577852035
2030-01-12 10:45:00,-7909.519435872735
2030-01-12 11:00:00,-8060.029649005763
2030-01-12 11:15:00,-8341.638047654113
2030-01-12 11:30:00,-8453.659560923312
2030-01-12 11:45:00,-8644.484689410616
2030-01-12 12:00:00,-9095.682501525378
2030-01-12 12:15:00,-9240.607801163966
2030-01-12 12:30:00,-9202.679445781749
2030-01-12 12:45:00,-9136.866902632384
2030-01-12 13:00:00,-8726.162254538103
2030-01-12 13:15:00,-8921.505979599493
2030-01-12 13:30:00,-8475.010640831642
2030-01-12 13:45:00,-8018.040380856204
2030-01-12 14:00:00,-7713.416864413226
2030-01-12 14:15:00,-7267.214258272201
2030-01-12 14:30:00,-6890.993470297213
2030-01-12 14:45:00,-6780.391485956243
2030-01-12 15:00:00,-5831.401501615343
2030-01-12 15:15:00,-5484.756816854431
2030-01-12 15:30:00,-4638.937622173882
2030-01-12 15:45:00,-3825.990033086993
2030-01-12 16:00:00,-2968.0081524479574
2030-01-12 16:15:00,-2101.2903184854804
2030-01-12 16:30:00,-1681.3332686242502
2030-01-12 16:45:00,-1653.0531511312583
2030-01-12 17:00:00,-1103.8858438428942
2030-01-12 17:15:00,-902.440951427845
2030-01-12 17:30:00,-527.1711092221194
2030-01-12 17:45:00,-398.7908540172102
2030-01-12 18:00:00,-501.63978520832825
2030-01-12 18:15:00,-642.0089734680114
2030-01-12 18:30:00,-649.0035488395952
2030-01-12 18:45:00,-696.2202779407307
2030-01-12 19:00:00,-646.1558954991488
2030-01-12 19:15:00,-1267.1652091531287
2030-01-12 19:30:00,-1812.0834262043027
2030-01-12 19:45:00,-2781.26423574422
2030-01-12 20:00:00,-3731.371488591849
2030-01-12 20:15:00,-4914.369897059936
2030-01-12 20:30:00,-5992.8294733324
2030-01-12 20:45:00,-7245.752215725544
2030-01-12 21:00:00,-8178.697916932146
2030-01-12 21:15:00,-8869.046341699963
2030-01-12 21:30:00,-9244.007371343228
2030-01-12 21:45:00,-9529.000814170307
2030-01-12 22:00:00,-9292.733174380814
2030-01-12 22:15:00,-9425.592363925502
2030-01-12 22:30:00,-9449.08248263465
2030-01-12 22:45:00,-9867.707843834945
2030-01-12 23:00:00,-9730.690710715699
2030-01-12 23:15:00,-9397.510621021236
2030-01-12 23:30:00,-9649.855884705856
2030-01-12 23:45:00,-9623.113899499236
2030-01-13 00:00:00,-9414.220587556025
2030-01-13 00:15:00,-9124.175670860746
2030-01-13 00:30:00,-8993.887444921478
2030-01-13 00:45:00,-8848.665917010694
2030-01-13 01:00:00,-8714.111418471872
2030-01-13 01:15:00,-8749.776372341043
2030-01-13 01:30:00,-8471.797748636152
2030-01-13 01:45:00,-8257.541550486341
2030-01-13 02:00:00,-7712.848874628042
2030-01-13 02:15:00,-7393.06103063835
2030-01-13 02:30:00,-6532.779798881675
2030-01-13 02:45:00,-6165.944082226539
2030-01-13 03:00:00,-5805.32234695413
2030-01-13 03:15:00,-6031.482697047912
2030-01-13 03:30:00,-6096.730769890131
2030-01-13 03:45:00,-5896.1809821718125
2030-01-13 04:00:00,-4886.782254066482
2030-01-13 04:15:00,-4769.388035296914
2030-01-13 04:30:00,-4756.518849699696
2030-01-13 04:45:00,-4953.767921097129
2030-01-13 05:00:00,-4966.816076398456
2030-01-13 05:15:00,-5059.3394957194105
2030-01-13 05:30:00,-5151.436659697829
2030-01-13 05:45:00,-4695.666287218282
2030-01-13 06:00:00,-4118.519198883565
2030-01-13 06:15:00,-3081.5247507079475
2030-01-13 06:30:00,-2198.7629441504614
2030-01-13 06:45:00,-1537.8376403047623
2030-01-13 07:00:00,-855.9215317712406
2030-01-13 07:15:00,-1095.378018430216
2030-01-13 07:30:00,-845.0891912502666
2030-01-13 07:45:00,-954.7628975553635
2030-01-13 08:00:00,-1241.898303660848
2030-01-13 08:15:00,-1384.2595785941012
2030-01-13 08:30:00,-1405.9773191112617
2030-01-13 08:45:00,-1483.2787236616532
2030-01-13 09:00:00,-1741.8382559512975
2030-01-13 09:15:00,-1563.9922676841961
2030-01-13 09:30:00,-1710.1807301022018
2030-01-13 09:45:00,-2308.8311657395607
2030-01-13 10:00:00,-2924.1687803782625
2030-01-13 10:15:00,-3642.8545547393005
2030-01-13 10:30:00,-3851.698107960521
2030-01-13 10:45:00,-4469.67514166599
2030-01-13 11:00:00,-5175.059457270458
2030-01-13 11:15:00,-5678.559112759482
2030-01-13 11:30:00,-6161.898954837605
2030-01-13 11:45:00,-6519.063949154886
2030-01-13 12:00:00,-6541.2976980994135
2030-01-13 12:15:00,-6768.556354318574
2030-01-13 12:30:00,-7143.664017857078
2030-01-13 12:45:00,-6749.266411098317
2030-01-13 13:00:00,-6797.909492092582
2030-01-13 13:15:00,-6962.82225772729
2030-01-13 13:30:00,-7048.949953350162
2030-01-13 13:45:00,-7222.328156518797
2030-01-13 14:00:00,-7433.375964163439
2030-01-13 14:15:00,-7041.260419317547
2030-01-13 14:30:00,-6699.622921420549
2030-01-13 14:45:00,-6433.439463468687
2030-01-13 15:00:00,-6232.931576232768
2030-01-13 15:15:00,-5974.024327937925
2030-01-13 15:30:00,-5825.566676174269
2030-01-13 15:45:00,-5623.040439755296
2030-01-13 16:00:00,-5480.543103217733
2030-01-13 16:15:00,-4972.530848059992
2030-01-13 16:30:00,-4948.877933870786
2030-01-13 16:45:00,-5070.696061927934
2030-01-13 17:00:00,-4708.052310257062
2030-01-13 17:15:00,-4681.67186342672
2030-01-13 17:30:00,-4482.5798635716965
2030-01-13 17:45:00,-4538.793177826661
2030-01-13 18:00:00,-4841.919282317642
2030-01-13 18:15:00,-5250.782788068846
2030-01-13 18:30:00,-5450.289990729318
2030-01-13 18:45:00,-5582.3022251651055
2030-01-13 19:00:00,-6335.406979625801
2030-01-13 19:15:00,-6406.354929632202
2030-01-13 19:30:00,-5924.937787092487
2030-01-13 19:45:00,-5963.845035294893
2030-01-13 20:00:00,-6269.845362970358
2030-01-13 20:15:00,-6809.109951414681
2030-01-13 20:30:00,-7176.0041144496245
2030-01-13 20:45:00,-7373.496197748525
2030-01-13 21:00:00,-7714.795857476674
2030-01-13 21:15:00,-7733.520406091433
2030-01-13 21:30:00,-7939.1036230432
2030-01-13 21:45:00,-7815.711042033901
2030-01-13 22:00:00,-7641.62620740768
2030-01-13 22:15:00,-7946.184869154837
2030-01-13 22:30:00,-7907.372895172957
2030-01-13 22:45:00,-8339.33843137572
2030-01-13 23:00:00,-8515.13732298217
2030-01-13 23:15:00,-8758.866301887563
2030-01-13 23:30:00,-9005.172126717174
2030-01-13 23:45:00,-8960.631115021242
2030-01-14 00:00:00,-9142.179307729879
2030-01-14 00:15:00,-9329.930187482933
2030-01-14 00:30:00,-9527.373241957761
2030-01-14 00:45:00,-9643.580249519902
2030-01-14 01:00:00,-9542.965551228037
2030-01-14 01:15:00,-9457.076953808984
2030-01-14 01:30:00,-9358.873563501955
2030-01-14 01:45:00,-9391.140975377071
2030-01-14 02:00:00,-9281.397285027804
2030-01-14 02:15:00,-9173.989594916853
2030-01-14 02:30:00,-9290.757747438041
2030-01-14 02:45:00,-9332.025794635916
2030-01-14 03:00:00,-9043.62102507077
2030-01-14 03:15:00,-8815.998184581527
2030-01-14 03:30:00,-8554.996236633058
2030-01-14 03:45:00,-8306.98112913092
2030-01-14 04:00:00,-7791.99901699289
2030-01-14 04:15:00,-7582.786154831272
2030-01-14 04:30:00,-7128.023155796571
2030-01-14 04:45:00,-6757.788729062475
2030-01-14 05:00:00,-6454.530957320123
2030-01-14 05:15:00,-6142.239064545094
2030-01-14 05:30:00,-6044.61970309517
2030-01-14 05:45:00,-5909.990941010834
2030-01-14 06:00:00,-5717.437776713548
2030-01-14 06:15:00,-5446.487136012609
2030-01-14 06:30:00,-5461.850659989086
2030-01-14 06:45:00,-5037.0037393676575
2030-01-14 07:00:00,-4772.451970724847
2030-01-14 07:15:00,-4507.200768493589
2030-01-14 07:30:00,-4147.535847715426
2030-01-14 07:45:00,-4130.362667904614
2030-01-14 08:00:00,-3763.180099308578
2030-01-14 08:15:00,-3632.73012981618
2030-01-14 08:30:00,-3544.1840662566174
2030-01-14 08:45:00,-3766.4094311053123
2030-01-14 09:00:00,-4067.9544832299725
2030-01-14 09:15:00,-4802.98530135912
2030-01-14 09:30:00,-5396.315089811051
2030-01-14 09:45:00,-6071.825929201757
2030-01-14 10:00:00,-6568.634823760483
2030-01-14 10:15:00,-7675.551051160259
2030-01-14 10:30:00,-8578.041744138965
2030-01-14 10:45:00,-9434.239133402592
2030-01-14 11:00:00,-10094.458813894558
2030-01-14 11:15:00,-10746.29503804924
2030-01-14 11:30:00,-11404.168472088622
2030-01-14 11:45:00,-12338.636044685845
2030-01-14 12:00:00,-12938.089737791306
2030-01-14 12:15:00,-13789.015835007907
2030-01-14 12:30:00,-14042.282269437263
2030-01-14 12:45:00,-14565.115290591119
2030-01-14 13:00:00,-14674.436495301965
2030-01-14 13:15:00,-14784.39191666479
2030-01-14 13:30:00,-14723.90528963531
2030-01-14 13:45:00,-14784.563425669781
2030-01-14 14:00:00,-14559.478113493256
2030-01-14 14:15:00,-14276.535768584774
2030-01-14 14:30:00,-13808.118434850847
2030-01-14 14:45:00,-13631.221454324092
2030-01-14 15:00:00,-13096.398508538034
2030-01-14 15:15:00,-12515.92084493822
2030-01-14 15:30:00,-11892.011429978767
2030-01-14 15:45:00,-11338.718415247498
2030-01-14 16:00:00,-10844.178122890444
2030-01-14 16:15:00,-10519.25081988276
2030-01-14 16:30:00,-10275.392999573189
2030-01-14 16:45:00,-9940.017924264841
2030-01-14 17:00:00,-9366.311225535774
2030-01-14 17:15:00,-9282.809760314769
2030-01-14 17:30:00,-9124.370608162422
2030-01-14 17:45:00,-9312.989018033932
2030-01-14 18:00:00,-9555.843312630994
2030-01-14 18:15:00,-9705.451414780207
2030-01-14 18:30:00,-8742.191362739497
2030-01-14 18:45:00,-8862.99072303118
2030-01-14 19:00:00,-8781.35790296887
2030-01-14 19:15:00,-9039.941383061516
2030-01-14 19:30:00,-8535.133767054664
2030-01-14 19:45:00,-8161.548790918252
2030-01-14 20:00:00,-8514.919023314476
2030-01-14 20:15:00,-8637.434915383386
2030-01-14 20:30:00,-8751.764464637356
2030-01-14 20:45:00,-8559.396974411131
2030-01-14 21:00:00,-8498.531507864875
2030-01-14 21:15:00,-8568.061025053477
2030-01-14 21:30:00,-8257.528112769618
2030-01-14 21:45:00,-8001.229222595626
2030-01-14 22:00:00,-7445.99556345967
2030-01-14 22:15:00,-7621.066474063668
2030-01-14 22:30:00,-7734.754480864078
2030-01-14 22:45:00,-7850.327909832893
2030-01-14 23:00:00,-8078.384388316244
2030-01-14 23:15:00,-7971.6668189886805
2030-01-14 23:30:00,-7880.660982333669
2030-01-14 23:45:00,-7628.035307268103
2030-01-15 00:00:00,-8363.071358190296
2030-01-15 00:15:00,-8907.229950179226
2030-01-15 00:30:00,-8981.302328392676
2030-01-15 00:45:00,-8754.514552948373
2030-01-15 01:00:00,-8974.12158474688
2030-01-15 01:15:00,-9091.476460879756
2030-01-15 01:30:00,-8845.565567533133
2030-01-15 01:45:00,-8974.379894749958
2030-01-15 02:00:00,-8555.362491963147
2030-01-15 02:15:00,-8597.558530750179
2030-01-15 02:30:00,-8578.316065711466
2030-01-15 02:45:00,-8539.68100252941
2030-01-15 03:00:00,-8461.108908839715
2030-01-15 03:15:00,-8286.528578216214
2030-01-15 03:30:00,-7923.106961948379
2030-01-15 03:45:00,-7629.877077152971
2030-01-15 04:00:00,-7523.673732967156
2030-01-15 04:15:00,-7858.407802038462
2030-01-15 04:30:00,-7770.870985046775
2030-01-15 04:45:00,-7898.695829967755
2030-01-15 05:00:00,-7641.692810369175
2030-01-15 05:15:00,-7614.1363434041195
2030-01-15 05:30:00,-7442.526830123394
2030-01-15 05:45:00,-7523.761518745441
2030-01-15 06:00:00,-7792.922324144769
2030-01-15 06:15:00,-7568.368833183871
2030-01-15 06:30:00,-7434.395515947999
2030-01-15 06:45:00,-7332.60160331736
2030-01-15 07:00:00,-7211.786339003989
2030-01-15 07:15:00,-7107.93908598318
2030-01-15 07:30:00,-7122.068988146264
2030-01-15 07:45:00,-6806.423356707815
2030-01-15 08:00:00,-6062.056544034949
2030-01-15 08:15:00,-5788.631443020979
2030-01-15 08:30:00,-5645.441607014745
2030-01-15 08:45:00,-5693.0486774078745
2030-01-15 09:00:00,-5913.442195354706
2030-01-15 09:15:00,-6178.090753600678
2030-01-15 09:30:00,-6815.998524339349
2030-01-15 09:45:00,-7599.452767276769
2030-01-15 10:00:00,-8623.156448159396
2030-01-15 10:15:00,-9863.036876178867
2030-01-15 10:30:00,-11216.897003904487
2030-01-15 10:45:00,-12032.823878661053
2030-01-15 11:00:00,-12798.792020790861
2030-01-15 11:15:00,-13286.291145974526
2030-01-15 11:30:00,-13623.108967563763
2030-01-15 11:45:00,-13817.171502700836
2030-01-15 12:00:00,-14423.044698735255
2030-01-15 12:15:00,-14588.854701279048
2030-01-15 12:30:00,-14488.727161721097
2030-01-15 12:45:00,-14614.249853867248
2030-01-15 13:00:00,-14310.733920609426
2030-01-15 13:15:00,-14248.129598870411
2030-01-15 13:30:00,-13807.170678433868
2030-01-15 13:45:00,-13297.53217401214
2030-01-15 14:00:00,-12550.825954405602
2030-01-15 14:15:00,-12343.68961722029
2030-01-15 14:30:00,-11997.115680977266
2030-01-15 14:45:00,-12048.350219310512
2030-01-15 15:00:00,-11256.535427244355
2030-01-15 15:15:00,-10481.734291602203
2030-01-15 15:30:00,-9623.772700292331
2030-01-15 15:45:00,-9439.689958482319
2030-01-15 16:00:00,-9316.828160289977
2030-01-15 16:15:00,-9253.105541199791
2030-01-15 16:30:00,-8792.066105348309
2030-01-15 16:45:00,-8150.047432301322
2030-01-15 17:00:00,-8061.863117457535
2030-01-15 17:15:00,-7741.893066460569
2030-01-15 17:30:00,-7298.371103680049
2030-01-15 17:45:00,-7563.835793919527
2030-01-15 18:00:00,-8092.129092108466
2030-01-15 18:15:00,-8607.4564713223
2030-01-15 18:30:00,-8758.347142507122
2030-01-15 18:45:00,-9159.891770547525
2030-01-15 19:00:00,-9156.586673279544
2030-01-15 19:15:00,-9554.923056714379
2030-01-15 19:30:00,-9539.955566397592
2030-01-15 19:45:00,-9693.55077325838
2030-01-15 20:00:00,-10009.798894930951
2030-01-15 20:15:00,-10178.04422873101
2030-01-15 20:30:00,-10271.28250567033
2030-01-15 20:45:00,-9968.120317796842
2030-01-15 21:00:00,-9795.763120616743
2030-01-15 21:15:00,-9847.61091453601
2030-01-15 21:30:00,-9729.721226734444
2030-01-15 21:45:00,-9054.573290561384
2030-01-15 22:00:00,-8500.459272204527
2030-01-15 22:15:00,-8514.565132075702
2030-01-15 22:30:00,-8095.970467666539
2030-01-15 22:45:00,-7739.437149375706
2030-01-15 23:00:00,-7805.2605506845575
2030-01-15 23:15:00,-7537.521276585641
2030-01-15 23:30:00,-7050.027002018491
2030-01-15 23:45:00,-6573.074959773079
2030-01-16 00:00:00,-6436.747915590786
2030-01-16 00:15:00,-6137.776763796639
2030-01-16 00:30:00,-5654.988077554812
2030-01-16 00:45:00,-5072.319106113453
2030-01-16 01:00:00,-4857.9060316205
2030-01-16 01:15:00,-4797.030089664309
2030-01-16 01:30:00,-4759.414728079006
2030-01-16 01:45:00,-4828.460808561369
2030-01-16 02:00:00,-4852.28273394021
2030-01-16 02:15:00,-4568.759740723239
2030-01-16 02:30:00,-4166.322854635146
2030-01-16 02:45:00,-3949.707363008989
2030-01-16 03:00:00,-4087.840124736127
2030-01-16 03:15:00,-4259.9616382569875
2030-01-16 03:30:00,-3915.6207597033062
2030-01-16 03:45:00,-3465.5534656471355
2030-01-16 04:00:00,-2903.127238275465
2030-01-16 04:15:00,-2917.7037265115323
2030-01-16 04:30:00,-2597.039296544899
2030-01-16 04:45:00,-2176.6595420601807
2030-01-16 05:00:00,-1327.1084893141888
2030-01-16 05:15:00,-539.0882517969985
2030-01-16 05:30:00,-92.95719415795975
2030-01-16 05:45:00,0.0
2030-01-16 06:00:00,0.0
2030-01-16 06:15:00,0.0
2030-01-16 06:30:00,0.0
2030-01-16 06:45:00,0.0
2030-01-16 07:00:00,0.0
2030-01-16 07:15:00,0.0
2030-01-16 07:30:00,0.0
2030-01-16 07:45:00,0.0
2030-01-16 08:00:00,0.0
2030-01-16 08:15:00,0.0
2030-01-16 08:30:00,0.0
2030-01-16 08:45:00,0.0
2030-01-16 09:00:00,0.0
2030-01-16 09:15:00,0.0
2030-01-16 09:30:00,0.0
2030-01-16 09:45:00,0.0
2030-01-16 10:00:00,0.0
2030-01-16 10:15:00,0.0
2030-01-16 10:30:00,0.0
2030-01-16 10:45:00,0.0
2030-01-16 11:00:00,0.0
2030-01-16 11:15:00,0.0
2030-01-16 11:30:00,0.0
2030-01-16 11:45:00,0.0
2030-01-16 12:00:00,0.0
2030-01-16 12:15:00,0.0
2030-01-16 12:30:00,0.0
2030-01-16 12:45:00,0.0
2030-01-16 13:00:00,0.0
2030-01-16 13:15:00,0.0
2030-01-16 13:30:00,0.0
2030-01-16 13:45:00,0.0
2030-01-16 14:00:00,0.0
2030-01-16 14:15:00,0.0
2030-01-16 14:30:00,0.0
2030-01-16 14:45:00,0.0
2030-01-16 15:00:00,0.0
2030-01-16 15:15:00,0.0
2030-01-16 15:30:00,0.0
2030-01-16 15:45:00,0.0
2030-01-16 16:00:00,0.0
2030-01-16 16:15:00,0.0
2030-01-16 16:30:00,0.0
2030-01-16 16:45:00,0.0
2030-01-16 17:00:00,0.0
2030-01-16 17:15:00,0.0
2030-01-16 17:30:00,0.0
2030-01-16 17:45:00,0.0
2030-01-16 18:00:00,0.0
2030-01-16 18:15:00,0.0
2030-01-16 18:30:00,0.0
2030-01-16 18:45:00,0.0
2030-01-16 19:00:00,0.0
2030-01-16 19:15:00,0.0
2030-01-16 19:30:00,0.0
2030-01-16 19:45:00,0.0
2030-01-16 20:00:00,0.0
2030-01-16 20:15:00,0.0
2030-01-16 20:30:00,0.0
2030-01-16 20:45:00,0.0
2030-01-16 21:00:00,0.0
2030-01-16 21:15:00,0.0
2030-01-16 21:30:00,0.0
2030-01-16 21:45:00,0.0
2030-01-16 22:00:00,0.0
2030-01-16 22:15:00,0.0
2030-01-16 22:30:00,0.0
2030-01-16 22:45:00,0.0
2030-01-16 23:00:00,0.0
2030-01-16 23:15:00,0.0
2030-01-16 23:30:00,0.0
2030-01-16 23:45:00,0.0
2030-01-17 00:00:00,0.0
2030-01-17 00:15:00,0.0
2030-01-17 00:30:00,0.0
2030-01-17 00:45:00,0.0
2030-01-17 01:00:00,0.0
2030-01-17 01:15:00,0.0
2030-01-17 01:30:00,0.0
2030-01-17 01:45:00,0.0
2030-01-17 02:00:00,0.0
2030-01-17 02:15:00,0.0
2030-01-17 02:30:00,0.0
2030-01-17 02:45:00,0.0
2030-01-17 03:00:00,0.0
2030-01-17 03:15:00,0.0
2030-01-17 03:30:00,0.0
2030-01-17 03:45:00,0.0
2030-01-17 04:00:00,0.0
2030-01-17 04:15:00,0.0
2030-01-17 04:30:00,0.0
2030-01-17 04:45:00,0.0
2030-01-17 05:00:00,0.0
2030-01-17 05:15:00,-631.8883338003689
2030-01-17 05:30:00,-2250.3433414306273
2030-01-17 05:45:00,-1783.0418940993586
2030-01-17 06:00:00,-658.4229973277288
2030-01-17 06:15:00,-147.43093278121887
2030-01-17 06:30:00,0.0
2030-01-17 06:45:00,0.0
2030-01-17 07:00:00,0.0
2030-01-17 07:15:00,0.0
2030-01-17 07:30:00,0.0
2030-01-17 07:45:00,0.0
2030-01-17 08:00:00,0.0
2030-01-17 08:15:00,0.0
2030-01-17 08:30:00,0.0
2030-01-17 08:45:00,0.0
2030-01-17 09:00:00,0.0
2030-01-17 09:15:00,0.0
2030-01-17 09:30:00,0.0
2030-01-17 09:45:00,0.0
2030-01-17 10:00:00,0.0
2030-01-17 10:15:00,0.0
2030-01-17 10:30:00,0.0
2030-01-17 10:45:00,0.0
2030-01-17 11:00:00,0.0
2030-01-17 11:15:00,0.0
2030-01-17 11:30:00,0.0
2030-01-17 11:45:00,0.0
2030-01-17 12:00:00,0.0
2030-01-17 12:15:00,0.0
2030-01-17 12:30:00,0.0
2030-01-17 12:45:00,0.0
2030-01-17 13:00:00,0.0
2030-01-17 13:15:00,0.0
2030-01-17 13:30:00,0.0
2030-01-17 13:45:00,0.0
2030-01-17 14:00:00,0.0
2030-01-17 14:15:00,0.0
2030-01-17 14:30:00,0.0
2030-01-17 14:45:00,0.0
2030-01-17 15:00:00,0.0
2030-01-17 15:15:00,0.0
2030-01-17 15:30:00,0.0
2030-01-17 15:45:00,0.0
2030-01-17 16:00:00,0.0
2030-01-17 16:15:00,0.0
2030-01-17 16:30:00,0.0
2030-01-17 16:45:00,0.0
2030-01-17 17:00:00,0.0
2030-01-17 17:15:00,0.0
2030-01-17 17:30:00,0.0
2030-01-17 17:45:00,0.0
2030-01-17 18:00:00,0.0
2030-01-17 18:15:00,0.0
2030-01-17 18:30:00,0.0
2030-01-17 18:45:00,0.0
2030-01-17 19:00:00,0.0
2030-01-17 19:15:00,0.0
2030-01-17 19:30:00,0.0
2030-01-17 19:45:00,0.0
2030-01-17 20:00:00,0.0
2030-01-17 20:15:00,0.0
2030-01-17 20:30:00,0.0
2030-01-17 20:45:00,0.0
2030-01-17 21:00:00,0.0
2030-01-17 21:15:00,28.021380016592957
2030-01-17 21:30:00,0.0
2030-01-17 21:45:00,0.0
2030-01-17 22:00:00,0.0
2030-01-17 22:15:00,0.0
2030-01-17 22:30:00,0.0
2030-01-17 22:45:00,0.0
2030-01-17 23:00:00,0.0
2030-01-17 23:15:00,0.0
2030-01-17 23:30:00,0.0
2030-01-17 23:45:00,0.0
2030-01-18 00:00:00,0.0
2030-01-18 00:15:00,0.0
2030-01-18 00:30:00,0.0
2030-01-18 00:45:00,0.0
2030-01-18 01:00:00,0.0
2030-01-18 01:15:00,0.0
2030-01-18 01:30:00,0.0
2030-01-18 01:45:00,0.0
2030-01-18 02:00:00,0.0
2030-01-18 02:15:00,0.0
2030-01-18 02:30:00,0.0
2030-01-18 02:45:00,0.0
2030-01-18 03:00:00,0.0
2030-01-18 03:15:00,0.0
2030-01-18 03:30:00,0.0
2030-01-18 03:45:00,0.0
2030-01-18 04:00:00,0.0
2030-01-18 04:15:00,0.0
2030-01-18 04:30:00,0.0
2030-01-18 04:45:00,0.0
2030-01-18 05:00:00,0.0
2030-01-18 05:15:00,0.0
2030-01-18 05:30:00,0.0
2030-01-18 05:45:00,0.0
2030-01-18 06:00:00,0.0
2030-01-18 06:15:00,0.0
2030-01-18 06:30:00,0.0
2030-01-18 06:45:00,0.0
2030-01-18 07:00:00,0.0
2030-01-18 07:15:00,461.24159120087825
2030-01-18 07:30:00,1057.2825043836983
2030-01-18 07:45:00,1318.2829117253532
2030-01-18 08:00:00,1274.3131583908744
2030-01-18 08:15:00,1544.8522122661834
2030-01-18 08:30:00,1878.8803339029819
2030-01-18 08:45:00,2018.2418820739695
2030-01-18 09:00:00,1421.8739741163736
2030-01-18 09:15:00,1227.8181390176542
2030-01-18 09:30:00,1254.3771242552866
2030-01-18 09:45:00,1206.0397422596561
2030-01-18 10:00:00,1534.1748627084798
2030-01-18 10:15:00,1770.578631462893
2030-01-18 10:30:00,1868.0961996354235
2030-01-18 10:45:00,989.8002144890816
2030-01-18 11:00:00,328.1780758911682
2030-01-18 11:15:00,41.22096228163173
2030-01-18 11:30:00,0.0
2030-01-18 11:45:00,0.0
2030-01-18 12:00:00,0.0
2030-01-18 12:15:00,0.0
2030-01-18 12:30:00,0.0
2030-01-18 12:45:00,0.0
2030-01-18 13:00:00,0.0
2030-01-18 13:15:00,0.0
2030-01-18 13:30:00,0.0
2030-01-18 13:45:00,0.0
2030-01-18 14:00:00,0.0
2030-01-18 14:15:00,0.0
2030-01-18 14:30:00,0.0
2030-01-18 14:45:00,0.0
2030-01-18 15:00:00,0.0
2030-01-18 15:15:00,0.0
2030-01-18 15:30:00,0.0
2030-01-18 15:45:00,0.0
2030-01-18 16:00:00,0.0
2030-01-18 16:15:00,0.0
2030-01-18 16:30:00,0.0
2030-01-18 16:45:00,0.0
2030-01-18 17:00:00,0.0
2030-01-18 17:15:00,0.0
2030-01-18 17:30:00,0.0
2030-01-18 17:45:00,0.0
2030-01-18 18:00:00,0.0
2030-01-18 18:15:00,0.0
2030-01-18 18:30:00,0.0
2030-01-18 18:45:00,0.0
2030-01-18 19:00:00,0.0
2030-01-18 19:15:00,0.0
2030-01-18 19:30:00,0.0
2030-01-18 19:45:00,0.0
2030-01-18 20:00:00,0.0
2030-01-18 20:15:00,0.0
2030-01-18 20:30:00,0.0
2030-01-18 20:45:00,0.0
2030-01-18 21:00:00,0.0
2030-01-18 21:15:00,0.0
2030-01-18 21:30:00,0.0
2030-01-18 21:45:00,0.0
2030-01-18 22:00:00,0.0
2030-01-18 22:15:00,0.0
2030-01-18 22:30:00,0.0
2030-01-18 22:45:00,0.0
2030-01-18 23:00:00,0.0
2030-01-18 23:15:00,0.0
2030-01-18 23:30:00,0.0
2030-01-18 23:45:00,0.0
2030-01-19 00:00:00,0.0
2030-01-19 00:15:00,0.0
2030-01-19 00:30:00,0.0
2030-01-19 00:45:00,0.0
2030-01-19 01:00:00,0.0
2030-01-19 01:15:00,0.0
2030-01-19 01:30:00,0.0
2030-01-19 01:45:00,0.0
2030-01-19 02:00:00,0.0
2030-01-19 02:15:00,0.0
2030-01-19 02:30:00,0.0
2030-01-19 02:45:00,0.0
2030-01-19 03:00:00,0.0
2030-01-19 03:15:00,0.0
2030-01-19 03:30:00,0.0
2030-01-19 03:45:00,0.0
2030-01-19 04:00:00,0.0
2030-01-19 04:15:00,0.0
2030-01-19 04:30:00,0.0
2030-01-19 04:45:00,0.0
2030-01-19 05:00:00,0.0
2030-01-19 05:15:00,0.0
2030-01-19 05:30:00,0.0
2030-01-19 05:45:00,0.0
2030-01-19 06:00:00,0.0
2030-01-19 06:15:00,0.0
2030-01-19 06:30:00,0.0
2030-01-19 06:45:00,0.0
2030-01-19 07:00:00,0.0
2030-01-19 07:15:00,0.0
2030-01-19 07:30:00,0.0
2030-01-19 07:45:00,0.0
2030-01-19 08:00:00,0.0
2030-01-19 08:15:00,0.0
2030-01-19 08:30:00,0.0
2030-01-19 08:45:00,0.0
2030-01-19 09:00:00,4181.040421338279
2030-01-19 09:15:00,0.0
2030-01-19 09:30:00,0.0
2030-01-19 09:45:00,0.0
2030-01-19 10:00:00,0.0
2030-01-19 10:15:00,0.0
2030-01-19 10:30:00,0.0
2030-01-19 10:45:00,0.0
2030-01-19 11:00:00,0.0
2030-01-19 11:15:00,0.0
2030-01-19 11:30:00,0.0
2030-01-19 11:45:00,0.0
2030-01-19 12:00:00,0.0
2030-01-19 12:15:00,0.0
2030-01-19 12:30:00,0.0
2030-01-19 12:45:00,0.0
2030-01-19 13:00:00,0.0
2030-01-19 13:15:00,0.0
2030-01-19 13:30:00,0.0
2030-01-19 13:45:00,0.0
2030-01-19 14:00:00,0.0
2030-01-19 14:15:00,0.0
2030-01-19 14:30:00,0.0
2030-01-19 14:45:00,0.0
2030-01-19 15:00:00,0.0
2030-01-19 15:15:00,0.0
2030-01-19 15:30:00,0.0
2030-01-19 15:45:00,0.0
2030-01-19 16:00:00,0.0
2030-01-19 16:15:00,0.0
2030-01-19 16:30:00,0.0
2030-01-19 16:45:00,0.0
2030-01-19 17:00:00,0.0
2030-01-19 17:15:00,0.0
2030-01-19 17:30:00,0.0
2030-01-19 17:45:00,0.0
2030-01-19 18:00:00,0.0
2030-01-19 18:15:00,0.0
2030-01-19 18:30:00,329.4532786563195
2030-01-19 18:45:00,682.0169896337011
2030-01-19 19:00:00,590.9392404726113
2030-01-19 19:15:00,1012.0454061602231
2030-01-19 19:30:00,1284.2470656664318
2030-01-19 19:45:00,1599.5654036035448
2030-01-19 20:00:00,1476.4545418673188
2030-01-19 20:15:00,1276.4898975048272
2030-01-19 20:30:00,988.5126397956556
2030-01-19 20:45:00,905.4354917454802
2030-01-19 21:00:00,793.9642635839646
2030-01-19 21:15:00,809.0768894396097
2030-01-19 21:30:00,734.660905135197
2030-01-19 21:45:00,529.271391544733
2030-01-19 22:00:00,78.08411025888199
2030-01-19 22:15:00,0.0
2030-01-19 22:30:00,0.0
2030-01-19 22:45:00,0.0
2030-01-19 23:00:00,0.0
2030-01-19 23:15:00,0.0
2030-01-19 23:30:00,0.0
2030-01-19 23:45:00,0.0
2030-01-20 00:00:00,0.0
2030-01-20 00:15:00,0.0
2030-01-20 00:30:00,0.0
2030-01-20 00:45:00,0.0
2030-01-20 01:00:00,0.0
2030-01-20 01:15:00,0.0
2030-01-20 01:30:00,0.0
2030-01-20 01:45:00,0.0
2030-01-20 02:00:00,0.0
2030-01-20 02:15:00,0.0
2030-01-20 02:30:00,0.0
2030-01-20 02:45:00,0.0
2030-01-20 03:00:00,0.0
2030-01-20 03:15:00,0.0
2030-01-20 03:30:00,0.0
2030-01-20 03:45:00,0.0
2030-01-20 04:00:00,0.0
2030-01-20 04:15:00,0.0
2030-01-20 04:30:00,0.0
2030-01-20 04:45:00,0.0
2030-01-20 05:00:00,89.61594850729307
2030-01-20 05:15:00,385.8881193537927
2030-01-20 05:30:00,752.301778822326
2030-01-20 05:45:00,1026.3334851535437
2030-01-20 06:00:00,1704.7899006416883
2030-01-20 06:15:00,2219.2916204721405
2030-01-20 06:30:00,2559.9064345941333
2030-01-20 06:45:00,3041.138062891576
2030-01-20 07:00:00,3686.828821898711
2030-01-20 07:15:00,4288.39181599475
2030-01-20 07:30:00,4867.834286342815
2030-01-20 07:45:00,5338.150418945708
2030-01-20 08:00:00,5750.569885282355
2030-01-20 08:15:00,6021.714778206464
2030-01-20 08:30:00,6135.63384174497
2030-01-20 08:45:00,5808.294878959241
2030-01-20 09:00:00,5302.0224340552195
2030-01-20 09:15:00,5096.571653512659
2030-01-20 09:30:00,4983.306702093192
2030-01-20 09:45:00,4624.160589796267
2030-01-20 10:00:00,4231.867852494468
2030-01-20 10:15:00,3639.6343159809985
2030-01-20 10:30:00,3253.932050002906
2030-01-20 10:45:00,3321.014644999652
2030-01-20 11:00:00,3236.664944627626
2030-01-20 11:15:00,3240.467502977097
2030-01-20 11:30:00,3308.486072433614
2030-01-20 11:45:00,3045.4061850506023
2030-01-20 12:00:00,2708.1611839880206
2030-01-20 12:15:00,2708.181761132173
2030-01-20 12:30:00,2564.987612429233
2030-01-20 12:45:00,2423.9773493407465
2030-01-20 13:00:00,2573.8834487266195
2030-01-20 13:15:00,2605.6216374265077
2030-01-20 13:30:00,2409.9084220050663
2030-01-20 13:45:00,2281.653750253883
2030-01-20 14:00:00,2359.5363201799973
2030-01-20 14:15:00,2368.681847416583
2030-01-20 14:30:00,2465.9967334098783
2030-01-20 14:45:00,2708.2423405853406
2030-01-20 15:00:00,3062.2442002554635
2030-01-20 15:15:00,2968.030731861427
2030-01-20 15:30:00,3029.1020847054733
2030-01-20 15:45:00,3181.1542542873212
2030-01-20 16:00:00,3599.1531044233034
2030-01-20 16:15:00,3603.6782078170363
2030-01-20 16:30:00,3587.3490069770487
2030-01-20 16:45:00,3634.9608702602272
2030-01-20 17:00:00,3556.3486640920983
2030-01-20 17:15:00,3868.9888710450596
2030-01-20 17:30:00,3926.9214072073155
2030-01-20 17:45:00,3929.9084893920135
2030-01-20 18:00:00,3848.123685953189
2030-01-20 18:15:00,3737.8438470686506
2030-01-20 18:30:00,3384.659589549672
2030-01-20 18:45:00,3323.7416818503807
2030-01-20 19:00:00,3343.165451635763
2030-01-20 19:15:00,3047.037507326104
2030-01-20 19:30:00,2781.3875672937556
2030-01-20 19:45:00,2540.546004553891
2030-01-20 20:00:00,2141.35375239303
2030-01-20 20:15:00,1971.9614856314329
2030-01-20 20:30:00,1642.5350449543457
2030-01-20 20:45:00,1251.8591216772857
2030-01-20 21:00:00,656.5939154013522
2030-01-20 21:15:00,215.08643603045857
2030-01-20 21:30:00,0.0
2030-01-20 21:45:00,0.0
2030-01-20 22:00:00,0.0
2030-01-20 22:15:00,0.0
2030-01-20 22:30:00,0.0
2030-01-20 22:45:00,0.0
2030-01-20 23:00:00,0.0
2030-01-20 23:15:00,0.0
2030-01-20 23:30:00,0.0
2030-01-20 23:45:00,0.0
2030-01-21 00:00:00,0.0
2030-01-21 00:15:00,0.0
2030-01-21 00:30:00,0.0
2030-01-21 00:45:00,0.0
2030-01-21 01:00:00,0.0
2030-01-21 01:15:00,0.0
2030-01-21 01:30:00,0.0
2030-01-21 01:45:00,0.0
2030-01-21 02:00:00,0.0
2030-01-21 02:15:00,0.0
2030-01-21 02:30:00,0.0
2030-01-21 02:45:00,0.0
2030-01-21 03:00:00,0.0
2030-01-21 03:15:00,0.0
2030-01-21 03:30:00,0.0
2030-01-21 03:45:00,0.0
2030-01-21 04:00:00,0.0
2030-01-21 04:15:00,0.0
2030-01-21 04:30:00,0.0
2030-01-21 04:45:00,0.0
2030-01-21 05:00:00,0.0
2030-01-21 05:15:00,0.0
2030-01-21 05:30:00,0.0
2030-01-21 05:45:00,0.0
2030-01-21 06:00:00,0.0
2030-01-21 06:15:00,0.0
2030-01-21 06:30:00,0.0
2030-01-21 06:45:00,0.0
2030-01-21 07:00:00,0.0
2030-01-21 07:15:00,0.0
2030-01-21 07:30:00,0.0
2030-01-21 07:45:00,0.0
2030-01-21 08:00:00,0.0
2030-01-21 08:15:00,0.0
2030-01-21 08:30:00,0.0
2030-01-21 08:45:00,0.0
2030-01-21 09:00:00,0.0
2030-01-21 09:15:00,0.0
2030-01-21 09:30:00,0.0
2030-01-21 09:45:00,0.0
2030-01-21 10:00:00,0.0
2030-01-21 10:15:00,0.0
2030-01-21 10:30:00,0.0
2030-01-21 10:45:00,0.0
2030-01-21 11:00:00,0.0
2030-01-21 11:15:00,0.0
2030-01-21 11:30:00,0.0
2030-01-21 11:45:00,0.0
2030-01-21 12:00:00,0.0
2030-01-21 12:15:00,0.0
2030-01-21 12:30:00,0.0
2030-01-21 12:45:00,0.0
2030-01-21 13:00:00,0.0
2030-01-21 13:15:00,0.0
2030-01-21 13:30:00,0.0
2030-01-21 13:45:00,0.0
2030-01-21 14:00:00,0.0
2030-01-21 14:15:00,0.0
2030-01-21 14:30:00,0.0
2030-01-21 14:45:00,0.0
2030-01-21 15:00:00,0.0
2030-01-21 15:15:00,0.0
2030-01-21 15:30:00,0.0
2030-01-21 15:45:00,0.0
2030-01-21 16:00:00,0.0
2030-01-21 16:15:00,0.0
2030-01-21 16:30:00,0.0
2030-01-21 16:45:00,0.0
2030-01-21 17:00:00,0.0
2030-01-21 17:15:00,0.0
2030-01-21 17:30:00,0.0
2030-01-21 17:45:00,0.0
2030-01-21 18:00:00,0.0
2030-01-21 18:15:00,0.0
2030-01-21 18:30:00,0.0
2030-01-21 18:45:00,0.0
2030-01-21 19:00:00,0.0
2030-01-21 19:15:00,0.0
2030-01-21 19:30:00,0.0
2030-01-21 19:45:00,0.0
2030-01-21 20:00:00,0.0
2030-01-21 20:15:00,0.0
2030-01-21 20:30:00,0.0
2030-01-21 20:45:00,0.0
2030-01-21 21:00:00,0.0
2030-01-21 21:15:00,0.0
2030-01-21 21:30:00,0.0
2030-01-21 21:45:00,0.0
2030-01-21 22:00:00,0.0
2030-01-21 22:15:00,0.0
2030-01-21 22:30:00,0.0
2030-01-21 22:45:00,0.0
2030-01-21 23:00:00,0.0
2030-01-21 23:15:00,0.0
2030-01-21 23:30:00,0.0
2030-01-21 23:45:00,0.0
2030-01-22 00:00:00,0.0
2030-01-22 00:15:00,0.0
2030-01-22 00:30:00,0.0
2030-01-22 00:45:00,0.0
2030-01-22 01:00:00,0.0
2030-01-22 01:15:00,0.0
2030-01-22 01:30:00,0.0
2030-01-22 01:45:00,0.0
2030-01-22 02:00:00,0.0
2030-01-22 02:15:00,0.0
2030-01-22 02:30:00,0.0
2030-01-22 02:45:00,0.0
2030-01-22 03:00:00,0.0
2030-01-22 03:15:00,0.0
2030-01-22 03:30:00,0.0
2030-01-22 03:45:00,0.0
2030-01-22 04:00:00,0.0
2030-01-22 04:15:00,0.0
2030-01-22 04:30:00,0.0
2030-01-22 04:45:00,0.0
2030-01-22 05:00:00,0.0
2030-01-22 05:15:00,0.0
2030-01-22 05:30:00,0.0
2030-01-22 05:45:00,0.0
2030-01-22 06:00:00,0.0
2030-01-22 06:15:00,0.0
2030-01-22 06:30:00,0.0
2030-01-22 06:45:00,0.0
2030-01-22 07:00:00,0.0
2030-01-22 07:15:00,0.0
2030-01-22 07:30:00,0.0
2030-01-22 07:45:00,0.0
2030-01-22 08:00:00,0.0
2030-01-22 08:15:00,0.0
2030-01-22 08:30:00,0.0
2030-01-22 08:45:00,0.0
2030-01-22 09:00:00,0.0
2030-01-22 09:15:00,0.0
2030-01-22 09:30:00,0.0
2030-01-22 09:45:00,0.0
2030-01-22 10:00:00,0.0
2030-01-22 10:15:00,0.0
2030-01-22 10:30:00,0.0
2030-01-22 10:45:00,0.0
2030-01-22 11:00:00,0.0
2030-01-22 11:15:00,0.0
2030-01-22 11:30:00,0.0
2030-01-22 11:45:00,0.0
2030-01-22 12:00:00,0.0
2030-01-22 12:15:00,0.0
2030-01-22 12:30:00,0.0
2030-01-22 12:45:00,0.0
2030-01-22 13:00:00,0.0
2030-01-22 13:15:00,0.0
2030-01-22 13:30:00,0.0
2030-01-22 13:45:00,0.0
2030-01-22 14:00:00,0.0
2030-01-22 14:15:00,0.0
2030-01-22 14:30:00,0.0
2030-01-22 14:45:00,0.0
2030-01-22 15:00:00,40.80813679669518
2030-01-22 15:15:00,273.4534327560832
2030-01-22 15:30:00,577.1979358472818
2030-01-22 15:45:00,597.5206532687444
2030-01-22 16:00:00,923.0312498242638
2030-01-22 16:15:00,1129.6022620337008
2030-01-22 16:30:00,1542.9595984746047
2030-01-22 16:45:00,1801.8098595185947
2030-01-22 17:00:00,2283.337897762358
2030-01-22 17:15:00,2672.456384204497
2030-01-22 17:30:00,2963.7016368633194
2030-01-22 17:45:00,3338.7065666074486
2030-01-22 18:00:00,3584.9116202197583
2030-01-22 18:15:00,3553.502459720221
2030-01-22 18:30:00,3655.412564271508
2030-01-22 18:45:00,3599.9362696219523
2030-01-22 19:00:00,3620.1420197781354
2030-01-22 19:15:00,3345.9353882501073
2030-01-22 19:30:00,3362.762207825286
2030-01-22 19:45:00,3304.5738456279396
2030-01-22 20:00:00,3362.1137099208427
2030-01-22 20:15:00,2986.8150618964246
2030-01-22 20:30:00,2864.8493089219264
2030-01-22 20:45:00,2642.4216526279088
2030-01-22 21:00:00,2566.153256069212
2030-01-22 21:15:00,2588.68449596503
2030-01-22 21:30:00,2535.08476872593
2030-01-22 21:45:00,2624.471080742929
2030-01-22 22:00:00,2915.481939818528
2030-01-22 22:15:00,2842.1768251471367
2030-01-22 22:30:00,2694.708580804392
2030-01-22 22:45:00,2463.027784146092
2030-01-22 23:00:00,2337.737509146993
2030-01-22 23:15:00,2551.4494138380032
2030-01-22 23:30:00,2438.1380018537893
2030-01-22 23:45:00,2249.974330249748
2030-01-23 00:00:00,1839.545787840194
2030-01-23 00:15:00,1754.490728120274
2030-01-23 00:30:00,1522.7573112815116
2030-01-23 00:45:00,1426.1777514338137
2030-01-23 01:00:00,1277.1287866004714
2030-01-23 01:15:00,1222.8888892507857
2030-01-23 01:30:00,1151.588226214053
2030-01-23 01:45:00,971.5961496406981
2030-01-23 02:00:00,907.9268692654259
2030-01-23 02:15:00,850.2133487009887
2030-01-23 02:30:00,753.541271712129
2030-01-23 02:45:00,601.6277568588866
2030-01-23 03:00:00,709.7543433468163
2030-01-23 03:15:00,702.9199845559633
2030-01-23 03:30:00,758.8950938584803
2030-01-23 03:45:00,654.0901315318151
2030-01-23 04:00:00,854.9640923696752
2030-01-23 04:15:00,966.6243397532489
2030-01-23 04:30:00,1077.4889144685549
2030-01-23 04:45:00,1088.4751619582748
2030-01-23 05:00:00,1467.3657070807822
2030-01-23 05:15:00,1639.9629298157197
2030-01-23 05:30:00,1906.5124238087446
2030-01-23 05:45:00,2190.419992328678
2030-01-23 06:00:00,3025.7635755521696
2030-01-23 06:15:00,3939.637356136649
2030-01-23 06:30:00,4513.793115417169
2030-01-23 06:45:00,4810.981521638154
2030-01-23 07:00:00,5459.1469432367485
2030-01-23 07:15:00,5940.8323275177245
2030-01-23 07:30:00,6260.11654782452
2030-01-23 07:45:00,6525.195923983807
2030-01-23 08:00:00,6759.734087136909
2030-01-23 08:15:00,6640.840157299324
2030-01-23 08:30:00,6760.964670414978
2030-01-23 08:45:00,6686.200227694764
2030-01-23 09:00:00,6402.904631766789
2030-01-23 09:15:00,6201.491327690124
2030-01-23 09:30:00,5982.171981607622
2030-01-23 09:45:00,5802.050503944836
2030-01-23 10:00:00,5554.690071656321
2030-01-23 10:15:00,5118.814544823552
2030-01-23 10:30:00,4775.514014453718
2030-01-23 10:45:00,4485.040083189553
2030-01-23 11:00:00,4145.853182752142
2030-01-23 11:15:00,3956.7460028636524
2030-01-23 11:30:00,3577.781784613191
2030-01-23 11:45:00,3018.700324184654
2030-01-23 12:00:00,2879.0713502819253
2030-01-23 12:15:00,2603.014089341481
2030-01-23 12:30:00,2428.8148814220676
2030-01-23 12:45:00,2070.9374858197953
2030-01-23 13:00:00,1854.3774147643817
2030-01-23 13:15:00,1566.7958535089529
2030-01-23 13:30:00,1476.709016028477
2030-01-23 13:45:00,1395.4345032006895
2030-01-23 14:00:00,1483.3460356633223
2030-01-23 14:15:00,1648.0347526126152
2030-01-23 14:30:00,1842.1837429671832
2030-01-23 14:45:00,2089.002571141362
2030-01-23 15:00:00,2509.3324465482456
2030-01-23 15:15:00,2782.9372983323537
2030-01-23 15:30:00,3060.7743841966276
2030-01-23 15:45:00,3272.0396584657938
2030-01-23 16:00:00,3433.531202303715
2030-01-23 16:15:00,3504.165116506245
2030-01-23 16:30:00,3750.4205014815543
2030-01-23 16:45:00,3861.20766086559
2030-01-23 17:00:00,3955.7070020478786
2030-01-23 17:15:00,3928.3612520142433
2030-01-23 17:30:00,3900.984915850655
2030-01-23 17:45:00,3773.8469165648476
2030-01-23 18:00:00,3398.343912511644
2030-01-23 18:15:00,3089.949410820931
2030-01-23 18:30:00,2966.6342999130065
2030-01-23 18:45:00,2938.931006470966
2030-01-23 19:00:00,2808.347225468551
2030-01-23 19:15:00,2702.0202697046407
2030-01-23 19:30:00,2632.927338834903
2030-01-23 19:45:00,2407.678689008013
2030-01-23 20:00:00,1961.509350621358
2030-01-23 20:15:00,1519.0458059010944
2030-01-23 20:30:00,1272.4215223360388
2030-01-23 20:45:00,1182.9979131937835
2030-01-23 21:00:00,1000.4966298374438
2030-01-23 21:15:00,813.2932033608558
2030-01-23 21:30:00,475.40505902812765
2030-01-23 21:45:00,154.82996625999476
2030-01-23 22:00:00,33.44082962775792
2030-01-23 22:15:00,0.0
2030-01-23 22:30:00,0.0
2030-01-23 22:45:00,0.0
2030-01-23 23:00:00,0.0
2030-01-23 23:15:00,0.0
2030-01-23 23:30:00,0.0
2030-01-23 23:45:00,0.0
2030-01-24 00:00:00,0.0
2030-01-24 00:15:00,0.0
2030-01-24 00:30:00,0.0
2030-01-24 00:45:00,0.0
2030-01-24 01:00:00,0.0
2030-01-24 01:15:00,0.0
2030-01-24 01:30:00,0.0
2030-01-24 01:45:00,0.0
2030-01-24 02:00:00,0.0
2030-01-24 02:15:00,0.0
2030-01-24 02:30:00,0.0
2030-01-24 02:45:00,0.0
2030-01-24 03:00:00,0.0
2030-01-24 03:15:00,0.0
2030-01-24 03:30:00,0.0
2030-01-24 03:45:00,0.0
2030-01-24 04:00:00,0.0
2030-01-24 04:15:00,0.0
2030-01-24 04:30:00,0.0
2030-01-24 04:45:00,0.0
2030-01-24 05:00:00,0.0
2030-01-24 05:15:00,0.0
2030-01-24 05:30:00,0.0
2030-01-24 05:45:00,0.0
2030-01-24 06:00:00,0.0
2030-01-24 06:15:00,26.906233195610184
2030-01-24 06:30:00,474.39758340392837
2030-01-24 06:45:00,1012.3999302845295
2030-01-24 07:00:00,1907.5110605942318
2030-01-24 07:15:00,2250.5349132718784
2030-01-24 07:30:00,2810.8882956893467
2030-01-24 07:45:00,3045.7361850308916
2030-01-24 08:00:00,3637.4720668354184
2030-01-24 08:15:00,3546.237009254335
2030-01-24 08:30:00,3687.956674763098
2030-01-24 08:45:00,3328.9119790545647
2030-01-24 09:00:00,2867.5929450456188
2030-01-24 09:15:00,2021.8572390383688
2030-01-24 09:30:00,1385.2160420730397
2030-01-24 09:45:00,533.3939234717382
2030-01-24 10:00:00,10.23970939956962
2030-01-24 10:15:00,0.0
2030-01-24 10:30:00,0.0
2030-01-24 10:45:00,0.0
2030-01-24 11:00:00,0.0
2030-01-24 11:15:00,0.0
2030-01-24 11:30:00,0.0
2030-01-24 11:45:00,0.0
2030-01-24 12:00:00,0.0
2030-01-24 12:15:00,0.0
2030-01-24 12:30:00,0.0
2030-01-24 12:45:00,0.0
2030-01-24 13:00:00,0.0
2030-01-24 13:15:00,0.0
2030-01-24 13:30:00,0.0
2030-01-24 13:45:00,0.0
2030-01-24 14:00:00,0.0
2030-01-24 14:15:00,0.0
2030-01-24 14:30:00,0.0
2030-01-24 14:45:00,0.0
2030-01-24 15:00:00,0.0
2030-01-24 15:15:00,139.87184614459875
2030-01-24 15:30:00,1024.2140072430066
2030-01-24 15:45:00,2072.5015405114755
2030-01-24 16:00:00,2690.9707344816507
2030-01-24 16:15:00,3315.252360178705
2030-01-24 16:30:00,3714.0521621832213
2030-01-24 16:45:00,4188.498012662858
2030-01-24 17:00:00,4649.311785886071
2030-01-24 17:15:00,5096.096499006795
2030-01-24 17:30:00,5252.3905842528075
2030-01-24 17:45:00,5485.065051291589
2030-01-24 18:00:00,5501.481154634908
2030-01-24 18:15:00,5505.994383164787
2030-01-24 18:30:00,5560.51786427413
2030-01-24 18:45:00,5609.099233586858
2030-01-24 19:00:00,5452.880660149422
2030-01-24 19:15:00,5225.351777270262
2030-01-24 19:30:00,5138.477041504477
2030-01-24 19:45:00,5197.55124490794
2030-01-24 20:00:00,4941.721978442052
2030-01-24 20:15:00,4425.870028903742
2030-01-24 20:30:00,4381.214044285487
2030-01-24 20:45:00,4103.654386558013
2030-01-24 21:00:00,3788.4648183263
2030-01-24 21:15:00,3549.5640034265525
2030-01-24 21:30:00,3248.958311565293
2030-01-24 21:45:00,2998.091227449513
2030-01-24 22:00:00,2816.1779109275794
2030-01-24 22:15:00,2642.8216350182265
2030-01-24 22:30:00,2278.2882420100177
2030-01-24 22:45:00,1937.080133479496
2030-01-24 23:00:00,1805.0893205160755
2030-01-24 23:15:00,1373.8458523846057
2030-01-24 23:30:00,1019.0787921233514
2030-01-24 23:45:00,809.4199049873259
2030-01-25 00:00:00,232.03726178683064
2030-01-25 00:15:00,0.0
2030-01-25 00:30:00,0.0
2030-01-25 00:45:00,0.0
2030-01-25 01:00:00,0.0
2030-01-25 01:15:00,0.0
2030-01-25 01:30:00,0.0
2030-01-25 01:45:00,0.0
2030-01-25 02:00:00,0.0
2030-01-25 02:15:00,0.0
2030-01-25 02:30:00,0.0
2030-01-25 02:45:00,0.0
2030-01-25 03:00:00,0.0
2030-01-25 03:15:00,0.0
2030-01-25 03:30:00,0.0
2030-01-25 03:45:00,0.0
2030-01-25 04:00:00,0.0
2030-01-25 04:15:00,219.5738727802309
2030-01-25 04:30:00,363.9373400384866
2030-01-25 04:45:00,736.8141197574914
2030-01-25 05:00:00,1143.966009057025
2030-01-25 05:15:00,1381.318646451091
2030-01-25 05:30:00,1876.7613254212774
2030-01-25 05:45:00,2415.459713285327
2030-01-25 06:00:00,3247.732779262442
2030-01-25 06:15:00,3884.948376798342
2030-01-25 06:30:00,4252.97649687008
2030-01-25 06:45:00,4715.804656283923
2030-01-25 07:00:00,5236.677443367145
2030-01-25 07:15:00,5561.683164344384
2030-01-25 07:30:00,5815.728373271642
2030-01-25 07:45:00,5737.454568198053
2030-01-25 08:00:00,5751.052690235119
2030-01-25 08:15:00,5526.701105892989
2030-01-25 08:30:00,5289.524641121279
2030-01-25 08:45:00,5040.9924669501925
2030-01-25 09:00:00,4562.741235573267
2030-01-25 09:15:00,3958.9777396789123
2030-01-25 09:30:00,3519.6879144325667
2030-01-25 09:45:00,2990.0511966306076
2030-01-25 10:00:00,2510.275036455183
2030-01-25 10:15:00,1949.1489973247208
2030-01-25 10:30:00,1586.9854809570843
2030-01-25 10:45:00,899.3597870308276
2030-01-25 11:00:00,394.78708052755246
2030-01-25 11:15:00,0.0
2030-01-25 11:30:00,0.0
2030-01-25 11:45:00,0.0
2030-01-25 12:00:00,0.0
2030-01-25 12:15:00,0.0
2030-01-25 12:30:00,0.0
2030-01-25 12:45:00,0.0
2030-01-25 13:00:00,0.0
2030-01-25 13:15:00,0.0
2030-01-25 13:30:00,0.0
2030-01-25 13:45:00,0.0
2030-01-25 14:00:00,212.63231506035845
2030-01-25 14:15:00,405.3830807891136
2030-01-25 14:30:00,984.2402647893432
2030-01-25 14:45:00,1524.572610336967
2030-01-25 15:00:00,2169.7751583443132
2030-01-25 15:15:00,2596.0962452731874
2030-01-25 15:30:00,3174.6103240238153
2030-01-25 15:45:00,3298.816387816236
2030-01-25 16:00:00,3623.064530642576
2030-01-25 16:15:00,3923.0055208191297
2030-01-25 16:30:00,4393.0509711611885
2030-01-25 16:45:00,4456.657538809912
2030-01-25 17:00:00,4912.051149672032
2030-01-25 17:15:00,5112.477899604459
2030-01-25 17:30:00,5198.590485132074
2030-01-25 17:45:00,5005.569006264082
2030-01-25 18:00:00,4838.212637707104
2030-01-25 18:15:00,4559.249665184398
2030-01-25 18:30:00,4392.508305095615
2030-01-25 18:45:00,4406.82181391268
2030-01-25 19:00:00,4388.125175994133
2030-01-25 19:15:00,4225.720973700667
2030-01-25 19:30:00,4049.6683261311737
2030-01-25 19:45:00,3773.283514741408
2030-01-25 20:00:00,3331.6190288149955
2030-01-25 20:15:00,3022.8016487792065
2030-01-25 20:30:00,2416.758209998443
2030-01-25 20:45:00,1959.3882198379815
2030-01-25 21:00:00,1537.5096318877731
2030-01-25 21:15:00,1450.2771236325189
2030-01-25 21:30:00,1438.5914793636748
2030-01-25 21:45:00,1309.2257260429978
2030-01-25 22:00:00,849.5402970773157
2030-01-25 22:15:00,881.0144929821072
2030-01-25 22:30:00,443.1080317904143
2030-01-25 22:45:00,188.15905916761767
2030-01-25 23:00:00,0.0
2030-01-25 23:15:00,0.0
2030-01-25 23:30:00,0.0
2030-01-25 23:45:00,0.0
2030-01-26 00:00:00,0.0
2030-01-26 00:15:00,0.0
2030-01-26 00:30:00,0.0
2030-01-26 00:45:00,0.0
2030-01-26 01:00:00,0.0
2030-01-26 01:15:00,0.0
2030-01-26 01:30:00,0.0
2030-01-26 01:45:00,0.0
2030-01-26 02:00:00,0.0
2030-01-26 02:15:00,0.0
2030-01-26 02:30:00,0.0
2030-01-26 02:45:00,0.0
2030-01-26 03:00:00,0.0
2030-01-26 03:15:00,0.0
2030-01-26 03:30:00,0.0
2030-01-26 03:45:00,0.0
2030-01-26 04:00:00,113.69205506123217
2030-01-26 04:15:00,390.86643098079367
2030-01-26 04:30:00,643.7521570395238
2030-01-26 04:45:00,746.1414607295956
2030-01-26 05:00:00,896.6752717476429
2030-01-26 05:15:00,935.808854828927
2030-01-26 05:30:00,1150.160440314965
2030-01-26 05:45:00,1732.2383646812632
2030-01-26 06:00:00,2700.3841324337063
2030-01-26 06:15:00,3399.5351043990267
2030-01-26 06:30:00,3972.436191865372
2030-01-26 06:45:00,4326.055587289589
2030-01-26 07:00:00,4659.571445656857
2030-01-26 07:15:00,4615.283340267772
2030-01-26 07:30:00,4738.026216699414
2030-01-26 07:45:00,5001.803272407491
2030-01-26 08:00:00,5410.665092505176
2030-01-26 08:15:00,5415.483274522074
2030-01-26 08:30:00,5274.581249782808
2030-01-26 08:45:00,4893.242825118152
2030-01-26 09:00:00,4309.36141982964
2030-01-26 09:15:00,4061.5779063912087
2030-01-26 09:30:00,3619.2421871919996
2030-01-26 09:45:00,3239.2385416049747
2030-01-26 10:00:00,3083.4570734031204
2030-01-26 10:15:00,2824.01182267102
2030-01-26 10:30:00,2350.358872531013
2030-01-26 10:45:00,1845.6851553863962
2030-01-26 11:00:00,1390.0160112178419
2030-01-26 11:15:00,974.5390033901986
2030-01-26 11:30:00,0.0
2030-01-26 11:45:00,57.452539311661894
2030-01-26 12:00:00,0.0
2030-01-26 12:15:00,0.0
2030-01-26 12:30:00,0.0
2030-01-26 12:45:00,0.0
2030-01-26 13:00:00,0.0
2030-01-26 13:15:00,0.0
2030-01-26 13:30:00,0.0
2030-01-26 13:45:00,202.18892519554356
2030-01-26 14:00:00,440.5892050336788
2030-01-26 14:15:00,944.8851643788566
2030-01-26 14:30:00,1493.8238486748378
2030-01-26 14:45:00,2118.7860481171883
2030-01-26 15:00:00,2724.1110374708333
2030-01-26 15:15:00,3301.7105912995466
2030-01-26 15:30:00,3836.1759130269074
2030-01-26 15:45:00,4358.08066555726
2030-01-26 16:00:00,5086.734508062211
2030-01-26 16:15:00,5483.359492773896
2030-01-26 16:30:00,5651.360615296297
2030-01-26 16:45:00,5675.133954400539
2030-01-26 17:00:00,5667.613103211435
2030-01-26 17:15:00,5734.436847481218
2030-01-26 17:30:00,5556.529217707808
2030-01-26 17:45:00,5248.645224700351
2030-01-26 18:00:00,4968.7266986694085
2030-01-26 18:15:00,4529.170424850141
2030-01-26 18:30:00,4392.741000524076
2030-01-26 18:45:00,4226.292161150599
2030-01-26 19:00:00,4137.240148457735
2030-01-26 19:15:00,3626.202126480739
2030-01-26 19:30:00,2934.6133886070747
2030-01-26 19:45:00,2495.6820279087824
2030-01-26 20:00:00,1685.3811515713023
2030-01-26 20:15:00,1042.6269150668395
2030-01-26 20:30:00,759.0330415555272
2030-01-26 20:45:00,659.0148110985865
2030-01-26 21:00:00,384.3341035572648
2030-01-26 21:15:00,0.0
2030-01-26 21:30:00,0.0
2030-01-26 21:45:00,0.0
2030-01-26 22:00:00,0.0
2030-01-26 22:15:00,0.0
2030-01-26 22:30:00,0.0
2030-01-26 22:45:00,0.0
2030-01-26 23:00:00,0.0
2030-01-26 23:15:00,0.0
2030-01-26 23:30:00,0.0
2030-01-26 23:45:00,0.0
2030-01-27 00:00:00,0.0
2030-01-27 00:15:00,0.0
2030-01-27 00:30:00,0.0
2030-01-27 00:45:00,0.0
2030-01-27 01:00:00,0.0
2030-01-27 01:15:00,0.0
2030-01-27 01:30:00,0.0
2030-01-27 01:45:00,0.0
2030-01-27 02:00:00,0.0
2030-01-27 02:15:00,0.0
2030-01-27 02:30:00,0.0
2030-01-27 02:45:00,0.0
2030-01-27 03:00:00,0.0
2030-01-27 03:15:00,0.0
2030-01-27 03:30:00,0.0
2030-01-27 03:45:00,0.0
2030-01-27 04:00:00,0.0
2030-01-27 04:15:00,0.0
2030-01-27 04:30:00,0.0
2030-01-27 04:45:00,0.0
2030-01-27 05:00:00,0.0
2030-01-27 05:15:00,0.0
2030-01-27 05:30:00,0.0
2030-01-27 05:45:00,0.0
2030-01-27 06:00:00,0.0
2030-01-27 06:15:00,0.0
2030-01-27 06:30:00,0.0
2030-01-27 06:45:00,0.0
2030-01-27 07:00:00,0.0
2030-01-27 07:15:00,0.0
2030-01-27 07:30:00,0.0
2030-01-27 07:45:00,76.30248836437022
2030-01-27 08:00:00,567.262770938918
2030-01-27 08:15:00,719.33213800458
2030-01-27 08:30:00,614.557047866987
2030-01-27 08:45:00,581.1863707732464
2030-01-27 09:00:00,26.721273230237784
2030-01-27 09:15:00,0.0
2030-01-27 09:30:00,0.0
2030-01-27 09:45:00,0.0
2030-01-27 10:00:00,0.0
2030-01-27 10:15:00,0.0
2030-01-27 10:30:00,0.0
2030-01-27 10:45:00,0.0
2030-01-27 11:00:00,0.0
2030-01-27 11:15:00,0.0
2030-01-27 11:30:00,0.0
2030-01-27 11:45:00,0.0
2030-01-27 12:00:00,0.0
2030-01-27 12:15:00,0.0
2030-01-27 12:30:00,0.0
2030-01-27 12:45:00,0.0
2030-01-27 13:00:00,0.0
2030-01-27 13:15:00,0.0
2030-01-27 13:30:00,0.0
2030-01-27 13:45:00,0.0
2030-01-27 14:00:00,0.0
2030-01-27 14:15:00,0.0
2030-01-27 14:30:00,0.0
2030-01-27 14:45:00,0.0
2030-01-27 15:00:00,0.0
2030-01-27 15:15:00,0.0
2030-01-27 15:30:00,0.0
2030-01-27 15:45:00,0.0
2030-01-27 16:00:00,0.0
2030-01-27 16:15:00,0.0
2030-01-27 16:30:00,386.59503240765844
2030-01-27 16:45:00,860.8623278387331
2030-01-27 17:00:00,1226.2629217829672
2030-01-27 17:15:00,1604.400963863116
2030-01-27 17:30:00,1834.571371626449
2030-01-27 17:45:00,2186.1302089528126
2030-01-27 18:00:00,2398.022742485242
2030-01-27 18:15:00,2410.752223088064
2030-01-27 18:30:00,2566.410172213633
2030-01-27 18:45:00,2663.5678958758344
2030-01-27 19:00:00,2619.681365217517
2030-01-27 19:15:00,2639.0436593240047
2030-01-27 19:30:00,2675.5794716297005
2030-01-27 19:45:00,2537.601943092017
2030-01-27 20:00:00,2110.6513293507087
2030-01-27 20:15:00,2070.927921584933
2030-01-27 20:30:00,2060.0830123065716
2030-01-27 20:45:00,1924.7647263774215
2030-01-27 21:00:00,1779.8913360339902
2030-01-27 21:15:00,1697.3070439123749
2030-01-27 21:30:00,1635.5348684097407
2030-01-27 21:45:00,1371.6443895959928
2030-01-27 22:00:00,1408.571438837931
2030-01-27 22:15:00,1164.845473131074
2030-01-27 22:30:00,805.7637009932569
2030-01-27 22:45:00,482.3854071826063
2030-01-27 23:00:00,113.54871913182433
2030-01-27 23:15:00,0.0
2030-01-27 23:30:00,0.0
2030-01-27 23:45:00,0.0
2030-01-28 00:00:00,0.0
2030-01-28 00:15:00,0.0
2030-01-28 00:30:00,0.0
2030-01-28 00:45:00,0.0
2030-01-28 01:00:00,0.0
2030-01-28 01:15:00,0.0
2030-01-28 01:30:00,0.0
2030-01-28 01:45:00,0.0
2030-01-28 02:00:00,0.0
2030-01-28 02:15:00,0.0
2030-01-28 02:30:00,0.0
2030-01-28 02:45:00,0.0
2030-01-28 03:00:00,0.0
2030-01-28 03:15:00,0.0
2030-01-28 03:30:00,0.0
2030-01-28 03:45:00,0.0
2030-01-28 04:00:00,0.0
2030-01-28 04:15:00,0.0
2030-01-28 04:30:00,0.0
2030-01-28 04:45:00,0.0
2030-01-28 05:00:00,0.0
2030-01-28 05:15:00,0.0
2030-01-28 05:30:00,0.0
2030-01-28 05:45:00,0.0
2030-01-28 06:00:00,0.0
2030-01-28 06:15:00,0.0
2030-01-28 06:30:00,0.0
2030-01-28 06:45:00,0.0
2030-01-28 07:00:00,0.0
2030-01-28 07:15:00,0.0
2030-01-28 07:30:00,0.0
2030-01-28 07:45:00,0.0
2030-01-28 08:00:00,0.0
2030-01-28 08:15:00,0.0
2030-01-28 08:30:00,0.0
2030-01-28 08:45:00,0.0
2030-01-28 09:00:00,0.0
2030-01-28 09:15:00,0.0
2030-01-28 09:30:00,0.0
2030-01-28 09:45:00,0.0
2030-01-28 10:00:00,0.0
2030-01-28 10:15:00,0.0
2030-01-28 10:30:00,0.0
2030-01-28 10:45:00,0.0
2030-01-28 11:00:00,0.0
2030-01-28 11:15:00,0.0
2030-01-28 11:30:00,0.0
2030-01-28 11:45:00,0.0
2030-01-28 12:00:00,0.0
2030-01-28 12:15:00,0.0
2030-01-28 12:30:00,0.0
2030-01-28 12:45:00,0.0
2030-01-28 13:00:00,0.0
2030-01-28 13:15:00,0.0
2030-01-28 13:30:00,0.0
2030-01-28 13:45:00,0.0
2030-01-28 14:00:00,0.0
2030-01-28 14:15:00,0.0
2030-01-28 14:30:00,0.0
2030-01-28 14:45:00,0.0
2030-01-28 15:00:00,0.0
2030-01-28 15:15:00,0.0
2030-01-28 15:30:00,0.0
2030-01-28 15:45:00,0.0
2030-01-28 16:00:00,0.0
2030-01-28 16:15:00,0.0
2030-01-28 16:30:00,0.0
2030-01-28 16:45:00,0.0
2030-01-28 17:00:00,0.0
2030-01-28 17:15:00,0.0
2030-01-28 17:30:00,78.46101309166261
2030-01-28 17:45:00,0.0
2030-01-28 18:00:00,0.0
2030-01-28 18:15:00,0.0
2030-01-28 18:30:00,0.0
2030-01-28 18:45:00,0.0
2030-01-28 19:00:00,0.0
2030-01-28 19:15:00,0.0
2030-01-28 19:30:00,0.0
2030-01-28 19:45:00,0.0
2030-01-28 20:00:00,0.0
2030-01-28 20:15:00,0.0
2030-01-28 20:30:00,0.0
2030-01-28 20:45:00,0.0
2030-01-28 21:00:00,0.0
2030-01-28 21:15:00,0.0
2030-01-28 21:30:00,0.0
2030-01-28 21:45:00,0.0
2030-01-28 22:00:00,0.0
2030-01-28 22:15:00,0.0
2030-01-28 22:30:00,0.0
2030-01-28 22:45:00,0.0
2030-01-28 23:00:00,0.0
2030-01-28 23:15:00,0.0
2030-01-28 23:30:00,0.0
2030-01-28 23:45:00,0.0
2030-01-29 00:00:00,0.0
2030-01-29 00:15:00,0.0
2030-01-29 00:30:00,0.0
2030-01-29 00:45:00,0.0
2030-01-29 01:00:00,0.0
2030-01-29 01:15:00,0.0
2030-01-29 01:30:00,0.0
2030-01-29 01:45:00,0.0
2030-01-29 02:00:00,0.0
2030-01-29 02:15:00,0.0
2030-01-29 02:30:00,0.0
2030-01-29 02:45:00,0.0
2030-01-29 03:00:00,0.0
2030-01-29 03:15:00,0.0
2030-01-29 03:30:00,0.0
2030-01-29 03:45:00,0.0
2030-01-29 04:00:00,0.0
2030-01-29 04:15:00,0.0
2030-01-29 04:30:00,0.0
2030-01-29 04:45:00,0.0
2030-01-29 05:00:00,0.0
2030-01-29 05:15:00,0.0
2030-01-29 05:30:00,0.0
2030-01-29 05:45:00,0.0
2030-01-29 06:00:00,0.0
2030-01-29 06:15:00,0.0
2030-01-29 06:30:00,0.0
2030-01-29 06:45:00,0.0
2030-01-29 07:00:00,0.0
2030-01-29 07:15:00,0.0
2030-01-29 07:30:00,0.0
2030-01-29 07:45:00,0.0
2030-01-29 08:00:00,0.0
2030-01-29 08:15:00,0.0
2030-01-29 08:30:00,0.0
2030-01-29 08:45:00,0.0
2030-01-29 09:00:00,0.0
2030-01-29 09:15:00,0.0
2030-01-29 09:30:00,0.0
2030-01-29 09:45:00,0.0
2030-01-29 10:00:00,0.0
2030-01-29 10:15:00,0.0
2030-01-29 10:30:00,0.0
2030-01-29 10:45:00,0.0
2030-01-29 11:00:00,0.0
2030-01-29 11:15:00,0.0
2030-01-29 11:30:00,0.0
2030-01-29 11:45:00,0.0
2030-01-29 12:00:00,0.0
2030-01-29 12:15:00,0.0
2030-01-29 12:30:00,0.0
2030-01-29 12:45:00,0.0
2030-01-29 13:00:00,0.0
2030-01-29 13:15:00,0.0
2030-01-29 13:30:00,0.0
2030-01-29 13:45:00,0.0
2030-01-29 14:00:00,0.0
2030-01-29 14:15:00,0.0
2030-01-29 14:30:00,0.0
2030-01-29 14:45:00,0.0
2030-01-29 15:00:00,0.0
2030-01-29 15:15:00,0.0
2030-01-29 15:30:00,0.0
2030-01-29 15:45:00,0.0
2030-01-29 16:00:00,0.0
2030-01-29 16:15:00,0.0
2030-01-29 16:30:00,0.0
2030-01-29 16:45:00,0.0
2030-01-29 17:00:00,0.0
2030-01-29 17:15:00,0.0
2030-01-29 17:30:00,0.0
2030-01-29 17:45:00,0.0
2030-01-29 18:00:00,0.0
2030-01-29 18:15:00,0.0
2030-01-29 18:30:00,0.0
2030-01-29 18:45:00,0.0
2030-01-29 19:00:00,0.0
2030-01-29 19:15:00,0.0
2030-01-29 19:30:00,0.0
2030-01-29 19:45:00,0.0
2030-01-29 20:00:00,0.0
2030-01-29 20:15:00,0.0
2030-01-29 20:30:00,0.0
2030-01-29 20:45:00,0.0
2030-01-29 21:00:00,0.0
2030-01-29 21:15:00,0.0
2030-01-29 21:30:00,0.0
2030-01-29 21:45:00,0.0
2030-01-29 22:00:00,0.0
2030-01-29 22:15:00,0.0
2030-01-29 22:30:00,0.0
2030-01-29 22:45:00,0.0
2030-01-29 23:00:00,0.0
2030-01-29 23:15:00,0.0
2030-01-29 23:30:00,0.0
2030-01-29 23:45:00,0.0
2030-01-30 00:00:00,0.0
2030-01-30 00:15:00,0.0
2030-01-30 00:30:00,0.0
2030-01-30 00:45:00,0.0
2030-01-30 01:00:00,0.0
2030-01-30 01:15:00,0.0
2030-01-30 01:30:00,0.0
2030-01-30 01:45:00,0.0
2030-01-30 02:00:00,0.0
2030-01-30 02:15:00,0.0
2030-01-30 02:30:00,0.0
2030-01-30 02:45:00,0.0
2030-01-30 03:00:00,0.0
2030-01-30 03:15:00,0.0
2030-01-30 03:30:00,0.0
2030-01-30 03:45:00,0.0
2030-01-30 04:00:00,0.0
2030-01-30 04:15:00,0.0
2030-01-30 04:30:00,0.0
2030-01-30 04:45:00,0.0
2030-01-30 05:00:00,0.0
2030-01-30 05:15:00,0.0
2030-01-30 05:30:00,0.0
2030-01-30 05:45:00,0.0
2030-01-30 06:00:00,0.0
2030-01-30 06:15:00,0.0
2030-01-30 06:30:00,0.0
2030-01-30 06:45:00,0.0
2030-01-30 07:00:00,0.0
2030-01-30 07:15:00,0.0
2030-01-30 07:30:00,0.0
2030-01-30 07:45:00,0.0
2030-01-30 08:00:00,0.0
2030-01-30 08:15:00,0.0
2030-01-30 08:30:00,0.0
2030-01-30 08:45:00,0.0
2030-01-30 09:00:00,0.0
2030-01-30 09:15:00,0.0
2030-01-30 09:30:00,0.0
2030-01-30 09:45:00,0.0
2030-01-30 10:00:00,0.0
2030-01-30 10:15:00,0.0
2030-01-30 10:30:00,0.0
2030-01-30 10:45:00,0.0
2030-01-30 11:00:00,0.0
2030-01-30 11:15:00,0.0
2030-01-30 11:30:00,0.0
2030-01-30 11:45:00,0.0
2030-01-30 12:00:00,0.0
2030-01-30 12:15:00,0.0
2030-01-30 12:30:00,0.0
2030-01-30 12:45:00,0.0
2030-01-30 13:00:00,0.0
2030-01-30 13:15:00,0.0
2030-01-30 13:30:00,0.0
2030-01-30 13:45:00,-9363.457292984345
2030-01-30 14:00:00,-9895.321034039072
2030-01-30 14:15:00,-9512.51787392499
2030-01-30 14:30:00,-9068.953702651394
2030-01-30 14:45:00,-8389.115850402002
2030-01-30 15:00:00,-7311.32095907192
2030-01-30 15:15:00,-6419.463821134275
2030-01-30 15:30:00,-5867.045415163859
2030-01-30 15:45:00,-4873.110070981398
2030-01-30 16:00:00,-3755.2358177559654
2030-01-30 16:15:00,-3117.472280913098
2030-01-30 16:30:00,-2678.193265821097
2030-01-30 16:45:00,-2202.3857098916196
2030-01-30 17:00:00,-2186.050819326774
2030-01-30 17:15:00,-1937.7635246239442
2030-01-30 17:30:00,-1816.2566987491227
2030-01-30 17:45:00,-1950.785676573454
2030-01-30 18:00:00,-2249.2118742203966
2030-01-30 18:15:00,-2348.9130202745873
2030-01-30 18:30:00,-2291.4151568635607
2030-01-30 18:45:00,-2205.1005706965625
2030-01-30 19:00:00,-2381.9011637772965
2030-01-30 19:15:00,-2752.5057983885963
2030-01-30 19:30:00,-2863.6360358014826
2030-01-30 19:45:00,-2864.1584199374993
2030-01-30 20:00:00,-3085.5942356964006
2030-01-30 20:15:00,-3226.7292423625913
2030-01-30 20:30:00,-3450.4468790922874
2030-01-30 20:45:00,-2834.573061849067
2030-01-30 21:00:00,-2693.662196581179
2030-01-30 21:15:00,-2681.998162286589
2030-01-30 21:30:00,-2716.516400847966
2030-01-30 21:45:00,-2656.2482516823693
2030-01-30 22:00:00,-2836.9366898708504
2030-01-30 22:15:00,-2987.1607117908134
2030-01-30 22:30:00,-2892.7372866206897
2030-01-30 22:45:00,-2935.4456988077436
2030-01-30 23:00:00,-2803.926733042452
2030-01-30 23:15:00,-2629.891283650086
2030-01-30 23:30:00,-2658.284639130812
2030-01-30 23:45:00,-2845.671012130093
2030-01-31 00:00:00,-3558.6705716982615
2030-01-31 00:15:00,-3785.5634712297215
2030-01-31 00:30:00,-3954.0332922956404
2030-01-31 00:45:00,-3992.8804399235596
2030-01-31 01:00:00,-4108.554096990727
2030-01-31 01:15:00,-4170.865870903712
2030-01-31 01:30:00,-4271.575063310742
2030-01-31 01:45:00,-4315.876480159222
2030-01-31 02:00:00,-4147.8674807586685
2030-01-31 02:15:00,-3893.7518354789318
2030-01-31 02:30:00,-3924.4026897539843
2030-01-31 02:45:00,-3870.269224745429
2030-01-31 03:00:00,-3804.0432381181527
2030-01-31 03:15:00,-3878.4763458322122
2030-01-31 03:30:00,-3696.6039581354744
2030-01-31 03:45:00,-3641.2331206906347
2030-01-31 04:00:00,-3397.4804703592126
2030-01-31 04:15:00,-3238.219042071196
2030-01-31 04:30:00,-3069.504711904545
2030-01-31 04:45:00,-2861.9396743959915
2030-01-31 05:00:00,-2219.2851878959445
2030-01-31 05:15:00,-1826.1090263276965
2030-01-31 05:30:00,-1471.8005271521106
2030-01-31 05:45:00,-1303.356867298462
2030-01-31 06:00:00,-351.47863301417965
2030-01-31 06:15:00,0.0
2030-01-31 06:30:00,0.0
2030-01-31 06:45:00,0.0
2030-01-31 07:00:00,0.0
2030-01-31 07:15:00,0.0
2030-01-31 07:30:00,0.0
2030-01-31 07:45:00,0.0
2030-01-31 08:00:00,0.0
2030-01-31 08:15:00,0.0
2030-01-31 08:30:00,0.0
2030-01-31 08:45:00,0.0
2030-01-31 09:00:00,0.0
2030-01-31 09:15:00,0.0
2030-01-31 09:30:00,0.0
2030-01-31 09:45:00,0.0
2030-01-31 10:00:00,0.0
2030-01-31 10:15:00,0.0
2030-01-31 10:30:00,-5218.339916540117
2030-01-31 10:45:00,-6003.774370571722
2030-01-31 11:00:00,-6212.2109065711265
2030-01-31 11:15:00,-6671.291642456221
2030-01-31 11:30:00,-7219.891197132936
2030-01-31 11:45:00,-7579.024633834273
2030-01-31 12:00:00,-7996.997545748323
2030-01-31 12:15:00,-7783.332564731176
2030-01-31 12:30:00,-7224.078185315575
2030-01-31 12:45:00,-7232.781044171668
2030-01-31 13:00:00,-7099.810526798094
2030-01-31 13:15:00,-7374.64326953602
2030-01-31 13:30:00,-7132.10791807971
2030-01-31 13:45:00,-7127.470134713145
2030-01-31 14:00:00,-7181.281409626652
2030-01-31 14:15:00,-7006.955043870454
2030-01-31 14:30:00,-6627.052092555779
2030-01-31 14:45:00,-6571.664400914244
2030-01-31 15:00:00,-6421.66157498095
2030-01-31 15:15:00,-6025.757535469042
2030-01-31 15:30:00,-5579.12531723814
2030-01-31 15:45:00,-5189.3543304553095
2030-01-31 16:00:00,-4922.067819390551
2030-01-31 16:15:00,-4843.997866771275
2030-01-31 16:30:00,-4689.555213662225
2030-01-31 16:45:00,-4537.448727272589
2030-01-31 17:00:00,-4118.3849721961815
2030-01-31 17:15:00,-3947.894069323229
2030-01-31 17:30:00,-3834.2684317065978
2030-01-31 17:45:00,-3602.91106462467
2030-01-31 18:00:00,-3530.005955348599
2030-01-31 18:15:00,-3289.6859112226703
2030-01-31 18:30:00,-3313.0065453085444
2030-01-31 18:45:00,-3214.337364000843
2030-01-31 19:00:00,-3108.828943391516
2030-01-31 19:15:00,-3306.965639657694
2030-01-31 19:30:00,-3593.152846485209
2030-01-31 19:45:00,-3815.2431124776886
2030-01-31 20:00:00,-4143.29390154772
2030-01-31 20:15:00,-4441.5913555105
2030-01-31 20:30:00,-4756.080409588143
2030-01-31 20:45:00,-5067.251366079618
2030-01-31 21:00:00,-5519.224962265194
2030-01-31 21:15:00,-5796.713890837313
2030-01-31 21:30:00,-6222.748239578792
2030-01-31 21:45:00,-6409.803623334457
2030-01-31 22:00:00,-6288.034618761765
2030-01-31 22:15:00,-6409.678554450686
2030-01-31 22:30:00,-6946.656255490216
2030-01-31 22:45:00,-7246.894972837996
2030-01-31 23:00:00,-7340.890345331241
2030-01-31 23:15:00,-7377.495583391807
2030-01-31 23:30:00,-7654.080801154891
2030-01-31 23:45:00,-8076.773493971239
2030-02-01 00:00:00,-8472.028074704056
2030-02-01 00:15:00,-8435.664094817064
2030-02-01 00:30:00,-8549.462877128506
2030-02-01 00:45:00,-8676.823602559372
2030-02-01 01:00:00,-8768.077905778217
2030-02-01 01:15:00,-9151.113797493465
2030-02-01 01:30:00,-9470.686653038178
2030-02-01 01:45:00,-9575.545377579092
2030-02-01 02:00:00,-9269.786806654516
2030-02-01 02:15:00,-9157.556315394246
2030-02-01 02:30:00,-8991.515731684001
2030-02-01 02:45:00,-9201.358370079695
2030-02-01 03:00:00,-9858.561138199948
2030-02-01 03:15:00,-9945.849361956247
2030-02-01 03:30:00,-10039.54664865828
2030-02-01 03:45:00,-9964.349274409495
2030-02-01 04:00:00,-9973.716533552375
2030-02-01 04:15:00,-10127.075190192925
2030-02-01 04:30:00,-9945.50026930192
2030-02-01 04:45:00,-10039.719486761085
2030-02-01 05:00:00,-9807.72732381279
2030-02-01 05:15:00,-9519.13947706165
2030-02-01 05:30:00,-9343.272650286468
2030-02-01 05:45:00,-8722.768448251943
2030-02-01 06:00:00,-7514.952303231345
2030-02-01 06:15:00,-6782.075225213481
2030-02-01 06:30:00,-6383.056759898598
2030-02-01 06:45:00,-5952.202886627347
2030-02-01 07:00:00,-5785.562417633053
2030-02-01 07:15:00,-5510.486889731601
2030-02-01 07:30:00,-5247.866688558184
2030-02-01 07:45:00,-5022.11806119695
2030-02-01 08:00:00,-4834.415585415834
2030-02-01 08:15:00,-4967.46679709091
2030-02-01 08:30:00,-5338.878996297975
2030-02-01 08:45:00,-5564.096580647849
2030-02-01 09:00:00,-6090.671311300612
2030-02-01 09:15:00,-6670.059878228982
2030-02-01 09:30:00,-7324.686686655114
2030-02-01 09:45:00,-7968.7633593887
2030-02-01 10:00:00,-8322.032200563455
2030-02-01 10:15:00,-8894.468456172945
2030-02-01 10:30:00,-9500.451257588837
2030-02-01 10:45:00,-9926.186689561251
2030-02-01 11:00:00,-10061.066677603245
2030-02-01 11:15:00,-10167.24383895814
2030-02-01 11:30:00,-10397.78147774643
2030-02-01 11:45:00,-10545.096156473224
2030-02-01 12:00:00,-10594.666329551095
2030-02-01 12:15:00,-10396.995201649654
2030-02-01 12:30:00,-10186.372768694131
2030-02-01 12:45:00,-10207.237714001407
2030-02-01 13:00:00,-10196.350176314892
2030-02-01 13:15:00,-10157.066301513805
2030-02-01 13:30:00,-9796.207135990582
2030-02-01 13:45:00,-9689.137769210403
2030-02-01 14:00:00,-9595.288286827556
2030-02-01 14:15:00,-9278.183182863639
2030-02-01 14:30:00,-8616.429772083233
2030-02-01 14:45:00,-8007.2211647143195
2030-02-01 15:00:00,-7239.267139263451
2030-02-01 15:15:00,-6839.183909298401
2030-02-01 15:30:00,-6566.566244571677
2030-02-01 15:45:00,-6363.883350755004
2030-02-01 16:00:00,-5997.897356161087
2030-02-01 16:15:00,-5682.390924832664
2030-02-01 16:30:00,-5327.4758356880775
2030-02-01 16:45:00,-5121.0434032091725
2030-02-01 17:00:00,-4848.422959974087
2030-02-01 17:15:00,-4543.831430214341
2030-02-01 17:30:00,-4221.462534953738
2030-02-01 17:45:00,-4050.612891580553
2030-02-01 18:00:00,-4160.434833604249
2030-02-01 18:15:00,-4264.721931191911
2030-02-01 18:30:00,-4253.691836013801
2030-02-01 18:45:00,-4361.903858440841
2030-02-01 19:00:00,-4696.539782509899
2030-02-01 19:15:00,-4839.380779126481
2030-02-01 19:30:00,-4964.153490362314
2030-02-01 19:45:00,-5052.865373788867
2030-02-01 20:00:00,-5084.628081059764
2030-02-01 20:15:00,-5401.581606357722
2030-02-01 20:30:00,-5602.133070657361
2030-02-01 20:45:00,-5962.30671115981
2030-02-01 21:00:00,-6153.41366599809
2030-02-01 21:15:00,-6146.892502430455
2030-02-01 21:30:00,-6371.14609079167
2030-02-01 21:45:00,-6811.082666359616
2030-02-01 22:00:00,-6884.803769963517
2030-02-01 22:15:00,-7101.755698608384
2030-02-01 22:30:00,-7549.03549495932
2030-02-01 22:45:00,-7977.6388963262725
2030-02-01 23:00:00,-6676.950568860288
2030-02-01 23:15:00,-6546.60015985302
2030-02-01 23:30:00,-6452.978654053586
2030-02-01 23:45:00,-6822.261072586516
2030-02-02 00:00:00,-6747.5793560662605
2030-02-02 00:15:00,-6761.776972384978
2030-02-02 00:30:00,-6633.670303935389
2030-02-02 00:45:00,-6599.823364196083
2030-02-02 01:00:00,-6613.149706466407
2030-02-02 01:15:00,-6371.408316079178
2030-02-02 01:30:00,-6076.989039989512
2030-02-02 01:45:00,-6167.857430381904
2030-02-02 02:00:00,-6113.473108872258
2030-02-02 02:15:00,-6263.524305428182
2030-02-02 02:30:00,-5875.167593767925
2030-02-02 02:45:00,-5585.51414661781
2030-02-02 03:00:00,-5794.176450158517
2030-02-02 03:15:00,-5532.340061275649
2030-02-02 03:30:00,-5371.464709263619
2030-02-02 03:45:00,-5342.5330621406065
2030-02-02 04:00:00,-5037.013218707649
2030-02-02 04:15:00,-5339.721009935638
2030-02-02 04:30:00,-5395.908134808633
2030-02-02 04:45:00,-5278.522666427994
2030-02-02 05:00:00,-4143.716859683631
2030-02-02 05:15:00,-3759.5009431541184
2030-02-02 05:30:00,-3093.7194709142495
2030-02-02 05:45:00,-2469.449023152847
2030-02-02 06:00:00,-1527.179839344859
2030-02-02 06:15:00,-668.5193871128031
2030-02-02 06:30:00,0.0
2030-02-02 06:45:00,0.0
2030-02-02 07:00:00,0.0
2030-02-02 07:15:00,0.0
2030-02-02 07:30:00,0.0
2030-02-02 07:45:00,0.0
2030-02-02 08:00:00,0.0
2030-02-02 08:15:00,0.0
2030-02-02 08:30:00,0.0
2030-02-02 08:45:00,0.0
2030-02-02 09:00:00,0.0
2030-02-02 09:15:00,0.0
2030-02-02 09:30:00,0.0
2030-02-02 09:45:00,0.0
2030-02-02 10:00:00,0.0
2030-02-02 10:15:00,0.0
2030-02-02 10:30:00,0.0
2030-02-02 10:45:00,0.0
2030-02-02 11:00:00,0.0
2030-02-02 11:15:00,0.0
2030-02-02 11:30:00,0.0
2030-02-02 11:45:00,0.0
2030-02-02 12:00:00,0.0
2030-02-02 12:15:00,0.0
2030-02-02 12:30:00,0.0
2030-02-02 12:45:00,0.0
2030-02-02 13:00:00,0.0
2030-02-02 13:15:00,0.0
2030-02-02 13:30:00,0.0
2030-02-02 13:45:00,0.0
2030-02-02 14:00:00,0.0
2030-02-02 14:15:00,0.0
2030-02-02 14:30:00,0.0
2030-02-02 14:45:00,0.0
2030-02-02 15:00:00,0.0
2030-02-02 15:15:00,0.0
2030-02-02 15:30:00,0.0
2030-02-02 15:45:00,0.0
2030-02-02 16:00:00,0.0
2030-02-02 16:15:00,0.0
2030-02-02 16:30:00,0.0
2030-02-02 16:45:00,0.0
2030-02-02 17:00:00,0.0
2030-02-02 17:15:00,0.0
2030-02-02 17:30:00,0.0
2030-02-02 17:45:00,0.0
2030-02-02 18:00:00,0.0
2030-02-02 18:15:00,0.0
2030-02-02 18:30:00,0.0
2030-02-02 18:45:00,0.0
2030-02-02 19:00:00,0.0
2030-02-02 19:15:00,2814.716834083636
2030-02-02 19:30:00,2697.5395987623106
2030-02-02 19:45:00,2140.7909138442938
2030-02-02 20:00:00,1617.347955750247
2030-02-02 20:15:00,1008.4468308159176
2030-02-02 20:30:00,300.0240316882464
2030-02-02 20:45:00,0.0
2030-02-02 21:00:00,0.0
2030-02-02 21:15:00,0.0
2030-02-02 21:30:00,0.0
2030-02-02 21:45:00,0.0
2030-02-02 22:00:00,0.0
2030-02-02 22:15:00,0.0
2030-02-02 22:30:00,0.0
2030-02-02 22:45:00,0.0
2030-02-02 23:00:00,0.0
2030-02-02 23:15:00,0.0
2030-02-02 23:30:00,0.0
2030-02-02 23:45:00,0.0
2030-02-03 00:00:00,0.0
2030-02-03 00:15:00,0.0
2030-02-03 00:30:00,0.0
2030-02-03 00:45:00,0.0
2030-02-03 01:00:00,0.0
2030-02-03 01:15:00,0.0
2030-02-03 01:30:00,0.0
2030-02-03 01:45:00,0.0
2030-02-03 02:00:00,0.0
2030-02-03 02:15:00,0.0
2030-02-03 02:30:00,0.0
2030-02-03 02:45:00,0.0
2030-02-03 03:00:00,0.0
2030-02-03 03:15:00,0.0
2030-02-03 03:30:00,0.0
2030-02-03 03:45:00,0.0
2030-02-03 04:00:00,0.0
2030-02-03 04:15:00,0.0
2030-02-03 04:30:00,0.0
2030-02-03 04:45:00,0.0
2030-02-03 05:00:00,0.0
2030-02-03 05:15:00,0.0
2030-02-03 05:30:00,0.0
2030-02-03 05:45:00,0.0
2030-02-03 06:00:00,0.0
2030-02-03 06:15:00,0.0
2030-02-03 06:30:00,0.0
2030-02-03 06:45:00,0.0
2030-02-03 07:00:00,0.0
2030-02-03 07:15:00,0.0
2030-02-03 07:30:00,0.0
2030-02-03 07:45:00,0.0
2030-02-03 08:00:00,0.0
2030-02-03 08:15:00,0.0
2030-02-03 08:30:00,0.0
2030-02-03 08:45:00,0.0
2030-02-03 09:00:00,0.0
2030-02-03 09:15:00,0.0
2030-02-03 09:30:00,0.0
2030-02-03 09:45:00,0.0
2030-02-03 10:00:00,0.0
2030-02-03 10:15:00,0.0
2030-02-03 10:30:00,0.0
2030-02-03 10:45:00,0.0
2030-02-03 11:00:00,0.0
2030-02-03 11:15:00,0.0
2030-02-03 11:30:00,0.0
2030-02-03 11:45:00,0.0
2030-02-03 12:00:00,0.0
2030-02-03 12:15:00,0.0
2030-02-03 12:30:00,0.0
2030-02-03 12:45:00,0.0
2030-02-03 13:00:00,0.0
2030-02-03 13:15:00,0.0
2030-02-03 13:30:00,0.0
2030-02-03 13:45:00,0.0
2030-02-03 14:00:00,0.0
2030-02-03 14:15:00,0.0
2030-02-03 14:30:00,0.0
2030-02-03 14:45:00,0.0
2030-02-03 15:00:00,0.0
2030-02-03 15:15:00,0.0
2030-02-03 15:30:00,0.0
2030-02-03 15:45:00,0.0
2030-02-03 16:00:00,0.0
2030-02-03 16:15:00,-3440.3854694662805
2030-02-03 16:30:00,-4940.975494449296
2030-02-03 16:45:00,-4537.737847901495
2030-02-03 17:00:00,-3924.8511915581294
2030-02-03 17:15:00,-3564.9093153106005
2030-02-03 17:30:00,-3311.0774290312256
2030-02-03 17:45:00,-3155.41369190544
2030-02-03 18:00:00,-3293.09424323868
2030-02-03 18:15:00,-3502.9580875660286
2030-02-03 18:30:00,-3774.0786971035996
2030-02-03 18:45:00,-4276.144047682759
2030-02-03 19:00:00,-4858.287574642596
2030-02-03 19:15:00,-5129.3203915793965
2030-02-03 19:30:00,-5026.794241964832
2030-02-03 19:45:00,-5152.180962971899
2030-02-03 20:00:00,-5455.586041167004
2030-02-03 20:15:00,-5456.151169819936
2030-02-03 20:30:00,-5813.675365176168
2030-02-03 20:45:00,-5831.484105141746
2030-02-03 21:00:00,-5407.578314165839
2030-02-03 21:15:00,-5706.815436540259
2030-02-03 21:30:00,-5941.973094676268
2030-02-03 21:45:00,-5686.62607204121
2030-02-03 22:00:00,-4995.785467067428
2030-02-03 22:15:00,-4890.782745971115
2030-02-03 22:30:00,-4865.35651840155
2030-02-03 22:45:00,-5025.737712616217
2030-02-03 23:00:00,-5058.564746315889
2030-02-03 23:15:00,-5228.571551875408
2030-02-03 23:30:00,-5113.390203327108
2030-02-03 23:45:00,-4928.223201356261
2030-02-04 00:00:00,-5074.347802669581
2030-02-04 00:15:00,-4903.7577713429055
2030-02-04 00:30:00,-4701.779857037924
2030-02-04 00:45:00,-4031.1387815635753
2030-02-04 01:00:00,-3852.3950912556575
2030-02-04 01:15:00,-3645.617171802649
2030-02-04 01:30:00,-3289.9554148873103
2030-02-04 01:45:00,-2899.558362963904
2030-02-04 02:00:00,-2565.4919841529336
2030-02-04 02:15:00,-2213.9997513464405
2030-02-04 02:30:00,-1900.4799673761845
2030-02-04 02:45:00,-1294.4888509276716
2030-02-04 03:00:00,-925.4911529947203
2030-02-04 03:15:00,-475.02029913790466
2030-02-04 03:30:00,-187.89028735340253
2030-02-04 03:45:00,0.0
2030-02-04 04:00:00,0.0
2030-02-04 04:15:00,0.0
2030-02-04 04:30:00,0.0
2030-02-04 04:45:00,0.0
2030-02-04 05:00:00,0.0
2030-02-04 05:15:00,0.0
2030-02-04 05:30:00,0.0
2030-02-04 05:45:00,0.0
2030-02-04 06:00:00,0.0
2030-02-04 06:15:00,0.0
2030-02-04 06:30:00,0.0
2030-02-04 06:45:00,0.0
2030-02-04 07:00:00,0.0
2030-02-04 07:15:00,0.0
2030-02-04 07:30:00,0.0
2030-02-04 07:45:00,0.0
2030-02-04 08:00:00,0.0
2030-02-04 08:15:00,0.0
2030-02-04 08:30:00,0.0
2030-02-04 08:45:00,0.0
2030-02-04 09:00:00,0.0
2030-02-04 09:15:00,0.0
2030-02-04 09:30:00,0.0
2030-02-04 09:45:00,0.0
2030-02-04 10:00:00,0.0
2030-02-04 10:15:00,0.0
2030-02-04 10:30:00,0.0
2030-02-04 10:45:00,0.0
2030-02-04 11:00:00,0.0
2030-02-04 11:15:00,0.0
2030-02-04 11:30:00,0.0
2030-02-04 11:45:00,0.0
2030-02-04 12:00:00,0.0
2030-02-04 12:15:00,0.0
2030-02-04 12:30:00,0.0
2030-02-04 12:45:00,0.0
2030-02-04 13:00:00,0.0
2030-02-04 13:15:00,0.0
2030-02-04 13:30:00,0.0
2030-02-04 13:45:00,0.0
2030-02-04 14:00:00,0.0
2030-02-04 14:15:00,0.0
2030-02-04 14:30:00,0.0
2030-02-04 14:45:00,0.0
2030-02-04 15:00:00,0.0
2030-02-04 15:15:00,0.0
2030-02-04 15:30:00,0.0
2030-02-04 15:45:00,0.0
2030-02-04 16:00:00,0.0
2030-02-04 16:15:00,0.0
2030-02-04 16:30:00,0.0
2030-02-04 16:45:00,0.0
2030-02-04 17:00:00,0.0
2030-02-04 17:15:00,0.0
2030-02-04 17:30:00,0.0
2030-02-04 17:45:00,0.0
2030-02-04 18:00:00,6008.362644284754
2030-02-04 18:15:00,0.0
2030-02-04 18:30:00,0.0
2030-02-04 18:45:00,0.0
2030-02-04 19:00:00,0.0
2030-02-04 19:15:00,0.0
2030-02-04 19:30:00,0.0
2030-02-04 19:45:00,0.0
2030-02-04 20:00:00,0.0
2030-02-04 20:15:00,0.0
2030-02-04 20:30:00,0.0
2030-02-04 20:45:00,0.0
2030-02-04 21:00:00,0.0
2030-02-04 21:15:00,0.0
2030-02-04 21:30:00,0.0
2030-02-04 21:45:00,0.0
2030-02-04 22:00:00,0.0
2030-02-04 22:15:00,0.0
2030-02-04 22:30:00,0.0
2030-02-04 22:45:00,0.0
2030-02-04 23:00:00,0.0
2030-02-04 23:15:00,0.0
2030-02-04 23:30:00,0.0
2030-02-04 23:45:00,0.0
2030-02-05 00:00:00,0.0
2030-02-05 00:15:00,0.0
2030-02-05 00:30:00,0.0
2030-02-05 00:45:00,0.0
2030-02-05 01:00:00,0.0
2030-02-05 01:15:00,0.0
2030-02-05 01:30:00,0.0
2030-02-05 01:45:00,0.0
2030-02-05 02:00:00,0.0
2030-02-05 02:15:00,0.0
2030-02-05 02:30:00,0.0
2030-02-05 02:45:00,0.0
2030-02-05 03:00:00,0.0
2030-02-05 03:15:00,0.0
2030-02-05 03:30:00,0.0
2030-02-05 03:45:00,0.0
2030-02-05 04:00:00,0.0
2030-02-05 04:15:00,0.0
2030-02-05 04:30:00,0.0
2030-02-05 04:45:00,0.0
2030-02-05 05:00:00,0.0
2030-02-05 05:15:00,0.0
2030-02-05 05:30:00,0.0
2030-02-05 05:45:00,0.0
2030-02-05 06:00:00,0.0
2030-02-05 06:15:00,0.0
2030-02-05 06:30:00,0.0
2030-02-05 06:45:00,0.0
2030-02-05 07:00:00,0.0
2030-02-05 07:15:00,0.0
2030-02-05 07:30:00,0.0
2030-02-05 07:45:00,0.0
2030-02-05 08:00:00,0.0
2030-02-05 08:15:00,0.0
2030-02-05 08:30:00,0.0
2030-02-05 08:45:00,0.0
2030-02-05 09:00:00,0.0
2030-02-05 09:15:00,0.0
2030-02-05 09:30:00,0.0
2030-02-05 09:45:00,0.0
2030-02-05 10:00:00,0.0
2030-02-05 10:15:00,0.0
2030-02-05 10:30:00,0.0
2030-02-05 10:45:00,0.0
2030-02-05 11:00:00,0.0
2030-02-05 11:15:00,0.0
2030-02-05 11:30:00,0.0
2030-02-05 11:45:00,0.0
2030-02-05 12:00:00,0.0
2030-02-05 12:15:00,0.0
2030-02-05 12:30:00,0.0
2030-02-05 12:45:00,0.0
2030-02-05 13:00:00,0.0
2030-02-05 13:15:00,0.0
2030-02-05 13:30:00,0.0
2030-02-05 13:45:00,0.0
2030-02-05 14:00:00,0.0
2030-02-05 14:15:00,0.0
2030-02-05 14:30:00,0.0
2030-02-05 14:45:00,0.0
2030-02-05 15:00:00,0.0
2030-02-05 15:15:00,0.0
2030-02-05 15:30:00,0.0
2030-02-05 15:45:00,0.0
2030-02-05 16:00:00,0.0
2030-02-05 16:15:00,0.0
2030-02-05 16:30:00,0.0
2030-02-05 16:45:00,0.0
2030-02-05 17:00:00,0.0
2030-02-05 17:15:00,0.0
2030-02-05 17:30:00,0.0
2030-02-05 17:45:00,0.0
2030-02-05 18:00:00,0.0
2030-02-05 18:15:00,0.0
2030-02-05 18:30:00,0.0
2030-02-05 18:45:00,0.0
2030-02-05 19:00:00,0.0
2030-02-05 19:15:00,0.0
2030-02-05 19:30:00,0.0
2030-02-05 19:45:00,0.0
2030-02-05 20:00:00,0.0
2030-02-05 20:15:00,0.0
2030-02-05 20:30:00,0.0
2030-02-05 20:45:00,0.0
2030-02-05 21:00:00,0.0
2030-02-05 21:15:00,0.0
2030-02-05 21:30:00,0.0
2030-02-05 21:45:00,0.0
2030-02-05 22:00:00,0.0
2030-02-05 22:15:00,0.0
2030-02-05 22:30:00,0.0
2030-02-05 22:45:00,0.0
2030-02-05 23:00:00,0.0
2030-02-05 23:15:00,0.0
2030-02-05 23:30:00,0.0
2030-02-05 23:45:00,0.0
2030-02-06 00:00:00,0.0
2030-02-06 00:15:00,0.0
2030-02-06 00:30:00,0.0
2030-02-06 00:45:00,0.0
2030-02-06 01:00:00,0.0
2030-02-06 01:15:00,0.0
2030-02-06 01:30:00,0.0
2030-02-06 01:45:00,0.0
2030-02-06 02:00:00,0.0
2030-02-06 02:15:00,0.0
2030-02-06 02:30:00,0.0
2030-02-06 02:45:00,0.0
2030-02-06 03:00:00,0.0
2030-02-06 03:15:00,0.0
2030-02-06 03:30:00,0.0
2030-02-06 03:45:00,0.0
2030-02-06 04:00:00,0.0
2030-02-06 04:15:00,0.0
2030-02-06 04:30:00,0.0
2030-02-06 04:45:00,0.0
2030-02-06 05:00:00,0.0
2030-02-06 05:15:00,0.0
2030-02-06 05:30:00,0.0
2030-02-06 05:45:00,0.0
2030-02-06 06:00:00,88.29041214666722
2030-02-06 06:15:00,1084.066821787299
2030-02-06 06:30:00,1844.8438103087083
2030-02-06 06:45:00,2375.300140415082
2030-02-06 07:00:00,3054.2739237567694
2030-02-06 07:15:00,3526.893624415148
2030-02-06 07:30:00,3911.966547770822
2030-02-06 07:45:00,4055.0683146561787
2030-02-06 08:00:00,4119.648650332103
2030-02-06 08:15:00,3639.9894171858086
2030-02-06 08:30:00,3222.0654049735167
2030-02-06 08:45:00,2610.2121385413902
2030-02-06 09:00:00,1929.99224522658
2030-02-06 09:15:00,1123.8436784411333
2030-02-06 09:30:00,456.20929889226863
2030-02-06 09:45:00,0.0
2030-02-06 10:00:00,0.0
2030-02-06 10:15:00,0.0
2030-02-06 10:30:00,0.0
2030-02-06 10:45:00,0.0
2030-02-06 11:00:00,0.0
2030-02-06 11:15:00,0.0
2030-02-06 11:30:00,0.0
2030-02-06 11:45:00,0.0
2030-02-06 12:00:00,0.0
2030-02-06 12:15:00,0.0
2030-02-06 12:30:00,0.0
2030-02-06 12:45:00,0.0
2030-02-06 13:00:00,0.0
2030-02-06 13:15:00,0.0
2030-02-06 13:30:00,0.0
2030-02-06 13:45:00,0.0
2030-02-06 14:00:00,0.0
2030-02-06 14:15:00,0.0
2030-02-06 14:30:00,0.0
2030-02-06 14:45:00,0.0
2030-02-06 15:00:00,0.0
2030-02-06 15:15:00,0.0
2030-02-06 15:30:00,366.52278017538265
2030-02-06 15:45:00,1339.8848964099507
2030-02-06 16:00:00,2372.1835236990664
2030-02-06 16:15:00,3447.8258534510496
2030-02-06 16:30:00,4471.541316034516
2030-02-06 16:45:00,5333.436201800552
2030-02-06 17:00:00,5854.693820890236
2030-02-06 17:15:00,6182.439537028731
2030-02-06 17:30:00,6389.773687765013
2030-02-06 17:45:00,6338.779926932137
2030-02-06 18:00:00,6335.952672528027
2030-02-06 18:15:00,6411.811581529524
2030-02-06 18:30:00,6468.734800595266
2030-02-06 18:45:00,6483.592933946489
2030-02-06 19:00:00,6359.1735967563545
2030-02-06 19:15:00,6191.8213475921475
2030-02-06 19:30:00,6031.512322928946
2030-02-06 19:45:00,5715.064111822714
2030-02-06 20:00:00,5334.121834480229
2030-02-06 20:15:00,4936.28437848507
2030-02-06 20:30:00,4538.427076518881
2030-02-06 20:45:00,4118.926993060217
2030-02-06 21:00:00,3721.9197478630103
2030-02-06 21:15:00,3487.0671483903243
2030-02-06 21:30:00,3185.497450474186
2030-02-06 21:45:00,2977.254962126366
2030-02-06 22:00:00,2819.8743065265826
2030-02-06 22:15:00,2782.4231135257123
2030-02-06 22:30:00,2612.9158182367973
2030-02-06 22:45:00,2535.0954142480987
2030-02-06 23:00:00,2250.5337335057993
2030-02-06 23:15:00,2056.750338106187
2030-02-06 23:30:00,1913.9310145217805
2030-02-06 23:45:00,1616.3467324846424
2030-02-07 00:00:00,874.0526765026607
2030-02-07 00:15:00,662.8850592037288
2030-02-07 00:30:00,492.9545371068998
2030-02-07 00:45:00,421.3084906277327
2030-02-07 01:00:00,208.69708181989336
2030-02-07 01:15:00,109.44160215698867
2030-02-07 01:30:00,0.0
2030-02-07 01:45:00,0.0
2030-02-07 02:00:00,0.0
2030-02-07 02:15:00,0.0
2030-02-07 02:30:00,221.7652734350122
2030-02-07 02:45:00,317.9805468084596
2030-02-07 03:00:00,477.0095119460966
2030-02-07 03:15:00,690.2275506540354
2030-02-07 03:30:00,822.0459274784971
2030-02-07 03:45:00,862.8470368598992
2030-02-07 04:00:00,1075.6000410703327
2030-02-07 04:15:00,1348.094063994551
2030-02-07 04:30:00,1500.926901694882
2030-02-07 04:45:00,1840.3035127038747
2030-02-07 05:00:00,2484.598039344528
2030-02-07 05:15:00,2894.4987548378012
2030-02-07 05:30:00,3438.5449018984236
2030-02-07 05:45:00,3886.7345810756815
2030-02-07 06:00:00,4924.138222297024
2030-02-07 06:15:00,5540.680084847314
2030-02-07 06:30:00,6010.31252441266
2030-02-07 06:45:00,6560.207088589159
2030-02-07 07:00:00,6984.658416156439
2030-02-07 07:15:00,7238.201210477637
2030-02-07 07:30:00,7133.009441053357
2030-02-07 07:45:00,7202.815952257242
2030-02-07 08:00:00,7146.071054523611
2030-02-07 08:15:00,6698.6151110719475
2030-02-07 08:30:00,6106.918548915335
2030-02-07 08:45:00,5380.456654179663
2030-02-07 09:00:00,4366.332107624643
2030-02-07 09:15:00,3328.971554580792
2030-02-07 09:30:00,2330.985822231829
2030-02-07 09:45:00,1527.3835626815126
2030-02-07 10:00:00,771.8641049084672
2030-02-07 10:15:00,0.0
2030-02-07 10:30:00,0.0
2030-02-07 10:45:00,0.0
2030-02-07 11:00:00,0.0
2030-02-07 11:15:00,0.0
2030-02-07 11:30:00,0.0
2030-02-07 11:45:00,0.0
2030-02-07 12:00:00,0.0
2030-02-07 12:15:00,0.0
2030-02-07 12:30:00,0.0
2030-02-07 12:45:00,0.0
2030-02-07 13:00:00,0.0
2030-02-07 13:15:00,0.0
2030-02-07 13:30:00,0.0
2030-02-07 13:45:00,0.0
2030-02-07 14:00:00,0.0
2030-02-07 14:15:00,0.0
2030-02-07 14:30:00,0.0
2030-02-07 14:45:00,0.0
2030-02-07 15:00:00,0.0
2030-02-07 15:15:00,0.0
2030-02-07 15:30:00,29.12924183157338
2030-02-07 15:45:00,609.5926399700056
2030-02-07 16:00:00,1260.3089304770874
2030-02-07 16:15:00,1916.3374689180655
2030-02-07 16:30:00,2344.3191664958576
2030-02-07 16:45:00,2744.756593858059
2030-02-07 17:00:00,3189.6142293905286
2030-02-07 17:15:00,3454.764954922466
2030-02-07 17:30:00,3483.4199218620943
2030-02-07 17:45:00,3508.5241613358394
2030-02-07 18:00:00,3404.381274070298
2030-02-07 18:15:00,3155.9231489484573
2030-02-07 18:30:00,3177.8425724213685
2030-02-07 18:45:00,2869.6085441259693
2030-02-07 19:00:00,2582.8552464251934
2030-02-07 19:15:00,2244.0245971013155
2030-02-07 19:30:00,1856.5822893484801
2030-02-07 19:45:00,1355.6027474293096
2030-02-07 20:00:00,925.956886277414
2030-02-07 20:15:00,529.9945279616568
2030-02-07 20:30:00,175.70017116518102
2030-02-07 20:45:00,0.0
2030-02-07 21:00:00,0.0
2030-02-07 21:15:00,0.0
2030-02-07 21:30:00,0.0
2030-02-07 21:45:00,0.0
2030-02-07 22:00:00,0.0
2030-02-07 22:15:00,0.0
2030-02-07 22:30:00,0.0
2030-02-07 22:45:00,0.0
2030-02-07 23:00:00,0.0
2030-02-07 23:15:00,0.0
2030-02-07 23:30:00,0.0
2030-02-07 23:45:00,0.0
2030-02-08 00:00:00,0.0
2030-02-08 00:15:00,0.0
2030-02-08 00:30:00,0.0
2030-02-08 00:45:00,0.0
2030-02-08 01:00:00,0.0
2030-02-08 01:15:00,0.0
2030-02-08 01:30:00,0.0
2030-02-08 01:45:00,0.0
2030-02-08 02:00:00,0.0
2030-02-08 02:15:00,0.0
2030-02-08 02:30:00,0.0
2030-02-08 02:45:00,0.0
2030-02-08 03:00:00,0.0
2030-02-08 03:15:00,0.0
2030-02-08 03:30:00,0.0
2030-02-08 03:45:00,0.0
2030-02-08 04:00:00,0.0
2030-02-08 04:15:00,0.0
2030-02-08 04:30:00,0.0
2030-02-08 04:45:00,0.0
2030-02-08 05:00:00,0.0
2030-02-08 05:15:00,0.0
2030-02-08 05:30:00,0.0
2030-02-08 05:45:00,0.0
2030-02-08 06:00:00,0.0
2030-02-08 06:15:00,0.0
2030-02-08 06:30:00,0.0
2030-02-08 06:45:00,0.0
2030-02-08 07:00:00,0.0
2030-02-08 07:15:00,0.0
2030-02-08 07:30:00,0.0
2030-02-08 07:45:00,0.0
2030-02-08 08:00:00,0.0
2030-02-08 08:15:00,0.0
2030-02-08 08:30:00,0.0
2030-02-08 08:45:00,0.0
2030-02-08 09:00:00,0.0
2030-02-08 09:15:00,0.0
2030-02-08 09:30:00,0.0
2030-02-08 09:45:00,0.0
2030-02-08 10:00:00,0.0
2030-02-08 10:15:00,0.0
2030-02-08 10:30:00,0.0
2030-02-08 10:45:00,0.0
2030-02-08 11:00:00,0.0
2030-02-08 11:15:00,0.0
2030-02-08 11:30:00,0.0
2030-02-08 11:45:00,0.0
2030-02-08 12:00:00,0.0
2030-02-08 12:15:00,0.0
2030-02-08 12:30:00,0.0
2030-02-08 12:45:00,0.0
2030-02-08 13:00:00,0.0
2030-02-08 13:15:00,0.0
2030-02-08 13:30:00,0.0
2030-02-08 13:45:00,0.0
2030-02-08 14:00:00,0.0
2030-02-08 14:15:00,0.0
2030-02-08 14:30:00,0.0
2030-02-08 14:45:00,0.0
2030-02-08 15:00:00,0.0
2030-02-08 15:15:00,0.0
2030-02-08 15:30:00,0.0
2030-02-08 15:45:00,0.0
2030-02-08 16:00:00,0.0
2030-02-08 16:15:00,410.13440077157793
2030-02-08 16:30:00,839.190676177097
2030-02-08 16:45:00,1350.9176396920557
2030-02-08 17:00:00,1926.8716175668815
2030-02-08 17:15:00,1835.0317327027988
2030-02-08 17:30:00,1878.388174802205
2030-02-08 17:45:00,1714.9435435760352
2030-02-08 18:00:00,1231.1773579501387
2030-02-08 18:15:00,566.3356048767746
2030-02-08 18:30:00,0.0
2030-02-08 18:45:00,0.0
2030-02-08 19:00:00,0.0
2030-02-08 19:15:00,0.0
2030-02-08 19:30:00,0.0
2030-02-08 19:45:00,0.0
2030-02-08 20:00:00,0.0
2030-02-08 20:15:00,0.0
2030-02-08 20:30:00,0.0
2030-02-08 20:45:00,0.0
2030-02-08 21:00:00,0.0
2030-02-08 21:15:00,0.0
2030-02-08 21:30:00,0.0
2030-02-08 21:45:00,0.0
2030-02-08 22:00:00,0.0
2030-02-08 22:15:00,0.0
2030-02-08 22:30:00,0.0
2030-02-08 22:45:00,0.0
2030-02-08 23:00:00,0.0
2030-02-08 23:15:00,0.0
2030-02-08 23:30:00,0.0
2030-02-08 23:45:00,0.0
2030-02-09 00:00:00,0.0
2030-02-09 00:15:00,0.0
2030-02-09 00:30:00,0.0
2030-02-09 00:45:00,0.0
2030-02-09 01:00:00,0.0
2030-02-09 01:15:00,0.0
2030-02-09 01:30:00,0.0
2030-02-09 01:45:00,0.0
2030-02-09 02:00:00,0.0
2030-02-09 02:15:00,0.0
2030-02-09 02:30:00,0.0
2030-02-09 02:45:00,0.0
2030-02-09 03:00:00,0.0
2030-02-09 03:15:00,0.0
2030-02-09 03:30:00,0.0
2030-02-09 03:45:00,0.0
2030-02-09 04:00:00,0.0
2030-02-09 04:15:00,0.0
2030-02-09 04:30:00,0.0
2030-02-09 04:45:00,0.0
2030-02-09 05:00:00,0.0
2030-02-09 05:15:00,0.0
2030-02-09 05:30:00,0.0
2030-02-09 05:45:00,0.0
2030-02-09 06:00:00,0.0
2030-02-09 06:15:00,0.0
2030-02-09 06:30:00,0.0
2030-02-09 06:45:00,0.0
2030-02-09 07:00:00,0.0
2030-02-09 07:15:00,0.0
2030-02-09 07:30:00,0.0
2030-02-09 07:45:00,0.0
2030-02-09 08:00:00,0.0
2030-02-09 08:15:00,0.0
2030-02-09 08:30:00,0.0
2030-02-09 08:45:00,0.0
2030-02-09 09:00:00,0.0
2030-02-09 09:15:00,0.0
2030-02-09 09:30:00,0.0
2030-02-09 09:45:00,0.0
2030-02-09 10:00:00,0.0
2030-02-09 10:15:00,0.0
2030-02-09 10:30:00,0.0
2030-02-09 10:45:00,0.0
2030-02-09 11:00:00,0.0
2030-02-09 11:15:00,0.0
2030-02-09 11:30:00,0.0
2030-02-09 11:45:00,0.0
2030-02-09 12:00:00,0.0
2030-02-09 12:15:00,0.0
2030-02-09 12:30:00,0.0
2030-02-09 12:45:00,0.0
2030-02-09 13:00:00,0.0
2030-02-09 13:15:00,0.0
2030-02-09 13:30:00,0.0
2030-02-09 13:45:00,0.0
2030-02-09 14:00:00,0.0
2030-02-09 14:15:00,0.0
2030-02-09 14:30:00,0.0
2030-02-09 14:45:00,0.0
2030-02-09 15:00:00,0.0
2030-02-09 15:15:00,0.0
2030-02-09 15:30:00,331.11894004245914
2030-02-09 15:45:00,746.9550477297307
2030-02-09 16:00:00,1010.1319839297139
2030-02-09 16:15:00,1572.302774474576
2030-02-09 16:30:00,1745.6108505209377
2030-02-09 16:45:00,1733.015090210225
2030-02-09 17:00:00,1186.2956575263943
2030-02-09 17:15:00,894.4691172861476
2030-02-09 17:30:00,694.252032397646
2030-02-09 17:45:00,78.0851793796337
2030-02-09 18:00:00,0.0
2030-02-09 18:15:00,0.0
2030-02-09 18:30:00,0.0
2030-02-09 18:45:00,0.0
2030-02-09 19:00:00,0.0
2030-02-09 19:15:00,0.0
2030-02-09 19:30:00,0.0
2030-02-09 19:45:00,0.0
2030-02-09 20:00:00,0.0
2030-02-09 20:15:00,0.0
2030-02-09 20:30:00,0.0
2030-02-09 20:45:00,0.0
2030-02-09 21:00:00,0.0
2030-02-09 21:15:00,0.0
2030-02-09 21:30:00,0.0
2030-02-09 21:45:00,0.0
2030-02-09 22:00:00,0.0
2030-02-09 22:15:00,0.0
2030-02-09 22:30:00,0.0
2030-02-09 22:45:00,0.0
2030-02-09 23:00:00,0.0
2030-02-09 23:15:00,0.0
2030-02-09 23:30:00,0.0
2030-02-09 23:45:00,0.0
2030-02-10 00:00:00,0.0
2030-02-10 00:15:00,0.0
2030-02-10 00:30:00,0.0
2030-02-10 00:45:00,0.0
2030-02-10 01:00:00,0.0
2030-02-10 01:15:00,0.0
2030-02-10 01:30:00,0.0
2030-02-10 01:45:00,0.0
2030-02-10 02:00:00,0.0
2030-02-10 02:15:00,0.0
2030-02-10 02:30:00,0.0
2030-02-10 02:45:00,0.0
2030-02-10 03:00:00,0.0
2030-02-10 03:15:00,0.0
2030-02-10 03:30:00,0.0
2030-02-10 03:45:00,0.0
2030-02-10 04:00:00,0.0
2030-02-10 04:15:00,0.0
2030-02-10 04:30:00,0.0
2030-02-10 04:45:00,0.0
2030-02-10 05:00:00,0.0
2030-02-10 05:15:00,0.0
2030-02-10 05:30:00,0.0
2030-02-10 05:45:00,0.0
2030-02-10 06:00:00,0.0
2030-02-10 06:15:00,0.0
2030-02-10 06:30:00,0.0
2030-02-10 06:45:00,0.0
2030-02-10 07:00:00,0.0
2030-02-10 07:15:00,0.0
2030-02-10 07:30:00,0.0
2030-02-10 07:45:00,0.0
2030-02-10 08:00:00,0.0
2030-02-10 08:15:00,0.0
2030-02-10 08:30:00,0.0
2030-02-10 08:45:00,0.0
2030-02-10 09:00:00,0.0
2030-02-10 09:15:00,0.0
2030-02-10 09:30:00,0.0
2030-02-10 09:45:00,0.0
2030-02-10 10:00:00,0.0
2030-02-10 10:15:00,0.0
2030-02-10 10:30:00,0.0
2030-02-10 10:45:00,0.0
2030-02-10 11:00:00,0.0
2030-02-10 11:15:00,0.0
2030-02-10 11:30:00,0.0
2030-02-10 11:45:00,0.0
2030-02-10 12:00:00,0.0
2030-02-10 12:15:00,0.0
2030-02-10 12:30:00,0.0
2030-02-10 12:45:00,0.0
2030-02-10 13:00:00,0.0
2030-02-10 13:15:00,0.0
2030-02-10 13:30:00,0.0
2030-02-10 13:45:00,0.0
2030-02-10 14:00:00,0.0
2030-02-10 14:15:00,0.0
2030-02-10 14:30:00,0.0
2030-02-10 14:45:00,0.0
2030-02-10 15:00:00,0.0
2030-02-10 15:15:00,0.0
2030-02-10 15:30:00,0.0
2030-02-10 15:45:00,0.0
2030-02-10 16:00:00,0.0
2030-02-10 16:15:00,0.0
2030-02-10 16:30:00,0.0
2030-02-10 16:45:00,0.0
2030-02-10 17:00:00,0.0
2030-02-10 17:15:00,0.0
2030-02-10 17:30:00,0.0
2030-02-10 17:45:00,0.0
2030-02-10 18:00:00,0.0
2030-02-10 18:15:00,0.0
2030-02-10 18:30:00,0.0
2030-02-10 18:45:00,0.0
2030-02-10 19:00:00,0.0
2030-02-10 19:15:00,0.0
2030-02-10 19:30:00,0.0
2030-02-10 19:45:00,0.0
2030-02-10 20:00:00,0.0
2030-02-10 20:15:00,0.0
2030-02-10 20:30:00,0.0
2030-02-10 20:45:00,0.0
2030-02-10 21:00:00,0.0
2030-02-10 21:15:00,0.0
2030-02-10 21:30:00,0.0
2030-02-10 21:45:00,0.0
2030-02-10 22:00:00,0.0
2030-02-10 22:15:00,0.0
2030-02-10 22:30:00,0.0
2030-02-10 22:45:00,0.0
2030-02-10 23:00:00,0.0
2030-02-10 23:15:00,0.0
2030-02-10 23:30:00,0.0
2030-02-10 23:45:00,0.0
2030-02-11 00:00:00,0.0
2030-02-11 00:15:00,0.0
2030-02-11 00:30:00,0.0
2030-02-11 00:45:00,0.0
2030-02-11 01:00:00,0.0
2030-02-11 01:15:00,0.0
2030-02-11 01:30:00,0.0
2030-02-11 01:45:00,0.0
2030-02-11 02:00:00,0.0
2030-02-11 02:15:00,0.0
2030-02-11 02:30:00,0.0
2030-02-11 02:45:00,0.0
2030-02-11 03:00:00,0.0
2030-02-11 03:15:00,0.0
2030-02-11 03:30:00,0.0
2030-02-11 03:45:00,0.0
2030-02-11 04:00:00,0.0
2030-02-11 04:15:00,0.0
2030-02-11 04:30:00,0.0
2030-02-11 04:45:00,0.0
2030-02-11 05:00:00,0.0
2030-02-11 05:15:00,0.0
2030-02-11 05:30:00,0.0
2030-02-11 05:45:00,0.0
2030-02-11 06:00:00,0.0
2030-02-11 06:15:00,0.0
2030-02-11 06:30:00,0.0
2030-02-11 06:45:00,0.0
2030-02-11 07:00:00,0.0
2030-02-11 07:15:00,0.0
2030-02-11 07:30:00,0.0
2030-02-11 07:45:00,0.0
2030-02-11 08:00:00,0.0
2030-02-11 08:15:00,0.0
2030-02-11 08:30:00,0.0
2030-02-11 08:45:00,0.0
2030-02-11 09:00:00,0.0
2030-02-11 09:15:00,0.0
2030-02-11 09:30:00,0.0
2030-02-11 09:45:00,0.0
2030-02-11 10:00:00,0.0
2030-02-11 10:15:00,0.0
2030-02-11 10:30:00,0.0
2030-02-11 10:45:00,0.0
2030-02-11 11:00:00,0.0
2030-02-11 11:15:00,0.0
2030-02-11 11:30:00,0.0
2030-02-11 11:45:00,0.0
2030-02-11 12:00:00,0.0
2030-02-11 12:15:00,0.0
2030-02-11 12:30:00,0.0
2030-02-11 12:45:00,0.0
2030-02-11 13:00:00,0.0
2030-02-11 13:15:00,0.0
2030-02-11 13:30:00,0.0
2030-02-11 13:45:00,0.0
2030-02-11 14:00:00,0.0
2030-02-11 14:15:00,0.0
2030-02-11 14:30:00,0.0
2030-02-11 14:45:00,0.0
2030-02-11 15:00:00,0.0
2030-02-11 15:15:00,0.0
2030-02-11 15:30:00,0.0
2030-02-11 15:45:00,0.0
2030-02-11 16:00:00,0.0
2030-02-11 16:15:00,0.0
2030-02-11 16:30:00,0.0
2030-02-11 16:45:00,0.0
2030-02-11 17:00:00,0.0
2030-02-11 17:15:00,0.0
2030-02-11 17:30:00,0.0
2030-02-11 17:45:00,0.0
2030-02-11 18:00:00,0.0
2030-02-11 18:15:00,0.0
2030-02-11 18:30:00,0.0
2030-02-11 18:45:00,0.0
2030-02-11 19:00:00,0.0
2030-02-11 19:15:00,0.0
2030-02-11 19:30:00,0.0
2030-02-11 19:45:00,0.0
2030-02-11 20:00:00,0.0
2030-02-11 20:15:00,0.0
2030-02-11 20:30:00,0.0
2030-02-11 20:45:00,0.0
2030-02-11 21:00:00,0.0
2030-02-11 21:15:00,0.0
2030-02-11 21:30:00,0.0
2030-02-11 21:45:00,0.0
2030-02-11 22:00:00,0.0
2030-02-11 22:15:00,0.0
2030-02-11 22:30:00,0.0
2030-02-11 22:45:00,0.0
2030-02-11 23:00:00,0.0
2030-02-11 23:15:00,0.0
2030-02-11 23:30:00,0.0
2030-02-11 23:45:00,0.0
2030-02-12 00:00:00,0.0
2030-02-12 00:15:00,0.0
2030-02-12 00:30:00,0.0
2030-02-12 00:45:00,0.0
2030-02-12 01:00:00,0.0
2030-02-12 01:15:00,0.0
2030-02-12 01:30:00,0.0
2030-02-12 01:45:00,0.0
2030-02-12 02:00:00,0.0
2030-02-12 02:15:00,0.0
2030-02-12 02:30:00,0.0
2030-02-12 02:45:00,0.0
2030-02-12 03:00:00,0.0
2030-02-12 03:15:00,0.0
2030-02-12 03:30:00,0.0
2030-02-12 03:45:00,0.0
2030-02-12 04:00:00,0.0
2030-02-12 04:15:00,0.0
2030-02-12 04:30:00,0.0
2030-02-12 04:45:00,0.0
2030-02-12 05:00:00,0.0
2030-02-12 05:15:00,0.0
2030-02-12 05:30:00,0.0
2030-02-12 05:45:00,0.0
2030-02-12 06:00:00,0.0
2030-02-12 06:15:00,0.0
2030-02-12 06:30:00,0.0
2030-02-12 06:45:00,0.0
2030-02-12 07:00:00,0.0
2030-02-12 07:15:00,0.0
2030-02-12 07:30:00,0.0
2030-02-12 07:45:00,0.0
2030-02-12 08:00:00,0.0
2030-02-12 08:15:00,0.0
2030-02-12 08:30:00,0.0
2030-02-12 08:45:00,0.0
2030-02-12 09:00:00,0.0
2030-02-12 09:15:00,0.0
2030-02-12 09:30:00,0.0
2030-02-12 09:45:00,0.0
2030-02-12 10:00:00,2797.388592578447
2030-02-12 10:15:00,0.0
2030-02-12 10:30:00,0.0
2030-02-12 10:45:00,0.0
2030-02-12 11:00:00,0.0
2030-02-12 11:15:00,0.0
2030-02-12 11:30:00,0.0
2030-02-12 11:45:00,0.0
2030-02-12 12:00:00,0.0
2030-02-12 12:15:00,0.0
2030-02-12 12:30:00,0.0
2030-02-12 12:45:00,0.0
2030-02-12 13:00:00,0.0
2030-02-12 13:15:00,0.0
2030-02-12 13:30:00,0.0
2030-02-12 13:45:00,102.32464232852362
2030-02-12 14:00:00,0.0
2030-02-12 14:15:00,0.0
2030-02-12 14:30:00,0.0
2030-02-12 14:45:00,0.0
2030-02-12 15:00:00,0.0
2030-02-12 15:15:00,0.0
2030-02-12 15:30:00,0.0
2030-02-12 15:45:00,0.0
2030-02-12 16:00:00,0.0
2030-02-12 16:15:00,0.0
2030-02-12 16:30:00,0.0
2030-02-12 16:45:00,0.0
2030-02-12 17:00:00,0.0
2030-02-12 17:15:00,0.0
2030-02-12 17:30:00,0.0
2030-02-12 17:45:00,0.0
2030-02-12 18:00:00,0.0
2030-02-12 18:15:00,0.0
2030-02-12 18:30:00,0.0
2030-02-12 18:45:00,0.0
2030-02-12 19:00:00,0.0
2030-02-12 19:15:00,0.0
2030-02-12 19:30:00,0.0
2030-02-12 19:45:00,0.0
2030-02-12 20:00:00,0.0
2030-02-12 20:15:00,0.0
2030-02-12 20:30:00,0.0
2030-02-12 20:45:00,0.0
2030-02-12 21:00:00,0.0
2030-02-12 21:15:00,0.0
2030-02-12 21:30:00,0.0
2030-02-12 21:45:00,0.0
2030-02-12 22:00:00,0.0
2030-02-12 22:15:00,0.0
2030-02-12 22:30:00,0.0
2030-02-12 22:45:00,0.0
2030-02-12 23:00:00,0.0
2030-02-12 23:15:00,0.0
2030-02-12 23:30:00,0.0
2030-02-12 23:45:00,0.0
2030-02-13 00:00:00,0.0
2030-02-13 00:15:00,0.0
2030-02-13 00:30:00,0.0
2030-02-13 00:45:00,0.0
2030-02-13 01:00:00,0.0
2030-02-13 01:15:00,0.0
2030-02-13 01:30:00,0.0
2030-02-13 01:45:00,0.0
2030-02-13 02:00:00,0.0
2030-02-13 02:15:00,0.0
2030-02-13 02:30:00,0.0
2030-02-13 02:45:00,0.0
2030-02-13 03:00:00,0.0
2030-02-13 03:15:00,0.0
2030-02-13 03:30:00,0.0
2030-02-13 03:45:00,0.0
2030-02-13 04:00:00,0.0
2030-02-13 04:15:00,0.0
2030-02-13 04:30:00,0.0
2030-02-13 04:45:00,0.0
2030-02-13 05:00:00,0.0
2030-02-13 05:15:00,0.0
2030-02-13 05:30:00,0.0
2030-02-13 05:45:00,0.0
2030-02-13 06:00:00,0.0
2030-02-13 06:15:00,1116.47012734272
2030-02-13 06:30:00,1795.9204347852756
2030-02-13 06:45:00,2171.1835140579024
2030-02-13 07:00:00,2546.2852396765247
2030-02-13 07:15:00,2804.479467091105
2030-02-13 07:30:00,2860.3526413864583
2030-02-13 07:45:00,2907.8930488734186
2030-02-13 08:00:00,3006.987907417224
2030-02-13 08:15:00,2469.231317484453
2030-02-13 08:30:00,1140.138382569352
2030-02-13 08:45:00,0.0
2030-02-13 09:00:00,0.0
2030-02-13 09:15:00,0.0
2030-02-13 09:30:00,0.0
2030-02-13 09:45:00,0.0
2030-02-13 10:00:00,0.0
2030-02-13 10:15:00,0.0
2030-02-13 10:30:00,0.0
2030-02-13 10:45:00,0.0
2030-02-13 11:00:00,0.0
2030-02-13 11:15:00,0.0
2030-02-13 11:30:00,0.0
2030-02-13 11:45:00,0.0
2030-02-13 12:00:00,0.0
2030-02-13 12:15:00,0.0
2030-02-13 12:30:00,0.0
2030-02-13 12:45:00,0.0
2030-02-13 13:00:00,0.0
2030-02-13 13:15:00,0.0
2030-02-13 13:30:00,0.0
2030-02-13 13:45:00,0.0
2030-02-13 14:00:00,0.0
2030-02-13 14:15:00,0.0
2030-02-13 14:30:00,0.0
2030-02-13 14:45:00,0.0
2030-02-13 15:00:00,0.0
2030-02-13 15:15:00,0.0
2030-02-13 15:30:00,0.0
2030-02-13 15:45:00,0.0
2030-02-13 16:00:00,0.0
2030-02-13 16:15:00,0.0
2030-02-13 16:30:00,0.0
2030-02-13 16:45:00,0.0
2030-02-13 17:00:00,0.0
2030-02-13 17:15:00,0.0
2030-02-13 17:30:00,9511.377709241608
2030-02-13 17:45:00,4128.578482126131
2030-02-13 18:00:00,4615.21322356736
2030-02-13 18:15:00,4701.977349223496
2030-02-13 18:30:00,4968.556841776481
2030-02-13 18:45:00,5151.582402681997
2030-02-13 19:00:00,5338.263393536698
2030-02-13 19:15:00,5299.460365700579
2030-02-13 19:30:00,5152.348870149577
2030-02-13 19:45:00,5052.12226177632
2030-02-13 20:00:00,4781.329565026757
2030-02-13 20:15:00,4824.928511240276
2030-02-13 20:30:00,4717.162996289786
2030-02-13 20:45:00,4545.147846814081
2030-02-13 21:00:00,4379.696067671659
2030-02-13 21:15:00,4336.768456306345
2030-02-13 21:30:00,4161.996587732874
2030-02-13 21:45:00,4082.764616940567
2030-02-13 22:00:00,4201.643781238145
2030-02-13 22:15:00,4185.948958134495
2030-02-13 22:30:00,3973.8381171110577
2030-02-13 22:45:00,3635.8064078542866
2030-02-13 23:00:00,3492.357164071309
2030-02-13 23:15:00,3436.320841684761
2030-02-13 23:30:00,3108.5311152792183
2030-02-13 23:45:00,2962.8756047454153
2030-02-14 00:00:00,2286.5499611840933
2030-02-14 00:15:00,2149.580656146525
2030-02-14 00:30:00,1906.1268779756356
2030-02-14 00:45:00,1599.4890193510328
2030-02-14 01:00:00,1364.0621130899217
2030-02-14 01:15:00,1153.8998184675547
2030-02-14 01:30:00,1138.4473934685775
2030-02-14 01:45:00,933.0446679886645
2030-02-14 02:00:00,744.6779342412592
2030-02-14 02:15:00,722.5547015427146
2030-02-14 02:30:00,681.0654620990717
2030-02-14 02:45:00,586.9326422342056
2030-02-14 03:00:00,731.8304282394929
2030-02-14 03:15:00,712.9372161404008
2030-02-14 03:30:00,600.1790499829203
2030-02-14 03:45:00,491.0734624604447
2030-02-14 04:00:00,610.7637920184352
2030-02-14 04:15:00,740.3740316241674
2030-02-14 04:30:00,902.1078660947551
2030-02-14 04:45:00,988.9509992977219
2030-02-14 05:00:00,1077.43629046993
2030-02-14 05:15:00,1245.0752067193134
2030-02-14 05:30:00,1722.5909620630664
2030-02-14 05:45:00,2356.897797248046
2030-02-14 06:00:00,3326.8654658801097
2030-02-14 06:15:00,3971.4095141891776
2030-02-14 06:30:00,4588.24111386199
2030-02-14 06:45:00,5210.150741569501
2030-02-14 07:00:00,5936.561443966304
2030-02-14 07:15:00,6371.5770702306
2030-02-14 07:30:00,6677.348479059892
2030-02-14 07:45:00,6774.132842535164
2030-02-14 08:00:00,6477.359333744345
2030-02-14 08:15:00,5714.148334223715
2030-02-14 08:30:00,4655.444968490607
2030-02-14 08:45:00,3221.3642915950513
2030-02-14 09:00:00,1237.9383017527252
2030-02-14 09:15:00,0.0
2030-02-14 09:30:00,0.0
2030-02-14 09:45:00,0.0
2030-02-14 10:00:00,0.0
2030-02-14 10:15:00,0.0
2030-02-14 10:30:00,0.0
2030-02-14 10:45:00,0.0
2030-02-14 11:00:00,0.0
2030-02-14 11:15:00,0.0
2030-02-14 11:30:00,0.0
2030-02-14 11:45:00,0.0
2030-02-14 12:00:00,0.0
2030-02-14 12:15:00,0.0
2030-02-14 12:30:00,0.0
2030-02-14 12:45:00,0.0
2030-02-14 13:00:00,0.0
2030-02-14 13:15:00,0.0
2030-02-14 13:30:00,0.0
2030-02-14 13:45:00,0.0
2030-02-14 14:00:00,0.0
2030-02-14 14:15:00,0.0
2030-02-14 14:30:00,0.0
2030-02-14 14:45:00,522.8248306011519
2030-02-14 15:00:00,0.0
2030-02-14 15:15:00,0.0
2030-02-14 15:30:00,0.0
2030-02-14 15:45:00,0.0
2030-02-14 16:00:00,0.0
2030-02-14 16:15:00,0.0
2030-02-14 16:30:00,45.436013608627036
2030-02-14 16:45:00,1139.4410317780003
2030-02-14 17:00:00,2293.2495385847214
2030-02-14 17:15:00,2664.975333455819
2030-02-14 17:30:00,2676.345595492354
2030-02-14 17:45:00,2685.25739410168
2030-02-14 18:00:00,2520.4942331339225
2030-02-14 18:15:00,2216.2405042288847
2030-02-14 18:30:00,1878.9137200600399
2030-02-14 18:45:00,1656.535016449272
2030-02-14 19:00:00,1288.197381653301
2030-02-14 19:15:00,878.7753714803093
2030-02-14 19:30:00,476.6170817270122
2030-02-14 19:45:00,85.47643141577282
2030-02-14 20:00:00,0.0
2030-02-14 20:15:00,0.0
2030-02-14 20:30:00,0.0
2030-02-14 20:45:00,0.0
2030-02-14 21:00:00,0.0
2030-02-14 21:15:00,0.0
2030-02-14 21:30:00,0.0
2030-02-14 21:45:00,0.0
2030-02-14 22:00:00,0.0
2030-02-14 22:15:00,0.0
2030-02-14 22:30:00,0.0
2030-02-14 22:45:00,0.0
2030-02-14 23:00:00,0.0
2030-02-14 23:15:00,0.0
2030-02-14 23:30:00,0.0
2030-02-14 23:45:00,0.0
2030-02-15 00:00:00,0.0
2030-02-15 00:15:00,0.0
2030-02-15 00:30:00,0.0
2030-02-15 00:45:00,0.0
2030-02-15 01:00:00,0.0
2030-02-15 01:15:00,0.0
2030-02-15 01:30:00,0.0
2030-02-15 01:45:00,0.0
2030-02-15 02:00:00,0.0
2030-02-15 02:15:00,0.0
2030-02-15 02:30:00,0.0
2030-02-15 02:45:00,0.0
2030-02-15 03:00:00,0.0
2030-02-15 03:15:00,0.0
2030-02-15 03:30:00,0.0
2030-02-15 03:45:00,0.0
2030-02-15 04:00:00,0.0
2030-02-15 04:15:00,0.0
2030-02-15 04:30:00,0.0
2030-02-15 04:45:00,0.0
2030-02-15 05:00:00,0.0
2030-02-15 05:15:00,0.0
2030-02-15 05:30:00,0.0
2030-02-15 05:45:00,0.0
2030-02-15 06:00:00,0.0
2030-02-15 06:15:00,0.0
2030-02-15 06:30:00,0.0
2030-02-15 06:45:00,0.0
2030-02-15 07:00:00,0.0
2030-02-15 07:15:00,0.0
2030-02-15 07:30:00,0.0
2030-02-15 07:45:00,0.0
2030-02-15 08:00:00,0.0
2030-02-15 08:15:00,0.0
2030-02-15 08:30:00,0.0
2030-02-15 08:45:00,0.0
2030-02-15 09:00:00,0.0
2030-02-15 09:15:00,0.0
2030-02-15 09:30:00,0.0
2030-02-15 09:45:00,0.0
2030-02-15 10:00:00,0.0
2030-02-15 10:15:00,0.0
2030-02-15 10:30:00,0.0
2030-02-15 10:45:00,0.0
2030-02-15 11:00:00,0.0
2030-02-15 11:15:00,0.0
2030-02-15 11:30:00,0.0
2030-02-15 11:45:00,0.0
2030-02-15 12:00:00,0.0
2030-02-15 12:15:00,0.0
2030-02-15 12:30:00,0.0
2030-02-15 12:45:00,0.0
2030-02-15 13:00:00,0.0
2030-02-15 13:15:00,0.0
2030-02-15 13:30:00,0.0
2030-02-15 13:45:00,0.0
2030-02-15 14:00:00,0.0
2030-02-15 14:15:00,0.0
2030-02-15 14:30:00,0.0
2030-02-15 14:45:00,0.0
2030-02-15 15:00:00,0.0
2030-02-15 15:15:00,0.0
2030-02-15 15:30:00,0.0
2030-02-15 15:45:00,0.0
2030-02-15 16:00:00,0.0
2030-02-15 16:15:00,0.0
2030-02-15 16:30:00,0.0
2030-02-15 16:45:00,0.0
2030-02-15 17:00:00,0.0
2030-02-15 17:15:00,0.0
2030-02-15 17:30:00,0.0
2030-02-15 17:45:00,0.0
2030-02-15 18:00:00,0.0
2030-02-15 18:15:00,0.0
2030-02-15 18:30:00,0.0
2030-02-15 18:45:00,0.0
2030-02-15 19:00:00,0.0
2030-02-15 19:15:00,0.0
2030-02-15 19:30:00,0.0
2030-02-15 19:45:00,0.0
2030-02-15 20:00:00,0.0
2030-02-15 20:15:00,0.0
2030-02-15 20:30:00,0.0
2030-02-15 20:45:00,0.0
2030-02-15 21:00:00,0.0
2030-02-15 21:15:00,0.0
2030-02-15 21:30:00,0.0
2030-02-15 21:45:00,0.0
2030-02-15 22:00:00,0.0
2030-02-15 22:15:00,0.0
2030-02-15 22:30:00,0.0
2030-02-15 22:45:00,0.0
2030-02-15 23:00:00,0.0
2030-02-15 23:15:00,0.0
2030-02-15 23:30:00,0.0
2030-02-15 23:45:00,0.0
2030-02-16 00:00:00,0.0
2030-02-16 00:15:00,0.0
2030-02-16 00:30:00,0.0
2030-02-16 00:45:00,0.0
2030-02-16 01:00:00,0.0
2030-02-16 01:15:00,0.0
2030-02-16 01:30:00,0.0
2030-02-16 01:45:00,0.0
2030-02-16 02:00:00,0.0
2030-02-16 02:15:00,0.0
2030-02-16 02:30:00,0.0
2030-02-16 02:45:00,0.0
2030-02-16 03:00:00,0.0
2030-02-16 03:15:00,0.0
2030-02-16 03:30:00,0.0
2030-02-16 03:45:00,0.0
2030-02-16 04:00:00,0.0
2030-02-16 04:15:00,0.0
2030-02-16 04:30:00,0.0
2030-02-16 04:45:00,0.0
2030-02-16 05:00:00,0.0
2030-02-16 05:15:00,0.0
2030-02-16 05:30:00,0.0
2030-02-16 05:45:00,0.0
2030-02-16 06:00:00,0.0
2030-02-16 06:15:00,0.0
2030-02-16 06:30:00,0.0
2030-02-16 06:45:00,0.0
2030-02-16 07:00:00,0.0
2030-02-16 07:15:00,0.0
2030-02-16 07:30:00,0.0
2030-02-16 07:45:00,0.0
2030-02-16 08:00:00,0.0
2030-02-16 08:15:00,0.0
2030-02-16 08:30:00,0.0
2030-02-16 08:45:00,0.0
2030-02-16 09:00:00,0.0
2030-02-16 09:15:00,0.0
2030-02-16 09:30:00,0.0
2030-02-16 09:45:00,0.0
2030-02-16 10:00:00,0.0
2030-02-16 10:15:00,0.0
2030-02-16 10:30:00,0.0
2030-02-16 10:45:00,0.0
2030-02-16 11:00:00,0.0
2030-02-16 11:15:00,0.0
2030-02-16 11:30:00,0.0
2030-02-16 11:45:00,0.0
2030-02-16 12:00:00,0.0
2030-02-16 12:15:00,0.0
2030-02-16 12:30:00,0.0
2030-02-16 12:45:00,0.0
2030-02-16 13:00:00,0.0
2030-02-16 13:15:00,0.0
2030-02-16 13:30:00,0.0
2030-02-16 13:45:00,0.0
2030-02-16 14:00:00,0.0
2030-02-16 14:15:00,0.0
2030-02-16 14:30:00,0.0
2030-02-16 14:45:00,0.0
2030-02-16 15:00:00,0.0
2030-02-16 15:15:00,0.0
2030-02-16 15:30:00,0.0
2030-02-16 15:45:00,0.0
2030-02-16 16:00:00,0.0
2030-02-16 16:15:00,3384.7068546383252
2030-02-16 16:30:00,0.0
2030-02-16 16:45:00,0.0
2030-02-16 17:00:00,0.0
2030-02-16 17:15:00,0.0
2030-02-16 17:30:00,0.0
2030-02-16 17:45:00,0.0
2030-02-16 18:00:00,0.0
2030-02-16 18:15:00,0.0
2030-02-16 18:30:00,0.0
2030-02-16 18:45:00,0.0
2030-02-16 19:00:00,0.0
2030-02-16 19:15:00,0.0
2030-02-16 19:30:00,0.0
2030-02-16 19:45:00,0.0
2030-02-16 20:00:00,0.0
2030-02-16 20:15:00,0.0
2030-02-16 20:30:00,0.0
2030-02-16 20:45:00,0.0
2030-02-16 21:00:00,0.0
2030-02-16 21:15:00,0.0
2030-02-16 21:30:00,0.0
2030-02-16 21:45:00,0.0
2030-02-16 22:00:00,0.0
2030-02-16 22:15:00,0.0
2030-02-16 22:30:00,0.0
2030-02-16 22:45:00,0.0
2030-02-16 23:00:00,0.0
2030-02-16 23:15:00,0.0
2030-02-16 23:30:00,0.0
2030-02-16 23:45:00,0.0
2030-02-17 00:00:00,0.0
2030-02-17 00:15:00,0.0
2030-02-17 00:30:00,0.0
2030-02-17 00:45:00,0.0
2030-02-17 01:00:00,0.0
2030-02-17 01:15:00,0.0
2030-02-17 01:30:00,0.0
2030-02-17 01:45:00,0.0
2030-02-17 02:00:00,0.0
2030-02-17 02:15:00,0.0
2030-02-17 02:30:00,0.0
2030-02-17 02:45:00,0.0
2030-02-17 03:00:00,0.0
2030-02-17 03:15:00,0.0
2030-02-17 03:30:00,0.0
2030-02-17 03:45:00,0.0
2030-02-17 04:00:00,0.0
2030-02-17 04:15:00,0.0
2030-02-17 04:30:00,0.0
2030-02-17 04:45:00,0.0
2030-02-17 05:00:00,0.0
2030-02-17 05:15:00,0.0
2030-02-17 05:30:00,0.0
2030-02-17 05:45:00,0.0
2030-02-17 06:00:00,0.0
2030-02-17 06:15:00,0.0
2030-02-17 06:30:00,0.0
2030-02-17 06:45:00,0.0
2030-02-17 07:00:00,0.0
2030-02-17 07:15:00,0.0
2030-02-17 07:30:00,0.0
2030-02-17 07:45:00,0.0
2030-02-17 08:00:00,0.0
2030-02-17 08:15:00,0.0
2030-02-17 08:30:00,0.0
2030-02-17 08:45:00,0.0
2030-02-17 09:00:00,0.0
2030-02-17 09:15:00,0.0
2030-02-17 09:30:00,0.0
2030-02-17 09:45:00,0.0
2030-02-17 10:00:00,0.0
2030-02-17 10:15:00,0.0
2030-02-17 10:30:00,0.0
2030-02-17 10:45:00,0.0
2030-02-17 11:00:00,0.0
2030-02-17 11:15:00,0.0
2030-02-17 11:30:00,0.0
2030-02-17 11:45:00,0.0
2030-02-17 12:00:00,0.0
2030-02-17 12:15:00,0.0
2030-02-17 12:30:00,0.0
2030-02-17 12:45:00,0.0
2030-02-17 13:00:00,0.0
2030-02-17 13:15:00,0.0
2030-02-17 13:30:00,0.0
2030-02-17 13:45:00,0.0
2030-02-17 14:00:00,-8195.361471605174
2030-02-17 14:15:00,-12485.302839796674
2030-02-17 14:30:00,-12399.597200066848
2030-02-17 14:45:00,-12179.541353558045
2030-02-17 15:00:00,-11886.132183548845
2030-02-17 15:15:00,-11697.84052741223
2030-02-17 15:30:00,-11386.778628446977
2030-02-17 15:45:00,-11047.224511263976
2030-02-17 16:00:00,-10406.09509154506
2030-02-17 16:15:00,-9538.217764709636
2030-02-17 16:30:00,-9122.796359138669
2030-02-17 16:45:00,-9346.456793219928
2030-02-17 17:00:00,-9246.850806698629
2030-02-17 17:15:00,-8857.75616909832
2030-02-17 17:30:00,-8309.563309484889
2030-02-17 17:45:00,-7900.7988644590805
2030-02-17 18:00:00,-7498.904497094925
2030-02-17 18:15:00,-7505.080867187578
2030-02-17 18:30:00,-7475.700591189558
2030-02-17 18:45:00,-7481.502937920533
2030-02-17 19:00:00,-7576.762671949269
2030-02-17 19:15:00,-7700.698258399512
2030-02-17 19:30:00,-7894.762600990409
2030-02-17 19:45:00,-8152.371653127011
2030-02-17 20:00:00,-8459.805348307898
2030-02-17 20:15:00,-8729.090957855104
2030-02-17 20:30:00,-8862.308350664454
2030-02-17 20:45:00,-8921.707946378421
2030-02-17 21:00:00,-9225.731054845237
2030-02-17 21:15:00,-9317.120109984957
2030-02-17 21:30:00,-9468.254166358627
2030-02-17 21:45:00,-9194.18285717579
2030-02-17 22:00:00,-9017.4732422034
2030-02-17 22:15:00,-9300.188214404814
2030-02-17 22:30:00,-9357.842140191471
2030-02-17 22:45:00,-9421.073030435644
2030-02-17 23:00:00,-9587.462333807202
2030-02-17 23:15:00,-9481.889293262186
2030-02-17 23:30:00,-9315.837944562594
2030-02-17 23:45:00,-9266.813737529279
2030-02-18 00:00:00,-9906.56687841189
2030-02-18 00:15:00,-10175.689418752761
2030-02-18 00:30:00,-10161.107705156894
2030-02-18 00:45:00,-10098.43883193274
2030-02-18 01:00:00,-9947.048058433029
2030-02-18 01:15:00,-9907.093594241029
2030-02-18 01:30:00,-9982.751299759842
2030-02-18 01:45:00,-9779.363291612683
2030-02-18 02:00:00,-9662.823605579903
2030-02-18 02:15:00,-9630.45345680374
2030-02-18 02:30:00,-9666.712184089547
2030-02-18 02:45:00,-9725.736167994562
2030-02-18 03:00:00,-9697.901898201715
2030-02-18 03:15:00,-9785.883723770952
2030-02-18 03:30:00,-9727.147448316613
2030-02-18 03:45:00,-9508.780788378683
2030-02-18 04:00:00,-9194.79804606407
2030-02-18 04:15:00,-9314.667341514942
2030-02-18 04:30:00,-9001.743285666746
2030-02-18 04:45:00,-8833.721519181445
2030-02-18 05:00:00,-8221.096441721777
2030-02-18 05:15:00,-7427.662952990631
2030-02-18 05:30:00,-6862.97063199574
2030-02-18 05:45:00,-6658.601949746602
2030-02-18 06:00:00,-6561.6758088196075
2030-02-18 06:15:00,-6239.64437050161
2030-02-18 06:30:00,-5906.402577130495
2030-02-18 06:45:00,-5583.835012544965
2030-02-18 07:00:00,-5308.916044390498
2030-02-18 07:15:00,-5233.429277602656
2030-02-18 07:30:00,-5066.719874454324
2030-02-18 07:45:00,-4996.306981315676
2030-02-18 08:00:00,-4942.802614942149
2030-02-18 08:15:00,-5152.619217177162
2030-02-18 08:30:00,-5693.001456356327
2030-02-18 08:45:00,-6082.071102498347
2030-02-18 09:00:00,-6752.795096755719
2030-02-18 09:15:00,-7572.640489094312
2030-02-18 09:30:00,-8482.966267177664
2030-02-18 09:45:00,-9506.063735381078
2030-02-18 10:00:00,-10500.530278390728
2030-02-18 10:15:00,-11396.568785348583
2030-02-18 10:30:00,-11735.067615608841
2030-02-18 10:45:00,-11937.345682887717
2030-02-18 11:00:00,-12627.479772185827
2030-02-18 11:15:00,-13318.212830864057
2030-02-18 11:30:00,-13862.727852595079
2030-02-18 11:45:00,-14727.519742926524
2030-02-18 12:00:00,-15190.428055366014
2030-02-18 12:15:00,-15721.843879027783
2030-02-18 12:30:00,-16002.404967232149
2030-02-18 12:45:00,-16088.249055997909
2030-02-18 13:00:00,-16110.906830125023
2030-02-18 13:15:00,-15848.648505700887
2030-02-18 13:30:00,-15782.40446232909
2030-02-18 13:45:00,-15495.398219012892
2030-02-18 14:00:00,-15329.170551598156
2030-02-18 14:15:00,-14971.523397633777
2030-02-18 14:30:00,-14147.33642052023
2030-02-18 14:45:00,-13340.02206362179
2030-02-18 15:00:00,-12582.423938451884
2030-02-18 15:15:00,-11596.448403529066
2030-02-18 15:30:00,-10691.609852568912
2030-02-18 15:45:00,-9678.989298091317
2030-02-18 16:00:00,-8657.276784484438
2030-02-18 16:15:00,-8696.535854018388
2030-02-18 16:30:00,-7635.466971355716
2030-02-18 16:45:00,-7209.607434737969
2030-02-18 17:00:00,-6006.823677664452
2030-02-18 17:15:00,-5292.9012991202035
2030-02-18 17:30:00,-4727.9575994728
2030-02-18 17:45:00,-4270.572558644541
2030-02-18 18:00:00,-3593.7734352297193
2030-02-18 18:15:00,-3136.3572366295193
2030-02-18 18:30:00,-3193.1496644312247
2030-02-18 18:45:00,-3191.1071852190726
2030-02-18 19:00:00,-3198.628706117088
2030-02-18 19:15:00,-3087.78431173824
2030-02-18 19:30:00,-2944.885310971098
2030-02-18 19:45:00,-2960.2729156726673
2030-02-18 20:00:00,-2982.2795003315077
2030-02-18 20:15:00,-3134.6335385392995
2030-02-18 20:30:00,-3091.8903335940267
2030-02-18 20:45:00,-3030.745684727259
2030-02-18 21:00:00,-2851.131304135488
2030-02-18 21:15:00,-2823.286504809843
2030-02-18 21:30:00,-2619.7106030131545
2030-02-18 21:45:00,-2412.9813829713567
2030-02-18 22:00:00,-1984.3274625172962
2030-02-18 22:15:00,-1888.5108291202341
2030-02-18 22:30:00,-1935.5153158033136
2030-02-18 22:45:00,-1847.5316458415582
2030-02-18 23:00:00,-1635.6780963834426
2030-02-18 23:15:00,-1518.067250848293
2030-02-18 23:30:00,-948.6994238210991
2030-02-18 23:45:00,-1014.2774405244836
2030-02-19 00:00:00,-1516.5431569136708
2030-02-19 00:15:00,-1789.3906625962045
2030-02-19 00:30:00,-1660.810307181393
2030-02-19 00:45:00,-1753.5031680738648
2030-02-19 01:00:00,-2096.20883570942
2030-02-19 01:15:00,-2269.0885020611768
2030-02-19 01:30:00,-2563.7771255808293
2030-02-19 01:45:00,-2683.0823393482406
2030-02-19 02:00:00,-2903.2168797431295
2030-02-19 02:15:00,-2936.635084455156
2030-02-19 02:30:00,-3093.154944868702
2030-02-19 02:45:00,-3042.5861674947646
2030-02-19 03:00:00,-3050.997264188809
2030-02-19 03:15:00,-3155.9498140727446
2030-02-19 03:30:00,-3387.140333482608
2030-02-19 03:45:00,-3523.7319197766956
2030-02-19 04:00:00,-3522.917343967956
2030-02-19 04:15:00,-3546.570928782672
2030-02-19 04:30:00,-3465.749290318394
2030-02-19 04:45:00,-3496.300413045563
2030-02-19 05:00:00,-3678.8217901262087
2030-02-19 05:15:00,-3932.578008067516
2030-02-19 05:30:00,-3755.4937766296607
2030-02-19 05:45:00,-3712.6422499930122
2030-02-19 06:00:00,-3672.097896144158
2030-02-19 06:15:00,-3850.1416550440554
2030-02-19 06:30:00,-3925.328206726914
2030-02-19 06:45:00,-4015.5188297221175
2030-02-19 07:00:00,-3492.615920724389
2030-02-19 07:15:00,-3302.648310088831
2030-02-19 07:30:00,-2982.893141063896
2030-02-19 07:45:00,-2953.9374780705875
2030-02-19 08:00:00,-2821.666178314923
2030-02-19 08:15:00,-3092.6022847655695
2030-02-19 08:30:00,-3587.719484970501
2030-02-19 08:45:00,-3849.823885156671
2030-02-19 09:00:00,-3858.058255766344
2030-02-19 09:15:00,-3800.400998767869
2030-02-19 09:30:00,-4248.088182276784
2030-02-19 09:45:00,-4728.677844858663
2030-02-19 10:00:00,-5244.437643033209
2030-02-19 10:15:00,-5554.30937920119
2030-02-19 10:30:00,-6024.315022219762
2030-02-19 10:45:00,-6480.047122629632
2030-02-19 11:00:00,-6716.917614883281
2030-02-19 11:15:00,-7148.695196612665
2030-02-19 11:30:00,-7815.641180397339
2030-02-19 11:45:00,-8033.845982754017
2030-02-19 12:00:00,-8651.179170250085
2030-02-19 12:15:00,-9107.874165853693
2030-02-19 12:30:00,-9209.450039855346
2030-02-19 12:45:00,-9370.917829263835
2030-02-19 13:00:00,-9119.493181665424
2030-02-19 13:15:00,-8451.974428675538
2030-02-19 13:30:00,-8148.939451401649
2030-02-19 13:45:00,-7929.471172265872
2030-02-19 14:00:00,-7380.417691252813
2030-02-19 14:15:00,-6776.135319922505
2030-02-19 14:30:00,-6460.831560828683
2030-02-19 14:45:00,-5847.115810746414
2030-02-19 15:00:00,-4581.828780042124
2030-02-19 15:15:00,-3448.953804292949
2030-02-19 15:30:00,-1969.1971231487078
2030-02-19 15:45:00,-915.0981296086975
2030-02-19 16:00:00,0.0
2030-02-19 16:15:00,0.0
2030-02-19 16:30:00,0.0
2030-02-19 16:45:00,0.0
2030-02-19 17:00:00,0.0
2030-02-19 17:15:00,0.0
2030-02-19 17:30:00,0.0
2030-02-19 17:45:00,0.0
2030-02-19 18:00:00,0.0
2030-02-19 18:15:00,0.0
2030-02-19 18:30:00,0.0
2030-02-19 18:45:00,0.0
2030-02-19 19:00:00,0.0
2030-02-19 19:15:00,0.0
2030-02-19 19:30:00,0.0
2030-02-19 19:45:00,0.0
2030-02-19 20:00:00,0.0
2030-02-19 20:15:00,0.0
2030-02-19 20:30:00,0.0
2030-02-19 20:45:00,0.0
2030-02-19 21:00:00,0.0
2030-02-19 21:15:00,0.0
2030-02-19 21:30:00,0.0
2030-02-19 21:45:00,0.0
2030-02-19 22:00:00,0.0
2030-02-19 22:15:00,0.0
2030-02-19 22:30:00,0.0
2030-02-19 22:45:00,0.0
2030-02-19 23:00:00,0.0
2030-02-19 23:15:00,0.0
2030-02-19 23:30:00,0.0
2030-02-19 23:45:00,0.0
2030-02-20 00:00:00,0.0
2030-02-20 00:15:00,0.0
2030-02-20 00:30:00,0.0
2030-02-20 00:45:00,0.0
2030-02-20 01:00:00,0.0
2030-02-20 01:15:00,0.0
2030-02-20 01:30:00,0.0
2030-02-20 01:45:00,0.0
2030-02-20 02:00:00,0.0
2030-02-20 02:15:00,0.0
2030-02-20 02:30:00,0.0
2030-02-20 02:45:00,0.0
2030-02-20 03:00:00,-240.19462086621934
2030-02-20 03:15:00,-8387.285598004302
2030-02-20 03:30:00,-8345.78283141593
2030-02-20 03:45:00,-8409.811750950921
2030-02-20 04:00:00,-8600.857221416454
2030-02-20 04:15:00,-8767.90417466129
2030-02-20 04:30:00,-8639.967371080871
2030-02-20 04:45:00,-8552.743843646807
2030-02-20 05:00:00,-8277.518173695626
2030-02-20 05:15:00,-8266.115292924012
2030-02-20 05:30:00,-7974.334751637369
2030-02-20 05:45:00,-7861.064016051823
2030-02-20 06:00:00,-7489.323353264765
2030-02-20 06:15:00,-6487.899951286785
2030-02-20 06:30:00,-6098.450740567281
2030-02-20 06:45:00,-5871.233826620162
2030-02-20 07:00:00,-5640.204002412949
2030-02-20 07:15:00,-5386.769771811127
2030-02-20 07:30:00,-5185.668770623379
2030-02-20 07:45:00,-5199.945906358378
2030-02-20 08:00:00,-5670.199773205575
2030-02-20 08:15:00,-6080.553482099542
2030-02-20 08:30:00,-7031.019857091178
2030-02-20 08:45:00,-8025.159490689661
2030-02-20 09:00:00,-9207.26851481993
2030-02-20 09:15:00,-10354.443867917245
2030-02-20 09:30:00,-11413.46392231926
2030-02-20 09:45:00,-12424.70148200175
2030-02-20 10:00:00,-13588.577649770457
2030-02-20 10:15:00,-14499.082365009974
2030-02-20 10:30:00,-14998.836302063472
2030-02-20 10:45:00,-15454.848084446898
2030-02-20 11:00:00,-16203.092949285685
2030-02-20 11:15:00,-16496.066849769493
2030-02-20 11:30:00,-16353.090605163045
2030-02-20 11:45:00,-16060.649946559322
2030-02-20 12:00:00,-16288.389814187052
2030-02-20 12:15:00,-16227.666102328993
2030-02-20 12:30:00,-16039.509727751076
2030-02-20 12:45:00,-16130.589770508053
2030-02-20 13:00:00,-15844.44727072361
2030-02-20 13:15:00,-15392.809448644915
2030-02-20 13:30:00,-14902.512779209359
2030-02-20 13:45:00,-14353.875402104019
2030-02-20 14:00:00,-13872.70327884093
2030-02-20 14:15:00,-13422.716249313082
2030-02-20 14:30:00,-13229.022412302038
2030-02-20 14:45:00,-12869.363902494308
2030-02-20 15:00:00,-13180.359811030426
2030-02-20 15:15:00,-12630.914333728353
2030-02-20 15:30:00,-12188.20617943388
2030-02-20 15:45:00,-11541.698569076587
2030-02-20 16:00:00,-10482.064011622704
2030-02-20 16:15:00,-9511.616238595736
2030-02-20 16:30:00,-8888.846802906119
2030-02-20 16:45:00,-8171.846559017795
2030-02-20 17:00:00,-7087.032882277428
2030-02-20 17:15:00,-5757.604535502753
2030-02-20 17:30:00,-5058.827544877429
2030-02-20 17:45:00,-4646.5277484107355
2030-02-20 18:00:00,-4487.754554153431
2030-02-20 18:15:00,-4241.712315693494
2030-02-20 18:30:00,-3949.813183203096
2030-02-20 18:45:00,-3788.1779312994986
2030-02-20 19:00:00,-3759.441505950246
2030-02-20 19:15:00,-3905.0295087103077
2030-02-20 19:30:00,-3924.7220065218753
2030-02-20 19:45:00,-4338.560957813017
2030-02-20 20:00:00,-4627.022849811572
2030-02-20 20:15:00,-4974.818448893831
2030-02-20 20:30:00,-5265.201889045518
2030-02-20 20:45:00,-5608.719920051899
2030-02-20 21:00:00,-5863.1933150074365
2030-02-20 21:15:00,-5946.451468337284
2030-02-20 21:30:00,-6106.717061260817
2030-02-20 21:45:00,-6134.510003339161
2030-02-20 22:00:00,-5908.37795520217
2030-02-20 22:15:00,-6088.86278735712
2030-02-20 22:30:00,-6295.703091468415
2030-02-20 22:45:00,-6464.0186638267405
2030-02-20 23:00:00,-6646.536624334705
2030-02-20 23:15:00,-6571.915510473027
2030-02-20 23:30:00,-6631.009592664261
2030-02-20 23:45:00,-6690.138258726933
2030-02-21 00:00:00,-7117.875370998565
2030-02-21 00:15:00,-7051.777560217983
2030-02-21 00:30:00,-6991.9759768396
2030-02-21 00:45:00,-7025.525181527224
2030-02-21 01:00:00,-7298.22689425329
2030-02-21 01:15:00,-7375.172837114253
2030-02-21 01:30:00,-7243.539240322116
2030-02-21 01:45:00,-7214.805339541388
2030-02-21 02:00:00,-7148.231620995884
2030-02-21 02:15:00,-6989.335807677038
2030-02-21 02:30:00,-6833.050431182273
2030-02-21 02:45:00,-6636.596349059018
2030-02-21 03:00:00,-6452.715190930234
2030-02-21 03:15:00,-6453.987579325727
2030-02-21 03:30:00,-6371.216449409734
2030-02-21 03:45:00,-6166.984554769588
2030-02-21 04:00:00,-5108.002656563764
2030-02-21 04:15:00,-4513.241654352027
2030-02-21 04:30:00,-4136.254850371963
2030-02-21 04:45:00,-3695.018150946431
2030-02-21 05:00:00,-3291.325845454827
2030-02-21 05:15:00,-3131.8641529135093
2030-02-21 05:30:00,-2719.8542284656723
2030-02-21 05:45:00,-2197.2718502521857
2030-02-21 06:00:00,-1276.4042742265374
2030-02-21 06:15:00,-742.7115989281738
2030-02-21 06:30:00,-117.89952437701504
2030-02-21 06:45:00,0.0
2030-02-21 07:00:00,0.0
2030-02-21 07:15:00,0.0
2030-02-21 07:30:00,0.0
2030-02-21 07:45:00,0.0
2030-02-21 08:00:00,0.0
2030-02-21 08:15:00,0.0
2030-02-21 08:30:00,0.0
2030-02-21 08:45:00,0.0
2030-02-21 09:00:00,-179.57936428217727
2030-02-21 09:15:00,-3826.475971382566
2030-02-21 09:30:00,-5128.37900864887
2030-02-21 09:45:00,-6323.288708855875
2030-02-21 10:00:00,-7357.104792198956
2030-02-21 10:15:00,-7972.750627737631
2030-02-21 10:30:00,-8435.167345267695
2030-02-21 10:45:00,-9286.728530009725
2030-02-21 11:00:00,-9694.735485133137
2030-02-21 11:15:00,-10186.305834602259
2030-02-21 11:30:00,-10615.09765366904
2030-02-21 11:45:00,-11082.22846650848
2030-02-21 12:00:00,-11243.238927083454
2030-02-21 12:15:00,-11546.98562073622
2030-02-21 12:30:00,-11351.058579347726
2030-02-21 12:45:00,-11267.197711683973
2030-02-21 13:00:00,-11086.126685775456
2030-02-21 13:15:00,-10607.393825411807
2030-02-21 13:30:00,-10114.477612622104
2030-02-21 13:45:00,-9478.7803677792
2030-02-21 14:00:00,-8466.632962114454
2030-02-21 14:15:00,-7554.783902199215
2030-02-21 14:30:00,-6400.761304835949
2030-02-21 14:45:00,-5241.469820426275
2030-02-21 15:00:00,-3637.057577790554
2030-02-21 15:15:00,-2254.0680385907763
2030-02-21 15:30:00,-928.6433010553628
2030-02-21 15:45:00,0.0
2030-02-21 16:00:00,0.0
2030-02-21 16:15:00,0.0
2030-02-21 16:30:00,0.0
2030-02-21 16:45:00,0.0
2030-02-21 17:00:00,0.0
2030-02-21 17:15:00,0.0
2030-02-21 17:30:00,0.0
2030-02-21 17:45:00,0.0
2030-02-21 18:00:00,0.0
2030-02-21 18:15:00,0.0
2030-02-21 18:30:00,0.0
2030-02-21 18:45:00,0.0
2030-02-21 19:00:00,0.0
2030-02-21 19:15:00,0.0
2030-02-21 19:30:00,0.0
2030-02-21 19:45:00,0.0
2030-02-21 20:00:00,0.0
2030-02-21 20:15:00,0.0
2030-02-21 20:30:00,0.0
2030-02-21 20:45:00,0.0
2030-02-21 21:00:00,0.0
2030-02-21 21:15:00,0.0
2030-02-21 21:30:00,0.0
2030-02-21 21:45:00,0.0
2030-02-21 22:00:00,0.0
2030-02-21 22:15:00,0.0
2030-02-21 22:30:00,0.0
2030-02-21 22:45:00,0.0
2030-02-21 23:00:00,0.0
2030-02-21 23:15:00,0.0
2030-02-21 23:30:00,0.0
2030-02-21 23:45:00,0.0
2030-02-22 00:00:00,0.0
2030-02-22 00:15:00,0.0
2030-02-22 00:30:00,0.0
2030-02-22 00:45:00,0.0
2030-02-22 01:00:00,0.0
2030-02-22 01:15:00,0.0
2030-02-22 01:30:00,0.0
2030-02-22 01:45:00,0.0
2030-02-22 02:00:00,0.0
2030-02-22 02:15:00,0.0
2030-02-22 02:30:00,0.0
2030-02-22 02:45:00,0.0
2030-02-22 03:00:00,0.0
2030-02-22 03:15:00,0.0
2030-02-22 03:30:00,0.0
2030-02-22 03:45:00,0.0
2030-02-22 04:00:00,0.0
2030-02-22 04:15:00,0.0
2030-02-22 04:30:00,0.0
2030-02-22 04:45:00,8645.687264520751
2030-02-22 05:00:00,0.0
2030-02-22 05:15:00,0.0
2030-02-22 05:30:00,0.0
2030-02-22 05:45:00,0.0
2030-02-22 06:00:00,0.0
2030-02-22 06:15:00,107.63467670213504
2030-02-22 06:30:00,893.0661831897814
2030-02-22 06:45:00,1299.2277006265958
2030-02-22 07:00:00,1720.0798491021578
2030-02-22 07:15:00,1564.9653403277043
2030-02-22 07:30:00,1313.2938646575312
2030-02-22 07:45:00,877.7071357259811
2030-02-22 08:00:00,165.89638645648301
2030-02-22 08:15:00,0.0
2030-02-22 08:30:00,0.0
2030-02-22 08:45:00,0.0
2030-02-22 09:00:00,0.0
2030-02-22 09:15:00,0.0
2030-02-22 09:30:00,0.0
2030-02-22 09:45:00,0.0
2030-02-22 10:00:00,0.0
2030-02-22 10:15:00,0.0
2030-02-22 10:30:00,0.0
2030-02-22 10:45:00,0.0
2030-02-22 11:00:00,0.0
2030-02-22 11:15:00,0.0
2030-02-22 11:30:00,0.0
2030-02-22 11:45:00,0.0
2030-02-22 12:00:00,0.0
2030-02-22 12:15:00,0.0
2030-02-22 12:30:00,0.0
2030-02-22 12:45:00,0.0
2030-02-22 13:00:00,0.0
2030-02-22 13:15:00,0.0
2030-02-22 13:30:00,0.0
2030-02-22 13:45:00,0.0
2030-02-22 14:00:00,0.0
2030-02-22 14:15:00,0.0
2030-02-22 14:30:00,0.0
2030-02-22 14:45:00,0.0
2030-02-22 15:00:00,0.0
2030-02-22 15:15:00,0.0
2030-02-22 15:30:00,0.0
2030-02-22 15:45:00,3364.919026261905
2030-02-22 16:00:00,0.0
2030-02-22 16:15:00,0.0
2030-02-22 16:30:00,0.0
2030-02-22 16:45:00,0.0
2030-02-22 17:00:00,0.0
2030-02-22 17:15:00,0.0
2030-02-22 17:30:00,0.0
2030-02-22 17:45:00,0.0
2030-02-22 18:00:00,0.0
2030-02-22 18:15:00,0.0
2030-02-22 18:30:00,0.0
2030-02-22 18:45:00,0.0
2030-02-22 19:00:00,0.0
2030-02-22 19:15:00,0.0
2030-02-22 19:30:00,0.0
2030-02-22 19:45:00,0.0
2030-02-22 20:00:00,0.0
2030-02-22 20:15:00,0.0
2030-02-22 20:30:00,0.0
2030-02-22 20:45:00,0.0
2030-02-22 21:00:00,0.0
2030-02-22 21:15:00,0.0
2030-02-22 21:30:00,0.0
2030-02-22 21:45:00,0.0
2030-02-22 22:00:00,0.0
2030-02-22 22:15:00,0.0
2030-02-22 22:30:00,0.0
2030-02-22 22:45:00,0.0
2030-02-22 23:00:00,0.0
2030-02-22 23:15:00,0.0
2030-02-22 23:30:00,0.0
2030-02-22 23:45:00,0.0
2030-02-23 00:00:00,0.0
2030-02-23 00:15:00,0.0
2030-02-23 00:30:00,0.0
2030-02-23 00:45:00,0.0
2030-02-23 01:00:00,0.0
2030-02-23 01:15:00,0.0
2030-02-23 01:30:00,0.0
2030-02-23 01:45:00,0.0
2030-02-23 02:00:00,0.0
2030-02-23 02:15:00,0.0
2030-02-23 02:30:00,0.0
2030-02-23 02:45:00,0.0
2030-02-23 03:00:00,0.0
2030-02-23 03:15:00,0.0
2030-02-23 03:30:00,0.0
2030-02-23 03:45:00,0.0
2030-02-23 04:00:00,0.0
2030-02-23 04:15:00,0.0
2030-02-23 04:30:00,0.0
2030-02-23 04:45:00,0.0
2030-02-23 05:00:00,0.0
2030-02-23 05:15:00,0.0
2030-02-23 05:30:00,0.0
2030-02-23 05:45:00,0.0
2030-02-23 06:00:00,0.0
2030-02-23 06:15:00,0.0
2030-02-23 06:30:00,0.0
2030-02-23 06:45:00,0.0
2030-02-23 07:00:00,835.7632008881101
2030-02-23 07:15:00,1062.3599710909075
2030-02-23 07:30:00,563.8289782838528
2030-02-23 07:45:00,0.0
2030-02-23 08:00:00,0.0
2030-02-23 08:15:00,0.0
2030-02-23 08:30:00,0.0
2030-02-23 08:45:00,0.0
2030-02-23 09:00:00,0.0
2030-02-23 09:15:00,0.0
2030-02-23 09:30:00,0.0
2030-02-23 09:45:00,0.0
2030-02-23 10:00:00,0.0
2030-02-23 10:15:00,0.0
2030-02-23 10:30:00,0.0
2030-02-23 10:45:00,0.0
2030-02-23 11:00:00,0.0
2030-02-23 11:15:00,0.0
2030-02-23 11:30:00,0.0
2030-02-23 11:45:00,0.0
2030-02-23 12:00:00,0.0
2030-02-23 12:15:00,0.0
2030-02-23 12:30:00,0.0
2030-02-23 12:45:00,0.0
2030-02-23 13:00:00,0.0
2030-02-23 13:15:00,0.0
2030-02-23 13:30:00,0.0
2030-02-23 13:45:00,0.0
2030-02-23 14:00:00,0.0
2030-02-23 14:15:00,0.0
2030-02-23 14:30:00,0.0
2030-02-23 14:45:00,0.0
2030-02-23 15:00:00,0.0
2030-02-23 15:15:00,0.0
2030-02-23 15:30:00,0.0
2030-02-23 15:45:00,0.0
2030-02-23 16:00:00,0.0
2030-02-23 16:15:00,0.0
2030-02-23 16:30:00,0.0
2030-02-23 16:45:00,0.0
2030-02-23 17:00:00,0.0
2030-02-23 17:15:00,0.0
2030-02-23 17:30:00,0.0
2030-02-23 17:45:00,0.0
2030-02-23 18:00:00,0.0
2030-02-23 18:15:00,3509.8812849519272
2030-02-23 18:30:00,0.0
2030-02-23 18:45:00,0.0
2030-02-23 19:00:00,0.0
2030-02-23 19:15:00,0.0
2030-02-23 19:30:00,0.0
2030-02-23 19:45:00,0.0
2030-02-23 20:00:00,0.0
2030-02-23 20:15:00,0.0
2030-02-23 20:30:00,0.0
2030-02-23 20:45:00,0.0
2030-02-23 21:00:00,0.0
2030-02-23 21:15:00,0.0
2030-02-23 21:30:00,0.0
2030-02-23 21:45:00,0.0
2030-02-23 22:00:00,0.0
2030-02-23 22:15:00,0.0
2030-02-23 22:30:00,0.0
2030-02-23 22:45:00,0.0
2030-02-23 23:00:00,0.0
2030-02-23 23:15:00,0.0
2030-02-23 23:30:00,0.0
2030-02-23 23:45:00,0.0
2030-02-24 00:00:00,0.0
2030-02-24 00:15:00,0.0
2030-02-24 00:30:00,0.0
2030-02-24 00:45:00,0.0
2030-02-24 01:00:00,0.0
2030-02-24 01:15:00,0.0
2030-02-24 01:30:00,0.0
2030-02-24 01:45:00,0.0
2030-02-24 02:00:00,0.0
2030-02-24 02:15:00,0.0
2030-02-24 02:30:00,0.0
2030-02-24 02:45:00,0.0
2030-02-24 03:00:00,0.0
2030-02-24 03:15:00,0.0
2030-02-24 03:30:00,0.0
2030-02-24 03:45:00,0.0
2030-02-24 04:00:00,0.0
2030-02-24 04:15:00,0.0
2030-02-24 04:30:00,0.0
2030-02-24 04:45:00,0.0
2030-02-24 05:00:00,0.0
2030-02-24 05:15:00,0.0
2030-02-24 05:30:00,0.0
2030-02-24 05:45:00,0.0
2030-02-24 06:00:00,0.0
2030-02-24 06:15:00,0.0
2030-02-24 06:30:00,0.0
2030-02-24 06:45:00,0.0
2030-02-24 07:00:00,0.0
2030-02-24 07:15:00,0.0
2030-02-24 07:30:00,0.0
2030-02-24 07:45:00,0.0
2030-02-24 08:00:00,0.0
2030-02-24 08:15:00,0.0
2030-02-24 08:30:00,0.0
2030-02-24 08:45:00,0.0
2030-02-24 09:00:00,0.0
2030-02-24 09:15:00,0.0
2030-02-24 09:30:00,0.0
2030-02-24 09:45:00,0.0
2030-02-24 10:00:00,0.0
2030-02-24 10:15:00,0.0
2030-02-24 10:30:00,0.0
2030-02-24 10:45:00,0.0
2030-02-24 11:00:00,0.0
2030-02-24 11:15:00,0.0
2030-02-24 11:30:00,0.0
2030-02-24 11:45:00,0.0
2030-02-24 12:00:00,0.0
2030-02-24 12:15:00,0.0
2030-02-24 12:30:00,0.0
2030-02-24 12:45:00,0.0
2030-02-24 13:00:00,0.0
2030-02-24 13:15:00,0.0
2030-02-24 13:30:00,0.0
2030-02-24 13:45:00,0.0
2030-02-24 14:00:00,0.0
2030-02-24 14:15:00,0.0
2030-02-24 14:30:00,0.0
2030-02-24 14:45:00,0.0
2030-02-24 15:00:00,0.0
2030-02-24 15:15:00,0.0
2030-02-24 15:30:00,0.0
2030-02-24 15:45:00,0.0
2030-02-24 16:00:00,0.0
2030-02-24 16:15:00,0.0
2030-02-24 16:30:00,0.0
2030-02-24 16:45:00,0.0
2030-02-24 17:00:00,0.0
2030-02-24 17:15:00,0.0
2030-02-24 17:30:00,0.0
2030-02-24 17:45:00,0.0
2030-02-24 18:00:00,0.0
2030-02-24 18:15:00,0.0
2030-02-24 18:30:00,0.0
2030-02-24 18:45:00,0.0
2030-02-24 19:00:00,0.0
2030-02-24 19:15:00,0.0
2030-02-24 19:30:00,0.0
2030-02-24 19:45:00,0.0
2030-02-24 20:00:00,0.0
2030-02-24 20:15:00,0.0
2030-02-24 20:30:00,0.0
2030-02-24 20:45:00,0.0
2030-02-24 21:00:00,0.0
2030-02-24 21:15:00,0.0
2030-02-24 21:30:00,0.0
2030-02-24 21:45:00,0.0
2030-02-24 22:00:00,0.0
2030-02-24 22:15:00,0.0
2030-02-24 22:30:00,0.0
2030-02-24 22:45:00,0.0
2030-02-24 23:00:00,0.0
2030-02-24 23:15:00,0.0
2030-02-24 23:30:00,-2299.7287867342347
2030-02-24 23:45:00,-6816.272895005528
2030-02-25 00:00:00,-7229.4565388864285
2030-02-25 00:15:00,-7242.87959368926
2030-02-25 00:30:00,-7418.053767279107
2030-02-25 00:45:00,-7599.343622989039
2030-02-25 01:00:00,-7421.580396985333
2030-02-25 01:15:00,-7377.0141348447905
2030-02-25 01:30:00,-7437.311688664755
2030-02-25 01:45:00,-7388.795296009499
2030-02-25 02:00:00,-7395.4278539410625
2030-02-25 02:15:00,-7356.18588555299
2030-02-25 02:30:00,-7122.297156780936
2030-02-25 02:45:00,-7094.933881339595
2030-02-25 03:00:00,-7034.567874947697
2030-02-25 03:15:00,-6763.255645805595
2030-02-25 03:30:00,-6501.232549681554
2030-02-25 03:45:00,-6487.176651881557
2030-02-25 04:00:00,-6299.239881154081
2030-02-25 04:15:00,-6187.688924131642
2030-02-25 04:30:00,-6063.195110238208
2030-02-25 04:45:00,-6002.684777381026
2030-02-25 05:00:00,-6182.333652255802
2030-02-25 05:15:00,-6156.263373159196
2030-02-25 05:30:00,-6105.780412030432
2030-02-25 05:45:00,-5863.408020623807
2030-02-25 06:00:00,-5516.32923056417
2030-02-25 06:15:00,-4794.154277328133
2030-02-25 06:30:00,-3812.869648821983
2030-02-25 06:45:00,-3533.785813410308
2030-02-25 07:00:00,-3320.284485902659
2030-02-25 07:15:00,-3275.985610429754
2030-02-25 07:30:00,-4034.6076282670656
2030-02-25 07:45:00,-5055.47527977901
2030-02-25 08:00:00,-5821.302099893055
2030-02-25 08:15:00,-6956.741467539327
2030-02-25 08:30:00,-8475.917853033825
2030-02-25 08:45:00,-9820.672165547552
2030-02-25 09:00:00,-11135.934387681624
2030-02-25 09:15:00,-12678.55137820129
2030-02-25 09:30:00,-14384.47338106675
2030-02-25 09:45:00,-15551.004424465216
2030-02-25 10:00:00,-16879.316062544094
2030-02-25 10:15:00,-18070.11509393653
2030-02-25 10:30:00,-19248.891216190863
2030-02-25 10:45:00,-20165.191122373224
2030-02-25 11:00:00,-20941.67737616589
2030-02-25 11:15:00,-21630.79048866313
2030-02-25 11:30:00,-22473.91533607967
2030-02-25 11:45:00,-23008.231500892063
2030-02-25 12:00:00,-23466.89744292533
2030-02-25 12:15:00,-22988.862456867515
2030-02-25 12:30:00,-22847.427765498185
2030-02-25 12:45:00,-22995.27786666409
2030-02-25 13:00:00,-22305.735134874136
2030-02-25 13:15:00,-21505.110488147886
2030-02-25 13:30:00,-21239.29585906063
2030-02-25 13:45:00,-20406.262492372607
2030-02-25 14:00:00,-19551.807255654665
2030-02-25 14:15:00,-18671.518982279213
2030-02-25 14:30:00,-17499.063206980547
2030-02-25 14:45:00,-16740.929055450666
2030-02-25 15:00:00,-14876.1631263087
2030-02-25 15:15:00,-13203.542289567431
2030-02-25 15:30:00,-11793.29861385711
2030-02-25 15:45:00,-9862.362480011045
2030-02-25 16:00:00,-7703.585429909126
2030-02-25 16:15:00,-6175.127927591788
2030-02-25 16:30:00,-4451.745781360281
2030-02-25 16:45:00,-3032.327312583864
2030-02-25 17:00:00,-1655.2280698639515
2030-02-25 17:15:00,-475.61732260795907
2030-02-25 17:30:00,0.0
2030-02-25 17:45:00,0.0
2030-02-25 18:00:00,0.0
2030-02-25 18:15:00,0.0
2030-02-25 18:30:00,0.0
2030-02-25 18:45:00,0.0
2030-02-25 19:00:00,0.0
2030-02-25 19:15:00,0.0
2030-02-25 19:30:00,0.0
2030-02-25 19:45:00,0.0
2030-02-25 20:00:00,0.0
2030-02-25 20:15:00,0.0
2030-02-25 20:30:00,0.0
2030-02-25 20:45:00,0.0
2030-02-25 21:00:00,0.0
2030-02-25 21:15:00,0.0
2030-02-25 21:30:00,0.0
2030-02-25 21:45:00,0.0
2030-02-25 22:00:00,0.0
2030-02-25 22:15:00,0.0
2030-02-25 22:30:00,0.0
2030-02-25 22:45:00,0.0
2030-02-25 23:00:00,0.0
2030-02-25 23:15:00,0.0
2030-02-25 23:30:00,0.0
2030-02-25 23:45:00,0.0
2030-02-26 00:00:00,0.0
2030-02-26 00:15:00,0.0
2030-02-26 00:30:00,0.0
2030-02-26 00:45:00,0.0
2030-02-26 01:00:00,0.0
2030-02-26 01:15:00,0.0
2030-02-26 01:30:00,0.0
2030-02-26 01:45:00,0.0
2030-02-26 02:00:00,0.0
2030-02-26 02:15:00,0.0
2030-02-26 02:30:00,0.0
2030-02-26 02:45:00,0.0
2030-02-26 03:00:00,0.0
2030-02-26 03:15:00,0.0
2030-02-26 03:30:00,0.0
2030-02-26 03:45:00,0.0
2030-02-26 04:00:00,0.0
2030-02-26 04:15:00,0.0
2030-02-26 04:30:00,0.0
2030-02-26 04:45:00,0.0
2030-02-26 05:00:00,0.0
2030-02-26 05:15:00,0.0
2030-02-26 05:30:00,0.0
2030-02-26 05:45:00,0.0
2030-02-26 06:00:00,0.0
2030-02-26 06:15:00,0.0
2030-02-26 06:30:00,0.0
2030-02-26 06:45:00,0.0
2030-02-26 07:00:00,0.0
2030-02-26 07:15:00,0.0
2030-02-26 07:30:00,0.0
2030-02-26 07:45:00,0.0
2030-02-26 08:00:00,0.0
2030-02-26 08:15:00,0.0
2030-02-26 08:30:00,0.0
2030-02-26 08:45:00,0.0
2030-02-26 09:00:00,0.0
2030-02-26 09:15:00,0.0
2030-02-26 09:30:00,0.0
2030-02-26 09:45:00,0.0
2030-02-26 10:00:00,0.0
2030-02-26 10:15:00,0.0
2030-02-26 10:30:00,0.0
2030-02-26 10:45:00,0.0
2030-02-26 11:00:00,0.0
2030-02-26 11:15:00,0.0
2030-02-26 11:30:00,0.0
2030-02-26 11:45:00,0.0
2030-02-26 12:00:00,0.0
2030-02-26 12:15:00,0.0
2030-02-26 12:30:00,0.0
2030-02-26 12:45:00,0.0
2030-02-26 13:00:00,0.0
2030-02-26 13:15:00,0.0
2030-02-26 13:30:00,0.0
2030-02-26 13:45:00,0.0
2030-02-26 14:00:00,0.0
2030-02-26 14:15:00,0.0
2030-02-26 14:30:00,0.0
2030-02-26 14:45:00,0.0
2030-02-26 15:00:00,0.0
2030-02-26 15:15:00,0.0
2030-02-26 15:30:00,0.0
2030-02-26 15:45:00,0.0
2030-02-26 16:00:00,0.0
2030-02-26 16:15:00,0.0
2030-02-26 16:30:00,0.0
2030-02-26 16:45:00,0.0
2030-02-26 17:00:00,0.0
2030-02-26 17:15:00,0.0
2030-02-26 17:30:00,0.0
2030-02-26 17:45:00,0.0
2030-02-26 18:00:00,0.0
2030-02-26 18:15:00,0.0
2030-02-26 18:30:00,0.0
2030-02-26 18:45:00,0.0
2030-02-26 19:00:00,0.0
2030-02-26 19:15:00,0.0
2030-02-26 19:30:00,0.0
2030-02-26 19:45:00,0.0
2030-02-26 20:00:00,0.0
2030-02-26 20:15:00,0.0
2030-02-26 20:30:00,0.0
2030-02-26 20:45:00,0.0
2030-02-26 21:00:00,0.0
2030-02-26 21:15:00,0.0
2030-02-26 21:30:00,0.0
2030-02-26 21:45:00,0.0
2030-02-26 22:00:00,0.0
2030-02-26 22:15:00,0.0
2030-02-26 22:30:00,0.0
2030-02-26 22:45:00,0.0
2030-02-26 23:00:00,0.0
2030-02-26 23:15:00,0.0
2030-02-26 23:30:00,0.0
2030-02-26 23:45:00,0.0
2030-02-27 00:00:00,0.0
2030-02-27 00:15:00,6869.202874714691
2030-02-27 00:30:00,0.0
2030-02-27 00:45:00,0.0
2030-02-27 01:00:00,0.0
2030-02-27 01:15:00,0.0
2030-02-27 01:30:00,0.0
2030-02-27 01:45:00,0.0
2030-02-27 02:00:00,0.0
2030-02-27 02:15:00,0.0
2030-02-27 02:30:00,0.0
2030-02-27 02:45:00,0.0
2030-02-27 03:00:00,0.0
2030-02-27 03:15:00,0.0
2030-02-27 03:30:00,0.0
2030-02-27 03:45:00,0.0
2030-02-27 04:00:00,0.0
2030-02-27 04:15:00,0.0
2030-02-27 04:30:00,0.0
2030-02-27 04:45:00,0.0
2030-02-27 05:00:00,0.0
2030-02-27 05:15:00,0.0
2030-02-27 05:30:00,0.0
2030-02-27 05:45:00,0.0
2030-02-27 06:00:00,0.0
2030-02-27 06:15:00,0.0
2030-02-27 06:30:00,615.2972944226203
2030-02-27 06:45:00,1593.5575068720664
2030-02-27 07:00:00,2088.82181529656
2030-02-27 07:15:00,1981.7845518672493
2030-02-27 07:30:00,1431.7780826560775
2030-02-27 07:45:00,684.7614618555508
2030-02-27 08:00:00,7.2649597206891485
2030-02-27 08:15:00,0.0
2030-02-27 08:30:00,0.0
2030-02-27 08:45:00,0.0
2030-02-27 09:00:00,0.0
2030-02-27 09:15:00,0.0
2030-02-27 09:30:00,0.0
2030-02-27 09:45:00,0.0
2030-02-27 10:00:00,0.0
2030-02-27 10:15:00,0.0
2030-02-27 10:30:00,0.0
2030-02-27 10:45:00,0.0
2030-02-27 11:00:00,0.0
2030-02-27 11:15:00,0.0
2030-02-27 11:30:00,0.0
2030-02-27 11:45:00,0.0
2030-02-27 12:00:00,0.0
2030-02-27 12:15:00,0.0
2030-02-27 12:30:00,0.0
2030-02-27 12:45:00,0.0
2030-02-27 13:00:00,0.0
2030-02-27 13:15:00,0.0
2030-02-27 13:30:00,0.0
2030-02-27 13:45:00,0.0
2030-02-27 14:00:00,0.0
2030-02-27 14:15:00,0.0
2030-02-27 14:30:00,0.0
2030-02-27 14:45:00,0.0
2030-02-27 15:00:00,0.0
2030-02-27 15:15:00,0.0
2030-02-27 15:30:00,0.0
2030-02-27 15:45:00,0.0
2030-02-27 16:00:00,0.0
2030-02-27 16:15:00,0.0
2030-02-27 16:30:00,7643.898250534963
2030-02-27 16:45:00,15.624917597571766
2030-02-27 17:00:00,1042.3415193489436
2030-02-27 17:15:00,2114.343136506748
2030-02-27 17:30:00,3078.6896494105786
2030-02-27 17:45:00,3772.754101952165
2030-02-27 18:00:00,4223.815104162626
2030-02-27 18:15:00,4397.855605666771
2030-02-27 18:30:00,4089.2411925011093
2030-02-27 18:45:00,3595.5887171941995
2030-02-27 19:00:00,3483.022058418963
2030-02-27 19:15:00,3386.3515957623185
2030-02-27 19:30:00,2749.9331357924093
2030-02-27 19:45:00,1964.1371552597684
2030-02-27 20:00:00,1126.1634294882333
2030-02-27 20:15:00,790.0989613224865
2030-02-27 20:30:00,466.06481159956274
2030-02-27 20:45:00,0.0
2030-02-27 21:00:00,0.0
2030-02-27 21:15:00,0.0
2030-02-27 21:30:00,0.0
2030-02-27 21:45:00,0.0
2030-02-27 22:00:00,0.0
2030-02-27 22:15:00,0.0
2030-02-27 22:30:00,0.0
2030-02-27 22:45:00,0.0
2030-02-27 23:00:00,0.0
2030-02-27 23:15:00,0.0
2030-02-27 23:30:00,0.0
2030-02-27 23:45:00,0.0
2030-02-28 00:00:00,0.0
2030-02-28 00:15:00,0.0
2030-02-28 00:30:00,0.0
2030-02-28 00:45:00,0.0
2030-02-28 01:00:00,0.0
2030-02-28 01:15:00,0.0
2030-02-28 01:30:00,0.0
2030-02-28 01:45:00,0.0
2030-02-28 02:00:00,0.0
2030-02-28 02:15:00,0.0
2030-02-28 02:30:00,0.0
2030-02-28 02:45:00,0.0
2030-02-28 03:00:00,0.0
2030-02-28 03:15:00,0.0
2030-02-28 03:30:00,0.0
2030-02-28 03:45:00,0.0
2030-02-28 04:00:00,0.0
2030-02-28 04:15:00,0.0
2030-02-28 04:30:00,0.0
2030-02-28 04:45:00,0.0
2030-02-28 05:00:00,0.0
2030-02-28 05:15:00,0.0
2030-02-28 05:30:00,0.0
2030-02-28 05:45:00,0.0
2030-02-28 06:00:00,0.0
2030-02-28 06:15:00,0.0
2030-02-28 06:30:00,0.0
2030-02-28 06:45:00,0.0
2030-02-28 07:00:00,0.0
2030-02-28 07:15:00,0.0
2030-02-28 07:30:00,0.0
2030-02-28 07:45:00,0.0
2030-02-28 08:00:00,0.0
2030-02-28 08:15:00,0.0
2030-02-28 08:30:00,0.0
2030-02-28 08:45:00,0.0
2030-02-28 09:00:00,0.0
2030-02-28 09:15:00,0.0
2030-02-28 09:30:00,0.0
2030-02-28 09:45:00,0.0
2030-02-28 10:00:00,0.0
2030-02-28 10:15:00,0.0
2030-02-28 10:30:00,0.0
2030-02-28 10:45:00,0.0
2030-02-28 11:00:00,0.0
2030-02-28 11:15:00,0.0
2030-02-28 11:30:00,0.0
2030-02-28 11:45:00,0.0
2030-02-28 12:00:00,0.0
2030-02-28 12:15:00,0.0
2030-02-28 12:30:00,0.0
2030-02-28 12:45:00,0.0
2030-02-28 13:00:00,0.0
2030-02-28 13:15:00,0.0
2030-02-28 13:30:00,0.0
2030-02-28 13:45:00,0.0
2030-02-28 14:00:00,0.0
2030-02-28 14:15:00,0.0
2030-02-28 14:30:00,0.0
2030-02-28 14:45:00,0.0
2030-02-28 15:00:00,0.0
2030-02-28 15:15:00,0.0
2030-02-28 15:30:00,0.0
2030-02-28 15:45:00,0.0
2030-02-28 16:00:00,0.0
2030-02-28 16:15:00,0.0
2030-02-28 16:30:00,0.0
2030-02-28 16:45:00,0.0
2030-02-28 17:00:00,0.0
2030-02-28 17:15:00,0.0
2030-02-28 17:30:00,0.0
2030-02-28 17:45:00,0.0
2030-02-28 18:00:00,0.0
2030-02-28 18:15:00,0.0
2030-02-28 18:30:00,0.0
2030-02-28 18:45:00,0.0
2030-02-28 19:00:00,0.0
2030-02-28 19:15:00,0.0
2030-02-28 19:30:00,4563.299902030914
2030-02-28 19:45:00,0.0
2030-02-28 20:00:00,0.0
2030-02-28 20:15:00,0.0
2030-02-28 20:30:00,0.0
2030-02-28 20:45:00,0.0
2030-02-28 21:00:00,0.0
2030-02-28 21:15:00,0.0
2030-02-28 21:30:00,0.0
2030-02-28 21:45:00,0.0
2030-02-28 22:00:00,0.0
2030-02-28 22:15:00,0.0
2030-02-28 22:30:00,0.0
2030-02-28 22:45:00,0.0
2030-02-28 23:00:00,0.0
2030-02-28 23:15:00,0.0
2030-02-28 23:30:00,0.0
2030-02-28 23:45:00,0.0
2030-03-01 00:00:00,0.0
2030-03-01 00:15:00,0.0
2030-03-01 00:30:00,0.0
2030-03-01 00:45:00,0.0
2030-03-01 01:00:00,0.0
2030-03-01 01:15:00,0.0
2030-03-01 01:30:00,0.0
2030-03-01 01:45:00,0.0
2030-03-01 02:00:00,0.0
2030-03-01 02:15:00,0.0
2030-03-01 02:30:00,0.0
2030-03-01 02:45:00,0.0
2030-03-01 03:00:00,0.0
2030-03-01 03:15:00,0.0
2030-03-01 03:30:00,0.0
2030-03-01 03:45:00,0.0
2030-03-01 04:00:00,0.0
2030-03-01 04:15:00,0.0
2030-03-01 04:30:00,0.0
2030-03-01 04:45:00,0.0
2030-03-01 05:00:00,0.0
2030-03-01 05:15:00,0.0
2030-03-01 05:30:00,0.0
2030-03-01 05:45:00,0.0
2030-03-01 06:00:00,0.0
2030-03-01 06:15:00,0.0
2030-03-01 06:30:00,0.0
2030-03-01 06:45:00,0.0
2030-03-01 07:00:00,0.0
2030-03-01 07:15:00,0.0
2030-03-01 07:30:00,0.0
2030-03-01 07:45:00,0.0
2030-03-01 08:00:00,0.0
2030-03-01 08:15:00,0.0
2030-03-01 08:30:00,0.0
2030-03-01 08:45:00,0.0
2030-03-01 09:00:00,0.0
2030-03-01 09:15:00,0.0
2030-03-01 09:30:00,0.0
2030-03-01 09:45:00,0.0
2030-03-01 10:00:00,0.0
2030-03-01 10:15:00,0.0
2030-03-01 10:30:00,0.0
2030-03-01 10:45:00,0.0
2030-03-01 11:00:00,0.0
2030-03-01 11:15:00,0.0
2030-03-01 11:30:00,0.0
2030-03-01 11:45:00,0.0
2030-03-01 12:00:00,0.0
2030-03-01 12:15:00,0.0
2030-03-01 12:30:00,0.0
2030-03-01 12:45:00,0.0
2030-03-01 13:00:00,0.0
2030-03-01 13:15:00,0.0
2030-03-01 13:30:00,0.0
2030-03-01 13:45:00,0.0
2030-03-01 14:00:00,0.0
2030-03-01 14:15:00,0.0
2030-03-01 14:30:00,0.0
2030-03-01 14:45:00,0.0
2030-03-01 15:00:00,0.0
2030-03-01 15:15:00,0.0
2030-03-01 15:30:00,0.0
2030-03-01 15:45:00,0.0
2030-03-01 16:00:00,0.0
2030-03-01 16:15:00,0.0
2030-03-01 16:30:00,0.0
2030-03-01 16:45:00,0.0
2030-03-01 17:00:00,0.0
2030-03-01 17:15:00,0.0
2030-03-01 17:30:00,0.0
2030-03-01 17:45:00,0.0
2030-03-01 18:00:00,0.0
2030-03-01 18:15:00,0.0
2030-03-01 18:30:00,0.0
2030-03-01 18:45:00,0.0
2030-03-01 19:00:00,0.0
2030-03-01 19:15:00,0.0
2030-03-01 19:30:00,1613.6652884587038
2030-03-01 19:45:00,0.0
2030-03-01 20:00:00,0.0
2030-03-01 20:15:00,0.0
2030-03-01 20:30:00,0.0
2030-03-01 20:45:00,0.0
2030-03-01 21:00:00,0.0
2030-03-01 21:15:00,0.0
2030-03-01 21:30:00,0.0
2030-03-01 21:45:00,0.0
2030-03-01 22:00:00,0.0
2030-03-01 22:15:00,0.0
2030-03-01 22:30:00,0.0
2030-03-01 22:45:00,0.0
2030-03-01 23:00:00,0.0
2030-03-01 23:15:00,0.0
2030-03-01 23:30:00,0.0
2030-03-01 23:45:00,0.0
2030-03-02 00:00:00,0.0
2030-03-02 00:15:00,0.0
2030-03-02 00:30:00,0.0
2030-03-02 00:45:00,0.0
2030-03-02 01:00:00,0.0
2030-03-02 01:15:00,0.0
2030-03-02 01:30:00,0.0
2030-03-02 01:45:00,0.0
2030-03-02 02:00:00,0.0
2030-03-02 02:15:00,0.0
2030-03-02 02:30:00,0.0
2030-03-02 02:45:00,0.0
2030-03-02 03:00:00,0.0
2030-03-02 03:15:00,0.0
2030-03-02 03:30:00,0.0
2030-03-02 03:45:00,0.0
2030-03-02 04:00:00,0.0
2030-03-02 04:15:00,0.0
2030-03-02 04:30:00,0.0
2030-03-02 04:45:00,0.0
2030-03-02 05:00:00,0.0
2030-03-02 05:15:00,0.0
2030-03-02 05:30:00,0.0
2030-03-02 05:45:00,0.0
2030-03-02 06:00:00,0.0
2030-03-02 06:15:00,0.0
2030-03-02 06:30:00,0.0
2030-03-02 06:45:00,0.0
2030-03-02 07:00:00,0.0
2030-03-02 07:15:00,0.0
2030-03-02 07:30:00,0.0
2030-03-02 07:45:00,0.0
2030-03-02 08:00:00,0.0
2030-03-02 08:15:00,0.0
2030-03-02 08:30:00,0.0
2030-03-02 08:45:00,0.0
2030-03-02 09:00:00,0.0
2030-03-02 09:15:00,0.0
2030-03-02 09:30:00,0.0
2030-03-02 09:45:00,0.0
2030-03-02 10:00:00,0.0
2030-03-02 10:15:00,0.0
2030-03-02 10:30:00,0.0
2030-03-02 10:45:00,0.0
2030-03-02 11:00:00,0.0
2030-03-02 11:15:00,0.0
2030-03-02 11:30:00,0.0
2030-03-02 11:45:00,0.0
2030-03-02 12:00:00,0.0
2030-03-02 12:15:00,0.0
2030-03-02 12:30:00,0.0
2030-03-02 12:45:00,0.0
2030-03-02 13:00:00,0.0
2030-03-02 13:15:00,0.0
2030-03-02 13:30:00,0.0
2030-03-02 13:45:00,676.0138002411659
2030-03-02 14:00:00,0.0
2030-03-02 14:15:00,0.0
2030-03-02 14:30:00,0.0
2030-03-02 14:45:00,0.0
2030-03-02 15:00:00,0.0
2030-03-02 15:15:00,0.0
2030-03-02 15:30:00,0.0
2030-03-02 15:45:00,0.0
2030-03-02 16:00:00,1243.6830450661455
2030-03-02 16:15:00,2236.7197645968263
2030-03-02 16:30:00,3075.153573253432
2030-03-02 16:45:00,3915.6616816579954
2030-03-02 17:00:00,4911.160456000602
2030-03-02 17:15:00,5694.2232349870355
2030-03-02 17:30:00,6185.249104800168
2030-03-02 17:45:00,6293.893826150255
2030-03-02 18:00:00,6441.787242830371
2030-03-02 18:15:00,6532.57110703169
2030-03-02 18:30:00,6591.191313100349
2030-03-02 18:45:00,6541.875835097355
2030-03-02 19:00:00,6361.980364953495
2030-03-02 19:15:00,6083.734370665577
2030-03-02 19:30:00,5952.201270331672
2030-03-02 19:45:00,5803.642191329131
2030-03-02 20:00:00,5532.05332471287
2030-03-02 20:15:00,5261.328245685698
2030-03-02 20:30:00,5008.845737649077
2030-03-02 20:45:00,4754.058163486272
2030-03-02 21:00:00,4437.133057052304
2030-03-02 21:15:00,4053.230524052633
2030-03-02 21:30:00,3856.4501246100226
2030-03-02 21:45:00,3941.2084562929595
2030-03-02 22:00:00,4009.287206888581
2030-03-02 22:15:00,3986.9519815032654
2030-03-02 22:30:00,3760.316753381858
2030-03-02 22:45:00,3516.3039379282454
2030-03-02 23:00:00,3102.5399133755636
2030-03-02 23:15:00,3171.8245219619675
2030-03-02 23:30:00,2631.535735783198
2030-03-02 23:45:00,2295.3594568737135
2030-03-03 00:00:00,2062.083106202679
2030-03-03 00:15:00,1629.504164681668
2030-03-03 00:30:00,1249.4061043667807
2030-03-03 00:45:00,947.3116873246308
2030-03-03 01:00:00,793.9812816054782
2030-03-03 01:15:00,603.1143535854935
2030-03-03 01:30:00,216.60760446548375
2030-03-03 01:45:00,114.75707827094811
2030-03-03 02:00:00,0.0
2030-03-03 02:15:00,0.0
2030-03-03 02:30:00,0.0
2030-03-03 02:45:00,0.0
2030-03-03 03:00:00,0.0
2030-03-03 03:15:00,0.0
2030-03-03 03:30:00,0.0
2030-03-03 03:45:00,0.0
2030-03-03 04:00:00,73.59609549513152
2030-03-03 04:15:00,163.27362847460608
2030-03-03 04:30:00,282.81938016531967
2030-03-03 04:45:00,259.77109958209985
2030-03-03 05:00:00,778.8101405192319
2030-03-03 05:15:00,897.169599516772
2030-03-03 05:30:00,1306.3736046942322
2030-03-03 05:45:00,1664.5193953324306
2030-03-03 06:00:00,2591.619899095782
2030-03-03 06:15:00,3625.403259932591
2030-03-03 06:30:00,4388.133746771387
2030-03-03 06:45:00,4795.91667597659
2030-03-03 07:00:00,5154.677879657302
2030-03-03 07:15:00,5261.802438860272
2030-03-03 07:30:00,5136.187772705394
2030-03-03 07:45:00,4917.647811249881
2030-03-03 08:00:00,4802.124272142093
2030-03-03 08:15:00,4260.454587223838
2030-03-03 08:30:00,3710.7978697725703
2030-03-03 08:45:00,2931.0340899313924
2030-03-03 09:00:00,2062.4545332591806
2030-03-03 09:15:00,1425.7937320838973
2030-03-03 09:30:00,428.17564940652846
2030-03-03 09:45:00,0.0
2030-03-03 10:00:00,0.0
2030-03-03 10:15:00,0.0
2030-03-03 10:30:00,0.0
2030-03-03 10:45:00,0.0
2030-03-03 11:00:00,0.0
2030-03-03 11:15:00,0.0
2030-03-03 11:30:00,0.0
2030-03-03 11:45:00,0.0
2030-03-03 12:00:00,0.0
2030-03-03 12:15:00,0.0
2030-03-03 12:30:00,0.0
2030-03-03 12:45:00,0.0
2030-03-03 13:00:00,0.0
2030-03-03 13:15:00,0.0
2030-03-03 13:30:00,0.0
2030-03-03 13:45:00,0.0
2030-03-03 14:00:00,0.0
2030-03-03 14:15:00,0.0
2030-03-03 14:30:00,0.0
2030-03-03 14:45:00,0.0
2030-03-03 15:00:00,0.0
2030-03-03 15:15:00,0.0
2030-03-03 15:30:00,0.0
2030-03-03 15:45:00,0.0
2030-03-03 16:00:00,0.0
2030-03-03 16:15:00,0.0
2030-03-03 16:30:00,210.4659285686448
2030-03-03 16:45:00,1089.945996583203
2030-03-03 17:00:00,2084.49376765926
2030-03-03 17:15:00,2920.72677710692
2030-03-03 17:30:00,3439.410835967301
2030-03-03 17:45:00,3587.673197626791
2030-03-03 18:00:00,3502.6767455131594
2030-03-03 18:15:00,3648.0494558277933
2030-03-03 18:30:00,3815.2293200882887
2030-03-03 18:45:00,3670.7251363726537
2030-03-03 19:00:00,3354.544822916847
2030-03-03 19:15:00,2949.7217775216977
2030-03-03 19:30:00,2629.7474007558158
2030-03-03 19:45:00,2150.601490772666
2030-03-03 20:00:00,1648.5206704818029
2030-03-03 20:15:00,1231.3857940333837
2030-03-03 20:30:00,737.9912711415327
2030-03-03 20:45:00,183.39288709787252
2030-03-03 21:00:00,0.0
2030-03-03 21:15:00,0.0
2030-03-03 21:30:00,0.0
2030-03-03 21:45:00,0.0
2030-03-03 22:00:00,0.0
2030-03-03 22:15:00,0.0
2030-03-03 22:30:00,0.0
2030-03-03 22:45:00,0.0
2030-03-03 23:00:00,0.0
2030-03-03 23:15:00,0.0
2030-03-03 23:30:00,0.0
2030-03-03 23:45:00,0.0
2030-03-04 00:00:00,0.0
2030-03-04 00:15:00,0.0
2030-03-04 00:30:00,0.0
2030-03-04 00:45:00,0.0
2030-03-04 01:00:00,0.0
2030-03-04 01:15:00,0.0
2030-03-04 01:30:00,0.0
2030-03-04 01:45:00,0.0
2030-03-04 02:00:00,0.0
2030-03-04 02:15:00,0.0
2030-03-04 02:30:00,0.0
2030-03-04 02:45:00,0.0
2030-03-04 03:00:00,0.0
2030-03-04 03:15:00,0.0
2030-03-04 03:30:00,0.0
2030-03-04 03:45:00,0.0
2030-03-04 04:00:00,0.0
2030-03-04 04:15:00,0.0
2030-03-04 04:30:00,0.0
2030-03-04 04:45:00,0.0
2030-03-04 05:00:00,0.0
2030-03-04 05:15:00,0.0
2030-03-04 05:30:00,0.0
2030-03-04 05:45:00,0.0
2030-03-04 06:00:00,0.0
2030-03-04 06:15:00,0.0
2030-03-04 06:30:00,0.0
2030-03-04 06:45:00,0.0
2030-03-04 07:00:00,0.0
2030-03-04 07:15:00,0.0
2030-03-04 07:30:00,0.0
2030-03-04 07:45:00,0.0
2030-03-04 08:00:00,0.0
2030-03-04 08:15:00,0.0
2030-03-04 08:30:00,0.0
2030-03-04 08:45:00,0.0
2030-03-04 09:00:00,0.0
2030-03-04 09:15:00,0.0
2030-03-04 09:30:00,0.0
2030-03-04 09:45:00,0.0
2030-03-04 10:00:00,0.0
2030-03-04 10:15:00,0.0
2030-03-04 10:30:00,0.0
2030-03-04 10:45:00,0.0
2030-03-04 11:00:00,0.0
2030-03-04 11:15:00,0.0
2030-03-04 11:30:00,0.0
2030-03-04 11:45:00,0.0
2030-03-04 12:00:00,0.0
2030-03-04 12:15:00,0.0
2030-03-04 12:30:00,0.0
2030-03-04 12:45:00,0.0
2030-03-04 13:00:00,0.0
2030-03-04 13:15:00,0.0
2030-03-04 13:30:00,0.0
2030-03-04 13:45:00,0.0
2030-03-04 14:00:00,0.0
2030-03-04 14:15:00,0.0
2030-03-04 14:30:00,0.0
2030-03-04 14:45:00,0.0
2030-03-04 15:00:00,0.0
2030-03-04 15:15:00,0.0
2030-03-04 15:30:00,0.0
2030-03-04 15:45:00,0.0
2030-03-04 16:00:00,0.0
2030-03-04 16:15:00,0.0
2030-03-04 16:30:00,0.0
2030-03-04 16:45:00,0.0
2030-03-04 17:00:00,0.0
2030-03-04 17:15:00,0.0
2030-03-04 17:30:00,0.0
2030-03-04 17:45:00,0.0
2030-03-04 18:00:00,0.0
2030-03-04 18:15:00,0.0
2030-03-04 18:30:00,0.0
2030-03-04 18:45:00,0.0
2030-03-04 19:00:00,0.0
2030-03-04 19:15:00,0.0
2030-03-04 19:30:00,0.0
2030-03-04 19:45:00,0.0
2030-03-04 20:00:00,0.0
2030-03-04 20:15:00,0.0
2030-03-04 20:30:00,0.0
2030-03-04 20:45:00,0.0
2030-03-04 21:00:00,0.0
2030-03-04 21:15:00,2584.3175752937896
2030-03-04 21:30:00,0.0
2030-03-04 21:45:00,0.0
2030-03-04 22:00:00,0.0
2030-03-04 22:15:00,0.0
2030-03-04 22:30:00,0.0
2030-03-04 22:45:00,0.0
2030-03-04 23:00:00,0.0
2030-03-04 23:15:00,0.0
2030-03-04 23:30:00,0.0
2030-03-04 23:45:00,0.0
2030-03-05 00:00:00,0.0
2030-03-05 00:15:00,0.0
2030-03-05 00:30:00,0.0
2030-03-05 00:45:00,0.0
2030-03-05 01:00:00,0.0
2030-03-05 01:15:00,0.0
2030-03-05 01:30:00,0.0
2030-03-05 01:45:00,0.0
2030-03-05 02:00:00,0.0
2030-03-05 02:15:00,0.0
2030-03-05 02:30:00,0.0
2030-03-05 02:45:00,0.0
2030-03-05 03:00:00,0.0
2030-03-05 03:15:00,0.0
2030-03-05 03:30:00,0.0
2030-03-05 03:45:00,0.0
2030-03-05 04:00:00,0.0
2030-03-05 04:15:00,0.0
2030-03-05 04:30:00,0.0
2030-03-05 04:45:00,0.0
2030-03-05 05:00:00,0.0
2030-03-05 05:15:00,0.0
2030-03-05 05:30:00,0.0
2030-03-05 05:45:00,0.0
2030-03-05 06:00:00,0.0
2030-03-05 06:15:00,0.0
2030-03-05 06:30:00,0.0
2030-03-05 06:45:00,0.0
2030-03-05 07:00:00,0.0
2030-03-05 07:15:00,0.0
2030-03-05 07:30:00,0.0
2030-03-05 07:45:00,0.0
2030-03-05 08:00:00,0.0
2030-03-05 08:15:00,0.0
2030-03-05 08:30:00,0.0
2030-03-05 08:45:00,0.0
2030-03-05 09:00:00,0.0
2030-03-05 09:15:00,0.0
2030-03-05 09:30:00,0.0
2030-03-05 09:45:00,0.0
2030-03-05 10:00:00,0.0
2030-03-05 10:15:00,0.0
2030-03-05 10:30:00,0.0
2030-03-05 10:45:00,0.0
2030-03-05 11:00:00,0.0
2030-03-05 11:15:00,0.0
2030-03-05 11:30:00,0.0
2030-03-05 11:45:00,0.0
2030-03-05 12:00:00,0.0
2030-03-05 12:15:00,0.0
2030-03-05 12:30:00,0.0
2030-03-05 12:45:00,0.0
2030-03-05 13:00:00,0.0
2030-03-05 13:15:00,0.0
2030-03-05 13:30:00,0.0
2030-03-05 13:45:00,0.0
2030-03-05 14:00:00,0.0
2030-03-05 14:15:00,0.0
2030-03-05 14:30:00,0.0
2030-03-05 14:45:00,0.0
2030-03-05 15:00:00,0.0
2030-03-05 15:15:00,0.0
2030-03-05 15:30:00,0.0
2030-03-05 15:45:00,0.0
2030-03-05 16:00:00,0.0
2030-03-05 16:15:00,0.0
2030-03-05 16:30:00,0.0
2030-03-05 16:45:00,0.0
2030-03-05 17:00:00,0.0
2030-03-05 17:15:00,0.0
2030-03-05 17:30:00,0.0
2030-03-05 17:45:00,0.0
2030-03-05 18:00:00,0.0
2030-03-05 18:15:00,0.0
2030-03-05 18:30:00,0.0
2030-03-05 18:45:00,0.0
2030-03-05 19:00:00,0.0
2030-03-05 19:15:00,0.0
2030-03-05 19:30:00,0.0
2030-03-05 19:45:00,0.0
2030-03-05 20:00:00,0.0
2030-03-05 20:15:00,0.0
2030-03-05 20:30:00,0.0
2030-03-05 20:45:00,0.0
2030-03-05 21:00:00,0.0
2030-03-05 21:15:00,0.0
2030-03-05 21:30:00,0.0
2030-03-05 21:45:00,4201.088538908436
2030-03-05 22:00:00,0.0
2030-03-05 22:15:00,0.0
2030-03-05 22:30:00,0.0
2030-03-05 22:45:00,0.0
2030-03-05 23:00:00,0.0
2030-03-05 23:15:00,0.0
2030-03-05 23:30:00,0.0
2030-03-05 23:45:00,0.0
2030-03-06 00:00:00,0.0
2030-03-06 00:15:00,0.0
2030-03-06 00:30:00,0.0
2030-03-06 00:45:00,0.0
2030-03-06 01:00:00,0.0
2030-03-06 01:15:00,0.0
2030-03-06 01:30:00,0.0
2030-03-06 01:45:00,0.0
2030-03-06 02:00:00,0.0
2030-03-06 02:15:00,0.0
2030-03-06 02:30:00,0.0
2030-03-06 02:45:00,0.0
2030-03-06 03:00:00,0.0
2030-03-06 03:15:00,0.0
2030-03-06 03:30:00,0.0
2030-03-06 03:45:00,0.0
2030-03-06 04:00:00,0.0
2030-03-06 04:15:00,0.0
2030-03-06 04:30:00,0.0
2030-03-06 04:45:00,0.0
2030-03-06 05:00:00,0.0
2030-03-06 05:15:00,0.0
2030-03-06 05:30:00,0.0
2030-03-06 05:45:00,0.0
2030-03-06 06:00:00,0.0
2030-03-06 06:15:00,0.0
2030-03-06 06:30:00,0.0
2030-03-06 06:45:00,0.0
2030-03-06 07:00:00,0.0
2030-03-06 07:15:00,0.0
2030-03-06 07:30:00,0.0
2030-03-06 07:45:00,0.0
2030-03-06 08:00:00,0.0
2030-03-06 08:15:00,0.0
2030-03-06 08:30:00,0.0
2030-03-06 08:45:00,0.0
2030-03-06 09:00:00,0.0
2030-03-06 09:15:00,0.0
2030-03-06 09:30:00,0.0
2030-03-06 09:45:00,0.0
2030-03-06 10:00:00,0.0
2030-03-06 10:15:00,0.0
2030-03-06 10:30:00,0.0
2030-03-06 10:45:00,0.0
2030-03-06 11:00:00,0.0
2030-03-06 11:15:00,0.0
2030-03-06 11:30:00,0.0
2030-03-06 11:45:00,102.67750910592076
2030-03-06 12:00:00,0.0
2030-03-06 12:15:00,0.0
2030-03-06 12:30:00,0.0
2030-03-06 12:45:00,0.0
2030-03-06 13:00:00,0.0
2030-03-06 13:15:00,0.0
2030-03-06 13:30:00,0.0
2030-03-06 13:45:00,0.0
2030-03-06 14:00:00,0.0
2030-03-06 14:15:00,0.0
2030-03-06 14:30:00,0.0
2030-03-06 14:45:00,0.0
2030-03-06 15:00:00,0.0
2030-03-06 15:15:00,0.0
2030-03-06 15:30:00,0.0
2030-03-06 15:45:00,0.0
2030-03-06 16:00:00,0.0
2030-03-06 16:15:00,0.0
2030-03-06 16:30:00,0.0
2030-03-06 16:45:00,0.0
2030-03-06 17:00:00,531.1631750764045
2030-03-06 17:15:00,1237.8165142646667
2030-03-06 17:30:00,1759.1003813264506
2030-03-06 17:45:00,2160.1042231583706
2030-03-06 18:00:00,2418.0340316810743
2030-03-06 18:15:00,2792.5516034469038
2030-03-06 18:30:00,2837.081154595673
2030-03-06 18:45:00,2572.3826879691132
2030-03-06 19:00:00,2076.2850543006844
2030-03-06 19:15:00,1500.1077494029814
2030-03-06 19:30:00,1176.875947816421
2030-03-06 19:45:00,530.4859937026577
2030-03-06 20:00:00,0.0
2030-03-06 20:15:00,0.0
2030-03-06 20:30:00,0.0
2030-03-06 20:45:00,0.0
2030-03-06 21:00:00,0.0
2030-03-06 21:15:00,0.0
2030-03-06 21:30:00,0.0
2030-03-06 21:45:00,0.0
2030-03-06 22:00:00,0.0
2030-03-06 22:15:00,0.0
2030-03-06 22:30:00,0.0
2030-03-06 22:45:00,0.0
2030-03-06 23:00:00,0.0
2030-03-06 23:15:00,0.0
2030-03-06 23:30:00,0.0
2030-03-06 23:45:00,0.0
2030-03-07 00:00:00,0.0
2030-03-07 00:15:00,0.0
2030-03-07 00:30:00,0.0
2030-03-07 00:45:00,0.0
2030-03-07 01:00:00,0.0
2030-03-07 01:15:00,0.0
2030-03-07 01:30:00,0.0
2030-03-07 01:45:00,0.0
2030-03-07 02:00:00,0.0
2030-03-07 02:15:00,0.0
2030-03-07 02:30:00,0.0
2030-03-07 02:45:00,0.0
2030-03-07 03:00:00,0.0
2030-03-07 03:15:00,0.0
2030-03-07 03:30:00,0.0
2030-03-07 03:45:00,0.0
2030-03-07 04:00:00,0.0
2030-03-07 04:15:00,0.0
2030-03-07 04:30:00,0.0
2030-03-07 04:45:00,0.0
2030-03-07 05:00:00,0.0
2030-03-07 05:15:00,0.0
2030-03-07 05:30:00,0.0
2030-03-07 05:45:00,0.0
2030-03-07 06:00:00,0.0
2030-03-07 06:15:00,0.0
2030-03-07 06:30:00,0.0
2030-03-07 06:45:00,0.0
2030-03-07 07:00:00,0.0
2030-03-07 07:15:00,0.0
2030-03-07 07:30:00,0.0
2030-03-07 07:45:00,1135.292037616804
2030-03-07 08:00:00,0.0
2030-03-07 08:15:00,0.0
2030-03-07 08:30:00,0.0
2030-03-07 08:45:00,0.0
2030-03-07 09:00:00,0.0
2030-03-07 09:15:00,0.0
2030-03-07 09:30:00,0.0
2030-03-07 09:45:00,0.0
2030-03-07 10:00:00,0.0
2030-03-07 10:15:00,0.0
2030-03-07 10:30:00,0.0
2030-03-07 10:45:00,0.0
2030-03-07 11:00:00,0.0
2030-03-07 11:15:00,0.0
2030-03-07 11:30:00,0.0
2030-03-07 11:45:00,0.0
2030-03-07 12:00:00,0.0
2030-03-07 12:15:00,0.0
2030-03-07 12:30:00,0.0
2030-03-07 12:45:00,0.0
2030-03-07 13:00:00,0.0
2030-03-07 13:15:00,0.0
2030-03-07 13:30:00,0.0
2030-03-07 13:45:00,0.0
2030-03-07 14:00:00,0.0
2030-03-07 14:15:00,0.0
2030-03-07 14:30:00,0.0
2030-03-07 14:45:00,0.0
2030-03-07 15:00:00,0.0
2030-03-07 15:15:00,0.0
2030-03-07 15:30:00,0.0
2030-03-07 15:45:00,0.0
2030-03-07 16:00:00,0.0
2030-03-07 16:15:00,0.0
2030-03-07 16:30:00,0.0
2030-03-07 16:45:00,0.0
2030-03-07 17:00:00,0.0
2030-03-07 17:15:00,0.0
2030-03-07 17:30:00,0.0
2030-03-07 17:45:00,0.0
2030-03-07 18:00:00,0.0
2030-03-07 18:15:00,0.0
2030-03-07 18:30:00,366.6214357292447
2030-03-07 18:45:00,0.0
2030-03-07 19:00:00,0.0
2030-03-07 19:15:00,0.0
2030-03-07 19:30:00,0.0
2030-03-07 19:45:00,0.0
2030-03-07 20:00:00,0.0
2030-03-07 20:15:00,0.0
2030-03-07 20:30:00,0.0
2030-03-07 20:45:00,0.0
2030-03-07 21:00:00,0.0
2030-03-07 21:15:00,0.0
2030-03-07 21:30:00,0.0
2030-03-07 21:45:00,0.0
2030-03-07 22:00:00,0.0
2030-03-07 22:15:00,0.0
2030-03-07 22:30:00,0.0
2030-03-07 22:45:00,0.0
2030-03-07 23:00:00,0.0
2030-03-07 23:15:00,0.0
2030-03-07 23:30:00,0.0
2030-03-07 23:45:00,0.0
2030-03-08 00:00:00,0.0
2030-03-08 00:15:00,0.0
2030-03-08 00:30:00,0.0
2030-03-08 00:45:00,0.0
2030-03-08 01:00:00,0.0
2030-03-08 01:15:00,0.0
2030-03-08 01:30:00,0.0
2030-03-08 01:45:00,0.0
2030-03-08 02:00:00,0.0
2030-03-08 02:15:00,0.0
2030-03-08 02:30:00,0.0
2030-03-08 02:45:00,0.0
2030-03-08 03:00:00,0.0
2030-03-08 03:15:00,0.0
2030-03-08 03:30:00,0.0
2030-03-08 03:45:00,0.0
2030-03-08 04:00:00,0.0
2030-03-08 04:15:00,0.0
2030-03-08 04:30:00,0.0
2030-03-08 04:45:00,0.0
2030-03-08 05:00:00,0.0
2030-03-08 05:15:00,0.0
2030-03-08 05:30:00,0.0
2030-03-08 05:45:00,0.0
2030-03-08 06:00:00,0.0
2030-03-08 06:15:00,0.0
2030-03-08 06:30:00,0.0
2030-03-08 06:45:00,0.0
2030-03-08 07:00:00,0.0
2030-03-08 07:15:00,0.0
2030-03-08 07:30:00,0.0
2030-03-08 07:45:00,0.0
2030-03-08 08:00:00,0.0
2030-03-08 08:15:00,0.0
2030-03-08 08:30:00,0.0
2030-03-08 08:45:00,0.0
2030-03-08 09:00:00,0.0
2030-03-08 09:15:00,0.0
2030-03-08 09:30:00,0.0
2030-03-08 09:45:00,0.0
2030-03-08 10:00:00,0.0
2030-03-08 10:15:00,0.0
2030-03-08 10:30:00,0.0
2030-03-08 10:45:00,0.0
2030-03-08 11:00:00,0.0
2030-03-08 11:15:00,0.0
2030-03-08 11:30:00,0.0
2030-03-08 11:45:00,0.0
2030-03-08 12:00:00,0.0
2030-03-08 12:15:00,0.0
2030-03-08 12:30:00,0.0
2030-03-08 12:45:00,0.0
2030-03-08 13:00:00,0.0
2030-03-08 13:15:00,0.0
2030-03-08 13:30:00,0.0
2030-03-08 13:45:00,0.0
2030-03-08 14:00:00,0.0
2030-03-08 14:15:00,0.0
2030-03-08 14:30:00,0.0
2030-03-08 14:45:00,0.0
2030-03-08 15:00:00,0.0
2030-03-08 15:15:00,0.0
2030-03-08 15:30:00,0.0
2030-03-08 15:45:00,0.0
2030-03-08 16:00:00,0.0
2030-03-08 16:15:00,0.0
2030-03-08 16:30:00,0.0
2030-03-08 16:45:00,0.0
2030-03-08 17:00:00,0.0
2030-03-08 17:15:00,0.0
2030-03-08 17:30:00,0.0
2030-03-08 17:45:00,0.0
2030-03-08 18:00:00,0.0
2030-03-08 18:15:00,0.0
2030-03-08 18:30:00,0.0
2030-03-08 18:45:00,1790.6376147768478
2030-03-08 19:00:00,0.0
2030-03-08 19:15:00,0.0
2030-03-08 19:30:00,0.0
2030-03-08 19:45:00,0.0
2030-03-08 20:00:00,0.0
2030-03-08 20:15:00,0.0
2030-03-08 20:30:00,0.0
2030-03-08 20:45:00,0.0
2030-03-08 21:00:00,0.0
2030-03-08 21:15:00,0.0
2030-03-08 21:30:00,0.0
2030-03-08 21:45:00,0.0
2030-03-08 22:00:00,0.0
2030-03-08 22:15:00,0.0
2030-03-08 22:30:00,0.0
2030-03-08 22:45:00,0.0
2030-03-08 23:00:00,0.0
2030-03-08 23:15:00,0.0
2030-03-08 23:30:00,0.0
2030-03-08 23:45:00,0.0
2030-03-09 00:00:00,0.0
2030-03-09 00:15:00,0.0
2030-03-09 00:30:00,0.0
2030-03-09 00:45:00,0.0
2030-03-09 01:00:00,0.0
2030-03-09 01:15:00,0.0
2030-03-09 01:30:00,0.0
2030-03-09 01:45:00,0.0
2030-03-09 02:00:00,0.0
2030-03-09 02:15:00,0.0
2030-03-09 02:30:00,0.0
2030-03-09 02:45:00,0.0
2030-03-09 03:00:00,0.0
2030-03-09 03:15:00,0.0
2030-03-09 03:30:00,0.0
2030-03-09 03:45:00,0.0
2030-03-09 04:00:00,0.0
2030-03-09 04:15:00,0.0
2030-03-09 04:30:00,0.0
2030-03-09 04:45:00,0.0
2030-03-09 05:00:00,0.0
2030-03-09 05:15:00,0.0
2030-03-09 05:30:00,0.0
2030-03-09 05:45:00,0.0
2030-03-09 06:00:00,0.0
2030-03-09 06:15:00,0.0
2030-03-09 06:30:00,0.0
2030-03-09 06:45:00,0.0
2030-03-09 07:00:00,0.0
2030-03-09 07:15:00,0.0
2030-03-09 07:30:00,0.0
2030-03-09 07:45:00,0.0
2030-03-09 08:00:00,0.0
2030-03-09 08:15:00,0.0
2030-03-09 08:30:00,0.0
2030-03-09 08:45:00,0.0
2030-03-09 09:00:00,0.0
2030-03-09 09:15:00,0.0
2030-03-09 09:30:00,0.0
2030-03-09 09:45:00,0.0
2030-03-09 10:00:00,0.0
2030-03-09 10:15:00,0.0
2030-03-09 10:30:00,0.0
2030-03-09 10:45:00,0.0
2030-03-09 11:00:00,0.0
2030-03-09 11:15:00,0.0
2030-03-09 11:30:00,0.0
2030-03-09 11:45:00,0.0
2030-03-09 12:00:00,0.0
2030-03-09 12:15:00,0.0
2030-03-09 12:30:00,0.0
2030-03-09 12:45:00,0.0
2030-03-09 13:00:00,0.0
2030-03-09 13:15:00,0.0
2030-03-09 13:30:00,0.0
2030-03-09 13:45:00,0.0
2030-03-09 14:00:00,0.0
2030-03-09 14:15:00,0.0
2030-03-09 14:30:00,0.0
2030-03-09 14:45:00,0.0
2030-03-09 15:00:00,0.0
2030-03-09 15:15:00,0.0
2030-03-09 15:30:00,0.0
2030-03-09 15:45:00,0.0
2030-03-09 16:00:00,0.0
2030-03-09 16:15:00,0.0
2030-03-09 16:30:00,0.0
2030-03-09 16:45:00,0.0
2030-03-09 17:00:00,0.0
2030-03-09 17:15:00,0.0
2030-03-09 17:30:00,525.614074380901
2030-03-09 17:45:00,1010.6349475383522
2030-03-09 18:00:00,1308.0597577542703
2030-03-09 18:15:00,1255.2085237016854
2030-03-09 18:30:00,1100.1538124839371
2030-03-09 18:45:00,392.83381276537875
2030-03-09 19:00:00,172.82602154517554
2030-03-09 19:15:00,0.0
2030-03-09 19:30:00,0.0
2030-03-09 19:45:00,0.0
2030-03-09 20:00:00,0.0
2030-03-09 20:15:00,0.0
2030-03-09 20:30:00,0.0
2030-03-09 20:45:00,0.0
2030-03-09 21:00:00,0.0
2030-03-09 21:15:00,0.0
2030-03-09 21:30:00,0.0
2030-03-09 21:45:00,0.0
2030-03-09 22:00:00,0.0
2030-03-09 22:15:00,0.0
2030-03-09 22:30:00,0.0
2030-03-09 22:45:00,0.0
2030-03-09 23:00:00,0.0
2030-03-09 23:15:00,0.0
2030-03-09 23:30:00,0.0
2030-03-09 23:45:00,0.0
2030-03-10 00:00:00,0.0
2030-03-10 00:15:00,0.0
2030-03-10 00:30:00,0.0
2030-03-10 00:45:00,0.0
2030-03-10 01:00:00,0.0
2030-03-10 01:15:00,0.0
2030-03-10 01:30:00,0.0
2030-03-10 01:45:00,0.0
2030-03-10 02:00:00,0.0
2030-03-10 02:15:00,0.0
2030-03-10 02:30:00,0.0
2030-03-10 02:45:00,0.0
2030-03-10 03:00:00,0.0
2030-03-10 03:15:00,0.0
2030-03-10 03:30:00,0.0
2030-03-10 03:45:00,0.0
2030-03-10 04:00:00,0.0
2030-03-10 04:15:00,0.0
2030-03-10 04:30:00,0.0
2030-03-10 04:45:00,0.0
2030-03-10 05:00:00,0.0
2030-03-10 05:15:00,0.0
2030-03-10 05:30:00,0.0
2030-03-10 05:45:00,0.0
2030-03-10 06:00:00,0.0
2030-03-10 06:15:00,0.0
2030-03-10 06:30:00,0.0
2030-03-10 06:45:00,0.0
2030-03-10 07:00:00,0.0
2030-03-10 07:15:00,0.0
2030-03-10 07:30:00,0.0
2030-03-10 07:45:00,0.0
2030-03-10 08:00:00,0.0
2030-03-10 08:15:00,0.0
2030-03-10 08:30:00,0.0
2030-03-10 08:45:00,0.0
2030-03-10 09:00:00,0.0
2030-03-10 09:15:00,0.0
2030-03-10 09:30:00,0.0
2030-03-10 09:45:00,0.0
2030-03-10 10:00:00,0.0
2030-03-10 10:15:00,0.0
2030-03-10 10:30:00,0.0
2030-03-10 10:45:00,0.0
2030-03-10 11:00:00,0.0
2030-03-10 11:15:00,0.0
2030-03-10 11:30:00,0.0
2030-03-10 11:45:00,0.0
2030-03-10 12:00:00,0.0
2030-03-10 12:15:00,0.0
2030-03-10 12:30:00,0.0
2030-03-10 12:45:00,0.0
2030-03-10 13:00:00,0.0
2030-03-10 13:15:00,0.0
2030-03-10 13:30:00,0.0
2030-03-10 13:45:00,0.0
2030-03-10 14:00:00,0.0
2030-03-10 14:15:00,0.0
2030-03-10 14:30:00,0.0
2030-03-10 14:45:00,0.0
2030-03-10 15:00:00,0.0
2030-03-10 15:15:00,0.0
2030-03-10 15:30:00,0.0
2030-03-10 15:45:00,0.0
2030-03-10 16:00:00,0.0
2030-03-10 16:15:00,0.0
2030-03-10 16:30:00,0.0
2030-03-10 16:45:00,0.0
2030-03-10 17:00:00,0.0
2030-03-10 17:15:00,0.0
2030-03-10 17:30:00,0.0
2030-03-10 17:45:00,0.0
2030-03-10 18:00:00,0.0
2030-03-10 18:15:00,0.0
2030-03-10 18:30:00,0.0
2030-03-10 18:45:00,0.0
2030-03-10 19:00:00,0.0
2030-03-10 19:15:00,0.0
2030-03-10 19:30:00,0.0
2030-03-10 19:45:00,0.0
2030-03-10 20:00:00,0.0
2030-03-10 20:15:00,0.0
2030-03-10 20:30:00,0.0
2030-03-10 20:45:00,0.0
2030-03-10 21:00:00,0.0
2030-03-10 21:15:00,0.0
2030-03-10 21:30:00,0.0
2030-03-10 21:45:00,0.0
2030-03-10 22:00:00,0.0
2030-03-10 22:15:00,0.0
2030-03-10 22:30:00,0.0
2030-03-10 22:45:00,0.0
2030-03-10 23:00:00,0.0
2030-03-10 23:15:00,0.0
2030-03-10 23:30:00,0.0
2030-03-10 23:45:00,0.0
2030-03-11 00:00:00,0.0
2030-03-11 00:15:00,0.0
2030-03-11 00:30:00,0.0
2030-03-11 00:45:00,0.0
2030-03-11 01:00:00,0.0
2030-03-11 01:15:00,0.0
2030-03-11 01:30:00,0.0
2030-03-11 01:45:00,0.0
2030-03-11 02:00:00,0.0
2030-03-11 02:15:00,0.0
2030-03-11 02:30:00,0.0
2030-03-11 02:45:00,0.0
2030-03-11 03:00:00,0.0
2030-03-11 03:15:00,0.0
2030-03-11 03:30:00,0.0
2030-03-11 03:45:00,0.0
2030-03-11 04:00:00,0.0
2030-03-11 04:15:00,0.0
2030-03-11 04:30:00,0.0
2030-03-11 04:45:00,0.0
2030-03-11 05:00:00,0.0
2030-03-11 05:15:00,0.0
2030-03-11 05:30:00,0.0
2030-03-11 05:45:00,0.0
2030-03-11 06:00:00,0.0
2030-03-11 06:15:00,0.0
2030-03-11 06:30:00,0.0
2030-03-11 06:45:00,0.0
2030-03-11 07:00:00,0.0
2030-03-11 07:15:00,0.0
2030-03-11 07:30:00,0.0
2030-03-11 07:45:00,0.0
2030-03-11 08:00:00,0.0
2030-03-11 08:15:00,0.0
2030-03-11 08:30:00,0.0
2030-03-11 08:45:00,0.0
2030-03-11 09:00:00,0.0
2030-03-11 09:15:00,0.0
2030-03-11 09:30:00,0.0
2030-03-11 09:45:00,0.0
2030-03-11 10:00:00,0.0
2030-03-11 10:15:00,0.0
2030-03-11 10:30:00,0.0
2030-03-11 10:45:00,0.0
2030-03-11 11:00:00,0.0
2030-03-11 11:15:00,0.0
2030-03-11 11:30:00,0.0
2030-03-11 11:45:00,-3849.044902942507
2030-03-11 12:00:00,-8739.859629100596
2030-03-11 12:15:00,-8910.119074631635
2030-03-11 12:30:00,-8928.532141357959
2030-03-11 12:45:00,-9206.859456481794
2030-03-11 13:00:00,-9120.352147196478
2030-03-11 13:15:00,-9356.513928518583
2030-03-11 13:30:00,-9523.039424613777
2030-03-11 13:45:00,-9498.419119650127
2030-03-11 14:00:00,-8886.62819819836
2030-03-11 14:15:00,-9179.962307229947
2030-03-11 14:30:00,-8123.790392132923
2030-03-11 14:45:00,-7136.895421686535
2030-03-11 15:00:00,-6770.373384098868
2030-03-11 15:15:00,-6032.087491127102
2030-03-11 15:30:00,-4738.679990385677
2030-03-11 15:45:00,-3465.583038724235
2030-03-11 16:00:00,-2613.261436425488
2030-03-11 16:15:00,-1717.5492701167059
2030-03-11 16:30:00,-748.2920285183827
2030-03-11 16:45:00,0.0
2030-03-11 17:00:00,0.0
2030-03-11 17:15:00,0.0
2030-03-11 17:30:00,0.0
2030-03-11 17:45:00,0.0
2030-03-11 18:00:00,0.0
2030-03-11 18:15:00,0.0
2030-03-11 18:30:00,0.0
2030-03-11 18:45:00,0.0
2030-03-11 19:00:00,0.0
2030-03-11 19:15:00,0.0
2030-03-11 19:30:00,0.0
2030-03-11 19:45:00,0.0
2030-03-11 20:00:00,0.0
2030-03-11 20:15:00,0.0
2030-03-11 20:30:00,0.0
2030-03-11 20:45:00,0.0
2030-03-11 21:00:00,0.0
2030-03-11 21:15:00,0.0
2030-03-11 21:30:00,0.0
2030-03-11 21:45:00,0.0
2030-03-11 22:00:00,0.0
2030-03-11 22:15:00,0.0
2030-03-11 22:30:00,0.0
2030-03-11 22:45:00,0.0
2030-03-11 23:00:00,0.0
2030-03-11 23:15:00,0.0
2030-03-11 23:30:00,0.0
2030-03-11 23:45:00,0.0
2030-03-12 00:00:00,0.0
2030-03-12 00:15:00,0.0
2030-03-12 00:30:00,0.0
2030-03-12 00:45:00,0.0
2030-03-12 01:00:00,0.0
2030-03-12 01:15:00,0.0
2030-03-12 01:30:00,0.0
2030-03-12 01:45:00,0.0
2030-03-12 02:00:00,0.0
2030-03-12 02:15:00,0.0
2030-03-12 02:30:00,0.0
2030-03-12 02:45:00,0.0
2030-03-12 03:00:00,0.0
2030-03-12 03:15:00,0.0
2030-03-12 03:30:00,0.0
2030-03-12 03:45:00,0.0
2030-03-12 04:00:00,0.0
2030-03-12 04:15:00,0.0
2030-03-12 04:30:00,0.0
2030-03-12 04:45:00,0.0
2030-03-12 05:00:00,0.0
2030-03-12 05:15:00,0.0
2030-03-12 05:30:00,0.0
2030-03-12 05:45:00,0.0
2030-03-12 06:00:00,0.0
2030-03-12 06:15:00,0.0
2030-03-12 06:30:00,0.0
2030-03-12 06:45:00,0.0
2030-03-12 07:00:00,0.0
2030-03-12 07:15:00,0.0
2030-03-12 07:30:00,0.0
2030-03-12 07:45:00,0.0
2030-03-12 08:00:00,0.0
2030-03-12 08:15:00,0.0
2030-03-12 08:30:00,0.0
2030-03-12 08:45:00,0.0
2030-03-12 09:00:00,0.0
2030-03-12 09:15:00,0.0
2030-03-12 09:30:00,0.0
2030-03-12 09:45:00,0.0
2030-03-12 10:00:00,0.0
2030-03-12 10:15:00,0.0
2030-03-12 10:30:00,0.0
2030-03-12 10:45:00,0.0
2030-03-12 11:00:00,0.0
2030-03-12 11:15:00,0.0
2030-03-12 11:30:00,0.0
2030-03-12 11:45:00,0.0
2030-03-12 12:00:00,0.0
2030-03-12 12:15:00,0.0
2030-03-12 12:30:00,0.0
2030-03-12 12:45:00,0.0
2030-03-12 13:00:00,0.0
2030-03-12 13:15:00,0.0
2030-03-12 13:30:00,0.0
2030-03-12 13:45:00,0.0
2030-03-12 14:00:00,0.0
2030-03-12 14:15:00,0.0
2030-03-12 14:30:00,0.0
2030-03-12 14:45:00,0.0
2030-03-12 15:00:00,0.0
2030-03-12 15:15:00,0.0
2030-03-12 15:30:00,0.0
2030-03-12 15:45:00,0.0
2030-03-12 16:00:00,0.0
2030-03-12 16:15:00,0.0
2030-03-12 16:30:00,0.0
2030-03-12 16:45:00,0.0
2030-03-12 17:00:00,0.0
2030-03-12 17:15:00,0.0
2030-03-12 17:30:00,0.0
2030-03-12 17:45:00,0.0
2030-03-12 18:00:00,0.0
2030-03-12 18:15:00,0.0
2030-03-12 18:30:00,0.0
2030-03-12 18:45:00,0.0
2030-03-12 19:00:00,0.0
2030-03-12 19:15:00,0.0
2030-03-12 19:30:00,0.0
2030-03-12 19:45:00,0.0
2030-03-12 20:00:00,0.0
2030-03-12 20:15:00,0.0
2030-03-12 20:30:00,0.0
2030-03-12 20:45:00,0.0
2030-03-12 21:00:00,-2579.2211875473295
2030-03-12 21:15:00,-6212.105517092983
2030-03-12 21:30:00,-6410.060019049615
2030-03-12 21:45:00,-6440.964126620143
2030-03-12 22:00:00,-5894.196029316234
2030-03-12 22:15:00,-6001.01939830682
2030-03-12 22:30:00,-6259.64082944025
2030-03-12 22:45:00,-6432.866419664893
2030-03-12 23:00:00,-6734.528065809594
2030-03-12 23:15:00,-6941.623591000694
2030-03-12 23:30:00,-7434.352097581443
2030-03-12 23:45:00,-7533.7097550621365
2030-03-13 00:00:00,-7510.871299197885
2030-03-13 00:15:00,-7897.115341946235
2030-03-13 00:30:00,-8017.273464626825
2030-03-13 00:45:00,-8105.313626415171
2030-03-13 01:00:00,-8063.39462704045
2030-03-13 01:15:00,-8178.7022826125685
2030-03-13 01:30:00,-8387.080828378523
2030-03-13 01:45:00,-8357.277370955908
2030-03-13 02:00:00,-8499.943972154977
2030-03-13 02:15:00,-8127.658889467068
2030-03-13 02:30:00,-8215.017689050232
2030-03-13 02:45:00,-8032.593440296136
2030-03-13 03:00:00,-7715.677027470203
2030-03-13 03:15:00,-7776.493150119071
2030-03-13 03:30:00,-7783.328361380576
2030-03-13 03:45:00,-7820.194857048087
2030-03-13 04:00:00,-7570.8083962373075
2030-03-13 04:15:00,-7517.206796918756
2030-03-13 04:30:00,-7600.51983988643
2030-03-13 04:45:00,-7624.801234696661
2030-03-13 05:00:00,-8161.206919217588
2030-03-13 05:15:00,-8043.393170497027
2030-03-13 05:30:00,-7332.055230254515
2030-03-13 05:45:00,-6953.928224412302
2030-03-13 06:00:00,-6663.332866704615
2030-03-13 06:15:00,-6379.831822656521
2030-03-13 06:30:00,-5970.078430595891
2030-03-13 06:45:00,-5870.811652658525
2030-03-13 07:00:00,-5918.814957320545
2030-03-13 07:15:00,-6309.87936691313
2030-03-13 07:30:00,-6809.913072075284
2030-03-13 07:45:00,-7342.516628457306
2030-03-13 08:00:00,-7954.257796225862
2030-03-13 08:15:00,-8568.52842070202
2030-03-13 08:30:00,-8537.464789173653
2030-03-13 08:45:00,-9075.943330518534
2030-03-13 09:00:00,-9797.682515374607
2030-03-13 09:15:00,-10246.79487795123
2030-03-13 09:30:00,-11140.014976851475
2030-03-13 09:45:00,-11353.592225599456
2030-03-13 10:00:00,-11488.891917235524
2030-03-13 10:15:00,-11852.600058848471
2030-03-13 10:30:00,-12099.96827801695
2030-03-13 10:45:00,-11736.31406664804
2030-03-13 11:00:00,-11665.37448813162
2030-03-13 11:15:00,-11966.454673466691
2030-03-13 11:30:00,-11685.049634757612
2030-03-13 11:45:00,-11072.767600208328
2030-03-13 12:00:00,-9971.838177978247
2030-03-13 12:15:00,-9656.477142690754
2030-03-13 12:30:00,-10070.499263429658
2030-03-13 12:45:00,-9381.012680124204
2030-03-13 13:00:00,-8421.44946655022
2030-03-13 13:15:00,-8012.695448892326
2030-03-13 13:30:00,-7575.7907082368365
2030-03-13 13:45:00,-6941.942455708071
2030-03-13 14:00:00,-6736.403107098809
2030-03-13 14:15:00,-7501.317740794337
2030-03-13 14:30:00,-7768.984793753803
2030-03-13 14:45:00,-8032.246784907653
2030-03-13 15:00:00,-7898.091999736185
2030-03-13 15:15:00,-7785.35046329298
2030-03-13 15:30:00,-7587.358234047439
2030-03-13 15:45:00,-7483.621175572971
2030-03-13 16:00:00,-7084.588967029435
2030-03-13 16:15:00,-6596.4064412223815
2030-03-13 16:30:00,-6534.227653103077
2030-03-13 16:45:00,-6457.473936360588
2030-03-13 17:00:00,-5507.953494357644
2030-03-13 17:15:00,-4800.834927912394
2030-03-13 17:30:00,-3882.3072566972187
2030-03-13 17:45:00,-3472.9651438554283
2030-03-13 18:00:00,-2839.6561088247
2030-03-13 18:15:00,-2540.753912100441
2030-03-13 18:30:00,-2134.5552809350884
2030-03-13 18:45:00,-1990.8061893938757
2030-03-13 19:00:00,-1298.642768592188
2030-03-13 19:15:00,-1224.878231733459
2030-03-13 19:30:00,-1060.0229839719868
2030-03-13 19:45:00,-597.9408278698938
2030-03-13 20:00:00,-39.90235309603668
2030-03-13 20:15:00,0.0
2030-03-13 20:30:00,0.0
2030-03-13 20:45:00,0.0
2030-03-13 21:00:00,0.0
2030-03-13 21:15:00,0.0
2030-03-13 21:30:00,0.0
2030-03-13 21:45:00,0.0
2030-03-13 22:00:00,0.0
2030-03-13 22:15:00,0.0
2030-03-13 22:30:00,0.0
2030-03-13 22:45:00,0.0
2030-03-13 23:00:00,0.0
2030-03-13 23:15:00,0.0
2030-03-13 23:30:00,0.0
2030-03-13 23:45:00,0.0
2030-03-14 00:00:00,0.0
2030-03-14 00:15:00,0.0
2030-03-14 00:30:00,0.0
2030-03-14 00:45:00,0.0
2030-03-14 01:00:00,-909.1348040938719
2030-03-14 01:15:00,-1480.2243930485129
2030-03-14 01:30:00,-1479.1293231338423
2030-03-14 01:45:00,-1628.3896142180347
2030-03-14 02:00:00,-1560.6918733006787
2030-03-14 02:15:00,-1548.046988748465
2030-03-14 02:30:00,-1333.804599867086
2030-03-14 02:45:00,-1267.982321533058
2030-03-14 03:00:00,-809.4960989523606
2030-03-14 03:15:00,-696.807369065893
2030-03-14 03:30:00,-763.1132664201359
2030-03-14 03:45:00,-764.2813829337792
2030-03-14 04:00:00,-1154.5502384994943
2030-03-14 04:15:00,-858.0014922685223
2030-03-14 04:30:00,-586.3402780646975
2030-03-14 04:45:00,-954.8704652177985
2030-03-14 05:00:00,-821.2576421161284
2030-03-14 05:15:00,-834.1133843742246
2030-03-14 05:30:00,-606.9204704889125
2030-03-14 05:45:00,-79.22675384983813
2030-03-14 06:00:00,0.0
2030-03-14 06:15:00,0.0
2030-03-14 06:30:00,0.0
2030-03-14 06:45:00,0.0
2030-03-14 07:00:00,0.0
2030-03-14 07:15:00,0.0
2030-03-14 07:30:00,0.0
2030-03-14 07:45:00,0.0
2030-03-14 08:00:00,0.0
2030-03-14 08:15:00,0.0
2030-03-14 08:30:00,0.0
2030-03-14 08:45:00,0.0
2030-03-14 09:00:00,0.0
2030-03-14 09:15:00,0.0
2030-03-14 09:30:00,-702.5430619954459
2030-03-14 09:45:00,-4784.544647453236
2030-03-14 10:00:00,-5216.688126236728
2030-03-14 10:15:00,-5655.056944362979
2030-03-14 10:30:00,-6504.385175820411
2030-03-14 10:45:00,-6821.747553180219
2030-03-14 11:00:00,-7353.53322549061
2030-03-14 11:15:00,-7748.211128573872
2030-03-14 11:30:00,-8102.491205486182
2030-03-14 11:45:00,-8956.949689738223
2030-03-14 12:00:00,-9774.682953253083
2030-03-14 12:15:00,-9670.902377010018
2030-03-14 12:30:00,-10109.797841259555
2030-03-14 12:45:00,-10645.266583730107
2030-03-14 13:00:00,-11034.765408269515
2030-03-14 13:15:00,-11366.83714680378
2030-03-14 13:30:00,-11709.1114699688
2030-03-14 13:45:00,-12072.619451310675
2030-03-14 14:00:00,-12719.441867988862
2030-03-14 14:15:00,-12868.689978266328
2030-03-14 14:30:00,-12795.953016946703
2030-03-14 14:45:00,-12595.18689748233
2030-03-14 15:00:00,-12543.039348548944
2030-03-14 15:15:00,-12357.854184493113
2030-03-14 15:30:00,-11919.768796930235
2030-03-14 15:45:00,-11190.090048741782
2030-03-14 16:00:00,-10379.28781518991
2030-03-14 16:15:00,-9541.73108798651
2030-03-14 16:30:00,-8734.859560146553
2030-03-14 16:45:00,-7823.079970509232
2030-03-14 17:00:00,-6835.440713459739
2030-03-14 17:15:00,-5712.847899954984
2030-03-14 17:30:00,-4236.638865381894
2030-03-14 17:45:00,-3103.96850516984
2030-03-14 18:00:00,-2335.783290129064
2030-03-14 18:15:00,-1803.693805322171
2030-03-14 18:30:00,-1136.557582225858
2030-03-14 18:45:00,-670.3965757039477
2030-03-14 19:00:00,-102.67945542827147
2030-03-14 19:15:00,0.0
2030-03-14 19:30:00,0.0
2030-03-14 19:45:00,0.0
2030-03-14 20:00:00,0.0
2030-03-14 20:15:00,0.0
2030-03-14 20:30:00,0.0
2030-03-14 20:45:00,0.0
2030-03-14 21:00:00,0.0
2030-03-14 21:15:00,0.0
2030-03-14 21:30:00,0.0
2030-03-14 21:45:00,0.0
2030-03-14 22:00:00,0.0
2030-03-14 22:15:00,0.0
2030-03-14 22:30:00,0.0
2030-03-14 22:45:00,0.0
2030-03-14 23:00:00,0.0
2030-03-14 23:15:00,0.0
2030-03-14 23:30:00,0.0
2030-03-14 23:45:00,0.0
2030-03-15 00:00:00,0.0
2030-03-15 00:15:00,0.0
2030-03-15 00:30:00,0.0
2030-03-15 00:45:00,0.0
2030-03-15 01:00:00,0.0
2030-03-15 01:15:00,0.0
2030-03-15 01:30:00,0.0
2030-03-15 01:45:00,0.0
2030-03-15 02:00:00,0.0
2030-03-15 02:15:00,0.0
2030-03-15 02:30:00,0.0
2030-03-15 02:45:00,0.0
2030-03-15 03:00:00,0.0
2030-03-15 03:15:00,0.0
2030-03-15 03:30:00,0.0
2030-03-15 03:45:00,0.0
2030-03-15 04:00:00,0.0
2030-03-15 04:15:00,0.0
2030-03-15 04:30:00,0.0
2030-03-15 04:45:00,0.0
2030-03-15 05:00:00,0.0
2030-03-15 05:15:00,0.0
2030-03-15 05:30:00,0.0
2030-03-15 05:45:00,0.0
2030-03-15 06:00:00,0.0
2030-03-15 06:15:00,0.0
2030-03-15 06:30:00,0.0
2030-03-15 06:45:00,0.0
2030-03-15 07:00:00,0.0
2030-03-15 07:15:00,0.0
2030-03-15 07:30:00,0.0
2030-03-15 07:45:00,0.0
2030-03-15 08:00:00,0.0
2030-03-15 08:15:00,0.0
2030-03-15 08:30:00,0.0
2030-03-15 08:45:00,0.0
2030-03-15 09:00:00,0.0
2030-03-15 09:15:00,0.0
2030-03-15 09:30:00,0.0
2030-03-15 09:45:00,0.0
2030-03-15 10:00:00,0.0
2030-03-15 10:15:00,0.0
2030-03-15 10:30:00,0.0
2030-03-15 10:45:00,0.0
2030-03-15 11:00:00,0.0
2030-03-15 11:15:00,0.0
2030-03-15 11:30:00,-4120.424237017043
2030-03-15 11:45:00,-7327.221668867616
2030-03-15 12:00:00,-7231.400728110388
2030-03-15 12:15:00,-7404.286104421186
2030-03-15 12:30:00,-6921.811480322296
2030-03-15 12:45:00,-6758.227861749863
2030-03-15 13:00:00,-5966.952504203153
2030-03-15 13:15:00,-5566.266845044818
2030-03-15 13:30:00,-5544.676877277441
2030-03-15 13:45:00,-5255.605789157817
2030-03-15 14:00:00,-4346.388234111942
2030-03-15 14:15:00,-3499.082100747528
2030-03-15 14:30:00,-2662.9117934173046
2030-03-15 14:45:00,-1797.8355318471404
2030-03-15 15:00:00,-591.252287107829
2030-03-15 15:15:00,0.0
2030-03-15 15:30:00,0.0
2030-03-15 15:45:00,0.0
2030-03-15 16:00:00,0.0
2030-03-15 16:15:00,0.0
2030-03-15 16:30:00,0.0
2030-03-15 16:45:00,0.0
2030-03-15 17:00:00,0.0
2030-03-15 17:15:00,0.0
2030-03-15 17:30:00,0.0
2030-03-15 17:45:00,0.0
2030-03-15 18:00:00,0.0
2030-03-15 18:15:00,0.0
2030-03-15 18:30:00,0.0
2030-03-15 18:45:00,0.0
2030-03-15 19:00:00,0.0
2030-03-15 19:15:00,0.0
2030-03-15 19:30:00,0.0
2030-03-15 19:45:00,0.0
2030-03-15 20:00:00,0.0
2030-03-15 20:15:00,0.0
2030-03-15 20:30:00,0.0
2030-03-15 20:45:00,0.0
2030-03-15 21:00:00,0.0
2030-03-15 21:15:00,0.0
2030-03-15 21:30:00,0.0
2030-03-15 21:45:00,0.0
2030-03-15 22:00:00,0.0
2030-03-15 22:15:00,0.0
2030-03-15 22:30:00,0.0
2030-03-15 22:45:00,0.0
2030-03-15 23:00:00,0.0
2030-03-15 23:15:00,0.0
2030-03-15 23:30:00,0.0
2030-03-15 23:45:00,0.0
2030-03-16 00:00:00,0.0
2030-03-16 00:15:00,0.0
2030-03-16 00:30:00,0.0
2030-03-16 00:45:00,0.0
2030-03-16 01:00:00,0.0
2030-03-16 01:15:00,0.0
2030-03-16 01:30:00,0.0
2030-03-16 01:45:00,0.0
2030-03-16 02:00:00,0.0
2030-03-16 02:15:00,0.0
2030-03-16 02:30:00,0.0
2030-03-16 02:45:00,0.0
2030-03-16 03:00:00,0.0
2030-03-16 03:15:00,0.0
2030-03-16 03:30:00,0.0
2030-03-16 03:45:00,0.0
2030-03-16 04:00:00,0.0
2030-03-16 04:15:00,0.0
2030-03-16 04:30:00,0.0
2030-03-16 04:45:00,0.0
2030-03-16 05:00:00,0.0
2030-03-16 05:15:00,0.0
2030-03-16 05:30:00,0.0
2030-03-16 05:45:00,0.0
2030-03-16 06:00:00,0.0
2030-03-16 06:15:00,0.0
2030-03-16 06:30:00,0.0
2030-03-16 06:45:00,0.0
2030-03-16 07:00:00,0.0
2030-03-16 07:15:00,0.0
2030-03-16 07:30:00,0.0
2030-03-16 07:45:00,0.0
2030-03-16 08:00:00,0.0
2030-03-16 08:15:00,0.0
2030-03-16 08:30:00,0.0
2030-03-16 08:45:00,0.0
2030-03-16 09:00:00,0.0
2030-03-16 09:15:00,0.0
2030-03-16 09:30:00,0.0
2030-03-16 09:45:00,4695.057782859885
2030-03-16 10:00:00,0.0
2030-03-16 10:15:00,0.0
2030-03-16 10:30:00,0.0
2030-03-16 10:45:00,0.0
2030-03-16 11:00:00,0.0
2030-03-16 11:15:00,0.0
2030-03-16 11:30:00,0.0
2030-03-16 11:45:00,0.0
2030-03-16 12:00:00,0.0
2030-03-16 12:15:00,0.0
2030-03-16 12:30:00,0.0
2030-03-16 12:45:00,0.0
2030-03-16 13:00:00,0.0
2030-03-16 13:15:00,0.0
2030-03-16 13:30:00,0.0
2030-03-16 13:45:00,0.0
2030-03-16 14:00:00,0.0
2030-03-16 14:15:00,0.0
2030-03-16 14:30:00,0.0
2030-03-16 14:45:00,0.0
2030-03-16 15:00:00,0.0
2030-03-16 15:15:00,0.0
2030-03-16 15:30:00,0.0
2030-03-16 15:45:00,0.0
2030-03-16 16:00:00,0.0
2030-03-16 16:15:00,0.0
2030-03-16 16:30:00,0.0
2030-03-16 16:45:00,0.0
2030-03-16 17:00:00,0.0
2030-03-16 17:15:00,0.0
2030-03-16 17:30:00,0.0
2030-03-16 17:45:00,0.0
2030-03-16 18:00:00,0.0
2030-03-16 18:15:00,0.0
2030-03-16 18:30:00,0.0
2030-03-16 18:45:00,0.0
2030-03-16 19:00:00,0.0
2030-03-16 19:15:00,0.0
2030-03-16 19:30:00,0.0
2030-03-16 19:45:00,0.0
2030-03-16 20:00:00,0.0
2030-03-16 20:15:00,0.0
2030-03-16 20:30:00,0.0
2030-03-16 20:45:00,0.0
2030-03-16 21:00:00,0.0
2030-03-16 21:15:00,0.0
2030-03-16 21:30:00,0.0
2030-03-16 21:45:00,0.0
2030-03-16 22:00:00,0.0
2030-03-16 22:15:00,0.0
2030-03-16 22:30:00,0.0
2030-03-16 22:45:00,0.0
2030-03-16 23:00:00,0.0
2030-03-16 23:15:00,0.0
2030-03-16 23:30:00,0.0
2030-03-16 23:45:00,0.0
2030-03-17 00:00:00,0.0
2030-03-17 00:15:00,0.0
2030-03-17 00:30:00,0.0
2030-03-17 00:45:00,0.0
2030-03-17 01:00:00,0.0
2030-03-17 01:15:00,0.0
2030-03-17 01:30:00,0.0
2030-03-17 01:45:00,0.0
2030-03-17 02:00:00,0.0
2030-03-17 02:15:00,0.0
2030-03-17 02:30:00,0.0
2030-03-17 02:45:00,0.0
2030-03-17 03:00:00,0.0
2030-03-17 03:15:00,0.0
2030-03-17 03:30:00,0.0
2030-03-17 03:45:00,0.0
2030-03-17 04:00:00,0.0
2030-03-17 04:15:00,0.0
2030-03-17 04:30:00,0.0
2030-03-17 04:45:00,0.0
2030-03-17 05:00:00,0.0
2030-03-17 05:15:00,0.0
2030-03-17 05:30:00,0.0
2030-03-17 05:45:00,0.0
2030-03-17 06:00:00,0.0
2030-03-17 06:15:00,0.0
2030-03-17 06:30:00,0.0
2030-03-17 06:45:00,0.0
2030-03-17 07:00:00,0.0
2030-03-17 07:15:00,0.0
2030-03-17 07:30:00,0.0
2030-03-17 07:45:00,0.0
2030-03-17 08:00:00,0.0
2030-03-17 08:15:00,0.0
2030-03-17 08:30:00,0.0
2030-03-17 08:45:00,0.0
2030-03-17 09:00:00,0.0
2030-03-17 09:15:00,0.0
2030-03-17 09:30:00,0.0
2030-03-17 09:45:00,0.0
2030-03-17 10:00:00,0.0
2030-03-17 10:15:00,0.0
2030-03-17 10:30:00,0.0
2030-03-17 10:45:00,0.0
2030-03-17 11:00:00,0.0
2030-03-17 11:15:00,0.0
2030-03-17 11:30:00,0.0
2030-03-17 11:45:00,0.0
2030-03-17 12:00:00,0.0
2030-03-17 12:15:00,0.0
2030-03-17 12:30:00,0.0
2030-03-17 12:45:00,0.0
2030-03-17 13:00:00,0.0
2030-03-17 13:15:00,0.0
2030-03-17 13:30:00,0.0
2030-03-17 13:45:00,0.0
2030-03-17 14:00:00,0.0
2030-03-17 14:15:00,0.0
2030-03-17 14:30:00,0.0
2030-03-17 14:45:00,0.0
2030-03-17 15:00:00,0.0
2030-03-17 15:15:00,0.0
2030-03-17 15:30:00,692.2785541328121
2030-03-17 15:45:00,0.0
2030-03-17 16:00:00,0.0
2030-03-17 16:15:00,0.0
2030-03-17 16:30:00,0.0
2030-03-17 16:45:00,0.0
2030-03-17 17:00:00,0.0
2030-03-17 17:15:00,0.0
2030-03-17 17:30:00,0.0
2030-03-17 17:45:00,0.0
2030-03-17 18:00:00,0.0
2030-03-17 18:15:00,0.0
2030-03-17 18:30:00,0.0
2030-03-17 18:45:00,0.0
2030-03-17 19:00:00,0.0
2030-03-17 19:15:00,0.0
2030-03-17 19:30:00,0.0
2030-03-17 19:45:00,0.0
2030-03-17 20:00:00,0.0
2030-03-17 20:15:00,0.0
2030-03-17 20:30:00,0.0
2030-03-17 20:45:00,0.0
2030-03-17 21:00:00,0.0
2030-03-17 21:15:00,0.0
2030-03-17 21:30:00,0.0
2030-03-17 21:45:00,0.0
2030-03-17 22:00:00,0.0
2030-03-17 22:15:00,0.0
2030-03-17 22:30:00,0.0
2030-03-17 22:45:00,0.0
2030-03-17 23:00:00,0.0
2030-03-17 23:15:00,0.0
2030-03-17 23:30:00,0.0
2030-03-17 23:45:00,0.0
2030-03-18 00:00:00,0.0
2030-03-18 00:15:00,0.0
2030-03-18 00:30:00,0.0
2030-03-18 00:45:00,0.0
2030-03-18 01:00:00,0.0
2030-03-18 01:15:00,0.0
2030-03-18 01:30:00,0.0
2030-03-18 01:45:00,0.0
2030-03-18 02:00:00,0.0
2030-03-18 02:15:00,0.0
2030-03-18 02:30:00,0.0
2030-03-18 02:45:00,0.0
2030-03-18 03:00:00,0.0
2030-03-18 03:15:00,0.0
2030-03-18 03:30:00,0.0
2030-03-18 03:45:00,0.0
2030-03-18 04:00:00,0.0
2030-03-18 04:15:00,0.0
2030-03-18 04:30:00,0.0
2030-03-18 04:45:00,0.0
2030-03-18 05:00:00,0.0
2030-03-18 05:15:00,0.0
2030-03-18 05:30:00,0.0
2030-03-18 05:45:00,0.0
2030-03-18 06:00:00,0.0
2030-03-18 06:15:00,0.0
2030-03-18 06:30:00,0.0
2030-03-18 06:45:00,0.0
2030-03-18 07:00:00,0.0
2030-03-18 07:15:00,0.0
2030-03-18 07:30:00,0.0
2030-03-18 07:45:00,0.0
2030-03-18 08:00:00,54.48321371815473
2030-03-18 08:15:00,0.0
2030-03-18 08:30:00,0.0
2030-03-18 08:45:00,0.0
2030-03-18 09:00:00,0.0
2030-03-18 09:15:00,0.0
2030-03-18 09:30:00,0.0
2030-03-18 09:45:00,0.0
2030-03-18 10:00:00,0.0
2030-03-18 10:15:00,0.0
2030-03-18 10:30:00,0.0
2030-03-18 10:45:00,0.0
2030-03-18 11:00:00,0.0
2030-03-18 11:15:00,0.0
2030-03-18 11:30:00,0.0
2030-03-18 11:45:00,0.0
2030-03-18 12:00:00,0.0
2030-03-18 12:15:00,0.0
2030-03-18 12:30:00,0.0
2030-03-18 12:45:00,0.0
2030-03-18 13:00:00,0.0
2030-03-18 13:15:00,0.0
2030-03-18 13:30:00,0.0
2030-03-18 13:45:00,0.0
2030-03-18 14:00:00,0.0
2030-03-18 14:15:00,0.0
2030-03-18 14:30:00,0.0
2030-03-18 14:45:00,0.0
2030-03-18 15:00:00,0.0
2030-03-18 15:15:00,0.0
2030-03-18 15:30:00,0.0
2030-03-18 15:45:00,0.0
2030-03-18 16:00:00,0.0
2030-03-18 16:15:00,0.0
2030-03-18 16:30:00,0.0
2030-03-18 16:45:00,0.0
2030-03-18 17:00:00,0.0
2030-03-18 17:15:00,0.0
2030-03-18 17:30:00,0.0
2030-03-18 17:45:00,10287.148831046488
2030-03-18 18:00:00,1329.5449746896957
2030-03-18 18:15:00,1757.2037445733895
2030-03-18 18:30:00,1908.0955806483707
2030-03-18 18:45:00,2050.5509069683485
2030-03-18 19:00:00,2039.823366157163
2030-03-18 19:15:00,1983.7895790481598
2030-03-18 19:30:00,1768.8428730283376
2030-03-18 19:45:00,1425.3118775873554
2030-03-18 20:00:00,1059.5608466621798
2030-03-18 20:15:00,636.1757623761587
2030-03-18 20:30:00,352.7925469382899
2030-03-18 20:45:00,0.0
2030-03-18 21:00:00,0.0
2030-03-18 21:15:00,0.0
2030-03-18 21:30:00,0.0
2030-03-18 21:45:00,0.0
2030-03-18 22:00:00,0.0
2030-03-18 22:15:00,0.0
2030-03-18 22:30:00,0.0
2030-03-18 22:45:00,0.0
2030-03-18 23:00:00,0.0
2030-03-18 23:15:00,0.0
2030-03-18 23:30:00,0.0
2030-03-18 23:45:00,0.0
2030-03-19 00:00:00,0.0
2030-03-19 00:15:00,0.0
2030-03-19 00:30:00,0.0
2030-03-19 00:45:00,0.0
2030-03-19 01:00:00,0.0
2030-03-19 01:15:00,0.0
2030-03-19 01:30:00,0.0
2030-03-19 01:45:00,0.0
2030-03-19 02:00:00,0.0
2030-03-19 02:15:00,0.0
2030-03-19 02:30:00,0.0
2030-03-19 02:45:00,0.0
2030-03-19 03:00:00,0.0
2030-03-19 03:15:00,0.0
2030-03-19 03:30:00,0.0
2030-03-19 03:45:00,0.0
2030-03-19 04:00:00,0.0
2030-03-19 04:15:00,0.0
2030-03-19 04:30:00,0.0
2030-03-19 04:45:00,0.0
2030-03-19 05:00:00,0.0
2030-03-19 05:15:00,0.0
2030-03-19 05:30:00,0.0
2030-03-19 05:45:00,0.0
2030-03-19 06:00:00,0.0
2030-03-19 06:15:00,0.0
2030-03-19 06:30:00,0.0
2030-03-19 06:45:00,0.0
2030-03-19 07:00:00,0.0
2030-03-19 07:15:00,0.0
2030-03-19 07:30:00,0.0
2030-03-19 07:45:00,0.0
2030-03-19 08:00:00,0.0
2030-03-19 08:15:00,0.0
2030-03-19 08:30:00,0.0
2030-03-19 08:45:00,0.0
2030-03-19 09:00:00,0.0
2030-03-19 09:15:00,0.0
2030-03-19 09:30:00,0.0
2030-03-19 09:45:00,0.0
2030-03-19 10:00:00,0.0
2030-03-19 10:15:00,0.0
2030-03-19 10:30:00,0.0
2030-03-19 10:45:00,0.0
2030-03-19 11:00:00,0.0
2030-03-19 11:15:00,0.0
2030-03-19 11:30:00,0.0
2030-03-19 11:45:00,0.0
2030-03-19 12:00:00,0.0
2030-03-19 12:15:00,0.0
2030-03-19 12:30:00,0.0
2030-03-19 12:45:00,0.0
2030-03-19 13:00:00,0.0
2030-03-19 13:15:00,0.0
2030-03-19 13:30:00,0.0
2030-03-19 13:45:00,0.0
2030-03-19 14:00:00,0.0
2030-03-19 14:15:00,0.0
2030-03-19 14:30:00,0.0
2030-03-19 14:45:00,0.0
2030-03-19 15:00:00,0.0
2030-03-19 15:15:00,0.0
2030-03-19 15:30:00,0.0
2030-03-19 15:45:00,0.0
2030-03-19 16:00:00,0.0
2030-03-19 16:15:00,0.0
2030-03-19 16:30:00,0.0
2030-03-19 16:45:00,0.0
2030-03-19 17:00:00,0.0
2030-03-19 17:15:00,0.0
2030-03-19 17:30:00,0.0
2030-03-19 17:45:00,0.0
2030-03-19 18:00:00,5591.4534936059135
2030-03-19 18:15:00,2088.736891227083
2030-03-19 18:30:00,2194.335092065925
2030-03-19 18:45:00,2306.128555684265
2030-03-19 19:00:00,2443.9632169554916
2030-03-19 19:15:00,2327.4715053064647
2030-03-19 19:30:00,2155.0642658832967
2030-03-19 19:45:00,1960.4672802105015
2030-03-19 20:00:00,1691.3454655329151
2030-03-19 20:15:00,1442.5141121546967
2030-03-19 20:30:00,1121.9110308468607
2030-03-19 20:45:00,683.8265237049909
2030-03-19 21:00:00,388.2021461265922
2030-03-19 21:15:00,224.0912298834246
2030-03-19 21:30:00,0.0
2030-03-19 21:45:00,0.0
2030-03-19 22:00:00,177.19170096284142
2030-03-19 22:15:00,1.2063369767638505
2030-03-19 22:30:00,0.0
2030-03-19 22:45:00,0.0
2030-03-19 23:00:00,0.0
2030-03-19 23:15:00,0.0
2030-03-19 23:30:00,0.0
2030-03-19 23:45:00,0.0
2030-03-20 00:00:00,0.0
2030-03-20 00:15:00,0.0
2030-03-20 00:30:00,0.0
2030-03-20 00:45:00,0.0
2030-03-20 01:00:00,0.0
2030-03-20 01:15:00,0.0
2030-03-20 01:30:00,0.0
2030-03-20 01:45:00,0.0
2030-03-20 02:00:00,0.0
2030-03-20 02:15:00,0.0
2030-03-20 02:30:00,0.0
2030-03-20 02:45:00,0.0
2030-03-20 03:00:00,0.0
2030-03-20 03:15:00,0.0
2030-03-20 03:30:00,0.0
2030-03-20 03:45:00,0.0
2030-03-20 04:00:00,0.0
2030-03-20 04:15:00,0.0
2030-03-20 04:30:00,0.0
2030-03-20 04:45:00,0.0
2030-03-20 05:00:00,0.0
2030-03-20 05:15:00,0.0
2030-03-20 05:30:00,0.0
2030-03-20 05:45:00,0.0
2030-03-20 06:00:00,0.0
2030-03-20 06:15:00,1.9560462731169537
2030-03-20 06:30:00,424.70570232760474
2030-03-20 06:45:00,425.79018951343824
2030-03-20 07:00:00,0.0
2030-03-20 07:15:00,0.0
2030-03-20 07:30:00,0.0
2030-03-20 07:45:00,0.0
2030-03-20 08:00:00,0.0
2030-03-20 08:15:00,0.0
2030-03-20 08:30:00,0.0
2030-03-20 08:45:00,0.0
2030-03-20 09:00:00,0.0
2030-03-20 09:15:00,0.0
2030-03-20 09:30:00,0.0
2030-03-20 09:45:00,0.0
2030-03-20 10:00:00,0.0
2030-03-20 10:15:00,0.0
2030-03-20 10:30:00,0.0
2030-03-20 10:45:00,0.0
2030-03-20 11:00:00,0.0
2030-03-20 11:15:00,0.0
2030-03-20 11:30:00,0.0
2030-03-20 11:45:00,0.0
2030-03-20 12:00:00,0.0
2030-03-20 12:15:00,0.0
2030-03-20 12:30:00,0.0
2030-03-20 12:45:00,0.0
2030-03-20 13:00:00,0.0
2030-03-20 13:15:00,0.0
2030-03-20 13:30:00,0.0
2030-03-20 13:45:00,0.0
2030-03-20 14:00:00,0.0
2030-03-20 14:15:00,0.0
2030-03-20 14:30:00,0.0
2030-03-20 14:45:00,0.0
2030-03-20 15:00:00,0.0
2030-03-20 15:15:00,0.0
2030-03-20 15:30:00,0.0
2030-03-20 15:45:00,0.0
2030-03-20 16:00:00,0.0
2030-03-20 16:15:00,0.0
2030-03-20 16:30:00,0.0
2030-03-20 16:45:00,0.0
2030-03-20 17:00:00,0.0
2030-03-20 17:15:00,0.0
2030-03-20 17:30:00,0.0
2030-03-20 17:45:00,0.0
2030-03-20 18:00:00,0.0
2030-03-20 18:15:00,0.0
2030-03-20 18:30:00,4629.500809241286
2030-03-20 18:45:00,0.0
2030-03-20 19:00:00,0.0
2030-03-20 19:15:00,0.0
2030-03-20 19:30:00,0.0
2030-03-20 19:45:00,0.0
2030-03-20 20:00:00,0.0
2030-03-20 20:15:00,0.0
2030-03-20 20:30:00,0.0
2030-03-20 20:45:00,0.0
2030-03-20 21:00:00,0.0
2030-03-20 21:15:00,0.0
2030-03-20 21:30:00,0.0
2030-03-20 21:45:00,0.0
2030-03-20 22:00:00,0.0
2030-03-20 22:15:00,0.0
2030-03-20 22:30:00,0.0
2030-03-20 22:45:00,0.0
2030-03-20 23:00:00,0.0
2030-03-20 23:15:00,0.0
2030-03-20 23:30:00,0.0
2030-03-20 23:45:00,0.0
2030-03-21 00:00:00,0.0
2030-03-21 00:15:00,0.0
2030-03-21 00:30:00,0.0
2030-03-21 00:45:00,0.0
2030-03-21 01:00:00,0.0
2030-03-21 01:15:00,0.0
2030-03-21 01:30:00,0.0
2030-03-21 01:45:00,0.0
2030-03-21 02:00:00,0.0
2030-03-21 02:15:00,0.0
2030-03-21 02:30:00,0.0
2030-03-21 02:45:00,0.0
2030-03-21 03:00:00,0.0
2030-03-21 03:15:00,0.0
2030-03-21 03:30:00,0.0
2030-03-21 03:45:00,0.0
2030-03-21 04:00:00,0.0
2030-03-21 04:15:00,0.0
2030-03-21 04:30:00,0.0
2030-03-21 04:45:00,0.0
2030-03-21 05:00:00,0.0
2030-03-21 05:15:00,0.0
2030-03-21 05:30:00,0.0
2030-03-21 05:45:00,0.0
2030-03-21 06:00:00,0.0
2030-03-21 06:15:00,0.0
2030-03-21 06:30:00,0.0
2030-03-21 06:45:00,0.0
2030-03-21 07:00:00,0.0
2030-03-21 07:15:00,0.0
2030-03-21 07:30:00,0.0
2030-03-21 07:45:00,0.0
2030-03-21 08:00:00,0.0
2030-03-21 08:15:00,0.0
2030-03-21 08:30:00,0.0
2030-03-21 08:45:00,0.0
2030-03-21 09:00:00,0.0
2030-03-21 09:15:00,0.0
2030-03-21 09:30:00,0.0
2030-03-21 09:45:00,0.0
2030-03-21 10:00:00,0.0
2030-03-21 10:15:00,0.0
2030-03-21 10:30:00,0.0
2030-03-21 10:45:00,0.0
2030-03-21 11:00:00,0.0
2030-03-21 11:15:00,0.0
2030-03-21 11:30:00,0.0
2030-03-21 11:45:00,0.0
2030-03-21 12:00:00,0.0
2030-03-21 12:15:00,0.0
2030-03-21 12:30:00,0.0
2030-03-21 12:45:00,0.0
2030-03-21 13:00:00,0.0
2030-03-21 13:15:00,0.0
2030-03-21 13:30:00,0.0
2030-03-21 13:45:00,0.0
2030-03-21 14:00:00,0.0
2030-03-21 14:15:00,0.0
2030-03-21 14:30:00,0.0
2030-03-21 14:45:00,0.0
2030-03-21 15:00:00,0.0
2030-03-21 15:15:00,0.0
2030-03-21 15:30:00,0.0
2030-03-21 15:45:00,0.0
2030-03-21 16:00:00,0.0
2030-03-21 16:15:00,0.0
2030-03-21 16:30:00,0.0
2030-03-21 16:45:00,0.0
2030-03-21 17:00:00,0.0
2030-03-21 17:15:00,0.0
2030-03-21 17:30:00,0.0
2030-03-21 17:45:00,0.0
2030-03-21 18:00:00,0.0
2030-03-21 18:15:00,0.0
2030-03-21 18:30:00,0.0
2030-03-21 18:45:00,0.0
2030-03-21 19:00:00,0.0
2030-03-21 19:15:00,0.0
2030-03-21 19:30:00,0.0
2030-03-21 19:45:00,0.0
2030-03-21 20:00:00,0.0
2030-03-21 20:15:00,0.0
2030-03-21 20:30:00,0.0
2030-03-21 20:45:00,0.0
2030-03-21 21:00:00,0.0
2030-03-21 21:15:00,0.0
2030-03-21 21:30:00,0.0
2030-03-21 21:45:00,0.0
2030-03-21 22:00:00,0.0
2030-03-21 22:15:00,0.0
2030-03-21 22:30:00,0.0
2030-03-21 22:45:00,0.0
2030-03-21 23:00:00,0.0
2030-03-21 23:15:00,0.0
2030-03-21 23:30:00,0.0
2030-03-21 23:45:00,0.0
2030-03-22 00:00:00,0.0
2030-03-22 00:15:00,0.0
2030-03-22 00:30:00,0.0
2030-03-22 00:45:00,0.0
2030-03-22 01:00:00,0.0
2030-03-22 01:15:00,0.0
2030-03-22 01:30:00,0.0
2030-03-22 01:45:00,0.0
2030-03-22 02:00:00,0.0
2030-03-22 02:15:00,0.0
2030-03-22 02:30:00,0.0
2030-03-22 02:45:00,0.0
2030-03-22 03:00:00,0.0
2030-03-22 03:15:00,0.0
2030-03-22 03:30:00,0.0
2030-03-22 03:45:00,0.0
2030-03-22 04:00:00,0.0
2030-03-22 04:15:00,0.0
2030-03-22 04:30:00,0.0
2030-03-22 04:45:00,0.0
2030-03-22 05:00:00,0.0
2030-03-22 05:15:00,0.0
2030-03-22 05:30:00,0.0
2030-03-22 05:45:00,0.0
2030-03-22 06:00:00,0.0
2030-03-22 06:15:00,0.0
2030-03-22 06:30:00,0.0
2030-03-22 06:45:00,0.0
2030-03-22 07:00:00,0.0
2030-03-22 07:15:00,0.0
2030-03-22 07:30:00,0.0
2030-03-22 07:45:00,0.0
2030-03-22 08:00:00,0.0
2030-03-22 08:15:00,0.0
2030-03-22 08:30:00,0.0
2030-03-22 08:45:00,0.0
2030-03-22 09:00:00,0.0
2030-03-22 09:15:00,0.0
2030-03-22 09:30:00,0.0
2030-03-22 09:45:00,0.0
2030-03-22 10:00:00,0.0
2030-03-22 10:15:00,0.0
2030-03-22 10:30:00,0.0
2030-03-22 10:45:00,0.0
2030-03-22 11:00:00,0.0
2030-03-22 11:15:00,0.0
2030-03-22 11:30:00,0.0
2030-03-22 11:45:00,0.0
2030-03-22 12:00:00,0.0
2030-03-22 12:15:00,0.0
2030-03-22 12:30:00,0.0
2030-03-22 12:45:00,0.0
2030-03-22 13:00:00,0.0
2030-03-22 13:15:00,0.0
2030-03-22 13:30:00,0.0
2030-03-22 13:45:00,0.0
2030-03-22 14:00:00,0.0
2030-03-22 14:15:00,0.0
2030-03-22 14:30:00,0.0
2030-03-22 14:45:00,0.0
2030-03-22 15:00:00,0.0
2030-03-22 15:15:00,0.0
2030-03-22 15:30:00,0.0
2030-03-22 15:45:00,0.0
2030-03-22 16:00:00,0.0
2030-03-22 16:15:00,0.0
2030-03-22 16:30:00,0.0
2030-03-22 16:45:00,0.0
2030-03-22 17:00:00,0.0
2030-03-22 17:15:00,0.0
2030-03-22 17:30:00,0.0
2030-03-22 17:45:00,0.0
2030-03-22 18:00:00,0.0
2030-03-22 18:15:00,0.0
2030-03-22 18:30:00,0.0
2030-03-22 18:45:00,0.0
2030-03-22 19:00:00,0.0
2030-03-22 19:15:00,0.0
2030-03-22 19:30:00,0.0
2030-03-22 19:45:00,0.0
2030-03-22 20:00:00,0.0
2030-03-22 20:15:00,0.0
2030-03-22 20:30:00,0.0
2030-03-22 20:45:00,0.0
2030-03-22 21:00:00,0.0
2030-03-22 21:15:00,0.0
2030-03-22 21:30:00,0.0
2030-03-22 21:45:00,0.0
2030-03-22 22:00:00,0.0
2030-03-22 22:15:00,0.0
2030-03-22 22:30:00,0.0
2030-03-22 22:45:00,0.0
2030-03-22 23:00:00,0.0
2030-03-22 23:15:00,0.0
2030-03-22 23:30:00,0.0
2030-03-22 23:45:00,0.0
2030-03-23 00:00:00,0.0
2030-03-23 00:15:00,0.0
2030-03-23 00:30:00,0.0
2030-03-23 00:45:00,0.0
2030-03-23 01:00:00,0.0
2030-03-23 01:15:00,0.0
2030-03-23 01:30:00,0.0
2030-03-23 01:45:00,0.0
2030-03-23 02:00:00,0.0
2030-03-23 02:15:00,0.0
2030-03-23 02:30:00,0.0
2030-03-23 02:45:00,0.0
2030-03-23 03:00:00,0.0
2030-03-23 03:15:00,0.0
2030-03-23 03:30:00,0.0
2030-03-23 03:45:00,0.0
2030-03-23 04:00:00,0.0
2030-03-23 04:15:00,0.0
2030-03-23 04:30:00,0.0
2030-03-23 04:45:00,0.0
2030-03-23 05:00:00,0.0
2030-03-23 05:15:00,0.0
2030-03-23 05:30:00,0.0
2030-03-23 05:45:00,-3759.766121080247
2030-03-23 06:00:00,-4571.780976971124
2030-03-23 06:15:00,-4068.9588357081484
2030-03-23 06:30:00,-3612.742028733999
2030-03-23 06:45:00,-3509.732232641407
2030-03-23 07:00:00,-3590.7837473794207
2030-03-23 07:15:00,-3837.2832786529907
2030-03-23 07:30:00,-4128.083468829907
2030-03-23 07:45:00,-3908.2931709174263
2030-03-23 08:00:00,-4059.974959583935
2030-03-23 08:15:00,-4123.874713549496
2030-03-23 08:30:00,-4164.34186692892
2030-03-23 08:45:00,-4468.283904722277
2030-03-23 09:00:00,-5277.426989754367
2030-03-23 09:15:00,-5393.702682514617
2030-03-23 09:30:00,-5663.579481873348
2030-03-23 09:45:00,-5822.700617173003
2030-03-23 10:00:00,-5733.4719967697965
2030-03-23 10:15:00,-5750.367059614251
2030-03-23 10:30:00,-5622.238617177478
2030-03-23 10:45:00,-5363.312477324114
2030-03-23 11:00:00,-5621.608276272465
2030-03-23 11:15:00,-5579.995054860825
2030-03-23 11:30:00,-5188.158344211399
2030-03-23 11:45:00,-5173.417171808793
2030-03-23 12:00:00,-4864.2448275728275
2030-03-23 12:15:00,-4706.047268351154
2030-03-23 12:30:00,-4164.729140042877
2030-03-23 12:45:00,-3883.380235941866
2030-03-23 13:00:00,-3309.0617935115188
2030-03-23 13:15:00,-3381.4893761301573
2030-03-23 13:30:00,-3735.0212303680346
2030-03-23 13:45:00,-3776.2233348069676
2030-03-23 14:00:00,-3858.4023740011726
2030-03-23 14:15:00,-3612.9930074451986
2030-03-23 14:30:00,-3388.599077452407
2030-03-23 14:45:00,-3376.383482652087
2030-03-23 15:00:00,-3117.9604782260394
2030-03-23 15:15:00,-2614.724157673856
2030-03-23 15:30:00,-2212.9673462864084
2030-03-23 15:45:00,-1436.421700512863
2030-03-23 16:00:00,-615.2074510993843
2030-03-23 16:15:00,0.0
2030-03-23 16:30:00,0.0
2030-03-23 16:45:00,0.0
2030-03-23 17:00:00,0.0
2030-03-23 17:15:00,0.0
2030-03-23 17:30:00,0.0
2030-03-23 17:45:00,0.0
2030-03-23 18:00:00,0.0
2030-03-23 18:15:00,0.0
2030-03-23 18:30:00,0.0
2030-03-23 18:45:00,0.0
2030-03-23 19:00:00,0.0
2030-03-23 19:15:00,0.0
2030-03-23 19:30:00,0.0
2030-03-23 19:45:00,0.0
2030-03-23 20:00:00,0.0
2030-03-23 20:15:00,0.0
2030-03-23 20:30:00,0.0
2030-03-23 20:45:00,0.0
2030-03-23 21:00:00,0.0
2030-03-23 21:15:00,0.0
2030-03-23 21:30:00,0.0
2030-03-23 21:45:00,0.0
2030-03-23 22:00:00,0.0
2030-03-23 22:15:00,0.0
2030-03-23 22:30:00,0.0
2030-03-23 22:45:00,0.0
2030-03-23 23:00:00,0.0
2030-03-23 23:15:00,0.0
2030-03-23 23:30:00,0.0
2030-03-23 23:45:00,0.0
2030-03-24 00:00:00,0.0
2030-03-24 00:15:00,0.0
2030-03-24 00:30:00,0.0
2030-03-24 00:45:00,0.0
2030-03-24 01:00:00,0.0
2030-03-24 01:15:00,0.0
2030-03-24 01:30:00,0.0
2030-03-24 01:45:00,0.0
2030-03-24 02:00:00,0.0
2030-03-24 02:15:00,0.0
2030-03-24 02:30:00,0.0
2030-03-24 02:45:00,0.0
2030-03-24 03:00:00,-5652.969667145597
2030-03-24 03:15:00,-5523.370932177942
2030-03-24 03:30:00,-5521.821906024263
2030-03-24 03:45:00,-5236.98354648277
2030-03-24 04:00:00,-5538.848419947251
2030-03-24 04:15:00,-5502.108574965328
2030-03-24 04:30:00,-5681.133580049809
2030-03-24 04:45:00,-6059.342042966291
2030-03-24 05:00:00,-6086.185236626105
2030-03-24 05:15:00,-5886.090998116095
2030-03-24 05:30:00,-6017.207407110822
2030-03-24 05:45:00,-6183.789443748781
2030-03-24 06:00:00,-5395.998483793377
2030-03-24 06:15:00,-5554.119492256996
2030-03-24 06:30:00,-5762.390718154242
2030-03-24 06:45:00,-6161.976011490995
2030-03-24 07:00:00,-6352.544655808699
2030-03-24 07:15:00,-6496.74753684688
2030-03-24 07:30:00,-7428.75919740495
2030-03-24 07:45:00,-8096.383060051725
2030-03-24 08:00:00,-8936.66406976675
2030-03-24 08:15:00,-9933.515513665865
2030-03-24 08:30:00,-11298.677454485045
2030-03-24 08:45:00,-12821.54931085512
2030-03-24 09:00:00,-14670.048950468292
2030-03-24 09:15:00,-16267.466977619657
2030-03-24 09:30:00,-17306.04092931536
2030-03-24 09:45:00,-18433.924628166944
2030-03-24 10:00:00,-19331.621850700183
2030-03-24 10:15:00,-19961.64339831224
2030-03-24 10:30:00,-20394.3147248237
2030-03-24 10:45:00,-20510.190875612618
2030-03-24 11:00:00,-20710.906860557363
2030-03-24 11:15:00,-20368.6140864339
2030-03-24 11:30:00,-19986.426352051913
2030-03-24 11:45:00,-19863.141746904414
2030-03-24 12:00:00,-19312.196220128666
2030-03-24 12:15:00,-18917.74089385422
2030-03-24 12:30:00,-18660.527462384664
2030-03-24 12:45:00,-18303.112479954783
2030-03-24 13:00:00,-17845.33116171644
2030-03-24 13:15:00,-18020.682947201574
2030-03-24 13:30:00,-17794.424384151618
2030-03-24 13:45:00,-17524.324420812758
2030-03-24 14:00:00,-17039.07284621119
2030-03-24 14:15:00,-16569.923666289505
2030-03-24 14:30:00,-15871.79779295782
2030-03-24 14:45:00,-15495.246558322728
2030-03-24 15:00:00,-14412.85868958151
2030-03-24 15:15:00,-12626.378398916244
2030-03-24 15:30:00,-11144.271320039057
2030-03-24 15:45:00,-9752.315130507905
2030-03-24 16:00:00,-8319.286009000833
2030-03-24 16:15:00,-6787.750233461411
2030-03-24 16:30:00,-5214.051918373818
2030-03-24 16:45:00,-3490.5892971228204
2030-03-24 17:00:00,-1460.993224467762
2030-03-24 17:15:00,0.0
2030-03-24 17:30:00,0.0
2030-03-24 17:45:00,0.0
2030-03-24 18:00:00,0.0
2030-03-24 18:15:00,0.0
2030-03-24 18:30:00,0.0
2030-03-24 18:45:00,0.0
2030-03-24 19:00:00,0.0
2030-03-24 19:15:00,0.0
2030-03-24 19:30:00,0.0
2030-03-24 19:45:00,0.0
2030-03-24 20:00:00,0.0
2030-03-24 20:15:00,0.0
2030-03-24 20:30:00,0.0
2030-03-24 20:45:00,0.0
2030-03-24 21:00:00,0.0
2030-03-24 21:15:00,0.0
2030-03-24 21:30:00,0.0
2030-03-24 21:45:00,0.0
2030-03-24 22:00:00,0.0
2030-03-24 22:15:00,0.0
2030-03-24 22:30:00,0.0
2030-03-24 22:45:00,0.0
2030-03-24 23:00:00,0.0
2030-03-24 23:15:00,0.0
2030-03-24 23:30:00,0.0
2030-03-24 23:45:00,0.0
2030-03-25 00:00:00,0.0
2030-03-25 00:15:00,-5149.280035384578
2030-03-25 00:30:00,-7717.277173751192
2030-03-25 00:45:00,-7831.261739832835
2030-03-25 01:00:00,-6892.617923744079
2030-03-25 01:15:00,-7235.646187012195
2030-03-25 01:30:00,-7632.8482295196445
2030-03-25 01:45:00,-7511.579280888956
2030-03-25 02:00:00,-7222.89756196399
2030-03-25 02:15:00,-7071.788380050661
2030-03-25 02:30:00,-6991.055228368894
2030-03-25 02:45:00,-6898.526458244243
2030-03-25 03:00:00,-6540.096633459865
2030-03-25 03:15:00,-5905.618121509859
2030-03-25 03:30:00,-5252.550664341496
2030-03-25 03:45:00,-5023.510262038912
2030-03-25 04:00:00,-4549.430702390226
2030-03-25 04:15:00,-4405.268103855689
2030-03-25 04:30:00,-4463.759435839156
2030-03-25 04:45:00,-4360.167587435155
2030-03-25 05:00:00,-3933.347633513973
2030-03-25 05:15:00,-3594.1765924551
2030-03-25 05:30:00,-3447.1546606639095
2030-03-25 05:45:00,-3392.585721228572
2030-03-25 06:00:00,-3657.041393654057
2030-03-25 06:15:00,-3874.191044144911
2030-03-25 06:30:00,-4106.831267244212
2030-03-25 06:45:00,-4350.735975130485
2030-03-25 07:00:00,-5690.122164109496
2030-03-25 07:15:00,-6893.467525309137
2030-03-25 07:30:00,-8068.621093045782
2030-03-25 07:45:00,-9446.386970439722
2030-03-25 08:00:00,-11063.529302962314
2030-03-25 08:15:00,-12454.849161312166
2030-03-25 08:30:00,-13636.756767552211
2030-03-25 08:45:00,-14567.004040184656
2030-03-25 09:00:00,-15240.228312766569
2030-03-25 09:15:00,-16520.859170288604
2030-03-25 09:30:00,-17790.10123715899
2030-03-25 09:45:00,-18804.567651933372
2030-03-25 10:00:00,-20043.64031214596
2030-03-25 10:15:00,-20631.333266131165
2030-03-25 10:30:00,-21325.19392628075
2030-03-25 10:45:00,-21611.69221352078
2030-03-25 11:00:00,-21474.846974923123
2030-03-25 11:15:00,-21074.32605068476
2030-03-25 11:30:00,-21077.35152789444
2030-03-25 11:45:00,-21708.214589972988
2030-03-25 12:00:00,-21214.398075482604
2030-03-25 12:15:00,-20627.50306789871
2030-03-25 12:30:00,-20327.411371684168
2030-03-25 12:45:00,-19921.070613909797
2030-03-25 13:00:00,-19838.875936655568
2030-03-25 13:15:00,-19722.015125020418
2030-03-25 13:30:00,-19131.921382802306
2030-03-25 13:45:00,-18306.14300663381
2030-03-25 14:00:00,-16803.103265362173
2030-03-25 14:15:00,-15449.720099414422
2030-03-25 14:30:00,-14908.317753157178
2030-03-25 14:45:00,-14093.966701332749
2030-03-25 15:00:00,-13245.65803324087
2030-03-25 15:15:00,-12023.621671809633
2030-03-25 15:30:00,-10835.873084135332
2030-03-25 15:45:00,-9996.726955834001
2030-03-25 16:00:00,-9171.117976243131
2030-03-25 16:15:00,-8100.021805009012
2030-03-25 16:30:00,-7464.080057465333
2030-03-25 16:45:00,-6118.995118723444
2030-03-25 17:00:00,-4462.463503341158
2030-03-25 17:15:00,-3249.8868549645995
2030-03-25 17:30:00,-2334.274921140801
2030-03-25 17:45:00,-1246.703515209796
2030-03-25 18:00:00,-339.4066331213071
2030-03-25 18:15:00,-25.851910474768374
2030-03-25 18:30:00,-195.37324064355562
2030-03-25 18:45:00,-326.67392973175447
2030-03-25 19:00:00,-589.9334088830692
2030-03-25 19:15:00,-370.1101964276495
2030-03-25 19:30:00,-649.8943296729813
2030-03-25 19:45:00,-1313.9150794867674
2030-03-25 20:00:00,-2052.630917555729
2030-03-25 20:15:00,-2539.888288898299
2030-03-25 20:30:00,-2785.570326390214
2030-03-25 20:45:00,-3041.4406772246184
2030-03-25 21:00:00,-3017.057402694576
2030-03-25 21:15:00,-3029.140468455531
2030-03-25 21:30:00,-3395.629273437422
2030-03-25 21:45:00,-3608.4768117367094
2030-03-25 22:00:00,-2975.4223389455765
2030-03-25 22:15:00,-2955.8277536220703
2030-03-25 22:30:00,-3077.2149129798236
2030-03-25 22:45:00,-3346.864331221226
2030-03-25 23:00:00,-3580.401235371133
2030-03-25 23:15:00,-3767.1833288748658
2030-03-25 23:30:00,-4027.020972926255
2030-03-25 23:45:00,-4421.834533212603
2030-03-26 00:00:00,-4493.56181263233
2030-03-26 00:15:00,-4559.828338628469
2030-03-26 00:30:00,-4462.118802352676
2030-03-26 00:45:00,-4280.854320068143
2030-03-26 01:00:00,-4102.293964819446
2030-03-26 01:15:00,-3820.5288356318815
2030-03-26 01:30:00,-3651.955379497629
2030-03-26 01:45:00,-3339.0782564851033
2030-03-26 03:00:00,-766.0370297878071
2030-03-26 03:15:00,-400.2160220316837
2030-03-26 03:30:00,0.0
2030-03-26 03:45:00,0.0
2030-03-26 04:00:00,0.0
2030-03-26 04:15:00,0.0
2030-03-26 04:30:00,0.0
2030-03-26 04:45:00,0.0
2030-03-26 05:00:00,0.0
2030-03-26 05:15:00,0.0
2030-03-26 05:30:00,0.0
2030-03-26 05:45:00,0.0
2030-03-26 06:00:00,0.0
2030-03-26 06:15:00,0.0
2030-03-26 06:30:00,0.0
2030-03-26 06:45:00,0.0
2030-03-26 07:00:00,0.0
2030-03-26 07:15:00,0.0
2030-03-26 07:30:00,0.0
2030-03-26 07:45:00,0.0
2030-03-26 08:00:00,0.0
2030-03-26 08:15:00,0.0
2030-03-26 08:30:00,0.0
2030-03-26 08:45:00,0.0
2030-03-26 09:00:00,0.0
2030-03-26 09:15:00,0.0
2030-03-26 09:30:00,0.0
2030-03-26 09:45:00,0.0
2030-03-26 10:00:00,0.0
2030-03-26 10:15:00,0.0
2030-03-26 10:30:00,0.0
2030-03-26 10:45:00,0.0
2030-03-26 11:00:00,0.0
2030-03-26 11:15:00,0.0
2030-03-26 11:30:00,0.0
2030-03-26 11:45:00,0.0
2030-03-26 12:00:00,0.0
2030-03-26 12:15:00,0.0
2030-03-26 12:30:00,0.0
2030-03-26 12:45:00,0.0
2030-03-26 13:00:00,0.0
2030-03-26 13:15:00,0.0
2030-03-26 13:30:00,0.0
2030-03-26 13:45:00,0.0
2030-03-26 14:00:00,0.0
2030-03-26 14:15:00,0.0
2030-03-26 14:30:00,0.0
2030-03-26 14:45:00,0.0
2030-03-26 15:00:00,0.0
2030-03-26 15:15:00,0.0
2030-03-26 15:30:00,0.0
2030-03-26 15:45:00,0.0
2030-03-26 16:00:00,0.0
2030-03-26 16:15:00,0.0
2030-03-26 16:30:00,0.0
2030-03-26 16:45:00,0.0
2030-03-26 17:00:00,0.0
2030-03-26 17:15:00,0.0
2030-03-26 17:30:00,0.0
2030-03-26 17:45:00,0.0
2030-03-26 18:00:00,0.0
2030-03-26 18:15:00,0.0
2030-03-26 18:30:00,0.0
2030-03-26 18:45:00,0.0
2030-03-26 19:00:00,0.0
2030-03-26 19:15:00,0.0
2030-03-26 19:30:00,0.0
2030-03-26 19:45:00,0.0
2030-03-26 20:00:00,0.0
2030-03-26 20:15:00,0.0
2030-03-26 20:30:00,0.0
2030-03-26 20:45:00,0.0
2030-03-26 21:00:00,0.0
2030-03-26 21:15:00,0.0
2030-03-26 21:30:00,0.0
2030-03-26 21:45:00,0.0
2030-03-26 22:00:00,0.0
2030-03-26 22:15:00,0.0
2030-03-26 22:30:00,0.0
2030-03-26 22:45:00,0.0
2030-03-26 23:00:00,0.0
2030-03-26 23:15:00,0.0
2030-03-26 23:30:00,0.0
2030-03-26 23:45:00,0.0
2030-03-27 00:00:00,0.0
2030-03-27 00:15:00,0.0
2030-03-27 00:30:00,0.0
2030-03-27 00:45:00,0.0
2030-03-27 01:00:00,0.0
2030-03-27 01:15:00,0.0
2030-03-27 01:30:00,0.0
2030-03-27 01:45:00,0.0
2030-03-27 02:00:00,0.0
2030-03-27 02:15:00,0.0
2030-03-27 02:30:00,0.0
2030-03-27 02:45:00,0.0
2030-03-27 03:00:00,0.0
2030-03-27 03:15:00,0.0
2030-03-27 03:30:00,0.0
2030-03-27 03:45:00,0.0
2030-03-27 04:00:00,0.0
2030-03-27 04:15:00,0.0
2030-03-27 04:30:00,0.0
2030-03-27 04:45:00,0.0
2030-03-27 05:00:00,0.0
2030-03-27 05:15:00,0.0
2030-03-27 05:30:00,0.0
2030-03-27 05:45:00,0.0
2030-03-27 06:00:00,0.0
2030-03-27 06:15:00,0.0
2030-03-27 06:30:00,0.0
2030-03-27 06:45:00,0.0
2030-03-27 07:00:00,0.0
2030-03-27 07:15:00,0.0
2030-03-27 07:30:00,0.0
2030-03-27 07:45:00,0.0
2030-03-27 08:00:00,0.0
2030-03-27 08:15:00,0.0
2030-03-27 08:30:00,0.0
2030-03-27 08:45:00,0.0
2030-03-27 09:00:00,0.0
2030-03-27 09:15:00,0.0
2030-03-27 09:30:00,0.0
2030-03-27 09:45:00,0.0
2030-03-27 10:00:00,0.0
2030-03-27 10:15:00,0.0
2030-03-27 10:30:00,0.0
2030-03-27 10:45:00,0.0
2030-03-27 11:00:00,0.0
2030-03-27 11:15:00,0.0
2030-03-27 11:30:00,0.0
2030-03-27 11:45:00,0.0
2030-03-27 12:00:00,0.0
2030-03-27 12:15:00,0.0
2030-03-27 12:30:00,0.0
2030-03-27 12:45:00,0.0
2030-03-27 13:00:00,0.0
2030-03-27 13:15:00,0.0
2030-03-27 13:30:00,0.0
2030-03-27 13:45:00,0.0
2030-03-27 14:00:00,0.0
2030-03-27 14:15:00,0.0
2030-03-27 14:30:00,0.0
2030-03-27 14:45:00,0.0
2030-03-27 15:00:00,0.0
2030-03-27 15:15:00,0.0
2030-03-27 15:30:00,0.0
2030-03-27 15:45:00,0.0
2030-03-27 16:00:00,0.0
2030-03-27 16:15:00,0.0
2030-03-27 16:30:00,0.0
2030-03-27 16:45:00,0.0
2030-03-27 17:00:00,0.0
2030-03-27 17:15:00,0.0
2030-03-27 17:30:00,0.0
2030-03-27 17:45:00,0.0
2030-03-27 18:00:00,0.0
2030-03-27 18:15:00,0.0
2030-03-27 18:30:00,0.0
2030-03-27 18:45:00,0.0
2030-03-27 19:00:00,0.0
2030-03-27 19:15:00,0.0
2030-03-27 19:30:00,0.0
2030-03-27 19:45:00,0.0
2030-03-27 20:00:00,0.0
2030-03-27 20:15:00,0.0
2030-03-27 20:30:00,0.0
2030-03-27 20:45:00,0.0
2030-03-27 21:00:00,0.0
2030-03-27 21:15:00,0.0
2030-03-27 21:30:00,0.0
2030-03-27 21:45:00,0.0
2030-03-27 22:00:00,0.0
2030-03-27 22:15:00,0.0
2030-03-27 22:30:00,0.0
2030-03-27 22:45:00,0.0
2030-03-27 23:00:00,0.0
2030-03-27 23:15:00,0.0
2030-03-27 23:30:00,0.0
2030-03-27 23:45:00,0.0
2030-03-28 00:00:00,0.0
2030-03-28 00:15:00,0.0
2030-03-28 00:30:00,0.0
2030-03-28 00:45:00,0.0
2030-03-28 01:00:00,0.0
2030-03-28 01:15:00,0.0
2030-03-28 01:30:00,0.0
2030-03-28 01:45:00,0.0
2030-03-28 02:00:00,0.0
2030-03-28 02:15:00,0.0
2030-03-28 02:30:00,0.0
2030-03-28 02:45:00,0.0
2030-03-28 03:00:00,0.0
2030-03-28 03:15:00,0.0
2030-03-28 03:30:00,0.0
2030-03-28 03:45:00,0.0
2030-03-28 04:00:00,0.0
2030-03-28 04:15:00,0.0
2030-03-28 04:30:00,0.0
2030-03-28 04:45:00,0.0
2030-03-28 05:00:00,0.0
2030-03-28 05:15:00,0.0
2030-03-28 05:30:00,0.0
2030-03-28 05:45:00,0.0
2030-03-28 06:00:00,0.0
2030-03-28 06:15:00,0.0
2030-03-28 06:30:00,0.0
2030-03-28 06:45:00,0.0
2030-03-28 07:00:00,0.0
2030-03-28 07:15:00,0.0
2030-03-28 07:30:00,0.0
2030-03-28 07:45:00,0.0
2030-03-28 08:00:00,0.0
2030-03-28 08:15:00,0.0
2030-03-28 08:30:00,0.0
2030-03-28 08:45:00,0.0
2030-03-28 09:00:00,0.0
2030-03-28 09:15:00,0.0
2030-03-28 09:30:00,0.0
2030-03-28 09:45:00,0.0
2030-03-28 10:00:00,0.0
2030-03-28 10:15:00,0.0
2030-03-28 10:30:00,0.0
2030-03-28 10:45:00,0.0
2030-03-28 11:00:00,0.0
2030-03-28 11:15:00,0.0
2030-03-28 11:30:00,0.0
2030-03-28 11:45:00,0.0
2030-03-28 12:00:00,0.0
2030-03-28 12:15:00,0.0
2030-03-28 12:30:00,0.0
2030-03-28 12:45:00,0.0
2030-03-28 13:00:00,0.0
2030-03-28 13:15:00,0.0
2030-03-28 13:30:00,556.5786006370327
2030-03-28 13:45:00,0.0
2030-03-28 14:00:00,0.0
2030-03-28 14:15:00,0.0
2030-03-28 14:30:00,0.0
2030-03-28 14:45:00,0.0
2030-03-28 15:00:00,0.0
2030-03-28 15:15:00,0.0
2030-03-28 15:30:00,0.0
2030-03-28 15:45:00,0.0
2030-03-28 16:00:00,0.0
2030-03-28 16:15:00,0.0
2030-03-28 16:30:00,0.0
2030-03-28 16:45:00,0.0
2030-03-28 17:00:00,0.0
2030-03-28 17:15:00,0.0
2030-03-28 17:30:00,0.0
2030-03-28 17:45:00,0.0
2030-03-28 18:00:00,0.0
2030-03-28 18:15:00,0.0
2030-03-28 18:30:00,0.0
2030-03-28 18:45:00,0.0
2030-03-28 19:00:00,0.0
2030-03-28 19:15:00,0.0
2030-03-28 19:30:00,0.0
2030-03-28 19:45:00,0.0
2030-03-28 20:00:00,0.0
2030-03-28 20:15:00,0.0
2030-03-28 20:30:00,0.0
2030-03-28 20:45:00,0.0
2030-03-28 21:00:00,0.0
2030-03-28 21:15:00,0.0
2030-03-28 21:30:00,0.0
2030-03-28 21:45:00,0.0
2030-03-28 22:00:00,0.0
2030-03-28 22:15:00,0.0
2030-03-28 22:30:00,0.0
2030-03-28 22:45:00,0.0
2030-03-28 23:00:00,0.0
2030-03-28 23:15:00,0.0
2030-03-28 23:30:00,0.0
2030-03-28 23:45:00,0.0
2030-03-29 00:00:00,0.0
2030-03-29 00:15:00,0.0
2030-03-29 00:30:00,0.0
2030-03-29 00:45:00,0.0
2030-03-29 01:00:00,0.0
2030-03-29 01:15:00,0.0
2030-03-29 01:30:00,0.0
2030-03-29 01:45:00,0.0
2030-03-29 02:00:00,0.0
2030-03-29 02:15:00,0.0
2030-03-29 02:30:00,0.0
2030-03-29 02:45:00,0.0
2030-03-29 03:00:00,0.0
2030-03-29 03:15:00,0.0
2030-03-29 03:30:00,0.0
2030-03-29 03:45:00,0.0
2030-03-29 04:00:00,0.0
2030-03-29 04:15:00,0.0
2030-03-29 04:30:00,0.0
2030-03-29 04:45:00,0.0
2030-03-29 05:00:00,0.0
2030-03-29 05:15:00,0.0
2030-03-29 05:30:00,0.0
2030-03-29 05:45:00,0.0
2030-03-29 06:00:00,0.0
2030-03-29 06:15:00,0.0
2030-03-29 06:30:00,0.0
2030-03-29 06:45:00,0.0
2030-03-29 07:00:00,0.0
2030-03-29 07:15:00,0.0
2030-03-29 07:30:00,0.0
2030-03-29 07:45:00,0.0
2030-03-29 08:00:00,0.0
2030-03-29 08:15:00,0.0
2030-03-29 08:30:00,0.0
2030-03-29 08:45:00,0.0
2030-03-29 09:00:00,0.0
2030-03-29 09:15:00,0.0
2030-03-29 09:30:00,0.0
2030-03-29 09:45:00,0.0
2030-03-29 10:00:00,0.0
2030-03-29 10:15:00,0.0
2030-03-29 10:30:00,0.0
2030-03-29 10:45:00,0.0
2030-03-29 11:00:00,0.0
2030-03-29 11:15:00,0.0
2030-03-29 11:30:00,0.0
2030-03-29 11:45:00,0.0
2030-03-29 12:00:00,0.0
2030-03-29 12:15:00,0.0
2030-03-29 12:30:00,0.0
2030-03-29 12:45:00,0.0
2030-03-29 13:00:00,0.0
2030-03-29 13:15:00,0.0
2030-03-29 13:30:00,0.0
2030-03-29 13:45:00,0.0
2030-03-29 14:00:00,0.0
2030-03-29 14:15:00,0.0
2030-03-29 14:30:00,0.0
2030-03-29 14:45:00,0.0
2030-03-29 15:00:00,0.0
2030-03-29 15:15:00,0.0
2030-03-29 15:30:00,0.0
2030-03-29 15:45:00,0.0
2030-03-29 16:00:00,0.0
2030-03-29 16:15:00,0.0
2030-03-29 16:30:00,0.0
2030-03-29 16:45:00,0.0
2030-03-29 17:00:00,0.0
2030-03-29 17:15:00,0.0
2030-03-29 17:30:00,6247.242205275394
2030-03-29 17:45:00,0.0
2030-03-29 18:00:00,0.0
2030-03-29 18:15:00,0.0
2030-03-29 18:30:00,0.0
2030-03-29 18:45:00,0.0
2030-03-29 19:00:00,0.0
2030-03-29 19:15:00,0.0
2030-03-29 19:30:00,0.0
2030-03-29 19:45:00,0.0
2030-03-29 20:00:00,0.0
2030-03-29 20:15:00,0.0
2030-03-29 20:30:00,0.0
2030-03-29 20:45:00,0.0
2030-03-29 21:00:00,0.0
2030-03-29 21:15:00,0.0
2030-03-29 21:30:00,0.0
2030-03-29 21:45:00,0.0
2030-03-29 22:00:00,0.0
2030-03-29 22:15:00,0.0
2030-03-29 22:30:00,0.0
2030-03-29 22:45:00,0.0
2030-03-29 23:00:00,0.0
2030-03-29 23:15:00,0.0
2030-03-29 23:30:00,0.0
2030-03-29 23:45:00,0.0
2030-03-30 00:00:00,0.0
2030-03-30 00:15:00,0.0
2030-03-30 00:30:00,0.0
2030-03-30 00:45:00,0.0
2030-03-30 01:00:00,0.0
2030-03-30 01:15:00,0.0
2030-03-30 01:30:00,0.0
2030-03-30 01:45:00,0.0
2030-03-30 02:00:00,0.0
2030-03-30 02:15:00,0.0
2030-03-30 02:30:00,0.0
2030-03-30 02:45:00,0.0
2030-03-30 03:00:00,0.0
2030-03-30 03:15:00,0.0
2030-03-30 03:30:00,0.0
2030-03-30 03:45:00,0.0
2030-03-30 04:00:00,0.0
2030-03-30 04:15:00,0.0
2030-03-30 04:30:00,0.0
2030-03-30 04:45:00,0.0
2030-03-30 05:00:00,0.0
2030-03-30 05:15:00,0.0
2030-03-30 05:30:00,0.0
2030-03-30 05:45:00,0.0
2030-03-30 06:00:00,0.0
2030-03-30 06:15:00,0.0
2030-03-30 06:30:00,0.0
2030-03-30 06:45:00,0.0
2030-03-30 07:00:00,0.0
2030-03-30 07:15:00,0.0
2030-03-30 07:30:00,0.0
2030-03-30 07:45:00,0.0
2030-03-30 08:00:00,0.0
2030-03-30 08:15:00,0.0
2030-03-30 08:30:00,0.0
2030-03-30 08:45:00,0.0
2030-03-30 09:00:00,0.0
2030-03-30 09:15:00,0.0
2030-03-30 09:30:00,0.0
2030-03-30 09:45:00,0.0
2030-03-30 10:00:00,0.0
2030-03-30 10:15:00,0.0
2030-03-30 10:30:00,0.0
2030-03-30 10:45:00,0.0
2030-03-30 11:00:00,0.0
2030-03-30 11:15:00,0.0
2030-03-30 11:30:00,0.0
2030-03-30 11:45:00,0.0
2030-03-30 12:00:00,0.0
2030-03-30 12:15:00,0.0
2030-03-30 12:30:00,0.0
2030-03-30 12:45:00,0.0
2030-03-30 13:00:00,0.0
2030-03-30 13:15:00,-17724.96157362097
2030-03-30 13:30:00,-19395.211058079825
2030-03-30 13:45:00,-18406.608721139437
2030-03-30 14:00:00,-17667.193643616036
2030-03-30 14:15:00,-16685.812266191646
2030-03-30 14:30:00,-15997.789945834527
2030-03-30 14:45:00,-15279.706508458865
2030-03-30 15:00:00,-14303.618786003164
2030-03-30 15:15:00,-12969.050652631187
2030-03-30 15:30:00,-12097.86401725496
2030-03-30 15:45:00,-10893.93416895208
2030-03-30 16:00:00,-9432.97569581031
2030-03-30 16:15:00,-8076.524782207496
2030-03-30 16:30:00,-6494.858796292669
2030-03-30 16:45:00,-4443.453677244677
2030-03-30 17:00:00,-2792.8925004316843
2030-03-30 17:15:00,-1434.9783364100767
2030-03-30 17:30:00,0.0
2030-03-30 17:45:00,0.0
2030-03-30 18:00:00,0.0
2030-03-30 18:15:00,0.0
2030-03-30 18:30:00,0.0
2030-03-30 18:45:00,0.0
2030-03-30 19:00:00,0.0
2030-03-30 19:15:00,0.0
2030-03-30 19:30:00,0.0
2030-03-30 19:45:00,0.0
2030-03-30 20:00:00,0.0
2030-03-30 20:15:00,0.0
2030-03-30 20:30:00,0.0
2030-03-30 20:45:00,0.0
2030-03-30 21:00:00,0.0
2030-03-30 21:15:00,0.0
2030-03-30 21:30:00,0.0
2030-03-30 21:45:00,0.0
2030-03-30 22:00:00,0.0
2030-03-30 22:15:00,0.0
2030-03-30 22:30:00,0.0
2030-03-30 22:45:00,0.0
2030-03-30 23:00:00,0.0
2030-03-30 23:15:00,0.0
2030-03-30 23:30:00,0.0
2030-03-30 23:45:00,0.0
2030-03-31 00:00:00,0.0
2030-03-31 00:15:00,0.0
2030-03-31 00:30:00,0.0
2030-03-31 00:45:00,0.0
2030-03-31 01:00:00,0.0
2030-03-31 01:15:00,0.0
2030-03-31 01:30:00,0.0
2030-03-31 01:45:00,0.0
2030-03-31 02:00:00,0.0
2030-03-31 02:15:00,0.0
2030-03-31 02:30:00,0.0
2030-03-31 02:45:00,0.0
2030-03-31 03:00:00,0.0
2030-03-31 03:15:00,0.0
2030-03-31 03:30:00,0.0
2030-03-31 03:45:00,0.0
2030-03-31 04:00:00,0.0
2030-03-31 04:15:00,0.0
2030-03-31 04:30:00,0.0
2030-03-31 04:45:00,0.0
2030-03-31 05:00:00,0.0
2030-03-31 05:15:00,0.0
2030-03-31 05:30:00,0.0
2030-03-31 05:45:00,0.0
2030-03-31 06:00:00,0.0
2030-03-31 06:15:00,0.0
2030-03-31 06:30:00,0.0
2030-03-31 06:45:00,0.0
2030-03-31 07:00:00,0.0
2030-03-31 07:15:00,0.0
2030-03-31 07:30:00,0.0
2030-03-31 07:45:00,0.0
2030-03-31 08:00:00,0.0
2030-03-31 08:15:00,0.0
2030-03-31 08:30:00,0.0
2030-03-31 08:45:00,0.0
2030-03-31 09:00:00,0.0
2030-03-31 09:15:00,0.0
2030-03-31 09:30:00,0.0
2030-03-31 09:45:00,0.0
2030-03-31 10:00:00,0.0
2030-03-31 10:15:00,0.0
2030-03-31 10:30:00,0.0
2030-03-31 10:45:00,0.0
2030-03-31 11:00:00,0.0
2030-03-31 11:15:00,0.0
2030-03-31 11:30:00,0.0
2030-03-31 11:45:00,0.0
2030-03-31 12:00:00,0.0
2030-03-31 12:15:00,0.0
2030-03-31 12:30:00,0.0
2030-03-31 12:45:00,0.0
2030-03-31 13:00:00,0.0
2030-03-31 13:15:00,0.0
2030-03-31 13:30:00,0.0
2030-03-31 13:45:00,0.0
2030-03-31 14:00:00,0.0
2030-03-31 14:15:00,0.0
2030-03-31 14:30:00,0.0
2030-03-31 14:45:00,0.0
2030-03-31 15:00:00,0.0
2030-03-31 15:15:00,0.0
2030-03-31 15:30:00,0.0
2030-03-31 15:45:00,0.0
2030-03-31 16:00:00,0.0
2030-03-31 16:15:00,0.0
2030-03-31 16:30:00,0.0
2030-03-31 16:45:00,0.0
2030-03-31 17:00:00,0.0
2030-03-31 17:15:00,0.0
2030-03-31 17:30:00,0.0
2030-03-31 17:45:00,0.0
2030-03-31 18:00:00,0.0
2030-03-31 18:15:00,0.0
2030-03-31 18:30:00,0.0
2030-03-31 18:45:00,7094.492501294484
2030-03-31 19:00:00,0.0
2030-03-31 19:15:00,0.0
2030-03-31 19:30:00,0.0
2030-03-31 19:45:00,0.0
2030-03-31 20:00:00,0.0
2030-03-31 20:15:00,0.0
2030-03-31 20:30:00,0.0
2030-03-31 20:45:00,0.0
2030-03-31 21:00:00,0.0
2030-03-31 21:15:00,0.0
2030-03-31 21:30:00,0.0
2030-03-31 21:45:00,0.0
2030-03-31 22:00:00,0.0
2030-03-31 22:15:00,0.0
2030-03-31 22:30:00,0.0
2030-03-31 22:45:00,0.0
2030-03-31 23:00:00,0.0
2030-03-31 23:15:00,0.0
2030-03-31 23:30:00,0.0
2030-03-31 23:45:00,0.0
2030-04-01 00:00:00,0.0
2030-04-01 00:15:00,0.0
2030-04-01 00:30:00,0.0
2030-04-01 00:45:00,0.0
2030-04-01 01:00:00,0.0
2030-04-01 01:15:00,0.0
2030-04-01 01:30:00,0.0
2030-04-01 01:45:00,0.0
2030-04-01 02:00:00,0.0
2030-04-01 02:15:00,0.0
2030-04-01 02:30:00,0.0
2030-04-01 02:45:00,0.0
2030-04-01 03:00:00,0.0
2030-04-01 03:15:00,0.0
2030-04-01 03:30:00,0.0
2030-04-01 03:45:00,0.0
2030-04-01 04:00:00,0.0
2030-04-01 04:15:00,0.0
2030-04-01 04:30:00,0.0
2030-04-01 04:45:00,0.0
2030-04-01 05:00:00,0.0
2030-04-01 05:15:00,0.0
2030-04-01 05:30:00,0.0
2030-04-01 05:45:00,0.0
2030-04-01 06:00:00,0.0
2030-04-01 06:15:00,0.0
2030-04-01 06:30:00,0.0
2030-04-01 06:45:00,0.0
2030-04-01 07:00:00,0.0
2030-04-01 07:15:00,0.0
2030-04-01 07:30:00,0.0
2030-04-01 07:45:00,0.0
2030-04-01 08:00:00,0.0
2030-04-01 08:15:00,0.0
2030-04-01 08:30:00,0.0
2030-04-01 08:45:00,0.0
2030-04-01 09:00:00,0.0
2030-04-01 09:15:00,0.0
2030-04-01 09:30:00,0.0
2030-04-01 09:45:00,0.0
2030-04-01 10:00:00,0.0
2030-04-01 10:15:00,0.0
2030-04-01 10:30:00,0.0
2030-04-01 10:45:00,0.0
2030-04-01 11:00:00,0.0
2030-04-01 11:15:00,0.0
2030-04-01 11:30:00,0.0
2030-04-01 11:45:00,0.0
2030-04-01 12:00:00,0.0
2030-04-01 12:15:00,0.0
2030-04-01 12:30:00,0.0
2030-04-01 12:45:00,0.0
2030-04-01 13:00:00,0.0
2030-04-01 13:15:00,0.0
2030-04-01 13:30:00,0.0
2030-04-01 13:45:00,0.0
2030-04-01 14:00:00,0.0
2030-04-01 14:15:00,0.0
2030-04-01 14:30:00,0.0
2030-04-01 14:45:00,0.0
2030-04-01 15:00:00,0.0
2030-04-01 15:15:00,0.0
2030-04-01 15:30:00,0.0
2030-04-01 15:45:00,0.0
2030-04-01 16:00:00,0.0
2030-04-01 16:15:00,0.0
2030-04-01 16:30:00,0.0
2030-04-01 16:45:00,0.0
2030-04-01 17:00:00,0.0
2030-04-01 17:15:00,0.0
2030-04-01 17:30:00,0.0
2030-04-01 17:45:00,0.0
2030-04-01 18:00:00,0.0
2030-04-01 18:15:00,0.0
2030-04-01 18:30:00,0.0
2030-04-01 18:45:00,0.0
2030-04-01 19:00:00,0.0
2030-04-01 19:15:00,0.0
2030-04-01 19:30:00,0.0
2030-04-01 19:45:00,0.0
2030-04-01 20:00:00,0.0
2030-04-01 20:15:00,0.0
2030-04-01 20:30:00,0.0
2030-04-01 20:45:00,0.0
2030-04-01 21:00:00,0.0
2030-04-01 21:15:00,0.0
2030-04-01 21:30:00,0.0
2030-04-01 21:45:00,0.0
2030-04-01 22:00:00,0.0
2030-04-01 22:15:00,0.0
2030-04-01 22:30:00,0.0
2030-04-01 22:45:00,0.0
2030-04-01 23:00:00,0.0
2030-04-01 23:15:00,0.0
2030-04-01 23:30:00,0.0
2030-04-01 23:45:00,0.0
2030-04-02 00:00:00,0.0
2030-04-02 00:15:00,0.0
2030-04-02 00:30:00,0.0
2030-04-02 00:45:00,-1531.8790119911537
2030-04-02 01:00:00,-3160.8107194697914
2030-04-02 01:15:00,-3123.6398531518607
2030-04-02 01:30:00,-3262.8956451635186
2030-04-02 01:45:00,-3200.3827555510143
2030-04-02 02:00:00,-3151.312069827145
2030-04-02 02:15:00,-3187.237088476115
2030-04-02 02:30:00,-3391.4355113662405
2030-04-02 02:45:00,-3611.2609892147175
2030-04-02 03:00:00,-3672.2222649412925
2030-04-02 03:15:00,-3774.576121058388
2030-04-02 03:30:00,-3824.7444576227917
2030-04-02 03:45:00,-3948.063011901686
2030-04-02 04:00:00,-3856.7619637738208
2030-04-02 04:15:00,-3642.3014867099973
2030-04-02 04:30:00,-3568.604422656921
2030-04-02 04:45:00,-3418.9389276390775
2030-04-02 05:00:00,-3615.888936086658
2030-04-02 05:15:00,-3773.0585739803355
2030-04-02 05:30:00,-3934.8312211517405
2030-04-02 05:45:00,-4076.618203958733
2030-04-02 06:00:00,-4416.068897562143
2030-04-02 06:15:00,-4668.111855940639
2030-04-02 06:30:00,-5050.906017059513
2030-04-02 06:45:00,-5781.612840013197
2030-04-02 07:00:00,-6704.908160374067
2030-04-02 07:15:00,-7896.793829728555
2030-04-02 07:30:00,-9408.434348287503
2030-04-02 07:45:00,-10571.98892848604
2030-04-02 08:00:00,-11830.08004602692
2030-04-02 08:15:00,-13206.066113937875
2030-04-02 08:30:00,-14720.863015577925
2030-04-02 08:45:00,-16129.74151432648
2030-04-02 09:00:00,-17300.584090994336
2030-04-02 09:15:00,-18536.306897361395
2030-04-02 09:30:00,-19289.143241832284
2030-04-02 09:45:00,-19172.61564997552
2030-04-02 10:00:00,-19136.573775664758
2030-04-02 10:15:00,-20101.514993730947
2030-04-02 10:30:00,-21242.304040957257
2030-04-02 10:45:00,-21755.155806431878
2030-04-02 11:00:00,-22151.267771225645
2030-04-02 11:15:00,-22834.420723570413
2030-04-02 11:30:00,-23129.50888400227
2030-04-02 11:45:00,-23619.32214608603
2030-04-02 12:00:00,-23657.15385805125
2030-04-02 12:15:00,-23436.317441375846
2030-04-02 12:30:00,-23095.53229211462
2030-04-02 12:45:00,-23040.074178544193
2030-04-02 13:00:00,-22907.0289897494
2030-04-02 13:15:00,-22894.375400224242
2030-04-02 13:30:00,-22310.046718253638
2030-04-02 13:45:00,-22007.18757963467
2030-04-02 14:00:00,-21391.981517607594
2030-04-02 14:15:00,-20859.385089690837
2030-04-02 14:30:00,-19802.547248735693
2030-04-02 14:45:00,-18266.76754004624
2030-04-02 15:00:00,-16971.814748680816
2030-04-02 15:15:00,-15730.747643463852
2030-04-02 15:30:00,-14473.235524362444
2030-04-02 15:45:00,-13179.430983146707
2030-04-02 16:00:00,-11542.820631504397
2030-04-02 16:15:00,-10196.896057124017
2030-04-02 16:30:00,-9176.945846156315
2030-04-02 16:45:00,-7630.132984918735
2030-04-02 17:00:00,-6098.315324932468
2030-04-02 17:15:00,-4431.644532469687
2030-04-02 17:30:00,-3055.5847991381015
2030-04-02 17:45:00,-1568.2779793543268
2030-04-02 18:00:00,-211.93557984314975
2030-04-02 18:15:00,0.0
2030-04-02 18:30:00,0.0
2030-04-02 18:45:00,0.0
2030-04-02 19:00:00,0.0
2030-04-02 19:15:00,0.0
2030-04-02 19:30:00,0.0
2030-04-02 19:45:00,0.0
2030-04-02 20:00:00,0.0
2030-04-02 20:15:00,0.0
2030-04-02 20:30:00,0.0
2030-04-02 20:45:00,0.0
2030-04-02 21:00:00,0.0
2030-04-02 21:15:00,0.0
2030-04-02 21:30:00,0.0
2030-04-02 21:45:00,0.0
2030-04-02 22:00:00,0.0
2030-04-02 22:15:00,0.0
2030-04-02 22:30:00,0.0
2030-04-02 22:45:00,0.0
2030-04-02 23:00:00,0.0
2030-04-02 23:15:00,0.0
2030-04-02 23:30:00,0.0
2030-04-02 23:45:00,0.0
2030-04-03 00:00:00,0.0
2030-04-03 00:15:00,0.0
2030-04-03 00:30:00,0.0
2030-04-03 00:45:00,0.0
2030-04-03 01:00:00,0.0
2030-04-03 01:15:00,0.0
2030-04-03 01:30:00,0.0
2030-04-03 01:45:00,0.0
2030-04-03 02:00:00,0.0
2030-04-03 02:15:00,0.0
2030-04-03 02:30:00,0.0
2030-04-03 02:45:00,0.0
2030-04-03 03:00:00,-404.6398622696597
2030-04-03 03:15:00,-467.4590110765912
2030-04-03 03:30:00,-454.8761045602223
2030-04-03 03:45:00,-473.7851981490385
2030-04-03 04:00:00,-191.3397621755321
2030-04-03 04:15:00,-199.02529457704804
2030-04-03 04:30:00,-131.2204973923781
2030-04-03 04:45:00,0.0
2030-04-03 05:00:00,0.0
2030-04-03 05:15:00,0.0
2030-04-03 05:30:00,0.0
2030-04-03 05:45:00,0.0
2030-04-03 06:00:00,0.0
2030-04-03 06:15:00,0.0
2030-04-03 06:30:00,0.0
2030-04-03 06:45:00,0.0
2030-04-03 07:00:00,0.0
2030-04-03 07:15:00,0.0
2030-04-03 07:30:00,0.0
2030-04-03 07:45:00,0.0
2030-04-03 08:00:00,0.0
2030-04-03 08:15:00,0.0
2030-04-03 08:30:00,0.0
2030-04-03 08:45:00,0.0
2030-04-03 09:00:00,0.0
2030-04-03 09:15:00,0.0
2030-04-03 09:30:00,0.0
2030-04-03 09:45:00,-8079.269959529061
2030-04-03 10:00:00,-9807.427948146138
2030-04-03 10:15:00,-10191.817212505019
2030-04-03 10:30:00,-11168.862654431498
2030-04-03 10:45:00,-12079.848407883888
2030-04-03 11:00:00,-12559.773311955025
2030-04-03 11:15:00,-12958.347045603554
2030-04-03 11:30:00,-12933.594535600612
2030-04-03 11:45:00,-12707.896049747578
2030-04-03 12:00:00,-12522.711394430698
2030-04-03 12:15:00,-12440.864203388923
2030-04-03 12:30:00,-12166.770478159819
2030-04-03 12:45:00,-11791.38822337985
2030-04-03 13:00:00,-11608.965134160324
2030-04-03 13:15:00,-11395.224021830963
2030-04-03 13:30:00,-10700.112199307852
2030-04-03 13:45:00,-10424.46412851003
2030-04-03 14:00:00,-9667.260849614599
2030-04-03 14:15:00,-9367.744619241541
2030-04-03 14:30:00,-8649.151743485883
2030-04-03 14:45:00,-7902.567123383749
2030-04-03 15:00:00,-6466.616383104909
2030-04-03 15:15:00,-5016.980815625811
2030-04-03 15:30:00,-4035.366706786939
2030-04-03 15:45:00,-2578.320528876746
2030-04-03 16:00:00,-1139.9977227593372
2030-04-03 16:15:00,0.0
2030-04-03 16:30:00,0.0
2030-04-03 16:45:00,0.0
2030-04-03 17:00:00,0.0
2030-04-03 17:15:00,0.0
2030-04-03 17:30:00,0.0
2030-04-03 17:45:00,0.0
2030-04-03 18:00:00,0.0
2030-04-03 18:15:00,0.0
2030-04-03 18:30:00,0.0
2030-04-03 18:45:00,0.0
2030-04-03 19:00:00,0.0
2030-04-03 19:15:00,0.0
2030-04-03 19:30:00,0.0
2030-04-03 19:45:00,0.0
2030-04-03 20:00:00,0.0
2030-04-03 20:15:00,0.0
2030-04-03 20:30:00,0.0
2030-04-03 20:45:00,0.0
2030-04-03 21:00:00,0.0
2030-04-03 21:15:00,0.0
2030-04-03 21:30:00,0.0
2030-04-03 21:45:00,0.0
2030-04-03 22:00:00,0.0
2030-04-03 22:15:00,0.0
2030-04-03 22:30:00,0.0
2030-04-03 22:45:00,0.0
2030-04-03 23:00:00,0.0
2030-04-03 23:15:00,0.0
2030-04-03 23:30:00,0.0
2030-04-03 23:45:00,0.0
2030-04-04 00:00:00,0.0
2030-04-04 00:15:00,0.0
2030-04-04 00:30:00,0.0
2030-04-04 00:45:00,0.0
2030-04-04 01:00:00,0.0
2030-04-04 01:15:00,0.0
2030-04-04 01:30:00,0.0
2030-04-04 01:45:00,0.0
2030-04-04 02:00:00,0.0
2030-04-04 02:15:00,0.0
2030-04-04 02:30:00,0.0
2030-04-04 02:45:00,0.0
2030-04-04 03:00:00,0.0
2030-04-04 03:15:00,5644.819551021092
2030-04-04 03:30:00,0.0
2030-04-04 03:45:00,0.0
2030-04-04 04:00:00,0.0
2030-04-04 04:15:00,0.0
2030-04-04 04:30:00,0.0
2030-04-04 04:45:00,0.0
2030-04-04 05:00:00,0.0
2030-04-04 05:15:00,0.0
2030-04-04 05:30:00,0.0
2030-04-04 05:45:00,0.0
2030-04-04 06:00:00,0.0
2030-04-04 06:15:00,0.0
2030-04-04 06:30:00,0.0
2030-04-04 06:45:00,0.0
2030-04-04 07:00:00,0.0
2030-04-04 07:15:00,0.0
2030-04-04 07:30:00,0.0
2030-04-04 07:45:00,0.0
2030-04-04 08:00:00,0.0
2030-04-04 08:15:00,0.0
2030-04-04 08:30:00,0.0
2030-04-04 08:45:00,0.0
2030-04-04 09:00:00,0.0
2030-04-04 09:15:00,0.0
2030-04-04 09:30:00,0.0
2030-04-04 09:45:00,0.0
2030-04-04 10:00:00,0.0
2030-04-04 10:15:00,0.0
2030-04-04 10:30:00,0.0
2030-04-04 10:45:00,0.0
2030-04-04 11:00:00,0.0
2030-04-04 11:15:00,0.0
2030-04-04 11:30:00,0.0
2030-04-04 11:45:00,0.0
2030-04-04 12:00:00,0.0
2030-04-04 12:15:00,0.0
2030-04-04 12:30:00,0.0
2030-04-04 12:45:00,0.0
2030-04-04 13:00:00,0.0
2030-04-04 13:15:00,0.0
2030-04-04 13:30:00,0.0
2030-04-04 13:45:00,0.0
2030-04-04 14:00:00,0.0
2030-04-04 14:15:00,0.0
2030-04-04 14:30:00,0.0
2030-04-04 14:45:00,0.0
2030-04-04 15:00:00,0.0
2030-04-04 15:15:00,0.0
2030-04-04 15:30:00,0.0
2030-04-04 15:45:00,0.0
2030-04-04 16:00:00,0.0
2030-04-04 16:15:00,0.0
2030-04-04 16:30:00,0.0
2030-04-04 16:45:00,0.0
2030-04-04 17:00:00,0.0
2030-04-04 17:15:00,0.0
2030-04-04 17:30:00,0.0
2030-04-04 17:45:00,0.0
2030-04-04 18:00:00,0.0
2030-04-04 18:15:00,14228.241299586474
2030-04-04 18:30:00,5627.1813684732115
2030-04-04 18:45:00,5809.407934936611
2030-04-04 19:00:00,5964.191712144424
2030-04-04 19:15:00,6015.028260904397
2030-04-04 19:30:00,6136.262128595772
2030-04-04 19:45:00,6090.25679583706
2030-04-04 20:00:00,6057.184976897966
2030-04-04 20:15:00,5912.329463021182
2030-04-04 20:30:00,5670.081825352994
2030-04-04 20:45:00,5223.193307748119
2030-04-04 21:00:00,4730.9460527305855
2030-04-04 21:15:00,4121.6705780945995
2030-04-04 21:30:00,3600.663119649431
2030-04-04 21:45:00,3201.1062137174067
2030-04-04 22:00:00,2944.990646676775
2030-04-04 22:15:00,2230.2025002765713
2030-04-04 22:30:00,1593.2771550485868
2030-04-04 22:45:00,784.0595069610754
2030-04-04 23:00:00,182.52287433726815
2030-04-04 23:15:00,0.0
2030-04-04 23:30:00,0.0
2030-04-04 23:45:00,0.0
2030-04-05 00:00:00,0.0
2030-04-05 00:15:00,0.0
2030-04-05 00:30:00,0.0
2030-04-05 00:45:00,0.0
2030-04-05 01:00:00,0.0
2030-04-05 01:15:00,0.0
2030-04-05 01:30:00,0.0
2030-04-05 01:45:00,0.0
2030-04-05 02:00:00,0.0
2030-04-05 02:15:00,0.0
2030-04-05 02:30:00,0.0
2030-04-05 02:45:00,0.0
2030-04-05 03:00:00,0.0
2030-04-05 03:15:00,0.0
2030-04-05 03:30:00,0.0
2030-04-05 03:45:00,0.0
2030-04-05 04:00:00,0.0
2030-04-05 04:15:00,0.0
2030-04-05 04:30:00,0.0
2030-04-05 04:45:00,0.0
2030-04-05 05:00:00,0.0
2030-04-05 05:15:00,0.0
2030-04-05 05:30:00,0.0
2030-04-05 05:45:00,0.0
2030-04-05 06:00:00,86.25098857304693
2030-04-05 06:15:00,135.31134631493478
2030-04-05 06:30:00,0.0
2030-04-05 06:45:00,0.0
2030-04-05 07:00:00,0.0
2030-04-05 07:15:00,0.0
2030-04-05 07:30:00,0.0
2030-04-05 07:45:00,0.0
2030-04-05 08:00:00,0.0
2030-04-05 08:15:00,0.0
2030-04-05 08:30:00,0.0
2030-04-05 08:45:00,0.0
2030-04-05 09:00:00,0.0
2030-04-05 09:15:00,0.0
2030-04-05 09:30:00,0.0
2030-04-05 09:45:00,0.0
2030-04-05 10:00:00,0.0
2030-04-05 10:15:00,0.0
2030-04-05 10:30:00,0.0
2030-04-05 10:45:00,0.0
2030-04-05 11:00:00,0.0
2030-04-05 11:15:00,0.0
2030-04-05 11:30:00,0.0
2030-04-05 11:45:00,0.0
2030-04-05 12:00:00,0.0
2030-04-05 12:15:00,0.0
2030-04-05 12:30:00,0.0
2030-04-05 12:45:00,0.0
2030-04-05 13:00:00,0.0
2030-04-05 13:15:00,0.0
2030-04-05 13:30:00,0.0
2030-04-05 13:45:00,0.0
2030-04-05 14:00:00,0.0
2030-04-05 14:15:00,0.0
2030-04-05 14:30:00,234.13109533680836
2030-04-05 14:45:00,0.0
2030-04-05 15:00:00,0.0
2030-04-05 15:15:00,0.0
2030-04-05 15:30:00,0.0
2030-04-05 15:45:00,0.0
2030-04-05 16:00:00,0.0
2030-04-05 16:15:00,0.0
2030-04-05 16:30:00,0.0
2030-04-05 16:45:00,0.0
2030-04-05 17:00:00,0.0
2030-04-05 17:15:00,0.0
2030-04-05 17:30:00,0.0
2030-04-05 17:45:00,0.0
2030-04-05 18:00:00,0.0
2030-04-05 18:15:00,0.0
2030-04-05 18:30:00,0.0
2030-04-05 18:45:00,0.0
2030-04-05 19:00:00,0.0
2030-04-05 19:15:00,0.0
2030-04-05 19:30:00,0.0
2030-04-05 19:45:00,0.0
2030-04-05 20:00:00,0.0
2030-04-05 20:15:00,0.0
2030-04-05 20:30:00,0.0
2030-04-05 20:45:00,0.0
2030-04-05 21:00:00,0.0
2030-04-05 21:15:00,0.0
2030-04-05 21:30:00,0.0
2030-04-05 21:45:00,0.0
2030-04-05 22:00:00,0.0
2030-04-05 22:15:00,0.0
2030-04-05 22:30:00,0.0
2030-04-05 22:45:00,0.0
2030-04-05 23:00:00,0.0
2030-04-05 23:15:00,0.0
2030-04-05 23:30:00,0.0
2030-04-05 23:45:00,0.0
2030-04-06 00:00:00,0.0
2030-04-06 00:15:00,0.0
2030-04-06 00:30:00,0.0
2030-04-06 00:45:00,0.0
2030-04-06 01:00:00,0.0
2030-04-06 01:15:00,0.0
2030-04-06 01:30:00,0.0
2030-04-06 01:45:00,0.0
2030-04-06 02:00:00,0.0
2030-04-06 02:15:00,0.0
2030-04-06 02:30:00,0.0
2030-04-06 02:45:00,0.0
2030-04-06 03:00:00,0.0
2030-04-06 03:15:00,0.0
2030-04-06 03:30:00,0.0
2030-04-06 03:45:00,0.0
2030-04-06 04:00:00,0.0
2030-04-06 04:15:00,0.0
2030-04-06 04:30:00,0.0
2030-04-06 04:45:00,0.0
2030-04-06 05:00:00,0.0
2030-04-06 05:15:00,0.0
2030-04-06 05:30:00,0.0
2030-04-06 05:45:00,0.0
2030-04-06 06:00:00,0.0
2030-04-06 06:15:00,0.0
2030-04-06 06:30:00,0.0
2030-04-06 06:45:00,0.0
2030-04-06 07:00:00,0.0
2030-04-06 07:15:00,0.0
2030-04-06 07:30:00,0.0
2030-04-06 07:45:00,0.0
2030-04-06 08:00:00,0.0
2030-04-06 08:15:00,0.0
2030-04-06 08:30:00,0.0
2030-04-06 08:45:00,0.0
2030-04-06 09:00:00,0.0
2030-04-06 09:15:00,0.0
2030-04-06 09:30:00,0.0
2030-04-06 09:45:00,0.0
2030-04-06 10:00:00,0.0
2030-04-06 10:15:00,0.0
2030-04-06 10:30:00,0.0
2030-04-06 10:45:00,0.0
2030-04-06 11:00:00,0.0
2030-04-06 11:15:00,0.0
2030-04-06 11:30:00,0.0
2030-04-06 11:45:00,0.0
2030-04-06 12:00:00,0.0
2030-04-06 12:15:00,0.0
2030-04-06 12:30:00,0.0
2030-04-06 12:45:00,0.0
2030-04-06 13:00:00,0.0
2030-04-06 13:15:00,0.0
2030-04-06 13:30:00,0.0
2030-04-06 13:45:00,0.0
2030-04-06 14:00:00,0.0
2030-04-06 14:15:00,0.0
2030-04-06 14:30:00,-10024.942235369741
2030-04-06 14:45:00,-12848.421634920669
2030-04-06 15:00:00,-11495.987171660545
2030-04-06 15:15:00,-10030.825481988213
2030-04-06 15:30:00,-8794.651656541882
2030-04-06 15:45:00,-6943.1311512359935
2030-04-06 16:00:00,-4714.684253522362
2030-04-06 16:15:00,-3230.960176376986
2030-04-06 16:30:00,-1372.9085613429997
2030-04-06 16:45:00,0.0
2030-04-06 17:00:00,0.0
2030-04-06 17:15:00,0.0
2030-04-06 17:30:00,0.0
2030-04-06 17:45:00,0.0
2030-04-06 18:00:00,0.0
2030-04-06 18:15:00,0.0
2030-04-06 18:30:00,0.0
2030-04-06 18:45:00,0.0
2030-04-06 19:00:00,0.0
2030-04-06 19:15:00,0.0
2030-04-06 19:30:00,0.0
2030-04-06 19:45:00,0.0
2030-04-06 20:00:00,0.0
2030-04-06 20:15:00,0.0
2030-04-06 20:30:00,0.0
2030-04-06 20:45:00,0.0
2030-04-06 21:00:00,0.0
2030-04-06 21:15:00,0.0
2030-04-06 21:30:00,0.0
2030-04-06 21:45:00,0.0
2030-04-06 22:00:00,0.0
2030-04-06 22:15:00,0.0
2030-04-06 22:30:00,0.0
2030-04-06 22:45:00,0.0
2030-04-06 23:00:00,0.0
2030-04-06 23:15:00,0.0
2030-04-06 23:30:00,0.0
2030-04-06 23:45:00,0.0
2030-04-07 00:00:00,0.0
2030-04-07 00:15:00,0.0
2030-04-07 00:30:00,0.0
2030-04-07 00:45:00,0.0
2030-04-07 01:00:00,0.0
2030-04-07 01:15:00,0.0
2030-04-07 01:30:00,0.0
2030-04-07 01:45:00,0.0
2030-04-07 02:00:00,0.0
2030-04-07 02:15:00,0.0
2030-04-07 02:30:00,0.0
2030-04-07 02:45:00,0.0
2030-04-07 03:00:00,0.0
2030-04-07 03:15:00,0.0
2030-04-07 03:30:00,0.0
2030-04-07 03:45:00,0.0
2030-04-07 04:00:00,0.0
2030-04-07 04:15:00,0.0
2030-04-07 04:30:00,0.0
2030-04-07 04:45:00,0.0
2030-04-07 05:00:00,0.0
2030-04-07 05:15:00,0.0
2030-04-07 05:30:00,0.0
2030-04-07 05:45:00,0.0
2030-04-07 06:00:00,0.0
2030-04-07 06:15:00,0.0
2030-04-07 06:30:00,0.0
2030-04-07 06:45:00,0.0
2030-04-07 07:00:00,0.0
2030-04-07 07:15:00,0.0
2030-04-07 07:30:00,0.0
2030-04-07 07:45:00,0.0
2030-04-07 08:00:00,0.0
2030-04-07 08:15:00,0.0
2030-04-07 08:30:00,0.0
2030-04-07 08:45:00,0.0
2030-04-07 09:00:00,0.0
2030-04-07 09:15:00,0.0
2030-04-07 09:30:00,0.0
2030-04-07 09:45:00,0.0
2030-04-07 10:00:00,0.0
2030-04-07 10:15:00,0.0
2030-04-07 10:30:00,0.0
2030-04-07 10:45:00,0.0
2030-04-07 11:00:00,0.0
2030-04-07 11:15:00,0.0
2030-04-07 11:30:00,0.0
2030-04-07 11:45:00,0.0
2030-04-07 12:00:00,0.0
2030-04-07 12:15:00,0.0
2030-04-07 12:30:00,0.0
2030-04-07 12:45:00,0.0
2030-04-07 13:00:00,0.0
2030-04-07 13:15:00,0.0
2030-04-07 13:30:00,0.0
2030-04-07 13:45:00,0.0
2030-04-07 14:00:00,-3808.784133111978
2030-04-07 14:15:00,-15491.019444644491
2030-04-07 14:30:00,-14418.010163069182
2030-04-07 14:45:00,-13282.08539527655
2030-04-07 15:00:00,-11942.525834350641
2030-04-07 15:15:00,-10436.824891849012
2030-04-07 15:30:00,-8846.155768639132
2030-04-07 15:45:00,-7128.496325556156
2030-04-07 16:00:00,-5486.175469227492
2030-04-07 16:15:00,-3702.3742005480635
2030-04-07 16:30:00,-1665.365899851462
2030-04-07 16:45:00,0.0
2030-04-07 17:00:00,0.0
2030-04-07 17:15:00,0.0
2030-04-07 17:30:00,0.0
2030-04-07 17:45:00,0.0
2030-04-07 18:00:00,0.0
2030-04-07 18:15:00,0.0
2030-04-07 18:30:00,0.0
2030-04-07 18:45:00,0.0
2030-04-07 19:00:00,0.0
2030-04-07 19:15:00,0.0
2030-04-07 19:30:00,0.0
2030-04-07 19:45:00,0.0
2030-04-07 20:00:00,0.0
2030-04-07 20:15:00,0.0
2030-04-07 20:30:00,0.0
2030-04-07 20:45:00,0.0
2030-04-07 21:00:00,0.0
2030-04-07 21:15:00,0.0
2030-04-07 21:30:00,0.0
2030-04-07 21:45:00,0.0
2030-04-07 22:00:00,0.0
2030-04-07 22:15:00,0.0
2030-04-07 22:30:00,0.0
2030-04-07 22:45:00,0.0
2030-04-07 23:00:00,0.0
2030-04-07 23:15:00,0.0
2030-04-07 23:30:00,0.0
2030-04-07 23:45:00,0.0
2030-04-08 00:00:00,0.0
2030-04-08 00:15:00,0.0
2030-04-08 00:30:00,0.0
2030-04-08 00:45:00,0.0
2030-04-08 01:00:00,0.0
2030-04-08 01:15:00,0.0
2030-04-08 01:30:00,0.0
2030-04-08 01:45:00,0.0
2030-04-08 02:00:00,0.0
2030-04-08 02:15:00,0.0
2030-04-08 02:30:00,0.0
2030-04-08 02:45:00,0.0
2030-04-08 03:00:00,0.0
2030-04-08 03:15:00,0.0
2030-04-08 03:30:00,0.0
2030-04-08 03:45:00,0.0
2030-04-08 04:00:00,0.0
2030-04-08 04:15:00,0.0
2030-04-08 04:30:00,1796.3442497671049
2030-04-08 04:45:00,0.0
2030-04-08 05:00:00,0.0
2030-04-08 05:15:00,0.0
2030-04-08 05:30:00,0.0
2030-04-08 05:45:00,0.0
2030-04-08 06:00:00,0.0
2030-04-08 06:15:00,0.0
2030-04-08 06:30:00,0.0
2030-04-08 06:45:00,0.0
2030-04-08 07:00:00,0.0
2030-04-08 07:15:00,0.0
2030-04-08 07:30:00,0.0
2030-04-08 07:45:00,0.0
2030-04-08 08:00:00,0.0
2030-04-08 08:15:00,0.0
2030-04-08 08:30:00,0.0
2030-04-08 08:45:00,0.0
2030-04-08 09:00:00,0.0
2030-04-08 09:15:00,0.0
2030-04-08 09:30:00,0.0
2030-04-08 09:45:00,0.0
2030-04-08 10:00:00,0.0
2030-04-08 10:15:00,0.0
2030-04-08 10:30:00,0.0
2030-04-08 10:45:00,0.0
2030-04-08 11:00:00,0.0
2030-04-08 11:15:00,0.0
2030-04-08 11:30:00,0.0
2030-04-08 11:45:00,0.0
2030-04-08 12:00:00,0.0
2030-04-08 12:15:00,0.0
2030-04-08 12:30:00,0.0
2030-04-08 12:45:00,0.0
2030-04-08 13:00:00,0.0
2030-04-08 13:15:00,0.0
2030-04-08 13:30:00,0.0
2030-04-08 13:45:00,0.0
2030-04-08 14:00:00,0.0
2030-04-08 14:15:00,0.0
2030-04-08 14:30:00,0.0
2030-04-08 14:45:00,0.0
2030-04-08 15:00:00,0.0
2030-04-08 15:15:00,0.0
2030-04-08 15:30:00,0.0
2030-04-08 15:45:00,0.0
2030-04-08 16:00:00,0.0
2030-04-08 16:15:00,0.0
2030-04-08 16:30:00,0.0
2030-04-08 16:45:00,0.0
2030-04-08 17:00:00,0.0
2030-04-08 17:15:00,0.0
2030-04-08 17:30:00,0.0
2030-04-08 17:45:00,0.0
2030-04-08 18:00:00,0.0
2030-04-08 18:15:00,0.0
2030-04-08 18:30:00,0.0
2030-04-08 18:45:00,0.0
2030-04-08 19:00:00,0.0
2030-04-08 19:15:00,0.0
2030-04-08 19:30:00,0.0
2030-04-08 19:45:00,0.0
2030-04-08 20:00:00,0.0
2030-04-08 20:15:00,0.0
2030-04-08 20:30:00,0.0
2030-04-08 20:45:00,0.0
2030-04-08 21:00:00,0.0
2030-04-08 21:15:00,0.0
2030-04-08 21:30:00,0.0
2030-04-08 21:45:00,0.0
2030-04-08 22:00:00,0.0
2030-04-08 22:15:00,0.0
2030-04-08 22:30:00,0.0
2030-04-08 22:45:00,0.0
2030-04-08 23:00:00,0.0
2030-04-08 23:15:00,0.0
2030-04-08 23:30:00,0.0
2030-04-08 23:45:00,689.2957536100876
2030-04-09 00:00:00,0.0
2030-04-09 00:15:00,0.0
2030-04-09 00:30:00,0.0
2030-04-09 00:45:00,0.0
2030-04-09 01:00:00,0.0
2030-04-09 01:15:00,0.0
2030-04-09 01:30:00,0.0
2030-04-09 01:45:00,0.0
2030-04-09 02:00:00,0.0
2030-04-09 02:15:00,0.0
2030-04-09 02:30:00,0.0
2030-04-09 02:45:00,0.0
2030-04-09 03:00:00,0.0
2030-04-09 03:15:00,0.0
2030-04-09 03:30:00,0.0
2030-04-09 03:45:00,0.0
2030-04-09 04:00:00,0.0
2030-04-09 04:15:00,0.0
2030-04-09 04:30:00,0.0
2030-04-09 04:45:00,0.0
2030-04-09 05:00:00,0.0
2030-04-09 05:15:00,0.0
2030-04-09 05:30:00,0.0
2030-04-09 05:45:00,0.0
2030-04-09 06:00:00,0.0
2030-04-09 06:15:00,0.0
2030-04-09 06:30:00,0.0
2030-04-09 06:45:00,0.0
2030-04-09 07:00:00,0.0
2030-04-09 07:15:00,0.0
2030-04-09 07:30:00,0.0
2030-04-09 07:45:00,0.0
2030-04-09 08:00:00,0.0
2030-04-09 08:15:00,0.0
2030-04-09 08:30:00,0.0
2030-04-09 08:45:00,0.0
2030-04-09 09:00:00,0.0
2030-04-09 09:15:00,0.0
2030-04-09 09:30:00,0.0
2030-04-09 09:45:00,0.0
2030-04-09 10:00:00,0.0
2030-04-09 10:15:00,0.0
2030-04-09 10:30:00,0.0
2030-04-09 10:45:00,0.0
2030-04-09 11:00:00,0.0
2030-04-09 11:15:00,0.0
2030-04-09 11:30:00,0.0
2030-04-09 11:45:00,0.0
2030-04-09 12:00:00,0.0
2030-04-09 12:15:00,0.0
2030-04-09 12:30:00,0.0
2030-04-09 12:45:00,0.0
2030-04-09 13:00:00,0.0
2030-04-09 13:15:00,0.0
2030-04-09 13:30:00,0.0
2030-04-09 13:45:00,0.0
2030-04-09 14:00:00,0.0
2030-04-09 14:15:00,0.0
2030-04-09 14:30:00,0.0
2030-04-09 14:45:00,0.0
2030-04-09 15:00:00,0.0
2030-04-09 15:15:00,0.0
2030-04-09 15:30:00,0.0
2030-04-09 15:45:00,0.0
2030-04-09 16:00:00,0.0
2030-04-09 16:15:00,0.0
2030-04-09 16:30:00,0.0
2030-04-09 16:45:00,0.0
2030-04-09 17:00:00,0.0
2030-04-09 17:15:00,0.0
2030-04-09 17:30:00,0.0
2030-04-09 17:45:00,0.0
2030-04-09 18:00:00,0.0
2030-04-09 18:15:00,0.0
2030-04-09 18:30:00,0.0
2030-04-09 18:45:00,0.0
2030-04-09 19:00:00,0.0
2030-04-09 19:15:00,0.0
2030-04-09 19:30:00,0.0
2030-04-09 19:45:00,0.0
2030-04-09 20:00:00,0.0
2030-04-09 20:15:00,0.0
2030-04-09 20:30:00,0.0
2030-04-09 20:45:00,0.0
2030-04-09 21:00:00,0.0
2030-04-09 21:15:00,0.0
2030-04-09 21:30:00,0.0
2030-04-09 21:45:00,0.0
2030-04-09 22:00:00,0.0
2030-04-09 22:15:00,0.0
2030-04-09 22:30:00,0.0
2030-04-09 22:45:00,0.0
2030-04-09 23:00:00,0.0
2030-04-09 23:15:00,0.0
2030-04-09 23:30:00,0.0
2030-04-09 23:45:00,0.0
2030-04-10 00:00:00,0.0
2030-04-10 00:15:00,0.0
2030-04-10 00:30:00,0.0
2030-04-10 00:45:00,0.0
2030-04-10 01:00:00,0.0
2030-04-10 01:15:00,0.0
2030-04-10 01:30:00,3107.5952181770926
2030-04-10 01:45:00,0.0
2030-04-10 02:00:00,0.0
2030-04-10 02:15:00,0.0
2030-04-10 02:30:00,0.0
2030-04-10 02:45:00,0.0
2030-04-10 03:00:00,0.0
2030-04-10 03:15:00,0.0
2030-04-10 03:30:00,0.0
2030-04-10 03:45:00,0.0
2030-04-10 04:00:00,0.0
2030-04-10 04:15:00,0.0
2030-04-10 04:30:00,0.0
2030-04-10 04:45:00,0.0
2030-04-10 05:00:00,0.0
2030-04-10 05:15:00,0.0
2030-04-10 05:30:00,0.0
2030-04-10 05:45:00,0.0
2030-04-10 06:00:00,0.0
2030-04-10 06:15:00,0.0
2030-04-10 06:30:00,0.0
2030-04-10 06:45:00,0.0
2030-04-10 07:00:00,0.0
2030-04-10 07:15:00,0.0
2030-04-10 07:30:00,0.0
2030-04-10 07:45:00,0.0
2030-04-10 08:00:00,0.0
2030-04-10 08:15:00,0.0
2030-04-10 08:30:00,0.0
2030-04-10 08:45:00,0.0
2030-04-10 09:00:00,0.0
2030-04-10 09:15:00,0.0
2030-04-10 09:30:00,0.0
2030-04-10 09:45:00,0.0
2030-04-10 10:00:00,0.0
2030-04-10 10:15:00,0.0
2030-04-10 10:30:00,0.0
2030-04-10 10:45:00,0.0
2030-04-10 11:00:00,0.0
2030-04-10 11:15:00,0.0
2030-04-10 11:30:00,0.0
2030-04-10 11:45:00,0.0
2030-04-10 12:00:00,0.0
2030-04-10 12:15:00,0.0
2030-04-10 12:30:00,0.0
2030-04-10 12:45:00,0.0
2030-04-10 13:00:00,0.0
2030-04-10 13:15:00,0.0
2030-04-10 13:30:00,0.0
2030-04-10 13:45:00,0.0
2030-04-10 14:00:00,0.0
2030-04-10 14:15:00,0.0
2030-04-10 14:30:00,0.0
2030-04-10 14:45:00,0.0
2030-04-10 15:00:00,0.0
2030-04-10 15:15:00,0.0
2030-04-10 15:30:00,0.0
2030-04-10 15:45:00,0.0
2030-04-10 16:00:00,0.0
2030-04-10 16:15:00,0.0
2030-04-10 16:30:00,0.0
2030-04-10 16:45:00,0.0
2030-04-10 17:00:00,0.0
2030-04-10 17:15:00,0.0
2030-04-10 17:30:00,0.0
2030-04-10 17:45:00,0.0
2030-04-10 18:00:00,0.0
2030-04-10 18:15:00,0.0
2030-04-10 18:30:00,0.0
2030-04-10 18:45:00,0.0
2030-04-10 19:00:00,0.0
2030-04-10 19:15:00,0.0
2030-04-10 19:30:00,0.0
2030-04-10 19:45:00,0.0
2030-04-10 20:00:00,0.0
2030-04-10 20:15:00,0.0
2030-04-10 20:30:00,0.0
2030-04-10 20:45:00,0.0
2030-04-10 21:00:00,0.0
2030-04-10 21:15:00,0.0
2030-04-10 21:30:00,0.0
2030-04-10 21:45:00,0.0
2030-04-10 22:00:00,0.0
2030-04-10 22:15:00,0.0
2030-04-10 22:30:00,0.0
2030-04-10 22:45:00,0.0
2030-04-10 23:00:00,0.0
2030-04-10 23:15:00,0.0
2030-04-10 23:30:00,0.0
2030-04-10 23:45:00,0.0
2030-04-11 00:00:00,0.0
2030-04-11 00:15:00,0.0
2030-04-11 00:30:00,0.0
2030-04-11 00:45:00,0.0
2030-04-11 01:00:00,0.0
2030-04-11 01:15:00,0.0
2030-04-11 01:30:00,0.0
2030-04-11 01:45:00,0.0
2030-04-11 02:00:00,0.0
2030-04-11 02:15:00,0.0
2030-04-11 02:30:00,0.0
2030-04-11 02:45:00,0.0
2030-04-11 03:00:00,0.0
2030-04-11 03:15:00,0.0
2030-04-11 03:30:00,0.0
2030-04-11 03:45:00,0.0
2030-04-11 04:00:00,0.0
2030-04-11 04:15:00,0.0
2030-04-11 04:30:00,0.0
2030-04-11 04:45:00,0.0
2030-04-11 05:00:00,0.0
2030-04-11 05:15:00,0.0
2030-04-11 05:30:00,0.0
2030-04-11 05:45:00,0.0
2030-04-11 06:00:00,0.0
2030-04-11 06:15:00,0.0
2030-04-11 06:30:00,0.0
2030-04-11 06:45:00,0.0
2030-04-11 07:00:00,0.0
2030-04-11 07:15:00,0.0
2030-04-11 07:30:00,0.0
2030-04-11 07:45:00,0.0
2030-04-11 08:00:00,0.0
2030-04-11 08:15:00,0.0
2030-04-11 08:30:00,0.0
2030-04-11 08:45:00,0.0
2030-04-11 09:00:00,0.0
2030-04-11 09:15:00,0.0
2030-04-11 09:30:00,0.0
2030-04-11 09:45:00,-2473.3203790659463
2030-04-11 10:00:00,-13391.966064127482
2030-04-11 10:15:00,-14204.21822509493
2030-04-11 10:30:00,-15287.915730768069
2030-04-11 10:45:00,-15908.64656039363
2030-04-11 11:00:00,-16533.356352093633
2030-04-11 11:15:00,-16434.038367135872
2030-04-11 11:30:00,-16284.99677720225
2030-04-11 11:45:00,-16404.641918852783
2030-04-11 12:00:00,-16021.549441328702
2030-04-11 12:15:00,-15933.22147792091
2030-04-11 12:30:00,-15457.155804653034
2030-04-11 12:45:00,-15456.495134710589
2030-04-11 13:00:00,-15276.440409411349
2030-04-11 13:15:00,-15383.06549471405
2030-04-11 13:30:00,-15791.3545142148
2030-04-11 13:45:00,-15323.156960815297
2030-04-11 14:00:00,-14996.987027250223
2030-04-11 14:15:00,-14879.56676171409
2030-04-11 14:30:00,-13939.812157007007
2030-04-11 14:45:00,-13124.38616922309
2030-04-11 15:00:00,-12447.910875904443
2030-04-11 15:15:00,-11922.068628604473
2030-04-11 15:30:00,-10514.34992604415
2030-04-11 15:45:00,-9163.482831312733
2030-04-11 16:00:00,-7071.642329228369
2030-04-11 16:15:00,-5535.590077100387
2030-04-11 16:30:00,-3264.1230557045055
2030-04-11 16:45:00,-1527.1513368637716
2030-04-11 17:00:00,0.0
2030-04-11 17:15:00,0.0
2030-04-11 17:30:00,0.0
2030-04-11 17:45:00,0.0
2030-04-11 18:00:00,0.0
2030-04-11 18:15:00,0.0
2030-04-11 18:30:00,0.0
2030-04-11 18:45:00,0.0
2030-04-11 19:00:00,0.0
2030-04-11 19:15:00,0.0
2030-04-11 19:30:00,0.0
2030-04-11 19:45:00,0.0
2030-04-11 20:00:00,0.0
2030-04-11 20:15:00,0.0
2030-04-11 20:30:00,0.0
2030-04-11 20:45:00,0.0
2030-04-11 21:00:00,0.0
2030-04-11 21:15:00,0.0
2030-04-11 21:30:00,0.0
2030-04-11 21:45:00,0.0
2030-04-11 22:00:00,0.0
2030-04-11 22:15:00,0.0
2030-04-11 22:30:00,0.0
2030-04-11 22:45:00,0.0
2030-04-11 23:00:00,0.0
2030-04-11 23:15:00,0.0
2030-04-11 23:30:00,0.0
2030-04-11 23:45:00,0.0
2030-04-12 00:00:00,0.0
2030-04-12 00:15:00,0.0
2030-04-12 00:30:00,0.0
2030-04-12 00:45:00,0.0
2030-04-12 01:00:00,0.0
2030-04-12 01:15:00,0.0
2030-04-12 01:30:00,0.0
2030-04-12 01:45:00,0.0
2030-04-12 02:00:00,0.0
2030-04-12 02:15:00,0.0
2030-04-12 02:30:00,0.0
2030-04-12 02:45:00,0.0
2030-04-12 03:00:00,0.0
2030-04-12 03:15:00,0.0
2030-04-12 03:30:00,0.0
2030-04-12 03:45:00,0.0
2030-04-12 04:00:00,0.0
2030-04-12 04:15:00,0.0
2030-04-12 04:30:00,0.0
2030-04-12 04:45:00,0.0
2030-04-12 05:00:00,0.0
2030-04-12 05:15:00,0.0
2030-04-12 05:30:00,0.0
2030-04-12 05:45:00,0.0
2030-04-12 06:00:00,0.0
2030-04-12 06:15:00,0.0
2030-04-12 06:30:00,0.0
2030-04-12 06:45:00,0.0
2030-04-12 07:00:00,0.0
2030-04-12 07:15:00,0.0
2030-04-12 07:30:00,0.0
2030-04-12 07:45:00,0.0
2030-04-12 08:00:00,0.0
2030-04-12 08:15:00,0.0
2030-04-12 08:30:00,0.0
2030-04-12 08:45:00,0.0
2030-04-12 09:00:00,0.0
2030-04-12 09:15:00,0.0
2030-04-12 09:30:00,0.0
2030-04-12 09:45:00,0.0
2030-04-12 10:00:00,0.0
2030-04-12 10:15:00,0.0
2030-04-12 10:30:00,0.0
2030-04-12 10:45:00,0.0
2030-04-12 11:00:00,0.0
2030-04-12 11:15:00,0.0
2030-04-12 11:30:00,0.0
2030-04-12 11:45:00,0.0
2030-04-12 12:00:00,0.0
2030-04-12 12:15:00,0.0
2030-04-12 12:30:00,0.0
2030-04-12 12:45:00,0.0
2030-04-12 13:00:00,0.0
2030-04-12 13:15:00,0.0
2030-04-12 13:30:00,0.0
2030-04-12 13:45:00,0.0
2030-04-12 14:00:00,0.0
2030-04-12 14:15:00,0.0
2030-04-12 14:30:00,0.0
2030-04-12 14:45:00,0.0
2030-04-12 15:00:00,0.0
2030-04-12 15:15:00,0.0
2030-04-12 15:30:00,0.0
2030-04-12 15:45:00,0.0
2030-04-12 16:00:00,0.0
2030-04-12 16:15:00,0.0
2030-04-12 16:30:00,0.0
2030-04-12 16:45:00,0.0
2030-04-12 17:00:00,0.0
2030-04-12 17:15:00,0.0
2030-04-12 17:30:00,0.0
2030-04-12 17:45:00,0.0
2030-04-12 18:00:00,0.0
2030-04-12 18:15:00,0.0
2030-04-12 18:30:00,0.0
2030-04-12 18:45:00,0.0
2030-04-12 19:00:00,0.0
2030-04-12 19:15:00,0.0
2030-04-12 19:30:00,0.0
2030-04-12 19:45:00,0.0
2030-04-12 20:00:00,0.0
2030-04-12 20:15:00,0.0
2030-04-12 20:30:00,0.0
2030-04-12 20:45:00,0.0
2030-04-12 21:00:00,0.0
2030-04-12 21:15:00,0.0
2030-04-12 21:30:00,0.0
2030-04-12 21:45:00,0.0
2030-04-12 22:00:00,0.0
2030-04-12 22:15:00,0.0
2030-04-12 22:30:00,0.0
2030-04-12 22:45:00,0.0
2030-04-12 23:00:00,0.0
2030-04-12 23:15:00,0.0
2030-04-12 23:30:00,0.0
2030-04-12 23:45:00,0.0
2030-04-13 00:00:00,0.0
2030-04-13 00:15:00,0.0
2030-04-13 00:30:00,0.0
2030-04-13 00:45:00,0.0
2030-04-13 01:00:00,0.0
2030-04-13 01:15:00,0.0
2030-04-13 01:30:00,0.0
2030-04-13 01:45:00,0.0
2030-04-13 02:00:00,0.0
2030-04-13 02:15:00,0.0
2030-04-13 02:30:00,0.0
2030-04-13 02:45:00,0.0
2030-04-13 03:00:00,0.0
2030-04-13 03:15:00,0.0
2030-04-13 03:30:00,0.0
2030-04-13 03:45:00,0.0
2030-04-13 04:00:00,0.0
2030-04-13 04:15:00,0.0
2030-04-13 04:30:00,0.0
2030-04-13 04:45:00,0.0
2030-04-13 05:00:00,0.0
2030-04-13 05:15:00,0.0
2030-04-13 05:30:00,0.0
2030-04-13 05:45:00,0.0
2030-04-13 06:00:00,0.0
2030-04-13 06:15:00,0.0
2030-04-13 06:30:00,0.0
2030-04-13 06:45:00,0.0
2030-04-13 07:00:00,0.0
2030-04-13 07:15:00,0.0
2030-04-13 07:30:00,0.0
2030-04-13 07:45:00,0.0
2030-04-13 08:00:00,0.0
2030-04-13 08:15:00,0.0
2030-04-13 08:30:00,0.0
2030-04-13 08:45:00,0.0
2030-04-13 09:00:00,0.0
2030-04-13 09:15:00,0.0
2030-04-13 09:30:00,0.0
2030-04-13 09:45:00,0.0
2030-04-13 10:00:00,0.0
2030-04-13 10:15:00,0.0
2030-04-13 10:30:00,0.0
2030-04-13 10:45:00,0.0
2030-04-13 11:00:00,0.0
2030-04-13 11:15:00,0.0
2030-04-13 11:30:00,0.0
2030-04-13 11:45:00,0.0
2030-04-13 12:00:00,0.0
2030-04-13 12:15:00,-210.87336324491844
2030-04-13 12:30:00,-5779.9811006201235
2030-04-13 12:45:00,-5598.012979588795
2030-04-13 13:00:00,-5114.72553142405
2030-04-13 13:15:00,-4577.814976358259
2030-04-13 13:30:00,-4529.661893439807
2030-04-13 13:45:00,-3908.9061100032995
2030-04-13 14:00:00,-3749.0665524308133
2030-04-13 14:15:00,-3001.9002253043036
2030-04-13 14:30:00,-2553.941554942645
2030-04-13 14:45:00,-1930.5642255944476
2030-04-13 15:00:00,-1617.6007917337229
2030-04-13 15:15:00,-1176.9683702360926
2030-04-13 15:30:00,-329.2291960724251
2030-04-13 15:45:00,0.0
2030-04-13 16:00:00,0.0
2030-04-13 16:15:00,0.0
2030-04-13 16:30:00,0.0
2030-04-13 16:45:00,0.0
2030-04-13 17:00:00,0.0
2030-04-13 17:15:00,0.0
2030-04-13 17:30:00,0.0
2030-04-13 17:45:00,0.0
2030-04-13 18:00:00,0.0
2030-04-13 18:15:00,0.0
2030-04-13 18:30:00,0.0
2030-04-13 18:45:00,0.0
2030-04-13 19:00:00,0.0
2030-04-13 19:15:00,0.0
2030-04-13 19:30:00,0.0
2030-04-13 19:45:00,0.0
2030-04-13 20:00:00,0.0
2030-04-13 20:15:00,0.0
2030-04-13 20:30:00,0.0
2030-04-13 20:45:00,0.0
2030-04-13 21:00:00,0.0
2030-04-13 21:15:00,0.0
2030-04-13 21:30:00,0.0
2030-04-13 21:45:00,0.0
2030-04-13 22:00:00,0.0
2030-04-13 22:15:00,0.0
2030-04-13 22:30:00,0.0
2030-04-13 22:45:00,0.0
2030-04-13 23:00:00,0.0
2030-04-13 23:15:00,0.0
2030-04-13 23:30:00,0.0
2030-04-13 23:45:00,0.0
2030-04-14 00:00:00,0.0
2030-04-14 00:15:00,0.0
2030-04-14 00:30:00,0.0
2030-04-14 00:45:00,0.0
2030-04-14 01:00:00,0.0
2030-04-14 01:15:00,0.0
2030-04-14 01:30:00,0.0
2030-04-14 01:45:00,0.0
2030-04-14 02:00:00,0.0
2030-04-14 02:15:00,0.0
2030-04-14 02:30:00,0.0
2030-04-14 02:45:00,0.0
2030-04-14 03:00:00,0.0
2030-04-14 03:15:00,0.0
2030-04-14 03:30:00,0.0
2030-04-14 03:45:00,0.0
2030-04-14 04:00:00,0.0
2030-04-14 04:15:00,0.0
2030-04-14 04:30:00,0.0
2030-04-14 04:45:00,0.0
2030-04-14 05:00:00,0.0
2030-04-14 05:15:00,0.0
2030-04-14 05:30:00,0.0
2030-04-14 05:45:00,0.0
2030-04-14 06:00:00,0.0
2030-04-14 06:15:00,5765.198367033083
2030-04-14 06:30:00,0.0
2030-04-14 06:45:00,0.0
2030-04-14 07:00:00,0.0
2030-04-14 07:15:00,0.0
2030-04-14 07:30:00,0.0
2030-04-14 07:45:00,0.0
2030-04-14 08:00:00,0.0
2030-04-14 08:15:00,0.0
2030-04-14 08:30:00,0.0
2030-04-14 08:45:00,0.0
2030-04-14 09:00:00,0.0
2030-04-14 09:15:00,0.0
2030-04-14 09:30:00,0.0
2030-04-14 09:45:00,0.0
2030-04-14 10:00:00,0.0
2030-04-14 10:15:00,0.0
2030-04-14 10:30:00,0.0
2030-04-14 10:45:00,0.0
2030-04-14 11:00:00,0.0
2030-04-14 11:15:00,0.0
2030-04-14 11:30:00,0.0
2030-04-14 11:45:00,0.0
2030-04-14 12:00:00,0.0
2030-04-14 12:15:00,0.0
2030-04-14 12:30:00,0.0
2030-04-14 12:45:00,0.0
2030-04-14 13:00:00,0.0
2030-04-14 13:15:00,0.0
2030-04-14 13:30:00,0.0
2030-04-14 13:45:00,0.0
2030-04-14 14:00:00,0.0
2030-04-14 14:15:00,0.0
2030-04-14 14:30:00,0.0
2030-04-14 14:45:00,0.0
2030-04-14 15:00:00,0.0
2030-04-14 15:15:00,0.0
2030-04-14 15:30:00,0.0
2030-04-14 15:45:00,0.0
2030-04-14 16:00:00,0.0
2030-04-14 16:15:00,0.0
2030-04-14 16:30:00,0.0
2030-04-14 16:45:00,0.0
2030-04-14 17:00:00,0.0
2030-04-14 17:15:00,0.0
2030-04-14 17:30:00,0.0
2030-04-14 17:45:00,0.0
2030-04-14 18:00:00,0.0
2030-04-14 18:15:00,0.0
2030-04-14 18:30:00,0.0
2030-04-14 18:45:00,0.0
2030-04-14 19:00:00,0.0
2030-04-14 19:15:00,0.0
2030-04-14 19:30:00,0.0
2030-04-14 19:45:00,0.0
2030-04-14 20:00:00,0.0
2030-04-14 20:15:00,0.0
2030-04-14 20:30:00,0.0
2030-04-14 20:45:00,0.0
2030-04-14 21:00:00,3395.993441044702
2030-04-14 21:15:00,0.0
2030-04-14 21:30:00,0.0
2030-04-14 21:45:00,0.0
2030-04-14 22:00:00,0.0
2030-04-14 22:15:00,0.0
2030-04-14 22:30:00,0.0
2030-04-14 22:45:00,0.0
2030-04-14 23:00:00,0.0
2030-04-14 23:15:00,0.0
2030-04-14 23:30:00,0.0
2030-04-14 23:45:00,0.0
2030-04-15 00:00:00,0.0
2030-04-15 00:15:00,0.0
2030-04-15 00:30:00,0.0
2030-04-15 00:45:00,0.0
2030-04-15 01:00:00,0.0
2030-04-15 01:15:00,0.0
2030-04-15 01:30:00,0.0
2030-04-15 01:45:00,0.0
2030-04-15 02:00:00,0.0
2030-04-15 02:15:00,0.0
2030-04-15 02:30:00,0.0
2030-04-15 02:45:00,0.0
2030-04-15 03:00:00,0.0
2030-04-15 03:15:00,0.0
2030-04-15 03:30:00,0.0
2030-04-15 03:45:00,0.0
2030-04-15 04:00:00,0.0
2030-04-15 04:15:00,0.0
2030-04-15 04:30:00,0.0
2030-04-15 04:45:00,0.0
2030-04-15 05:00:00,0.0
2030-04-15 05:15:00,0.0
2030-04-15 05:30:00,0.0
2030-04-15 05:45:00,0.0
2030-04-15 06:00:00,0.0
2030-04-15 06:15:00,0.0
2030-04-15 06:30:00,0.0
2030-04-15 06:45:00,0.0
2030-04-15 07:00:00,0.0
2030-04-15 07:15:00,0.0
2030-04-15 07:30:00,0.0
2030-04-15 07:45:00,0.0
2030-04-15 08:00:00,0.0
2030-04-15 08:15:00,0.0
2030-04-15 08:30:00,0.0
2030-04-15 08:45:00,0.0
2030-04-15 09:00:00,0.0
2030-04-15 09:15:00,0.0
2030-04-15 09:30:00,0.0
2030-04-15 09:45:00,0.0
2030-04-15 10:00:00,0.0
2030-04-15 10:15:00,0.0
2030-04-15 10:30:00,0.0
2030-04-15 10:45:00,0.0
2030-04-15 11:00:00,0.0
2030-04-15 11:15:00,0.0
2030-04-15 11:30:00,0.0
2030-04-15 11:45:00,0.0
2030-04-15 12:00:00,0.0
2030-04-15 12:15:00,0.0
2030-04-15 12:30:00,0.0
2030-04-15 12:45:00,0.0
2030-04-15 13:00:00,0.0
2030-04-15 13:15:00,0.0
2030-04-15 13:30:00,0.0
2030-04-15 13:45:00,0.0
2030-04-15 14:00:00,0.0
2030-04-15 14:15:00,0.0
2030-04-15 14:30:00,0.0
2030-04-15 14:45:00,0.0
2030-04-15 15:00:00,0.0
2030-04-15 15:15:00,0.0
2030-04-15 15:30:00,0.0
2030-04-15 15:45:00,0.0
2030-04-15 16:00:00,0.0
2030-04-15 16:15:00,0.0
2030-04-15 16:30:00,0.0
2030-04-15 16:45:00,0.0
2030-04-15 17:00:00,0.0
2030-04-15 17:15:00,0.0
2030-04-15 17:30:00,0.0
2030-04-15 17:45:00,0.0
2030-04-15 18:00:00,0.0
2030-04-15 18:15:00,0.0
2030-04-15 18:30:00,0.0
2030-04-15 18:45:00,0.0
2030-04-15 19:00:00,0.0
2030-04-15 19:15:00,0.0
2030-04-15 19:30:00,0.0
2030-04-15 19:45:00,0.0
2030-04-15 20:00:00,0.0
2030-04-15 20:15:00,0.0
2030-04-15 20:30:00,0.0
2030-04-15 20:45:00,0.0
2030-04-15 21:00:00,0.0
2030-04-15 21:15:00,0.0
2030-04-15 21:30:00,0.0
2030-04-15 21:45:00,0.0
2030-04-15 22:00:00,0.0
2030-04-15 22:15:00,0.0
2030-04-15 22:30:00,0.0
2030-04-15 22:45:00,0.0
2030-04-15 23:00:00,0.0
2030-04-15 23:15:00,0.0
2030-04-15 23:30:00,0.0
2030-04-15 23:45:00,0.0
2030-04-16 00:00:00,0.0
2030-04-16 00:15:00,0.0
2030-04-16 00:30:00,0.0
2030-04-16 00:45:00,0.0
2030-04-16 01:00:00,0.0
2030-04-16 01:15:00,0.0
2030-04-16 01:30:00,0.0
2030-04-16 01:45:00,0.0
2030-04-16 02:00:00,0.0
2030-04-16 02:15:00,0.0
2030-04-16 02:30:00,0.0
2030-04-16 02:45:00,0.0
2030-04-16 03:00:00,0.0
2030-04-16 03:15:00,0.0
2030-04-16 03:30:00,0.0
2030-04-16 03:45:00,0.0
2030-04-16 04:00:00,0.0
2030-04-16 04:15:00,0.0
2030-04-16 04:30:00,0.0
2030-04-16 04:45:00,0.0
2030-04-16 05:00:00,0.0
2030-04-16 05:15:00,0.0
2030-04-16 05:30:00,0.0
2030-04-16 05:45:00,0.0
2030-04-16 06:00:00,0.0
2030-04-16 06:15:00,0.0
2030-04-16 06:30:00,0.0
2030-04-16 06:45:00,0.0
2030-04-16 07:00:00,0.0
2030-04-16 07:15:00,0.0
2030-04-16 07:30:00,0.0
2030-04-16 07:45:00,0.0
2030-04-16 08:00:00,0.0
2030-04-16 08:15:00,0.0
2030-04-16 08:30:00,0.0
2030-04-16 08:45:00,0.0
2030-04-16 09:00:00,0.0
2030-04-16 09:15:00,0.0
2030-04-16 09:30:00,0.0
2030-04-16 09:45:00,0.0
2030-04-16 10:00:00,0.0
2030-04-16 10:15:00,0.0
2030-04-16 10:30:00,0.0
2030-04-16 10:45:00,0.0
2030-04-16 11:00:00,0.0
2030-04-16 11:15:00,0.0
2030-04-16 11:30:00,0.0
2030-04-16 11:45:00,0.0
2030-04-16 12:00:00,0.0
2030-04-16 12:15:00,0.0
2030-04-16 12:30:00,0.0
2030-04-16 12:45:00,0.0
2030-04-16 13:00:00,0.0
2030-04-16 13:15:00,0.0
2030-04-16 13:30:00,0.0
2030-04-16 13:45:00,0.0
2030-04-16 14:00:00,0.0
2030-04-16 14:15:00,0.0
2030-04-16 14:30:00,0.0
2030-04-16 14:45:00,0.0
2030-04-16 15:00:00,0.0
2030-04-16 15:15:00,0.0
2030-04-16 15:30:00,0.0
2030-04-16 15:45:00,0.0
2030-04-16 16:00:00,0.0
2030-04-16 16:15:00,0.0
2030-04-16 16:30:00,0.0
2030-04-16 16:45:00,0.0
2030-04-16 17:00:00,0.0
2030-04-16 17:15:00,0.0
2030-04-16 17:30:00,0.0
2030-04-16 17:45:00,0.0
2030-04-16 18:00:00,0.0
2030-04-16 18:15:00,0.0
2030-04-16 18:30:00,2802.5997138197417
2030-04-16 18:45:00,0.0
2030-04-16 19:00:00,110.64733969679946
2030-04-16 19:15:00,145.02498471783292
2030-04-16 19:30:00,222.23767536343985
2030-04-16 19:45:00,135.66051155749847
2030-04-16 20:00:00,0.0
2030-04-16 20:15:00,0.0
2030-04-16 20:30:00,0.0
2030-04-16 20:45:00,0.0
2030-04-16 21:00:00,0.0
2030-04-16 21:15:00,0.0
2030-04-16 21:30:00,0.0
2030-04-16 21:45:00,0.0
2030-04-16 22:00:00,0.0
2030-04-16 22:15:00,0.0
2030-04-16 22:30:00,0.0
2030-04-16 22:45:00,0.0
2030-04-16 23:00:00,0.0
2030-04-16 23:15:00,0.0
2030-04-16 23:30:00,0.0
2030-04-16 23:45:00,0.0
2030-04-17 00:00:00,0.0
2030-04-17 00:15:00,0.0
2030-04-17 00:30:00,0.0
2030-04-17 00:45:00,0.0
2030-04-17 01:00:00,0.0
2030-04-17 01:15:00,0.0
2030-04-17 01:30:00,0.0
2030-04-17 01:45:00,0.0
2030-04-17 02:00:00,0.0
2030-04-17 02:15:00,0.0
2030-04-17 02:30:00,0.0
2030-04-17 02:45:00,0.0
2030-04-17 03:00:00,0.0
2030-04-17 03:15:00,0.0
2030-04-17 03:30:00,0.0
2030-04-17 03:45:00,0.0
2030-04-17 04:00:00,0.0
2030-04-17 04:15:00,0.0
2030-04-17 04:30:00,0.0
2030-04-17 04:45:00,0.0
2030-04-17 05:00:00,0.0
2030-04-17 05:15:00,0.0
2030-04-17 05:30:00,0.0
2030-04-17 05:45:00,0.0
2030-04-17 06:00:00,0.0
2030-04-17 06:15:00,0.0
2030-04-17 06:30:00,0.0
2030-04-17 06:45:00,0.0
2030-04-17 07:00:00,0.0
2030-04-17 07:15:00,0.0
2030-04-17 07:30:00,0.0
2030-04-17 07:45:00,0.0
2030-04-17 08:00:00,0.0
2030-04-17 08:15:00,0.0
2030-04-17 08:30:00,0.0
2030-04-17 08:45:00,0.0
2030-04-17 09:00:00,0.0
2030-04-17 09:15:00,0.0
2030-04-17 09:30:00,0.0
2030-04-17 09:45:00,0.0
2030-04-17 10:00:00,0.0
2030-04-17 10:15:00,0.0
2030-04-17 10:30:00,0.0
2030-04-17 10:45:00,0.0
2030-04-17 11:00:00,0.0
2030-04-17 11:15:00,0.0
2030-04-17 11:30:00,0.0
2030-04-17 11:45:00,0.0
2030-04-17 12:00:00,0.0
2030-04-17 12:15:00,0.0
2030-04-17 12:30:00,0.0
2030-04-17 12:45:00,0.0
2030-04-17 13:00:00,0.0
2030-04-17 13:15:00,0.0
2030-04-17 13:30:00,0.0
2030-04-17 13:45:00,0.0
2030-04-17 14:00:00,0.0
2030-04-17 14:15:00,0.0
2030-04-17 14:30:00,0.0
2030-04-17 14:45:00,0.0
2030-04-17 15:00:00,0.0
2030-04-17 15:15:00,0.0
2030-04-17 15:30:00,0.0
2030-04-17 15:45:00,0.0
2030-04-17 16:00:00,0.0
2030-04-17 16:15:00,0.0
2030-04-17 16:30:00,0.0
2030-04-17 16:45:00,0.0
2030-04-17 17:00:00,0.0
2030-04-17 17:15:00,0.0
2030-04-17 17:30:00,0.0
2030-04-17 17:45:00,0.0
2030-04-17 18:00:00,0.0
2030-04-17 18:15:00,0.0
2030-04-17 18:30:00,0.0
2030-04-17 18:45:00,0.0
2030-04-17 19:00:00,0.0
2030-04-17 19:15:00,0.0
2030-04-17 19:30:00,0.0
2030-04-17 19:45:00,0.0
2030-04-17 20:00:00,0.0
2030-04-17 20:15:00,0.0
2030-04-17 20:30:00,0.0
2030-04-17 20:45:00,0.0
2030-04-17 21:00:00,0.0
2030-04-17 21:15:00,0.0
2030-04-17 21:30:00,0.0
2030-04-17 21:45:00,0.0
2030-04-17 22:00:00,0.0
2030-04-17 22:15:00,0.0
2030-04-17 22:30:00,0.0
2030-04-17 22:45:00,0.0
2030-04-17 23:00:00,2971.017715016367
2030-04-17 23:15:00,0.0
2030-04-17 23:30:00,0.0
2030-04-17 23:45:00,0.0
2030-04-18 00:00:00,0.0
2030-04-18 00:15:00,0.0
2030-04-18 00:30:00,0.0
2030-04-18 00:45:00,0.0
2030-04-18 01:00:00,0.0
2030-04-18 01:15:00,0.0
2030-04-18 01:30:00,0.0
2030-04-18 01:45:00,0.0
2030-04-18 02:00:00,0.0
2030-04-18 02:15:00,0.0
2030-04-18 02:30:00,0.0
2030-04-18 02:45:00,0.0
2030-04-18 03:00:00,0.0
2030-04-18 03:15:00,0.0
2030-04-18 03:30:00,0.0
2030-04-18 03:45:00,0.0
2030-04-18 04:00:00,0.0
2030-04-18 04:15:00,0.0
2030-04-18 04:30:00,0.0
2030-04-18 04:45:00,0.0
2030-04-18 05:00:00,0.0
2030-04-18 05:15:00,0.0
2030-04-18 05:30:00,0.0
2030-04-18 05:45:00,0.0
2030-04-18 06:00:00,0.0
2030-04-18 06:15:00,0.0
2030-04-18 06:30:00,0.0
2030-04-18 06:45:00,0.0
2030-04-18 07:00:00,0.0
2030-04-18 07:15:00,0.0
2030-04-18 07:30:00,0.0
2030-04-18 07:45:00,0.0
2030-04-18 08:00:00,0.0
2030-04-18 08:15:00,0.0
2030-04-18 08:30:00,0.0
2030-04-18 08:45:00,0.0
2030-04-18 09:00:00,0.0
2030-04-18 09:15:00,0.0
2030-04-18 09:30:00,0.0
2030-04-18 09:45:00,0.0
2030-04-18 10:00:00,0.0
2030-04-18 10:15:00,0.0
2030-04-18 10:30:00,0.0
2030-04-18 10:45:00,0.0
2030-04-18 11:00:00,0.0
2030-04-18 11:15:00,0.0
2030-04-18 11:30:00,0.0
2030-04-18 11:45:00,0.0
2030-04-18 12:00:00,0.0
2030-04-18 12:15:00,0.0
2030-04-18 12:30:00,0.0
2030-04-18 12:45:00,0.0
2030-04-18 13:00:00,0.0
2030-04-18 13:15:00,0.0
2030-04-18 13:30:00,0.0
2030-04-18 13:45:00,0.0
2030-04-18 14:00:00,-1418.941981042757
2030-04-18 14:15:00,-18756.402901326925
2030-04-18 14:30:00,-18025.117726187917
2030-04-18 14:45:00,-17093.8258822624
2030-04-18 15:00:00,-16060.800460499115
2030-04-18 15:15:00,-14733.34074742192
2030-04-18 15:30:00,-13322.591718689131
2030-04-18 15:45:00,-11713.613532890282
2030-04-18 16:00:00,-10002.619322020746
2030-04-18 16:15:00,-8303.381360790867
2030-04-18 16:30:00,-6630.1096345818005
2030-04-18 16:45:00,-4858.061861784896
2030-04-18 17:00:00,-2931.494514633283
2030-04-18 17:15:00,-921.7757733279577
2030-04-18 17:30:00,0.0
2030-04-18 17:45:00,0.0
2030-04-18 18:00:00,0.0
2030-04-18 18:15:00,0.0
2030-04-18 18:30:00,0.0
2030-04-18 18:45:00,0.0
2030-04-18 19:00:00,0.0
2030-04-18 19:15:00,0.0
2030-04-18 19:30:00,0.0
2030-04-18 19:45:00,0.0
2030-04-18 20:00:00,0.0
2030-04-18 20:15:00,0.0
2030-04-18 20:30:00,0.0
2030-04-18 20:45:00,0.0
2030-04-18 21:00:00,0.0
2030-04-18 21:15:00,0.0
2030-04-18 21:30:00,0.0
2030-04-18 21:45:00,0.0
2030-04-18 22:00:00,0.0
2030-04-18 22:15:00,0.0
2030-04-18 22:30:00,0.0
2030-04-18 22:45:00,0.0
2030-04-18 23:00:00,0.0
2030-04-18 23:15:00,0.0
2030-04-18 23:30:00,0.0
2030-04-18 23:45:00,0.0
2030-04-19 00:00:00,0.0
2030-04-19 00:15:00,0.0
2030-04-19 00:30:00,0.0
2030-04-19 00:45:00,0.0
2030-04-19 01:00:00,0.0
2030-04-19 01:15:00,0.0
2030-04-19 01:30:00,0.0
2030-04-19 01:45:00,0.0
2030-04-19 02:00:00,0.0
2030-04-19 02:15:00,0.0
2030-04-19 02:30:00,0.0
2030-04-19 02:45:00,0.0
2030-04-19 03:00:00,0.0
2030-04-19 03:15:00,0.0
2030-04-19 03:30:00,0.0
2030-04-19 03:45:00,0.0
2030-04-19 04:00:00,0.0
2030-04-19 04:15:00,0.0
2030-04-19 04:30:00,0.0
2030-04-19 04:45:00,0.0
2030-04-19 05:00:00,0.0
2030-04-19 05:15:00,0.0
2030-04-19 05:30:00,0.0
2030-04-19 05:45:00,0.0
2030-04-19 06:00:00,0.0
2030-04-19 06:15:00,0.0
2030-04-19 06:30:00,0.0
2030-04-19 06:45:00,0.0
2030-04-19 07:00:00,0.0
2030-04-19 07:15:00,0.0
2030-04-19 07:30:00,0.0
2030-04-19 07:45:00,0.0
2030-04-19 08:00:00,0.0
2030-04-19 08:15:00,0.0
2030-04-19 08:30:00,0.0
2030-04-19 08:45:00,0.0
2030-04-19 09:00:00,0.0
2030-04-19 09:15:00,0.0
2030-04-19 09:30:00,0.0
2030-04-19 09:45:00,0.0
2030-04-19 10:00:00,0.0
2030-04-19 10:15:00,0.0
2030-04-19 10:30:00,-7386.68001979174
2030-04-19 10:45:00,-21155.509494897015
2030-04-19 11:00:00,-21392.390054650998
2030-04-19 11:15:00,-21883.61472427565
2030-04-19 11:30:00,-22364.589671290956
2030-04-19 11:45:00,-22720.453866935313
2030-04-19 12:00:00,-23258.36099841461
2030-04-19 12:15:00,-23397.305225386863
2030-04-19 12:30:00,-23441.0646112838
2030-04-19 12:45:00,-23164.634181101104
2030-04-19 13:00:00,-22860.280063876613
2030-04-19 13:15:00,-22733.14080047013
2030-04-19 13:30:00,-22559.03851057138
2030-04-19 13:45:00,-22360.68893455672
2030-04-19 14:00:00,-22027.780184436022
2030-04-19 14:15:00,-21505.49716311539
2030-04-19 14:30:00,-21042.078574224237
2030-04-19 14:45:00,-20688.46964770283
2030-04-19 15:00:00,-20075.955855881035
2030-04-19 15:15:00,-18858.84555822696
2030-04-19 15:30:00,-18029.365862282717
2030-04-19 15:45:00,-16776.981038281407
2030-04-19 16:00:00,-15380.414461721273
2030-04-19 16:15:00,-14142.8670812684
2030-04-19 16:30:00,-12443.124469943832
2030-04-19 16:45:00,-10545.104864044402
2030-04-19 17:00:00,-8684.031827588638
2030-04-19 17:15:00,-7199.3511276717
2030-04-19 17:30:00,-5459.623323587341
2030-04-19 17:45:00,-3863.373028061258
2030-04-19 18:00:00,-2411.986681931525
2030-04-19 18:15:00,-1186.7355383932008
2030-04-19 18:30:00,0.0
2030-04-19 18:45:00,0.0
2030-04-19 19:00:00,0.0
2030-04-19 19:15:00,0.0
2030-04-19 19:30:00,0.0
2030-04-19 19:45:00,0.0
2030-04-19 20:00:00,0.0
2030-04-19 20:15:00,0.0
2030-04-19 20:30:00,0.0
2030-04-19 20:45:00,0.0
2030-04-19 21:00:00,0.0
2030-04-19 21:15:00,0.0
2030-04-19 21:30:00,0.0
2030-04-19 21:45:00,0.0
2030-04-19 22:00:00,0.0
2030-04-19 22:15:00,0.0
2030-04-19 22:30:00,0.0
2030-04-19 22:45:00,0.0
2030-04-19 23:00:00,0.0
2030-04-19 23:15:00,0.0
2030-04-19 23:30:00,0.0
2030-04-19 23:45:00,0.0
2030-04-20 00:00:00,0.0
2030-04-20 00:15:00,0.0
2030-04-20 00:30:00,0.0
2030-04-20 00:45:00,0.0
2030-04-20 01:00:00,0.0
2030-04-20 01:15:00,0.0
2030-04-20 01:30:00,0.0
2030-04-20 01:45:00,0.0
2030-04-20 02:00:00,0.0
2030-04-20 02:15:00,0.0
2030-04-20 02:30:00,0.0
2030-04-20 02:45:00,0.0
2030-04-20 03:00:00,0.0
2030-04-20 03:15:00,0.0
2030-04-20 03:30:00,0.0
2030-04-20 03:45:00,0.0
2030-04-20 04:00:00,0.0
2030-04-20 04:15:00,0.0
2030-04-20 04:30:00,0.0
2030-04-20 04:45:00,0.0
2030-04-20 05:00:00,0.0
2030-04-20 05:15:00,0.0
2030-04-20 05:30:00,0.0
2030-04-20 05:45:00,0.0
2030-04-20 06:00:00,0.0
2030-04-20 06:15:00,0.0
2030-04-20 06:30:00,0.0
2030-04-20 06:45:00,0.0
2030-04-20 07:00:00,0.0
2030-04-20 07:15:00,0.0
2030-04-20 07:30:00,0.0
2030-04-20 07:45:00,0.0
2030-04-20 08:00:00,0.0
2030-04-20 08:15:00,0.0
2030-04-20 08:30:00,0.0
2030-04-20 08:45:00,0.0
2030-04-20 09:00:00,0.0
2030-04-20 09:15:00,0.0
2030-04-20 09:30:00,0.0
2030-04-20 09:45:00,0.0
2030-04-20 10:00:00,0.0
2030-04-20 10:15:00,0.0
2030-04-20 10:30:00,0.0
2030-04-20 10:45:00,-3975.373652741793
2030-04-20 11:00:00,-19311.04067818053
2030-04-20 11:15:00,-19814.52251736694
2030-04-20 11:30:00,-19934.448651637736
2030-04-20 11:45:00,-20092.760163335624
2030-04-20 12:00:00,-20090.2119312596
2030-04-20 12:15:00,-20414.33592060855
2030-04-20 12:30:00,-20681.33681038804
2030-04-20 12:45:00,-20648.237980953636
2030-04-20 13:00:00,-20656.940938291373
2030-04-20 13:15:00,-20353.738356165803
2030-04-20 13:30:00,-20067.260377759736
2030-04-20 13:45:00,-19746.65638316643
2030-04-20 14:00:00,-18928.804753336026
2030-04-20 14:15:00,-18397.44702288415
2030-04-20 14:30:00,-17705.76543216636
2030-04-20 14:45:00,-16665.939118715127
2030-04-20 15:00:00,-15416.947791100509
2030-04-20 15:15:00,-14369.400662677359
2030-04-20 15:30:00,-13123.411176877358
2030-04-20 15:45:00,-11879.43836905315
2030-04-20 16:00:00,-10305.742314798495
2030-04-20 16:15:00,-8524.987843658877
2030-04-20 16:30:00,-6973.824223893462
2030-04-20 16:45:00,-5109.248181366285
2030-04-20 17:00:00,-3395.03680511492
2030-04-20 17:15:00,-1387.0643611103187
2030-04-20 17:30:00,0.0
2030-04-20 17:45:00,0.0
2030-04-20 18:00:00,0.0
2030-04-20 18:15:00,0.0
2030-04-20 18:30:00,0.0
2030-04-20 18:45:00,0.0
2030-04-20 19:00:00,0.0
2030-04-20 19:15:00,0.0
2030-04-20 19:30:00,0.0
2030-04-20 19:45:00,0.0
2030-04-20 20:00:00,0.0
2030-04-20 20:15:00,0.0
2030-04-20 20:30:00,0.0
2030-04-20 20:45:00,0.0
2030-04-20 21:00:00,0.0
2030-04-20 21:15:00,0.0
2030-04-20 21:30:00,0.0
2030-04-20 21:45:00,0.0
2030-04-20 22:00:00,0.0
2030-04-20 22:15:00,0.0
2030-04-20 22:30:00,0.0
2030-04-20 22:45:00,0.0
2030-04-20 23:00:00,0.0
2030-04-20 23:15:00,0.0
2030-04-20 23:30:00,0.0
2030-04-20 23:45:00,0.0
2030-04-21 00:00:00,0.0
2030-04-21 00:15:00,0.0
2030-04-21 00:30:00,0.0
2030-04-21 00:45:00,0.0
2030-04-21 01:00:00,0.0
2030-04-21 01:15:00,0.0
2030-04-21 01:30:00,0.0
2030-04-21 01:45:00,0.0
2030-04-21 02:00:00,0.0
2030-04-21 02:15:00,0.0
2030-04-21 02:30:00,0.0
2030-04-21 02:45:00,0.0
2030-04-21 03:00:00,0.0
2030-04-21 03:15:00,0.0
2030-04-21 03:30:00,0.0
2030-04-21 03:45:00,0.0
2030-04-21 04:00:00,0.0
2030-04-21 04:15:00,0.0
2030-04-21 04:30:00,0.0
2030-04-21 04:45:00,0.0
2030-04-21 05:00:00,0.0
2030-04-21 05:15:00,0.0
2030-04-21 05:30:00,0.0
2030-04-21 05:45:00,0.0
2030-04-21 06:00:00,0.0
2030-04-21 06:15:00,0.0
2030-04-21 06:30:00,0.0
2030-04-21 06:45:00,0.0
2030-04-21 07:00:00,0.0
2030-04-21 07:15:00,0.0
2030-04-21 07:30:00,-1862.529285463348
2030-04-21 07:45:00,-5935.894922990712
2030-04-21 08:00:00,-7401.849394357261
2030-04-21 08:15:00,-8515.743281231433
2030-04-21 08:30:00,-9815.802819389603
2030-04-21 08:45:00,-11352.180226244102
2030-04-21 09:00:00,-11459.135075325481
2030-04-21 09:15:00,-12315.0549458294
2030-04-21 09:30:00,-13610.648577070577
2030-04-21 09:45:00,-15224.22983517237
2030-04-21 10:00:00,-16832.750629842434
2030-04-21 10:15:00,-17686.76791560947
2030-04-21 10:30:00,-18378.835824551352
2030-04-21 10:45:00,-18911.120833344707
2030-04-21 11:00:00,-18830.143782865885
2030-04-21 11:15:00,-19580.33589277276
2030-04-21 11:30:00,-20115.64025542888
2030-04-21 11:45:00,-20723.531378649524
2030-04-21 12:00:00,-21203.259338943095
2030-04-21 12:15:00,-21286.86755133497
2030-04-21 12:30:00,-21362.265569936255
2030-04-21 12:45:00,-21363.401185938787
2030-04-21 13:00:00,-21197.737508678743
2030-04-21 13:15:00,-21096.68066890904
2030-04-21 13:30:00,-20580.085535977956
2030-04-21 13:45:00,-20498.369486020376
2030-04-21 14:00:00,-20006.288145996285
2030-04-21 14:15:00,-19276.11988803037
2030-04-21 14:30:00,-18697.111851568086
2030-04-21 14:45:00,-18182.78101277734
2030-04-21 15:00:00,-16749.43590667474
2030-04-21 15:15:00,-16079.062791273376
2030-04-21 15:30:00,-14934.889656285646
2030-04-21 15:45:00,-13763.913262363927
2030-04-21 16:00:00,-12020.82419422605
2030-04-21 16:15:00,-10542.457521416924
2030-04-21 16:30:00,-9044.843198827468
2030-04-21 16:45:00,-7860.162596084247
2030-04-21 17:00:00,-6120.577278025765
2030-04-21 17:15:00,-4251.982492992764
2030-04-21 17:30:00,-2818.3283230182315
2030-04-21 17:45:00,-1245.020252066457
2030-04-21 18:00:00,0.0
2030-04-21 18:15:00,0.0
2030-04-21 18:30:00,0.0
2030-04-21 18:45:00,0.0
2030-04-21 19:00:00,0.0
2030-04-21 19:15:00,0.0
2030-04-21 19:30:00,0.0
2030-04-21 19:45:00,0.0
2030-04-21 20:00:00,0.0
2030-04-21 20:15:00,0.0
2030-04-21 20:30:00,0.0
2030-04-21 20:45:00,0.0
2030-04-21 21:00:00,0.0
2030-04-21 21:15:00,0.0
2030-04-21 21:30:00,0.0
2030-04-21 21:45:00,0.0
2030-04-21 22:00:00,0.0
2030-04-21 22:15:00,0.0
2030-04-21 22:30:00,0.0
2030-04-21 22:45:00,-237.7480281430071
2030-04-21 23:00:00,-1313.7189070033055
2030-04-21 23:15:00,-1448.989176862684
2030-04-21 23:30:00,-1361.031532521214
2030-04-21 23:45:00,-1492.0437563257274
2030-04-22 00:00:00,-1787.2013788358454
2030-04-22 00:15:00,-1693.8412451530585
2030-04-22 00:30:00,-1666.983118899123
2030-04-22 00:45:00,-1721.7002649330352
2030-04-22 01:00:00,-2080.220685126662
2030-04-22 01:15:00,-2164.5456443546464
2030-04-22 01:30:00,-2380.404449374051
2030-04-22 01:45:00,-2678.477807703566
2030-04-22 02:00:00,-2807.5429065101544
2030-04-22 02:15:00,-2949.702675583276
2030-04-22 02:30:00,-2948.396288688189
2030-04-22 02:45:00,-2905.0666247345926
2030-04-22 03:00:00,-3052.3763635631913
2030-04-22 03:15:00,-2998.9415544523745
2030-04-22 03:30:00,-3072.69367191725
2030-04-22 03:45:00,-3236.6515460484006
2030-04-22 04:00:00,-3141.820518430657
2030-04-22 04:15:00,-2998.010505492304
2030-04-22 04:30:00,-2863.1900957368034
2030-04-22 04:45:00,-2865.683880601331
2030-04-22 05:00:00,-2824.0187075569447
2030-04-22 05:15:00,-2949.55049204275
2030-04-22 05:30:00,-3063.338623301952
2030-04-22 05:45:00,-3322.9283010078234
2030-04-22 06:00:00,-3711.4037797210985
2030-04-22 06:15:00,-4433.999385758818
2030-04-22 06:30:00,-5045.768395444513
2030-04-22 06:45:00,-5677.250167821652
2030-04-22 07:00:00,-6086.679049284352
2030-04-22 07:15:00,-6773.65593968694
2030-04-22 07:30:00,-7704.279320815798
2030-04-22 07:45:00,-8408.09191281299
2030-04-22 08:00:00,-9017.021540876867
2030-04-22 08:15:00,-9994.355832566172
2030-04-22 08:30:00,-10876.668302286165
2030-04-22 08:45:00,-11978.680570660734
2030-04-22 09:00:00,-13096.718535176875
2030-04-22 09:15:00,-14234.616490715813
2030-04-22 09:30:00,-15520.455543415508
2030-04-22 09:45:00,-16675.507519304036
2030-04-22 10:00:00,-17593.865590913123
2030-04-22 10:15:00,-18586.301271322067
2030-04-22 10:30:00,-19345.12210679192
2030-04-22 10:45:00,-19806.7367029541
2030-04-22 11:00:00,-20993.289334254936
2030-04-22 11:15:00,-22008.056405841337
2030-04-22 11:30:00,-22271.212671627483
2030-04-22 11:45:00,-22794.886990616535
2030-04-22 12:00:00,-23184.43656830198
2030-04-22 12:15:00,-23691.275868483932
2030-04-22 12:30:00,-23828.708957397976
2030-04-22 12:45:00,-23325.621702525415
2030-04-22 13:00:00,-23109.67589269043
2030-04-22 13:15:00,-22849.81632039754
2030-04-22 13:30:00,-22338.592099459835
2030-04-22 13:45:00,-21725.968927990525
2030-04-22 14:00:00,-21154.888549427924
2030-04-22 14:15:00,-20146.283652611804
2030-04-22 14:30:00,-19483.742710540897
2030-04-22 14:45:00,-18451.738050859974
2030-04-22 15:00:00,-17219.67475576964
2030-04-22 15:15:00,-15802.201763423087
2030-04-22 15:30:00,-14533.222484489632
2030-04-22 15:45:00,-13060.799090759268
2030-04-22 16:00:00,-11647.132452121252
2030-04-22 16:15:00,-10210.39230314481
2030-04-22 16:30:00,-8425.104253386236
2030-04-22 16:45:00,-6842.548711632346
2030-04-22 17:00:00,-5038.797485295163
2030-04-22 17:15:00,-3331.270722761983
2030-04-22 17:30:00,-1827.99891901531
2030-04-22 17:45:00,-614.7432733851965
2030-04-22 18:00:00,0.0
2030-04-22 18:15:00,0.0
2030-04-22 18:30:00,0.0
2030-04-22 18:45:00,0.0
2030-04-22 19:00:00,0.0
2030-04-22 19:15:00,0.0
2030-04-22 19:30:00,0.0
2030-04-22 19:45:00,0.0
2030-04-22 20:00:00,0.0
2030-04-22 20:15:00,0.0
2030-04-22 20:30:00,0.0
2030-04-22 20:45:00,0.0
2030-04-22 21:00:00,0.0
2030-04-22 21:15:00,0.0
2030-04-22 21:30:00,0.0
2030-04-22 21:45:00,0.0
2030-04-22 22:00:00,0.0
2030-04-22 22:15:00,0.0
2030-04-22 22:30:00,0.0
2030-04-22 22:45:00,0.0
2030-04-22 23:00:00,0.0
2030-04-22 23:15:00,0.0
2030-04-22 23:30:00,0.0
2030-04-22 23:45:00,0.0
2030-04-23 00:00:00,0.0
2030-04-23 00:15:00,0.0
2030-04-23 00:30:00,0.0
2030-04-23 00:45:00,0.0
2030-04-23 01:00:00,0.0
2030-04-23 01:15:00,0.0
2030-04-23 01:30:00,0.0
2030-04-23 01:45:00,0.0
2030-04-23 02:00:00,0.0
2030-04-23 02:15:00,0.0
2030-04-23 02:30:00,0.0
2030-04-23 02:45:00,0.0
2030-04-23 03:00:00,0.0
2030-04-23 03:15:00,0.0
2030-04-23 03:30:00,0.0
2030-04-23 03:45:00,0.0
2030-04-23 04:00:00,0.0
2030-04-23 04:15:00,0.0
2030-04-23 04:30:00,0.0
2030-04-23 04:45:00,0.0
2030-04-23 05:00:00,0.0
2030-04-23 05:15:00,0.0
2030-04-23 05:30:00,0.0
2030-04-23 05:45:00,0.0
2030-04-23 06:00:00,0.0
2030-04-23 06:15:00,0.0
2030-04-23 06:30:00,0.0
2030-04-23 06:45:00,0.0
2030-04-23 07:00:00,0.0
2030-04-23 07:15:00,0.0
2030-04-23 07:30:00,0.0
2030-04-23 07:45:00,0.0
2030-04-23 08:00:00,0.0
2030-04-23 08:15:00,0.0
2030-04-23 08:30:00,0.0
2030-04-23 08:45:00,0.0
2030-04-23 09:00:00,0.0
2030-04-23 09:15:00,0.0
2030-04-23 09:30:00,0.0
2030-04-23 09:45:00,0.0
2030-04-23 10:00:00,0.0
2030-04-23 10:15:00,0.0
2030-04-23 10:30:00,0.0
2030-04-23 10:45:00,0.0
2030-04-23 11:00:00,0.0
2030-04-23 11:15:00,0.0
2030-04-23 11:30:00,0.0
2030-04-23 11:45:00,0.0
2030-04-23 12:00:00,0.0
2030-04-23 12:15:00,0.0
2030-04-23 12:30:00,0.0
2030-04-23 12:45:00,0.0
2030-04-23 13:00:00,0.0
2030-04-23 13:15:00,0.0
2030-04-23 13:30:00,0.0
2030-04-23 13:45:00,0.0
2030-04-23 14:00:00,0.0
2030-04-23 14:15:00,0.0
2030-04-23 14:30:00,-4180.2322060383285
2030-04-23 14:45:00,-5854.683597364701
2030-04-23 15:00:00,-4718.980059907986
2030-04-23 15:15:00,-3867.7048935289567
2030-04-23 15:30:00,-2999.7985019334847
2030-04-23 15:45:00,-1897.0492470370373
2030-04-23 16:00:00,-917.3387748885616
2030-04-23 16:15:00,-211.72503963024428
2030-04-23 16:30:00,0.0
2030-04-23 16:45:00,0.0
2030-04-23 17:00:00,0.0
2030-04-23 17:15:00,0.0
2030-04-23 17:30:00,0.0
2030-04-23 17:45:00,0.0
2030-04-23 18:00:00,0.0
2030-04-23 18:15:00,0.0
2030-04-23 18:30:00,0.0
2030-04-23 18:45:00,0.0
2030-04-23 19:00:00,0.0
2030-04-23 19:15:00,0.0
2030-04-23 19:30:00,0.0
2030-04-23 19:45:00,0.0
2030-04-23 20:00:00,0.0
2030-04-23 20:15:00,0.0
2030-04-23 20:30:00,0.0
2030-04-23 20:45:00,0.0
2030-04-23 21:00:00,0.0
2030-04-23 21:15:00,0.0
2030-04-23 21:30:00,0.0
2030-04-23 21:45:00,0.0
2030-04-23 22:00:00,0.0
2030-04-23 22:15:00,0.0
2030-04-23 22:30:00,0.0
2030-04-23 22:45:00,0.0
2030-04-23 23:00:00,0.0
2030-04-23 23:15:00,0.0
2030-04-23 23:30:00,0.0
2030-04-23 23:45:00,0.0
2030-04-24 00:00:00,0.0
2030-04-24 00:15:00,0.0
2030-04-24 00:30:00,0.0
2030-04-24 00:45:00,0.0
2030-04-24 01:00:00,0.0
2030-04-24 01:15:00,0.0
2030-04-24 01:30:00,0.0
2030-04-24 01:45:00,0.0
2030-04-24 02:00:00,0.0
2030-04-24 02:15:00,0.0
2030-04-24 02:30:00,0.0
2030-04-24 02:45:00,0.0
2030-04-24 03:00:00,0.0
2030-04-24 03:15:00,0.0
2030-04-24 03:30:00,0.0
2030-04-24 03:45:00,0.0
2030-04-24 04:00:00,0.0
2030-04-24 04:15:00,0.0
2030-04-24 04:30:00,0.0
2030-04-24 04:45:00,0.0
2030-04-24 05:00:00,0.0
2030-04-24 05:15:00,0.0
2030-04-24 05:30:00,0.0
2030-04-24 05:45:00,0.0
2030-04-24 06:00:00,0.0
2030-04-24 06:15:00,0.0
2030-04-24 06:30:00,0.0
2030-04-24 06:45:00,0.0
2030-04-24 07:00:00,0.0
2030-04-24 07:15:00,0.0
2030-04-24 07:30:00,0.0
2030-04-24 07:45:00,0.0
2030-04-24 08:00:00,0.0
2030-04-24 08:15:00,0.0
2030-04-24 08:30:00,0.0
2030-04-24 08:45:00,0.0
2030-04-24 09:00:00,0.0
2030-04-24 09:15:00,0.0
2030-04-24 09:30:00,0.0
2030-04-24 09:45:00,0.0
2030-04-24 10:00:00,0.0
2030-04-24 10:15:00,0.0
2030-04-24 10:30:00,0.0
2030-04-24 10:45:00,0.0
2030-04-24 11:00:00,0.0
2030-04-24 11:15:00,0.0
2030-04-24 11:30:00,0.0
2030-04-24 11:45:00,0.0
2030-04-24 12:00:00,-604.5995926337164
2030-04-24 12:15:00,-16343.013214559385
2030-04-24 12:30:00,-16204.866610707984
2030-04-24 12:45:00,-15615.439527075981
2030-04-24 13:00:00,-15697.473574765536
2030-04-24 13:15:00,-15572.71590319087
2030-04-24 13:30:00,-15468.455594157218
2030-04-24 13:45:00,-15625.06701533467
2030-04-24 14:00:00,-15545.44126950435
2030-04-24 14:15:00,-15318.806966776618
2030-04-24 14:30:00,-15326.70703807279
2030-04-24 14:45:00,-14816.987199108971
2030-04-24 15:00:00,-14109.3106182927
2030-04-24 15:15:00,-13619.81462820292
2030-04-24 15:30:00,-12898.75252564811
2030-04-24 15:45:00,-12234.398571647049
2030-04-24 16:00:00,-11040.615337924275
2030-04-24 16:15:00,-10645.650772673136
2030-04-24 16:30:00,-9844.013455592452
2030-04-24 16:45:00,-8973.393620116913
2030-04-24 17:00:00,-7901.838984166599
2030-04-24 17:15:00,-6623.443770367921
2030-04-24 17:30:00,-5346.4950108344565
2030-04-24 17:45:00,-4095.1263929379747
2030-04-24 18:00:00,-2901.0684225458244
2030-04-24 18:15:00,-1974.4904186547574
2030-04-24 18:30:00,-1005.9674208067227
2030-04-24 18:45:00,-98.82950769415038
2030-04-24 19:00:00,0.0
2030-04-24 19:15:00,0.0
2030-04-24 19:30:00,0.0
2030-04-24 19:45:00,0.0
2030-04-24 20:00:00,0.0
2030-04-24 20:15:00,0.0
2030-04-24 20:30:00,0.0
2030-04-24 20:45:00,0.0
2030-04-24 21:00:00,0.0
2030-04-24 21:15:00,0.0
2030-04-24 21:30:00,0.0
2030-04-24 21:45:00,0.0
2030-04-24 22:00:00,0.0
2030-04-24 22:15:00,0.0
2030-04-24 22:30:00,0.0
2030-04-24 22:45:00,0.0
2030-04-24 23:00:00,0.0
2030-04-24 23:15:00,0.0
2030-04-24 23:30:00,0.0
2030-04-24 23:45:00,0.0
2030-04-25 00:00:00,0.0
2030-04-25 00:15:00,0.0
2030-04-25 00:30:00,0.0
2030-04-25 00:45:00,0.0
2030-04-25 01:00:00,0.0
2030-04-25 01:15:00,0.0
2030-04-25 01:30:00,0.0
2030-04-25 01:45:00,0.0
2030-04-25 02:00:00,0.0
2030-04-25 02:15:00,0.0
2030-04-25 02:30:00,0.0
2030-04-25 02:45:00,0.0
2030-04-25 03:00:00,0.0
2030-04-25 03:15:00,0.0
2030-04-25 03:30:00,0.0
2030-04-25 03:45:00,0.0
2030-04-25 04:00:00,0.0
2030-04-25 04:15:00,0.0
2030-04-25 04:30:00,0.0
2030-04-25 04:45:00,0.0
2030-04-25 05:00:00,0.0
2030-04-25 05:15:00,0.0
2030-04-25 05:30:00,0.0
2030-04-25 05:45:00,0.0
2030-04-25 06:00:00,0.0
2030-04-25 06:15:00,0.0
2030-04-25 06:30:00,0.0
2030-04-25 06:45:00,0.0
2030-04-25 07:00:00,0.0
2030-04-25 07:15:00,0.0
2030-04-25 07:30:00,0.0
2030-04-25 07:45:00,0.0
2030-04-25 08:00:00,0.0
2030-04-25 08:15:00,0.0
2030-04-25 08:30:00,0.0
2030-04-25 08:45:00,0.0
2030-04-25 09:00:00,0.0
2030-04-25 09:15:00,0.0
2030-04-25 09:30:00,0.0
2030-04-25 09:45:00,0.0
2030-04-25 10:00:00,0.0
2030-04-25 10:15:00,0.0
2030-04-25 10:30:00,0.0
2030-04-25 10:45:00,0.0
2030-04-25 11:00:00,0.0
2030-04-25 11:15:00,0.0
2030-04-25 11:30:00,0.0
2030-04-25 11:45:00,0.0
2030-04-25 12:00:00,0.0
2030-04-25 12:15:00,0.0
2030-04-25 12:30:00,0.0
2030-04-25 12:45:00,-1442.098195073242
2030-04-25 13:00:00,-8874.302630848018
2030-04-25 13:15:00,-8354.50239730088
2030-04-25 13:30:00,-8980.88312551122
2030-04-25 13:45:00,-9022.178759860955
2030-04-25 14:00:00,-8808.723108120252
2030-04-25 14:15:00,-8592.00420958731
2030-04-25 14:30:00,-7885.792329718104
2030-04-25 14:45:00,-7304.740055648086
2030-04-25 15:00:00,-6876.560345096244
2030-04-25 15:15:00,-6271.1432041650805
2030-04-25 15:30:00,-5279.402016792988
2030-04-25 15:45:00,-4451.221357389
2030-04-25 16:00:00,-3282.3786129803702
2030-04-25 16:15:00,-2202.165096614739
2030-04-25 16:30:00,-1144.9278738680114
2030-04-25 16:45:00,0.0
2030-04-25 17:00:00,0.0
2030-04-25 17:15:00,0.0
2030-04-25 17:30:00,0.0
2030-04-25 17:45:00,0.0
2030-04-25 18:00:00,0.0
2030-04-25 18:15:00,0.0
2030-04-25 18:30:00,0.0
2030-04-25 18:45:00,0.0
2030-04-25 19:00:00,0.0
2030-04-25 19:15:00,0.0
2030-04-25 19:30:00,0.0
2030-04-25 19:45:00,0.0
2030-04-25 20:00:00,0.0
2030-04-25 20:15:00,0.0
2030-04-25 20:30:00,0.0
2030-04-25 20:45:00,0.0
2030-04-25 21:00:00,0.0
2030-04-25 21:15:00,0.0
2030-04-25 21:30:00,0.0
2030-04-25 21:45:00,0.0
2030-04-25 22:00:00,0.0
2030-04-25 22:15:00,0.0
2030-04-25 22:30:00,0.0
2030-04-25 22:45:00,0.0
2030-04-25 23:00:00,0.0
2030-04-25 23:15:00,0.0
2030-04-25 23:30:00,0.0
2030-04-25 23:45:00,0.0
2030-04-26 00:00:00,0.0
2030-04-26 00:15:00,0.0
2030-04-26 00:30:00,0.0
2030-04-26 00:45:00,0.0
2030-04-26 01:00:00,0.0
2030-04-26 01:15:00,0.0
2030-04-26 01:30:00,0.0
2030-04-26 01:45:00,0.0
2030-04-26 02:00:00,0.0
2030-04-26 02:15:00,0.0
2030-04-26 02:30:00,0.0
2030-04-26 02:45:00,0.0
2030-04-26 03:00:00,0.0
2030-04-26 03:15:00,0.0
2030-04-26 03:30:00,0.0
2030-04-26 03:45:00,0.0
2030-04-26 04:00:00,0.0
2030-04-26 04:15:00,0.0
2030-04-26 04:30:00,0.0
2030-04-26 04:45:00,0.0
2030-04-26 05:00:00,0.0
2030-04-26 05:15:00,0.0
2030-04-26 05:30:00,0.0
2030-04-26 05:45:00,0.0
2030-04-26 06:00:00,0.0
2030-04-26 06:15:00,6870.87999808542
2030-04-26 06:30:00,0.0
2030-04-26 06:45:00,0.0
2030-04-26 07:00:00,0.0
2030-04-26 07:15:00,0.0
2030-04-26 07:30:00,0.0
2030-04-26 07:45:00,0.0
2030-04-26 08:00:00,0.0
2030-04-26 08:15:00,0.0
2030-04-26 08:30:00,0.0
2030-04-26 08:45:00,0.0
2030-04-26 09:00:00,0.0
2030-04-26 09:15:00,0.0
2030-04-26 09:30:00,0.0
2030-04-26 09:45:00,0.0
2030-04-26 10:00:00,0.0
2030-04-26 10:15:00,0.0
2030-04-26 10:30:00,0.0
2030-04-26 10:45:00,0.0
2030-04-26 11:00:00,0.0
2030-04-26 11:15:00,0.0
2030-04-26 11:30:00,0.0
2030-04-26 11:45:00,0.0
2030-04-26 12:00:00,0.0
2030-04-26 12:15:00,0.0
2030-04-26 12:30:00,0.0
2030-04-26 12:45:00,0.0
2030-04-26 13:00:00,0.0
2030-04-26 13:15:00,0.0
2030-04-26 13:30:00,0.0
2030-04-26 13:45:00,0.0
2030-04-26 14:00:00,0.0
2030-04-26 14:15:00,0.0
2030-04-26 14:30:00,0.0
2030-04-26 14:45:00,0.0
2030-04-26 15:00:00,0.0
2030-04-26 15:15:00,0.0
2030-04-26 15:30:00,0.0
2030-04-26 15:45:00,0.0
2030-04-26 16:00:00,0.0
2030-04-26 16:15:00,0.0
2030-04-26 16:30:00,0.0
2030-04-26 16:45:00,0.0
2030-04-26 17:00:00,0.0
2030-04-26 17:15:00,0.0
2030-04-26 17:30:00,0.0
2030-04-26 17:45:00,0.0
2030-04-26 18:00:00,0.0
2030-04-26 18:15:00,499.4606831187757
2030-04-26 18:30:00,2279.4023496007558
2030-04-26 18:45:00,3176.436279886704
2030-04-26 19:00:00,3979.8252477625174
2030-04-26 19:15:00,4011.822427491894
2030-04-26 19:30:00,3945.3732525676205
2030-04-26 19:45:00,3645.656181849845
2030-04-26 20:00:00,3262.2906509058557
2030-04-26 20:15:00,3145.768506418377
2030-04-26 20:30:00,3099.387826980912
2030-04-26 20:45:00,2911.221707889592
2030-04-26 21:00:00,2800.973529589741
2030-04-26 21:15:00,2651.262445327564
2030-04-26 21:30:00,2202.3666610483797
2030-04-26 21:45:00,1648.2317800881647
2030-04-26 22:00:00,1132.9533512750004
2030-04-26 22:15:00,930.8287303982252
2030-04-26 22:30:00,618.0240747848547
2030-04-26 22:45:00,280.751702898182
2030-04-26 23:00:00,0.0
2030-04-26 23:15:00,0.0
2030-04-26 23:30:00,0.0
2030-04-26 23:45:00,0.0
2030-04-27 00:00:00,0.0
2030-04-27 00:15:00,0.0
2030-04-27 00:30:00,0.0
2030-04-27 00:45:00,0.0
2030-04-27 01:00:00,0.0
2030-04-27 01:15:00,0.0
2030-04-27 01:30:00,0.0
2030-04-27 01:45:00,0.0
2030-04-27 02:00:00,0.0
2030-04-27 02:15:00,0.0
2030-04-27 02:30:00,0.0
2030-04-27 02:45:00,0.0
2030-04-27 03:00:00,0.0
2030-04-27 03:15:00,0.0
2030-04-27 03:30:00,0.0
2030-04-27 03:45:00,0.0
2030-04-27 04:00:00,0.0
2030-04-27 04:15:00,0.0
2030-04-27 04:30:00,0.0
2030-04-27 04:45:00,0.0
2030-04-27 05:00:00,0.0
2030-04-27 05:15:00,0.0
2030-04-27 05:30:00,0.0
2030-04-27 05:45:00,0.0
2030-04-27 06:00:00,0.0
2030-04-27 06:15:00,0.0
2030-04-27 06:30:00,0.0
2030-04-27 06:45:00,0.0
2030-04-27 07:00:00,0.0
2030-04-27 07:15:00,0.0
2030-04-27 07:30:00,0.0
2030-04-27 07:45:00,0.0
2030-04-27 08:00:00,0.0
2030-04-27 08:15:00,0.0
2030-04-27 08:30:00,0.0
2030-04-27 08:45:00,0.0
2030-04-27 09:00:00,0.0
2030-04-27 09:15:00,0.0
2030-04-27 09:30:00,0.0
2030-04-27 09:45:00,0.0
2030-04-27 10:00:00,0.0
2030-04-27 10:15:00,0.0
2030-04-27 10:30:00,0.0
2030-04-27 10:45:00,0.0
2030-04-27 11:00:00,0.0
2030-04-27 11:15:00,0.0
2030-04-27 11:30:00,0.0
2030-04-27 11:45:00,0.0
2030-04-27 12:00:00,0.0
2030-04-27 12:15:00,0.0
2030-04-27 12:30:00,0.0
2030-04-27 12:45:00,0.0
2030-04-27 13:00:00,0.0
2030-04-27 13:15:00,0.0
2030-04-27 13:30:00,0.0
2030-04-27 13:45:00,0.0
2030-04-27 14:00:00,0.0
2030-04-27 14:15:00,0.0
2030-04-27 14:30:00,0.0
2030-04-27 14:45:00,0.0
2030-04-27 15:00:00,0.0
2030-04-27 15:15:00,0.0
2030-04-27 15:30:00,0.0
2030-04-27 15:45:00,0.0
2030-04-27 16:00:00,0.0
2030-04-27 16:15:00,0.0
2030-04-27 16:30:00,0.0
2030-04-27 16:45:00,0.0
2030-04-27 17:00:00,0.0
2030-04-27 17:15:00,0.0
2030-04-27 17:30:00,0.0
2030-04-27 17:45:00,0.0
2030-04-27 18:00:00,0.0
2030-04-27 18:15:00,0.0
2030-04-27 18:30:00,0.0
2030-04-27 18:45:00,0.0
2030-04-27 19:00:00,0.0
2030-04-27 19:15:00,0.0
2030-04-27 19:30:00,0.0
2030-04-27 19:45:00,0.0
2030-04-27 20:00:00,0.0
2030-04-27 20:15:00,0.0
2030-04-27 20:30:00,15006.682122546594
2030-04-27 20:45:00,3882.4078651545387
2030-04-27 21:00:00,3414.965470054094
2030-04-27 21:15:00,3125.4029489080203
2030-04-27 21:30:00,2723.4010855031083
2030-04-27 21:45:00,2088.5215684942377
2030-04-27 22:00:00,1788.7131884991286
2030-04-27 22:15:00,1350.8045016638098
2030-04-27 22:30:00,1026.3294686525333
2030-04-27 22:45:00,637.5795898621182
2030-04-27 23:00:00,213.3242425953922
2030-04-27 23:15:00,0.0
2030-04-27 23:30:00,0.0
2030-04-27 23:45:00,0.0
2030-04-28 00:00:00,0.0
2030-04-28 00:15:00,0.0
2030-04-28 00:30:00,0.0
2030-04-28 00:45:00,0.0
2030-04-28 01:00:00,0.0
2030-04-28 01:15:00,0.0
2030-04-28 01:30:00,0.0
2030-04-28 01:45:00,0.0
2030-04-28 02:00:00,0.0
2030-04-28 02:15:00,0.0
2030-04-28 02:30:00,0.0
2030-04-28 02:45:00,0.0
2030-04-28 03:00:00,0.0
2030-04-28 03:15:00,0.0
2030-04-28 03:30:00,0.0
2030-04-28 03:45:00,0.0
2030-04-28 04:00:00,0.0
2030-04-28 04:15:00,0.0
2030-04-28 04:30:00,0.0
2030-04-28 04:45:00,0.0
2030-04-28 05:00:00,0.0
2030-04-28 05:15:00,0.0
2030-04-28 05:30:00,0.0
2030-04-28 05:45:00,0.0
2030-04-28 06:00:00,0.0
2030-04-28 06:15:00,0.0
2030-04-28 06:30:00,0.0
2030-04-28 06:45:00,0.0
2030-04-28 07:00:00,0.0
2030-04-28 07:15:00,0.0
2030-04-28 07:30:00,0.0
2030-04-28 07:45:00,0.0
2030-04-28 08:00:00,0.0
2030-04-28 08:15:00,0.0
2030-04-28 08:30:00,0.0
2030-04-28 08:45:00,0.0
2030-04-28 09:00:00,0.0
2030-04-28 09:15:00,0.0
2030-04-28 09:30:00,0.0
2030-04-28 09:45:00,0.0
2030-04-28 10:00:00,0.0
2030-04-28 10:15:00,0.0
2030-04-28 10:30:00,0.0
2030-04-28 10:45:00,0.0
2030-04-28 11:00:00,0.0
2030-04-28 11:15:00,0.0
2030-04-28 11:30:00,0.0
2030-04-28 11:45:00,0.0
2030-04-28 12:00:00,0.0
2030-04-28 12:15:00,0.0
2030-04-28 12:30:00,0.0
2030-04-28 12:45:00,0.0
2030-04-28 13:00:00,0.0
2030-04-28 13:15:00,0.0
2030-04-28 13:30:00,0.0
2030-04-28 13:45:00,0.0
2030-04-28 14:00:00,0.0
2030-04-28 14:15:00,0.0
2030-04-28 14:30:00,0.0
2030-04-28 14:45:00,0.0
2030-04-28 15:00:00,0.0
2030-04-28 15:15:00,0.0
2030-04-28 15:30:00,0.0
2030-04-28 15:45:00,0.0
2030-04-28 16:00:00,0.0
2030-04-28 16:15:00,0.0
2030-04-28 16:30:00,0.0
2030-04-28 16:45:00,0.0
2030-04-28 17:00:00,0.0
2030-04-28 17:15:00,0.0
2030-04-28 17:30:00,0.0
2030-04-28 17:45:00,0.0
2030-04-28 18:00:00,0.0
2030-04-28 18:15:00,0.0
2030-04-28 18:30:00,0.0
2030-04-28 18:45:00,0.0
2030-04-28 19:00:00,0.0
2030-04-28 19:15:00,0.0
2030-04-28 19:30:00,0.0
2030-04-28 19:45:00,0.0
2030-04-28 20:00:00,0.0
2030-04-28 20:15:00,1217.4144850500543
2030-04-28 20:30:00,66.22400889587152
2030-04-28 20:45:00,0.0
2030-04-28 21:00:00,0.0
2030-04-28 21:15:00,0.0
2030-04-28 21:30:00,0.0
2030-04-28 21:45:00,0.0
2030-04-28 22:00:00,0.0
2030-04-28 22:15:00,0.0
2030-04-28 22:30:00,0.0
2030-04-28 22:45:00,0.0
2030-04-28 23:00:00,0.0
2030-04-28 23:15:00,0.0
2030-04-28 23:30:00,0.0
2030-04-28 23:45:00,0.0
2030-04-29 00:00:00,0.0
2030-04-29 00:15:00,0.0
2030-04-29 00:30:00,0.0
2030-04-29 00:45:00,0.0
2030-04-29 01:00:00,0.0
2030-04-29 01:15:00,0.0
2030-04-29 01:30:00,0.0
2030-04-29 01:45:00,0.0
2030-04-29 02:00:00,0.0
2030-04-29 02:15:00,0.0
2030-04-29 02:30:00,0.0
2030-04-29 02:45:00,0.0
2030-04-29 03:00:00,0.0
2030-04-29 03:15:00,0.0
2030-04-29 03:30:00,0.0
2030-04-29 03:45:00,0.0
2030-04-29 04:00:00,0.0
2030-04-29 04:15:00,0.0
2030-04-29 04:30:00,0.0
2030-04-29 04:45:00,0.0
2030-04-29 05:00:00,0.0
2030-04-29 05:15:00,0.0
2030-04-29 05:30:00,0.0
2030-04-29 05:45:00,0.0
2030-04-29 06:00:00,0.0
2030-04-29 06:15:00,0.0
2030-04-29 06:30:00,0.0
2030-04-29 06:45:00,0.0
2030-04-29 07:00:00,0.0
2030-04-29 07:15:00,0.0
2030-04-29 07:30:00,0.0
2030-04-29 07:45:00,0.0
2030-04-29 08:00:00,0.0
2030-04-29 08:15:00,0.0
2030-04-29 08:30:00,0.0
2030-04-29 08:45:00,0.0
2030-04-29 09:00:00,0.0
2030-04-29 09:15:00,0.0
2030-04-29 09:30:00,0.0
2030-04-29 09:45:00,0.0
2030-04-29 10:00:00,0.0
2030-04-29 10:15:00,0.0
2030-04-29 10:30:00,0.0
2030-04-29 10:45:00,0.0
2030-04-29 11:00:00,0.0
2030-04-29 11:15:00,0.0
2030-04-29 11:30:00,0.0
2030-04-29 11:45:00,0.0
2030-04-29 12:00:00,0.0
2030-04-29 12:15:00,0.0
2030-04-29 12:30:00,0.0
2030-04-29 12:45:00,0.0
2030-04-29 13:00:00,0.0
2030-04-29 13:15:00,0.0
2030-04-29 13:30:00,0.0
2030-04-29 13:45:00,0.0
2030-04-29 14:00:00,0.0
2030-04-29 14:15:00,0.0
2030-04-29 14:30:00,0.0
2030-04-29 14:45:00,0.0
2030-04-29 15:00:00,0.0
2030-04-29 15:15:00,0.0
2030-04-29 15:30:00,0.0
2030-04-29 15:45:00,0.0
2030-04-29 16:00:00,0.0
2030-04-29 16:15:00,-3148.2343491052925
2030-04-29 16:30:00,-3067.8651609191256
2030-04-29 16:45:00,-1459.569224524079
2030-04-29 17:00:00,0.0
2030-04-29 17:15:00,0.0
2030-04-29 17:30:00,0.0
2030-04-29 17:45:00,0.0
2030-04-29 18:00:00,0.0
2030-04-29 18:15:00,0.0
2030-04-29 18:30:00,0.0
2030-04-29 18:45:00,0.0
2030-04-29 19:00:00,0.0
2030-04-29 19:15:00,0.0
2030-04-29 19:30:00,0.0
2030-04-29 19:45:00,0.0
2030-04-29 20:00:00,0.0
2030-04-29 20:15:00,0.0
2030-04-29 20:30:00,0.0
2030-04-29 20:45:00,0.0
2030-04-29 21:00:00,0.0
2030-04-29 21:15:00,0.0
2030-04-29 21:30:00,0.0
2030-04-29 21:45:00,0.0
2030-04-29 22:00:00,0.0
2030-04-29 22:15:00,0.0
2030-04-29 22:30:00,0.0
2030-04-29 22:45:00,0.0
2030-04-29 23:00:00,0.0
2030-04-29 23:15:00,0.0
2030-04-29 23:30:00,0.0
2030-04-29 23:45:00,0.0
2030-04-30 00:00:00,0.0
2030-04-30 00:15:00,0.0
2030-04-30 00:30:00,0.0
2030-04-30 00:45:00,0.0
2030-04-30 01:00:00,0.0
2030-04-30 01:15:00,0.0
2030-04-30 01:30:00,0.0
2030-04-30 01:45:00,0.0
2030-04-30 02:00:00,0.0
2030-04-30 02:15:00,0.0
2030-04-30 02:30:00,0.0
2030-04-30 02:45:00,0.0
2030-04-30 03:00:00,0.0
2030-04-30 03:15:00,0.0
2030-04-30 03:30:00,0.0
2030-04-30 03:45:00,0.0
2030-04-30 04:00:00,0.0
2030-04-30 04:15:00,0.0
2030-04-30 04:30:00,0.0
2030-04-30 04:45:00,0.0
2030-04-30 05:00:00,0.0
2030-04-30 05:15:00,0.0
2030-04-30 05:30:00,0.0
2030-04-30 05:45:00,0.0
2030-04-30 06:00:00,0.0
2030-04-30 06:15:00,0.0
2030-04-30 06:30:00,0.0
2030-04-30 06:45:00,0.0
2030-04-30 07:00:00,0.0
2030-04-30 07:15:00,0.0
2030-04-30 07:30:00,0.0
2030-04-30 07:45:00,0.0
2030-04-30 08:00:00,0.0
2030-04-30 08:15:00,0.0
2030-04-30 08:30:00,0.0
2030-04-30 08:45:00,0.0
2030-04-30 09:00:00,0.0
2030-04-30 09:15:00,0.0
2030-04-30 09:30:00,0.0
2030-04-30 09:45:00,0.0
2030-04-30 10:00:00,0.0
2030-04-30 10:15:00,0.0
2030-04-30 10:30:00,0.0
2030-04-30 10:45:00,0.0
2030-04-30 11:00:00,0.0
2030-04-30 11:15:00,0.0
2030-04-30 11:30:00,0.0
2030-04-30 11:45:00,0.0
2030-04-30 12:00:00,0.0
2030-04-30 12:15:00,0.0
2030-04-30 12:30:00,0.0
2030-04-30 12:45:00,0.0
2030-04-30 13:00:00,0.0
2030-04-30 13:15:00,-5544.736206778227
2030-04-30 13:30:00,-13179.33468624159
2030-04-30 13:45:00,-12760.804917533842
2030-04-30 14:00:00,-13425.73814226346
2030-04-30 14:15:00,-13015.54294485002
2030-04-30 14:30:00,-12299.6876927017
2030-04-30 14:45:00,-11217.793202431867
2030-04-30 15:00:00,-10044.912653470386
2030-04-30 15:15:00,-9315.63715522863
2030-04-30 15:30:00,-8114.138565809508
2030-04-30 15:45:00,-7000.577424434787
2030-04-30 16:00:00,-6006.61026223085
2030-04-30 16:15:00,-5044.156285968456
2030-04-30 16:30:00,-3390.369787532609
2030-04-30 16:45:00,-1326.439138845486
2030-04-30 17:00:00,0.0
2030-04-30 17:15:00,0.0
2030-04-30 17:30:00,0.0
2030-04-30 17:45:00,0.0
2030-04-30 18:00:00,0.0
2030-04-30 18:15:00,0.0
2030-04-30 18:30:00,0.0
2030-04-30 18:45:00,0.0
2030-04-30 19:00:00,0.0
2030-04-30 19:15:00,0.0
2030-04-30 19:30:00,0.0
2030-04-30 19:45:00,0.0
2030-04-30 20:00:00,0.0
2030-04-30 20:15:00,0.0
2030-04-30 20:30:00,0.0
2030-04-30 20:45:00,0.0
2030-04-30 21:00:00,0.0
2030-04-30 21:15:00,0.0
2030-04-30 21:30:00,0.0
2030-04-30 21:45:00,0.0
2030-04-30 22:00:00,0.0
2030-04-30 22:15:00,0.0
2030-04-30 22:30:00,0.0
2030-04-30 22:45:00,0.0
2030-04-30 23:00:00,0.0
2030-04-30 23:15:00,0.0
2030-04-30 23:30:00,0.0
2030-04-30 23:45:00,0.0
2030-05-01 00:00:00,0.0
2030-05-01 00:15:00,0.0
2030-05-01 00:30:00,0.0
2030-05-01 00:45:00,0.0
2030-05-01 01:00:00,0.0
2030-05-01 01:15:00,0.0
2030-05-01 01:30:00,0.0
2030-05-01 01:45:00,0.0
2030-05-01 02:00:00,0.0
2030-05-01 02:15:00,0.0
2030-05-01 02:30:00,0.0
2030-05-01 02:45:00,0.0
2030-05-01 03:00:00,0.0
2030-05-01 03:15:00,0.0
2030-05-01 03:30:00,0.0
2030-05-01 03:45:00,0.0
2030-05-01 04:00:00,0.0
2030-05-01 04:15:00,0.0
2030-05-01 04:30:00,0.0
2030-05-01 04:45:00,0.0
2030-05-01 05:00:00,0.0
2030-05-01 05:15:00,0.0
2030-05-01 05:30:00,0.0
2030-05-01 05:45:00,0.0
2030-05-01 06:00:00,0.0
2030-05-01 06:15:00,0.0
2030-05-01 06:30:00,0.0
2030-05-01 06:45:00,0.0
2030-05-01 07:00:00,0.0
2030-05-01 07:15:00,0.0
2030-05-01 07:30:00,0.0
2030-05-01 07:45:00,0.0
2030-05-01 08:00:00,0.0
2030-05-01 08:15:00,0.0
2030-05-01 08:30:00,0.0
2030-05-01 08:45:00,0.0
2030-05-01 09:00:00,0.0
2030-05-01 09:15:00,0.0
2030-05-01 09:30:00,0.0
2030-05-01 09:45:00,0.0
2030-05-01 10:00:00,0.0
2030-05-01 10:15:00,0.0
2030-05-01 10:30:00,0.0
2030-05-01 10:45:00,0.0
2030-05-01 11:00:00,0.0
2030-05-01 11:15:00,0.0
2030-05-01 11:30:00,0.0
2030-05-01 11:45:00,0.0
2030-05-01 12:00:00,0.0
2030-05-01 12:15:00,0.0
2030-05-01 12:30:00,0.0
2030-05-01 12:45:00,0.0
2030-05-01 13:00:00,0.0
2030-05-01 13:15:00,0.0
2030-05-01 13:30:00,0.0
2030-05-01 13:45:00,0.0
2030-05-01 14:00:00,0.0
2030-05-01 14:15:00,0.0
2030-05-01 14:30:00,0.0
2030-05-01 14:45:00,0.0
2030-05-01 15:00:00,0.0
2030-05-01 15:15:00,0.0
2030-05-01 15:30:00,0.0
2030-05-01 15:45:00,0.0
2030-05-01 16:00:00,0.0
2030-05-01 16:15:00,0.0
2030-05-01 16:30:00,0.0
2030-05-01 16:45:00,0.0
2030-05-01 17:00:00,0.0
2030-05-01 17:15:00,0.0
2030-05-01 17:30:00,0.0
2030-05-01 17:45:00,0.0
2030-05-01 18:00:00,0.0
2030-05-01 18:15:00,0.0
2030-05-01 18:30:00,0.0
2030-05-01 18:45:00,0.0
2030-05-01 19:00:00,0.0
2030-05-01 19:15:00,0.0
2030-05-01 19:30:00,0.0
2030-05-01 19:45:00,0.0
2030-05-01 20:00:00,0.0
2030-05-01 20:15:00,0.0
2030-05-01 20:30:00,0.0
2030-05-01 20:45:00,0.0
2030-05-01 21:00:00,0.0
2030-05-01 21:15:00,0.0
2030-05-01 21:30:00,0.0
2030-05-01 21:45:00,0.0
2030-05-01 22:00:00,0.0
2030-05-01 22:15:00,0.0
2030-05-01 22:30:00,0.0
2030-05-01 22:45:00,0.0
2030-05-01 23:00:00,0.0
2030-05-01 23:15:00,0.0
2030-05-01 23:30:00,0.0
2030-05-01 23:45:00,0.0
2030-05-02 00:00:00,0.0
2030-05-02 00:15:00,0.0
2030-05-02 00:30:00,0.0
2030-05-02 00:45:00,0.0
2030-05-02 01:00:00,0.0
2030-05-02 01:15:00,0.0
2030-05-02 01:30:00,0.0
2030-05-02 01:45:00,0.0
2030-05-02 02:00:00,0.0
2030-05-02 02:15:00,0.0
2030-05-02 02:30:00,0.0
2030-05-02 02:45:00,0.0
2030-05-02 03:00:00,0.0
2030-05-02 03:15:00,0.0
2030-05-02 03:30:00,0.0
2030-05-02 03:45:00,0.0
2030-05-02 04:00:00,0.0
2030-05-02 04:15:00,2228.9507580440422
2030-05-02 04:30:00,0.0
2030-05-02 04:45:00,0.0
2030-05-02 05:00:00,0.0
2030-05-02 05:15:00,0.0
2030-05-02 05:30:00,0.0
2030-05-02 05:45:00,0.0
2030-05-02 06:00:00,0.0
2030-05-02 06:15:00,0.0
2030-05-02 06:30:00,0.0
2030-05-02 06:45:00,0.0
2030-05-02 07:00:00,0.0
2030-05-02 07:15:00,0.0
2030-05-02 07:30:00,0.0
2030-05-02 07:45:00,0.0
2030-05-02 08:00:00,0.0
2030-05-02 08:15:00,0.0
2030-05-02 08:30:00,0.0
2030-05-02 08:45:00,0.0
2030-05-02 09:00:00,0.0
2030-05-02 09:15:00,0.0
2030-05-02 09:30:00,0.0
2030-05-02 09:45:00,0.0
2030-05-02 10:00:00,0.0
2030-05-02 10:15:00,0.0
2030-05-02 10:30:00,0.0
2030-05-02 10:45:00,0.0
2030-05-02 11:00:00,0.0
2030-05-02 11:15:00,0.0
2030-05-02 11:30:00,0.0
2030-05-02 11:45:00,0.0
2030-05-02 12:00:00,0.0
2030-05-02 12:15:00,0.0
2030-05-02 12:30:00,0.0
2030-05-02 12:45:00,0.0
2030-05-02 13:00:00,0.0
2030-05-02 13:15:00,0.0
2030-05-02 13:30:00,0.0
2030-05-02 13:45:00,0.0
2030-05-02 14:00:00,0.0
2030-05-02 14:15:00,0.0
2030-05-02 14:30:00,0.0
2030-05-02 14:45:00,0.0
2030-05-02 15:00:00,0.0
2030-05-02 15:15:00,0.0
2030-05-02 15:30:00,0.0
2030-05-02 15:45:00,0.0
2030-05-02 16:00:00,0.0
2030-05-02 16:15:00,0.0
2030-05-02 16:30:00,0.0
2030-05-02 16:45:00,0.0
2030-05-02 17:00:00,0.0
2030-05-02 17:15:00,0.0
2030-05-02 17:30:00,0.0
2030-05-02 17:45:00,0.0
2030-05-02 18:00:00,0.0
2030-05-02 18:15:00,0.0
2030-05-02 18:30:00,0.0
2030-05-02 18:45:00,0.0
2030-05-02 19:00:00,0.0
2030-05-02 19:15:00,0.0
2030-05-02 19:30:00,0.0
2030-05-02 19:45:00,0.0
2030-05-02 20:00:00,0.0
2030-05-02 20:15:00,0.0
2030-05-02 20:30:00,0.0
2030-05-02 20:45:00,0.0
2030-05-02 21:00:00,4156.069646756498
2030-05-02 21:15:00,48.23394103478131
2030-05-02 21:30:00,0.0
2030-05-02 21:45:00,0.0
2030-05-02 22:00:00,0.0
2030-05-02 22:15:00,0.0
2030-05-02 22:30:00,0.0
2030-05-02 22:45:00,0.0
2030-05-02 23:00:00,0.0
2030-05-02 23:15:00,0.0
2030-05-02 23:30:00,0.0
2030-05-02 23:45:00,0.0
2030-05-03 00:00:00,0.0
2030-05-03 00:15:00,0.0
2030-05-03 00:30:00,0.0
2030-05-03 00:45:00,0.0
2030-05-03 01:00:00,0.0
2030-05-03 01:15:00,0.0
2030-05-03 01:30:00,0.0
2030-05-03 01:45:00,0.0
2030-05-03 02:00:00,0.0
2030-05-03 02:15:00,0.0
2030-05-03 02:30:00,0.0
2030-05-03 02:45:00,0.0
2030-05-03 03:00:00,0.0
2030-05-03 03:15:00,0.0
2030-05-03 03:30:00,0.0
2030-05-03 03:45:00,0.0
2030-05-03 04:00:00,0.0
2030-05-03 04:15:00,0.0
2030-05-03 04:30:00,0.0
2030-05-03 04:45:00,0.0
2030-05-03 05:00:00,0.0
2030-05-03 05:15:00,0.0
2030-05-03 05:30:00,0.0
2030-05-03 05:45:00,0.0
2030-05-03 06:00:00,0.0
2030-05-03 06:15:00,0.0
2030-05-03 06:30:00,0.0
2030-05-03 06:45:00,0.0
2030-05-03 07:00:00,0.0
2030-05-03 07:15:00,0.0
2030-05-03 07:30:00,0.0
2030-05-03 07:45:00,0.0
2030-05-03 08:00:00,0.0
2030-05-03 08:15:00,0.0
2030-05-03 08:30:00,0.0
2030-05-03 08:45:00,0.0
2030-05-03 09:00:00,0.0
2030-05-03 09:15:00,0.0
2030-05-03 09:30:00,0.0
2030-05-03 09:45:00,0.0
2030-05-03 10:00:00,0.0
2030-05-03 10:15:00,0.0
2030-05-03 10:30:00,0.0
2030-05-03 10:45:00,0.0
2030-05-03 11:00:00,0.0
2030-05-03 11:15:00,0.0
2030-05-03 11:30:00,0.0
2030-05-03 11:45:00,0.0
2030-05-03 12:00:00,0.0
2030-05-03 12:15:00,0.0
2030-05-03 12:30:00,0.0
2030-05-03 12:45:00,0.0
2030-05-03 13:00:00,0.0
2030-05-03 13:15:00,0.0
2030-05-03 13:30:00,0.0
2030-05-03 13:45:00,0.0
2030-05-03 14:00:00,0.0
2030-05-03 14:15:00,0.0
2030-05-03 14:30:00,0.0
2030-05-03 14:45:00,0.0
2030-05-03 15:00:00,0.0
2030-05-03 15:15:00,0.0
2030-05-03 15:30:00,0.0
2030-05-03 15:45:00,0.0
2030-05-03 16:00:00,0.0
2030-05-03 16:15:00,0.0
2030-05-03 16:30:00,0.0
2030-05-03 16:45:00,0.0
2030-05-03 17:00:00,0.0
2030-05-03 17:15:00,0.0
2030-05-03 17:30:00,0.0
2030-05-03 17:45:00,0.0
2030-05-03 18:00:00,0.0
2030-05-03 18:15:00,2463.6663018252457
2030-05-03 18:30:00,2266.4496146954043
2030-05-03 18:45:00,2924.5640599743674
2030-05-03 19:00:00,3546.198524798263
2030-05-03 19:15:00,3525.920882065624
2030-05-03 19:30:00,3415.6971936961927
2030-05-03 19:45:00,3315.517482240575
2030-05-03 20:00:00,3116.33806316719
2030-05-03 20:15:00,2648.427447828297
2030-05-03 20:30:00,2292.824243390496
2030-05-03 20:45:00,1891.3934557420434
2030-05-03 21:00:00,1808.6500910839786
2030-05-03 21:15:00,1581.640037835692
2030-05-03 21:30:00,1232.325565606865
2030-05-03 21:45:00,806.4466778816022
2030-05-03 22:00:00,361.1076973625659
2030-05-03 22:15:00,64.68352466726355
2030-05-03 22:30:00,0.0
2030-05-03 22:45:00,0.0
2030-05-03 23:00:00,0.0
2030-05-03 23:15:00,0.0
2030-05-03 23:30:00,0.0
2030-05-03 23:45:00,0.0
2030-05-04 00:00:00,0.0
2030-05-04 00:15:00,0.0
2030-05-04 00:30:00,0.0
2030-05-04 00:45:00,0.0
2030-05-04 01:00:00,0.0
2030-05-04 01:15:00,0.0
2030-05-04 01:30:00,0.0
2030-05-04 01:45:00,0.0
2030-05-04 02:00:00,0.0
2030-05-04 02:15:00,0.0
2030-05-04 02:30:00,0.0
2030-05-04 02:45:00,0.0
2030-05-04 03:00:00,0.0
2030-05-04 03:15:00,0.0
2030-05-04 03:30:00,0.0
2030-05-04 03:45:00,0.0
2030-05-04 04:00:00,0.0
2030-05-04 04:15:00,0.0
2030-05-04 04:30:00,0.0
2030-05-04 04:45:00,0.0
2030-05-04 05:00:00,0.0
2030-05-04 05:15:00,0.0
2030-05-04 05:30:00,0.0
2030-05-04 05:45:00,0.0
2030-05-04 06:00:00,0.0
2030-05-04 06:15:00,0.0
2030-05-04 06:30:00,0.0
2030-05-04 06:45:00,0.0
2030-05-04 07:00:00,0.0
2030-05-04 07:15:00,0.0
2030-05-04 07:30:00,0.0
2030-05-04 07:45:00,0.0
2030-05-04 08:00:00,0.0
2030-05-04 08:15:00,0.0
2030-05-04 08:30:00,0.0
2030-05-04 08:45:00,0.0
2030-05-04 09:00:00,0.0
2030-05-04 09:15:00,0.0
2030-05-04 09:30:00,0.0
2030-05-04 09:45:00,0.0
2030-05-04 10:00:00,0.0
2030-05-04 10:15:00,0.0
2030-05-04 10:30:00,0.0
2030-05-04 10:45:00,0.0
2030-05-04 11:00:00,0.0
2030-05-04 11:15:00,0.0
2030-05-04 11:30:00,0.0
2030-05-04 11:45:00,0.0
2030-05-04 12:00:00,0.0
2030-05-04 12:15:00,0.0
2030-05-04 12:30:00,0.0
2030-05-04 12:45:00,0.0
2030-05-04 13:00:00,0.0
2030-05-04 13:15:00,0.0
2030-05-04 13:30:00,0.0
2030-05-04 13:45:00,0.0
2030-05-04 14:00:00,0.0
2030-05-04 14:15:00,0.0
2030-05-04 14:30:00,0.0
2030-05-04 14:45:00,0.0
2030-05-04 15:00:00,0.0
2030-05-04 15:15:00,0.0
2030-05-04 15:30:00,0.0
2030-05-04 15:45:00,0.0
2030-05-04 16:00:00,0.0
2030-05-04 16:15:00,0.0
2030-05-04 16:30:00,0.0
2030-05-04 16:45:00,0.0
2030-05-04 17:00:00,0.0
2030-05-04 17:15:00,0.0
2030-05-04 17:30:00,0.0
2030-05-04 17:45:00,0.0
2030-05-04 18:00:00,0.0
2030-05-04 18:15:00,0.0
2030-05-04 18:30:00,0.0
2030-05-04 18:45:00,0.0
2030-05-04 19:00:00,0.0
2030-05-04 19:15:00,0.0
2030-05-04 19:30:00,0.0
2030-05-04 19:45:00,0.0
2030-05-04 20:00:00,0.0
2030-05-04 20:15:00,0.0
2030-05-04 20:30:00,0.0
2030-05-04 20:45:00,0.0
2030-05-04 21:00:00,0.0
2030-05-04 21:15:00,0.0
2030-05-04 21:30:00,0.0
2030-05-04 21:45:00,0.0
2030-05-04 22:00:00,0.0
2030-05-04 22:15:00,0.0
2030-05-04 22:30:00,0.0
2030-05-04 22:45:00,0.0
2030-05-04 23:00:00,0.0
2030-05-04 23:15:00,0.0
2030-05-04 23:30:00,0.0
2030-05-04 23:45:00,0.0
2030-05-05 00:00:00,0.0
2030-05-05 00:15:00,0.0
2030-05-05 00:30:00,0.0
2030-05-05 00:45:00,0.0
2030-05-05 01:00:00,0.0
2030-05-05 01:15:00,0.0
2030-05-05 01:30:00,0.0
2030-05-05 01:45:00,0.0
2030-05-05 02:00:00,0.0
2030-05-05 02:15:00,0.0
2030-05-05 02:30:00,0.0
2030-05-05 02:45:00,0.0
2030-05-05 03:00:00,0.0
2030-05-05 03:15:00,0.0
2030-05-05 03:30:00,0.0
2030-05-05 03:45:00,0.0
2030-05-05 04:00:00,0.0
2030-05-05 04:15:00,0.0
2030-05-05 04:30:00,0.0
2030-05-05 04:45:00,0.0
2030-05-05 05:00:00,0.0
2030-05-05 05:15:00,0.0
2030-05-05 05:30:00,0.0
2030-05-05 05:45:00,0.0
2030-05-05 06:00:00,0.0
2030-05-05 06:15:00,0.0
2030-05-05 06:30:00,0.0
2030-05-05 06:45:00,0.0
2030-05-05 07:00:00,0.0
2030-05-05 07:15:00,0.0
2030-05-05 07:30:00,0.0
2030-05-05 07:45:00,0.0
2030-05-05 08:00:00,0.0
2030-05-05 08:15:00,0.0
2030-05-05 08:30:00,0.0
2030-05-05 08:45:00,0.0
2030-05-05 09:00:00,0.0
2030-05-05 09:15:00,0.0
2030-05-05 09:30:00,0.0
2030-05-05 09:45:00,0.0
2030-05-05 10:00:00,0.0
2030-05-05 10:15:00,0.0
2030-05-05 10:30:00,0.0
2030-05-05 10:45:00,0.0
2030-05-05 11:00:00,0.0
2030-05-05 11:15:00,0.0
2030-05-05 11:30:00,0.0
2030-05-05 11:45:00,0.0
2030-05-05 12:00:00,0.0
2030-05-05 12:15:00,0.0
2030-05-05 12:30:00,0.0
2030-05-05 12:45:00,0.0
2030-05-05 13:00:00,0.0
2030-05-05 13:15:00,0.0
2030-05-05 13:30:00,0.0
2030-05-05 13:45:00,-304.0040884566879
2030-05-05 14:00:00,-13888.916058283081
2030-05-05 14:15:00,-13022.05438084355
2030-05-05 14:30:00,-12449.6921381121
2030-05-05 14:45:00,-11933.228942129339
2030-05-05 15:00:00,-11035.403060963363
2030-05-05 15:15:00,-10443.047471764214
2030-05-05 15:30:00,-9571.788649191083
2030-05-05 15:45:00,-8179.4396331689895
2030-05-05 16:00:00,-6592.091530531321
2030-05-05 16:15:00,-5300.576203719262
2030-05-05 16:30:00,-3606.6877009906166
2030-05-05 16:45:00,-2105.892357851317
2030-05-05 17:00:00,-209.6896971340102
2030-05-05 17:15:00,0.0
2030-05-05 17:30:00,0.0
2030-05-05 17:45:00,0.0
2030-05-05 18:00:00,0.0
2030-05-05 18:15:00,0.0
2030-05-05 18:30:00,0.0
2030-05-05 18:45:00,0.0
2030-05-05 19:00:00,0.0
2030-05-05 19:15:00,0.0
2030-05-05 19:30:00,0.0
2030-05-05 19:45:00,0.0
2030-05-05 20:00:00,0.0
2030-05-05 20:15:00,0.0
2030-05-05 20:30:00,0.0
2030-05-05 20:45:00,0.0
2030-05-05 21:00:00,0.0
2030-05-05 21:15:00,0.0
2030-05-05 21:30:00,0.0
2030-05-05 21:45:00,0.0
2030-05-05 22:00:00,0.0
2030-05-05 22:15:00,0.0
2030-05-05 22:30:00,0.0
2030-05-05 22:45:00,0.0
2030-05-05 23:00:00,0.0
2030-05-05 23:15:00,0.0
2030-05-05 23:30:00,0.0
2030-05-05 23:45:00,0.0
2030-05-06 00:00:00,0.0
2030-05-06 00:15:00,0.0
2030-05-06 00:30:00,0.0
2030-05-06 00:45:00,0.0
2030-05-06 01:00:00,0.0
2030-05-06 01:15:00,0.0
2030-05-06 01:30:00,0.0
2030-05-06 01:45:00,0.0
2030-05-06 02:00:00,0.0
2030-05-06 02:15:00,0.0
2030-05-06 02:30:00,0.0
2030-05-06 02:45:00,0.0
2030-05-06 03:00:00,0.0
2030-05-06 03:15:00,0.0
2030-05-06 03:30:00,0.0
2030-05-06 03:45:00,0.0
2030-05-06 04:00:00,0.0
2030-05-06 04:15:00,0.0
2030-05-06 04:30:00,0.0
2030-05-06 04:45:00,166.29167230722487
2030-05-06 05:00:00,0.0
2030-05-06 05:15:00,0.0
2030-05-06 05:30:00,0.0
2030-05-06 05:45:00,0.0
2030-05-06 06:00:00,0.0
2030-05-06 06:15:00,0.0
2030-05-06 06:30:00,0.0
2030-05-06 06:45:00,0.0
2030-05-06 07:00:00,0.0
2030-05-06 07:15:00,0.0
2030-05-06 07:30:00,0.0
2030-05-06 07:45:00,0.0
2030-05-06 08:00:00,0.0
2030-05-06 08:15:00,0.0
2030-05-06 08:30:00,0.0
2030-05-06 08:45:00,0.0
2030-05-06 09:00:00,0.0
2030-05-06 09:15:00,0.0
2030-05-06 09:30:00,0.0
2030-05-06 09:45:00,0.0
2030-05-06 10:00:00,0.0
2030-05-06 10:15:00,0.0
2030-05-06 10:30:00,0.0
2030-05-06 10:45:00,0.0
2030-05-06 11:00:00,0.0
2030-05-06 11:15:00,0.0
2030-05-06 11:30:00,0.0
2030-05-06 11:45:00,0.0
2030-05-06 12:00:00,0.0
2030-05-06 12:15:00,0.0
2030-05-06 12:30:00,0.0
2030-05-06 12:45:00,0.0
2030-05-06 13:00:00,0.0
2030-05-06 13:15:00,0.0
2030-05-06 13:30:00,0.0
2030-05-06 13:45:00,0.0
2030-05-06 14:00:00,0.0
2030-05-06 14:15:00,0.0
2030-05-06 14:30:00,-8370.436389663588
2030-05-06 14:45:00,-15286.337266382357
2030-05-06 15:00:00,-14383.723348943447
2030-05-06 15:15:00,-13135.189301598482
2030-05-06 15:30:00,-11927.554581922515
2030-05-06 15:45:00,-10505.242790664452
2030-05-06 16:00:00,-8972.40229626889
2030-05-06 16:15:00,-7479.748454922694
2030-05-06 16:30:00,-5905.886348239623
2030-05-06 16:45:00,-4209.677642682156
2030-05-06 17:00:00,-2448.988453130667
2030-05-06 17:15:00,-582.5912643523225
2030-05-06 17:30:00,0.0
2030-05-06 17:45:00,0.0
2030-05-06 18:00:00,0.0
2030-05-06 18:15:00,0.0
2030-05-06 18:30:00,0.0
2030-05-06 18:45:00,0.0
2030-05-06 19:00:00,0.0
2030-05-06 19:15:00,0.0
2030-05-06 19:30:00,0.0
2030-05-06 19:45:00,0.0
2030-05-06 20:00:00,0.0
2030-05-06 20:15:00,0.0
2030-05-06 20:30:00,0.0
2030-05-06 20:45:00,0.0
2030-05-06 21:00:00,0.0
2030-05-06 21:15:00,0.0
2030-05-06 21:30:00,0.0
2030-05-06 21:45:00,0.0
2030-05-06 22:00:00,0.0
2030-05-06 22:15:00,0.0
2030-05-06 22:30:00,0.0
2030-05-06 22:45:00,0.0
2030-05-06 23:00:00,0.0
2030-05-06 23:15:00,0.0
2030-05-06 23:30:00,0.0
2030-05-06 23:45:00,0.0
2030-05-07 00:00:00,0.0
2030-05-07 00:15:00,0.0
2030-05-07 00:30:00,0.0
2030-05-07 00:45:00,0.0
2030-05-07 01:00:00,0.0
2030-05-07 01:15:00,0.0
2030-05-07 01:30:00,0.0
2030-05-07 01:45:00,0.0
2030-05-07 02:00:00,0.0
2030-05-07 02:15:00,0.0
2030-05-07 02:30:00,0.0
2030-05-07 02:45:00,0.0
2030-05-07 03:00:00,0.0
2030-05-07 03:15:00,0.0
2030-05-07 03:30:00,0.0
2030-05-07 03:45:00,0.0
2030-05-07 04:00:00,0.0
2030-05-07 04:15:00,0.0
2030-05-07 04:30:00,0.0
2030-05-07 04:45:00,0.0
2030-05-07 05:00:00,0.0
2030-05-07 05:15:00,0.0
2030-05-07 05:30:00,0.0
2030-05-07 05:45:00,0.0
2030-05-07 06:00:00,0.0
2030-05-07 06:15:00,0.0
2030-05-07 06:30:00,0.0
2030-05-07 06:45:00,0.0
2030-05-07 07:00:00,0.0
2030-05-07 07:15:00,0.0
2030-05-07 07:30:00,0.0
2030-05-07 07:45:00,0.0
2030-05-07 08:00:00,0.0
2030-05-07 08:15:00,0.0
2030-05-07 08:30:00,0.0
2030-05-07 08:45:00,0.0
2030-05-07 09:00:00,0.0
2030-05-07 09:15:00,0.0
2030-05-07 09:30:00,0.0
2030-05-07 09:45:00,0.0
2030-05-07 10:00:00,0.0
2030-05-07 10:15:00,0.0
2030-05-07 10:30:00,0.0
2030-05-07 10:45:00,-44.02174249710515
2030-05-07 11:00:00,-21528.116335717743
2030-05-07 11:15:00,-21733.868203702936
2030-05-07 11:30:00,-21796.545473232145
2030-05-07 11:45:00,-21702.033314691646
2030-05-07 12:00:00,-21632.751737017777
2030-05-07 12:15:00,-21811.29316498394
2030-05-07 12:30:00,-21584.111707059732
2030-05-07 12:45:00,-21665.919061697386
2030-05-07 13:00:00,-21400.467262861104
2030-05-07 13:15:00,-21263.626707974145
2030-05-07 13:30:00,-21074.827459342912
2030-05-07 13:45:00,-20853.271911508025
2030-05-07 14:00:00,-20194.066702321546
2030-05-07 14:15:00,-19409.965904558776
2030-05-07 14:30:00,-18787.929490137307
2030-05-07 14:45:00,-18160.033525937615
2030-05-07 15:00:00,-17124.50912652036
2030-05-07 15:15:00,-15772.490308900662
2030-05-07 15:30:00,-14393.485380428676
2030-05-07 15:45:00,-12881.185537679572
2030-05-07 16:00:00,-11269.73191061909
2030-05-07 16:15:00,-9490.135703190323
2030-05-07 16:30:00,-7615.52587903882
2030-05-07 16:45:00,-6120.19268789508
2030-05-07 17:00:00,-3954.0014414572106
2030-05-07 17:15:00,-2230.324698644912
2030-05-07 17:30:00,-424.804164851299
2030-05-07 17:45:00,0.0
2030-05-07 18:00:00,0.0
2030-05-07 18:15:00,0.0
2030-05-07 18:30:00,0.0
2030-05-07 18:45:00,0.0
2030-05-07 19:00:00,0.0
2030-05-07 19:15:00,0.0
2030-05-07 19:30:00,0.0
2030-05-07 19:45:00,0.0
2030-05-07 20:00:00,0.0
2030-05-07 20:15:00,0.0
2030-05-07 20:30:00,0.0
2030-05-07 20:45:00,0.0
2030-05-07 21:00:00,0.0
2030-05-07 21:15:00,0.0
2030-05-07 21:30:00,0.0
2030-05-07 21:45:00,0.0
2030-05-07 22:00:00,0.0
2030-05-07 22:15:00,0.0
2030-05-07 22:30:00,0.0
2030-05-07 22:45:00,0.0
2030-05-07 23:00:00,0.0
2030-05-07 23:15:00,0.0
2030-05-07 23:30:00,0.0
2030-05-07 23:45:00,0.0
2030-05-08 00:00:00,0.0
2030-05-08 00:15:00,0.0
2030-05-08 00:30:00,0.0
2030-05-08 00:45:00,0.0
2030-05-08 01:00:00,0.0
2030-05-08 01:15:00,0.0
2030-05-08 01:30:00,0.0
2030-05-08 01:45:00,0.0
2030-05-08 02:00:00,0.0
2030-05-08 02:15:00,0.0
2030-05-08 02:30:00,0.0
2030-05-08 02:45:00,0.0
2030-05-08 03:00:00,0.0
2030-05-08 03:15:00,0.0
2030-05-08 03:30:00,0.0
2030-05-08 03:45:00,0.0
2030-05-08 04:00:00,0.0
2030-05-08 04:15:00,0.0
2030-05-08 04:30:00,0.0
2030-05-08 04:45:00,0.0
2030-05-08 05:00:00,0.0
2030-05-08 05:15:00,0.0
2030-05-08 05:30:00,0.0
2030-05-08 05:45:00,0.0
2030-05-08 06:00:00,0.0
2030-05-08 06:15:00,0.0
2030-05-08 06:30:00,0.0
2030-05-08 06:45:00,0.0
2030-05-08 07:00:00,0.0
2030-05-08 07:15:00,0.0
2030-05-08 07:30:00,0.0
2030-05-08 07:45:00,0.0
2030-05-08 08:00:00,0.0
2030-05-08 08:15:00,0.0
2030-05-08 08:30:00,0.0
2030-05-08 08:45:00,0.0
2030-05-08 09:00:00,0.0
2030-05-08 09:15:00,0.0
2030-05-08 09:30:00,0.0
2030-05-08 09:45:00,0.0
2030-05-08 10:00:00,0.0
2030-05-08 10:15:00,0.0
2030-05-08 10:30:00,0.0
2030-05-08 10:45:00,0.0
2030-05-08 11:00:00,0.0
2030-05-08 11:15:00,0.0
2030-05-08 11:30:00,0.0
2030-05-08 11:45:00,0.0
2030-05-08 12:00:00,0.0
2030-05-08 12:15:00,0.0
2030-05-08 12:30:00,0.0
2030-05-08 12:45:00,0.0
2030-05-08 13:00:00,0.0
2030-05-08 13:15:00,-2716.5663181466807
2030-05-08 13:30:00,-16165.627242875122
2030-05-08 13:45:00,-15684.122384765858
2030-05-08 14:00:00,-15123.479658831719
2030-05-08 14:15:00,-14180.759380915726
2030-05-08 14:30:00,-13288.070847918141
2030-05-08 14:45:00,-12285.680246829263
2030-05-08 15:00:00,-10860.989902746998
2030-05-08 15:15:00,-9694.540508629892
2030-05-08 15:30:00,-8522.377057947993
2030-05-08 15:45:00,-7156.396526336117
2030-05-08 16:00:00,-5455.210455602559
2030-05-08 16:15:00,-3941.398993290266
2030-05-08 16:30:00,-2302.049884347485
2030-05-08 16:45:00,-578.3810710905091
2030-05-08 17:00:00,0.0
2030-05-08 17:15:00,0.0
2030-05-08 17:30:00,0.0
2030-05-08 17:45:00,0.0
2030-05-08 18:00:00,0.0
2030-05-08 18:15:00,0.0
2030-05-08 18:30:00,0.0
2030-05-08 18:45:00,0.0
2030-05-08 19:00:00,0.0
2030-05-08 19:15:00,0.0
2030-05-08 19:30:00,0.0
2030-05-08 19:45:00,0.0
2030-05-08 20:00:00,0.0
2030-05-08 20:15:00,0.0
2030-05-08 20:30:00,0.0
2030-05-08 20:45:00,0.0
2030-05-08 21:00:00,0.0
2030-05-08 21:15:00,0.0
2030-05-08 21:30:00,0.0
2030-05-08 21:45:00,0.0
2030-05-08 22:00:00,0.0
2030-05-08 22:15:00,0.0
2030-05-08 22:30:00,0.0
2030-05-08 22:45:00,0.0
2030-05-08 23:00:00,0.0
2030-05-08 23:15:00,0.0
2030-05-08 23:30:00,0.0
2030-05-08 23:45:00,0.0
2030-05-09 00:00:00,0.0
2030-05-09 00:15:00,0.0
2030-05-09 00:30:00,0.0
2030-05-09 00:45:00,0.0
2030-05-09 01:00:00,0.0
2030-05-09 01:15:00,0.0
2030-05-09 01:30:00,0.0
2030-05-09 01:45:00,0.0
2030-05-09 02:00:00,0.0
2030-05-09 02:15:00,0.0
2030-05-09 02:30:00,0.0
2030-05-09 02:45:00,0.0
2030-05-09 03:00:00,0.0
2030-05-09 03:15:00,0.0
2030-05-09 03:30:00,0.0
2030-05-09 03:45:00,0.0
2030-05-09 04:00:00,0.0
2030-05-09 04:15:00,0.0
2030-05-09 04:30:00,0.0
2030-05-09 04:45:00,0.0
2030-05-09 05:00:00,0.0
2030-05-09 05:15:00,0.0
2030-05-09 05:30:00,0.0
2030-05-09 05:45:00,0.0
2030-05-09 06:00:00,0.0
2030-05-09 06:15:00,0.0
2030-05-09 06:30:00,0.0
2030-05-09 06:45:00,0.0
2030-05-09 07:00:00,0.0
2030-05-09 07:15:00,0.0
2030-05-09 07:30:00,0.0
2030-05-09 07:45:00,0.0
2030-05-09 08:00:00,0.0
2030-05-09 08:15:00,0.0
2030-05-09 08:30:00,0.0
2030-05-09 08:45:00,0.0
2030-05-09 09:00:00,0.0
2030-05-09 09:15:00,0.0
2030-05-09 09:30:00,0.0
2030-05-09 09:45:00,0.0
2030-05-09 10:00:00,0.0
2030-05-09 10:15:00,0.0
2030-05-09 10:30:00,0.0
2030-05-09 10:45:00,0.0
2030-05-09 11:00:00,0.0
2030-05-09 11:15:00,0.0
2030-05-09 11:30:00,0.0
2030-05-09 11:45:00,0.0
2030-05-09 12:00:00,0.0
2030-05-09 12:15:00,0.0
2030-05-09 12:30:00,0.0
2030-05-09 12:45:00,0.0
2030-05-09 13:00:00,0.0
2030-05-09 13:15:00,0.0
2030-05-09 13:30:00,0.0
2030-05-09 13:45:00,0.0
2030-05-09 14:00:00,0.0
2030-05-09 14:15:00,0.0
2030-05-09 14:30:00,0.0
2030-05-09 14:45:00,0.0
2030-05-09 15:00:00,0.0
2030-05-09 15:15:00,0.0
2030-05-09 15:30:00,0.0
2030-05-09 15:45:00,0.0
2030-05-09 16:00:00,0.0
2030-05-09 16:15:00,0.0
2030-05-09 16:30:00,0.0
2030-05-09 16:45:00,0.0
2030-05-09 17:00:00,0.0
2030-05-09 17:15:00,0.0
2030-05-09 17:30:00,0.0
2030-05-09 17:45:00,0.0
2030-05-09 18:00:00,0.0
2030-05-09 18:15:00,0.0
2030-05-09 18:30:00,0.0
2030-05-09 18:45:00,0.0
2030-05-09 19:00:00,0.0
2030-05-09 19:15:00,0.0
2030-05-09 19:30:00,0.0
2030-05-09 19:45:00,0.0
2030-05-09 20:00:00,0.0
2030-05-09 20:15:00,0.0
2030-05-09 20:30:00,0.0
2030-05-09 20:45:00,0.0
2030-05-09 21:00:00,0.0
2030-05-09 21:15:00,0.0
2030-05-09 21:30:00,0.0
2030-05-09 21:45:00,0.0
2030-05-09 22:00:00,0.0
2030-05-09 22:15:00,0.0
2030-05-09 22:30:00,0.0
2030-05-09 22:45:00,0.0
2030-05-09 23:00:00,0.0
2030-05-09 23:15:00,0.0
2030-05-09 23:30:00,0.0
2030-05-09 23:45:00,0.0
2030-05-10 00:00:00,0.0
2030-05-10 00:15:00,0.0
2030-05-10 00:30:00,0.0
2030-05-10 00:45:00,0.0
2030-05-10 01:00:00,0.0
2030-05-10 01:15:00,0.0
2030-05-10 01:30:00,0.0
2030-05-10 01:45:00,0.0
2030-05-10 02:00:00,0.0
2030-05-10 02:15:00,0.0
2030-05-10 02:30:00,0.0
2030-05-10 02:45:00,0.0
2030-05-10 03:00:00,0.0
2030-05-10 03:15:00,0.0
2030-05-10 03:30:00,0.0
2030-05-10 03:45:00,0.0
2030-05-10 04:00:00,0.0
2030-05-10 04:15:00,0.0
2030-05-10 04:30:00,0.0
2030-05-10 04:45:00,0.0
2030-05-10 05:00:00,0.0
2030-05-10 05:15:00,3231.426276372953
2030-05-10 05:30:00,0.0
2030-05-10 05:45:00,0.0
2030-05-10 06:00:00,0.0
2030-05-10 06:15:00,0.0
2030-05-10 06:30:00,0.0
2030-05-10 06:45:00,0.0
2030-05-10 07:00:00,0.0
2030-05-10 07:15:00,0.0
2030-05-10 07:30:00,0.0
2030-05-10 07:45:00,0.0
2030-05-10 08:00:00,0.0
2030-05-10 08:15:00,0.0
2030-05-10 08:30:00,0.0
2030-05-10 08:45:00,0.0
2030-05-10 09:00:00,0.0
2030-05-10 09:15:00,0.0
2030-05-10 09:30:00,0.0
2030-05-10 09:45:00,0.0
2030-05-10 10:00:00,0.0
2030-05-10 10:15:00,0.0
2030-05-10 10:30:00,0.0
2030-05-10 10:45:00,0.0
2030-05-10 11:00:00,0.0
2030-05-10 11:15:00,0.0
2030-05-10 11:30:00,0.0
2030-05-10 11:45:00,0.0
2030-05-10 12:00:00,0.0
2030-05-10 12:15:00,0.0
2030-05-10 12:30:00,0.0
2030-05-10 12:45:00,0.0
2030-05-10 13:00:00,0.0
2030-05-10 13:15:00,0.0
2030-05-10 13:30:00,0.0
2030-05-10 13:45:00,0.0
2030-05-10 14:00:00,0.0
2030-05-10 14:15:00,0.0
2030-05-10 14:30:00,0.0
2030-05-10 14:45:00,0.0
2030-05-10 15:00:00,0.0
2030-05-10 15:15:00,0.0
2030-05-10 15:30:00,0.0
2030-05-10 15:45:00,0.0
2030-05-10 16:00:00,0.0
2030-05-10 16:15:00,0.0
2030-05-10 16:30:00,0.0
2030-05-10 16:45:00,0.0
2030-05-10 17:00:00,0.0
2030-05-10 17:15:00,0.0
2030-05-10 17:30:00,0.0
2030-05-10 17:45:00,0.0
2030-05-10 18:00:00,0.0
2030-05-10 18:15:00,0.0
2030-05-10 18:30:00,0.0
2030-05-10 18:45:00,0.0
2030-05-10 19:00:00,0.0
2030-05-10 19:15:00,0.0
2030-05-10 19:30:00,0.0
2030-05-10 19:45:00,0.0
2030-05-10 20:00:00,0.0
2030-05-10 20:15:00,0.0
2030-05-10 20:30:00,0.0
2030-05-10 20:45:00,0.0
2030-05-10 21:00:00,0.0
2030-05-10 21:15:00,5035.22056837663
2030-05-10 21:30:00,0.0
2030-05-10 21:45:00,0.0
2030-05-10 22:00:00,0.0
2030-05-10 22:15:00,0.0
2030-05-10 22:30:00,0.0
2030-05-10 22:45:00,0.0
2030-05-10 23:00:00,0.0
2030-05-10 23:15:00,0.0
2030-05-10 23:30:00,0.0
2030-05-10 23:45:00,0.0
2030-05-11 00:00:00,0.0
2030-05-11 00:15:00,0.0
2030-05-11 00:30:00,0.0
2030-05-11 00:45:00,0.0
2030-05-11 01:00:00,0.0
2030-05-11 01:15:00,0.0
2030-05-11 01:30:00,0.0
2030-05-11 01:45:00,0.0
2030-05-11 02:00:00,0.0
2030-05-11 02:15:00,0.0
2030-05-11 02:30:00,0.0
2030-05-11 02:45:00,0.0
2030-05-11 03:00:00,0.0
2030-05-11 03:15:00,0.0
2030-05-11 03:30:00,0.0
2030-05-11 03:45:00,0.0
2030-05-11 04:00:00,0.0
2030-05-11 04:15:00,0.0
2030-05-11 04:30:00,0.0
2030-05-11 04:45:00,0.0
2030-05-11 05:00:00,0.0
2030-05-11 05:15:00,0.0
2030-05-11 05:30:00,0.0
2030-05-11 05:45:00,0.0
2030-05-11 06:00:00,0.0
2030-05-11 06:15:00,0.0
2030-05-11 06:30:00,0.0
2030-05-11 06:45:00,0.0
2030-05-11 07:00:00,0.0
2030-05-11 07:15:00,0.0
2030-05-11 07:30:00,0.0
2030-05-11 07:45:00,0.0
2030-05-11 08:00:00,0.0
2030-05-11 08:15:00,0.0
2030-05-11 08:30:00,0.0
2030-05-11 08:45:00,0.0
2030-05-11 09:00:00,0.0
2030-05-11 09:15:00,0.0
2030-05-11 09:30:00,0.0
2030-05-11 09:45:00,0.0
2030-05-11 10:00:00,0.0
2030-05-11 10:15:00,0.0
2030-05-11 10:30:00,0.0
2030-05-11 10:45:00,0.0
2030-05-11 11:00:00,0.0
2030-05-11 11:15:00,0.0
2030-05-11 11:30:00,0.0
2030-05-11 11:45:00,0.0
2030-05-11 12:00:00,0.0
2030-05-11 12:15:00,0.0
2030-05-11 12:30:00,0.0
2030-05-11 12:45:00,0.0
2030-05-11 13:00:00,0.0
2030-05-11 13:15:00,0.0
2030-05-11 13:30:00,0.0
2030-05-11 13:45:00,0.0
2030-05-11 14:00:00,0.0
2030-05-11 14:15:00,0.0
2030-05-11 14:30:00,0.0
2030-05-11 14:45:00,0.0
2030-05-11 15:00:00,0.0
2030-05-11 15:15:00,0.0
2030-05-11 15:30:00,0.0
2030-05-11 15:45:00,0.0
2030-05-11 16:00:00,0.0
2030-05-11 16:15:00,0.0
2030-05-11 16:30:00,0.0
2030-05-11 16:45:00,0.0
2030-05-11 17:00:00,0.0
2030-05-11 17:15:00,0.0
2030-05-11 17:30:00,0.0
2030-05-11 17:45:00,0.0
2030-05-11 18:00:00,0.0
2030-05-11 18:15:00,0.0
2030-05-11 18:30:00,0.0
2030-05-11 18:45:00,0.0
2030-05-11 19:00:00,0.0
2030-05-11 19:15:00,0.0
2030-05-11 19:30:00,0.0
2030-05-11 19:45:00,0.0
2030-05-11 20:00:00,0.0
2030-05-11 20:15:00,0.0
2030-05-11 20:30:00,0.0
2030-05-11 20:45:00,0.0
2030-05-11 21:00:00,0.0
2030-05-11 21:15:00,0.0
2030-05-11 21:30:00,0.0
2030-05-11 21:45:00,0.0
2030-05-11 22:00:00,0.0
2030-05-11 22:15:00,0.0
2030-05-11 22:30:00,0.0
2030-05-11 22:45:00,0.0
2030-05-11 23:00:00,0.0
2030-05-11 23:15:00,0.0
2030-05-11 23:30:00,0.0
2030-05-11 23:45:00,0.0
2030-05-12 00:00:00,0.0
2030-05-12 00:15:00,0.0
2030-05-12 00:30:00,0.0
2030-05-12 00:45:00,0.0
2030-05-12 01:00:00,0.0
2030-05-12 01:15:00,0.0
2030-05-12 01:30:00,0.0
2030-05-12 01:45:00,3062.3248888488615
2030-05-12 02:00:00,0.0
2030-05-12 02:15:00,0.0
2030-05-12 02:30:00,0.0
2030-05-12 02:45:00,0.0
2030-05-12 03:00:00,0.0
2030-05-12 03:15:00,0.0
2030-05-12 03:30:00,0.0
2030-05-12 03:45:00,0.0
2030-05-12 04:00:00,0.0
2030-05-12 04:15:00,0.0
2030-05-12 04:30:00,0.0
2030-05-12 04:45:00,0.0
2030-05-12 05:00:00,0.0
2030-05-12 05:15:00,0.0
2030-05-12 05:30:00,0.0
2030-05-12 05:45:00,0.0
2030-05-12 06:00:00,0.0
2030-05-12 06:15:00,0.0
2030-05-12 06:30:00,0.0
2030-05-12 06:45:00,0.0
2030-05-12 07:00:00,0.0
2030-05-12 07:15:00,0.0
2030-05-12 07:30:00,0.0
2030-05-12 07:45:00,0.0
2030-05-12 08:00:00,0.0
2030-05-12 08:15:00,0.0
2030-05-12 08:30:00,0.0
2030-05-12 08:45:00,0.0
2030-05-12 09:00:00,0.0
2030-05-12 09:15:00,0.0
2030-05-12 09:30:00,0.0
2030-05-12 09:45:00,0.0
2030-05-12 10:00:00,0.0
2030-05-12 10:15:00,0.0
2030-05-12 10:30:00,0.0
2030-05-12 10:45:00,0.0
2030-05-12 11:00:00,0.0
2030-05-12 11:15:00,0.0
2030-05-12 11:30:00,0.0
2030-05-12 11:45:00,0.0
2030-05-12 12:00:00,0.0
2030-05-12 12:15:00,0.0
2030-05-12 12:30:00,0.0
2030-05-12 12:45:00,0.0
2030-05-12 13:00:00,0.0
2030-05-12 13:15:00,0.0
2030-05-12 13:30:00,0.0
2030-05-12 13:45:00,0.0
2030-05-12 14:00:00,0.0
2030-05-12 14:15:00,0.0
2030-05-12 14:30:00,0.0
2030-05-12 14:45:00,0.0
2030-05-12 15:00:00,0.0
2030-05-12 15:15:00,-5088.4525720140045
2030-05-12 15:30:00,-8768.728594724354
2030-05-12 15:45:00,-7903.168721227459
2030-05-12 16:00:00,-6668.202390281011
2030-05-12 16:15:00,-5414.617136078741
2030-05-12 16:30:00,-3741.7552344173055
2030-05-12 16:45:00,-2534.781139465067
2030-05-12 17:00:00,-1259.838991782839
2030-05-12 17:15:00,0.0
2030-05-12 17:30:00,0.0
2030-05-12 17:45:00,0.0
2030-05-12 18:00:00,0.0
2030-05-12 18:15:00,0.0
2030-05-12 18:30:00,0.0
2030-05-12 18:45:00,0.0
2030-05-12 19:00:00,0.0
2030-05-12 19:15:00,0.0
2030-05-12 19:30:00,0.0
2030-05-12 19:45:00,0.0
2030-05-12 20:00:00,0.0
2030-05-12 20:15:00,0.0
2030-05-12 20:30:00,0.0
2030-05-12 20:45:00,0.0
2030-05-12 21:00:00,0.0
2030-05-12 21:15:00,0.0
2030-05-12 21:30:00,0.0
2030-05-12 21:45:00,0.0
2030-05-12 22:00:00,0.0
2030-05-12 22:15:00,0.0
2030-05-12 22:30:00,0.0
2030-05-12 22:45:00,0.0
2030-05-12 23:00:00,0.0
2030-05-12 23:15:00,0.0
2030-05-12 23:30:00,0.0
2030-05-12 23:45:00,0.0
2030-05-13 00:00:00,0.0
2030-05-13 00:15:00,0.0
2030-05-13 00:30:00,0.0
2030-05-13 00:45:00,0.0
2030-05-13 01:00:00,0.0
2030-05-13 01:15:00,0.0
2030-05-13 01:30:00,0.0
2030-05-13 01:45:00,0.0
2030-05-13 02:00:00,0.0
2030-05-13 02:15:00,0.0
2030-05-13 02:30:00,0.0
2030-05-13 02:45:00,0.0
2030-05-13 03:00:00,0.0
2030-05-13 03:15:00,0.0
2030-05-13 03:30:00,0.0
2030-05-13 03:45:00,0.0
2030-05-13 04:00:00,0.0
2030-05-13 04:15:00,0.0
2030-05-13 04:30:00,0.0
2030-05-13 04:45:00,0.0
2030-05-13 05:00:00,0.0
2030-05-13 05:15:00,0.0
2030-05-13 05:30:00,0.0
2030-05-13 05:45:00,0.0
2030-05-13 06:00:00,0.0
2030-05-13 06:15:00,0.0
2030-05-13 06:30:00,0.0
2030-05-13 06:45:00,0.0
2030-05-13 07:00:00,0.0
2030-05-13 07:15:00,0.0
2030-05-13 07:30:00,0.0
2030-05-13 07:45:00,0.0
2030-05-13 08:00:00,0.0
2030-05-13 08:15:00,0.0
2030-05-13 08:30:00,0.0
2030-05-13 08:45:00,0.0
2030-05-13 09:00:00,0.0
2030-05-13 09:15:00,0.0
2030-05-13 09:30:00,0.0
2030-05-13 09:45:00,0.0
2030-05-13 10:00:00,0.0
2030-05-13 10:15:00,0.0
2030-05-13 10:30:00,0.0
2030-05-13 10:45:00,0.0
2030-05-13 11:00:00,0.0
2030-05-13 11:15:00,0.0
2030-05-13 11:30:00,0.0
2030-05-13 11:45:00,0.0
2030-05-13 12:00:00,0.0
2030-05-13 12:15:00,0.0
2030-05-13 12:30:00,0.0
2030-05-13 12:45:00,0.0
2030-05-13 13:00:00,0.0
2030-05-13 13:15:00,0.0
2030-05-13 13:30:00,0.0
2030-05-13 13:45:00,-9567.827532248051
2030-05-13 14:00:00,-11171.515721984175
2030-05-13 14:15:00,-10071.458150019516
2030-05-13 14:30:00,-9399.687494827816
2030-05-13 14:45:00,-8686.27071083496
2030-05-13 15:00:00,-7874.498633223637
2030-05-13 15:15:00,-6614.828223364137
2030-05-13 15:30:00,-5746.30800606632
2030-05-13 15:45:00,-5049.271434928742
2030-05-13 16:00:00,-3794.568236870273
2030-05-13 16:15:00,-2801.3746277712416
2030-05-13 16:30:00,-1763.1707886369659
2030-05-13 16:45:00,-843.169429235706
2030-05-13 17:00:00,0.0
2030-05-13 17:15:00,0.0
2030-05-13 17:30:00,0.0
2030-05-13 17:45:00,0.0
2030-05-13 18:00:00,0.0
2030-05-13 18:15:00,0.0
2030-05-13 18:30:00,0.0
2030-05-13 18:45:00,0.0
2030-05-13 19:00:00,0.0
2030-05-13 19:15:00,0.0
2030-05-13 19:30:00,0.0
2030-05-13 19:45:00,0.0
2030-05-13 20:00:00,0.0
2030-05-13 20:15:00,0.0
2030-05-13 20:30:00,0.0
2030-05-13 20:45:00,0.0
2030-05-13 21:00:00,0.0
2030-05-13 21:15:00,0.0
2030-05-13 21:30:00,0.0
2030-05-13 21:45:00,0.0
2030-05-13 22:00:00,0.0
2030-05-13 22:15:00,0.0
2030-05-13 22:30:00,0.0
2030-05-13 22:45:00,0.0
2030-05-13 23:00:00,0.0
2030-05-13 23:15:00,0.0
2030-05-13 23:30:00,0.0
2030-05-13 23:45:00,0.0
2030-05-14 00:00:00,0.0
2030-05-14 00:15:00,0.0
2030-05-14 00:30:00,0.0
2030-05-14 00:45:00,0.0
2030-05-14 01:00:00,0.0
2030-05-14 01:15:00,0.0
2030-05-14 01:30:00,0.0
2030-05-14 01:45:00,0.0
2030-05-14 02:00:00,0.0
2030-05-14 02:15:00,0.0
2030-05-14 02:30:00,0.0
2030-05-14 02:45:00,0.0
2030-05-14 03:00:00,0.0
2030-05-14 03:15:00,0.0
2030-05-14 03:30:00,0.0
2030-05-14 03:45:00,0.0
2030-05-14 04:00:00,0.0
2030-05-14 04:15:00,0.0
2030-05-14 04:30:00,0.0
2030-05-14 04:45:00,0.0
2030-05-14 05:00:00,0.0
2030-05-14 05:15:00,0.0
2030-05-14 05:30:00,0.0
2030-05-14 05:45:00,0.0
2030-05-14 06:00:00,0.0
2030-05-14 06:15:00,0.0
2030-05-14 06:30:00,0.0
2030-05-14 06:45:00,0.0
2030-05-14 07:00:00,0.0
2030-05-14 07:15:00,0.0
2030-05-14 07:30:00,0.0
2030-05-14 07:45:00,0.0
2030-05-14 08:00:00,0.0
2030-05-14 08:15:00,0.0
2030-05-14 08:30:00,0.0
2030-05-14 08:45:00,0.0
2030-05-14 09:00:00,0.0
2030-05-14 09:15:00,0.0
2030-05-14 09:30:00,0.0
2030-05-14 09:45:00,0.0
2030-05-14 10:00:00,0.0
2030-05-14 10:15:00,0.0
2030-05-14 10:30:00,0.0
2030-05-14 10:45:00,0.0
2030-05-14 11:00:00,0.0
2030-05-14 11:15:00,0.0
2030-05-14 11:30:00,0.0
2030-05-14 11:45:00,0.0
2030-05-14 12:00:00,0.0
2030-05-14 12:15:00,0.0
2030-05-14 12:30:00,0.0
2030-05-14 12:45:00,0.0
2030-05-14 13:00:00,0.0
2030-05-14 13:15:00,0.0
2030-05-14 13:30:00,0.0
2030-05-14 13:45:00,0.0
2030-05-14 14:00:00,0.0
2030-05-14 14:15:00,0.0
2030-05-14 14:30:00,0.0
2030-05-14 14:45:00,0.0
2030-05-14 15:00:00,0.0
2030-05-14 15:15:00,0.0
2030-05-14 15:30:00,0.0
2030-05-14 15:45:00,0.0
2030-05-14 16:00:00,0.0
2030-05-14 16:15:00,0.0
2030-05-14 16:30:00,0.0
2030-05-14 16:45:00,0.0
2030-05-14 17:00:00,0.0
2030-05-14 17:15:00,0.0
2030-05-14 17:30:00,0.0
2030-05-14 17:45:00,0.0
2030-05-14 18:00:00,0.0
2030-05-14 18:15:00,0.0
2030-05-14 18:30:00,0.0
2030-05-14 18:45:00,0.0
2030-05-14 19:00:00,0.0
2030-05-14 19:15:00,0.0
2030-05-14 19:30:00,0.0
2030-05-14 19:45:00,0.0
2030-05-14 20:00:00,0.0
2030-05-14 20:15:00,0.0
2030-05-14 20:30:00,0.0
2030-05-14 20:45:00,0.0
2030-05-14 21:00:00,0.0
2030-05-14 21:15:00,0.0
2030-05-14 21:30:00,0.0
2030-05-14 21:45:00,0.0
2030-05-14 22:00:00,0.0
2030-05-14 22:15:00,0.0
2030-05-14 22:30:00,0.0
2030-05-14 22:45:00,0.0
2030-05-14 23:00:00,0.0
2030-05-14 23:15:00,0.0
2030-05-14 23:30:00,0.0
2030-05-14 23:45:00,0.0
2030-05-15 00:00:00,0.0
2030-05-15 00:15:00,0.0
2030-05-15 00:30:00,0.0
2030-05-15 00:45:00,0.0
2030-05-15 01:00:00,0.0
2030-05-15 01:15:00,0.0
2030-05-15 01:30:00,0.0
2030-05-15 01:45:00,0.0
2030-05-15 02:00:00,0.0
2030-05-15 02:15:00,0.0
2030-05-15 02:30:00,5416.923349054212
2030-05-15 02:45:00,0.0
2030-05-15 03:00:00,0.0
2030-05-15 03:15:00,0.0
2030-05-15 03:30:00,0.0
2030-05-15 03:45:00,0.0
2030-05-15 04:00:00,0.0
2030-05-15 04:15:00,0.0
2030-05-15 04:30:00,0.0
2030-05-15 04:45:00,0.0
2030-05-15 05:00:00,0.0
2030-05-15 05:15:00,0.0
2030-05-15 05:30:00,0.0
2030-05-15 05:45:00,0.0
2030-05-15 06:00:00,0.0
2030-05-15 06:15:00,0.0
2030-05-15 06:30:00,0.0
2030-05-15 06:45:00,0.0
2030-05-15 07:00:00,0.0
2030-05-15 07:15:00,0.0
2030-05-15 07:30:00,0.0
2030-05-15 07:45:00,0.0
2030-05-15 08:00:00,0.0
2030-05-15 08:15:00,0.0
2030-05-15 08:30:00,0.0
2030-05-15 08:45:00,0.0
2030-05-15 09:00:00,0.0
2030-05-15 09:15:00,0.0
2030-05-15 09:30:00,0.0
2030-05-15 09:45:00,0.0
2030-05-15 10:00:00,0.0
2030-05-15 10:15:00,0.0
2030-05-15 10:30:00,0.0
2030-05-15 10:45:00,0.0
2030-05-15 11:00:00,0.0
2030-05-15 11:15:00,0.0
2030-05-15 11:30:00,0.0
2030-05-15 11:45:00,0.0
2030-05-15 12:00:00,0.0
2030-05-15 12:15:00,0.0
2030-05-15 12:30:00,0.0
2030-05-15 12:45:00,0.0
2030-05-15 13:00:00,0.0
2030-05-15 13:15:00,0.0
2030-05-15 13:30:00,0.0
2030-05-15 13:45:00,0.0
2030-05-15 14:00:00,0.0
2030-05-15 14:15:00,0.0
2030-05-15 14:30:00,0.0
2030-05-15 14:45:00,0.0
2030-05-15 15:00:00,0.0
2030-05-15 15:15:00,0.0
2030-05-15 15:30:00,0.0
2030-05-15 15:45:00,0.0
2030-05-15 16:00:00,0.0
2030-05-15 16:15:00,0.0
2030-05-15 16:30:00,0.0
2030-05-15 16:45:00,0.0
2030-05-15 17:00:00,0.0
2030-05-15 17:15:00,0.0
2030-05-15 17:30:00,0.0
2030-05-15 17:45:00,0.0
2030-05-15 18:00:00,0.0
2030-05-15 18:15:00,0.0
2030-05-15 18:30:00,0.0
2030-05-15 18:45:00,0.0
2030-05-15 19:00:00,0.0
2030-05-15 19:15:00,0.0
2030-05-15 19:30:00,0.0
2030-05-15 19:45:00,0.0
2030-05-15 20:00:00,0.0
2030-05-15 20:15:00,0.0
2030-05-15 20:30:00,0.0
2030-05-15 20:45:00,0.0
2030-05-15 21:00:00,0.0
2030-05-15 21:15:00,0.0
2030-05-15 21:30:00,0.0
2030-05-15 21:45:00,0.0
2030-05-15 22:00:00,0.0
2030-05-15 22:15:00,0.0
2030-05-15 22:30:00,0.0
2030-05-15 22:45:00,0.0
2030-05-15 23:00:00,0.0
2030-05-15 23:15:00,0.0
2030-05-15 23:30:00,0.0
2030-05-15 23:45:00,0.0
2030-05-16 00:00:00,0.0
2030-05-16 00:15:00,0.0
2030-05-16 00:30:00,0.0
2030-05-16 00:45:00,0.0
2030-05-16 01:00:00,0.0
2030-05-16 01:15:00,0.0
2030-05-16 01:30:00,0.0
2030-05-16 01:45:00,0.0
2030-05-16 02:00:00,0.0
2030-05-16 02:15:00,0.0
2030-05-16 02:30:00,0.0
2030-05-16 02:45:00,0.0
2030-05-16 03:00:00,0.0
2030-05-16 03:15:00,0.0
2030-05-16 03:30:00,0.0
2030-05-16 03:45:00,0.0
2030-05-16 04:00:00,0.0
2030-05-16 04:15:00,0.0
2030-05-16 04:30:00,0.0
2030-05-16 04:45:00,0.0
2030-05-16 05:00:00,0.0
2030-05-16 05:15:00,0.0
2030-05-16 05:30:00,0.0
2030-05-16 05:45:00,0.0
2030-05-16 06:00:00,0.0
2030-05-16 06:15:00,0.0
2030-05-16 06:30:00,0.0
2030-05-16 06:45:00,0.0
2030-05-16 07:00:00,0.0
2030-05-16 07:15:00,0.0
2030-05-16 07:30:00,0.0
2030-05-16 07:45:00,0.0
2030-05-16 08:00:00,0.0
2030-05-16 08:15:00,0.0
2030-05-16 08:30:00,0.0
2030-05-16 08:45:00,0.0
2030-05-16 09:00:00,0.0
2030-05-16 09:15:00,0.0
2030-05-16 09:30:00,0.0
2030-05-16 09:45:00,0.0
2030-05-16 10:00:00,0.0
2030-05-16 10:15:00,0.0
2030-05-16 10:30:00,0.0
2030-05-16 10:45:00,0.0
2030-05-16 11:00:00,0.0
2030-05-16 11:15:00,0.0
2030-05-16 11:30:00,0.0
2030-05-16 11:45:00,0.0
2030-05-16 12:00:00,0.0
2030-05-16 12:15:00,0.0
2030-05-16 12:30:00,0.0
2030-05-16 12:45:00,0.0
2030-05-16 13:00:00,0.0
2030-05-16 13:15:00,0.0
2030-05-16 13:30:00,0.0
2030-05-16 13:45:00,0.0
2030-05-16 14:00:00,0.0
2030-05-16 14:15:00,0.0
2030-05-16 14:30:00,0.0
2030-05-16 14:45:00,0.0
2030-05-16 15:00:00,0.0
2030-05-16 15:15:00,0.0
2030-05-16 15:30:00,0.0
2030-05-16 15:45:00,0.0
2030-05-16 16:00:00,0.0
2030-05-16 16:15:00,0.0
2030-05-16 16:30:00,0.0
2030-05-16 16:45:00,0.0
2030-05-16 17:00:00,0.0
2030-05-16 17:15:00,0.0
2030-05-16 17:30:00,0.0
2030-05-16 17:45:00,0.0
2030-05-16 18:00:00,0.0
2030-05-16 18:15:00,0.0
2030-05-16 18:30:00,0.0
2030-05-16 18:45:00,0.0
2030-05-16 19:00:00,0.0
2030-05-16 19:15:00,0.0
2030-05-16 19:30:00,0.0
2030-05-16 19:45:00,0.0
2030-05-16 20:00:00,0.0
2030-05-16 20:15:00,0.0
2030-05-16 20:30:00,0.0
2030-05-16 20:45:00,0.0
2030-05-16 21:00:00,0.0
2030-05-16 21:15:00,0.0
2030-05-16 21:30:00,0.0
2030-05-16 21:45:00,0.0
2030-05-16 22:00:00,0.0
2030-05-16 22:15:00,0.0
2030-05-16 22:30:00,0.0
2030-05-16 22:45:00,0.0
2030-05-16 23:00:00,0.0
2030-05-16 23:15:00,0.0
2030-05-16 23:30:00,0.0
2030-05-16 23:45:00,0.0
2030-05-17 00:00:00,0.0
2030-05-17 00:15:00,0.0
2030-05-17 00:30:00,0.0
2030-05-17 00:45:00,0.0
2030-05-17 01:00:00,0.0
2030-05-17 01:15:00,0.0
2030-05-17 01:30:00,0.0
2030-05-17 01:45:00,0.0
2030-05-17 02:00:00,0.0
2030-05-17 02:15:00,0.0
2030-05-17 02:30:00,0.0
2030-05-17 02:45:00,0.0
2030-05-17 03:00:00,0.0
2030-05-17 03:15:00,0.0
2030-05-17 03:30:00,0.0
2030-05-17 03:45:00,0.0
2030-05-17 04:00:00,0.0
2030-05-17 04:15:00,0.0
2030-05-17 04:30:00,0.0
2030-05-17 04:45:00,0.0
2030-05-17 05:00:00,0.0
2030-05-17 05:15:00,0.0
2030-05-17 05:30:00,0.0
2030-05-17 05:45:00,0.0
2030-05-17 06:00:00,0.0
2030-05-17 06:15:00,0.0
2030-05-17 06:30:00,0.0
2030-05-17 06:45:00,0.0
2030-05-17 07:00:00,0.0
2030-05-17 07:15:00,0.0
2030-05-17 07:30:00,0.0
2030-05-17 07:45:00,0.0
2030-05-17 08:00:00,0.0
2030-05-17 08:15:00,0.0
2030-05-17 08:30:00,0.0
2030-05-17 08:45:00,0.0
2030-05-17 09:00:00,0.0
2030-05-17 09:15:00,0.0
2030-05-17 09:30:00,0.0
2030-05-17 09:45:00,0.0
2030-05-17 10:00:00,0.0
2030-05-17 10:15:00,0.0
2030-05-17 10:30:00,0.0
2030-05-17 10:45:00,0.0
2030-05-17 11:00:00,0.0
2030-05-17 11:15:00,0.0
2030-05-17 11:30:00,0.0
2030-05-17 11:45:00,0.0
2030-05-17 12:00:00,0.0
2030-05-17 12:15:00,0.0
2030-05-17 12:30:00,0.0
2030-05-17 12:45:00,0.0
2030-05-17 13:00:00,-2381.365195175491
2030-05-17 13:15:00,-12549.653169963614
2030-05-17 13:30:00,-12174.804180878924
2030-05-17 13:45:00,-12050.619791268215
2030-05-17 14:00:00,-11622.835578238573
2030-05-17 14:15:00,-11279.6219621573
2030-05-17 14:30:00,-10819.332876408647
2030-05-17 14:45:00,-10184.119926533454
2030-05-17 15:00:00,-9278.436025427982
2030-05-17 15:15:00,-8540.534337809488
2030-05-17 15:30:00,-8091.586940296471
2030-05-17 15:45:00,-7208.4101483941595
2030-05-17 16:00:00,-6265.168021950816
2030-05-17 16:15:00,-5481.034943382143
2030-05-17 16:30:00,-4482.916844908435
2030-05-17 16:45:00,-3260.9114176210824
2030-05-17 17:00:00,-2138.4383505846417
2030-05-17 17:15:00,-1116.6583817899154
2030-05-17 17:30:00,-18.449810590795096
2030-05-17 17:45:00,0.0
2030-05-17 18:00:00,0.0
2030-05-17 18:15:00,0.0
2030-05-17 18:30:00,0.0
2030-05-17 18:45:00,0.0
2030-05-17 19:00:00,0.0
2030-05-17 19:15:00,0.0
2030-05-17 19:30:00,0.0
2030-05-17 19:45:00,0.0
2030-05-17 20:00:00,0.0
2030-05-17 20:15:00,0.0
2030-05-17 20:30:00,0.0
2030-05-17 20:45:00,0.0
2030-05-17 21:00:00,0.0
2030-05-17 21:15:00,0.0
2030-05-17 21:30:00,0.0
2030-05-17 21:45:00,0.0
2030-05-17 22:00:00,0.0
2030-05-17 22:15:00,0.0
2030-05-17 22:30:00,0.0
2030-05-17 22:45:00,0.0
2030-05-17 23:00:00,0.0
2030-05-17 23:15:00,0.0
2030-05-17 23:30:00,0.0
2030-05-17 23:45:00,0.0
2030-05-18 00:00:00,0.0
2030-05-18 00:15:00,0.0
2030-05-18 00:30:00,0.0
2030-05-18 00:45:00,0.0
2030-05-18 01:00:00,0.0
2030-05-18 01:15:00,0.0
2030-05-18 01:30:00,0.0
2030-05-18 01:45:00,0.0
2030-05-18 02:00:00,0.0
2030-05-18 02:15:00,0.0
2030-05-18 02:30:00,0.0
2030-05-18 02:45:00,0.0
2030-05-18 03:00:00,0.0
2030-05-18 03:15:00,0.0
2030-05-18 03:30:00,0.0
2030-05-18 03:45:00,0.0
2030-05-18 04:00:00,0.0
2030-05-18 04:15:00,0.0
2030-05-18 04:30:00,0.0
2030-05-18 04:45:00,0.0
2030-05-18 05:00:00,0.0
2030-05-18 05:15:00,0.0
2030-05-18 05:30:00,0.0
2030-05-18 05:45:00,0.0
2030-05-18 06:00:00,0.0
2030-05-18 06:15:00,0.0
2030-05-18 06:30:00,0.0
2030-05-18 06:45:00,0.0
2030-05-18 07:00:00,0.0
2030-05-18 07:15:00,0.0
2030-05-18 07:30:00,0.0
2030-05-18 07:45:00,0.0
2030-05-18 08:00:00,0.0
2030-05-18 08:15:00,0.0
2030-05-18 08:30:00,0.0
2030-05-18 08:45:00,0.0
2030-05-18 09:00:00,0.0
2030-05-18 09:15:00,0.0
2030-05-18 09:30:00,0.0
2030-05-18 09:45:00,0.0
2030-05-18 10:00:00,0.0
2030-05-18 10:15:00,0.0
2030-05-18 10:30:00,0.0
2030-05-18 10:45:00,0.0
2030-05-18 11:00:00,0.0
2030-05-18 11:15:00,0.0
2030-05-18 11:30:00,0.0
2030-05-18 11:45:00,0.0
2030-05-18 12:00:00,0.0
2030-05-18 12:15:00,0.0
2030-05-18 12:30:00,0.0
2030-05-18 12:45:00,0.0
2030-05-18 13:00:00,0.0
2030-05-18 13:15:00,0.0
2030-05-18 13:30:00,-12423.879837048931
2030-05-18 13:45:00,-14146.528219300797
2030-05-18 14:00:00,-13749.813667667542
2030-05-18 14:15:00,-13101.837545842458
2030-05-18 14:30:00,-12609.451410015772
2030-05-18 14:45:00,-11990.06545305914
2030-05-18 15:00:00,-11074.325870846906
2030-05-18 15:15:00,-10473.334619854695
2030-05-18 15:30:00,-9720.153224410542
2030-05-18 15:45:00,-8855.301349739982
2030-05-18 16:00:00,-7924.749717448576
2030-05-18 16:15:00,-6825.175984209187
2030-05-18 16:30:00,-5467.724280923747
2030-05-18 16:45:00,-4592.550962203937
2030-05-18 17:00:00,-3554.3629990332265
2030-05-18 17:15:00,-2183.085229135002
2030-05-18 17:30:00,-1137.2886317727116
2030-05-18 17:45:00,0.0
2030-05-18 18:00:00,0.0
2030-05-18 18:15:00,0.0
2030-05-18 18:30:00,0.0
2030-05-18 18:45:00,0.0
2030-05-18 19:00:00,0.0
2030-05-18 19:15:00,0.0
2030-05-18 19:30:00,0.0
2030-05-18 19:45:00,0.0
2030-05-18 20:00:00,0.0
2030-05-18 20:15:00,0.0
2030-05-18 20:30:00,0.0
2030-05-18 20:45:00,0.0
2030-05-18 21:00:00,0.0
2030-05-18 21:15:00,0.0
2030-05-18 21:30:00,0.0
2030-05-18 21:45:00,0.0
2030-05-18 22:00:00,0.0
2030-05-18 22:15:00,0.0
2030-05-18 22:30:00,0.0
2030-05-18 22:45:00,0.0
2030-05-18 23:00:00,0.0
2030-05-18 23:15:00,0.0
2030-05-18 23:30:00,0.0
2030-05-18 23:45:00,0.0
2030-05-19 00:00:00,0.0
2030-05-19 00:15:00,0.0
2030-05-19 00:30:00,0.0
2030-05-19 00:45:00,0.0
2030-05-19 01:00:00,0.0
2030-05-19 01:15:00,0.0
2030-05-19 01:30:00,0.0
2030-05-19 01:45:00,0.0
2030-05-19 02:00:00,0.0
2030-05-19 02:15:00,0.0
2030-05-19 02:30:00,0.0
2030-05-19 02:45:00,0.0
2030-05-19 03:00:00,0.0
2030-05-19 03:15:00,0.0
2030-05-19 03:30:00,0.0
2030-05-19 03:45:00,0.0
2030-05-19 04:00:00,0.0
2030-05-19 04:15:00,0.0
2030-05-19 04:30:00,0.0
2030-05-19 04:45:00,0.0
2030-05-19 05:00:00,0.0
2030-05-19 05:15:00,0.0
2030-05-19 05:30:00,0.0
2030-05-19 05:45:00,0.0
2030-05-19 06:00:00,0.0
2030-05-19 06:15:00,0.0
2030-05-19 06:30:00,0.0
2030-05-19 06:45:00,0.0
2030-05-19 07:00:00,0.0
2030-05-19 07:15:00,0.0
2030-05-19 07:30:00,0.0
2030-05-19 07:45:00,0.0
2030-05-19 08:00:00,0.0
2030-05-19 08:15:00,0.0
2030-05-19 08:30:00,0.0
2030-05-19 08:45:00,0.0
2030-05-19 09:00:00,0.0
2030-05-19 09:15:00,0.0
2030-05-19 09:30:00,0.0
2030-05-19 09:45:00,0.0
2030-05-19 10:00:00,0.0
2030-05-19 10:15:00,0.0
2030-05-19 10:30:00,0.0
2030-05-19 10:45:00,0.0
2030-05-19 11:00:00,0.0
2030-05-19 11:15:00,0.0
2030-05-19 11:30:00,0.0
2030-05-19 11:45:00,-4538.882190559398
2030-05-19 12:00:00,-11885.01177075905
2030-05-19 12:15:00,-11888.794300186455
2030-05-19 12:30:00,-11704.97896079793
2030-05-19 12:45:00,-11430.995300752842
2030-05-19 13:00:00,-11544.322187256013
2030-05-19 13:15:00,-11295.208040390306
2030-05-19 13:30:00,-11327.55014071173
2030-05-19 13:45:00,-11091.46417264624
2030-05-19 14:00:00,-10771.939517344847
2030-05-19 14:15:00,-10346.241058336425
2030-05-19 14:30:00,-9944.509708370231
2030-05-19 14:45:00,-9121.37373020385
2030-05-19 15:00:00,-8267.750071740775
2030-05-19 15:15:00,-7130.484716314499
2030-05-19 15:30:00,-6212.5261792003475
2030-05-19 15:45:00,-5275.075236494769
2030-05-19 16:00:00,-4353.514007800783
2030-05-19 16:15:00,-3224.3725333546354
2030-05-19 16:30:00,-2003.625928897327
2030-05-19 16:45:00,-765.8287317013164
2030-05-19 17:00:00,0.0
2030-05-19 17:15:00,0.0
2030-05-19 17:30:00,0.0
2030-05-19 17:45:00,0.0
2030-05-19 18:00:00,0.0
2030-05-19 18:15:00,0.0
2030-05-19 18:30:00,0.0
2030-05-19 18:45:00,0.0
2030-05-19 19:00:00,0.0
2030-05-19 19:15:00,0.0
2030-05-19 19:30:00,0.0
2030-05-19 19:45:00,0.0
2030-05-19 20:00:00,0.0
2030-05-19 20:15:00,0.0
2030-05-19 20:30:00,0.0
2030-05-19 20:45:00,0.0
2030-05-19 21:00:00,0.0
2030-05-19 21:15:00,0.0
2030-05-19 21:30:00,0.0
2030-05-19 21:45:00,0.0
2030-05-19 22:00:00,0.0
2030-05-19 22:15:00,0.0
2030-05-19 22:30:00,0.0
2030-05-19 22:45:00,0.0
2030-05-19 23:00:00,0.0
2030-05-19 23:15:00,0.0
2030-05-19 23:30:00,0.0
2030-05-19 23:45:00,0.0
2030-05-20 00:00:00,0.0
2030-05-20 00:15:00,0.0
2030-05-20 00:30:00,0.0
2030-05-20 00:45:00,0.0
2030-05-20 01:00:00,0.0
2030-05-20 01:15:00,0.0
2030-05-20 01:30:00,0.0
2030-05-20 01:45:00,0.0
2030-05-20 02:00:00,0.0
2030-05-20 02:15:00,0.0
2030-05-20 02:30:00,0.0
2030-05-20 02:45:00,0.0
2030-05-20 03:00:00,0.0
2030-05-20 03:15:00,0.0
2030-05-20 03:30:00,0.0
2030-05-20 03:45:00,0.0
2030-05-20 04:00:00,0.0
2030-05-20 04:15:00,0.0
2030-05-20 04:30:00,0.0
2030-05-20 04:45:00,0.0
2030-05-20 05:00:00,0.0
2030-05-20 05:15:00,0.0
2030-05-20 05:30:00,0.0
2030-05-20 05:45:00,0.0
2030-05-20 06:00:00,0.0
2030-05-20 06:15:00,0.0
2030-05-20 06:30:00,0.0
2030-05-20 06:45:00,0.0
2030-05-20 07:00:00,0.0
2030-05-20 07:15:00,0.0
2030-05-20 07:30:00,0.0
2030-05-20 07:45:00,0.0
2030-05-20 08:00:00,0.0
2030-05-20 08:15:00,0.0
2030-05-20 08:30:00,0.0
2030-05-20 08:45:00,0.0
2030-05-20 09:00:00,0.0
2030-05-20 09:15:00,0.0
2030-05-20 09:30:00,0.0
2030-05-20 09:45:00,0.0
2030-05-20 10:00:00,0.0
2030-05-20 10:15:00,0.0
2030-05-20 10:30:00,0.0
2030-05-20 10:45:00,0.0
2030-05-20 11:00:00,0.0
2030-05-20 11:15:00,0.0
2030-05-20 11:30:00,0.0
2030-05-20 11:45:00,0.0
2030-05-20 12:00:00,0.0
2030-05-20 12:15:00,0.0
2030-05-20 12:30:00,0.0
2030-05-20 12:45:00,0.0
2030-05-20 13:00:00,0.0
2030-05-20 13:15:00,-15876.496394865604
2030-05-20 13:30:00,-15825.024740625231
2030-05-20 13:45:00,-15551.770780373994
2030-05-20 14:00:00,-15066.050380559242
2030-05-20 14:15:00,-14338.732896829672
2030-05-20 14:30:00,-13335.667378627959
2030-05-20 14:45:00,-12660.289880415134
2030-05-20 15:00:00,-11607.120403880797
2030-05-20 15:15:00,-10755.10118324211
2030-05-20 15:30:00,-10004.625758825081
2030-05-20 15:45:00,-9261.422822577424
2030-05-20 16:00:00,-8062.551166845402
2030-05-20 16:15:00,-7104.51178575081
2030-05-20 16:30:00,-6047.33539758066
2030-05-20 16:45:00,-5164.567116171504
2030-05-20 17:00:00,-3213.7094783828416
2030-05-20 17:15:00,-1673.370013351072
2030-05-20 17:30:00,-470.62323896201997
2030-05-20 17:45:00,0.0
2030-05-20 18:00:00,0.0
2030-05-20 18:15:00,0.0
2030-05-20 18:30:00,0.0
2030-05-20 18:45:00,0.0
2030-05-20 19:00:00,0.0
2030-05-20 19:15:00,0.0
2030-05-20 19:30:00,0.0
2030-05-20 19:45:00,0.0
2030-05-20 20:00:00,0.0
2030-05-20 20:15:00,0.0
2030-05-20 20:30:00,0.0
2030-05-20 20:45:00,0.0
2030-05-20 21:00:00,0.0
2030-05-20 21:15:00,0.0
2030-05-20 21:30:00,0.0
2030-05-20 21:45:00,0.0
2030-05-20 22:00:00,0.0
2030-05-20 22:15:00,0.0
2030-05-20 22:30:00,0.0
2030-05-20 22:45:00,0.0
2030-05-20 23:00:00,0.0
2030-05-20 23:15:00,0.0
2030-05-20 23:30:00,0.0
2030-05-20 23:45:00,0.0
2030-05-21 00:00:00,0.0
2030-05-21 00:15:00,0.0
2030-05-21 00:30:00,0.0
2030-05-21 00:45:00,0.0
2030-05-21 01:00:00,0.0
2030-05-21 01:15:00,0.0
2030-05-21 01:30:00,0.0
2030-05-21 01:45:00,0.0
2030-05-21 02:00:00,0.0
2030-05-21 02:15:00,0.0
2030-05-21 02:30:00,0.0
2030-05-21 02:45:00,0.0
2030-05-21 03:00:00,0.0
2030-05-21 03:15:00,0.0
2030-05-21 03:30:00,0.0
2030-05-21 03:45:00,0.0
2030-05-21 04:00:00,0.0
2030-05-21 04:15:00,0.0
2030-05-21 04:30:00,0.0
2030-05-21 04:45:00,0.0
2030-05-21 05:00:00,0.0
2030-05-21 05:15:00,0.0
2030-05-21 05:30:00,0.0
2030-05-21 05:45:00,0.0
2030-05-21 06:00:00,0.0
2030-05-21 06:15:00,0.0
2030-05-21 06:30:00,0.0
2030-05-21 06:45:00,0.0
2030-05-21 07:00:00,0.0
2030-05-21 07:15:00,0.0
2030-05-21 07:30:00,0.0
2030-05-21 07:45:00,0.0
2030-05-21 08:00:00,0.0
2030-05-21 08:15:00,0.0
2030-05-21 08:30:00,0.0
2030-05-21 08:45:00,0.0
2030-05-21 09:00:00,0.0
2030-05-21 09:15:00,0.0
2030-05-21 09:30:00,0.0
2030-05-21 09:45:00,0.0
2030-05-21 10:00:00,0.0
2030-05-21 10:15:00,0.0
2030-05-21 10:30:00,0.0
2030-05-21 10:45:00,0.0
2030-05-21 11:00:00,0.0
2030-05-21 11:15:00,0.0
2030-05-21 11:30:00,0.0
2030-05-21 11:45:00,-5650.249822439746
2030-05-21 12:00:00,-19482.802189474296
2030-05-21 12:15:00,-19475.070829604156
2030-05-21 12:30:00,-19027.335584951798
2030-05-21 12:45:00,-18675.501526723558
2030-05-21 13:00:00,-18541.665702212806
2030-05-21 13:15:00,-18150.992522449968
2030-05-21 13:30:00,-17797.190397737362
2030-05-21 13:45:00,-17515.590781198945
2030-05-21 14:00:00,-17109.00396949738
2030-05-21 14:15:00,-16651.78757463821
2030-05-21 14:30:00,-16089.220707297432
2030-05-21 14:45:00,-15290.080211063161
2030-05-21 15:00:00,-14910.842661899324
2030-05-21 15:15:00,-14326.669596150681
2030-05-21 15:30:00,-13051.929025917929
2030-05-21 15:45:00,-11723.194251651445
2030-05-21 16:00:00,-10089.8492519098
2030-05-21 16:15:00,-8678.729948684426
2030-05-21 16:30:00,-7050.993374726666
2030-05-21 16:45:00,-5568.534327073961
2030-05-21 17:00:00,-3803.6827642416283
2030-05-21 17:15:00,-2068.502185974092
2030-05-21 17:30:00,-313.8055297096653
2030-05-21 17:45:00,0.0
2030-05-21 18:00:00,0.0
2030-05-21 18:15:00,0.0
2030-05-21 18:30:00,0.0
2030-05-21 18:45:00,0.0
2030-05-21 19:00:00,0.0
2030-05-21 19:15:00,0.0
2030-05-21 19:30:00,0.0
2030-05-21 19:45:00,0.0
2030-05-21 20:00:00,0.0
2030-05-21 20:15:00,0.0
2030-05-21 20:30:00,0.0
2030-05-21 20:45:00,0.0
2030-05-21 21:00:00,0.0
2030-05-21 21:15:00,0.0
2030-05-21 21:30:00,0.0
2030-05-21 21:45:00,0.0
2030-05-21 22:00:00,0.0
2030-05-21 22:15:00,0.0
2030-05-21 22:30:00,0.0
2030-05-21 22:45:00,0.0
2030-05-21 23:00:00,0.0
2030-05-21 23:15:00,0.0
2030-05-21 23:30:00,0.0
2030-05-21 23:45:00,0.0
2030-05-22 00:00:00,0.0
2030-05-22 00:15:00,0.0
2030-05-22 00:30:00,0.0
2030-05-22 00:45:00,0.0
2030-05-22 01:00:00,0.0
2030-05-22 01:15:00,0.0
2030-05-22 01:30:00,0.0
2030-05-22 01:45:00,0.0
2030-05-22 02:00:00,0.0
2030-05-22 02:15:00,0.0
2030-05-22 02:30:00,0.0
2030-05-22 02:45:00,0.0
2030-05-22 03:00:00,0.0
2030-05-22 03:15:00,0.0
2030-05-22 03:30:00,0.0
2030-05-22 03:45:00,0.0
2030-05-22 04:00:00,0.0
2030-05-22 04:15:00,0.0
2030-05-22 04:30:00,0.0
2030-05-22 04:45:00,0.0
2030-05-22 05:00:00,0.0
2030-05-22 05:15:00,0.0
2030-05-22 05:30:00,0.0
2030-05-22 05:45:00,0.0
2030-05-22 06:00:00,0.0
2030-05-22 06:15:00,0.0
2030-05-22 06:30:00,0.0
2030-05-22 06:45:00,0.0
2030-05-22 07:00:00,0.0
2030-05-22 07:15:00,0.0
2030-05-22 07:30:00,0.0
2030-05-22 07:45:00,0.0
2030-05-22 08:00:00,0.0
2030-05-22 08:15:00,0.0
2030-05-22 08:30:00,0.0
2030-05-22 08:45:00,0.0
2030-05-22 09:00:00,0.0
2030-05-22 09:15:00,0.0
2030-05-22 09:30:00,0.0
2030-05-22 09:45:00,0.0
2030-05-22 10:00:00,0.0
2030-05-22 10:15:00,0.0
2030-05-22 10:30:00,-3412.760057451127
2030-05-22 10:45:00,-19730.263013206277
2030-05-22 11:00:00,-20431.227142876807
2030-05-22 11:15:00,-20371.713664235318
2030-05-22 11:30:00,-20257.117645005863
2030-05-22 11:45:00,-20068.90421803455
2030-05-22 12:00:00,-19921.617596184424
2030-05-22 12:15:00,-19556.618929157412
2030-05-22 12:30:00,-19157.329909239103
2030-05-22 12:45:00,-18576.19639459294
2030-05-22 13:00:00,-17708.17410462081
2030-05-22 13:15:00,-16178.612351731823
2030-05-22 13:30:00,-14959.76033687227
2030-05-22 13:45:00,-14049.626432532415
2030-05-22 14:00:00,-12848.223329070242
2030-05-22 14:15:00,-11441.930431867233
2030-05-22 14:30:00,-9997.940129614253
2030-05-22 14:45:00,-8144.110294900285
2030-05-22 15:00:00,-6707.650552649058
2030-05-22 15:15:00,-5115.502350030369
2030-05-22 15:30:00,-3674.7264532579866
2030-05-22 15:45:00,-2784.701627268503
2030-05-22 16:00:00,-1809.5629720061515
2030-05-22 16:15:00,-954.8921622081689
2030-05-22 16:30:00,0.0
2030-05-22 16:45:00,0.0
2030-05-22 17:00:00,0.0
2030-05-22 17:15:00,0.0
2030-05-22 17:30:00,0.0
2030-05-22 17:45:00,0.0
2030-05-22 18:00:00,0.0
2030-05-22 18:15:00,0.0
2030-05-22 18:30:00,0.0
2030-05-22 18:45:00,0.0
2030-05-22 19:00:00,0.0
2030-05-22 19:15:00,0.0
2030-05-22 19:30:00,0.0
2030-05-22 19:45:00,0.0
2030-05-22 20:00:00,0.0
2030-05-22 20:15:00,0.0
2030-05-22 20:30:00,0.0
2030-05-22 20:45:00,0.0
2030-05-22 21:00:00,0.0
2030-05-22 21:15:00,0.0
2030-05-22 21:30:00,0.0
2030-05-22 21:45:00,0.0
2030-05-22 22:00:00,0.0
2030-05-22 22:15:00,0.0
2030-05-22 22:30:00,0.0
2030-05-22 22:45:00,0.0
2030-05-22 23:00:00,0.0
2030-05-22 23:15:00,0.0
2030-05-22 23:30:00,0.0
2030-05-22 23:45:00,0.0
2030-05-23 00:00:00,0.0
2030-05-23 00:15:00,0.0
2030-05-23 00:30:00,0.0
2030-05-23 00:45:00,0.0
2030-05-23 01:00:00,0.0
2030-05-23 01:15:00,0.0
2030-05-23 01:30:00,0.0
2030-05-23 01:45:00,0.0
2030-05-23 02:00:00,0.0
2030-05-23 02:15:00,0.0
2030-05-23 02:30:00,0.0
2030-05-23 02:45:00,0.0
2030-05-23 03:00:00,0.0
2030-05-23 03:15:00,0.0
2030-05-23 03:30:00,0.0
2030-05-23 03:45:00,0.0
2030-05-23 04:00:00,0.0
2030-05-23 04:15:00,0.0
2030-05-23 04:30:00,0.0
2030-05-23 04:45:00,0.0
2030-05-23 05:00:00,0.0
2030-05-23 05:15:00,0.0
2030-05-23 05:30:00,0.0
2030-05-23 05:45:00,0.0
2030-05-23 06:00:00,0.0
2030-05-23 06:15:00,0.0
2030-05-23 06:30:00,0.0
2030-05-23 06:45:00,0.0
2030-05-23 07:00:00,0.0
2030-05-23 07:15:00,0.0
2030-05-23 07:30:00,0.0
2030-05-23 07:45:00,0.0
2030-05-23 08:00:00,0.0
2030-05-23 08:15:00,0.0
2030-05-23 08:30:00,0.0
2030-05-23 08:45:00,0.0
2030-05-23 09:00:00,0.0
2030-05-23 09:15:00,0.0
2030-05-23 09:30:00,0.0
2030-05-23 09:45:00,0.0
2030-05-23 10:00:00,0.0
2030-05-23 10:15:00,0.0
2030-05-23 10:30:00,0.0
2030-05-23 10:45:00,0.0
2030-05-23 11:00:00,-12144.082844048258
2030-05-23 11:15:00,-20610.608653001625
2030-05-23 11:30:00,-20735.862156174582
2030-05-23 11:45:00,-20907.729770953887
2030-05-23 12:00:00,-21203.65560461255
2030-05-23 12:15:00,-21108.412088931073
2030-05-23 12:30:00,-21450.97752685232
2030-05-23 12:45:00,-21501.246720170697
2030-05-23 13:00:00,-21377.357685054336
2030-05-23 13:15:00,-20625.09952961382
2030-05-23 13:30:00,-20522.410243032096
2030-05-23 13:45:00,-20248.66157964794
2030-05-23 14:00:00,-19817.60732674896
2030-05-23 14:15:00,-19285.078752564677
2030-05-23 14:30:00,-18569.66947982565
2030-05-23 14:45:00,-17853.45231966253
2030-05-23 15:00:00,-17162.089493216026
2030-05-23 15:15:00,-16460.40399035287
2030-05-23 15:30:00,-15710.581666786147
2030-05-23 15:45:00,-14838.35154726814
2030-05-23 16:00:00,-13403.40188898801
2030-05-23 16:15:00,-12088.570568064184
2030-05-23 16:30:00,-10409.961224742408
2030-05-23 16:45:00,-8735.340646929064
2030-05-23 17:00:00,-7363.651736481308
2030-05-23 17:15:00,-6440.567851851341
2030-05-23 17:30:00,-5295.363874730912
2030-05-23 17:45:00,-4431.613208318151
2030-05-23 18:00:00,-3507.842784145032
2030-05-23 18:15:00,-2569.6657928754867
2030-05-23 18:30:00,-1856.4594679123074
2030-05-23 18:45:00,-1514.7857840816796
2030-05-23 19:00:00,-902.6151273322321
2030-05-23 19:15:00,-638.6272740806271
2030-05-23 19:30:00,-159.99883686314206
2030-05-23 19:45:00,0.0
2030-05-23 20:00:00,0.0
2030-05-23 20:15:00,0.0
2030-05-23 20:30:00,0.0
2030-05-23 20:45:00,0.0
2030-05-23 21:00:00,0.0
2030-05-23 21:15:00,0.0
2030-05-23 21:30:00,0.0
2030-05-23 21:45:00,0.0
2030-05-23 22:00:00,0.0
2030-05-23 22:15:00,0.0
2030-05-23 22:30:00,0.0
2030-05-23 22:45:00,0.0
2030-05-23 23:00:00,0.0
2030-05-23 23:15:00,0.0
2030-05-23 23:30:00,0.0
2030-05-23 23:45:00,0.0
2030-05-24 00:00:00,0.0
2030-05-24 00:15:00,0.0
2030-05-24 00:30:00,0.0
2030-05-24 00:45:00,0.0
2030-05-24 01:00:00,0.0
2030-05-24 01:15:00,0.0
2030-05-24 01:30:00,0.0
2030-05-24 01:45:00,0.0
2030-05-24 02:00:00,0.0
2030-05-24 02:15:00,0.0
2030-05-24 02:30:00,0.0
2030-05-24 02:45:00,0.0
2030-05-24 03:00:00,0.0
2030-05-24 03:15:00,0.0
2030-05-24 03:30:00,0.0
2030-05-24 03:45:00,0.0
2030-05-24 04:00:00,0.0
2030-05-24 04:15:00,0.0
2030-05-24 04:30:00,0.0
2030-05-24 04:45:00,0.0
2030-05-24 05:00:00,0.0
2030-05-24 05:15:00,0.0
2030-05-24 05:30:00,0.0
2030-05-24 05:45:00,0.0
2030-05-24 06:00:00,0.0
2030-05-24 06:15:00,0.0
2030-05-24 06:30:00,0.0
2030-05-24 06:45:00,0.0
2030-05-24 07:00:00,0.0
2030-05-24 07:15:00,0.0
2030-05-24 07:30:00,0.0
2030-05-24 07:45:00,0.0
2030-05-24 08:00:00,0.0
2030-05-24 08:15:00,0.0
2030-05-24 08:30:00,0.0
2030-05-24 08:45:00,0.0
2030-05-24 09:00:00,0.0
2030-05-24 09:15:00,0.0
2030-05-24 09:30:00,0.0
2030-05-24 09:45:00,0.0
2030-05-24 10:00:00,0.0
2030-05-24 10:15:00,0.0
2030-05-24 10:30:00,0.0
2030-05-24 10:45:00,0.0
2030-05-24 11:00:00,0.0
2030-05-24 11:15:00,0.0
2030-05-24 11:30:00,0.0
2030-05-24 11:45:00,0.0
2030-05-24 12:00:00,0.0
2030-05-24 12:15:00,0.0
2030-05-24 12:30:00,0.0
2030-05-24 12:45:00,0.0
2030-05-24 13:00:00,0.0
2030-05-24 13:15:00,0.0
2030-05-24 13:30:00,0.0
2030-05-24 13:45:00,0.0
2030-05-24 14:00:00,0.0
2030-05-24 14:15:00,0.0
2030-05-24 14:30:00,0.0
2030-05-24 14:45:00,0.0
2030-05-24 15:00:00,-193.75371972939683
2030-05-24 15:15:00,-1272.7179975347572
2030-05-24 15:30:00,-595.0260403047541
2030-05-24 15:45:00,0.0
2030-05-24 16:00:00,0.0
2030-05-24 16:15:00,0.0
2030-05-24 16:30:00,0.0
2030-05-24 16:45:00,0.0
2030-05-24 17:00:00,0.0
2030-05-24 17:15:00,0.0
2030-05-24 17:30:00,0.0
2030-05-24 17:45:00,0.0
2030-05-24 18:00:00,0.0
2030-05-24 18:15:00,0.0
2030-05-24 18:30:00,0.0
2030-05-24 18:45:00,0.0
2030-05-24 19:00:00,0.0
2030-05-24 19:15:00,0.0
2030-05-24 19:30:00,0.0
2030-05-24 19:45:00,0.0
2030-05-24 20:00:00,0.0
2030-05-24 20:15:00,0.0
2030-05-24 20:30:00,0.0
2030-05-24 20:45:00,0.0
2030-05-24 21:00:00,0.0
2030-05-24 21:15:00,0.0
2030-05-24 21:30:00,0.0
2030-05-24 21:45:00,0.0
2030-05-24 22:00:00,0.0
2030-05-24 22:15:00,0.0
2030-05-24 22:30:00,0.0
2030-05-24 22:45:00,0.0
2030-05-24 23:00:00,0.0
2030-05-24 23:15:00,0.0
2030-05-24 23:30:00,0.0
2030-05-24 23:45:00,0.0
2030-05-25 00:00:00,0.0
2030-05-25 00:15:00,0.0
2030-05-25 00:30:00,0.0
2030-05-25 00:45:00,0.0
2030-05-25 01:00:00,0.0
2030-05-25 01:15:00,0.0
2030-05-25 01:30:00,0.0
2030-05-25 01:45:00,0.0
2030-05-25 02:00:00,0.0
2030-05-25 02:15:00,0.0
2030-05-25 02:30:00,0.0
2030-05-25 02:45:00,0.0
2030-05-25 03:00:00,0.0
2030-05-25 03:15:00,0.0
2030-05-25 03:30:00,0.0
2030-05-25 03:45:00,0.0
2030-05-25 04:00:00,0.0
2030-05-25 04:15:00,0.0
2030-05-25 04:30:00,0.0
2030-05-25 04:45:00,0.0
2030-05-25 05:00:00,0.0
2030-05-25 05:15:00,0.0
2030-05-25 05:30:00,0.0
2030-05-25 05:45:00,0.0
2030-05-25 06:00:00,0.0
2030-05-25 06:15:00,0.0
2030-05-25 06:30:00,0.0
2030-05-25 06:45:00,0.0
2030-05-25 07:00:00,0.0
2030-05-25 07:15:00,0.0
2030-05-25 07:30:00,0.0
2030-05-25 07:45:00,0.0
2030-05-25 08:00:00,0.0
2030-05-25 08:15:00,0.0
2030-05-25 08:30:00,0.0
2030-05-25 08:45:00,0.0
2030-05-25 09:00:00,0.0
2030-05-25 09:15:00,0.0
2030-05-25 09:30:00,0.0
2030-05-25 09:45:00,0.0
2030-05-25 10:00:00,0.0
2030-05-25 10:15:00,0.0
2030-05-25 10:30:00,0.0
2030-05-25 10:45:00,0.0
2030-05-25 11:00:00,0.0
2030-05-25 11:15:00,0.0
2030-05-25 11:30:00,0.0
2030-05-25 11:45:00,0.0
2030-05-25 12:00:00,0.0
2030-05-25 12:15:00,0.0
2030-05-25 12:30:00,0.0
2030-05-25 12:45:00,0.0
2030-05-25 13:00:00,0.0
2030-05-25 13:15:00,0.0
2030-05-25 13:30:00,0.0
2030-05-25 13:45:00,-71.26966928748152
2030-05-25 14:00:00,-7240.41133462228
2030-05-25 14:15:00,-6989.9598926371145
2030-05-25 14:30:00,-6951.71299165408
2030-05-25 14:45:00,-6538.867035100804
2030-05-25 15:00:00,-5625.28071320938
2030-05-25 15:15:00,-4933.220617872488
2030-05-25 15:30:00,-4359.006477156592
2030-05-25 15:45:00,-3486.5167232953136
2030-05-25 16:00:00,-2297.1199401309677
2030-05-25 16:15:00,-1123.0928830376215
2030-05-25 16:30:00,0.0
2030-05-25 16:45:00,0.0
2030-05-25 17:00:00,0.0
2030-05-25 17:15:00,0.0
2030-05-25 17:30:00,0.0
2030-05-25 17:45:00,0.0
2030-05-25 18:00:00,0.0
2030-05-25 18:15:00,0.0
2030-05-25 18:30:00,0.0
2030-05-25 18:45:00,0.0
2030-05-25 19:00:00,0.0
2030-05-25 19:15:00,0.0
2030-05-25 19:30:00,0.0
2030-05-25 19:45:00,0.0
2030-05-25 20:00:00,0.0
2030-05-25 20:15:00,0.0
2030-05-25 20:30:00,0.0
2030-05-25 20:45:00,0.0
2030-05-25 21:00:00,0.0
2030-05-25 21:15:00,0.0
2030-05-25 21:30:00,0.0
2030-05-25 21:45:00,0.0
2030-05-25 22:00:00,0.0
2030-05-25 22:15:00,0.0
2030-05-25 22:30:00,0.0
2030-05-25 22:45:00,0.0
2030-05-25 23:00:00,0.0
2030-05-25 23:15:00,0.0
2030-05-25 23:30:00,0.0
2030-05-25 23:45:00,0.0
2030-05-26 00:00:00,0.0
2030-05-26 00:15:00,0.0
2030-05-26 00:30:00,0.0
2030-05-26 00:45:00,0.0
2030-05-26 01:00:00,0.0
2030-05-26 01:15:00,0.0
2030-05-26 01:30:00,0.0
2030-05-26 01:45:00,0.0
2030-05-26 02:00:00,0.0
2030-05-26 02:15:00,0.0
2030-05-26 02:30:00,0.0
2030-05-26 02:45:00,0.0
2030-05-26 03:00:00,0.0
2030-05-26 03:15:00,0.0
2030-05-26 03:30:00,0.0
2030-05-26 03:45:00,0.0
2030-05-26 04:00:00,7756.605338838543
2030-05-26 04:15:00,0.0
2030-05-26 04:30:00,0.0
2030-05-26 04:45:00,0.0
2030-05-26 05:00:00,0.0
2030-05-26 05:15:00,0.0
2030-05-26 05:30:00,0.0
2030-05-26 05:45:00,0.0
2030-05-26 06:00:00,0.0
2030-05-26 06:15:00,0.0
2030-05-26 06:30:00,0.0
2030-05-26 06:45:00,0.0
2030-05-26 07:00:00,0.0
2030-05-26 07:15:00,0.0
2030-05-26 07:30:00,0.0
2030-05-26 07:45:00,0.0
2030-05-26 08:00:00,0.0
2030-05-26 08:15:00,0.0
2030-05-26 08:30:00,0.0
2030-05-26 08:45:00,0.0
2030-05-26 09:00:00,0.0
2030-05-26 09:15:00,0.0
2030-05-26 09:30:00,0.0
2030-05-26 09:45:00,0.0
2030-05-26 10:00:00,0.0
2030-05-26 10:15:00,0.0
2030-05-26 10:30:00,0.0
2030-05-26 10:45:00,0.0
2030-05-26 11:00:00,0.0
2030-05-26 11:15:00,0.0
2030-05-26 11:30:00,0.0
2030-05-26 11:45:00,0.0
2030-05-26 12:00:00,0.0
2030-05-26 12:15:00,0.0
2030-05-26 12:30:00,0.0
2030-05-26 12:45:00,0.0
2030-05-26 13:00:00,0.0
2030-05-26 13:15:00,0.0
2030-05-26 13:30:00,0.0
2030-05-26 13:45:00,0.0
2030-05-26 14:00:00,0.0
2030-05-26 14:15:00,0.0
2030-05-26 14:30:00,0.0
2030-05-26 14:45:00,0.0
2030-05-26 15:00:00,0.0
2030-05-26 15:15:00,0.0
2030-05-26 15:30:00,0.0
2030-05-26 15:45:00,0.0
2030-05-26 16:00:00,0.0
2030-05-26 16:15:00,0.0
2030-05-26 16:30:00,0.0
2030-05-26 16:45:00,0.0
2030-05-26 17:00:00,0.0
2030-05-26 17:15:00,0.0
2030-05-26 17:30:00,0.0
2030-05-26 17:45:00,0.0
2030-05-26 18:00:00,0.0
2030-05-26 18:15:00,0.0
2030-05-26 18:30:00,0.0
2030-05-26 18:45:00,0.0
2030-05-26 19:00:00,0.0
2030-05-26 19:15:00,0.0
2030-05-26 19:30:00,0.0
2030-05-26 19:45:00,0.0
2030-05-26 20:00:00,0.0
2030-05-26 20:15:00,0.0
2030-05-26 20:30:00,0.0
2030-05-26 20:45:00,0.0
2030-05-26 21:00:00,0.0
2030-05-26 21:15:00,0.0
2030-05-26 21:30:00,0.0
2030-05-26 21:45:00,0.0
2030-05-26 22:00:00,0.0
2030-05-26 22:15:00,0.0
2030-05-26 22:30:00,0.0
2030-05-26 22:45:00,0.0
2030-05-26 23:00:00,0.0
2030-05-26 23:15:00,0.0
2030-05-26 23:30:00,0.0
2030-05-26 23:45:00,0.0
2030-05-27 00:00:00,0.0
2030-05-27 00:15:00,0.0
2030-05-27 00:30:00,0.0
2030-05-27 00:45:00,0.0
2030-05-27 01:00:00,0.0
2030-05-27 01:15:00,0.0
2030-05-27 01:30:00,0.0
2030-05-27 01:45:00,0.0
2030-05-27 02:00:00,0.0
2030-05-27 02:15:00,0.0
2030-05-27 02:30:00,0.0
2030-05-27 02:45:00,0.0
2030-05-27 03:00:00,2331.8063260628805
2030-05-27 03:15:00,0.0
2030-05-27 03:30:00,0.0
2030-05-27 03:45:00,0.0
2030-05-27 04:00:00,0.0
2030-05-27 04:15:00,0.0
2030-05-27 04:30:00,0.0
2030-05-27 04:45:00,0.0
2030-05-27 05:00:00,0.0
2030-05-27 05:15:00,0.0
2030-05-27 05:30:00,0.0
2030-05-27 05:45:00,0.0
2030-05-27 06:00:00,0.0
2030-05-27 06:15:00,0.0
2030-05-27 06:30:00,0.0
2030-05-27 06:45:00,0.0
2030-05-27 07:00:00,0.0
2030-05-27 07:15:00,0.0
2030-05-27 07:30:00,0.0
2030-05-27 07:45:00,0.0
2030-05-27 08:00:00,0.0
2030-05-27 08:15:00,0.0
2030-05-27 08:30:00,0.0
2030-05-27 08:45:00,0.0
2030-05-27 09:00:00,0.0
2030-05-27 09:15:00,0.0
2030-05-27 09:30:00,0.0
2030-05-27 09:45:00,0.0
2030-05-27 10:00:00,0.0
2030-05-27 10:15:00,0.0
2030-05-27 10:30:00,0.0
2030-05-27 10:45:00,0.0
2030-05-27 11:00:00,0.0
2030-05-27 11:15:00,0.0
2030-05-27 11:30:00,0.0
2030-05-27 11:45:00,0.0
2030-05-27 12:00:00,0.0
2030-05-27 12:15:00,0.0
2030-05-27 12:30:00,0.0
2030-05-27 12:45:00,0.0
2030-05-27 13:00:00,0.0
2030-05-27 13:15:00,0.0
2030-05-27 13:30:00,0.0
2030-05-27 13:45:00,0.0
2030-05-27 14:00:00,0.0
2030-05-27 14:15:00,0.0
2030-05-27 14:30:00,0.0
2030-05-27 14:45:00,0.0
2030-05-27 15:00:00,0.0
2030-05-27 15:15:00,0.0
2030-05-27 15:30:00,0.0
2030-05-27 15:45:00,0.0
2030-05-27 16:00:00,0.0
2030-05-27 16:15:00,0.0
2030-05-27 16:30:00,0.0
2030-05-27 16:45:00,0.0
2030-05-27 17:00:00,0.0
2030-05-27 17:15:00,0.0
2030-05-27 17:30:00,0.0
2030-05-27 17:45:00,0.0
2030-05-27 18:00:00,0.0
2030-05-27 18:15:00,0.0
2030-05-27 18:30:00,0.0
2030-05-27 18:45:00,0.0
2030-05-27 19:00:00,0.0
2030-05-27 19:15:00,0.0
2030-05-27 19:30:00,0.0
2030-05-27 19:45:00,0.0
2030-05-27 20:00:00,0.0
2030-05-27 20:15:00,0.0
2030-05-27 20:30:00,0.0
2030-05-27 20:45:00,0.0
2030-05-27 21:00:00,0.0
2030-05-27 21:15:00,0.0
2030-05-27 21:30:00,0.0
2030-05-27 21:45:00,0.0
2030-05-27 22:00:00,0.0
2030-05-27 22:15:00,0.0
2030-05-27 22:30:00,0.0
2030-05-27 22:45:00,0.0
2030-05-27 23:00:00,0.0
2030-05-27 23:15:00,0.0
2030-05-27 23:30:00,0.0
2030-05-27 23:45:00,0.0
2030-05-28 00:00:00,0.0
2030-05-28 00:15:00,0.0
2030-05-28 00:30:00,0.0
2030-05-28 00:45:00,0.0
2030-05-28 01:00:00,0.0
2030-05-28 01:15:00,0.0
2030-05-28 01:30:00,0.0
2030-05-28 01:45:00,0.0
2030-05-28 02:00:00,0.0
2030-05-28 02:15:00,0.0
2030-05-28 02:30:00,0.0
2030-05-28 02:45:00,0.0
2030-05-28 03:00:00,0.0
2030-05-28 03:15:00,0.0
2030-05-28 03:30:00,0.0
2030-05-28 03:45:00,0.0
2030-05-28 04:00:00,0.0
2030-05-28 04:15:00,0.0
2030-05-28 04:30:00,0.0
2030-05-28 04:45:00,0.0
2030-05-28 05:00:00,0.0
2030-05-28 05:15:00,0.0
2030-05-28 05:30:00,0.0
2030-05-28 05:45:00,0.0
2030-05-28 06:00:00,0.0
2030-05-28 06:15:00,0.0
2030-05-28 06:30:00,0.0
2030-05-28 06:45:00,0.0
2030-05-28 07:00:00,0.0
2030-05-28 07:15:00,0.0
2030-05-28 07:30:00,0.0
2030-05-28 07:45:00,0.0
2030-05-28 08:00:00,0.0
2030-05-28 08:15:00,0.0
2030-05-28 08:30:00,0.0
2030-05-28 08:45:00,0.0
2030-05-28 09:00:00,0.0
2030-05-28 09:15:00,0.0
2030-05-28 09:30:00,0.0
2030-05-28 09:45:00,0.0
2030-05-28 10:00:00,0.0
2030-05-28 10:15:00,0.0
2030-05-28 10:30:00,0.0
2030-05-28 10:45:00,0.0
2030-05-28 11:00:00,0.0
2030-05-28 11:15:00,0.0
2030-05-28 11:30:00,0.0
2030-05-28 11:45:00,0.0
2030-05-28 12:00:00,0.0
2030-05-28 12:15:00,0.0
2030-05-28 12:30:00,0.0
2030-05-28 12:45:00,0.0
2030-05-28 13:00:00,0.0
2030-05-28 13:15:00,0.0
2030-05-28 13:30:00,0.0
2030-05-28 13:45:00,0.0
2030-05-28 14:00:00,-5710.870533613668
2030-05-28 14:15:00,-14393.344821611043
2030-05-28 14:30:00,-13501.870431593448
2030-05-28 14:45:00,-12663.473490230057
2030-05-28 15:00:00,-11807.60166481765
2030-05-28 15:15:00,-11184.970194229158
2030-05-28 15:30:00,-10279.277371994967
2030-05-28 15:45:00,-9081.20784390878
2030-05-28 16:00:00,-7603.810689999129
2030-05-28 16:15:00,-6276.549445031722
2030-05-28 16:30:00,-4937.755994556808
2030-05-28 16:45:00,-3569.016759608081
2030-05-28 17:00:00,-2119.646829507701
2030-05-28 17:15:00,-965.9426743375316
2030-05-28 17:30:00,0.0
2030-05-28 17:45:00,0.0
2030-05-28 18:00:00,0.0
2030-05-28 18:15:00,0.0
2030-05-28 18:30:00,0.0
2030-05-28 18:45:00,0.0
2030-05-28 19:00:00,0.0
2030-05-28 19:15:00,0.0
2030-05-28 19:30:00,0.0
2030-05-28 19:45:00,0.0
2030-05-28 20:00:00,0.0
2030-05-28 20:15:00,0.0
2030-05-28 20:30:00,0.0
2030-05-28 20:45:00,0.0
2030-05-28 21:00:00,0.0
2030-05-28 21:15:00,0.0
2030-05-28 21:30:00,0.0
2030-05-28 21:45:00,0.0
2030-05-28 22:00:00,0.0
2030-05-28 22:15:00,0.0
2030-05-28 22:30:00,0.0
2030-05-28 22:45:00,0.0
2030-05-28 23:00:00,0.0
2030-05-28 23:15:00,0.0
2030-05-28 23:30:00,0.0
2030-05-28 23:45:00,0.0
2030-05-29 00:00:00,0.0
2030-05-29 00:15:00,0.0
2030-05-29 00:30:00,0.0
2030-05-29 00:45:00,0.0
2030-05-29 01:00:00,0.0
2030-05-29 01:15:00,0.0
2030-05-29 01:30:00,0.0
2030-05-29 01:45:00,0.0
2030-05-29 02:00:00,0.0
2030-05-29 02:15:00,0.0
2030-05-29 02:30:00,0.0
2030-05-29 02:45:00,0.0
2030-05-29 03:00:00,0.0
2030-05-29 03:15:00,0.0
2030-05-29 03:30:00,0.0
2030-05-29 03:45:00,0.0
2030-05-29 04:00:00,0.0
2030-05-29 04:15:00,0.0
2030-05-29 04:30:00,0.0
2030-05-29 04:45:00,0.0
2030-05-29 05:00:00,0.0
2030-05-29 05:15:00,0.0
2030-05-29 05:30:00,0.0
2030-05-29 05:45:00,0.0
2030-05-29 06:00:00,0.0
2030-05-29 06:15:00,0.0
2030-05-29 06:30:00,0.0
2030-05-29 06:45:00,0.0
2030-05-29 07:00:00,0.0
2030-05-29 07:15:00,0.0
2030-05-29 07:30:00,0.0
2030-05-29 07:45:00,0.0
2030-05-29 08:00:00,0.0
2030-05-29 08:15:00,0.0
2030-05-29 08:30:00,0.0
2030-05-29 08:45:00,0.0
2030-05-29 09:00:00,0.0
2030-05-29 09:15:00,0.0
2030-05-29 09:30:00,0.0
2030-05-29 09:45:00,0.0
2030-05-29 10:00:00,0.0
2030-05-29 10:15:00,0.0
2030-05-29 10:30:00,0.0
2030-05-29 10:45:00,0.0
2030-05-29 11:00:00,0.0
2030-05-29 11:15:00,0.0
2030-05-29 11:30:00,0.0
2030-05-29 11:45:00,0.0
2030-05-29 12:00:00,0.0
2030-05-29 12:15:00,-3620.374571360642
2030-05-29 12:30:00,-14437.59729494044
2030-05-29 12:45:00,-14197.053485303994
2030-05-29 13:00:00,-13698.66085784664
2030-05-29 13:15:00,-12971.677532151594
2030-05-29 13:30:00,-12478.659187841133
2030-05-29 13:45:00,-12180.628481424748
2030-05-29 14:00:00,-11440.982387856262
2030-05-29 14:15:00,-10469.01129971855
2030-05-29 14:30:00,-9856.619117820976
2030-05-29 14:45:00,-8977.443684802383
2030-05-29 15:00:00,-8586.452193600284
2030-05-29 15:15:00,-8088.749703294536
2030-05-29 15:30:00,-7656.637846364227
2030-05-29 15:45:00,-6555.469555761994
2030-05-29 16:00:00,-5277.2869818775725
2030-05-29 16:15:00,-4622.009541605332
2030-05-29 16:30:00,-3509.243003151716
2030-05-29 16:45:00,-2533.2851562091055
2030-05-29 17:00:00,-1468.8285616805424
2030-05-29 17:15:00,-682.3530760227513
2030-05-29 17:30:00,0.0
2030-05-29 17:45:00,0.0
2030-05-29 18:00:00,0.0
2030-05-29 18:15:00,0.0
2030-05-29 18:30:00,0.0
2030-05-29 18:45:00,0.0
2030-05-29 19:00:00,0.0
2030-05-29 19:15:00,0.0
2030-05-29 19:30:00,0.0
2030-05-29 19:45:00,0.0
2030-05-29 20:00:00,0.0
2030-05-29 20:15:00,0.0
2030-05-29 20:30:00,0.0
2030-05-29 20:45:00,0.0
2030-05-29 21:00:00,0.0
2030-05-29 21:15:00,0.0
2030-05-29 21:30:00,0.0
2030-05-29 21:45:00,0.0
2030-05-29 22:00:00,0.0
2030-05-29 22:15:00,0.0
2030-05-29 22:30:00,0.0
2030-05-29 22:45:00,0.0
2030-05-29 23:00:00,0.0
2030-05-29 23:15:00,0.0
2030-05-29 23:30:00,0.0
2030-05-29 23:45:00,0.0
2030-05-30 00:00:00,0.0
2030-05-30 00:15:00,0.0
2030-05-30 00:30:00,0.0
2030-05-30 00:45:00,0.0
2030-05-30 01:00:00,0.0
2030-05-30 01:15:00,0.0
2030-05-30 01:30:00,0.0
2030-05-30 01:45:00,0.0
2030-05-30 02:00:00,0.0
2030-05-30 02:15:00,0.0
2030-05-30 02:30:00,0.0
2030-05-30 02:45:00,0.0
2030-05-30 03:00:00,0.0
2030-05-30 03:15:00,0.0
2030-05-30 03:30:00,0.0
2030-05-30 03:45:00,0.0
2030-05-30 04:00:00,0.0
2030-05-30 04:15:00,0.0
2030-05-30 04:30:00,0.0
2030-05-30 04:45:00,0.0
2030-05-30 05:00:00,0.0
2030-05-30 05:15:00,0.0
2030-05-30 05:30:00,0.0
2030-05-30 05:45:00,0.0
2030-05-30 06:00:00,0.0
2030-05-30 06:15:00,0.0
2030-05-30 06:30:00,0.0
2030-05-30 06:45:00,0.0
2030-05-30 07:00:00,0.0
2030-05-30 07:15:00,0.0
2030-05-30 07:30:00,0.0
2030-05-30 07:45:00,0.0
2030-05-30 08:00:00,0.0
2030-05-30 08:15:00,0.0
2030-05-30 08:30:00,0.0
2030-05-30 08:45:00,0.0
2030-05-30 09:00:00,0.0
2030-05-30 09:15:00,0.0
2030-05-30 09:30:00,0.0
2030-05-30 09:45:00,0.0
2030-05-30 10:00:00,0.0
2030-05-30 10:15:00,0.0
2030-05-30 10:30:00,0.0
2030-05-30 10:45:00,0.0
2030-05-30 11:00:00,0.0
2030-05-30 11:15:00,0.0
2030-05-30 11:30:00,0.0
2030-05-30 11:45:00,0.0
2030-05-30 12:00:00,0.0
2030-05-30 12:15:00,0.0
2030-05-30 12:30:00,0.0
2030-05-30 12:45:00,0.0
2030-05-30 13:00:00,0.0
2030-05-30 13:15:00,0.0
2030-05-30 13:30:00,0.0
2030-05-30 13:45:00,0.0
2030-05-30 14:00:00,0.0
2030-05-30 14:15:00,0.0
2030-05-30 14:30:00,0.0
2030-05-30 14:45:00,0.0
2030-05-30 15:00:00,0.0
2030-05-30 15:15:00,0.0
2030-05-30 15:30:00,0.0
2030-05-30 15:45:00,0.0
2030-05-30 16:00:00,0.0
2030-05-30 16:15:00,0.0
2030-05-30 16:30:00,0.0
2030-05-30 16:45:00,0.0
2030-05-30 17:00:00,0.0
2030-05-30 17:15:00,0.0
2030-05-30 17:30:00,0.0
2030-05-30 17:45:00,0.0
2030-05-30 18:00:00,0.0
2030-05-30 18:15:00,0.0
2030-05-30 18:30:00,0.0
2030-05-30 18:45:00,0.0
2030-05-30 19:00:00,0.0
2030-05-30 19:15:00,0.0
2030-05-30 19:30:00,0.0
2030-05-30 19:45:00,0.0
2030-05-30 20:00:00,0.0
2030-05-30 20:15:00,0.0
2030-05-30 20:30:00,0.0
2030-05-30 20:45:00,0.0
2030-05-30 21:00:00,0.0
2030-05-30 21:15:00,0.0
2030-05-30 21:30:00,0.0
2030-05-30 21:45:00,0.0
2030-05-30 22:00:00,0.0
2030-05-30 22:15:00,0.0
2030-05-30 22:30:00,0.0
2030-05-30 22:45:00,0.0
2030-05-30 23:00:00,0.0
2030-05-30 23:15:00,0.0
2030-05-30 23:30:00,0.0
2030-05-30 23:45:00,0.0
2030-05-31 00:00:00,0.0
2030-05-31 00:15:00,0.0
2030-05-31 00:30:00,0.0
2030-05-31 00:45:00,0.0
2030-05-31 01:00:00,0.0
2030-05-31 01:15:00,0.0
2030-05-31 01:30:00,0.0
2030-05-31 01:45:00,0.0
2030-05-31 02:00:00,0.0
2030-05-31 02:15:00,0.0
2030-05-31 02:30:00,0.0
2030-05-31 02:45:00,0.0
2030-05-31 03:00:00,0.0
2030-05-31 03:15:00,0.0
2030-05-31 03:30:00,0.0
2030-05-31 03:45:00,0.0
2030-05-31 04:00:00,0.0
2030-05-31 04:15:00,0.0
2030-05-31 04:30:00,0.0
2030-05-31 04:45:00,0.0
2030-05-31 05:00:00,0.0
2030-05-31 05:15:00,0.0
2030-05-31 05:30:00,0.0
2030-05-31 05:45:00,0.0
2030-05-31 06:00:00,2302.844643380926
2030-05-31 06:15:00,0.0
2030-05-31 06:30:00,0.0
2030-05-31 06:45:00,0.0
2030-05-31 07:00:00,0.0
2030-05-31 07:15:00,0.0
2030-05-31 07:30:00,0.0
2030-05-31 07:45:00,0.0
2030-05-31 08:00:00,0.0
2030-05-31 08:15:00,0.0
2030-05-31 08:30:00,0.0
2030-05-31 08:45:00,0.0
2030-05-31 09:00:00,0.0
2030-05-31 09:15:00,0.0
2030-05-31 09:30:00,0.0
2030-05-31 09:45:00,0.0
2030-05-31 10:00:00,0.0
2030-05-31 10:15:00,0.0
2030-05-31 10:30:00,0.0
2030-05-31 10:45:00,0.0
2030-05-31 11:00:00,0.0
2030-05-31 11:15:00,0.0
2030-05-31 11:30:00,0.0
2030-05-31 11:45:00,0.0
2030-05-31 12:00:00,0.0
2030-05-31 12:15:00,0.0
2030-05-31 12:30:00,0.0
2030-05-31 12:45:00,0.0
2030-05-31 13:00:00,0.0
2030-05-31 13:15:00,0.0
2030-05-31 13:30:00,0.0
2030-05-31 13:45:00,0.0
2030-05-31 14:00:00,0.0
2030-05-31 14:15:00,0.0
2030-05-31 14:30:00,0.0
2030-05-31 14:45:00,0.0
2030-05-31 15:00:00,0.0
2030-05-31 15:15:00,0.0
2030-05-31 15:30:00,0.0
2030-05-31 15:45:00,0.0
2030-05-31 16:00:00,0.0
2030-05-31 16:15:00,0.0
2030-05-31 16:30:00,0.0
2030-05-31 16:45:00,0.0
2030-05-31 17:00:00,0.0
2030-05-31 17:15:00,0.0
2030-05-31 17:30:00,0.0
2030-05-31 17:45:00,0.0
2030-05-31 18:00:00,0.0
2030-05-31 18:15:00,0.0
2030-05-31 18:30:00,0.0
2030-05-31 18:45:00,0.0
2030-05-31 19:00:00,0.0
2030-05-31 19:15:00,0.0
2030-05-31 19:30:00,0.0
2030-05-31 19:45:00,0.0
2030-05-31 20:00:00,0.0
2030-05-31 20:15:00,0.0
2030-05-31 20:30:00,0.0
2030-05-31 20:45:00,0.0
2030-05-31 21:00:00,0.0
2030-05-31 21:15:00,0.0
2030-05-31 21:30:00,0.0
2030-05-31 21:45:00,0.0
2030-05-31 22:00:00,0.0
2030-05-31 22:15:00,0.0
2030-05-31 22:30:00,0.0
2030-05-31 22:45:00,0.0
2030-05-31 23:00:00,0.0
2030-05-31 23:15:00,0.0
2030-05-31 23:30:00,0.0
2030-05-31 23:45:00,0.0
2030-06-01 00:00:00,0.0
2030-06-01 00:15:00,0.0
2030-06-01 00:30:00,0.0
2030-06-01 00:45:00,0.0
2030-06-01 01:00:00,0.0
2030-06-01 01:15:00,0.0
2030-06-01 01:30:00,0.0
2030-06-01 01:45:00,0.0
2030-06-01 02:00:00,0.0
2030-06-01 02:15:00,0.0
2030-06-01 02:30:00,0.0
2030-06-01 02:45:00,0.0
2030-06-01 03:00:00,0.0
2030-06-01 03:15:00,0.0
2030-06-01 03:30:00,0.0
2030-06-01 03:45:00,0.0
2030-06-01 04:00:00,0.0
2030-06-01 04:15:00,0.0
2030-06-01 04:30:00,0.0
2030-06-01 04:45:00,0.0
2030-06-01 05:00:00,0.0
2030-06-01 05:15:00,0.0
2030-06-01 05:30:00,0.0
2030-06-01 05:45:00,0.0
2030-06-01 06:00:00,0.0
2030-06-01 06:15:00,0.0
2030-06-01 06:30:00,0.0
2030-06-01 06:45:00,0.0
2030-06-01 07:00:00,0.0
2030-06-01 07:15:00,0.0
2030-06-01 07:30:00,0.0
2030-06-01 07:45:00,0.0
2030-06-01 08:00:00,0.0
2030-06-01 08:15:00,0.0
2030-06-01 08:30:00,0.0
2030-06-01 08:45:00,0.0
2030-06-01 09:00:00,0.0
2030-06-01 09:15:00,0.0
2030-06-01 09:30:00,0.0
2030-06-01 09:45:00,0.0
2030-06-01 10:00:00,0.0
2030-06-01 10:15:00,0.0
2030-06-01 10:30:00,0.0
2030-06-01 10:45:00,0.0
2030-06-01 11:00:00,0.0
2030-06-01 11:15:00,0.0
2030-06-01 11:30:00,0.0
2030-06-01 11:45:00,0.0
2030-06-01 12:00:00,0.0
2030-06-01 12:15:00,0.0
2030-06-01 12:30:00,0.0
2030-06-01 12:45:00,0.0
2030-06-01 13:00:00,0.0
2030-06-01 13:15:00,0.0
2030-06-01 13:30:00,0.0
2030-06-01 13:45:00,0.0
2030-06-01 14:00:00,0.0
2030-06-01 14:15:00,0.0
2030-06-01 14:30:00,0.0
2030-06-01 14:45:00,0.0
2030-06-01 15:00:00,0.0
2030-06-01 15:15:00,0.0
2030-06-01 15:30:00,0.0
2030-06-01 15:45:00,0.0
2030-06-01 16:00:00,0.0
2030-06-01 16:15:00,0.0
2030-06-01 16:30:00,0.0
2030-06-01 16:45:00,0.0
2030-06-01 17:00:00,0.0
2030-06-01 17:15:00,0.0
2030-06-01 17:30:00,0.0
2030-06-01 17:45:00,0.0
2030-06-01 18:00:00,0.0
2030-06-01 18:15:00,0.0
2030-06-01 18:30:00,0.0
2030-06-01 18:45:00,0.0
2030-06-01 19:00:00,0.0
2030-06-01 19:15:00,0.0
2030-06-01 19:30:00,0.0
2030-06-01 19:45:00,0.0
2030-06-01 20:00:00,0.0
2030-06-01 20:15:00,0.0
2030-06-01 20:30:00,0.0
2030-06-01 20:45:00,0.0
2030-06-01 21:00:00,0.0
2030-06-01 21:15:00,0.0
2030-06-01 21:30:00,0.0
2030-06-01 21:45:00,0.0
2030-06-01 22:00:00,0.0
2030-06-01 22:15:00,0.0
2030-06-01 22:30:00,0.0
2030-06-01 22:45:00,0.0
2030-06-01 23:00:00,0.0
2030-06-01 23:15:00,0.0
2030-06-01 23:30:00,0.0
2030-06-01 23:45:00,0.0
2030-06-02 00:00:00,0.0
2030-06-02 00:15:00,0.0
2030-06-02 00:30:00,0.0
2030-06-02 00:45:00,0.0
2030-06-02 01:00:00,0.0
2030-06-02 01:15:00,0.0
2030-06-02 01:30:00,0.0
2030-06-02 01:45:00,0.0
2030-06-02 02:00:00,7665.09818948188
2030-06-02 02:15:00,0.0
2030-06-02 02:30:00,0.0
2030-06-02 02:45:00,0.0
2030-06-02 03:00:00,0.0
2030-06-02 03:15:00,0.0
2030-06-02 03:30:00,0.0
2030-06-02 03:45:00,0.0
2030-06-02 04:00:00,0.0
2030-06-02 04:15:00,0.0
2030-06-02 04:30:00,0.0
2030-06-02 04:45:00,0.0
2030-06-02 05:00:00,0.0
2030-06-02 05:15:00,0.0
2030-06-02 05:30:00,0.0
2030-06-02 05:45:00,0.0
2030-06-02 06:00:00,0.0
2030-06-02 06:15:00,0.0
2030-06-02 06:30:00,0.0
2030-06-02 06:45:00,0.0
2030-06-02 07:00:00,0.0
2030-06-02 07:15:00,0.0
2030-06-02 07:30:00,0.0
2030-06-02 07:45:00,0.0
2030-06-02 08:00:00,0.0
2030-06-02 08:15:00,0.0
2030-06-02 08:30:00,0.0
2030-06-02 08:45:00,0.0
2030-06-02 09:00:00,0.0
2030-06-02 09:15:00,0.0
2030-06-02 09:30:00,0.0
2030-06-02 09:45:00,0.0
2030-06-02 10:00:00,0.0
2030-06-02 10:15:00,0.0
2030-06-02 10:30:00,0.0
2030-06-02 10:45:00,0.0
2030-06-02 11:00:00,0.0
2030-06-02 11:15:00,0.0
2030-06-02 11:30:00,0.0
2030-06-02 11:45:00,0.0
2030-06-02 12:00:00,0.0
2030-06-02 12:15:00,0.0
2030-06-02 12:30:00,0.0
2030-06-02 12:45:00,0.0
2030-06-02 13:00:00,0.0
2030-06-02 13:15:00,0.0
2030-06-02 13:30:00,0.0
2030-06-02 13:45:00,0.0
2030-06-02 14:00:00,0.0
2030-06-02 14:15:00,0.0
2030-06-02 14:30:00,0.0
2030-06-02 14:45:00,0.0
2030-06-02 15:00:00,0.0
2030-06-02 15:15:00,0.0
2030-06-02 15:30:00,0.0
2030-06-02 15:45:00,0.0
2030-06-02 16:00:00,0.0
2030-06-02 16:15:00,0.0
2030-06-02 16:30:00,0.0
2030-06-02 16:45:00,0.0
2030-06-02 17:00:00,0.0
2030-06-02 17:15:00,0.0
2030-06-02 17:30:00,0.0
2030-06-02 17:45:00,0.0
2030-06-02 18:00:00,0.0
2030-06-02 18:15:00,0.0
2030-06-02 18:30:00,0.0
2030-06-02 18:45:00,0.0
2030-06-02 19:00:00,5075.963151149195
2030-06-02 19:15:00,0.0
2030-06-02 19:30:00,0.0
2030-06-02 19:45:00,0.0
2030-06-02 20:00:00,0.0
2030-06-02 20:15:00,0.0
2030-06-02 20:30:00,0.0
2030-06-02 20:45:00,0.0
2030-06-02 21:00:00,0.0
2030-06-02 21:15:00,0.0
2030-06-02 21:30:00,0.0
2030-06-02 21:45:00,0.0
2030-06-02 22:00:00,0.0
2030-06-02 22:15:00,0.0
2030-06-02 22:30:00,0.0
2030-06-02 22:45:00,0.0
2030-06-02 23:00:00,0.0
2030-06-02 23:15:00,0.0
2030-06-02 23:30:00,0.0
2030-06-02 23:45:00,0.0
2030-06-03 00:00:00,0.0
2030-06-03 00:15:00,0.0
2030-06-03 00:30:00,0.0
2030-06-03 00:45:00,0.0
2030-06-03 01:00:00,0.0
2030-06-03 01:15:00,0.0
2030-06-03 01:30:00,0.0
2030-06-03 01:45:00,0.0
2030-06-03 02:00:00,0.0
2030-06-03 02:15:00,0.0
2030-06-03 02:30:00,0.0
2030-06-03 02:45:00,0.0
2030-06-03 03:00:00,0.0
2030-06-03 03:15:00,0.0
2030-06-03 03:30:00,0.0
2030-06-03 03:45:00,0.0
2030-06-03 04:00:00,0.0
2030-06-03 04:15:00,0.0
2030-06-03 04:30:00,0.0
2030-06-03 04:45:00,0.0
2030-06-03 05:00:00,0.0
2030-06-03 05:15:00,0.0
2030-06-03 05:30:00,0.0
2030-06-03 05:45:00,0.0
2030-06-03 06:00:00,0.0
2030-06-03 06:15:00,0.0
2030-06-03 06:30:00,0.0
2030-06-03 06:45:00,0.0
2030-06-03 07:00:00,0.0
2030-06-03 07:15:00,0.0
2030-06-03 07:30:00,0.0
2030-06-03 07:45:00,0.0
2030-06-03 08:00:00,0.0
2030-06-03 08:15:00,0.0
2030-06-03 08:30:00,0.0
2030-06-03 08:45:00,0.0
2030-06-03 09:00:00,0.0
2030-06-03 09:15:00,0.0
2030-06-03 09:30:00,0.0
2030-06-03 09:45:00,0.0
2030-06-03 10:00:00,0.0
2030-06-03 10:15:00,0.0
2030-06-03 10:30:00,0.0
2030-06-03 10:45:00,0.0
2030-06-03 11:00:00,0.0
2030-06-03 11:15:00,0.0
2030-06-03 11:30:00,0.0
2030-06-03 11:45:00,0.0
2030-06-03 12:00:00,0.0
2030-06-03 12:15:00,0.0
2030-06-03 12:30:00,0.0
2030-06-03 12:45:00,0.0
2030-06-03 13:00:00,0.0
2030-06-03 13:15:00,0.0
2030-06-03 13:30:00,0.0
2030-06-03 13:45:00,0.0
2030-06-03 14:00:00,0.0
2030-06-03 14:15:00,0.0
2030-06-03 14:30:00,0.0
2030-06-03 14:45:00,0.0
2030-06-03 15:00:00,0.0
2030-06-03 15:15:00,0.0
2030-06-03 15:30:00,0.0
2030-06-03 15:45:00,-8764.608263973
2030-06-03 16:00:00,-10627.127400653664
2030-06-03 16:15:00,-9794.290669724369
2030-06-03 16:30:00,-8886.979355835698
2030-06-03 16:45:00,-7627.454710796013
2030-06-03 17:00:00,-6413.34935100666
2030-06-03 17:15:00,-5125.421959264244
2030-06-03 17:30:00,-3855.532328788393
2030-06-03 17:45:00,-2280.2976792446298
2030-06-03 18:00:00,-1034.9832316328284
2030-06-03 18:15:00,-219.7778133543925
2030-06-03 18:30:00,0.0
2030-06-03 18:45:00,0.0
2030-06-03 19:00:00,0.0
2030-06-03 19:15:00,0.0
2030-06-03 19:30:00,0.0
2030-06-03 19:45:00,0.0
2030-06-03 20:00:00,0.0
2030-06-03 20:15:00,0.0
2030-06-03 20:30:00,0.0
2030-06-03 20:45:00,0.0
2030-06-03 21:00:00,0.0
2030-06-03 21:15:00,0.0
2030-06-03 21:30:00,0.0
2030-06-03 21:45:00,0.0
2030-06-03 22:00:00,0.0
2030-06-03 22:15:00,0.0
2030-06-03 22:30:00,0.0
2030-06-03 22:45:00,0.0
2030-06-03 23:00:00,0.0
2030-06-03 23:15:00,0.0
2030-06-03 23:30:00,0.0
2030-06-03 23:45:00,0.0
2030-06-04 00:00:00,0.0
2030-06-04 00:15:00,0.0
2030-06-04 00:30:00,0.0
2030-06-04 00:45:00,0.0
2030-06-04 01:00:00,0.0
2030-06-04 01:15:00,0.0
2030-06-04 01:30:00,0.0
2030-06-04 01:45:00,0.0
2030-06-04 02:00:00,0.0
2030-06-04 02:15:00,0.0
2030-06-04 02:30:00,0.0
2030-06-04 02:45:00,0.0
2030-06-04 03:00:00,0.0
2030-06-04 03:15:00,0.0
2030-06-04 03:30:00,0.0
2030-06-04 03:45:00,0.0
2030-06-04 04:00:00,0.0
2030-06-04 04:15:00,0.0
2030-06-04 04:30:00,0.0
2030-06-04 04:45:00,0.0
2030-06-04 05:00:00,0.0
2030-06-04 05:15:00,0.0
2030-06-04 05:30:00,0.0
2030-06-04 05:45:00,0.0
2030-06-04 06:00:00,0.0
2030-06-04 06:15:00,0.0
2030-06-04 06:30:00,0.0
2030-06-04 06:45:00,0.0
2030-06-04 07:00:00,0.0
2030-06-04 07:15:00,0.0
2030-06-04 07:30:00,0.0
2030-06-04 07:45:00,0.0
2030-06-04 08:00:00,0.0
2030-06-04 08:15:00,0.0
2030-06-04 08:30:00,0.0
2030-06-04 08:45:00,0.0
2030-06-04 09:00:00,0.0
2030-06-04 09:15:00,0.0
2030-06-04 09:30:00,0.0
2030-06-04 09:45:00,-9981.021966227932
2030-06-04 10:00:00,-14747.567360127141
2030-06-04 10:15:00,-15057.156877516538
2030-06-04 10:30:00,-15168.624572822837
2030-06-04 10:45:00,-15153.703541069142
2030-06-04 11:00:00,-15474.611141329933
2030-06-04 11:15:00,-15410.826480081623
2030-06-04 11:30:00,-14848.255396731673
2030-06-04 11:45:00,-14978.685647651922
2030-06-04 12:00:00,-15106.17784726009
2030-06-04 12:15:00,-15169.463322872927
2030-06-04 12:30:00,-15042.928541771147
2030-06-04 12:45:00,-15078.709232140141
2030-06-04 13:00:00,-15137.528078608655
2030-06-04 13:15:00,-15491.788951404327
2030-06-04 13:30:00,-15338.40649087319
2030-06-04 13:45:00,-15262.94016484172
2030-06-04 14:00:00,-15213.845356663047
2030-06-04 14:15:00,-15460.873760530658
2030-06-04 14:30:00,-15810.029245349764
2030-06-04 14:45:00,-15937.64300506139
2030-06-04 15:00:00,-15380.414539986923
2030-06-04 15:15:00,-14734.514042220864
2030-06-04 15:30:00,-14351.285628899988
2030-06-04 15:45:00,-13771.130130624253
2030-06-04 16:00:00,-12726.07118249661
2030-06-04 16:15:00,-11611.829532435537
2030-06-04 16:30:00,-10412.345401433227
2030-06-04 16:45:00,-9422.192589283766
2030-06-04 17:00:00,-7798.15643648255
2030-06-04 17:15:00,-6157.123825793498
2030-06-04 17:30:00,-4820.061245761895
2030-06-04 17:45:00,-3209.256500587824
2030-06-04 18:00:00,-1537.3964019585364
2030-06-04 18:15:00,-240.25897138319124
2030-06-04 18:30:00,0.0
2030-06-04 18:45:00,0.0
2030-06-04 19:00:00,0.0
2030-06-04 19:15:00,0.0
2030-06-04 19:30:00,0.0
2030-06-04 19:45:00,0.0
2030-06-04 20:00:00,0.0
2030-06-04 20:15:00,0.0
2030-06-04 20:30:00,0.0
2030-06-04 20:45:00,0.0
2030-06-04 21:00:00,0.0
2030-06-04 21:15:00,0.0
2030-06-04 21:30:00,0.0
2030-06-04 21:45:00,0.0
2030-06-04 22:00:00,0.0
2030-06-04 22:15:00,0.0
2030-06-04 22:30:00,0.0
2030-06-04 22:45:00,0.0
2030-06-04 23:00:00,0.0
2030-06-04 23:15:00,0.0
2030-06-04 23:30:00,0.0
2030-06-04 23:45:00,0.0
2030-06-05 00:00:00,0.0
2030-06-05 00:15:00,0.0
2030-06-05 00:30:00,0.0
2030-06-05 00:45:00,0.0
2030-06-05 01:00:00,0.0
2030-06-05 01:15:00,0.0
2030-06-05 01:30:00,0.0
2030-06-05 01:45:00,0.0
2030-06-05 02:00:00,0.0
2030-06-05 02:15:00,0.0
2030-06-05 02:30:00,0.0
2030-06-05 02:45:00,0.0
2030-06-05 03:00:00,0.0
2030-06-05 03:15:00,0.0
2030-06-05 03:30:00,0.0
2030-06-05 03:45:00,0.0
2030-06-05 04:00:00,0.0
2030-06-05 04:15:00,0.0
2030-06-05 04:30:00,0.0
2030-06-05 04:45:00,0.0
2030-06-05 05:00:00,0.0
2030-06-05 05:15:00,0.0
2030-06-05 05:30:00,0.0
2030-06-05 05:45:00,0.0
2030-06-05 06:00:00,0.0
2030-06-05 06:15:00,0.0
2030-06-05 06:30:00,0.0
2030-06-05 06:45:00,0.0
2030-06-05 07:00:00,0.0
2030-06-05 07:15:00,0.0
2030-06-05 07:30:00,0.0
2030-06-05 07:45:00,0.0
2030-06-05 08:00:00,0.0
2030-06-05 08:15:00,0.0
2030-06-05 08:30:00,0.0
2030-06-05 08:45:00,0.0
2030-06-05 09:00:00,0.0
2030-06-05 09:15:00,0.0
2030-06-05 09:30:00,0.0
2030-06-05 09:45:00,0.0
2030-06-05 10:00:00,0.0
2030-06-05 10:15:00,0.0
2030-06-05 10:30:00,0.0
2030-06-05 10:45:00,0.0
2030-06-05 11:00:00,0.0
2030-06-05 11:15:00,0.0
2030-06-05 11:30:00,0.0
2030-06-05 11:45:00,0.0
2030-06-05 12:00:00,0.0
2030-06-05 12:15:00,0.0
2030-06-05 12:30:00,0.0
2030-06-05 12:45:00,0.0
2030-06-05 13:00:00,0.0
2030-06-05 13:15:00,0.0
2030-06-05 13:30:00,0.0
2030-06-05 13:45:00,0.0
2030-06-05 14:00:00,0.0
2030-06-05 14:15:00,0.0
2030-06-05 14:30:00,0.0
2030-06-05 14:45:00,0.0
2030-06-05 15:00:00,-1131.6704265479893
2030-06-05 15:15:00,-6968.521893886973
2030-06-05 15:30:00,-5816.163549230816
2030-06-05 15:45:00,-4456.144131277208
2030-06-05 16:00:00,-3396.5390960496734
2030-06-05 16:15:00,-3047.6037529659443
2030-06-05 16:30:00,-2276.41849467023
2030-06-05 16:45:00,-1048.0395559785284
2030-06-05 17:00:00,0.0
2030-06-05 17:15:00,0.0
2030-06-05 17:30:00,0.0
2030-06-05 17:45:00,0.0
2030-06-05 18:00:00,0.0
2030-06-05 18:15:00,0.0
2030-06-05 18:30:00,0.0
2030-06-05 18:45:00,0.0
2030-06-05 19:00:00,0.0
2030-06-05 19:15:00,0.0
2030-06-05 19:30:00,0.0
2030-06-05 19:45:00,0.0
2030-06-05 20:00:00,0.0
2030-06-05 20:15:00,0.0
2030-06-05 20:30:00,0.0
2030-06-05 20:45:00,0.0
2030-06-05 21:00:00,0.0
2030-06-05 21:15:00,0.0
2030-06-05 21:30:00,0.0
2030-06-05 21:45:00,0.0
2030-06-05 22:00:00,0.0
2030-06-05 22:15:00,0.0
2030-06-05 22:30:00,0.0
2030-06-05 22:45:00,0.0
2030-06-05 23:00:00,0.0
2030-06-05 23:15:00,0.0
2030-06-05 23:30:00,0.0
2030-06-05 23:45:00,0.0
2030-06-06 00:00:00,0.0
2030-06-06 00:15:00,0.0
2030-06-06 00:30:00,0.0
2030-06-06 00:45:00,0.0
2030-06-06 01:00:00,0.0
2030-06-06 01:15:00,0.0
2030-06-06 01:30:00,0.0
2030-06-06 01:45:00,0.0
2030-06-06 02:00:00,0.0
2030-06-06 02:15:00,0.0
2030-06-06 02:30:00,0.0
2030-06-06 02:45:00,0.0
2030-06-06 03:00:00,0.0
2030-06-06 03:15:00,0.0
2030-06-06 03:30:00,0.0
2030-06-06 03:45:00,0.0
2030-06-06 04:00:00,0.0
2030-06-06 04:15:00,0.0
2030-06-06 04:30:00,0.0
2030-06-06 04:45:00,0.0
2030-06-06 05:00:00,0.0
2030-06-06 05:15:00,0.0
2030-06-06 05:30:00,0.0
2030-06-06 05:45:00,0.0
2030-06-06 06:00:00,0.0
2030-06-06 06:15:00,0.0
2030-06-06 06:30:00,0.0
2030-06-06 06:45:00,0.0
2030-06-06 07:00:00,0.0
2030-06-06 07:15:00,0.0
2030-06-06 07:30:00,0.0
2030-06-06 07:45:00,0.0
2030-06-06 08:00:00,0.0
2030-06-06 08:15:00,0.0
2030-06-06 08:30:00,0.0
2030-06-06 08:45:00,0.0
2030-06-06 09:00:00,0.0
2030-06-06 09:15:00,0.0
2030-06-06 09:30:00,0.0
2030-06-06 09:45:00,0.0
2030-06-06 10:00:00,0.0
2030-06-06 10:15:00,0.0
2030-06-06 10:30:00,0.0
2030-06-06 10:45:00,0.0
2030-06-06 11:00:00,0.0
2030-06-06 11:15:00,-8179.823043413904
2030-06-06 11:30:00,-20017.604962725025
2030-06-06 11:45:00,-19855.564220211243
2030-06-06 12:00:00,-19613.72331471844
2030-06-06 12:15:00,-19325.088595630154
2030-06-06 12:30:00,-18878.718780449024
2030-06-06 12:45:00,-18123.63910547527
2030-06-06 13:00:00,-17697.109707797375
2030-06-06 13:15:00,-17406.56524252632
2030-06-06 13:30:00,-17304.8940092154
2030-06-06 13:45:00,-16770.335605767017
2030-06-06 14:00:00,-15683.520583635316
2030-06-06 14:15:00,-14902.475592059214
2030-06-06 14:30:00,-13835.50472520644
2030-06-06 14:45:00,-12836.654909394576
2030-06-06 15:00:00,-11471.152828185186
2030-06-06 15:15:00,-9980.188663345936
2030-06-06 15:30:00,-8948.41093074785
2030-06-06 15:45:00,-8147.17850595561
2030-06-06 16:00:00,-6868.198975813859
2030-06-06 16:15:00,-5402.900458216482
2030-06-06 16:30:00,-4042.869152603991
2030-06-06 16:45:00,-2851.175959068285
2030-06-06 17:00:00,-1324.1970477879477
2030-06-06 17:15:00,0.0
2030-06-06 17:30:00,0.0
2030-06-06 17:45:00,0.0
2030-06-06 18:00:00,0.0
2030-06-06 18:15:00,0.0
2030-06-06 18:30:00,0.0
2030-06-06 18:45:00,0.0
2030-06-06 19:00:00,0.0
2030-06-06 19:15:00,0.0
2030-06-06 19:30:00,0.0
2030-06-06 19:45:00,0.0
2030-06-06 20:00:00,0.0
2030-06-06 20:15:00,0.0
2030-06-06 20:30:00,0.0
2030-06-06 20:45:00,0.0
2030-06-06 21:00:00,0.0
2030-06-06 21:15:00,0.0
2030-06-06 21:30:00,0.0
2030-06-06 21:45:00,0.0
2030-06-06 22:00:00,0.0
2030-06-06 22:15:00,0.0
2030-06-06 22:30:00,0.0
2030-06-06 22:45:00,0.0
2030-06-06 23:00:00,0.0
2030-06-06 23:15:00,0.0
2030-06-06 23:30:00,0.0
2030-06-06 23:45:00,0.0
2030-06-07 00:00:00,0.0
2030-06-07 00:15:00,0.0
2030-06-07 00:30:00,0.0
2030-06-07 00:45:00,0.0
2030-06-07 01:00:00,0.0
2030-06-07 01:15:00,0.0
2030-06-07 01:30:00,0.0
2030-06-07 01:45:00,0.0
2030-06-07 02:00:00,0.0
2030-06-07 02:15:00,0.0
2030-06-07 02:30:00,0.0
2030-06-07 02:45:00,0.0
2030-06-07 03:00:00,0.0
2030-06-07 03:15:00,0.0
2030-06-07 03:30:00,0.0
2030-06-07 03:45:00,0.0
2030-06-07 04:00:00,0.0
2030-06-07 04:15:00,0.0
2030-06-07 04:30:00,0.0
2030-06-07 04:45:00,0.0
2030-06-07 05:00:00,0.0
2030-06-07 05:15:00,0.0
2030-06-07 05:30:00,0.0
2030-06-07 05:45:00,0.0
2030-06-07 06:00:00,0.0
2030-06-07 06:15:00,0.0
2030-06-07 06:30:00,0.0
2030-06-07 06:45:00,0.0
2030-06-07 07:00:00,0.0
2030-06-07 07:15:00,0.0
2030-06-07 07:30:00,0.0
2030-06-07 07:45:00,0.0
2030-06-07 08:00:00,0.0
2030-06-07 08:15:00,0.0
2030-06-07 08:30:00,0.0
2030-06-07 08:45:00,0.0
2030-06-07 09:00:00,0.0
2030-06-07 09:15:00,0.0
2030-06-07 09:30:00,0.0
2030-06-07 09:45:00,0.0
2030-06-07 10:00:00,0.0
2030-06-07 10:15:00,0.0
2030-06-07 10:30:00,0.0
2030-06-07 10:45:00,0.0
2030-06-07 11:00:00,0.0
2030-06-07 11:15:00,0.0
2030-06-07 11:30:00,0.0
2030-06-07 11:45:00,0.0
2030-06-07 12:00:00,0.0
2030-06-07 12:15:00,0.0
2030-06-07 12:30:00,0.0
2030-06-07 12:45:00,0.0
2030-06-07 13:00:00,0.0
2030-06-07 13:15:00,0.0
2030-06-07 13:30:00,0.0
2030-06-07 13:45:00,0.0
2030-06-07 14:00:00,0.0
2030-06-07 14:15:00,0.0
2030-06-07 14:30:00,0.0
2030-06-07 14:45:00,0.0
2030-06-07 15:00:00,0.0
2030-06-07 15:15:00,0.0
2030-06-07 15:30:00,0.0
2030-06-07 15:45:00,0.0
2030-06-07 16:00:00,0.0
2030-06-07 16:15:00,0.0
2030-06-07 16:30:00,0.0
2030-06-07 16:45:00,0.0
2030-06-07 17:00:00,0.0
2030-06-07 17:15:00,0.0
2030-06-07 17:30:00,0.0
2030-06-07 17:45:00,0.0
2030-06-07 18:00:00,0.0
2030-06-07 18:15:00,0.0
2030-06-07 18:30:00,0.0
2030-06-07 18:45:00,0.0
2030-06-07 19:00:00,0.0
2030-06-07 19:15:00,0.0
2030-06-07 19:30:00,0.0
2030-06-07 19:45:00,0.0
2030-06-07 20:00:00,0.0
2030-06-07 20:15:00,0.0
2030-06-07 20:30:00,0.0
2030-06-07 20:45:00,0.0
2030-06-07 21:00:00,0.0
2030-06-07 21:15:00,559.1795310982998
2030-06-07 21:30:00,798.4823015386846
2030-06-07 21:45:00,691.170000496757
2030-06-07 22:00:00,403.7371620661197
2030-06-07 22:15:00,264.1783267696701
2030-06-07 22:30:00,82.65088021217707
2030-06-07 22:45:00,0.0
2030-06-07 23:00:00,0.0
2030-06-07 23:15:00,0.0
2030-06-07 23:30:00,0.0
2030-06-07 23:45:00,0.0
2030-06-08 00:00:00,0.0
2030-06-08 00:15:00,0.0
2030-06-08 00:30:00,0.0
2030-06-08 00:45:00,0.0
2030-06-08 01:00:00,0.0
2030-06-08 01:15:00,0.0
2030-06-08 01:30:00,0.0
2030-06-08 01:45:00,0.0
2030-06-08 02:00:00,0.0
2030-06-08 02:15:00,0.0
2030-06-08 02:30:00,0.0
2030-06-08 02:45:00,0.0
2030-06-08 03:00:00,0.0
2030-06-08 03:15:00,0.0
2030-06-08 03:30:00,0.0
2030-06-08 03:45:00,0.0
2030-06-08 04:00:00,0.0
2030-06-08 04:15:00,0.0
2030-06-08 04:30:00,0.0
2030-06-08 04:45:00,0.0
2030-06-08 05:00:00,0.0
2030-06-08 05:15:00,0.0
2030-06-08 05:30:00,0.0
2030-06-08 05:45:00,0.0
2030-06-08 06:00:00,0.0
2030-06-08 06:15:00,0.0
2030-06-08 06:30:00,0.0
2030-06-08 06:45:00,0.0
2030-06-08 07:00:00,0.0
2030-06-08 07:15:00,0.0
2030-06-08 07:30:00,0.0
2030-06-08 07:45:00,0.0
2030-06-08 08:00:00,0.0
2030-06-08 08:15:00,0.0
2030-06-08 08:30:00,0.0
2030-06-08 08:45:00,0.0
2030-06-08 09:00:00,0.0
2030-06-08 09:15:00,0.0
2030-06-08 09:30:00,0.0
2030-06-08 09:45:00,0.0
2030-06-08 10:00:00,0.0
2030-06-08 10:15:00,0.0
2030-06-08 10:30:00,0.0
2030-06-08 10:45:00,0.0
2030-06-08 11:00:00,0.0
2030-06-08 11:15:00,0.0
2030-06-08 11:30:00,0.0
2030-06-08 11:45:00,0.0
2030-06-08 12:00:00,0.0
2030-06-08 12:15:00,0.0
2030-06-08 12:30:00,0.0
2030-06-08 12:45:00,0.0
2030-06-08 13:00:00,0.0
2030-06-08 13:15:00,0.0
2030-06-08 13:30:00,0.0
2030-06-08 13:45:00,0.0
2030-06-08 14:00:00,0.0
2030-06-08 14:15:00,0.0
2030-06-08 14:30:00,0.0
2030-06-08 14:45:00,0.0
2030-06-08 15:00:00,0.0
2030-06-08 15:15:00,0.0
2030-06-08 15:30:00,0.0
2030-06-08 15:45:00,0.0
2030-06-08 16:00:00,0.0
2030-06-08 16:15:00,0.0
2030-06-08 16:30:00,0.0
2030-06-08 16:45:00,0.0
2030-06-08 17:00:00,0.0
2030-06-08 17:15:00,0.0
2030-06-08 17:30:00,0.0
2030-06-08 17:45:00,0.0
2030-06-08 18:00:00,0.0
2030-06-08 18:15:00,0.0
2030-06-08 18:30:00,0.0
2030-06-08 18:45:00,0.0
2030-06-08 19:00:00,0.0
2030-06-08 19:15:00,0.0
2030-06-08 19:30:00,0.0
2030-06-08 19:45:00,0.0
2030-06-08 20:00:00,0.0
2030-06-08 20:15:00,0.0
2030-06-08 20:30:00,0.0
2030-06-08 20:45:00,0.0
2030-06-08 21:00:00,0.0
2030-06-08 21:15:00,0.0
2030-06-08 21:30:00,0.0
2030-06-08 21:45:00,0.0
2030-06-08 22:00:00,0.0
2030-06-08 22:15:00,0.0
2030-06-08 22:30:00,0.0
2030-06-08 22:45:00,0.0
2030-06-08 23:00:00,0.0
2030-06-08 23:15:00,0.0
2030-06-08 23:30:00,0.0
2030-06-08 23:45:00,0.0
2030-06-09 00:00:00,0.0
2030-06-09 00:15:00,0.0
2030-06-09 00:30:00,0.0
2030-06-09 00:45:00,0.0
2030-06-09 01:00:00,6049.007230333958
2030-06-09 01:15:00,0.0
2030-06-09 01:30:00,0.0
2030-06-09 01:45:00,0.0
2030-06-09 02:00:00,0.0
2030-06-09 02:15:00,0.0
2030-06-09 02:30:00,0.0
2030-06-09 02:45:00,0.0
2030-06-09 03:00:00,0.0
2030-06-09 03:15:00,0.0
2030-06-09 03:30:00,0.0
2030-06-09 03:45:00,0.0
2030-06-09 04:00:00,0.0
2030-06-09 04:15:00,0.0
2030-06-09 04:30:00,0.0
2030-06-09 04:45:00,0.0
2030-06-09 05:00:00,0.0
2030-06-09 05:15:00,0.0
2030-06-09 05:30:00,0.0
2030-06-09 05:45:00,0.0
2030-06-09 06:00:00,0.0
2030-06-09 06:15:00,0.0
2030-06-09 06:30:00,0.0
2030-06-09 06:45:00,0.0
2030-06-09 07:00:00,0.0
2030-06-09 07:15:00,0.0
2030-06-09 07:30:00,0.0
2030-06-09 07:45:00,0.0
2030-06-09 08:00:00,0.0
2030-06-09 08:15:00,0.0
2030-06-09 08:30:00,0.0
2030-06-09 08:45:00,0.0
2030-06-09 09:00:00,0.0
2030-06-09 09:15:00,0.0
2030-06-09 09:30:00,0.0
2030-06-09 09:45:00,0.0
2030-06-09 10:00:00,0.0
2030-06-09 10:15:00,0.0
2030-06-09 10:30:00,0.0
2030-06-09 10:45:00,0.0
2030-06-09 11:00:00,0.0
2030-06-09 11:15:00,0.0
2030-06-09 11:30:00,0.0
2030-06-09 11:45:00,0.0
2030-06-09 12:00:00,0.0
2030-06-09 12:15:00,0.0
2030-06-09 12:30:00,0.0
2030-06-09 12:45:00,0.0
2030-06-09 13:00:00,0.0
2030-06-09 13:15:00,0.0
2030-06-09 13:30:00,0.0
2030-06-09 13:45:00,0.0
2030-06-09 14:00:00,0.0
2030-06-09 14:15:00,0.0
2030-06-09 14:30:00,0.0
2030-06-09 14:45:00,0.0
2030-06-09 15:00:00,0.0
2030-06-09 15:15:00,0.0
2030-06-09 15:30:00,0.0
2030-06-09 15:45:00,0.0
2030-06-09 16:00:00,0.0
2030-06-09 16:15:00,0.0
2030-06-09 16:30:00,0.0
2030-06-09 16:45:00,0.0
2030-06-09 17:00:00,0.0
2030-06-09 17:15:00,0.0
2030-06-09 17:30:00,0.0
2030-06-09 17:45:00,0.0
2030-06-09 18:00:00,0.0
2030-06-09 18:15:00,0.0
2030-06-09 18:30:00,0.0
2030-06-09 18:45:00,0.0
2030-06-09 19:00:00,0.0
2030-06-09 19:15:00,0.0
2030-06-09 19:30:00,0.0
2030-06-09 19:45:00,0.0
2030-06-09 20:00:00,0.0
2030-06-09 20:15:00,0.0
2030-06-09 20:30:00,0.0
2030-06-09 20:45:00,0.0
2030-06-09 21:00:00,0.0
2030-06-09 21:15:00,0.0
2030-06-09 21:30:00,0.0
2030-06-09 21:45:00,0.0
2030-06-09 22:00:00,0.0
2030-06-09 22:15:00,0.0
2030-06-09 22:30:00,0.0
2030-06-09 22:45:00,0.0
2030-06-09 23:00:00,0.0
2030-06-09 23:15:00,0.0
2030-06-09 23:30:00,0.0
2030-06-09 23:45:00,0.0
2030-06-10 00:00:00,1764.207369120084
2030-06-10 00:15:00,0.0
2030-06-10 00:30:00,0.0
2030-06-10 00:45:00,0.0
2030-06-10 01:00:00,0.0
2030-06-10 01:15:00,0.0
2030-06-10 01:30:00,0.0
2030-06-10 01:45:00,0.0
2030-06-10 02:00:00,0.0
2030-06-10 02:15:00,0.0
2030-06-10 02:30:00,0.0
2030-06-10 02:45:00,0.0
2030-06-10 03:00:00,0.0
2030-06-10 03:15:00,0.0
2030-06-10 03:30:00,0.0
2030-06-10 03:45:00,0.0
2030-06-10 04:00:00,0.0
2030-06-10 04:15:00,0.0
2030-06-10 04:30:00,0.0
2030-06-10 04:45:00,0.0
2030-06-10 05:00:00,0.0
2030-06-10 05:15:00,0.0
2030-06-10 05:30:00,0.0
2030-06-10 05:45:00,0.0
2030-06-10 06:00:00,0.0
2030-06-10 06:15:00,0.0
2030-06-10 06:30:00,0.0
2030-06-10 06:45:00,0.0
2030-06-10 07:00:00,0.0
2030-06-10 07:15:00,0.0
2030-06-10 07:30:00,0.0
2030-06-10 07:45:00,0.0
2030-06-10 08:00:00,0.0
2030-06-10 08:15:00,0.0
2030-06-10 08:30:00,0.0
2030-06-10 08:45:00,0.0
2030-06-10 09:00:00,0.0
2030-06-10 09:15:00,0.0
2030-06-10 09:30:00,0.0
2030-06-10 09:45:00,0.0
2030-06-10 10:00:00,0.0
2030-06-10 10:15:00,0.0
2030-06-10 10:30:00,0.0
2030-06-10 10:45:00,0.0
2030-06-10 11:00:00,0.0
2030-06-10 11:15:00,0.0
2030-06-10 11:30:00,0.0
2030-06-10 11:45:00,0.0
2030-06-10 12:00:00,0.0
2030-06-10 12:15:00,0.0
2030-06-10 12:30:00,0.0
2030-06-10 12:45:00,0.0
2030-06-10 13:00:00,0.0
2030-06-10 13:15:00,0.0
2030-06-10 13:30:00,0.0
2030-06-10 13:45:00,0.0
2030-06-10 14:00:00,0.0
2030-06-10 14:15:00,0.0
2030-06-10 14:30:00,0.0
2030-06-10 14:45:00,0.0
2030-06-10 15:00:00,0.0
2030-06-10 15:15:00,0.0
2030-06-10 15:30:00,0.0
2030-06-10 15:45:00,0.0
2030-06-10 16:00:00,0.0
2030-06-10 16:15:00,0.0
2030-06-10 16:30:00,0.0
2030-06-10 16:45:00,0.0
2030-06-10 17:00:00,0.0
2030-06-10 17:15:00,0.0
2030-06-10 17:30:00,0.0
2030-06-10 17:45:00,0.0
2030-06-10 18:00:00,0.0
2030-06-10 18:15:00,0.0
2030-06-10 18:30:00,0.0
2030-06-10 18:45:00,0.0
2030-06-10 19:00:00,0.0
2030-06-10 19:15:00,0.0
2030-06-10 19:30:00,0.0
2030-06-10 19:45:00,0.0
2030-06-10 20:00:00,0.0
2030-06-10 20:15:00,0.0
2030-06-10 20:30:00,0.0
2030-06-10 20:45:00,0.0
2030-06-10 21:00:00,0.0
2030-06-10 21:15:00,0.0
2030-06-10 21:30:00,0.0
2030-06-10 21:45:00,0.0
2030-06-10 22:00:00,0.0
2030-06-10 22:15:00,0.0
2030-06-10 22:30:00,0.0
2030-06-10 22:45:00,0.0
2030-06-10 23:00:00,0.0
2030-06-10 23:15:00,0.0
2030-06-10 23:30:00,0.0
2030-06-10 23:45:00,0.0
2030-06-11 00:00:00,0.0
2030-06-11 00:15:00,0.0
2030-06-11 00:30:00,0.0
2030-06-11 00:45:00,0.0
2030-06-11 01:00:00,0.0
2030-06-11 01:15:00,0.0
2030-06-11 01:30:00,0.0
2030-06-11 01:45:00,0.0
2030-06-11 02:00:00,0.0
2030-06-11 02:15:00,0.0
2030-06-11 02:30:00,0.0
2030-06-11 02:45:00,0.0
2030-06-11 03:00:00,0.0
2030-06-11 03:15:00,0.0
2030-06-11 03:30:00,0.0
2030-06-11 03:45:00,0.0
2030-06-11 04:00:00,0.0
2030-06-11 04:15:00,0.0
2030-06-11 04:30:00,0.0
2030-06-11 04:45:00,0.0
2030-06-11 05:00:00,0.0
2030-06-11 05:15:00,0.0
2030-06-11 05:30:00,0.0
2030-06-11 05:45:00,0.0
2030-06-11 06:00:00,0.0
2030-06-11 06:15:00,0.0
2030-06-11 06:30:00,0.0
2030-06-11 06:45:00,0.0
2030-06-11 07:00:00,0.0
2030-06-11 07:15:00,0.0
2030-06-11 07:30:00,0.0
2030-06-11 07:45:00,0.0
2030-06-11 08:00:00,0.0
2030-06-11 08:15:00,0.0
2030-06-11 08:30:00,0.0
2030-06-11 08:45:00,0.0
2030-06-11 09:00:00,0.0
2030-06-11 09:15:00,0.0
2030-06-11 09:30:00,0.0
2030-06-11 09:45:00,0.0
2030-06-11 10:00:00,0.0
2030-06-11 10:15:00,-6370.757762766005
2030-06-11 10:30:00,-16320.230811138115
2030-06-11 10:45:00,-16729.45231950782
2030-06-11 11:00:00,-17013.34903111631
2030-06-11 11:15:00,-17739.033338912686
2030-06-11 11:30:00,-18140.182596583236
2030-06-11 11:45:00,-18604.00577384839
2030-06-11 12:00:00,-19106.897473761004
2030-06-11 12:15:00,-19060.800219321303
2030-06-11 12:30:00,-18858.83861119052
2030-06-11 12:45:00,-18215.764536617884
2030-06-11 13:00:00,-17965.38091143494
2030-06-11 13:15:00,-17496.79195160442
2030-06-11 13:30:00,-17095.35508212194
2030-06-11 13:45:00,-16673.689472110746
2030-06-11 14:00:00,-16130.777140405253
2030-06-11 14:15:00,-15624.74557320164
2030-06-11 14:30:00,-14695.041647022745
2030-06-11 14:45:00,-14072.167343517867
2030-06-11 15:00:00,-13076.788798973706
2030-06-11 15:15:00,-12417.391537313622
2030-06-11 15:30:00,-11595.526061461085
2030-06-11 15:45:00,-10678.72007821799
2030-06-11 16:00:00,-9273.263276043144
2030-06-11 16:15:00,-8011.161136729084
2030-06-11 16:30:00,-6515.929372803606
2030-06-11 16:45:00,-5387.710001774747
2030-06-11 17:00:00,-3729.7281700551684
2030-06-11 17:15:00,-2595.5476233149348
2030-06-11 17:30:00,-1677.864149889956
2030-06-11 17:45:00,-634.1295473739265
2030-06-11 18:00:00,0.0
2030-06-11 18:15:00,0.0
2030-06-11 18:30:00,0.0
2030-06-11 18:45:00,0.0
2030-06-11 19:00:00,0.0
2030-06-11 19:15:00,0.0
2030-06-11 19:30:00,0.0
2030-06-11 19:45:00,0.0
2030-06-11 20:00:00,0.0
2030-06-11 20:15:00,0.0
2030-06-11 20:30:00,0.0
2030-06-11 20:45:00,0.0
2030-06-11 21:00:00,0.0
2030-06-11 21:15:00,0.0
2030-06-11 21:30:00,0.0
2030-06-11 21:45:00,0.0
2030-06-11 22:00:00,0.0
2030-06-11 22:15:00,0.0
2030-06-11 22:30:00,0.0
2030-06-11 22:45:00,0.0
2030-06-11 23:00:00,0.0
2030-06-11 23:15:00,0.0
2030-06-11 23:30:00,0.0
2030-06-11 23:45:00,0.0
2030-06-12 00:00:00,0.0
2030-06-12 00:15:00,0.0
2030-06-12 00:30:00,0.0
2030-06-12 00:45:00,0.0
2030-06-12 01:00:00,0.0
2030-06-12 01:15:00,0.0
2030-06-12 01:30:00,0.0
2030-06-12 01:45:00,0.0
2030-06-12 02:00:00,0.0
2030-06-12 02:15:00,0.0
2030-06-12 02:30:00,0.0
2030-06-12 02:45:00,0.0
2030-06-12 03:00:00,0.0
2030-06-12 03:15:00,0.0
2030-06-12 03:30:00,0.0
2030-06-12 03:45:00,0.0
2030-06-12 04:00:00,0.0
2030-06-12 04:15:00,0.0
2030-06-12 04:30:00,0.0
2030-06-12 04:45:00,0.0
2030-06-12 05:00:00,0.0
2030-06-12 05:15:00,0.0
2030-06-12 05:30:00,0.0
2030-06-12 05:45:00,0.0
2030-06-12 06:00:00,0.0
2030-06-12 06:15:00,0.0
2030-06-12 06:30:00,0.0
2030-06-12 06:45:00,0.0
2030-06-12 07:00:00,0.0
2030-06-12 07:15:00,0.0
2030-06-12 07:30:00,0.0
2030-06-12 07:45:00,0.0
2030-06-12 08:00:00,0.0
2030-06-12 08:15:00,0.0
2030-06-12 08:30:00,0.0
2030-06-12 08:45:00,0.0
2030-06-12 09:00:00,0.0
2030-06-12 09:15:00,0.0
2030-06-12 09:30:00,0.0
2030-06-12 09:45:00,0.0
2030-06-12 10:00:00,0.0
2030-06-12 10:15:00,0.0
2030-06-12 10:30:00,0.0
2030-06-12 10:45:00,0.0
2030-06-12 11:00:00,0.0
2030-06-12 11:15:00,0.0
2030-06-12 11:30:00,0.0
2030-06-12 11:45:00,0.0
2030-06-12 12:00:00,0.0
2030-06-12 12:15:00,0.0
2030-06-12 12:30:00,0.0
2030-06-12 12:45:00,0.0
2030-06-12 13:00:00,0.0
2030-06-12 13:15:00,0.0
2030-06-12 13:30:00,0.0
2030-06-12 13:45:00,0.0
2030-06-12 14:00:00,0.0
2030-06-12 14:15:00,0.0
2030-06-12 14:30:00,0.0
2030-06-12 14:45:00,0.0
2030-06-12 15:00:00,-1465.4012813477348
2030-06-12 15:15:00,-1006.1201468651634
2030-06-12 15:30:00,-521.6654957822866
2030-06-12 15:45:00,-237.12596519625004
2030-06-12 16:00:00,-212.78327582418933
2030-06-12 16:15:00,-118.18489200710246
2030-06-12 16:30:00,0.0
2030-06-12 16:45:00,0.0
2030-06-12 17:00:00,0.0
2030-06-12 17:15:00,0.0
2030-06-12 17:30:00,0.0
2030-06-12 17:45:00,0.0
2030-06-12 18:00:00,0.0
2030-06-12 18:15:00,0.0
2030-06-12 18:30:00,0.0
2030-06-12 18:45:00,0.0
2030-06-12 19:00:00,0.0
2030-06-12 19:15:00,0.0
2030-06-12 19:30:00,0.0
2030-06-12 19:45:00,0.0
2030-06-12 20:00:00,0.0
2030-06-12 20:15:00,0.0
2030-06-12 20:30:00,0.0
2030-06-12 20:45:00,0.0
2030-06-12 21:00:00,0.0
2030-06-12 21:15:00,0.0
2030-06-12 21:30:00,0.0
2030-06-12 21:45:00,0.0
2030-06-12 22:00:00,0.0
2030-06-12 22:15:00,0.0
2030-06-12 22:30:00,0.0
2030-06-12 22:45:00,0.0
2030-06-12 23:00:00,0.0
2030-06-12 23:15:00,0.0
2030-06-12 23:30:00,0.0
2030-06-12 23:45:00,0.0
2030-06-13 00:00:00,0.0
2030-06-13 00:15:00,0.0
2030-06-13 00:30:00,0.0
2030-06-13 00:45:00,0.0
2030-06-13 01:00:00,0.0
2030-06-13 01:15:00,0.0
2030-06-13 01:30:00,0.0
2030-06-13 01:45:00,0.0
2030-06-13 02:00:00,0.0
2030-06-13 02:15:00,0.0
2030-06-13 02:30:00,0.0
2030-06-13 02:45:00,0.0
2030-06-13 03:00:00,0.0
2030-06-13 03:15:00,0.0
2030-06-13 03:30:00,0.0
2030-06-13 03:45:00,0.0
2030-06-13 04:00:00,0.0
2030-06-13 04:15:00,0.0
2030-06-13 04:30:00,0.0
2030-06-13 04:45:00,0.0
2030-06-13 05:00:00,0.0
2030-06-13 05:15:00,0.0
2030-06-13 05:30:00,0.0
2030-06-13 05:45:00,0.0
2030-06-13 06:00:00,0.0
2030-06-13 06:15:00,0.0
2030-06-13 06:30:00,0.0
2030-06-13 06:45:00,0.0
2030-06-13 07:00:00,0.0
2030-06-13 07:15:00,0.0
2030-06-13 07:30:00,0.0
2030-06-13 07:45:00,0.0
2030-06-13 08:00:00,0.0
2030-06-13 08:15:00,0.0
2030-06-13 08:30:00,0.0
2030-06-13 08:45:00,0.0
2030-06-13 09:00:00,0.0
2030-06-13 09:15:00,0.0
2030-06-13 09:30:00,0.0
2030-06-13 09:45:00,0.0
2030-06-13 10:00:00,0.0
2030-06-13 10:15:00,0.0
2030-06-13 10:30:00,0.0
2030-06-13 10:45:00,0.0
2030-06-13 11:00:00,0.0
2030-06-13 11:15:00,0.0
2030-06-13 11:30:00,0.0
2030-06-13 11:45:00,0.0
2030-06-13 12:00:00,0.0
2030-06-13 12:15:00,0.0
2030-06-13 12:30:00,0.0
2030-06-13 12:45:00,0.0
2030-06-13 13:00:00,0.0
2030-06-13 13:15:00,0.0
2030-06-13 13:30:00,0.0
2030-06-13 13:45:00,0.0
2030-06-13 14:00:00,0.0
2030-06-13 14:15:00,0.0
2030-06-13 14:30:00,0.0
2030-06-13 14:45:00,0.0
2030-06-13 15:00:00,0.0
2030-06-13 15:15:00,0.0
2030-06-13 15:30:00,0.0
2030-06-13 15:45:00,0.0
2030-06-13 16:00:00,0.0
2030-06-13 16:15:00,0.0
2030-06-13 16:30:00,0.0
2030-06-13 16:45:00,0.0
2030-06-13 17:00:00,0.0
2030-06-13 17:15:00,0.0
2030-06-13 17:30:00,0.0
2030-06-13 17:45:00,0.0
2030-06-13 18:00:00,0.0
2030-06-13 18:15:00,0.0
2030-06-13 18:30:00,0.0
2030-06-13 18:45:00,0.0
2030-06-13 19:00:00,0.0
2030-06-13 19:15:00,0.0
2030-06-13 19:30:00,0.0
2030-06-13 19:45:00,0.0
2030-06-13 20:00:00,0.0
2030-06-13 20:15:00,0.0
2030-06-13 20:30:00,0.0
2030-06-13 20:45:00,0.0
2030-06-13 21:00:00,0.0
2030-06-13 21:15:00,0.0
2030-06-13 21:30:00,0.0
2030-06-13 21:45:00,0.0
2030-06-13 22:00:00,0.0
2030-06-13 22:15:00,0.0
2030-06-13 22:30:00,0.0
2030-06-13 22:45:00,0.0
2030-06-13 23:00:00,0.0
2030-06-13 23:15:00,0.0
2030-06-13 23:30:00,0.0
2030-06-13 23:45:00,0.0
2030-06-14 00:00:00,0.0
2030-06-14 00:15:00,0.0
2030-06-14 00:30:00,0.0
2030-06-14 00:45:00,0.0
2030-06-14 01:00:00,0.0
2030-06-14 01:15:00,0.0
2030-06-14 01:30:00,0.0
2030-06-14 01:45:00,0.0
2030-06-14 02:00:00,0.0
2030-06-14 02:15:00,0.0
2030-06-14 02:30:00,0.0
2030-06-14 02:45:00,0.0
2030-06-14 03:00:00,0.0
2030-06-14 03:15:00,0.0
2030-06-14 03:30:00,0.0
2030-06-14 03:45:00,0.0
2030-06-14 04:00:00,0.0
2030-06-14 04:15:00,0.0
2030-06-14 04:30:00,0.0
2030-06-14 04:45:00,0.0
2030-06-14 05:00:00,0.0
2030-06-14 05:15:00,0.0
2030-06-14 05:30:00,0.0
2030-06-14 05:45:00,0.0
2030-06-14 06:00:00,0.0
2030-06-14 06:15:00,0.0
2030-06-14 06:30:00,0.0
2030-06-14 06:45:00,0.0
2030-06-14 07:00:00,0.0
2030-06-14 07:15:00,0.0
2030-06-14 07:30:00,0.0
2030-06-14 07:45:00,0.0
2030-06-14 08:00:00,0.0
2030-06-14 08:15:00,0.0
2030-06-14 08:30:00,0.0
2030-06-14 08:45:00,0.0
2030-06-14 09:00:00,0.0
2030-06-14 09:15:00,0.0
2030-06-14 09:30:00,0.0
2030-06-14 09:45:00,0.0
2030-06-14 10:00:00,0.0
2030-06-14 10:15:00,0.0
2030-06-14 10:30:00,0.0
2030-06-14 10:45:00,0.0
2030-06-14 11:00:00,0.0
2030-06-14 11:15:00,0.0
2030-06-14 11:30:00,0.0
2030-06-14 11:45:00,0.0
2030-06-14 12:00:00,0.0
2030-06-14 12:15:00,0.0
2030-06-14 12:30:00,0.0
2030-06-14 12:45:00,0.0
2030-06-14 13:00:00,0.0
2030-06-14 13:15:00,0.0
2030-06-14 13:30:00,0.0
2030-06-14 13:45:00,0.0
2030-06-14 14:00:00,0.0
2030-06-14 14:15:00,0.0
2030-06-14 14:30:00,0.0
2030-06-14 14:45:00,0.0
2030-06-14 15:00:00,0.0
2030-06-14 15:15:00,0.0
2030-06-14 15:30:00,0.0
2030-06-14 15:45:00,0.0
2030-06-14 16:00:00,0.0
2030-06-14 16:15:00,0.0
2030-06-14 16:30:00,0.0
2030-06-14 16:45:00,0.0
2030-06-14 17:00:00,0.0
2030-06-14 17:15:00,0.0
2030-06-14 17:30:00,0.0
2030-06-14 17:45:00,0.0
2030-06-14 18:00:00,0.0
2030-06-14 18:15:00,0.0
2030-06-14 18:30:00,0.0
2030-06-14 18:45:00,0.0
2030-06-14 19:00:00,0.0
2030-06-14 19:15:00,0.0
2030-06-14 19:30:00,0.0
2030-06-14 19:45:00,0.0
2030-06-14 20:00:00,0.0
2030-06-14 20:15:00,0.0
2030-06-14 20:30:00,0.0
2030-06-14 20:45:00,0.0
2030-06-14 21:00:00,0.0
2030-06-14 21:15:00,0.0
2030-06-14 21:30:00,0.0
2030-06-14 21:45:00,0.0
2030-06-14 22:00:00,0.0
2030-06-14 22:15:00,0.0
2030-06-14 22:30:00,0.0
2030-06-14 22:45:00,0.0
2030-06-14 23:00:00,0.0
2030-06-14 23:15:00,0.0
2030-06-14 23:30:00,0.0
2030-06-14 23:45:00,0.0
2030-06-15 00:00:00,0.0
2030-06-15 00:15:00,0.0
2030-06-15 00:30:00,0.0
2030-06-15 00:45:00,0.0
2030-06-15 01:00:00,0.0
2030-06-15 01:15:00,0.0
2030-06-15 01:30:00,0.0
2030-06-15 01:45:00,0.0
2030-06-15 02:00:00,0.0
2030-06-15 02:15:00,0.0
2030-06-15 02:30:00,0.0
2030-06-15 02:45:00,0.0
2030-06-15 03:00:00,0.0
2030-06-15 03:15:00,0.0
2030-06-15 03:30:00,0.0
2030-06-15 03:45:00,0.0
2030-06-15 04:00:00,0.0
2030-06-15 04:15:00,0.0
2030-06-15 04:30:00,0.0
2030-06-15 04:45:00,0.0
2030-06-15 05:00:00,0.0
2030-06-15 05:15:00,6716.781183433158
2030-06-15 05:30:00,0.0
2030-06-15 05:45:00,0.0
2030-06-15 06:00:00,0.0
2030-06-15 06:15:00,0.0
2030-06-15 06:30:00,0.0
2030-06-15 06:45:00,0.0
2030-06-15 07:00:00,0.0
2030-06-15 07:15:00,0.0
2030-06-15 07:30:00,0.0
2030-06-15 07:45:00,0.0
2030-06-15 08:00:00,0.0
2030-06-15 08:15:00,0.0
2030-06-15 08:30:00,0.0
2030-06-15 08:45:00,0.0
2030-06-15 09:00:00,0.0
2030-06-15 09:15:00,0.0
2030-06-15 09:30:00,0.0
2030-06-15 09:45:00,0.0
2030-06-15 10:00:00,0.0
2030-06-15 10:15:00,0.0
2030-06-15 10:30:00,0.0
2030-06-15 10:45:00,0.0
2030-06-15 11:00:00,0.0
2030-06-15 11:15:00,0.0
2030-06-15 11:30:00,0.0
2030-06-15 11:45:00,0.0
2030-06-15 12:00:00,0.0
2030-06-15 12:15:00,0.0
2030-06-15 12:30:00,0.0
2030-06-15 12:45:00,0.0
2030-06-15 13:00:00,0.0
2030-06-15 13:15:00,0.0
2030-06-15 13:30:00,0.0
2030-06-15 13:45:00,0.0
2030-06-15 14:00:00,0.0
2030-06-15 14:15:00,0.0
2030-06-15 14:30:00,0.0
2030-06-15 14:45:00,0.0
2030-06-15 15:00:00,0.0
2030-06-15 15:15:00,0.0
2030-06-15 15:30:00,0.0
2030-06-15 15:45:00,0.0
2030-06-15 16:00:00,0.0
2030-06-15 16:15:00,0.0
2030-06-15 16:30:00,0.0
2030-06-15 16:45:00,0.0
2030-06-15 17:00:00,0.0
2030-06-15 17:15:00,0.0
2030-06-15 17:30:00,0.0
2030-06-15 17:45:00,0.0
2030-06-15 18:00:00,0.0
2030-06-15 18:15:00,0.0
2030-06-15 18:30:00,0.0
2030-06-15 18:45:00,0.0
2030-06-15 19:00:00,0.0
2030-06-15 19:15:00,1619.8884006585686
2030-06-15 19:30:00,3239.113482508721
2030-06-15 19:45:00,3507.7251985559087
2030-06-15 20:00:00,3613.5457558762064
2030-06-15 20:15:00,3402.882730698264
2030-06-15 20:30:00,3184.185445922132
2030-06-15 20:45:00,3126.3481592822427
2030-06-15 21:00:00,3044.6341398552577
2030-06-15 21:15:00,2783.6113741127792
2030-06-15 21:30:00,2552.8567316886983
2030-06-15 21:45:00,2425.10168520952
2030-06-15 22:00:00,2206.9034819625886
2030-06-15 22:15:00,1896.7838314887722
2030-06-15 22:30:00,1564.3698414098308
2030-06-15 22:45:00,1348.8859453516197
2030-06-15 23:00:00,1071.5329179965738
2030-06-15 23:15:00,837.5400514091489
2030-06-15 23:30:00,516.3709999533112
2030-06-15 23:45:00,196.14121565560527
2030-06-16 00:00:00,0.0
2030-06-16 00:15:00,0.0
2030-06-16 00:30:00,0.0
2030-06-16 00:45:00,0.0
2030-06-16 01:00:00,0.0
2030-06-16 01:15:00,0.0
2030-06-16 01:30:00,0.0
2030-06-16 01:45:00,0.0
2030-06-16 02:00:00,0.0
2030-06-16 02:15:00,0.0
2030-06-16 02:30:00,0.0
2030-06-16 02:45:00,0.0
2030-06-16 03:00:00,0.0
2030-06-16 03:15:00,0.0
2030-06-16 03:30:00,0.0
2030-06-16 03:45:00,0.0
2030-06-16 04:00:00,0.0
2030-06-16 04:15:00,0.0
2030-06-16 04:30:00,0.0
2030-06-16 04:45:00,0.0
2030-06-16 05:00:00,0.0
2030-06-16 05:15:00,0.0
2030-06-16 05:30:00,0.0
2030-06-16 05:45:00,0.0
2030-06-16 06:00:00,0.0
2030-06-16 06:15:00,0.0
2030-06-16 06:30:00,0.0
2030-06-16 06:45:00,0.0
2030-06-16 07:00:00,0.0
2030-06-16 07:15:00,0.0
2030-06-16 07:30:00,0.0
2030-06-16 07:45:00,0.0
2030-06-16 08:00:00,0.0
2030-06-16 08:15:00,0.0
2030-06-16 08:30:00,0.0
2030-06-16 08:45:00,0.0
2030-06-16 09:00:00,0.0
2030-06-16 09:15:00,0.0
2030-06-16 09:30:00,0.0
2030-06-16 09:45:00,0.0
2030-06-16 10:00:00,0.0
2030-06-16 10:15:00,0.0
2030-06-16 10:30:00,0.0
2030-06-16 10:45:00,0.0
2030-06-16 11:00:00,0.0
2030-06-16 11:15:00,0.0
2030-06-16 11:30:00,0.0
2030-06-16 11:45:00,0.0
2030-06-16 12:00:00,0.0
2030-06-16 12:15:00,0.0
2030-06-16 12:30:00,0.0
2030-06-16 12:45:00,0.0
2030-06-16 13:00:00,0.0
2030-06-16 13:15:00,0.0
2030-06-16 13:30:00,0.0
2030-06-16 13:45:00,0.0
2030-06-16 14:00:00,0.0
2030-06-16 14:15:00,0.0
2030-06-16 14:30:00,0.0
2030-06-16 14:45:00,0.0
2030-06-16 15:00:00,0.0
2030-06-16 15:15:00,0.0
2030-06-16 15:30:00,0.0
2030-06-16 15:45:00,0.0
2030-06-16 16:00:00,0.0
2030-06-16 16:15:00,0.0
2030-06-16 16:30:00,0.0
2030-06-16 16:45:00,0.0
2030-06-16 17:00:00,0.0
2030-06-16 17:15:00,0.0
2030-06-16 17:30:00,0.0
2030-06-16 17:45:00,0.0
2030-06-16 18:00:00,0.0
2030-06-16 18:15:00,0.0
2030-06-16 18:30:00,0.0
2030-06-16 18:45:00,0.0
2030-06-16 19:00:00,0.0
2030-06-16 19:15:00,0.0
2030-06-16 19:30:00,0.0
2030-06-16 19:45:00,0.0
2030-06-16 20:00:00,0.0
2030-06-16 20:15:00,6876.238999672583
2030-06-16 20:30:00,3029.7647984443975
2030-06-16 20:45:00,2981.5416630561176
2030-06-16 21:00:00,2795.1757339365613
2030-06-16 21:15:00,2542.9247860638206
2030-06-16 21:30:00,2412.8822643436833
2030-06-16 21:45:00,2170.2606684437687
2030-06-16 22:00:00,2077.601837055123
2030-06-16 22:15:00,1929.8690389384828
2030-06-16 22:30:00,1678.2387590165908
2030-06-16 22:45:00,1461.3572496797206
2030-06-16 23:00:00,1072.2877187713366
2030-06-16 23:15:00,797.1356177034249
2030-06-16 23:30:00,567.6150047240881
2030-06-16 23:45:00,448.8051720396161
2030-06-17 00:00:00,145.48165405374675
2030-06-17 00:15:00,181.3495047194756
2030-06-17 00:30:00,224.3397500113315
2030-06-17 00:45:00,92.45410695868486
2030-06-17 01:00:00,0.0
2030-06-17 01:15:00,0.0
2030-06-17 01:30:00,0.0
2030-06-17 01:45:00,0.0
2030-06-17 02:00:00,0.0
2030-06-17 02:15:00,0.0
2030-06-17 02:30:00,0.0
2030-06-17 02:45:00,0.0
2030-06-17 03:00:00,0.0
2030-06-17 03:15:00,0.0
2030-06-17 03:30:00,0.0
2030-06-17 03:45:00,0.0
2030-06-17 04:00:00,0.0
2030-06-17 04:15:00,0.0
2030-06-17 04:30:00,0.0
2030-06-17 04:45:00,0.0
2030-06-17 05:00:00,0.0
2030-06-17 05:15:00,0.0
2030-06-17 05:30:00,0.0
2030-06-17 05:45:00,0.0
2030-06-17 06:00:00,0.0
2030-06-17 06:15:00,0.0
2030-06-17 06:30:00,0.0
2030-06-17 06:45:00,0.0
2030-06-17 07:00:00,0.0
2030-06-17 07:15:00,0.0
2030-06-17 07:30:00,0.0
2030-06-17 07:45:00,0.0
2030-06-17 08:00:00,0.0
2030-06-17 08:15:00,0.0
2030-06-17 08:30:00,0.0
2030-06-17 08:45:00,0.0
2030-06-17 09:00:00,0.0
2030-06-17 09:15:00,0.0
2030-06-17 09:30:00,0.0
2030-06-17 09:45:00,0.0
2030-06-17 10:00:00,0.0
2030-06-17 10:15:00,0.0
2030-06-17 10:30:00,0.0
2030-06-17 10:45:00,0.0
2030-06-17 11:00:00,0.0
2030-06-17 11:15:00,0.0
2030-06-17 11:30:00,0.0
2030-06-17 11:45:00,0.0
2030-06-17 12:00:00,0.0
2030-06-17 12:15:00,0.0
2030-06-17 12:30:00,0.0
2030-06-17 12:45:00,0.0
2030-06-17 13:00:00,0.0
2030-06-17 13:15:00,0.0
2030-06-17 13:30:00,0.0
2030-06-17 13:45:00,0.0
2030-06-17 14:00:00,0.0
2030-06-17 14:15:00,0.0
2030-06-17 14:30:00,0.0
2030-06-17 14:45:00,0.0
2030-06-17 15:00:00,0.0
2030-06-17 15:15:00,0.0
2030-06-17 15:30:00,0.0
2030-06-17 15:45:00,0.0
2030-06-17 16:00:00,0.0
2030-06-17 16:15:00,0.0
2030-06-17 16:30:00,0.0
2030-06-17 16:45:00,0.0
2030-06-17 17:00:00,0.0
2030-06-17 17:15:00,0.0
2030-06-17 17:30:00,0.0
2030-06-17 17:45:00,0.0
2030-06-17 18:00:00,0.0
2030-06-17 18:15:00,0.0
2030-06-17 18:30:00,0.0
2030-06-17 18:45:00,0.0
2030-06-17 19:00:00,0.0
2030-06-17 19:15:00,0.0
2030-06-17 19:30:00,0.0
2030-06-17 19:45:00,0.0
2030-06-17 20:00:00,0.0
2030-06-17 20:15:00,0.0
2030-06-17 20:30:00,0.0
2030-06-17 20:45:00,0.0
2030-06-17 21:00:00,1591.0586434103498
2030-06-17 21:15:00,0.0
2030-06-17 21:30:00,0.0
2030-06-17 21:45:00,0.0
2030-06-17 22:00:00,0.0
2030-06-17 22:15:00,0.0
2030-06-17 22:30:00,0.0
2030-06-17 22:45:00,0.0
2030-06-17 23:00:00,0.0
2030-06-17 23:15:00,0.0
2030-06-17 23:30:00,0.0
2030-06-17 23:45:00,0.0
2030-06-18 00:00:00,0.0
2030-06-18 00:15:00,0.0
2030-06-18 00:30:00,0.0
2030-06-18 00:45:00,0.0
2030-06-18 01:00:00,0.0
2030-06-18 01:15:00,0.0
2030-06-18 01:30:00,0.0
2030-06-18 01:45:00,0.0
2030-06-18 02:00:00,0.0
2030-06-18 02:15:00,0.0
2030-06-18 02:30:00,0.0
2030-06-18 02:45:00,0.0
2030-06-18 03:00:00,0.0
2030-06-18 03:15:00,0.0
2030-06-18 03:30:00,0.0
2030-06-18 03:45:00,0.0
2030-06-18 04:00:00,0.0
2030-06-18 04:15:00,0.0
2030-06-18 04:30:00,0.0
2030-06-18 04:45:00,0.0
2030-06-18 05:00:00,0.0
2030-06-18 05:15:00,0.0
2030-06-18 05:30:00,0.0
2030-06-18 05:45:00,0.0
2030-06-18 06:00:00,0.0
2030-06-18 06:15:00,0.0
2030-06-18 06:30:00,0.0
2030-06-18 06:45:00,0.0
2030-06-18 07:00:00,0.0
2030-06-18 07:15:00,0.0
2030-06-18 07:30:00,0.0
2030-06-18 07:45:00,0.0
2030-06-18 08:00:00,0.0
2030-06-18 08:15:00,0.0
2030-06-18 08:30:00,0.0
2030-06-18 08:45:00,0.0
2030-06-18 09:00:00,0.0
2030-06-18 09:15:00,0.0
2030-06-18 09:30:00,0.0
2030-06-18 09:45:00,0.0
2030-06-18 10:00:00,0.0
2030-06-18 10:15:00,0.0
2030-06-18 10:30:00,0.0
2030-06-18 10:45:00,0.0
2030-06-18 11:00:00,0.0
2030-06-18 11:15:00,0.0
2030-06-18 11:30:00,0.0
2030-06-18 11:45:00,0.0
2030-06-18 12:00:00,0.0
2030-06-18 12:15:00,0.0
2030-06-18 12:30:00,0.0
2030-06-18 12:45:00,0.0
2030-06-18 13:00:00,0.0
2030-06-18 13:15:00,0.0
2030-06-18 13:30:00,0.0
2030-06-18 13:45:00,0.0
2030-06-18 14:00:00,0.0
2030-06-18 14:15:00,0.0
2030-06-18 14:30:00,0.0
2030-06-18 14:45:00,0.0
2030-06-18 15:00:00,0.0
2030-06-18 15:15:00,0.0
2030-06-18 15:30:00,0.0
2030-06-18 15:45:00,0.0
2030-06-18 16:00:00,0.0
2030-06-18 16:15:00,0.0
2030-06-18 16:30:00,0.0
2030-06-18 16:45:00,0.0
2030-06-18 17:00:00,0.0
2030-06-18 17:15:00,0.0
2030-06-18 17:30:00,0.0
2030-06-18 17:45:00,0.0
2030-06-18 18:00:00,0.0
2030-06-18 18:15:00,0.0
2030-06-18 18:30:00,0.0
2030-06-18 18:45:00,0.0
2030-06-18 19:00:00,0.0
2030-06-18 19:15:00,0.0
2030-06-18 19:30:00,0.0
2030-06-18 19:45:00,0.0
2030-06-18 20:00:00,0.0
2030-06-18 20:15:00,0.0
2030-06-18 20:30:00,0.0
2030-06-18 20:45:00,0.0
2030-06-18 21:00:00,3020.9023348955616
2030-06-18 21:15:00,0.0
2030-06-18 21:30:00,0.0
2030-06-18 21:45:00,0.0
2030-06-18 22:00:00,0.0
2030-06-18 22:15:00,0.0
2030-06-18 22:30:00,0.0
2030-06-18 22:45:00,0.0
2030-06-18 23:00:00,0.0
2030-06-18 23:15:00,0.0
2030-06-18 23:30:00,0.0
2030-06-18 23:45:00,0.0
2030-06-19 00:00:00,0.0
2030-06-19 00:15:00,0.0
2030-06-19 00:30:00,0.0
2030-06-19 00:45:00,0.0
2030-06-19 01:00:00,0.0
2030-06-19 01:15:00,0.0
2030-06-19 01:30:00,0.0
2030-06-19 01:45:00,0.0
2030-06-19 02:00:00,0.0
2030-06-19 02:15:00,0.0
2030-06-19 02:30:00,0.0
2030-06-19 02:45:00,0.0
2030-06-19 03:00:00,0.0
2030-06-19 03:15:00,0.0
2030-06-19 03:30:00,0.0
2030-06-19 03:45:00,0.0
2030-06-19 04:00:00,0.0
2030-06-19 04:15:00,0.0
2030-06-19 04:30:00,0.0
2030-06-19 04:45:00,0.0
2030-06-19 05:00:00,0.0
2030-06-19 05:15:00,0.0
2030-06-19 05:30:00,0.0
2030-06-19 05:45:00,0.0
2030-06-19 06:00:00,0.0
2030-06-19 06:15:00,0.0
2030-06-19 06:30:00,0.0
2030-06-19 06:45:00,0.0
2030-06-19 07:00:00,0.0
2030-06-19 07:15:00,0.0
2030-06-19 07:30:00,0.0
2030-06-19 07:45:00,0.0
2030-06-19 08:00:00,0.0
2030-06-19 08:15:00,0.0
2030-06-19 08:30:00,0.0
2030-06-19 08:45:00,0.0
2030-06-19 09:00:00,0.0
2030-06-19 09:15:00,0.0
2030-06-19 09:30:00,0.0
2030-06-19 09:45:00,0.0
2030-06-19 10:00:00,0.0
2030-06-19 10:15:00,0.0
2030-06-19 10:30:00,0.0
2030-06-19 10:45:00,0.0
2030-06-19 11:00:00,0.0
2030-06-19 11:15:00,0.0
2030-06-19 11:30:00,161.76201165129532
2030-06-19 11:45:00,0.0
2030-06-19 12:00:00,0.0
2030-06-19 12:15:00,0.0
2030-06-19 12:30:00,0.0
2030-06-19 12:45:00,0.0
2030-06-19 13:00:00,0.0
2030-06-19 13:15:00,0.0
2030-06-19 13:30:00,0.0
2030-06-19 13:45:00,0.0
2030-06-19 14:00:00,0.0
2030-06-19 14:15:00,0.0
2030-06-19 14:30:00,851.603575285033
2030-06-19 14:45:00,0.0
2030-06-19 15:00:00,0.0
2030-06-19 15:15:00,0.0
2030-06-19 15:30:00,0.0
2030-06-19 15:45:00,0.0
2030-06-19 16:00:00,0.0
2030-06-19 16:15:00,0.0
2030-06-19 16:30:00,0.0
2030-06-19 16:45:00,0.0
2030-06-19 17:00:00,0.0
2030-06-19 17:15:00,0.0
2030-06-19 17:30:00,0.0
2030-06-19 17:45:00,0.0
2030-06-19 18:00:00,60.417086071011
2030-06-19 18:15:00,945.8271193905166
2030-06-19 18:30:00,1816.099786867877
2030-06-19 18:45:00,2464.5680863018442
2030-06-19 19:00:00,3219.2356612299463
2030-06-19 19:15:00,3647.976394378944
2030-06-19 19:30:00,4169.969693843152
2030-06-19 19:45:00,4392.601904864217
2030-06-19 20:00:00,4389.9887694621975
2030-06-19 20:15:00,4139.486309432405
2030-06-19 20:30:00,3916.2625925278644
2030-06-19 20:45:00,3751.607349962351
2030-06-19 21:00:00,3475.143974040666
2030-06-19 21:15:00,3241.0947373580057
2030-06-19 21:30:00,3041.5806200623683
2030-06-19 21:45:00,2771.6715757442835
2030-06-19 22:00:00,2370.9927948693403
2030-06-19 22:15:00,2190.1231634811193
2030-06-19 22:30:00,1864.4369976895214
2030-06-19 22:45:00,1449.2873657978416
2030-06-19 23:00:00,1017.7813532203672
2030-06-19 23:15:00,732.3111615551534
2030-06-19 23:30:00,306.52550941256777
2030-06-19 23:45:00,23.108808676141052
2030-06-20 00:00:00,0.0
2030-06-20 00:15:00,0.0
2030-06-20 00:30:00,0.0
2030-06-20 00:45:00,0.0
2030-06-20 01:00:00,0.0
2030-06-20 01:15:00,0.0
2030-06-20 01:30:00,0.0
2030-06-20 01:45:00,0.0
2030-06-20 02:00:00,0.0
2030-06-20 02:15:00,0.0
2030-06-20 02:30:00,0.0
2030-06-20 02:45:00,0.0
2030-06-20 03:00:00,0.0
2030-06-20 03:15:00,0.0
2030-06-20 03:30:00,0.0
2030-06-20 03:45:00,0.0
2030-06-20 04:00:00,0.0
2030-06-20 04:15:00,0.0
2030-06-20 04:30:00,0.0
2030-06-20 04:45:00,0.0
2030-06-20 05:00:00,0.0
2030-06-20 05:15:00,0.0
2030-06-20 05:30:00,0.0
2030-06-20 05:45:00,0.0
2030-06-20 06:00:00,0.0
2030-06-20 06:15:00,0.0
2030-06-20 06:30:00,0.0
2030-06-20 06:45:00,0.0
2030-06-20 07:00:00,0.0
2030-06-20 07:15:00,0.0
2030-06-20 07:30:00,0.0
2030-06-20 07:45:00,0.0
2030-06-20 08:00:00,0.0
2030-06-20 08:15:00,0.0
2030-06-20 08:30:00,0.0
2030-06-20 08:45:00,0.0
2030-06-20 09:00:00,0.0
2030-06-20 09:15:00,0.0
2030-06-20 09:30:00,0.0
2030-06-20 09:45:00,0.0
2030-06-20 10:00:00,0.0
2030-06-20 10:15:00,0.0
2030-06-20 10:30:00,0.0
2030-06-20 10:45:00,0.0
2030-06-20 11:00:00,0.0
2030-06-20 11:15:00,0.0
2030-06-20 11:30:00,0.0
2030-06-20 11:45:00,0.0
2030-06-20 12:00:00,0.0
2030-06-20 12:15:00,0.0
2030-06-20 12:30:00,0.0
2030-06-20 12:45:00,0.0
2030-06-20 13:00:00,0.0
2030-06-20 13:15:00,0.0
2030-06-20 13:30:00,0.0
2030-06-20 13:45:00,0.0
2030-06-20 14:00:00,0.0
2030-06-20 14:15:00,0.0
2030-06-20 14:30:00,0.0
2030-06-20 14:45:00,0.0
2030-06-20 15:00:00,0.0
2030-06-20 15:15:00,0.0
2030-06-20 15:30:00,0.0
2030-06-20 15:45:00,0.0
2030-06-20 16:00:00,0.0
2030-06-20 16:15:00,0.0
2030-06-20 16:30:00,0.0
2030-06-20 16:45:00,0.0
2030-06-20 17:00:00,0.0
2030-06-20 17:15:00,0.0
2030-06-20 17:30:00,0.0
2030-06-20 17:45:00,0.0
2030-06-20 18:00:00,0.0
2030-06-20 18:15:00,0.0
2030-06-20 18:30:00,0.0
2030-06-20 18:45:00,0.0
2030-06-20 19:00:00,0.0
2030-06-20 19:15:00,0.0
2030-06-20 19:30:00,0.0
2030-06-20 19:45:00,0.0
2030-06-20 20:00:00,0.0
2030-06-20 20:15:00,0.0
2030-06-20 20:30:00,4712.136531324093
2030-06-20 20:45:00,1143.4602427989848
2030-06-20 21:00:00,880.3130000846559
2030-06-20 21:15:00,603.7828140279453
2030-06-20 21:30:00,218.49333586046305
2030-06-20 21:45:00,0.0
2030-06-20 22:00:00,0.0
2030-06-20 22:15:00,0.0
2030-06-20 22:30:00,0.0
2030-06-20 22:45:00,0.0
2030-06-20 23:00:00,0.0
2030-06-20 23:15:00,0.0
2030-06-20 23:30:00,0.0
2030-06-20 23:45:00,0.0
2030-06-21 00:00:00,0.0
2030-06-21 00:15:00,0.0
2030-06-21 00:30:00,0.0
2030-06-21 00:45:00,0.0
2030-06-21 01:00:00,0.0
2030-06-21 01:15:00,0.0
2030-06-21 01:30:00,0.0
2030-06-21 01:45:00,0.0
2030-06-21 02:00:00,0.0
2030-06-21 02:15:00,0.0
2030-06-21 02:30:00,0.0
2030-06-21 02:45:00,0.0
2030-06-21 03:00:00,0.0
2030-06-21 03:15:00,0.0
2030-06-21 03:30:00,0.0
2030-06-21 03:45:00,0.0
2030-06-21 04:00:00,0.0
2030-06-21 04:15:00,0.0
2030-06-21 04:30:00,0.0
2030-06-21 04:45:00,0.0
2030-06-21 05:00:00,0.0
2030-06-21 05:15:00,0.0
2030-06-21 05:30:00,0.0
2030-06-21 05:45:00,0.0
2030-06-21 06:00:00,0.0
2030-06-21 06:15:00,0.0
2030-06-21 06:30:00,0.0
2030-06-21 06:45:00,0.0
2030-06-21 07:00:00,0.0
2030-06-21 07:15:00,0.0
2030-06-21 07:30:00,0.0
2030-06-21 07:45:00,0.0
2030-06-21 08:00:00,0.0
2030-06-21 08:15:00,0.0
2030-06-21 08:30:00,0.0
2030-06-21 08:45:00,0.0
2030-06-21 09:00:00,0.0
2030-06-21 09:15:00,0.0
2030-06-21 09:30:00,0.0
2030-06-21 09:45:00,0.0
2030-06-21 10:00:00,0.0
2030-06-21 10:15:00,0.0
2030-06-21 10:30:00,0.0
2030-06-21 10:45:00,0.0
2030-06-21 11:00:00,0.0
2030-06-21 11:15:00,0.0
2030-06-21 11:30:00,0.0
2030-06-21 11:45:00,0.0
2030-06-21 12:00:00,0.0
2030-06-21 12:15:00,0.0
2030-06-21 12:30:00,0.0
2030-06-21 12:45:00,0.0
2030-06-21 13:00:00,0.0
2030-06-21 13:15:00,0.0
2030-06-21 13:30:00,0.0
2030-06-21 13:45:00,0.0
2030-06-21 14:00:00,0.0
2030-06-21 14:15:00,0.0
2030-06-21 14:30:00,0.0
2030-06-21 14:45:00,0.0
2030-06-21 15:00:00,0.0
2030-06-21 15:15:00,0.0
2030-06-21 15:30:00,0.0
2030-06-21 15:45:00,0.0
2030-06-21 16:00:00,0.0
2030-06-21 16:15:00,0.0
2030-06-21 16:30:00,0.0
2030-06-21 16:45:00,0.0
2030-06-21 17:00:00,0.0
2030-06-21 17:15:00,0.0
2030-06-21 17:30:00,0.0
2030-06-21 17:45:00,0.0
2030-06-21 18:00:00,0.0
2030-06-21 18:15:00,0.0
2030-06-21 18:30:00,0.0
2030-06-21 18:45:00,0.0
2030-06-21 19:00:00,0.0
2030-06-21 19:15:00,0.0
2030-06-21 19:30:00,0.0
2030-06-21 19:45:00,0.0
2030-06-21 20:00:00,8823.786414881326
2030-06-21 20:15:00,3669.706828060327
2030-06-21 20:30:00,3472.979288831277
2030-06-21 20:45:00,3049.627476031208
2030-06-21 21:00:00,2687.286703407619
2030-06-21 21:15:00,2521.1761844466146
2030-06-21 21:30:00,2602.948035374444
2030-06-21 21:45:00,2655.932087267711
2030-06-21 22:00:00,2603.150061953498
2030-06-21 22:15:00,2211.970042668734
2030-06-21 22:30:00,1913.9991623527549
2030-06-21 22:45:00,1535.2421306946617
2030-06-21 23:00:00,1151.5943741724695
2030-06-21 23:15:00,962.5974515882954
2030-06-21 23:30:00,733.6755710753023
2030-06-21 23:45:00,498.09689168640034
2030-06-22 00:00:00,292.7029890656522
2030-06-22 00:15:00,207.90334537370654
2030-06-22 00:30:00,0.0
2030-06-22 00:45:00,0.0
2030-06-22 01:00:00,0.0
2030-06-22 01:15:00,0.0
2030-06-22 01:30:00,0.0
2030-06-22 01:45:00,0.0
2030-06-22 02:00:00,0.0
2030-06-22 02:15:00,0.0
2030-06-22 02:30:00,0.0
2030-06-22 02:45:00,0.0
2030-06-22 03:00:00,0.0
2030-06-22 03:15:00,0.0
2030-06-22 03:30:00,0.0
2030-06-22 03:45:00,0.0
2030-06-22 04:00:00,0.0
2030-06-22 04:15:00,0.0
2030-06-22 04:30:00,0.0
2030-06-22 04:45:00,0.0
2030-06-22 05:00:00,0.0
2030-06-22 05:15:00,0.0
2030-06-22 05:30:00,0.0
2030-06-22 05:45:00,0.0
2030-06-22 06:00:00,0.0
2030-06-22 06:15:00,0.0
2030-06-22 06:30:00,0.0
2030-06-22 06:45:00,0.0
2030-06-22 07:00:00,0.0
2030-06-22 07:15:00,0.0
2030-06-22 07:30:00,0.0
2030-06-22 07:45:00,0.0
2030-06-22 08:00:00,0.0
2030-06-22 08:15:00,0.0
2030-06-22 08:30:00,0.0
2030-06-22 08:45:00,0.0
2030-06-22 09:00:00,0.0
2030-06-22 09:15:00,0.0
2030-06-22 09:30:00,0.0
2030-06-22 09:45:00,0.0
2030-06-22 10:00:00,0.0
2030-06-22 10:15:00,0.0
2030-06-22 10:30:00,0.0
2030-06-22 10:45:00,0.0
2030-06-22 11:00:00,0.0
2030-06-22 11:15:00,0.0
2030-06-22 11:30:00,0.0
2030-06-22 11:45:00,0.0
2030-06-22 12:00:00,0.0
2030-06-22 12:15:00,0.0
2030-06-22 12:30:00,0.0
2030-06-22 12:45:00,0.0
2030-06-22 13:00:00,0.0
2030-06-22 13:15:00,0.0
2030-06-22 13:30:00,0.0
2030-06-22 13:45:00,0.0
2030-06-22 14:00:00,0.0
2030-06-22 14:15:00,0.0
2030-06-22 14:30:00,0.0
2030-06-22 14:45:00,0.0
2030-06-22 15:00:00,0.0
2030-06-22 15:15:00,0.0
2030-06-22 15:30:00,0.0
2030-06-22 15:45:00,0.0
2030-06-22 16:00:00,0.0
2030-06-22 16:15:00,0.0
2030-06-22 16:30:00,0.0
2030-06-22 16:45:00,0.0
2030-06-22 17:00:00,0.0
2030-06-22 17:15:00,0.0
2030-06-22 17:30:00,0.0
2030-06-22 17:45:00,0.0
2030-06-22 18:00:00,4316.450547034074
2030-06-22 18:15:00,0.0
2030-06-22 18:30:00,0.0
2030-06-22 18:45:00,0.0
2030-06-22 19:00:00,0.0
2030-06-22 19:15:00,0.0
2030-06-22 19:30:00,0.0
2030-06-22 19:45:00,0.0
2030-06-22 20:00:00,0.0
2030-06-22 20:15:00,0.0
2030-06-22 20:30:00,0.0
2030-06-22 20:45:00,0.0
2030-06-22 21:00:00,0.0
2030-06-22 21:15:00,0.0
2030-06-22 21:30:00,0.0
2030-06-22 21:45:00,0.0
2030-06-22 22:00:00,0.0
2030-06-22 22:15:00,0.0
2030-06-22 22:30:00,0.0
2030-06-22 22:45:00,0.0
2030-06-22 23:00:00,0.0
2030-06-22 23:15:00,0.0
2030-06-22 23:30:00,0.0
2030-06-22 23:45:00,0.0
2030-06-23 00:00:00,0.0
2030-06-23 00:15:00,0.0
2030-06-23 00:30:00,0.0
2030-06-23 00:45:00,0.0
2030-06-23 01:00:00,0.0
2030-06-23 01:15:00,0.0
2030-06-23 01:30:00,0.0
2030-06-23 01:45:00,0.0
2030-06-23 02:00:00,0.0
2030-06-23 02:15:00,0.0
2030-06-23 02:30:00,0.0
2030-06-23 02:45:00,0.0
2030-06-23 03:00:00,0.0
2030-06-23 03:15:00,0.0
2030-06-23 03:30:00,0.0
2030-06-23 03:45:00,0.0
2030-06-23 04:00:00,0.0
2030-06-23 04:15:00,0.0
2030-06-23 04:30:00,0.0
2030-06-23 04:45:00,0.0
2030-06-23 05:00:00,0.0
2030-06-23 05:15:00,0.0
2030-06-23 05:30:00,0.0
2030-06-23 05:45:00,0.0
2030-06-23 06:00:00,0.0
2030-06-23 06:15:00,0.0
2030-06-23 06:30:00,0.0
2030-06-23 06:45:00,0.0
2030-06-23 07:00:00,0.0
2030-06-23 07:15:00,0.0
2030-06-23 07:30:00,0.0
2030-06-23 07:45:00,0.0
2030-06-23 08:00:00,0.0
2030-06-23 08:15:00,0.0
2030-06-23 08:30:00,0.0
2030-06-23 08:45:00,0.0
2030-06-23 09:00:00,0.0
2030-06-23 09:15:00,0.0
2030-06-23 09:30:00,0.0
2030-06-23 09:45:00,0.0
2030-06-23 10:00:00,0.0
2030-06-23 10:15:00,0.0
2030-06-23 10:30:00,0.0
2030-06-23 10:45:00,0.0
2030-06-23 11:00:00,0.0
2030-06-23 11:15:00,0.0
2030-06-23 11:30:00,0.0
2030-06-23 11:45:00,0.0
2030-06-23 12:00:00,0.0
2030-06-23 12:15:00,0.0
2030-06-23 12:30:00,0.0
2030-06-23 12:45:00,0.0
2030-06-23 13:00:00,0.0
2030-06-23 13:15:00,0.0
2030-06-23 13:30:00,0.0
2030-06-23 13:45:00,0.0
2030-06-23 14:00:00,0.0
2030-06-23 14:15:00,0.0
2030-06-23 14:30:00,0.0
2030-06-23 14:45:00,0.0
2030-06-23 15:00:00,0.0
2030-06-23 15:15:00,0.0
2030-06-23 15:30:00,0.0
2030-06-23 15:45:00,0.0
2030-06-23 16:00:00,0.0
2030-06-23 16:15:00,0.0
2030-06-23 16:30:00,0.0
2030-06-23 16:45:00,0.0
2030-06-23 17:00:00,0.0
2030-06-23 17:15:00,0.0
2030-06-23 17:30:00,0.0
2030-06-23 17:45:00,0.0
2030-06-23 18:00:00,0.0
2030-06-23 18:15:00,0.0
2030-06-23 18:30:00,0.0
2030-06-23 18:45:00,0.0
2030-06-23 19:00:00,0.0
2030-06-23 19:15:00,0.0
2030-06-23 19:30:00,0.0
2030-06-23 19:45:00,0.0
2030-06-23 20:00:00,5618.640482411876
2030-06-23 20:15:00,1511.225255459116
2030-06-23 20:30:00,1483.1103407241972
2030-06-23 20:45:00,1450.7276336828181
2030-06-23 21:00:00,1456.8011907862347
2030-06-23 21:15:00,1215.293072813418
2030-06-23 21:30:00,992.861370482653
2030-06-23 21:45:00,926.5609271108551
2030-06-23 22:00:00,786.6706934239919
2030-06-23 22:15:00,602.0250364267304
2030-06-23 22:30:00,432.6588763719519
2030-06-23 22:45:00,129.88659908878617
2030-06-23 23:00:00,0.0
2030-06-23 23:15:00,0.0
2030-06-23 23:30:00,0.0
2030-06-23 23:45:00,0.0
2030-06-24 00:00:00,0.0
2030-06-24 00:15:00,0.0
2030-06-24 00:30:00,0.0
2030-06-24 00:45:00,0.0
2030-06-24 01:00:00,0.0
2030-06-24 01:15:00,0.0
2030-06-24 01:30:00,0.0
2030-06-24 01:45:00,0.0
2030-06-24 02:00:00,0.0
2030-06-24 02:15:00,0.0
2030-06-24 02:30:00,0.0
2030-06-24 02:45:00,0.0
2030-06-24 03:00:00,0.0
2030-06-24 03:15:00,0.0
2030-06-24 03:30:00,0.0
2030-06-24 03:45:00,0.0
2030-06-24 04:00:00,0.0
2030-06-24 04:15:00,0.0
2030-06-24 04:30:00,0.0
2030-06-24 04:45:00,0.0
2030-06-24 05:00:00,0.0
2030-06-24 05:15:00,0.0
2030-06-24 05:30:00,0.0
2030-06-24 05:45:00,0.0
2030-06-24 06:00:00,0.0
2030-06-24 06:15:00,0.0
2030-06-24 06:30:00,0.0
2030-06-24 06:45:00,0.0
2030-06-24 07:00:00,0.0
2030-06-24 07:15:00,0.0
2030-06-24 07:30:00,0.0
2030-06-24 07:45:00,0.0
2030-06-24 08:00:00,0.0
2030-06-24 08:15:00,0.0
2030-06-24 08:30:00,0.0
2030-06-24 08:45:00,0.0
2030-06-24 09:00:00,0.0
2030-06-24 09:15:00,0.0
2030-06-24 09:30:00,0.0
2030-06-24 09:45:00,0.0
2030-06-24 10:00:00,0.0
2030-06-24 10:15:00,0.0
2030-06-24 10:30:00,0.0
2030-06-24 10:45:00,0.0
2030-06-24 11:00:00,0.0
2030-06-24 11:15:00,0.0
2030-06-24 11:30:00,0.0
2030-06-24 11:45:00,0.0
2030-06-24 12:00:00,0.0
2030-06-24 12:15:00,0.0
2030-06-24 12:30:00,0.0
2030-06-24 12:45:00,0.0
2030-06-24 13:00:00,0.0
2030-06-24 13:15:00,0.0
2030-06-24 13:30:00,0.0
2030-06-24 13:45:00,0.0
2030-06-24 14:00:00,0.0
2030-06-24 14:15:00,0.0
2030-06-24 14:30:00,0.0
2030-06-24 14:45:00,0.0
2030-06-24 15:00:00,0.0
2030-06-24 15:15:00,0.0
2030-06-24 15:30:00,0.0
2030-06-24 15:45:00,0.0
2030-06-24 16:00:00,0.0
2030-06-24 16:15:00,0.0
2030-06-24 16:30:00,0.0
2030-06-24 16:45:00,4895.500951051745
2030-06-24 17:00:00,0.0
2030-06-24 17:15:00,0.0
2030-06-24 17:30:00,0.0
2030-06-24 17:45:00,0.0
2030-06-24 18:00:00,0.0
2030-06-24 18:15:00,0.0
2030-06-24 18:30:00,0.0
2030-06-24 18:45:00,0.0
2030-06-24 19:00:00,0.0
2030-06-24 19:15:00,0.0
2030-06-24 19:30:00,0.0
2030-06-24 19:45:00,0.0
2030-06-24 20:00:00,0.0
2030-06-24 20:15:00,0.0
2030-06-24 20:30:00,0.0
2030-06-24 20:45:00,0.0
2030-06-24 21:00:00,0.0
2030-06-24 21:15:00,0.0
2030-06-24 21:30:00,0.0
2030-06-24 21:45:00,0.0
2030-06-24 22:00:00,0.0
2030-06-24 22:15:00,0.0
2030-06-24 22:30:00,0.0
2030-06-24 22:45:00,0.0
2030-06-24 23:00:00,0.0
2030-06-24 23:15:00,0.0
2030-06-24 23:30:00,0.0
2030-06-24 23:45:00,0.0
2030-06-25 00:00:00,0.0
2030-06-25 00:15:00,0.0
2030-06-25 00:30:00,0.0
2030-06-25 00:45:00,0.0
2030-06-25 01:00:00,0.0
2030-06-25 01:15:00,0.0
2030-06-25 01:30:00,0.0
2030-06-25 01:45:00,0.0
2030-06-25 02:00:00,0.0
2030-06-25 02:15:00,0.0
2030-06-25 02:30:00,0.0
2030-06-25 02:45:00,0.0
2030-06-25 03:00:00,0.0
2030-06-25 03:15:00,0.0
2030-06-25 03:30:00,0.0
2030-06-25 03:45:00,0.0
2030-06-25 04:00:00,0.0
2030-06-25 04:15:00,0.0
2030-06-25 04:30:00,0.0
2030-06-25 04:45:00,0.0
2030-06-25 05:00:00,0.0
2030-06-25 05:15:00,0.0
2030-06-25 05:30:00,0.0
2030-06-25 05:45:00,0.0
2030-06-25 06:00:00,0.0
2030-06-25 06:15:00,0.0
2030-06-25 06:30:00,0.0
2030-06-25 06:45:00,0.0
2030-06-25 07:00:00,0.0
2030-06-25 07:15:00,0.0
2030-06-25 07:30:00,0.0
2030-06-25 07:45:00,0.0
2030-06-25 08:00:00,0.0
2030-06-25 08:15:00,0.0
2030-06-25 08:30:00,0.0
2030-06-25 08:45:00,0.0
2030-06-25 09:00:00,0.0
2030-06-25 09:15:00,0.0
2030-06-25 09:30:00,0.0
2030-06-25 09:45:00,0.0
2030-06-25 10:00:00,0.0
2030-06-25 10:15:00,0.0
2030-06-25 10:30:00,0.0
2030-06-25 10:45:00,0.0
2030-06-25 11:00:00,0.0
2030-06-25 11:15:00,0.0
2030-06-25 11:30:00,0.0
2030-06-25 11:45:00,0.0
2030-06-25 12:00:00,0.0
2030-06-25 12:15:00,0.0
2030-06-25 12:30:00,0.0
2030-06-25 12:45:00,0.0
2030-06-25 13:00:00,0.0
2030-06-25 13:15:00,0.0
2030-06-25 13:30:00,0.0
2030-06-25 13:45:00,0.0
2030-06-25 14:00:00,0.0
2030-06-25 14:15:00,0.0
2030-06-25 14:30:00,0.0
2030-06-25 14:45:00,0.0
2030-06-25 15:00:00,0.0
2030-06-25 15:15:00,0.0
2030-06-25 15:30:00,0.0
2030-06-25 15:45:00,0.0
2030-06-25 16:00:00,0.0
2030-06-25 16:15:00,0.0
2030-06-25 16:30:00,0.0
2030-06-25 16:45:00,0.0
2030-06-25 17:00:00,0.0
2030-06-25 17:15:00,0.0
2030-06-25 17:30:00,0.0
2030-06-25 17:45:00,0.0
2030-06-25 18:00:00,0.0
2030-06-25 18:15:00,0.0
2030-06-25 18:30:00,0.0
2030-06-25 18:45:00,0.0
2030-06-25 19:00:00,0.0
2030-06-25 19:15:00,0.0
2030-06-25 19:30:00,0.0
2030-06-25 19:45:00,0.0
2030-06-25 20:00:00,0.0
2030-06-25 20:15:00,0.0
2030-06-25 20:30:00,0.0
2030-06-25 20:45:00,0.0
2030-06-25 21:00:00,0.0
2030-06-25 21:15:00,0.0
2030-06-25 21:30:00,0.0
2030-06-25 21:45:00,0.0
2030-06-25 22:00:00,0.0
2030-06-25 22:15:00,0.0
2030-06-25 22:30:00,0.0
2030-06-25 22:45:00,0.0
2030-06-25 23:00:00,0.0
2030-06-25 23:15:00,0.0
2030-06-25 23:30:00,0.0
2030-06-25 23:45:00,0.0
2030-06-26 00:00:00,0.0
2030-06-26 00:15:00,0.0
2030-06-26 00:30:00,0.0
2030-06-26 00:45:00,0.0
2030-06-26 01:00:00,0.0
2030-06-26 01:15:00,0.0
2030-06-26 01:30:00,2458.4370181908725
2030-06-26 01:45:00,0.0
2030-06-26 02:00:00,0.0
2030-06-26 02:15:00,0.0
2030-06-26 02:30:00,0.0
2030-06-26 02:45:00,0.0
2030-06-26 03:00:00,0.0
2030-06-26 03:15:00,0.0
2030-06-26 03:30:00,0.0
2030-06-26 03:45:00,0.0
2030-06-26 04:00:00,0.0
2030-06-26 04:15:00,0.0
2030-06-26 04:30:00,0.0
2030-06-26 04:45:00,0.0
2030-06-26 05:00:00,0.0
2030-06-26 05:15:00,0.0
2030-06-26 05:30:00,0.0
2030-06-26 05:45:00,0.0
2030-06-26 06:00:00,0.0
2030-06-26 06:15:00,0.0
2030-06-26 06:30:00,0.0
2030-06-26 06:45:00,0.0
2030-06-26 07:00:00,0.0
2030-06-26 07:15:00,0.0
2030-06-26 07:30:00,0.0
2030-06-26 07:45:00,0.0
2030-06-26 08:00:00,0.0
2030-06-26 08:15:00,0.0
2030-06-26 08:30:00,0.0
2030-06-26 08:45:00,0.0
2030-06-26 09:00:00,0.0
2030-06-26 09:15:00,0.0
2030-06-26 09:30:00,0.0
2030-06-26 09:45:00,0.0
2030-06-26 10:00:00,0.0
2030-06-26 10:15:00,0.0
2030-06-26 10:30:00,0.0
2030-06-26 10:45:00,0.0
2030-06-26 11:00:00,0.0
2030-06-26 11:15:00,0.0
2030-06-26 11:30:00,0.0
2030-06-26 11:45:00,0.0
2030-06-26 12:00:00,0.0
2030-06-26 12:15:00,0.0
2030-06-26 12:30:00,0.0
2030-06-26 12:45:00,0.0
2030-06-26 13:00:00,0.0
2030-06-26 13:15:00,0.0
2030-06-26 13:30:00,0.0
2030-06-26 13:45:00,0.0
2030-06-26 14:00:00,0.0
2030-06-26 14:15:00,0.0
2030-06-26 14:30:00,0.0
2030-06-26 14:45:00,0.0
2030-06-26 15:00:00,0.0
2030-06-26 15:15:00,0.0
2030-06-26 15:30:00,0.0
2030-06-26 15:45:00,0.0
2030-06-26 16:00:00,0.0
2030-06-26 16:15:00,0.0
2030-06-26 16:30:00,0.0
2030-06-26 16:45:00,0.0
2030-06-26 17:00:00,0.0
2030-06-26 17:15:00,0.0
2030-06-26 17:30:00,0.0
2030-06-26 17:45:00,0.0
2030-06-26 18:00:00,0.0
2030-06-26 18:15:00,0.0
2030-06-26 18:30:00,0.0
2030-06-26 18:45:00,0.0
2030-06-26 19:00:00,0.0
2030-06-26 19:15:00,0.0
2030-06-26 19:30:00,0.0
2030-06-26 19:45:00,0.0
2030-06-26 20:00:00,0.0
2030-06-26 20:15:00,0.0
2030-06-26 20:30:00,0.0
2030-06-26 20:45:00,0.0
2030-06-26 21:00:00,0.0
2030-06-26 21:15:00,0.0
2030-06-26 21:30:00,0.0
2030-06-26 21:45:00,0.0
2030-06-26 22:00:00,0.0
2030-06-26 22:15:00,0.0
2030-06-26 22:30:00,0.0
2030-06-26 22:45:00,0.0
2030-06-26 23:00:00,0.0
2030-06-26 23:15:00,0.0
2030-06-26 23:30:00,0.0
2030-06-26 23:45:00,0.0
2030-06-27 00:00:00,0.0
2030-06-27 00:15:00,0.0
2030-06-27 00:30:00,0.0
2030-06-27 00:45:00,0.0
2030-06-27 01:00:00,0.0
2030-06-27 01:15:00,0.0
2030-06-27 01:30:00,0.0
2030-06-27 01:45:00,0.0
2030-06-27 02:00:00,0.0
2030-06-27 02:15:00,0.0
2030-06-27 02:30:00,0.0
2030-06-27 02:45:00,0.0
2030-06-27 03:00:00,0.0
2030-06-27 03:15:00,0.0
2030-06-27 03:30:00,0.0
2030-06-27 03:45:00,0.0
2030-06-27 04:00:00,0.0
2030-06-27 04:15:00,0.0
2030-06-27 04:30:00,0.0
2030-06-27 04:45:00,0.0
2030-06-27 05:00:00,0.0
2030-06-27 05:15:00,0.0
2030-06-27 05:30:00,0.0
2030-06-27 05:45:00,0.0
2030-06-27 06:00:00,0.0
2030-06-27 06:15:00,0.0
2030-06-27 06:30:00,0.0
2030-06-27 06:45:00,0.0
2030-06-27 07:00:00,0.0
2030-06-27 07:15:00,0.0
2030-06-27 07:30:00,0.0
2030-06-27 07:45:00,0.0
2030-06-27 08:00:00,0.0
2030-06-27 08:15:00,0.0
2030-06-27 08:30:00,0.0
2030-06-27 08:45:00,0.0
2030-06-27 09:00:00,0.0
2030-06-27 09:15:00,0.0
2030-06-27 09:30:00,0.0
2030-06-27 09:45:00,0.0
2030-06-27 10:00:00,0.0
2030-06-27 10:15:00,0.0
2030-06-27 10:30:00,0.0
2030-06-27 10:45:00,0.0
2030-06-27 11:00:00,0.0
2030-06-27 11:15:00,0.0
2030-06-27 11:30:00,0.0
2030-06-27 11:45:00,0.0
2030-06-27 12:00:00,0.0
2030-06-27 12:15:00,0.0
2030-06-27 12:30:00,0.0
2030-06-27 12:45:00,0.0
2030-06-27 13:00:00,0.0
2030-06-27 13:15:00,0.0
2030-06-27 13:30:00,0.0
2030-06-27 13:45:00,0.0
2030-06-27 14:00:00,0.0
2030-06-27 14:15:00,0.0
2030-06-27 14:30:00,0.0
2030-06-27 14:45:00,0.0
2030-06-27 15:00:00,-5678.980683234986
2030-06-27 15:15:00,-9440.834137267004
2030-06-27 15:30:00,-8861.987421479458
2030-06-27 15:45:00,-7755.29195227048
2030-06-27 16:00:00,-6348.602509906144
2030-06-27 16:15:00,-5385.760172548304
2030-06-27 16:30:00,-4236.157747909012
2030-06-27 16:45:00,-2935.595004368275
2030-06-27 17:00:00,-1136.8897330881518
2030-06-27 17:15:00,0.0
2030-06-27 17:30:00,0.0
2030-06-27 17:45:00,0.0
2030-06-27 18:00:00,0.0
2030-06-27 18:15:00,0.0
2030-06-27 18:30:00,0.0
2030-06-27 18:45:00,0.0
2030-06-27 19:00:00,0.0
2030-06-27 19:15:00,0.0
2030-06-27 19:30:00,0.0
2030-06-27 19:45:00,0.0
2030-06-27 20:00:00,0.0
2030-06-27 20:15:00,0.0
2030-06-27 20:30:00,0.0
2030-06-27 20:45:00,0.0
2030-06-27 21:00:00,0.0
2030-06-27 21:15:00,0.0
2030-06-27 21:30:00,0.0
2030-06-27 21:45:00,0.0
2030-06-27 22:00:00,0.0
2030-06-27 22:15:00,0.0
2030-06-27 22:30:00,0.0
2030-06-27 22:45:00,0.0
2030-06-27 23:00:00,0.0
2030-06-27 23:15:00,0.0
2030-06-27 23:30:00,0.0
2030-06-27 23:45:00,0.0
2030-06-28 00:00:00,0.0
2030-06-28 00:15:00,0.0
2030-06-28 00:30:00,0.0
2030-06-28 00:45:00,0.0
2030-06-28 01:00:00,0.0
2030-06-28 01:15:00,0.0
2030-06-28 01:30:00,0.0
2030-06-28 01:45:00,0.0
2030-06-28 02:00:00,0.0
2030-06-28 02:15:00,0.0
2030-06-28 02:30:00,0.0
2030-06-28 02:45:00,0.0
2030-06-28 03:00:00,0.0
2030-06-28 03:15:00,0.0
2030-06-28 03:30:00,0.0
2030-06-28 03:45:00,0.0
2030-06-28 04:00:00,0.0
2030-06-28 04:15:00,0.0
2030-06-28 04:30:00,0.0
2030-06-28 04:45:00,0.0
2030-06-28 05:00:00,0.0
2030-06-28 05:15:00,0.0
2030-06-28 05:30:00,0.0
2030-06-28 05:45:00,0.0
2030-06-28 06:00:00,0.0
2030-06-28 06:15:00,0.0
2030-06-28 06:30:00,0.0
2030-06-28 06:45:00,0.0
2030-06-28 07:00:00,0.0
2030-06-28 07:15:00,0.0
2030-06-28 07:30:00,0.0
2030-06-28 07:45:00,0.0
2030-06-28 08:00:00,0.0
2030-06-28 08:15:00,0.0
2030-06-28 08:30:00,0.0
2030-06-28 08:45:00,0.0
2030-06-28 09:00:00,0.0
2030-06-28 09:15:00,0.0
2030-06-28 09:30:00,0.0
2030-06-28 09:45:00,0.0
2030-06-28 10:00:00,0.0
2030-06-28 10:15:00,0.0
2030-06-28 10:30:00,0.0
2030-06-28 10:45:00,0.0
2030-06-28 11:00:00,0.0
2030-06-28 11:15:00,0.0
2030-06-28 11:30:00,0.0
2030-06-28 11:45:00,0.0
2030-06-28 12:00:00,0.0
2030-06-28 12:15:00,0.0
2030-06-28 12:30:00,0.0
2030-06-28 12:45:00,0.0
2030-06-28 13:00:00,0.0
2030-06-28 13:15:00,0.0
2030-06-28 13:30:00,0.0
2030-06-28 13:45:00,0.0
2030-06-28 14:00:00,0.0
2030-06-28 14:15:00,0.0
2030-06-28 14:30:00,0.0
2030-06-28 14:45:00,0.0
2030-06-28 15:00:00,0.0
2030-06-28 15:15:00,0.0
2030-06-28 15:30:00,0.0
2030-06-28 15:45:00,0.0
2030-06-28 16:00:00,0.0
2030-06-28 16:15:00,0.0
2030-06-28 16:30:00,0.0
2030-06-28 16:45:00,0.0
2030-06-28 17:00:00,0.0
2030-06-28 17:15:00,0.0
2030-06-28 17:30:00,0.0
2030-06-28 17:45:00,0.0
2030-06-28 18:00:00,0.0
2030-06-28 18:15:00,0.0
2030-06-28 18:30:00,0.0
2030-06-28 18:45:00,0.0
2030-06-28 19:00:00,0.0
2030-06-28 19:15:00,0.0
2030-06-28 19:30:00,0.0
2030-06-28 19:45:00,0.0
2030-06-28 20:00:00,0.0
2030-06-28 20:15:00,0.0
2030-06-28 20:30:00,0.0
2030-06-28 20:45:00,0.0
2030-06-28 21:00:00,0.0
2030-06-28 21:15:00,12045.28511564477
2030-06-28 21:30:00,448.7553948759887
2030-06-28 21:45:00,284.4667798325245
2030-06-28 22:00:00,154.12539091435247
2030-06-28 22:15:00,35.39014112706536
2030-06-28 22:30:00,0.0
2030-06-28 22:45:00,0.0
2030-06-28 23:00:00,0.0
2030-06-28 23:15:00,0.0
2030-06-28 23:30:00,0.0
2030-06-28 23:45:00,0.0
2030-06-29 00:00:00,0.0
2030-06-29 00:15:00,0.0
2030-06-29 00:30:00,0.0
2030-06-29 00:45:00,0.0
2030-06-29 01:00:00,0.0
2030-06-29 01:15:00,0.0
2030-06-29 01:30:00,0.0
2030-06-29 01:45:00,0.0
2030-06-29 02:00:00,0.0
2030-06-29 02:15:00,0.0
2030-06-29 02:30:00,0.0
2030-06-29 02:45:00,0.0
2030-06-29 03:00:00,0.0
2030-06-29 03:15:00,0.0
2030-06-29 03:30:00,0.0
2030-06-29 03:45:00,0.0
2030-06-29 04:00:00,0.0
2030-06-29 04:15:00,0.0
2030-06-29 04:30:00,0.0
2030-06-29 04:45:00,0.0
2030-06-29 05:00:00,0.0
2030-06-29 05:15:00,0.0
2030-06-29 05:30:00,0.0
2030-06-29 05:45:00,0.0
2030-06-29 06:00:00,0.0
2030-06-29 06:15:00,0.0
2030-06-29 06:30:00,0.0
2030-06-29 06:45:00,0.0
2030-06-29 07:00:00,0.0
2030-06-29 07:15:00,0.0
2030-06-29 07:30:00,0.0
2030-06-29 07:45:00,0.0
2030-06-29 08:00:00,0.0
2030-06-29 08:15:00,0.0
2030-06-29 08:30:00,0.0
2030-06-29 08:45:00,0.0
2030-06-29 09:00:00,0.0
2030-06-29 09:15:00,0.0
2030-06-29 09:30:00,0.0
2030-06-29 09:45:00,0.0
2030-06-29 10:00:00,0.0
2030-06-29 10:15:00,0.0
2030-06-29 10:30:00,0.0
2030-06-29 10:45:00,0.0
2030-06-29 11:00:00,0.0
2030-06-29 11:15:00,0.0
2030-06-29 11:30:00,0.0
2030-06-29 11:45:00,0.0
2030-06-29 12:00:00,0.0
2030-06-29 12:15:00,0.0
2030-06-29 12:30:00,0.0
2030-06-29 12:45:00,0.0
2030-06-29 13:00:00,0.0
2030-06-29 13:15:00,0.0
2030-06-29 13:30:00,0.0
2030-06-29 13:45:00,0.0
2030-06-29 14:00:00,0.0
2030-06-29 14:15:00,0.0
2030-06-29 14:30:00,0.0
2030-06-29 14:45:00,0.0
2030-06-29 15:00:00,0.0
2030-06-29 15:15:00,0.0
2030-06-29 15:30:00,0.0
2030-06-29 15:45:00,0.0
2030-06-29 16:00:00,0.0
2030-06-29 16:15:00,0.0
2030-06-29 16:30:00,0.0
2030-06-29 16:45:00,0.0
2030-06-29 17:00:00,0.0
2030-06-29 17:15:00,0.0
2030-06-29 17:30:00,0.0
2030-06-29 17:45:00,0.0
2030-06-29 18:00:00,0.0
2030-06-29 18:15:00,0.0
2030-06-29 18:30:00,0.0
2030-06-29 18:45:00,0.0
2030-06-29 19:00:00,0.0
2030-06-29 19:15:00,0.0
2030-06-29 19:30:00,0.0
2030-06-29 19:45:00,0.0
2030-06-29 20:00:00,0.0
2030-06-29 20:15:00,0.0
2030-06-29 20:30:00,0.0
2030-06-29 20:45:00,0.0
2030-06-29 21:00:00,0.0
2030-06-29 21:15:00,0.0
2030-06-29 21:30:00,0.0
2030-06-29 21:45:00,0.0
2030-06-29 22:00:00,0.0
2030-06-29 22:15:00,0.0
2030-06-29 22:30:00,0.0
2030-06-29 22:45:00,0.0
2030-06-29 23:00:00,0.0
2030-06-29 23:15:00,0.0
2030-06-29 23:30:00,0.0
2030-06-29 23:45:00,0.0
2030-06-30 00:00:00,0.0
2030-06-30 00:15:00,0.0
2030-06-30 00:30:00,0.0
2030-06-30 00:45:00,0.0
2030-06-30 01:00:00,0.0
2030-06-30 01:15:00,0.0
2030-06-30 01:30:00,0.0
2030-06-30 01:45:00,0.0
2030-06-30 02:00:00,0.0
2030-06-30 02:15:00,0.0
2030-06-30 02:30:00,0.0
2030-06-30 02:45:00,0.0
2030-06-30 03:00:00,823.3023307353014
2030-06-30 03:15:00,0.0
2030-06-30 03:30:00,0.0
2030-06-30 03:45:00,0.0
2030-06-30 04:00:00,0.0
2030-06-30 04:15:00,0.0
2030-06-30 04:30:00,0.0
2030-06-30 04:45:00,0.0
2030-06-30 05:00:00,0.0
2030-06-30 05:15:00,0.0
2030-06-30 05:30:00,0.0
2030-06-30 05:45:00,0.0
2030-06-30 06:00:00,0.0
2030-06-30 06:15:00,0.0
2030-06-30 06:30:00,0.0
2030-06-30 06:45:00,0.0
2030-06-30 07:00:00,0.0
2030-06-30 07:15:00,0.0
2030-06-30 07:30:00,0.0
2030-06-30 07:45:00,0.0
2030-06-30 08:00:00,0.0
2030-06-30 08:15:00,0.0
2030-06-30 08:30:00,0.0
2030-06-30 08:45:00,0.0
2030-06-30 09:00:00,0.0
2030-06-30 09:15:00,0.0
2030-06-30 09:30:00,0.0
2030-06-30 09:45:00,0.0
2030-06-30 10:00:00,0.0
2030-06-30 10:15:00,0.0
2030-06-30 10:30:00,0.0
2030-06-30 10:45:00,0.0
2030-06-30 11:00:00,0.0
2030-06-30 11:15:00,0.0
2030-06-30 11:30:00,0.0
2030-06-30 11:45:00,0.0
2030-06-30 12:00:00,0.0
2030-06-30 12:15:00,0.0
2030-06-30 12:30:00,0.0
2030-06-30 12:45:00,0.0
2030-06-30 13:00:00,0.0
2030-06-30 13:15:00,0.0
2030-06-30 13:30:00,0.0
2030-06-30 13:45:00,0.0
2030-06-30 14:00:00,0.0
2030-06-30 14:15:00,0.0
2030-06-30 14:30:00,0.0
2030-06-30 14:45:00,0.0
2030-06-30 15:00:00,0.0
2030-06-30 15:15:00,0.0
2030-06-30 15:30:00,-1066.3659287414412
2030-06-30 15:45:00,-7908.39200492284
2030-06-30 16:00:00,-6619.464755447156
2030-06-30 16:15:00,-5223.674485649812
2030-06-30 16:30:00,-3705.105831788853
2030-06-30 16:45:00,-2072.462137198152
2030-06-30 17:00:00,-441.5616027685319
2030-06-30 17:15:00,0.0
2030-06-30 17:30:00,0.0
2030-06-30 17:45:00,0.0
2030-06-30 18:00:00,0.0
2030-06-30 18:15:00,0.0
2030-06-30 18:30:00,0.0
2030-06-30 18:45:00,0.0
2030-06-30 19:00:00,0.0
2030-06-30 19:15:00,0.0
2030-06-30 19:30:00,0.0
2030-06-30 19:45:00,0.0
2030-06-30 20:00:00,0.0
2030-06-30 20:15:00,0.0
2030-06-30 20:30:00,0.0
2030-06-30 20:45:00,0.0
2030-06-30 21:00:00,0.0
2030-06-30 21:15:00,0.0
2030-06-30 21:30:00,0.0
2030-06-30 21:45:00,0.0
2030-06-30 22:00:00,0.0
2030-06-30 22:15:00,0.0
2030-06-30 22:30:00,0.0
2030-06-30 22:45:00,0.0
2030-06-30 23:00:00,0.0
2030-06-30 23:15:00,0.0
2030-06-30 23:30:00,0.0
2030-06-30 23:45:00,0.0
2030-07-01 00:00:00,0.0
2030-07-01 00:15:00,0.0
2030-07-01 00:30:00,0.0
2030-07-01 00:45:00,0.0
2030-07-01 01:00:00,0.0
2030-07-01 01:15:00,0.0
2030-07-01 01:30:00,0.0
2030-07-01 01:45:00,0.0
2030-07-01 02:00:00,0.0
2030-07-01 02:15:00,0.0
2030-07-01 02:30:00,0.0
2030-07-01 02:45:00,0.0
2030-07-01 03:00:00,0.0
2030-07-01 03:15:00,0.0
2030-07-01 03:30:00,0.0
2030-07-01 03:45:00,0.0
2030-07-01 04:00:00,0.0
2030-07-01 04:15:00,0.0
2030-07-01 04:30:00,0.0
2030-07-01 04:45:00,0.0
2030-07-01 05:00:00,0.0
2030-07-01 05:15:00,0.0
2030-07-01 05:30:00,0.0
2030-07-01 05:45:00,0.0
2030-07-01 06:00:00,0.0
2030-07-01 06:15:00,0.0
2030-07-01 06:30:00,0.0
2030-07-01 06:45:00,0.0
2030-07-01 07:00:00,0.0
2030-07-01 07:15:00,0.0
2030-07-01 07:30:00,0.0
2030-07-01 07:45:00,0.0
2030-07-01 08:00:00,0.0
2030-07-01 08:15:00,0.0
2030-07-01 08:30:00,0.0
2030-07-01 08:45:00,0.0
2030-07-01 09:00:00,0.0
2030-07-01 09:15:00,0.0
2030-07-01 09:30:00,0.0
2030-07-01 09:45:00,0.0
2030-07-01 10:00:00,0.0
2030-07-01 10:15:00,0.0
2030-07-01 10:30:00,0.0
2030-07-01 10:45:00,-1181.66309820057
2030-07-01 11:00:00,-24697.44962014209
2030-07-01 11:15:00,-24801.013858224476
2030-07-01 11:30:00,-25122.29758945718
2030-07-01 11:45:00,-25540.182542062277
2030-07-01 12:00:00,-25733.78944712146
2030-07-01 12:15:00,-26062.363694134394
2030-07-01 12:30:00,-26225.689573181906
2030-07-01 12:45:00,-26348.779900235146
2030-07-01 13:00:00,-25928.61113758527
2030-07-01 13:15:00,-25583.775556821263
2030-07-01 13:30:00,-25044.509427831592
2030-07-01 13:45:00,-24626.39952171317
2030-07-01 14:00:00,-24244.20773285388
2030-07-01 14:15:00,-23944.883364893405
2030-07-01 14:30:00,-23521.843576068437
2030-07-01 14:45:00,-22892.277627817468
2030-07-01 15:00:00,-21582.405168434656
2030-07-01 15:15:00,-21157.62529674442
2030-07-01 15:30:00,-20369.720130385514
2030-07-01 15:45:00,-18744.180587772706
2030-07-01 16:00:00,-17144.299849777846
2030-07-01 16:15:00,-15425.840951535258
2030-07-01 16:30:00,-13784.600384592704
2030-07-01 16:45:00,-12348.069331887287
2030-07-01 17:00:00,-10595.821645787284
2030-07-01 17:15:00,-8947.284386772219
2030-07-01 17:30:00,-7031.4796094056655
2030-07-01 17:45:00,-5292.698919290982
2030-07-01 18:00:00,-3434.3799454289256
2030-07-01 18:15:00,-1847.5816458564695
2030-07-01 18:30:00,-907.1943530397293
2030-07-01 18:45:00,0.0
2030-07-01 19:00:00,0.0
2030-07-01 19:15:00,0.0
2030-07-01 19:30:00,0.0
2030-07-01 19:45:00,0.0
2030-07-01 20:00:00,0.0
2030-07-01 20:15:00,0.0
2030-07-01 20:30:00,0.0
2030-07-01 20:45:00,0.0
2030-07-01 21:00:00,0.0
2030-07-01 21:15:00,0.0
2030-07-01 21:30:00,0.0
2030-07-01 21:45:00,0.0
2030-07-01 22:00:00,0.0
2030-07-01 22:15:00,0.0
2030-07-01 22:30:00,0.0
2030-07-01 22:45:00,0.0
2030-07-01 23:00:00,0.0
2030-07-01 23:15:00,0.0
2030-07-01 23:30:00,0.0
2030-07-01 23:45:00,0.0
2030-07-02 00:00:00,0.0
2030-07-02 00:15:00,0.0
2030-07-02 00:30:00,0.0
2030-07-02 00:45:00,0.0
2030-07-02 01:00:00,0.0
2030-07-02 01:15:00,0.0
2030-07-02 01:30:00,0.0
2030-07-02 01:45:00,0.0
2030-07-02 02:00:00,0.0
2030-07-02 02:15:00,0.0
2030-07-02 02:30:00,0.0
2030-07-02 02:45:00,0.0
2030-07-02 03:00:00,0.0
2030-07-02 03:15:00,0.0
2030-07-02 03:30:00,0.0
2030-07-02 03:45:00,0.0
2030-07-02 04:00:00,0.0
2030-07-02 04:15:00,0.0
2030-07-02 04:30:00,0.0
2030-07-02 04:45:00,0.0
2030-07-02 05:00:00,0.0
2030-07-02 05:15:00,0.0
2030-07-02 05:30:00,0.0
2030-07-02 05:45:00,0.0
2030-07-02 06:00:00,0.0
2030-07-02 06:15:00,-5956.767351797978
2030-07-02 06:30:00,-7477.888079274751
2030-07-02 06:45:00,-8729.632159651126
2030-07-02 07:00:00,-9752.836678927026
2030-07-02 07:15:00,-11385.106872110518
2030-07-02 07:30:00,-12412.653423731474
2030-07-02 07:45:00,-13922.677128866198
2030-07-02 08:00:00,-15695.21261429046
2030-07-02 08:15:00,-17220.927964739734
2030-07-02 08:30:00,-18236.644461964257
2030-07-02 08:45:00,-19231.453801001877
2030-07-02 09:00:00,-20543.850615161224
2030-07-02 09:15:00,-21639.083812467434
2030-07-02 09:30:00,-22099.638997858026
2030-07-02 09:45:00,-22545.157207339354
2030-07-02 10:00:00,-24149.628646829548
2030-07-02 10:15:00,-25093.178898822
2030-07-02 10:30:00,-25778.273626885246
2030-07-02 10:45:00,-25724.000589905838
2030-07-02 11:00:00,-25660.94357370142
2030-07-02 11:15:00,-25719.337387937165
2030-07-02 11:30:00,-25655.582792929104
2030-07-02 11:45:00,-25365.629014636386
2030-07-02 12:00:00,-24780.440539060917
2030-07-02 12:15:00,-24186.853822533907
2030-07-02 12:30:00,-23967.73016940054
2030-07-02 12:45:00,-23607.001742636858
2030-07-02 13:00:00,-23029.56911917872
2030-07-02 13:15:00,-23100.440950846525
2030-07-02 13:30:00,-23047.89552364584
2030-07-02 13:45:00,-22498.199011063116
2030-07-02 14:00:00,-22386.534375006893
2030-07-02 14:15:00,-22500.1774848743
2030-07-02 14:30:00,-22012.057713148344
2030-07-02 14:45:00,-21413.93132879783
2030-07-02 15:00:00,-20845.83872896442
2030-07-02 15:15:00,-20184.09726475934
2030-07-02 15:30:00,-19012.528037257816
2030-07-02 15:45:00,-18105.903610755
2030-07-02 16:00:00,-16995.741995985365
2030-07-02 16:15:00,-16195.39324741955
2030-07-02 16:30:00,-14952.746123111696
2030-07-02 16:45:00,-13457.212678699965
2030-07-02 17:00:00,-11744.19183129554
2030-07-02 17:15:00,-10728.226222093508
2030-07-02 17:30:00,-9075.569000551212
2030-07-02 17:45:00,-7213.091378411604
2030-07-02 18:00:00,-5644.985020372023
2030-07-02 18:15:00,-3738.4769290235126
2030-07-02 18:30:00,-1877.4360533401887
2030-07-02 18:45:00,-256.2883969336435
2030-07-02 19:00:00,0.0
2030-07-02 19:15:00,0.0
2030-07-02 19:30:00,0.0
2030-07-02 19:45:00,0.0
2030-07-02 20:00:00,0.0
2030-07-02 20:15:00,0.0
2030-07-02 20:30:00,0.0
2030-07-02 20:45:00,0.0
2030-07-02 21:00:00,0.0
2030-07-02 21:15:00,0.0
2030-07-02 21:30:00,0.0
2030-07-02 21:45:00,0.0
2030-07-02 22:00:00,0.0
2030-07-02 22:15:00,0.0
2030-07-02 22:30:00,0.0
2030-07-02 22:45:00,0.0
2030-07-02 23:00:00,0.0
2030-07-02 23:15:00,0.0
2030-07-02 23:30:00,0.0
2030-07-02 23:45:00,0.0
2030-07-03 00:00:00,0.0
2030-07-03 00:15:00,0.0
2030-07-03 00:30:00,0.0
2030-07-03 00:45:00,0.0
2030-07-03 01:00:00,0.0
2030-07-03 01:15:00,0.0
2030-07-03 01:30:00,0.0
2030-07-03 01:45:00,0.0
2030-07-03 02:00:00,0.0
2030-07-03 02:15:00,0.0
2030-07-03 02:30:00,0.0
2030-07-03 02:45:00,0.0
2030-07-03 03:00:00,0.0
2030-07-03 03:15:00,0.0
2030-07-03 03:30:00,0.0
2030-07-03 03:45:00,0.0
2030-07-03 04:00:00,0.0
2030-07-03 04:15:00,0.0
2030-07-03 04:30:00,0.0
2030-07-03 04:45:00,0.0
2030-07-03 05:00:00,0.0
2030-07-03 05:15:00,0.0
2030-07-03 05:30:00,0.0
2030-07-03 05:45:00,0.0
2030-07-03 06:00:00,0.0
2030-07-03 06:15:00,0.0
2030-07-03 06:30:00,0.0
2030-07-03 06:45:00,0.0
2030-07-03 07:00:00,0.0
2030-07-03 07:15:00,0.0
2030-07-03 07:30:00,0.0
2030-07-03 07:45:00,0.0
2030-07-03 08:00:00,0.0
2030-07-03 08:15:00,0.0
2030-07-03 08:30:00,0.0
2030-07-03 08:45:00,0.0
2030-07-03 09:00:00,0.0
2030-07-03 09:15:00,0.0
2030-07-03 09:30:00,0.0
2030-07-03 09:45:00,0.0
2030-07-03 10:00:00,0.0
2030-07-03 10:15:00,-18329.00864418972
2030-07-03 10:30:00,-22250.852934474085
2030-07-03 10:45:00,-22691.356662120765
2030-07-03 11:00:00,-23256.402078570136
2030-07-03 11:15:00,-23653.734455718954
2030-07-03 11:30:00,-23870.764083139435
2030-07-03 11:45:00,-24298.513044851916
2030-07-03 12:00:00,-24702.080007665332
2030-07-03 12:15:00,-25313.556498162947
2030-07-03 12:30:00,-25588.2704910937
2030-07-03 12:45:00,-25856.173093879428
2030-07-03 13:00:00,-26386.999151318832
2030-07-03 13:15:00,-26466.09466217347
2030-07-03 13:30:00,-26556.50989645902
2030-07-03 13:45:00,-26791.1935691074
2030-07-03 14:00:00,-26555.197054649725
2030-07-03 14:15:00,-25599.48276690942
2030-07-03 14:30:00,-24478.14005046457
2030-07-03 14:45:00,-23502.845322425692
2030-07-03 15:00:00,-22353.35224116501
2030-07-03 15:15:00,-21268.123516068652
2030-07-03 15:30:00,-20293.880381456915
2030-07-03 15:45:00,-18815.74955513209
2030-07-03 16:00:00,-16913.09012907664
2030-07-03 16:15:00,-15868.775292746082
2030-07-03 16:30:00,-14496.715325962617
2030-07-03 16:45:00,-13063.533116835257
2030-07-03 17:00:00,-10710.94702452925
2030-07-03 17:15:00,-8707.311415252654
2030-07-03 17:30:00,-6917.340007625415
2030-07-03 17:45:00,-5104.610813871554
2030-07-03 18:00:00,-3013.4300416653787
2030-07-03 18:15:00,-1292.7862030700053
2030-07-03 18:30:00,0.0
2030-07-03 18:45:00,0.0
2030-07-03 19:00:00,0.0
2030-07-03 19:15:00,0.0
2030-07-03 19:30:00,0.0
2030-07-03 19:45:00,0.0
2030-07-03 20:00:00,0.0
2030-07-03 20:15:00,0.0
2030-07-03 20:30:00,0.0
2030-07-03 20:45:00,0.0
2030-07-03 21:00:00,0.0
2030-07-03 21:15:00,0.0
2030-07-03 21:30:00,0.0
2030-07-03 21:45:00,0.0
2030-07-03 22:00:00,0.0
2030-07-03 22:15:00,0.0
2030-07-03 22:30:00,0.0
2030-07-03 22:45:00,0.0
2030-07-03 23:00:00,0.0
2030-07-03 23:15:00,0.0
2030-07-03 23:30:00,0.0
2030-07-03 23:45:00,0.0
2030-07-04 00:00:00,0.0
2030-07-04 00:15:00,0.0
2030-07-04 00:30:00,0.0
2030-07-04 00:45:00,0.0
2030-07-04 01:00:00,0.0
2030-07-04 01:15:00,0.0
2030-07-04 01:30:00,0.0
2030-07-04 01:45:00,0.0
2030-07-04 02:00:00,-566.4906072445847
2030-07-04 02:15:00,-5757.062736730972
2030-07-04 02:30:00,-5392.229462091254
2030-07-04 02:45:00,-4928.0832130868985
2030-07-04 03:00:00,-4770.451131589985
2030-07-04 03:15:00,-4924.631665088742
2030-07-04 03:30:00,-4911.750881767935
2030-07-04 03:45:00,-4874.619248460525
2030-07-04 04:00:00,-4581.0232615097375
2030-07-04 04:15:00,-4534.527999614951
2030-07-04 04:30:00,-4518.646556045465
2030-07-04 04:45:00,-4443.59782126732
2030-07-04 05:00:00,-4547.745893860814
2030-07-04 05:15:00,-4602.766361566697
2030-07-04 05:30:00,-4680.118141379629
2030-07-04 05:45:00,-4846.895573182774
2030-07-04 06:00:00,-4614.186455868246
2030-07-04 06:15:00,-4909.643577183189
2030-07-04 06:30:00,-5578.253555915289
2030-07-04 06:45:00,-6506.125623712513
2030-07-04 07:00:00,-7478.986912687007
2030-07-04 07:15:00,-8820.854922510032
2030-07-04 07:30:00,-10148.851670593998
2030-07-04 07:45:00,-11416.266629700163
2030-07-04 08:00:00,-13147.394918405567
2030-07-04 08:15:00,-14455.481737285267
2030-07-04 08:30:00,-15736.321153450535
2030-07-04 08:45:00,-16727.59653338121
2030-07-04 09:00:00,-17854.001072902847
2030-07-04 09:15:00,-18920.988197444585
2030-07-04 09:30:00,-19782.697605297883
2030-07-04 09:45:00,-20330.215474177465
2030-07-04 10:00:00,-21568.301312050608
2030-07-04 10:15:00,-22362.0565799327
2030-07-04 10:30:00,-22875.782970904518
2030-07-04 10:45:00,-23027.408323916683
2030-07-04 11:00:00,-22677.39965427752
2030-07-04 11:15:00,-22859.237918573046
2030-07-04 11:30:00,-22438.4984301487
2030-07-04 11:45:00,-22433.23002180273
2030-07-04 12:00:00,-22317.816128144525
2030-07-04 12:15:00,-22370.989516357633
2030-07-04 12:30:00,-22567.887615468542
2030-07-04 12:45:00,-21812.715955083702
2030-07-04 13:00:00,-21019.511082399342
2030-07-04 13:15:00,-19986.04156581719
2030-07-04 13:30:00,-19070.860958201447
2030-07-04 13:45:00,-18680.833449895177
2030-07-04 14:00:00,-18077.682157492356
2030-07-04 14:15:00,-17622.488096055655
2030-07-04 14:30:00,-17143.39504182601
2030-07-04 14:45:00,-16759.93984591651
2030-07-04 15:00:00,-15050.059768475934
2030-07-04 15:15:00,-14525.085867352707
2030-07-04 15:30:00,-13757.163400274869
2030-07-04 15:45:00,-12940.902067708976
2030-07-04 16:00:00,-10719.567708288982
2030-07-04 16:15:00,-9337.7096407707
2030-07-04 16:30:00,-7943.266713750061
2030-07-04 16:45:00,-7003.029252409644
2030-07-04 17:00:00,-5241.721374934561
2030-07-04 17:15:00,-3591.566387590243
2030-07-04 17:30:00,-2036.3278334247625
2030-07-04 17:45:00,-148.35019876283332
2030-07-04 18:00:00,0.0
2030-07-04 18:15:00,0.0
2030-07-04 18:30:00,0.0
2030-07-04 18:45:00,0.0
2030-07-04 19:00:00,0.0
2030-07-04 19:15:00,0.0
2030-07-04 19:30:00,0.0
2030-07-04 19:45:00,0.0
2030-07-04 20:00:00,0.0
2030-07-04 20:15:00,0.0
2030-07-04 20:30:00,0.0
2030-07-04 20:45:00,0.0
2030-07-04 21:00:00,0.0
2030-07-04 21:15:00,0.0
2030-07-04 21:30:00,0.0
2030-07-04 21:45:00,0.0
2030-07-04 22:00:00,0.0
2030-07-04 22:15:00,0.0
2030-07-04 22:30:00,0.0
2030-07-04 22:45:00,0.0
2030-07-04 23:00:00,0.0
2030-07-04 23:15:00,0.0
2030-07-04 23:30:00,0.0
2030-07-04 23:45:00,0.0
2030-07-05 00:00:00,0.0
2030-07-05 00:15:00,0.0
2030-07-05 00:30:00,0.0
2030-07-05 00:45:00,0.0
2030-07-05 01:00:00,0.0
2030-07-05 01:15:00,0.0
2030-07-05 01:30:00,0.0
2030-07-05 01:45:00,0.0
2030-07-05 02:00:00,0.0
2030-07-05 02:15:00,0.0
2030-07-05 02:30:00,0.0
2030-07-05 02:45:00,0.0
2030-07-05 03:00:00,0.0
2030-07-05 03:15:00,0.0
2030-07-05 03:30:00,0.0
2030-07-05 03:45:00,0.0
2030-07-05 04:00:00,0.0
2030-07-05 04:15:00,0.0
2030-07-05 04:30:00,0.0
2030-07-05 04:45:00,0.0
2030-07-05 05:00:00,0.0
2030-07-05 05:15:00,0.0
2030-07-05 05:30:00,0.0
2030-07-05 05:45:00,0.0
2030-07-05 06:00:00,0.0
2030-07-05 06:15:00,0.0
2030-07-05 06:30:00,0.0
2030-07-05 06:45:00,0.0
2030-07-05 07:00:00,0.0
2030-07-05 07:15:00,0.0
2030-07-05 07:30:00,0.0
2030-07-05 07:45:00,0.0
2030-07-05 08:00:00,-7400.247400439563
2030-07-05 08:15:00,-14898.75162543112
2030-07-05 08:30:00,-15671.900404853237
2030-07-05 08:45:00,-15287.887187538701
2030-07-05 09:00:00,-16391.725355970873
2030-07-05 09:15:00,-17167.588887865364
2030-07-05 09:30:00,-17828.796839816638
2030-07-05 09:45:00,-18891.46565106786
2030-07-05 10:00:00,-19616.15050758577
2030-07-05 10:15:00,-20365.16779324578
2030-07-05 10:30:00,-20676.906835035938
2030-07-05 10:45:00,-20310.908134346388
2030-07-05 11:00:00,-20270.746205137573
2030-07-05 11:15:00,-20414.089706594157
2030-07-05 11:30:00,-20316.873081069505
2030-07-05 11:45:00,-20110.267394097773
2030-07-05 12:00:00,-20213.351172924908
2030-07-05 12:15:00,-19989.184352167435
2030-07-05 12:30:00,-19455.377085198106
2030-07-05 12:45:00,-18766.299097877603
2030-07-05 13:00:00,-18301.544373909688
2030-07-05 13:15:00,-17976.914521571594
2030-07-05 13:30:00,-17482.593984667776
2030-07-05 13:45:00,-16985.123856290644
2030-07-05 14:00:00,-16777.146478914743
2030-07-05 14:15:00,-16491.735506475467
2030-07-05 14:30:00,-15580.612905672766
2030-07-05 14:45:00,-15386.985619178511
2030-07-05 15:00:00,-14096.383607375388
2030-07-05 15:15:00,-13411.247249850676
2030-07-05 15:30:00,-13144.096333090867
2030-07-05 15:45:00,-12786.908734864563
2030-07-05 16:00:00,-12148.940642342492
2030-07-05 16:15:00,-12006.452668506969
2030-07-05 16:30:00,-11755.24179755908
2030-07-05 16:45:00,-10752.482800341073
2030-07-05 17:00:00,-9917.014903389936
2030-07-05 17:15:00,-8975.141831444187
2030-07-05 17:30:00,-7986.047398882747
2030-07-05 17:45:00,-7245.688388286631
2030-07-05 18:00:00,-7688.276866736771
2030-07-05 18:15:00,-6701.188967863796
2030-07-05 18:30:00,-5280.012799512286
2030-07-05 18:45:00,-3610.5571348820813
2030-07-05 19:00:00,-2464.851640980931
2030-07-05 19:15:00,-1320.4718007657684
2030-07-05 19:30:00,-150.55616190455476
2030-07-05 19:45:00,0.0
2030-07-05 20:00:00,0.0
2030-07-05 20:15:00,0.0
2030-07-05 20:30:00,0.0
2030-07-05 20:45:00,0.0
2030-07-05 21:00:00,0.0
2030-07-05 21:15:00,0.0
2030-07-05 21:30:00,0.0
2030-07-05 21:45:00,0.0
2030-07-05 22:00:00,0.0
2030-07-05 22:15:00,0.0
2030-07-05 22:30:00,0.0
2030-07-05 22:45:00,0.0
2030-07-05 23:00:00,0.0
2030-07-05 23:15:00,0.0
2030-07-05 23:30:00,0.0
2030-07-05 23:45:00,0.0
2030-07-06 00:00:00,0.0
2030-07-06 00:15:00,0.0
2030-07-06 00:30:00,0.0
2030-07-06 00:45:00,-2122.302505717098
2030-07-06 01:00:00,-2004.28620998945
2030-07-06 01:15:00,-2014.5123689812608
2030-07-06 01:30:00,-2001.054443132165
2030-07-06 01:45:00,-1987.3405564147688
2030-07-06 02:00:00,-1820.7649259127575
2030-07-06 02:15:00,-1577.9620409485415
2030-07-06 02:30:00,-1167.7047208274944
2030-07-06 02:45:00,-1025.4083434821769
2030-07-06 03:00:00,-624.5894274762013
2030-07-06 03:15:00,-595.4545007233701
2030-07-06 03:30:00,-582.0019737050789
2030-07-06 03:45:00,-1007.9569466584617
2030-07-06 04:00:00,-620.5122427364186
2030-07-06 04:15:00,-639.0734901750366
2030-07-06 04:30:00,-539.4551304774759
2030-07-06 04:45:00,-294.84987452971836
2030-07-06 05:00:00,-127.06482441952357
2030-07-06 05:15:00,0.0
2030-07-06 05:30:00,0.0
2030-07-06 05:45:00,0.0
2030-07-06 06:00:00,0.0
2030-07-06 06:15:00,0.0
2030-07-06 06:30:00,0.0
2030-07-06 06:45:00,0.0
2030-07-06 07:00:00,0.0
2030-07-06 07:15:00,0.0
2030-07-06 07:30:00,0.0
2030-07-06 07:45:00,0.0
2030-07-06 08:00:00,0.0
2030-07-06 08:15:00,0.0
2030-07-06 08:30:00,0.0
2030-07-06 08:45:00,0.0
2030-07-06 09:00:00,0.0
2030-07-06 09:15:00,0.0
2030-07-06 09:30:00,0.0
2030-07-06 09:45:00,0.0
2030-07-06 10:00:00,0.0
2030-07-06 10:15:00,-5130.253133530321
2030-07-06 10:30:00,-7478.303495604829
2030-07-06 10:45:00,-8269.06651751911
2030-07-06 11:00:00,-9117.469380170074
2030-07-06 11:15:00,-9567.637001841973
2030-07-06 11:30:00,-10072.05796149686
2030-07-06 11:45:00,-10547.577998171899
2030-07-06 12:00:00,-11106.914392344996
2030-07-06 12:15:00,-11679.385101349413
2030-07-06 12:30:00,-11660.950622224882
2030-07-06 12:45:00,-11779.07997662549
2030-07-06 13:00:00,-11423.989260296461
2030-07-06 13:15:00,-11313.423430098865
2030-07-06 13:30:00,-10968.305471966676
2030-07-06 13:45:00,-10684.171524246784
2030-07-06 14:00:00,-10175.543156174932
2030-07-06 14:15:00,-9598.52435199391
2030-07-06 14:30:00,-9014.0381732262
2030-07-06 14:45:00,-8767.793864352057
2030-07-06 15:00:00,-8018.135779997858
2030-07-06 15:15:00,-7308.942673988404
2030-07-06 15:30:00,-6583.149160768866
2030-07-06 15:45:00,-5826.171378985924
2030-07-06 16:00:00,-4264.305037950275
2030-07-06 16:15:00,-3098.411286000537
2030-07-06 16:30:00,-2114.1306414705978
2030-07-06 16:45:00,-924.3399930612104
2030-07-06 17:00:00,0.0
2030-07-06 17:15:00,0.0
2030-07-06 17:30:00,0.0
2030-07-06 17:45:00,0.0
2030-07-06 18:00:00,0.0
2030-07-06 18:15:00,0.0
2030-07-06 18:30:00,0.0
2030-07-06 18:45:00,0.0
2030-07-06 19:00:00,0.0
2030-07-06 19:15:00,0.0
2030-07-06 19:30:00,0.0
2030-07-06 19:45:00,0.0
2030-07-06 20:00:00,0.0
2030-07-06 20:15:00,0.0
2030-07-06 20:30:00,0.0
2030-07-06 20:45:00,0.0
2030-07-06 21:00:00,0.0
2030-07-06 21:15:00,0.0
2030-07-06 21:30:00,0.0
2030-07-06 21:45:00,0.0
2030-07-06 22:00:00,0.0
2030-07-06 22:15:00,0.0
2030-07-06 22:30:00,0.0
2030-07-06 22:45:00,0.0
2030-07-06 23:00:00,0.0
2030-07-06 23:15:00,0.0
2030-07-06 23:30:00,0.0
2030-07-06 23:45:00,0.0
2030-07-07 00:00:00,0.0
2030-07-07 00:15:00,0.0
2030-07-07 00:30:00,0.0
2030-07-07 00:45:00,0.0
2030-07-07 01:00:00,0.0
2030-07-07 01:15:00,0.0
2030-07-07 01:30:00,0.0
2030-07-07 01:45:00,0.0
2030-07-07 02:00:00,0.0
2030-07-07 02:15:00,0.0
2030-07-07 02:30:00,0.0
2030-07-07 02:45:00,0.0
2030-07-07 03:00:00,0.0
2030-07-07 03:15:00,0.0
2030-07-07 03:30:00,0.0
2030-07-07 03:45:00,0.0
2030-07-07 04:00:00,0.0
2030-07-07 04:15:00,0.0
2030-07-07 04:30:00,0.0
2030-07-07 04:45:00,0.0
2030-07-07 05:00:00,0.0
2030-07-07 05:15:00,0.0
2030-07-07 05:30:00,0.0
2030-07-07 05:45:00,0.0
2030-07-07 06:00:00,0.0
2030-07-07 06:15:00,0.0
2030-07-07 06:30:00,0.0
2030-07-07 06:45:00,0.0
2030-07-07 07:00:00,0.0
2030-07-07 07:15:00,0.0
2030-07-07 07:30:00,0.0
2030-07-07 07:45:00,0.0
2030-07-07 08:00:00,0.0
2030-07-07 08:15:00,0.0
2030-07-07 08:30:00,0.0
2030-07-07 08:45:00,0.0
2030-07-07 09:00:00,0.0
2030-07-07 09:15:00,0.0
2030-07-07 09:30:00,0.0
2030-07-07 09:45:00,0.0
2030-07-07 10:00:00,0.0
2030-07-07 10:15:00,0.0
2030-07-07 10:30:00,0.0
2030-07-07 10:45:00,0.0
2030-07-07 11:00:00,0.0
2030-07-07 11:15:00,0.0
2030-07-07 11:30:00,0.0
2030-07-07 11:45:00,0.0
2030-07-07 12:00:00,0.0
2030-07-07 12:15:00,0.0
2030-07-07 12:30:00,0.0
2030-07-07 12:45:00,0.0
2030-07-07 13:00:00,0.0
2030-07-07 13:15:00,0.0
2030-07-07 13:30:00,0.0
2030-07-07 13:45:00,0.0
2030-07-07 14:00:00,0.0
2030-07-07 14:15:00,0.0
2030-07-07 14:30:00,-12347.653078765525
2030-07-07 14:45:00,-12937.390914767533
2030-07-07 15:00:00,-11826.10940529317
2030-07-07 15:15:00,-10583.439565450575
2030-07-07 15:30:00,-9841.430584818394
2030-07-07 15:45:00,-9031.460631196289
2030-07-07 16:00:00,-7342.529862131596
2030-07-07 16:15:00,-5827.038362550247
2030-07-07 16:30:00,-4087.5466289039614
2030-07-07 16:45:00,-2709.1287962701863
2030-07-07 17:00:00,-1233.0577093333486
2030-07-07 17:15:00,0.0
2030-07-07 17:30:00,0.0
2030-07-07 17:45:00,0.0
2030-07-07 18:00:00,0.0
2030-07-07 18:15:00,0.0
2030-07-07 18:30:00,0.0
2030-07-07 18:45:00,0.0
2030-07-07 19:00:00,0.0
2030-07-07 19:15:00,0.0
2030-07-07 19:30:00,0.0
2030-07-07 19:45:00,0.0
2030-07-07 20:00:00,0.0
2030-07-07 20:15:00,0.0
2030-07-07 20:30:00,0.0
2030-07-07 20:45:00,0.0
2030-07-07 21:00:00,0.0
2030-07-07 21:15:00,0.0
2030-07-07 21:30:00,0.0
2030-07-07 21:45:00,0.0
2030-07-07 22:00:00,0.0
2030-07-07 22:15:00,0.0
2030-07-07 22:30:00,0.0
2030-07-07 22:45:00,0.0
2030-07-07 23:00:00,0.0
2030-07-07 23:15:00,0.0
2030-07-07 23:30:00,0.0
2030-07-07 23:45:00,0.0
2030-07-08 00:00:00,0.0
2030-07-08 00:15:00,0.0
2030-07-08 00:30:00,0.0
2030-07-08 00:45:00,0.0
2030-07-08 01:00:00,0.0
2030-07-08 01:15:00,0.0
2030-07-08 01:30:00,0.0
2030-07-08 01:45:00,0.0
2030-07-08 02:00:00,0.0
2030-07-08 02:15:00,0.0
2030-07-08 02:30:00,0.0
2030-07-08 02:45:00,0.0
2030-07-08 03:00:00,0.0
2030-07-08 03:15:00,0.0
2030-07-08 03:30:00,0.0
2030-07-08 03:45:00,0.0
2030-07-08 04:00:00,0.0
2030-07-08 04:15:00,0.0
2030-07-08 04:30:00,0.0
2030-07-08 04:45:00,0.0
2030-07-08 05:00:00,0.0
2030-07-08 05:15:00,0.0
2030-07-08 05:30:00,0.0
2030-07-08 05:45:00,0.0
2030-07-08 06:00:00,0.0
2030-07-08 06:15:00,0.0
2030-07-08 06:30:00,0.0
2030-07-08 06:45:00,0.0
2030-07-08 07:00:00,0.0
2030-07-08 07:15:00,0.0
2030-07-08 07:30:00,0.0
2030-07-08 07:45:00,0.0
2030-07-08 08:00:00,0.0
2030-07-08 08:15:00,0.0
2030-07-08 08:30:00,0.0
2030-07-08 08:45:00,0.0
2030-07-08 09:00:00,0.0
2030-07-08 09:15:00,0.0
2030-07-08 09:30:00,0.0
2030-07-08 09:45:00,0.0
2030-07-08 10:00:00,0.0
2030-07-08 10:15:00,0.0
2030-07-08 10:30:00,0.0
2030-07-08 10:45:00,0.0
2030-07-08 11:00:00,0.0
2030-07-08 11:15:00,0.0
2030-07-08 11:30:00,0.0
2030-07-08 11:45:00,0.0
2030-07-08 12:00:00,0.0
2030-07-08 12:15:00,0.0
2030-07-08 12:30:00,0.0
2030-07-08 12:45:00,0.0
2030-07-08 13:00:00,0.0
2030-07-08 13:15:00,-12081.526343360234
2030-07-08 13:30:00,-14829.45346468902
2030-07-08 13:45:00,-14328.400873911243
2030-07-08 14:00:00,-13926.303016659156
2030-07-08 14:15:00,-13196.165652435064
2030-07-08 14:30:00,-12360.8725137445
2030-07-08 14:45:00,-11568.571939732952
2030-07-08 15:00:00,-10474.963210926126
2030-07-08 15:15:00,-9607.787869031352
2030-07-08 15:30:00,-8475.954437705801
2030-07-08 15:45:00,-7403.032659518103
2030-07-08 16:00:00,-5930.625680097672
2030-07-08 16:15:00,-4714.4554998734075
2030-07-08 16:30:00,-3045.879013580923
2030-07-08 16:45:00,-1646.3573573076337
2030-07-08 17:00:00,0.0
2030-07-08 17:15:00,0.0
2030-07-08 17:30:00,0.0
2030-07-08 17:45:00,0.0
2030-07-08 18:00:00,0.0
2030-07-08 18:15:00,0.0
2030-07-08 18:30:00,0.0
2030-07-08 18:45:00,0.0
2030-07-08 19:00:00,0.0
2030-07-08 19:15:00,0.0
2030-07-08 19:30:00,0.0
2030-07-08 19:45:00,0.0
2030-07-08 20:00:00,0.0
2030-07-08 20:15:00,0.0
2030-07-08 20:30:00,0.0
2030-07-08 20:45:00,0.0
2030-07-08 21:00:00,0.0
2030-07-08 21:15:00,0.0
2030-07-08 21:30:00,0.0
2030-07-08 21:45:00,0.0
2030-07-08 22:00:00,0.0
2030-07-08 22:15:00,0.0
2030-07-08 22:30:00,0.0
2030-07-08 22:45:00,0.0
2030-07-08 23:00:00,0.0
2030-07-08 23:15:00,0.0
2030-07-08 23:30:00,0.0
2030-07-08 23:45:00,0.0
2030-07-09 00:00:00,0.0
2030-07-09 00:15:00,0.0
2030-07-09 00:30:00,0.0
2030-07-09 00:45:00,0.0
2030-07-09 01:00:00,0.0
2030-07-09 01:15:00,0.0
2030-07-09 01:30:00,0.0
2030-07-09 01:45:00,0.0
2030-07-09 02:00:00,0.0
2030-07-09 02:15:00,0.0
2030-07-09 02:30:00,0.0
2030-07-09 02:45:00,0.0
2030-07-09 03:00:00,0.0
2030-07-09 03:15:00,0.0
2030-07-09 03:30:00,0.0
2030-07-09 03:45:00,0.0
2030-07-09 04:00:00,0.0
2030-07-09 04:15:00,0.0
2030-07-09 04:30:00,0.0
2030-07-09 04:45:00,0.0
2030-07-09 05:00:00,0.0
2030-07-09 05:15:00,0.0
2030-07-09 05:30:00,0.0
2030-07-09 05:45:00,0.0
2030-07-09 06:00:00,0.0
2030-07-09 06:15:00,0.0
2030-07-09 06:30:00,0.0
2030-07-09 06:45:00,0.0
2030-07-09 07:00:00,0.0
2030-07-09 07:15:00,0.0
2030-07-09 07:30:00,0.0
2030-07-09 07:45:00,0.0
2030-07-09 08:00:00,0.0
2030-07-09 08:15:00,0.0
2030-07-09 08:30:00,0.0
2030-07-09 08:45:00,0.0
2030-07-09 09:00:00,0.0
2030-07-09 09:15:00,0.0
2030-07-09 09:30:00,0.0
2030-07-09 09:45:00,0.0
2030-07-09 10:00:00,0.0
2030-07-09 10:15:00,0.0
2030-07-09 10:30:00,0.0
2030-07-09 10:45:00,0.0
2030-07-09 11:00:00,0.0
2030-07-09 11:15:00,0.0
2030-07-09 11:30:00,0.0
2030-07-09 11:45:00,0.0
2030-07-09 12:00:00,0.0
2030-07-09 12:15:00,0.0
2030-07-09 12:30:00,0.0
2030-07-09 12:45:00,0.0
2030-07-09 13:00:00,0.0
2030-07-09 13:15:00,0.0
2030-07-09 13:30:00,0.0
2030-07-09 13:45:00,0.0
2030-07-09 14:00:00,0.0
2030-07-09 14:15:00,0.0
2030-07-09 14:30:00,0.0
2030-07-09 14:45:00,0.0
2030-07-09 15:00:00,0.0
2030-07-09 15:15:00,0.0
2030-07-09 15:30:00,0.0
2030-07-09 15:45:00,0.0
2030-07-09 16:00:00,0.0
2030-07-09 16:15:00,0.0
2030-07-09 16:30:00,0.0
2030-07-09 16:45:00,0.0
2030-07-09 17:00:00,0.0
2030-07-09 17:15:00,0.0
2030-07-09 17:30:00,0.0
2030-07-09 17:45:00,0.0
2030-07-09 18:00:00,0.0
2030-07-09 18:15:00,0.0
2030-07-09 18:30:00,0.0
2030-07-09 18:45:00,0.0
2030-07-09 19:00:00,0.0
2030-07-09 19:15:00,0.0
2030-07-09 19:30:00,0.0
2030-07-09 19:45:00,0.0
2030-07-09 20:00:00,0.0
2030-07-09 20:15:00,0.0
2030-07-09 20:30:00,0.0
2030-07-09 20:45:00,0.0
2030-07-09 21:00:00,0.0
2030-07-09 21:15:00,0.0
2030-07-09 21:30:00,0.0
2030-07-09 21:45:00,0.0
2030-07-09 22:00:00,0.0
2030-07-09 22:15:00,0.0
2030-07-09 22:30:00,0.0
2030-07-09 22:45:00,0.0
2030-07-09 23:00:00,0.0
2030-07-09 23:15:00,0.0
2030-07-09 23:30:00,0.0
2030-07-09 23:45:00,0.0
2030-07-10 00:00:00,0.0
2030-07-10 00:15:00,0.0
2030-07-10 00:30:00,0.0
2030-07-10 00:45:00,469.3339670332043
2030-07-10 01:00:00,0.0
2030-07-10 01:15:00,0.0
2030-07-10 01:30:00,0.0
2030-07-10 01:45:00,0.0
2030-07-10 02:00:00,0.0
2030-07-10 02:15:00,0.0
2030-07-10 02:30:00,0.0
2030-07-10 02:45:00,0.0
2030-07-10 03:00:00,0.0
2030-07-10 03:15:00,0.0
2030-07-10 03:30:00,0.0
2030-07-10 03:45:00,0.0
2030-07-10 04:00:00,0.0
2030-07-10 04:15:00,0.0
2030-07-10 04:30:00,0.0
2030-07-10 04:45:00,0.0
2030-07-10 05:00:00,0.0
2030-07-10 05:15:00,0.0
2030-07-10 05:30:00,0.0
2030-07-10 05:45:00,0.0
2030-07-10 06:00:00,0.0
2030-07-10 06:15:00,0.0
2030-07-10 06:30:00,0.0
2030-07-10 06:45:00,0.0
2030-07-10 07:00:00,0.0
2030-07-10 07:15:00,0.0
2030-07-10 07:30:00,0.0
2030-07-10 07:45:00,0.0
2030-07-10 08:00:00,0.0
2030-07-10 08:15:00,0.0
2030-07-10 08:30:00,0.0
2030-07-10 08:45:00,0.0
2030-07-10 09:00:00,0.0
2030-07-10 09:15:00,0.0
2030-07-10 09:30:00,0.0
2030-07-10 09:45:00,0.0
2030-07-10 10:00:00,0.0
2030-07-10 10:15:00,0.0
2030-07-10 10:30:00,0.0
2030-07-10 10:45:00,0.0
2030-07-10 11:00:00,0.0
2030-07-10 11:15:00,0.0
2030-07-10 11:30:00,0.0
2030-07-10 11:45:00,0.0
2030-07-10 12:00:00,0.0
2030-07-10 12:15:00,0.0
2030-07-10 12:30:00,0.0
2030-07-10 12:45:00,0.0
2030-07-10 13:00:00,0.0
2030-07-10 13:15:00,0.0
2030-07-10 13:30:00,0.0
2030-07-10 13:45:00,0.0
2030-07-10 14:00:00,0.0
2030-07-10 14:15:00,0.0
2030-07-10 14:30:00,0.0
2030-07-10 14:45:00,0.0
2030-07-10 15:00:00,0.0
2030-07-10 15:15:00,0.0
2030-07-10 15:30:00,0.0
2030-07-10 15:45:00,0.0
2030-07-10 16:00:00,0.0
2030-07-10 16:15:00,0.0
2030-07-10 16:30:00,0.0
2030-07-10 16:45:00,0.0
2030-07-10 17:00:00,0.0
2030-07-10 17:15:00,0.0
2030-07-10 17:30:00,0.0
2030-07-10 17:45:00,0.0
2030-07-10 18:00:00,0.0
2030-07-10 18:15:00,0.0
2030-07-10 18:30:00,0.0
2030-07-10 18:45:00,0.0
2030-07-10 19:00:00,0.0
2030-07-10 19:15:00,0.0
2030-07-10 19:30:00,0.0
2030-07-10 19:45:00,5146.784665527333
2030-07-10 20:00:00,0.0
2030-07-10 20:15:00,0.0
2030-07-10 20:30:00,0.0
2030-07-10 20:45:00,0.0
2030-07-10 21:00:00,0.0
2030-07-10 21:15:00,0.0
2030-07-10 21:30:00,0.0
2030-07-10 21:45:00,0.0
2030-07-10 22:00:00,0.0
2030-07-10 22:15:00,0.0
2030-07-10 22:30:00,0.0
2030-07-10 22:45:00,0.0
2030-07-10 23:00:00,0.0
2030-07-10 23:15:00,0.0
2030-07-10 23:30:00,0.0
2030-07-10 23:45:00,0.0
2030-07-11 00:00:00,0.0
2030-07-11 00:15:00,0.0
2030-07-11 00:30:00,0.0
2030-07-11 00:45:00,0.0
2030-07-11 01:00:00,0.0
2030-07-11 01:15:00,0.0
2030-07-11 01:30:00,0.0
2030-07-11 01:45:00,0.0
2030-07-11 02:00:00,0.0
2030-07-11 02:15:00,0.0
2030-07-11 02:30:00,0.0
2030-07-11 02:45:00,0.0
2030-07-11 03:00:00,0.0
2030-07-11 03:15:00,0.0
2030-07-11 03:30:00,0.0
2030-07-11 03:45:00,0.0
2030-07-11 04:00:00,0.0
2030-07-11 04:15:00,0.0
2030-07-11 04:30:00,0.0
2030-07-11 04:45:00,0.0
2030-07-11 05:00:00,0.0
2030-07-11 05:15:00,0.0
2030-07-11 05:30:00,0.0
2030-07-11 05:45:00,0.0
2030-07-11 06:00:00,0.0
2030-07-11 06:15:00,0.0
2030-07-11 06:30:00,0.0
2030-07-11 06:45:00,0.0
2030-07-11 07:00:00,0.0
2030-07-11 07:15:00,0.0
2030-07-11 07:30:00,0.0
2030-07-11 07:45:00,0.0
2030-07-11 08:00:00,0.0
2030-07-11 08:15:00,0.0
2030-07-11 08:30:00,0.0
2030-07-11 08:45:00,0.0
2030-07-11 09:00:00,0.0
2030-07-11 09:15:00,0.0
2030-07-11 09:30:00,0.0
2030-07-11 09:45:00,0.0
2030-07-11 10:00:00,0.0
2030-07-11 10:15:00,0.0
2030-07-11 10:30:00,0.0
2030-07-11 10:45:00,0.0
2030-07-11 11:00:00,0.0
2030-07-11 11:15:00,0.0
2030-07-11 11:30:00,0.0
2030-07-11 11:45:00,0.0
2030-07-11 12:00:00,0.0
2030-07-11 12:15:00,0.0
2030-07-11 12:30:00,0.0
2030-07-11 12:45:00,0.0
2030-07-11 13:00:00,0.0
2030-07-11 13:15:00,0.0
2030-07-11 13:30:00,0.0
2030-07-11 13:45:00,0.0
2030-07-11 14:00:00,0.0
2030-07-11 14:15:00,0.0
2030-07-11 14:30:00,0.0
2030-07-11 14:45:00,0.0
2030-07-11 15:00:00,0.0
2030-07-11 15:15:00,0.0
2030-07-11 15:30:00,0.0
2030-07-11 15:45:00,0.0
2030-07-11 16:00:00,0.0
2030-07-11 16:15:00,0.0
2030-07-11 16:30:00,0.0
2030-07-11 16:45:00,0.0
2030-07-11 17:00:00,0.0
2030-07-11 17:15:00,0.0
2030-07-11 17:30:00,0.0
2030-07-11 17:45:00,7836.613878388767
2030-07-11 18:00:00,0.0
2030-07-11 18:15:00,0.0
2030-07-11 18:30:00,649.1902022390605
2030-07-11 18:45:00,1554.8917139228342
2030-07-11 19:00:00,2077.106088796336
2030-07-11 19:15:00,2435.0563773169342
2030-07-11 19:30:00,2780.2537117871034
2030-07-11 19:45:00,2847.505611360244
2030-07-11 20:00:00,2548.4484991181216
2030-07-11 20:15:00,2196.4945055800054
2030-07-11 20:30:00,1691.1718275547883
2030-07-11 20:45:00,1092.587814245906
2030-07-11 21:00:00,372.52532092982074
2030-07-11 21:15:00,0.0
2030-07-11 21:30:00,0.0
2030-07-11 21:45:00,0.0
2030-07-11 22:00:00,0.0
2030-07-11 22:15:00,0.0
2030-07-11 22:30:00,0.0
2030-07-11 22:45:00,0.0
2030-07-11 23:00:00,0.0
2030-07-11 23:15:00,0.0
2030-07-11 23:30:00,0.0
2030-07-11 23:45:00,0.0
2030-07-12 00:00:00,0.0
2030-07-12 00:15:00,0.0
2030-07-12 00:30:00,0.0
2030-07-12 00:45:00,0.0
2030-07-12 01:00:00,0.0
2030-07-12 01:15:00,0.0
2030-07-12 01:30:00,0.0
2030-07-12 01:45:00,0.0
2030-07-12 02:00:00,0.0
2030-07-12 02:15:00,0.0
2030-07-12 02:30:00,0.0
2030-07-12 02:45:00,0.0
2030-07-12 03:00:00,0.0
2030-07-12 03:15:00,0.0
2030-07-12 03:30:00,0.0
2030-07-12 03:45:00,0.0
2030-07-12 04:00:00,0.0
2030-07-12 04:15:00,0.0
2030-07-12 04:30:00,0.0
2030-07-12 04:45:00,0.0
2030-07-12 05:00:00,0.0
2030-07-12 05:15:00,0.0
2030-07-12 05:30:00,0.0
2030-07-12 05:45:00,0.0
2030-07-12 06:00:00,0.0
2030-07-12 06:15:00,0.0
2030-07-12 06:30:00,0.0
2030-07-12 06:45:00,0.0
2030-07-12 07:00:00,0.0
2030-07-12 07:15:00,0.0
2030-07-12 07:30:00,0.0
2030-07-12 07:45:00,0.0
2030-07-12 08:00:00,0.0
2030-07-12 08:15:00,0.0
2030-07-12 08:30:00,0.0
2030-07-12 08:45:00,0.0
2030-07-12 09:00:00,0.0
2030-07-12 09:15:00,0.0
2030-07-12 09:30:00,0.0
2030-07-12 09:45:00,0.0
2030-07-12 10:00:00,0.0
2030-07-12 10:15:00,0.0
2030-07-12 10:30:00,0.0
2030-07-12 10:45:00,0.0
2030-07-12 11:00:00,0.0
2030-07-12 11:15:00,0.0
2030-07-12 11:30:00,0.0
2030-07-12 11:45:00,0.0
2030-07-12 12:00:00,0.0
2030-07-12 12:15:00,0.0
2030-07-12 12:30:00,0.0
2030-07-12 12:45:00,0.0
2030-07-12 13:00:00,0.0
2030-07-12 13:15:00,0.0
2030-07-12 13:30:00,0.0
2030-07-12 13:45:00,0.0
2030-07-12 14:00:00,0.0
2030-07-12 14:15:00,0.0
2030-07-12 14:30:00,0.0
2030-07-12 14:45:00,0.0
2030-07-12 15:00:00,0.0
2030-07-12 15:15:00,0.0
2030-07-12 15:30:00,0.0
2030-07-12 15:45:00,0.0
2030-07-12 16:00:00,0.0
2030-07-12 16:15:00,0.0
2030-07-12 16:30:00,0.0
2030-07-12 16:45:00,0.0
2030-07-12 17:00:00,0.0
2030-07-12 17:15:00,0.0
2030-07-12 17:30:00,0.0
2030-07-12 17:45:00,0.0
2030-07-12 18:00:00,0.0
2030-07-12 18:15:00,0.0
2030-07-12 18:30:00,0.0
2030-07-12 18:45:00,0.0
2030-07-12 19:00:00,0.0
2030-07-12 19:15:00,0.0
2030-07-12 19:30:00,0.0
2030-07-12 19:45:00,0.0
2030-07-12 20:00:00,0.0
2030-07-12 20:15:00,0.0
2030-07-12 20:30:00,0.0
2030-07-12 20:45:00,0.0
2030-07-12 21:00:00,0.0
2030-07-12 21:15:00,0.0
2030-07-12 21:30:00,0.0
2030-07-12 21:45:00,0.0
2030-07-12 22:00:00,0.0
2030-07-12 22:15:00,0.0
2030-07-12 22:30:00,0.0
2030-07-12 22:45:00,0.0
2030-07-12 23:00:00,0.0
2030-07-12 23:15:00,0.0
2030-07-12 23:30:00,0.0
2030-07-12 23:45:00,0.0
2030-07-13 00:00:00,0.0
2030-07-13 00:15:00,0.0
2030-07-13 00:30:00,0.0
2030-07-13 00:45:00,0.0
2030-07-13 01:00:00,0.0
2030-07-13 01:15:00,5707.114659439029
2030-07-13 01:30:00,0.0
2030-07-13 01:45:00,0.0
2030-07-13 02:00:00,0.0
2030-07-13 02:15:00,0.0
2030-07-13 02:30:00,0.0
2030-07-13 02:45:00,0.0
2030-07-13 03:00:00,0.0
2030-07-13 03:15:00,0.0
2030-07-13 03:30:00,0.0
2030-07-13 03:45:00,0.0
2030-07-13 04:00:00,0.0
2030-07-13 04:15:00,0.0
2030-07-13 04:30:00,0.0
2030-07-13 04:45:00,0.0
2030-07-13 05:00:00,0.0
2030-07-13 05:15:00,0.0
2030-07-13 05:30:00,0.0
2030-07-13 05:45:00,0.0
2030-07-13 06:00:00,0.0
2030-07-13 06:15:00,0.0
2030-07-13 06:30:00,0.0
2030-07-13 06:45:00,0.0
2030-07-13 07:00:00,0.0
2030-07-13 07:15:00,0.0
2030-07-13 07:30:00,0.0
2030-07-13 07:45:00,0.0
2030-07-13 08:00:00,0.0
2030-07-13 08:15:00,0.0
2030-07-13 08:30:00,0.0
2030-07-13 08:45:00,0.0
2030-07-13 09:00:00,0.0
2030-07-13 09:15:00,0.0
2030-07-13 09:30:00,0.0
2030-07-13 09:45:00,0.0
2030-07-13 10:00:00,0.0
2030-07-13 10:15:00,0.0
2030-07-13 10:30:00,0.0
2030-07-13 10:45:00,0.0
2030-07-13 11:00:00,0.0
2030-07-13 11:15:00,0.0
2030-07-13 11:30:00,0.0
2030-07-13 11:45:00,0.0
2030-07-13 12:00:00,0.0
2030-07-13 12:15:00,0.0
2030-07-13 12:30:00,0.0
2030-07-13 12:45:00,0.0
2030-07-13 13:00:00,0.0
2030-07-13 13:15:00,0.0
2030-07-13 13:30:00,0.0
2030-07-13 13:45:00,0.0
2030-07-13 14:00:00,0.0
2030-07-13 14:15:00,0.0
2030-07-13 14:30:00,0.0
2030-07-13 14:45:00,0.0
2030-07-13 15:00:00,0.0
2030-07-13 15:15:00,0.0
2030-07-13 15:30:00,0.0
2030-07-13 15:45:00,-7668.180257533779
2030-07-13 16:00:00,-6567.17377388724
2030-07-13 16:15:00,-5448.524459990604
2030-07-13 16:30:00,-4009.0633943407374
2030-07-13 16:45:00,-2147.7367809689094
2030-07-13 17:00:00,-211.90546980483487
2030-07-13 17:15:00,0.0
2030-07-13 17:30:00,0.0
2030-07-13 17:45:00,0.0
2030-07-13 18:00:00,0.0
2030-07-13 18:15:00,0.0
2030-07-13 18:30:00,0.0
2030-07-13 18:45:00,0.0
2030-07-13 19:00:00,0.0
2030-07-13 19:15:00,0.0
2030-07-13 19:30:00,0.0
2030-07-13 19:45:00,0.0
2030-07-13 20:00:00,0.0
2030-07-13 20:15:00,0.0
2030-07-13 20:30:00,0.0
2030-07-13 20:45:00,0.0
2030-07-13 21:00:00,0.0
2030-07-13 21:15:00,0.0
2030-07-13 21:30:00,0.0
2030-07-13 21:45:00,0.0
2030-07-13 22:00:00,0.0
2030-07-13 22:15:00,0.0
2030-07-13 22:30:00,0.0
2030-07-13 22:45:00,0.0
2030-07-13 23:00:00,0.0
2030-07-13 23:15:00,0.0
2030-07-13 23:30:00,0.0
2030-07-13 23:45:00,0.0
2030-07-14 00:00:00,0.0
2030-07-14 00:15:00,0.0
2030-07-14 00:30:00,0.0
2030-07-14 00:45:00,0.0
2030-07-14 01:00:00,0.0
2030-07-14 01:15:00,0.0
2030-07-14 01:30:00,0.0
2030-07-14 01:45:00,0.0
2030-07-14 02:00:00,0.0
2030-07-14 02:15:00,0.0
2030-07-14 02:30:00,0.0
2030-07-14 02:45:00,3371.7505060361145
2030-07-14 03:00:00,0.0
2030-07-14 03:15:00,0.0
2030-07-14 03:30:00,0.0
2030-07-14 03:45:00,0.0
2030-07-14 04:00:00,0.0
2030-07-14 04:15:00,0.0
2030-07-14 04:30:00,0.0
2030-07-14 04:45:00,0.0
2030-07-14 05:00:00,0.0
2030-07-14 05:15:00,0.0
2030-07-14 05:30:00,0.0
2030-07-14 05:45:00,0.0
2030-07-14 06:00:00,0.0
2030-07-14 06:15:00,0.0
2030-07-14 06:30:00,0.0
2030-07-14 06:45:00,0.0
2030-07-14 07:00:00,0.0
2030-07-14 07:15:00,0.0
2030-07-14 07:30:00,0.0
2030-07-14 07:45:00,0.0
2030-07-14 08:00:00,0.0
2030-07-14 08:15:00,0.0
2030-07-14 08:30:00,0.0
2030-07-14 08:45:00,0.0
2030-07-14 09:00:00,0.0
2030-07-14 09:15:00,0.0
2030-07-14 09:30:00,0.0
2030-07-14 09:45:00,0.0
2030-07-14 10:00:00,0.0
2030-07-14 10:15:00,0.0
2030-07-14 10:30:00,0.0
2030-07-14 10:45:00,0.0
2030-07-14 11:00:00,0.0
2030-07-14 11:15:00,0.0
2030-07-14 11:30:00,0.0
2030-07-14 11:45:00,0.0
2030-07-14 12:00:00,0.0
2030-07-14 12:15:00,0.0
2030-07-14 12:30:00,0.0
2030-07-14 12:45:00,0.0
2030-07-14 13:00:00,0.0
2030-07-14 13:15:00,0.0
2030-07-14 13:30:00,0.0
2030-07-14 13:45:00,0.0
2030-07-14 14:00:00,0.0
2030-07-14 14:15:00,0.0
2030-07-14 14:30:00,0.0
2030-07-14 14:45:00,0.0
2030-07-14 15:00:00,0.0
2030-07-14 15:15:00,0.0
2030-07-14 15:30:00,0.0
2030-07-14 15:45:00,0.0
2030-07-14 16:00:00,0.0
2030-07-14 16:15:00,0.0
2030-07-14 16:30:00,0.0
2030-07-14 16:45:00,0.0
2030-07-14 17:00:00,0.0
2030-07-14 17:15:00,0.0
2030-07-14 17:30:00,0.0
2030-07-14 17:45:00,0.0
2030-07-14 18:00:00,0.0
2030-07-14 18:15:00,0.0
2030-07-14 18:30:00,0.0
2030-07-14 18:45:00,0.0
2030-07-14 19:00:00,0.0
2030-07-14 19:15:00,0.0
2030-07-14 19:30:00,0.0
2030-07-14 19:45:00,0.0
2030-07-14 20:00:00,0.0
2030-07-14 20:15:00,0.0
2030-07-14 20:30:00,0.0
2030-07-14 20:45:00,0.0
2030-07-14 21:00:00,0.0
2030-07-14 21:15:00,0.0
2030-07-14 21:30:00,0.0
2030-07-14 21:45:00,6685.773430597648
2030-07-14 22:00:00,0.0
2030-07-14 22:15:00,0.0
2030-07-14 22:30:00,0.0
2030-07-14 22:45:00,0.0
2030-07-14 23:00:00,0.0
2030-07-14 23:15:00,0.0
2030-07-14 23:30:00,0.0
2030-07-14 23:45:00,0.0
2030-07-15 00:00:00,0.0
2030-07-15 00:15:00,0.0
2030-07-15 00:30:00,0.0
2030-07-15 00:45:00,0.0
2030-07-15 01:00:00,0.0
2030-07-15 01:15:00,0.0
2030-07-15 01:30:00,0.0
2030-07-15 01:45:00,0.0
2030-07-15 02:00:00,0.0
2030-07-15 02:15:00,0.0
2030-07-15 02:30:00,0.0
2030-07-15 02:45:00,0.0
2030-07-15 03:00:00,0.0
2030-07-15 03:15:00,0.0
2030-07-15 03:30:00,0.0
2030-07-15 03:45:00,0.0
2030-07-15 04:00:00,0.0
2030-07-15 04:15:00,0.0
2030-07-15 04:30:00,0.0
2030-07-15 04:45:00,0.0
2030-07-15 05:00:00,0.0
2030-07-15 05:15:00,0.0
2030-07-15 05:30:00,0.0
2030-07-15 05:45:00,0.0
2030-07-15 06:00:00,0.0
2030-07-15 06:15:00,0.0
2030-07-15 06:30:00,0.0
2030-07-15 06:45:00,0.0
2030-07-15 07:00:00,0.0
2030-07-15 07:15:00,0.0
2030-07-15 07:30:00,0.0
2030-07-15 07:45:00,0.0
2030-07-15 08:00:00,0.0
2030-07-15 08:15:00,0.0
2030-07-15 08:30:00,0.0
2030-07-15 08:45:00,0.0
2030-07-15 09:00:00,0.0
2030-07-15 09:15:00,0.0
2030-07-15 09:30:00,0.0
2030-07-15 09:45:00,0.0
2030-07-15 10:00:00,0.0
2030-07-15 10:15:00,0.0
2030-07-15 10:30:00,0.0
2030-07-15 10:45:00,0.0
2030-07-15 11:00:00,0.0
2030-07-15 11:15:00,0.0
2030-07-15 11:30:00,0.0
2030-07-15 11:45:00,0.0
2030-07-15 12:00:00,0.0
2030-07-15 12:15:00,0.0
2030-07-15 12:30:00,0.0
2030-07-15 12:45:00,0.0
2030-07-15 13:00:00,0.0
2030-07-15 13:15:00,0.0
2030-07-15 13:30:00,0.0
2030-07-15 13:45:00,0.0
2030-07-15 14:00:00,0.0
2030-07-15 14:15:00,0.0
2030-07-15 14:30:00,0.0
2030-07-15 14:45:00,0.0
2030-07-15 15:00:00,0.0
2030-07-15 15:15:00,-1722.329412886491
2030-07-15 15:30:00,-7504.897587951447
2030-07-15 15:45:00,-6625.491384957881
2030-07-15 16:00:00,-5434.065935580198
2030-07-15 16:15:00,-4486.51710774851
2030-07-15 16:30:00,-3498.379963559568
2030-07-15 16:45:00,-2614.564300961727
2030-07-15 17:00:00,-1287.2526087367332
2030-07-15 17:15:00,-302.5724552953725
2030-07-15 17:30:00,0.0
2030-07-15 17:45:00,0.0
2030-07-15 18:00:00,0.0
2030-07-15 18:15:00,0.0
2030-07-15 18:30:00,0.0
2030-07-15 18:45:00,0.0
2030-07-15 19:00:00,0.0
2030-07-15 19:15:00,0.0
2030-07-15 19:30:00,0.0
2030-07-15 19:45:00,0.0
2030-07-15 20:00:00,0.0
2030-07-15 20:15:00,0.0
2030-07-15 20:30:00,0.0
2030-07-15 20:45:00,0.0
2030-07-15 21:00:00,0.0
2030-07-15 21:15:00,0.0
2030-07-15 21:30:00,0.0
2030-07-15 21:45:00,0.0
2030-07-15 22:00:00,0.0
2030-07-15 22:15:00,0.0
2030-07-15 22:30:00,0.0
2030-07-15 22:45:00,0.0
2030-07-15 23:00:00,0.0
2030-07-15 23:15:00,0.0
2030-07-15 23:30:00,0.0
2030-07-15 23:45:00,0.0
2030-07-16 00:00:00,0.0
2030-07-16 00:15:00,0.0
2030-07-16 00:30:00,0.0
2030-07-16 00:45:00,0.0
2030-07-16 01:00:00,0.0
2030-07-16 01:15:00,0.0
2030-07-16 01:30:00,0.0
2030-07-16 01:45:00,0.0
2030-07-16 02:00:00,0.0
2030-07-16 02:15:00,0.0
2030-07-16 02:30:00,0.0
2030-07-16 02:45:00,0.0
2030-07-16 03:00:00,0.0
2030-07-16 03:15:00,0.0
2030-07-16 03:30:00,0.0
2030-07-16 03:45:00,0.0
2030-07-16 04:00:00,0.0
2030-07-16 04:15:00,0.0
2030-07-16 04:30:00,0.0
2030-07-16 04:45:00,0.0
2030-07-16 05:00:00,0.0
2030-07-16 05:15:00,0.0
2030-07-16 05:30:00,0.0
2030-07-16 05:45:00,0.0
2030-07-16 06:00:00,0.0
2030-07-16 06:15:00,0.0
2030-07-16 06:30:00,0.0
2030-07-16 06:45:00,0.0
2030-07-16 07:00:00,0.0
2030-07-16 07:15:00,0.0
2030-07-16 07:30:00,0.0
2030-07-16 07:45:00,0.0
2030-07-16 08:00:00,0.0
2030-07-16 08:15:00,0.0
2030-07-16 08:30:00,0.0
2030-07-16 08:45:00,0.0
2030-07-16 09:00:00,0.0
2030-07-16 09:15:00,0.0
2030-07-16 09:30:00,0.0
2030-07-16 09:45:00,0.0
2030-07-16 10:00:00,0.0
2030-07-16 10:15:00,0.0
2030-07-16 10:30:00,-1090.68636397738
2030-07-16 10:45:00,-20284.35760345625
2030-07-16 11:00:00,-20446.560435982203
2030-07-16 11:15:00,-21255.558448479904
2030-07-16 11:30:00,-21208.91918623452
2030-07-16 11:45:00,-21081.911427220606
2030-07-16 12:00:00,-20454.847377207185
2030-07-16 12:15:00,-20453.73694601215
2030-07-16 12:30:00,-20162.15410669578
2030-07-16 12:45:00,-19819.1017963951
2030-07-16 13:00:00,-18888.891501903112
2030-07-16 13:15:00,-18120.944545038925
2030-07-16 13:30:00,-17850.96530731248
2030-07-16 13:45:00,-17624.73336868574
2030-07-16 14:00:00,-16663.482498612764
2030-07-16 14:15:00,-16718.633088246672
2030-07-16 14:30:00,-16381.068220656776
2030-07-16 14:45:00,-15488.751664434036
2030-07-16 15:00:00,-14801.715284640708
2030-07-16 15:15:00,-14441.206772270958
2030-07-16 15:30:00,-13899.21818747096
2030-07-16 15:45:00,-12803.057537226248
2030-07-16 16:00:00,-10996.61585937165
2030-07-16 16:15:00,-10497.443190647902
2030-07-16 16:30:00,-9117.14379534479
2030-07-16 16:45:00,-7685.501827254333
2030-07-16 17:00:00,-5832.632598515585
2030-07-16 17:15:00,-4295.394489490949
2030-07-16 17:30:00,-2521.572851508565
2030-07-16 17:45:00,-746.700652720825
2030-07-16 18:00:00,0.0
2030-07-16 18:15:00,0.0
2030-07-16 18:30:00,0.0
2030-07-16 18:45:00,0.0
2030-07-16 19:00:00,0.0
2030-07-16 19:15:00,0.0
2030-07-16 19:30:00,0.0
2030-07-16 19:45:00,0.0
2030-07-16 20:00:00,0.0
2030-07-16 20:15:00,0.0
2030-07-16 20:30:00,0.0
2030-07-16 20:45:00,0.0
2030-07-16 21:00:00,0.0
2030-07-16 21:15:00,0.0
2030-07-16 21:30:00,0.0
2030-07-16 21:45:00,0.0
2030-07-16 22:00:00,0.0
2030-07-16 22:15:00,0.0
2030-07-16 22:30:00,0.0
2030-07-16 22:45:00,0.0
2030-07-16 23:00:00,0.0
2030-07-16 23:15:00,0.0
2030-07-16 23:30:00,0.0
2030-07-16 23:45:00,0.0
2030-07-17 00:00:00,0.0
2030-07-17 00:15:00,0.0
2030-07-17 00:30:00,0.0
2030-07-17 00:45:00,0.0
2030-07-17 01:00:00,0.0
2030-07-17 01:15:00,0.0
2030-07-17 01:30:00,0.0
2030-07-17 01:45:00,0.0
2030-07-17 02:00:00,0.0
2030-07-17 02:15:00,0.0
2030-07-17 02:30:00,0.0
2030-07-17 02:45:00,0.0
2030-07-17 03:00:00,0.0
2030-07-17 03:15:00,0.0
2030-07-17 03:30:00,0.0
2030-07-17 03:45:00,0.0
2030-07-17 04:00:00,0.0
2030-07-17 04:15:00,0.0
2030-07-17 04:30:00,0.0
2030-07-17 04:45:00,0.0
2030-07-17 05:00:00,0.0
2030-07-17 05:15:00,0.0
2030-07-17 05:30:00,0.0
2030-07-17 05:45:00,0.0
2030-07-17 06:00:00,0.0
2030-07-17 06:15:00,0.0
2030-07-17 06:30:00,0.0
2030-07-17 06:45:00,0.0
2030-07-17 07:00:00,0.0
2030-07-17 07:15:00,0.0
2030-07-17 07:30:00,0.0
2030-07-17 07:45:00,0.0
2030-07-17 08:00:00,0.0
2030-07-17 08:15:00,0.0
2030-07-17 08:30:00,0.0
2030-07-17 08:45:00,0.0
2030-07-17 09:00:00,0.0
2030-07-17 09:15:00,0.0
2030-07-17 09:30:00,0.0
2030-07-17 09:45:00,0.0
2030-07-17 10:00:00,0.0
2030-07-17 10:15:00,0.0
2030-07-17 10:30:00,0.0
2030-07-17 10:45:00,0.0
2030-07-17 11:00:00,0.0
2030-07-17 11:15:00,0.0
2030-07-17 11:30:00,0.0
2030-07-17 11:45:00,0.0
2030-07-17 12:00:00,0.0
2030-07-17 12:15:00,0.0
2030-07-17 12:30:00,0.0
2030-07-17 12:45:00,0.0
2030-07-17 13:00:00,0.0
2030-07-17 13:15:00,0.0
2030-07-17 13:30:00,0.0
2030-07-17 13:45:00,0.0
2030-07-17 14:00:00,0.0
2030-07-17 14:15:00,0.0
2030-07-17 14:30:00,0.0
2030-07-17 14:45:00,0.0
2030-07-17 15:00:00,0.0
2030-07-17 15:15:00,0.0
2030-07-17 15:30:00,-7116.49263684365
2030-07-17 15:45:00,-7580.288611796219
2030-07-17 16:00:00,-6333.597613275651
2030-07-17 16:15:00,-5129.122493331419
2030-07-17 16:30:00,-3679.035491260911
2030-07-17 16:45:00,-2593.2439743885334
2030-07-17 17:00:00,-991.3726618290602
2030-07-17 17:15:00,0.0
2030-07-17 17:30:00,0.0
2030-07-17 17:45:00,0.0
2030-07-17 18:00:00,0.0
2030-07-17 18:15:00,0.0
2030-07-17 18:30:00,0.0
2030-07-17 18:45:00,0.0
2030-07-17 19:00:00,0.0
2030-07-17 19:15:00,0.0
2030-07-17 19:30:00,0.0
2030-07-17 19:45:00,0.0
2030-07-17 20:00:00,0.0
2030-07-17 20:15:00,0.0
2030-07-17 20:30:00,0.0
2030-07-17 20:45:00,0.0
2030-07-17 21:00:00,0.0
2030-07-17 21:15:00,0.0
2030-07-17 21:30:00,0.0
2030-07-17 21:45:00,0.0
2030-07-17 22:00:00,0.0
2030-07-17 22:15:00,0.0
2030-07-17 22:30:00,0.0
2030-07-17 22:45:00,0.0
2030-07-17 23:00:00,0.0
2030-07-17 23:15:00,0.0
2030-07-17 23:30:00,0.0
2030-07-17 23:45:00,0.0
2030-07-18 00:00:00,0.0
2030-07-18 00:15:00,0.0
2030-07-18 00:30:00,0.0
2030-07-18 00:45:00,0.0
2030-07-18 01:00:00,0.0
2030-07-18 01:15:00,0.0
2030-07-18 01:30:00,0.0
2030-07-18 01:45:00,0.0
2030-07-18 02:00:00,0.0
2030-07-18 02:15:00,0.0
2030-07-18 02:30:00,0.0
2030-07-18 02:45:00,0.0
2030-07-18 03:00:00,0.0
2030-07-18 03:15:00,0.0
2030-07-18 03:30:00,0.0
2030-07-18 03:45:00,0.0
2030-07-18 04:00:00,5924.607211075419
2030-07-18 04:15:00,0.0
2030-07-18 04:30:00,0.0
2030-07-18 04:45:00,0.0
2030-07-18 05:00:00,0.0
2030-07-18 05:15:00,0.0
2030-07-18 05:30:00,0.0
2030-07-18 05:45:00,0.0
2030-07-18 06:00:00,0.0
2030-07-18 06:15:00,0.0
2030-07-18 06:30:00,0.0
2030-07-18 06:45:00,0.0
2030-07-18 07:00:00,0.0
2030-07-18 07:15:00,0.0
2030-07-18 07:30:00,0.0
2030-07-18 07:45:00,0.0
2030-07-18 08:00:00,0.0
2030-07-18 08:15:00,0.0
2030-07-18 08:30:00,0.0
2030-07-18 08:45:00,0.0
2030-07-18 09:00:00,0.0
2030-07-18 09:15:00,0.0
2030-07-18 09:30:00,0.0
2030-07-18 09:45:00,0.0
2030-07-18 10:00:00,0.0
2030-07-18 10:15:00,0.0
2030-07-18 10:30:00,0.0
2030-07-18 10:45:00,0.0
2030-07-18 11:00:00,0.0
2030-07-18 11:15:00,0.0
2030-07-18 11:30:00,0.0
2030-07-18 11:45:00,0.0
2030-07-18 12:00:00,0.0
2030-07-18 12:15:00,0.0
2030-07-18 12:30:00,0.0
2030-07-18 12:45:00,0.0
2030-07-18 13:00:00,0.0
2030-07-18 13:15:00,0.0
2030-07-18 13:30:00,0.0
2030-07-18 13:45:00,0.0
2030-07-18 14:00:00,0.0
2030-07-18 14:15:00,0.0
2030-07-18 14:30:00,0.0
2030-07-18 14:45:00,0.0
2030-07-18 15:00:00,0.0
2030-07-18 15:15:00,0.0
2030-07-18 15:30:00,0.0
2030-07-18 15:45:00,0.0
2030-07-18 16:00:00,0.0
2030-07-18 16:15:00,0.0
2030-07-18 16:30:00,0.0
2030-07-18 16:45:00,0.0
2030-07-18 17:00:00,0.0
2030-07-18 17:15:00,0.0
2030-07-18 17:30:00,0.0
2030-07-18 17:45:00,0.0
2030-07-18 18:00:00,0.0
2030-07-18 18:15:00,0.0
2030-07-18 18:30:00,0.0
2030-07-18 18:45:00,0.0
2030-07-18 19:00:00,0.0
2030-07-18 19:15:00,0.0
2030-07-18 19:30:00,0.0
2030-07-18 19:45:00,0.0
2030-07-18 20:00:00,0.0
2030-07-18 20:15:00,0.0
2030-07-18 20:30:00,0.0
2030-07-18 20:45:00,0.0
2030-07-18 21:00:00,0.0
2030-07-18 21:15:00,0.0
2030-07-18 21:30:00,0.0
2030-07-18 21:45:00,7119.788047859294
2030-07-18 22:00:00,3629.3600189395456
2030-07-18 22:15:00,3542.848605421197
2030-07-18 22:30:00,3237.3433382737967
2030-07-18 22:45:00,2823.8837334545115
2030-07-18 23:00:00,2433.8120419820807
2030-07-18 23:15:00,2137.2388524914986
2030-07-18 23:30:00,1788.9394527523546
2030-07-18 23:45:00,1649.4192095464077
2030-07-19 00:00:00,1395.633540027844
2030-07-19 00:15:00,1401.2311539463099
2030-07-19 00:30:00,1313.00098419407
2030-07-19 00:45:00,1225.932368987038
2030-07-19 01:00:00,761.943300373272
2030-07-19 01:15:00,646.7958549344658
2030-07-19 01:30:00,631.8189508747837
2030-07-19 01:45:00,506.75456518078136
2030-07-19 02:00:00,292.2972588964549
2030-07-19 02:15:00,235.5827034547001
2030-07-19 02:30:00,245.92060616948766
2030-07-19 02:45:00,189.79089008374103
2030-07-19 03:00:00,127.64253970717618
2030-07-19 03:15:00,110.22048391643875
2030-07-19 03:30:00,77.14173248093357
2030-07-19 03:45:00,40.19718369730799
2030-07-19 04:00:00,100.60264365845615
2030-07-19 04:15:00,0.0
2030-07-19 04:30:00,0.0
2030-07-19 04:45:00,0.0
2030-07-19 05:00:00,0.0
2030-07-19 05:15:00,0.0
2030-07-19 05:30:00,0.0
2030-07-19 05:45:00,0.0
2030-07-19 06:00:00,0.0
2030-07-19 06:15:00,0.0
2030-07-19 06:30:00,0.0
2030-07-19 06:45:00,0.0
2030-07-19 07:00:00,0.0
2030-07-19 07:15:00,0.0
2030-07-19 07:30:00,0.0
2030-07-19 07:45:00,0.0
2030-07-19 08:00:00,0.0
2030-07-19 08:15:00,0.0
2030-07-19 08:30:00,0.0
2030-07-19 08:45:00,0.0
2030-07-19 09:00:00,0.0
2030-07-19 09:15:00,0.0
2030-07-19 09:30:00,0.0
2030-07-19 09:45:00,0.0
2030-07-19 10:00:00,0.0
2030-07-19 10:15:00,0.0
2030-07-19 10:30:00,0.0
2030-07-19 10:45:00,0.0
2030-07-19 11:00:00,0.0
2030-07-19 11:15:00,0.0
2030-07-19 11:30:00,0.0
2030-07-19 11:45:00,0.0
2030-07-19 12:00:00,0.0
2030-07-19 12:15:00,0.0
2030-07-19 12:30:00,0.0
2030-07-19 12:45:00,0.0
2030-07-19 13:00:00,0.0
2030-07-19 13:15:00,0.0
2030-07-19 13:30:00,0.0
2030-07-19 13:45:00,0.0
2030-07-19 14:00:00,0.0
2030-07-19 14:15:00,0.0
2030-07-19 14:30:00,0.0
2030-07-19 14:45:00,0.0
2030-07-19 15:00:00,0.0
2030-07-19 15:15:00,0.0
2030-07-19 15:30:00,0.0
2030-07-19 15:45:00,0.0
2030-07-19 16:00:00,0.0
2030-07-19 16:15:00,0.0
2030-07-19 16:30:00,0.0
2030-07-19 16:45:00,0.0
2030-07-19 17:00:00,0.0
2030-07-19 17:15:00,0.0
2030-07-19 17:30:00,0.0
2030-07-19 17:45:00,0.0
2030-07-19 18:00:00,0.0
2030-07-19 18:15:00,0.0
2030-07-19 18:30:00,0.0
2030-07-19 18:45:00,0.0
2030-07-19 19:00:00,0.0
2030-07-19 19:15:00,0.0
2030-07-19 19:30:00,0.0
2030-07-19 19:45:00,0.0
2030-07-19 20:00:00,0.0
2030-07-19 20:15:00,0.0
2030-07-19 20:30:00,0.0
2030-07-19 20:45:00,0.0
2030-07-19 21:00:00,0.0
2030-07-19 21:15:00,0.0
2030-07-19 21:30:00,0.0
2030-07-19 21:45:00,0.0
2030-07-19 22:00:00,0.0
2030-07-19 22:15:00,0.0
2030-07-19 22:30:00,0.0
2030-07-19 22:45:00,0.0
2030-07-19 23:00:00,0.0
2030-07-19 23:15:00,0.0
2030-07-19 23:30:00,0.0
2030-07-19 23:45:00,0.0
2030-07-20 00:00:00,0.0
2030-07-20 00:15:00,0.0
2030-07-20 00:30:00,0.0
2030-07-20 00:45:00,0.0
2030-07-20 01:00:00,9020.409064847976
2030-07-20 01:15:00,0.0
2030-07-20 01:30:00,0.0
2030-07-20 01:45:00,0.0
2030-07-20 02:00:00,0.0
2030-07-20 02:15:00,0.0
2030-07-20 02:30:00,0.0
2030-07-20 02:45:00,0.0
2030-07-20 03:00:00,0.0
2030-07-20 03:15:00,0.0
2030-07-20 03:30:00,0.0
2030-07-20 03:45:00,0.0
2030-07-20 04:00:00,0.0
2030-07-20 04:15:00,0.0
2030-07-20 04:30:00,0.0
2030-07-20 04:45:00,0.0
2030-07-20 05:00:00,0.0
2030-07-20 05:15:00,0.0
2030-07-20 05:30:00,0.0
2030-07-20 05:45:00,0.0
2030-07-20 06:00:00,0.0
2030-07-20 06:15:00,0.0
2030-07-20 06:30:00,0.0
2030-07-20 06:45:00,0.0
2030-07-20 07:00:00,0.0
2030-07-20 07:15:00,0.0
2030-07-20 07:30:00,0.0
2030-07-20 07:45:00,0.0
2030-07-20 08:00:00,0.0
2030-07-20 08:15:00,0.0
2030-07-20 08:30:00,0.0
2030-07-20 08:45:00,0.0
2030-07-20 09:00:00,0.0
2030-07-20 09:15:00,0.0
2030-07-20 09:30:00,0.0
2030-07-20 09:45:00,0.0
2030-07-20 10:00:00,0.0
2030-07-20 10:15:00,0.0
2030-07-20 10:30:00,0.0
2030-07-20 10:45:00,0.0
2030-07-20 11:00:00,0.0
2030-07-20 11:15:00,0.0
2030-07-20 11:30:00,0.0
2030-07-20 11:45:00,0.0
2030-07-20 12:00:00,0.0
2030-07-20 12:15:00,0.0
2030-07-20 12:30:00,0.0
2030-07-20 12:45:00,0.0
2030-07-20 13:00:00,0.0
2030-07-20 13:15:00,0.0
2030-07-20 13:30:00,0.0
2030-07-20 13:45:00,0.0
2030-07-20 14:00:00,0.0
2030-07-20 14:15:00,0.0
2030-07-20 14:30:00,0.0
2030-07-20 14:45:00,0.0
2030-07-20 15:00:00,0.0
2030-07-20 15:15:00,0.0
2030-07-20 15:30:00,0.0
2030-07-20 15:45:00,0.0
2030-07-20 16:00:00,0.0
2030-07-20 16:15:00,0.0
2030-07-20 16:30:00,0.0
2030-07-20 16:45:00,0.0
2030-07-20 17:00:00,0.0
2030-07-20 17:15:00,0.0
2030-07-20 17:30:00,0.0
2030-07-20 17:45:00,0.0
2030-07-20 18:00:00,0.0
2030-07-20 18:15:00,0.0
2030-07-20 18:30:00,0.0
2030-07-20 18:45:00,0.0
2030-07-20 19:00:00,0.0
2030-07-20 19:15:00,0.0
2030-07-20 19:30:00,0.0
2030-07-20 19:45:00,0.0
2030-07-20 20:00:00,0.0
2030-07-20 20:15:00,0.0
2030-07-20 20:30:00,0.0
2030-07-20 20:45:00,0.0
2030-07-20 21:00:00,0.0
2030-07-20 21:15:00,0.0
2030-07-20 21:30:00,0.0
2030-07-20 21:45:00,0.0
2030-07-20 22:00:00,0.0
2030-07-20 22:15:00,0.0
2030-07-20 22:30:00,0.0
2030-07-20 22:45:00,0.0
2030-07-20 23:00:00,0.0
2030-07-20 23:15:00,0.0
2030-07-20 23:30:00,3170.6035136733553
2030-07-20 23:45:00,115.4007083943743
2030-07-21 00:00:00,0.0
2030-07-21 00:15:00,0.0
2030-07-21 00:30:00,0.0
2030-07-21 00:45:00,0.0
2030-07-21 01:00:00,0.0
2030-07-21 01:15:00,0.0
2030-07-21 01:30:00,0.0
2030-07-21 01:45:00,0.0
2030-07-21 02:00:00,0.0
2030-07-21 02:15:00,0.0
2030-07-21 02:30:00,0.0
2030-07-21 02:45:00,0.0
2030-07-21 03:00:00,0.0
2030-07-21 03:15:00,0.0
2030-07-21 03:30:00,0.0
2030-07-21 03:45:00,0.0
2030-07-21 04:00:00,0.0
2030-07-21 04:15:00,0.0
2030-07-21 04:30:00,0.0
2030-07-21 04:45:00,0.0
2030-07-21 05:00:00,0.0
2030-07-21 05:15:00,0.0
2030-07-21 05:30:00,0.0
2030-07-21 05:45:00,0.0
2030-07-21 06:00:00,0.0
2030-07-21 06:15:00,0.0
2030-07-21 06:30:00,0.0
2030-07-21 06:45:00,0.0
2030-07-21 07:00:00,0.0
2030-07-21 07:15:00,0.0
2030-07-21 07:30:00,0.0
2030-07-21 07:45:00,0.0
2030-07-21 08:00:00,0.0
2030-07-21 08:15:00,0.0
2030-07-21 08:30:00,0.0
2030-07-21 08:45:00,0.0
2030-07-21 09:00:00,0.0
2030-07-21 09:15:00,0.0
2030-07-21 09:30:00,0.0
2030-07-21 09:45:00,0.0
2030-07-21 10:00:00,0.0
2030-07-21 10:15:00,0.0
2030-07-21 10:30:00,0.0
2030-07-21 10:45:00,0.0
2030-07-21 11:00:00,0.0
2030-07-21 11:15:00,0.0
2030-07-21 11:30:00,0.0
2030-07-21 11:45:00,0.0
2030-07-21 12:00:00,0.0
2030-07-21 12:15:00,0.0
2030-07-21 12:30:00,0.0
2030-07-21 12:45:00,0.0
2030-07-21 13:00:00,0.0
2030-07-21 13:15:00,0.0
2030-07-21 13:30:00,0.0
2030-07-21 13:45:00,0.0
2030-07-21 14:00:00,0.0
2030-07-21 14:15:00,0.0
2030-07-21 14:30:00,0.0
2030-07-21 14:45:00,0.0
2030-07-21 15:00:00,0.0
2030-07-21 15:15:00,0.0
2030-07-21 15:30:00,0.0
2030-07-21 15:45:00,108.34295232696968
2030-07-21 16:00:00,0.0
2030-07-21 16:15:00,0.0
2030-07-21 16:30:00,0.0
2030-07-21 16:45:00,0.0
2030-07-21 17:00:00,0.0
2030-07-21 17:15:00,0.0
2030-07-21 17:30:00,0.0
2030-07-21 17:45:00,0.0
2030-07-21 18:00:00,0.0
2030-07-21 18:15:00,0.0
2030-07-21 18:30:00,0.0
2030-07-21 18:45:00,0.0
2030-07-21 19:00:00,0.0
2030-07-21 19:15:00,45.30745118447521
2030-07-21 19:30:00,189.47111583300648
2030-07-21 19:45:00,70.90180964027604
2030-07-21 20:00:00,167.67818139203155
2030-07-21 20:15:00,0.0
2030-07-21 20:30:00,0.0
2030-07-21 20:45:00,0.0
2030-07-21 21:00:00,0.0
2030-07-21 21:15:00,0.0
2030-07-21 21:30:00,0.0
2030-07-21 21:45:00,0.0
2030-07-21 22:00:00,0.0
2030-07-21 22:15:00,0.0
2030-07-21 22:30:00,0.0
2030-07-21 22:45:00,0.0
2030-07-21 23:00:00,0.0
2030-07-21 23:15:00,0.0
2030-07-21 23:30:00,0.0
2030-07-21 23:45:00,0.0
2030-07-22 00:00:00,0.0
2030-07-22 00:15:00,0.0
2030-07-22 00:30:00,0.0
2030-07-22 00:45:00,0.0
2030-07-22 01:00:00,0.0
2030-07-22 01:15:00,0.0
2030-07-22 01:30:00,0.0
2030-07-22 01:45:00,0.0
2030-07-22 02:00:00,0.0
2030-07-22 02:15:00,0.0
2030-07-22 02:30:00,0.0
2030-07-22 02:45:00,0.0
2030-07-22 03:00:00,0.0
2030-07-22 03:15:00,0.0
2030-07-22 03:30:00,0.0
2030-07-22 03:45:00,0.0
2030-07-22 04:00:00,0.0
2030-07-22 04:15:00,0.0
2030-07-22 04:30:00,0.0
2030-07-22 04:45:00,0.0
2030-07-22 05:00:00,0.0
2030-07-22 05:15:00,0.0
2030-07-22 05:30:00,0.0
2030-07-22 05:45:00,0.0
2030-07-22 06:00:00,0.0
2030-07-22 06:15:00,0.0
2030-07-22 06:30:00,0.0
2030-07-22 06:45:00,0.0
2030-07-22 07:00:00,0.0
2030-07-22 07:15:00,0.0
2030-07-22 07:30:00,0.0
2030-07-22 07:45:00,0.0
2030-07-22 08:00:00,0.0
2030-07-22 08:15:00,0.0
2030-07-22 08:30:00,0.0
2030-07-22 08:45:00,0.0
2030-07-22 09:00:00,0.0
2030-07-22 09:15:00,0.0
2030-07-22 09:30:00,0.0
2030-07-22 09:45:00,0.0
2030-07-22 10:00:00,0.0
2030-07-22 10:15:00,0.0
2030-07-22 10:30:00,0.0
2030-07-22 10:45:00,0.0
2030-07-22 11:00:00,0.0
2030-07-22 11:15:00,0.0
2030-07-22 11:30:00,0.0
2030-07-22 11:45:00,0.0
2030-07-22 12:00:00,0.0
2030-07-22 12:15:00,0.0
2030-07-22 12:30:00,0.0
2030-07-22 12:45:00,0.0
2030-07-22 13:00:00,0.0
2030-07-22 13:15:00,0.0
2030-07-22 13:30:00,0.0
2030-07-22 13:45:00,0.0
2030-07-22 14:00:00,0.0
2030-07-22 14:15:00,0.0
2030-07-22 14:30:00,0.0
2030-07-22 14:45:00,0.0
2030-07-22 15:00:00,0.0
2030-07-22 15:15:00,0.0
2030-07-22 15:30:00,0.0
2030-07-22 15:45:00,0.0
2030-07-22 16:00:00,0.0
2030-07-22 16:15:00,0.0
2030-07-22 16:30:00,0.0
2030-07-22 16:45:00,0.0
2030-07-22 17:00:00,0.0
2030-07-22 17:15:00,0.0
2030-07-22 17:30:00,0.0
2030-07-22 17:45:00,0.0
2030-07-22 18:00:00,0.0
2030-07-22 18:15:00,0.0
2030-07-22 18:30:00,0.0
2030-07-22 18:45:00,0.0
2030-07-22 19:00:00,0.0
2030-07-22 19:15:00,0.0
2030-07-22 19:30:00,0.0
2030-07-22 19:45:00,0.0
2030-07-22 20:00:00,0.0
2030-07-22 20:15:00,0.0
2030-07-22 20:30:00,0.0
2030-07-22 20:45:00,0.0
2030-07-22 21:00:00,0.0
2030-07-22 21:15:00,0.0
2030-07-22 21:30:00,0.0
2030-07-22 21:45:00,2534.3008753588583
2030-07-22 22:00:00,0.0
2030-07-22 22:15:00,0.0
2030-07-22 22:30:00,0.0
2030-07-22 22:45:00,0.0
2030-07-22 23:00:00,0.0
2030-07-22 23:15:00,0.0
2030-07-22 23:30:00,0.0
2030-07-22 23:45:00,0.0
2030-07-23 00:00:00,0.0
2030-07-23 00:15:00,0.0
2030-07-23 00:30:00,0.0
2030-07-23 00:45:00,0.0
2030-07-23 01:00:00,0.0
2030-07-23 01:15:00,0.0
2030-07-23 01:30:00,0.0
2030-07-23 01:45:00,0.0
2030-07-23 02:00:00,0.0
2030-07-23 02:15:00,0.0
2030-07-23 02:30:00,0.0
2030-07-23 02:45:00,0.0
2030-07-23 03:00:00,0.0
2030-07-23 03:15:00,0.0
2030-07-23 03:30:00,0.0
2030-07-23 03:45:00,0.0
2030-07-23 04:00:00,0.0
2030-07-23 04:15:00,0.0
2030-07-23 04:30:00,0.0
2030-07-23 04:45:00,0.0
2030-07-23 05:00:00,0.0
2030-07-23 05:15:00,0.0
2030-07-23 05:30:00,0.0
2030-07-23 05:45:00,0.0
2030-07-23 06:00:00,0.0
2030-07-23 06:15:00,0.0
2030-07-23 06:30:00,0.0
2030-07-23 06:45:00,0.0
2030-07-23 07:00:00,0.0
2030-07-23 07:15:00,0.0
2030-07-23 07:30:00,0.0
2030-07-23 07:45:00,0.0
2030-07-23 08:00:00,0.0
2030-07-23 08:15:00,0.0
2030-07-23 08:30:00,0.0
2030-07-23 08:45:00,0.0
2030-07-23 09:00:00,0.0
2030-07-23 09:15:00,0.0
2030-07-23 09:30:00,0.0
2030-07-23 09:45:00,0.0
2030-07-23 10:00:00,0.0
2030-07-23 10:15:00,0.0
2030-07-23 10:30:00,0.0
2030-07-23 10:45:00,0.0
2030-07-23 11:00:00,0.0
2030-07-23 11:15:00,0.0
2030-07-23 11:30:00,0.0
2030-07-23 11:45:00,0.0
2030-07-23 12:00:00,0.0
2030-07-23 12:15:00,-14794.67455660658
2030-07-23 12:30:00,-26034.89069239499
2030-07-23 12:45:00,-25604.831842442138
2030-07-23 13:00:00,-25189.834568733517
2030-07-23 13:15:00,-24795.195525458486
2030-07-23 13:30:00,-24636.264823140275
2030-07-23 13:45:00,-24275.859699666034
2030-07-23 14:00:00,-24184.063789285
2030-07-23 14:15:00,-24342.188096538513
2030-07-23 14:30:00,-23810.767389895176
2030-07-23 14:45:00,-23297.684749888766
2030-07-23 15:00:00,-22260.0049089797
2030-07-23 15:15:00,-21520.24771750531
2030-07-23 15:30:00,-19962.536311228905
2030-07-23 15:45:00,-19038.5384143767
2030-07-23 16:00:00,-17958.747606955974
2030-07-23 16:15:00,-17051.710701800384
2030-07-23 16:30:00,-16177.479073179255
2030-07-23 16:45:00,-14879.290012450565
2030-07-23 17:00:00,-13091.287553739901
2030-07-23 17:15:00,-11487.159026921814
2030-07-23 17:30:00,-9359.457899568682
2030-07-23 17:45:00,-7372.00408014371
2030-07-23 18:00:00,-5203.2896161936205
2030-07-23 18:15:00,-3611.316542779299
2030-07-23 18:30:00,-2195.1261238041443
2030-07-23 18:45:00,-760.7748029065369
2030-07-23 19:00:00,0.0
2030-07-23 19:15:00,0.0
2030-07-23 19:30:00,0.0
2030-07-23 19:45:00,0.0
2030-07-23 20:00:00,0.0
2030-07-23 20:15:00,0.0
2030-07-23 20:30:00,0.0
2030-07-23 20:45:00,0.0
2030-07-23 21:00:00,0.0
2030-07-23 21:15:00,0.0
2030-07-23 21:30:00,0.0
2030-07-23 21:45:00,0.0
2030-07-23 22:00:00,0.0
2030-07-23 22:15:00,0.0
2030-07-23 22:30:00,0.0
2030-07-23 22:45:00,0.0
2030-07-23 23:00:00,0.0
2030-07-23 23:15:00,0.0
2030-07-23 23:30:00,0.0
2030-07-23 23:45:00,0.0
2030-07-24 00:00:00,0.0
2030-07-24 00:15:00,0.0
2030-07-24 00:30:00,0.0
2030-07-24 00:45:00,0.0
2030-07-24 01:00:00,0.0
2030-07-24 01:15:00,0.0
2030-07-24 01:30:00,0.0
2030-07-24 01:45:00,0.0
2030-07-24 02:00:00,0.0
2030-07-24 02:15:00,0.0
2030-07-24 02:30:00,0.0
2030-07-24 02:45:00,0.0
2030-07-24 03:00:00,0.0
2030-07-24 03:15:00,0.0
2030-07-24 03:30:00,0.0
2030-07-24 03:45:00,0.0
2030-07-24 04:00:00,0.0
2030-07-24 04:15:00,0.0
2030-07-24 04:30:00,0.0
2030-07-24 04:45:00,0.0
2030-07-24 05:00:00,0.0
2030-07-24 05:15:00,0.0
2030-07-24 05:30:00,0.0
2030-07-24 05:45:00,0.0
2030-07-24 06:00:00,0.0
2030-07-24 06:15:00,0.0
2030-07-24 06:30:00,0.0
2030-07-24 06:45:00,0.0
2030-07-24 07:00:00,0.0
2030-07-24 07:15:00,0.0
2030-07-24 07:30:00,0.0
2030-07-24 07:45:00,0.0
2030-07-24 08:00:00,0.0
2030-07-24 08:15:00,0.0
2030-07-24 08:30:00,0.0
2030-07-24 08:45:00,0.0
2030-07-24 09:00:00,0.0
2030-07-24 09:15:00,0.0
2030-07-24 09:30:00,0.0
2030-07-24 09:45:00,0.0
2030-07-24 10:00:00,-12276.967101049428
2030-07-24 10:15:00,-17032.773438894623
2030-07-24 10:30:00,-17946.800107036735
2030-07-24 10:45:00,-18499.716294682414
2030-07-24 11:00:00,-18623.00358804322
2030-07-24 11:15:00,-19018.73911758747
2030-07-24 11:30:00,-19141.67820840703
2030-07-24 11:45:00,-19431.202185120568
2030-07-24 12:00:00,-19804.60199638495
2030-07-24 12:15:00,-19803.711648969424
2030-07-24 12:30:00,-19617.532055352985
2030-07-24 12:45:00,-19588.896766773018
2030-07-24 13:00:00,-19509.756363563
2030-07-24 13:15:00,-19222.0465046634
2030-07-24 13:30:00,-19209.217911327094
2030-07-24 13:45:00,-18773.90465898151
2030-07-24 14:00:00,-18181.579549973016
2030-07-24 14:15:00,-17288.678048936043
2030-07-24 14:30:00,-16613.148974263106
2030-07-24 14:45:00,-15858.177876300557
2030-07-24 15:00:00,-14567.923784741157
2030-07-24 15:15:00,-13739.039910389125
2030-07-24 15:30:00,-12726.788081719646
2030-07-24 15:45:00,-11383.222974242606
2030-07-24 16:00:00,-9633.949868956672
2030-07-24 16:15:00,-8126.231987486211
2030-07-24 16:30:00,-6485.37683284163
2030-07-24 16:45:00,-4801.777551315092
2030-07-24 17:00:00,-3144.594238512964
2030-07-24 17:15:00,-1746.4884556837933
2030-07-24 17:30:00,-76.17610671726288
2030-07-24 17:45:00,0.0
2030-07-24 18:00:00,0.0
2030-07-24 18:15:00,0.0
2030-07-24 18:30:00,0.0
2030-07-24 18:45:00,0.0
2030-07-24 19:00:00,0.0
2030-07-24 19:15:00,0.0
2030-07-24 19:30:00,0.0
2030-07-24 19:45:00,0.0
2030-07-24 20:00:00,0.0
2030-07-24 20:15:00,0.0
2030-07-24 20:30:00,0.0
2030-07-24 20:45:00,0.0
2030-07-24 21:00:00,0.0
2030-07-24 21:15:00,0.0
2030-07-24 21:30:00,0.0
2030-07-24 21:45:00,0.0
2030-07-24 22:00:00,0.0
2030-07-24 22:15:00,0.0
2030-07-24 22:30:00,0.0
2030-07-24 22:45:00,0.0
2030-07-24 23:00:00,0.0
2030-07-24 23:15:00,0.0
2030-07-24 23:30:00,0.0
2030-07-24 23:45:00,0.0
2030-07-25 00:00:00,0.0
2030-07-25 00:15:00,0.0
2030-07-25 00:30:00,0.0
2030-07-25 00:45:00,0.0
2030-07-25 01:00:00,0.0
2030-07-25 01:15:00,0.0
2030-07-25 01:30:00,0.0
2030-07-25 01:45:00,0.0
2030-07-25 02:00:00,0.0
2030-07-25 02:15:00,0.0
2030-07-25 02:30:00,0.0
2030-07-25 02:45:00,0.0
2030-07-25 03:00:00,0.0
2030-07-25 03:15:00,0.0
2030-07-25 03:30:00,0.0
2030-07-25 03:45:00,0.0
2030-07-25 04:00:00,0.0
2030-07-25 04:15:00,0.0
2030-07-25 04:30:00,0.0
2030-07-25 04:45:00,0.0
2030-07-25 05:00:00,0.0
2030-07-25 05:15:00,0.0
2030-07-25 05:30:00,0.0
2030-07-25 05:45:00,0.0
2030-07-25 06:00:00,0.0
2030-07-25 06:15:00,6999.5835208821445
2030-07-25 06:30:00,0.0
2030-07-25 06:45:00,0.0
2030-07-25 07:00:00,0.0
2030-07-25 07:15:00,0.0
2030-07-25 07:30:00,0.0
2030-07-25 07:45:00,0.0
2030-07-25 08:00:00,0.0
2030-07-25 08:15:00,0.0
2030-07-25 08:30:00,0.0
2030-07-25 08:45:00,0.0
2030-07-25 09:00:00,0.0
2030-07-25 09:15:00,0.0
2030-07-25 09:30:00,0.0
2030-07-25 09:45:00,0.0
2030-07-25 10:00:00,0.0
2030-07-25 10:15:00,0.0
2030-07-25 10:30:00,0.0
2030-07-25 10:45:00,0.0
2030-07-25 11:00:00,0.0
2030-07-25 11:15:00,0.0
2030-07-25 11:30:00,0.0
2030-07-25 11:45:00,0.0
2030-07-25 12:00:00,0.0
2030-07-25 12:15:00,0.0
2030-07-25 12:30:00,0.0
2030-07-25 12:45:00,0.0
2030-07-25 13:00:00,0.0
2030-07-25 13:15:00,0.0
2030-07-25 13:30:00,0.0
2030-07-25 13:45:00,0.0
2030-07-25 14:00:00,0.0
2030-07-25 14:15:00,0.0
2030-07-25 14:30:00,0.0
2030-07-25 14:45:00,0.0
2030-07-25 15:00:00,0.0
2030-07-25 15:15:00,0.0
2030-07-25 15:30:00,0.0
2030-07-25 15:45:00,0.0
2030-07-25 16:00:00,0.0
2030-07-25 16:15:00,0.0
2030-07-25 16:30:00,0.0
2030-07-25 16:45:00,0.0
2030-07-25 17:00:00,0.0
2030-07-25 17:15:00,0.0
2030-07-25 17:30:00,0.0
2030-07-25 17:45:00,0.0
2030-07-25 18:00:00,0.0
2030-07-25 18:15:00,0.0
2030-07-25 18:30:00,0.0
2030-07-25 18:45:00,0.0
2030-07-25 19:00:00,0.0
2030-07-25 19:15:00,0.0
2030-07-25 19:30:00,0.0
2030-07-25 19:45:00,0.0
2030-07-25 20:00:00,0.0
2030-07-25 20:15:00,0.0
2030-07-25 20:30:00,0.0
2030-07-25 20:45:00,0.0
2030-07-25 21:00:00,0.0
2030-07-25 21:15:00,0.0
2030-07-25 21:30:00,0.0
2030-07-25 21:45:00,0.0
2030-07-25 22:00:00,0.0
2030-07-25 22:15:00,0.0
2030-07-25 22:30:00,0.0
2030-07-25 22:45:00,0.0
2030-07-25 23:00:00,0.0
2030-07-25 23:15:00,0.0
2030-07-25 23:30:00,0.0
2030-07-25 23:45:00,0.0
2030-07-26 00:00:00,0.0
2030-07-26 00:15:00,0.0
2030-07-26 00:30:00,0.0
2030-07-26 00:45:00,0.0
2030-07-26 01:00:00,0.0
2030-07-26 01:15:00,0.0
2030-07-26 01:30:00,0.0
2030-07-26 01:45:00,0.0
2030-07-26 02:00:00,0.0
2030-07-26 02:15:00,0.0
2030-07-26 02:30:00,0.0
2030-07-26 02:45:00,0.0
2030-07-26 03:00:00,0.0
2030-07-26 03:15:00,0.0
2030-07-26 03:30:00,0.0
2030-07-26 03:45:00,0.0
2030-07-26 04:00:00,0.0
2030-07-26 04:15:00,0.0
2030-07-26 04:30:00,0.0
2030-07-26 04:45:00,0.0
2030-07-26 05:00:00,0.0
2030-07-26 05:15:00,0.0
2030-07-26 05:30:00,0.0
2030-07-26 05:45:00,0.0
2030-07-26 06:00:00,0.0
2030-07-26 06:15:00,0.0
2030-07-26 06:30:00,0.0
2030-07-26 06:45:00,0.0
2030-07-26 07:00:00,0.0
2030-07-26 07:15:00,0.0
2030-07-26 07:30:00,0.0
2030-07-26 07:45:00,0.0
2030-07-26 08:00:00,0.0
2030-07-26 08:15:00,0.0
2030-07-26 08:30:00,0.0
2030-07-26 08:45:00,0.0
2030-07-26 09:00:00,0.0
2030-07-26 09:15:00,0.0
2030-07-26 09:30:00,0.0
2030-07-26 09:45:00,0.0
2030-07-26 10:00:00,0.0
2030-07-26 10:15:00,0.0
2030-07-26 10:30:00,0.0
2030-07-26 10:45:00,0.0
2030-07-26 11:00:00,0.0
2030-07-26 11:15:00,0.0
2030-07-26 11:30:00,0.0
2030-07-26 11:45:00,-13277.597596374948
2030-07-26 12:00:00,-20633.213055533946
2030-07-26 12:15:00,-20424.64218088155
2030-07-26 12:30:00,-20243.38493613686
2030-07-26 12:45:00,-19994.73732934011
2030-07-26 13:00:00,-20582.759067056733
2030-07-26 13:15:00,-20491.812188951786
2030-07-26 13:30:00,-19995.371269449093
2030-07-26 13:45:00,-19855.402139512644
2030-07-26 14:00:00,-19721.92340796348
2030-07-26 14:15:00,-18874.20787383788
2030-07-26 14:30:00,-17981.98582494072
2030-07-26 14:45:00,-17134.054283275058
2030-07-26 15:00:00,-16375.397112759587
2030-07-26 15:15:00,-15482.171109884257
2030-07-26 15:30:00,-14468.660984057293
2030-07-26 15:45:00,-13197.11513543682
2030-07-26 16:00:00,-11740.384205742226
2030-07-26 16:15:00,-9797.18960589257
2030-07-26 16:30:00,-7896.958039256053
2030-07-26 16:45:00,-6346.580455478677
2030-07-26 17:00:00,-4505.118787028314
2030-07-26 17:15:00,-2516.35340664304
2030-07-26 17:30:00,-465.3549096588431
2030-07-26 17:45:00,0.0
2030-07-26 18:00:00,0.0
2030-07-26 18:15:00,0.0
2030-07-26 18:30:00,0.0
2030-07-26 18:45:00,0.0
2030-07-26 19:00:00,0.0
2030-07-26 19:15:00,0.0
2030-07-26 19:30:00,0.0
2030-07-26 19:45:00,0.0
2030-07-26 20:00:00,0.0
2030-07-26 20:15:00,0.0
2030-07-26 20:30:00,0.0
2030-07-26 20:45:00,0.0
2030-07-26 21:00:00,0.0
2030-07-26 21:15:00,0.0
2030-07-26 21:30:00,0.0
2030-07-26 21:45:00,0.0
2030-07-26 22:00:00,0.0
2030-07-26 22:15:00,0.0
2030-07-26 22:30:00,0.0
2030-07-26 22:45:00,0.0
2030-07-26 23:00:00,0.0
2030-07-26 23:15:00,0.0
2030-07-26 23:30:00,0.0
2030-07-26 23:45:00,0.0
2030-07-27 00:00:00,0.0
2030-07-27 00:15:00,0.0
2030-07-27 00:30:00,0.0
2030-07-27 00:45:00,0.0
2030-07-27 01:00:00,0.0
2030-07-27 01:15:00,0.0
2030-07-27 01:30:00,0.0
2030-07-27 01:45:00,0.0
2030-07-27 02:00:00,0.0
2030-07-27 02:15:00,0.0
2030-07-27 02:30:00,0.0
2030-07-27 02:45:00,0.0
2030-07-27 03:00:00,0.0
2030-07-27 03:15:00,0.0
2030-07-27 03:30:00,0.0
2030-07-27 03:45:00,0.0
2030-07-27 04:00:00,0.0
2030-07-27 04:15:00,0.0
2030-07-27 04:30:00,0.0
2030-07-27 04:45:00,0.0
2030-07-27 05:00:00,0.0
2030-07-27 05:15:00,0.0
2030-07-27 05:30:00,0.0
2030-07-27 05:45:00,0.0
2030-07-27 06:00:00,0.0
2030-07-27 06:15:00,0.0
2030-07-27 06:30:00,0.0
2030-07-27 06:45:00,0.0
2030-07-27 07:00:00,0.0
2030-07-27 07:15:00,0.0
2030-07-27 07:30:00,0.0
2030-07-27 07:45:00,0.0
2030-07-27 08:00:00,0.0
2030-07-27 08:15:00,0.0
2030-07-27 08:30:00,0.0
2030-07-27 08:45:00,0.0
2030-07-27 09:00:00,0.0
2030-07-27 09:15:00,0.0
2030-07-27 09:30:00,0.0
2030-07-27 09:45:00,0.0
2030-07-27 10:00:00,0.0
2030-07-27 10:15:00,0.0
2030-07-27 10:30:00,0.0
2030-07-27 10:45:00,0.0
2030-07-27 11:00:00,0.0
2030-07-27 11:15:00,0.0
2030-07-27 11:30:00,0.0
2030-07-27 11:45:00,0.0
2030-07-27 12:00:00,0.0
2030-07-27 12:15:00,0.0
2030-07-27 12:30:00,-158.49731325031098
2030-07-27 12:45:00,-16228.471775210539
2030-07-27 13:00:00,-15755.7528208646
2030-07-27 13:15:00,-15138.335941355814
2030-07-27 13:30:00,-14530.567758829162
2030-07-27 13:45:00,-14253.787556057228
2030-07-27 14:00:00,-13984.615223890076
2030-07-27 14:15:00,-13206.633375537243
2030-07-27 14:30:00,-12795.874437163362
2030-07-27 14:45:00,-12094.680605237598
2030-07-27 15:00:00,-11249.960145712586
2030-07-27 15:15:00,-10814.363286072738
2030-07-27 15:30:00,-10399.850707637026
2030-07-27 15:45:00,-9705.557282172223
2030-07-27 16:00:00,-8570.334290772706
2030-07-27 16:15:00,-7855.033898301062
2030-07-27 16:30:00,-6761.750918898091
2030-07-27 16:45:00,-5138.935185613547
2030-07-27 17:00:00,-3416.5552553031557
2030-07-27 17:15:00,-2265.045683811928
2030-07-27 17:30:00,-1247.4395223928295
2030-07-27 17:45:00,-247.01762881867762
2030-07-27 18:00:00,0.0
2030-07-27 18:15:00,0.0
2030-07-27 18:30:00,0.0
2030-07-27 18:45:00,0.0
2030-07-27 19:00:00,0.0
2030-07-27 19:15:00,0.0
2030-07-27 19:30:00,0.0
2030-07-27 19:45:00,0.0
2030-07-27 20:00:00,0.0
2030-07-27 20:15:00,0.0
2030-07-27 20:30:00,0.0
2030-07-27 20:45:00,0.0
2030-07-27 21:00:00,0.0
2030-07-27 21:15:00,0.0
2030-07-27 21:30:00,0.0
2030-07-27 21:45:00,0.0
2030-07-27 22:00:00,0.0
2030-07-27 22:15:00,0.0
2030-07-27 22:30:00,0.0
2030-07-27 22:45:00,0.0
2030-07-27 23:00:00,0.0
2030-07-27 23:15:00,0.0
2030-07-27 23:30:00,0.0
2030-07-27 23:45:00,0.0
2030-07-28 00:00:00,0.0
2030-07-28 00:15:00,0.0
2030-07-28 00:30:00,0.0
2030-07-28 00:45:00,0.0
2030-07-28 01:00:00,0.0
2030-07-28 01:15:00,0.0
2030-07-28 01:30:00,0.0
2030-07-28 01:45:00,0.0
2030-07-28 02:00:00,0.0
2030-07-28 02:15:00,0.0
2030-07-28 02:30:00,0.0
2030-07-28 02:45:00,0.0
2030-07-28 03:00:00,0.0
2030-07-28 03:15:00,0.0
2030-07-28 03:30:00,0.0
2030-07-28 03:45:00,0.0
2030-07-28 04:00:00,0.0
2030-07-28 04:15:00,0.0
2030-07-28 04:30:00,0.0
2030-07-28 04:45:00,0.0
2030-07-28 05:00:00,0.0
2030-07-28 05:15:00,0.0
2030-07-28 05:30:00,0.0
2030-07-28 05:45:00,0.0
2030-07-28 06:00:00,0.0
2030-07-28 06:15:00,-944.4834693552511
2030-07-28 06:30:00,-3333.6030010392496
2030-07-28 06:45:00,-3851.0710927519613
2030-07-28 07:00:00,-4638.474946926515
2030-07-28 07:15:00,-5491.907898592941
2030-07-28 07:30:00,-6246.362158633958
2030-07-28 07:45:00,-7501.7193096062765
2030-07-28 08:00:00,-8272.505800180887
2030-07-28 08:15:00,-9643.424556057493
2030-07-28 08:30:00,-10586.418051332723
2030-07-28 08:45:00,-11623.188438366571
2030-07-28 09:00:00,-12553.328114402633
2030-07-28 09:15:00,-12678.11431381584
2030-07-28 09:30:00,-13252.810030260687
2030-07-28 09:45:00,-13685.841905503166
2030-07-28 10:00:00,-14082.516241198959
2030-07-28 10:15:00,-14496.821841203895
2030-07-28 10:30:00,-14863.612666184297
2030-07-28 10:45:00,-14785.709748291862
2030-07-28 11:00:00,-14988.014106711813
2030-07-28 11:15:00,-15339.170382896533
2030-07-28 11:30:00,-15480.629415651518
2030-07-28 11:45:00,-15495.558030230754
2030-07-28 12:00:00,-15186.55480524151
2030-07-28 12:15:00,-14721.427818021111
2030-07-28 12:30:00,-14698.517136098813
2030-07-28 12:45:00,-14714.379080801977
2030-07-28 13:00:00,-14375.088809331683
2030-07-28 13:15:00,-14171.771037259845
2030-07-28 13:30:00,-14179.686459180972
2030-07-28 13:45:00,-13654.106848225023
2030-07-28 14:00:00,-12944.951516295143
2030-07-28 14:15:00,-12160.318827149771
2030-07-28 14:30:00,-11773.908072087528
2030-07-28 14:45:00,-10938.581612056958
2030-07-28 15:00:00,-9827.889857492097
2030-07-28 15:15:00,-8439.598724000214
2030-07-28 15:30:00,-6615.501921929175
2030-07-28 15:45:00,-5360.063927760628
2030-07-28 16:00:00,-4005.7026826619476
2030-07-28 16:15:00,-2694.758426341181
2030-07-28 16:30:00,-1629.8033458109749
2030-07-28 16:45:00,-356.1352471646642
2030-07-28 17:00:00,0.0
2030-07-28 17:15:00,0.0
2030-07-28 17:30:00,0.0
2030-07-28 17:45:00,0.0
2030-07-28 18:00:00,0.0
2030-07-28 18:15:00,0.0
2030-07-28 18:30:00,0.0
2030-07-28 18:45:00,0.0
2030-07-28 19:00:00,0.0
2030-07-28 19:15:00,0.0
2030-07-28 19:30:00,0.0
2030-07-28 19:45:00,0.0
2030-07-28 20:00:00,0.0
2030-07-28 20:15:00,0.0
2030-07-28 20:30:00,0.0
2030-07-28 20:45:00,0.0
2030-07-28 21:00:00,0.0
2030-07-28 21:15:00,0.0
2030-07-28 21:30:00,0.0
2030-07-28 21:45:00,0.0
2030-07-28 22:00:00,0.0
2030-07-28 22:15:00,0.0
2030-07-28 22:30:00,0.0
2030-07-28 22:45:00,0.0
2030-07-28 23:00:00,0.0
2030-07-28 23:15:00,0.0
2030-07-28 23:30:00,0.0
2030-07-28 23:45:00,0.0
2030-07-29 00:00:00,0.0
2030-07-29 00:15:00,0.0
2030-07-29 00:30:00,0.0
2030-07-29 00:45:00,0.0
2030-07-29 01:00:00,0.0
2030-07-29 01:15:00,0.0
2030-07-29 01:30:00,0.0
2030-07-29 01:45:00,0.0
2030-07-29 02:00:00,0.0
2030-07-29 02:15:00,0.0
2030-07-29 02:30:00,0.0
2030-07-29 02:45:00,0.0
2030-07-29 03:00:00,0.0
2030-07-29 03:15:00,0.0
2030-07-29 03:30:00,0.0
2030-07-29 03:45:00,0.0
2030-07-29 04:00:00,0.0
2030-07-29 04:15:00,0.0
2030-07-29 04:30:00,0.0
2030-07-29 04:45:00,0.0
2030-07-29 05:00:00,0.0
2030-07-29 05:15:00,0.0
2030-07-29 05:30:00,0.0
2030-07-29 05:45:00,0.0
2030-07-29 06:00:00,0.0
2030-07-29 06:15:00,0.0
2030-07-29 06:30:00,0.0
2030-07-29 06:45:00,0.0
2030-07-29 07:00:00,0.0
2030-07-29 07:15:00,0.0
2030-07-29 07:30:00,0.0
2030-07-29 07:45:00,0.0
2030-07-29 08:00:00,0.0
2030-07-29 08:15:00,0.0
2030-07-29 08:30:00,0.0
2030-07-29 08:45:00,0.0
2030-07-29 09:00:00,0.0
2030-07-29 09:15:00,0.0
2030-07-29 09:30:00,0.0
2030-07-29 09:45:00,0.0
2030-07-29 10:00:00,-9081.336204600972
2030-07-29 10:15:00,-20893.114296833257
2030-07-29 10:30:00,-21345.60674933831
2030-07-29 10:45:00,-21934.278353873873
2030-07-29 11:00:00,-22413.733140522152
2030-07-29 11:15:00,-22664.19921058903
2030-07-29 11:30:00,-22699.15068898995
2030-07-29 11:45:00,-22804.035421956214
2030-07-29 12:00:00,-22803.63044747628
2030-07-29 12:15:00,-23127.810675105808
2030-07-29 12:30:00,-23249.01434494827
2030-07-29 12:45:00,-23174.857827184638
2030-07-29 13:00:00,-23437.976003622403
2030-07-29 13:15:00,-23618.675349487068
2030-07-29 13:30:00,-23612.75868265003
2030-07-29 13:45:00,-23304.008395623743
2030-07-29 14:00:00,-22749.052896081514
2030-07-29 14:15:00,-22527.090487525424
2030-07-29 14:30:00,-21881.52627502011
2030-07-29 14:45:00,-21378.072378850455
2030-07-29 15:00:00,-19750.488736787367
2030-07-29 15:15:00,-18482.881438735403
2030-07-29 15:30:00,-17642.270158607687
2030-07-29 15:45:00,-16796.98707033242
2030-07-29 16:00:00,-15194.682734859378
2030-07-29 16:15:00,-14141.249320779172
2030-07-29 16:30:00,-13111.331805161126
2030-07-29 16:45:00,-11559.409140295971
2030-07-29 17:00:00,-10232.512158072304
2030-07-29 17:15:00,-8855.244227432835
2030-07-29 17:30:00,-6797.59682161666
2030-07-29 17:45:00,-4916.114653732908
2030-07-29 18:00:00,-3085.552713395413
2030-07-29 18:15:00,-1498.982793050207
2030-07-29 18:30:00,-188.41072176237503
2030-07-29 18:45:00,0.0
2030-07-29 19:00:00,0.0
2030-07-29 19:15:00,0.0
2030-07-29 19:30:00,0.0
2030-07-29 19:45:00,0.0
2030-07-29 20:00:00,0.0
2030-07-29 20:15:00,0.0
2030-07-29 20:30:00,0.0
2030-07-29 20:45:00,0.0
2030-07-29 21:00:00,0.0
2030-07-29 21:15:00,0.0
2030-07-29 21:30:00,0.0
2030-07-29 21:45:00,0.0
2030-07-29 22:00:00,0.0
2030-07-29 22:15:00,0.0
2030-07-29 22:30:00,0.0
2030-07-29 22:45:00,0.0
2030-07-29 23:00:00,0.0
2030-07-29 23:15:00,0.0
2030-07-29 23:30:00,0.0
2030-07-29 23:45:00,0.0
2030-07-30 00:00:00,0.0
2030-07-30 00:15:00,0.0
2030-07-30 00:30:00,0.0
2030-07-30 00:45:00,0.0
2030-07-30 01:00:00,0.0
2030-07-30 01:15:00,0.0
2030-07-30 01:30:00,0.0
2030-07-30 01:45:00,0.0
2030-07-30 02:00:00,0.0
2030-07-30 02:15:00,0.0
2030-07-30 02:30:00,0.0
2030-07-30 02:45:00,0.0
2030-07-30 03:00:00,0.0
2030-07-30 03:15:00,0.0
2030-07-30 03:30:00,0.0
2030-07-30 03:45:00,0.0
2030-07-30 04:00:00,0.0
2030-07-30 04:15:00,0.0
2030-07-30 04:30:00,0.0
2030-07-30 04:45:00,0.0
2030-07-30 05:00:00,0.0
2030-07-30 05:15:00,0.0
2030-07-30 05:30:00,0.0
2030-07-30 05:45:00,0.0
2030-07-30 06:00:00,0.0
2030-07-30 06:15:00,0.0
2030-07-30 06:30:00,0.0
2030-07-30 06:45:00,0.0
2030-07-30 07:00:00,0.0
2030-07-30 07:15:00,0.0
2030-07-30 07:30:00,0.0
2030-07-30 07:45:00,0.0
2030-07-30 08:00:00,0.0
2030-07-30 08:15:00,0.0
2030-07-30 08:30:00,0.0
2030-07-30 08:45:00,0.0
2030-07-30 09:00:00,-7208.380520429051
2030-07-30 09:15:00,-15714.040950475752
2030-07-30 09:30:00,-16928.9402854543
2030-07-30 09:45:00,-17933.62167770504
2030-07-30 10:00:00,-19547.31699311494
2030-07-30 10:15:00,-20628.205014288476
2030-07-30 10:30:00,-21254.63686983791
2030-07-30 10:45:00,-21738.552897689446
2030-07-30 11:00:00,-22283.115063767185
2030-07-30 11:15:00,-22455.95919823832
2030-07-30 11:30:00,-22183.47267399093
2030-07-30 11:45:00,-22087.797222678153
2030-07-30 12:00:00,-21759.595325956398
2030-07-30 12:15:00,-21579.982285620696
2030-07-30 12:30:00,-20729.555179198782
2030-07-30 12:45:00,-20324.708614555093
2030-07-30 13:00:00,-20791.789235055156
2030-07-30 13:15:00,-20957.96893305541
2030-07-30 13:30:00,-20391.59876560953
2030-07-30 13:45:00,-20098.557865017858
2030-07-30 14:00:00,-19607.363637246868
2030-07-30 14:15:00,-19078.717616476584
2030-07-30 14:30:00,-18593.01343282091
2030-07-30 14:45:00,-17724.680889776595
2030-07-30 15:00:00,-17246.027133343996
2030-07-30 15:15:00,-16967.284444402605
2030-07-30 15:30:00,-16486.207208255568
2030-07-30 15:45:00,-15763.610963400513
2030-07-30 16:00:00,-14246.143767981594
2030-07-30 16:15:00,-13430.707339587405
2030-07-30 16:30:00,-12421.231143083434
2030-07-30 16:45:00,-11243.43074838117
2030-07-30 17:00:00,-9678.4599693906
2030-07-30 17:15:00,-8188.26111505361
2030-07-30 17:30:00,-6370.701693609441
2030-07-30 17:45:00,-4622.120687314955
2030-07-30 18:00:00,-2442.9151475643303
2030-07-30 18:15:00,-879.8018447204122
2030-07-30 18:30:00,0.0
2030-07-30 18:45:00,0.0
2030-07-30 19:00:00,0.0
2030-07-30 19:15:00,0.0
2030-07-30 19:30:00,0.0
2030-07-30 19:45:00,0.0
2030-07-30 20:00:00,0.0
2030-07-30 20:15:00,0.0
2030-07-30 20:30:00,0.0
2030-07-30 20:45:00,0.0
2030-07-30 21:00:00,0.0
2030-07-30 21:15:00,0.0
2030-07-30 21:30:00,0.0
2030-07-30 21:45:00,0.0
2030-07-30 22:00:00,0.0
2030-07-30 22:15:00,0.0
2030-07-30 22:30:00,0.0
2030-07-30 22:45:00,0.0
2030-07-30 23:00:00,0.0
2030-07-30 23:15:00,0.0
2030-07-30 23:30:00,0.0
2030-07-30 23:45:00,0.0
2030-07-31 00:00:00,0.0
2030-07-31 00:15:00,0.0
2030-07-31 00:30:00,0.0
2030-07-31 00:45:00,0.0
2030-07-31 01:00:00,0.0
2030-07-31 01:15:00,0.0
2030-07-31 01:30:00,0.0
2030-07-31 01:45:00,0.0
2030-07-31 02:00:00,0.0
2030-07-31 02:15:00,0.0
2030-07-31 02:30:00,0.0
2030-07-31 02:45:00,0.0
2030-07-31 03:00:00,0.0
2030-07-31 03:15:00,0.0
2030-07-31 03:30:00,0.0
2030-07-31 03:45:00,0.0
2030-07-31 04:00:00,0.0
2030-07-31 04:15:00,0.0
2030-07-31 04:30:00,0.0
2030-07-31 04:45:00,0.0
2030-07-31 05:00:00,0.0
2030-07-31 05:15:00,0.0
2030-07-31 05:30:00,0.0
2030-07-31 05:45:00,0.0
2030-07-31 06:00:00,0.0
2030-07-31 06:15:00,0.0
2030-07-31 06:30:00,0.0
2030-07-31 06:45:00,0.0
2030-07-31 07:00:00,0.0
2030-07-31 07:15:00,0.0
2030-07-31 07:30:00,0.0
2030-07-31 07:45:00,0.0
2030-07-31 08:00:00,0.0
2030-07-31 08:15:00,0.0
2030-07-31 08:30:00,0.0
2030-07-31 08:45:00,0.0
2030-07-31 09:00:00,0.0
2030-07-31 09:15:00,0.0
2030-07-31 09:30:00,0.0
2030-07-31 09:45:00,0.0
2030-07-31 10:00:00,-13570.106954693227
2030-07-31 10:15:00,-17388.483657071352
2030-07-31 10:30:00,-18178.35700109751
2030-07-31 10:45:00,-18505.17141456743
2030-07-31 11:00:00,-18872.221646843373
2030-07-31 11:15:00,-19141.34949131815
2030-07-31 11:30:00,-19438.249034818786
2030-07-31 11:45:00,-19623.210667398074
2030-07-31 12:00:00,-19605.55304185392
2030-07-31 12:15:00,-19451.2016708595
2030-07-31 12:30:00,-19069.402328095133
2030-07-31 12:45:00,-18818.366792859022
2030-07-31 13:00:00,-18330.47753978275
2030-07-31 13:15:00,-18175.805244137457
2030-07-31 13:30:00,-18373.443390066197
2030-07-31 13:45:00,-18071.16966674498
2030-07-31 14:00:00,-17640.423175772994
2030-07-31 14:15:00,-16613.716201191175
2030-07-31 14:30:00,-15882.684583296701
2030-07-31 14:45:00,-15173.287110207053
2030-07-31 15:00:00,-14342.957169237237
2030-07-31 15:15:00,-13591.202105777105
2030-07-31 15:30:00,-12560.569183729222
2030-07-31 15:45:00,-11312.309794531506
2030-07-31 16:00:00,-9855.573151123459
2030-07-31 16:15:00,-8576.690922116042
2030-07-31 16:30:00,-7210.488249335329
2030-07-31 16:45:00,-5779.289030662876
2030-07-31 17:00:00,-4351.9457495358365
2030-07-31 17:15:00,-2705.8465275820963
2030-07-31 17:30:00,-974.767667687709
2030-07-31 17:45:00,0.0
2030-07-31 18:00:00,0.0
2030-07-31 18:15:00,0.0
2030-07-31 18:30:00,0.0
2030-07-31 18:45:00,0.0
2030-07-31 19:00:00,0.0
2030-07-31 19:15:00,0.0
2030-07-31 19:30:00,0.0
2030-07-31 19:45:00,0.0
2030-07-31 20:00:00,0.0
2030-07-31 20:15:00,0.0
2030-07-31 20:30:00,0.0
2030-07-31 20:45:00,0.0
2030-07-31 21:00:00,0.0
2030-07-31 21:15:00,0.0
2030-07-31 21:30:00,0.0
2030-07-31 21:45:00,0.0
2030-07-31 22:00:00,0.0
2030-07-31 22:15:00,0.0
2030-07-31 22:30:00,0.0
2030-07-31 22:45:00,0.0
2030-07-31 23:00:00,0.0
2030-07-31 23:15:00,0.0
2030-07-31 23:30:00,0.0
2030-07-31 23:45:00,0.0
2030-08-01 00:00:00,0.0
2030-08-01 00:15:00,0.0
2030-08-01 00:30:00,0.0
2030-08-01 00:45:00,0.0
2030-08-01 01:00:00,0.0
2030-08-01 01:15:00,0.0
2030-08-01 01:30:00,0.0
2030-08-01 01:45:00,0.0
2030-08-01 02:00:00,0.0
2030-08-01 02:15:00,0.0
2030-08-01 02:30:00,0.0
2030-08-01 02:45:00,0.0
2030-08-01 03:00:00,-3063.6702270932437
2030-08-01 03:15:00,-3764.963445086534
2030-08-01 03:30:00,-3598.7286052812233
2030-08-01 03:45:00,-3499.175968741698
2030-08-01 04:00:00,-3455.387235826849
2030-08-01 04:15:00,-3140.065373629217
2030-08-01 04:30:00,-2957.9582474350755
2030-08-01 04:45:00,-3003.1744513155118
2030-08-01 05:00:00,-2788.897875866018
2030-08-01 05:15:00,-2805.90734718374
2030-08-01 05:30:00,-2735.859413016431
2030-08-01 05:45:00,-2778.3713935211745
2030-08-01 06:00:00,-2702.190352089274
2030-08-01 06:15:00,-3069.482453244931
2030-08-01 06:30:00,-3406.9798226735147
2030-08-01 06:45:00,-3683.1915048762894
2030-08-01 07:00:00,-3676.9547514177757
2030-08-01 07:15:00,-4648.025936114973
2030-08-01 07:30:00,-5763.359026660535
2030-08-01 07:45:00,-5999.880371575342
2030-08-01 08:00:00,-7027.378063943241
2030-08-01 08:15:00,-7875.49900476561
2030-08-01 08:30:00,-8288.723132971856
2030-08-01 08:45:00,-9075.713926040786
2030-08-01 09:00:00,-10235.678967006876
2030-08-01 09:15:00,-11253.690182711773
2030-08-01 09:30:00,-11976.76316742284
2030-08-01 09:45:00,-12672.44950348041
2030-08-01 10:00:00,-13805.989483125264
2030-08-01 10:15:00,-14882.06602583708
2030-08-01 10:30:00,-15625.772674490523
2030-08-01 10:45:00,-16185.535564011385
2030-08-01 11:00:00,-16702.398190623502
2030-08-01 11:15:00,-16856.86502686302
2030-08-01 11:30:00,-16935.528288833215
2030-08-01 11:45:00,-16687.917801336436
2030-08-01 12:00:00,-17286.53678446722
2030-08-01 12:15:00,-17295.921577308494
2030-08-01 12:30:00,-17034.451226021218
2030-08-01 12:45:00,-16883.619267463473
2030-08-01 13:00:00,-17499.54155089325
2030-08-01 13:15:00,-16973.98378888277
2030-08-01 13:30:00,-16611.185437684588
2030-08-01 13:45:00,-16384.51290415131
2030-08-01 14:00:00,-16090.194551352262
2030-08-01 14:15:00,-15446.20902140182
2030-08-01 14:30:00,-14646.76148491243
2030-08-01 14:45:00,-14085.988717293556
2030-08-01 15:00:00,-12686.059914209749
2030-08-01 15:15:00,-12054.813814798046
2030-08-01 15:30:00,-11772.94428865112
2030-08-01 15:45:00,-11335.642699681448
2030-08-01 16:00:00,-9921.576490221581
2030-08-01 16:15:00,-8759.401192925994
2030-08-01 16:30:00,-8207.545329974299
2030-08-01 16:45:00,-7675.009445487762
2030-08-01 17:00:00,-6002.592081052611
2030-08-01 17:15:00,-4545.645011064462
2030-08-01 17:30:00,-3173.3070840376568
2030-08-01 17:45:00,-1566.8034525959665
2030-08-01 18:00:00,-165.20141867104394
2030-08-01 18:15:00,0.0
2030-08-01 18:30:00,0.0
2030-08-01 18:45:00,0.0
2030-08-01 19:00:00,0.0
2030-08-01 19:15:00,0.0
2030-08-01 19:30:00,0.0
2030-08-01 19:45:00,0.0
2030-08-01 20:00:00,0.0
2030-08-01 20:15:00,0.0
2030-08-01 20:30:00,0.0
2030-08-01 20:45:00,0.0
2030-08-01 21:00:00,0.0
2030-08-01 21:15:00,0.0
2030-08-01 21:30:00,0.0
2030-08-01 21:45:00,0.0
2030-08-01 22:00:00,0.0
2030-08-01 22:15:00,0.0
2030-08-01 22:30:00,0.0
2030-08-01 22:45:00,0.0
2030-08-01 23:00:00,0.0
2030-08-01 23:15:00,0.0
2030-08-01 23:30:00,0.0
2030-08-01 23:45:00,0.0
2030-08-02 00:00:00,0.0
2030-08-02 00:15:00,0.0
2030-08-02 00:30:00,0.0
2030-08-02 00:45:00,0.0
2030-08-02 01:00:00,0.0
2030-08-02 01:15:00,0.0
2030-08-02 01:30:00,0.0
2030-08-02 01:45:00,0.0
2030-08-02 02:00:00,0.0
2030-08-02 02:15:00,0.0
2030-08-02 02:30:00,0.0
2030-08-02 02:45:00,0.0
2030-08-02 03:00:00,0.0
2030-08-02 03:15:00,0.0
2030-08-02 03:30:00,0.0
2030-08-02 03:45:00,0.0
2030-08-02 04:00:00,0.0
2030-08-02 04:15:00,0.0
2030-08-02 04:30:00,0.0
2030-08-02 04:45:00,0.0
2030-08-02 05:00:00,0.0
2030-08-02 05:15:00,0.0
2030-08-02 05:30:00,0.0
2030-08-02 05:45:00,0.0
2030-08-02 06:00:00,0.0
2030-08-02 06:15:00,0.0
2030-08-02 06:30:00,0.0
2030-08-02 06:45:00,0.0
2030-08-02 07:00:00,0.0
2030-08-02 07:15:00,0.0
2030-08-02 07:30:00,0.0
2030-08-02 07:45:00,0.0
2030-08-02 08:00:00,0.0
2030-08-02 08:15:00,0.0
2030-08-02 08:30:00,0.0
2030-08-02 08:45:00,0.0
2030-08-02 09:00:00,0.0
2030-08-02 09:15:00,0.0
2030-08-02 09:30:00,0.0
2030-08-02 09:45:00,0.0
2030-08-02 10:00:00,0.0
2030-08-02 10:15:00,0.0
2030-08-02 10:30:00,0.0
2030-08-02 10:45:00,0.0
2030-08-02 11:00:00,0.0
2030-08-02 11:15:00,0.0
2030-08-02 11:30:00,0.0
2030-08-02 11:45:00,0.0
2030-08-02 12:00:00,0.0
2030-08-02 12:15:00,0.0
2030-08-02 12:30:00,-4868.378561924954
2030-08-02 12:45:00,-19491.324201853356
2030-08-02 13:00:00,-19651.644667259137
2030-08-02 13:15:00,-19807.308566509888
2030-08-02 13:30:00,-19667.325541064212
2030-08-02 13:45:00,-19542.547121928943
2030-08-02 14:00:00,-19136.258411545172
2030-08-02 14:15:00,-18350.888898979094
2030-08-02 14:30:00,-17576.573750769596
2030-08-02 14:45:00,-16376.010962079858
2030-08-02 15:00:00,-15234.114326202754
2030-08-02 15:15:00,-14585.660585980477
2030-08-02 15:30:00,-13798.597330309498
2030-08-02 15:45:00,-12703.152911031626
2030-08-02 16:00:00,-11739.7708788241
2030-08-02 16:15:00,-10115.708228703501
2030-08-02 16:30:00,-8657.490074670513
2030-08-02 16:45:00,-7358.357484771848
2030-08-02 17:00:00,-5778.213756427831
2030-08-02 17:15:00,-4340.362571388683
2030-08-02 17:30:00,-2829.41216187341
2030-08-02 17:45:00,-1509.2891148714189
2030-08-02 18:00:00,-187.67146978151868
2030-08-02 18:15:00,0.0
2030-08-02 18:30:00,0.0
2030-08-02 18:45:00,0.0
2030-08-02 19:00:00,0.0
2030-08-02 19:15:00,0.0
2030-08-02 19:30:00,0.0
2030-08-02 19:45:00,0.0
2030-08-02 20:00:00,0.0
2030-08-02 20:15:00,0.0
2030-08-02 20:30:00,0.0
2030-08-02 20:45:00,0.0
2030-08-02 21:00:00,0.0
2030-08-02 21:15:00,0.0
2030-08-02 21:30:00,0.0
2030-08-02 21:45:00,0.0
2030-08-02 22:00:00,0.0
2030-08-02 22:15:00,0.0
2030-08-02 22:30:00,0.0
2030-08-02 22:45:00,0.0
2030-08-02 23:00:00,0.0
2030-08-02 23:15:00,0.0
2030-08-02 23:30:00,0.0
2030-08-02 23:45:00,0.0
2030-08-03 00:00:00,0.0
2030-08-03 00:15:00,0.0
2030-08-03 00:30:00,0.0
2030-08-03 00:45:00,0.0
2030-08-03 01:00:00,0.0
2030-08-03 01:15:00,0.0
2030-08-03 01:30:00,0.0
2030-08-03 01:45:00,0.0
2030-08-03 02:00:00,0.0
2030-08-03 02:15:00,0.0
2030-08-03 02:30:00,0.0
2030-08-03 02:45:00,0.0
2030-08-03 03:00:00,0.0
2030-08-03 03:15:00,0.0
2030-08-03 03:30:00,0.0
2030-08-03 03:45:00,0.0
2030-08-03 04:00:00,0.0
2030-08-03 04:15:00,0.0
2030-08-03 04:30:00,0.0
2030-08-03 04:45:00,0.0
2030-08-03 05:00:00,0.0
2030-08-03 05:15:00,0.0
2030-08-03 05:30:00,0.0
2030-08-03 05:45:00,0.0
2030-08-03 06:00:00,0.0
2030-08-03 06:15:00,0.0
2030-08-03 06:30:00,0.0
2030-08-03 06:45:00,0.0
2030-08-03 07:00:00,0.0
2030-08-03 07:15:00,0.0
2030-08-03 07:30:00,-4812.136169658308
2030-08-03 07:45:00,-10210.419984973301
2030-08-03 08:00:00,-11735.244328468667
2030-08-03 08:15:00,-13044.531101638346
2030-08-03 08:30:00,-14187.220003252307
2030-08-03 08:45:00,-15781.346303289676
2030-08-03 09:00:00,-17204.885499454787
2030-08-03 09:15:00,-18287.57844187521
2030-08-03 09:30:00,-19208.386526085193
2030-08-03 09:45:00,-20104.297021136732
2030-08-03 10:00:00,-20928.336250259505
2030-08-03 10:15:00,-21559.134283487172
2030-08-03 10:30:00,-22205.87249662006
2030-08-03 10:45:00,-22451.56336564539
2030-08-03 11:00:00,-22799.462880150575
2030-08-03 11:15:00,-23083.04799215719
2030-08-03 11:30:00,-22951.686093133663
2030-08-03 11:45:00,-22980.00793352672
2030-08-03 12:00:00,-22930.67444053615
2030-08-03 12:15:00,-22832.812262300242
2030-08-03 12:30:00,-22631.556548193406
2030-08-03 12:45:00,-22561.618455894262
2030-08-03 13:00:00,-22393.951620016738
2030-08-03 13:15:00,-21918.884200279568
2030-08-03 13:30:00,-21467.125020087115
2030-08-03 13:45:00,-21525.411051556308
2030-08-03 14:00:00,-20792.626307753882
2030-08-03 14:15:00,-20086.3925103097
2030-08-03 14:30:00,-19171.13820650296
2030-08-03 14:45:00,-18416.268621638643
2030-08-03 15:00:00,-17131.521993061568
2030-08-03 15:15:00,-16190.987450426008
2030-08-03 15:30:00,-15127.155564536784
2030-08-03 15:45:00,-14076.829629418684
2030-08-03 16:00:00,-12418.270765534457
2030-08-03 16:15:00,-10801.264676153663
2030-08-03 16:30:00,-9218.443535186663
2030-08-03 16:45:00,-7798.195644521049
2030-08-03 17:00:00,-5823.974012189665
2030-08-03 17:15:00,-3789.5177463244545
2030-08-03 17:30:00,-1865.3473033334267
2030-08-03 17:45:00,-282.1670986717945
2030-08-03 18:00:00,0.0
2030-08-03 18:15:00,0.0
2030-08-03 18:30:00,0.0
2030-08-03 18:45:00,0.0
2030-08-03 19:00:00,0.0
2030-08-03 19:15:00,0.0
2030-08-03 19:30:00,0.0
2030-08-03 19:45:00,0.0
2030-08-03 20:00:00,0.0
2030-08-03 20:15:00,0.0
2030-08-03 20:30:00,0.0
2030-08-03 20:45:00,0.0
2030-08-03 21:00:00,0.0
2030-08-03 21:15:00,0.0
2030-08-03 21:30:00,0.0
2030-08-03 21:45:00,0.0
2030-08-03 22:00:00,0.0
2030-08-03 22:15:00,0.0
2030-08-03 22:30:00,0.0
2030-08-03 22:45:00,0.0
2030-08-03 23:00:00,0.0
2030-08-03 23:15:00,0.0
2030-08-03 23:30:00,0.0
2030-08-03 23:45:00,0.0
2030-08-04 00:00:00,0.0
2030-08-04 00:15:00,0.0
2030-08-04 00:30:00,0.0
2030-08-04 00:45:00,0.0
2030-08-04 01:00:00,0.0
2030-08-04 01:15:00,0.0
2030-08-04 01:30:00,0.0
2030-08-04 01:45:00,0.0
2030-08-04 02:00:00,0.0
2030-08-04 02:15:00,0.0
2030-08-04 02:30:00,0.0
2030-08-04 02:45:00,0.0
2030-08-04 03:00:00,0.0
2030-08-04 03:15:00,0.0
2030-08-04 03:30:00,0.0
2030-08-04 03:45:00,0.0
2030-08-04 04:00:00,0.0
2030-08-04 04:15:00,0.0
2030-08-04 04:30:00,0.0
2030-08-04 04:45:00,0.0
2030-08-04 05:00:00,0.0
2030-08-04 05:15:00,0.0
2030-08-04 05:30:00,0.0
2030-08-04 05:45:00,0.0
2030-08-04 06:00:00,0.0
2030-08-04 06:15:00,0.0
2030-08-04 06:30:00,0.0
2030-08-04 06:45:00,0.0
2030-08-04 07:00:00,0.0
2030-08-04 07:15:00,0.0
2030-08-04 07:30:00,0.0
2030-08-04 07:45:00,0.0
2030-08-04 08:00:00,0.0
2030-08-04 08:15:00,0.0
2030-08-04 08:30:00,0.0
2030-08-04 08:45:00,0.0
2030-08-04 09:00:00,0.0
2030-08-04 09:15:00,0.0
2030-08-04 09:30:00,0.0
2030-08-04 09:45:00,0.0
2030-08-04 10:00:00,0.0
2030-08-04 10:15:00,0.0
2030-08-04 10:30:00,0.0
2030-08-04 10:45:00,0.0
2030-08-04 11:00:00,0.0
2030-08-04 11:15:00,0.0
2030-08-04 11:30:00,0.0
2030-08-04 11:45:00,0.0
2030-08-04 12:00:00,0.0
2030-08-04 12:15:00,0.0
2030-08-04 12:30:00,0.0
2030-08-04 12:45:00,0.0
2030-08-04 13:00:00,0.0
2030-08-04 13:15:00,0.0
2030-08-04 13:30:00,0.0
2030-08-04 13:45:00,0.0
2030-08-04 14:00:00,0.0
2030-08-04 14:15:00,0.0
2030-08-04 14:30:00,0.0
2030-08-04 14:45:00,0.0
2030-08-04 15:00:00,0.0
2030-08-04 15:15:00,0.0
2030-08-04 15:30:00,0.0
2030-08-04 15:45:00,0.0
2030-08-04 16:00:00,0.0
2030-08-04 16:15:00,0.0
2030-08-04 16:30:00,0.0
2030-08-04 16:45:00,0.0
2030-08-04 17:00:00,0.0
2030-08-04 17:15:00,0.0
2030-08-04 17:30:00,0.0
2030-08-04 17:45:00,0.0
2030-08-04 18:00:00,0.0
2030-08-04 18:15:00,0.0
2030-08-04 18:30:00,0.0
2030-08-04 18:45:00,0.0
2030-08-04 19:00:00,0.0
2030-08-04 19:15:00,0.0
2030-08-04 19:30:00,0.0
2030-08-04 19:45:00,0.0
2030-08-04 20:00:00,0.0
2030-08-04 20:15:00,0.0
2030-08-04 20:30:00,0.0
2030-08-04 20:45:00,0.0
2030-08-04 21:00:00,0.0
2030-08-04 21:15:00,0.0
2030-08-04 21:30:00,0.0
2030-08-04 21:45:00,0.0
2030-08-04 22:00:00,3233.5776143653875
2030-08-04 22:15:00,0.0
2030-08-04 22:30:00,0.0
2030-08-04 22:45:00,0.0
2030-08-04 23:00:00,0.0
2030-08-04 23:15:00,0.0
2030-08-04 23:30:00,0.0
2030-08-04 23:45:00,0.0
2030-08-05 00:00:00,0.0
2030-08-05 00:15:00,0.0
2030-08-05 00:30:00,0.0
2030-08-05 00:45:00,0.0
2030-08-05 01:00:00,0.0
2030-08-05 01:15:00,0.0
2030-08-05 01:30:00,0.0
2030-08-05 01:45:00,0.0
2030-08-05 02:00:00,0.0
2030-08-05 02:15:00,0.0
2030-08-05 02:30:00,0.0
2030-08-05 02:45:00,0.0
2030-08-05 03:00:00,0.0
2030-08-05 03:15:00,0.0
2030-08-05 03:30:00,0.0
2030-08-05 03:45:00,0.0
2030-08-05 04:00:00,0.0
2030-08-05 04:15:00,0.0
2030-08-05 04:30:00,0.0
2030-08-05 04:45:00,0.0
2030-08-05 05:00:00,0.0
2030-08-05 05:15:00,0.0
2030-08-05 05:30:00,0.0
2030-08-05 05:45:00,0.0
2030-08-05 06:00:00,0.0
2030-08-05 06:15:00,0.0
2030-08-05 06:30:00,0.0
2030-08-05 06:45:00,0.0
2030-08-05 07:00:00,0.0
2030-08-05 07:15:00,0.0
2030-08-05 07:30:00,0.0
2030-08-05 07:45:00,0.0
2030-08-05 08:00:00,0.0
2030-08-05 08:15:00,0.0
2030-08-05 08:30:00,0.0
2030-08-05 08:45:00,0.0
2030-08-05 09:00:00,0.0
2030-08-05 09:15:00,0.0
2030-08-05 09:30:00,0.0
2030-08-05 09:45:00,0.0
2030-08-05 10:00:00,0.0
2030-08-05 10:15:00,0.0
2030-08-05 10:30:00,0.0
2030-08-05 10:45:00,0.0
2030-08-05 11:00:00,0.0
2030-08-05 11:15:00,0.0
2030-08-05 11:30:00,0.0
2030-08-05 11:45:00,0.0
2030-08-05 12:00:00,0.0
2030-08-05 12:15:00,0.0
2030-08-05 12:30:00,0.0
2030-08-05 12:45:00,0.0
2030-08-05 13:00:00,0.0
2030-08-05 13:15:00,0.0
2030-08-05 13:30:00,0.0
2030-08-05 13:45:00,0.0
2030-08-05 14:00:00,0.0
2030-08-05 14:15:00,0.0
2030-08-05 14:30:00,0.0
2030-08-05 14:45:00,0.0
2030-08-05 15:00:00,-12774.597097056105
2030-08-05 15:15:00,-12736.852513086804
2030-08-05 15:30:00,-11475.442924608242
2030-08-05 15:45:00,-10442.237460689928
2030-08-05 16:00:00,-9368.4886359341
2030-08-05 16:15:00,-7966.100150657983
2030-08-05 16:30:00,-6510.6459486951135
2030-08-05 16:45:00,-4869.938469919411
2030-08-05 17:00:00,-3089.953381929743
2030-08-05 17:15:00,-1098.8588678245178
2030-08-05 17:30:00,0.0
2030-08-05 17:45:00,0.0
2030-08-05 18:00:00,0.0
2030-08-05 18:15:00,0.0
2030-08-05 18:30:00,0.0
2030-08-05 18:45:00,0.0
2030-08-05 19:00:00,0.0
2030-08-05 19:15:00,0.0
2030-08-05 19:30:00,0.0
2030-08-05 19:45:00,0.0
2030-08-05 20:00:00,0.0
2030-08-05 20:15:00,0.0
2030-08-05 20:30:00,0.0
2030-08-05 20:45:00,0.0
2030-08-05 21:00:00,0.0
2030-08-05 21:15:00,0.0
2030-08-05 21:30:00,0.0
2030-08-05 21:45:00,0.0
2030-08-05 22:00:00,0.0
2030-08-05 22:15:00,0.0
2030-08-05 22:30:00,0.0
2030-08-05 22:45:00,0.0
2030-08-05 23:00:00,0.0
2030-08-05 23:15:00,0.0
2030-08-05 23:30:00,0.0
2030-08-05 23:45:00,0.0
2030-08-06 00:00:00,0.0
2030-08-06 00:15:00,0.0
2030-08-06 00:30:00,0.0
2030-08-06 00:45:00,0.0
2030-08-06 01:00:00,0.0
2030-08-06 01:15:00,0.0
2030-08-06 01:30:00,0.0
2030-08-06 01:45:00,0.0
2030-08-06 02:00:00,0.0
2030-08-06 02:15:00,0.0
2030-08-06 02:30:00,0.0
2030-08-06 02:45:00,0.0
2030-08-06 03:00:00,0.0
2030-08-06 03:15:00,0.0
2030-08-06 03:30:00,0.0
2030-08-06 03:45:00,0.0
2030-08-06 04:00:00,0.0
2030-08-06 04:15:00,0.0
2030-08-06 04:30:00,0.0
2030-08-06 04:45:00,0.0
2030-08-06 05:00:00,0.0
2030-08-06 05:15:00,0.0
2030-08-06 05:30:00,0.0
2030-08-06 05:45:00,0.0
2030-08-06 06:00:00,0.0
2030-08-06 06:15:00,0.0
2030-08-06 06:30:00,0.0
2030-08-06 06:45:00,0.0
2030-08-06 07:00:00,0.0
2030-08-06 07:15:00,0.0
2030-08-06 07:30:00,0.0
2030-08-06 07:45:00,0.0
2030-08-06 08:00:00,0.0
2030-08-06 08:15:00,0.0
2030-08-06 08:30:00,0.0
2030-08-06 08:45:00,0.0
2030-08-06 09:00:00,0.0
2030-08-06 09:15:00,0.0
2030-08-06 09:30:00,0.0
2030-08-06 09:45:00,0.0
2030-08-06 10:00:00,0.0
2030-08-06 10:15:00,0.0
2030-08-06 10:30:00,0.0
2030-08-06 10:45:00,0.0
2030-08-06 11:00:00,0.0
2030-08-06 11:15:00,0.0
2030-08-06 11:30:00,0.0
2030-08-06 11:45:00,0.0
2030-08-06 12:00:00,0.0
2030-08-06 12:15:00,0.0
2030-08-06 12:30:00,-17824.354490603197
2030-08-06 12:45:00,-18737.670587831133
2030-08-06 13:00:00,-18902.890860301424
2030-08-06 13:15:00,-18985.554570077704
2030-08-06 13:30:00,-18652.250070150316
2030-08-06 13:45:00,-18263.444406222734
2030-08-06 14:00:00,-18301.562590542406
2030-08-06 14:15:00,-18012.608952665734
2030-08-06 14:30:00,-17381.36359919785
2030-08-06 14:45:00,-16888.391121752735
2030-08-06 15:00:00,-15573.20057458237
2030-08-06 15:15:00,-14768.118296865456
2030-08-06 15:30:00,-14018.645966496295
2030-08-06 15:45:00,-12931.796321706066
2030-08-06 16:00:00,-11064.549429192002
2030-08-06 16:15:00,-9903.209792991907
2030-08-06 16:30:00,-8480.308693554936
2030-08-06 16:45:00,-6884.904717050769
2030-08-06 17:00:00,-5027.178214215859
2030-08-06 17:15:00,-3335.748510302139
2030-08-06 17:30:00,-1637.9163551981692
2030-08-06 17:45:00,0.0
2030-08-06 18:00:00,0.0
2030-08-06 18:15:00,0.0
2030-08-06 18:30:00,0.0
2030-08-06 18:45:00,0.0
2030-08-06 19:00:00,0.0
2030-08-06 19:15:00,0.0
2030-08-06 19:30:00,0.0
2030-08-06 19:45:00,0.0
2030-08-06 20:00:00,0.0
2030-08-06 20:15:00,0.0
2030-08-06 20:30:00,0.0
2030-08-06 20:45:00,0.0
2030-08-06 21:00:00,0.0
2030-08-06 21:15:00,0.0
2030-08-06 21:30:00,0.0
2030-08-06 21:45:00,0.0
2030-08-06 22:00:00,0.0
2030-08-06 22:15:00,0.0
2030-08-06 22:30:00,0.0
2030-08-06 22:45:00,0.0
2030-08-06 23:00:00,0.0
2030-08-06 23:15:00,0.0
2030-08-06 23:30:00,0.0
2030-08-06 23:45:00,0.0
2030-08-07 00:00:00,0.0
2030-08-07 00:15:00,0.0
2030-08-07 00:30:00,0.0
2030-08-07 00:45:00,0.0
2030-08-07 01:00:00,0.0
2030-08-07 01:15:00,0.0
2030-08-07 01:30:00,0.0
2030-08-07 01:45:00,0.0
2030-08-07 02:00:00,0.0
2030-08-07 02:15:00,0.0
2030-08-07 02:30:00,0.0
2030-08-07 02:45:00,0.0
2030-08-07 03:00:00,0.0
2030-08-07 03:15:00,0.0
2030-08-07 03:30:00,0.0
2030-08-07 03:45:00,0.0
2030-08-07 04:00:00,0.0
2030-08-07 04:15:00,0.0
2030-08-07 04:30:00,0.0
2030-08-07 04:45:00,0.0
2030-08-07 05:00:00,0.0
2030-08-07 05:15:00,0.0
2030-08-07 05:30:00,0.0
2030-08-07 05:45:00,0.0
2030-08-07 06:00:00,0.0
2030-08-07 06:15:00,0.0
2030-08-07 06:30:00,0.0
2030-08-07 06:45:00,0.0
2030-08-07 07:00:00,0.0
2030-08-07 07:15:00,0.0
2030-08-07 07:30:00,0.0
2030-08-07 07:45:00,0.0
2030-08-07 08:00:00,0.0
2030-08-07 08:15:00,0.0
2030-08-07 08:30:00,0.0
2030-08-07 08:45:00,-3909.638072072503
2030-08-07 09:00:00,-15668.179118630644
2030-08-07 09:15:00,-16779.174459664664
2030-08-07 09:30:00,-17608.998560486747
2030-08-07 09:45:00,-18290.959861783373
2030-08-07 10:00:00,-19113.76883763732
2030-08-07 10:15:00,-19762.293855582233
2030-08-07 10:30:00,-20138.784804057796
2030-08-07 10:45:00,-20747.36026701781
2030-08-07 11:00:00,-20967.106893907363
2030-08-07 11:15:00,-21328.180570346856
2030-08-07 11:30:00,-21397.20142204057
2030-08-07 11:45:00,-21274.353735250334
2030-08-07 12:00:00,-21613.15656406334
2030-08-07 12:15:00,-21719.429268119253
2030-08-07 12:30:00,-21460.52294797771
2030-08-07 12:45:00,-20921.448597296632
2030-08-07 13:00:00,-20002.114649289888
2030-08-07 13:15:00,-19000.081427208526
2030-08-07 13:30:00,-18399.064222570327
2030-08-07 13:45:00,-17921.416693905358
2030-08-07 14:00:00,-17352.54076894138
2030-08-07 14:15:00,-16907.828492058234
2030-08-07 14:30:00,-16068.633433841344
2030-08-07 14:45:00,-15421.007176536008
2030-08-07 15:00:00,-14733.752965094594
2030-08-07 15:15:00,-14331.785917960882
2030-08-07 15:30:00,-13674.222339503038
2030-08-07 15:45:00,-12516.215902384702
2030-08-07 16:00:00,-11339.802209679667
2030-08-07 16:15:00,-10796.753312787328
2030-08-07 16:30:00,-10194.760036973392
2030-08-07 16:45:00,-8771.194896536232
2030-08-07 17:00:00,-7448.897629684008
2030-08-07 17:15:00,-6038.66859034192
2030-08-07 17:30:00,-4472.309897411571
2030-08-07 17:45:00,-3168.9391048682883
2030-08-07 18:00:00,-2215.2724975388955
2030-08-07 18:15:00,-892.2030107274295
2030-08-07 18:30:00,0.0
2030-08-07 18:45:00,0.0
2030-08-07 19:00:00,0.0
2030-08-07 19:15:00,0.0
2030-08-07 19:30:00,0.0
2030-08-07 19:45:00,0.0
2030-08-07 20:00:00,0.0
2030-08-07 20:15:00,0.0
2030-08-07 20:30:00,0.0
2030-08-07 20:45:00,0.0
2030-08-07 21:00:00,0.0
2030-08-07 21:15:00,0.0
2030-08-07 21:30:00,0.0
2030-08-07 21:45:00,0.0
2030-08-07 22:00:00,0.0
2030-08-07 22:15:00,0.0
2030-08-07 22:30:00,0.0
2030-08-07 22:45:00,0.0
2030-08-07 23:00:00,0.0
2030-08-07 23:15:00,0.0
2030-08-07 23:30:00,0.0
2030-08-07 23:45:00,0.0
2030-08-08 00:00:00,0.0
2030-08-08 00:15:00,0.0
2030-08-08 00:30:00,0.0
2030-08-08 00:45:00,0.0
2030-08-08 01:00:00,0.0
2030-08-08 01:15:00,0.0
2030-08-08 01:30:00,0.0
2030-08-08 01:45:00,0.0
2030-08-08 02:00:00,0.0
2030-08-08 02:15:00,0.0
2030-08-08 02:30:00,0.0
2030-08-08 02:45:00,0.0
2030-08-08 03:00:00,0.0
2030-08-08 03:15:00,0.0
2030-08-08 03:30:00,0.0
2030-08-08 03:45:00,0.0
2030-08-08 04:00:00,0.0
2030-08-08 04:15:00,0.0
2030-08-08 04:30:00,0.0
2030-08-08 04:45:00,0.0
2030-08-08 05:00:00,0.0
2030-08-08 05:15:00,0.0
2030-08-08 05:30:00,0.0
2030-08-08 05:45:00,0.0
2030-08-08 06:00:00,0.0
2030-08-08 06:15:00,0.0
2030-08-08 06:30:00,0.0
2030-08-08 06:45:00,0.0
2030-08-08 07:00:00,0.0
2030-08-08 07:15:00,0.0
2030-08-08 07:30:00,0.0
2030-08-08 07:45:00,0.0
2030-08-08 08:00:00,0.0
2030-08-08 08:15:00,0.0
2030-08-08 08:30:00,0.0
2030-08-08 08:45:00,0.0
2030-08-08 09:00:00,-3031.8339397243362
2030-08-08 09:15:00,-9908.415181158038
2030-08-08 09:30:00,-10886.439388480609
2030-08-08 09:45:00,-11559.987455687722
2030-08-08 10:00:00,-12570.973040492838
2030-08-08 10:15:00,-13324.348430095626
2030-08-08 10:30:00,-14009.069584348563
2030-08-08 10:45:00,-14432.409040302951
2030-08-08 11:00:00,-14901.026838854177
2030-08-08 11:15:00,-14605.75286180788
2030-08-08 11:30:00,-15149.60115411365
2030-08-08 11:45:00,-15505.3091135076
2030-08-08 12:00:00,-15385.579360176918
2030-08-08 12:15:00,-15693.546122074196
2030-08-08 12:30:00,-15527.792658010701
2030-08-08 12:45:00,-15403.49748598579
2030-08-08 13:00:00,-15297.54334237643
2030-08-08 13:15:00,-15332.802513928342
2030-08-08 13:30:00,-15583.577060075513
2030-08-08 13:45:00,-15576.605556622071
2030-08-08 14:00:00,-14921.651074175381
2030-08-08 14:15:00,-14380.280768733028
2030-08-08 14:30:00,-13692.015771792168
2030-08-08 14:45:00,-13466.33315537799
2030-08-08 15:00:00,-11983.00126917231
2030-08-08 15:15:00,-11056.609779371247
2030-08-08 15:30:00,-10238.656403282796
2030-08-08 15:45:00,-9624.080323729624
2030-08-08 16:00:00,-8760.81702602913
2030-08-08 16:15:00,-7666.2844209087525
2030-08-08 16:30:00,-6519.168219229628
2030-08-08 16:45:00,-5181.430986053896
2030-08-08 17:00:00,-3830.3564370887834
2030-08-08 17:15:00,-2336.6511712284664
2030-08-08 17:30:00,-831.585137849579
2030-08-08 17:45:00,0.0
2030-08-08 18:00:00,0.0
2030-08-08 18:15:00,0.0
2030-08-08 18:30:00,0.0
2030-08-08 18:45:00,0.0
2030-08-08 19:00:00,0.0
2030-08-08 19:15:00,0.0
2030-08-08 19:30:00,0.0
2030-08-08 19:45:00,0.0
2030-08-08 20:00:00,0.0
2030-08-08 20:15:00,0.0
2030-08-08 20:30:00,0.0
2030-08-08 20:45:00,0.0
2030-08-08 21:00:00,0.0
2030-08-08 21:15:00,0.0
2030-08-08 21:30:00,0.0
2030-08-08 21:45:00,0.0
2030-08-08 22:00:00,0.0
2030-08-08 22:15:00,0.0
2030-08-08 22:30:00,0.0
2030-08-08 22:45:00,0.0
2030-08-08 23:00:00,0.0
2030-08-08 23:15:00,0.0
2030-08-08 23:30:00,0.0
2030-08-08 23:45:00,0.0
2030-08-09 00:00:00,0.0
2030-08-09 00:15:00,0.0
2030-08-09 00:30:00,0.0
2030-08-09 00:45:00,0.0
2030-08-09 01:00:00,0.0
2030-08-09 01:15:00,0.0
2030-08-09 01:30:00,0.0
2030-08-09 01:45:00,0.0
2030-08-09 02:00:00,0.0
2030-08-09 02:15:00,0.0
2030-08-09 02:30:00,0.0
2030-08-09 02:45:00,0.0
2030-08-09 03:00:00,0.0
2030-08-09 03:15:00,0.0
2030-08-09 03:30:00,0.0
2030-08-09 03:45:00,0.0
2030-08-09 04:00:00,0.0
2030-08-09 04:15:00,0.0
2030-08-09 04:30:00,0.0
2030-08-09 04:45:00,0.0
2030-08-09 05:00:00,0.0
2030-08-09 05:15:00,0.0
2030-08-09 05:30:00,0.0
2030-08-09 05:45:00,0.0
2030-08-09 06:00:00,0.0
2030-08-09 06:15:00,0.0
2030-08-09 06:30:00,0.0
2030-08-09 06:45:00,0.0
2030-08-09 07:00:00,0.0
2030-08-09 07:15:00,0.0
2030-08-09 07:30:00,0.0
2030-08-09 07:45:00,0.0
2030-08-09 08:00:00,0.0
2030-08-09 08:15:00,0.0
2030-08-09 08:30:00,0.0
2030-08-09 08:45:00,0.0
2030-08-09 09:00:00,0.0
2030-08-09 09:15:00,0.0
2030-08-09 09:30:00,0.0
2030-08-09 09:45:00,0.0
2030-08-09 10:00:00,0.0
2030-08-09 10:15:00,0.0
2030-08-09 10:30:00,0.0
2030-08-09 10:45:00,0.0
2030-08-09 11:00:00,0.0
2030-08-09 11:15:00,0.0
2030-08-09 11:30:00,0.0
2030-08-09 11:45:00,0.0
2030-08-09 12:00:00,0.0
2030-08-09 12:15:00,0.0
2030-08-09 12:30:00,0.0
2030-08-09 12:45:00,0.0
2030-08-09 13:00:00,0.0
2030-08-09 13:15:00,0.0
2030-08-09 13:30:00,0.0
2030-08-09 13:45:00,0.0
2030-08-09 14:00:00,0.0
2030-08-09 14:15:00,0.0
2030-08-09 14:30:00,0.0
2030-08-09 14:45:00,0.0
2030-08-09 15:00:00,0.0
2030-08-09 15:15:00,-3164.9649949274135
2030-08-09 15:30:00,-3254.573670854781
2030-08-09 15:45:00,-1942.5884238731924
2030-08-09 16:00:00,-811.8200245125627
2030-08-09 16:15:00,0.0
2030-08-09 16:30:00,0.0
2030-08-09 16:45:00,0.0
2030-08-09 17:00:00,0.0
2030-08-09 17:15:00,0.0
2030-08-09 17:30:00,0.0
2030-08-09 17:45:00,0.0
2030-08-09 18:00:00,0.0
2030-08-09 18:15:00,0.0
2030-08-09 18:30:00,0.0
2030-08-09 18:45:00,0.0
2030-08-09 19:00:00,0.0
2030-08-09 19:15:00,0.0
2030-08-09 19:30:00,0.0
2030-08-09 19:45:00,0.0
2030-08-09 20:00:00,0.0
2030-08-09 20:15:00,0.0
2030-08-09 20:30:00,0.0
2030-08-09 20:45:00,0.0
2030-08-09 21:00:00,0.0
2030-08-09 21:15:00,0.0
2030-08-09 21:30:00,0.0
2030-08-09 21:45:00,0.0
2030-08-09 22:00:00,0.0
2030-08-09 22:15:00,0.0
2030-08-09 22:30:00,0.0
2030-08-09 22:45:00,0.0
2030-08-09 23:00:00,0.0
2030-08-09 23:15:00,0.0
2030-08-09 23:30:00,0.0
2030-08-09 23:45:00,0.0
2030-08-10 00:00:00,0.0
2030-08-10 00:15:00,0.0
2030-08-10 00:30:00,0.0
2030-08-10 00:45:00,0.0
2030-08-10 01:00:00,0.0
2030-08-10 01:15:00,0.0
2030-08-10 01:30:00,0.0
2030-08-10 01:45:00,0.0
2030-08-10 02:00:00,0.0
2030-08-10 02:15:00,0.0
2030-08-10 02:30:00,0.0
2030-08-10 02:45:00,0.0
2030-08-10 03:00:00,0.0
2030-08-10 03:15:00,0.0
2030-08-10 03:30:00,0.0
2030-08-10 03:45:00,6086.631572348113
2030-08-10 04:00:00,0.0
2030-08-10 04:15:00,0.0
2030-08-10 04:30:00,0.0
2030-08-10 04:45:00,0.0
2030-08-10 05:00:00,0.0
2030-08-10 05:15:00,0.0
2030-08-10 05:30:00,0.0
2030-08-10 05:45:00,0.0
2030-08-10 06:00:00,0.0
2030-08-10 06:15:00,0.0
2030-08-10 06:30:00,0.0
2030-08-10 06:45:00,0.0
2030-08-10 07:00:00,0.0
2030-08-10 07:15:00,0.0
2030-08-10 07:30:00,0.0
2030-08-10 07:45:00,0.0
2030-08-10 08:00:00,0.0
2030-08-10 08:15:00,0.0
2030-08-10 08:30:00,0.0
2030-08-10 08:45:00,0.0
2030-08-10 09:00:00,0.0
2030-08-10 09:15:00,0.0
2030-08-10 09:30:00,0.0
2030-08-10 09:45:00,0.0
2030-08-10 10:00:00,0.0
2030-08-10 10:15:00,0.0
2030-08-10 10:30:00,0.0
2030-08-10 10:45:00,0.0
2030-08-10 11:00:00,0.0
2030-08-10 11:15:00,0.0
2030-08-10 11:30:00,0.0
2030-08-10 11:45:00,0.0
2030-08-10 12:00:00,0.0
2030-08-10 12:15:00,0.0
2030-08-10 12:30:00,0.0
2030-08-10 12:45:00,0.0
2030-08-10 13:00:00,0.0
2030-08-10 13:15:00,0.0
2030-08-10 13:30:00,0.0
2030-08-10 13:45:00,0.0
2030-08-10 14:00:00,0.0
2030-08-10 14:15:00,0.0
2030-08-10 14:30:00,0.0
2030-08-10 14:45:00,0.0
2030-08-10 15:00:00,0.0
2030-08-10 15:15:00,0.0
2030-08-10 15:30:00,0.0
2030-08-10 15:45:00,0.0
2030-08-10 16:00:00,0.0
2030-08-10 16:15:00,0.0
2030-08-10 16:30:00,0.0
2030-08-10 16:45:00,0.0
2030-08-10 17:00:00,0.0
2030-08-10 17:15:00,0.0
2030-08-10 17:30:00,0.0
2030-08-10 17:45:00,0.0
2030-08-10 18:00:00,0.0
2030-08-10 18:15:00,0.0
2030-08-10 18:30:00,0.0
2030-08-10 18:45:00,0.0
2030-08-10 19:00:00,0.0
2030-08-10 19:15:00,0.0
2030-08-10 19:30:00,0.0
2030-08-10 19:45:00,0.0
2030-08-10 20:00:00,2181.298413439421
2030-08-10 20:15:00,0.0
2030-08-10 20:30:00,0.0
2030-08-10 20:45:00,0.0
2030-08-10 21:00:00,0.0
2030-08-10 21:15:00,0.0
2030-08-10 21:30:00,0.0
2030-08-10 21:45:00,0.0
2030-08-10 22:00:00,0.0
2030-08-10 22:15:00,0.0
2030-08-10 22:30:00,0.0
2030-08-10 22:45:00,0.0
2030-08-10 23:00:00,0.0
2030-08-10 23:15:00,0.0
2030-08-10 23:30:00,0.0
2030-08-10 23:45:00,0.0
2030-08-11 00:00:00,0.0
2030-08-11 00:15:00,0.0
2030-08-11 00:30:00,0.0
2030-08-11 00:45:00,0.0
2030-08-11 01:00:00,0.0
2030-08-11 01:15:00,0.0
2030-08-11 01:30:00,0.0
2030-08-11 01:45:00,0.0
2030-08-11 02:00:00,0.0
2030-08-11 02:15:00,0.0
2030-08-11 02:30:00,0.0
2030-08-11 02:45:00,0.0
2030-08-11 03:00:00,0.0
2030-08-11 03:15:00,0.0
2030-08-11 03:30:00,0.0
2030-08-11 03:45:00,0.0
2030-08-11 04:00:00,0.0
2030-08-11 04:15:00,0.0
2030-08-11 04:30:00,0.0
2030-08-11 04:45:00,0.0
2030-08-11 05:00:00,0.0
2030-08-11 05:15:00,0.0
2030-08-11 05:30:00,0.0
2030-08-11 05:45:00,0.0
2030-08-11 06:00:00,0.0
2030-08-11 06:15:00,0.0
2030-08-11 06:30:00,0.0
2030-08-11 06:45:00,0.0
2030-08-11 07:00:00,0.0
2030-08-11 07:15:00,0.0
2030-08-11 07:30:00,0.0
2030-08-11 07:45:00,0.0
2030-08-11 08:00:00,0.0
2030-08-11 08:15:00,0.0
2030-08-11 08:30:00,0.0
2030-08-11 08:45:00,0.0
2030-08-11 09:00:00,0.0
2030-08-11 09:15:00,0.0
2030-08-11 09:30:00,0.0
2030-08-11 09:45:00,0.0
2030-08-11 10:00:00,0.0
2030-08-11 10:15:00,0.0
2030-08-11 10:30:00,0.0
2030-08-11 10:45:00,0.0
2030-08-11 11:00:00,0.0
2030-08-11 11:15:00,0.0
2030-08-11 11:30:00,0.0
2030-08-11 11:45:00,0.0
2030-08-11 12:00:00,0.0
2030-08-11 12:15:00,0.0
2030-08-11 12:30:00,0.0
2030-08-11 12:45:00,0.0
2030-08-11 13:00:00,0.0
2030-08-11 13:15:00,0.0
2030-08-11 13:30:00,0.0
2030-08-11 13:45:00,0.0
2030-08-11 14:00:00,0.0
2030-08-11 14:15:00,0.0
2030-08-11 14:30:00,0.0
2030-08-11 14:45:00,0.0
2030-08-11 15:00:00,0.0
2030-08-11 15:15:00,0.0
2030-08-11 15:30:00,0.0
2030-08-11 15:45:00,0.0
2030-08-11 16:00:00,0.0
2030-08-11 16:15:00,0.0
2030-08-11 16:30:00,0.0
2030-08-11 16:45:00,0.0
2030-08-11 17:00:00,0.0
2030-08-11 17:15:00,0.0
2030-08-11 17:30:00,0.0
2030-08-11 17:45:00,0.0
2030-08-11 18:00:00,0.0
2030-08-11 18:15:00,0.0
2030-08-11 18:30:00,0.0
2030-08-11 18:45:00,0.0
2030-08-11 19:00:00,0.0
2030-08-11 19:15:00,0.0
2030-08-11 19:30:00,0.0
2030-08-11 19:45:00,0.0
2030-08-11 20:00:00,0.0
2030-08-11 20:15:00,0.0
2030-08-11 20:30:00,0.0
2030-08-11 20:45:00,0.0
2030-08-11 21:00:00,0.0
2030-08-11 21:15:00,0.0
2030-08-11 21:30:00,0.0
2030-08-11 21:45:00,0.0
2030-08-11 22:00:00,0.0
2030-08-11 22:15:00,0.0
2030-08-11 22:30:00,0.0
2030-08-11 22:45:00,0.0
2030-08-11 23:00:00,0.0
2030-08-11 23:15:00,0.0
2030-08-11 23:30:00,0.0
2030-08-11 23:45:00,0.0
2030-08-12 00:00:00,0.0
2030-08-12 00:15:00,0.0
2030-08-12 00:30:00,0.0
2030-08-12 00:45:00,0.0
2030-08-12 01:00:00,0.0
2030-08-12 01:15:00,0.0
2030-08-12 01:30:00,0.0
2030-08-12 01:45:00,0.0
2030-08-12 02:00:00,0.0
2030-08-12 02:15:00,0.0
2030-08-12 02:30:00,0.0
2030-08-12 02:45:00,0.0
2030-08-12 03:00:00,0.0
2030-08-12 03:15:00,0.0
2030-08-12 03:30:00,0.0
2030-08-12 03:45:00,0.0
2030-08-12 04:00:00,0.0
2030-08-12 04:15:00,0.0
2030-08-12 04:30:00,0.0
2030-08-12 04:45:00,0.0
2030-08-12 05:00:00,0.0
2030-08-12 05:15:00,0.0
2030-08-12 05:30:00,0.0
2030-08-12 05:45:00,0.0
2030-08-12 06:00:00,0.0
2030-08-12 06:15:00,0.0
2030-08-12 06:30:00,0.0
2030-08-12 06:45:00,0.0
2030-08-12 07:00:00,0.0
2030-08-12 07:15:00,0.0
2030-08-12 07:30:00,0.0
2030-08-12 07:45:00,0.0
2030-08-12 08:00:00,0.0
2030-08-12 08:15:00,0.0
2030-08-12 08:30:00,0.0
2030-08-12 08:45:00,0.0
2030-08-12 09:00:00,0.0
2030-08-12 09:15:00,0.0
2030-08-12 09:30:00,0.0
2030-08-12 09:45:00,0.0
2030-08-12 10:00:00,0.0
2030-08-12 10:15:00,0.0
2030-08-12 10:30:00,0.0
2030-08-12 10:45:00,0.0
2030-08-12 11:00:00,0.0
2030-08-12 11:15:00,0.0
2030-08-12 11:30:00,0.0
2030-08-12 11:45:00,0.0
2030-08-12 12:00:00,0.0
2030-08-12 12:15:00,0.0
2030-08-12 12:30:00,0.0
2030-08-12 12:45:00,0.0
2030-08-12 13:00:00,0.0
2030-08-12 13:15:00,0.0
2030-08-12 13:30:00,0.0
2030-08-12 13:45:00,0.0
2030-08-12 14:00:00,0.0
2030-08-12 14:15:00,-11033.874038930473
2030-08-12 14:30:00,-17822.656514735867
2030-08-12 14:45:00,-17213.18197567143
2030-08-12 15:00:00,-15837.383680995736
2030-08-12 15:15:00,-14614.833518902884
2030-08-12 15:30:00,-13573.284080451951
2030-08-12 15:45:00,-12327.467269182689
2030-08-12 16:00:00,-11005.242565171873
2030-08-12 16:15:00,-9510.676828020365
2030-08-12 16:30:00,-8057.601151330971
2030-08-12 16:45:00,-6694.866256326366
2030-08-12 17:00:00,-4763.462519480072
2030-08-12 17:15:00,-3335.8755153480743
2030-08-12 17:30:00,-2032.2387169648446
2030-08-12 17:45:00,-713.42317093362
2030-08-12 18:00:00,0.0
2030-08-12 18:15:00,0.0
2030-08-12 18:30:00,0.0
2030-08-12 18:45:00,0.0
2030-08-12 19:00:00,0.0
2030-08-12 19:15:00,0.0
2030-08-12 19:30:00,0.0
2030-08-12 19:45:00,0.0
2030-08-12 20:00:00,0.0
2030-08-12 20:15:00,0.0
2030-08-12 20:30:00,0.0
2030-08-12 20:45:00,0.0
2030-08-12 21:00:00,0.0
2030-08-12 21:15:00,0.0
2030-08-12 21:30:00,0.0
2030-08-12 21:45:00,0.0
2030-08-12 22:00:00,0.0
2030-08-12 22:15:00,0.0
2030-08-12 22:30:00,0.0
2030-08-12 22:45:00,0.0
2030-08-12 23:00:00,0.0
2030-08-12 23:15:00,0.0
2030-08-12 23:30:00,0.0
2030-08-12 23:45:00,0.0
2030-08-13 00:00:00,0.0
2030-08-13 00:15:00,0.0
2030-08-13 00:30:00,0.0
2030-08-13 00:45:00,0.0
2030-08-13 01:00:00,0.0
2030-08-13 01:15:00,0.0
2030-08-13 01:30:00,0.0
2030-08-13 01:45:00,0.0
2030-08-13 02:00:00,0.0
2030-08-13 02:15:00,0.0
2030-08-13 02:30:00,0.0
2030-08-13 02:45:00,0.0
2030-08-13 03:00:00,0.0
2030-08-13 03:15:00,0.0
2030-08-13 03:30:00,0.0
2030-08-13 03:45:00,0.0
2030-08-13 04:00:00,0.0
2030-08-13 04:15:00,0.0
2030-08-13 04:30:00,0.0
2030-08-13 04:45:00,0.0
2030-08-13 05:00:00,0.0
2030-08-13 05:15:00,0.0
2030-08-13 05:30:00,0.0
2030-08-13 05:45:00,0.0
2030-08-13 06:00:00,0.0
2030-08-13 06:15:00,0.0
2030-08-13 06:30:00,0.0
2030-08-13 06:45:00,0.0
2030-08-13 07:00:00,0.0
2030-08-13 07:15:00,0.0
2030-08-13 07:30:00,0.0
2030-08-13 07:45:00,0.0
2030-08-13 08:00:00,0.0
2030-08-13 08:15:00,0.0
2030-08-13 08:30:00,0.0
2030-08-13 08:45:00,0.0
2030-08-13 09:00:00,0.0
2030-08-13 09:15:00,0.0
2030-08-13 09:30:00,0.0
2030-08-13 09:45:00,0.0
2030-08-13 10:00:00,0.0
2030-08-13 10:15:00,0.0
2030-08-13 10:30:00,0.0
2030-08-13 10:45:00,0.0
2030-08-13 11:00:00,0.0
2030-08-13 11:15:00,0.0
2030-08-13 11:30:00,0.0
2030-08-13 11:45:00,0.0
2030-08-13 12:00:00,0.0
2030-08-13 12:15:00,0.0
2030-08-13 12:30:00,0.0
2030-08-13 12:45:00,-3918.805982636297
2030-08-13 13:00:00,-7490.151457835493
2030-08-13 13:15:00,-6994.600233202806
2030-08-13 13:30:00,-6659.364983516281
2030-08-13 13:45:00,-6295.197479066657
2030-08-13 14:00:00,-5860.124702720746
2030-08-13 14:15:00,-5117.767555750299
2030-08-13 14:30:00,-4644.7089349466805
2030-08-13 14:45:00,-3973.747457739808
2030-08-13 15:00:00,-2934.3954614948234
2030-08-13 15:15:00,-2181.162518944733
2030-08-13 15:30:00,-1409.2436125156855
2030-08-13 15:45:00,-547.1981868550574
2030-08-13 16:00:00,0.0
2030-08-13 16:15:00,0.0
2030-08-13 16:30:00,0.0
2030-08-13 16:45:00,0.0
2030-08-13 17:00:00,0.0
2030-08-13 17:15:00,0.0
2030-08-13 17:30:00,0.0
2030-08-13 17:45:00,0.0
2030-08-13 18:00:00,0.0
2030-08-13 18:15:00,0.0
2030-08-13 18:30:00,0.0
2030-08-13 18:45:00,0.0
2030-08-13 19:00:00,0.0
2030-08-13 19:15:00,0.0
2030-08-13 19:30:00,0.0
2030-08-13 19:45:00,0.0
2030-08-13 20:00:00,0.0
2030-08-13 20:15:00,0.0
2030-08-13 20:30:00,0.0
2030-08-13 20:45:00,0.0
2030-08-13 21:00:00,0.0
2030-08-13 21:15:00,0.0
2030-08-13 21:30:00,0.0
2030-08-13 21:45:00,0.0
2030-08-13 22:00:00,0.0
2030-08-13 22:15:00,0.0
2030-08-13 22:30:00,0.0
2030-08-13 22:45:00,0.0
2030-08-13 23:00:00,0.0
2030-08-13 23:15:00,0.0
2030-08-13 23:30:00,0.0
2030-08-13 23:45:00,0.0
2030-08-14 00:00:00,0.0
2030-08-14 00:15:00,0.0
2030-08-14 00:30:00,0.0
2030-08-14 00:45:00,0.0
2030-08-14 01:00:00,0.0
2030-08-14 01:15:00,0.0
2030-08-14 01:30:00,0.0
2030-08-14 01:45:00,0.0
2030-08-14 02:00:00,0.0
2030-08-14 02:15:00,0.0
2030-08-14 02:30:00,0.0
2030-08-14 02:45:00,0.0
2030-08-14 03:00:00,0.0
2030-08-14 03:15:00,0.0
2030-08-14 03:30:00,0.0
2030-08-14 03:45:00,0.0
2030-08-14 04:00:00,0.0
2030-08-14 04:15:00,0.0
2030-08-14 04:30:00,0.0
2030-08-14 04:45:00,0.0
2030-08-14 05:00:00,0.0
2030-08-14 05:15:00,0.0
2030-08-14 05:30:00,0.0
2030-08-14 05:45:00,0.0
2030-08-14 06:00:00,1596.4369763664708
2030-08-14 06:15:00,0.0
2030-08-14 06:30:00,0.0
2030-08-14 06:45:00,0.0
2030-08-14 07:00:00,0.0
2030-08-14 07:15:00,0.0
2030-08-14 07:30:00,0.0
2030-08-14 07:45:00,0.0
2030-08-14 08:00:00,0.0
2030-08-14 08:15:00,0.0
2030-08-14 08:30:00,0.0
2030-08-14 08:45:00,0.0
2030-08-14 09:00:00,0.0
2030-08-14 09:15:00,0.0
2030-08-14 09:30:00,0.0
2030-08-14 09:45:00,0.0
2030-08-14 10:00:00,0.0
2030-08-14 10:15:00,0.0
2030-08-14 10:30:00,0.0
2030-08-14 10:45:00,0.0
2030-08-14 11:00:00,0.0
2030-08-14 11:15:00,0.0
2030-08-14 11:30:00,0.0
2030-08-14 11:45:00,0.0
2030-08-14 12:00:00,0.0
2030-08-14 12:15:00,0.0
2030-08-14 12:30:00,0.0
2030-08-14 12:45:00,0.0
2030-08-14 13:00:00,0.0
2030-08-14 13:15:00,0.0
2030-08-14 13:30:00,0.0
2030-08-14 13:45:00,0.0
2030-08-14 14:00:00,0.0
2030-08-14 14:15:00,0.0
2030-08-14 14:30:00,0.0
2030-08-14 14:45:00,0.0
2030-08-14 15:00:00,0.0
2030-08-14 15:15:00,0.0
2030-08-14 15:30:00,0.0
2030-08-14 15:45:00,0.0
2030-08-14 16:00:00,0.0
2030-08-14 16:15:00,0.0
2030-08-14 16:30:00,0.0
2030-08-14 16:45:00,0.0
2030-08-14 17:00:00,0.0
2030-08-14 17:15:00,0.0
2030-08-14 17:30:00,0.0
2030-08-14 17:45:00,0.0
2030-08-14 18:00:00,691.9725877830169
2030-08-14 18:15:00,1387.1403306701668
2030-08-14 18:30:00,1812.810423025674
2030-08-14 18:45:00,2297.948442772795
2030-08-14 19:00:00,2649.2212870436706
2030-08-14 19:15:00,2498.205090772193
2030-08-14 19:30:00,2415.0879399885343
2030-08-14 19:45:00,2211.1392135548467
2030-08-14 20:00:00,1753.9648609310352
2030-08-14 20:15:00,1356.357966054742
2030-08-14 20:30:00,1061.4502947957299
2030-08-14 20:45:00,680.107002431756
2030-08-14 21:00:00,335.7691833451099
2030-08-14 21:15:00,76.39512905240554
2030-08-14 21:30:00,0.0
2030-08-14 21:45:00,0.0
2030-08-14 22:00:00,0.0
2030-08-14 22:15:00,0.0
2030-08-14 22:30:00,0.0
2030-08-14 22:45:00,0.0
2030-08-14 23:00:00,0.0
2030-08-14 23:15:00,0.0
2030-08-14 23:30:00,0.0
2030-08-14 23:45:00,0.0
2030-08-15 00:00:00,0.0
2030-08-15 00:15:00,0.0
2030-08-15 00:30:00,0.0
2030-08-15 00:45:00,0.0
2030-08-15 01:00:00,0.0
2030-08-15 01:15:00,0.0
2030-08-15 01:30:00,0.0
2030-08-15 01:45:00,0.0
2030-08-15 02:00:00,0.0
2030-08-15 02:15:00,0.0
2030-08-15 02:30:00,0.0
2030-08-15 02:45:00,0.0
2030-08-15 03:00:00,0.0
2030-08-15 03:15:00,0.0
2030-08-15 03:30:00,0.0
2030-08-15 03:45:00,0.0
2030-08-15 04:00:00,0.0
2030-08-15 04:15:00,0.0
2030-08-15 04:30:00,0.0
2030-08-15 04:45:00,0.0
2030-08-15 05:00:00,0.0
2030-08-15 05:15:00,0.0
2030-08-15 05:30:00,0.0
2030-08-15 05:45:00,0.0
2030-08-15 06:00:00,0.0
2030-08-15 06:15:00,0.0
2030-08-15 06:30:00,0.0
2030-08-15 06:45:00,0.0
2030-08-15 07:00:00,0.0
2030-08-15 07:15:00,0.0
2030-08-15 07:30:00,0.0
2030-08-15 07:45:00,0.0
2030-08-15 08:00:00,0.0
2030-08-15 08:15:00,0.0
2030-08-15 08:30:00,0.0
2030-08-15 08:45:00,0.0
2030-08-15 09:00:00,0.0
2030-08-15 09:15:00,0.0
2030-08-15 09:30:00,0.0
2030-08-15 09:45:00,0.0
2030-08-15 10:00:00,0.0
2030-08-15 10:15:00,0.0
2030-08-15 10:30:00,0.0
2030-08-15 10:45:00,0.0
2030-08-15 11:00:00,0.0
2030-08-15 11:15:00,0.0
2030-08-15 11:30:00,0.0
2030-08-15 11:45:00,0.0
2030-08-15 12:00:00,0.0
2030-08-15 12:15:00,0.0
2030-08-15 12:30:00,0.0
2030-08-15 12:45:00,0.0
2030-08-15 13:00:00,0.0
2030-08-15 13:15:00,0.0
2030-08-15 13:30:00,0.0
2030-08-15 13:45:00,0.0
2030-08-15 14:00:00,0.0
2030-08-15 14:15:00,0.0
2030-08-15 14:30:00,0.0
2030-08-15 14:45:00,0.0
2030-08-15 15:00:00,0.0
2030-08-15 15:15:00,0.0
2030-08-15 15:30:00,0.0
2030-08-15 15:45:00,0.0
2030-08-15 16:00:00,0.0
2030-08-15 16:15:00,0.0
2030-08-15 16:30:00,0.0
2030-08-15 16:45:00,0.0
2030-08-15 17:00:00,0.0
2030-08-15 17:15:00,0.0
2030-08-15 17:30:00,3101.025852480392
2030-08-15 17:45:00,0.0
2030-08-15 18:00:00,0.0
2030-08-15 18:15:00,75.7225465028132
2030-08-15 18:30:00,913.8864404431206
2030-08-15 18:45:00,1570.3484611898057
2030-08-15 19:00:00,2050.5180560418376
2030-08-15 19:15:00,2179.673258158533
2030-08-15 19:30:00,2281.1250282209166
2030-08-15 19:45:00,2413.5977511557976
2030-08-15 20:00:00,2268.1894067665853
2030-08-15 20:15:00,2119.7068398656684
2030-08-15 20:30:00,2097.3119919470882
2030-08-15 20:45:00,1875.890078603752
2030-08-15 21:00:00,1926.2480827068248
2030-08-15 21:15:00,1806.932344649882
2030-08-15 21:30:00,1449.9842256414704
2030-08-15 21:45:00,1078.330016649099
2030-08-15 22:00:00,664.3024600138706
2030-08-15 22:15:00,455.7582979667113
2030-08-15 22:30:00,198.76755926631813
2030-08-15 22:45:00,0.0
2030-08-15 23:00:00,0.0
2030-08-15 23:15:00,0.0
2030-08-15 23:30:00,0.0
2030-08-15 23:45:00,0.0
2030-08-16 00:00:00,0.0
2030-08-16 00:15:00,0.0
2030-08-16 00:30:00,0.0
2030-08-16 00:45:00,0.0
2030-08-16 01:00:00,0.0
2030-08-16 01:15:00,0.0
2030-08-16 01:30:00,0.0
2030-08-16 01:45:00,0.0
2030-08-16 02:00:00,0.0
2030-08-16 02:15:00,0.0
2030-08-16 02:30:00,0.0
2030-08-16 02:45:00,0.0
2030-08-16 03:00:00,0.0
2030-08-16 03:15:00,0.0
2030-08-16 03:30:00,0.0
2030-08-16 03:45:00,0.0
2030-08-16 04:00:00,0.0
2030-08-16 04:15:00,0.0
2030-08-16 04:30:00,0.0
2030-08-16 04:45:00,0.0
2030-08-16 05:00:00,0.0
2030-08-16 05:15:00,0.0
2030-08-16 05:30:00,0.0
2030-08-16 05:45:00,0.0
2030-08-16 06:00:00,0.0
2030-08-16 06:15:00,0.0
2030-08-16 06:30:00,0.0
2030-08-16 06:45:00,0.0
2030-08-16 07:00:00,0.0
2030-08-16 07:15:00,0.0
2030-08-16 07:30:00,0.0
2030-08-16 07:45:00,0.0
2030-08-16 08:00:00,0.0
2030-08-16 08:15:00,0.0
2030-08-16 08:30:00,0.0
2030-08-16 08:45:00,0.0
2030-08-16 09:00:00,0.0
2030-08-16 09:15:00,0.0
2030-08-16 09:30:00,0.0
2030-08-16 09:45:00,0.0
2030-08-16 10:00:00,0.0
2030-08-16 10:15:00,0.0
2030-08-16 10:30:00,0.0
2030-08-16 10:45:00,0.0
2030-08-16 11:00:00,0.0
2030-08-16 11:15:00,0.0
2030-08-16 11:30:00,0.0
2030-08-16 11:45:00,0.0
2030-08-16 12:00:00,0.0
2030-08-16 12:15:00,0.0
2030-08-16 12:30:00,0.0
2030-08-16 12:45:00,0.0
2030-08-16 13:00:00,0.0
2030-08-16 13:15:00,0.0
2030-08-16 13:30:00,0.0
2030-08-16 13:45:00,0.0
2030-08-16 14:00:00,0.0
2030-08-16 14:15:00,0.0
2030-08-16 14:30:00,0.0
2030-08-16 14:45:00,0.0
2030-08-16 15:00:00,0.0
2030-08-16 15:15:00,0.0
2030-08-16 15:30:00,0.0
2030-08-16 15:45:00,0.0
2030-08-16 16:00:00,0.0
2030-08-16 16:15:00,0.0
2030-08-16 16:30:00,0.0
2030-08-16 16:45:00,0.0
2030-08-16 17:00:00,0.0
2030-08-16 17:15:00,0.0
2030-08-16 17:30:00,0.0
2030-08-16 17:45:00,0.0
2030-08-16 18:00:00,0.0
2030-08-16 18:15:00,0.0
2030-08-16 18:30:00,0.0
2030-08-16 18:45:00,0.0
2030-08-16 19:00:00,0.0
2030-08-16 19:15:00,0.0
2030-08-16 19:30:00,0.0
2030-08-16 19:45:00,0.0
2030-08-16 20:00:00,0.0
2030-08-16 20:15:00,0.0
2030-08-16 20:30:00,0.0
2030-08-16 20:45:00,0.0
2030-08-16 21:00:00,0.0
2030-08-16 21:15:00,0.0
2030-08-16 21:30:00,0.0
2030-08-16 21:45:00,0.0
2030-08-16 22:00:00,1920.5903391686752
2030-08-16 22:15:00,0.0
2030-08-16 22:30:00,0.0
2030-08-16 22:45:00,0.0
2030-08-16 23:00:00,0.0
2030-08-16 23:15:00,0.0
2030-08-16 23:30:00,0.0
2030-08-16 23:45:00,0.0
2030-08-17 00:00:00,0.0
2030-08-17 00:15:00,0.0
2030-08-17 00:30:00,0.0
2030-08-17 00:45:00,0.0
2030-08-17 01:00:00,0.0
2030-08-17 01:15:00,0.0
2030-08-17 01:30:00,0.0
2030-08-17 01:45:00,0.0
2030-08-17 02:00:00,0.0
2030-08-17 02:15:00,0.0
2030-08-17 02:30:00,0.0
2030-08-17 02:45:00,0.0
2030-08-17 03:00:00,0.0
2030-08-17 03:15:00,0.0
2030-08-17 03:30:00,0.0
2030-08-17 03:45:00,0.0
2030-08-17 04:00:00,0.0
2030-08-17 04:15:00,0.0
2030-08-17 04:30:00,0.0
2030-08-17 04:45:00,0.0
2030-08-17 05:00:00,0.0
2030-08-17 05:15:00,0.0
2030-08-17 05:30:00,0.0
2030-08-17 05:45:00,0.0
2030-08-17 06:00:00,0.0
2030-08-17 06:15:00,0.0
2030-08-17 06:30:00,0.0
2030-08-17 06:45:00,0.0
2030-08-17 07:00:00,0.0
2030-08-17 07:15:00,0.0
2030-08-17 07:30:00,0.0
2030-08-17 07:45:00,0.0
2030-08-17 08:00:00,0.0
2030-08-17 08:15:00,0.0
2030-08-17 08:30:00,0.0
2030-08-17 08:45:00,0.0
2030-08-17 09:00:00,0.0
2030-08-17 09:15:00,0.0
2030-08-17 09:30:00,0.0
2030-08-17 09:45:00,0.0
2030-08-17 10:00:00,0.0
2030-08-17 10:15:00,0.0
2030-08-17 10:30:00,0.0
2030-08-17 10:45:00,0.0
2030-08-17 11:00:00,0.0
2030-08-17 11:15:00,0.0
2030-08-17 11:30:00,0.0
2030-08-17 11:45:00,0.0
2030-08-17 12:00:00,0.0
2030-08-17 12:15:00,0.0
2030-08-17 12:30:00,0.0
2030-08-17 12:45:00,0.0
2030-08-17 13:00:00,0.0
2030-08-17 13:15:00,0.0
2030-08-17 13:30:00,0.0
2030-08-17 13:45:00,0.0
2030-08-17 14:00:00,0.0
2030-08-17 14:15:00,0.0
2030-08-17 14:30:00,0.0
2030-08-17 14:45:00,0.0
2030-08-17 15:00:00,0.0
2030-08-17 15:15:00,0.0
2030-08-17 15:30:00,0.0
2030-08-17 15:45:00,0.0
2030-08-17 16:00:00,0.0
2030-08-17 16:15:00,0.0
2030-08-17 16:30:00,0.0
2030-08-17 16:45:00,0.0
2030-08-17 17:00:00,0.0
2030-08-17 17:15:00,0.0
2030-08-17 17:30:00,0.0
2030-08-17 17:45:00,0.0
2030-08-17 18:00:00,0.0
2030-08-17 18:15:00,0.0
2030-08-17 18:30:00,0.0
2030-08-17 18:45:00,0.0
2030-08-17 19:00:00,0.0
2030-08-17 19:15:00,8787.969937113783
2030-08-17 19:30:00,2103.551470078044
2030-08-17 19:45:00,2240.625151563392
2030-08-17 20:00:00,2097.0618667394374
2030-08-17 20:15:00,1930.7978971859156
2030-08-17 20:30:00,1814.0083764004848
2030-08-17 20:45:00,1859.7969986866192
2030-08-17 21:00:00,2059.7413807509656
2030-08-17 21:15:00,2023.6699185993912
2030-08-17 21:30:00,1673.6023232560547
2030-08-17 21:45:00,1364.2107036385532
2030-08-17 22:00:00,1095.6083935018323
2030-08-17 22:15:00,990.8011477979635
2030-08-17 22:30:00,698.028726216513
2030-08-17 22:45:00,491.27126652729385
2030-08-17 23:00:00,246.68496857203536
2030-08-17 23:15:00,52.19771674421463
2030-08-17 23:30:00,0.0
2030-08-17 23:45:00,0.0
2030-08-18 00:00:00,0.0
2030-08-18 00:15:00,0.0
2030-08-18 00:30:00,0.0
2030-08-18 00:45:00,0.0
2030-08-18 01:00:00,0.0
2030-08-18 01:15:00,0.0
2030-08-18 01:30:00,0.0
2030-08-18 01:45:00,0.0
2030-08-18 02:00:00,0.0
2030-08-18 02:15:00,0.0
2030-08-18 02:30:00,0.0
2030-08-18 02:45:00,0.0
2030-08-18 03:00:00,0.0
2030-08-18 03:15:00,0.0
2030-08-18 03:30:00,0.0
2030-08-18 03:45:00,0.0
2030-08-18 04:00:00,0.0
2030-08-18 04:15:00,0.0
2030-08-18 04:30:00,0.0
2030-08-18 04:45:00,0.0
2030-08-18 05:00:00,0.0
2030-08-18 05:15:00,0.0
2030-08-18 05:30:00,0.0
2030-08-18 05:45:00,0.0
2030-08-18 06:00:00,0.0
2030-08-18 06:15:00,0.0
2030-08-18 06:30:00,0.0
2030-08-18 06:45:00,0.0
2030-08-18 07:00:00,0.0
2030-08-18 07:15:00,0.0
2030-08-18 07:30:00,0.0
2030-08-18 07:45:00,0.0
2030-08-18 08:00:00,0.0
2030-08-18 08:15:00,0.0
2030-08-18 08:30:00,0.0
2030-08-18 08:45:00,0.0
2030-08-18 09:00:00,0.0
2030-08-18 09:15:00,0.0
2030-08-18 09:30:00,0.0
2030-08-18 09:45:00,0.0
2030-08-18 10:00:00,0.0
2030-08-18 10:15:00,0.0
2030-08-18 10:30:00,0.0
2030-08-18 10:45:00,0.0
2030-08-18 11:00:00,0.0
2030-08-18 11:15:00,0.0
2030-08-18 11:30:00,0.0
2030-08-18 11:45:00,0.0
2030-08-18 12:00:00,0.0
2030-08-18 12:15:00,0.0
2030-08-18 12:30:00,0.0
2030-08-18 12:45:00,0.0
2030-08-18 13:00:00,0.0
2030-08-18 13:15:00,0.0
2030-08-18 13:30:00,0.0
2030-08-18 13:45:00,0.0
2030-08-18 14:00:00,0.0
2030-08-18 14:15:00,0.0
2030-08-18 14:30:00,0.0
2030-08-18 14:45:00,0.0
2030-08-18 15:00:00,0.0
2030-08-18 15:15:00,0.0
2030-08-18 15:30:00,0.0
2030-08-18 15:45:00,0.0
2030-08-18 16:00:00,0.0
2030-08-18 16:15:00,0.0
2030-08-18 16:30:00,0.0
2030-08-18 16:45:00,0.0
2030-08-18 17:00:00,0.0
2030-08-18 17:15:00,0.0
2030-08-18 17:30:00,0.0
2030-08-18 17:45:00,0.0
2030-08-18 18:00:00,0.0
2030-08-18 18:15:00,0.0
2030-08-18 18:30:00,0.0
2030-08-18 18:45:00,0.0
2030-08-18 19:00:00,0.0
2030-08-18 19:15:00,0.0
2030-08-18 19:30:00,0.0
2030-08-18 19:45:00,11408.029374109617
2030-08-18 20:00:00,2506.4404149074107
2030-08-18 20:15:00,2118.0372162356543
2030-08-18 20:30:00,1836.5305472811724
2030-08-18 20:45:00,1493.7468716340154
2030-08-18 21:00:00,1132.8577000363912
2030-08-18 21:15:00,755.8820080893256
2030-08-18 21:30:00,275.56536106178464
2030-08-18 21:45:00,0.0
2030-08-18 22:00:00,0.0
2030-08-18 22:15:00,0.0
2030-08-18 22:30:00,0.0
2030-08-18 22:45:00,0.0
2030-08-18 23:00:00,0.0
2030-08-18 23:15:00,0.0
2030-08-18 23:30:00,0.0
2030-08-18 23:45:00,0.0
2030-08-19 00:00:00,0.0
2030-08-19 00:15:00,0.0
2030-08-19 00:30:00,0.0
2030-08-19 00:45:00,0.0
2030-08-19 01:00:00,0.0
2030-08-19 01:15:00,0.0
2030-08-19 01:30:00,0.0
2030-08-19 01:45:00,0.0
2030-08-19 02:00:00,0.0
2030-08-19 02:15:00,0.0
2030-08-19 02:30:00,0.0
2030-08-19 02:45:00,0.0
2030-08-19 03:00:00,0.0
2030-08-19 03:15:00,0.0
2030-08-19 03:30:00,0.0
2030-08-19 03:45:00,0.0
2030-08-19 04:00:00,0.0
2030-08-19 04:15:00,0.0
2030-08-19 04:30:00,0.0
2030-08-19 04:45:00,0.0
2030-08-19 05:00:00,0.0
2030-08-19 05:15:00,0.0
2030-08-19 05:30:00,0.0
2030-08-19 05:45:00,0.0
2030-08-19 06:00:00,0.0
2030-08-19 06:15:00,0.0
2030-08-19 06:30:00,0.0
2030-08-19 06:45:00,0.0
2030-08-19 07:00:00,0.0
2030-08-19 07:15:00,0.0
2030-08-19 07:30:00,0.0
2030-08-19 07:45:00,0.0
2030-08-19 08:00:00,0.0
2030-08-19 08:15:00,0.0
2030-08-19 08:30:00,0.0
2030-08-19 08:45:00,0.0
2030-08-19 09:00:00,0.0
2030-08-19 09:15:00,0.0
2030-08-19 09:30:00,0.0
2030-08-19 09:45:00,0.0
2030-08-19 10:00:00,0.0
2030-08-19 10:15:00,0.0
2030-08-19 10:30:00,0.0
2030-08-19 10:45:00,0.0
2030-08-19 11:00:00,0.0
2030-08-19 11:15:00,0.0
2030-08-19 11:30:00,0.0
2030-08-19 11:45:00,0.0
2030-08-19 12:00:00,0.0
2030-08-19 12:15:00,0.0
2030-08-19 12:30:00,0.0
2030-08-19 12:45:00,0.0
2030-08-19 13:00:00,0.0
2030-08-19 13:15:00,0.0
2030-08-19 13:30:00,0.0
2030-08-19 13:45:00,0.0
2030-08-19 14:00:00,0.0
2030-08-19 14:15:00,0.0
2030-08-19 14:30:00,0.0
2030-08-19 14:45:00,0.0
2030-08-19 15:00:00,0.0
2030-08-19 15:15:00,0.0
2030-08-19 15:30:00,0.0
2030-08-19 15:45:00,0.0
2030-08-19 16:00:00,0.0
2030-08-19 16:15:00,0.0
2030-08-19 16:30:00,0.0
2030-08-19 16:45:00,0.0
2030-08-19 17:00:00,0.0
2030-08-19 17:15:00,0.0
2030-08-19 17:30:00,0.0
2030-08-19 17:45:00,0.0
2030-08-19 18:00:00,0.0
2030-08-19 18:15:00,0.0
2030-08-19 18:30:00,0.0
2030-08-19 18:45:00,0.0
2030-08-19 19:00:00,0.0
2030-08-19 19:15:00,0.0
2030-08-19 19:30:00,0.0
2030-08-19 19:45:00,0.0
2030-08-19 20:00:00,0.0
2030-08-19 20:15:00,0.0
2030-08-19 20:30:00,0.0
2030-08-19 20:45:00,0.0
2030-08-19 21:00:00,0.0
2030-08-19 21:15:00,0.0
2030-08-19 21:30:00,0.0
2030-08-19 21:45:00,0.0
2030-08-19 22:00:00,0.0
2030-08-19 22:15:00,0.0
2030-08-19 22:30:00,0.0
2030-08-19 22:45:00,0.0
2030-08-19 23:00:00,0.0
2030-08-19 23:15:00,0.0
2030-08-19 23:30:00,0.0
2030-08-19 23:45:00,0.0
2030-08-20 00:00:00,0.0
2030-08-20 00:15:00,0.0
2030-08-20 00:30:00,0.0
2030-08-20 00:45:00,0.0
2030-08-20 01:00:00,0.0
2030-08-20 01:15:00,0.0
2030-08-20 01:30:00,0.0
2030-08-20 01:45:00,0.0
2030-08-20 02:00:00,0.0
2030-08-20 02:15:00,0.0
2030-08-20 02:30:00,0.0
2030-08-20 02:45:00,0.0
2030-08-20 03:00:00,0.0
2030-08-20 03:15:00,230.23309236705518
2030-08-20 03:30:00,0.0
2030-08-20 03:45:00,0.0
2030-08-20 04:00:00,0.0
2030-08-20 04:15:00,0.0
2030-08-20 04:30:00,0.0
2030-08-20 04:45:00,0.0
2030-08-20 05:00:00,0.0
2030-08-20 05:15:00,0.0
2030-08-20 05:30:00,0.0
2030-08-20 05:45:00,0.0
2030-08-20 06:00:00,0.0
2030-08-20 06:15:00,0.0
2030-08-20 06:30:00,0.0
2030-08-20 06:45:00,0.0
2030-08-20 07:00:00,0.0
2030-08-20 07:15:00,0.0
2030-08-20 07:30:00,0.0
2030-08-20 07:45:00,0.0
2030-08-20 08:00:00,0.0
2030-08-20 08:15:00,0.0
2030-08-20 08:30:00,0.0
2030-08-20 08:45:00,0.0
2030-08-20 09:00:00,0.0
2030-08-20 09:15:00,0.0
2030-08-20 09:30:00,0.0
2030-08-20 09:45:00,0.0
2030-08-20 10:00:00,0.0
2030-08-20 10:15:00,0.0
2030-08-20 10:30:00,0.0
2030-08-20 10:45:00,0.0
2030-08-20 11:00:00,0.0
2030-08-20 11:15:00,0.0
2030-08-20 11:30:00,0.0
2030-08-20 11:45:00,0.0
2030-08-20 12:00:00,0.0
2030-08-20 12:15:00,0.0
2030-08-20 12:30:00,0.0
2030-08-20 12:45:00,0.0
2030-08-20 13:00:00,0.0
2030-08-20 13:15:00,0.0
2030-08-20 13:30:00,0.0
2030-08-20 13:45:00,0.0
2030-08-20 14:00:00,0.0
2030-08-20 14:15:00,0.0
2030-08-20 14:30:00,0.0
2030-08-20 14:45:00,0.0
2030-08-20 15:00:00,0.0
2030-08-20 15:15:00,0.0
2030-08-20 15:30:00,0.0
2030-08-20 15:45:00,0.0
2030-08-20 16:00:00,0.0
2030-08-20 16:15:00,0.0
2030-08-20 16:30:00,0.0
2030-08-20 16:45:00,0.0
2030-08-20 17:00:00,0.0
2030-08-20 17:15:00,0.0
2030-08-20 17:30:00,0.0
2030-08-20 17:45:00,0.0
2030-08-20 18:00:00,0.0
2030-08-20 18:15:00,0.0
2030-08-20 18:30:00,0.0
2030-08-20 18:45:00,0.0
2030-08-20 19:00:00,0.0
2030-08-20 19:15:00,0.0
2030-08-20 19:30:00,0.0
2030-08-20 19:45:00,0.0
2030-08-20 20:00:00,0.0
2030-08-20 20:15:00,0.0
2030-08-20 20:30:00,0.0
2030-08-20 20:45:00,0.0
2030-08-20 21:00:00,0.0
2030-08-20 21:15:00,6973.640045044664
2030-08-20 21:30:00,0.0
2030-08-20 21:45:00,0.0
2030-08-20 22:00:00,0.0
2030-08-20 22:15:00,0.0
2030-08-20 22:30:00,0.0
2030-08-20 22:45:00,0.0
2030-08-20 23:00:00,0.0
2030-08-20 23:15:00,0.0
2030-08-20 23:30:00,0.0
2030-08-20 23:45:00,0.0
2030-08-21 00:00:00,0.0
2030-08-21 00:15:00,0.0
2030-08-21 00:30:00,0.0
2030-08-21 00:45:00,0.0
2030-08-21 01:00:00,0.0
2030-08-21 01:15:00,0.0
2030-08-21 01:30:00,0.0
2030-08-21 01:45:00,0.0
2030-08-21 02:00:00,0.0
2030-08-21 02:15:00,0.0
2030-08-21 02:30:00,0.0
2030-08-21 02:45:00,0.0
2030-08-21 03:00:00,0.0
2030-08-21 03:15:00,0.0
2030-08-21 03:30:00,0.0
2030-08-21 03:45:00,0.0
2030-08-21 04:00:00,0.0
2030-08-21 04:15:00,0.0
2030-08-21 04:30:00,0.0
2030-08-21 04:45:00,0.0
2030-08-21 05:00:00,0.0
2030-08-21 05:15:00,0.0
2030-08-21 05:30:00,0.0
2030-08-21 05:45:00,0.0
2030-08-21 06:00:00,0.0
2030-08-21 06:15:00,0.0
2030-08-21 06:30:00,0.0
2030-08-21 06:45:00,0.0
2030-08-21 07:00:00,0.0
2030-08-21 07:15:00,0.0
2030-08-21 07:30:00,0.0
2030-08-21 07:45:00,0.0
2030-08-21 08:00:00,0.0
2030-08-21 08:15:00,0.0
2030-08-21 08:30:00,0.0
2030-08-21 08:45:00,0.0
2030-08-21 09:00:00,0.0
2030-08-21 09:15:00,0.0
2030-08-21 09:30:00,0.0
2030-08-21 09:45:00,0.0
2030-08-21 10:00:00,0.0
2030-08-21 10:15:00,0.0
2030-08-21 10:30:00,0.0
2030-08-21 10:45:00,0.0
2030-08-21 11:00:00,0.0
2030-08-21 11:15:00,0.0
2030-08-21 11:30:00,0.0
2030-08-21 11:45:00,0.0
2030-08-21 12:00:00,0.0
2030-08-21 12:15:00,0.0
2030-08-21 12:30:00,0.0
2030-08-21 12:45:00,0.0
2030-08-21 13:00:00,0.0
2030-08-21 13:15:00,0.0
2030-08-21 13:30:00,0.0
2030-08-21 13:45:00,0.0
2030-08-21 14:00:00,0.0
2030-08-21 14:15:00,0.0
2030-08-21 14:30:00,0.0
2030-08-21 14:45:00,0.0
2030-08-21 15:00:00,0.0
2030-08-21 15:15:00,0.0
2030-08-21 15:30:00,0.0
2030-08-21 15:45:00,0.0
2030-08-21 16:00:00,0.0
2030-08-21 16:15:00,0.0
2030-08-21 16:30:00,0.0
2030-08-21 16:45:00,0.0
2030-08-21 17:00:00,0.0
2030-08-21 17:15:00,0.0
2030-08-21 17:30:00,0.0
2030-08-21 17:45:00,0.0
2030-08-21 18:00:00,0.0
2030-08-21 18:15:00,0.0
2030-08-21 18:30:00,0.0
2030-08-21 18:45:00,0.0
2030-08-21 19:00:00,0.0
2030-08-21 19:15:00,0.0
2030-08-21 19:30:00,0.0
2030-08-21 19:45:00,0.0
2030-08-21 20:00:00,0.0
2030-08-21 20:15:00,0.0
2030-08-21 20:30:00,0.0
2030-08-21 20:45:00,0.0
2030-08-21 21:00:00,0.0
2030-08-21 21:15:00,0.0
2030-08-21 21:30:00,0.0
2030-08-21 21:45:00,0.0
2030-08-21 22:00:00,0.0
2030-08-21 22:15:00,0.0
2030-08-21 22:30:00,0.0
2030-08-21 22:45:00,3618.7029593896714
2030-08-21 23:00:00,0.0
2030-08-21 23:15:00,0.0
2030-08-21 23:30:00,0.0
2030-08-21 23:45:00,0.0
2030-08-22 00:00:00,0.0
2030-08-22 00:15:00,0.0
2030-08-22 00:30:00,0.0
2030-08-22 00:45:00,0.0
2030-08-22 01:00:00,0.0
2030-08-22 01:15:00,0.0
2030-08-22 01:30:00,0.0
2030-08-22 01:45:00,0.0
2030-08-22 02:00:00,0.0
2030-08-22 02:15:00,0.0
2030-08-22 02:30:00,0.0
2030-08-22 02:45:00,0.0
2030-08-22 03:00:00,0.0
2030-08-22 03:15:00,0.0
2030-08-22 03:30:00,0.0
2030-08-22 03:45:00,0.0
2030-08-22 04:00:00,0.0
2030-08-22 04:15:00,0.0
2030-08-22 04:30:00,0.0
2030-08-22 04:45:00,0.0
2030-08-22 05:00:00,0.0
2030-08-22 05:15:00,0.0
2030-08-22 05:30:00,0.0
2030-08-22 05:45:00,0.0
2030-08-22 06:00:00,0.0
2030-08-22 06:15:00,0.0
2030-08-22 06:30:00,0.0
2030-08-22 06:45:00,0.0
2030-08-22 07:00:00,0.0
2030-08-22 07:15:00,0.0
2030-08-22 07:30:00,0.0
2030-08-22 07:45:00,0.0
2030-08-22 08:00:00,0.0
2030-08-22 08:15:00,0.0
2030-08-22 08:30:00,0.0
2030-08-22 08:45:00,0.0
2030-08-22 09:00:00,0.0
2030-08-22 09:15:00,0.0
2030-08-22 09:30:00,0.0
2030-08-22 09:45:00,0.0
2030-08-22 10:00:00,0.0
2030-08-22 10:15:00,0.0
2030-08-22 10:30:00,0.0
2030-08-22 10:45:00,0.0
2030-08-22 11:00:00,0.0
2030-08-22 11:15:00,0.0
2030-08-22 11:30:00,0.0
2030-08-22 11:45:00,0.0
2030-08-22 12:00:00,0.0
2030-08-22 12:15:00,0.0
2030-08-22 12:30:00,0.0
2030-08-22 12:45:00,0.0
2030-08-22 13:00:00,0.0
2030-08-22 13:15:00,0.0
2030-08-22 13:30:00,0.0
2030-08-22 13:45:00,0.0
2030-08-22 14:00:00,0.0
2030-08-22 14:15:00,0.0
2030-08-22 14:30:00,0.0
2030-08-22 14:45:00,0.0
2030-08-22 15:00:00,0.0
2030-08-22 15:15:00,0.0
2030-08-22 15:30:00,0.0
2030-08-22 15:45:00,0.0
2030-08-22 16:00:00,0.0
2030-08-22 16:15:00,0.0
2030-08-22 16:30:00,0.0
2030-08-22 16:45:00,0.0
2030-08-22 17:00:00,0.0
2030-08-22 17:15:00,0.0
2030-08-22 17:30:00,0.0
2030-08-22 17:45:00,0.0
2030-08-22 18:00:00,0.0
2030-08-22 18:15:00,0.0
2030-08-22 18:30:00,0.0
2030-08-22 18:45:00,0.0
2030-08-22 19:00:00,0.0
2030-08-22 19:15:00,0.0
2030-08-22 19:30:00,0.0
2030-08-22 19:45:00,0.0
2030-08-22 20:00:00,0.0
2030-08-22 20:15:00,0.0
2030-08-22 20:30:00,0.0
2030-08-22 20:45:00,0.0
2030-08-22 21:00:00,0.0
2030-08-22 21:15:00,0.0
2030-08-22 21:30:00,0.0
2030-08-22 21:45:00,0.0
2030-08-22 22:00:00,0.0
2030-08-22 22:15:00,0.0
2030-08-22 22:30:00,0.0
2030-08-22 22:45:00,0.0
2030-08-22 23:00:00,0.0
2030-08-22 23:15:00,0.0
2030-08-22 23:30:00,0.0
2030-08-22 23:45:00,0.0
2030-08-23 00:00:00,0.0
2030-08-23 00:15:00,0.0
2030-08-23 00:30:00,0.0
2030-08-23 00:45:00,0.0
2030-08-23 01:00:00,0.0
2030-08-23 01:15:00,0.0
2030-08-23 01:30:00,0.0
2030-08-23 01:45:00,0.0
2030-08-23 02:00:00,0.0
2030-08-23 02:15:00,0.0
2030-08-23 02:30:00,0.0
2030-08-23 02:45:00,0.0
2030-08-23 03:00:00,0.0
2030-08-23 03:15:00,0.0
2030-08-23 03:30:00,0.0
2030-08-23 03:45:00,0.0
2030-08-23 04:00:00,0.0
2030-08-23 04:15:00,0.0
2030-08-23 04:30:00,0.0
2030-08-23 04:45:00,0.0
2030-08-23 05:00:00,0.0
2030-08-23 05:15:00,0.0
2030-08-23 05:30:00,6869.190170818471
2030-08-23 05:45:00,0.0
2030-08-23 06:00:00,0.0
2030-08-23 06:15:00,0.0
2030-08-23 06:30:00,0.0
2030-08-23 06:45:00,0.0
2030-08-23 07:00:00,0.0
2030-08-23 07:15:00,0.0
2030-08-23 07:30:00,0.0
2030-08-23 07:45:00,0.0
2030-08-23 08:00:00,0.0
2030-08-23 08:15:00,0.0
2030-08-23 08:30:00,0.0
2030-08-23 08:45:00,0.0
2030-08-23 09:00:00,0.0
2030-08-23 09:15:00,0.0
2030-08-23 09:30:00,0.0
2030-08-23 09:45:00,0.0
2030-08-23 10:00:00,0.0
2030-08-23 10:15:00,0.0
2030-08-23 10:30:00,0.0
2030-08-23 10:45:00,0.0
2030-08-23 11:00:00,0.0
2030-08-23 11:15:00,0.0
2030-08-23 11:30:00,0.0
2030-08-23 11:45:00,0.0
2030-08-23 12:00:00,0.0
2030-08-23 12:15:00,0.0
2030-08-23 12:30:00,0.0
2030-08-23 12:45:00,0.0
2030-08-23 13:00:00,0.0
2030-08-23 13:15:00,0.0
2030-08-23 13:30:00,0.0
2030-08-23 13:45:00,0.0
2030-08-23 14:00:00,0.0
2030-08-23 14:15:00,0.0
2030-08-23 14:30:00,0.0
2030-08-23 14:45:00,0.0
2030-08-23 15:00:00,0.0
2030-08-23 15:15:00,0.0
2030-08-23 15:30:00,0.0
2030-08-23 15:45:00,0.0
2030-08-23 16:00:00,0.0
2030-08-23 16:15:00,0.0
2030-08-23 16:30:00,0.0
2030-08-23 16:45:00,0.0
2030-08-23 17:00:00,0.0
2030-08-23 17:15:00,0.0
2030-08-23 17:30:00,0.0
2030-08-23 17:45:00,0.0
2030-08-23 18:00:00,0.0
2030-08-23 18:15:00,0.0
2030-08-23 18:30:00,0.0
2030-08-23 18:45:00,0.0
2030-08-23 19:00:00,0.0
2030-08-23 19:15:00,0.0
2030-08-23 19:30:00,0.0
2030-08-23 19:45:00,0.0
2030-08-23 20:00:00,0.0
2030-08-23 20:15:00,0.0
2030-08-23 20:30:00,0.0
2030-08-23 20:45:00,9883.345351424541
2030-08-23 21:00:00,1189.0549270329466
2030-08-23 21:15:00,1050.6539890658405
2030-08-23 21:30:00,820.6953837315305
2030-08-23 21:45:00,753.7691428739818
2030-08-23 22:00:00,599.516017398455
2030-08-23 22:15:00,387.5446604339468
2030-08-23 22:30:00,0.0
2030-08-23 22:45:00,0.0
2030-08-23 23:00:00,0.0
2030-08-23 23:15:00,0.0
2030-08-23 23:30:00,0.0
2030-08-23 23:45:00,0.0
2030-08-24 00:00:00,0.0
2030-08-24 00:15:00,0.0
2030-08-24 00:30:00,0.0
2030-08-24 00:45:00,0.0
2030-08-24 01:00:00,0.0
2030-08-24 01:15:00,0.0
2030-08-24 01:30:00,0.0
2030-08-24 01:45:00,0.0
2030-08-24 02:00:00,0.0
2030-08-24 02:15:00,0.0
2030-08-24 02:30:00,0.0
2030-08-24 02:45:00,0.0
2030-08-24 03:00:00,0.0
2030-08-24 03:15:00,0.0
2030-08-24 03:30:00,0.0
2030-08-24 03:45:00,0.0
2030-08-24 04:00:00,0.0
2030-08-24 04:15:00,0.0
2030-08-24 04:30:00,0.0
2030-08-24 04:45:00,115.48693915605509
2030-08-24 05:00:00,347.16542076035876
2030-08-24 05:15:00,437.1410477408208
2030-08-24 05:30:00,535.2185261365485
2030-08-24 05:45:00,549.5985313420788
2030-08-24 06:00:00,1006.1313997038269
2030-08-24 06:15:00,903.6765501668215
2030-08-24 06:30:00,551.0152084810779
2030-08-24 06:45:00,294.92507999394
2030-08-24 07:00:00,39.47507382328695
2030-08-24 07:15:00,0.0
2030-08-24 07:30:00,0.0
2030-08-24 07:45:00,0.0
2030-08-24 08:00:00,0.0
2030-08-24 08:15:00,0.0
2030-08-24 08:30:00,0.0
2030-08-24 08:45:00,0.0
2030-08-24 09:00:00,0.0
2030-08-24 09:15:00,0.0
2030-08-24 09:30:00,0.0
2030-08-24 09:45:00,0.0
2030-08-24 10:00:00,0.0
2030-08-24 10:15:00,0.0
2030-08-24 10:30:00,0.0
2030-08-24 10:45:00,0.0
2030-08-24 11:00:00,0.0
2030-08-24 11:15:00,0.0
2030-08-24 11:30:00,0.0
2030-08-24 11:45:00,0.0
2030-08-24 12:00:00,0.0
2030-08-24 12:15:00,0.0
2030-08-24 12:30:00,0.0
2030-08-24 12:45:00,0.0
2030-08-24 13:00:00,0.0
2030-08-24 13:15:00,0.0
2030-08-24 13:30:00,0.0
2030-08-24 13:45:00,0.0
2030-08-24 14:00:00,0.0
2030-08-24 14:15:00,0.0
2030-08-24 14:30:00,0.0
2030-08-24 14:45:00,0.0
2030-08-24 15:00:00,0.0
2030-08-24 15:15:00,0.0
2030-08-24 15:30:00,0.0
2030-08-24 15:45:00,0.0
2030-08-24 16:00:00,0.0
2030-08-24 16:15:00,0.0
2030-08-24 16:30:00,0.0
2030-08-24 16:45:00,0.0
2030-08-24 17:00:00,0.0
2030-08-24 17:15:00,0.0
2030-08-24 17:30:00,386.5191521991601
2030-08-24 17:45:00,993.6958159324786
2030-08-24 18:00:00,1421.8010254364308
2030-08-24 18:15:00,2276.0075794884033
2030-08-24 18:30:00,2725.994146720641
2030-08-24 18:45:00,2739.867084813315
2030-08-24 19:00:00,2596.71919226351
2030-08-24 19:15:00,2282.5155577126716
2030-08-24 19:30:00,2422.2718868356096
2030-08-24 19:45:00,2501.899951798474
2030-08-24 20:00:00,2302.682289488497
2030-08-24 20:15:00,2065.347214747413
2030-08-24 20:30:00,1924.6597015621555
2030-08-24 20:45:00,1643.6298054434974
2030-08-24 21:00:00,1177.8997987087387
2030-08-24 21:15:00,776.8527326563053
2030-08-24 21:30:00,500.9272139752902
2030-08-24 21:45:00,0.0
2030-08-24 22:00:00,0.0
2030-08-24 22:15:00,0.0
2030-08-24 22:30:00,0.0
2030-08-24 22:45:00,0.0
2030-08-24 23:00:00,0.0
2030-08-24 23:15:00,0.0
2030-08-24 23:30:00,0.0
2030-08-24 23:45:00,0.0
2030-08-25 00:00:00,0.0
2030-08-25 00:15:00,0.0
2030-08-25 00:30:00,0.0
2030-08-25 00:45:00,0.0
2030-08-25 01:00:00,0.0
2030-08-25 01:15:00,0.0
2030-08-25 01:30:00,0.0
2030-08-25 01:45:00,0.0
2030-08-25 02:00:00,0.0
2030-08-25 02:15:00,0.0
2030-08-25 02:30:00,0.0
2030-08-25 02:45:00,0.0
2030-08-25 03:00:00,0.0
2030-08-25 03:15:00,0.0
2030-08-25 03:30:00,0.0
2030-08-25 03:45:00,0.0
2030-08-25 04:00:00,0.0
2030-08-25 04:15:00,0.0
2030-08-25 04:30:00,0.0
2030-08-25 04:45:00,0.0
2030-08-25 05:00:00,0.0
2030-08-25 05:15:00,0.0
2030-08-25 05:30:00,0.0
2030-08-25 05:45:00,0.0
2030-08-25 06:00:00,0.0
2030-08-25 06:15:00,0.0
2030-08-25 06:30:00,0.0
2030-08-25 06:45:00,0.0
2030-08-25 07:00:00,0.0
2030-08-25 07:15:00,0.0
2030-08-25 07:30:00,0.0
2030-08-25 07:45:00,0.0
2030-08-25 08:00:00,0.0
2030-08-25 08:15:00,0.0
2030-08-25 08:30:00,0.0
2030-08-25 08:45:00,0.0
2030-08-25 09:00:00,0.0
2030-08-25 09:15:00,0.0
2030-08-25 09:30:00,0.0
2030-08-25 09:45:00,0.0
2030-08-25 10:00:00,0.0
2030-08-25 10:15:00,0.0
2030-08-25 10:30:00,0.0
2030-08-25 10:45:00,0.0
2030-08-25 11:00:00,0.0
2030-08-25 11:15:00,0.0
2030-08-25 11:30:00,0.0
2030-08-25 11:45:00,0.0
2030-08-25 12:00:00,0.0
2030-08-25 12:15:00,0.0
2030-08-25 12:30:00,0.0
2030-08-25 12:45:00,0.0
2030-08-25 13:00:00,0.0
2030-08-25 13:15:00,0.0
2030-08-25 13:30:00,0.0
2030-08-25 13:45:00,0.0
2030-08-25 14:00:00,0.0
2030-08-25 14:15:00,0.0
2030-08-25 14:30:00,0.0
2030-08-25 14:45:00,0.0
2030-08-25 15:00:00,0.0
2030-08-25 15:15:00,0.0
2030-08-25 15:30:00,0.0
2030-08-25 15:45:00,0.0
2030-08-25 16:00:00,0.0
2030-08-25 16:15:00,0.0
2030-08-25 16:30:00,0.0
2030-08-25 16:45:00,0.0
2030-08-25 17:00:00,0.0
2030-08-25 17:15:00,0.0
2030-08-25 17:30:00,0.0
2030-08-25 17:45:00,0.0
2030-08-25 18:00:00,0.0
2030-08-25 18:15:00,0.0
2030-08-25 18:30:00,0.0
2030-08-25 18:45:00,0.0
2030-08-25 19:00:00,3811.101080414004
2030-08-25 19:15:00,0.0
2030-08-25 19:30:00,0.0
2030-08-25 19:45:00,0.0
2030-08-25 20:00:00,0.0
2030-08-25 20:15:00,0.0
2030-08-25 20:30:00,0.0
2030-08-25 20:45:00,0.0
2030-08-25 21:00:00,0.0
2030-08-25 21:15:00,0.0
2030-08-25 21:30:00,0.0
2030-08-25 21:45:00,0.0
2030-08-25 22:00:00,0.0
2030-08-25 22:15:00,0.0
2030-08-25 22:30:00,0.0
2030-08-25 22:45:00,0.0
2030-08-25 23:00:00,0.0
2030-08-25 23:15:00,0.0
2030-08-25 23:30:00,0.0
2030-08-25 23:45:00,0.0
2030-08-26 00:00:00,0.0
2030-08-26 00:15:00,0.0
2030-08-26 00:30:00,0.0
2030-08-26 00:45:00,0.0
2030-08-26 01:00:00,0.0
2030-08-26 01:15:00,0.0
2030-08-26 01:30:00,0.0
2030-08-26 01:45:00,0.0
2030-08-26 02:00:00,0.0
2030-08-26 02:15:00,0.0
2030-08-26 02:30:00,0.0
2030-08-26 02:45:00,0.0
2030-08-26 03:00:00,0.0
2030-08-26 03:15:00,0.0
2030-08-26 03:30:00,0.0
2030-08-26 03:45:00,0.0
2030-08-26 04:00:00,0.0
2030-08-26 04:15:00,0.0
2030-08-26 04:30:00,0.0
2030-08-26 04:45:00,0.0
2030-08-26 05:00:00,0.0
2030-08-26 05:15:00,0.0
2030-08-26 05:30:00,0.0
2030-08-26 05:45:00,0.0
2030-08-26 06:00:00,0.0
2030-08-26 06:15:00,0.0
2030-08-26 06:30:00,0.0
2030-08-26 06:45:00,0.0
2030-08-26 07:00:00,0.0
2030-08-26 07:15:00,0.0
2030-08-26 07:30:00,0.0
2030-08-26 07:45:00,0.0
2030-08-26 08:00:00,0.0
2030-08-26 08:15:00,0.0
2030-08-26 08:30:00,0.0
2030-08-26 08:45:00,0.0
2030-08-26 09:00:00,0.0
2030-08-26 09:15:00,0.0
2030-08-26 09:30:00,0.0
2030-08-26 09:45:00,0.0
2030-08-26 10:00:00,0.0
2030-08-26 10:15:00,0.0
2030-08-26 10:30:00,0.0
2030-08-26 10:45:00,0.0
2030-08-26 11:00:00,0.0
2030-08-26 11:15:00,0.0
2030-08-26 11:30:00,0.0
2030-08-26 11:45:00,0.0
2030-08-26 12:00:00,0.0
2030-08-26 12:15:00,0.0
2030-08-26 12:30:00,0.0
2030-08-26 12:45:00,0.0
2030-08-26 13:00:00,0.0
2030-08-26 13:15:00,-6507.922525047663
2030-08-26 13:30:00,-17100.417909845168
2030-08-26 13:45:00,-16629.570502829974
2030-08-26 14:00:00,-16423.87837135999
2030-08-26 14:15:00,-16059.27543574362
2030-08-26 14:30:00,-15766.805005180395
2030-08-26 14:45:00,-15196.196382500864
2030-08-26 15:00:00,-13739.919123580323
2030-08-26 15:15:00,-12897.203770226064
2030-08-26 15:30:00,-11139.629248118796
2030-08-26 15:45:00,-9932.46335828831
2030-08-26 16:00:00,-8101.125250895679
2030-08-26 16:15:00,-6531.716932493016
2030-08-26 16:30:00,-4649.778971023512
2030-08-26 16:45:00,-3234.4747126444563
2030-08-26 17:00:00,-1133.2548407600643
2030-08-26 17:15:00,0.0
2030-08-26 17:30:00,0.0
2030-08-26 17:45:00,0.0
2030-08-26 18:00:00,0.0
2030-08-26 18:15:00,0.0
2030-08-26 18:30:00,0.0
2030-08-26 18:45:00,0.0
2030-08-26 19:00:00,0.0
2030-08-26 19:15:00,0.0
2030-08-26 19:30:00,0.0
2030-08-26 19:45:00,0.0
2030-08-26 20:00:00,0.0
2030-08-26 20:15:00,0.0
2030-08-26 20:30:00,0.0
2030-08-26 20:45:00,0.0
2030-08-26 21:00:00,0.0
2030-08-26 21:15:00,0.0
2030-08-26 21:30:00,0.0
2030-08-26 21:45:00,0.0
2030-08-26 22:00:00,0.0
2030-08-26 22:15:00,0.0
2030-08-26 22:30:00,0.0
2030-08-26 22:45:00,0.0
2030-08-26 23:00:00,0.0
2030-08-26 23:15:00,0.0
2030-08-26 23:30:00,0.0
2030-08-26 23:45:00,0.0
2030-08-27 00:00:00,0.0
2030-08-27 00:15:00,0.0
2030-08-27 00:30:00,0.0
2030-08-27 00:45:00,0.0
2030-08-27 01:00:00,0.0
2030-08-27 01:15:00,0.0
2030-08-27 01:30:00,0.0
2030-08-27 01:45:00,0.0
2030-08-27 02:00:00,0.0
2030-08-27 02:15:00,0.0
2030-08-27 02:30:00,0.0
2030-08-27 02:45:00,0.0
2030-08-27 03:00:00,0.0
2030-08-27 03:15:00,0.0
2030-08-27 03:30:00,0.0
2030-08-27 03:45:00,0.0
2030-08-27 04:00:00,0.0
2030-08-27 04:15:00,0.0
2030-08-27 04:30:00,0.0
2030-08-27 04:45:00,0.0
2030-08-27 05:00:00,0.0
2030-08-27 05:15:00,0.0
2030-08-27 05:30:00,0.0
2030-08-27 05:45:00,0.0
2030-08-27 06:00:00,0.0
2030-08-27 06:15:00,0.0
2030-08-27 06:30:00,0.0
2030-08-27 06:45:00,0.0
2030-08-27 07:00:00,0.0
2030-08-27 07:15:00,0.0
2030-08-27 07:30:00,0.0
2030-08-27 07:45:00,0.0
2030-08-27 08:00:00,0.0
2030-08-27 08:15:00,0.0
2030-08-27 08:30:00,0.0
2030-08-27 08:45:00,0.0
2030-08-27 09:00:00,0.0
2030-08-27 09:15:00,0.0
2030-08-27 09:30:00,0.0
2030-08-27 09:45:00,0.0
2030-08-27 10:00:00,0.0
2030-08-27 10:15:00,0.0
2030-08-27 10:30:00,0.0
2030-08-27 10:45:00,0.0
2030-08-27 11:00:00,0.0
2030-08-27 11:15:00,0.0
2030-08-27 11:30:00,0.0
2030-08-27 11:45:00,0.0
2030-08-27 12:00:00,0.0
2030-08-27 12:15:00,0.0
2030-08-27 12:30:00,0.0
2030-08-27 12:45:00,0.0
2030-08-27 13:00:00,0.0
2030-08-27 13:15:00,0.0
2030-08-27 13:30:00,0.0
2030-08-27 13:45:00,0.0
2030-08-27 14:00:00,0.0
2030-08-27 14:15:00,0.0
2030-08-27 14:30:00,0.0
2030-08-27 14:45:00,0.0
2030-08-27 15:00:00,0.0
2030-08-27 15:15:00,0.0
2030-08-27 15:30:00,0.0
2030-08-27 15:45:00,0.0
2030-08-27 16:00:00,0.0
2030-08-27 16:15:00,0.0
2030-08-27 16:30:00,0.0
2030-08-27 16:45:00,0.0
2030-08-27 17:00:00,0.0
2030-08-27 17:15:00,0.0
2030-08-27 17:30:00,0.0
2030-08-27 17:45:00,0.0
2030-08-27 18:00:00,0.0
2030-08-27 18:15:00,0.0
2030-08-27 18:30:00,0.0
2030-08-27 18:45:00,0.0
2030-08-27 19:00:00,0.0
2030-08-27 19:15:00,0.0
2030-08-27 19:30:00,0.0
2030-08-27 19:45:00,0.0
2030-08-27 20:00:00,0.0
2030-08-27 20:15:00,0.0
2030-08-27 20:30:00,0.0
2030-08-27 20:45:00,0.0
2030-08-27 21:00:00,0.0
2030-08-27 21:15:00,0.0
2030-08-27 21:30:00,0.0
2030-08-27 21:45:00,4183.264577825702
2030-08-27 22:00:00,0.0
2030-08-27 22:15:00,0.0
2030-08-27 22:30:00,0.0
2030-08-27 22:45:00,0.0
2030-08-27 23:00:00,0.0
2030-08-27 23:15:00,0.0
2030-08-27 23:30:00,0.0
2030-08-27 23:45:00,0.0
2030-08-28 00:00:00,0.0
2030-08-28 00:15:00,0.0
2030-08-28 00:30:00,0.0
2030-08-28 00:45:00,0.0
2030-08-28 01:00:00,0.0
2030-08-28 01:15:00,0.0
2030-08-28 01:30:00,0.0
2030-08-28 01:45:00,0.0
2030-08-28 02:00:00,0.0
2030-08-28 02:15:00,0.0
2030-08-28 02:30:00,0.0
2030-08-28 02:45:00,0.0
2030-08-28 03:00:00,0.0
2030-08-28 03:15:00,0.0
2030-08-28 03:30:00,0.0
2030-08-28 03:45:00,0.0
2030-08-28 04:00:00,0.0
2030-08-28 04:15:00,0.0
2030-08-28 04:30:00,0.0
2030-08-28 04:45:00,0.0
2030-08-28 05:00:00,0.0
2030-08-28 05:15:00,0.0
2030-08-28 05:30:00,0.0
2030-08-28 05:45:00,0.0
2030-08-28 06:00:00,0.0
2030-08-28 06:15:00,0.0
2030-08-28 06:30:00,0.0
2030-08-28 06:45:00,0.0
2030-08-28 07:00:00,0.0
2030-08-28 07:15:00,0.0
2030-08-28 07:30:00,0.0
2030-08-28 07:45:00,0.0
2030-08-28 08:00:00,0.0
2030-08-28 08:15:00,0.0
2030-08-28 08:30:00,0.0
2030-08-28 08:45:00,0.0
2030-08-28 09:00:00,0.0
2030-08-28 09:15:00,0.0
2030-08-28 09:30:00,0.0
2030-08-28 09:45:00,0.0
2030-08-28 10:00:00,0.0
2030-08-28 10:15:00,0.0
2030-08-28 10:30:00,0.0
2030-08-28 10:45:00,0.0
2030-08-28 11:00:00,0.0
2030-08-28 11:15:00,0.0
2030-08-28 11:30:00,0.0
2030-08-28 11:45:00,0.0
2030-08-28 12:00:00,0.0
2030-08-28 12:15:00,0.0
2030-08-28 12:30:00,0.0
2030-08-28 12:45:00,0.0
2030-08-28 13:00:00,0.0
2030-08-28 13:15:00,0.0
2030-08-28 13:30:00,0.0
2030-08-28 13:45:00,0.0
2030-08-28 14:00:00,0.0
2030-08-28 14:15:00,0.0
2030-08-28 14:30:00,0.0
2030-08-28 14:45:00,0.0
2030-08-28 15:00:00,0.0
2030-08-28 15:15:00,0.0
2030-08-28 15:30:00,0.0
2030-08-28 15:45:00,0.0
2030-08-28 16:00:00,0.0
2030-08-28 16:15:00,0.0
2030-08-28 16:30:00,0.0
2030-08-28 16:45:00,0.0
2030-08-28 17:00:00,0.0
2030-08-28 17:15:00,0.0
2030-08-28 17:30:00,0.0
2030-08-28 17:45:00,0.0
2030-08-28 18:00:00,0.0
2030-08-28 18:15:00,0.0
2030-08-28 18:30:00,0.0
2030-08-28 18:45:00,0.0
2030-08-28 19:00:00,0.0
2030-08-28 19:15:00,0.0
2030-08-28 19:30:00,0.0
2030-08-28 19:45:00,0.0
2030-08-28 20:00:00,0.0
2030-08-28 20:15:00,0.0
2030-08-28 20:30:00,0.0
2030-08-28 20:45:00,0.0
2030-08-28 21:00:00,0.0
2030-08-28 21:15:00,0.0
2030-08-28 21:30:00,0.0
2030-08-28 21:45:00,421.76470591464386
2030-08-28 22:00:00,0.0
2030-08-28 22:15:00,0.0
2030-08-28 22:30:00,0.0
2030-08-28 22:45:00,0.0
2030-08-28 23:00:00,0.0
2030-08-28 23:15:00,0.0
2030-08-28 23:30:00,0.0
2030-08-28 23:45:00,0.0
2030-08-29 00:00:00,0.0
2030-08-29 00:15:00,0.0
2030-08-29 00:30:00,0.0
2030-08-29 00:45:00,0.0
2030-08-29 01:00:00,0.0
2030-08-29 01:15:00,0.0
2030-08-29 01:30:00,0.0
2030-08-29 01:45:00,0.0
2030-08-29 02:00:00,0.0
2030-08-29 02:15:00,0.0
2030-08-29 02:30:00,0.0
2030-08-29 02:45:00,0.0
2030-08-29 03:00:00,0.0
2030-08-29 03:15:00,0.0
2030-08-29 03:30:00,0.0
2030-08-29 03:45:00,0.0
2030-08-29 04:00:00,0.0
2030-08-29 04:15:00,0.0
2030-08-29 04:30:00,0.0
2030-08-29 04:45:00,0.0
2030-08-29 05:00:00,0.0
2030-08-29 05:15:00,0.0
2030-08-29 05:30:00,0.0
2030-08-29 05:45:00,0.0
2030-08-29 06:00:00,0.0
2030-08-29 06:15:00,0.0
2030-08-29 06:30:00,0.0
2030-08-29 06:45:00,0.0
2030-08-29 07:00:00,0.0
2030-08-29 07:15:00,0.0
2030-08-29 07:30:00,0.0
2030-08-29 07:45:00,0.0
2030-08-29 08:00:00,0.0
2030-08-29 08:15:00,0.0
2030-08-29 08:30:00,0.0
2030-08-29 08:45:00,0.0
2030-08-29 09:00:00,0.0
2030-08-29 09:15:00,0.0
2030-08-29 09:30:00,0.0
2030-08-29 09:45:00,0.0
2030-08-29 10:00:00,0.0
2030-08-29 10:15:00,0.0
2030-08-29 10:30:00,0.0
2030-08-29 10:45:00,0.0
2030-08-29 11:00:00,0.0
2030-08-29 11:15:00,0.0
2030-08-29 11:30:00,0.0
2030-08-29 11:45:00,0.0
2030-08-29 12:00:00,0.0
2030-08-29 12:15:00,0.0
2030-08-29 12:30:00,0.0
2030-08-29 12:45:00,0.0
2030-08-29 13:00:00,0.0
2030-08-29 13:15:00,0.0
2030-08-29 13:30:00,0.0
2030-08-29 13:45:00,0.0
2030-08-29 14:00:00,0.0
2030-08-29 14:15:00,0.0
2030-08-29 14:30:00,0.0
2030-08-29 14:45:00,0.0
2030-08-29 15:00:00,0.0
2030-08-29 15:15:00,0.0
2030-08-29 15:30:00,0.0
2030-08-29 15:45:00,0.0
2030-08-29 16:00:00,0.0
2030-08-29 16:15:00,0.0
2030-08-29 16:30:00,0.0
2030-08-29 16:45:00,0.0
2030-08-29 17:00:00,0.0
2030-08-29 17:15:00,0.0
2030-08-29 17:30:00,0.0
2030-08-29 17:45:00,0.0
2030-08-29 18:00:00,0.0
2030-08-29 18:15:00,0.0
2030-08-29 18:30:00,0.0
2030-08-29 18:45:00,0.0
2030-08-29 19:00:00,1800.6711953374652
2030-08-29 19:15:00,2642.923829897867
2030-08-29 19:30:00,2614.283336893148
2030-08-29 19:45:00,2604.097141035847
2030-08-29 20:00:00,2415.334364208029
2030-08-29 20:15:00,2340.2078316224106
2030-08-29 20:30:00,2502.450875679013
2030-08-29 20:45:00,2248.3516216414464
2030-08-29 21:00:00,1960.7586305061322
2030-08-29 21:15:00,1736.811765738199
2030-08-29 21:30:00,1468.9748223972128
2030-08-29 21:45:00,1081.7566659724016
2030-08-29 22:00:00,874.0672212620048
2030-08-29 22:15:00,661.9763101551762
2030-08-29 22:30:00,427.68090037050024
2030-08-29 22:45:00,472.24997599737253
2030-08-29 23:00:00,413.9155323900595
2030-08-29 23:15:00,53.20030560582563
2030-08-29 23:30:00,0.0
2030-08-29 23:45:00,0.0
2030-08-30 00:00:00,0.0
2030-08-30 00:15:00,0.0
2030-08-30 00:30:00,0.0
2030-08-30 00:45:00,0.0
2030-08-30 01:00:00,0.0
2030-08-30 01:15:00,0.0
2030-08-30 01:30:00,0.0
2030-08-30 01:45:00,0.0
2030-08-30 02:00:00,0.0
2030-08-30 02:15:00,0.0
2030-08-30 02:30:00,0.0
2030-08-30 02:45:00,0.0
2030-08-30 03:00:00,0.0
2030-08-30 03:15:00,0.0
2030-08-30 03:30:00,0.0
2030-08-30 03:45:00,0.0
2030-08-30 04:00:00,0.0
2030-08-30 04:15:00,0.0
2030-08-30 04:30:00,0.0
2030-08-30 04:45:00,0.0
2030-08-30 05:00:00,0.0
2030-08-30 05:15:00,0.0
2030-08-30 05:30:00,0.0
2030-08-30 05:45:00,0.0
2030-08-30 06:00:00,0.0
2030-08-30 06:15:00,0.0
2030-08-30 06:30:00,0.0
2030-08-30 06:45:00,0.0
2030-08-30 07:00:00,0.0
2030-08-30 07:15:00,0.0
2030-08-30 07:30:00,0.0
2030-08-30 07:45:00,0.0
2030-08-30 08:00:00,0.0
2030-08-30 08:15:00,0.0
2030-08-30 08:30:00,0.0
2030-08-30 08:45:00,0.0
2030-08-30 09:00:00,0.0
2030-08-30 09:15:00,0.0
2030-08-30 09:30:00,0.0
2030-08-30 09:45:00,0.0
2030-08-30 10:00:00,0.0
2030-08-30 10:15:00,0.0
2030-08-30 10:30:00,0.0
2030-08-30 10:45:00,0.0
2030-08-30 11:00:00,0.0
2030-08-30 11:15:00,0.0
2030-08-30 11:30:00,0.0
2030-08-30 11:45:00,0.0
2030-08-30 12:00:00,0.0
2030-08-30 12:15:00,0.0
2030-08-30 12:30:00,0.0
2030-08-30 12:45:00,0.0
2030-08-30 13:00:00,0.0
2030-08-30 13:15:00,0.0
2030-08-30 13:30:00,0.0
2030-08-30 13:45:00,0.0
2030-08-30 14:00:00,0.0
2030-08-30 14:15:00,0.0
2030-08-30 14:30:00,0.0
2030-08-30 14:45:00,0.0
2030-08-30 15:00:00,0.0
2030-08-30 15:15:00,0.0
2030-08-30 15:30:00,0.0
2030-08-30 15:45:00,0.0
2030-08-30 16:00:00,0.0
2030-08-30 16:15:00,1009.7491424162727
2030-08-30 16:30:00,0.0
2030-08-30 16:45:00,0.0
2030-08-30 17:00:00,0.0
2030-08-30 17:15:00,0.0
2030-08-30 17:30:00,0.0
2030-08-30 17:45:00,0.0
2030-08-30 18:00:00,0.0
2030-08-30 18:15:00,0.0
2030-08-30 18:30:00,0.0
2030-08-30 18:45:00,0.0
2030-08-30 19:00:00,0.0
2030-08-30 19:15:00,0.0
2030-08-30 19:30:00,0.0
2030-08-30 19:45:00,0.0
2030-08-30 20:00:00,0.0
2030-08-30 20:15:00,0.0
2030-08-30 20:30:00,0.0
2030-08-30 20:45:00,0.0
2030-08-30 21:00:00,0.0
2030-08-30 21:15:00,0.0
2030-08-30 21:30:00,0.0
2030-08-30 21:45:00,0.0
2030-08-30 22:00:00,0.0
2030-08-30 22:15:00,0.0
2030-08-30 22:30:00,0.0
2030-08-30 22:45:00,0.0
2030-08-30 23:00:00,0.0
2030-08-30 23:15:00,0.0
2030-08-30 23:30:00,0.0
2030-08-30 23:45:00,0.0
2030-08-31 00:00:00,0.0
2030-08-31 00:15:00,0.0
2030-08-31 00:30:00,0.0
2030-08-31 00:45:00,0.0
2030-08-31 01:00:00,0.0
2030-08-31 01:15:00,0.0
2030-08-31 01:30:00,0.0
2030-08-31 01:45:00,0.0
2030-08-31 02:00:00,0.0
2030-08-31 02:15:00,0.0
2030-08-31 02:30:00,0.0
2030-08-31 02:45:00,0.0
2030-08-31 03:00:00,0.0
2030-08-31 03:15:00,0.0
2030-08-31 03:30:00,0.0
2030-08-31 03:45:00,0.0
2030-08-31 04:00:00,0.0
2030-08-31 04:15:00,0.0
2030-08-31 04:30:00,0.0
2030-08-31 04:45:00,0.0
2030-08-31 05:00:00,0.0
2030-08-31 05:15:00,0.0
2030-08-31 05:30:00,0.0
2030-08-31 05:45:00,0.0
2030-08-31 06:00:00,0.0
2030-08-31 06:15:00,0.0
2030-08-31 06:30:00,0.0
2030-08-31 06:45:00,0.0
2030-08-31 07:00:00,0.0
2030-08-31 07:15:00,0.0
2030-08-31 07:30:00,0.0
2030-08-31 07:45:00,0.0
2030-08-31 08:00:00,0.0
2030-08-31 08:15:00,0.0
2030-08-31 08:30:00,0.0
2030-08-31 08:45:00,0.0
2030-08-31 09:00:00,0.0
2030-08-31 09:15:00,0.0
2030-08-31 09:30:00,0.0
2030-08-31 09:45:00,0.0
2030-08-31 10:00:00,0.0
2030-08-31 10:15:00,0.0
2030-08-31 10:30:00,0.0
2030-08-31 10:45:00,0.0
2030-08-31 11:00:00,0.0
2030-08-31 11:15:00,0.0
2030-08-31 11:30:00,0.0
2030-08-31 11:45:00,0.0
2030-08-31 12:00:00,0.0
2030-08-31 12:15:00,0.0
2030-08-31 12:30:00,0.0
2030-08-31 12:45:00,0.0
2030-08-31 13:00:00,0.0
2030-08-31 13:15:00,0.0
2030-08-31 13:30:00,0.0
2030-08-31 13:45:00,0.0
2030-08-31 14:00:00,0.0
2030-08-31 14:15:00,0.0
2030-08-31 14:30:00,0.0
2030-08-31 14:45:00,0.0
2030-08-31 15:00:00,0.0
2030-08-31 15:15:00,0.0
2030-08-31 15:30:00,0.0
2030-08-31 15:45:00,0.0
2030-08-31 16:00:00,0.0
2030-08-31 16:15:00,0.0
2030-08-31 16:30:00,0.0
2030-08-31 16:45:00,0.0
2030-08-31 17:00:00,0.0
2030-08-31 17:15:00,0.0
2030-08-31 17:30:00,0.0
2030-08-31 17:45:00,0.0
2030-08-31 18:00:00,11643.887404095174
2030-08-31 18:15:00,440.55288607618786
2030-08-31 18:30:00,475.1511245127076
2030-08-31 18:45:00,496.7665200157462
2030-08-31 19:00:00,646.6915571556165
2030-08-31 19:15:00,693.250586383594
2030-08-31 19:30:00,552.3871083828635
2030-08-31 19:45:00,305.8866908488926
2030-08-31 20:00:00,160.84035848088388
2030-08-31 20:15:00,178.7705853632542
2030-08-31 20:30:00,0.0
2030-08-31 20:45:00,0.0
2030-08-31 21:00:00,0.0
2030-08-31 21:15:00,0.0
2030-08-31 21:30:00,0.0
2030-08-31 21:45:00,0.0
2030-08-31 22:00:00,0.0
2030-08-31 22:15:00,0.0
2030-08-31 22:30:00,0.0
2030-08-31 22:45:00,0.0
2030-08-31 23:00:00,0.0
2030-08-31 23:15:00,0.0
2030-08-31 23:30:00,0.0
2030-08-31 23:45:00,0.0
2030-09-01 00:00:00,0.0
2030-09-01 00:15:00,0.0
2030-09-01 00:30:00,0.0
2030-09-01 00:45:00,0.0
2030-09-01 01:00:00,0.0
2030-09-01 01:15:00,0.0
2030-09-01 01:30:00,0.0
2030-09-01 01:45:00,0.0
2030-09-01 02:00:00,0.0
2030-09-01 02:15:00,0.0
2030-09-01 02:30:00,0.0
2030-09-01 02:45:00,0.0
2030-09-01 03:00:00,0.0
2030-09-01 03:15:00,0.0
2030-09-01 03:30:00,0.0
2030-09-01 03:45:00,0.0
2030-09-01 04:00:00,0.0
2030-09-01 04:15:00,0.0
2030-09-01 04:30:00,0.0
2030-09-01 04:45:00,0.0
2030-09-01 05:00:00,0.0
2030-09-01 05:15:00,0.0
2030-09-01 05:30:00,0.0
2030-09-01 05:45:00,0.0
2030-09-01 06:00:00,0.0
2030-09-01 06:15:00,0.0
2030-09-01 06:30:00,0.0
2030-09-01 06:45:00,0.0
2030-09-01 07:00:00,0.0
2030-09-01 07:15:00,0.0
2030-09-01 07:30:00,0.0
2030-09-01 07:45:00,0.0
2030-09-01 08:00:00,0.0
2030-09-01 08:15:00,0.0
2030-09-01 08:30:00,0.0
2030-09-01 08:45:00,0.0
2030-09-01 09:00:00,0.0
2030-09-01 09:15:00,0.0
2030-09-01 09:30:00,0.0
2030-09-01 09:45:00,0.0
2030-09-01 10:00:00,0.0
2030-09-01 10:15:00,0.0
2030-09-01 10:30:00,0.0
2030-09-01 10:45:00,0.0
2030-09-01 11:00:00,0.0
2030-09-01 11:15:00,0.0
2030-09-01 11:30:00,0.0
2030-09-01 11:45:00,0.0
2030-09-01 12:00:00,0.0
2030-09-01 12:15:00,0.0
2030-09-01 12:30:00,0.0
2030-09-01 12:45:00,0.0
2030-09-01 13:00:00,0.0
2030-09-01 13:15:00,0.0
2030-09-01 13:30:00,0.0
2030-09-01 13:45:00,0.0
2030-09-01 14:00:00,0.0
2030-09-01 14:15:00,0.0
2030-09-01 14:30:00,0.0
2030-09-01 14:45:00,1724.4396679159108
2030-09-01 15:00:00,0.0
2030-09-01 15:15:00,0.0
2030-09-01 15:30:00,0.0
2030-09-01 15:45:00,0.0
2030-09-01 16:00:00,0.0
2030-09-01 16:15:00,0.0
2030-09-01 16:30:00,0.0
2030-09-01 16:45:00,0.0
2030-09-01 17:00:00,0.0
2030-09-01 17:15:00,0.0
2030-09-01 17:30:00,726.4921794771362
2030-09-01 17:45:00,1709.47605619139
2030-09-01 18:00:00,2262.65479128034
2030-09-01 18:15:00,2481.9921914433216
2030-09-01 18:30:00,2738.8934544859476
2030-09-01 18:45:00,2853.618787752139
2030-09-01 19:00:00,2965.2267537231783
2030-09-01 19:15:00,2959.7647663860407
2030-09-01 19:30:00,2806.2393812436712
2030-09-01 19:45:00,2642.626807544828
2030-09-01 20:00:00,2459.948390417081
2030-09-01 20:15:00,2332.1976067865107
2030-09-01 20:30:00,2270.5039438729727
2030-09-01 20:45:00,2007.2810672657615
2030-09-01 21:00:00,1829.0936868078425
2030-09-01 21:15:00,1690.4220346267375
2030-09-01 21:30:00,1460.6067905142972
2030-09-01 21:45:00,1193.5235623114004
2030-09-01 22:00:00,957.8948007820527
2030-09-01 22:15:00,762.6881755215363
2030-09-01 22:30:00,550.501387347409
2030-09-01 22:45:00,375.8308191199285
2030-09-01 23:00:00,56.74457817302391
2030-09-01 23:15:00,0.0
2030-09-01 23:30:00,0.0
2030-09-01 23:45:00,0.0
2030-09-02 00:00:00,0.0
2030-09-02 00:15:00,0.0
2030-09-02 00:30:00,0.0
2030-09-02 00:45:00,0.0
2030-09-02 01:00:00,0.0
2030-09-02 01:15:00,0.0
2030-09-02 01:30:00,0.0
2030-09-02 01:45:00,0.0
2030-09-02 02:00:00,0.0
2030-09-02 02:15:00,0.0
2030-09-02 02:30:00,0.0
2030-09-02 02:45:00,0.0
2030-09-02 03:00:00,0.0
2030-09-02 03:15:00,0.0
2030-09-02 03:30:00,0.0
2030-09-02 03:45:00,0.0
2030-09-02 04:00:00,0.0
2030-09-02 04:15:00,0.0
2030-09-02 04:30:00,0.0
2030-09-02 04:45:00,0.0
2030-09-02 05:00:00,0.0
2030-09-02 05:15:00,0.0
2030-09-02 05:30:00,0.0
2030-09-02 05:45:00,0.0
2030-09-02 06:00:00,0.0
2030-09-02 06:15:00,0.0
2030-09-02 06:30:00,0.0
2030-09-02 06:45:00,0.0
2030-09-02 07:00:00,0.0
2030-09-02 07:15:00,0.0
2030-09-02 07:30:00,0.0
2030-09-02 07:45:00,0.0
2030-09-02 08:00:00,0.0
2030-09-02 08:15:00,0.0
2030-09-02 08:30:00,0.0
2030-09-02 08:45:00,0.0
2030-09-02 09:00:00,0.0
2030-09-02 09:15:00,0.0
2030-09-02 09:30:00,0.0
2030-09-02 09:45:00,0.0
2030-09-02 10:00:00,0.0
2030-09-02 10:15:00,0.0
2030-09-02 10:30:00,0.0
2030-09-02 10:45:00,0.0
2030-09-02 11:00:00,0.0
2030-09-02 11:15:00,0.0
2030-09-02 11:30:00,0.0
2030-09-02 11:45:00,0.0
2030-09-02 12:00:00,0.0
2030-09-02 12:15:00,0.0
2030-09-02 12:30:00,0.0
2030-09-02 12:45:00,0.0
2030-09-02 13:00:00,0.0
2030-09-02 13:15:00,0.0
2030-09-02 13:30:00,0.0
2030-09-02 13:45:00,0.0
2030-09-02 14:00:00,0.0
2030-09-02 14:15:00,0.0
2030-09-02 14:30:00,0.0
2030-09-02 14:45:00,0.0
2030-09-02 15:00:00,0.0
2030-09-02 15:15:00,0.0
2030-09-02 15:30:00,0.0
2030-09-02 15:45:00,0.0
2030-09-02 16:00:00,0.0
2030-09-02 16:15:00,0.0
2030-09-02 16:30:00,0.0
2030-09-02 16:45:00,0.0
2030-09-02 17:00:00,0.0
2030-09-02 17:15:00,0.0
2030-09-02 17:30:00,0.0
2030-09-02 17:45:00,108.46595857405737
2030-09-02 18:00:00,709.9658950857047
2030-09-02 18:15:00,979.0172869542548
2030-09-02 18:30:00,1127.3746941226018
2030-09-02 18:45:00,1179.5480951895406
2030-09-02 19:00:00,1430.5563660303596
2030-09-02 19:15:00,1721.4223587429915
2030-09-02 19:30:00,1687.3298902608567
2030-09-02 19:45:00,1321.6691553734127
2030-09-02 20:00:00,1112.3286124950973
2030-09-02 20:15:00,1157.1346564698088
2030-09-02 20:30:00,1184.5684895221711
2030-09-02 20:45:00,994.9202106571029
2030-09-02 21:00:00,697.3516532884732
2030-09-02 21:15:00,497.8730722326036
2030-09-02 21:30:00,0.0
2030-09-02 21:45:00,0.0
2030-09-02 22:00:00,0.0
2030-09-02 22:15:00,0.0
2030-09-02 22:30:00,0.0
2030-09-02 22:45:00,0.0
2030-09-02 23:00:00,0.0
2030-09-02 23:15:00,0.0
2030-09-02 23:30:00,0.0
2030-09-02 23:45:00,0.0
2030-09-03 00:00:00,0.0
2030-09-03 00:15:00,0.0
2030-09-03 00:30:00,0.0
2030-09-03 00:45:00,0.0
2030-09-03 01:00:00,0.0
2030-09-03 01:15:00,0.0
2030-09-03 01:30:00,0.0
2030-09-03 01:45:00,0.0
2030-09-03 02:00:00,0.0
2030-09-03 02:15:00,0.0
2030-09-03 02:30:00,0.0
2030-09-03 02:45:00,0.0
2030-09-03 03:00:00,0.0
2030-09-03 03:15:00,0.0
2030-09-03 03:30:00,0.0
2030-09-03 03:45:00,0.0
2030-09-03 04:00:00,0.0
2030-09-03 04:15:00,0.0
2030-09-03 04:30:00,0.0
2030-09-03 04:45:00,0.0
2030-09-03 05:00:00,0.0
2030-09-03 05:15:00,0.0
2030-09-03 05:30:00,0.0
2030-09-03 05:45:00,0.0
2030-09-03 06:00:00,0.0
2030-09-03 06:15:00,0.0
2030-09-03 06:30:00,0.0
2030-09-03 06:45:00,0.0
2030-09-03 07:00:00,0.0
2030-09-03 07:15:00,0.0
2030-09-03 07:30:00,0.0
2030-09-03 07:45:00,0.0
2030-09-03 08:00:00,0.0
2030-09-03 08:15:00,0.0
2030-09-03 08:30:00,0.0
2030-09-03 08:45:00,0.0
2030-09-03 09:00:00,0.0
2030-09-03 09:15:00,0.0
2030-09-03 09:30:00,0.0
2030-09-03 09:45:00,0.0
2030-09-03 10:00:00,0.0
2030-09-03 10:15:00,0.0
2030-09-03 10:30:00,0.0
2030-09-03 10:45:00,0.0
2030-09-03 11:00:00,0.0
2030-09-03 11:15:00,0.0
2030-09-03 11:30:00,0.0
2030-09-03 11:45:00,0.0
2030-09-03 12:00:00,0.0
2030-09-03 12:15:00,0.0
2030-09-03 12:30:00,0.0
2030-09-03 12:45:00,0.0
2030-09-03 13:00:00,0.0
2030-09-03 13:15:00,0.0
2030-09-03 13:30:00,0.0
2030-09-03 13:45:00,0.0
2030-09-03 14:00:00,0.0
2030-09-03 14:15:00,0.0
2030-09-03 14:30:00,0.0
2030-09-03 14:45:00,0.0
2030-09-03 15:00:00,0.0
2030-09-03 15:15:00,0.0
2030-09-03 15:30:00,0.0
2030-09-03 15:45:00,0.0
2030-09-03 16:00:00,0.0
2030-09-03 16:15:00,0.0
2030-09-03 16:30:00,0.0
2030-09-03 16:45:00,0.0
2030-09-03 17:00:00,0.0
2030-09-03 17:15:00,0.0
2030-09-03 17:30:00,0.0
2030-09-03 17:45:00,0.0
2030-09-03 18:00:00,0.0
2030-09-03 18:15:00,0.0
2030-09-03 18:30:00,0.0
2030-09-03 18:45:00,0.0
2030-09-03 19:00:00,0.0
2030-09-03 19:15:00,0.0
2030-09-03 19:30:00,0.0
2030-09-03 19:45:00,0.0
2030-09-03 20:00:00,0.0
2030-09-03 20:15:00,0.0
2030-09-03 20:30:00,0.0
2030-09-03 20:45:00,0.0
2030-09-03 21:00:00,0.0
2030-09-03 21:15:00,0.0
2030-09-03 21:30:00,0.0
2030-09-03 21:45:00,0.0
2030-09-03 22:00:00,0.0
2030-09-03 22:15:00,0.0
2030-09-03 22:30:00,0.0
2030-09-03 22:45:00,0.0
2030-09-03 23:00:00,0.0
2030-09-03 23:15:00,0.0
2030-09-03 23:30:00,0.0
2030-09-03 23:45:00,0.0
2030-09-04 00:00:00,3519.0623871256284
2030-09-04 00:15:00,0.0
2030-09-04 00:30:00,0.0
2030-09-04 00:45:00,0.0
2030-09-04 01:00:00,0.0
2030-09-04 01:15:00,0.0
2030-09-04 01:30:00,0.0
2030-09-04 01:45:00,0.0
2030-09-04 02:00:00,0.0
2030-09-04 02:15:00,0.0
2030-09-04 02:30:00,0.0
2030-09-04 02:45:00,0.0
2030-09-04 03:00:00,0.0
2030-09-04 03:15:00,0.0
2030-09-04 03:30:00,0.0
2030-09-04 03:45:00,0.0
2030-09-04 04:00:00,0.0
2030-09-04 04:15:00,0.0
2030-09-04 04:30:00,0.0
2030-09-04 04:45:00,0.0
2030-09-04 05:00:00,0.0
2030-09-04 05:15:00,0.0
2030-09-04 05:30:00,0.0
2030-09-04 05:45:00,0.0
2030-09-04 06:00:00,0.0
2030-09-04 06:15:00,0.0
2030-09-04 06:30:00,0.0
2030-09-04 06:45:00,0.0
2030-09-04 07:00:00,0.0
2030-09-04 07:15:00,0.0
2030-09-04 07:30:00,0.0
2030-09-04 07:45:00,0.0
2030-09-04 08:00:00,0.0
2030-09-04 08:15:00,0.0
2030-09-04 08:30:00,0.0
2030-09-04 08:45:00,0.0
2030-09-04 09:00:00,0.0
2030-09-04 09:15:00,0.0
2030-09-04 09:30:00,0.0
2030-09-04 09:45:00,0.0
2030-09-04 10:00:00,0.0
2030-09-04 10:15:00,0.0
2030-09-04 10:30:00,0.0
2030-09-04 10:45:00,0.0
2030-09-04 11:00:00,0.0
2030-09-04 11:15:00,0.0
2030-09-04 11:30:00,0.0
2030-09-04 11:45:00,0.0
2030-09-04 12:00:00,0.0
2030-09-04 12:15:00,0.0
2030-09-04 12:30:00,0.0
2030-09-04 12:45:00,0.0
2030-09-04 13:00:00,0.0
2030-09-04 13:15:00,0.0
2030-09-04 13:30:00,0.0
2030-09-04 13:45:00,0.0
2030-09-04 14:00:00,0.0
2030-09-04 14:15:00,0.0
2030-09-04 14:30:00,0.0
2030-09-04 14:45:00,0.0
2030-09-04 15:00:00,0.0
2030-09-04 15:15:00,0.0
2030-09-04 15:30:00,0.0
2030-09-04 15:45:00,0.0
2030-09-04 16:00:00,0.0
2030-09-04 16:15:00,0.0
2030-09-04 16:30:00,0.0
2030-09-04 16:45:00,0.0
2030-09-04 17:00:00,0.0
2030-09-04 17:15:00,0.0
2030-09-04 17:30:00,0.0
2030-09-04 17:45:00,0.0
2030-09-04 18:00:00,0.0
2030-09-04 18:15:00,0.0
2030-09-04 18:30:00,0.0
2030-09-04 18:45:00,0.0
2030-09-04 19:00:00,0.0
2030-09-04 19:15:00,0.0
2030-09-04 19:30:00,6638.062998997964
2030-09-04 19:45:00,0.0
2030-09-04 20:00:00,0.0
2030-09-04 20:15:00,0.0
2030-09-04 20:30:00,0.0
2030-09-04 20:45:00,0.0
2030-09-04 21:00:00,0.0
2030-09-04 21:15:00,0.0
2030-09-04 21:30:00,0.0
2030-09-04 21:45:00,0.0
2030-09-04 22:00:00,0.0
2030-09-04 22:15:00,0.0
2030-09-04 22:30:00,0.0
2030-09-04 22:45:00,0.0
2030-09-04 23:00:00,0.0
2030-09-04 23:15:00,0.0
2030-09-04 23:30:00,0.0
2030-09-04 23:45:00,0.0
2030-09-05 00:00:00,0.0
2030-09-05 00:15:00,0.0
2030-09-05 00:30:00,0.0
2030-09-05 00:45:00,0.0
2030-09-05 01:00:00,0.0
2030-09-05 01:15:00,0.0
2030-09-05 01:30:00,0.0
2030-09-05 01:45:00,0.0
2030-09-05 02:00:00,0.0
2030-09-05 02:15:00,0.0
2030-09-05 02:30:00,0.0
2030-09-05 02:45:00,0.0
2030-09-05 03:00:00,0.0
2030-09-05 03:15:00,0.0
2030-09-05 03:30:00,0.0
2030-09-05 03:45:00,0.0
2030-09-05 04:00:00,0.0
2030-09-05 04:15:00,0.0
2030-09-05 04:30:00,0.0
2030-09-05 04:45:00,0.0
2030-09-05 05:00:00,0.0
2030-09-05 05:15:00,0.0
2030-09-05 05:30:00,0.0
2030-09-05 05:45:00,0.0
2030-09-05 06:00:00,0.0
2030-09-05 06:15:00,0.0
2030-09-05 06:30:00,0.0
2030-09-05 06:45:00,0.0
2030-09-05 07:00:00,0.0
2030-09-05 07:15:00,0.0
2030-09-05 07:30:00,0.0
2030-09-05 07:45:00,0.0
2030-09-05 08:00:00,0.0
2030-09-05 08:15:00,0.0
2030-09-05 08:30:00,0.0
2030-09-05 08:45:00,0.0
2030-09-05 09:00:00,0.0
2030-09-05 09:15:00,0.0
2030-09-05 09:30:00,0.0
2030-09-05 09:45:00,0.0
2030-09-05 10:00:00,0.0
2030-09-05 10:15:00,0.0
2030-09-05 10:30:00,0.0
2030-09-05 10:45:00,0.0
2030-09-05 11:00:00,0.0
2030-09-05 11:15:00,0.0
2030-09-05 11:30:00,0.0
2030-09-05 11:45:00,0.0
2030-09-05 12:00:00,0.0
2030-09-05 12:15:00,0.0
2030-09-05 12:30:00,0.0
2030-09-05 12:45:00,0.0
2030-09-05 13:00:00,0.0
2030-09-05 13:15:00,0.0
2030-09-05 13:30:00,0.0
2030-09-05 13:45:00,0.0
2030-09-05 14:00:00,0.0
2030-09-05 14:15:00,0.0
2030-09-05 14:30:00,0.0
2030-09-05 14:45:00,0.0
2030-09-05 15:00:00,0.0
2030-09-05 15:15:00,0.0
2030-09-05 15:30:00,0.0
2030-09-05 15:45:00,0.0
2030-09-05 16:00:00,0.0
2030-09-05 16:15:00,0.0
2030-09-05 16:30:00,0.0
2030-09-05 16:45:00,0.0
2030-09-05 17:00:00,0.0
2030-09-05 17:15:00,0.0
2030-09-05 17:30:00,0.0
2030-09-05 17:45:00,0.0
2030-09-05 18:00:00,0.0
2030-09-05 18:15:00,0.0
2030-09-05 18:30:00,0.0
2030-09-05 18:45:00,0.0
2030-09-05 19:00:00,0.0
2030-09-05 19:15:00,0.0
2030-09-05 19:30:00,0.0
2030-09-05 19:45:00,0.0
2030-09-05 20:00:00,0.0
2030-09-05 20:15:00,0.0
2030-09-05 20:30:00,0.0
2030-09-05 20:45:00,0.0
2030-09-05 21:00:00,0.0
2030-09-05 21:15:00,0.0
2030-09-05 21:30:00,0.0
2030-09-05 21:45:00,0.0
2030-09-05 22:00:00,0.0
2030-09-05 22:15:00,0.0
2030-09-05 22:30:00,0.0
2030-09-05 22:45:00,0.0
2030-09-05 23:00:00,0.0
2030-09-05 23:15:00,0.0
2030-09-05 23:30:00,0.0
2030-09-05 23:45:00,0.0
2030-09-06 00:00:00,0.0
2030-09-06 00:15:00,0.0
2030-09-06 00:30:00,0.0
2030-09-06 00:45:00,0.0
2030-09-06 01:00:00,0.0
2030-09-06 01:15:00,0.0
2030-09-06 01:30:00,0.0
2030-09-06 01:45:00,0.0
2030-09-06 02:00:00,0.0
2030-09-06 02:15:00,0.0
2030-09-06 02:30:00,0.0
2030-09-06 02:45:00,0.0
2030-09-06 03:00:00,0.0
2030-09-06 03:15:00,0.0
2030-09-06 03:30:00,6657.095605506981
2030-09-06 03:45:00,0.0
2030-09-06 04:00:00,0.0
2030-09-06 04:15:00,0.0
2030-09-06 04:30:00,0.0
2030-09-06 04:45:00,0.0
2030-09-06 05:00:00,0.0
2030-09-06 05:15:00,0.0
2030-09-06 05:30:00,0.0
2030-09-06 05:45:00,0.0
2030-09-06 06:00:00,0.0
2030-09-06 06:15:00,0.0
2030-09-06 06:30:00,0.0
2030-09-06 06:45:00,0.0
2030-09-06 07:00:00,0.0
2030-09-06 07:15:00,0.0
2030-09-06 07:30:00,0.0
2030-09-06 07:45:00,0.0
2030-09-06 08:00:00,0.0
2030-09-06 08:15:00,0.0
2030-09-06 08:30:00,0.0
2030-09-06 08:45:00,0.0
2030-09-06 09:00:00,0.0
2030-09-06 09:15:00,0.0
2030-09-06 09:30:00,0.0
2030-09-06 09:45:00,0.0
2030-09-06 10:00:00,0.0
2030-09-06 10:15:00,0.0
2030-09-06 10:30:00,0.0
2030-09-06 10:45:00,0.0
2030-09-06 11:00:00,0.0
2030-09-06 11:15:00,0.0
2030-09-06 11:30:00,0.0
2030-09-06 11:45:00,0.0
2030-09-06 12:00:00,0.0
2030-09-06 12:15:00,0.0
2030-09-06 12:30:00,0.0
2030-09-06 12:45:00,0.0
2030-09-06 13:00:00,0.0
2030-09-06 13:15:00,0.0
2030-09-06 13:30:00,0.0
2030-09-06 13:45:00,0.0
2030-09-06 14:00:00,0.0
2030-09-06 14:15:00,0.0
2030-09-06 14:30:00,0.0
2030-09-06 14:45:00,0.0
2030-09-06 15:00:00,0.0
2030-09-06 15:15:00,0.0
2030-09-06 15:30:00,0.0
2030-09-06 15:45:00,0.0
2030-09-06 16:00:00,0.0
2030-09-06 16:15:00,0.0
2030-09-06 16:30:00,0.0
2030-09-06 16:45:00,0.0
2030-09-06 17:00:00,9893.198622366732
2030-09-06 17:15:00,409.9013337978213
2030-09-06 17:30:00,1470.3283895021905
2030-09-06 17:45:00,2145.6620839292827
2030-09-06 18:00:00,2593.3563579775546
2030-09-06 18:15:00,2632.2707093770914
2030-09-06 18:30:00,2411.1870090407647
2030-09-06 18:45:00,1966.6498330794602
2030-09-06 19:00:00,1761.7577829344082
2030-09-06 19:15:00,1541.429979843153
2030-09-06 19:30:00,870.2030491533642
2030-09-06 19:45:00,262.25479347076543
2030-09-06 20:00:00,0.0
2030-09-06 20:15:00,0.0
2030-09-06 20:30:00,0.0
2030-09-06 20:45:00,0.0
2030-09-06 21:00:00,0.0
2030-09-06 21:15:00,0.0
2030-09-06 21:30:00,0.0
2030-09-06 21:45:00,0.0
2030-09-06 22:00:00,0.0
2030-09-06 22:15:00,0.0
2030-09-06 22:30:00,0.0
2030-09-06 22:45:00,0.0
2030-09-06 23:00:00,0.0
2030-09-06 23:15:00,0.0
2030-09-06 23:30:00,0.0
2030-09-06 23:45:00,0.0
2030-09-07 00:00:00,0.0
2030-09-07 00:15:00,0.0
2030-09-07 00:30:00,0.0
2030-09-07 00:45:00,0.0
2030-09-07 01:00:00,0.0
2030-09-07 01:15:00,0.0
2030-09-07 01:30:00,0.0
2030-09-07 01:45:00,0.0
2030-09-07 02:00:00,0.0
2030-09-07 02:15:00,0.0
2030-09-07 02:30:00,0.0
2030-09-07 02:45:00,0.0
2030-09-07 03:00:00,0.0
2030-09-07 03:15:00,0.0
2030-09-07 03:30:00,0.0
2030-09-07 03:45:00,0.0
2030-09-07 04:00:00,0.0
2030-09-07 04:15:00,0.0
2030-09-07 04:30:00,0.0
2030-09-07 04:45:00,0.0
2030-09-07 05:00:00,0.0
2030-09-07 05:15:00,0.0
2030-09-07 05:30:00,0.0
2030-09-07 05:45:00,0.0
2030-09-07 06:00:00,0.0
2030-09-07 06:15:00,0.0
2030-09-07 06:30:00,0.0
2030-09-07 06:45:00,0.0
2030-09-07 07:00:00,0.0
2030-09-07 07:15:00,0.0
2030-09-07 07:30:00,0.0
2030-09-07 07:45:00,0.0
2030-09-07 08:00:00,0.0
2030-09-07 08:15:00,0.0
2030-09-07 08:30:00,0.0
2030-09-07 08:45:00,0.0
2030-09-07 09:00:00,0.0
2030-09-07 09:15:00,0.0
2030-09-07 09:30:00,0.0
2030-09-07 09:45:00,0.0
2030-09-07 10:00:00,0.0
2030-09-07 10:15:00,0.0
2030-09-07 10:30:00,0.0
2030-09-07 10:45:00,0.0
2030-09-07 11:00:00,0.0
2030-09-07 11:15:00,0.0
2030-09-07 11:30:00,0.0
2030-09-07 11:45:00,0.0
2030-09-07 12:00:00,0.0
2030-09-07 12:15:00,0.0
2030-09-07 12:30:00,0.0
2030-09-07 12:45:00,0.0
2030-09-07 13:00:00,0.0
2030-09-07 13:15:00,0.0
2030-09-07 13:30:00,0.0
2030-09-07 13:45:00,0.0
2030-09-07 14:00:00,0.0
2030-09-07 14:15:00,0.0
2030-09-07 14:30:00,0.0
2030-09-07 14:45:00,0.0
2030-09-07 15:00:00,0.0
2030-09-07 15:15:00,0.0
2030-09-07 15:30:00,0.0
2030-09-07 15:45:00,0.0
2030-09-07 16:00:00,0.0
2030-09-07 16:15:00,0.0
2030-09-07 16:30:00,2183.7598275928485
2030-09-07 16:45:00,0.0
2030-09-07 17:00:00,0.0
2030-09-07 17:15:00,0.0
2030-09-07 17:30:00,0.0
2030-09-07 17:45:00,0.0
2030-09-07 18:00:00,0.0
2030-09-07 18:15:00,0.0
2030-09-07 18:30:00,0.0
2030-09-07 18:45:00,0.0
2030-09-07 19:00:00,0.0
2030-09-07 19:15:00,0.0
2030-09-07 19:30:00,0.0
2030-09-07 19:45:00,0.0
2030-09-07 20:00:00,0.0
2030-09-07 20:15:00,0.0
2030-09-07 20:30:00,0.0
2030-09-07 20:45:00,0.0
2030-09-07 21:00:00,0.0
2030-09-07 21:15:00,0.0
2030-09-07 21:30:00,0.0
2030-09-07 21:45:00,0.0
2030-09-07 22:00:00,0.0
2030-09-07 22:15:00,0.0
2030-09-07 22:30:00,0.0
2030-09-07 22:45:00,0.0
2030-09-07 23:00:00,0.0
2030-09-07 23:15:00,0.0
2030-09-07 23:30:00,0.0
2030-09-07 23:45:00,0.0
2030-09-08 00:00:00,0.0
2030-09-08 00:15:00,0.0
2030-09-08 00:30:00,0.0
2030-09-08 00:45:00,0.0
2030-09-08 01:00:00,0.0
2030-09-08 01:15:00,0.0
2030-09-08 01:30:00,0.0
2030-09-08 01:45:00,0.0
2030-09-08 02:00:00,0.0
2030-09-08 02:15:00,0.0
2030-09-08 02:30:00,0.0
2030-09-08 02:45:00,0.0
2030-09-08 03:00:00,0.0
2030-09-08 03:15:00,0.0
2030-09-08 03:30:00,0.0
2030-09-08 03:45:00,0.0
2030-09-08 04:00:00,0.0
2030-09-08 04:15:00,0.0
2030-09-08 04:30:00,0.0
2030-09-08 04:45:00,0.0
2030-09-08 05:00:00,0.0
2030-09-08 05:15:00,0.0
2030-09-08 05:30:00,0.0
2030-09-08 05:45:00,0.0
2030-09-08 06:00:00,0.0
2030-09-08 06:15:00,0.0
2030-09-08 06:30:00,0.0
2030-09-08 06:45:00,0.0
2030-09-08 07:00:00,0.0
2030-09-08 07:15:00,0.0
2030-09-08 07:30:00,0.0
2030-09-08 07:45:00,0.0
2030-09-08 08:00:00,0.0
2030-09-08 08:15:00,0.0
2030-09-08 08:30:00,0.0
2030-09-08 08:45:00,0.0
2030-09-08 09:00:00,0.0
2030-09-08 09:15:00,0.0
2030-09-08 09:30:00,0.0
2030-09-08 09:45:00,0.0
2030-09-08 10:00:00,0.0
2030-09-08 10:15:00,0.0
2030-09-08 10:30:00,0.0
2030-09-08 10:45:00,0.0
2030-09-08 11:00:00,0.0
2030-09-08 11:15:00,0.0
2030-09-08 11:30:00,0.0
2030-09-08 11:45:00,0.0
2030-09-08 12:00:00,0.0
2030-09-08 12:15:00,0.0
2030-09-08 12:30:00,0.0
2030-09-08 12:45:00,0.0
2030-09-08 13:00:00,0.0
2030-09-08 13:15:00,0.0
2030-09-08 13:30:00,0.0
2030-09-08 13:45:00,0.0
2030-09-08 14:00:00,0.0
2030-09-08 14:15:00,0.0
2030-09-08 14:30:00,0.0
2030-09-08 14:45:00,0.0
2030-09-08 15:00:00,0.0
2030-09-08 15:15:00,0.0
2030-09-08 15:30:00,0.0
2030-09-08 15:45:00,0.0
2030-09-08 16:00:00,0.0
2030-09-08 16:15:00,0.0
2030-09-08 16:30:00,0.0
2030-09-08 16:45:00,0.0
2030-09-08 17:00:00,0.0
2030-09-08 17:15:00,0.0
2030-09-08 17:30:00,0.0
2030-09-08 17:45:00,0.0
2030-09-08 18:00:00,0.0
2030-09-08 18:15:00,0.0
2030-09-08 18:30:00,0.0
2030-09-08 18:45:00,0.0
2030-09-08 19:00:00,0.0
2030-09-08 19:15:00,0.0
2030-09-08 19:30:00,0.0
2030-09-08 19:45:00,0.0
2030-09-08 20:00:00,0.0
2030-09-08 20:15:00,0.0
2030-09-08 20:30:00,0.0
2030-09-08 20:45:00,0.0
2030-09-08 21:00:00,0.0
2030-09-08 21:15:00,0.0
2030-09-08 21:30:00,0.0
2030-09-08 21:45:00,0.0
2030-09-08 22:00:00,3667.242963215809
2030-09-08 22:15:00,0.0
2030-09-08 22:30:00,0.0
2030-09-08 22:45:00,0.0
2030-09-08 23:00:00,0.0
2030-09-08 23:15:00,0.0
2030-09-08 23:30:00,0.0
2030-09-08 23:45:00,0.0
2030-09-09 00:00:00,0.0
2030-09-09 00:15:00,0.0
2030-09-09 00:30:00,0.0
2030-09-09 00:45:00,0.0
2030-09-09 01:00:00,0.0
2030-09-09 01:15:00,0.0
2030-09-09 01:30:00,0.0
2030-09-09 01:45:00,0.0
2030-09-09 02:00:00,0.0
2030-09-09 02:15:00,0.0
2030-09-09 02:30:00,0.0
2030-09-09 02:45:00,0.0
2030-09-09 03:00:00,0.0
2030-09-09 03:15:00,0.0
2030-09-09 03:30:00,0.0
2030-09-09 03:45:00,0.0
2030-09-09 04:00:00,0.0
2030-09-09 04:15:00,0.0
2030-09-09 04:30:00,0.0
2030-09-09 04:45:00,0.0
2030-09-09 05:00:00,0.0
2030-09-09 05:15:00,0.0
2030-09-09 05:30:00,0.0
2030-09-09 05:45:00,0.0
2030-09-09 06:00:00,0.0
2030-09-09 06:15:00,0.0
2030-09-09 06:30:00,0.0
2030-09-09 06:45:00,0.0
2030-09-09 07:00:00,0.0
2030-09-09 07:15:00,0.0
2030-09-09 07:30:00,0.0
2030-09-09 07:45:00,0.0
2030-09-09 08:00:00,0.0
2030-09-09 08:15:00,0.0
2030-09-09 08:30:00,0.0
2030-09-09 08:45:00,0.0
2030-09-09 09:00:00,0.0
2030-09-09 09:15:00,0.0
2030-09-09 09:30:00,0.0
2030-09-09 09:45:00,0.0
2030-09-09 10:00:00,0.0
2030-09-09 10:15:00,0.0
2030-09-09 10:30:00,0.0
2030-09-09 10:45:00,0.0
2030-09-09 11:00:00,0.0
2030-09-09 11:15:00,0.0
2030-09-09 11:30:00,0.0
2030-09-09 11:45:00,0.0
2030-09-09 12:00:00,0.0
2030-09-09 12:15:00,0.0
2030-09-09 12:30:00,0.0
2030-09-09 12:45:00,0.0
2030-09-09 13:00:00,0.0
2030-09-09 13:15:00,0.0
2030-09-09 13:30:00,0.0
2030-09-09 13:45:00,0.0
2030-09-09 14:00:00,0.0
2030-09-09 14:15:00,0.0
2030-09-09 14:30:00,0.0
2030-09-09 14:45:00,0.0
2030-09-09 15:00:00,0.0
2030-09-09 15:15:00,0.0
2030-09-09 15:30:00,0.0
2030-09-09 15:45:00,0.0
2030-09-09 16:00:00,0.0
2030-09-09 16:15:00,0.0
2030-09-09 16:30:00,0.0
2030-09-09 16:45:00,0.0
2030-09-09 17:00:00,0.0
2030-09-09 17:15:00,0.0
2030-09-09 17:30:00,0.0
2030-09-09 17:45:00,0.0
2030-09-09 18:00:00,0.0
2030-09-09 18:15:00,0.0
2030-09-09 18:30:00,0.0
2030-09-09 18:45:00,0.0
2030-09-09 19:00:00,0.0
2030-09-09 19:15:00,0.0
2030-09-09 19:30:00,0.0
2030-09-09 19:45:00,0.0
2030-09-09 20:00:00,0.0
2030-09-09 20:15:00,0.0
2030-09-09 20:30:00,0.0
2030-09-09 20:45:00,0.0
2030-09-09 21:00:00,0.0
2030-09-09 21:15:00,0.0
2030-09-09 21:30:00,0.0
2030-09-09 21:45:00,0.0
2030-09-09 22:00:00,0.0
2030-09-09 22:15:00,0.0
2030-09-09 22:30:00,0.0
2030-09-09 22:45:00,0.0
2030-09-09 23:00:00,0.0
2030-09-09 23:15:00,0.0
2030-09-09 23:30:00,0.0
2030-09-09 23:45:00,0.0
2030-09-10 00:00:00,0.0
2030-09-10 00:15:00,0.0
2030-09-10 00:30:00,0.0
2030-09-10 00:45:00,0.0
2030-09-10 01:00:00,0.0
2030-09-10 01:15:00,0.0
2030-09-10 01:30:00,0.0
2030-09-10 01:45:00,0.0
2030-09-10 02:00:00,0.0
2030-09-10 02:15:00,0.0
2030-09-10 02:30:00,0.0
2030-09-10 02:45:00,0.0
2030-09-10 03:00:00,0.0
2030-09-10 03:15:00,0.0
2030-09-10 03:30:00,0.0
2030-09-10 03:45:00,0.0
2030-09-10 04:00:00,0.0
2030-09-10 04:15:00,0.0
2030-09-10 04:30:00,0.0
2030-09-10 04:45:00,0.0
2030-09-10 05:00:00,0.0
2030-09-10 05:15:00,0.0
2030-09-10 05:30:00,0.0
2030-09-10 05:45:00,0.0
2030-09-10 06:00:00,0.0
2030-09-10 06:15:00,909.9906713162354
2030-09-10 06:30:00,0.0
2030-09-10 06:45:00,0.0
2030-09-10 07:00:00,0.0
2030-09-10 07:15:00,0.0
2030-09-10 07:30:00,0.0
2030-09-10 07:45:00,0.0
2030-09-10 08:00:00,0.0
2030-09-10 08:15:00,0.0
2030-09-10 08:30:00,0.0
2030-09-10 08:45:00,0.0
2030-09-10 09:00:00,0.0
2030-09-10 09:15:00,0.0
2030-09-10 09:30:00,0.0
2030-09-10 09:45:00,0.0
2030-09-10 10:00:00,0.0
2030-09-10 10:15:00,0.0
2030-09-10 10:30:00,0.0
2030-09-10 10:45:00,0.0
2030-09-10 11:00:00,0.0
2030-09-10 11:15:00,0.0
2030-09-10 11:30:00,0.0
2030-09-10 11:45:00,0.0
2030-09-10 12:00:00,0.0
2030-09-10 12:15:00,0.0
2030-09-10 12:30:00,0.0
2030-09-10 12:45:00,0.0
2030-09-10 13:00:00,0.0
2030-09-10 13:15:00,0.0
2030-09-10 13:30:00,0.0
2030-09-10 13:45:00,0.0
2030-09-10 14:00:00,0.0
2030-09-10 14:15:00,0.0
2030-09-10 14:30:00,0.0
2030-09-10 14:45:00,0.0
2030-09-10 15:00:00,0.0
2030-09-10 15:15:00,0.0
2030-09-10 15:30:00,0.0
2030-09-10 15:45:00,0.0
2030-09-10 16:00:00,0.0
2030-09-10 16:15:00,0.0
2030-09-10 16:30:00,0.0
2030-09-10 16:45:00,0.0
2030-09-10 17:00:00,0.0
2030-09-10 17:15:00,0.0
2030-09-10 17:30:00,0.0
2030-09-10 17:45:00,0.0
2030-09-10 18:00:00,0.0
2030-09-10 18:15:00,0.0
2030-09-10 18:30:00,0.0
2030-09-10 18:45:00,4473.785062260513
2030-09-10 19:00:00,2546.125986194271
2030-09-10 19:15:00,2442.924348904049
2030-09-10 19:30:00,2485.5295032538997
2030-09-10 19:45:00,2606.00831659271
2030-09-10 20:00:00,2809.6770567893436
2030-09-10 20:15:00,2869.06330263177
2030-09-10 20:30:00,2706.17575041515
2030-09-10 20:45:00,2398.2329043836053
2030-09-10 21:00:00,2360.2873486208846
2030-09-10 21:15:00,2216.190483537199
2030-09-10 21:30:00,2006.2597552574025
2030-09-10 21:45:00,1854.9147759008993
2030-09-10 22:00:00,1692.0499755285964
2030-09-10 22:15:00,1423.0077320186629
2030-09-10 22:30:00,1090.0450369001373
2030-09-10 22:45:00,871.5119568347072
2030-09-10 23:00:00,511.98567218584503
2030-09-10 23:15:00,183.53885100701882
2030-09-10 23:30:00,0.0
2030-09-10 23:45:00,0.0
2030-09-11 00:00:00,0.0
2030-09-11 00:15:00,0.0
2030-09-11 00:30:00,0.0
2030-09-11 00:45:00,0.0
2030-09-11 01:00:00,0.0
2030-09-11 01:15:00,0.0
2030-09-11 01:30:00,0.0
2030-09-11 01:45:00,0.0
2030-09-11 02:00:00,0.0
2030-09-11 02:15:00,0.0
2030-09-11 02:30:00,0.0
2030-09-11 02:45:00,0.0
2030-09-11 03:00:00,0.0
2030-09-11 03:15:00,0.0
2030-09-11 03:30:00,0.0
2030-09-11 03:45:00,0.0
2030-09-11 04:00:00,0.0
2030-09-11 04:15:00,0.0
2030-09-11 04:30:00,0.0
2030-09-11 04:45:00,0.0
2030-09-11 05:00:00,0.0
2030-09-11 05:15:00,0.0
2030-09-11 05:30:00,0.0
2030-09-11 05:45:00,0.0
2030-09-11 06:00:00,0.0
2030-09-11 06:15:00,0.0
2030-09-11 06:30:00,0.0
2030-09-11 06:45:00,0.0
2030-09-11 07:00:00,0.0
2030-09-11 07:15:00,0.0
2030-09-11 07:30:00,0.0
2030-09-11 07:45:00,0.0
2030-09-11 08:00:00,0.0
2030-09-11 08:15:00,0.0
2030-09-11 08:30:00,0.0
2030-09-11 08:45:00,0.0
2030-09-11 09:00:00,0.0
2030-09-11 09:15:00,0.0
2030-09-11 09:30:00,0.0
2030-09-11 09:45:00,0.0
2030-09-11 10:00:00,0.0
2030-09-11 10:15:00,0.0
2030-09-11 10:30:00,0.0
2030-09-11 10:45:00,0.0
2030-09-11 11:00:00,0.0
2030-09-11 11:15:00,0.0
2030-09-11 11:30:00,0.0
2030-09-11 11:45:00,0.0
2030-09-11 12:00:00,0.0
2030-09-11 12:15:00,0.0
2030-09-11 12:30:00,0.0
2030-09-11 12:45:00,0.0
2030-09-11 13:00:00,0.0
2030-09-11 13:15:00,0.0
2030-09-11 13:30:00,0.0
2030-09-11 13:45:00,0.0
2030-09-11 14:00:00,0.0
2030-09-11 14:15:00,0.0
2030-09-11 14:30:00,0.0
2030-09-11 14:45:00,0.0
2030-09-11 15:00:00,0.0
2030-09-11 15:15:00,0.0
2030-09-11 15:30:00,0.0
2030-09-11 15:45:00,0.0
2030-09-11 16:00:00,0.0
2030-09-11 16:15:00,0.0
2030-09-11 16:30:00,0.0
2030-09-11 16:45:00,0.0
2030-09-11 17:00:00,0.0
2030-09-11 17:15:00,0.0
2030-09-11 17:30:00,0.0
2030-09-11 17:45:00,0.0
2030-09-11 18:00:00,0.0
2030-09-11 18:15:00,0.0
2030-09-11 18:30:00,0.0
2030-09-11 18:45:00,0.0
2030-09-11 19:00:00,0.0
2030-09-11 19:15:00,0.0
2030-09-11 19:30:00,0.0
2030-09-11 19:45:00,0.0
2030-09-11 20:00:00,0.0
2030-09-11 20:15:00,6477.911083449031
2030-09-11 20:30:00,83.36823152127909
2030-09-11 20:45:00,0.0
2030-09-11 21:00:00,0.0
2030-09-11 21:15:00,0.0
2030-09-11 21:30:00,0.0
2030-09-11 21:45:00,0.0
2030-09-11 22:00:00,0.0
2030-09-11 22:15:00,0.0
2030-09-11 22:30:00,0.0
2030-09-11 22:45:00,0.0
2030-09-11 23:00:00,0.0
2030-09-11 23:15:00,0.0
2030-09-11 23:30:00,0.0
2030-09-11 23:45:00,0.0
2030-09-12 00:00:00,0.0
2030-09-12 00:15:00,0.0
2030-09-12 00:30:00,0.0
2030-09-12 00:45:00,0.0
2030-09-12 01:00:00,0.0
2030-09-12 01:15:00,0.0
2030-09-12 01:30:00,0.0
2030-09-12 01:45:00,0.0
2030-09-12 02:00:00,0.0
2030-09-12 02:15:00,0.0
2030-09-12 02:30:00,0.0
2030-09-12 02:45:00,0.0
2030-09-12 03:00:00,0.0
2030-09-12 03:15:00,0.0
2030-09-12 03:30:00,0.0
2030-09-12 03:45:00,0.0
2030-09-12 04:00:00,0.0
2030-09-12 04:15:00,0.0
2030-09-12 04:30:00,0.0
2030-09-12 04:45:00,0.0
2030-09-12 05:00:00,0.0
2030-09-12 05:15:00,0.0
2030-09-12 05:30:00,0.0
2030-09-12 05:45:00,0.0
2030-09-12 06:00:00,0.0
2030-09-12 06:15:00,0.0
2030-09-12 06:30:00,0.0
2030-09-12 06:45:00,0.0
2030-09-12 07:00:00,0.0
2030-09-12 07:15:00,0.0
2030-09-12 07:30:00,0.0
2030-09-12 07:45:00,0.0
2030-09-12 08:00:00,0.0
2030-09-12 08:15:00,0.0
2030-09-12 08:30:00,0.0
2030-09-12 08:45:00,0.0
2030-09-12 09:00:00,0.0
2030-09-12 09:15:00,0.0
2030-09-12 09:30:00,0.0
2030-09-12 09:45:00,0.0
2030-09-12 10:00:00,0.0
2030-09-12 10:15:00,0.0
2030-09-12 10:30:00,0.0
2030-09-12 10:45:00,0.0
2030-09-12 11:00:00,0.0
2030-09-12 11:15:00,0.0
2030-09-12 11:30:00,0.0
2030-09-12 11:45:00,0.0
2030-09-12 12:00:00,0.0
2030-09-12 12:15:00,0.0
2030-09-12 12:30:00,0.0
2030-09-12 12:45:00,0.0
2030-09-12 13:00:00,0.0
2030-09-12 13:15:00,0.0
2030-09-12 13:30:00,0.0
2030-09-12 13:45:00,0.0
2030-09-12 14:00:00,0.0
2030-09-12 14:15:00,0.0
2030-09-12 14:30:00,0.0
2030-09-12 14:45:00,0.0
2030-09-12 15:00:00,0.0
2030-09-12 15:15:00,0.0
2030-09-12 15:30:00,0.0
2030-09-12 15:45:00,0.0
2030-09-12 16:00:00,0.0
2030-09-12 16:15:00,0.0
2030-09-12 16:30:00,0.0
2030-09-12 16:45:00,0.0
2030-09-12 17:00:00,0.0
2030-09-12 17:15:00,0.0
2030-09-12 17:30:00,0.0
2030-09-12 17:45:00,0.0
2030-09-12 18:00:00,0.0
2030-09-12 18:15:00,0.0
2030-09-12 18:30:00,0.0
2030-09-12 18:45:00,0.0
2030-09-12 19:00:00,0.0
2030-09-12 19:15:00,0.0
2030-09-12 19:30:00,0.0
2030-09-12 19:45:00,0.0
2030-09-12 20:00:00,0.0
2030-09-12 20:15:00,9615.437396167952
2030-09-12 20:30:00,0.0
2030-09-12 20:45:00,0.0
2030-09-12 21:00:00,0.0
2030-09-12 21:15:00,0.0
2030-09-12 21:30:00,0.0
2030-09-12 21:45:00,0.0
2030-09-12 22:00:00,0.0
2030-09-12 22:15:00,0.0
2030-09-12 22:30:00,0.0
2030-09-12 22:45:00,0.0
2030-09-12 23:00:00,0.0
2030-09-12 23:15:00,0.0
2030-09-12 23:30:00,0.0
2030-09-12 23:45:00,0.0
2030-09-13 00:00:00,0.0
2030-09-13 00:15:00,0.0
2030-09-13 00:30:00,0.0
2030-09-13 00:45:00,0.0
2030-09-13 01:00:00,0.0
2030-09-13 01:15:00,0.0
2030-09-13 01:30:00,0.0
2030-09-13 01:45:00,0.0
2030-09-13 02:00:00,0.0
2030-09-13 02:15:00,0.0
2030-09-13 02:30:00,0.0
2030-09-13 02:45:00,0.0
2030-09-13 03:00:00,0.0
2030-09-13 03:15:00,0.0
2030-09-13 03:30:00,0.0
2030-09-13 03:45:00,0.0
2030-09-13 04:00:00,0.0
2030-09-13 04:15:00,0.0
2030-09-13 04:30:00,0.0
2030-09-13 04:45:00,0.0
2030-09-13 05:00:00,0.0
2030-09-13 05:15:00,0.0
2030-09-13 05:30:00,0.0
2030-09-13 05:45:00,0.0
2030-09-13 06:00:00,0.0
2030-09-13 06:15:00,0.0
2030-09-13 06:30:00,0.0
2030-09-13 06:45:00,0.0
2030-09-13 07:00:00,0.0
2030-09-13 07:15:00,0.0
2030-09-13 07:30:00,0.0
2030-09-13 07:45:00,0.0
2030-09-13 08:00:00,0.0
2030-09-13 08:15:00,0.0
2030-09-13 08:30:00,0.0
2030-09-13 08:45:00,0.0
2030-09-13 09:00:00,0.0
2030-09-13 09:15:00,0.0
2030-09-13 09:30:00,0.0
2030-09-13 09:45:00,0.0
2030-09-13 10:00:00,0.0
2030-09-13 10:15:00,0.0
2030-09-13 10:30:00,0.0
2030-09-13 10:45:00,0.0
2030-09-13 11:00:00,0.0
2030-09-13 11:15:00,0.0
2030-09-13 11:30:00,0.0
2030-09-13 11:45:00,0.0
2030-09-13 12:00:00,0.0
2030-09-13 12:15:00,0.0
2030-09-13 12:30:00,0.0
2030-09-13 12:45:00,0.0
2030-09-13 13:00:00,0.0
2030-09-13 13:15:00,0.0
2030-09-13 13:30:00,0.0
2030-09-13 13:45:00,0.0
2030-09-13 14:00:00,0.0
2030-09-13 14:15:00,0.0
2030-09-13 14:30:00,0.0
2030-09-13 14:45:00,0.0
2030-09-13 15:00:00,0.0
2030-09-13 15:15:00,0.0
2030-09-13 15:30:00,0.0
2030-09-13 15:45:00,0.0
2030-09-13 16:00:00,0.0
2030-09-13 16:15:00,0.0
2030-09-13 16:30:00,0.0
2030-09-13 16:45:00,0.0
2030-09-13 17:00:00,0.0
2030-09-13 17:15:00,0.0
2030-09-13 17:30:00,0.0
2030-09-13 17:45:00,0.0
2030-09-13 18:00:00,0.0
2030-09-13 18:15:00,0.0
2030-09-13 18:30:00,500.5335777822929
2030-09-13 18:45:00,0.0
2030-09-13 19:00:00,0.0
2030-09-13 19:15:00,0.0
2030-09-13 19:30:00,0.0
2030-09-13 19:45:00,0.0
2030-09-13 20:00:00,0.0
2030-09-13 20:15:00,0.0
2030-09-13 20:30:00,0.0
2030-09-13 20:45:00,0.0
2030-09-13 21:00:00,0.0
2030-09-13 21:15:00,0.0
2030-09-13 21:30:00,0.0
2030-09-13 21:45:00,0.0
2030-09-13 22:00:00,0.0
2030-09-13 22:15:00,0.0
2030-09-13 22:30:00,0.0
2030-09-13 22:45:00,0.0
2030-09-13 23:00:00,0.0
2030-09-13 23:15:00,0.0
2030-09-13 23:30:00,0.0
2030-09-13 23:45:00,0.0
2030-09-14 00:00:00,0.0
2030-09-14 00:15:00,0.0
2030-09-14 00:30:00,0.0
2030-09-14 00:45:00,0.0
2030-09-14 01:00:00,0.0
2030-09-14 01:15:00,0.0
2030-09-14 01:30:00,0.0
2030-09-14 01:45:00,0.0
2030-09-14 02:00:00,0.0
2030-09-14 02:15:00,0.0
2030-09-14 02:30:00,0.0
2030-09-14 02:45:00,0.0
2030-09-14 03:00:00,0.0
2030-09-14 03:15:00,0.0
2030-09-14 03:30:00,0.0
2030-09-14 03:45:00,0.0
2030-09-14 04:00:00,0.0
2030-09-14 04:15:00,0.0
2030-09-14 04:30:00,0.0
2030-09-14 04:45:00,0.0
2030-09-14 05:00:00,0.0
2030-09-14 05:15:00,0.0
2030-09-14 05:30:00,296.81367920737466
2030-09-14 05:45:00,947.8000896976409
2030-09-14 06:00:00,2058.5749314833556
2030-09-14 06:15:00,2516.2843445709295
2030-09-14 06:30:00,2565.4810002538798
2030-09-14 06:45:00,2523.0456781004614
2030-09-14 07:00:00,2593.368250288064
2030-09-14 07:15:00,2114.858407508198
2030-09-14 07:30:00,1546.1108099849862
2030-09-14 07:45:00,966.2726344664406
2030-09-14 08:00:00,564.9547820186363
2030-09-14 08:15:00,0.0
2030-09-14 08:30:00,0.0
2030-09-14 08:45:00,0.0
2030-09-14 09:00:00,0.0
2030-09-14 09:15:00,0.0
2030-09-14 09:30:00,0.0
2030-09-14 09:45:00,0.0
2030-09-14 10:00:00,0.0
2030-09-14 10:15:00,0.0
2030-09-14 10:30:00,0.0
2030-09-14 10:45:00,0.0
2030-09-14 11:00:00,0.0
2030-09-14 11:15:00,0.0
2030-09-14 11:30:00,0.0
2030-09-14 11:45:00,0.0
2030-09-14 12:00:00,0.0
2030-09-14 12:15:00,0.0
2030-09-14 12:30:00,0.0
2030-09-14 12:45:00,0.0
2030-09-14 13:00:00,0.0
2030-09-14 13:15:00,0.0
2030-09-14 13:30:00,0.0
2030-09-14 13:45:00,0.0
2030-09-14 14:00:00,0.0
2030-09-14 14:15:00,0.0
2030-09-14 14:30:00,0.0
2030-09-14 14:45:00,0.0
2030-09-14 15:00:00,0.0
2030-09-14 15:15:00,0.0
2030-09-14 15:30:00,0.0
2030-09-14 15:45:00,0.0
2030-09-14 16:00:00,0.0
2030-09-14 16:15:00,0.0
2030-09-14 16:30:00,634.180231667051
2030-09-14 16:45:00,1609.7475500220244
2030-09-14 17:00:00,2943.924518179545
2030-09-14 17:15:00,3940.0789267100517
2030-09-14 17:30:00,4894.34643076385
2030-09-14 17:45:00,5545.123281785742
2030-09-14 18:00:00,6028.774625839735
2030-09-14 18:15:00,6263.141173334192
2030-09-14 18:30:00,6259.425098401414
2030-09-14 18:45:00,6222.494017829093
2030-09-14 19:00:00,6207.240552520139
2030-09-14 19:15:00,6245.5718548463265
2030-09-14 19:30:00,6199.048280868687
2030-09-14 19:45:00,6097.264505674688
2030-09-14 20:00:00,5978.936836067573
2030-09-14 20:15:00,5699.318006177669
2030-09-14 20:30:00,5326.380872397469
2030-09-14 20:45:00,4862.425019801154
2030-09-14 21:00:00,4314.833819927124
2030-09-14 21:15:00,3841.6861890959626
2030-09-14 21:30:00,3289.5673537015773
2030-09-14 21:45:00,2898.0106503365605
2030-09-14 22:00:00,2440.1262524463
2030-09-14 22:15:00,2048.569767238465
2030-09-14 22:30:00,1708.2394206113422
2030-09-14 22:45:00,1284.2310413938121
2030-09-14 23:00:00,747.2875951821061
2030-09-14 23:15:00,447.50811418582816
2030-09-14 23:30:00,136.31943807551397
2030-09-14 23:45:00,0.0
2030-09-15 00:00:00,0.0
2030-09-15 00:15:00,0.0
2030-09-15 00:30:00,0.0
2030-09-15 00:45:00,0.0
2030-09-15 01:00:00,0.0
2030-09-15 01:15:00,0.0
2030-09-15 01:30:00,0.0
2030-09-15 01:45:00,0.0
2030-09-15 02:00:00,0.0
2030-09-15 02:15:00,0.0
2030-09-15 02:30:00,0.0
2030-09-15 02:45:00,0.0
2030-09-15 03:00:00,0.0
2030-09-15 03:15:00,0.0
2030-09-15 03:30:00,0.0
2030-09-15 03:45:00,0.0
2030-09-15 04:00:00,0.0
2030-09-15 04:15:00,0.0
2030-09-15 04:30:00,0.0
2030-09-15 04:45:00,0.0
2030-09-15 05:00:00,0.0
2030-09-15 05:15:00,37.18615947431135
2030-09-15 05:30:00,350.821671396845
2030-09-15 05:45:00,534.3378608009152
2030-09-15 06:00:00,1087.8750693807815
2030-09-15 06:15:00,1195.2270110831269
2030-09-15 06:30:00,1151.9795725649528
2030-09-15 06:45:00,588.3412814222938
2030-09-15 07:00:00,0.0
2030-09-15 07:15:00,0.0
2030-09-15 07:30:00,0.0
2030-09-15 07:45:00,0.0
2030-09-15 08:00:00,0.0
2030-09-15 08:15:00,0.0
2030-09-15 08:30:00,0.0
2030-09-15 08:45:00,0.0
2030-09-15 09:00:00,0.0
2030-09-15 09:15:00,0.0
2030-09-15 09:30:00,0.0
2030-09-15 09:45:00,0.0
2030-09-15 10:00:00,0.0
2030-09-15 10:15:00,0.0
2030-09-15 10:30:00,0.0
2030-09-15 10:45:00,0.0
2030-09-15 11:00:00,0.0
2030-09-15 11:15:00,0.0
2030-09-15 11:30:00,0.0
2030-09-15 11:45:00,0.0
2030-09-15 12:00:00,0.0
2030-09-15 12:15:00,0.0
2030-09-15 12:30:00,0.0
2030-09-15 12:45:00,0.0
2030-09-15 13:00:00,0.0
2030-09-15 13:15:00,0.0
2030-09-15 13:30:00,0.0
2030-09-15 13:45:00,0.0
2030-09-15 14:00:00,0.0
2030-09-15 14:15:00,0.0
2030-09-15 14:30:00,0.0
2030-09-15 14:45:00,0.0
2030-09-15 15:00:00,0.0
2030-09-15 15:15:00,0.0
2030-09-15 15:30:00,0.0
2030-09-15 15:45:00,5842.093648969136
2030-09-15 16:00:00,0.0
2030-09-15 16:15:00,0.0
2030-09-15 16:30:00,0.0
2030-09-15 16:45:00,0.0
2030-09-15 17:00:00,118.26530072469541
2030-09-15 17:15:00,1184.7845949230832
2030-09-15 17:30:00,2103.6181444653703
2030-09-15 17:45:00,2886.294313761413
2030-09-15 18:00:00,3210.6940027515193
2030-09-15 18:15:00,3010.524889359789
2030-09-15 18:30:00,2803.7075137048305
2030-09-15 18:45:00,2505.6536301503074
2030-09-15 19:00:00,1885.8034483534939
2030-09-15 19:15:00,1270.8806299610078
2030-09-15 19:30:00,729.3427320735318
2030-09-15 19:45:00,271.0370286389025
2030-09-15 20:00:00,0.0
2030-09-15 20:15:00,0.0
2030-09-15 20:30:00,0.0
2030-09-15 20:45:00,0.0
2030-09-15 21:00:00,0.0
2030-09-15 21:15:00,0.0
2030-09-15 21:30:00,0.0
2030-09-15 21:45:00,0.0
2030-09-15 22:00:00,0.0
2030-09-15 22:15:00,0.0
2030-09-15 22:30:00,0.0
2030-09-15 22:45:00,0.0
2030-09-15 23:00:00,0.0
2030-09-15 23:15:00,0.0
2030-09-15 23:30:00,0.0
2030-09-15 23:45:00,0.0
2030-09-16 00:00:00,0.0
2030-09-16 00:15:00,0.0
2030-09-16 00:30:00,0.0
2030-09-16 00:45:00,0.0
2030-09-16 01:00:00,0.0
2030-09-16 01:15:00,0.0
2030-09-16 01:30:00,0.0
2030-09-16 01:45:00,0.0
2030-09-16 02:00:00,0.0
2030-09-16 02:15:00,0.0
2030-09-16 02:30:00,0.0
2030-09-16 02:45:00,0.0
2030-09-16 03:00:00,0.0
2030-09-16 03:15:00,0.0
2030-09-16 03:30:00,0.0
2030-09-16 03:45:00,0.0
2030-09-16 04:00:00,0.0
2030-09-16 04:15:00,0.0
2030-09-16 04:30:00,0.0
2030-09-16 04:45:00,0.0
2030-09-16 05:00:00,0.0
2030-09-16 05:15:00,0.0
2030-09-16 05:30:00,0.0
2030-09-16 05:45:00,0.0
2030-09-16 06:00:00,0.0
2030-09-16 06:15:00,0.0
2030-09-16 06:30:00,0.0
2030-09-16 06:45:00,0.0
2030-09-16 07:00:00,0.0
2030-09-16 07:15:00,0.0
2030-09-16 07:30:00,0.0
2030-09-16 07:45:00,0.0
2030-09-16 08:00:00,0.0
2030-09-16 08:15:00,0.0
2030-09-16 08:30:00,0.0
2030-09-16 08:45:00,0.0
2030-09-16 09:00:00,0.0
2030-09-16 09:15:00,0.0
2030-09-16 09:30:00,0.0
2030-09-16 09:45:00,0.0
2030-09-16 10:00:00,0.0
2030-09-16 10:15:00,0.0
2030-09-16 10:30:00,0.0
2030-09-16 10:45:00,0.0
2030-09-16 11:00:00,0.0
2030-09-16 11:15:00,0.0
2030-09-16 11:30:00,0.0
2030-09-16 11:45:00,0.0
2030-09-16 12:00:00,0.0
2030-09-16 12:15:00,0.0
2030-09-16 12:30:00,0.0
2030-09-16 12:45:00,0.0
2030-09-16 13:00:00,0.0
2030-09-16 13:15:00,0.0
2030-09-16 13:30:00,0.0
2030-09-16 13:45:00,0.0
2030-09-16 14:00:00,0.0
2030-09-16 14:15:00,0.0
2030-09-16 14:30:00,0.0
2030-09-16 14:45:00,0.0
2030-09-16 15:00:00,0.0
2030-09-16 15:15:00,0.0
2030-09-16 15:30:00,0.0
2030-09-16 15:45:00,0.0
2030-09-16 16:00:00,0.0
2030-09-16 16:15:00,0.0
2030-09-16 16:30:00,0.0
2030-09-16 16:45:00,0.0
2030-09-16 17:00:00,0.0
2030-09-16 17:15:00,0.0
2030-09-16 17:30:00,0.0
2030-09-16 17:45:00,0.0
2030-09-16 18:00:00,0.0
2030-09-16 18:15:00,0.0
2030-09-16 18:30:00,0.0
2030-09-16 18:45:00,0.0
2030-09-16 19:00:00,0.0
2030-09-16 19:15:00,0.0
2030-09-16 19:30:00,0.0
2030-09-16 19:45:00,0.0
2030-09-16 20:00:00,0.0
2030-09-16 20:15:00,0.0
2030-09-16 20:30:00,0.0
2030-09-16 20:45:00,0.0
2030-09-16 21:00:00,0.0
2030-09-16 21:15:00,0.0
2030-09-16 21:30:00,0.0
2030-09-16 21:45:00,0.0
2030-09-16 22:00:00,0.0
2030-09-16 22:15:00,0.0
2030-09-16 22:30:00,0.0
2030-09-16 22:45:00,0.0
2030-09-16 23:00:00,0.0
2030-09-16 23:15:00,0.0
2030-09-16 23:30:00,0.0
2030-09-16 23:45:00,0.0
2030-09-17 00:00:00,0.0
2030-09-17 00:15:00,0.0
2030-09-17 00:30:00,0.0
2030-09-17 00:45:00,0.0
2030-09-17 01:00:00,0.0
2030-09-17 01:15:00,0.0
2030-09-17 01:30:00,0.0
2030-09-17 01:45:00,0.0
2030-09-17 02:00:00,0.0
2030-09-17 02:15:00,0.0
2030-09-17 02:30:00,0.0
2030-09-17 02:45:00,0.0
2030-09-17 03:00:00,0.0
2030-09-17 03:15:00,0.0
2030-09-17 03:30:00,0.0
2030-09-17 03:45:00,0.0
2030-09-17 04:00:00,0.0
2030-09-17 04:15:00,0.0
2030-09-17 04:30:00,0.0
2030-09-17 04:45:00,0.0
2030-09-17 05:00:00,0.0
2030-09-17 05:15:00,0.0
2030-09-17 05:30:00,0.0
2030-09-17 05:45:00,0.0
2030-09-17 06:00:00,0.0
2030-09-17 06:15:00,0.0
2030-09-17 06:30:00,0.0
2030-09-17 06:45:00,0.0
2030-09-17 07:00:00,0.0
2030-09-17 07:15:00,0.0
2030-09-17 07:30:00,0.0
2030-09-17 07:45:00,0.0
2030-09-17 08:00:00,0.0
2030-09-17 08:15:00,0.0
2030-09-17 08:30:00,0.0
2030-09-17 08:45:00,0.0
2030-09-17 09:00:00,0.0
2030-09-17 09:15:00,0.0
2030-09-17 09:30:00,0.0
2030-09-17 09:45:00,0.0
2030-09-17 10:00:00,0.0
2030-09-17 10:15:00,0.0
2030-09-17 10:30:00,0.0
2030-09-17 10:45:00,0.0
2030-09-17 11:00:00,0.0
2030-09-17 11:15:00,0.0
2030-09-17 11:30:00,0.0
2030-09-17 11:45:00,0.0
2030-09-17 12:00:00,0.0
2030-09-17 12:15:00,0.0
2030-09-17 12:30:00,0.0
2030-09-17 12:45:00,0.0
2030-09-17 13:00:00,0.0
2030-09-17 13:15:00,0.0
2030-09-17 13:30:00,0.0
2030-09-17 13:45:00,0.0
2030-09-17 14:00:00,0.0
2030-09-17 14:15:00,0.0
2030-09-17 14:30:00,0.0
2030-09-17 14:45:00,0.0
2030-09-17 15:00:00,0.0
2030-09-17 15:15:00,0.0
2030-09-17 15:30:00,0.0
2030-09-17 15:45:00,0.0
2030-09-17 16:00:00,0.0
2030-09-17 16:15:00,0.0
2030-09-17 16:30:00,0.0
2030-09-17 16:45:00,0.0
2030-09-17 17:00:00,0.0
2030-09-17 17:15:00,0.0
2030-09-17 17:30:00,0.0
2030-09-17 17:45:00,0.0
2030-09-17 18:00:00,0.0
2030-09-17 18:15:00,0.0
2030-09-17 18:30:00,0.0
2030-09-17 18:45:00,0.0
2030-09-17 19:00:00,0.0
2030-09-17 19:15:00,0.0
2030-09-17 19:30:00,0.0
2030-09-17 19:45:00,0.0
2030-09-17 20:00:00,0.0
2030-09-17 20:15:00,0.0
2030-09-17 20:30:00,0.0
2030-09-17 20:45:00,0.0
2030-09-17 21:00:00,0.0
2030-09-17 21:15:00,0.0
2030-09-17 21:30:00,0.0
2030-09-17 21:45:00,0.0
2030-09-17 22:00:00,0.0
2030-09-17 22:15:00,0.0
2030-09-17 22:30:00,0.0
2030-09-17 22:45:00,0.0
2030-09-17 23:00:00,0.0
2030-09-17 23:15:00,0.0
2030-09-17 23:30:00,0.0
2030-09-17 23:45:00,0.0
2030-09-18 00:00:00,0.0
2030-09-18 00:15:00,0.0
2030-09-18 00:30:00,0.0
2030-09-18 00:45:00,0.0
2030-09-18 01:00:00,0.0
2030-09-18 01:15:00,0.0
2030-09-18 01:30:00,0.0
2030-09-18 01:45:00,0.0
2030-09-18 02:00:00,0.0
2030-09-18 02:15:00,0.0
2030-09-18 02:30:00,0.0
2030-09-18 02:45:00,0.0
2030-09-18 03:00:00,0.0
2030-09-18 03:15:00,0.0
2030-09-18 03:30:00,0.0
2030-09-18 03:45:00,0.0
2030-09-18 04:00:00,0.0
2030-09-18 04:15:00,0.0
2030-09-18 04:30:00,0.0
2030-09-18 04:45:00,0.0
2030-09-18 05:00:00,0.0
2030-09-18 05:15:00,0.0
2030-09-18 05:30:00,0.0
2030-09-18 05:45:00,0.0
2030-09-18 06:00:00,0.0
2030-09-18 06:15:00,0.0
2030-09-18 06:30:00,0.0
2030-09-18 06:45:00,0.0
2030-09-18 07:00:00,0.0
2030-09-18 07:15:00,0.0
2030-09-18 07:30:00,0.0
2030-09-18 07:45:00,0.0
2030-09-18 08:00:00,0.0
2030-09-18 08:15:00,0.0
2030-09-18 08:30:00,0.0
2030-09-18 08:45:00,0.0
2030-09-18 09:00:00,0.0
2030-09-18 09:15:00,0.0
2030-09-18 09:30:00,0.0
2030-09-18 09:45:00,0.0
2030-09-18 10:00:00,0.0
2030-09-18 10:15:00,0.0
2030-09-18 10:30:00,0.0
2030-09-18 10:45:00,0.0
2030-09-18 11:00:00,0.0
2030-09-18 11:15:00,0.0
2030-09-18 11:30:00,0.0
2030-09-18 11:45:00,0.0
2030-09-18 12:00:00,0.0
2030-09-18 12:15:00,0.0
2030-09-18 12:30:00,0.0
2030-09-18 12:45:00,0.0
2030-09-18 13:00:00,0.0
2030-09-18 13:15:00,0.0
2030-09-18 13:30:00,0.0
2030-09-18 13:45:00,0.0
2030-09-18 14:00:00,0.0
2030-09-18 14:15:00,0.0
2030-09-18 14:30:00,0.0
2030-09-18 14:45:00,0.0
2030-09-18 15:00:00,0.0
2030-09-18 15:15:00,0.0
2030-09-18 15:30:00,0.0
2030-09-18 15:45:00,0.0
2030-09-18 16:00:00,0.0
2030-09-18 16:15:00,0.0
2030-09-18 16:30:00,0.0
2030-09-18 16:45:00,0.0
2030-09-18 17:00:00,0.0
2030-09-18 17:15:00,0.0
2030-09-18 17:30:00,0.0
2030-09-18 17:45:00,0.0
2030-09-18 18:00:00,0.0
2030-09-18 18:15:00,0.0
2030-09-18 18:30:00,0.0
2030-09-18 18:45:00,0.0
2030-09-18 19:00:00,0.0
2030-09-18 19:15:00,0.0
2030-09-18 19:30:00,0.0
2030-09-18 19:45:00,0.0
2030-09-18 20:00:00,0.0
2030-09-18 20:15:00,0.0
2030-09-18 20:30:00,0.0
2030-09-18 20:45:00,0.0
2030-09-18 21:00:00,0.0
2030-09-18 21:15:00,0.0
2030-09-18 21:30:00,0.0
2030-09-18 21:45:00,0.0
2030-09-18 22:00:00,0.0
2030-09-18 22:15:00,0.0
2030-09-18 22:30:00,0.0
2030-09-18 22:45:00,0.0
2030-09-18 23:00:00,0.0
2030-09-18 23:15:00,0.0
2030-09-18 23:30:00,0.0
2030-09-18 23:45:00,0.0
2030-09-19 00:00:00,0.0
2030-09-19 00:15:00,0.0
2030-09-19 00:30:00,0.0
2030-09-19 00:45:00,0.0
2030-09-19 01:00:00,0.0
2030-09-19 01:15:00,0.0
2030-09-19 01:30:00,0.0
2030-09-19 01:45:00,0.0
2030-09-19 02:00:00,0.0
2030-09-19 02:15:00,0.0
2030-09-19 02:30:00,0.0
2030-09-19 02:45:00,0.0
2030-09-19 03:00:00,0.0
2030-09-19 03:15:00,0.0
2030-09-19 03:30:00,0.0
2030-09-19 03:45:00,0.0
2030-09-19 04:00:00,0.0
2030-09-19 04:15:00,0.0
2030-09-19 04:30:00,0.0
2030-09-19 04:45:00,0.0
2030-09-19 05:00:00,0.0
2030-09-19 05:15:00,0.0
2030-09-19 05:30:00,0.0
2030-09-19 05:45:00,0.0
2030-09-19 06:00:00,0.0
2030-09-19 06:15:00,0.0
2030-09-19 06:30:00,0.0
2030-09-19 06:45:00,0.0
2030-09-19 07:00:00,0.0
2030-09-19 07:15:00,0.0
2030-09-19 07:30:00,0.0
2030-09-19 07:45:00,0.0
2030-09-19 08:00:00,0.0
2030-09-19 08:15:00,0.0
2030-09-19 08:30:00,0.0
2030-09-19 08:45:00,0.0
2030-09-19 09:00:00,0.0
2030-09-19 09:15:00,0.0
2030-09-19 09:30:00,0.0
2030-09-19 09:45:00,0.0
2030-09-19 10:00:00,0.0
2030-09-19 10:15:00,0.0
2030-09-19 10:30:00,0.0
2030-09-19 10:45:00,0.0
2030-09-19 11:00:00,-4754.124887175407
2030-09-19 11:15:00,-17664.27122792982
2030-09-19 11:30:00,-17888.315747558743
2030-09-19 11:45:00,-17637.95553881937
2030-09-19 12:00:00,-17524.819383517795
2030-09-19 12:15:00,-17140.509911826877
2030-09-19 12:30:00,-16817.321230364585
2030-09-19 12:45:00,-16623.085654784194
2030-09-19 13:00:00,-17380.285302324155
2030-09-19 13:15:00,-17453.41290478032
2030-09-19 13:30:00,-17664.122478994545
2030-09-19 13:45:00,-17448.44939252682
2030-09-19 14:00:00,-16024.400692950774
2030-09-19 14:15:00,-15846.659206839304
2030-09-19 14:30:00,-15680.620004554294
2030-09-19 14:45:00,-15260.989980739814
2030-09-19 15:00:00,-13826.861906601196
2030-09-19 15:15:00,-13059.698271088288
2030-09-19 15:30:00,-12384.740253192791
2030-09-19 15:45:00,-10769.521680087782
2030-09-19 16:00:00,-8151.176686660201
2030-09-19 16:15:00,-6791.055393261424
2030-09-19 16:30:00,-5069.1526300176665
2030-09-19 16:45:00,-3341.0239066194954
2030-09-19 17:00:00,-1141.2265015675039
2030-09-19 17:15:00,0.0
2030-09-19 17:30:00,0.0
2030-09-19 17:45:00,0.0
2030-09-19 18:00:00,0.0
2030-09-19 18:15:00,0.0
2030-09-19 18:30:00,0.0
2030-09-19 18:45:00,0.0
2030-09-19 19:00:00,0.0
2030-09-19 19:15:00,0.0
2030-09-19 19:30:00,0.0
2030-09-19 19:45:00,0.0
2030-09-19 20:00:00,0.0
2030-09-19 20:15:00,0.0
2030-09-19 20:30:00,0.0
2030-09-19 20:45:00,0.0
2030-09-19 21:00:00,0.0
2030-09-19 21:15:00,0.0
2030-09-19 21:30:00,0.0
2030-09-19 21:45:00,0.0
2030-09-19 22:00:00,0.0
2030-09-19 22:15:00,0.0
2030-09-19 22:30:00,0.0
2030-09-19 22:45:00,0.0
2030-09-19 23:00:00,0.0
2030-09-19 23:15:00,0.0
2030-09-19 23:30:00,0.0
2030-09-19 23:45:00,0.0
2030-09-20 00:00:00,0.0
2030-09-20 00:15:00,0.0
2030-09-20 00:30:00,0.0
2030-09-20 00:45:00,0.0
2030-09-20 01:00:00,0.0
2030-09-20 01:15:00,0.0
2030-09-20 01:30:00,0.0
2030-09-20 01:45:00,0.0
2030-09-20 02:00:00,0.0
2030-09-20 02:15:00,0.0
2030-09-20 02:30:00,0.0
2030-09-20 02:45:00,0.0
2030-09-20 03:00:00,0.0
2030-09-20 03:15:00,0.0
2030-09-20 03:30:00,0.0
2030-09-20 03:45:00,0.0
2030-09-20 04:00:00,0.0
2030-09-20 04:15:00,0.0
2030-09-20 04:30:00,0.0
2030-09-20 04:45:00,0.0
2030-09-20 05:00:00,0.0
2030-09-20 05:15:00,0.0
2030-09-20 05:30:00,0.0
2030-09-20 05:45:00,0.0
2030-09-20 06:00:00,0.0
2030-09-20 06:15:00,0.0
2030-09-20 06:30:00,0.0
2030-09-20 06:45:00,0.0
2030-09-20 07:00:00,0.0
2030-09-20 07:15:00,0.0
2030-09-20 07:30:00,0.0
2030-09-20 07:45:00,0.0
2030-09-20 08:00:00,0.0
2030-09-20 08:15:00,0.0
2030-09-20 08:30:00,0.0
2030-09-20 08:45:00,0.0
2030-09-20 09:00:00,0.0
2030-09-20 09:15:00,0.0
2030-09-20 09:30:00,0.0
2030-09-20 09:45:00,0.0
2030-09-20 10:00:00,0.0
2030-09-20 10:15:00,0.0
2030-09-20 10:30:00,0.0
2030-09-20 10:45:00,0.0
2030-09-20 11:00:00,0.0
2030-09-20 11:15:00,-7511.844903049339
2030-09-20 11:30:00,-13554.362199917323
2030-09-20 11:45:00,-13364.69471022008
2030-09-20 12:00:00,-13667.912259306795
2030-09-20 12:15:00,-13716.496339282716
2030-09-20 12:30:00,-13344.884207022813
2030-09-20 12:45:00,-12721.006173004022
2030-09-20 13:00:00,-11966.051331452683
2030-09-20 13:15:00,-11527.997491221646
2030-09-20 13:30:00,-11245.888699444287
2030-09-20 13:45:00,-11002.50890261753
2030-09-20 14:00:00,-10124.522460780765
2030-09-20 14:15:00,-9707.829253038231
2030-09-20 14:30:00,-9315.059572335082
2030-09-20 14:45:00,-8161.372927419943
2030-09-20 15:00:00,-6660.194863147422
2030-09-20 15:15:00,-5726.318780725316
2030-09-20 15:30:00,-4420.177120993103
2030-09-20 15:45:00,-2827.6731326662994
2030-09-20 16:00:00,-978.5025406615059
2030-09-20 16:15:00,0.0
2030-09-20 16:30:00,0.0
2030-09-20 16:45:00,0.0
2030-09-20 17:00:00,0.0
2030-09-20 17:15:00,0.0
2030-09-20 17:30:00,0.0
2030-09-20 17:45:00,0.0
2030-09-20 18:00:00,0.0
2030-09-20 18:15:00,0.0
2030-09-20 18:30:00,0.0
2030-09-20 18:45:00,0.0
2030-09-20 19:00:00,0.0
2030-09-20 19:15:00,0.0
2030-09-20 19:30:00,0.0
2030-09-20 19:45:00,0.0
2030-09-20 20:00:00,0.0
2030-09-20 20:15:00,0.0
2030-09-20 20:30:00,0.0
2030-09-20 20:45:00,0.0
2030-09-20 21:00:00,0.0
2030-09-20 21:15:00,0.0
2030-09-20 21:30:00,0.0
2030-09-20 21:45:00,0.0
2030-09-20 22:00:00,0.0
2030-09-20 22:15:00,0.0
2030-09-20 22:30:00,0.0
2030-09-20 22:45:00,0.0
2030-09-20 23:00:00,0.0
2030-09-20 23:15:00,0.0
2030-09-20 23:30:00,0.0
2030-09-20 23:45:00,0.0
2030-09-21 00:00:00,0.0
2030-09-21 00:15:00,0.0
2030-09-21 00:30:00,0.0
2030-09-21 00:45:00,0.0
2030-09-21 01:00:00,0.0
2030-09-21 01:15:00,0.0
2030-09-21 01:30:00,0.0
2030-09-21 01:45:00,0.0
2030-09-21 02:00:00,0.0
2030-09-21 02:15:00,0.0
2030-09-21 02:30:00,0.0
2030-09-21 02:45:00,0.0
2030-09-21 03:00:00,0.0
2030-09-21 03:15:00,0.0
2030-09-21 03:30:00,0.0
2030-09-21 03:45:00,0.0
2030-09-21 04:00:00,0.0
2030-09-21 04:15:00,0.0
2030-09-21 04:30:00,0.0
2030-09-21 04:45:00,0.0
2030-09-21 05:00:00,0.0
2030-09-21 05:15:00,0.0
2030-09-21 05:30:00,0.0
2030-09-21 05:45:00,0.0
2030-09-21 06:00:00,0.0
2030-09-21 06:15:00,0.0
2030-09-21 06:30:00,0.0
2030-09-21 06:45:00,0.0
2030-09-21 07:00:00,0.0
2030-09-21 07:15:00,0.0
2030-09-21 07:30:00,0.0
2030-09-21 07:45:00,0.0
2030-09-21 08:00:00,0.0
2030-09-21 08:15:00,0.0
2030-09-21 08:30:00,0.0
2030-09-21 08:45:00,0.0
2030-09-21 09:00:00,0.0
2030-09-21 09:15:00,0.0
2030-09-21 09:30:00,0.0
2030-09-21 09:45:00,0.0
2030-09-21 10:00:00,0.0
2030-09-21 10:15:00,0.0
2030-09-21 10:30:00,0.0
2030-09-21 10:45:00,0.0
2030-09-21 11:00:00,0.0
2030-09-21 11:15:00,0.0
2030-09-21 11:30:00,0.0
2030-09-21 11:45:00,0.0
2030-09-21 12:00:00,0.0
2030-09-21 12:15:00,0.0
2030-09-21 12:30:00,0.0
2030-09-21 12:45:00,1380.0751204934932
2030-09-21 13:00:00,0.0
2030-09-21 13:15:00,0.0
2030-09-21 13:30:00,0.0
2030-09-21 13:45:00,0.0
2030-09-21 14:00:00,0.0
2030-09-21 14:15:00,0.0
2030-09-21 14:30:00,0.0
2030-09-21 14:45:00,0.0
2030-09-21 15:00:00,0.0
2030-09-21 15:15:00,0.0
2030-09-21 15:30:00,0.0
2030-09-21 15:45:00,0.0
2030-09-21 16:00:00,442.1787351022231
2030-09-21 16:15:00,902.2932906725837
2030-09-21 16:30:00,1419.3247751990311
2030-09-21 16:45:00,1688.3205212383546
2030-09-21 17:00:00,1886.9229123017867
2030-09-21 17:15:00,1982.6043148399694
2030-09-21 17:30:00,2152.4982785026514
2030-09-21 17:45:00,2132.9028969108604
2030-09-21 18:00:00,2020.1093696148546
2030-09-21 18:15:00,1901.6059808302634
2030-09-21 18:30:00,1752.536655102649
2030-09-21 18:45:00,1694.599206241075
2030-09-21 19:00:00,1604.778797012048
2030-09-21 19:15:00,1852.2402164706837
2030-09-21 19:30:00,2014.0113369776082
2030-09-21 19:45:00,1904.530264505156
2030-09-21 20:00:00,1362.3710971082237
2030-09-21 20:15:00,793.7302289921045
2030-09-21 20:30:00,203.49415948013302
2030-09-21 20:45:00,0.0
2030-09-21 21:00:00,0.0
2030-09-21 21:15:00,0.0
2030-09-21 21:30:00,0.0
2030-09-21 21:45:00,0.0
2030-09-21 22:00:00,0.0
2030-09-21 22:15:00,0.0
2030-09-21 22:30:00,0.0
2030-09-21 22:45:00,0.0
2030-09-21 23:00:00,0.0
2030-09-21 23:15:00,0.0
2030-09-21 23:30:00,0.0
2030-09-21 23:45:00,0.0
2030-09-22 00:00:00,0.0
2030-09-22 00:15:00,0.0
2030-09-22 00:30:00,0.0
2030-09-22 00:45:00,0.0
2030-09-22 01:00:00,0.0
2030-09-22 01:15:00,0.0
2030-09-22 01:30:00,0.0
2030-09-22 01:45:00,0.0
2030-09-22 02:00:00,0.0
2030-09-22 02:15:00,0.0
2030-09-22 02:30:00,0.0
2030-09-22 02:45:00,0.0
2030-09-22 03:00:00,0.0
2030-09-22 03:15:00,0.0
2030-09-22 03:30:00,0.0
2030-09-22 03:45:00,0.0
2030-09-22 04:00:00,0.0
2030-09-22 04:15:00,0.0
2030-09-22 04:30:00,0.0
2030-09-22 04:45:00,0.0
2030-09-22 05:00:00,0.0
2030-09-22 05:15:00,0.0
2030-09-22 05:30:00,0.0
2030-09-22 05:45:00,0.0
2030-09-22 06:00:00,0.0
2030-09-22 06:15:00,0.0
2030-09-22 06:30:00,0.0
2030-09-22 06:45:00,0.0
2030-09-22 07:00:00,0.0
2030-09-22 07:15:00,0.0
2030-09-22 07:30:00,0.0
2030-09-22 07:45:00,0.0
2030-09-22 08:00:00,0.0
2030-09-22 08:15:00,0.0
2030-09-22 08:30:00,0.0
2030-09-22 08:45:00,0.0
2030-09-22 09:00:00,0.0
2030-09-22 09:15:00,0.0
2030-09-22 09:30:00,0.0
2030-09-22 09:45:00,0.0
2030-09-22 10:00:00,0.0
2030-09-22 10:15:00,0.0
2030-09-22 10:30:00,0.0
2030-09-22 10:45:00,0.0
2030-09-22 11:00:00,0.0
2030-09-22 11:15:00,0.0
2030-09-22 11:30:00,0.0
2030-09-22 11:45:00,0.0
2030-09-22 12:00:00,0.0
2030-09-22 12:15:00,0.0
2030-09-22 12:30:00,0.0
2030-09-22 12:45:00,0.0
2030-09-22 13:00:00,0.0
2030-09-22 13:15:00,0.0
2030-09-22 13:30:00,0.0
2030-09-22 13:45:00,0.0
2030-09-22 14:00:00,0.0
2030-09-22 14:15:00,0.0
2030-09-22 14:30:00,0.0
2030-09-22 14:45:00,0.0
2030-09-22 15:00:00,0.0
2030-09-22 15:15:00,0.0
2030-09-22 15:30:00,0.0
2030-09-22 15:45:00,0.0
2030-09-22 16:00:00,0.0
2030-09-22 16:15:00,0.0
2030-09-22 16:30:00,8754.612692981971
2030-09-22 16:45:00,0.0
2030-09-22 17:00:00,1009.231750384999
2030-09-22 17:15:00,1784.8144036655558
2030-09-22 17:30:00,2279.127641762885
2030-09-22 17:45:00,2531.2287761239786
2030-09-22 18:00:00,2428.0179316491904
2030-09-22 18:15:00,2236.3588437758754
2030-09-22 18:30:00,2110.1494415583984
2030-09-22 18:45:00,2053.6577033250032
2030-09-22 19:00:00,1819.9871222503407
2030-09-22 19:15:00,1399.7903907708114
2030-09-22 19:30:00,1314.932462324392
2030-09-22 19:45:00,1242.6769022341177
2030-09-22 20:00:00,687.4572227901044
2030-09-22 20:15:00,258.93576865708746
2030-09-22 20:30:00,0.0
2030-09-22 20:45:00,0.0
2030-09-22 21:00:00,0.0
2030-09-22 21:15:00,0.0
2030-09-22 21:30:00,0.0
2030-09-22 21:45:00,0.0
2030-09-22 22:00:00,0.0
2030-09-22 22:15:00,0.0
2030-09-22 22:30:00,0.0
2030-09-22 22:45:00,0.0
2030-09-22 23:00:00,0.0
2030-09-22 23:15:00,0.0
2030-09-22 23:30:00,0.0
2030-09-22 23:45:00,0.0
2030-09-23 00:00:00,0.0
2030-09-23 00:15:00,0.0
2030-09-23 00:30:00,0.0
2030-09-23 00:45:00,0.0
2030-09-23 01:00:00,0.0
2030-09-23 01:15:00,0.0
2030-09-23 01:30:00,0.0
2030-09-23 01:45:00,0.0
2030-09-23 02:00:00,0.0
2030-09-23 02:15:00,0.0
2030-09-23 02:30:00,0.0
2030-09-23 02:45:00,0.0
2030-09-23 03:00:00,0.0
2030-09-23 03:15:00,0.0
2030-09-23 03:30:00,0.0
2030-09-23 03:45:00,0.0
2030-09-23 04:00:00,0.0
2030-09-23 04:15:00,0.0
2030-09-23 04:30:00,0.0
2030-09-23 04:45:00,0.0
2030-09-23 05:00:00,0.0
2030-09-23 05:15:00,0.0
2030-09-23 05:30:00,0.0
2030-09-23 05:45:00,0.0
2030-09-23 06:00:00,0.0
2030-09-23 06:15:00,0.0
2030-09-23 06:30:00,0.0
2030-09-23 06:45:00,0.0
2030-09-23 07:00:00,0.0
2030-09-23 07:15:00,0.0
2030-09-23 07:30:00,0.0
2030-09-23 07:45:00,0.0
2030-09-23 08:00:00,0.0
2030-09-23 08:15:00,0.0
2030-09-23 08:30:00,0.0
2030-09-23 08:45:00,0.0
2030-09-23 09:00:00,0.0
2030-09-23 09:15:00,0.0
2030-09-23 09:30:00,0.0
2030-09-23 09:45:00,0.0
2030-09-23 10:00:00,0.0
2030-09-23 10:15:00,0.0
2030-09-23 10:30:00,0.0
2030-09-23 10:45:00,0.0
2030-09-23 11:00:00,0.0
2030-09-23 11:15:00,0.0
2030-09-23 11:30:00,0.0
2030-09-23 11:45:00,0.0
2030-09-23 12:00:00,0.0
2030-09-23 12:15:00,0.0
2030-09-23 12:30:00,0.0
2030-09-23 12:45:00,0.0
2030-09-23 13:00:00,0.0
2030-09-23 13:15:00,0.0
2030-09-23 13:30:00,0.0
2030-09-23 13:45:00,0.0
2030-09-23 14:00:00,0.0
2030-09-23 14:15:00,0.0
2030-09-23 14:30:00,0.0
2030-09-23 14:45:00,0.0
2030-09-23 15:00:00,0.0
2030-09-23 15:15:00,0.0
2030-09-23 15:30:00,0.0
2030-09-23 15:45:00,0.0
2030-09-23 16:00:00,0.0
2030-09-23 16:15:00,0.0
2030-09-23 16:30:00,0.0
2030-09-23 16:45:00,0.0
2030-09-23 17:00:00,0.0
2030-09-23 17:15:00,0.0
2030-09-23 17:30:00,0.0
2030-09-23 17:45:00,0.0
2030-09-23 18:00:00,0.0
2030-09-23 18:15:00,323.68946091414364
2030-09-23 18:30:00,0.0
2030-09-23 18:45:00,0.0
2030-09-23 19:00:00,0.0
2030-09-23 19:15:00,0.0
2030-09-23 19:30:00,0.0
2030-09-23 19:45:00,0.0
2030-09-23 20:00:00,0.0
2030-09-23 20:15:00,0.0
2030-09-23 20:30:00,0.0
2030-09-23 20:45:00,0.0
2030-09-23 21:00:00,0.0
2030-09-23 21:15:00,0.0
2030-09-23 21:30:00,0.0
2030-09-23 21:45:00,0.0
2030-09-23 22:00:00,0.0
2030-09-23 22:15:00,0.0
2030-09-23 22:30:00,0.0
2030-09-23 22:45:00,0.0
2030-09-23 23:00:00,0.0
2030-09-23 23:15:00,0.0
2030-09-23 23:30:00,0.0
2030-09-23 23:45:00,0.0
2030-09-24 00:00:00,0.0
2030-09-24 00:15:00,0.0
2030-09-24 00:30:00,0.0
2030-09-24 00:45:00,0.0
2030-09-24 01:00:00,0.0
2030-09-24 01:15:00,0.0
2030-09-24 01:30:00,0.0
2030-09-24 01:45:00,0.0
2030-09-24 02:00:00,0.0
2030-09-24 02:15:00,0.0
2030-09-24 02:30:00,0.0
2030-09-24 02:45:00,0.0
2030-09-24 03:00:00,0.0
2030-09-24 03:15:00,0.0
2030-09-24 03:30:00,0.0
2030-09-24 03:45:00,0.0
2030-09-24 04:00:00,0.0
2030-09-24 04:15:00,0.0
2030-09-24 04:30:00,531.587226388112
2030-09-24 04:45:00,0.0
2030-09-24 05:00:00,0.0
2030-09-24 05:15:00,0.0
2030-09-24 05:30:00,0.0
2030-09-24 05:45:00,0.0
2030-09-24 06:00:00,0.0
2030-09-24 06:15:00,0.0
2030-09-24 06:30:00,0.0
2030-09-24 06:45:00,0.0
2030-09-24 07:00:00,0.0
2030-09-24 07:15:00,0.0
2030-09-24 07:30:00,0.0
2030-09-24 07:45:00,0.0
2030-09-24 08:00:00,0.0
2030-09-24 08:15:00,0.0
2030-09-24 08:30:00,0.0
2030-09-24 08:45:00,0.0
2030-09-24 09:00:00,0.0
2030-09-24 09:15:00,0.0
2030-09-24 09:30:00,0.0
2030-09-24 09:45:00,0.0
2030-09-24 10:00:00,0.0
2030-09-24 10:15:00,0.0
2030-09-24 10:30:00,0.0
2030-09-24 10:45:00,0.0
2030-09-24 11:00:00,0.0
2030-09-24 11:15:00,0.0
2030-09-24 11:30:00,0.0
2030-09-24 11:45:00,0.0
2030-09-24 12:00:00,0.0
2030-09-24 12:15:00,0.0
2030-09-24 12:30:00,0.0
2030-09-24 12:45:00,0.0
2030-09-24 13:00:00,0.0
2030-09-24 13:15:00,0.0
2030-09-24 13:30:00,0.0
2030-09-24 13:45:00,0.0
2030-09-24 14:00:00,0.0
2030-09-24 14:15:00,0.0
2030-09-24 14:30:00,0.0
2030-09-24 14:45:00,0.0
2030-09-24 15:00:00,0.0
2030-09-24 15:15:00,0.0
2030-09-24 15:30:00,0.0
2030-09-24 15:45:00,0.0
2030-09-24 16:00:00,0.0
2030-09-24 16:15:00,0.0
2030-09-24 16:30:00,0.0
2030-09-24 16:45:00,0.0
2030-09-24 17:00:00,0.0
2030-09-24 17:15:00,0.0
2030-09-24 17:30:00,0.0
2030-09-24 17:45:00,0.0
2030-09-24 18:00:00,0.0
2030-09-24 18:15:00,0.0
2030-09-24 18:30:00,0.0
2030-09-24 18:45:00,0.0
2030-09-24 19:00:00,0.0
2030-09-24 19:15:00,0.0
2030-09-24 19:30:00,0.0
2030-09-24 19:45:00,0.0
2030-09-24 20:00:00,0.0
2030-09-24 20:15:00,0.0
2030-09-24 20:30:00,0.0
2030-09-24 20:45:00,0.0
2030-09-24 21:00:00,0.0
2030-09-24 21:15:00,0.0
2030-09-24 21:30:00,0.0
2030-09-24 21:45:00,0.0
2030-09-24 22:00:00,0.0
2030-09-24 22:15:00,0.0
2030-09-24 22:30:00,0.0
2030-09-24 22:45:00,0.0
2030-09-24 23:00:00,0.0
2030-09-24 23:15:00,0.0
2030-09-24 23:30:00,0.0
2030-09-24 23:45:00,0.0
2030-09-25 00:00:00,0.0
2030-09-25 00:15:00,0.0
2030-09-25 00:30:00,0.0
2030-09-25 00:45:00,0.0
2030-09-25 01:00:00,0.0
2030-09-25 01:15:00,0.0
2030-09-25 01:30:00,0.0
2030-09-25 01:45:00,0.0
2030-09-25 02:00:00,0.0
2030-09-25 02:15:00,0.0
2030-09-25 02:30:00,0.0
2030-09-25 02:45:00,0.0
2030-09-25 03:00:00,0.0
2030-09-25 03:15:00,0.0
2030-09-25 03:30:00,0.0
2030-09-25 03:45:00,0.0
2030-09-25 04:00:00,0.0
2030-09-25 04:15:00,0.0
2030-09-25 04:30:00,0.0
2030-09-25 04:45:00,0.0
2030-09-25 05:00:00,0.0
2030-09-25 05:15:00,0.0
2030-09-25 05:30:00,0.0
2030-09-25 05:45:00,0.0
2030-09-25 06:00:00,0.0
2030-09-25 06:15:00,0.0
2030-09-25 06:30:00,0.0
2030-09-25 06:45:00,0.0
2030-09-25 07:00:00,0.0
2030-09-25 07:15:00,0.0
2030-09-25 07:30:00,0.0
2030-09-25 07:45:00,0.0
2030-09-25 08:00:00,0.0
2030-09-25 08:15:00,0.0
2030-09-25 08:30:00,0.0
2030-09-25 08:45:00,0.0
2030-09-25 09:00:00,0.0
2030-09-25 09:15:00,0.0
2030-09-25 09:30:00,0.0
2030-09-25 09:45:00,0.0
2030-09-25 10:00:00,0.0
2030-09-25 10:15:00,0.0
2030-09-25 10:30:00,0.0
2030-09-25 10:45:00,0.0
2030-09-25 11:00:00,0.0
2030-09-25 11:15:00,0.0
2030-09-25 11:30:00,0.0
2030-09-25 11:45:00,0.0
2030-09-25 12:00:00,-8937.472126810011
2030-09-25 12:15:00,-10882.948740623851
2030-09-25 12:30:00,-10698.971578559103
2030-09-25 12:45:00,-10378.429636407167
2030-09-25 13:00:00,-9974.057605560676
2030-09-25 13:15:00,-9328.983803344581
2030-09-25 13:30:00,-8748.1340536157
2030-09-25 13:45:00,-8670.890318666457
2030-09-25 14:00:00,-8072.428882096356
2030-09-25 14:15:00,-6756.481521159014
2030-09-25 14:30:00,-5389.950756658618
2030-09-25 14:45:00,-4447.268264483442
2030-09-25 15:00:00,-3367.095920860156
2030-09-25 15:15:00,-2074.8071368477795
2030-09-25 15:30:00,-397.6329600234603
2030-09-25 15:45:00,0.0
2030-09-25 16:00:00,0.0
2030-09-25 16:15:00,0.0
2030-09-25 16:30:00,0.0
2030-09-25 16:45:00,0.0
2030-09-25 17:00:00,0.0
2030-09-25 17:15:00,0.0
2030-09-25 17:30:00,0.0
2030-09-25 17:45:00,0.0
2030-09-25 18:00:00,0.0
2030-09-25 18:15:00,0.0
2030-09-25 18:30:00,0.0
2030-09-25 18:45:00,0.0
2030-09-25 19:00:00,0.0
2030-09-25 19:15:00,0.0
2030-09-25 19:30:00,0.0
2030-09-25 19:45:00,0.0
2030-09-25 20:00:00,0.0
2030-09-25 20:15:00,0.0
2030-09-25 20:30:00,0.0
2030-09-25 20:45:00,0.0
2030-09-25 21:00:00,0.0
2030-09-25 21:15:00,0.0
2030-09-25 21:30:00,0.0
2030-09-25 21:45:00,0.0
2030-09-25 22:00:00,0.0
2030-09-25 22:15:00,0.0
2030-09-25 22:30:00,0.0
2030-09-25 22:45:00,0.0
2030-09-25 23:00:00,0.0
2030-09-25 23:15:00,0.0
2030-09-25 23:30:00,5337.489036933899
2030-09-25 23:45:00,896.4147498608727
2030-09-26 00:00:00,795.1117388599378
2030-09-26 00:15:00,870.4271516738627
2030-09-26 00:30:00,733.2708745292766
2030-09-26 00:45:00,719.7283050527076
2030-09-26 01:00:00,454.9761438273854
2030-09-26 01:15:00,379.84496876969206
2030-09-26 01:30:00,289.9991634280941
2030-09-26 01:45:00,215.0195727692917
2030-09-26 02:00:00,152.70708886291686
2030-09-26 02:15:00,168.29860597993502
2030-09-26 02:30:00,160.137516258319
2030-09-26 02:45:00,175.37693133384164
2030-09-26 03:00:00,354.92933252435614
2030-09-26 03:15:00,325.7318197893037
2030-09-26 03:30:00,259.19861059529467
2030-09-26 03:45:00,381.7610454037531
2030-09-26 04:00:00,595.9755437483327
2030-09-26 04:15:00,725.6644771885167
2030-09-26 04:30:00,809.2094974816027
2030-09-26 04:45:00,1020.0132741915731
2030-09-26 05:00:00,1472.2193377392614
2030-09-26 05:15:00,1731.2991346279687
2030-09-26 05:30:00,2095.485308225192
2030-09-26 05:45:00,2572.6661250973084
2030-09-26 06:00:00,3646.393776693405
2030-09-26 06:15:00,4036.6339105006628
2030-09-26 06:30:00,4008.6786449620377
2030-09-26 06:45:00,3542.100643024258
2030-09-26 07:00:00,2778.494408118344
2030-09-26 07:15:00,1616.6072918152822
2030-09-26 07:30:00,497.2452279026984
2030-09-26 07:45:00,0.0
2030-09-26 08:00:00,0.0
2030-09-26 08:15:00,0.0
2030-09-26 08:30:00,0.0
2030-09-26 08:45:00,0.0
2030-09-26 09:00:00,0.0
2030-09-26 09:15:00,0.0
2030-09-26 09:30:00,0.0
2030-09-26 09:45:00,0.0
2030-09-26 10:00:00,0.0
2030-09-26 10:15:00,0.0
2030-09-26 10:30:00,0.0
2030-09-26 10:45:00,0.0
2030-09-26 11:00:00,0.0
2030-09-26 11:15:00,0.0
2030-09-26 11:30:00,0.0
2030-09-26 11:45:00,0.0
2030-09-26 12:00:00,0.0
2030-09-26 12:15:00,0.0
2030-09-26 12:30:00,0.0
2030-09-26 12:45:00,0.0
2030-09-26 13:00:00,0.0
2030-09-26 13:15:00,0.0
2030-09-26 13:30:00,0.0
2030-09-26 13:45:00,0.0
2030-09-26 14:00:00,0.0
2030-09-26 14:15:00,0.0
2030-09-26 14:30:00,0.0
2030-09-26 14:45:00,0.0
2030-09-26 15:00:00,0.0
2030-09-26 15:15:00,0.0
2030-09-26 15:30:00,0.0
2030-09-26 15:45:00,0.0
2030-09-26 16:00:00,0.0
2030-09-26 16:15:00,0.0
2030-09-26 16:30:00,0.0
2030-09-26 16:45:00,0.0
2030-09-26 17:00:00,0.0
2030-09-26 17:15:00,0.0
2030-09-26 17:30:00,0.0
2030-09-26 17:45:00,0.0
2030-09-26 18:00:00,0.0
2030-09-26 18:15:00,0.0
2030-09-26 18:30:00,0.0
2030-09-26 18:45:00,0.0
2030-09-26 19:00:00,0.0
2030-09-26 19:15:00,0.0
2030-09-26 19:30:00,0.0
2030-09-26 19:45:00,0.0
2030-09-26 20:00:00,0.0
2030-09-26 20:15:00,820.9658261409804
2030-09-26 20:30:00,0.0
2030-09-26 20:45:00,0.0
2030-09-26 21:00:00,0.0
2030-09-26 21:15:00,0.0
2030-09-26 21:30:00,0.0
2030-09-26 21:45:00,0.0
2030-09-26 22:00:00,0.0
2030-09-26 22:15:00,0.0
2030-09-26 22:30:00,0.0
2030-09-26 22:45:00,0.0
2030-09-26 23:00:00,0.0
2030-09-26 23:15:00,0.0
2030-09-26 23:30:00,0.0
2030-09-26 23:45:00,0.0
2030-09-27 00:00:00,0.0
2030-09-27 00:15:00,0.0
2030-09-27 00:30:00,0.0
2030-09-27 00:45:00,0.0
2030-09-27 01:00:00,0.0
2030-09-27 01:15:00,0.0
2030-09-27 01:30:00,0.0
2030-09-27 01:45:00,0.0
2030-09-27 02:00:00,0.0
2030-09-27 02:15:00,0.0
2030-09-27 02:30:00,0.0
2030-09-27 02:45:00,0.0
2030-09-27 03:00:00,0.0
2030-09-27 03:15:00,0.0
2030-09-27 03:30:00,0.0
2030-09-27 03:45:00,0.0
2030-09-27 04:00:00,0.0
2030-09-27 04:15:00,0.0
2030-09-27 04:30:00,0.0
2030-09-27 04:45:00,0.0
2030-09-27 05:00:00,0.0
2030-09-27 05:15:00,0.0
2030-09-27 05:30:00,0.0
2030-09-27 05:45:00,0.0
2030-09-27 06:00:00,0.0
2030-09-27 06:15:00,0.0
2030-09-27 06:30:00,0.0
2030-09-27 06:45:00,0.0
2030-09-27 07:00:00,0.0
2030-09-27 07:15:00,0.0
2030-09-27 07:30:00,0.0
2030-09-27 07:45:00,0.0
2030-09-27 08:00:00,0.0
2030-09-27 08:15:00,0.0
2030-09-27 08:30:00,0.0
2030-09-27 08:45:00,0.0
2030-09-27 09:00:00,0.0
2030-09-27 09:15:00,0.0
2030-09-27 09:30:00,0.0
2030-09-27 09:45:00,0.0
2030-09-27 10:00:00,0.0
2030-09-27 10:15:00,0.0
2030-09-27 10:30:00,0.0
2030-09-27 10:45:00,0.0
2030-09-27 11:00:00,0.0
2030-09-27 11:15:00,0.0
2030-09-27 11:30:00,0.0
2030-09-27 11:45:00,0.0
2030-09-27 12:00:00,0.0
2030-09-27 12:15:00,0.0
2030-09-27 12:30:00,0.0
2030-09-27 12:45:00,0.0
2030-09-27 13:00:00,0.0
2030-09-27 13:15:00,0.0
2030-09-27 13:30:00,0.0
2030-09-27 13:45:00,0.0
2030-09-27 14:00:00,0.0
2030-09-27 14:15:00,0.0
2030-09-27 14:30:00,0.0
2030-09-27 14:45:00,0.0
2030-09-27 15:00:00,0.0
2030-09-27 15:15:00,0.0
2030-09-27 15:30:00,0.0
2030-09-27 15:45:00,0.0
2030-09-27 16:00:00,0.0
2030-09-27 16:15:00,0.0
2030-09-27 16:30:00,0.0
2030-09-27 16:45:00,0.0
2030-09-27 17:00:00,0.0
2030-09-27 17:15:00,0.0
2030-09-27 17:30:00,0.0
2030-09-27 17:45:00,0.0
2030-09-27 18:00:00,0.0
2030-09-27 18:15:00,0.0
2030-09-27 18:30:00,0.0
2030-09-27 18:45:00,0.0
2030-09-27 19:00:00,13001.27802948247
2030-09-27 19:15:00,1456.4747938481887
2030-09-27 19:30:00,1047.6647566253214
2030-09-27 19:45:00,276.43835920114725
2030-09-27 20:00:00,0.0
2030-09-27 20:15:00,0.0
2030-09-27 20:30:00,0.0
2030-09-27 20:45:00,0.0
2030-09-27 21:00:00,0.0
2030-09-27 21:15:00,0.0
2030-09-27 21:30:00,0.0
2030-09-27 21:45:00,0.0
2030-09-27 22:00:00,0.0
2030-09-27 22:15:00,0.0
2030-09-27 22:30:00,0.0
2030-09-27 22:45:00,0.0
2030-09-27 23:00:00,0.0
2030-09-27 23:15:00,0.0
2030-09-27 23:30:00,0.0
2030-09-27 23:45:00,0.0
2030-09-28 00:00:00,0.0
2030-09-28 00:15:00,0.0
2030-09-28 00:30:00,0.0
2030-09-28 00:45:00,0.0
2030-09-28 01:00:00,0.0
2030-09-28 01:15:00,0.0
2030-09-28 01:30:00,0.0
2030-09-28 01:45:00,0.0
2030-09-28 02:00:00,0.0
2030-09-28 02:15:00,0.0
2030-09-28 02:30:00,0.0
2030-09-28 02:45:00,0.0
2030-09-28 03:00:00,0.0
2030-09-28 03:15:00,0.0
2030-09-28 03:30:00,0.0
2030-09-28 03:45:00,0.0
2030-09-28 04:00:00,0.0
2030-09-28 04:15:00,0.0
2030-09-28 04:30:00,0.0
2030-09-28 04:45:00,0.0
2030-09-28 05:00:00,0.0
2030-09-28 05:15:00,0.0
2030-09-28 05:30:00,0.0
2030-09-28 05:45:00,0.0
2030-09-28 06:00:00,0.0
2030-09-28 06:15:00,0.0
2030-09-28 06:30:00,0.0
2030-09-28 06:45:00,0.0
2030-09-28 07:00:00,0.0
2030-09-28 07:15:00,0.0
2030-09-28 07:30:00,0.0
2030-09-28 07:45:00,0.0
2030-09-28 08:00:00,0.0
2030-09-28 08:15:00,0.0
2030-09-28 08:30:00,0.0
2030-09-28 08:45:00,0.0
2030-09-28 09:00:00,0.0
2030-09-28 09:15:00,0.0
2030-09-28 09:30:00,0.0
2030-09-28 09:45:00,0.0
2030-09-28 10:00:00,0.0
2030-09-28 10:15:00,0.0
2030-09-28 10:30:00,0.0
2030-09-28 10:45:00,0.0
2030-09-28 11:00:00,0.0
2030-09-28 11:15:00,0.0
2030-09-28 11:30:00,0.0
2030-09-28 11:45:00,0.0
2030-09-28 12:00:00,0.0
2030-09-28 12:15:00,0.0
2030-09-28 12:30:00,0.0
2030-09-28 12:45:00,0.0
2030-09-28 13:00:00,0.0
2030-09-28 13:15:00,0.0
2030-09-28 13:30:00,0.0
2030-09-28 13:45:00,0.0
2030-09-28 14:00:00,0.0
2030-09-28 14:15:00,0.0
2030-09-28 14:30:00,0.0
2030-09-28 14:45:00,0.0
2030-09-28 15:00:00,2985.143010257705
2030-09-28 15:15:00,0.0
2030-09-28 15:30:00,0.0
2030-09-28 15:45:00,0.0
2030-09-28 16:00:00,0.0
2030-09-28 16:15:00,288.3334390677519
2030-09-28 16:30:00,1537.4429134610145
2030-09-28 16:45:00,2677.73717901457
2030-09-28 17:00:00,4290.1807721298865
2030-09-28 17:15:00,5282.959131236068
2030-09-28 17:30:00,5919.187588135974
2030-09-28 17:45:00,6142.36890704777
2030-09-28 18:00:00,6332.5613395943365
2030-09-28 18:15:00,6401.67864841807
2030-09-28 18:30:00,6410.724541403313
2030-09-28 18:45:00,6562.195878399834
2030-09-28 19:00:00,6664.51254086227
2030-09-28 19:15:00,6832.389339307174
2030-09-28 19:30:00,6966.896116226333
2030-09-28 19:45:00,6872.744939810982
2030-09-28 20:00:00,6296.4746808421005
2030-09-28 20:15:00,5820.166388858364
2030-09-28 20:30:00,5257.8302179072925
2030-09-28 20:45:00,4954.655803819562
2030-09-28 21:00:00,4590.319281505459
2030-09-28 21:15:00,4169.680126643983
2030-09-28 21:30:00,3647.9274374096967
2030-09-28 21:45:00,3112.748578287501
2030-09-28 22:00:00,2531.0818997377064
2030-09-28 22:15:00,2143.846505306192
2030-09-28 22:30:00,1622.6067346788423
2030-09-28 22:45:00,1228.6547571630526
2030-09-28 23:00:00,730.8237889858447
2030-09-28 23:15:00,261.23063291885046
2030-09-28 23:30:00,0.0
2030-09-28 23:45:00,0.0
2030-09-29 00:00:00,0.0
2030-09-29 00:15:00,0.0
2030-09-29 00:30:00,0.0
2030-09-29 00:45:00,0.0
2030-09-29 01:00:00,0.0
2030-09-29 01:15:00,0.0
2030-09-29 01:30:00,0.0
2030-09-29 01:45:00,0.0
2030-09-29 02:00:00,0.0
2030-09-29 02:15:00,0.0
2030-09-29 02:30:00,0.0
2030-09-29 02:45:00,0.0
2030-09-29 03:00:00,0.0
2030-09-29 03:15:00,0.0
2030-09-29 03:30:00,0.0
2030-09-29 03:45:00,0.0
2030-09-29 04:00:00,0.0
2030-09-29 04:15:00,0.0
2030-09-29 04:30:00,0.0
2030-09-29 04:45:00,0.0
2030-09-29 05:00:00,0.0
2030-09-29 05:15:00,0.0
2030-09-29 05:30:00,0.0
2030-09-29 05:45:00,0.0
2030-09-29 06:00:00,0.0
2030-09-29 06:15:00,0.0
2030-09-29 06:30:00,0.0
2030-09-29 06:45:00,0.0
2030-09-29 07:00:00,0.0
2030-09-29 07:15:00,0.0
2030-09-29 07:30:00,0.0
2030-09-29 07:45:00,0.0
2030-09-29 08:00:00,0.0
2030-09-29 08:15:00,0.0
2030-09-29 08:30:00,0.0
2030-09-29 08:45:00,0.0
2030-09-29 09:00:00,0.0
2030-09-29 09:15:00,0.0
2030-09-29 09:30:00,0.0
2030-09-29 09:45:00,0.0
2030-09-29 10:00:00,0.0
2030-09-29 10:15:00,0.0
2030-09-29 10:30:00,0.0
2030-09-29 10:45:00,0.0
2030-09-29 11:00:00,0.0
2030-09-29 11:15:00,0.0
2030-09-29 11:30:00,0.0
2030-09-29 11:45:00,0.0
2030-09-29 12:00:00,0.0
2030-09-29 12:15:00,0.0
2030-09-29 12:30:00,0.0
2030-09-29 12:45:00,0.0
2030-09-29 13:00:00,0.0
2030-09-29 13:15:00,0.0
2030-09-29 13:30:00,0.0
2030-09-29 13:45:00,0.0
2030-09-29 14:00:00,0.0
2030-09-29 14:15:00,0.0
2030-09-29 14:30:00,0.0
2030-09-29 14:45:00,0.0
2030-09-29 15:00:00,0.0
2030-09-29 15:15:00,0.0
2030-09-29 15:30:00,0.0
2030-09-29 15:45:00,0.0
2030-09-29 16:00:00,0.0
2030-09-29 16:15:00,0.0
2030-09-29 16:30:00,0.0
2030-09-29 16:45:00,0.0
2030-09-29 17:00:00,0.0
2030-09-29 17:15:00,0.0
2030-09-29 17:30:00,0.0
2030-09-29 17:45:00,0.0
2030-09-29 18:00:00,0.0
2030-09-29 18:15:00,0.0
2030-09-29 18:30:00,0.0
2030-09-29 18:45:00,0.0
2030-09-29 19:00:00,0.0
2030-09-29 19:15:00,0.0
2030-09-29 19:30:00,0.0
2030-09-29 19:45:00,0.0
2030-09-29 20:00:00,0.0
2030-09-29 20:15:00,0.0
2030-09-29 20:30:00,0.0
2030-09-29 20:45:00,0.0
2030-09-29 21:00:00,0.0
2030-09-29 21:15:00,0.0
2030-09-29 21:30:00,0.0
2030-09-29 21:45:00,0.0
2030-09-29 22:00:00,0.0
2030-09-29 22:15:00,0.0
2030-09-29 22:30:00,0.0
2030-09-29 22:45:00,0.0
2030-09-29 23:00:00,0.0
2030-09-29 23:15:00,0.0
2030-09-29 23:30:00,0.0
2030-09-29 23:45:00,0.0
2030-09-30 00:00:00,0.0
2030-09-30 00:15:00,0.0
2030-09-30 00:30:00,0.0
2030-09-30 00:45:00,0.0
2030-09-30 01:00:00,0.0
2030-09-30 01:15:00,0.0
2030-09-30 01:30:00,0.0
2030-09-30 01:45:00,0.0
2030-09-30 02:00:00,0.0
2030-09-30 02:15:00,4801.724847438971
2030-09-30 02:30:00,0.0
2030-09-30 02:45:00,0.0
2030-09-30 03:00:00,0.0
2030-09-30 03:15:00,0.0
2030-09-30 03:30:00,0.0
2030-09-30 03:45:00,0.0
2030-09-30 04:00:00,0.0
2030-09-30 04:15:00,0.0
2030-09-30 04:30:00,0.0
2030-09-30 04:45:00,0.0
2030-09-30 05:00:00,0.0
2030-09-30 05:15:00,0.0
2030-09-30 05:30:00,0.0
2030-09-30 05:45:00,0.0
2030-09-30 06:00:00,0.0
2030-09-30 06:15:00,0.0
2030-09-30 06:30:00,0.0
2030-09-30 06:45:00,0.0
2030-09-30 07:00:00,0.0
2030-09-30 07:15:00,0.0
2030-09-30 07:30:00,0.0
2030-09-30 07:45:00,0.0
2030-09-30 08:00:00,0.0
2030-09-30 08:15:00,0.0
2030-09-30 08:30:00,0.0
2030-09-30 08:45:00,0.0
2030-09-30 09:00:00,0.0
2030-09-30 09:15:00,0.0
2030-09-30 09:30:00,0.0
2030-09-30 09:45:00,0.0
2030-09-30 10:00:00,0.0
2030-09-30 10:15:00,0.0
2030-09-30 10:30:00,0.0
2030-09-30 10:45:00,0.0
2030-09-30 11:00:00,0.0
2030-09-30 11:15:00,0.0
2030-09-30 11:30:00,0.0
2030-09-30 11:45:00,0.0
2030-09-30 12:00:00,0.0
2030-09-30 12:15:00,0.0
2030-09-30 12:30:00,0.0
2030-09-30 12:45:00,0.0
2030-09-30 13:00:00,0.0
2030-09-30 13:15:00,0.0
2030-09-30 13:30:00,0.0
2030-09-30 13:45:00,0.0
2030-09-30 14:00:00,0.0
2030-09-30 14:15:00,0.0
2030-09-30 14:30:00,0.0
2030-09-30 14:45:00,0.0
2030-09-30 15:00:00,0.0
2030-09-30 15:15:00,0.0
2030-09-30 15:30:00,0.0
2030-09-30 15:45:00,0.0
2030-09-30 16:00:00,0.0
2030-09-30 16:15:00,0.0
2030-09-30 16:30:00,0.0
2030-09-30 16:45:00,0.0
2030-09-30 17:00:00,0.0
2030-09-30 17:15:00,0.0
2030-09-30 17:30:00,0.0
2030-09-30 17:45:00,0.0
2030-09-30 18:00:00,0.0
2030-09-30 18:15:00,0.0
2030-09-30 18:30:00,0.0
2030-09-30 18:45:00,0.0
2030-09-30 19:00:00,0.0
2030-09-30 19:15:00,0.0
2030-09-30 19:30:00,0.0
2030-09-30 19:45:00,0.0
2030-09-30 20:00:00,0.0
2030-09-30 20:15:00,0.0
2030-09-30 20:30:00,0.0
2030-09-30 20:45:00,0.0
2030-09-30 21:00:00,0.0
2030-09-30 21:15:00,0.0
2030-09-30 21:30:00,0.0
2030-09-30 21:45:00,0.0
2030-09-30 22:00:00,0.0
2030-09-30 22:15:00,0.0
2030-09-30 22:30:00,0.0
2030-09-30 22:45:00,0.0
2030-09-30 23:00:00,0.0
2030-09-30 23:15:00,0.0
2030-09-30 23:30:00,0.0
2030-09-30 23:45:00,0.0
2030-10-01 00:00:00,0.0
2030-10-01 00:15:00,0.0
2030-10-01 00:30:00,0.0
2030-10-01 00:45:00,0.0
2030-10-01 01:00:00,0.0
2030-10-01 01:15:00,0.0
2030-10-01 01:30:00,0.0
2030-10-01 01:45:00,0.0
2030-10-01 02:00:00,0.0
2030-10-01 02:15:00,0.0
2030-10-01 02:30:00,0.0
2030-10-01 02:45:00,0.0
2030-10-01 03:00:00,0.0
2030-10-01 03:15:00,0.0
2030-10-01 03:30:00,0.0
2030-10-01 03:45:00,0.0
2030-10-01 04:00:00,0.0
2030-10-01 04:15:00,0.0
2030-10-01 04:30:00,0.0
2030-10-01 04:45:00,0.0
2030-10-01 05:00:00,0.0
2030-10-01 05:15:00,0.0
2030-10-01 05:30:00,0.0
2030-10-01 05:45:00,0.0
2030-10-01 06:00:00,0.0
2030-10-01 06:15:00,0.0
2030-10-01 06:30:00,0.0
2030-10-01 06:45:00,0.0
2030-10-01 07:00:00,0.0
2030-10-01 07:15:00,0.0
2030-10-01 07:30:00,0.0
2030-10-01 07:45:00,0.0
2030-10-01 08:00:00,0.0
2030-10-01 08:15:00,0.0
2030-10-01 08:30:00,0.0
2030-10-01 08:45:00,0.0
2030-10-01 09:00:00,0.0
2030-10-01 09:15:00,0.0
2030-10-01 09:30:00,0.0
2030-10-01 09:45:00,0.0
2030-10-01 10:00:00,0.0
2030-10-01 10:15:00,0.0
2030-10-01 10:30:00,0.0
2030-10-01 10:45:00,0.0
2030-10-01 11:00:00,0.0
2030-10-01 11:15:00,0.0
2030-10-01 11:30:00,0.0
2030-10-01 11:45:00,0.0
2030-10-01 12:00:00,0.0
2030-10-01 12:15:00,0.0
2030-10-01 12:30:00,0.0
2030-10-01 12:45:00,0.0
2030-10-01 13:00:00,0.0
2030-10-01 13:15:00,0.0
2030-10-01 13:30:00,0.0
2030-10-01 13:45:00,0.0
2030-10-01 14:00:00,0.0
2030-10-01 14:15:00,0.0
2030-10-01 14:30:00,0.0
2030-10-01 14:45:00,0.0
2030-10-01 15:00:00,0.0
2030-10-01 15:15:00,0.0
2030-10-01 15:30:00,0.0
2030-10-01 15:45:00,0.0
2030-10-01 16:00:00,0.0
2030-10-01 16:15:00,0.0
2030-10-01 16:30:00,0.0
2030-10-01 16:45:00,0.0
2030-10-01 17:00:00,0.0
2030-10-01 17:15:00,0.0
2030-10-01 17:30:00,0.0
2030-10-01 17:45:00,0.0
2030-10-01 18:00:00,0.0
2030-10-01 18:15:00,0.0
2030-10-01 18:30:00,0.0
2030-10-01 18:45:00,0.0
2030-10-01 19:00:00,0.0
2030-10-01 19:15:00,0.0
2030-10-01 19:30:00,0.0
2030-10-01 19:45:00,0.0
2030-10-01 20:00:00,0.0
2030-10-01 20:15:00,0.0
2030-10-01 20:30:00,0.0
2030-10-01 20:45:00,0.0
2030-10-01 21:00:00,0.0
2030-10-01 21:15:00,0.0
2030-10-01 21:30:00,0.0
2030-10-01 21:45:00,0.0
2030-10-01 22:00:00,0.0
2030-10-01 22:15:00,0.0
2030-10-01 22:30:00,0.0
2030-10-01 22:45:00,0.0
2030-10-01 23:00:00,0.0
2030-10-01 23:15:00,0.0
2030-10-01 23:30:00,0.0
2030-10-01 23:45:00,0.0
2030-10-02 00:00:00,0.0
2030-10-02 00:15:00,0.0
2030-10-02 00:30:00,0.0
2030-10-02 00:45:00,0.0
2030-10-02 01:00:00,0.0
2030-10-02 01:15:00,0.0
2030-10-02 01:30:00,0.0
2030-10-02 01:45:00,0.0
2030-10-02 02:00:00,0.0
2030-10-02 02:15:00,0.0
2030-10-02 02:30:00,0.0
2030-10-02 02:45:00,0.0
2030-10-02 03:00:00,0.0
2030-10-02 03:15:00,0.0
2030-10-02 03:30:00,0.0
2030-10-02 03:45:00,0.0
2030-10-02 04:00:00,0.0
2030-10-02 04:15:00,0.0
2030-10-02 04:30:00,0.0
2030-10-02 04:45:00,0.0
2030-10-02 05:00:00,0.0
2030-10-02 05:15:00,0.0
2030-10-02 05:30:00,0.0
2030-10-02 05:45:00,0.0
2030-10-02 06:00:00,0.0
2030-10-02 06:15:00,0.0
2030-10-02 06:30:00,0.0
2030-10-02 06:45:00,0.0
2030-10-02 07:00:00,0.0
2030-10-02 07:15:00,0.0
2030-10-02 07:30:00,0.0
2030-10-02 07:45:00,2616.193731300844
2030-10-02 08:00:00,0.0
2030-10-02 08:15:00,0.0
2030-10-02 08:30:00,0.0
2030-10-02 08:45:00,0.0
2030-10-02 09:00:00,0.0
2030-10-02 09:15:00,0.0
2030-10-02 09:30:00,0.0
2030-10-02 09:45:00,0.0
2030-10-02 10:00:00,0.0
2030-10-02 10:15:00,0.0
2030-10-02 10:30:00,0.0
2030-10-02 10:45:00,0.0
2030-10-02 11:00:00,0.0
2030-10-02 11:15:00,0.0
2030-10-02 11:30:00,0.0
2030-10-02 11:45:00,0.0
2030-10-02 12:00:00,0.0
2030-10-02 12:15:00,0.0
2030-10-02 12:30:00,0.0
2030-10-02 12:45:00,0.0
2030-10-02 13:00:00,0.0
2030-10-02 13:15:00,0.0
2030-10-02 13:30:00,0.0
2030-10-02 13:45:00,0.0
2030-10-02 14:00:00,0.0
2030-10-02 14:15:00,0.0
2030-10-02 14:30:00,0.0
2030-10-02 14:45:00,0.0
2030-10-02 15:00:00,0.0
2030-10-02 15:15:00,0.0
2030-10-02 15:30:00,0.0
2030-10-02 15:45:00,0.0
2030-10-02 16:00:00,0.0
2030-10-02 16:15:00,0.0
2030-10-02 16:30:00,0.0
2030-10-02 16:45:00,0.0
2030-10-02 17:00:00,0.0
2030-10-02 17:15:00,0.0
2030-10-02 17:30:00,0.0
2030-10-02 17:45:00,0.0
2030-10-02 18:00:00,0.0
2030-10-02 18:15:00,0.0
2030-10-02 18:30:00,0.0
2030-10-02 18:45:00,0.0
2030-10-02 19:00:00,0.0
2030-10-02 19:15:00,0.0
2030-10-02 19:30:00,0.0
2030-10-02 19:45:00,0.0
2030-10-02 20:00:00,0.0
2030-10-02 20:15:00,0.0
2030-10-02 20:30:00,0.0
2030-10-02 20:45:00,0.0
2030-10-02 21:00:00,0.0
2030-10-02 21:15:00,0.0
2030-10-02 21:30:00,0.0
2030-10-02 21:45:00,0.0
2030-10-02 22:00:00,0.0
2030-10-02 22:15:00,0.0
2030-10-02 22:30:00,0.0
2030-10-02 22:45:00,0.0
2030-10-02 23:00:00,0.0
2030-10-02 23:15:00,0.0
2030-10-02 23:30:00,0.0
2030-10-02 23:45:00,0.0
2030-10-03 00:00:00,0.0
2030-10-03 00:15:00,0.0
2030-10-03 00:30:00,0.0
2030-10-03 00:45:00,0.0
2030-10-03 01:00:00,0.0
2030-10-03 01:15:00,0.0
2030-10-03 01:30:00,0.0
2030-10-03 01:45:00,0.0
2030-10-03 02:00:00,0.0
2030-10-03 02:15:00,0.0
2030-10-03 02:30:00,0.0
2030-10-03 02:45:00,0.0
2030-10-03 03:00:00,0.0
2030-10-03 03:15:00,0.0
2030-10-03 03:30:00,0.0
2030-10-03 03:45:00,0.0
2030-10-03 04:00:00,0.0
2030-10-03 04:15:00,0.0
2030-10-03 04:30:00,0.0
2030-10-03 04:45:00,0.0
2030-10-03 05:00:00,0.0
2030-10-03 05:15:00,0.0
2030-10-03 05:30:00,0.0
2030-10-03 05:45:00,0.0
2030-10-03 06:00:00,0.0
2030-10-03 06:15:00,0.0
2030-10-03 06:30:00,0.0
2030-10-03 06:45:00,0.0
2030-10-03 07:00:00,0.0
2030-10-03 07:15:00,0.0
2030-10-03 07:30:00,0.0
2030-10-03 07:45:00,0.0
2030-10-03 08:00:00,0.0
2030-10-03 08:15:00,0.0
2030-10-03 08:30:00,0.0
2030-10-03 08:45:00,0.0
2030-10-03 09:00:00,0.0
2030-10-03 09:15:00,0.0
2030-10-03 09:30:00,0.0
2030-10-03 09:45:00,0.0
2030-10-03 10:00:00,0.0
2030-10-03 10:15:00,-10597.131174615799
2030-10-03 10:30:00,-19297.46900211502
2030-10-03 10:45:00,-19260.49179491782
2030-10-03 11:00:00,-19282.371773263007
2030-10-03 11:15:00,-19471.33670221561
2030-10-03 11:30:00,-19721.76390497884
2030-10-03 11:45:00,-19865.005852791786
2030-10-03 12:00:00,-19938.5857837152
2030-10-03 12:15:00,-20094.591940526054
2030-10-03 12:30:00,-20866.25209880487
2030-10-03 12:45:00,-20924.35018122087
2030-10-03 13:00:00,-21630.28534331355
2030-10-03 13:15:00,-21616.94263333897
2030-10-03 13:30:00,-21813.971178094587
2030-10-03 13:45:00,-21664.642365029435
2030-10-03 14:00:00,-20727.936834767115
2030-10-03 14:15:00,-20395.162132750975
2030-10-03 14:30:00,-19418.150591628957
2030-10-03 14:45:00,-19008.053487530502
2030-10-03 15:00:00,-18386.66706657092
2030-10-03 15:15:00,-17128.85287214523
2030-10-03 15:30:00,-16117.183146833773
2030-10-03 15:45:00,-15409.679948075005
2030-10-03 16:00:00,-14868.974144842537
2030-10-03 16:15:00,-13315.918787732684
2030-10-03 16:30:00,-12029.969563345396
2030-10-03 16:45:00,-10883.29585909847
2030-10-03 17:00:00,-9523.415185891467
2030-10-03 17:15:00,-9672.582434387994
2030-10-03 17:30:00,-9045.793869786052
2030-10-03 17:45:00,-8535.793395379427
2030-10-03 18:00:00,-7935.565452182924
2030-10-03 18:15:00,-7571.373082905506
2030-10-03 18:30:00,-7352.729903535434
2030-10-03 18:45:00,-7168.309357202161
2030-10-03 19:00:00,-7498.166730938632
2030-10-03 19:15:00,-7432.348550290095
2030-10-03 19:30:00,-7351.738901087687
2030-10-03 19:45:00,-7631.5416709632045
2030-10-03 20:00:00,-7988.872522712543
2030-10-03 20:15:00,-8503.648699434205
2030-10-03 20:30:00,-8700.44683641602
2030-10-03 20:45:00,-8468.211089381031
2030-10-03 21:00:00,-8022.64208208749
2030-10-03 21:15:00,-8351.852840063262
2030-10-03 21:30:00,-8056.135754798364
2030-10-03 21:45:00,-7441.325175316324
2030-10-03 22:00:00,-6988.240257953874
2030-10-03 22:15:00,-7501.932041606602
2030-10-03 22:30:00,-7219.220162359325
2030-10-03 22:45:00,-7240.587708865374
2030-10-03 23:00:00,-6897.3253135247305
2030-10-03 23:15:00,-6856.592170308208
2030-10-03 23:30:00,-7054.218822703249
2030-10-03 23:45:00,-6622.668864702111
2030-10-04 00:00:00,-6209.2214979405435
2030-10-04 00:15:00,-6130.30558469451
2030-10-04 00:30:00,-6072.076016705536
2030-10-04 00:45:00,-6123.573264346909
2030-10-04 01:00:00,-5593.351929041333
2030-10-04 01:15:00,-5185.7212835463615
2030-10-04 01:30:00,-5490.143988494137
2030-10-04 01:45:00,-5785.910672645345
2030-10-04 02:00:00,-6092.987435865409
2030-10-04 02:15:00,-6369.922741553961
2030-10-04 02:30:00,-5955.063182289803
2030-10-04 02:45:00,-5876.609678645609
2030-10-04 03:00:00,-5831.377126009704
2030-10-04 03:15:00,-5940.671962802584
2030-10-04 03:30:00,-6251.9151033565395
2030-10-04 03:45:00,-6300.076629927589
2030-10-04 04:00:00,-6524.193879796838
2030-10-04 04:15:00,-6332.134655284028
2030-10-04 04:30:00,-5705.916140035793
2030-10-04 04:45:00,-5676.406226191188
2030-10-04 05:00:00,-5590.989175980785
2030-10-04 05:15:00,-5252.044957059181
2030-10-04 05:30:00,-4320.371373812901
2030-10-04 05:45:00,-3576.5562307065593
2030-10-04 06:00:00,-2348.3659893119293
2030-10-04 06:15:00,-2038.9289228619346
2030-10-04 06:30:00,-2120.1095533404987
2030-10-04 06:45:00,-1518.7317392376754
2030-10-04 07:00:00,-1455.114667980608
2030-10-04 07:15:00,-1847.599139738064
2030-10-04 07:30:00,-2780.605567413142
2030-10-04 07:45:00,-3461.4204431616054
2030-10-04 08:00:00,-3879.380434325478
2030-10-04 08:15:00,-4749.4047952535075
2030-10-04 08:30:00,-5597.800791973863
2030-10-04 08:45:00,-6590.466037411086
2030-10-04 09:00:00,-6606.947811118986
2030-10-04 09:15:00,-7439.338190349994
2030-10-04 09:30:00,-8165.097332221409
2030-10-04 09:45:00,-9306.92799210643
2030-10-04 10:00:00,-10188.350239125051
2030-10-04 10:15:00,-10506.634694715958
2030-10-04 10:30:00,-11521.344932299085
2030-10-04 10:45:00,-12201.298925620515
2030-10-04 11:00:00,-12843.101462760755
2030-10-04 11:15:00,-12643.622179561331
2030-10-04 11:30:00,-12538.796470275363
2030-10-04 11:45:00,-12608.041091658186
2030-10-04 12:00:00,-12884.572617465743
2030-10-04 12:15:00,-13254.204134255499
2030-10-04 12:30:00,-13295.285313022101
2030-10-04 12:45:00,-13028.995786656986
2030-10-04 13:00:00,-12789.393091416878
2030-10-04 13:15:00,-12261.166678568246
2030-10-04 13:30:00,-12019.270305766939
2030-10-04 13:45:00,-11537.32893542042
2030-10-04 14:00:00,-10388.389543587695
2030-10-04 14:15:00,-9374.202529605951
2030-10-04 14:30:00,-8438.136517569481
2030-10-04 14:45:00,-7182.875103310867
2030-10-04 15:00:00,-7828.000963210237
2030-10-04 15:15:00,-7795.955098728635
2030-10-04 15:30:00,-6399.45513641322
2030-10-04 15:45:00,-4918.916525767654
2030-10-04 16:00:00,-3136.3312887354878
2030-10-04 16:15:00,-1718.8126994625636
2030-10-04 16:30:00,-523.7387396432241
2030-10-04 16:45:00,0.0
2030-10-04 17:00:00,0.0
2030-10-04 17:15:00,0.0
2030-10-04 17:30:00,0.0
2030-10-04 17:45:00,0.0
2030-10-04 18:00:00,0.0
2030-10-04 18:15:00,0.0
2030-10-04 18:30:00,0.0
2030-10-04 18:45:00,0.0
2030-10-04 19:00:00,0.0
2030-10-04 19:15:00,0.0
2030-10-04 19:30:00,0.0
2030-10-04 19:45:00,0.0
2030-10-04 20:00:00,0.0
2030-10-04 20:15:00,0.0
2030-10-04 20:30:00,0.0
2030-10-04 20:45:00,0.0
2030-10-04 21:00:00,0.0
2030-10-04 21:15:00,0.0
2030-10-04 21:30:00,0.0
2030-10-04 21:45:00,0.0
2030-10-04 22:00:00,0.0
2030-10-04 22:15:00,0.0
2030-10-04 22:30:00,0.0
2030-10-04 22:45:00,0.0
2030-10-04 23:00:00,0.0
2030-10-04 23:15:00,0.0
2030-10-04 23:30:00,0.0
2030-10-04 23:45:00,0.0
2030-10-05 00:00:00,0.0
2030-10-05 00:15:00,0.0
2030-10-05 00:30:00,-2208.3900386196947
2030-10-05 00:45:00,-4484.897355827141
2030-10-05 01:00:00,-4454.0050483301875
2030-10-05 01:15:00,-4559.749891455449
2030-10-05 01:30:00,-4697.015322833477
2030-10-05 01:45:00,-4833.691443442525
2030-10-05 02:00:00,-4916.35981320123
2030-10-05 02:15:00,-4916.391601459305
2030-10-05 02:30:00,-4828.4687858135785
2030-10-05 02:45:00,-4640.798062808617
2030-10-05 03:00:00,-4679.049400772143
2030-10-05 03:15:00,-4733.15730396278
2030-10-05 03:30:00,-4731.812562811472
2030-10-05 03:45:00,-4635.667205032802
2030-10-05 04:00:00,-4395.829390879118
2030-10-05 04:15:00,-4183.225501413872
2030-10-05 04:30:00,-3912.8056862734647
2030-10-05 04:45:00,-3675.6169903476966
2030-10-05 05:00:00,-3514.787665348671
2030-10-05 05:15:00,-3582.56581067769
2030-10-05 05:30:00,-3528.949169703752
2030-10-05 05:45:00,-2753.1250960626094
2030-10-05 06:00:00,-1831.8608643755615
2030-10-05 06:15:00,-1496.683628293482
2030-10-05 06:30:00,-1339.739510188272
2030-10-05 06:45:00,-1572.6046735591299
2030-10-05 07:00:00,-1755.982980201832
2030-10-05 07:15:00,-2568.6607225811968
2030-10-05 07:30:00,-3816.001340396735
2030-10-05 07:45:00,-5121.037074729269
2030-10-05 08:00:00,-6639.0008296949345
2030-10-05 08:15:00,-7856.312593226685
2030-10-05 08:30:00,-9326.052674267772
2030-10-05 08:45:00,-10715.814158809942
2030-10-05 09:00:00,-12575.23055546507
2030-10-05 09:15:00,-14091.106791594226
2030-10-05 09:30:00,-15547.799844357836
2030-10-05 09:45:00,-16658.88683480786
2030-10-05 10:00:00,-17742.91632319354
2030-10-05 10:15:00,-18788.39005377875
2030-10-05 10:30:00,-19803.56696643196
2030-10-05 10:45:00,-20261.67757606665
2030-10-05 11:00:00,-20779.65706133026
2030-10-05 11:15:00,-21066.9295502291
2030-10-05 11:30:00,-21396.432316417377
2030-10-05 11:45:00,-21378.302950233163
2030-10-05 12:00:00,-21544.35810250654
2030-10-05 12:15:00,-21320.687170992733
2030-10-05 12:30:00,-21018.117405469802
2030-10-05 12:45:00,-20628.39375933058
2030-10-05 13:00:00,-19880.79542878393
2030-10-05 13:15:00,-19191.083381708722
2030-10-05 13:30:00,-18346.53122035309
2030-10-05 13:45:00,-17679.465866368428
2030-10-05 14:00:00,-16266.235852314396
2030-10-05 14:15:00,-14543.351116853544
2030-10-05 14:30:00,-13072.781267711769
2030-10-05 14:45:00,-11355.994761776023
2030-10-05 15:00:00,-9192.029532050896
2030-10-05 15:15:00,-7420.893160582629
2030-10-05 15:30:00,-5405.742677278882
2030-10-05 15:45:00,-3460.217654267275
2030-10-05 16:00:00,-1083.784038627473
2030-10-05 16:15:00,0.0
2030-10-05 16:30:00,0.0
2030-10-05 16:45:00,0.0
2030-10-05 17:00:00,0.0
2030-10-05 17:15:00,0.0
2030-10-05 17:30:00,0.0
2030-10-05 17:45:00,0.0
2030-10-05 18:00:00,0.0
2030-10-05 18:15:00,0.0
2030-10-05 18:30:00,0.0
2030-10-05 18:45:00,0.0
2030-10-05 19:00:00,0.0
2030-10-05 19:15:00,0.0
2030-10-05 19:30:00,0.0
2030-10-05 19:45:00,0.0
2030-10-05 20:00:00,0.0
2030-10-05 20:15:00,0.0
2030-10-05 20:30:00,0.0
2030-10-05 20:45:00,0.0
2030-10-05 21:00:00,0.0
2030-10-05 21:15:00,0.0
2030-10-05 21:30:00,0.0
2030-10-05 21:45:00,0.0
2030-10-05 22:00:00,0.0
2030-10-05 22:15:00,0.0
2030-10-05 22:30:00,0.0
2030-10-05 22:45:00,0.0
2030-10-05 23:00:00,0.0
2030-10-05 23:15:00,0.0
2030-10-05 23:30:00,0.0
2030-10-05 23:45:00,0.0
2030-10-06 00:00:00,0.0
2030-10-06 00:15:00,0.0
2030-10-06 00:30:00,0.0
2030-10-06 00:45:00,0.0
2030-10-06 01:00:00,0.0
2030-10-06 01:15:00,0.0
2030-10-06 01:30:00,0.0
2030-10-06 01:45:00,0.0
2030-10-06 02:00:00,0.0
2030-10-06 02:15:00,0.0
2030-10-06 02:30:00,0.0
2030-10-06 02:45:00,0.0
2030-10-06 03:00:00,0.0
2030-10-06 03:15:00,0.0
2030-10-06 03:30:00,0.0
2030-10-06 03:45:00,0.0
2030-10-06 04:00:00,0.0
2030-10-06 04:15:00,0.0
2030-10-06 04:30:00,0.0
2030-10-06 04:45:00,0.0
2030-10-06 05:00:00,0.0
2030-10-06 05:15:00,0.0
2030-10-06 05:30:00,0.0
2030-10-06 05:45:00,0.0
2030-10-06 06:00:00,0.0
2030-10-06 06:15:00,0.0
2030-10-06 06:30:00,0.0
2030-10-06 06:45:00,0.0
2030-10-06 07:00:00,0.0
2030-10-06 07:15:00,0.0
2030-10-06 07:30:00,0.0
2030-10-06 07:45:00,0.0
2030-10-06 08:00:00,0.0
2030-10-06 08:15:00,0.0
2030-10-06 08:30:00,0.0
2030-10-06 08:45:00,0.0
2030-10-06 09:00:00,0.0
2030-10-06 09:15:00,0.0
2030-10-06 09:30:00,0.0
2030-10-06 09:45:00,0.0
2030-10-06 10:00:00,0.0
2030-10-06 10:15:00,0.0
2030-10-06 10:30:00,0.0
2030-10-06 10:45:00,0.0
2030-10-06 11:00:00,0.0
2030-10-06 11:15:00,0.0
2030-10-06 11:30:00,-1024.8115892611422
2030-10-06 11:45:00,-19003.12131128709
2030-10-06 12:00:00,-18682.311672659256
2030-10-06 12:15:00,-18734.62003299443
2030-10-06 12:30:00,-18478.442866698482
2030-10-06 12:45:00,-18121.68052403992
2030-10-06 13:00:00,-17540.60871603513
2030-10-06 13:15:00,-16703.8023671376
2030-10-06 13:30:00,-15993.448228927304
2030-10-06 13:45:00,-15135.566397258674
2030-10-06 14:00:00,-14362.100030716909
2030-10-06 14:15:00,-13613.038102336734
2030-10-06 14:30:00,-12721.633198763247
2030-10-06 14:45:00,-11095.688369310956
2030-10-06 15:00:00,-9146.003941562154
2030-10-06 15:15:00,-7110.553558440948
2030-10-06 15:30:00,-5423.35701960342
2030-10-06 15:45:00,-3693.9863456087623
2030-10-06 16:00:00,-2230.271896920003
2030-10-06 16:15:00,-790.6303107979729
2030-10-06 16:30:00,0.0
2030-10-06 16:45:00,0.0
2030-10-06 17:00:00,0.0
2030-10-06 17:15:00,0.0
2030-10-06 17:30:00,0.0
2030-10-06 17:45:00,0.0
2030-10-06 18:00:00,0.0
2030-10-06 18:15:00,0.0
2030-10-06 18:30:00,0.0
2030-10-06 18:45:00,0.0
2030-10-06 19:00:00,0.0
2030-10-06 19:15:00,0.0
2030-10-06 19:30:00,0.0
2030-10-06 19:45:00,0.0
2030-10-06 20:00:00,0.0
2030-10-06 20:15:00,0.0
2030-10-06 20:30:00,0.0
2030-10-06 20:45:00,0.0
2030-10-06 21:00:00,0.0
2030-10-06 21:15:00,0.0
2030-10-06 21:30:00,0.0
2030-10-06 21:45:00,0.0
2030-10-06 22:00:00,0.0
2030-10-06 22:15:00,0.0
2030-10-06 22:30:00,0.0
2030-10-06 22:45:00,0.0
2030-10-06 23:00:00,0.0
2030-10-06 23:15:00,0.0
2030-10-06 23:30:00,0.0
2030-10-06 23:45:00,0.0
2030-10-07 00:00:00,0.0
2030-10-07 00:15:00,0.0
2030-10-07 00:30:00,0.0
2030-10-07 00:45:00,0.0
2030-10-07 01:00:00,-413.8258824028744
2030-10-07 01:15:00,-2995.1036580781965
2030-10-07 01:30:00,-3184.145057001084
2030-10-07 01:45:00,-3257.8763520937937
2030-10-07 02:00:00,-3410.044723490755
2030-10-07 02:15:00,-3321.8934069208935
2030-10-07 02:30:00,-3570.835657518157
2030-10-07 02:45:00,-3623.8291964799755
2030-10-07 03:00:00,-3792.9567864141463
2030-10-07 03:15:00,-3936.980734136503
2030-10-07 03:30:00,-4225.54569160159
2030-10-07 03:45:00,-4378.2512960662425
2030-10-07 04:00:00,-4457.321638675448
2030-10-07 04:15:00,-4597.529102118027
2030-10-07 04:30:00,-4622.515323894813
2030-10-07 04:45:00,-4519.254838255951
2030-10-07 05:00:00,-4318.564737256234
2030-10-07 05:15:00,-4248.473474134613
2030-10-07 05:30:00,-4363.603700221898
2030-10-07 05:45:00,-3602.457726871802
2030-10-07 06:00:00,-2985.4751599970605
2030-10-07 06:15:00,-3029.461710445301
2030-10-07 06:30:00,-2752.7981524758725
2030-10-07 06:45:00,-3514.5051875180034
2030-10-07 07:00:00,-3438.7583778515636
2030-10-07 07:15:00,-3772.0859291728775
2030-10-07 07:30:00,-4752.41435706487
2030-10-07 07:45:00,-5532.107406911426
2030-10-07 08:00:00,-6018.182002262849
2030-10-07 08:15:00,-6947.154003645814
2030-10-07 08:30:00,-7959.659837558556
2030-10-07 08:45:00,-9027.625970511708
2030-10-07 09:00:00,-10781.6051177402
2030-10-07 09:15:00,-11421.88294066373
2030-10-07 09:30:00,-11529.50137888224
2030-10-07 09:45:00,-12014.361337156224
2030-10-07 10:00:00,-12164.1126590081
2030-10-07 10:15:00,-12271.498821176228
2030-10-07 10:30:00,-12287.968520760478
2030-10-07 10:45:00,-12609.853168505138
2030-10-07 11:00:00,-13038.702700701488
2030-10-07 11:15:00,-12835.784353812312
2030-10-07 11:30:00,-13291.984966561813
2030-10-07 11:45:00,-13185.618144372442
2030-10-07 12:00:00,-13822.330801674474
2030-10-07 12:15:00,-14143.323997870106
2030-10-07 12:30:00,-14325.979501057252
2030-10-07 12:45:00,-14080.531269434043
2030-10-07 13:00:00,-14061.798476187349
2030-10-07 13:15:00,-13886.557635915531
2030-10-07 13:30:00,-14264.23794652848
2030-10-07 13:45:00,-13826.306538945002
2030-10-07 14:00:00,-13541.305321910226
2030-10-07 14:15:00,-13079.32462561805
2030-10-07 14:30:00,-13102.845541906114
2030-10-07 14:45:00,-12482.021220157778
2030-10-07 15:00:00,-11487.881865474068
2030-10-07 15:15:00,-10473.527703546835
2030-10-07 15:30:00,-9846.855841918925
2030-10-07 15:45:00,-8974.15767600846
2030-10-07 16:00:00,-7530.726030816077
2030-10-07 16:15:00,-6526.644563151924
2030-10-07 16:30:00,-5597.3262006152545
2030-10-07 16:45:00,-4644.012352328067
2030-10-07 17:00:00,-3709.4577412049293
2030-10-07 17:15:00,-3562.126120114517
2030-10-07 17:30:00,-3184.2081753481143
2030-10-07 17:45:00,-3113.206270754901
2030-10-07 18:00:00,-2806.383661682561
2030-10-07 18:15:00,-2744.5695857199753
2030-10-07 18:30:00,-2991.3030616787073
2030-10-07 18:45:00,-2948.688630849203
2030-10-07 19:00:00,-3060.4025419803365
2030-10-07 19:15:00,-3229.043488450352
2030-10-07 19:30:00,-2981.854392368823
2030-10-07 19:45:00,-3377.7334186063126
2030-10-07 20:00:00,-3606.260853844982
2030-10-07 20:15:00,-3987.5395390022677
2030-10-07 20:30:00,-4245.295604020444
2030-10-07 20:45:00,-4369.6706698224625
2030-10-07 21:00:00,-4236.364604611885
2030-10-07 21:15:00,-4333.296811427623
2030-10-07 21:30:00,-4272.266509920748
2030-10-07 21:45:00,-4206.599761504969
2030-10-07 22:00:00,-4029.4829139013254
2030-10-07 22:15:00,-4084.82882273862
2030-10-07 22:30:00,-4033.1883388561128
2030-10-07 22:45:00,-4294.484360817176
2030-10-07 23:00:00,-4379.915928016857
2030-10-07 23:15:00,-4205.457573544278
2030-10-07 23:30:00,-4458.959858390199
2030-10-07 23:45:00,-4376.852362610418
2030-10-08 00:00:00,-4453.2548363964925
2030-10-08 00:15:00,-4177.828243047476
2030-10-08 00:30:00,-3780.358999310447
2030-10-08 00:45:00,-2843.1262037868964
2030-10-08 01:00:00,-2214.904626452975
2030-10-08 01:15:00,-2549.4277978150076
2030-10-08 01:30:00,-2835.6181226762237
2030-10-08 01:45:00,-2933.605778755882
2030-10-08 02:00:00,-2899.95330610316
2030-10-08 02:15:00,-2823.9874486565022
2030-10-08 02:30:00,-2664.188411941979
2030-10-08 02:45:00,-2557.1028278056165
2030-10-08 03:00:00,-2505.796680211799
2030-10-08 03:15:00,-2502.912545933592
2030-10-08 03:30:00,-2564.500047019814
2030-10-08 03:45:00,-2310.5310319457076
2030-10-08 04:00:00,-1562.886937686797
2030-10-08 04:15:00,-1011.6648220590214
2030-10-08 04:30:00,-605.6244820659031
2030-10-08 04:45:00,-255.50886940502824
2030-10-08 05:00:00,-85.89606268133502
2030-10-08 05:15:00,0.0
2030-10-08 05:30:00,0.0
2030-10-08 05:45:00,0.0
2030-10-08 06:00:00,0.0
2030-10-08 06:15:00,0.0
2030-10-08 06:30:00,0.0
2030-10-08 06:45:00,0.0
2030-10-08 07:00:00,0.0
2030-10-08 07:15:00,0.0
2030-10-08 07:30:00,0.0
2030-10-08 07:45:00,0.0
2030-10-08 08:00:00,0.0
2030-10-08 08:15:00,0.0
2030-10-08 08:30:00,0.0
2030-10-08 08:45:00,-861.181909491519
2030-10-08 09:00:00,-5052.531357798371
2030-10-08 09:15:00,-5659.568444182549
2030-10-08 09:30:00,-6540.564189751296
2030-10-08 09:45:00,-7330.341790363662
2030-10-08 10:00:00,-8266.688086308299
2030-10-08 10:15:00,-8963.462032955518
2030-10-08 10:30:00,-9415.952992739236
2030-10-08 10:45:00,-9534.705307713728
2030-10-08 11:00:00,-10194.305937112247
2030-10-08 11:15:00,-10658.464884901332
2030-10-08 11:30:00,-11299.93057918522
2030-10-08 11:45:00,-12071.001734420384
2030-10-08 12:00:00,-12685.104378274827
2030-10-08 12:15:00,-12647.076994375493
2030-10-08 12:30:00,-12845.873731817279
2030-10-08 12:45:00,-13094.141728669867
2030-10-08 13:00:00,-13026.998933983243
2030-10-08 13:15:00,-12970.755332466328
2030-10-08 13:30:00,-12975.121621230426
2030-10-08 13:45:00,-12726.089964795736
2030-10-08 14:00:00,-11995.266658409006
2030-10-08 14:15:00,-11003.521514619057
2030-10-08 14:30:00,-9829.403846175184
2030-10-08 14:45:00,-8518.042371770614
2030-10-08 15:00:00,-7143.5823821955055
2030-10-08 15:15:00,-5594.753298414071
2030-10-08 15:30:00,-4164.715652471372
2030-10-08 15:45:00,-2403.494375637747
2030-10-08 16:00:00,-739.349280546101
2030-10-08 16:15:00,0.0
2030-10-08 16:30:00,0.0
2030-10-08 16:45:00,0.0
2030-10-08 17:00:00,0.0
2030-10-08 17:15:00,0.0
2030-10-08 17:30:00,0.0
2030-10-08 17:45:00,0.0
2030-10-08 18:00:00,0.0
2030-10-08 18:15:00,0.0
2030-10-08 18:30:00,0.0
2030-10-08 18:45:00,0.0
2030-10-08 19:00:00,0.0
2030-10-08 19:15:00,0.0
2030-10-08 19:30:00,0.0
2030-10-08 19:45:00,0.0
2030-10-08 20:00:00,0.0
2030-10-08 20:15:00,0.0
2030-10-08 20:30:00,0.0
2030-10-08 20:45:00,0.0
2030-10-08 21:00:00,0.0
2030-10-08 21:15:00,0.0
2030-10-08 21:30:00,0.0
2030-10-08 21:45:00,0.0
2030-10-08 22:00:00,0.0
2030-10-08 22:15:00,0.0
2030-10-08 22:30:00,0.0
2030-10-08 22:45:00,0.0
2030-10-08 23:00:00,0.0
2030-10-08 23:15:00,0.0
2030-10-08 23:30:00,0.0
2030-10-08 23:45:00,0.0
2030-10-09 00:00:00,0.0
2030-10-09 00:15:00,0.0
2030-10-09 00:30:00,0.0
2030-10-09 00:45:00,0.0
2030-10-09 01:00:00,0.0
2030-10-09 01:15:00,0.0
2030-10-09 01:30:00,0.0
2030-10-09 01:45:00,0.0
2030-10-09 02:00:00,0.0
2030-10-09 02:15:00,0.0
2030-10-09 02:30:00,0.0
2030-10-09 02:45:00,0.0
2030-10-09 03:00:00,0.0
2030-10-09 03:15:00,0.0
2030-10-09 03:30:00,0.0
2030-10-09 03:45:00,0.0
2030-10-09 04:00:00,0.0
2030-10-09 04:15:00,0.0
2030-10-09 04:30:00,0.0
2030-10-09 04:45:00,0.0
2030-10-09 05:00:00,0.0
2030-10-09 05:15:00,0.0
2030-10-09 05:30:00,0.0
2030-10-09 05:45:00,0.0
2030-10-09 06:00:00,0.0
2030-10-09 06:15:00,0.0
2030-10-09 06:30:00,0.0
2030-10-09 06:45:00,0.0
2030-10-09 07:00:00,0.0
2030-10-09 07:15:00,0.0
2030-10-09 07:30:00,0.0
2030-10-09 07:45:00,0.0
2030-10-09 08:00:00,0.0
2030-10-09 08:15:00,0.0
2030-10-09 08:30:00,0.0
2030-10-09 08:45:00,0.0
2030-10-09 09:00:00,0.0
2030-10-09 09:15:00,0.0
2030-10-09 09:30:00,0.0
2030-10-09 09:45:00,0.0
2030-10-09 10:00:00,0.0
2030-10-09 10:15:00,0.0
2030-10-09 10:30:00,0.0
2030-10-09 10:45:00,0.0
2030-10-09 11:00:00,0.0
2030-10-09 11:15:00,0.0
2030-10-09 11:30:00,0.0
2030-10-09 11:45:00,0.0
2030-10-09 12:00:00,0.0
2030-10-09 12:15:00,0.0
2030-10-09 12:30:00,0.0
2030-10-09 12:45:00,0.0
2030-10-09 13:00:00,0.0
2030-10-09 13:15:00,0.0
2030-10-09 13:30:00,0.0
2030-10-09 13:45:00,0.0
2030-10-09 14:00:00,0.0
2030-10-09 14:15:00,0.0
2030-10-09 14:30:00,0.0
2030-10-09 14:45:00,0.0
2030-10-09 15:00:00,0.0
2030-10-09 15:15:00,0.0
2030-10-09 15:30:00,0.0
2030-10-09 15:45:00,0.0
2030-10-09 16:00:00,0.0
2030-10-09 16:15:00,0.0
2030-10-09 16:30:00,0.0
2030-10-09 16:45:00,0.0
2030-10-09 17:00:00,0.0
2030-10-09 17:15:00,0.0
2030-10-09 17:30:00,0.0
2030-10-09 17:45:00,0.0
2030-10-09 18:00:00,0.0
2030-10-09 18:15:00,0.0
2030-10-09 18:30:00,0.0
2030-10-09 18:45:00,0.0
2030-10-09 19:00:00,0.0
2030-10-09 19:15:00,0.0
2030-10-09 19:30:00,0.0
2030-10-09 19:45:00,0.0
2030-10-09 20:00:00,0.0
2030-10-09 20:15:00,0.0
2030-10-09 20:30:00,0.0
2030-10-09 20:45:00,0.0
2030-10-09 21:00:00,0.0
2030-10-09 21:15:00,0.0
2030-10-09 21:30:00,0.0
2030-10-09 21:45:00,0.0
2030-10-09 22:00:00,0.0
2030-10-09 22:15:00,0.0
2030-10-09 22:30:00,0.0
2030-10-09 22:45:00,0.0
2030-10-09 23:00:00,0.0
2030-10-09 23:15:00,0.0
2030-10-09 23:30:00,0.0
2030-10-09 23:45:00,0.0
2030-10-10 00:00:00,1099.157785949732
2030-10-10 00:15:00,0.0
2030-10-10 00:30:00,0.0
2030-10-10 00:45:00,0.0
2030-10-10 01:00:00,0.0
2030-10-10 01:15:00,0.0
2030-10-10 01:30:00,0.0
2030-10-10 01:45:00,0.0
2030-10-10 02:00:00,0.0
2030-10-10 02:15:00,0.0
2030-10-10 02:30:00,0.0
2030-10-10 02:45:00,0.0
2030-10-10 03:00:00,0.0
2030-10-10 03:15:00,0.0
2030-10-10 03:30:00,0.0
2030-10-10 03:45:00,0.0
2030-10-10 04:00:00,0.0
2030-10-10 04:15:00,0.0
2030-10-10 04:30:00,0.0
2030-10-10 04:45:00,0.0
2030-10-10 05:00:00,0.0
2030-10-10 05:15:00,0.0
2030-10-10 05:30:00,0.0
2030-10-10 05:45:00,0.0
2030-10-10 06:00:00,0.0
2030-10-10 06:15:00,0.0
2030-10-10 06:30:00,0.0
2030-10-10 06:45:00,0.0
2030-10-10 07:00:00,0.0
2030-10-10 07:15:00,0.0
2030-10-10 07:30:00,0.0
2030-10-10 07:45:00,0.0
2030-10-10 08:00:00,0.0
2030-10-10 08:15:00,0.0
2030-10-10 08:30:00,0.0
2030-10-10 08:45:00,0.0
2030-10-10 09:00:00,0.0
2030-10-10 09:15:00,0.0
2030-10-10 09:30:00,0.0
2030-10-10 09:45:00,0.0
2030-10-10 10:00:00,0.0
2030-10-10 10:15:00,0.0
2030-10-10 10:30:00,0.0
2030-10-10 10:45:00,0.0
2030-10-10 11:00:00,0.0
2030-10-10 11:15:00,0.0
2030-10-10 11:30:00,0.0
2030-10-10 11:45:00,0.0
2030-10-10 12:00:00,0.0
2030-10-10 12:15:00,0.0
2030-10-10 12:30:00,0.0
2030-10-10 12:45:00,0.0
2030-10-10 13:00:00,0.0
2030-10-10 13:15:00,0.0
2030-10-10 13:30:00,0.0
2030-10-10 13:45:00,0.0
2030-10-10 14:00:00,0.0
2030-10-10 14:15:00,0.0
2030-10-10 14:30:00,0.0
2030-10-10 14:45:00,0.0
2030-10-10 15:00:00,0.0
2030-10-10 15:15:00,0.0
2030-10-10 15:30:00,0.0
2030-10-10 15:45:00,0.0
2030-10-10 16:00:00,0.0
2030-10-10 16:15:00,0.0
2030-10-10 16:30:00,0.0
2030-10-10 16:45:00,0.0
2030-10-10 17:00:00,0.0
2030-10-10 17:15:00,0.0
2030-10-10 17:30:00,0.0
2030-10-10 17:45:00,0.0
2030-10-10 18:00:00,0.0
2030-10-10 18:15:00,0.0
2030-10-10 18:30:00,0.0
2030-10-10 18:45:00,0.0
2030-10-10 19:00:00,0.0
2030-10-10 19:15:00,0.0
2030-10-10 19:30:00,0.0
2030-10-10 19:45:00,0.0
2030-10-10 20:00:00,0.0
2030-10-10 20:15:00,0.0
2030-10-10 20:30:00,0.0
2030-10-10 20:45:00,967.7542696079508
2030-10-10 21:00:00,0.0
2030-10-10 21:15:00,0.0
2030-10-10 21:30:00,0.0
2030-10-10 21:45:00,0.0
2030-10-10 22:00:00,0.0
2030-10-10 22:15:00,0.0
2030-10-10 22:30:00,0.0
2030-10-10 22:45:00,0.0
2030-10-10 23:00:00,0.0
2030-10-10 23:15:00,0.0
2030-10-10 23:30:00,0.0
2030-10-10 23:45:00,0.0
2030-10-11 00:00:00,0.0
2030-10-11 00:15:00,0.0
2030-10-11 00:30:00,0.0
2030-10-11 00:45:00,0.0
2030-10-11 01:00:00,0.0
2030-10-11 01:15:00,0.0
2030-10-11 01:30:00,0.0
2030-10-11 01:45:00,0.0
2030-10-11 02:00:00,0.0
2030-10-11 02:15:00,0.0
2030-10-11 02:30:00,0.0
2030-10-11 02:45:00,0.0
2030-10-11 03:00:00,0.0
2030-10-11 03:15:00,0.0
2030-10-11 03:30:00,0.0
2030-10-11 03:45:00,0.0
2030-10-11 04:00:00,0.0
2030-10-11 04:15:00,0.0
2030-10-11 04:30:00,0.0
2030-10-11 04:45:00,0.0
2030-10-11 05:00:00,0.0
2030-10-11 05:15:00,0.0
2030-10-11 05:30:00,0.0
2030-10-11 05:45:00,0.0
2030-10-11 06:00:00,0.0
2030-10-11 06:15:00,0.0
2030-10-11 06:30:00,0.0
2030-10-11 06:45:00,0.0
2030-10-11 07:00:00,0.0
2030-10-11 07:15:00,0.0
2030-10-11 07:30:00,0.0
2030-10-11 07:45:00,0.0
2030-10-11 08:00:00,0.0
2030-10-11 08:15:00,0.0
2030-10-11 08:30:00,0.0
2030-10-11 08:45:00,0.0
2030-10-11 09:00:00,0.0
2030-10-11 09:15:00,0.0
2030-10-11 09:30:00,0.0
2030-10-11 09:45:00,0.0
2030-10-11 10:00:00,0.0
2030-10-11 10:15:00,0.0
2030-10-11 10:30:00,0.0
2030-10-11 10:45:00,0.0
2030-10-11 11:00:00,0.0
2030-10-11 11:15:00,-3193.7983373085663
2030-10-11 11:30:00,-18120.02695936912
2030-10-11 11:45:00,-18084.335274279685
2030-10-11 12:00:00,-18176.46011900784
2030-10-11 12:15:00,-18017.84497537181
2030-10-11 12:30:00,-17930.606618208298
2030-10-11 12:45:00,-17534.666695466618
2030-10-11 13:00:00,-17371.100331898786
2030-10-11 13:15:00,-16665.75345380503
2030-10-11 13:30:00,-16276.074393237304
2030-10-11 13:45:00,-15898.879756840026
2030-10-11 14:00:00,-14471.59329302355
2030-10-11 14:15:00,-13254.978794235867
2030-10-11 14:30:00,-12788.781966481169
2030-10-11 14:45:00,-12124.851204372622
2030-10-11 15:00:00,-10581.960533381942
2030-10-11 15:15:00,-8355.116053144779
2030-10-11 15:30:00,-6862.651402453983
2030-10-11 15:45:00,-4952.891374464707
2030-10-11 16:00:00,-2361.468635528083
2030-10-11 16:15:00,-806.0282811210127
2030-10-11 16:30:00,0.0
2030-10-11 16:45:00,0.0
2030-10-11 17:00:00,0.0
2030-10-11 17:15:00,0.0
2030-10-11 17:30:00,0.0
2030-10-11 17:45:00,0.0
2030-10-11 18:00:00,0.0
2030-10-11 18:15:00,0.0
2030-10-11 18:30:00,0.0
2030-10-11 18:45:00,0.0
2030-10-11 19:00:00,0.0
2030-10-11 19:15:00,0.0
2030-10-11 19:30:00,0.0
2030-10-11 19:45:00,0.0
2030-10-11 20:00:00,0.0
2030-10-11 20:15:00,0.0
2030-10-11 20:30:00,0.0
2030-10-11 20:45:00,0.0
2030-10-11 21:00:00,0.0
2030-10-11 21:15:00,0.0
2030-10-11 21:30:00,0.0
2030-10-11 21:45:00,0.0
2030-10-11 22:00:00,0.0
2030-10-11 22:15:00,0.0
2030-10-11 22:30:00,0.0
2030-10-11 22:45:00,0.0
2030-10-11 23:00:00,0.0
2030-10-11 23:15:00,0.0
2030-10-11 23:30:00,0.0
2030-10-11 23:45:00,0.0
2030-10-12 00:00:00,0.0
2030-10-12 00:15:00,0.0
2030-10-12 00:30:00,-23.441884367188322
2030-10-12 00:45:00,-1666.1812867739973
2030-10-12 01:00:00,-1095.5052543498314
2030-10-12 01:15:00,-1494.0139999197163
2030-10-12 01:30:00,-2071.9686314159153
2030-10-12 01:45:00,-2234.293283623536
2030-10-12 02:00:00,-2455.048556378986
2030-10-12 02:15:00,-1963.9534063597275
2030-10-12 02:30:00,-1203.866740457186
2030-10-12 02:45:00,-772.6060557891524
2030-10-12 03:00:00,-185.6758695433964
2030-10-12 03:15:00,-102.09454734919927
2030-10-12 03:30:00,0.0
2030-10-12 03:45:00,0.0
2030-10-12 04:00:00,0.0
2030-10-12 04:15:00,0.0
2030-10-12 04:30:00,0.0
2030-10-12 04:45:00,0.0
2030-10-12 05:00:00,0.0
2030-10-12 05:15:00,0.0
2030-10-12 05:30:00,0.0
2030-10-12 05:45:00,0.0
2030-10-12 06:00:00,0.0
2030-10-12 06:15:00,0.0
2030-10-12 06:30:00,0.0
2030-10-12 06:45:00,0.0
2030-10-12 07:00:00,0.0
2030-10-12 07:15:00,0.0
2030-10-12 07:30:00,0.0
2030-10-12 07:45:00,0.0
2030-10-12 08:00:00,0.0
2030-10-12 08:15:00,0.0
2030-10-12 08:30:00,0.0
2030-10-12 08:45:00,0.0
2030-10-12 09:00:00,0.0
2030-10-12 09:15:00,0.0
2030-10-12 09:30:00,0.0
2030-10-12 09:45:00,0.0
2030-10-12 10:00:00,0.0
2030-10-12 10:15:00,0.0
2030-10-12 10:30:00,0.0
2030-10-12 10:45:00,0.0
2030-10-12 11:00:00,0.0
2030-10-12 11:15:00,0.0
2030-10-12 11:30:00,0.0
2030-10-12 11:45:00,0.0
2030-10-12 12:00:00,0.0
2030-10-12 12:15:00,0.0
2030-10-12 12:30:00,0.0
2030-10-12 12:45:00,0.0
2030-10-12 13:00:00,0.0
2030-10-12 13:15:00,0.0
2030-10-12 13:30:00,0.0
2030-10-12 13:45:00,0.0
2030-10-12 14:00:00,0.0
2030-10-12 14:15:00,0.0
2030-10-12 14:30:00,0.0
2030-10-12 14:45:00,0.0
2030-10-12 15:00:00,0.0
2030-10-12 15:15:00,0.0
2030-10-12 15:30:00,0.0
2030-10-12 15:45:00,0.0
2030-10-12 16:00:00,0.0
2030-10-12 16:15:00,0.0
2030-10-12 16:30:00,0.0
2030-10-12 16:45:00,0.0
2030-10-12 17:00:00,0.0
2030-10-12 17:15:00,0.0
2030-10-12 17:30:00,0.0
2030-10-12 17:45:00,0.0
2030-10-12 18:00:00,0.0
2030-10-12 18:15:00,0.0
2030-10-12 18:30:00,0.0
2030-10-12 18:45:00,0.0
2030-10-12 19:00:00,0.0
2030-10-12 19:15:00,0.0
2030-10-12 19:30:00,0.0
2030-10-12 19:45:00,0.0
2030-10-12 20:00:00,0.0
2030-10-12 20:15:00,0.0
2030-10-12 20:30:00,0.0
2030-10-12 20:45:00,0.0
2030-10-12 21:00:00,0.0
2030-10-12 21:15:00,0.0
2030-10-12 21:30:00,0.0
2030-10-12 21:45:00,0.0
2030-10-12 22:00:00,0.0
2030-10-12 22:15:00,3931.0758891684018
2030-10-12 22:30:00,0.0
2030-10-12 22:45:00,0.0
2030-10-12 23:00:00,0.0
2030-10-12 23:15:00,0.0
2030-10-12 23:30:00,0.0
2030-10-12 23:45:00,0.0
2030-10-13 00:00:00,0.0
2030-10-13 00:15:00,0.0
2030-10-13 00:30:00,0.0
2030-10-13 00:45:00,0.0
2030-10-13 01:00:00,0.0
2030-10-13 01:15:00,0.0
2030-10-13 01:30:00,0.0
2030-10-13 01:45:00,0.0
2030-10-13 02:00:00,0.0
2030-10-13 02:15:00,0.0
2030-10-13 02:30:00,0.0
2030-10-13 02:45:00,0.0
2030-10-13 03:00:00,0.0
2030-10-13 03:15:00,0.0
2030-10-13 03:30:00,0.0
2030-10-13 03:45:00,0.0
2030-10-13 04:00:00,0.0
2030-10-13 04:15:00,0.0
2030-10-13 04:30:00,0.0
2030-10-13 04:45:00,0.0
2030-10-13 05:00:00,0.0
2030-10-13 05:15:00,0.0
2030-10-13 05:30:00,0.0
2030-10-13 05:45:00,0.0
2030-10-13 06:00:00,0.0
2030-10-13 06:15:00,0.0
2030-10-13 06:30:00,0.0
2030-10-13 06:45:00,0.0
2030-10-13 07:00:00,0.0
2030-10-13 07:15:00,0.0
2030-10-13 07:30:00,0.0
2030-10-13 07:45:00,0.0
2030-10-13 08:00:00,0.0
2030-10-13 08:15:00,0.0
2030-10-13 08:30:00,0.0
2030-10-13 08:45:00,0.0
2030-10-13 09:00:00,0.0
2030-10-13 09:15:00,0.0
2030-10-13 09:30:00,0.0
2030-10-13 09:45:00,0.0
2030-10-13 10:00:00,0.0
2030-10-13 10:15:00,0.0
2030-10-13 10:30:00,0.0
2030-10-13 10:45:00,0.0
2030-10-13 11:00:00,0.0
2030-10-13 11:15:00,0.0
2030-10-13 11:30:00,0.0
2030-10-13 11:45:00,0.0
2030-10-13 12:00:00,0.0
2030-10-13 12:15:00,0.0
2030-10-13 12:30:00,0.0
2030-10-13 12:45:00,0.0
2030-10-13 13:00:00,0.0
2030-10-13 13:15:00,0.0
2030-10-13 13:30:00,0.0
2030-10-13 13:45:00,0.0
2030-10-13 14:00:00,0.0
2030-10-13 14:15:00,0.0
2030-10-13 14:30:00,-284.4147551997412
2030-10-13 14:45:00,-13394.59977761787
2030-10-13 15:00:00,-12268.971729914014
2030-10-13 15:15:00,-10678.707743657313
2030-10-13 15:30:00,-9009.559733512066
2030-10-13 15:45:00,-7422.190277276302
2030-10-13 16:00:00,-5537.153068960153
2030-10-13 16:15:00,-4154.499044550106
2030-10-13 16:30:00,-3107.186034113274
2030-10-13 16:45:00,-2249.74382338985
2030-10-13 17:00:00,-1577.3983360389611
2030-10-13 17:15:00,-1661.2014782021106
2030-10-13 17:30:00,-1662.3594278874407
2030-10-13 17:45:00,-1754.1622169645125
2030-10-13 18:00:00,-1951.5287477079437
2030-10-13 18:15:00,-1849.88961667052
2030-10-13 18:30:00,-1772.9503832869705
2030-10-13 18:45:00,-1742.910552715468
2030-10-13 19:00:00,-1718.581058938682
2030-10-13 19:15:00,-1772.8820744934492
2030-10-13 19:30:00,-1867.8003776116166
2030-10-13 19:45:00,-1873.7176143827346
2030-10-13 20:00:00,-2369.7814577705976
2030-10-13 20:15:00,-2916.681517826266
2030-10-13 20:30:00,-3456.8741230924497
2030-10-13 20:45:00,-3940.9324414714793
2030-10-13 21:00:00,-3823.555258457265
2030-10-13 21:15:00,-4248.1526041989055
2030-10-13 21:30:00,-4613.869787087151
2030-10-13 21:45:00,-5070.8416135723855
2030-10-13 22:00:00,-4993.19636608741
2030-10-13 22:15:00,-5333.421292405241
2030-10-13 22:30:00,-5765.3086439678555
2030-10-13 22:45:00,-6178.382277960027
2030-10-13 23:00:00,-7318.405848302467
2030-10-13 23:15:00,-7636.060040870529
2030-10-13 23:30:00,-7249.448092693376
2030-10-13 23:45:00,-7007.970801376969
2030-10-14 00:00:00,-6787.830960837155
2030-10-14 00:15:00,-6282.363046622646
2030-10-14 00:30:00,-6031.517250245175
2030-10-14 00:45:00,-5825.481210255226
2030-10-14 01:00:00,-6369.351099641724
2030-10-14 01:15:00,-7044.951425838943
2030-10-14 01:30:00,-7451.475605504083
2030-10-14 01:45:00,-7897.945409397846
2030-10-14 02:00:00,-7632.47494124012
2030-10-14 02:15:00,-6837.132612552505
2030-10-14 02:30:00,-6601.967269070707
2030-10-14 02:45:00,-6773.301179051399
2030-10-14 03:00:00,-6600.542178860167
2030-10-14 03:15:00,-6648.881316712937
2030-10-14 03:30:00,-7039.99088351721
2030-10-14 03:45:00,-6867.620329636748
2030-10-14 04:00:00,-6672.676916113371
2030-10-14 04:15:00,-6817.118989267066
2030-10-14 04:30:00,-7156.793699474618
2030-10-14 04:45:00,-6601.911974942846
2030-10-14 05:00:00,-6913.97993422684
2030-10-14 05:15:00,-7011.351817879855
2030-10-14 05:30:00,-7365.970985980826
2030-10-14 05:45:00,-7449.084855079633
2030-10-14 06:00:00,-7711.957323870196
2030-10-14 06:15:00,-8246.214473891168
2030-10-14 06:30:00,-8193.482784577795
2030-10-14 06:45:00,-8191.5665609742955
2030-10-14 07:00:00,-8757.58546277848
2030-10-14 07:15:00,-9672.252451700419
2030-10-14 07:30:00,-10789.78009316664
2030-10-14 07:45:00,-11888.442937061292
2030-10-14 08:00:00,-13005.388017213983
2030-10-14 08:15:00,-13965.647169472595
2030-10-14 08:30:00,-15009.884377235216
2030-10-14 08:45:00,-16232.42399517389
2030-10-14 09:00:00,-17231.90930065865
2030-10-14 09:15:00,-18249.612669268143
2030-10-14 09:30:00,-19494.232491393246
2030-10-14 09:45:00,-20614.308928291648
2030-10-14 10:00:00,-21576.472530411087
2030-10-14 10:15:00,-22573.43971186607
2030-10-14 10:30:00,-23344.256842942665
2030-10-14 10:45:00,-23610.783321412055
2030-10-14 11:00:00,-23789.40902417534
2030-10-14 11:15:00,-23902.7156797205
2030-10-14 11:30:00,-24483.13982908593
2030-10-14 11:45:00,-24725.365743721883
2030-10-14 12:00:00,-24578.321146572518
2030-10-14 12:15:00,-24138.2927708527
2030-10-14 12:30:00,-24038.57508581609
2030-10-14 12:45:00,-23612.115946259506
2030-10-14 13:00:00,-23629.84187186623
2030-10-14 13:15:00,-23782.005185361057
2030-10-14 13:30:00,-23657.589670996524
2030-10-14 13:45:00,-23069.06377904953
2030-10-14 14:00:00,-22405.646245562017
2030-10-14 14:15:00,-21130.423932280893
2030-10-14 14:30:00,-19735.067769792884
2030-10-14 14:45:00,-18174.687928440242
2030-10-14 15:00:00,-16544.831648218293
2030-10-14 15:15:00,-14959.933006310559
2030-10-14 15:30:00,-13235.186747642172
2030-10-14 15:45:00,-11438.235980735073
2030-10-14 16:00:00,-9601.826624704703
2030-10-14 16:15:00,-8103.885260847426
2030-10-14 16:30:00,-6598.072423434409
2030-10-14 16:45:00,-5239.7325997412845
2030-10-14 17:00:00,-4734.939996205878
2030-10-14 17:15:00,-4506.63632572737
2030-10-14 17:30:00,-4386.4266322546355
2030-10-14 17:45:00,-4509.763185241736
2030-10-14 18:00:00,-4046.2968297842453
2030-10-14 18:15:00,-4040.4877043384513
2030-10-14 18:30:00,-3883.2507049888154
2030-10-14 18:45:00,-4164.103235919756
2030-10-14 19:00:00,-4171.1934795944435
2030-10-14 19:15:00,-4350.089596814858
2030-10-14 19:30:00,-4397.3378515478835
2030-10-14 19:45:00,-4615.347522301243
2030-10-14 20:00:00,-4925.704671468087
2030-10-14 20:15:00,-5095.930569702661
2030-10-14 20:30:00,-5405.686536513938
2030-10-14 20:45:00,-5818.023767021099
2030-10-14 21:00:00,-5414.120981234675
2030-10-14 21:15:00,-5422.620339526718
2030-10-14 21:30:00,-5617.15779889077
2030-10-14 21:45:00,-5730.55248971987
2030-10-14 22:00:00,-5625.906385019523
2030-10-14 22:15:00,-5831.9969347514125
2030-10-14 22:30:00,-6212.170371970142
2030-10-14 22:45:00,-6794.94867461707
2030-10-14 23:00:00,-6947.745382645688
2030-10-14 23:15:00,-7050.4672093245445
2030-10-14 23:30:00,-7254.028002026478
2030-10-14 23:45:00,-7431.014059432071
2030-10-15 00:00:00,-7392.116485680177
2030-10-15 00:15:00,-7272.104584400506
2030-10-15 00:30:00,-7651.971232652146
2030-10-15 00:45:00,-7485.528052199512
2030-10-15 01:00:00,-7521.085298072569
2030-10-15 01:15:00,-7780.184131569167
2030-10-15 01:30:00,-7968.672375754042
2030-10-15 01:45:00,-8159.657669883485
2030-10-15 02:00:00,-7983.899655422714
2030-10-15 02:15:00,-7536.460903848363
2030-10-15 02:30:00,-7240.480763685562
2030-10-15 02:45:00,-7156.074010602029
2030-10-15 03:00:00,-7277.838820455725
2030-10-15 03:15:00,-7304.876069089398
2030-10-15 03:30:00,-7302.353503580654
2030-10-15 03:45:00,-6995.435084242639
2030-10-15 04:00:00,-6805.588672269843
2030-10-15 04:15:00,-6568.9441013946125
2030-10-15 04:30:00,-6587.886198523072
2030-10-15 04:45:00,-7017.857752518403
2030-10-15 05:00:00,-7296.983872506153
2030-10-15 05:15:00,-6675.853931685504
2030-10-15 05:30:00,-6672.838069517804
2030-10-15 05:45:00,-6617.330620642089
2030-10-15 06:00:00,-6275.746130594147
2030-10-15 06:15:00,-6061.445664504052
2030-10-15 06:30:00,-5805.870410507887
2030-10-15 06:45:00,-5669.469944529299
2030-10-15 07:00:00,-6022.01525702937
2030-10-15 07:15:00,-6519.151065375623
2030-10-15 07:30:00,-7492.184307156198
2030-10-15 07:45:00,-8598.337698506793
2030-10-15 08:00:00,-9757.923183436369
2030-10-15 08:15:00,-10850.002849255778
2030-10-15 08:30:00,-12099.329092139658
2030-10-15 08:45:00,-13403.33108663301
2030-10-15 09:00:00,-14992.48446828523
2030-10-15 09:15:00,-16423.6203963063
2030-10-15 09:30:00,-17335.023464981758
2030-10-15 09:45:00,-18121.32357082945
2030-10-15 10:00:00,-18602.95186836213
2030-10-15 10:15:00,-19348.286047986545
2030-10-15 10:30:00,-19856.264113452053
2030-10-15 10:45:00,-20254.703989703372
2030-10-15 11:00:00,-20557.467594213464
2030-10-15 11:15:00,-20691.023629703886
2030-10-15 11:30:00,-20404.51624012245
2030-10-15 11:45:00,-20036.83620125644
2030-10-15 12:00:00,-19783.14574711343
2030-10-15 12:15:00,-19375.50206192427
2030-10-15 12:30:00,-18419.100853419608
2030-10-15 12:45:00,-17590.752201313822
2030-10-15 13:00:00,-17561.150459029974
2030-10-15 13:15:00,-16943.015994631594
2030-10-15 13:30:00,-16243.599092055727
2030-10-15 13:45:00,-15955.328685767254
2030-10-15 14:00:00,-15136.851429891576
2030-10-15 14:15:00,-14215.154328090139
2030-10-15 14:30:00,-13511.642412625006
2030-10-15 14:45:00,-11825.822920333678
2030-10-15 15:00:00,-9966.83590248723
2030-10-15 15:15:00,-8688.850041939371
2030-10-15 15:30:00,-6992.294450431873
2030-10-15 15:45:00,-5354.166367344857
2030-10-15 16:00:00,-3675.87666915292
2030-10-15 16:15:00,-2050.8914029443185
2030-10-15 16:30:00,-710.4648329737865
2030-10-15 16:45:00,0.0
2030-10-15 17:00:00,0.0
2030-10-15 17:15:00,0.0
2030-10-15 17:30:00,0.0
2030-10-15 17:45:00,0.0
2030-10-15 18:00:00,0.0
2030-10-15 18:15:00,0.0
2030-10-15 18:30:00,0.0
2030-10-15 18:45:00,0.0
2030-10-15 19:00:00,0.0
2030-10-15 19:15:00,0.0
2030-10-15 19:30:00,0.0
2030-10-15 19:45:00,0.0
2030-10-15 20:00:00,0.0
2030-10-15 20:15:00,0.0
2030-10-15 20:30:00,0.0
2030-10-15 20:45:00,0.0
2030-10-15 21:00:00,0.0
2030-10-15 21:15:00,0.0
2030-10-15 21:30:00,0.0
2030-10-15 21:45:00,0.0
2030-10-15 22:00:00,0.0
2030-10-15 22:15:00,0.0
2030-10-15 22:30:00,0.0
2030-10-15 22:45:00,0.0
2030-10-15 23:00:00,0.0
2030-10-15 23:15:00,0.0
2030-10-15 23:30:00,0.0
2030-10-15 23:45:00,0.0
2030-10-16 00:00:00,0.0
2030-10-16 00:15:00,0.0
2030-10-16 00:30:00,0.0
2030-10-16 00:45:00,0.0
2030-10-16 01:00:00,0.0
2030-10-16 01:15:00,0.0
2030-10-16 01:30:00,0.0
2030-10-16 01:45:00,0.0
2030-10-16 02:00:00,0.0
2030-10-16 02:15:00,0.0
2030-10-16 02:30:00,0.0
2030-10-16 02:45:00,0.0
2030-10-16 03:00:00,0.0
2030-10-16 03:15:00,0.0
2030-10-16 03:30:00,0.0
2030-10-16 03:45:00,0.0
2030-10-16 04:00:00,0.0
2030-10-16 04:15:00,0.0
2030-10-16 04:30:00,0.0
2030-10-16 04:45:00,0.0
2030-10-16 05:00:00,0.0
2030-10-16 05:15:00,0.0
2030-10-16 05:30:00,0.0
2030-10-16 05:45:00,0.0
2030-10-16 06:00:00,0.0
2030-10-16 06:15:00,0.0
2030-10-16 06:30:00,0.0
2030-10-16 06:45:00,0.0
2030-10-16 07:00:00,0.0
2030-10-16 07:15:00,0.0
2030-10-16 07:30:00,0.0
2030-10-16 07:45:00,0.0
2030-10-16 08:00:00,0.0
2030-10-16 08:15:00,0.0
2030-10-16 08:30:00,0.0
2030-10-16 08:45:00,0.0
2030-10-16 09:00:00,3778.6872701411667
2030-10-16 09:15:00,0.0
2030-10-16 09:30:00,0.0
2030-10-16 09:45:00,0.0
2030-10-16 10:00:00,0.0
2030-10-16 10:15:00,0.0
2030-10-16 10:30:00,0.0
2030-10-16 10:45:00,0.0
2030-10-16 11:00:00,0.0
2030-10-16 11:15:00,0.0
2030-10-16 11:30:00,0.0
2030-10-16 11:45:00,0.0
2030-10-16 12:00:00,0.0
2030-10-16 12:15:00,0.0
2030-10-16 12:30:00,0.0
2030-10-16 12:45:00,0.0
2030-10-16 13:00:00,0.0
2030-10-16 13:15:00,0.0
2030-10-16 13:30:00,0.0
2030-10-16 13:45:00,0.0
2030-10-16 14:00:00,0.0
2030-10-16 14:15:00,0.0
2030-10-16 14:30:00,0.0
2030-10-16 14:45:00,0.0
2030-10-16 15:00:00,0.0
2030-10-16 15:15:00,0.0
2030-10-16 15:30:00,0.0
2030-10-16 15:45:00,674.9858877622264
2030-10-16 16:00:00,2116.102927859596
2030-10-16 16:15:00,3382.7782920488007
2030-10-16 16:30:00,4311.414956692559
2030-10-16 16:45:00,5113.496221468151
2030-10-16 17:00:00,5597.143534273753
2030-10-16 17:15:00,5838.013256235648
2030-10-16 17:30:00,5819.034325865232
2030-10-16 17:45:00,6152.512644507911
2030-10-16 18:00:00,6283.405034927488
2030-10-16 18:15:00,6102.962606925135
2030-10-16 18:30:00,6125.562408950107
2030-10-16 18:45:00,6294.249787950543
2030-10-16 19:00:00,6303.382034364469
2030-10-16 19:15:00,6229.193283651599
2030-10-16 19:30:00,5882.698728650492
2030-10-16 19:45:00,5775.349787781572
2030-10-16 20:00:00,5108.258344986738
2030-10-16 20:15:00,4379.726202669084
2030-10-16 20:30:00,3918.082945505612
2030-10-16 20:45:00,3524.7850476852545
2030-10-16 21:00:00,3278.3541340205466
2030-10-16 21:15:00,2828.484874329166
2030-10-16 21:30:00,2519.3483316296515
2030-10-16 21:45:00,2239.1212825377515
2030-10-16 22:00:00,1960.5447088377368
2030-10-16 22:15:00,1818.2261816246428
2030-10-16 22:30:00,1499.6229418688126
2030-10-16 22:45:00,1321.319438522487
2030-10-16 23:00:00,1176.7759834721546
2030-10-16 23:15:00,1003.9075111814636
2030-10-16 23:30:00,879.6564315456744
2030-10-16 23:45:00,838.8842984240837
2030-10-17 00:00:00,770.6801894137388
2030-10-17 00:15:00,689.6968918721614
2030-10-17 00:30:00,564.712134191177
2030-10-17 00:45:00,467.4124730795029
2030-10-17 01:00:00,33.69925794696792
2030-10-17 01:15:00,0.0
2030-10-17 01:30:00,0.0
2030-10-17 01:45:00,0.0
2030-10-17 02:00:00,0.0
2030-10-17 02:15:00,0.0
2030-10-17 02:30:00,0.0
2030-10-17 02:45:00,0.0
2030-10-17 03:00:00,0.0
2030-10-17 03:15:00,0.0
2030-10-17 03:30:00,0.0
2030-10-17 03:45:00,0.0
2030-10-17 04:00:00,0.0
2030-10-17 04:15:00,0.0
2030-10-17 04:30:00,0.0
2030-10-17 04:45:00,109.70874190903123
2030-10-17 05:00:00,457.1388442763073
2030-10-17 05:15:00,715.4350575732624
2030-10-17 05:30:00,1214.3069907060726
2030-10-17 05:45:00,1872.6980877670994
2030-10-17 06:00:00,2947.6971816145306
2030-10-17 06:15:00,3672.205084218411
2030-10-17 06:30:00,4217.4529250711785
2030-10-17 06:45:00,4521.96378771626
2030-10-17 07:00:00,4663.95879241918
2030-10-17 07:15:00,4023.1114104611297
2030-10-17 07:30:00,3039.66055478248
2030-10-17 07:45:00,1888.5401903518868
2030-10-17 08:00:00,643.298200753452
2030-10-17 08:15:00,0.0
2030-10-17 08:30:00,0.0
2030-10-17 08:45:00,0.0
2030-10-17 09:00:00,0.0
2030-10-17 09:15:00,0.0
2030-10-17 09:30:00,0.0
2030-10-17 09:45:00,0.0
2030-10-17 10:00:00,0.0
2030-10-17 10:15:00,0.0
2030-10-17 10:30:00,0.0
2030-10-17 10:45:00,0.0
2030-10-17 11:00:00,0.0
2030-10-17 11:15:00,0.0
2030-10-17 11:30:00,0.0
2030-10-17 11:45:00,0.0
2030-10-17 12:00:00,0.0
2030-10-17 12:15:00,0.0
2030-10-17 12:30:00,0.0
2030-10-17 12:45:00,0.0
2030-10-17 13:00:00,0.0
2030-10-17 13:15:00,0.0
2030-10-17 13:30:00,427.91729487794873
2030-10-17 13:45:00,0.0
2030-10-17 14:00:00,0.0
2030-10-17 14:15:00,0.0
2030-10-17 14:30:00,0.0
2030-10-17 14:45:00,0.0
2030-10-17 15:00:00,0.0
2030-10-17 15:15:00,0.0
2030-10-17 15:30:00,0.0
2030-10-17 15:45:00,818.9926640587546
2030-10-17 16:00:00,2358.7779126319638
2030-10-17 16:15:00,3710.6360955992204
2030-10-17 16:30:00,4699.461507537322
2030-10-17 16:45:00,5389.381545077522
2030-10-17 17:00:00,5808.2140095388095
2030-10-17 17:15:00,5765.176506006963
2030-10-17 17:30:00,5587.337545655664
2030-10-17 17:45:00,5428.390017695772
2030-10-17 18:00:00,5247.693557526658
2030-10-17 18:15:00,5080.479821645378
2030-10-17 18:30:00,5025.2089606738045
2030-10-17 18:45:00,4948.075921903015
2030-10-17 19:00:00,4555.125180198167
2030-10-17 19:15:00,4204.031292201051
2030-10-17 19:30:00,3927.657104357313
2030-10-17 19:45:00,3501.049174451451
2030-10-17 20:00:00,2846.87534196209
2030-10-17 20:15:00,2349.6471201363074
2030-10-17 20:30:00,1666.4698816624277
2030-10-17 20:45:00,893.0931501180858
2030-10-17 21:00:00,411.01791675055574
2030-10-17 21:15:00,0.0
2030-10-17 21:30:00,0.0
2030-10-17 21:45:00,0.0
2030-10-17 22:00:00,0.0
2030-10-17 22:15:00,0.0
2030-10-17 22:30:00,0.0
2030-10-17 22:45:00,0.0
2030-10-17 23:00:00,0.0
2030-10-17 23:15:00,0.0
2030-10-17 23:30:00,0.0
2030-10-17 23:45:00,0.0
2030-10-18 00:00:00,0.0
2030-10-18 00:15:00,0.0
2030-10-18 00:30:00,0.0
2030-10-18 00:45:00,0.0
2030-10-18 01:00:00,0.0
2030-10-18 01:15:00,0.0
2030-10-18 01:30:00,0.0
2030-10-18 01:45:00,0.0
2030-10-18 02:00:00,0.0
2030-10-18 02:15:00,0.0
2030-10-18 02:30:00,0.0
2030-10-18 02:45:00,0.0
2030-10-18 03:00:00,0.0
2030-10-18 03:15:00,0.0
2030-10-18 03:30:00,0.0
2030-10-18 03:45:00,0.0
2030-10-18 04:00:00,0.0
2030-10-18 04:15:00,0.0
2030-10-18 04:30:00,0.0
2030-10-18 04:45:00,0.0
2030-10-18 05:00:00,0.0
2030-10-18 05:15:00,0.0
2030-10-18 05:30:00,0.0
2030-10-18 05:45:00,0.0
2030-10-18 06:00:00,0.0
2030-10-18 06:15:00,0.0
2030-10-18 06:30:00,0.0
2030-10-18 06:45:00,0.0
2030-10-18 07:00:00,0.0
2030-10-18 07:15:00,0.0
2030-10-18 07:30:00,0.0
2030-10-18 07:45:00,0.0
2030-10-18 08:00:00,0.0
2030-10-18 08:15:00,0.0
2030-10-18 08:30:00,0.0
2030-10-18 08:45:00,0.0
2030-10-18 09:00:00,0.0
2030-10-18 09:15:00,0.0
2030-10-18 09:30:00,0.0
2030-10-18 09:45:00,0.0
2030-10-18 10:00:00,0.0
2030-10-18 10:15:00,0.0
2030-10-18 10:30:00,0.0
2030-10-18 10:45:00,0.0
2030-10-18 11:00:00,0.0
2030-10-18 11:15:00,0.0
2030-10-18 11:30:00,0.0
2030-10-18 11:45:00,0.0
2030-10-18 12:00:00,0.0
2030-10-18 12:15:00,0.0
2030-10-18 12:30:00,0.0
2030-10-18 12:45:00,0.0
2030-10-18 13:00:00,0.0
2030-10-18 13:15:00,0.0
2030-10-18 13:30:00,0.0
2030-10-18 13:45:00,0.0
2030-10-18 14:00:00,0.0
2030-10-18 14:15:00,0.0
2030-10-18 14:30:00,0.0
2030-10-18 14:45:00,0.0
2030-10-18 15:00:00,0.0
2030-10-18 15:15:00,0.0
2030-10-18 15:30:00,0.0
2030-10-18 15:45:00,0.0
2030-10-18 16:00:00,0.0
2030-10-18 16:15:00,0.0
2030-10-18 16:30:00,0.0
2030-10-18 16:45:00,2158.4689180709865
2030-10-18 17:00:00,0.0
2030-10-18 17:15:00,0.0
2030-10-18 17:30:00,0.0
2030-10-18 17:45:00,0.0
2030-10-18 18:00:00,0.0
2030-10-18 18:15:00,0.0
2030-10-18 18:30:00,0.0
2030-10-18 18:45:00,0.0
2030-10-18 19:00:00,0.0
2030-10-18 19:15:00,0.0
2030-10-18 19:30:00,0.0
2030-10-18 19:45:00,0.0
2030-10-18 20:00:00,0.0
2030-10-18 20:15:00,0.0
2030-10-18 20:30:00,0.0
2030-10-18 20:45:00,0.0
2030-10-18 21:00:00,0.0
2030-10-18 21:15:00,0.0
2030-10-18 21:30:00,0.0
2030-10-18 21:45:00,0.0
2030-10-18 22:00:00,0.0
2030-10-18 22:15:00,0.0
2030-10-18 22:30:00,0.0
2030-10-18 22:45:00,0.0
2030-10-18 23:00:00,0.0
2030-10-18 23:15:00,0.0
2030-10-18 23:30:00,0.0
2030-10-18 23:45:00,0.0
2030-10-19 00:00:00,0.0
2030-10-19 00:15:00,0.0
2030-10-19 00:30:00,0.0
2030-10-19 00:45:00,0.0
2030-10-19 01:00:00,0.0
2030-10-19 01:15:00,0.0
2030-10-19 01:30:00,0.0
2030-10-19 01:45:00,0.0
2030-10-19 02:00:00,0.0
2030-10-19 02:15:00,0.0
2030-10-19 02:30:00,0.0
2030-10-19 02:45:00,0.0
2030-10-19 03:00:00,0.0
2030-10-19 03:15:00,0.0
2030-10-19 03:30:00,0.0
2030-10-19 03:45:00,0.0
2030-10-19 04:00:00,0.0
2030-10-19 04:15:00,0.0
2030-10-19 04:30:00,0.0
2030-10-19 04:45:00,0.0
2030-10-19 05:00:00,0.0
2030-10-19 05:15:00,0.0
2030-10-19 05:30:00,0.0
2030-10-19 05:45:00,0.0
2030-10-19 06:00:00,0.0
2030-10-19 06:15:00,0.0
2030-10-19 06:30:00,0.0
2030-10-19 06:45:00,0.0
2030-10-19 07:00:00,0.0
2030-10-19 07:15:00,0.0
2030-10-19 07:30:00,0.0
2030-10-19 07:45:00,0.0
2030-10-19 08:00:00,0.0
2030-10-19 08:15:00,0.0
2030-10-19 08:30:00,0.0
2030-10-19 08:45:00,0.0
2030-10-19 09:00:00,0.0
2030-10-19 09:15:00,0.0
2030-10-19 09:30:00,0.0
2030-10-19 09:45:00,0.0
2030-10-19 10:00:00,0.0
2030-10-19 10:15:00,0.0
2030-10-19 10:30:00,0.0
2030-10-19 10:45:00,0.0
2030-10-19 11:00:00,0.0
2030-10-19 11:15:00,0.0
2030-10-19 11:30:00,0.0
2030-10-19 11:45:00,0.0
2030-10-19 12:00:00,0.0
2030-10-19 12:15:00,0.0
2030-10-19 12:30:00,0.0
2030-10-19 12:45:00,0.0
2030-10-19 13:00:00,0.0
2030-10-19 13:15:00,0.0
2030-10-19 13:30:00,0.0
2030-10-19 13:45:00,0.0
2030-10-19 14:00:00,0.0
2030-10-19 14:15:00,0.0
2030-10-19 14:30:00,0.0
2030-10-19 14:45:00,0.0
2030-10-19 15:00:00,0.0
2030-10-19 15:15:00,0.0
2030-10-19 15:30:00,0.0
2030-10-19 15:45:00,1350.305808523448
2030-10-19 16:00:00,0.0
2030-10-19 16:15:00,0.0
2030-10-19 16:30:00,0.0
2030-10-19 16:45:00,0.0
2030-10-19 17:00:00,0.0
2030-10-19 17:15:00,0.0
2030-10-19 17:30:00,0.0
2030-10-19 17:45:00,0.0
2030-10-19 18:00:00,0.0
2030-10-19 18:15:00,0.0
2030-10-19 18:30:00,0.0
2030-10-19 18:45:00,0.0
2030-10-19 19:00:00,0.0
2030-10-19 19:15:00,0.0
2030-10-19 19:30:00,0.0
2030-10-19 19:45:00,0.0
2030-10-19 20:00:00,0.0
2030-10-19 20:15:00,0.0
2030-10-19 20:30:00,0.0
2030-10-19 20:45:00,0.0
2030-10-19 21:00:00,0.0
2030-10-19 21:15:00,0.0
2030-10-19 21:30:00,0.0
2030-10-19 21:45:00,0.0
2030-10-19 22:00:00,0.0
2030-10-19 22:15:00,0.0
2030-10-19 22:30:00,0.0
2030-10-19 22:45:00,0.0
2030-10-19 23:00:00,0.0
2030-10-19 23:15:00,0.0
2030-10-19 23:30:00,0.0
2030-10-19 23:45:00,0.0
2030-10-20 00:00:00,0.0
2030-10-20 00:15:00,0.0
2030-10-20 00:30:00,0.0
2030-10-20 00:45:00,0.0
2030-10-20 01:00:00,0.0
2030-10-20 01:15:00,0.0
2030-10-20 01:30:00,0.0
2030-10-20 01:45:00,0.0
2030-10-20 02:00:00,0.0
2030-10-20 02:15:00,0.0
2030-10-20 02:30:00,0.0
2030-10-20 02:45:00,0.0
2030-10-20 03:00:00,0.0
2030-10-20 03:15:00,0.0
2030-10-20 03:30:00,0.0
2030-10-20 03:45:00,0.0
2030-10-20 04:00:00,0.0
2030-10-20 04:15:00,0.0
2030-10-20 04:30:00,0.0
2030-10-20 04:45:00,0.0
2030-10-20 05:00:00,0.0
2030-10-20 05:15:00,0.0
2030-10-20 05:30:00,0.0
2030-10-20 05:45:00,0.0
2030-10-20 06:00:00,0.0
2030-10-20 06:15:00,0.0
2030-10-20 06:30:00,0.0
2030-10-20 06:45:00,0.0
2030-10-20 07:00:00,0.0
2030-10-20 07:15:00,0.0
2030-10-20 07:30:00,0.0
2030-10-20 07:45:00,0.0
2030-10-20 08:00:00,0.0
2030-10-20 08:15:00,0.0
2030-10-20 08:30:00,0.0
2030-10-20 08:45:00,0.0
2030-10-20 09:00:00,0.0
2030-10-20 09:15:00,0.0
2030-10-20 09:30:00,0.0
2030-10-20 09:45:00,0.0
2030-10-20 10:00:00,0.0
2030-10-20 10:15:00,0.0
2030-10-20 10:30:00,0.0
2030-10-20 10:45:00,0.0
2030-10-20 11:00:00,0.0
2030-10-20 11:15:00,0.0
2030-10-20 11:30:00,0.0
2030-10-20 11:45:00,0.0
2030-10-20 12:00:00,0.0
2030-10-20 12:15:00,0.0
2030-10-20 12:30:00,0.0
2030-10-20 12:45:00,0.0
2030-10-20 13:00:00,0.0
2030-10-20 13:15:00,0.0
2030-10-20 13:30:00,0.0
2030-10-20 13:45:00,-109.72556615757276
2030-10-20 14:00:00,-14265.86207310209
2030-10-20 14:15:00,-14195.834958126896
2030-10-20 14:30:00,-13647.406340165122
2030-10-20 14:45:00,-13125.09263708481
2030-10-20 15:00:00,-11800.683998303397
2030-10-20 15:15:00,-10413.585106088474
2030-10-20 15:30:00,-8840.172744297819
2030-10-20 15:45:00,-7405.157156589423
2030-10-20 16:00:00,-5856.218238403009
2030-10-20 16:15:00,-4585.915652995747
2030-10-20 16:30:00,-3330.469674365435
2030-10-20 16:45:00,-2385.831379580668
2030-10-20 17:00:00,-1275.5448422807349
2030-10-20 17:15:00,-899.4650717225559
2030-10-20 17:30:00,-464.35269002716086
2030-10-20 17:45:00,-1.4150958646168874
2030-10-20 18:00:00,0.0
2030-10-20 18:15:00,0.0
2030-10-20 18:30:00,0.0
2030-10-20 18:45:00,0.0
2030-10-20 19:00:00,0.0
2030-10-20 19:15:00,0.0
2030-10-20 19:30:00,0.0
2030-10-20 19:45:00,0.0
2030-10-20 20:00:00,0.0
2030-10-20 20:15:00,0.0
2030-10-20 20:30:00,0.0
2030-10-20 20:45:00,0.0
2030-10-20 21:00:00,0.0
2030-10-20 21:15:00,0.0
2030-10-20 21:30:00,0.0
2030-10-20 21:45:00,0.0
2030-10-20 22:00:00,0.0
2030-10-20 22:15:00,0.0
2030-10-20 22:30:00,0.0
2030-10-20 22:45:00,0.0
2030-10-20 23:00:00,0.0
2030-10-20 23:15:00,0.0
2030-10-20 23:30:00,0.0
2030-10-20 23:45:00,0.0
2030-10-21 00:00:00,0.0
2030-10-21 00:15:00,0.0
2030-10-21 00:30:00,0.0
2030-10-21 00:45:00,0.0
2030-10-21 01:00:00,0.0
2030-10-21 01:15:00,0.0
2030-10-21 01:30:00,0.0
2030-10-21 01:45:00,0.0
2030-10-21 02:00:00,0.0
2030-10-21 02:15:00,0.0
2030-10-21 02:30:00,0.0
2030-10-21 02:45:00,0.0
2030-10-21 03:00:00,0.0
2030-10-21 03:15:00,0.0
2030-10-21 03:30:00,0.0
2030-10-21 03:45:00,0.0
2030-10-21 04:00:00,0.0
2030-10-21 04:15:00,0.0
2030-10-21 04:30:00,0.0
2030-10-21 04:45:00,0.0
2030-10-21 05:00:00,0.0
2030-10-21 05:15:00,0.0
2030-10-21 05:30:00,0.0
2030-10-21 05:45:00,0.0
2030-10-21 06:00:00,0.0
2030-10-21 06:15:00,0.0
2030-10-21 06:30:00,0.0
2030-10-21 06:45:00,0.0
2030-10-21 07:00:00,0.0
2030-10-21 07:15:00,0.0
2030-10-21 07:30:00,0.0
2030-10-21 07:45:00,0.0
2030-10-21 08:00:00,0.0
2030-10-21 08:15:00,0.0
2030-10-21 08:30:00,0.0
2030-10-21 08:45:00,0.0
2030-10-21 09:00:00,0.0
2030-10-21 09:15:00,0.0
2030-10-21 09:30:00,0.0
2030-10-21 09:45:00,0.0
2030-10-21 10:00:00,-7738.898805400928
2030-10-21 10:15:00,-11482.647254243555
2030-10-21 10:30:00,-12630.620092261404
2030-10-21 10:45:00,-12900.365344761765
2030-10-21 11:00:00,-13632.510561476163
2030-10-21 11:15:00,-14033.423484473333
2030-10-21 11:30:00,-14384.788660661023
2030-10-21 11:45:00,-14271.61936976769
2030-10-21 12:00:00,-14694.891352567778
2030-10-21 12:15:00,-14660.510947939598
2030-10-21 12:30:00,-14765.38959475989
2030-10-21 12:45:00,-14628.483366629389
2030-10-21 13:00:00,-13867.263353975057
2030-10-21 13:15:00,-13790.343128442804
2030-10-21 13:30:00,-13642.998985704122
2030-10-21 13:45:00,-13076.544399500846
2030-10-21 14:00:00,-11653.383295698386
2030-10-21 14:15:00,-10566.503082739862
2030-10-21 14:30:00,-9627.790114459596
2030-10-21 14:45:00,-8423.210904751195
2030-10-21 15:00:00,-6756.342103472325
2030-10-21 15:15:00,-5556.664391290065
2030-10-21 15:30:00,-4392.853970409324
2030-10-21 15:45:00,-2657.5616033667393
2030-10-21 16:00:00,-1028.5917150510468
2030-10-21 16:15:00,0.0
2030-10-21 16:30:00,0.0
2030-10-21 16:45:00,0.0
2030-10-21 17:00:00,0.0
2030-10-21 17:15:00,0.0
2030-10-21 17:30:00,0.0
2030-10-21 17:45:00,0.0
2030-10-21 18:00:00,0.0
2030-10-21 18:15:00,0.0
2030-10-21 18:30:00,0.0
2030-10-21 18:45:00,0.0
2030-10-21 19:00:00,0.0
2030-10-21 19:15:00,0.0
2030-10-21 19:30:00,0.0
2030-10-21 19:45:00,0.0
2030-10-21 20:00:00,0.0
2030-10-21 20:15:00,0.0
2030-10-21 20:30:00,0.0
2030-10-21 20:45:00,0.0
2030-10-21 21:00:00,0.0
2030-10-21 21:15:00,0.0
2030-10-21 21:30:00,0.0
2030-10-21 21:45:00,0.0
2030-10-21 22:00:00,0.0
2030-10-21 22:15:00,0.0
2030-10-21 22:30:00,0.0
2030-10-21 22:45:00,0.0
2030-10-21 23:00:00,0.0
2030-10-21 23:15:00,0.0
2030-10-21 23:30:00,0.0
2030-10-21 23:45:00,0.0
2030-10-22 00:00:00,-2658.555730554741
2030-10-22 00:15:00,-4328.558800879135
2030-10-22 00:30:00,-4517.532354239007
2030-10-22 00:45:00,-4745.776202187013
2030-10-22 01:00:00,-5423.028474131685
2030-10-22 01:15:00,-6036.974160264839
2030-10-22 01:30:00,-6128.669829139495
2030-10-22 01:45:00,-6168.00190532102
2030-10-22 02:00:00,-6365.363053010766
2030-10-22 02:15:00,-6617.766969888744
2030-10-22 02:30:00,-6667.949215858462
2030-10-22 02:45:00,-6639.025008118699
2030-10-22 03:00:00,-6705.453290595902
2030-10-22 03:15:00,-6769.743197241227
2030-10-22 03:30:00,-6804.540793091437
2030-10-22 03:45:00,-6835.375374543846
2030-10-22 04:00:00,-6725.996719554152
2030-10-22 04:15:00,-6987.3652589321355
2030-10-22 04:30:00,-6875.656541254744
2030-10-22 04:45:00,-6913.986424474177
2030-10-22 05:00:00,-6965.109915588271
2030-10-22 05:15:00,-7009.672502633624
2030-10-22 05:30:00,-6981.595177534635
2030-10-22 05:45:00,-6948.617043771428
2030-10-22 06:00:00,-6742.828123646304
2030-10-22 06:15:00,-6795.955970348454
2030-10-22 06:30:00,-6721.38709148051
2030-10-22 06:45:00,-6611.26468787102
2030-10-22 07:00:00,-6564.041513383616
2030-10-22 07:15:00,-6948.81531331429
2030-10-22 07:30:00,-7329.418578394789
2030-10-22 07:45:00,-7934.386161311188
2030-10-22 08:00:00,-8616.599622090282
2030-10-22 08:15:00,-9438.043276241377
2030-10-22 08:30:00,-10015.26820286771
2030-10-22 08:45:00,-10724.904966080303
2030-10-22 09:00:00,-11251.17274032615
2030-10-22 09:15:00,-11715.264029177677
2030-10-22 09:30:00,-12312.390886318946
2030-10-22 09:45:00,-12654.279726546232
2030-10-22 10:00:00,-13135.147760014777
2030-10-22 10:15:00,-13578.263935800602
2030-10-22 10:30:00,-13776.62985397752
2030-10-22 10:45:00,-14065.564524268597
2030-10-22 11:00:00,-14301.848087932547
2030-10-22 11:15:00,-14284.418122811505
2030-10-22 11:30:00,-14350.539818768393
2030-10-22 11:45:00,-14051.55222585499
2030-10-22 12:00:00,-13556.848205118575
2030-10-22 12:15:00,-13409.443572299191
2030-10-22 12:30:00,-13105.283662756214
2030-10-22 12:45:00,-12936.024843910305
2030-10-22 13:00:00,-12936.23349793203
2030-10-22 13:15:00,-12528.655733915104
2030-10-22 13:30:00,-11668.77098999916
2030-10-22 13:45:00,-10827.120629196725
2030-10-22 14:00:00,-9619.176415038113
2030-10-22 14:15:00,-8608.1160069004
2030-10-22 14:30:00,-7759.330040999241
2030-10-22 14:45:00,-6898.156760530725
2030-10-22 15:00:00,-5636.609016622675
2030-10-22 15:15:00,-4198.665824787917
2030-10-22 15:30:00,-2614.898772884333
2030-10-22 15:45:00,-1163.2145869861633
2030-10-22 16:00:00,0.0
2030-10-22 16:15:00,0.0
2030-10-22 16:30:00,0.0
2030-10-22 16:45:00,0.0
2030-10-22 17:00:00,0.0
2030-10-22 17:15:00,0.0
2030-10-22 17:30:00,0.0
2030-10-22 17:45:00,0.0
2030-10-22 18:00:00,0.0
2030-10-22 18:15:00,0.0
2030-10-22 18:30:00,0.0
2030-10-22 18:45:00,0.0
2030-10-22 19:00:00,0.0
2030-10-22 19:15:00,0.0
2030-10-22 19:30:00,0.0
2030-10-22 19:45:00,0.0
2030-10-22 20:00:00,0.0
2030-10-22 20:15:00,0.0
2030-10-22 20:30:00,0.0
2030-10-22 20:45:00,0.0
2030-10-22 21:00:00,0.0
2030-10-22 21:15:00,0.0
2030-10-22 21:30:00,0.0
2030-10-22 21:45:00,0.0
2030-10-22 22:00:00,0.0
2030-10-22 22:15:00,0.0
2030-10-22 22:30:00,0.0
2030-10-22 22:45:00,0.0
2030-10-22 23:00:00,0.0
2030-10-22 23:15:00,0.0
2030-10-22 23:30:00,0.0
2030-10-22 23:45:00,0.0
2030-10-23 00:00:00,0.0
2030-10-23 00:15:00,0.0
2030-10-23 00:30:00,0.0
2030-10-23 00:45:00,0.0
2030-10-23 01:00:00,0.0
2030-10-23 01:15:00,0.0
2030-10-23 01:30:00,0.0
2030-10-23 01:45:00,0.0
2030-10-23 02:00:00,0.0
2030-10-23 02:15:00,0.0
2030-10-23 02:30:00,0.0
2030-10-23 02:45:00,0.0
2030-10-23 03:00:00,0.0
2030-10-23 03:15:00,0.0
2030-10-23 03:30:00,0.0
2030-10-23 03:45:00,0.0
2030-10-23 04:00:00,0.0
2030-10-23 04:15:00,0.0
2030-10-23 04:30:00,0.0
2030-10-23 04:45:00,0.0
2030-10-23 05:00:00,0.0
2030-10-23 05:15:00,0.0
2030-10-23 05:30:00,0.0
2030-10-23 05:45:00,0.0
2030-10-23 06:00:00,0.0
2030-10-23 06:15:00,0.0
2030-10-23 06:30:00,0.0
2030-10-23 06:45:00,0.0
2030-10-23 07:00:00,0.0
2030-10-23 07:15:00,0.0
2030-10-23 07:30:00,0.0
2030-10-23 07:45:00,0.0
2030-10-23 08:00:00,0.0
2030-10-23 08:15:00,0.0
2030-10-23 08:30:00,0.0
2030-10-23 08:45:00,0.0
2030-10-23 09:00:00,0.0
2030-10-23 09:15:00,0.0
2030-10-23 09:30:00,0.0
2030-10-23 09:45:00,0.0
2030-10-23 10:00:00,0.0
2030-10-23 10:15:00,0.0
2030-10-23 10:30:00,0.0
2030-10-23 10:45:00,0.0
2030-10-23 11:00:00,369.0794918796764
2030-10-23 11:15:00,0.0
2030-10-23 11:30:00,0.0
2030-10-23 11:45:00,0.0
2030-10-23 12:00:00,0.0
2030-10-23 12:15:00,0.0
2030-10-23 12:30:00,0.0
2030-10-23 12:45:00,0.0
2030-10-23 13:00:00,0.0
2030-10-23 13:15:00,0.0
2030-10-23 13:30:00,0.0
2030-10-23 13:45:00,0.0
2030-10-23 14:00:00,132.09682868450182
2030-10-23 14:15:00,303.8605352137729
2030-10-23 14:30:00,351.0191652692556
2030-10-23 14:45:00,206.87896759192154
2030-10-23 15:00:00,205.12106916374796
2030-10-23 15:15:00,0.0
2030-10-23 15:30:00,0.0
2030-10-23 15:45:00,0.0
2030-10-23 16:00:00,0.0
2030-10-23 16:15:00,0.0
2030-10-23 16:30:00,0.0
2030-10-23 16:45:00,0.0
2030-10-23 17:00:00,0.0
2030-10-23 17:15:00,0.0
2030-10-23 17:30:00,0.0
2030-10-23 17:45:00,0.0
2030-10-23 18:00:00,0.0
2030-10-23 18:15:00,0.0
2030-10-23 18:30:00,0.0
2030-10-23 18:45:00,0.0
2030-10-23 19:00:00,0.0
2030-10-23 19:15:00,0.0
2030-10-23 19:30:00,0.0
2030-10-23 19:45:00,0.0
2030-10-23 20:00:00,0.0
2030-10-23 20:15:00,0.0
2030-10-23 20:30:00,0.0
2030-10-23 20:45:00,0.0
2030-10-23 21:00:00,0.0
2030-10-23 21:15:00,0.0
2030-10-23 21:30:00,0.0
2030-10-23 21:45:00,0.0
2030-10-23 22:00:00,0.0
2030-10-23 22:15:00,0.0
2030-10-23 22:30:00,0.0
2030-10-23 22:45:00,0.0
2030-10-23 23:00:00,0.0
2030-10-23 23:15:00,0.0
2030-10-23 23:30:00,0.0
2030-10-23 23:45:00,0.0
2030-10-24 00:00:00,0.0
2030-10-24 00:15:00,0.0
2030-10-24 00:30:00,0.0
2030-10-24 00:45:00,0.0
2030-10-24 01:00:00,0.0
2030-10-24 01:15:00,0.0
2030-10-24 01:30:00,0.0
2030-10-24 01:45:00,0.0
2030-10-24 02:00:00,0.0
2030-10-24 02:15:00,0.0
2030-10-24 02:30:00,0.0
2030-10-24 02:45:00,0.0
2030-10-24 03:00:00,0.0
2030-10-24 03:15:00,0.0
2030-10-24 03:30:00,0.0
2030-10-24 03:45:00,0.0
2030-10-24 04:00:00,176.56993936720573
2030-10-24 04:15:00,0.0
2030-10-24 04:30:00,0.0
2030-10-24 04:45:00,0.0
2030-10-24 05:00:00,0.0
2030-10-24 05:15:00,0.0
2030-10-24 05:30:00,0.0
2030-10-24 05:45:00,0.0
2030-10-24 06:00:00,0.0
2030-10-24 06:15:00,0.0
2030-10-24 06:30:00,0.0
2030-10-24 06:45:00,0.0
2030-10-24 07:00:00,0.0
2030-10-24 07:15:00,0.0
2030-10-24 07:30:00,0.0
2030-10-24 07:45:00,0.0
2030-10-24 08:00:00,0.0
2030-10-24 08:15:00,0.0
2030-10-24 08:30:00,0.0
2030-10-24 08:45:00,0.0
2030-10-24 09:00:00,0.0
2030-10-24 09:15:00,0.0
2030-10-24 09:30:00,0.0
2030-10-24 09:45:00,0.0
2030-10-24 10:00:00,0.0
2030-10-24 10:15:00,0.0
2030-10-24 10:30:00,0.0
2030-10-24 10:45:00,0.0
2030-10-24 11:00:00,0.0
2030-10-24 11:15:00,0.0
2030-10-24 11:30:00,0.0
2030-10-24 11:45:00,0.0
2030-10-24 12:00:00,0.0
2030-10-24 12:15:00,0.0
2030-10-24 12:30:00,0.0
2030-10-24 12:45:00,0.0
2030-10-24 13:00:00,0.0
2030-10-24 13:15:00,0.0
2030-10-24 13:30:00,0.0
2030-10-24 13:45:00,0.0
2030-10-24 14:00:00,0.0
2030-10-24 14:15:00,0.0
2030-10-24 14:30:00,0.0
2030-10-24 14:45:00,0.0
2030-10-24 15:00:00,0.0
2030-10-24 15:15:00,0.0
2030-10-24 15:30:00,0.0
2030-10-24 15:45:00,0.0
2030-10-24 16:00:00,0.0
2030-10-24 16:15:00,0.0
2030-10-24 16:30:00,0.0
2030-10-24 16:45:00,0.0
2030-10-24 17:00:00,0.0
2030-10-24 17:15:00,0.0
2030-10-24 17:30:00,0.0
2030-10-24 17:45:00,0.0
2030-10-24 18:00:00,0.0
2030-10-24 18:15:00,0.0
2030-10-24 18:30:00,0.0
2030-10-24 18:45:00,0.0
2030-10-24 19:00:00,0.0
2030-10-24 19:15:00,0.0
2030-10-24 19:30:00,0.0
2030-10-24 19:45:00,0.0
2030-10-24 20:00:00,0.0
2030-10-24 20:15:00,0.0
2030-10-24 20:30:00,0.0
2030-10-24 20:45:00,0.0
2030-10-24 21:00:00,0.0
2030-10-24 21:15:00,0.0
2030-10-24 21:30:00,0.0
2030-10-24 21:45:00,0.0
2030-10-24 22:00:00,0.0
2030-10-24 22:15:00,0.0
2030-10-24 22:30:00,0.0
2030-10-24 22:45:00,0.0
2030-10-24 23:00:00,0.0
2030-10-24 23:15:00,0.0
2030-10-24 23:30:00,0.0
2030-10-24 23:45:00,0.0
2030-10-25 00:00:00,0.0
2030-10-25 00:15:00,0.0
2030-10-25 00:30:00,0.0
2030-10-25 00:45:00,0.0
2030-10-25 01:00:00,0.0
2030-10-25 01:15:00,0.0
2030-10-25 01:30:00,0.0
2030-10-25 01:45:00,0.0
2030-10-25 02:00:00,0.0
2030-10-25 02:15:00,0.0
2030-10-25 02:30:00,0.0
2030-10-25 02:45:00,0.0
2030-10-25 03:00:00,0.0
2030-10-25 03:15:00,0.0
2030-10-25 03:30:00,0.0
2030-10-25 03:45:00,0.0
2030-10-25 04:00:00,0.0
2030-10-25 04:15:00,0.0
2030-10-25 04:30:00,0.0
2030-10-25 04:45:00,0.0
2030-10-25 05:00:00,0.0
2030-10-25 05:15:00,0.0
2030-10-25 05:30:00,0.0
2030-10-25 05:45:00,0.0
2030-10-25 06:00:00,0.0
2030-10-25 06:15:00,0.0
2030-10-25 06:30:00,0.0
2030-10-25 06:45:00,0.0
2030-10-25 07:00:00,0.0
2030-10-25 07:15:00,0.0
2030-10-25 07:30:00,0.0
2030-10-25 07:45:00,0.0
2030-10-25 08:00:00,0.0
2030-10-25 08:15:00,0.0
2030-10-25 08:30:00,0.0
2030-10-25 08:45:00,0.0
2030-10-25 09:00:00,0.0
2030-10-25 09:15:00,0.0
2030-10-25 09:30:00,0.0
2030-10-25 09:45:00,0.0
2030-10-25 10:00:00,0.0
2030-10-25 10:15:00,0.0
2030-10-25 10:30:00,0.0
2030-10-25 10:45:00,0.0
2030-10-25 11:00:00,0.0
2030-10-25 11:15:00,0.0
2030-10-25 11:30:00,0.0
2030-10-25 11:45:00,0.0
2030-10-25 12:00:00,0.0
2030-10-25 12:15:00,0.0
2030-10-25 12:30:00,0.0
2030-10-25 12:45:00,0.0
2030-10-25 13:00:00,0.0
2030-10-25 13:15:00,0.0
2030-10-25 13:30:00,0.0
2030-10-25 13:45:00,0.0
2030-10-25 14:00:00,0.0
2030-10-25 14:15:00,0.0
2030-10-25 14:30:00,0.0
2030-10-25 14:45:00,0.0
2030-10-25 15:00:00,0.0
2030-10-25 15:15:00,0.0
2030-10-25 15:30:00,0.0
2030-10-25 15:45:00,0.0
2030-10-25 16:00:00,0.0
2030-10-25 16:15:00,0.0
2030-10-25 16:30:00,0.0
2030-10-25 16:45:00,0.0
2030-10-25 17:00:00,0.0
2030-10-25 17:15:00,0.0
2030-10-25 17:30:00,0.0
2030-10-25 17:45:00,0.0
2030-10-25 18:00:00,0.0
2030-10-25 18:15:00,0.0
2030-10-25 18:30:00,0.0
2030-10-25 18:45:00,0.0
2030-10-25 19:00:00,0.0
2030-10-25 19:15:00,0.0
2030-10-25 19:30:00,0.0
2030-10-25 19:45:00,0.0
2030-10-25 20:00:00,0.0
2030-10-25 20:15:00,0.0
2030-10-25 20:30:00,0.0
2030-10-25 20:45:00,0.0
2030-10-25 21:00:00,0.0
2030-10-25 21:15:00,0.0
2030-10-25 21:30:00,0.0
2030-10-25 21:45:00,0.0
2030-10-25 22:00:00,0.0
2030-10-25 22:15:00,0.0
2030-10-25 22:30:00,0.0
2030-10-25 22:45:00,0.0
2030-10-25 23:00:00,0.0
2030-10-25 23:15:00,0.0
2030-10-25 23:30:00,0.0
2030-10-25 23:45:00,0.0
2030-10-26 00:00:00,0.0
2030-10-26 00:15:00,0.0
2030-10-26 00:30:00,0.0
2030-10-26 00:45:00,0.0
2030-10-26 01:00:00,0.0
2030-10-26 01:15:00,0.0
2030-10-26 01:30:00,0.0
2030-10-26 01:45:00,0.0
2030-10-26 02:00:00,0.0
2030-10-26 02:15:00,0.0
2030-10-26 02:30:00,0.0
2030-10-26 02:45:00,0.0
2030-10-26 03:00:00,0.0
2030-10-26 03:15:00,0.0
2030-10-26 03:30:00,0.0
2030-10-26 03:45:00,0.0
2030-10-26 04:00:00,0.0
2030-10-26 04:15:00,0.0
2030-10-26 04:30:00,0.0
2030-10-26 04:45:00,0.0
2030-10-26 05:00:00,0.0
2030-10-26 05:15:00,0.0
2030-10-26 05:30:00,0.0
2030-10-26 05:45:00,0.0
2030-10-26 06:00:00,0.0
2030-10-26 06:15:00,0.0
2030-10-26 06:30:00,0.0
2030-10-26 06:45:00,0.0
2030-10-26 07:00:00,0.0
2030-10-26 07:15:00,0.0
2030-10-26 07:30:00,0.0
2030-10-26 07:45:00,0.0
2030-10-26 08:00:00,0.0
2030-10-26 08:15:00,0.0
2030-10-26 08:30:00,0.0
2030-10-26 08:45:00,0.0
2030-10-26 09:00:00,0.0
2030-10-26 09:15:00,0.0
2030-10-26 09:30:00,0.0
2030-10-26 09:45:00,0.0
2030-10-26 10:00:00,0.0
2030-10-26 10:15:00,0.0
2030-10-26 10:30:00,0.0
2030-10-26 10:45:00,0.0
2030-10-26 11:00:00,0.0
2030-10-26 11:15:00,0.0
2030-10-26 11:30:00,0.0
2030-10-26 11:45:00,0.0
2030-10-26 12:00:00,0.0
2030-10-26 12:15:00,0.0
2030-10-26 12:30:00,0.0
2030-10-26 12:45:00,0.0
2030-10-26 13:00:00,0.0
2030-10-26 13:15:00,0.0
2030-10-26 13:30:00,0.0
2030-10-26 13:45:00,0.0
2030-10-26 14:00:00,0.0
2030-10-26 14:15:00,0.0
2030-10-26 14:30:00,0.0
2030-10-26 14:45:00,0.0
2030-10-26 15:00:00,0.0
2030-10-26 15:15:00,0.0
2030-10-26 15:30:00,0.0
2030-10-26 15:45:00,0.0
2030-10-26 16:00:00,0.0
2030-10-26 16:15:00,0.0
2030-10-26 16:30:00,0.0
2030-10-26 16:45:00,0.0
2030-10-26 17:00:00,320.31380035090115
2030-10-26 17:15:00,292.651708511723
2030-10-26 17:30:00,48.40406379189517
2030-10-26 17:45:00,0.0
2030-10-26 18:00:00,0.0
2030-10-26 18:15:00,178.2171970600175
2030-10-26 18:30:00,829.0784291597429
2030-10-26 18:45:00,980.5654138822483
2030-10-26 19:00:00,601.0836510600366
2030-10-26 19:15:00,50.32826778469098
2030-10-26 19:30:00,0.0
2030-10-26 19:45:00,0.0
2030-10-26 20:00:00,0.0
2030-10-26 20:15:00,0.0
2030-10-26 20:30:00,0.0
2030-10-26 20:45:00,0.0
2030-10-26 21:00:00,0.0
2030-10-26 21:15:00,0.0
2030-10-26 21:30:00,0.0
2030-10-26 21:45:00,0.0
2030-10-26 22:00:00,0.0
2030-10-26 22:15:00,0.0
2030-10-26 22:30:00,0.0
2030-10-26 22:45:00,0.0
2030-10-26 23:00:00,0.0
2030-10-26 23:15:00,0.0
2030-10-26 23:30:00,0.0
2030-10-26 23:45:00,0.0
2030-10-27 00:00:00,0.0
2030-10-27 00:15:00,0.0
2030-10-27 00:30:00,0.0
2030-10-27 00:45:00,0.0
2030-10-27 01:00:00,0.0
2030-10-27 01:15:00,0.0
2030-10-27 01:30:00,0.0
2030-10-27 01:45:00,0.0
2030-10-27 02:00:00,0.0
2030-10-27 02:15:00,0.0
2030-10-27 02:30:00,0.0
2030-10-27 02:45:00,0.0
2030-10-27 03:00:00,0.0
2030-10-27 03:15:00,0.0
2030-10-27 03:30:00,0.0
2030-10-27 03:45:00,0.0
2030-10-27 04:00:00,0.0
2030-10-27 04:15:00,0.0
2030-10-27 04:30:00,0.0
2030-10-27 04:45:00,0.0
2030-10-27 05:00:00,0.0
2030-10-27 05:15:00,0.0
2030-10-27 05:30:00,0.0
2030-10-27 05:45:00,0.0
2030-10-27 06:00:00,0.0
2030-10-27 06:15:00,0.0
2030-10-27 06:30:00,0.0
2030-10-27 06:45:00,0.0
2030-10-27 07:00:00,0.0
2030-10-27 07:15:00,0.0
2030-10-27 07:30:00,0.0
2030-10-27 07:45:00,0.0
2030-10-27 08:00:00,0.0
2030-10-27 08:15:00,0.0
2030-10-27 08:30:00,0.0
2030-10-27 08:45:00,0.0
2030-10-27 09:00:00,0.0
2030-10-27 09:15:00,0.0
2030-10-27 09:30:00,0.0
2030-10-27 09:45:00,0.0
2030-10-27 10:00:00,0.0
2030-10-27 10:15:00,0.0
2030-10-27 10:30:00,0.0
2030-10-27 10:45:00,0.0
2030-10-27 11:00:00,0.0
2030-10-27 11:15:00,0.0
2030-10-27 11:30:00,0.0
2030-10-27 11:45:00,0.0
2030-10-27 12:00:00,0.0
2030-10-27 12:15:00,0.0
2030-10-27 12:30:00,0.0
2030-10-27 12:45:00,0.0
2030-10-27 13:00:00,0.0
2030-10-27 13:15:00,0.0
2030-10-27 13:30:00,0.0
2030-10-27 13:45:00,0.0
2030-10-27 14:00:00,0.0
2030-10-27 14:15:00,0.0
2030-10-27 14:30:00,0.0
2030-10-27 14:45:00,0.0
2030-10-27 15:00:00,0.0
2030-10-27 15:15:00,0.0
2030-10-27 15:30:00,0.0
2030-10-27 15:45:00,0.0
2030-10-27 16:00:00,0.0
2030-10-27 16:15:00,0.0
2030-10-27 16:30:00,0.0
2030-10-27 16:45:00,0.0
2030-10-27 17:00:00,0.0
2030-10-27 17:15:00,0.0
2030-10-27 17:30:00,0.0
2030-10-27 17:45:00,0.0
2030-10-27 18:00:00,0.0
2030-10-27 18:15:00,0.0
2030-10-27 18:30:00,0.0
2030-10-27 18:45:00,0.0
2030-10-27 19:00:00,0.0
2030-10-27 19:15:00,0.0
2030-10-27 19:30:00,0.0
2030-10-27 19:45:00,0.0
2030-10-27 20:00:00,0.0
2030-10-27 20:15:00,0.0
2030-10-27 20:30:00,0.0
2030-10-27 20:45:00,0.0
2030-10-27 21:00:00,0.0
2030-10-27 21:15:00,0.0
2030-10-27 21:30:00,0.0
2030-10-27 21:45:00,0.0
2030-10-27 22:00:00,0.0
2030-10-27 22:15:00,0.0
2030-10-27 22:30:00,0.0
2030-10-27 22:45:00,0.0
2030-10-27 23:00:00,0.0
2030-10-27 23:15:00,0.0
2030-10-27 23:30:00,0.0
2030-10-27 23:45:00,0.0
2030-10-28 00:00:00,0.0
2030-10-28 00:15:00,0.0
2030-10-28 00:30:00,0.0
2030-10-28 00:45:00,0.0
2030-10-28 01:00:00,0.0
2030-10-28 01:15:00,0.0
2030-10-28 01:30:00,0.0
2030-10-28 01:45:00,0.0
2030-10-28 02:00:00,0.0
2030-10-28 02:15:00,0.0
2030-10-28 02:30:00,0.0
2030-10-28 02:45:00,0.0
2030-10-28 03:00:00,0.0
2030-10-28 03:15:00,0.0
2030-10-28 03:30:00,0.0
2030-10-28 03:45:00,0.0
2030-10-28 04:00:00,0.0
2030-10-28 04:15:00,0.0
2030-10-28 04:30:00,0.0
2030-10-28 04:45:00,0.0
2030-10-28 05:00:00,0.0
2030-10-28 05:15:00,0.0
2030-10-28 05:30:00,0.0
2030-10-28 05:45:00,0.0
2030-10-28 06:00:00,0.0
2030-10-28 06:15:00,0.0
2030-10-28 06:30:00,0.0
2030-10-28 06:45:00,0.0
2030-10-28 07:00:00,0.0
2030-10-28 07:15:00,0.0
2030-10-28 07:30:00,0.0
2030-10-28 07:45:00,0.0
2030-10-28 08:00:00,0.0
2030-10-28 08:15:00,0.0
2030-10-28 08:30:00,0.0
2030-10-28 08:45:00,0.0
2030-10-28 09:00:00,0.0
2030-10-28 09:15:00,0.0
2030-10-28 09:30:00,0.0
2030-10-28 09:45:00,0.0
2030-10-28 10:00:00,0.0
2030-10-28 10:15:00,0.0
2030-10-28 10:30:00,0.0
2030-10-28 10:45:00,0.0
2030-10-28 11:00:00,0.0
2030-10-28 11:15:00,0.0
2030-10-28 11:30:00,0.0
2030-10-28 11:45:00,0.0
2030-10-28 12:00:00,0.0
2030-10-28 12:15:00,0.0
2030-10-28 12:30:00,0.0
2030-10-28 12:45:00,0.0
2030-10-28 13:00:00,0.0
2030-10-28 13:15:00,0.0
2030-10-28 13:30:00,0.0
2030-10-28 13:45:00,0.0
2030-10-28 14:00:00,0.0
2030-10-28 14:15:00,0.0
2030-10-28 14:30:00,0.0
2030-10-28 14:45:00,0.0
2030-10-28 15:00:00,0.0
2030-10-28 15:15:00,0.0
2030-10-28 15:30:00,950.4779638900181
2030-10-28 15:45:00,0.0
2030-10-28 16:00:00,0.0
2030-10-28 16:15:00,0.0
2030-10-28 16:30:00,0.0
2030-10-28 16:45:00,0.0
2030-10-28 17:00:00,0.0
2030-10-28 17:15:00,0.0
2030-10-28 17:30:00,0.0
2030-10-28 17:45:00,0.0
2030-10-28 18:00:00,0.0
2030-10-28 18:15:00,0.0
2030-10-28 18:30:00,0.0
2030-10-28 18:45:00,0.0
2030-10-28 19:00:00,0.0
2030-10-28 19:15:00,0.0
2030-10-28 19:30:00,0.0
2030-10-28 19:45:00,0.0
2030-10-28 20:00:00,0.0
2030-10-28 20:15:00,0.0
2030-10-28 20:30:00,0.0
2030-10-28 20:45:00,0.0
2030-10-28 21:00:00,0.0
2030-10-28 21:15:00,0.0
2030-10-28 21:30:00,0.0
2030-10-28 21:45:00,0.0
2030-10-28 22:00:00,0.0
2030-10-28 22:15:00,0.0
2030-10-28 22:30:00,0.0
2030-10-28 22:45:00,0.0
2030-10-28 23:00:00,0.0
2030-10-28 23:15:00,0.0
2030-10-28 23:30:00,0.0
2030-10-28 23:45:00,0.0
2030-10-29 00:00:00,0.0
2030-10-29 00:15:00,0.0
2030-10-29 00:30:00,0.0
2030-10-29 00:45:00,0.0
2030-10-29 01:00:00,0.0
2030-10-29 01:15:00,0.0
2030-10-29 01:30:00,0.0
2030-10-29 01:45:00,0.0
2030-10-29 02:00:00,0.0
2030-10-29 02:15:00,0.0
2030-10-29 02:30:00,0.0
2030-10-29 02:45:00,0.0
2030-10-29 03:00:00,0.0
2030-10-29 03:15:00,0.0
2030-10-29 03:30:00,0.0
2030-10-29 03:45:00,0.0
2030-10-29 04:00:00,0.0
2030-10-29 04:15:00,0.0
2030-10-29 04:30:00,0.0
2030-10-29 04:45:00,0.0
2030-10-29 05:00:00,0.0
2030-10-29 05:15:00,0.0
2030-10-29 05:30:00,0.0
2030-10-29 05:45:00,0.0
2030-10-29 06:00:00,0.0
2030-10-29 06:15:00,0.0
2030-10-29 06:30:00,0.0
2030-10-29 06:45:00,0.0
2030-10-29 07:00:00,0.0
2030-10-29 07:15:00,0.0
2030-10-29 07:30:00,0.0
2030-10-29 07:45:00,0.0
2030-10-29 08:00:00,0.0
2030-10-29 08:15:00,0.0
2030-10-29 08:30:00,0.0
2030-10-29 08:45:00,0.0
2030-10-29 09:00:00,0.0
2030-10-29 09:15:00,0.0
2030-10-29 09:30:00,0.0
2030-10-29 09:45:00,0.0
2030-10-29 10:00:00,0.0
2030-10-29 10:15:00,0.0
2030-10-29 10:30:00,0.0
2030-10-29 10:45:00,0.0
2030-10-29 11:00:00,0.0
2030-10-29 11:15:00,0.0
2030-10-29 11:30:00,0.0
2030-10-29 11:45:00,0.0
2030-10-29 12:00:00,0.0
2030-10-29 12:15:00,0.0
2030-10-29 12:30:00,0.0
2030-10-29 12:45:00,0.0
2030-10-29 13:00:00,0.0
2030-10-29 13:15:00,0.0
2030-10-29 13:30:00,0.0
2030-10-29 13:45:00,0.0
2030-10-29 14:00:00,0.0
2030-10-29 14:15:00,0.0
2030-10-29 14:30:00,0.0
2030-10-29 14:45:00,0.0
2030-10-29 15:00:00,0.0
2030-10-29 15:15:00,0.0
2030-10-29 15:30:00,0.0
2030-10-29 15:45:00,0.0
2030-10-29 16:00:00,0.0
2030-10-29 16:15:00,0.0
2030-10-29 16:30:00,0.0
2030-10-29 16:45:00,-1074.0798812151952
2030-10-29 17:00:00,-2439.44568665477
2030-10-29 17:15:00,-2331.510821052507
2030-10-29 17:30:00,-1855.952222146996
2030-10-29 17:45:00,-1813.147650566716
2030-10-29 18:00:00,-1907.1154146351328
2030-10-29 18:15:00,-2165.6800317763373
2030-10-29 18:30:00,-2416.0254142362974
2030-10-29 18:45:00,-2484.453862991959
2030-10-29 19:00:00,-3044.4960303232438
2030-10-29 19:15:00,-3901.7604534565216
2030-10-29 19:30:00,-4578.717909802654
2030-10-29 19:45:00,-5167.955753957944
2030-10-29 20:00:00,-5886.357552149533
2030-10-29 20:15:00,-6414.975471593971
2030-10-29 20:30:00,-6683.653766256455
2030-10-29 20:45:00,-6681.062710453123
2030-10-29 21:00:00,-6842.236310047487
2030-10-29 21:15:00,-6977.081126573961
2030-10-29 21:30:00,-7236.285119639331
2030-10-29 21:45:00,-7497.5323295508715
2030-10-29 22:00:00,-7127.348720299273
2030-10-29 22:15:00,-7237.876592400666
2030-10-29 22:30:00,-7672.309005798881
2030-10-29 22:45:00,-8007.163133828992
2030-10-29 23:00:00,-7840.792630651595
2030-10-29 23:15:00,-7508.979959160977
2030-10-29 23:30:00,-7566.231025911209
2030-10-29 23:45:00,-7725.796238197989
2030-10-30 00:00:00,-7802.547507590438
2030-10-30 00:15:00,-8086.149741131552
2030-10-30 00:30:00,-8036.20832943897
2030-10-30 00:45:00,-7936.831292574192
2030-10-30 01:00:00,-8202.969381610017
2030-10-30 01:15:00,-8117.678967452466
2030-10-30 01:30:00,-7909.086512671845
2030-10-30 01:45:00,-7417.638949716013
2030-10-30 02:00:00,-7199.183502101023
2030-10-30 02:15:00,-6935.659893498543
2030-10-30 02:30:00,-6820.750852375839
2030-10-30 02:45:00,-6657.114830036482
2030-10-30 03:00:00,-6410.212890814408
2030-10-30 03:15:00,-6252.06614223589
2030-10-30 03:30:00,-6130.271425237901
2030-10-30 03:45:00,-6063.53945154682
2030-10-30 04:00:00,-5754.52337387489
2030-10-30 04:15:00,-5478.810373676599
2030-10-30 04:30:00,-5253.136338396651
2030-10-30 04:45:00,-4732.345371543308
2030-10-30 05:00:00,-4021.2692977767965
2030-10-30 05:15:00,-3673.6406665886097
2030-10-30 05:30:00,-3351.6009087013044
2030-10-30 05:45:00,-2713.0251577189374
2030-10-30 06:00:00,-1608.7748720300988
2030-10-30 06:15:00,-929.1180084566477
2030-10-30 06:30:00,-291.8976160728889
2030-10-30 06:45:00,0.0
2030-10-30 07:00:00,0.0
2030-10-30 07:15:00,0.0
2030-10-30 07:30:00,0.0
2030-10-30 07:45:00,0.0
2030-10-30 08:00:00,0.0
2030-10-30 08:15:00,0.0
2030-10-30 08:30:00,0.0
2030-10-30 08:45:00,0.0
2030-10-30 09:00:00,0.0
2030-10-30 09:15:00,0.0
2030-10-30 09:30:00,-2383.283578322771
2030-10-30 09:45:00,-2973.7277576545675
2030-10-30 10:00:00,-3244.4543267875415
2030-10-30 10:15:00,-3353.769348925547
2030-10-30 10:30:00,-3310.9392890378112
2030-10-30 10:45:00,-3217.5236486541435
2030-10-30 11:00:00,-2944.8026840374223
2030-10-30 11:15:00,-2514.541991595226
2030-10-30 11:30:00,-2410.9433436807376
2030-10-30 11:45:00,-1833.2001416185994
2030-10-30 12:00:00,-1479.2764149850154
2030-10-30 12:15:00,-894.4421132314492
2030-10-30 12:30:00,-468.4973663683668
2030-10-30 12:45:00,0.0
2030-10-30 13:00:00,0.0
2030-10-30 13:15:00,0.0
2030-10-30 13:30:00,0.0
2030-10-30 13:45:00,0.0
2030-10-30 14:00:00,0.0
2030-10-30 14:15:00,0.0
2030-10-30 14:30:00,0.0
2030-10-30 14:45:00,0.0
2030-10-30 15:00:00,0.0
2030-10-30 15:15:00,0.0
2030-10-30 15:30:00,0.0
2030-10-30 15:45:00,0.0
2030-10-30 16:00:00,0.0
2030-10-30 16:15:00,0.0
2030-10-30 16:30:00,0.0
2030-10-30 16:45:00,0.0
2030-10-30 17:00:00,0.0
2030-10-30 17:15:00,0.0
2030-10-30 17:30:00,0.0
2030-10-30 17:45:00,0.0
2030-10-30 18:00:00,0.0
2030-10-30 18:15:00,0.0
2030-10-30 18:30:00,0.0
2030-10-30 18:45:00,0.0
2030-10-30 19:00:00,0.0
2030-10-30 19:15:00,0.0
2030-10-30 19:30:00,0.0
2030-10-30 19:45:00,0.0
2030-10-30 20:00:00,0.0
2030-10-30 20:15:00,0.0
2030-10-30 20:30:00,0.0
2030-10-30 20:45:00,0.0
2030-10-30 21:00:00,0.0
2030-10-30 21:15:00,0.0
2030-10-30 21:30:00,0.0
2030-10-30 21:45:00,0.0
2030-10-30 22:00:00,0.0
2030-10-30 22:15:00,0.0
2030-10-30 22:30:00,0.0
2030-10-30 22:45:00,0.0
2030-10-30 23:00:00,0.0
2030-10-30 23:15:00,0.0
2030-10-30 23:30:00,0.0
2030-10-30 23:45:00,0.0
2030-10-31 00:00:00,0.0
2030-10-31 00:15:00,0.0
2030-10-31 00:30:00,0.0
2030-10-31 00:45:00,0.0
2030-10-31 01:00:00,6194.653751331124
2030-10-31 01:15:00,0.0
2030-10-31 01:30:00,0.0
2030-10-31 01:45:00,0.0
2030-10-31 02:00:00,0.0
2030-10-31 02:15:00,0.0
2030-10-31 02:30:00,0.0
2030-10-31 02:45:00,0.0
2030-10-31 03:00:00,0.0
2030-10-31 03:15:00,0.0
2030-10-31 03:30:00,0.0
2030-10-31 03:45:00,0.0
2030-10-31 04:00:00,0.0
2030-10-31 04:15:00,0.0
2030-10-31 04:30:00,0.0
2030-10-31 04:45:00,0.0
2030-10-31 05:00:00,0.0
2030-10-31 05:15:00,0.0
2030-10-31 05:30:00,0.0
2030-10-31 05:45:00,0.0
2030-10-31 06:00:00,0.0
2030-10-31 06:15:00,0.0
2030-10-31 06:30:00,0.0
2030-10-31 06:45:00,0.0
2030-10-31 07:00:00,0.0
2030-10-31 07:15:00,0.0
2030-10-31 07:30:00,0.0
2030-10-31 07:45:00,0.0
2030-10-31 08:00:00,0.0
2030-10-31 08:15:00,0.0
2030-10-31 08:30:00,0.0
2030-10-31 08:45:00,0.0
2030-10-31 09:00:00,0.0
2030-10-31 09:15:00,0.0
2030-10-31 09:30:00,0.0
2030-10-31 09:45:00,0.0
2030-10-31 10:00:00,0.0
2030-10-31 10:15:00,0.0
2030-10-31 10:30:00,0.0
2030-10-31 10:45:00,0.0
2030-10-31 11:00:00,0.0
2030-10-31 11:15:00,0.0
2030-10-31 11:30:00,0.0
2030-10-31 11:45:00,0.0
2030-10-31 12:00:00,0.0
2030-10-31 12:15:00,0.0
2030-10-31 12:30:00,0.0
2030-10-31 12:45:00,0.0
2030-10-31 13:00:00,0.0
2030-10-31 13:15:00,0.0
2030-10-31 13:30:00,0.0
2030-10-31 13:45:00,0.0
2030-10-31 14:00:00,0.0
2030-10-31 14:15:00,0.0
2030-10-31 14:30:00,0.0
2030-10-31 14:45:00,0.0
2030-10-31 15:00:00,0.0
2030-10-31 15:15:00,0.0
2030-10-31 15:30:00,0.0
2030-10-31 15:45:00,0.0
2030-10-31 16:00:00,0.0
2030-10-31 16:15:00,0.0
2030-10-31 16:30:00,0.0
2030-10-31 16:45:00,0.0
2030-10-31 17:00:00,0.0
2030-10-31 17:15:00,0.0
2030-10-31 17:30:00,0.0
2030-10-31 17:45:00,0.0
2030-10-31 18:00:00,0.0
2030-10-31 18:15:00,0.0
2030-10-31 18:30:00,0.0
2030-10-31 18:45:00,0.0
2030-10-31 19:00:00,0.0
2030-10-31 19:15:00,0.0
2030-10-31 19:30:00,0.0
2030-10-31 19:45:00,0.0
2030-10-31 20:00:00,0.0
2030-10-31 20:15:00,0.0
2030-10-31 20:30:00,0.0
2030-10-31 20:45:00,0.0
2030-10-31 21:00:00,0.0
2030-10-31 21:15:00,0.0
2030-10-31 21:30:00,0.0
2030-10-31 21:45:00,0.0
2030-10-31 22:00:00,0.0
2030-10-31 22:15:00,0.0
2030-10-31 22:30:00,0.0
2030-10-31 22:45:00,0.0
2030-10-31 23:00:00,0.0
2030-10-31 23:15:00,0.0
2030-10-31 23:30:00,0.0
2030-10-31 23:45:00,0.0
2030-11-01 00:00:00,0.0
2030-11-01 00:15:00,0.0
2030-11-01 00:30:00,0.0
2030-11-01 00:45:00,0.0
2030-11-01 01:00:00,0.0
2030-11-01 01:15:00,0.0
2030-11-01 01:30:00,0.0
2030-11-01 01:45:00,0.0
2030-11-01 02:00:00,0.0
2030-11-01 02:15:00,0.0
2030-11-01 02:30:00,0.0
2030-11-01 02:45:00,0.0
2030-11-01 03:00:00,0.0
2030-11-01 03:15:00,0.0
2030-11-01 03:30:00,0.0
2030-11-01 03:45:00,0.0
2030-11-01 04:00:00,0.0
2030-11-01 04:15:00,0.0
2030-11-01 04:30:00,0.0
2030-11-01 04:45:00,0.0
2030-11-01 05:00:00,0.0
2030-11-01 05:15:00,0.0
2030-11-01 05:30:00,0.0
2030-11-01 05:45:00,0.0
2030-11-01 06:00:00,0.0
2030-11-01 06:15:00,0.0
2030-11-01 06:30:00,0.0
2030-11-01 06:45:00,0.0
2030-11-01 07:00:00,0.0
2030-11-01 07:15:00,0.0
2030-11-01 07:30:00,0.0
2030-11-01 07:45:00,0.0
2030-11-01 08:00:00,0.0
2030-11-01 08:15:00,0.0
2030-11-01 08:30:00,0.0
2030-11-01 08:45:00,0.0
2030-11-01 09:00:00,0.0
2030-11-01 09:15:00,0.0
2030-11-01 09:30:00,0.0
2030-11-01 09:45:00,0.0
2030-11-01 10:00:00,0.0
2030-11-01 10:15:00,0.0
2030-11-01 10:30:00,0.0
2030-11-01 10:45:00,0.0
2030-11-01 11:00:00,0.0
2030-11-01 11:15:00,0.0
2030-11-01 11:30:00,0.0
2030-11-01 11:45:00,0.0
2030-11-01 12:00:00,0.0
2030-11-01 12:15:00,0.0
2030-11-01 12:30:00,0.0
2030-11-01 12:45:00,0.0
2030-11-01 13:00:00,0.0
2030-11-01 13:15:00,0.0
2030-11-01 13:30:00,0.0
2030-11-01 13:45:00,0.0
2030-11-01 14:00:00,0.0
2030-11-01 14:15:00,0.0
2030-11-01 14:30:00,0.0
2030-11-01 14:45:00,0.0
2030-11-01 15:00:00,0.0
2030-11-01 15:15:00,0.0
2030-11-01 15:30:00,0.0
2030-11-01 15:45:00,0.0
2030-11-01 16:00:00,0.0
2030-11-01 16:15:00,0.0
2030-11-01 16:30:00,0.0
2030-11-01 16:45:00,0.0
2030-11-01 17:00:00,0.0
2030-11-01 17:15:00,0.0
2030-11-01 17:30:00,0.0
2030-11-01 17:45:00,0.0
2030-11-01 18:00:00,0.0
2030-11-01 18:15:00,0.0
2030-11-01 18:30:00,0.0
2030-11-01 18:45:00,0.0
2030-11-01 19:00:00,0.0
2030-11-01 19:15:00,0.0
2030-11-01 19:30:00,0.0
2030-11-01 19:45:00,0.0
2030-11-01 20:00:00,0.0
2030-11-01 20:15:00,0.0
2030-11-01 20:30:00,0.0
2030-11-01 20:45:00,0.0
2030-11-01 21:00:00,0.0
2030-11-01 21:15:00,0.0
2030-11-01 21:30:00,0.0
2030-11-01 21:45:00,0.0
2030-11-01 22:00:00,0.0
2030-11-01 22:15:00,0.0
2030-11-01 22:30:00,0.0
2030-11-01 22:45:00,0.0
2030-11-01 23:00:00,0.0
2030-11-01 23:15:00,0.0
2030-11-01 23:30:00,0.0
2030-11-01 23:45:00,0.0
2030-11-02 00:00:00,0.0
2030-11-02 00:15:00,0.0
2030-11-02 00:30:00,0.0
2030-11-02 00:45:00,0.0
2030-11-02 01:00:00,0.0
2030-11-02 01:15:00,0.0
2030-11-02 01:30:00,0.0
2030-11-02 01:45:00,0.0
2030-11-02 02:00:00,0.0
2030-11-02 02:15:00,0.0
2030-11-02 02:30:00,-4413.9328939479965
2030-11-02 02:45:00,-5976.8271277243
2030-11-02 03:00:00,-6143.127920627816
2030-11-02 03:15:00,-6220.244412834345
2030-11-02 03:30:00,-6133.097182241241
2030-11-02 03:45:00,-6217.051131101927
2030-11-02 04:00:00,-6280.892090875839
2030-11-02 04:15:00,-6201.1596677810485
2030-11-02 04:30:00,-6184.396318814986
2030-11-02 04:45:00,-6207.5969629836945
2030-11-02 05:00:00,-5936.902852253621
2030-11-02 05:15:00,-6074.014724955032
2030-11-02 05:30:00,-5980.528302227063
2030-11-02 05:45:00,-5483.988029344837
2030-11-02 06:00:00,-4944.508801035463
2030-11-02 06:15:00,-4973.068897176163
2030-11-02 06:30:00,-5232.816642939564
2030-11-02 06:45:00,-4912.168809366685
2030-11-02 07:00:00,-4690.996659786677
2030-11-02 07:15:00,-4905.08247183065
2030-11-02 07:30:00,-5290.572582511726
2030-11-02 07:45:00,-5572.471358717659
2030-11-02 08:00:00,-5995.5905184586845
2030-11-02 08:15:00,-6688.337189483871
2030-11-02 08:30:00,-7327.311830777831
2030-11-02 08:45:00,-8275.482025025536
2030-11-02 09:00:00,-9519.123518721914
2030-11-02 09:15:00,-10574.17316825351
2030-11-02 09:30:00,-11502.70376414655
2030-11-02 09:45:00,-12132.151594150098
2030-11-02 10:00:00,-13005.87427196233
2030-11-02 10:15:00,-13476.269332873773
2030-11-02 10:30:00,-14076.804411935449
2030-11-02 10:45:00,-14077.78045601555
2030-11-02 11:00:00,-14177.778129443544
2030-11-02 11:15:00,-14656.091255242005
2030-11-02 11:30:00,-14967.588470639756
2030-11-02 11:45:00,-15412.218381116749
2030-11-02 12:00:00,-15641.45371591172
2030-11-02 12:15:00,-15566.391002851
2030-11-02 12:30:00,-15006.310666822199
2030-11-02 12:45:00,-14214.325205714835
2030-11-02 13:00:00,-13876.156815067428
2030-11-02 13:15:00,-13035.298933128808
2030-11-02 13:30:00,-12455.684211086918
2030-11-02 13:45:00,-11993.968270983092
2030-11-02 14:00:00,-11368.677034697765
2030-11-02 14:15:00,-10345.71109029467
2030-11-02 14:30:00,-9408.018401143938
2030-11-02 14:45:00,-8582.818139341154
2030-11-02 15:00:00,-7395.803969361652
2030-11-02 15:15:00,-6510.994685760539
2030-11-02 15:30:00,-5903.889515244176
2030-11-02 15:45:00,-5387.436236948339
2030-11-02 16:00:00,-4586.088527120646
2030-11-02 16:15:00,-4407.489139266589
2030-11-02 16:30:00,-4490.729421400643
2030-11-02 16:45:00,-4121.282178266632
2030-11-02 17:00:00,-3908.6069186742643
2030-11-02 17:15:00,-4002.9084508547385
2030-11-02 17:30:00,-3849.65599137804
2030-11-02 17:45:00,-3938.158959648874
2030-11-02 18:00:00,-3693.656496504158
2030-11-02 18:15:00,-3860.1718216718546
2030-11-02 18:30:00,-3910.433508676695
2030-11-02 18:45:00,-3846.772756204362
2030-11-02 19:00:00,-3810.1259077573013
2030-11-02 19:15:00,-3879.712673956805
2030-11-02 19:30:00,-3908.648515843797
2030-11-02 19:45:00,-3764.359712053716
2030-11-02 20:00:00,-3774.315023596715
2030-11-02 20:15:00,-3714.6564041560923
2030-11-02 20:30:00,-3822.446897189664
2030-11-02 20:45:00,-4275.643878483264
2030-11-02 21:00:00,-4407.705831607058
2030-11-02 21:15:00,-4350.332132262731
2030-11-02 21:30:00,-4423.840841831068
2030-11-02 21:45:00,-4606.320920846567
2030-11-02 22:00:00,-4451.320059145208
2030-11-02 22:15:00,-4795.753330913125
2030-11-02 22:30:00,-4823.5631227775375
2030-11-02 22:45:00,-4807.728054068
2030-11-02 23:00:00,-4973.2553376646865
2030-11-02 23:15:00,-4962.966081896437
2030-11-02 23:30:00,-5269.049999817995
2030-11-02 23:45:00,-5500.558870869285
2030-11-03 00:00:00,-6032.876820538917
2030-11-03 00:15:00,-6409.922753722309
2030-11-03 00:30:00,-6409.2093600283515
2030-11-03 00:45:00,-6267.7473136298795
2030-11-03 01:00:00,-6324.691121402835
2030-11-03 01:15:00,-6026.894750138392
2030-11-03 01:30:00,-6036.406845185318
2030-11-03 01:45:00,-6099.886139453258
2030-11-03 02:00:00,-6074.537813199686
2030-11-03 02:15:00,-5997.300242802259
2030-11-03 02:30:00,-5722.034803190787
2030-11-03 02:45:00,-5538.394924465385
2030-11-03 03:00:00,-5484.260663881818
2030-11-03 03:15:00,-5560.128163467629
2030-11-03 03:30:00,-5587.5997509532335
2030-11-03 03:45:00,-5562.910148376919
2030-11-03 04:00:00,-5512.383249864146
2030-11-03 04:15:00,-5535.940722406362
2030-11-03 04:30:00,-5645.416366980888
2030-11-03 04:45:00,-5592.172410203333
2030-11-03 05:00:00,-5072.094068468883
2030-11-03 05:15:00,-4668.937535904588
2030-11-03 05:30:00,-4385.178324178629
2030-11-03 05:45:00,-4070.6344113892374
2030-11-03 06:00:00,-3372.6957564554796
2030-11-03 06:15:00,-2340.615814636516
2030-11-03 06:30:00,-1720.0109655798515
2030-11-03 06:45:00,-1122.14306725204
2030-11-03 07:00:00,-386.6701794182118
2030-11-03 07:15:00,0.0
2030-11-03 07:30:00,0.0
2030-11-03 07:45:00,0.0
2030-11-03 08:00:00,0.0
2030-11-03 08:15:00,0.0
2030-11-03 08:30:00,0.0
2030-11-03 08:45:00,-616.6651393388929
2030-11-03 09:00:00,-2693.0061107608344
2030-11-03 09:15:00,-2796.0607085654374
2030-11-03 09:30:00,-3130.3200887768035
2030-11-03 09:45:00,-4087.2527139440135
2030-11-03 10:00:00,-5123.461259832431
2030-11-03 10:15:00,-5836.541616580293
2030-11-03 10:30:00,-6404.440737173194
2030-11-03 10:45:00,-6739.67616785919
2030-11-03 11:00:00,-6972.933469693213
2030-11-03 11:15:00,-7000.97061357864
2030-11-03 11:30:00,-6952.286419047057
2030-11-03 11:45:00,-6832.076101315572
2030-11-03 12:00:00,-7052.79782896681
2030-11-03 12:15:00,-6741.001385936859
2030-11-03 12:30:00,-6237.586443315642
2030-11-03 12:45:00,-5541.456502783833
2030-11-03 13:00:00,-5076.6766921532835
2030-11-03 13:15:00,-4284.390571042808
2030-11-03 13:30:00,-3600.500569520791
2030-11-03 13:45:00,-3566.1296305549877
2030-11-03 14:00:00,-3438.9036994446324
2030-11-03 14:15:00,-2666.658495924097
2030-11-03 14:30:00,-2444.155955821414
2030-11-03 14:45:00,-1285.622009818915
2030-11-03 15:00:00,0.0
2030-11-03 15:15:00,0.0
2030-11-03 15:30:00,0.0
2030-11-03 15:45:00,0.0
2030-11-03 16:00:00,0.0
2030-11-03 16:15:00,0.0
2030-11-03 16:30:00,0.0
2030-11-03 16:45:00,0.0
2030-11-03 17:00:00,0.0
2030-11-03 17:15:00,0.0
2030-11-03 17:30:00,0.0
2030-11-03 17:45:00,0.0
2030-11-03 18:00:00,0.0
2030-11-03 18:15:00,0.0
2030-11-03 18:30:00,0.0
2030-11-03 18:45:00,0.0
2030-11-03 19:00:00,0.0
2030-11-03 19:15:00,0.0
2030-11-03 19:30:00,0.0
2030-11-03 19:45:00,0.0
2030-11-03 20:00:00,0.0
2030-11-03 20:15:00,0.0
2030-11-03 20:30:00,0.0
2030-11-03 20:45:00,0.0
2030-11-03 21:00:00,0.0
2030-11-03 21:15:00,0.0
2030-11-03 21:30:00,0.0
2030-11-03 21:45:00,0.0
2030-11-03 22:00:00,0.0
2030-11-03 22:15:00,0.0
2030-11-03 22:30:00,0.0
2030-11-03 22:45:00,0.0
2030-11-03 23:00:00,0.0
2030-11-03 23:15:00,0.0
2030-11-03 23:30:00,0.0
2030-11-03 23:45:00,0.0
2030-11-04 00:00:00,0.0
2030-11-04 00:15:00,0.0
2030-11-04 00:30:00,0.0
2030-11-04 00:45:00,0.0
2030-11-04 01:00:00,0.0
2030-11-04 01:15:00,0.0
2030-11-04 01:30:00,0.0
2030-11-04 01:45:00,-2551.368144737573
2030-11-04 02:00:00,-6965.87716542252
2030-11-04 02:15:00,-7047.442067573327
2030-11-04 02:30:00,-7051.018460549145
2030-11-04 02:45:00,-6478.650020249395
2030-11-04 03:00:00,-5876.230382540227
2030-11-04 03:15:00,-5860.420387120164
2030-11-04 03:30:00,-5821.936609146564
2030-11-04 03:45:00,-5537.030727579237
2030-11-04 04:00:00,-5218.561427591047
2030-11-04 04:15:00,-5060.594523020101
2030-11-04 04:30:00,-4961.522330509146
2030-11-04 04:45:00,-5128.912668831572
2030-11-04 05:00:00,-5169.017763007476
2030-11-04 05:15:00,-4926.336726688052
2030-11-04 05:30:00,-4860.383256104753
2030-11-04 05:45:00,-4555.921635573626
2030-11-04 06:00:00,-4309.9132963358825
2030-11-04 06:15:00,-4328.046245469213
2030-11-04 06:30:00,-3999.99982088459
2030-11-04 06:45:00,-3787.5218066667658
2030-11-04 07:00:00,-3605.240052869838
2030-11-04 07:15:00,-3410.6408199796715
2030-11-04 07:30:00,-3389.0371631811104
2030-11-04 07:45:00,-3253.263045079115
2030-11-04 08:00:00,-2840.4661455696296
2030-11-04 08:15:00,-3094.75327551354
2030-11-04 08:30:00,-2643.915231883999
2030-11-04 08:45:00,-2394.371655742121
2030-11-04 09:00:00,-2749.5970231746724
2030-11-04 09:15:00,-2980.8482252678696
2030-11-04 09:30:00,-2638.82166750171
2030-11-04 09:45:00,-2570.205803365003
2030-11-04 10:00:00,-2769.646561281388
2030-11-04 10:15:00,-2743.8784967116517
2030-11-04 10:30:00,-2921.8709565897952
2030-11-04 10:45:00,-3061.751670992613
2030-11-04 11:00:00,-3100.126255974108
2030-11-04 11:15:00,-3462.009685380668
2030-11-04 11:30:00,-3271.8947221312337
2030-11-04 11:45:00,-3483.5272107979945
2030-11-04 12:00:00,-3699.2448166056856
2030-11-04 12:15:00,-3694.1728957141713
2030-11-04 12:30:00,-3657.236605189417
2030-11-04 12:45:00,-4005.3294274450636
2030-11-04 13:00:00,-4686.36936832398
2030-11-04 13:15:00,-4953.3961896770525
2030-11-04 13:30:00,-5052.458190248843
2030-11-04 13:45:00,-4741.116057680669
2030-11-04 14:00:00,-4668.683379818471
2030-11-04 14:15:00,-4599.631051710334
2030-11-04 14:30:00,-4331.343727595613
2030-11-04 14:45:00,-4661.977066810003
2030-11-04 15:00:00,-4371.02723734374
2030-11-04 15:15:00,-3575.45987064761
2030-11-04 15:30:00,-2985.606961909878
2030-11-04 15:45:00,-2606.981761634681
2030-11-04 16:00:00,-2544.464212467923
2030-11-04 16:15:00,-2229.870420483421
2030-11-04 16:30:00,-2075.089202422958
2030-11-04 16:45:00,-1959.5781845299389
2030-11-04 17:00:00,-1970.8544710659116
2030-11-04 17:15:00,-2105.590652560728
2030-11-04 17:30:00,-2306.479419938805
2030-11-04 17:45:00,-2531.9891535605566
2030-11-04 18:00:00,-3204.448420451772
2030-11-04 18:15:00,-3839.083733113581
2030-11-04 18:30:00,-4416.599534796038
2030-11-04 18:45:00,-4726.176762403575
2030-11-04 19:00:00,-4699.038406831627
2030-11-04 19:15:00,-4680.136565904129
2030-11-04 19:30:00,-4847.673186362317
2030-11-04 19:45:00,-5311.929140005723
2030-11-04 20:00:00,-5275.074578739575
2030-11-04 20:15:00,-5364.307917750379
2030-11-04 20:30:00,-5273.703368031787
2030-11-04 20:45:00,-5557.80324661297
2030-11-04 21:00:00,-5620.234934846161
2030-11-04 21:15:00,-5763.160944771051
2030-11-04 21:30:00,-5776.342745992322
2030-11-04 21:45:00,-5730.928574514841
2030-11-04 22:00:00,-5289.742491145313
2030-11-04 22:15:00,-5276.593800424136
2030-11-04 22:30:00,-5610.18302876228
2030-11-04 22:45:00,-5314.10630285908
2030-11-04 23:00:00,-5273.613302898109
2030-11-04 23:15:00,-5371.278401518179
2030-11-04 23:30:00,-5323.371466200342
2030-11-04 23:45:00,-5331.8686493327605
2030-11-05 00:00:00,-6037.058865782808
2030-11-05 00:15:00,-6046.929788164354
2030-11-05 00:30:00,-5917.724579258553
2030-11-05 00:45:00,-5640.777722486286
2030-11-05 01:00:00,-5710.756808950964
2030-11-05 01:15:00,-5654.028916847672
2030-11-05 01:30:00,-5822.8263938762175
2030-11-05 01:45:00,-5758.593177840794
2030-11-05 02:00:00,-5726.574998286893
2030-11-05 02:15:00,-5394.56706011711
2030-11-05 02:30:00,-5689.078236909672
2030-11-05 02:45:00,-5693.170699336099
2030-11-05 03:00:00,-5956.159758190364
2030-11-05 03:15:00,-5988.366297218832
2030-11-05 03:30:00,-5980.435241166017
2030-11-05 03:45:00,-5981.160199236188
2030-11-05 04:00:00,-5797.7316562243195
2030-11-05 04:15:00,-5652.7087422936675
2030-11-05 04:30:00,-6063.832795259337
2030-11-05 04:45:00,-5989.651524545283
2030-11-05 05:00:00,-5828.829754363873
2030-11-05 05:15:00,-5975.394815596224
2030-11-05 05:30:00,-6068.117378886185
2030-11-05 05:45:00,-5950.40925741765
2030-11-05 06:00:00,-5773.785672084543
2030-11-05 06:15:00,-5783.523929227469
2030-11-05 06:30:00,-5902.697241053158
2030-11-05 06:45:00,-5334.24828040049
2030-11-05 07:00:00,-4977.505432345786
2030-11-05 07:15:00,-4980.157212362306
2030-11-05 07:30:00,-5022.889887790478
2030-11-05 07:45:00,-5142.245557842323
2030-11-05 08:00:00,-5174.383687818761
2030-11-05 08:15:00,-5398.03564540443
2030-11-05 08:30:00,-5487.410129398548
2030-11-05 08:45:00,-5789.989852746949
2030-11-05 09:00:00,-5863.060345874528
2030-11-05 09:15:00,-4938.840118542907
2030-11-05 09:30:00,-5218.922723140175
2030-11-05 09:45:00,-5459.288226216875
2030-11-05 10:00:00,-5638.643907524474
2030-11-05 10:15:00,-5925.088856845738
2030-11-05 10:30:00,-6132.314316998414
2030-11-05 10:45:00,-6772.6440559467665
2030-11-05 11:00:00,-6953.979748350277
2030-11-05 11:15:00,-7289.8179024524
2030-11-05 11:30:00,-7682.457974308443
2030-11-05 11:45:00,-7977.148745169343
2030-11-05 12:00:00,-8507.875202359348
2030-11-05 12:15:00,-9248.63236760311
2030-11-05 12:30:00,-9342.67379004636
2030-11-05 12:45:00,-9616.21315590939
2030-11-05 13:00:00,-10450.579330210217
2030-11-05 13:15:00,-11473.415954889446
2030-11-05 13:30:00,-11287.323467544331
2030-11-05 13:45:00,-11168.297483913211
2030-11-05 14:00:00,-11087.56843010501
2030-11-05 14:15:00,-10753.369915290354
2030-11-05 14:30:00,-10208.626311335163
2030-11-05 14:45:00,-9413.180356073368
2030-11-05 15:00:00,-8284.994718339654
2030-11-05 15:15:00,-7031.160695414386
2030-11-05 15:30:00,-5914.58991859229
2030-11-05 15:45:00,-4851.298343819155
2030-11-05 16:00:00,-3658.888555741083
2030-11-05 16:15:00,-3187.935652435426
2030-11-05 16:30:00,-2980.72539320993
2030-11-05 16:45:00,-2632.9683718064225
2030-11-05 17:00:00,-2158.3054200132283
2030-11-05 17:15:00,-1941.0890615662865
2030-11-05 17:30:00,-1677.7926710310785
2030-11-05 17:45:00,-1588.1500390641231
2030-11-05 18:00:00,-1455.7974987002672
2030-11-05 18:15:00,-1391.9941941162833
2030-11-05 18:30:00,-1586.4069666531832
2030-11-05 18:45:00,-1966.6143937592315
2030-11-05 19:00:00,-2195.3286600477295
2030-11-05 19:15:00,-2689.960629986668
2030-11-05 19:30:00,-3159.1502863647365
2030-11-05 19:45:00,-3574.793633027304
2030-11-05 20:00:00,-4127.037953960033
2030-11-05 20:15:00,-4637.896104209405
2030-11-05 20:30:00,-5022.1816368671025
2030-11-05 20:45:00,-5283.411877334871
2030-11-05 21:00:00,-5596.1897928271865
2030-11-05 21:15:00,-5948.738225052988
2030-11-05 21:30:00,-5890.786723931589
2030-11-05 21:45:00,-5756.951025047565
2030-11-05 22:00:00,-5602.499820768524
2030-11-05 22:15:00,-5765.580208287891
2030-11-05 22:30:00,-6012.785484385895
2030-11-05 22:45:00,-6058.918409819198
2030-11-05 23:00:00,-6153.929540705907
2030-11-05 23:15:00,-6249.37498501904
2030-11-05 23:30:00,-6521.013830256285
2030-11-05 23:45:00,-6772.79679071196
2030-11-06 00:00:00,-7301.221169426488
2030-11-06 00:15:00,-7611.470921982291
2030-11-06 00:30:00,-7586.66528683507
2030-11-06 00:45:00,-7656.670917483256
2030-11-06 01:00:00,-7604.808455260392
2030-11-06 01:15:00,-7771.077252924893
2030-11-06 01:30:00,-7618.9779115510155
2030-11-06 01:45:00,-7561.9902971221345
2030-11-06 02:00:00,-7595.955129142476
2030-11-06 02:15:00,-7386.996979145941
2030-11-06 02:30:00,-7343.481893197821
2030-11-06 02:45:00,-7445.905228413705
2030-11-06 03:00:00,-7497.37429907198
2030-11-06 03:15:00,-7651.321682551503
2030-11-06 03:30:00,-7688.714393289914
2030-11-06 03:45:00,-7545.122090445788
2030-11-06 04:00:00,-7287.0855723538025
2030-11-06 04:15:00,-7098.337050856715
2030-11-06 04:30:00,-6513.2346680958
2030-11-06 04:45:00,-6093.374012277956
2030-11-06 05:00:00,-5540.420230654454
2030-11-06 05:15:00,-5096.669236864447
2030-11-06 05:30:00,-4459.475394614616
2030-11-06 05:45:00,-3597.819859855914
2030-11-06 06:00:00,-2642.4569251580688
2030-11-06 06:15:00,-1759.4856069156485
2030-11-06 06:30:00,-797.5753104938158
2030-11-06 06:45:00,0.0
2030-11-06 07:00:00,0.0
2030-11-06 07:15:00,0.0
2030-11-06 07:30:00,0.0
2030-11-06 07:45:00,0.0
2030-11-06 08:00:00,0.0
2030-11-06 08:15:00,0.0
2030-11-06 08:30:00,0.0
2030-11-06 08:45:00,0.0
2030-11-06 09:00:00,-2500.6091769601626
2030-11-06 09:15:00,-4359.761113818517
2030-11-06 09:30:00,-5472.954972517542
2030-11-06 09:45:00,-6410.957473689523
2030-11-06 10:00:00,-7134.866544905271
2030-11-06 10:15:00,-7928.864528142705
2030-11-06 10:30:00,-8843.872982752386
2030-11-06 10:45:00,-9324.391783322084
2030-11-06 11:00:00,-9643.770212802021
2030-11-06 11:15:00,-9898.84015405958
2030-11-06 11:30:00,-9785.001695482948
2030-11-06 11:45:00,-9657.035343900185
2030-11-06 12:00:00,-9225.916905574326
2030-11-06 12:15:00,-9128.174330283706
2030-11-06 12:30:00,-8660.660983671416
2030-11-06 12:45:00,-8132.768274450307
2030-11-06 13:00:00,-7331.388649959295
2030-11-06 13:15:00,-6380.780813407411
2030-11-06 13:30:00,-5362.684071644744
2030-11-06 13:45:00,-4714.778604549061
2030-11-06 14:00:00,-3547.220323553345
2030-11-06 14:15:00,-2021.6865900548692
2030-11-06 14:30:00,-471.933524682976
2030-11-06 14:45:00,0.0
2030-11-06 15:00:00,0.0
2030-11-06 15:15:00,0.0
2030-11-06 15:30:00,0.0
2030-11-06 15:45:00,0.0
2030-11-06 16:00:00,0.0
2030-11-06 16:15:00,0.0
2030-11-06 16:30:00,0.0
2030-11-06 16:45:00,0.0
2030-11-06 17:00:00,0.0
2030-11-06 17:15:00,0.0
2030-11-06 17:30:00,0.0
2030-11-06 17:45:00,0.0
2030-11-06 18:00:00,0.0
2030-11-06 18:15:00,0.0
2030-11-06 18:30:00,0.0
2030-11-06 18:45:00,0.0
2030-11-06 19:00:00,0.0
2030-11-06 19:15:00,0.0
2030-11-06 19:30:00,0.0
2030-11-06 19:45:00,0.0
2030-11-06 20:00:00,0.0
2030-11-06 20:15:00,0.0
2030-11-06 20:30:00,0.0
2030-11-06 20:45:00,0.0
2030-11-06 21:00:00,0.0
2030-11-06 21:15:00,0.0
2030-11-06 21:30:00,0.0
2030-11-06 21:45:00,0.0
2030-11-06 22:00:00,0.0
2030-11-06 22:15:00,0.0
2030-11-06 22:30:00,0.0
2030-11-06 22:45:00,0.0
2030-11-06 23:00:00,0.0
2030-11-06 23:15:00,0.0
2030-11-06 23:30:00,0.0
2030-11-06 23:45:00,0.0
2030-11-07 00:00:00,0.0
2030-11-07 00:15:00,0.0
2030-11-07 00:30:00,0.0
2030-11-07 00:45:00,0.0
2030-11-07 01:00:00,0.0
2030-11-07 01:15:00,0.0
2030-11-07 01:30:00,0.0
2030-11-07 01:45:00,0.0
2030-11-07 02:00:00,0.0
2030-11-07 02:15:00,0.0
2030-11-07 02:30:00,0.0
2030-11-07 02:45:00,0.0
2030-11-07 03:00:00,0.0
2030-11-07 03:15:00,0.0
2030-11-07 03:30:00,0.0
2030-11-07 03:45:00,0.0
2030-11-07 04:00:00,0.0
2030-11-07 04:15:00,0.0
2030-11-07 04:30:00,0.0
2030-11-07 04:45:00,0.0
2030-11-07 05:00:00,0.0
2030-11-07 05:15:00,0.0
2030-11-07 05:30:00,0.0
2030-11-07 05:45:00,0.0
2030-11-07 06:00:00,0.0
2030-11-07 06:15:00,0.0
2030-11-07 06:30:00,0.0
2030-11-07 06:45:00,0.0
2030-11-07 07:00:00,0.0
2030-11-07 07:15:00,0.0
2030-11-07 07:30:00,0.0
2030-11-07 07:45:00,0.0
2030-11-07 08:00:00,0.0
2030-11-07 08:15:00,0.0
2030-11-07 08:30:00,0.0
2030-11-07 08:45:00,0.0
2030-11-07 09:00:00,0.0
2030-11-07 09:15:00,0.0
2030-11-07 09:30:00,0.0
2030-11-07 09:45:00,0.0
2030-11-07 10:00:00,0.0
2030-11-07 10:15:00,0.0
2030-11-07 10:30:00,0.0
2030-11-07 10:45:00,0.0
2030-11-07 11:00:00,0.0
2030-11-07 11:15:00,0.0
2030-11-07 11:30:00,0.0
2030-11-07 11:45:00,0.0
2030-11-07 12:00:00,0.0
2030-11-07 12:15:00,0.0
2030-11-07 12:30:00,0.0
2030-11-07 12:45:00,0.0
2030-11-07 13:00:00,0.0
2030-11-07 13:15:00,0.0
2030-11-07 13:30:00,0.0
2030-11-07 13:45:00,0.0
2030-11-07 14:00:00,0.0
2030-11-07 14:15:00,0.0
2030-11-07 14:30:00,0.0
2030-11-07 14:45:00,0.0
2030-11-07 15:00:00,0.0
2030-11-07 15:15:00,0.0
2030-11-07 15:30:00,0.0
2030-11-07 15:45:00,0.0
2030-11-07 16:00:00,0.0
2030-11-07 16:15:00,0.0
2030-11-07 16:30:00,0.0
2030-11-07 16:45:00,0.0
2030-11-07 17:00:00,0.0
2030-11-07 17:15:00,0.0
2030-11-07 17:30:00,0.0
2030-11-07 17:45:00,0.0
2030-11-07 18:00:00,0.0
2030-11-07 18:15:00,0.0
2030-11-07 18:30:00,0.0
2030-11-07 18:45:00,0.0
2030-11-07 19:00:00,0.0
2030-11-07 19:15:00,0.0
2030-11-07 19:30:00,3695.6386354106708
2030-11-07 19:45:00,0.0
2030-11-07 20:00:00,0.0
2030-11-07 20:15:00,0.0
2030-11-07 20:30:00,0.0
2030-11-07 20:45:00,0.0
2030-11-07 21:00:00,0.0
2030-11-07 21:15:00,0.0
2030-11-07 21:30:00,0.0
2030-11-07 21:45:00,0.0
2030-11-07 22:00:00,0.0
2030-11-07 22:15:00,0.0
2030-11-07 22:30:00,0.0
2030-11-07 22:45:00,0.0
2030-11-07 23:00:00,0.0
2030-11-07 23:15:00,0.0
2030-11-07 23:30:00,0.0
2030-11-07 23:45:00,0.0
2030-11-08 00:00:00,0.0
2030-11-08 00:15:00,0.0
2030-11-08 00:30:00,0.0
2030-11-08 00:45:00,0.0
2030-11-08 01:00:00,0.0
2030-11-08 01:15:00,0.0
2030-11-08 01:30:00,0.0
2030-11-08 01:45:00,0.0
2030-11-08 02:00:00,0.0
2030-11-08 02:15:00,0.0
2030-11-08 02:30:00,0.0
2030-11-08 02:45:00,0.0
2030-11-08 03:00:00,0.0
2030-11-08 03:15:00,0.0
2030-11-08 03:30:00,0.0
2030-11-08 03:45:00,0.0
2030-11-08 04:00:00,0.0
2030-11-08 04:15:00,0.0
2030-11-08 04:30:00,0.0
2030-11-08 04:45:00,0.0
2030-11-08 05:00:00,0.0
2030-11-08 05:15:00,0.0
2030-11-08 05:30:00,0.0
2030-11-08 05:45:00,0.0
2030-11-08 06:00:00,0.0
2030-11-08 06:15:00,0.0
2030-11-08 06:30:00,0.0
2030-11-08 06:45:00,0.0
2030-11-08 07:00:00,0.0
2030-11-08 07:15:00,0.0
2030-11-08 07:30:00,0.0
2030-11-08 07:45:00,0.0
2030-11-08 08:00:00,0.0
2030-11-08 08:15:00,0.0
2030-11-08 08:30:00,0.0
2030-11-08 08:45:00,0.0
2030-11-08 09:00:00,0.0
2030-11-08 09:15:00,0.0
2030-11-08 09:30:00,0.0
2030-11-08 09:45:00,0.0
2030-11-08 10:00:00,0.0
2030-11-08 10:15:00,0.0
2030-11-08 10:30:00,0.0
2030-11-08 10:45:00,0.0
2030-11-08 11:00:00,0.0
2030-11-08 11:15:00,0.0
2030-11-08 11:30:00,0.0
2030-11-08 11:45:00,0.0
2030-11-08 12:00:00,0.0
2030-11-08 12:15:00,0.0
2030-11-08 12:30:00,0.0
2030-11-08 12:45:00,0.0
2030-11-08 13:00:00,0.0
2030-11-08 13:15:00,0.0
2030-11-08 13:30:00,0.0
2030-11-08 13:45:00,0.0
2030-11-08 14:00:00,0.0
2030-11-08 14:15:00,0.0
2030-11-08 14:30:00,0.0
2030-11-08 14:45:00,0.0
2030-11-08 15:00:00,1588.5536141090706
2030-11-08 15:15:00,0.0
2030-11-08 15:30:00,0.0
2030-11-08 15:45:00,0.0
2030-11-08 16:00:00,0.0
2030-11-08 16:15:00,0.0
2030-11-08 16:30:00,0.0
2030-11-08 16:45:00,0.0
2030-11-08 17:00:00,0.0
2030-11-08 17:15:00,0.0
2030-11-08 17:30:00,0.0
2030-11-08 17:45:00,0.0
2030-11-08 18:00:00,0.0
2030-11-08 18:15:00,0.0
2030-11-08 18:30:00,0.0
2030-11-08 18:45:00,0.0
2030-11-08 19:00:00,0.0
2030-11-08 19:15:00,0.0
2030-11-08 19:30:00,0.0
2030-11-08 19:45:00,0.0
2030-11-08 20:00:00,0.0
2030-11-08 20:15:00,0.0
2030-11-08 20:30:00,0.0
2030-11-08 20:45:00,0.0
2030-11-08 21:00:00,0.0
2030-11-08 21:15:00,0.0
2030-11-08 21:30:00,0.0
2030-11-08 21:45:00,0.0
2030-11-08 22:00:00,0.0
2030-11-08 22:15:00,0.0
2030-11-08 22:30:00,0.0
2030-11-08 22:45:00,0.0
2030-11-08 23:00:00,0.0
2030-11-08 23:15:00,0.0
2030-11-08 23:30:00,0.0
2030-11-08 23:45:00,0.0
2030-11-09 00:00:00,0.0
2030-11-09 00:15:00,0.0
2030-11-09 00:30:00,0.0
2030-11-09 00:45:00,0.0
2030-11-09 01:00:00,0.0
2030-11-09 01:15:00,0.0
2030-11-09 01:30:00,0.0
2030-11-09 01:45:00,0.0
2030-11-09 02:00:00,0.0
2030-11-09 02:15:00,0.0
2030-11-09 02:30:00,0.0
2030-11-09 02:45:00,0.0
2030-11-09 03:00:00,0.0
2030-11-09 03:15:00,0.0
2030-11-09 03:30:00,0.0
2030-11-09 03:45:00,0.0
2030-11-09 04:00:00,0.0
2030-11-09 04:15:00,508.2936169495806
2030-11-09 04:30:00,0.0
2030-11-09 04:45:00,0.0
2030-11-09 05:00:00,0.0
2030-11-09 05:15:00,0.0
2030-11-09 05:30:00,0.0
2030-11-09 05:45:00,0.0
2030-11-09 06:00:00,0.0
2030-11-09 06:15:00,0.0
2030-11-09 06:30:00,0.0
2030-11-09 06:45:00,0.0
2030-11-09 07:00:00,0.0
2030-11-09 07:15:00,0.0
2030-11-09 07:30:00,0.0
2030-11-09 07:45:00,0.0
2030-11-09 08:00:00,0.0
2030-11-09 08:15:00,0.0
2030-11-09 08:30:00,0.0
2030-11-09 08:45:00,0.0
2030-11-09 09:00:00,0.0
2030-11-09 09:15:00,0.0
2030-11-09 09:30:00,0.0
2030-11-09 09:45:00,0.0
2030-11-09 10:00:00,0.0
2030-11-09 10:15:00,0.0
2030-11-09 10:30:00,0.0
2030-11-09 10:45:00,0.0
2030-11-09 11:00:00,0.0
2030-11-09 11:15:00,0.0
2030-11-09 11:30:00,0.0
2030-11-09 11:45:00,0.0
2030-11-09 12:00:00,0.0
2030-11-09 12:15:00,0.0
2030-11-09 12:30:00,0.0
2030-11-09 12:45:00,0.0
2030-11-09 13:00:00,0.0
2030-11-09 13:15:00,0.0
2030-11-09 13:30:00,0.0
2030-11-09 13:45:00,0.0
2030-11-09 14:00:00,0.0
2030-11-09 14:15:00,0.0
2030-11-09 14:30:00,0.0
2030-11-09 14:45:00,0.0
2030-11-09 15:00:00,0.0
2030-11-09 15:15:00,0.0
2030-11-09 15:30:00,0.0
2030-11-09 15:45:00,0.0
2030-11-09 16:00:00,0.0
2030-11-09 16:15:00,0.0
2030-11-09 16:30:00,0.0
2030-11-09 16:45:00,0.0
2030-11-09 17:00:00,0.0
2030-11-09 17:15:00,0.0
2030-11-09 17:30:00,0.0
2030-11-09 17:45:00,0.0
2030-11-09 18:00:00,0.0
2030-11-09 18:15:00,0.0
2030-11-09 18:30:00,0.0
2030-11-09 18:45:00,0.0
2030-11-09 19:00:00,0.0
2030-11-09 19:15:00,0.0
2030-11-09 19:30:00,0.0
2030-11-09 19:45:00,0.0
2030-11-09 20:00:00,0.0
2030-11-09 20:15:00,0.0
2030-11-09 20:30:00,0.0
2030-11-09 20:45:00,0.0
2030-11-09 21:00:00,0.0
2030-11-09 21:15:00,0.0
2030-11-09 21:30:00,0.0
2030-11-09 21:45:00,0.0
2030-11-09 22:00:00,0.0
2030-11-09 22:15:00,0.0
2030-11-09 22:30:00,0.0
2030-11-09 22:45:00,0.0
2030-11-09 23:00:00,0.0
2030-11-09 23:15:00,0.0
2030-11-09 23:30:00,0.0
2030-11-09 23:45:00,0.0
2030-11-10 00:00:00,0.0
2030-11-10 00:15:00,0.0
2030-11-10 00:30:00,0.0
2030-11-10 00:45:00,0.0
2030-11-10 01:00:00,0.0
2030-11-10 01:15:00,0.0
2030-11-10 01:30:00,0.0
2030-11-10 01:45:00,0.0
2030-11-10 02:00:00,0.0
2030-11-10 02:15:00,0.0
2030-11-10 02:30:00,0.0
2030-11-10 02:45:00,0.0
2030-11-10 03:00:00,0.0
2030-11-10 03:15:00,0.0
2030-11-10 03:30:00,0.0
2030-11-10 03:45:00,0.0
2030-11-10 04:00:00,0.0
2030-11-10 04:15:00,0.0
2030-11-10 04:30:00,0.0
2030-11-10 04:45:00,0.0
2030-11-10 05:00:00,0.0
2030-11-10 05:15:00,0.0
2030-11-10 05:30:00,0.0
2030-11-10 05:45:00,0.0
2030-11-10 06:00:00,0.0
2030-11-10 06:15:00,0.0
2030-11-10 06:30:00,0.0
2030-11-10 06:45:00,0.0
2030-11-10 07:00:00,0.0
2030-11-10 07:15:00,0.0
2030-11-10 07:30:00,0.0
2030-11-10 07:45:00,0.0
2030-11-10 08:00:00,0.0
2030-11-10 08:15:00,0.0
2030-11-10 08:30:00,0.0
2030-11-10 08:45:00,0.0
2030-11-10 09:00:00,0.0
2030-11-10 09:15:00,0.0
2030-11-10 09:30:00,0.0
2030-11-10 09:45:00,0.0
2030-11-10 10:00:00,0.0
2030-11-10 10:15:00,0.0
2030-11-10 10:30:00,0.0
2030-11-10 10:45:00,0.0
2030-11-10 11:00:00,0.0
2030-11-10 11:15:00,0.0
2030-11-10 11:30:00,0.0
2030-11-10 11:45:00,0.0
2030-11-10 12:00:00,0.0
2030-11-10 12:15:00,0.0
2030-11-10 12:30:00,0.0
2030-11-10 12:45:00,0.0
2030-11-10 13:00:00,0.0
2030-11-10 13:15:00,0.0
2030-11-10 13:30:00,0.0
2030-11-10 13:45:00,0.0
2030-11-10 14:00:00,0.0
2030-11-10 14:15:00,0.0
2030-11-10 14:30:00,0.0
2030-11-10 14:45:00,0.0
2030-11-10 15:00:00,0.0
2030-11-10 15:15:00,0.0
2030-11-10 15:30:00,0.0
2030-11-10 15:45:00,0.0
2030-11-10 16:00:00,613.3614083912944
2030-11-10 16:15:00,794.1804446631631
2030-11-10 16:30:00,930.1865722285056
2030-11-10 16:45:00,1253.314860235645
2030-11-10 17:00:00,1470.9022550943682
2030-11-10 17:15:00,1518.5221190594948
2030-11-10 17:30:00,1358.5347340146527
2030-11-10 17:45:00,1183.1196484126813
2030-11-10 18:00:00,1066.547966031254
2030-11-10 18:15:00,1017.2296267850761
2030-11-10 18:30:00,899.2630623716868
2030-11-10 18:45:00,943.6632812937823
2030-11-10 19:00:00,823.5809434788043
2030-11-10 19:15:00,536.0379165784943
2030-11-10 19:30:00,559.3422582993207
2030-11-10 19:45:00,360.33782984254685
2030-11-10 20:00:00,0.0
2030-11-10 20:15:00,0.0
2030-11-10 20:30:00,0.0
2030-11-10 20:45:00,0.0
2030-11-10 21:00:00,0.0
2030-11-10 21:15:00,0.0
2030-11-10 21:30:00,0.0
2030-11-10 21:45:00,0.0
2030-11-10 22:00:00,0.0
2030-11-10 22:15:00,0.0
2030-11-10 22:30:00,0.0
2030-11-10 22:45:00,0.0
2030-11-10 23:00:00,0.0
2030-11-10 23:15:00,0.0
2030-11-10 23:30:00,0.0
2030-11-10 23:45:00,0.0
2030-11-11 00:00:00,0.0
2030-11-11 00:15:00,0.0
2030-11-11 00:30:00,0.0
2030-11-11 00:45:00,0.0
2030-11-11 01:00:00,0.0
2030-11-11 01:15:00,0.0
2030-11-11 01:30:00,0.0
2030-11-11 01:45:00,0.0
2030-11-11 02:00:00,0.0
2030-11-11 02:15:00,0.0
2030-11-11 02:30:00,0.0
2030-11-11 02:45:00,0.0
2030-11-11 03:00:00,0.0
2030-11-11 03:15:00,0.0
2030-11-11 03:30:00,0.0
2030-11-11 03:45:00,0.0
2030-11-11 04:00:00,0.0
2030-11-11 04:15:00,0.0
2030-11-11 04:30:00,0.0
2030-11-11 04:45:00,0.0
2030-11-11 05:00:00,0.0
2030-11-11 05:15:00,0.0
2030-11-11 05:30:00,0.0
2030-11-11 05:45:00,0.0
2030-11-11 06:00:00,0.0
2030-11-11 06:15:00,0.0
2030-11-11 06:30:00,0.0
2030-11-11 06:45:00,0.0
2030-11-11 07:00:00,0.0
2030-11-11 07:15:00,0.0
2030-11-11 07:30:00,0.0
2030-11-11 07:45:00,0.0
2030-11-11 08:00:00,0.0
2030-11-11 08:15:00,0.0
2030-11-11 08:30:00,0.0
2030-11-11 08:45:00,0.0
2030-11-11 09:00:00,0.0
2030-11-11 09:15:00,0.0
2030-11-11 09:30:00,0.0
2030-11-11 09:45:00,0.0
2030-11-11 10:00:00,0.0
2030-11-11 10:15:00,0.0
2030-11-11 10:30:00,0.0
2030-11-11 10:45:00,0.0
2030-11-11 11:00:00,0.0
2030-11-11 11:15:00,0.0
2030-11-11 11:30:00,0.0
2030-11-11 11:45:00,0.0
2030-11-11 12:00:00,0.0
2030-11-11 12:15:00,0.0
2030-11-11 12:30:00,0.0
2030-11-11 12:45:00,0.0
2030-11-11 13:00:00,0.0
2030-11-11 13:15:00,0.0
2030-11-11 13:30:00,0.0
2030-11-11 13:45:00,0.0
2030-11-11 14:00:00,0.0
2030-11-11 14:15:00,0.0
2030-11-11 14:30:00,0.0
2030-11-11 14:45:00,0.0
2030-11-11 15:00:00,0.0
2030-11-11 15:15:00,0.0
2030-11-11 15:30:00,0.0
2030-11-11 15:45:00,0.0
2030-11-11 16:00:00,0.0
2030-11-11 16:15:00,0.0
2030-11-11 16:30:00,0.0
2030-11-11 16:45:00,0.0
2030-11-11 17:00:00,0.0
2030-11-11 17:15:00,0.0
2030-11-11 17:30:00,0.0
2030-11-11 17:45:00,0.0
2030-11-11 18:00:00,0.0
2030-11-11 18:15:00,0.0
2030-11-11 18:30:00,0.0
2030-11-11 18:45:00,0.0
2030-11-11 19:00:00,0.0
2030-11-11 19:15:00,0.0
2030-11-11 19:30:00,0.0
2030-11-11 19:45:00,0.0
2030-11-11 20:00:00,0.0
2030-11-11 20:15:00,0.0
2030-11-11 20:30:00,0.0
2030-11-11 20:45:00,0.0
2030-11-11 21:00:00,0.0
2030-11-11 21:15:00,0.0
2030-11-11 21:30:00,0.0
2030-11-11 21:45:00,0.0
2030-11-11 22:00:00,0.0
2030-11-11 22:15:00,0.0
2030-11-11 22:30:00,0.0
2030-11-11 22:45:00,0.0
2030-11-11 23:00:00,0.0
2030-11-11 23:15:00,0.0
2030-11-11 23:30:00,0.0
2030-11-11 23:45:00,0.0
2030-11-12 00:00:00,0.0
2030-11-12 00:15:00,0.0
2030-11-12 00:30:00,0.0
2030-11-12 00:45:00,0.0
2030-11-12 01:00:00,0.0
2030-11-12 01:15:00,0.0
2030-11-12 01:30:00,0.0
2030-11-12 01:45:00,0.0
2030-11-12 02:00:00,0.0
2030-11-12 02:15:00,0.0
2030-11-12 02:30:00,0.0
2030-11-12 02:45:00,0.0
2030-11-12 03:00:00,0.0
2030-11-12 03:15:00,0.0
2030-11-12 03:30:00,0.0
2030-11-12 03:45:00,0.0
2030-11-12 04:00:00,0.0
2030-11-12 04:15:00,0.0
2030-11-12 04:30:00,0.0
2030-11-12 04:45:00,0.0
2030-11-12 05:00:00,0.0
2030-11-12 05:15:00,0.0
2030-11-12 05:30:00,0.0
2030-11-12 05:45:00,0.0
2030-11-12 06:00:00,0.0
2030-11-12 06:15:00,0.0
2030-11-12 06:30:00,0.0
2030-11-12 06:45:00,0.0
2030-11-12 07:00:00,0.0
2030-11-12 07:15:00,0.0
2030-11-12 07:30:00,0.0
2030-11-12 07:45:00,0.0
2030-11-12 08:00:00,0.0
2030-11-12 08:15:00,0.0
2030-11-12 08:30:00,0.0
2030-11-12 08:45:00,0.0
2030-11-12 09:00:00,0.0
2030-11-12 09:15:00,0.0
2030-11-12 09:30:00,0.0
2030-11-12 09:45:00,0.0
2030-11-12 10:00:00,0.0
2030-11-12 10:15:00,0.0
2030-11-12 10:30:00,0.0
2030-11-12 10:45:00,0.0
2030-11-12 11:00:00,0.0
2030-11-12 11:15:00,0.0
2030-11-12 11:30:00,0.0
2030-11-12 11:45:00,0.0
2030-11-12 12:00:00,0.0
2030-11-12 12:15:00,0.0
2030-11-12 12:30:00,0.0
2030-11-12 12:45:00,0.0
2030-11-12 13:00:00,0.0
2030-11-12 13:15:00,0.0
2030-11-12 13:30:00,0.0
2030-11-12 13:45:00,0.0
2030-11-12 14:00:00,0.0
2030-11-12 14:15:00,0.0
2030-11-12 14:30:00,0.0
2030-11-12 14:45:00,0.0
2030-11-12 15:00:00,0.0
2030-11-12 15:15:00,0.0
2030-11-12 15:30:00,0.0
2030-11-12 15:45:00,0.0
2030-11-12 16:00:00,0.0
2030-11-12 16:15:00,0.0
2030-11-12 16:30:00,0.0
2030-11-12 16:45:00,0.0
2030-11-12 17:00:00,0.0
2030-11-12 17:15:00,0.0
2030-11-12 17:30:00,0.0
2030-11-12 17:45:00,0.0
2030-11-12 18:00:00,0.0
2030-11-12 18:15:00,0.0
2030-11-12 18:30:00,0.0
2030-11-12 18:45:00,0.0
2030-11-12 19:00:00,0.0
2030-11-12 19:15:00,0.0
2030-11-12 19:30:00,0.0
2030-11-12 19:45:00,0.0
2030-11-12 20:00:00,0.0
2030-11-12 20:15:00,0.0
2030-11-12 20:30:00,0.0
2030-11-12 20:45:00,0.0
2030-11-12 21:00:00,0.0
2030-11-12 21:15:00,0.0
2030-11-12 21:30:00,0.0
2030-11-12 21:45:00,0.0
2030-11-12 22:00:00,0.0
2030-11-12 22:15:00,0.0
2030-11-12 22:30:00,0.0
2030-11-12 22:45:00,0.0
2030-11-12 23:00:00,0.0
2030-11-12 23:15:00,0.0
2030-11-12 23:30:00,0.0
2030-11-12 23:45:00,0.0
2030-11-13 00:00:00,0.0
2030-11-13 00:15:00,0.0
2030-11-13 00:30:00,0.0
2030-11-13 00:45:00,0.0
2030-11-13 01:00:00,0.0
2030-11-13 01:15:00,0.0
2030-11-13 01:30:00,0.0
2030-11-13 01:45:00,0.0
2030-11-13 02:00:00,0.0
2030-11-13 02:15:00,0.0
2030-11-13 02:30:00,0.0
2030-11-13 02:45:00,0.0
2030-11-13 03:00:00,0.0
2030-11-13 03:15:00,0.0
2030-11-13 03:30:00,0.0
2030-11-13 03:45:00,0.0
2030-11-13 04:00:00,0.0
2030-11-13 04:15:00,0.0
2030-11-13 04:30:00,0.0
2030-11-13 04:45:00,0.0
2030-11-13 05:00:00,0.0
2030-11-13 05:15:00,0.0
2030-11-13 05:30:00,0.0
2030-11-13 05:45:00,0.0
2030-11-13 06:00:00,0.0
2030-11-13 06:15:00,0.0
2030-11-13 06:30:00,0.0
2030-11-13 06:45:00,0.0
2030-11-13 07:00:00,0.0
2030-11-13 07:15:00,0.0
2030-11-13 07:30:00,170.65451413184564
2030-11-13 07:45:00,434.4105105857434
2030-11-13 08:00:00,491.6368482534399
2030-11-13 08:15:00,58.380894804136915
2030-11-13 08:30:00,0.0
2030-11-13 08:45:00,0.0
2030-11-13 09:00:00,0.0
2030-11-13 09:15:00,0.0
2030-11-13 09:30:00,0.0
2030-11-13 09:45:00,0.0
2030-11-13 10:00:00,0.0
2030-11-13 10:15:00,0.0
2030-11-13 10:30:00,0.0
2030-11-13 10:45:00,0.0
2030-11-13 11:00:00,0.0
2030-11-13 11:15:00,0.0
2030-11-13 11:30:00,0.0
2030-11-13 11:45:00,0.0
2030-11-13 12:00:00,0.0
2030-11-13 12:15:00,0.0
2030-11-13 12:30:00,0.0
2030-11-13 12:45:00,0.0
2030-11-13 13:00:00,0.0
2030-11-13 13:15:00,0.0
2030-11-13 13:30:00,0.0
2030-11-13 13:45:00,0.0
2030-11-13 14:00:00,0.0
2030-11-13 14:15:00,0.0
2030-11-13 14:30:00,0.0
2030-11-13 14:45:00,0.0
2030-11-13 15:00:00,0.0
2030-11-13 15:15:00,0.0
2030-11-13 15:30:00,0.0
2030-11-13 15:45:00,0.0
2030-11-13 16:00:00,0.0
2030-11-13 16:15:00,0.0
2030-11-13 16:30:00,0.0
2030-11-13 16:45:00,0.0
2030-11-13 17:00:00,0.0
2030-11-13 17:15:00,0.0
2030-11-13 17:30:00,0.0
2030-11-13 17:45:00,0.0
2030-11-13 18:00:00,0.0
2030-11-13 18:15:00,0.0
2030-11-13 18:30:00,0.0
2030-11-13 18:45:00,0.0
2030-11-13 19:00:00,0.0
2030-11-13 19:15:00,0.0
2030-11-13 19:30:00,0.0
2030-11-13 19:45:00,0.0
2030-11-13 20:00:00,0.0
2030-11-13 20:15:00,0.0
2030-11-13 20:30:00,0.0
2030-11-13 20:45:00,0.0
2030-11-13 21:00:00,0.0
2030-11-13 21:15:00,0.0
2030-11-13 21:30:00,0.0
2030-11-13 21:45:00,0.0
2030-11-13 22:00:00,0.0
2030-11-13 22:15:00,0.0
2030-11-13 22:30:00,0.0
2030-11-13 22:45:00,0.0
2030-11-13 23:00:00,0.0
2030-11-13 23:15:00,0.0
2030-11-13 23:30:00,0.0
2030-11-13 23:45:00,0.0
2030-11-14 00:00:00,0.0
2030-11-14 00:15:00,0.0
2030-11-14 00:30:00,0.0
2030-11-14 00:45:00,0.0
2030-11-14 01:00:00,0.0
2030-11-14 01:15:00,0.0
2030-11-14 01:30:00,0.0
2030-11-14 01:45:00,0.0
2030-11-14 02:00:00,0.0
2030-11-14 02:15:00,0.0
2030-11-14 02:30:00,0.0
2030-11-14 02:45:00,0.0
2030-11-14 03:00:00,0.0
2030-11-14 03:15:00,0.0
2030-11-14 03:30:00,0.0
2030-11-14 03:45:00,0.0
2030-11-14 04:00:00,0.0
2030-11-14 04:15:00,0.0
2030-11-14 04:30:00,0.0
2030-11-14 04:45:00,0.0
2030-11-14 05:00:00,0.0
2030-11-14 05:15:00,0.0
2030-11-14 05:30:00,0.0
2030-11-14 05:45:00,0.0
2030-11-14 06:00:00,0.0
2030-11-14 06:15:00,0.0
2030-11-14 06:30:00,0.0
2030-11-14 06:45:00,0.0
2030-11-14 07:00:00,0.0
2030-11-14 07:15:00,0.0
2030-11-14 07:30:00,0.0
2030-11-14 07:45:00,0.0
2030-11-14 08:00:00,0.0
2030-11-14 08:15:00,0.0
2030-11-14 08:30:00,0.0
2030-11-14 08:45:00,0.0
2030-11-14 09:00:00,0.0
2030-11-14 09:15:00,0.0
2030-11-14 09:30:00,0.0
2030-11-14 09:45:00,0.0
2030-11-14 10:00:00,0.0
2030-11-14 10:15:00,0.0
2030-11-14 10:30:00,0.0
2030-11-14 10:45:00,0.0
2030-11-14 11:00:00,0.0
2030-11-14 11:15:00,0.0
2030-11-14 11:30:00,0.0
2030-11-14 11:45:00,0.0
2030-11-14 12:00:00,0.0
2030-11-14 12:15:00,0.0
2030-11-14 12:30:00,0.0
2030-11-14 12:45:00,0.0
2030-11-14 13:00:00,0.0
2030-11-14 13:15:00,0.0
2030-11-14 13:30:00,0.0
2030-11-14 13:45:00,0.0
2030-11-14 14:00:00,-180.85995967479903
2030-11-14 14:15:00,-5718.6585649838125
2030-11-14 14:30:00,-5136.292493204404
2030-11-14 14:45:00,-4320.120702586963
2030-11-14 15:00:00,-3282.3913294620033
2030-11-14 15:15:00,-2608.7738962669428
2030-11-14 15:30:00,-1846.5249852703018
2030-11-14 15:45:00,-1120.1475178873952
2030-11-14 16:00:00,-100.42728069276563
2030-11-14 16:15:00,0.0
2030-11-14 16:30:00,0.0
2030-11-14 16:45:00,0.0
2030-11-14 17:00:00,0.0
2030-11-14 17:15:00,0.0
2030-11-14 17:30:00,0.0
2030-11-14 17:45:00,0.0
2030-11-14 18:00:00,0.0
2030-11-14 18:15:00,0.0
2030-11-14 18:30:00,0.0
2030-11-14 18:45:00,0.0
2030-11-14 19:00:00,0.0
2030-11-14 19:15:00,0.0
2030-11-14 19:30:00,0.0
2030-11-14 19:45:00,0.0
2030-11-14 20:00:00,0.0
2030-11-14 20:15:00,0.0
2030-11-14 20:30:00,0.0
2030-11-14 20:45:00,0.0
2030-11-14 21:00:00,0.0
2030-11-14 21:15:00,0.0
2030-11-14 21:30:00,0.0
2030-11-14 21:45:00,0.0
2030-11-14 22:00:00,0.0
2030-11-14 22:15:00,0.0
2030-11-14 22:30:00,0.0
2030-11-14 22:45:00,0.0
2030-11-14 23:00:00,0.0
2030-11-14 23:15:00,0.0
2030-11-14 23:30:00,0.0
2030-11-14 23:45:00,0.0
2030-11-15 00:00:00,0.0
2030-11-15 00:15:00,0.0
2030-11-15 00:30:00,0.0
2030-11-15 00:45:00,0.0
2030-11-15 01:00:00,-3742.956219340209
2030-11-15 01:15:00,-4189.436001339993
2030-11-15 01:30:00,-4390.529588144229
2030-11-15 01:45:00,-4401.055601210199
2030-11-15 02:00:00,-4490.837220824433
2030-11-15 02:15:00,-4504.0287981236215
2030-11-15 02:30:00,-4447.413817340519
2030-11-15 02:45:00,-4473.297666717674
2030-11-15 03:00:00,-4433.474119735278
2030-11-15 03:15:00,-4499.605303993438
2030-11-15 03:30:00,-4563.827110718201
2030-11-15 03:45:00,-4465.575853041282
2030-11-15 04:00:00,-4271.272390567694
2030-11-15 04:15:00,-4194.426500852711
2030-11-15 04:30:00,-3990.154471390335
2030-11-15 04:45:00,-3507.2993792322923
2030-11-15 05:00:00,-2914.710464196047
2030-11-15 05:15:00,-2466.022606295479
2030-11-15 05:30:00,-2058.9775514255634
2030-11-15 05:45:00,-1427.5332664004418
2030-11-15 06:00:00,-282.63846493372694
2030-11-15 06:15:00,0.0
2030-11-15 06:30:00,0.0
2030-11-15 06:45:00,0.0
2030-11-15 07:00:00,0.0
2030-11-15 07:15:00,0.0
2030-11-15 07:30:00,0.0
2030-11-15 07:45:00,0.0
2030-11-15 08:00:00,0.0
2030-11-15 08:15:00,0.0
2030-11-15 08:30:00,0.0
2030-11-15 08:45:00,0.0
2030-11-15 09:00:00,0.0
2030-11-15 09:15:00,0.0
2030-11-15 09:30:00,0.0
2030-11-15 09:45:00,0.0
2030-11-15 10:00:00,0.0
2030-11-15 10:15:00,0.0
2030-11-15 10:30:00,0.0
2030-11-15 10:45:00,0.0
2030-11-15 11:00:00,0.0
2030-11-15 11:15:00,0.0
2030-11-15 11:30:00,0.0
2030-11-15 11:45:00,0.0
2030-11-15 12:00:00,0.0
2030-11-15 12:15:00,0.0
2030-11-15 12:30:00,0.0
2030-11-15 12:45:00,0.0
2030-11-15 13:00:00,0.0
2030-11-15 13:15:00,0.0
2030-11-15 13:30:00,0.0
2030-11-15 13:45:00,0.0
2030-11-15 14:00:00,0.0
2030-11-15 14:15:00,0.0
2030-11-15 14:30:00,0.0
2030-11-15 14:45:00,0.0
2030-11-15 15:00:00,0.0
2030-11-15 15:15:00,0.0
2030-11-15 15:30:00,0.0
2030-11-15 15:45:00,0.0
2030-11-15 16:00:00,0.0
2030-11-15 16:15:00,0.0
2030-11-15 16:30:00,0.0
2030-11-15 16:45:00,0.0
2030-11-15 17:00:00,0.0
2030-11-15 17:15:00,0.0
2030-11-15 17:30:00,0.0
2030-11-15 17:45:00,0.0
2030-11-15 18:00:00,0.0
2030-11-15 18:15:00,0.0
2030-11-15 18:30:00,0.0
2030-11-15 18:45:00,0.0
2030-11-15 19:00:00,0.0
2030-11-15 19:15:00,0.0
2030-11-15 19:30:00,0.0
2030-11-15 19:45:00,0.0
2030-11-15 20:00:00,0.0
2030-11-15 20:15:00,0.0
2030-11-15 20:30:00,0.0
2030-11-15 20:45:00,0.0
2030-11-15 21:00:00,0.0
2030-11-15 21:15:00,0.0
2030-11-15 21:30:00,0.0
2030-11-15 21:45:00,0.0
2030-11-15 22:00:00,0.0
2030-11-15 22:15:00,0.0
2030-11-15 22:30:00,0.0
2030-11-15 22:45:00,0.0
2030-11-15 23:00:00,0.0
2030-11-15 23:15:00,0.0
2030-11-15 23:30:00,0.0
2030-11-15 23:45:00,0.0
2030-11-16 00:00:00,0.0
2030-11-16 00:15:00,0.0
2030-11-16 00:30:00,0.0
2030-11-16 00:45:00,0.0
2030-11-16 01:00:00,0.0
2030-11-16 01:15:00,0.0
2030-11-16 01:30:00,0.0
2030-11-16 01:45:00,0.0
2030-11-16 02:00:00,0.0
2030-11-16 02:15:00,0.0
2030-11-16 02:30:00,0.0
2030-11-16 02:45:00,0.0
2030-11-16 03:00:00,0.0
2030-11-16 03:15:00,0.0
2030-11-16 03:30:00,0.0
2030-11-16 03:45:00,0.0
2030-11-16 04:00:00,0.0
2030-11-16 04:15:00,0.0
2030-11-16 04:30:00,-1401.157097349238
2030-11-16 04:45:00,-3583.4205640297114
2030-11-16 05:00:00,-3467.0733038293547
2030-11-16 05:15:00,-3637.0891899553353
2030-11-16 05:30:00,-3314.3917960999024
2030-11-16 05:45:00,-2328.7859066537058
2030-11-16 06:00:00,-1425.3131278336077
2030-11-16 06:15:00,-471.6137440884195
2030-11-16 06:30:00,0.0
2030-11-16 06:45:00,0.0
2030-11-16 07:00:00,0.0
2030-11-16 07:15:00,0.0
2030-11-16 07:30:00,0.0
2030-11-16 07:45:00,0.0
2030-11-16 08:00:00,0.0
2030-11-16 08:15:00,0.0
2030-11-16 08:30:00,0.0
2030-11-16 08:45:00,0.0
2030-11-16 09:00:00,0.0
2030-11-16 09:15:00,0.0
2030-11-16 09:30:00,0.0
2030-11-16 09:45:00,0.0
2030-11-16 10:00:00,0.0
2030-11-16 10:15:00,0.0
2030-11-16 10:30:00,0.0
2030-11-16 10:45:00,0.0
2030-11-16 11:00:00,0.0
2030-11-16 11:15:00,-5107.342292574009
2030-11-16 11:30:00,-6346.119913437255
2030-11-16 11:45:00,-6381.45368805846
2030-11-16 12:00:00,-6413.982767015892
2030-11-16 12:15:00,-6342.748298849099
2030-11-16 12:30:00,-6082.553379212259
2030-11-16 12:45:00,-5898.272571914105
2030-11-16 13:00:00,-5064.5808614709895
2030-11-16 13:15:00,-4528.980896125595
2030-11-16 13:30:00,-3627.812892112117
2030-11-16 13:45:00,-3046.122096637071
2030-11-16 14:00:00,-1686.206477060783
2030-11-16 14:15:00,-193.816715421548
2030-11-16 14:30:00,0.0
2030-11-16 14:45:00,0.0
2030-11-16 15:00:00,0.0
2030-11-16 15:15:00,0.0
2030-11-16 15:30:00,0.0
2030-11-16 15:45:00,0.0
2030-11-16 16:00:00,0.0
2030-11-16 16:15:00,0.0
2030-11-16 16:30:00,0.0
2030-11-16 16:45:00,0.0
2030-11-16 17:00:00,0.0
2030-11-16 17:15:00,0.0
2030-11-16 17:30:00,0.0
2030-11-16 17:45:00,0.0
2030-11-16 18:00:00,0.0
2030-11-16 18:15:00,0.0
2030-11-16 18:30:00,0.0
2030-11-16 18:45:00,0.0
2030-11-16 19:00:00,0.0
2030-11-16 19:15:00,0.0
2030-11-16 19:30:00,0.0
2030-11-16 19:45:00,0.0
2030-11-16 20:00:00,0.0
2030-11-16 20:15:00,0.0
2030-11-16 20:30:00,0.0
2030-11-16 20:45:00,0.0
2030-11-16 21:00:00,0.0
2030-11-16 21:15:00,0.0
2030-11-16 21:30:00,0.0
2030-11-16 21:45:00,0.0
2030-11-16 22:00:00,0.0
2030-11-16 22:15:00,0.0
2030-11-16 22:30:00,0.0
2030-11-16 22:45:00,0.0
2030-11-16 23:00:00,0.0
2030-11-16 23:15:00,0.0
2030-11-16 23:30:00,0.0
2030-11-16 23:45:00,0.0
2030-11-17 00:00:00,0.0
2030-11-17 00:15:00,0.0
2030-11-17 00:30:00,0.0
2030-11-17 00:45:00,0.0
2030-11-17 01:00:00,0.0
2030-11-17 01:15:00,0.0
2030-11-17 01:30:00,0.0
2030-11-17 01:45:00,0.0
2030-11-17 02:00:00,0.0
2030-11-17 02:15:00,0.0
2030-11-17 02:30:00,0.0
2030-11-17 02:45:00,0.0
2030-11-17 03:00:00,0.0
2030-11-17 03:15:00,0.0
2030-11-17 03:30:00,0.0
2030-11-17 03:45:00,0.0
2030-11-17 04:00:00,0.0
2030-11-17 04:15:00,0.0
2030-11-17 04:30:00,0.0
2030-11-17 04:45:00,0.0
2030-11-17 05:00:00,0.0
2030-11-17 05:15:00,0.0
2030-11-17 05:30:00,0.0
2030-11-17 05:45:00,0.0
2030-11-17 06:00:00,0.0
2030-11-17 06:15:00,0.0
2030-11-17 06:30:00,0.0
2030-11-17 06:45:00,0.0
2030-11-17 07:00:00,3815.2583123947697
2030-11-17 07:15:00,0.0
2030-11-17 07:30:00,0.0
2030-11-17 07:45:00,0.0
2030-11-17 08:00:00,0.0
2030-11-17 08:15:00,0.0
2030-11-17 08:30:00,0.0
2030-11-17 08:45:00,0.0
2030-11-17 09:00:00,0.0
2030-11-17 09:15:00,0.0
2030-11-17 09:30:00,0.0
2030-11-17 09:45:00,0.0
2030-11-17 10:00:00,0.0
2030-11-17 10:15:00,0.0
2030-11-17 10:30:00,0.0
2030-11-17 10:45:00,0.0
2030-11-17 11:00:00,0.0
2030-11-17 11:15:00,0.0
2030-11-17 11:30:00,0.0
2030-11-17 11:45:00,0.0
2030-11-17 12:00:00,0.0
2030-11-17 12:15:00,0.0
2030-11-17 12:30:00,0.0
2030-11-17 12:45:00,0.0
2030-11-17 13:00:00,0.0
2030-11-17 13:15:00,0.0
2030-11-17 13:30:00,0.0
2030-11-17 13:45:00,0.0
2030-11-17 14:00:00,0.0
2030-11-17 14:15:00,0.0
2030-11-17 14:30:00,0.0
2030-11-17 14:45:00,0.0
2030-11-17 15:00:00,0.0
2030-11-17 15:15:00,0.0
2030-11-17 15:30:00,0.0
2030-11-17 15:45:00,0.0
2030-11-17 16:00:00,0.0
2030-11-17 16:15:00,0.0
2030-11-17 16:30:00,0.0
2030-11-17 16:45:00,0.0
2030-11-17 17:00:00,0.0
2030-11-17 17:15:00,0.0
2030-11-17 17:30:00,0.0
2030-11-17 17:45:00,0.0
2030-11-17 18:00:00,7875.955169951898
2030-11-17 18:15:00,0.0
2030-11-17 18:30:00,0.0
2030-11-17 18:45:00,0.0
2030-11-17 19:00:00,0.0
2030-11-17 19:15:00,0.0
2030-11-17 19:30:00,0.0
2030-11-17 19:45:00,0.0
2030-11-17 20:00:00,0.0
2030-11-17 20:15:00,0.0
2030-11-17 20:30:00,0.0
2030-11-17 20:45:00,0.0
2030-11-17 21:00:00,0.0
2030-11-17 21:15:00,0.0
2030-11-17 21:30:00,0.0
2030-11-17 21:45:00,0.0
2030-11-17 22:00:00,0.0
2030-11-17 22:15:00,0.0
2030-11-17 22:30:00,0.0
2030-11-17 22:45:00,0.0
2030-11-17 23:00:00,0.0
2030-11-17 23:15:00,0.0
2030-11-17 23:30:00,0.0
2030-11-17 23:45:00,0.0
2030-11-18 00:00:00,0.0
2030-11-18 00:15:00,0.0
2030-11-18 00:30:00,0.0
2030-11-18 00:45:00,0.0
2030-11-18 01:00:00,0.0
2030-11-18 01:15:00,0.0
2030-11-18 01:30:00,0.0
2030-11-18 01:45:00,0.0
2030-11-18 02:00:00,0.0
2030-11-18 02:15:00,0.0
2030-11-18 02:30:00,0.0
2030-11-18 02:45:00,0.0
2030-11-18 03:00:00,0.0
2030-11-18 03:15:00,0.0
2030-11-18 03:30:00,0.0
2030-11-18 03:45:00,0.0
2030-11-18 04:00:00,0.0
2030-11-18 04:15:00,0.0
2030-11-18 04:30:00,0.0
2030-11-18 04:45:00,0.0
2030-11-18 05:00:00,0.0
2030-11-18 05:15:00,0.0
2030-11-18 05:30:00,0.0
2030-11-18 05:45:00,0.0
2030-11-18 06:00:00,0.0
2030-11-18 06:15:00,0.0
2030-11-18 06:30:00,0.0
2030-11-18 06:45:00,0.0
2030-11-18 07:00:00,0.0
2030-11-18 07:15:00,0.0
2030-11-18 07:30:00,0.0
2030-11-18 07:45:00,0.0
2030-11-18 08:00:00,0.0
2030-11-18 08:15:00,0.0
2030-11-18 08:30:00,0.0
2030-11-18 08:45:00,0.0
2030-11-18 09:00:00,0.0
2030-11-18 09:15:00,0.0
2030-11-18 09:30:00,0.0
2030-11-18 09:45:00,0.0
2030-11-18 10:00:00,0.0
2030-11-18 10:15:00,0.0
2030-11-18 10:30:00,0.0
2030-11-18 10:45:00,0.0
2030-11-18 11:00:00,0.0
2030-11-18 11:15:00,0.0
2030-11-18 11:30:00,0.0
2030-11-18 11:45:00,0.0
2030-11-18 12:00:00,0.0
2030-11-18 12:15:00,0.0
2030-11-18 12:30:00,0.0
2030-11-18 12:45:00,0.0
2030-11-18 13:00:00,0.0
2030-11-18 13:15:00,0.0
2030-11-18 13:30:00,0.0
2030-11-18 13:45:00,0.0
2030-11-18 14:00:00,0.0
2030-11-18 14:15:00,0.0
2030-11-18 14:30:00,0.0
2030-11-18 14:45:00,0.0
2030-11-18 15:00:00,0.0
2030-11-18 15:15:00,0.0
2030-11-18 15:30:00,0.0
2030-11-18 15:45:00,0.0
2030-11-18 16:00:00,0.0
2030-11-18 16:15:00,0.0
2030-11-18 16:30:00,0.0
2030-11-18 16:45:00,0.0
2030-11-18 17:00:00,0.0
2030-11-18 17:15:00,0.0
2030-11-18 17:30:00,0.0
2030-11-18 17:45:00,0.0
2030-11-18 18:00:00,0.0
2030-11-18 18:15:00,0.0
2030-11-18 18:30:00,0.0
2030-11-18 18:45:00,0.0
2030-11-18 19:00:00,0.0
2030-11-18 19:15:00,0.0
2030-11-18 19:30:00,0.0
2030-11-18 19:45:00,0.0
2030-11-18 20:00:00,0.0
2030-11-18 20:15:00,0.0
2030-11-18 20:30:00,0.0
2030-11-18 20:45:00,0.0
2030-11-18 21:00:00,0.0
2030-11-18 21:15:00,0.0
2030-11-18 21:30:00,0.0
2030-11-18 21:45:00,0.0
2030-11-18 22:00:00,0.0
2030-11-18 22:15:00,0.0
2030-11-18 22:30:00,0.0
2030-11-18 22:45:00,0.0
2030-11-18 23:00:00,0.0
2030-11-18 23:15:00,0.0
2030-11-18 23:30:00,0.0
2030-11-18 23:45:00,0.0
2030-11-19 00:00:00,0.0
2030-11-19 00:15:00,0.0
2030-11-19 00:30:00,0.0
2030-11-19 00:45:00,0.0
2030-11-19 01:00:00,0.0
2030-11-19 01:15:00,0.0
2030-11-19 01:30:00,0.0
2030-11-19 01:45:00,0.0
2030-11-19 02:00:00,0.0
2030-11-19 02:15:00,0.0
2030-11-19 02:30:00,0.0
2030-11-19 02:45:00,0.0
2030-11-19 03:00:00,0.0
2030-11-19 03:15:00,0.0
2030-11-19 03:30:00,0.0
2030-11-19 03:45:00,0.0
2030-11-19 04:00:00,0.0
2030-11-19 04:15:00,0.0
2030-11-19 04:30:00,0.0
2030-11-19 04:45:00,0.0
2030-11-19 05:00:00,0.0
2030-11-19 05:15:00,0.0
2030-11-19 05:30:00,0.0
2030-11-19 05:45:00,0.0
2030-11-19 06:00:00,0.0
2030-11-19 06:15:00,0.0
2030-11-19 06:30:00,0.0
2030-11-19 06:45:00,0.0
2030-11-19 07:00:00,0.0
2030-11-19 07:15:00,0.0
2030-11-19 07:30:00,0.0
2030-11-19 07:45:00,0.0
2030-11-19 08:00:00,0.0
2030-11-19 08:15:00,0.0
2030-11-19 08:30:00,0.0
2030-11-19 08:45:00,-1485.75514041727
2030-11-19 09:00:00,-7717.404894695908
2030-11-19 09:15:00,-7895.194812620495
2030-11-19 09:30:00,-8055.589799262376
2030-11-19 09:45:00,-8168.057531454979
2030-11-19 10:00:00,-8239.875570061024
2030-11-19 10:15:00,-8799.99384198228
2030-11-19 10:30:00,-8447.914459165815
2030-11-19 10:45:00,-8100.008541230309
2030-11-19 11:00:00,-8126.080233136472
2030-11-19 11:15:00,-7677.466163964193
2030-11-19 11:30:00,-7557.412226249169
2030-11-19 11:45:00,-7395.529953229601
2030-11-19 12:00:00,-7238.262827566439
2030-11-19 12:15:00,-6960.680287291416
2030-11-19 12:30:00,-6993.849970189618
2030-11-19 12:45:00,-6912.998983904352
2030-11-19 13:00:00,-6303.373241858895
2030-11-19 13:15:00,-6253.523031217694
2030-11-19 13:30:00,-6126.241816080961
2030-11-19 13:45:00,-6140.098471172787
2030-11-19 14:00:00,-6106.923236534578
2030-11-19 14:15:00,-6119.9809692283125
2030-11-19 14:30:00,-5387.823484046483
2030-11-19 14:45:00,-5162.258670160041
2030-11-19 15:00:00,-5373.761654735368
2030-11-19 15:15:00,-5020.161137126586
2030-11-19 15:30:00,-4816.619765068674
2030-11-19 15:45:00,-4522.856001575179
2030-11-19 16:00:00,-4356.278292137955
2030-11-19 16:15:00,-4326.7309448451415
2030-11-19 16:30:00,-4416.285688519962
2030-11-19 16:45:00,-4239.3722648868425
2030-11-19 17:00:00,-3637.7948826577012
2030-11-19 17:15:00,-3696.419512565528
2030-11-19 17:30:00,-4041.2931031298904
2030-11-19 17:45:00,-4298.076665431723
2030-11-19 18:00:00,-4252.685531118306
2030-11-19 18:15:00,-4375.335101333723
2030-11-19 18:30:00,-4701.753530181428
2030-11-19 18:45:00,-4665.913061034345
2030-11-19 19:00:00,-4768.853824012887
2030-11-19 19:15:00,-5024.151282733845
2030-11-19 19:30:00,-5014.739049926142
2030-11-19 19:45:00,-5064.220290196798
2030-11-19 20:00:00,-5221.286518751058
2030-11-19 20:15:00,-5298.319441922351
2030-11-19 20:30:00,-5370.911654038882
2030-11-19 20:45:00,-5826.190656455856
2030-11-19 21:00:00,-5870.2990500071355
2030-11-19 21:15:00,-5775.911027232141
2030-11-19 21:30:00,-6003.481103837239
2030-11-19 21:45:00,-5833.711273786033
2030-11-19 22:00:00,-5496.007309809302
2030-11-19 22:15:00,-5693.956428604615
2030-11-19 22:30:00,-5843.590511505528
2030-11-19 22:45:00,-6232.538740974116
2030-11-19 23:00:00,-6112.725634779748
2030-11-19 23:15:00,-6059.515318009082
2030-11-19 23:30:00,-6307.901256906098
2030-11-19 23:45:00,-6518.194251253233
2030-11-20 00:00:00,-6654.322971749771
2030-11-20 00:15:00,-6313.87708796235
2030-11-20 00:30:00,-5280.371227713704
2030-11-20 00:45:00,-5274.975407407521
2030-11-20 01:00:00,-5614.820478165855
2030-11-20 01:15:00,-5539.762569665469
2030-11-20 01:30:00,-5450.550748000931
2030-11-20 01:45:00,-5237.420870079137
2030-11-20 02:00:00,-5298.719242988822
2030-11-20 02:15:00,-5432.447052519252
2030-11-20 02:30:00,-5002.827309764651
2030-11-20 02:45:00,-4693.601861943453
2030-11-20 03:00:00,-4952.215046261954
2030-11-20 03:15:00,-5169.251688549466
2030-11-20 03:30:00,-5191.585628408879
2030-11-20 03:45:00,-5204.1327876522955
2030-11-20 04:00:00,-4854.832110330075
2030-11-20 04:15:00,-4669.8146114961255
2030-11-20 04:30:00,-4001.560552362518
2030-11-20 04:45:00,-3842.3612783060053
2030-11-20 05:00:00,-3498.803693801172
2030-11-20 05:15:00,-2580.8749590282387
2030-11-20 05:30:00,-1406.2214241898691
2030-11-20 05:45:00,-589.2587789618483
2030-11-20 06:00:00,0.0
2030-11-20 06:15:00,0.0
2030-11-20 06:30:00,0.0
2030-11-20 06:45:00,0.0
2030-11-20 07:00:00,0.0
2030-11-20 07:15:00,0.0
2030-11-20 07:30:00,0.0
2030-11-20 07:45:00,0.0
2030-11-20 08:00:00,0.0
2030-11-20 08:15:00,0.0
2030-11-20 08:30:00,0.0
2030-11-20 08:45:00,0.0
2030-11-20 09:00:00,0.0
2030-11-20 09:15:00,0.0
2030-11-20 09:30:00,0.0
2030-11-20 09:45:00,0.0
2030-11-20 10:00:00,0.0
2030-11-20 10:15:00,0.0
2030-11-20 10:30:00,0.0
2030-11-20 10:45:00,0.0
2030-11-20 11:00:00,0.0
2030-11-20 11:15:00,0.0
2030-11-20 11:30:00,0.0
2030-11-20 11:45:00,0.0
2030-11-20 12:00:00,0.0
2030-11-20 12:15:00,0.0
2030-11-20 12:30:00,0.0
2030-11-20 12:45:00,0.0
2030-11-20 13:00:00,0.0
2030-11-20 13:15:00,0.0
2030-11-20 13:30:00,0.0
2030-11-20 13:45:00,0.0
2030-11-20 14:00:00,0.0
2030-11-20 14:15:00,0.0
2030-11-20 14:30:00,0.0
2030-11-20 14:45:00,0.0
2030-11-20 15:00:00,0.0
2030-11-20 15:15:00,0.0
2030-11-20 15:30:00,0.0
2030-11-20 15:45:00,0.0
2030-11-20 16:00:00,0.0
2030-11-20 16:15:00,0.0
2030-11-20 16:30:00,0.0
2030-11-20 16:45:00,0.0
2030-11-20 17:00:00,0.0
2030-11-20 17:15:00,0.0
2030-11-20 17:30:00,0.0
2030-11-20 17:45:00,0.0
2030-11-20 18:00:00,0.0
2030-11-20 18:15:00,0.0
2030-11-20 18:30:00,0.0
2030-11-20 18:45:00,0.0
2030-11-20 19:00:00,0.0
2030-11-20 19:15:00,0.0
2030-11-20 19:30:00,1481.5904008718535
2030-11-20 19:45:00,0.0
2030-11-20 20:00:00,0.0
2030-11-20 20:15:00,0.0
2030-11-20 20:30:00,0.0
2030-11-20 20:45:00,0.0
2030-11-20 21:00:00,0.0
2030-11-20 21:15:00,0.0
2030-11-20 21:30:00,0.0
2030-11-20 21:45:00,0.0
2030-11-20 22:00:00,0.0
2030-11-20 22:15:00,0.0
2030-11-20 22:30:00,0.0
2030-11-20 22:45:00,0.0
2030-11-20 23:00:00,0.0
2030-11-20 23:15:00,0.0
2030-11-20 23:30:00,0.0
2030-11-20 23:45:00,0.0
2030-11-21 00:00:00,0.0
2030-11-21 00:15:00,0.0
2030-11-21 00:30:00,0.0
2030-11-21 00:45:00,0.0
2030-11-21 01:00:00,0.0
2030-11-21 01:15:00,0.0
2030-11-21 01:30:00,0.0
2030-11-21 01:45:00,0.0
2030-11-21 02:00:00,0.0
2030-11-21 02:15:00,0.0
2030-11-21 02:30:00,0.0
2030-11-21 02:45:00,0.0
2030-11-21 03:00:00,0.0
2030-11-21 03:15:00,0.0
2030-11-21 03:30:00,0.0
2030-11-21 03:45:00,0.0
2030-11-21 04:00:00,0.0
2030-11-21 04:15:00,0.0
2030-11-21 04:30:00,0.0
2030-11-21 04:45:00,0.0
2030-11-21 05:00:00,0.0
2030-11-21 05:15:00,0.0
2030-11-21 05:30:00,0.0
2030-11-21 05:45:00,0.0
2030-11-21 06:00:00,0.0
2030-11-21 06:15:00,0.0
2030-11-21 06:30:00,0.0
2030-11-21 06:45:00,0.0
2030-11-21 07:00:00,0.0
2030-11-21 07:15:00,0.0
2030-11-21 07:30:00,564.5356728953666
2030-11-21 07:45:00,630.2583746113087
2030-11-21 08:00:00,682.2693181436498
2030-11-21 08:15:00,668.7078903264191
2030-11-21 08:30:00,503.71137259267016
2030-11-21 08:45:00,370.3051947743879
2030-11-21 09:00:00,29.645416080100404
2030-11-21 09:15:00,106.58502264340677
2030-11-21 09:30:00,325.4326027336738
2030-11-21 09:45:00,244.74673285620884
2030-11-21 10:00:00,0.0
2030-11-21 10:15:00,0.0
2030-11-21 10:30:00,0.0
2030-11-21 10:45:00,0.0
2030-11-21 11:00:00,0.0
2030-11-21 11:15:00,0.0
2030-11-21 11:30:00,0.0
2030-11-21 11:45:00,0.0
2030-11-21 12:00:00,0.0
2030-11-21 12:15:00,0.0
2030-11-21 12:30:00,0.0
2030-11-21 12:45:00,0.0
2030-11-21 13:00:00,0.0
2030-11-21 13:15:00,0.0
2030-11-21 13:30:00,0.0
2030-11-21 13:45:00,0.0
2030-11-21 14:00:00,0.0
2030-11-21 14:15:00,0.0
2030-11-21 14:30:00,0.0
2030-11-21 14:45:00,0.0
2030-11-21 15:00:00,0.0
2030-11-21 15:15:00,0.0
2030-11-21 15:30:00,0.0
2030-11-21 15:45:00,0.0
2030-11-21 16:00:00,302.79702369253755
2030-11-21 16:15:00,471.1376386763295
2030-11-21 16:30:00,713.0062219827159
2030-11-21 16:45:00,829.5754432144204
2030-11-21 17:00:00,971.0239638503099
2030-11-21 17:15:00,932.8850310069156
2030-11-21 17:30:00,828.2652331956906
2030-11-21 17:45:00,789.3487264513496
2030-11-21 18:00:00,634.7368378336305
2030-11-21 18:15:00,456.97408289800296
2030-11-21 18:30:00,344.62561492655914
2030-11-21 18:45:00,142.59411708588414
2030-11-21 19:00:00,0.0
2030-11-21 19:15:00,0.0
2030-11-21 19:30:00,0.0
2030-11-21 19:45:00,0.0
2030-11-21 20:00:00,0.0
2030-11-21 20:15:00,0.0
2030-11-21 20:30:00,0.0
2030-11-21 20:45:00,0.0
2030-11-21 21:00:00,0.0
2030-11-21 21:15:00,0.0
2030-11-21 21:30:00,0.0
2030-11-21 21:45:00,0.0
2030-11-21 22:00:00,0.0
2030-11-21 22:15:00,0.0
2030-11-21 22:30:00,0.0
2030-11-21 22:45:00,0.0
2030-11-21 23:00:00,0.0
2030-11-21 23:15:00,0.0
2030-11-21 23:30:00,0.0
2030-11-21 23:45:00,0.0
2030-11-22 00:00:00,0.0
2030-11-22 00:15:00,0.0
2030-11-22 00:30:00,0.0
2030-11-22 00:45:00,0.0
2030-11-22 01:00:00,0.0
2030-11-22 01:15:00,0.0
2030-11-22 01:30:00,0.0
2030-11-22 01:45:00,0.0
2030-11-22 02:00:00,0.0
2030-11-22 02:15:00,0.0
2030-11-22 02:30:00,0.0
2030-11-22 02:45:00,0.0
2030-11-22 03:00:00,0.0
2030-11-22 03:15:00,0.0
2030-11-22 03:30:00,0.0
2030-11-22 03:45:00,0.0
2030-11-22 04:00:00,0.0
2030-11-22 04:15:00,0.0
2030-11-22 04:30:00,0.0
2030-11-22 04:45:00,0.0
2030-11-22 05:00:00,0.0
2030-11-22 05:15:00,0.0
2030-11-22 05:30:00,0.0
2030-11-22 05:45:00,0.0
2030-11-22 06:00:00,0.0
2030-11-22 06:15:00,0.0
2030-11-22 06:30:00,0.0
2030-11-22 06:45:00,0.0
2030-11-22 07:00:00,0.0
2030-11-22 07:15:00,167.45278062875877
2030-11-22 07:30:00,185.59165635503996
2030-11-22 07:45:00,436.2019489049526
2030-11-22 08:00:00,489.20084782548474
2030-11-22 08:15:00,542.4195681949604
2030-11-22 08:30:00,559.1055877745257
2030-11-22 08:45:00,607.1024513350403
2030-11-22 09:00:00,171.3611977627843
2030-11-22 09:15:00,0.0
2030-11-22 09:30:00,0.0
2030-11-22 09:45:00,0.0
2030-11-22 10:00:00,0.0
2030-11-22 10:15:00,0.0
2030-11-22 10:30:00,0.0
2030-11-22 10:45:00,0.0
2030-11-22 11:00:00,0.0
2030-11-22 11:15:00,0.0
2030-11-22 11:30:00,0.0
2030-11-22 11:45:00,0.0
2030-11-22 12:00:00,0.0
2030-11-22 12:15:00,0.0
2030-11-22 12:30:00,0.0
2030-11-22 12:45:00,0.0
2030-11-22 13:00:00,0.0
2030-11-22 13:15:00,0.0
2030-11-22 13:30:00,0.0
2030-11-22 13:45:00,0.0
2030-11-22 14:00:00,0.0
2030-11-22 14:15:00,0.0
2030-11-22 14:30:00,0.0
2030-11-22 14:45:00,0.0
2030-11-22 15:00:00,0.0
2030-11-22 15:15:00,0.0
2030-11-22 15:30:00,0.0
2030-11-22 15:45:00,0.0
2030-11-22 16:00:00,0.0
2030-11-22 16:15:00,0.0
2030-11-22 16:30:00,0.0
2030-11-22 16:45:00,0.0
2030-11-22 17:00:00,0.0
2030-11-22 17:15:00,0.0
2030-11-22 17:30:00,0.0
2030-11-22 17:45:00,0.0
2030-11-22 18:00:00,0.0
2030-11-22 18:15:00,0.0
2030-11-22 18:30:00,0.0
2030-11-22 18:45:00,0.0
2030-11-22 19:00:00,0.0
2030-11-22 19:15:00,0.0
2030-11-22 19:30:00,0.0
2030-11-22 19:45:00,0.0
2030-11-22 20:00:00,0.0
2030-11-22 20:15:00,0.0
2030-11-22 20:30:00,0.0
2030-11-22 20:45:00,0.0
2030-11-22 21:00:00,0.0
2030-11-22 21:15:00,0.0
2030-11-22 21:30:00,0.0
2030-11-22 21:45:00,0.0
2030-11-22 22:00:00,0.0
2030-11-22 22:15:00,0.0
2030-11-22 22:30:00,0.0
2030-11-22 22:45:00,0.0
2030-11-22 23:00:00,0.0
2030-11-22 23:15:00,0.0
2030-11-22 23:30:00,0.0
2030-11-22 23:45:00,0.0
2030-11-23 00:00:00,0.0
2030-11-23 00:15:00,0.0
2030-11-23 00:30:00,0.0
2030-11-23 00:45:00,0.0
2030-11-23 01:00:00,0.0
2030-11-23 01:15:00,0.0
2030-11-23 01:30:00,0.0
2030-11-23 01:45:00,0.0
2030-11-23 02:00:00,0.0
2030-11-23 02:15:00,0.0
2030-11-23 02:30:00,0.0
2030-11-23 02:45:00,0.0
2030-11-23 03:00:00,0.0
2030-11-23 03:15:00,0.0
2030-11-23 03:30:00,0.0
2030-11-23 03:45:00,0.0
2030-11-23 04:00:00,0.0
2030-11-23 04:15:00,0.0
2030-11-23 04:30:00,0.0
2030-11-23 04:45:00,0.0
2030-11-23 05:00:00,0.0
2030-11-23 05:15:00,0.0
2030-11-23 05:30:00,0.0
2030-11-23 05:45:00,0.0
2030-11-23 06:00:00,0.0
2030-11-23 06:15:00,0.0
2030-11-23 06:30:00,0.0
2030-11-23 06:45:00,0.0
2030-11-23 07:00:00,0.0
2030-11-23 07:15:00,0.0
2030-11-23 07:30:00,0.0
2030-11-23 07:45:00,0.0
2030-11-23 08:00:00,0.0
2030-11-23 08:15:00,0.0
2030-11-23 08:30:00,0.0
2030-11-23 08:45:00,0.0
2030-11-23 09:00:00,0.0
2030-11-23 09:15:00,0.0
2030-11-23 09:30:00,0.0
2030-11-23 09:45:00,0.0
2030-11-23 10:00:00,0.0
2030-11-23 10:15:00,0.0
2030-11-23 10:30:00,0.0
2030-11-23 10:45:00,0.0
2030-11-23 11:00:00,0.0
2030-11-23 11:15:00,0.0
2030-11-23 11:30:00,0.0
2030-11-23 11:45:00,0.0
2030-11-23 12:00:00,0.0
2030-11-23 12:15:00,-2858.866884135172
2030-11-23 12:30:00,-9812.253133374688
2030-11-23 12:45:00,-9639.802816959
2030-11-23 13:00:00,-9442.000169608069
2030-11-23 13:15:00,-9430.101454064716
2030-11-23 13:30:00,-9080.723491803656
2030-11-23 13:45:00,-9018.313119042152
2030-11-23 14:00:00,-8833.160338398626
2030-11-23 14:15:00,-8688.374710932072
2030-11-23 14:30:00,-8649.97363119664
2030-11-23 14:45:00,-8326.53313995956
2030-11-23 15:00:00,-7777.669128863687
2030-11-23 15:15:00,-7370.402088115712
2030-11-23 15:30:00,-7455.989422100873
2030-11-23 15:45:00,-7433.244134281955
2030-11-23 16:00:00,-7113.6814742018
2030-11-23 16:15:00,-7090.144256436797
2030-11-23 16:30:00,-6992.389714226669
2030-11-23 16:45:00,-6941.190870889321
2030-11-23 17:00:00,-6813.9308059895375
2030-11-23 17:15:00,-6660.144185189958
2030-11-23 17:30:00,-6640.466941569077
2030-11-23 17:45:00,-6698.827023996426
2030-11-23 18:00:00,-7087.472124241165
2030-11-23 18:15:00,-7250.0444299645715
2030-11-23 18:30:00,-7432.906907952336
2030-11-23 18:45:00,-7679.6949301572895
2030-11-23 19:00:00,-8042.094133783703
2030-11-23 19:15:00,-8079.591250456862
2030-11-23 19:30:00,-8060.464420316421
2030-11-23 19:45:00,-7649.8165731902045
2030-11-23 20:00:00,-7819.280770559144
2030-11-23 20:15:00,-8049.049082708938
2030-11-23 20:30:00,-8413.06539700412
2030-11-23 20:45:00,-8746.10327613039
2030-11-23 21:00:00,-8923.648272323957
2030-11-23 21:15:00,-8299.492806877948
2030-11-23 21:30:00,-8178.4464986720195
2030-11-23 21:45:00,-8178.072096854354
2030-11-23 22:00:00,-8000.0493268735445
2030-11-23 22:15:00,-8289.671809763488
2030-11-23 22:30:00,-8677.94921544463
2030-11-23 22:45:00,-8525.903537787864
2030-11-23 23:00:00,-9126.176745329929
2030-11-23 23:15:00,-8841.186497654835
2030-11-23 23:30:00,-8737.706110493971
2030-11-23 23:45:00,-8729.006500128988
2030-11-24 00:00:00,-8677.498798687742
2030-11-24 00:15:00,-8823.755670709044
2030-11-24 00:30:00,-9000.649760235588
2030-11-24 00:45:00,-9081.1667243499
2030-11-24 01:00:00,-8633.600459543228
2030-11-24 01:15:00,-7911.330998204659
2030-11-24 01:30:00,-8288.071157785966
2030-11-24 01:45:00,-8757.352110038995
2030-11-24 02:00:00,-8475.540148436176
2030-11-24 02:15:00,-8465.723511776647
2030-11-24 02:30:00,-8597.698223881293
2030-11-24 02:45:00,-8468.353583779073
2030-11-24 03:00:00,-8463.171636390849
2030-11-24 03:15:00,-8434.753511158473
2030-11-24 03:30:00,-8531.6329455417
2030-11-24 03:45:00,-8418.368448769288
2030-11-24 04:00:00,-8489.1458790475
2030-11-24 04:15:00,-8264.883943716559
2030-11-24 04:30:00,-8097.3754519710965
2030-11-24 04:45:00,-7883.479776596352
2030-11-24 05:00:00,-7151.660188253183
2030-11-24 05:15:00,-6729.817660833745
2030-11-24 05:30:00,-6341.605595748442
2030-11-24 05:45:00,-5942.958176284657
2030-11-24 06:00:00,-5358.280880930233
2030-11-24 06:15:00,-4618.969428361739
2030-11-24 06:30:00,-4055.8793268689806
2030-11-24 06:45:00,-3751.9973240617073
2030-11-24 07:00:00,-3768.1921094531826
2030-11-24 07:15:00,-3580.5952272411596
2030-11-24 07:30:00,-3464.235902507291
2030-11-24 07:45:00,-3139.6875911307834
2030-11-24 08:00:00,-2915.0967507755267
2030-11-24 08:15:00,-2681.7135554000997
2030-11-24 08:30:00,-2824.7727120602904
2030-11-24 08:45:00,-2963.5286385652435
2030-11-24 09:00:00,-3086.286744722969
2030-11-24 09:15:00,-3143.6206460110516
2030-11-24 09:30:00,-3386.633009090481
2030-11-24 09:45:00,-3361.5501768045724
2030-11-24 10:00:00,-3727.5443632752176
2030-11-24 10:15:00,-4350.509120433748
2030-11-24 10:30:00,-4598.332665292415
2030-11-24 10:45:00,-4985.888777300497
2030-11-24 11:00:00,-5333.637158596375
2030-11-24 11:15:00,-5518.3753815171
2030-11-24 11:30:00,-5586.042205432117
2030-11-24 11:45:00,-6126.897940308856
2030-11-24 12:00:00,-6487.770070839357
2030-11-24 12:15:00,-6825.0951050255135
2030-11-24 12:30:00,-6800.464387659245
2030-11-24 12:45:00,-6956.0768295996895
2030-11-24 13:00:00,-6986.1929565199425
2030-11-24 13:15:00,-6520.42094758965
2030-11-24 13:30:00,-6166.077666355763
2030-11-24 13:45:00,-6324.081923814025
2030-11-24 14:00:00,-6319.602686185379
2030-11-24 14:15:00,-5940.741905887131
2030-11-24 14:30:00,-5742.2301442679745
2030-11-24 14:45:00,-5330.392795211803
2030-11-24 15:00:00,-5228.365387704038
2030-11-24 15:15:00,-4957.019208599962
2030-11-24 15:30:00,-4952.633866995293
2030-11-24 15:45:00,-4489.497854553516
2030-11-24 16:00:00,-3645.8034133210713
2030-11-24 16:15:00,-3575.848120146442
2030-11-24 16:30:00,-3167.4007025808496
2030-11-24 16:45:00,-2929.3233272695434
2030-11-24 17:00:00,-2703.931545865591
2030-11-24 17:15:00,-2744.25132210409
2030-11-24 17:30:00,-2662.9465782844163
2030-11-24 17:45:00,-2776.631123562125
2030-11-24 18:00:00,-2717.6878914003864
2030-11-24 18:15:00,-2881.689237190465
2030-11-24 18:30:00,-2960.1023014272323
2030-11-24 18:45:00,-2973.82274932952
2030-11-24 19:00:00,-3084.9133149461195
2030-11-24 19:15:00,-3247.422650161472
2030-11-24 19:30:00,-3348.636114286179
2030-11-24 19:45:00,-3639.698309819574
2030-11-24 20:00:00,-4048.5120342794216
2030-11-24 20:15:00,-4434.5370466491295
2030-11-24 20:30:00,-4567.80345844671
2030-11-24 20:45:00,-4653.839812844053
2030-11-24 21:00:00,-4573.149585095602
2030-11-24 21:15:00,-4538.31947627131
2030-11-24 21:30:00,-4889.073565588071
2030-11-24 21:45:00,-5036.68042705183
2030-11-24 22:00:00,-4665.767497111905
2030-11-24 22:15:00,-4591.5282804917515
2030-11-24 22:30:00,-4301.0888674713715
2030-11-24 22:45:00,-4209.382579559144
2030-11-24 23:00:00,-4413.878427181971
2030-11-24 23:15:00,-4487.706778323376
2030-11-24 23:30:00,-4760.98456923242
2030-11-24 23:45:00,-4893.233820513447
2030-11-25 00:00:00,-4602.356711748158
2030-11-25 00:15:00,-4304.640059937039
2030-11-25 00:30:00,-4297.012776087919
2030-11-25 00:45:00,-4335.9533318119065
2030-11-25 01:00:00,-3989.8687420581955
2030-11-25 01:15:00,-3627.079754961749
2030-11-25 01:30:00,-3254.5283118335756
2030-11-25 01:45:00,-3353.524402648003
2030-11-25 02:00:00,-3217.61817009854
2030-11-25 02:15:00,-3219.004067094462
2030-11-25 02:30:00,-3345.0838225385414
2030-11-25 02:45:00,-3524.127019463711
2030-11-25 03:00:00,-3785.1137040412723
2030-11-25 03:15:00,-3915.4121552443394
2030-11-25 03:30:00,-3941.768272872785
2030-11-25 03:45:00,-3836.473528451359
2030-11-25 04:00:00,-3320.303859384272
2030-11-25 04:15:00,-3037.2349428238886
2030-11-25 04:30:00,-2748.9958994972185
2030-11-25 04:45:00,-2339.5803004568916
2030-11-25 05:00:00,-2209.0675790312343
2030-11-25 05:15:00,-2172.4123863609857
2030-11-25 05:30:00,-2264.5935509239243
2030-11-25 05:45:00,-2079.1235782336007
2030-11-25 06:00:00,-2107.1207940775166
2030-11-25 06:15:00,-1762.1705450315603
2030-11-25 06:30:00,-1434.4123612443182
2030-11-25 06:45:00,-246.83138660140685
2030-11-25 07:00:00,0.0
2030-11-25 07:15:00,0.0
2030-11-25 07:30:00,0.0
2030-11-25 07:45:00,0.0
2030-11-25 08:00:00,0.0
2030-11-25 08:15:00,0.0
2030-11-25 08:30:00,0.0
2030-11-25 08:45:00,0.0
2030-11-25 09:00:00,0.0
2030-11-25 09:15:00,0.0
2030-11-25 09:30:00,0.0
2030-11-25 09:45:00,0.0
2030-11-25 10:00:00,0.0
2030-11-25 10:15:00,0.0
2030-11-25 10:30:00,0.0
2030-11-25 10:45:00,0.0
2030-11-25 11:00:00,0.0
2030-11-25 11:15:00,0.0
2030-11-25 11:30:00,0.0
2030-11-25 11:45:00,0.0
2030-11-25 12:00:00,0.0
2030-11-25 12:15:00,0.0
2030-11-25 12:30:00,0.0
2030-11-25 12:45:00,0.0
2030-11-25 13:00:00,0.0
2030-11-25 13:15:00,0.0
2030-11-25 13:30:00,0.0
2030-11-25 13:45:00,0.0
2030-11-25 14:00:00,0.0
2030-11-25 14:15:00,0.0
2030-11-25 14:30:00,0.0
2030-11-25 14:45:00,0.0
2030-11-25 15:00:00,0.0
2030-11-25 15:15:00,0.0
2030-11-25 15:30:00,0.0
2030-11-25 15:45:00,0.0
2030-11-25 16:00:00,0.0
2030-11-25 16:15:00,0.0
2030-11-25 16:30:00,0.0
2030-11-25 16:45:00,0.0
2030-11-25 17:00:00,0.0
2030-11-25 17:15:00,0.0
2030-11-25 17:30:00,0.0
2030-11-25 17:45:00,0.0
2030-11-25 18:00:00,0.0
2030-11-25 18:15:00,0.0
2030-11-25 18:30:00,0.0
2030-11-25 18:45:00,0.0
2030-11-25 19:00:00,0.0
2030-11-25 19:15:00,0.0
2030-11-25 19:30:00,0.0
2030-11-25 19:45:00,0.0
2030-11-25 20:00:00,0.0
2030-11-25 20:15:00,0.0
2030-11-25 20:30:00,0.0
2030-11-25 20:45:00,0.0
2030-11-25 21:00:00,0.0
2030-11-25 21:15:00,0.0
2030-11-25 21:30:00,0.0
2030-11-25 21:45:00,0.0
2030-11-25 22:00:00,0.0
2030-11-25 22:15:00,0.0
2030-11-25 22:30:00,0.0
2030-11-25 22:45:00,0.0
2030-11-25 23:00:00,0.0
2030-11-25 23:15:00,0.0
2030-11-25 23:30:00,0.0
2030-11-25 23:45:00,0.0
2030-11-26 00:00:00,0.0
2030-11-26 00:15:00,0.0
2030-11-26 00:30:00,0.0
2030-11-26 00:45:00,0.0
2030-11-26 01:00:00,0.0
2030-11-26 01:15:00,0.0
2030-11-26 01:30:00,0.0
2030-11-26 01:45:00,0.0
2030-11-26 02:00:00,0.0
2030-11-26 02:15:00,0.0
2030-11-26 02:30:00,0.0
2030-11-26 02:45:00,0.0
2030-11-26 03:00:00,0.0
2030-11-26 03:15:00,0.0
2030-11-26 03:30:00,4756.482339086362
2030-11-26 03:45:00,0.0
2030-11-26 04:00:00,0.0
2030-11-26 04:15:00,0.0
2030-11-26 04:30:00,0.0
2030-11-26 04:45:00,0.0
2030-11-26 05:00:00,0.0
2030-11-26 05:15:00,0.0
2030-11-26 05:30:00,0.0
2030-11-26 05:45:00,0.0
2030-11-26 06:00:00,0.0
2030-11-26 06:15:00,0.0
2030-11-26 06:30:00,0.0
2030-11-26 06:45:00,0.0
2030-11-26 07:00:00,0.0
2030-11-26 07:15:00,0.0
2030-11-26 07:30:00,0.0
2030-11-26 07:45:00,0.0
2030-11-26 08:00:00,0.0
2030-11-26 08:15:00,0.0
2030-11-26 08:30:00,0.0
2030-11-26 08:45:00,0.0
2030-11-26 09:00:00,0.0
2030-11-26 09:15:00,0.0
2030-11-26 09:30:00,0.0
2030-11-26 09:45:00,0.0
2030-11-26 10:00:00,0.0
2030-11-26 10:15:00,0.0
2030-11-26 10:30:00,0.0
2030-11-26 10:45:00,0.0
2030-11-26 11:00:00,0.0
2030-11-26 11:15:00,0.0
2030-11-26 11:30:00,0.0
2030-11-26 11:45:00,0.0
2030-11-26 12:00:00,0.0
2030-11-26 12:15:00,0.0
2030-11-26 12:30:00,0.0
2030-11-26 12:45:00,0.0
2030-11-26 13:00:00,0.0
2030-11-26 13:15:00,0.0
2030-11-26 13:30:00,0.0
2030-11-26 13:45:00,0.0
2030-11-26 14:00:00,0.0
2030-11-26 14:15:00,0.0
2030-11-26 14:30:00,0.0
2030-11-26 14:45:00,0.0
2030-11-26 15:00:00,49.80206487329997
2030-11-26 15:15:00,185.58071090006524
2030-11-26 15:30:00,132.08989842571464
2030-11-26 15:45:00,0.0
2030-11-26 16:00:00,81.5554577937528
2030-11-26 16:15:00,202.295692882406
2030-11-26 16:30:00,295.0668237897953
2030-11-26 16:45:00,587.7430251912483
2030-11-26 17:00:00,835.8924629424582
2030-11-26 17:15:00,898.9002555912157
2030-11-26 17:30:00,902.8082570382976
2030-11-26 17:45:00,933.52379059347
2030-11-26 18:00:00,1135.4800125180627
2030-11-26 18:15:00,1198.7089477311238
2030-11-26 18:30:00,1074.2244176027998
2030-11-26 18:45:00,1049.0246180545219
2030-11-26 19:00:00,966.3394644440705
2030-11-26 19:15:00,943.3754847362634
2030-11-26 19:30:00,935.7573377354165
2030-11-26 19:45:00,787.7366337610547
2030-11-26 20:00:00,654.616614677183
2030-11-26 20:15:00,415.178270299024
2030-11-26 20:30:00,303.4226379392094
2030-11-26 20:45:00,277.5092048104452
2030-11-26 21:00:00,56.45671172402945
2030-11-26 21:15:00,0.0
2030-11-26 21:30:00,0.0
2030-11-26 21:45:00,0.0
2030-11-26 22:00:00,0.0
2030-11-26 22:15:00,0.0
2030-11-26 22:30:00,0.0
2030-11-26 22:45:00,0.0
2030-11-26 23:00:00,0.0
2030-11-26 23:15:00,0.0
2030-11-26 23:30:00,0.0
2030-11-26 23:45:00,0.0
2030-11-27 00:00:00,0.0
2030-11-27 00:15:00,0.0
2030-11-27 00:30:00,0.0
2030-11-27 00:45:00,0.0
2030-11-27 01:00:00,0.0
2030-11-27 01:15:00,0.0
2030-11-27 01:30:00,0.0
2030-11-27 01:45:00,0.0
2030-11-27 02:00:00,0.0
2030-11-27 02:15:00,0.0
2030-11-27 02:30:00,0.0
2030-11-27 02:45:00,0.0
2030-11-27 03:00:00,0.0
2030-11-27 03:15:00,0.0
2030-11-27 03:30:00,0.0
2030-11-27 03:45:00,0.0
2030-11-27 04:00:00,0.0
2030-11-27 04:15:00,0.0
2030-11-27 04:30:00,0.0
2030-11-27 04:45:00,0.0
2030-11-27 05:00:00,47.121571450592455
2030-11-27 05:15:00,266.1400334688333
2030-11-27 05:30:00,688.1254975483371
2030-11-27 05:45:00,1305.4316866131685
2030-11-27 06:00:00,2323.555138567017
2030-11-27 06:15:00,3084.731029221337
2030-11-27 06:30:00,3596.491304751202
2030-11-27 06:45:00,4014.887015020646
2030-11-27 07:00:00,4621.920389133684
2030-11-27 07:15:00,4844.205727207976
2030-11-27 07:30:00,5048.239433221457
2030-11-27 07:45:00,5116.648355186775
2030-11-27 08:00:00,5144.567554230238
2030-11-27 08:15:00,5111.464847714567
2030-11-27 08:30:00,4994.176094923932
2030-11-27 08:45:00,4820.858117494157
2030-11-27 09:00:00,4500.978868922975
2030-11-27 09:15:00,4131.712623889549
2030-11-27 09:30:00,3854.529441554785
2030-11-27 09:45:00,3586.080161157479
2030-11-27 10:00:00,3202.6617216461436
2030-11-27 10:15:00,2954.700280940575
2030-11-27 10:30:00,2776.6850714798657
2030-11-27 10:45:00,2517.556023730347
2030-11-27 11:00:00,2158.2695435002825
2030-11-27 11:15:00,2126.548426155665
2030-11-27 11:30:00,2049.6906229440538
2030-11-27 11:45:00,1744.6868346791416
2030-11-27 12:00:00,1535.6593902520617
2030-11-27 12:15:00,1043.376988339718
2030-11-27 12:30:00,860.3807397364126
2030-11-27 12:45:00,878.0599423865588
2030-11-27 13:00:00,921.4955773665515
2030-11-27 13:15:00,1001.0907639238394
2030-11-27 13:30:00,1170.3626812702896
2030-11-27 13:45:00,1222.4578988198537
2030-11-27 14:00:00,1185.0073949098714
2030-11-27 14:15:00,1257.5210238948239
2030-11-27 14:30:00,1504.1873279973752
2030-11-27 14:45:00,1757.000912280735
2030-11-27 15:00:00,1889.7310625259433
2030-11-27 15:15:00,1946.3899106604895
2030-11-27 15:30:00,1823.642618896045
2030-11-27 15:45:00,1607.4373081830872
2030-11-27 16:00:00,1589.9024154881627
2030-11-27 16:15:00,1768.5043666766796
2030-11-27 16:30:00,1696.6012364094822
2030-11-27 16:45:00,1407.0279196285228
2030-11-27 17:00:00,1436.6844666387296
2030-11-27 17:15:00,1362.4447115459752
2030-11-27 17:30:00,1165.3141702776466
2030-11-27 17:45:00,1026.0493536418307
2030-11-27 18:00:00,867.0900599225533
2030-11-27 18:15:00,567.972993080286
2030-11-27 18:30:00,277.8429236353295
2030-11-27 18:45:00,206.56113702463153
2030-11-27 19:00:00,0.0
2030-11-27 19:15:00,0.0
2030-11-27 19:30:00,0.0
2030-11-27 19:45:00,0.0
2030-11-27 20:00:00,0.0
2030-11-27 20:15:00,0.0
2030-11-27 20:30:00,0.0
2030-11-27 20:45:00,0.0
2030-11-27 21:00:00,0.0
2030-11-27 21:15:00,0.0
2030-11-27 21:30:00,0.0
2030-11-27 21:45:00,0.0
2030-11-27 22:00:00,0.0
2030-11-27 22:15:00,0.0
2030-11-27 22:30:00,0.0
2030-11-27 22:45:00,0.0
2030-11-27 23:00:00,0.0
2030-11-27 23:15:00,0.0
2030-11-27 23:30:00,0.0
2030-11-27 23:45:00,0.0
2030-11-28 00:00:00,0.0
2030-11-28 00:15:00,0.0
2030-11-28 00:30:00,0.0
2030-11-28 00:45:00,0.0
2030-11-28 01:00:00,0.0
2030-11-28 01:15:00,0.0
2030-11-28 01:30:00,0.0
2030-11-28 01:45:00,0.0
2030-11-28 02:00:00,0.0
2030-11-28 02:15:00,0.0
2030-11-28 02:30:00,0.0
2030-11-28 02:45:00,0.0
2030-11-28 03:00:00,0.0
2030-11-28 03:15:00,0.0
2030-11-28 03:30:00,0.0
2030-11-28 03:45:00,0.0
2030-11-28 04:00:00,0.0
2030-11-28 04:15:00,0.0
2030-11-28 04:30:00,0.0
2030-11-28 04:45:00,0.0
2030-11-28 05:00:00,0.0
2030-11-28 05:15:00,0.0
2030-11-28 05:30:00,0.0
2030-11-28 05:45:00,0.0
2030-11-28 06:00:00,0.0
2030-11-28 06:15:00,0.0
2030-11-28 06:30:00,0.0
2030-11-28 06:45:00,0.0
2030-11-28 07:00:00,0.0
2030-11-28 07:15:00,0.0
2030-11-28 07:30:00,1.6701547432749067
2030-11-28 07:45:00,428.3447853839243
2030-11-28 08:00:00,434.5706072572866
2030-11-28 08:15:00,392.16316330292284
2030-11-28 08:30:00,128.5201278858858
2030-11-28 08:45:00,0.0
2030-11-28 09:00:00,0.0
2030-11-28 09:15:00,0.0
2030-11-28 09:30:00,0.0
2030-11-28 09:45:00,0.0
2030-11-28 10:00:00,0.0
2030-11-28 10:15:00,0.0
2030-11-28 10:30:00,0.0
2030-11-28 10:45:00,0.0
2030-11-28 11:00:00,0.0
2030-11-28 11:15:00,0.0
2030-11-28 11:30:00,0.0
2030-11-28 11:45:00,0.0
2030-11-28 12:00:00,0.0
2030-11-28 12:15:00,0.0
2030-11-28 12:30:00,0.0
2030-11-28 12:45:00,0.0
2030-11-28 13:00:00,0.0
2030-11-28 13:15:00,0.0
2030-11-28 13:30:00,0.0
2030-11-28 13:45:00,64.90691462963332
2030-11-28 14:00:00,1068.532110210177
2030-11-28 14:15:00,1951.1357122962436
2030-11-28 14:30:00,2868.512535730464
2030-11-28 14:45:00,3809.7429147076327
2030-11-28 15:00:00,4858.556302944788
2030-11-28 15:15:00,5516.266072332703
2030-11-28 15:30:00,5784.635402363085
2030-11-28 15:45:00,5989.203261547122
2030-11-28 16:00:00,6251.817505946328
2030-11-28 16:15:00,6485.0781906313605
2030-11-28 16:30:00,6382.949468408162
2030-11-28 16:45:00,6332.238372660442
2030-11-28 17:00:00,6349.838191923525
2030-11-28 17:15:00,6249.964515286785
2030-11-28 17:30:00,6140.385872100287
2030-11-28 17:45:00,6200.757998463461
2030-11-28 18:00:00,5907.963486952845
2030-11-28 18:15:00,5534.846760624583
2030-11-28 18:30:00,5186.118722435011
2030-11-28 18:45:00,4896.95730246641
2030-11-28 19:00:00,4633.308736061899
2030-11-28 19:15:00,4415.895901272299
2030-11-28 19:30:00,3872.380854986972
2030-11-28 19:45:00,3470.963954332965
2030-11-28 20:00:00,2913.614467788844
2030-11-28 20:15:00,2504.3621299714214
2030-11-28 20:30:00,1848.9829517584385
2030-11-28 20:45:00,1468.3451984505245
2030-11-28 21:00:00,877.1318924734096
2030-11-28 21:15:00,300.0405659239823
2030-11-28 21:30:00,0.0
2030-11-28 21:45:00,0.0
2030-11-28 22:00:00,0.0
2030-11-28 22:15:00,0.0
2030-11-28 22:30:00,0.0
2030-11-28 22:45:00,0.0
2030-11-28 23:00:00,0.0
2030-11-28 23:15:00,0.0
2030-11-28 23:30:00,0.0
2030-11-28 23:45:00,0.0
2030-11-29 00:00:00,0.0
2030-11-29 00:15:00,0.0
2030-11-29 00:30:00,0.0
2030-11-29 00:45:00,0.0
2030-11-29 01:00:00,0.0
2030-11-29 01:15:00,0.0
2030-11-29 01:30:00,0.0
2030-11-29 01:45:00,0.0
2030-11-29 02:00:00,0.0
2030-11-29 02:15:00,0.0
2030-11-29 02:30:00,0.0
2030-11-29 02:45:00,0.0
2030-11-29 03:00:00,0.0
2030-11-29 03:15:00,0.0
2030-11-29 03:30:00,0.0
2030-11-29 03:45:00,0.0
2030-11-29 04:00:00,0.0
2030-11-29 04:15:00,0.0
2030-11-29 04:30:00,0.0
2030-11-29 04:45:00,0.0
2030-11-29 05:00:00,0.0
2030-11-29 05:15:00,0.0
2030-11-29 05:30:00,0.0
2030-11-29 05:45:00,0.0
2030-11-29 06:00:00,0.0
2030-11-29 06:15:00,0.0
2030-11-29 06:30:00,0.0
2030-11-29 06:45:00,0.0
2030-11-29 07:00:00,0.0
2030-11-29 07:15:00,0.0
2030-11-29 07:30:00,0.0
2030-11-29 07:45:00,0.0
2030-11-29 08:00:00,0.0
2030-11-29 08:15:00,0.0
2030-11-29 08:30:00,0.0
2030-11-29 08:45:00,0.0
2030-11-29 09:00:00,0.0
2030-11-29 09:15:00,0.0
2030-11-29 09:30:00,0.0
2030-11-29 09:45:00,0.0
2030-11-29 10:00:00,0.0
2030-11-29 10:15:00,0.0
2030-11-29 10:30:00,0.0
2030-11-29 10:45:00,0.0
2030-11-29 11:00:00,0.0
2030-11-29 11:15:00,0.0
2030-11-29 11:30:00,0.0
2030-11-29 11:45:00,0.0
2030-11-29 12:00:00,0.0
2030-11-29 12:15:00,0.0
2030-11-29 12:30:00,0.0
2030-11-29 12:45:00,0.0
2030-11-29 13:00:00,0.0
2030-11-29 13:15:00,0.0
2030-11-29 13:30:00,0.0
2030-11-29 13:45:00,0.0
2030-11-29 14:00:00,0.0
2030-11-29 14:15:00,0.0
2030-11-29 14:30:00,536.7264209848854
2030-11-29 14:45:00,1311.9499036751695
2030-11-29 15:00:00,2188.0948174376426
2030-11-29 15:15:00,2687.7055058270325
2030-11-29 15:30:00,3150.8828027449326
2030-11-29 15:45:00,3522.4205155482086
2030-11-29 16:00:00,3914.6596411172886
2030-11-29 16:15:00,4434.4158681833505
2030-11-29 16:30:00,4668.8840896314
2030-11-29 16:45:00,4911.729761400311
2030-11-29 17:00:00,5163.8151124267315
2030-11-29 17:15:00,5272.775275356562
2030-11-29 17:30:00,5441.405874405045
2030-11-29 17:45:00,5520.950469577518
2030-11-29 18:00:00,5480.43386402306
2030-11-29 18:15:00,5482.1527325131065
2030-11-29 18:30:00,5501.364932649161
2030-11-29 18:45:00,5502.15498580601
2030-11-29 19:00:00,5551.099578778729
2030-11-29 19:15:00,5595.056355385968
2030-11-29 19:30:00,5510.97474043406
2030-11-29 19:45:00,5375.209126474008
2030-11-29 20:00:00,5183.473439998874
2030-11-29 20:15:00,5089.398142953916
2030-11-29 20:30:00,4971.180317955106
2030-11-29 20:45:00,4870.173974641293
2030-11-29 21:00:00,4838.876918726015
2030-11-29 21:15:00,4695.655594518052
2030-11-29 21:30:00,4474.539374232889
2030-11-29 21:45:00,4290.310811660247
2030-11-29 22:00:00,4223.104661256737
2030-11-29 22:15:00,4074.515310577375
2030-11-29 22:30:00,3878.6781794440885
2030-11-29 22:45:00,3635.4646872880985
2030-11-29 23:00:00,3508.4723654225054
2030-11-29 23:15:00,3424.732876558035
2030-11-29 23:30:00,3270.800860644802
2030-11-29 23:45:00,3099.5128931313193
2030-11-30 00:00:00,2978.773021350011
2030-11-30 00:15:00,2866.5736469842996
2030-11-30 00:30:00,2721.0043866090746
2030-11-30 00:45:00,2441.294247882437
2030-11-30 01:00:00,2297.8353989056923
2030-11-30 01:15:00,2110.2276919658507
2030-11-30 01:30:00,2111.4284572243814
2030-11-30 01:45:00,2021.9023001495189
2030-11-30 02:00:00,2013.877354071472
2030-11-30 02:15:00,2090.924923913224
2030-11-30 02:30:00,1998.8110724064572
2030-11-30 02:45:00,1947.362778779825
2030-11-30 03:00:00,1833.1741508658379
2030-11-30 03:15:00,1730.2856843345653
2030-11-30 03:30:00,1731.4004542598232
2030-11-30 03:45:00,1472.7745959644926
2030-11-30 04:00:00,1524.4149074704874
2030-11-30 04:15:00,1658.3144846803934
2030-11-30 04:30:00,1884.0356125834387
2030-11-30 04:45:00,1850.216633873688
2030-11-30 05:00:00,2018.7357080198017
2030-11-30 05:15:00,1965.62576745757
2030-11-30 05:30:00,2358.827558584442
2030-11-30 05:45:00,2661.7526139350666
2030-11-30 06:00:00,3596.8215424069294
2030-11-30 06:15:00,4060.571686993284
2030-11-30 06:30:00,4235.410642462939
2030-11-30 06:45:00,4491.643924649998
2030-11-30 07:00:00,4970.628566164385
2030-11-30 07:15:00,5173.1099557487105
2030-11-30 07:30:00,5277.431937623907
2030-11-30 07:45:00,5426.536250683766
2030-11-30 08:00:00,5648.317288097482
2030-11-30 08:15:00,5509.760001019196
2030-11-30 08:30:00,5267.199129748216
2030-11-30 08:45:00,4758.785358637302
2030-11-30 09:00:00,4240.475408168128
2030-11-30 09:15:00,3795.8306460562835
2030-11-30 09:30:00,3431.1912392501235
2030-11-30 09:45:00,2854.277650416472
2030-11-30 10:00:00,2461.0693732978525
2030-11-30 10:15:00,2098.505680135151
2030-11-30 10:30:00,1730.043545361572
2030-11-30 10:45:00,1408.0043374945853
2030-11-30 11:00:00,1222.4836112524317
2030-11-30 11:15:00,1089.1608169158171
2030-11-30 11:30:00,907.1081593365379
2030-11-30 11:45:00,836.4456361379089
2030-11-30 12:00:00,697.4863882975551
2030-11-30 12:15:00,747.8619799642074
2030-11-30 12:30:00,878.6283400176817
2030-11-30 12:45:00,1393.732845984112
2030-11-30 13:00:00,1717.4784113524147
2030-11-30 13:15:00,1631.1566301423427
2030-11-30 13:30:00,1558.3080939031552
2030-11-30 13:45:00,1824.9425565776037
2030-11-30 14:00:00,2410.648944268416
2030-11-30 14:15:00,2446.887846478552
2030-11-30 14:30:00,2403.4179627170015
2030-11-30 14:45:00,2481.7098372192468
2030-11-30 15:00:00,2224.9636749892725
2030-11-30 15:15:00,2404.6144364118554
2030-11-30 15:30:00,2454.461479239033
2030-11-30 15:45:00,2545.841241296792
2030-11-30 16:00:00,2925.148773330635
2030-11-30 16:15:00,3153.392693356258
2030-11-30 16:30:00,3297.6026146265885
2030-11-30 16:45:00,3280.6374949315323
2030-11-30 17:00:00,3135.233845389994
2030-11-30 17:15:00,3129.3570091242163
2030-11-30 17:30:00,3462.3516682363806
2030-11-30 17:45:00,3497.9802499272555
2030-11-30 18:00:00,3858.3963210364163
2030-11-30 18:15:00,4114.246621530423
2030-11-30 18:30:00,4180.7935780963835
2030-11-30 18:45:00,4084.3786543177794
2030-11-30 19:00:00,4033.263752029372
2030-11-30 19:15:00,4185.968099326492
2030-11-30 19:30:00,4317.9108912180545
2030-11-30 19:45:00,4290.755676513476
2030-11-30 20:00:00,4320.410682835623
2030-11-30 20:15:00,4220.302138224746
2030-11-30 20:30:00,4294.350166340819
2030-11-30 20:45:00,4422.571854235992
2030-11-30 21:00:00,4231.049137529208
2030-11-30 21:15:00,4086.6820580076783
2030-11-30 21:30:00,3684.514022807467
2030-11-30 21:45:00,3205.0742161173766
2030-11-30 22:00:00,2975.973393294089
2030-11-30 22:15:00,2785.0517857630693
2030-11-30 22:30:00,2433.3527409067156
2030-11-30 22:45:00,2037.568998407307
2030-11-30 23:00:00,1546.2574225943827
2030-11-30 23:15:00,1295.1037496676545
2030-11-30 23:30:00,844.7504885793824
2030-11-30 23:45:00,735.5736164104783
2030-12-01 00:00:00,702.8161446107551
2030-12-01 00:15:00,691.9628184763151
2030-12-01 00:30:00,777.53161924714
2030-12-01 00:45:00,849.6712542855821
2030-12-01 01:00:00,1054.7671294991414
2030-12-01 01:15:00,1299.5107230173107
2030-12-01 01:30:00,1317.1748175112443
2030-12-01 01:45:00,898.6861897502185
2030-12-01 02:00:00,573.126627263282
2030-12-01 02:15:00,304.82375299216073
2030-12-01 02:30:00,13.166570599853003
2030-12-01 02:45:00,250.00675936241169
2030-12-01 03:00:00,213.89524127877667
2030-12-01 03:15:00,59.40594022829464
2030-12-01 03:30:00,0.0
2030-12-01 03:45:00,0.0
2030-12-01 04:00:00,0.0
2030-12-01 04:15:00,0.0
2030-12-01 04:30:00,0.0
2030-12-01 04:45:00,0.0
2030-12-01 05:00:00,0.0
2030-12-01 05:15:00,0.0
2030-12-01 05:30:00,0.0
2030-12-01 05:45:00,0.0
2030-12-01 06:00:00,258.26144379377183
2030-12-01 06:15:00,767.495792956981
2030-12-01 06:30:00,1506.6654042991267
2030-12-01 06:45:00,1734.4977914573174
2030-12-01 07:00:00,2408.126640526245
2030-12-01 07:15:00,3029.4640954081897
2030-12-01 07:30:00,3288.7472672367276
2030-12-01 07:45:00,3534.751240262245
2030-12-01 08:00:00,3780.2464756165846
2030-12-01 08:15:00,3915.0500526696687
2030-12-01 08:30:00,3471.0835659203094
2030-12-01 08:45:00,3112.1171318338493
2030-12-01 09:00:00,2463.1910901734173
2030-12-01 09:15:00,2359.636263160739
2030-12-01 09:30:00,2187.0453597697215
2030-12-01 09:45:00,2211.2486260277
2030-12-01 10:00:00,1901.0029803067664
2030-12-01 10:15:00,1288.2597710384707
2030-12-01 10:30:00,898.7792844959658
2030-12-01 10:45:00,717.5241647066832
2030-12-01 11:00:00,298.07654136702695
2030-12-01 11:15:00,353.6130437039901
2030-12-01 11:30:00,507.2414752843142
2030-12-01 11:45:00,178.31533986591967
2030-12-01 12:00:00,315.226177216673
2030-12-01 12:15:00,699.3701491199681
2030-12-01 12:30:00,979.0191512571091
2030-12-01 12:45:00,1155.1590391274185
2030-12-01 13:00:00,1647.956067745552
2030-12-01 13:15:00,2261.166082141901
2030-12-01 13:30:00,2682.3126051524305
2030-12-01 13:45:00,2886.8778874451873
2030-12-01 14:00:00,3448.7815340497546
2030-12-01 14:15:00,3753.6552687958156
2030-12-01 14:30:00,4312.861357230911
2030-12-01 14:45:00,4956.022395378561
2030-12-01 15:00:00,5444.874889632847
2030-12-01 15:15:00,5869.549822639699
2030-12-01 15:30:00,6230.77016246353
2030-12-01 15:45:00,6714.222877415385
2030-12-01 16:00:00,7201.133115514116
2030-12-01 16:15:00,7321.5125438374125
2030-12-01 16:30:00,7324.348750148518
2030-12-01 16:45:00,7383.847383825283
2030-12-01 17:00:00,7454.567118351184
2030-12-01 17:15:00,7544.943331386421
2030-12-01 17:30:00,7626.719024729842
2030-12-01 17:45:00,7593.174577323298
2030-12-01 18:00:00,7419.97259147025
2030-12-01 18:15:00,7415.819306525915
2030-12-01 18:30:00,7448.876294842026
2030-12-01 18:45:00,7394.320749096838
2030-12-01 19:00:00,7376.060576112453
2030-12-01 19:15:00,7167.25650308486
2030-12-01 19:30:00,6912.263815653776
2030-12-01 19:45:00,6648.34409675837
2030-12-01 20:00:00,6359.618311821596
2030-12-01 20:15:00,6031.1008294467465
2030-12-01 20:30:00,5841.292295242143
2030-12-01 20:45:00,5604.422584970125
2030-12-01 21:00:00,5334.610503585169
2030-12-01 21:15:00,5149.721617260977
2030-12-01 21:30:00,4876.8183969066595
2030-12-01 21:45:00,4640.639581538315
2030-12-01 22:00:00,4606.547022161583
2030-12-01 22:15:00,4290.703571247937
2030-12-01 22:30:00,4097.50761566793
2030-12-01 22:45:00,3832.6522663451397
2030-12-01 23:00:00,3579.819668597949
2030-12-01 23:15:00,3161.253002196958
2030-12-01 23:30:00,2849.9538030136864
2030-12-01 23:45:00,2694.456228955918
2030-12-02 00:00:00,2442.233474810013
2030-12-02 00:15:00,2166.9723136641187
2030-12-02 00:30:00,2133.9709413084784
2030-12-02 00:45:00,2106.623335253593
2030-12-02 01:00:00,2046.608602228751
2030-12-02 01:15:00,1944.4084392137174
2030-12-02 01:30:00,1867.3868253012297
2030-12-02 01:45:00,1632.115620939061
2030-12-02 02:00:00,1402.6269942053332
2030-12-02 02:15:00,1277.4203936631147
2030-12-02 02:30:00,1263.84472668723
2030-12-02 02:45:00,1238.0889739781105
2030-12-02 03:00:00,1161.806036506201
2030-12-02 03:15:00,1218.2403512051606
2030-12-02 03:30:00,1202.1611549301779
2030-12-02 03:45:00,1225.5652283158925
2030-12-02 04:00:00,1319.5309815354267
2030-12-02 04:15:00,1336.1420256913298
2030-12-02 04:30:00,1385.4696750592939
2030-12-02 04:45:00,1501.1623918565729
2030-12-02 05:00:00,1628.7843373823034
2030-12-02 05:15:00,1669.193373996548
2030-12-02 05:30:00,1775.9871131115942
2030-12-02 05:45:00,2002.7587895779943
2030-12-02 06:00:00,2192.123486540295
2030-12-02 06:15:00,2298.53957993521
2030-12-02 06:30:00,2372.2039414715437
2030-12-02 06:45:00,2507.8449435408147
2030-12-02 07:00:00,2945.4495646463565
2030-12-02 07:15:00,3207.198935977218
2030-12-02 07:30:00,3489.440267318252
2030-12-02 07:45:00,3625.4770758863506
2030-12-02 08:00:00,3983.0824796376564
2030-12-02 08:15:00,4219.922440929204
2030-12-02 08:30:00,4327.362698588799
2030-12-02 08:45:00,4434.329698952484
2030-12-02 09:00:00,4661.091701568403
2030-12-02 09:15:00,4812.122671512763
2030-12-02 09:30:00,4821.698291693236
2030-12-02 09:45:00,4873.241531483109
2030-12-02 10:00:00,4749.047948928426
2030-12-02 10:15:00,4796.627519480593
2030-12-02 10:30:00,4790.382470225646
2030-12-02 10:45:00,4878.51352703591
2030-12-02 11:00:00,4965.666295761934
2030-12-02 11:15:00,5008.357007795614
2030-12-02 11:30:00,4912.137173347037
2030-12-02 11:45:00,4863.577417355125
2030-12-02 12:00:00,5015.050912489049
2030-12-02 12:15:00,5264.981853194637
2030-12-02 12:30:00,5217.472085173347
2030-12-02 12:45:00,5093.616928264812
2030-12-02 13:00:00,5083.5323294374175
2030-12-02 13:15:00,4831.762774907147
2030-12-02 13:30:00,4675.772441535519
2030-12-02 13:45:00,4700.761992907839
2030-12-02 14:00:00,4838.8719871143185
2030-12-02 14:15:00,4837.757076602531
2030-12-02 14:30:00,4925.137044968324
2030-12-02 14:45:00,4927.080632740668
2030-12-02 15:00:00,5112.795880681322
2030-12-02 15:15:00,4956.936929372514
2030-12-02 15:30:00,4942.631037080464
2030-12-02 15:45:00,4959.076656609712
2030-12-02 16:00:00,5156.294739465877
2030-12-02 16:15:00,5107.112967386296
2030-12-02 16:30:00,5048.738080781288
2030-12-02 16:45:00,5050.150511458989
2030-12-02 17:00:00,5102.7593878146545
2030-12-02 17:15:00,4895.902688705442
2030-12-02 17:30:00,4720.746661360372
2030-12-02 17:45:00,4465.356005423795
2030-12-02 18:00:00,4176.885435638142
2030-12-02 18:15:00,3911.629981812941
2030-12-02 18:30:00,3519.2662324211524
2030-12-02 18:45:00,3110.153604221232
2030-12-02 19:00:00,2628.7575886836967
2030-12-02 19:15:00,2263.320931659231
2030-12-02 19:30:00,1813.6838277224706
2030-12-02 19:45:00,1715.9628742169916
2030-12-02 20:00:00,1397.0944204013304
2030-12-02 20:15:00,872.3902952530043
2030-12-02 20:30:00,317.00666343440935
2030-12-02 20:45:00,0.0
2030-12-02 21:00:00,0.0
2030-12-02 21:15:00,0.0
2030-12-02 21:30:00,0.0
2030-12-02 21:45:00,0.0
2030-12-02 22:00:00,0.0
2030-12-02 22:15:00,0.0
2030-12-02 22:30:00,0.0
2030-12-02 22:45:00,0.0
2030-12-02 23:00:00,0.0
2030-12-02 23:15:00,0.0
2030-12-02 23:30:00,0.0
2030-12-02 23:45:00,0.0
2030-12-03 00:00:00,0.0
2030-12-03 00:15:00,0.0
2030-12-03 00:30:00,0.0
2030-12-03 00:45:00,0.0
2030-12-03 01:00:00,0.0
2030-12-03 01:15:00,0.0
2030-12-03 01:30:00,0.0
2030-12-03 01:45:00,0.0
2030-12-03 02:00:00,0.0
2030-12-03 02:15:00,0.0
2030-12-03 02:30:00,0.0
2030-12-03 02:45:00,0.0
2030-12-03 03:00:00,0.0
2030-12-03 03:15:00,0.0
2030-12-03 03:30:00,0.0
2030-12-03 03:45:00,0.0
2030-12-03 04:00:00,0.0
2030-12-03 04:15:00,0.0
2030-12-03 04:30:00,0.0
2030-12-03 04:45:00,0.0
2030-12-03 05:00:00,0.0
2030-12-03 05:15:00,0.0
2030-12-03 05:30:00,0.0
2030-12-03 05:45:00,0.0
2030-12-03 06:00:00,0.0
2030-12-03 06:15:00,0.0
2030-12-03 06:30:00,0.0
2030-12-03 06:45:00,0.0
2030-12-03 07:00:00,0.0
2030-12-03 07:15:00,0.0
2030-12-03 07:30:00,0.0
2030-12-03 07:45:00,0.0
2030-12-03 08:00:00,0.0
2030-12-03 08:15:00,0.0
2030-12-03 08:30:00,0.0
2030-12-03 08:45:00,0.0
2030-12-03 09:00:00,0.0
2030-12-03 09:15:00,0.0
2030-12-03 09:30:00,0.0
2030-12-03 09:45:00,0.0
2030-12-03 10:00:00,0.0
2030-12-03 10:15:00,0.0
2030-12-03 10:30:00,0.0
2030-12-03 10:45:00,0.0
2030-12-03 11:00:00,0.0
2030-12-03 11:15:00,0.0
2030-12-03 11:30:00,0.0
2030-12-03 11:45:00,0.0
2030-12-03 12:00:00,0.0
2030-12-03 12:15:00,0.0
2030-12-03 12:30:00,0.0
2030-12-03 12:45:00,0.0
2030-12-03 13:00:00,0.0
2030-12-03 13:15:00,0.0
2030-12-03 13:30:00,0.0
2030-12-03 13:45:00,0.0
2030-12-03 14:00:00,0.0
2030-12-03 14:15:00,0.0
2030-12-03 14:30:00,0.0
2030-12-03 14:45:00,0.0
2030-12-03 15:00:00,0.0
2030-12-03 15:15:00,0.0
2030-12-03 15:30:00,0.0
2030-12-03 15:45:00,0.0
2030-12-03 16:00:00,0.0
2030-12-03 16:15:00,0.0
2030-12-03 16:30:00,0.0
2030-12-03 16:45:00,0.0
2030-12-03 17:00:00,0.0
2030-12-03 17:15:00,0.0
2030-12-03 17:30:00,0.0
2030-12-03 17:45:00,0.0
2030-12-03 18:00:00,0.0
2030-12-03 18:15:00,0.0
2030-12-03 18:30:00,0.0
2030-12-03 18:45:00,0.0
2030-12-03 19:00:00,0.0
2030-12-03 19:15:00,0.0
2030-12-03 19:30:00,0.0
2030-12-03 19:45:00,0.0
2030-12-03 20:00:00,0.0
2030-12-03 20:15:00,0.0
2030-12-03 20:30:00,0.0
2030-12-03 20:45:00,0.0
2030-12-03 21:00:00,0.0
2030-12-03 21:15:00,0.0
2030-12-03 21:30:00,0.0
2030-12-03 21:45:00,0.0
2030-12-03 22:00:00,0.0
2030-12-03 22:15:00,0.0
2030-12-03 22:30:00,0.0
2030-12-03 22:45:00,0.0
2030-12-03 23:00:00,0.0
2030-12-03 23:15:00,0.0
2030-12-03 23:30:00,0.0
2030-12-03 23:45:00,0.0
2030-12-04 00:00:00,0.0
2030-12-04 00:15:00,0.0
2030-12-04 00:30:00,0.0
2030-12-04 00:45:00,0.0
2030-12-04 01:00:00,0.0
2030-12-04 01:15:00,0.0
2030-12-04 01:30:00,0.0
2030-12-04 01:45:00,0.0
2030-12-04 02:00:00,0.0
2030-12-04 02:15:00,0.0
2030-12-04 02:30:00,0.0
2030-12-04 02:45:00,0.0
2030-12-04 03:00:00,0.0
2030-12-04 03:15:00,0.0
2030-12-04 03:30:00,0.0
2030-12-04 03:45:00,0.0
2030-12-04 04:00:00,0.0
2030-12-04 04:15:00,0.0
2030-12-04 04:30:00,0.0
2030-12-04 04:45:00,0.0
2030-12-04 05:00:00,0.0
2030-12-04 05:15:00,0.0
2030-12-04 05:30:00,0.0
2030-12-04 05:45:00,0.0
2030-12-04 06:00:00,0.0
2030-12-04 06:15:00,0.0
2030-12-04 06:30:00,0.0
2030-12-04 06:45:00,0.0
2030-12-04 07:00:00,0.0
2030-12-04 07:15:00,0.0
2030-12-04 07:30:00,0.0
2030-12-04 07:45:00,0.0
2030-12-04 08:00:00,0.0
2030-12-04 08:15:00,0.0
2030-12-04 08:30:00,0.0
2030-12-04 08:45:00,0.0
2030-12-04 09:00:00,0.0
2030-12-04 09:15:00,0.0
2030-12-04 09:30:00,0.0
2030-12-04 09:45:00,0.0
2030-12-04 10:00:00,0.0
2030-12-04 10:15:00,0.0
2030-12-04 10:30:00,0.0
2030-12-04 10:45:00,0.0
2030-12-04 11:00:00,0.0
2030-12-04 11:15:00,0.0
2030-12-04 11:30:00,0.0
2030-12-04 11:45:00,0.0
2030-12-04 12:00:00,0.0
2030-12-04 12:15:00,0.0
2030-12-04 12:30:00,0.0
2030-12-04 12:45:00,0.0
2030-12-04 13:00:00,0.0
2030-12-04 13:15:00,0.0
2030-12-04 13:30:00,0.0
2030-12-04 13:45:00,0.0
2030-12-04 14:00:00,0.0
2030-12-04 14:15:00,0.0
2030-12-04 14:30:00,0.0
2030-12-04 14:45:00,0.0
2030-12-04 15:00:00,0.0
2030-12-04 15:15:00,0.0
2030-12-04 15:30:00,0.0
2030-12-04 15:45:00,0.0
2030-12-04 16:00:00,0.0
2030-12-04 16:15:00,0.0
2030-12-04 16:30:00,0.0
2030-12-04 16:45:00,0.0
2030-12-04 17:00:00,0.0
2030-12-04 17:15:00,0.0
2030-12-04 17:30:00,0.0
2030-12-04 17:45:00,0.0
2030-12-04 18:00:00,0.0
2030-12-04 18:15:00,0.0
2030-12-04 18:30:00,0.0
2030-12-04 18:45:00,0.0
2030-12-04 19:00:00,0.0
2030-12-04 19:15:00,0.0
2030-12-04 19:30:00,0.0
2030-12-04 19:45:00,0.0
2030-12-04 20:00:00,0.0
2030-12-04 20:15:00,0.0
2030-12-04 20:30:00,0.0
2030-12-04 20:45:00,0.0
2030-12-04 21:00:00,0.0
2030-12-04 21:15:00,0.0
2030-12-04 21:30:00,0.0
2030-12-04 21:45:00,0.0
2030-12-04 22:00:00,0.0
2030-12-04 22:15:00,0.0
2030-12-04 22:30:00,0.0
2030-12-04 22:45:00,0.0
2030-12-04 23:00:00,0.0
2030-12-04 23:15:00,0.0
2030-12-04 23:30:00,0.0
2030-12-04 23:45:00,0.0
2030-12-05 00:00:00,0.0
2030-12-05 00:15:00,0.0
2030-12-05 00:30:00,0.0
2030-12-05 00:45:00,0.0
2030-12-05 01:00:00,0.0
2030-12-05 01:15:00,0.0
2030-12-05 01:30:00,0.0
2030-12-05 01:45:00,0.0
2030-12-05 02:00:00,0.0
2030-12-05 02:15:00,0.0
2030-12-05 02:30:00,0.0
2030-12-05 02:45:00,0.0
2030-12-05 03:00:00,0.0
2030-12-05 03:15:00,0.0
2030-12-05 03:30:00,0.0
2030-12-05 03:45:00,0.0
2030-12-05 04:00:00,0.0
2030-12-05 04:15:00,0.0
2030-12-05 04:30:00,0.0
2030-12-05 04:45:00,0.0
2030-12-05 05:00:00,0.0
2030-12-05 05:15:00,0.0
2030-12-05 05:30:00,0.0
2030-12-05 05:45:00,0.0
2030-12-05 06:00:00,0.0
2030-12-05 06:15:00,0.0
2030-12-05 06:30:00,0.0
2030-12-05 06:45:00,0.0
2030-12-05 07:00:00,0.0
2030-12-05 07:15:00,0.0
2030-12-05 07:30:00,0.0
2030-12-05 07:45:00,0.0
2030-12-05 08:00:00,0.0
2030-12-05 08:15:00,0.0
2030-12-05 08:30:00,0.0
2030-12-05 08:45:00,0.0
2030-12-05 09:00:00,0.0
2030-12-05 09:15:00,0.0
2030-12-05 09:30:00,0.0
2030-12-05 09:45:00,0.0
2030-12-05 10:00:00,0.0
2030-12-05 10:15:00,0.0
2030-12-05 10:30:00,0.0
2030-12-05 10:45:00,0.0
2030-12-05 11:00:00,0.0
2030-12-05 11:15:00,0.0
2030-12-05 11:30:00,0.0
2030-12-05 11:45:00,0.0
2030-12-05 12:00:00,0.0
2030-12-05 12:15:00,0.0
2030-12-05 12:30:00,0.0
2030-12-05 12:45:00,0.0
2030-12-05 13:00:00,0.0
2030-12-05 13:15:00,0.0
2030-12-05 13:30:00,0.0
2030-12-05 13:45:00,0.0
2030-12-05 14:00:00,0.0
2030-12-05 14:15:00,0.0
2030-12-05 14:30:00,0.0
2030-12-05 14:45:00,0.0
2030-12-05 15:00:00,0.0
2030-12-05 15:15:00,0.0
2030-12-05 15:30:00,0.0
2030-12-05 15:45:00,0.0
2030-12-05 16:00:00,0.0
2030-12-05 16:15:00,0.0
2030-12-05 16:30:00,0.0
2030-12-05 16:45:00,0.0
2030-12-05 17:00:00,0.0
2030-12-05 17:15:00,0.0
2030-12-05 17:30:00,103.26777598140325
2030-12-05 17:45:00,106.37990527065813
2030-12-05 18:00:00,0.0
2030-12-05 18:15:00,0.0
2030-12-05 18:30:00,0.0
2030-12-05 18:45:00,0.0
2030-12-05 19:00:00,0.0
2030-12-05 19:15:00,0.0
2030-12-05 19:30:00,0.0
2030-12-05 19:45:00,0.0
2030-12-05 20:00:00,0.0
2030-12-05 20:15:00,0.0
2030-12-05 20:30:00,0.0
2030-12-05 20:45:00,0.0
2030-12-05 21:00:00,0.0
2030-12-05 21:15:00,0.0
2030-12-05 21:30:00,0.0
2030-12-05 21:45:00,0.0
2030-12-05 22:00:00,0.0
2030-12-05 22:15:00,0.0
2030-12-05 22:30:00,0.0
2030-12-05 22:45:00,0.0
2030-12-05 23:00:00,0.0
2030-12-05 23:15:00,77.96848317488912
2030-12-05 23:30:00,0.0
2030-12-05 23:45:00,0.0
2030-12-06 00:00:00,0.0
2030-12-06 00:15:00,0.0
2030-12-06 00:30:00,0.0
2030-12-06 00:45:00,0.0
2030-12-06 01:00:00,0.0
2030-12-06 01:15:00,0.0
2030-12-06 01:30:00,0.0
2030-12-06 01:45:00,89.88652023472241
2030-12-06 02:00:00,173.9980117820851
2030-12-06 02:15:00,291.6612014259772
2030-12-06 02:30:00,464.1245102816847
2030-12-06 02:45:00,564.099279054315
2030-12-06 03:00:00,759.6853293171825
2030-12-06 03:15:00,848.2075454830392
2030-12-06 03:30:00,832.1648154230916
2030-12-06 03:45:00,713.1151495495506
2030-12-06 04:00:00,944.7952901339777
2030-12-06 04:15:00,1131.1575195203677
2030-12-06 04:30:00,1436.3357735975915
2030-12-06 04:45:00,1492.3217911997963
2030-12-06 05:00:00,1886.6432049814648
2030-12-06 05:15:00,2081.0439074594397
2030-12-06 05:30:00,2409.881535633729
2030-12-06 05:45:00,3042.3780332211754
2030-12-06 06:00:00,3792.312765861563
2030-12-06 06:15:00,4321.49804141067
2030-12-06 06:30:00,4558.932501674346
2030-12-06 06:45:00,4878.53940331874
2030-12-06 07:00:00,5481.469989356727
2030-12-06 07:15:00,5614.394473412445
2030-12-06 07:30:00,5601.441573732063
2030-12-06 07:45:00,5424.891594101551
2030-12-06 08:00:00,5528.503122939244
2030-12-06 08:15:00,5521.0753235222655
2030-12-06 08:30:00,5580.410327017322
2030-12-06 08:45:00,5653.725919207445
2030-12-06 09:00:00,5538.639110354878
2030-12-06 09:15:00,5774.587485516298
2030-12-06 09:30:00,5837.2199508544545
2030-12-06 09:45:00,6036.353620138965
2030-12-06 10:00:00,5752.745186690932
2030-12-06 10:15:00,5803.785528396609
2030-12-06 10:30:00,5613.2143724192065
2030-12-06 10:45:00,5647.80879712382
2030-12-06 11:00:00,5702.667041298468
2030-12-06 11:15:00,5731.057079746395
2030-12-06 11:30:00,5790.528172285267
2030-12-06 11:45:00,5634.871205760595
2030-12-06 12:00:00,5547.154008685695
2030-12-06 12:15:00,5358.635152280629
2030-12-06 12:30:00,5238.63046714315
2030-12-06 12:45:00,4943.194643619929
2030-12-06 13:00:00,4609.719445710794
2030-12-06 13:15:00,4380.141442919859
2030-12-06 13:30:00,4364.721302048529
2030-12-06 13:45:00,4140.561638127105
2030-12-06 14:00:00,4299.577368568935
2030-12-06 14:15:00,4258.679616741694
2030-12-06 14:30:00,4244.667321216211
2030-12-06 14:45:00,4170.746011171608
2030-12-06 15:00:00,4367.320994664087
2030-12-06 15:15:00,4231.565331992324
2030-12-06 15:30:00,4056.360530260861
2030-12-06 15:45:00,3912.9335422497134
2030-12-06 16:00:00,3613.4110388496083
2030-12-06 16:15:00,3149.594933638149
2030-12-06 16:30:00,2881.4795713355925
2030-12-06 16:45:00,2860.2415586992956
2030-12-06 17:00:00,3043.406331503611
2030-12-06 17:15:00,3026.7299209692465
2030-12-06 17:30:00,3079.238360256044
2030-12-06 17:45:00,3172.242136931569
2030-12-06 18:00:00,3204.4501600901604
2030-12-06 18:15:00,3431.070994962396
2030-12-06 18:30:00,3534.162841264686
2030-12-06 18:45:00,3446.132114768652
2030-12-06 19:00:00,3229.1114469987497
2030-12-06 19:15:00,3059.438543288801
2030-12-06 19:30:00,3300.872689652095
2030-12-06 19:45:00,3471.9193077383534
2030-12-06 20:00:00,3353.4777551253264
2030-12-06 20:15:00,3511.7238861861442
2030-12-06 20:30:00,3779.6368072571095
2030-12-06 20:45:00,3977.327699632362
2030-12-06 21:00:00,3835.3176015106837
2030-12-06 21:15:00,3830.536040079205
2030-12-06 21:30:00,3827.4491326185034
2030-12-06 21:45:00,3730.686877318256
2030-12-06 22:00:00,3524.6488887516534
2030-12-06 22:15:00,3412.764608414338
2030-12-06 22:30:00,3172.742496239156
2030-12-06 22:45:00,2821.593412853168
2030-12-06 23:00:00,2417.7813193232687
2030-12-06 23:15:00,2359.6540976082324
2030-12-06 23:30:00,2392.713048931806
2030-12-06 23:45:00,2201.3404165678458
2030-12-07 00:00:00,1731.4571876182981
2030-12-07 00:15:00,1483.0056860165296
2030-12-07 00:30:00,1239.9818154881232
2030-12-07 00:45:00,1147.173777926886
2030-12-07 01:00:00,1030.8299390235916
2030-12-07 01:15:00,982.1695903080654
2030-12-07 01:30:00,1048.6842347925249
2030-12-07 01:45:00,1113.0172015449061
2030-12-07 02:00:00,937.8773704051819
2030-12-07 02:15:00,1006.4901545954181
2030-12-07 02:30:00,1153.000392816266
2030-12-07 02:45:00,1212.8846926587685
2030-12-07 03:00:00,1242.2408626542674
2030-12-07 03:15:00,1050.4003524596446
2030-12-07 03:30:00,1034.0870715208239
2030-12-07 03:45:00,1047.1658848568222
2030-12-07 04:00:00,1313.6480967289644
2030-12-07 04:15:00,1263.561797364404
2030-12-07 04:30:00,1364.172112566448
2030-12-07 04:45:00,1490.914873658905
2030-12-07 05:00:00,1829.4249400864028
2030-12-07 05:15:00,1805.928532348029
2030-12-07 05:30:00,1969.8065253854184
2030-12-07 05:45:00,2483.680558147322
2030-12-07 06:00:00,3455.767973204831
2030-12-07 06:15:00,4021.309907222778
2030-12-07 06:30:00,4183.633859379217
2030-12-07 06:45:00,4282.624908987349
2030-12-07 07:00:00,5231.151238826595
2030-12-07 07:15:00,5470.088279276701
2030-12-07 07:30:00,5820.205088115104
2030-12-07 07:45:00,5858.262930442845
2030-12-07 08:00:00,6056.283961067082
2030-12-07 08:15:00,6148.259754280865
2030-12-07 08:30:00,6028.5635284855525
2030-12-07 08:45:00,5785.488720692443
2030-12-07 09:00:00,5600.648457144242
2030-12-07 09:15:00,5686.932846508898
2030-12-07 09:30:00,5738.897850430432
2030-12-07 09:45:00,5407.815854050328
2030-12-07 10:00:00,4803.258168276414
2030-12-07 10:15:00,4623.470017231182
2030-12-07 10:30:00,4307.879116427181
2030-12-07 10:45:00,3718.22781106169
2030-12-07 11:00:00,2806.681370981112
2030-12-07 11:15:00,2198.2469127439836
2030-12-07 11:30:00,1782.794995545426
2030-12-07 11:45:00,969.081227149567
2030-12-07 12:00:00,787.8793696974462
2030-12-07 12:15:00,415.05527457738935
2030-12-07 12:30:00,405.884792955776
2030-12-07 12:45:00,454.9300939317636
2030-12-07 13:00:00,0.0
2030-12-07 13:15:00,50.86948943484276
2030-12-07 13:30:00,0.0
2030-12-07 13:45:00,401.3008974337099
2030-12-07 14:00:00,634.458326675287
2030-12-07 14:15:00,824.1594741773915
2030-12-07 14:30:00,1060.1042241936539
2030-12-07 14:45:00,1425.3268632237414
2030-12-07 15:00:00,1430.323271578116
2030-12-07 15:15:00,1091.6926300905252
2030-12-07 15:30:00,1438.0331346893454
2030-12-07 15:45:00,970.0424574843073
2030-12-07 16:00:00,590.0517008141687
2030-12-07 16:15:00,614.4865635505848
2030-12-07 16:30:00,623.597790830172
2030-12-07 16:45:00,885.562224153844
2030-12-07 17:00:00,1150.7256789805724
2030-12-07 17:15:00,908.7986507263377
2030-12-07 17:30:00,492.1556539475787
2030-12-07 17:45:00,154.7258430778802
2030-12-07 18:00:00,0.0
2030-12-07 18:15:00,0.0
2030-12-07 18:30:00,0.0
2030-12-07 18:45:00,0.0
2030-12-07 19:00:00,0.0
2030-12-07 19:15:00,0.0
2030-12-07 19:30:00,0.0
2030-12-07 19:45:00,0.0
2030-12-07 20:00:00,0.0
2030-12-07 20:15:00,0.0
2030-12-07 20:30:00,0.0
2030-12-07 20:45:00,0.0
2030-12-07 21:00:00,0.0
2030-12-07 21:15:00,0.0
2030-12-07 21:30:00,0.0
2030-12-07 21:45:00,0.0
2030-12-07 22:00:00,0.0
2030-12-07 22:15:00,0.0
2030-12-07 22:30:00,0.0
2030-12-07 22:45:00,0.0
2030-12-07 23:00:00,0.0
2030-12-07 23:15:00,0.0
2030-12-07 23:30:00,0.0
2030-12-07 23:45:00,0.0
2030-12-08 00:00:00,0.0
2030-12-08 00:15:00,0.0
2030-12-08 00:30:00,0.0
2030-12-08 00:45:00,0.0
2030-12-08 01:00:00,0.0
2030-12-08 01:15:00,0.0
2030-12-08 01:30:00,0.0
2030-12-08 01:45:00,0.0
2030-12-08 02:00:00,0.0
2030-12-08 02:15:00,0.0
2030-12-08 02:30:00,0.0
2030-12-08 02:45:00,0.0
2030-12-08 03:00:00,0.0
2030-12-08 03:15:00,0.0
2030-12-08 03:30:00,0.0
2030-12-08 03:45:00,0.0
2030-12-08 04:00:00,0.0
2030-12-08 04:15:00,0.0
2030-12-08 04:30:00,0.0
2030-12-08 04:45:00,0.0
2030-12-08 05:00:00,0.0
2030-12-08 05:15:00,0.0
2030-12-08 05:30:00,0.0
2030-12-08 05:45:00,0.0
2030-12-08 06:00:00,0.0
2030-12-08 06:15:00,0.0
2030-12-08 06:30:00,0.0
2030-12-08 06:45:00,0.0
2030-12-08 07:00:00,0.0
2030-12-08 07:15:00,233.32191336785763
2030-12-08 07:30:00,682.5756082361877
2030-12-08 07:45:00,966.8785877832634
2030-12-08 08:00:00,1459.2463000648459
2030-12-08 08:15:00,1728.4062989260437
2030-12-08 08:30:00,1603.917478830428
2030-12-08 08:45:00,1432.9977768907102
2030-12-08 09:00:00,984.6289915928919
2030-12-08 09:15:00,530.6220670738767
2030-12-08 09:30:00,117.71286222030903
2030-12-08 09:45:00,0.0
2030-12-08 10:00:00,0.0
2030-12-08 10:15:00,0.0
2030-12-08 10:30:00,0.0
2030-12-08 10:45:00,0.0
2030-12-08 11:00:00,0.0
2030-12-08 11:15:00,0.0
2030-12-08 11:30:00,247.45492781875873
2030-12-08 11:45:00,547.5281478676898
2030-12-08 12:00:00,1016.8325976471297
2030-12-08 12:15:00,1582.1795166404718
2030-12-08 12:30:00,2238.4349415885845
2030-12-08 12:45:00,2715.249531765381
2030-12-08 13:00:00,2980.585928709399
2030-12-08 13:15:00,3380.788734867525
2030-12-08 13:30:00,3537.0459541969976
2030-12-08 13:45:00,3615.2693121234806
2030-12-08 14:00:00,3953.2213422093737
2030-12-08 14:15:00,4397.509646347951
2030-12-08 14:30:00,4622.5551787412405
2030-12-08 14:45:00,4823.84296377447
2030-12-08 15:00:00,5166.6181358177855
2030-12-08 15:15:00,5390.209766424436
2030-12-08 15:30:00,5526.976116537764
2030-12-08 15:45:00,5743.945007079481
2030-12-08 16:00:00,6018.205664261732
2030-12-08 16:15:00,6145.771143476733
2030-12-08 16:30:00,6299.323180977619
2030-12-08 16:45:00,6489.667173595142
2030-12-08 17:00:00,6685.571221992766
2030-12-08 17:15:00,6701.199658433714
2030-12-08 17:30:00,6567.349116191304
2030-12-08 17:45:00,6293.039060230556
2030-12-08 18:00:00,5897.561876170843
2030-12-08 18:15:00,5746.417213557361
2030-12-08 18:30:00,5721.152065425595
2030-12-08 18:45:00,5596.668844886128
2030-12-08 19:00:00,5496.660055411645
2030-12-08 19:15:00,5206.096412769108
2030-12-08 19:30:00,5059.397326646922
2030-12-08 19:45:00,4730.117419033893
2030-12-08 20:00:00,4219.077417979803
2030-12-08 20:15:00,3829.6097306943702
2030-12-08 20:30:00,3315.8431651643677
2030-12-08 20:45:00,2931.0138956046867
2030-12-08 21:00:00,2568.4180283565693
2030-12-08 21:15:00,2279.9819656693144
2030-12-08 21:30:00,2128.7219883058206
2030-12-08 21:45:00,1894.1070802846662
2030-12-08 22:00:00,1661.1071182084233
2030-12-08 22:15:00,1277.7574563903836
2030-12-08 22:30:00,1047.7630060561787
2030-12-08 22:45:00,869.399900610515
2030-12-08 23:00:00,414.29232097000386
2030-12-08 23:15:00,0.0
2030-12-08 23:30:00,0.0
2030-12-08 23:45:00,0.0
2030-12-09 00:00:00,0.0
2030-12-09 00:15:00,0.0
2030-12-09 00:30:00,0.0
2030-12-09 00:45:00,0.0
2030-12-09 01:00:00,0.0
2030-12-09 01:15:00,0.0
2030-12-09 01:30:00,0.0
2030-12-09 01:45:00,0.0
2030-12-09 02:00:00,0.0
2030-12-09 02:15:00,0.0
2030-12-09 02:30:00,0.0
2030-12-09 02:45:00,0.0
2030-12-09 03:00:00,0.0
2030-12-09 03:15:00,0.0
2030-12-09 03:30:00,0.0
2030-12-09 03:45:00,0.0
2030-12-09 04:00:00,0.0
2030-12-09 04:15:00,0.0
2030-12-09 04:30:00,0.0
2030-12-09 04:45:00,0.0
2030-12-09 05:00:00,0.0
2030-12-09 05:15:00,0.0
2030-12-09 05:30:00,0.0
2030-12-09 05:45:00,0.0
2030-12-09 06:00:00,0.0
2030-12-09 06:15:00,0.0
2030-12-09 06:30:00,0.0
2030-12-09 06:45:00,0.0
2030-12-09 07:00:00,0.0
2030-12-09 07:15:00,0.0
2030-12-09 07:30:00,0.0
2030-12-09 07:45:00,0.0
2030-12-09 08:00:00,0.0
2030-12-09 08:15:00,0.0
2030-12-09 08:30:00,0.0
2030-12-09 08:45:00,0.0
2030-12-09 09:00:00,0.0
2030-12-09 09:15:00,0.0
2030-12-09 09:30:00,0.0
2030-12-09 09:45:00,0.0
2030-12-09 10:00:00,0.0
2030-12-09 10:15:00,0.0
2030-12-09 10:30:00,0.0
2030-12-09 10:45:00,0.0
2030-12-09 11:00:00,0.0
2030-12-09 11:15:00,0.0
2030-12-09 11:30:00,0.0
2030-12-09 11:45:00,0.0
2030-12-09 12:00:00,0.0
2030-12-09 12:15:00,0.0
2030-12-09 12:30:00,0.0
2030-12-09 12:45:00,0.0
2030-12-09 13:00:00,0.0
2030-12-09 13:15:00,0.0
2030-12-09 13:30:00,0.0
2030-12-09 13:45:00,0.0
2030-12-09 14:00:00,0.0
2030-12-09 14:15:00,0.0
2030-12-09 14:30:00,0.0
2030-12-09 14:45:00,0.0
2030-12-09 15:00:00,0.0
2030-12-09 15:15:00,0.0
2030-12-09 15:30:00,0.0
2030-12-09 15:45:00,0.0
2030-12-09 16:00:00,0.0
2030-12-09 16:15:00,0.0
2030-12-09 16:30:00,0.0
2030-12-09 16:45:00,0.0
2030-12-09 17:00:00,0.0
2030-12-09 17:15:00,0.0
2030-12-09 17:30:00,0.0
2030-12-09 17:45:00,0.0
2030-12-09 18:00:00,0.0
2030-12-09 18:15:00,0.0
2030-12-09 18:30:00,0.0
2030-12-09 18:45:00,0.0
2030-12-09 19:00:00,0.0
2030-12-09 19:15:00,0.0
2030-12-09 19:30:00,0.0
2030-12-09 19:45:00,0.0
2030-12-09 20:00:00,0.0
2030-12-09 20:15:00,0.0
2030-12-09 20:30:00,0.0
2030-12-09 20:45:00,0.0
2030-12-09 21:00:00,0.0
2030-12-09 21:15:00,0.0
2030-12-09 21:30:00,0.0
2030-12-09 21:45:00,0.0
2030-12-09 22:00:00,0.0
2030-12-09 22:15:00,0.0
2030-12-09 22:30:00,0.0
2030-12-09 22:45:00,0.0
2030-12-09 23:00:00,0.0
2030-12-09 23:15:00,0.0
2030-12-09 23:30:00,0.0
2030-12-09 23:45:00,0.0
2030-12-10 00:00:00,0.0
2030-12-10 00:15:00,0.0
2030-12-10 00:30:00,0.0
2030-12-10 00:45:00,0.0
2030-12-10 01:00:00,0.0
2030-12-10 01:15:00,0.0
2030-12-10 01:30:00,0.0
2030-12-10 01:45:00,0.0
2030-12-10 02:00:00,0.0
2030-12-10 02:15:00,0.0
2030-12-10 02:30:00,0.0
2030-12-10 02:45:00,0.0
2030-12-10 03:00:00,0.0
2030-12-10 03:15:00,0.0
2030-12-10 03:30:00,0.0
2030-12-10 03:45:00,0.0
2030-12-10 04:00:00,0.0
2030-12-10 04:15:00,0.0
2030-12-10 04:30:00,0.0
2030-12-10 04:45:00,0.0
2030-12-10 05:00:00,0.0
2030-12-10 05:15:00,0.0
2030-12-10 05:30:00,0.0
2030-12-10 05:45:00,0.0
2030-12-10 06:00:00,0.0
2030-12-10 06:15:00,0.0
2030-12-10 06:30:00,0.0
2030-12-10 06:45:00,0.0
2030-12-10 07:00:00,0.0
2030-12-10 07:15:00,0.0
2030-12-10 07:30:00,0.0
2030-12-10 07:45:00,0.0
2030-12-10 08:00:00,0.0
2030-12-10 08:15:00,0.0
2030-12-10 08:30:00,0.0
2030-12-10 08:45:00,0.0
2030-12-10 09:00:00,0.0
2030-12-10 09:15:00,0.0
2030-12-10 09:30:00,0.0
2030-12-10 09:45:00,0.0
2030-12-10 10:00:00,0.0
2030-12-10 10:15:00,0.0
2030-12-10 10:30:00,0.0
2030-12-10 10:45:00,0.0
2030-12-10 11:00:00,0.0
2030-12-10 11:15:00,0.0
2030-12-10 11:30:00,0.0
2030-12-10 11:45:00,0.0
2030-12-10 12:00:00,0.0
2030-12-10 12:15:00,0.0
2030-12-10 12:30:00,0.0
2030-12-10 12:45:00,0.0
2030-12-10 13:00:00,0.0
2030-12-10 13:15:00,0.0
2030-12-10 13:30:00,0.0
2030-12-10 13:45:00,0.0
2030-12-10 14:00:00,0.0
2030-12-10 14:15:00,0.0
2030-12-10 14:30:00,0.0
2030-12-10 14:45:00,0.0
2030-12-10 15:00:00,0.0
2030-12-10 15:15:00,0.0
2030-12-10 15:30:00,0.0
2030-12-10 15:45:00,0.0
2030-12-10 16:00:00,0.0
2030-12-10 16:15:00,0.0
2030-12-10 16:30:00,0.0
2030-12-10 16:45:00,0.0
2030-12-10 17:00:00,0.0
2030-12-10 17:15:00,0.0
2030-12-10 17:30:00,0.0
2030-12-10 17:45:00,0.0
2030-12-10 18:00:00,0.0
2030-12-10 18:15:00,0.0
2030-12-10 18:30:00,0.0
2030-12-10 18:45:00,0.0
2030-12-10 19:00:00,0.0
2030-12-10 19:15:00,0.0
2030-12-10 19:30:00,0.0
2030-12-10 19:45:00,0.0
2030-12-10 20:00:00,0.0
2030-12-10 20:15:00,0.0
2030-12-10 20:30:00,0.0
2030-12-10 20:45:00,0.0
2030-12-10 21:00:00,0.0
2030-12-10 21:15:00,0.0
2030-12-10 21:30:00,0.0
2030-12-10 21:45:00,0.0
2030-12-10 22:00:00,0.0
2030-12-10 22:15:00,0.0
2030-12-10 22:30:00,0.0
2030-12-10 22:45:00,0.0
2030-12-10 23:00:00,0.0
2030-12-10 23:15:00,0.0
2030-12-10 23:30:00,0.0
2030-12-10 23:45:00,0.0
2030-12-11 00:00:00,0.0
2030-12-11 00:15:00,0.0
2030-12-11 00:30:00,0.0
2030-12-11 00:45:00,0.0
2030-12-11 01:00:00,0.0
2030-12-11 01:15:00,0.0
2030-12-11 01:30:00,0.0
2030-12-11 01:45:00,0.0
2030-12-11 02:00:00,0.0
2030-12-11 02:15:00,0.0
2030-12-11 02:30:00,0.0
2030-12-11 02:45:00,0.0
2030-12-11 03:00:00,0.0
2030-12-11 03:15:00,0.0
2030-12-11 03:30:00,0.0
2030-12-11 03:45:00,0.0
2030-12-11 04:00:00,0.0
2030-12-11 04:15:00,0.0
2030-12-11 04:30:00,0.0
2030-12-11 04:45:00,0.0
2030-12-11 05:00:00,0.0
2030-12-11 05:15:00,0.0
2030-12-11 05:30:00,0.0
2030-12-11 05:45:00,0.0
2030-12-11 06:00:00,0.0
2030-12-11 06:15:00,0.0
2030-12-11 06:30:00,0.0
2030-12-11 06:45:00,0.0
2030-12-11 07:00:00,0.0
2030-12-11 07:15:00,0.0
2030-12-11 07:30:00,0.0
2030-12-11 07:45:00,0.0
2030-12-11 08:00:00,0.0
2030-12-11 08:15:00,0.0
2030-12-11 08:30:00,0.0
2030-12-11 08:45:00,0.0
2030-12-11 09:00:00,0.0
2030-12-11 09:15:00,0.0
2030-12-11 09:30:00,0.0
2030-12-11 09:45:00,0.0
2030-12-11 10:00:00,0.0
2030-12-11 10:15:00,0.0
2030-12-11 10:30:00,0.0
2030-12-11 10:45:00,0.0
2030-12-11 11:00:00,0.0
2030-12-11 11:15:00,0.0
2030-12-11 11:30:00,0.0
2030-12-11 11:45:00,0.0
2030-12-11 12:00:00,-450.92944120037646
2030-12-11 12:15:00,-2941.785618690934
2030-12-11 12:30:00,-2874.770837492695
2030-12-11 12:45:00,-2799.3533716976963
2030-12-11 13:00:00,-2589.6167529991726
2030-12-11 13:15:00,-2497.6809786533777
2030-12-11 13:30:00,-2426.5450158728127
2030-12-11 13:45:00,-2540.944477086665
2030-12-11 14:00:00,-2317.220324353322
2030-12-11 14:15:00,-1934.9000716534938
2030-12-11 14:30:00,-1488.1218603627785
2030-12-11 14:45:00,-1270.1578677441394
2030-12-11 15:00:00,-783.4899167431504
2030-12-11 15:15:00,-780.2255997763968
2030-12-11 15:30:00,-572.3330208250554
2030-12-11 15:45:00,-436.8438881802758
2030-12-11 16:00:00,0.0
2030-12-11 16:15:00,0.0
2030-12-11 16:30:00,0.0
2030-12-11 16:45:00,0.0
2030-12-11 17:00:00,0.0
2030-12-11 17:15:00,0.0
2030-12-11 17:30:00,0.0
2030-12-11 17:45:00,0.0
2030-12-11 18:00:00,0.0
2030-12-11 18:15:00,0.0
2030-12-11 18:30:00,0.0
2030-12-11 18:45:00,0.0
2030-12-11 19:00:00,0.0
2030-12-11 19:15:00,0.0
2030-12-11 19:30:00,0.0
2030-12-11 19:45:00,0.0
2030-12-11 20:00:00,0.0
2030-12-11 20:15:00,0.0
2030-12-11 20:30:00,0.0
2030-12-11 20:45:00,0.0
2030-12-11 21:00:00,0.0
2030-12-11 21:15:00,0.0
2030-12-11 21:30:00,0.0
2030-12-11 21:45:00,0.0
2030-12-11 22:00:00,0.0
2030-12-11 22:15:00,0.0
2030-12-11 22:30:00,0.0
2030-12-11 22:45:00,0.0
2030-12-11 23:00:00,0.0
2030-12-11 23:15:00,0.0
2030-12-11 23:30:00,0.0
2030-12-11 23:45:00,0.0
2030-12-12 00:00:00,0.0
2030-12-12 00:15:00,0.0
2030-12-12 00:30:00,0.0
2030-12-12 00:45:00,0.0
2030-12-12 01:00:00,0.0
2030-12-12 01:15:00,0.0
2030-12-12 01:30:00,0.0
2030-12-12 01:45:00,0.0
2030-12-12 02:00:00,0.0
2030-12-12 02:15:00,0.0
2030-12-12 02:30:00,0.0
2030-12-12 02:45:00,0.0
2030-12-12 03:00:00,0.0
2030-12-12 03:15:00,0.0
2030-12-12 03:30:00,0.0
2030-12-12 03:45:00,0.0
2030-12-12 04:00:00,0.0
2030-12-12 04:15:00,0.0
2030-12-12 04:30:00,0.0
2030-12-12 04:45:00,0.0
2030-12-12 05:00:00,0.0
2030-12-12 05:15:00,0.0
2030-12-12 05:30:00,0.0
2030-12-12 05:45:00,0.0
2030-12-12 06:00:00,0.0
2030-12-12 06:15:00,0.0
2030-12-12 06:30:00,0.0
2030-12-12 06:45:00,0.0
2030-12-12 07:00:00,0.0
2030-12-12 07:15:00,0.0
2030-12-12 07:30:00,0.0
2030-12-12 07:45:00,0.0
2030-12-12 08:00:00,0.0
2030-12-12 08:15:00,0.0
2030-12-12 08:30:00,0.0
2030-12-12 08:45:00,0.0
2030-12-12 09:00:00,0.0
2030-12-12 09:15:00,0.0
2030-12-12 09:30:00,0.0
2030-12-12 09:45:00,0.0
2030-12-12 10:00:00,0.0
2030-12-12 10:15:00,0.0
2030-12-12 10:30:00,0.0
2030-12-12 10:45:00,0.0
2030-12-12 11:00:00,0.0
2030-12-12 11:15:00,7735.079437435616
2030-12-12 11:30:00,1315.9692093861504
2030-12-12 11:45:00,1607.1069423893205
2030-12-12 12:00:00,1777.1034149791285
2030-12-12 12:15:00,1983.583519352671
2030-12-12 12:30:00,2171.40745499458
2030-12-12 12:45:00,2403.074626863052
2030-12-12 13:00:00,2603.0783061844777
2030-12-12 13:15:00,2909.3541490475272
2030-12-12 13:30:00,3262.5178601339994
2030-12-12 13:45:00,3366.473030589759
2030-12-12 14:00:00,3739.757681549163
2030-12-12 14:15:00,4191.214300399588
2030-12-12 14:30:00,4484.571875483853
2030-12-12 14:45:00,4736.361717090211
2030-12-12 15:00:00,5157.038850023906
2030-12-12 15:15:00,5334.032921729318
2030-12-12 15:30:00,5582.986715616706
2030-12-12 15:45:00,5760.891554583675
2030-12-12 16:00:00,5804.876326248432
2030-12-12 16:15:00,5872.854798884175
2030-12-12 16:30:00,5791.18751397547
2030-12-12 16:45:00,5488.177159292583
2030-12-12 17:00:00,5284.207933852493
2030-12-12 17:15:00,5083.357050476814
2030-12-12 17:30:00,4993.082232458848
2030-12-12 17:45:00,4974.809802201467
2030-12-12 18:00:00,4604.143784603497
2030-12-12 18:15:00,4480.576864987401
2030-12-12 18:30:00,4140.645584736003
2030-12-12 18:45:00,4054.453414269812
2030-12-12 19:00:00,3679.4664102744755
2030-12-12 19:15:00,3467.5028289752445
2030-12-12 19:30:00,3302.324231122604
2030-12-12 19:45:00,2858.968903891342
2030-12-12 20:00:00,2480.4598208923526
2030-12-12 20:15:00,2223.074200949348
2030-12-12 20:30:00,1817.1441802092486
2030-12-12 20:45:00,1332.42752732179
2030-12-12 21:00:00,1064.2987735649185
2030-12-12 21:15:00,824.4241889350415
2030-12-12 21:30:00,510.9493468626224
2030-12-12 21:45:00,202.6644990368477
2030-12-12 22:00:00,0.0
2030-12-12 22:15:00,0.0
2030-12-12 22:30:00,0.0
2030-12-12 22:45:00,0.0
2030-12-12 23:00:00,0.0
2030-12-12 23:15:00,0.0
2030-12-12 23:30:00,0.0
2030-12-12 23:45:00,0.0
2030-12-13 00:00:00,0.0
2030-12-13 00:15:00,0.0
2030-12-13 00:30:00,0.0
2030-12-13 00:45:00,0.0
2030-12-13 01:00:00,0.0
2030-12-13 01:15:00,0.0
2030-12-13 01:30:00,0.0
2030-12-13 01:45:00,0.0
2030-12-13 02:00:00,0.0
2030-12-13 02:15:00,0.0
2030-12-13 02:30:00,0.0
2030-12-13 02:45:00,0.0
2030-12-13 03:00:00,0.0
2030-12-13 03:15:00,0.0
2030-12-13 03:30:00,0.0
2030-12-13 03:45:00,0.0
2030-12-13 04:00:00,0.0
2030-12-13 04:15:00,0.0
2030-12-13 04:30:00,0.0
2030-12-13 04:45:00,0.0
2030-12-13 05:00:00,0.0
2030-12-13 05:15:00,0.0
2030-12-13 05:30:00,0.0
2030-12-13 05:45:00,0.0
2030-12-13 06:00:00,0.0
2030-12-13 06:15:00,509.00186800429583
2030-12-13 06:30:00,1442.9379771298482
2030-12-13 06:45:00,2244.06649795221
2030-12-13 07:00:00,3055.656147895872
2030-12-13 07:15:00,3451.4733919287664
2030-12-13 07:30:00,3796.185268705858
2030-12-13 07:45:00,4087.7909823353293
2030-12-13 08:00:00,4421.082727899784
2030-12-13 08:15:00,4420.248305962765
2030-12-13 08:30:00,4248.73390283441
2030-12-13 08:45:00,3884.738049999607
2030-12-13 09:00:00,3252.696555153281
2030-12-13 09:15:00,2822.038818891773
2030-12-13 09:30:00,2377.8237298161075
2030-12-13 09:45:00,1882.53402709697
2030-12-13 10:00:00,1401.1847482947724
2030-12-13 10:15:00,1041.740770967921
2030-12-13 10:30:00,906.8484324683159
2030-12-13 10:45:00,808.0469695400443
2030-12-13 11:00:00,713.0414035532522
2030-12-13 11:15:00,759.1247275523565
2030-12-13 11:30:00,734.63782571519
2030-12-13 11:45:00,692.1258516116923
2030-12-13 12:00:00,524.745637504333
2030-12-13 12:15:00,558.7692199572502
2030-12-13 12:30:00,636.3535631917257
2030-12-13 12:45:00,691.2646932513708
2030-12-13 13:00:00,791.3422863494106
2030-12-13 13:15:00,1063.5601693518329
2030-12-13 13:30:00,1390.2338814279228
2030-12-13 13:45:00,1680.1598274298995
2030-12-13 14:00:00,2063.8294264319775
2030-12-13 14:15:00,2465.239738623648
2030-12-13 14:30:00,2799.7471133167473
2030-12-13 14:45:00,3026.2665547443576
2030-12-13 15:00:00,3128.026893375638
2030-12-13 15:15:00,3257.1609053430493
2030-12-13 15:30:00,3171.9889417766844
2030-12-13 15:45:00,3008.1738668812322
2030-12-13 16:00:00,2896.8340858207703
2030-12-13 16:15:00,3043.480353271978
2030-12-13 16:30:00,3197.244562599424
2030-12-13 16:45:00,3281.2678789030815
2030-12-13 17:00:00,3069.114414427553
2030-12-13 17:15:00,2901.0160017044873
2030-12-13 17:30:00,2711.5876908375776
2030-12-13 17:45:00,2315.763721660751
2030-12-13 18:00:00,1822.8003859148885
2030-12-13 18:15:00,1296.71742621235
2030-12-13 18:30:00,680.380845740392
2030-12-13 18:45:00,426.77036733565546
2030-12-13 19:00:00,51.00912125514333
2030-12-13 19:15:00,0.0
2030-12-13 19:30:00,0.0
2030-12-13 19:45:00,0.0
2030-12-13 20:00:00,0.0
2030-12-13 20:15:00,0.0
2030-12-13 20:30:00,0.0
2030-12-13 20:45:00,0.0
2030-12-13 21:00:00,0.0
2030-12-13 21:15:00,0.0
2030-12-13 21:30:00,0.0
2030-12-13 21:45:00,0.0
2030-12-13 22:00:00,0.0
2030-12-13 22:15:00,0.0
2030-12-13 22:30:00,0.0
2030-12-13 22:45:00,0.0
2030-12-13 23:00:00,0.0
2030-12-13 23:15:00,0.0
2030-12-13 23:30:00,0.0
2030-12-13 23:45:00,0.0
2030-12-14 00:00:00,0.0
2030-12-14 00:15:00,0.0
2030-12-14 00:30:00,0.0
2030-12-14 00:45:00,0.0
2030-12-14 01:00:00,0.0
2030-12-14 01:15:00,0.0
2030-12-14 01:30:00,0.0
2030-12-14 01:45:00,0.0
2030-12-14 02:00:00,0.0
2030-12-14 02:15:00,0.0
2030-12-14 02:30:00,0.0
2030-12-14 02:45:00,0.0
2030-12-14 03:00:00,0.0
2030-12-14 03:15:00,0.0
2030-12-14 03:30:00,0.0
2030-12-14 03:45:00,0.0
2030-12-14 04:00:00,0.0
2030-12-14 04:15:00,0.0
2030-12-14 04:30:00,0.0
2030-12-14 04:45:00,0.0
2030-12-14 05:00:00,0.0
2030-12-14 05:15:00,0.0
2030-12-14 05:30:00,0.0
2030-12-14 05:45:00,0.0
2030-12-14 06:00:00,0.0
2030-12-14 06:15:00,0.0
2030-12-14 06:30:00,0.0
2030-12-14 06:45:00,0.0
2030-12-14 07:00:00,0.0
2030-12-14 07:15:00,0.0
2030-12-14 07:30:00,28.30989429219153
2030-12-14 07:45:00,313.60410090520054
2030-12-14 08:00:00,638.7320961263194
2030-12-14 08:15:00,1031.8040546128595
2030-12-14 08:30:00,1019.3764389570024
2030-12-14 08:45:00,903.7186052466968
2030-12-14 09:00:00,614.643111719648
2030-12-14 09:15:00,576.0620401508568
2030-12-14 09:30:00,346.3142928543057
2030-12-14 09:45:00,76.58863171727171
2030-12-14 10:00:00,0.0
2030-12-14 10:15:00,0.0
2030-12-14 10:30:00,0.0
2030-12-14 10:45:00,0.0
2030-12-14 11:00:00,0.0
2030-12-14 11:15:00,0.0
2030-12-14 11:30:00,0.0
2030-12-14 11:45:00,0.0
2030-12-14 12:00:00,0.0
2030-12-14 12:15:00,0.0
2030-12-14 12:30:00,0.0
2030-12-14 12:45:00,0.0
2030-12-14 13:00:00,0.0
2030-12-14 13:15:00,0.0
2030-12-14 13:30:00,0.0
2030-12-14 13:45:00,0.0
2030-12-14 14:00:00,0.0
2030-12-14 14:15:00,0.0
2030-12-14 14:30:00,0.0
2030-12-14 14:45:00,0.0
2030-12-14 15:00:00,0.0
2030-12-14 15:15:00,0.0
2030-12-14 15:30:00,0.0
2030-12-14 15:45:00,0.0
2030-12-14 16:00:00,0.0
2030-12-14 16:15:00,153.99368916271123
2030-12-14 16:30:00,265.00230210843074
2030-12-14 16:45:00,144.1654603408715
2030-12-14 17:00:00,164.77432639274775
2030-12-14 17:15:00,212.07775600848072
2030-12-14 17:30:00,133.27223713532112
2030-12-14 17:45:00,177.42145575381073
2030-12-14 18:00:00,198.77599029155317
2030-12-14 18:15:00,165.28330405405177
2030-12-14 18:30:00,43.65895381396513
2030-12-14 18:45:00,0.0
2030-12-14 19:00:00,0.0
2030-12-14 19:15:00,0.0
2030-12-14 19:30:00,0.0
2030-12-14 19:45:00,0.0
2030-12-14 20:00:00,0.0
2030-12-14 20:15:00,0.0
2030-12-14 20:30:00,0.0
2030-12-14 20:45:00,0.0
2030-12-14 21:00:00,0.0
2030-12-14 21:15:00,0.0
2030-12-14 21:30:00,0.0
2030-12-14 21:45:00,0.0
2030-12-14 22:00:00,0.0
2030-12-14 22:15:00,0.0
2030-12-14 22:30:00,0.0
2030-12-14 22:45:00,0.0
2030-12-14 23:00:00,0.0
2030-12-14 23:15:00,0.0
2030-12-14 23:30:00,0.0
2030-12-14 23:45:00,0.0
2030-12-15 00:00:00,0.0
2030-12-15 00:15:00,0.0
2030-12-15 00:30:00,0.0
2030-12-15 00:45:00,0.0
2030-12-15 01:00:00,0.0
2030-12-15 01:15:00,0.0
2030-12-15 01:30:00,0.0
2030-12-15 01:45:00,0.0
2030-12-15 02:00:00,0.0
2030-12-15 02:15:00,0.0
2030-12-15 02:30:00,0.0
2030-12-15 02:45:00,0.0
2030-12-15 03:00:00,0.0
2030-12-15 03:15:00,0.0
2030-12-15 03:30:00,0.0
2030-12-15 03:45:00,0.0
2030-12-15 04:00:00,0.0
2030-12-15 04:15:00,0.0
2030-12-15 04:30:00,0.0
2030-12-15 04:45:00,0.0
2030-12-15 05:00:00,0.0
2030-12-15 05:15:00,0.0
2030-12-15 05:30:00,0.0
2030-12-15 05:45:00,0.0
2030-12-15 06:00:00,0.0
2030-12-15 06:15:00,0.0
2030-12-15 06:30:00,0.0
2030-12-15 06:45:00,0.0
2030-12-15 07:00:00,0.0
2030-12-15 07:15:00,0.0
2030-12-15 07:30:00,0.0
2030-12-15 07:45:00,0.0
2030-12-15 08:00:00,0.0
2030-12-15 08:15:00,0.0
2030-12-15 08:30:00,0.0
2030-12-15 08:45:00,0.0
2030-12-15 09:00:00,0.0
2030-12-15 09:15:00,0.0
2030-12-15 09:30:00,0.0
2030-12-15 09:45:00,111.9069684311653
2030-12-15 10:00:00,301.13710730400817
2030-12-15 10:15:00,638.1329020703961
2030-12-15 10:30:00,753.5554743793837
2030-12-15 10:45:00,881.8301554322697
2030-12-15 11:00:00,772.717412700571
2030-12-15 11:15:00,976.4818609350459
2030-12-15 11:30:00,1056.8116900745881
2030-12-15 11:45:00,1048.6691154621385
2030-12-15 12:00:00,938.6598997550591
2030-12-15 12:15:00,999.8184667349087
2030-12-15 12:30:00,869.3915016660649
2030-12-15 12:45:00,882.2404780208253
2030-12-15 13:00:00,1122.4369729510909
2030-12-15 13:15:00,1308.1708025100597
2030-12-15 13:30:00,1564.6421910235367
2030-12-15 13:45:00,1295.81083393894
2030-12-15 14:00:00,1345.5472229766456
2030-12-15 14:15:00,1330.4381732609108
2030-12-15 14:30:00,1583.6560112386014
2030-12-15 14:45:00,1891.1437418809292
2030-12-15 15:00:00,2383.603817451609
2030-12-15 15:15:00,2351.9567090098008
2030-12-15 15:30:00,2261.2273922124023
2030-12-15 15:45:00,2113.1042850808008
2030-12-15 16:00:00,2427.72944478528
2030-12-15 16:15:00,2498.98532020532
2030-12-15 16:30:00,2649.360081778632
2030-12-15 16:45:00,2526.4073008418964
2030-12-15 17:00:00,2254.5989015849536
2030-12-15 17:15:00,2241.7354143774864
2030-12-15 17:30:00,1853.9337342174913
2030-12-15 17:45:00,1412.592228053003
2030-12-15 18:00:00,1088.49053103416
2030-12-15 18:15:00,1049.9358018773146
2030-12-15 18:30:00,1024.466309308913
2030-12-15 18:45:00,785.6386361186214
2030-12-15 19:00:00,359.0470742203579
2030-12-15 19:15:00,57.19444014355213
2030-12-15 19:30:00,0.0
2030-12-15 19:45:00,0.0
2030-12-15 20:00:00,0.0
2030-12-15 20:15:00,0.0
2030-12-15 20:30:00,0.0
2030-12-15 20:45:00,0.0
2030-12-15 21:00:00,0.0
2030-12-15 21:15:00,0.0
2030-12-15 21:30:00,0.0
2030-12-15 21:45:00,0.0
2030-12-15 22:00:00,0.0
2030-12-15 22:15:00,0.0
2030-12-15 22:30:00,0.0
2030-12-15 22:45:00,0.0
2030-12-15 23:00:00,0.0
2030-12-15 23:15:00,0.0
2030-12-15 23:30:00,0.0
2030-12-15 23:45:00,0.0
2030-12-16 00:00:00,0.0
2030-12-16 00:15:00,0.0
2030-12-16 00:30:00,0.0
2030-12-16 00:45:00,0.0
2030-12-16 01:00:00,0.0
2030-12-16 01:15:00,0.0
2030-12-16 01:30:00,0.0
2030-12-16 01:45:00,0.0
2030-12-16 02:00:00,0.0
2030-12-16 02:15:00,0.0
2030-12-16 02:30:00,0.0
2030-12-16 02:45:00,0.0
2030-12-16 03:00:00,0.0
2030-12-16 03:15:00,0.0
2030-12-16 03:30:00,0.0
2030-12-16 03:45:00,0.0
2030-12-16 04:00:00,0.0
2030-12-16 04:15:00,0.0
2030-12-16 04:30:00,0.0
2030-12-16 04:45:00,0.0
2030-12-16 05:00:00,0.0
2030-12-16 05:15:00,0.0
2030-12-16 05:30:00,0.0
2030-12-16 05:45:00,0.0
2030-12-16 06:00:00,0.0
2030-12-16 06:15:00,0.0
2030-12-16 06:30:00,0.0
2030-12-16 06:45:00,0.0
2030-12-16 07:00:00,0.0
2030-12-16 07:15:00,0.0
2030-12-16 07:30:00,0.0
2030-12-16 07:45:00,0.0
2030-12-16 08:00:00,0.0
2030-12-16 08:15:00,0.0
2030-12-16 08:30:00,0.0
2030-12-16 08:45:00,0.0
2030-12-16 09:00:00,0.0
2030-12-16 09:15:00,0.0
2030-12-16 09:30:00,0.0
2030-12-16 09:45:00,0.0
2030-12-16 10:00:00,0.0
2030-12-16 10:15:00,0.0
2030-12-16 10:30:00,0.0
2030-12-16 10:45:00,0.0
2030-12-16 11:00:00,0.0
2030-12-16 11:15:00,0.0
2030-12-16 11:30:00,0.0
2030-12-16 11:45:00,0.0
2030-12-16 12:00:00,0.0
2030-12-16 12:15:00,0.0
2030-12-16 12:30:00,0.0
2030-12-16 12:45:00,0.0
2030-12-16 13:00:00,0.0
2030-12-16 13:15:00,0.0
2030-12-16 13:30:00,0.0
2030-12-16 13:45:00,0.0
2030-12-16 14:00:00,0.0
2030-12-16 14:15:00,0.0
2030-12-16 14:30:00,0.0
2030-12-16 14:45:00,0.0
2030-12-16 15:00:00,0.0
2030-12-16 15:15:00,0.0
2030-12-16 15:30:00,0.0
2030-12-16 15:45:00,0.0
2030-12-16 16:00:00,0.0
2030-12-16 16:15:00,0.0
2030-12-16 16:30:00,0.0
2030-12-16 16:45:00,0.0
2030-12-16 17:00:00,0.0
2030-12-16 17:15:00,0.0
2030-12-16 17:30:00,0.0
2030-12-16 17:45:00,0.0
2030-12-16 18:00:00,0.0
2030-12-16 18:15:00,0.0
2030-12-16 18:30:00,0.0
2030-12-16 18:45:00,0.0
2030-12-16 19:00:00,0.0
2030-12-16 19:15:00,0.0
2030-12-16 19:30:00,0.0
2030-12-16 19:45:00,0.0
2030-12-16 20:00:00,0.0
2030-12-16 20:15:00,0.0
2030-12-16 20:30:00,0.0
2030-12-16 20:45:00,0.0
2030-12-16 21:00:00,0.0
2030-12-16 21:15:00,0.0
2030-12-16 21:30:00,0.0
2030-12-16 21:45:00,0.0
2030-12-16 22:00:00,0.0
2030-12-16 22:15:00,0.0
2030-12-16 22:30:00,0.0
2030-12-16 22:45:00,0.0
2030-12-16 23:00:00,0.0
2030-12-16 23:15:00,0.0
2030-12-16 23:30:00,0.0
2030-12-16 23:45:00,0.0
2030-12-17 00:00:00,0.0
2030-12-17 00:15:00,0.0
2030-12-17 00:30:00,0.0
2030-12-17 00:45:00,0.0
2030-12-17 01:00:00,0.0
2030-12-17 01:15:00,0.0
2030-12-17 01:30:00,0.0
2030-12-17 01:45:00,0.0
2030-12-17 02:00:00,0.0
2030-12-17 02:15:00,0.0
2030-12-17 02:30:00,0.0
2030-12-17 02:45:00,0.0
2030-12-17 03:00:00,0.0
2030-12-17 03:15:00,0.0
2030-12-17 03:30:00,0.0
2030-12-17 03:45:00,0.0
2030-12-17 04:00:00,0.0
2030-12-17 04:15:00,0.0
2030-12-17 04:30:00,0.0
2030-12-17 04:45:00,0.0
2030-12-17 05:00:00,0.0
2030-12-17 05:15:00,0.0
2030-12-17 05:30:00,0.0
2030-12-17 05:45:00,0.0
2030-12-17 06:00:00,0.0
2030-12-17 06:15:00,0.0
2030-12-17 06:30:00,0.0
2030-12-17 06:45:00,0.0
2030-12-17 07:00:00,0.0
2030-12-17 07:15:00,0.0
2030-12-17 07:30:00,0.0
2030-12-17 07:45:00,0.0
2030-12-17 08:00:00,0.0
2030-12-17 08:15:00,0.0
2030-12-17 08:30:00,0.0
2030-12-17 08:45:00,0.0
2030-12-17 09:00:00,0.0
2030-12-17 09:15:00,0.0
2030-12-17 09:30:00,0.0
2030-12-17 09:45:00,0.0
2030-12-17 10:00:00,0.0
2030-12-17 10:15:00,0.0
2030-12-17 10:30:00,0.0
2030-12-17 10:45:00,0.0
2030-12-17 11:00:00,0.0
2030-12-17 11:15:00,0.0
2030-12-17 11:30:00,0.0
2030-12-17 11:45:00,0.0
2030-12-17 12:00:00,0.0
2030-12-17 12:15:00,0.0
2030-12-17 12:30:00,0.0
2030-12-17 12:45:00,0.0
2030-12-17 13:00:00,0.0
2030-12-17 13:15:00,0.0
2030-12-17 13:30:00,0.0
2030-12-17 13:45:00,0.0
2030-12-17 14:00:00,0.0
2030-12-17 14:15:00,0.0
2030-12-17 14:30:00,0.0
2030-12-17 14:45:00,0.0
2030-12-17 15:00:00,0.0
2030-12-17 15:15:00,0.0
2030-12-17 15:30:00,0.0
2030-12-17 15:45:00,0.0
2030-12-17 16:00:00,0.0
2030-12-17 16:15:00,0.0
2030-12-17 16:30:00,0.0
2030-12-17 16:45:00,0.0
2030-12-17 17:00:00,0.0
2030-12-17 17:15:00,0.0
2030-12-17 17:30:00,-1703.4796476591073
2030-12-17 17:45:00,-2094.9502310372773
2030-12-17 18:00:00,-2281.649023564474
2030-12-17 18:15:00,-2624.3112170860404
2030-12-17 18:30:00,-2865.05919871098
2030-12-17 18:45:00,-3106.258968634418
2030-12-17 19:00:00,-3349.7635013495565
2030-12-17 19:15:00,-3356.604687459985
2030-12-17 19:30:00,-3631.794047628784
2030-12-17 19:45:00,-3775.869160151815
2030-12-17 20:00:00,-3767.1388482053335
2030-12-17 20:15:00,-3339.3087480830873
2030-12-17 20:30:00,-3824.292494851048
2030-12-17 20:45:00,-4148.144401190231
2030-12-17 21:00:00,-4167.828230962881
2030-12-17 21:15:00,-4130.224248180559
2030-12-17 21:30:00,-4158.661049409671
2030-12-17 21:45:00,-4511.837256016515
2030-12-17 22:00:00,-4464.86606539847
2030-12-17 22:15:00,-4639.98279705879
2030-12-17 22:30:00,-4826.593983081435
2030-12-17 22:45:00,-4959.99748442342
2030-12-17 23:00:00,-5214.001013486733
2030-12-17 23:15:00,-5535.924631010705
2030-12-17 23:30:00,-5896.421262300519
2030-12-17 23:45:00,-6240.836472241826
2030-12-18 00:00:00,-6193.7621946363615
2030-12-18 00:15:00,-6425.271804026193
2030-12-18 00:30:00,-6711.014196244101
2030-12-18 00:45:00,-6885.246329629728
2030-12-18 01:00:00,-6981.506562572653
2030-12-18 01:15:00,-6983.867591665508
2030-12-18 01:30:00,-6961.868179268862
2030-12-18 01:45:00,-6929.348392296441
2030-12-18 02:00:00,-6976.819739698711
2030-12-18 02:15:00,-7027.199562217493
2030-12-18 02:30:00,-7034.19696062442
2030-12-18 02:45:00,-6916.119373791338
2030-12-18 03:00:00,-6858.052825964933
2030-12-18 03:15:00,-6805.284492338924
2030-12-18 03:30:00,-6636.19289043036
2030-12-18 03:45:00,-6433.603287120946
2030-12-18 04:00:00,-6181.016197009325
2030-12-18 04:15:00,-5923.8123574022975
2030-12-18 04:30:00,-5376.160243678878
2030-12-18 04:45:00,-5047.108260394423
2030-12-18 05:00:00,-4558.670572059327
2030-12-18 05:15:00,-4159.246815003171
2030-12-18 05:30:00,-3724.7133794230285
2030-12-18 05:45:00,-3341.6420457155255
2030-12-18 06:00:00,-2261.3235263516763
2030-12-18 06:15:00,-1648.790010141136
2030-12-18 06:30:00,-1405.2844227027635
2030-12-18 06:45:00,-738.0466765730307
2030-12-18 07:00:00,0.0
2030-12-18 07:15:00,0.0
2030-12-18 07:30:00,0.0
2030-12-18 07:45:00,0.0
2030-12-18 08:00:00,0.0
2030-12-18 08:15:00,0.0
2030-12-18 08:30:00,0.0
2030-12-18 08:45:00,0.0
2030-12-18 09:00:00,0.0
2030-12-18 09:15:00,0.0
2030-12-18 09:30:00,0.0
2030-12-18 09:45:00,0.0
2030-12-18 10:00:00,0.0
2030-12-18 10:15:00,0.0
2030-12-18 10:30:00,0.0
2030-12-18 10:45:00,0.0
2030-12-18 11:00:00,0.0
2030-12-18 11:15:00,0.0
2030-12-18 11:30:00,0.0
2030-12-18 11:45:00,0.0
2030-12-18 12:00:00,0.0
2030-12-18 12:15:00,0.0
2030-12-18 12:30:00,0.0
2030-12-18 12:45:00,0.0
2030-12-18 13:00:00,0.0
2030-12-18 13:15:00,0.0
2030-12-18 13:30:00,-503.9724802368619
2030-12-18 13:45:00,-2821.961157546237
2030-12-18 14:00:00,-2204.2828485000828
2030-12-18 14:15:00,-1455.3765725750418
2030-12-18 14:30:00,-865.0319876213762
2030-12-18 14:45:00,-161.1389412252429
2030-12-18 15:00:00,0.0
2030-12-18 15:15:00,0.0
2030-12-18 15:30:00,0.0
2030-12-18 15:45:00,0.0
2030-12-18 16:00:00,0.0
2030-12-18 16:15:00,0.0
2030-12-18 16:30:00,0.0
2030-12-18 16:45:00,0.0
2030-12-18 17:00:00,0.0
2030-12-18 17:15:00,0.0
2030-12-18 17:30:00,0.0
2030-12-18 17:45:00,0.0
2030-12-18 18:00:00,0.0
2030-12-18 18:15:00,0.0
2030-12-18 18:30:00,0.0
2030-12-18 18:45:00,0.0
2030-12-18 19:00:00,0.0
2030-12-18 19:15:00,0.0
2030-12-18 19:30:00,0.0
2030-12-18 19:45:00,0.0
2030-12-18 20:00:00,0.0
2030-12-18 20:15:00,0.0
2030-12-18 20:30:00,0.0
2030-12-18 20:45:00,0.0
2030-12-18 21:00:00,0.0
2030-12-18 21:15:00,-46.73202671597028
2030-12-18 21:30:00,-3898.659568597839
2030-12-18 21:45:00,-4125.317580446517
2030-12-18 22:00:00,-3318.6103149917362
2030-12-18 22:15:00,-3501.8194123690337
2030-12-18 22:30:00,-3811.68314543441
2030-12-18 22:45:00,-4223.345458789354
2030-12-18 23:00:00,-4496.127277552881
2030-12-18 23:15:00,-5020.501178118717
2030-12-18 23:30:00,-5106.6108162778655
2030-12-18 23:45:00,-5150.957126126315
2030-12-19 00:00:00,-5592.072328026788
2030-12-19 00:15:00,-6024.991045492421
2030-12-19 00:30:00,-5978.477153843181
2030-12-19 00:45:00,-6216.742286981389
2030-12-19 01:00:00,-6108.674986728096
2030-12-19 01:15:00,-6197.051845238246
2030-12-19 01:30:00,-6187.836513691669
2030-12-19 01:45:00,-6164.950302234192
2030-12-19 02:00:00,-6157.12272942163
2030-12-19 02:15:00,-6012.363432144346
2030-12-19 02:30:00,-5610.4013709020655
2030-12-19 02:45:00,-5451.032152807915
2030-12-19 03:00:00,-5365.881446469379
2030-12-19 03:15:00,-5120.943130110383
2030-12-19 03:30:00,-4871.922841880849
2030-12-19 03:45:00,-4742.898468203719
2030-12-19 04:00:00,-4393.32268749459
2030-12-19 04:15:00,-4110.828564297761
2030-12-19 04:30:00,-3725.308683022151
2030-12-19 04:45:00,-3337.4747863155135
2030-12-19 05:00:00,-2726.2353498568955
2030-12-19 05:15:00,-2267.7768232168382
2030-12-19 05:30:00,-1836.917224126777
2030-12-19 05:45:00,-1288.2046161861945
2030-12-19 06:00:00,-595.2191889145979
2030-12-19 06:15:00,0.0
2030-12-19 06:30:00,0.0
2030-12-19 06:45:00,0.0
2030-12-19 07:00:00,0.0
2030-12-19 07:15:00,0.0
2030-12-19 07:30:00,0.0
2030-12-19 07:45:00,0.0
2030-12-19 08:00:00,0.0
2030-12-19 08:15:00,0.0
2030-12-19 08:30:00,0.0
2030-12-19 08:45:00,0.0
2030-12-19 09:00:00,0.0
2030-12-19 09:15:00,0.0
2030-12-19 09:30:00,0.0
2030-12-19 09:45:00,0.0
2030-12-19 10:00:00,0.0
2030-12-19 10:15:00,0.0
2030-12-19 10:30:00,0.0
2030-12-19 10:45:00,0.0
2030-12-19 11:00:00,0.0
2030-12-19 11:15:00,0.0
2030-12-19 11:30:00,0.0
2030-12-19 11:45:00,0.0
2030-12-19 12:00:00,0.0
2030-12-19 12:15:00,0.0
2030-12-19 12:30:00,0.0
2030-12-19 12:45:00,0.0
2030-12-19 13:00:00,0.0
2030-12-19 13:15:00,0.0
2030-12-19 13:30:00,0.0
2030-12-19 13:45:00,0.0
2030-12-19 14:00:00,0.0
2030-12-19 14:15:00,0.0
2030-12-19 14:30:00,0.0
2030-12-19 14:45:00,0.0
2030-12-19 15:00:00,0.0
2030-12-19 15:15:00,0.0
2030-12-19 15:30:00,0.0
2030-12-19 15:45:00,0.0
2030-12-19 16:00:00,0.0
2030-12-19 16:15:00,0.0
2030-12-19 16:30:00,0.0
2030-12-19 16:45:00,0.0
2030-12-19 17:00:00,0.0
2030-12-19 17:15:00,0.0
2030-12-19 17:30:00,0.0
2030-12-19 17:45:00,0.0
2030-12-19 18:00:00,0.0
2030-12-19 18:15:00,0.0
2030-12-19 18:30:00,0.0
2030-12-19 18:45:00,0.0
2030-12-19 19:00:00,0.0
2030-12-19 19:15:00,0.0
2030-12-19 19:30:00,0.0
2030-12-19 19:45:00,0.0
2030-12-19 20:00:00,0.0
2030-12-19 20:15:00,0.0
2030-12-19 20:30:00,0.0
2030-12-19 20:45:00,0.0
2030-12-19 21:00:00,0.0
2030-12-19 21:15:00,0.0
2030-12-19 21:30:00,0.0
2030-12-19 21:45:00,0.0
2030-12-19 22:00:00,0.0
2030-12-19 22:15:00,0.0
2030-12-19 22:30:00,0.0
2030-12-19 22:45:00,0.0
2030-12-19 23:00:00,0.0
2030-12-19 23:15:00,0.0
2030-12-19 23:30:00,0.0
2030-12-19 23:45:00,0.0
2030-12-20 00:00:00,0.0
2030-12-20 00:15:00,0.0
2030-12-20 00:30:00,0.0
2030-12-20 00:45:00,0.0
2030-12-20 01:00:00,0.0
2030-12-20 01:15:00,0.0
2030-12-20 01:30:00,0.0
2030-12-20 01:45:00,0.0
2030-12-20 02:00:00,0.0
2030-12-20 02:15:00,0.0
2030-12-20 02:30:00,0.0
2030-12-20 02:45:00,0.0
2030-12-20 03:00:00,0.0
2030-12-20 03:15:00,0.0
2030-12-20 03:30:00,0.0
2030-12-20 03:45:00,0.0
2030-12-20 04:00:00,0.0
2030-12-20 04:15:00,0.0
2030-12-20 04:30:00,-4483.423161819126
2030-12-20 04:45:00,-6176.857583691068
2030-12-20 05:00:00,-5884.468939829254
2030-12-20 05:15:00,-5305.503245022595
2030-12-20 05:30:00,-5127.108732781649
2030-12-20 05:45:00,-4800.6016804529645
2030-12-20 06:00:00,-4520.709944083472
2030-12-20 06:15:00,-4551.645257779972
2030-12-20 06:30:00,-4163.937770946202
2030-12-20 06:45:00,-3474.9127984804327
2030-12-20 07:00:00,-2496.204917767169
2030-12-20 07:15:00,-2406.8101888973433
2030-12-20 07:30:00,-2502.662566799023
2030-12-20 07:45:00,-2255.079018397293
2030-12-20 08:00:00,-1997.0337794764928
2030-12-20 08:15:00,-2179.130406982109
2030-12-20 08:30:00,-2401.6937574067124
2030-12-20 08:45:00,-2736.0128889738517
2030-12-20 09:00:00,-3031.756545127315
2030-12-20 09:15:00,-3302.164702319904
2030-12-20 09:30:00,-3686.6835933560615
2030-12-20 09:45:00,-4241.890418208972
2030-12-20 10:00:00,-4913.9800856829825
2030-12-20 10:15:00,-5139.155062174901
2030-12-20 10:30:00,-5840.607643299132
2030-12-20 10:45:00,-6385.814419450038
2030-12-20 11:00:00,-6899.741683769069
2030-12-20 11:15:00,-7385.0332556816065
2030-12-20 11:30:00,-7358.618858961563
2030-12-20 11:45:00,-7647.406148069127
2030-12-20 12:00:00,-8388.765495519961
2030-12-20 12:15:00,-8592.799702241351
2030-12-20 12:30:00,-8239.006151920614
2030-12-20 12:45:00,-7934.649971637453
2030-12-20 13:00:00,-7888.922334923449
2030-12-20 13:15:00,-7986.23344707465
2030-12-20 13:30:00,-8095.1329099818395
2030-12-20 13:45:00,-7818.309255386037
2030-12-20 14:00:00,-7798.194062633604
2030-12-20 14:15:00,-7201.148307948886
2030-12-20 14:30:00,-6477.368813603633
2030-12-20 14:45:00,-6105.0420958145405
2030-12-20 15:00:00,-5229.493399846131
2030-12-20 15:15:00,-5020.083379536991
2030-12-20 15:30:00,-5054.4712303094275
2030-12-20 15:45:00,-5094.258608794189
2030-12-20 16:00:00,-4239.401643805759
2030-12-20 16:15:00,-4088.6546462558
2030-12-20 16:30:00,-3553.6206299862533
2030-12-20 16:45:00,-3265.303564263515
2030-12-20 17:00:00,-3505.3972810196065
2030-12-20 17:15:00,-3457.374153584293
2030-12-20 17:30:00,-3613.0525499954238
2030-12-20 17:45:00,-3699.182856119496
2030-12-20 18:00:00,-3667.0249049625163
2030-12-20 18:15:00,-3567.6114684086388
2030-12-20 18:30:00,-3513.818739912487
2030-12-20 18:45:00,-3229.527352792331
2030-12-20 19:00:00,-3216.276866072785
2030-12-20 19:15:00,-3502.2640510980964
2030-12-20 19:30:00,-3653.4418161852154
2030-12-20 19:45:00,-3876.587669005472
2030-12-20 20:00:00,-4178.6462186815625
2030-12-20 20:15:00,-4546.953325712686
2030-12-20 20:30:00,-4767.722933052308
2030-12-20 20:45:00,-5130.53602304267
2030-12-20 21:00:00,-5775.802684826973
2030-12-20 21:15:00,-6032.716590995024
2030-12-20 21:30:00,-6197.61894422413
2030-12-20 21:45:00,-6632.262924761919
2030-12-20 22:00:00,-6759.912339959406
2030-12-20 22:15:00,-6995.7069070696525
2030-12-20 22:30:00,-7015.551436937596
2030-12-20 22:45:00,-6821.55888584799
2030-12-20 23:00:00,-6707.882120342358
2030-12-20 23:15:00,-6951.717314871745
2030-12-20 23:30:00,-7241.89151972951
2030-12-20 23:45:00,-7576.745475240667
2030-12-21 00:00:00,-7842.583261807569
2030-12-21 00:15:00,-7935.741629067055
2030-12-21 00:30:00,-8557.940345239138
2030-12-21 00:45:00,-8141.109231451235
2030-12-21 01:00:00,-8727.819494076044
2030-12-21 01:15:00,-8965.347817273669
2030-12-21 01:30:00,-9113.333452344741
2030-12-21 01:45:00,-9168.765449038921
2030-12-21 02:00:00,-9225.432402393886
2030-12-21 02:15:00,-9042.156578178692
2030-12-21 02:30:00,-9122.769195687033
2030-12-21 02:45:00,-9432.934114123786
2030-12-21 03:00:00,-9632.166029558792
2030-12-21 03:15:00,-9739.335557265473
2030-12-21 03:30:00,-9712.01519839442
2030-12-21 03:45:00,-9601.956834935532
2030-12-21 04:00:00,-9552.628929272945
2030-12-21 04:15:00,-9445.385904448394
2030-12-21 04:30:00,-9292.411427134179
2030-12-21 04:45:00,-8939.366078235435
2030-12-21 05:00:00,-8726.706882246443
2030-12-21 05:15:00,-8994.171158457535
2030-12-21 05:30:00,-9154.720476183411
2030-12-21 05:45:00,-9176.789130449673
2030-12-21 06:00:00,-9005.981783589814
2030-12-21 06:15:00,-9103.661517961795
2030-12-21 06:30:00,-9219.765952434995
2030-12-21 06:45:00,-9126.459562885204
2030-12-21 07:00:00,-8650.769635112192
2030-12-21 07:15:00,-8250.251341413572
2030-12-21 07:30:00,-8065.101453812535
2030-12-21 07:45:00,-8006.93307760981
2030-12-21 08:00:00,-8351.396457518858
2030-12-21 08:15:00,-8181.585319381695
2030-12-21 08:30:00,-8348.674006454032
2030-12-21 08:45:00,-8318.253783217951
2030-12-21 09:00:00,-8491.264509463232
2030-12-21 09:15:00,-8623.508609969263
2030-12-21 09:30:00,-8894.51067490091
2030-12-21 09:45:00,-9040.331532593129
2030-12-21 10:00:00,-8839.846005295753
2030-12-21 10:15:00,-8588.872652641297
2030-12-21 10:30:00,-8620.517627759
2030-12-21 10:45:00,-8836.480051034683
2030-12-21 11:00:00,-9294.428901716783
2030-12-21 11:15:00,-9132.89070654587
2030-12-21 11:30:00,-8620.928360388207
2030-12-21 11:45:00,-8426.881634572474
2030-12-21 12:00:00,-8527.816506291394
2030-12-21 12:15:00,-8462.438707752877
2030-12-21 12:30:00,-8680.948548217835
2030-12-21 12:45:00,-8874.662141081819
2030-12-21 13:00:00,-8939.849872089326
2030-12-21 13:15:00,-8710.645593022069
2030-12-21 13:30:00,-8492.079434959938
2030-12-21 13:45:00,-8388.599634583767
2030-12-21 14:00:00,-8666.780337165703
2030-12-21 14:15:00,-8504.034733191966
2030-12-21 14:30:00,-8252.076919298954
2030-12-21 14:45:00,-8779.466106470529
2030-12-21 15:00:00,-9167.356738552717
2030-12-21 15:15:00,-9258.393026994356
2030-12-21 15:30:00,-9859.828166563788
2030-12-21 15:45:00,-9633.67842482038
2030-12-21 16:00:00,-9637.045178812044
2030-12-21 16:15:00,-9627.075441791647
2030-12-21 16:30:00,-9630.06253967978
2030-12-21 16:45:00,-9459.70394941486
2030-12-21 17:00:00,-9189.054478493967
2030-12-21 17:15:00,-9220.737040249554
2030-12-21 17:30:00,-9196.807368065809
2030-12-21 17:45:00,-9401.625410830711
2030-12-21 18:00:00,-9839.643610072304
2030-12-21 18:15:00,-10012.471203417626
2030-12-21 18:30:00,-10116.389343520103
2030-12-21 18:45:00,-9657.94941306924
2030-12-21 19:00:00,-9909.618504824939
2030-12-21 19:15:00,-10042.726720620867
2030-12-21 19:30:00,-10368.324507430432
2030-12-21 19:45:00,-10150.323214589265
2030-12-21 20:00:00,-10608.824625625399
2030-12-21 20:15:00,-11085.06445562606
2030-12-21 20:30:00,-11423.796120483916
2030-12-21 20:45:00,-11228.212964566435
2030-12-21 21:00:00,-11602.116180359808
2030-12-21 21:15:00,-11591.264426886406
2030-12-21 21:30:00,-11371.458366140992
2030-12-21 21:45:00,-10614.06753464532
2030-12-21 22:00:00,-10120.250242079612
2030-12-21 22:15:00,-10721.457296110453
2030-12-21 22:30:00,-11196.068686858285
2030-12-21 22:45:00,-11842.512819348623
2030-12-21 23:00:00,-12197.597184932092
2030-12-21 23:15:00,-12148.59879597712
2030-12-21 23:30:00,-12455.170339707645
2030-12-21 23:45:00,-12554.98810554831
2030-12-22 00:00:00,-12427.779012141855
2030-12-22 00:15:00,-12570.601916548047
2030-12-22 00:30:00,-12810.994442635092
2030-12-22 00:45:00,-12894.605242200854
2030-12-22 01:00:00,-12924.945533213857
2030-12-22 01:15:00,-13486.220981182352
2030-12-22 01:30:00,-13493.66302321459
2030-12-22 01:45:00,-13389.72594868877
2030-12-22 02:00:00,-13702.997354928657
2030-12-22 02:15:00,-13394.127021248967
2030-12-22 02:30:00,-13157.372333335157
2030-12-22 02:45:00,-13056.74095442097
2030-12-22 03:00:00,-12661.182301345101
2030-12-22 03:15:00,-12550.455767465883
2030-12-22 03:30:00,-12802.945604709665
2030-12-22 03:45:00,-12545.941639719025
2030-12-22 04:00:00,-12623.850537489201
2030-12-22 04:15:00,-12912.354456287052
2030-12-22 04:30:00,-12801.893718456398
2030-12-22 04:45:00,-12707.766554412876
2030-12-22 05:00:00,-12328.237827040906
2030-12-22 05:15:00,-12120.467220671952
2030-12-22 05:30:00,-11301.945300861316
2030-12-22 05:45:00,-11159.684558389665
2030-12-22 06:00:00,-11032.52497711749
2030-12-22 06:15:00,-10950.695595349775
2030-12-22 06:30:00,-10014.016099341825
2030-12-22 06:45:00,-9296.651836038436
2030-12-22 07:00:00,-9143.879048652125
2030-12-22 07:15:00,-9022.653056772397
2030-12-22 07:30:00,-8768.217833979765
2030-12-22 07:45:00,-8590.877004707938
2030-12-22 08:00:00,-8779.606127060484
2030-12-22 08:15:00,-8795.45168471129
2030-12-22 08:30:00,-8937.040713080169
2030-12-22 08:45:00,-9254.046690637639
2030-12-22 09:00:00,-9166.530933399743
2030-12-22 09:15:00,-8733.580025588184
2030-12-22 09:30:00,-8799.294120628641
2030-12-22 09:45:00,-9081.899804350403
2030-12-22 10:00:00,-9210.674017579138
2030-12-22 10:15:00,-9206.8336376144
2030-12-22 10:30:00,-9176.13214735093
2030-12-22 10:45:00,-9342.149499875588
2030-12-22 11:00:00,-9598.430494314649
2030-12-22 11:15:00,-9598.250070376907
2030-12-22 11:30:00,-9840.926748118673
2030-12-22 11:45:00,-9448.453238823815
2030-12-22 12:00:00,-9162.3145676501
2030-12-22 12:15:00,-8994.792517815047
2030-12-22 12:30:00,-9284.884567775684
2030-12-22 12:45:00,-9404.63383001677
2030-12-22 13:00:00,-9218.955039498134
2030-12-22 13:15:00,-9207.144417947959
2030-12-22 13:30:00,-8769.664099033092
2030-12-22 13:45:00,-8127.720613711415
2030-12-22 14:00:00,-7774.50375075173
2030-12-22 14:15:00,-7362.770946725646
2030-12-22 14:30:00,-6820.096424228184
2030-12-22 14:45:00,-6305.379717180258
2030-12-22 15:00:00,-5760.004127742228
2030-12-22 15:15:00,-5325.315519631575
2030-12-22 15:30:00,-5452.615156760792
2030-12-22 15:45:00,-5426.151459511366
2030-12-22 16:00:00,-4704.031535773778
2030-12-22 16:15:00,-4143.225694382614
2030-12-22 16:30:00,-3215.8335056968535
2030-12-22 16:45:00,-2787.882808070277
2030-12-22 17:00:00,-2382.33138832479
2030-12-22 17:15:00,-2373.0835355899835
2030-12-22 17:30:00,-2039.9598504478818
2030-12-22 17:45:00,-2021.5589901375643
2030-12-22 18:00:00,-2127.609196756257
2030-12-22 18:15:00,-1765.318241539786
2030-12-22 18:30:00,-1657.260024289808
2030-12-22 18:45:00,-1766.3599509857886
2030-12-22 19:00:00,-2174.549184573527
2030-12-22 19:15:00,-2234.617905386429
2030-12-22 19:30:00,-2200.637732202358
2030-12-22 19:45:00,-2149.269522377286
2030-12-22 20:00:00,-2551.2323671720515
2030-12-22 20:15:00,-2779.4620153264586
2030-12-22 20:30:00,-3138.725375564736
2030-12-22 20:45:00,-3410.5000097704797
2030-12-22 21:00:00,-3869.149801615549
2030-12-22 21:15:00,-4370.959555183199
2030-12-22 21:30:00,-4759.733164380668
2030-12-22 21:45:00,-4771.897064181754
2030-12-22 22:00:00,-4461.66300194108
2030-12-22 22:15:00,-4727.915853686576
2030-12-22 22:30:00,-5220.920829448896
2030-12-22 22:45:00,-5469.625983832382
2030-12-22 23:00:00,-5821.073164720499
2030-12-22 23:15:00,-6164.975770234418
2030-12-22 23:30:00,-6214.089396470583
2030-12-22 23:45:00,-6088.908744430322
2030-12-23 00:00:00,-6433.398006705185
2030-12-23 00:15:00,-6409.146880250206
2030-12-23 00:30:00,-6433.120223837381
2030-12-23 00:45:00,-6497.521294766633
2030-12-23 01:00:00,-6034.927926441174
2030-12-23 01:15:00,-5605.068387279713
2030-12-23 01:30:00,-5813.837453177137
2030-12-23 01:45:00,-5661.960136514685
2030-12-23 02:00:00,-5577.786769731754
2030-12-23 02:15:00,-5433.59581709325
2030-12-23 02:30:00,-5452.431931118719
2030-12-23 02:45:00,-5364.022461838653
2030-12-23 03:00:00,-4863.462322317877
2030-12-23 03:15:00,-4565.206305781674
2030-12-23 03:30:00,-4644.298368957707
2030-12-23 03:45:00,-4335.7248683315265
2030-12-23 04:00:00,-3912.1755136196953
2030-12-23 04:15:00,-3639.293889569748
2030-12-23 04:30:00,-3201.332841209827
2030-12-23 04:45:00,-2851.979787681892
2030-12-23 05:00:00,-2258.423908205732
2030-12-23 05:15:00,-1975.3177046433266
2030-12-23 05:30:00,-1711.9635907580487
2030-12-23 05:45:00,-1831.6383350194756
2030-12-23 06:00:00,-1803.4260120263643
2030-12-23 06:15:00,-1801.3172118170532
2030-12-23 06:30:00,-1631.339426569666
2030-12-23 06:45:00,-1446.3782853309676
2030-12-23 07:00:00,-928.1847506573431
2030-12-23 07:15:00,-815.7165332521254
2030-12-23 07:30:00,-351.98443976735507
2030-12-23 07:45:00,0.0
2030-12-23 08:00:00,0.0
2030-12-23 08:15:00,0.0
2030-12-23 08:30:00,0.0
2030-12-23 08:45:00,0.0
2030-12-23 09:00:00,0.0
2030-12-23 09:15:00,0.0
2030-12-23 09:30:00,0.0
2030-12-23 09:45:00,0.0
2030-12-23 10:00:00,0.0
2030-12-23 10:15:00,0.0
2030-12-23 10:30:00,0.0
2030-12-23 10:45:00,0.0
2030-12-23 11:00:00,0.0
2030-12-23 11:15:00,0.0
2030-12-23 11:30:00,0.0
2030-12-23 11:45:00,0.0
2030-12-23 12:00:00,0.0
2030-12-23 12:15:00,0.0
2030-12-23 12:30:00,0.0
2030-12-23 12:45:00,0.0
2030-12-23 13:00:00,0.0
2030-12-23 13:15:00,0.0
2030-12-23 13:30:00,0.0
2030-12-23 13:45:00,0.0
2030-12-23 14:00:00,0.0
2030-12-23 14:15:00,0.0
2030-12-23 14:30:00,0.0
2030-12-23 14:45:00,0.0
2030-12-23 15:00:00,0.0
2030-12-23 15:15:00,0.0
2030-12-23 15:30:00,0.0
2030-12-23 15:45:00,0.0
2030-12-23 16:00:00,0.0
2030-12-23 16:15:00,0.0
2030-12-23 16:30:00,0.0
2030-12-23 16:45:00,0.0
2030-12-23 17:00:00,0.0
2030-12-23 17:15:00,0.0
2030-12-23 17:30:00,0.0
2030-12-23 17:45:00,0.0
2030-12-23 18:00:00,0.0
2030-12-23 18:15:00,0.0
2030-12-23 18:30:00,0.0
2030-12-23 18:45:00,0.0
2030-12-23 19:00:00,0.0
2030-12-23 19:15:00,0.0
2030-12-23 19:30:00,0.0
2030-12-23 19:45:00,0.0
2030-12-23 20:00:00,0.0
2030-12-23 20:15:00,0.0
2030-12-23 20:30:00,0.0
2030-12-23 20:45:00,0.0
2030-12-23 21:00:00,0.0
2030-12-23 21:15:00,0.0
2030-12-23 21:30:00,0.0
2030-12-23 21:45:00,0.0
2030-12-23 22:00:00,0.0
2030-12-23 22:15:00,0.0
2030-12-23 22:30:00,0.0
2030-12-23 22:45:00,0.0
2030-12-23 23:00:00,0.0
2030-12-23 23:15:00,0.0
2030-12-23 23:30:00,0.0
2030-12-23 23:45:00,0.0
2030-12-24 00:00:00,0.0
2030-12-24 00:15:00,0.0
2030-12-24 00:30:00,0.0
2030-12-24 00:45:00,0.0
2030-12-24 01:00:00,0.0
2030-12-24 01:15:00,0.0
2030-12-24 01:30:00,0.0
2030-12-24 01:45:00,0.0
2030-12-24 02:00:00,0.0
2030-12-24 02:15:00,-1091.3138974807516
2030-12-24 02:30:00,-7507.198926574774
2030-12-24 02:45:00,-7970.783329137072
2030-12-24 03:00:00,-8490.2852072998
2030-12-24 03:15:00,-8625.70991038039
2030-12-24 03:30:00,-8550.21486784237
2030-12-24 03:45:00,-8909.95565370557
2030-12-24 04:00:00,-8808.104539768741
2030-12-24 04:15:00,-8580.778072606616
2030-12-24 04:30:00,-9074.661971564568
2030-12-24 04:45:00,-9335.103576642035
2030-12-24 05:00:00,-9589.521156741332
2030-12-24 05:15:00,-9778.60535586256
2030-12-24 05:30:00,-9394.06581469562
2030-12-24 05:45:00,-8965.557088562378
2030-12-24 06:00:00,-9678.84356456451
2030-12-24 06:15:00,-9824.645349791963
2030-12-24 06:30:00,-10231.865431610455
2030-12-24 06:45:00,-10387.93130827002
2030-12-24 07:00:00,-10137.334162619014
2030-12-24 07:15:00,-10078.494268858674
2030-12-24 07:30:00,-9820.075593452171
2030-12-24 07:45:00,-9587.20549838111
2030-12-24 08:00:00,-9157.501133754848
2030-12-24 08:15:00,-9308.268265058014
2030-12-24 08:30:00,-8732.001631687046
2030-12-24 08:45:00,-9309.600972874534
2030-12-24 09:00:00,-9303.661716241604
2030-12-24 09:15:00,-9568.803625662746
2030-12-24 09:30:00,-9920.622967560175
2030-12-24 09:45:00,-10645.553841311725
2030-12-24 10:00:00,-11296.29528289718
2030-12-24 10:15:00,-11293.541502055054
2030-12-24 10:30:00,-11553.48874516926
2030-12-24 10:45:00,-12376.766192476956
2030-12-24 11:00:00,-12635.260463996688
2030-12-24 11:15:00,-12628.661649683345
2030-12-24 11:30:00,-12985.62298276964
2030-12-24 11:45:00,-13404.879825063577
2030-12-24 12:00:00,-13412.711654164508
2030-12-24 12:15:00,-13600.51804701715
2030-12-24 12:30:00,-14911.83933665687
2030-12-24 12:45:00,-15073.356599069295
2030-12-24 13:00:00,-15048.805706487718
2030-12-24 13:15:00,-15141.164182215078
2030-12-24 13:30:00,-15338.285841282785
2030-12-24 13:45:00,-14841.415208898852
2030-12-24 14:00:00,-14718.169037488886
2030-12-24 14:15:00,-14497.842201345575
2030-12-24 14:30:00,-13875.816273603086
2030-12-24 14:45:00,-13683.244035161584
2030-12-24 15:00:00,-12658.081456634292
2030-12-24 15:15:00,-12471.121084009235
2030-12-24 15:30:00,-12627.673335119613
2030-12-24 15:45:00,-12288.356524590457
2030-12-24 16:00:00,-11896.475001020699
2030-12-24 16:15:00,-11842.31567252312
2030-12-24 16:30:00,-11953.413203257009
2030-12-24 16:45:00,-12242.48951483873
2030-12-24 17:00:00,-12194.434558892463
2030-12-24 17:15:00,-12146.08168792567
2030-12-24 17:30:00,-12351.681378098885
2030-12-24 17:45:00,-12363.894907383914
2030-12-24 18:00:00,-11796.995575577723
2030-12-24 18:15:00,-12057.111691673916
2030-12-24 18:30:00,-12440.502525017018
2030-12-24 18:45:00,-12096.314341963123
2030-12-24 19:00:00,-12363.813409950551
2030-12-24 19:15:00,-12231.52109033848
2030-12-24 19:30:00,-12558.963224016887
2030-12-24 19:45:00,-12433.213080800564
2030-12-24 20:00:00,-12593.971463556285
2030-12-24 20:15:00,-12868.435145695246
2030-12-24 20:30:00,-13140.596565318323
2030-12-24 20:45:00,-13352.250756624817
2030-12-24 21:00:00,-13521.593224299719
2030-12-24 21:15:00,-13636.731452208733
2030-12-24 21:30:00,-13306.479936518364
2030-12-24 21:45:00,-13219.220434064699
2030-12-24 22:00:00,-12260.172557700378
2030-12-24 22:15:00,-12276.720105719567
2030-12-24 22:30:00,-12368.613989008047
2030-12-24 22:45:00,-12549.072763423424
2030-12-24 23:00:00,-12492.851797204099
2030-12-24 23:15:00,-12135.896896292572
2030-12-24 23:30:00,-11840.230863746217
2030-12-24 23:45:00,-11556.492783154014
2030-12-25 00:00:00,-11386.231866702106
2030-12-25 00:15:00,-11603.58625538302
2030-12-25 00:30:00,-11493.462353384084
2030-12-25 00:45:00,-11392.863774101665
2030-12-25 01:00:00,-11675.075779382418
2030-12-25 01:15:00,-11676.78396897254
2030-12-25 01:30:00,-12428.130504892786
2030-12-25 01:45:00,-12396.640513637822
2030-12-25 02:00:00,-12305.706739451378
2030-12-25 02:15:00,-12379.145358644764
2030-12-25 02:30:00,-12147.477045558888
2030-12-25 02:45:00,-12139.557421164436
2030-12-25 03:00:00,-12002.544526548125
2030-12-25 03:15:00,-11683.451846607904
2030-12-25 03:30:00,-11440.984715205926
2030-12-25 03:45:00,-11585.673795759298
2030-12-25 04:00:00,-11288.201294103155
2030-12-25 04:15:00,-10887.437232868273
2030-12-25 04:30:00,-11198.089624091752
2030-12-25 04:45:00,-11324.766837932057
2030-12-25 05:00:00,-11767.291886741414
2030-12-25 05:15:00,-11757.589373786175
2030-12-25 05:30:00,-11429.954825147875
2030-12-25 05:45:00,-11266.585907197294
2030-12-25 06:00:00,-11045.840713181391
2030-12-25 06:15:00,-11251.331305485268
2030-12-25 06:30:00,-11019.282487336726
2030-12-25 06:45:00,-11005.014378365157
2030-12-25 07:00:00,-9859.701817423738
2030-12-25 07:15:00,-9542.642412162277
2030-12-25 07:30:00,-9117.977855287925
2030-12-25 07:45:00,-8258.885523993056
2030-12-25 08:00:00,-7921.651697018129
2030-12-25 08:15:00,-7909.6455294231855
2030-12-25 08:30:00,-8255.116402017617
2030-12-25 08:45:00,-8220.805894346939
2030-12-25 09:00:00,-7390.034588042894
2030-12-25 09:15:00,-6471.9421844060125
2030-12-25 09:30:00,-5958.839814473478
2030-12-25 09:45:00,-6409.379606598843
2030-12-25 10:00:00,-6313.76261056817
2030-12-25 10:15:00,-6153.29104740444
2030-12-25 10:30:00,-5839.143006927188
2030-12-25 10:45:00,-5928.920896972275
2030-12-25 11:00:00,-5560.063208087729
2030-12-25 11:15:00,-5773.712007240705
2030-12-25 11:30:00,-5883.769898030874
2030-12-25 11:45:00,-5803.6083213751845
2030-12-25 12:00:00,-5767.735567999389
2030-12-25 12:15:00,-5912.6632938566
2030-12-25 12:30:00,-5932.146233667037
2030-12-25 12:45:00,-5512.879185717869
2030-12-25 13:00:00,-5219.465101564667
2030-12-25 13:15:00,-4604.8302024137265
2030-12-25 13:30:00,-4148.822134338043
2030-12-25 13:45:00,-4009.5199003705748
2030-12-25 14:00:00,-3759.2816492810016
2030-12-25 14:15:00,-3573.423878345391
2030-12-25 14:30:00,-3149.934695950331
2030-12-25 14:45:00,-2688.7958913138864
2030-12-25 15:00:00,-2158.469197749757
2030-12-25 15:15:00,-1854.7037134817147
2030-12-25 15:30:00,-2113.454144112984
2030-12-25 15:45:00,-2010.383500347536
2030-12-25 16:00:00,-1210.7142609067014
2030-12-25 16:15:00,-674.0880341647389
2030-12-25 16:30:00,-412.35145169466705
2030-12-25 16:45:00,-4.058230442362401
2030-12-25 17:00:00,0.0
2030-12-25 17:15:00,0.0
2030-12-25 17:30:00,0.0
2030-12-25 17:45:00,0.0
2030-12-25 18:00:00,0.0
2030-12-25 18:15:00,0.0
2030-12-25 18:30:00,0.0
2030-12-25 18:45:00,0.0
2030-12-25 19:00:00,0.0
2030-12-25 19:15:00,0.0
2030-12-25 19:30:00,0.0
2030-12-25 19:45:00,0.0
2030-12-25 20:00:00,0.0
2030-12-25 20:15:00,0.0
2030-12-25 20:30:00,0.0
2030-12-25 20:45:00,0.0
2030-12-25 21:00:00,0.0
2030-12-25 21:15:00,0.0
2030-12-25 21:30:00,0.0
2030-12-25 21:45:00,0.0
2030-12-25 22:00:00,0.0
2030-12-25 22:15:00,0.0
2030-12-25 22:30:00,0.0
2030-12-25 22:45:00,0.0
2030-12-25 23:00:00,0.0
2030-12-25 23:15:00,0.0
2030-12-25 23:30:00,-2333.064040131492
2030-12-25 23:45:00,-3558.6528056557127
2030-12-26 00:00:00,-3951.0856994686965
2030-12-26 00:15:00,-3973.6270756428585
2030-12-26 00:30:00,-3965.195825975632
2030-12-26 00:45:00,-3949.3376815575284
2030-12-26 01:00:00,-5204.455951391985
2030-12-26 01:15:00,-6331.383406785046
2030-12-26 01:30:00,-6607.94422300181
2030-12-26 01:45:00,-7112.251082982835
2030-12-26 02:00:00,-7253.834531860721
2030-12-26 02:15:00,-7053.640828113028
2030-12-26 02:30:00,-6840.367887120085
2030-12-26 02:45:00,-6781.750054606397
2030-12-26 03:00:00,-6609.239194795306
2030-12-26 03:15:00,-6992.827008757729
2030-12-26 03:30:00,-7423.366257514488
2030-12-26 03:45:00,-8311.249433952991
2030-12-26 04:00:00,-8954.208642693882
2030-12-26 04:15:00,-9121.401353151008
2030-12-26 04:30:00,-9346.519726623303
2030-12-26 04:45:00,-9819.050180806991
2030-12-26 05:00:00,-10023.77833063047
2030-12-26 05:15:00,-10535.537172285134
2030-12-26 05:30:00,-11141.587166708821
2030-12-26 05:45:00,-11269.03057054256
2030-12-26 06:00:00,-11801.407534941776
2030-12-26 06:15:00,-12082.431703127973
2030-12-26 06:30:00,-12243.306358922775
2030-12-26 06:45:00,-12308.832906269101
2030-12-26 07:00:00,-12150.393308341683
2030-12-26 07:15:00,-11607.771385454384
2030-12-26 07:30:00,-10460.520974702507
2030-12-26 07:45:00,-10172.978896265866
2030-12-26 08:00:00,-9583.628907259621
2030-12-26 08:15:00,-9928.697128881166
2030-12-26 08:30:00,-10155.28779177857
2030-12-26 08:45:00,-10754.205698458225
2030-12-26 09:00:00,-11663.916209369232
2030-12-26 09:15:00,-12537.36182493293
2030-12-26 09:30:00,-12673.679823627608
2030-12-26 09:45:00,-13194.691175112497
2030-12-26 10:00:00,-13881.68095456836
2030-12-26 10:15:00,-14591.720341264569
2030-12-26 10:30:00,-14882.299281511605
2030-12-26 10:45:00,-15059.598324457744
2030-12-26 11:00:00,-14596.37258571892
2030-12-26 11:15:00,-14888.473203350466
2030-12-26 11:30:00,-14843.022194578902
2030-12-26 11:45:00,-14949.189719216592
2030-12-26 12:00:00,-14764.408055339176
2030-12-26 12:15:00,-14271.538414286755
2030-12-26 12:30:00,-14076.501909422255
2030-12-26 12:45:00,-14012.608859329688
2030-12-26 13:00:00,-14120.911314869434
2030-12-26 13:15:00,-14378.32567031189
2030-12-26 13:30:00,-14152.521683478517
2030-12-26 13:45:00,-13968.333794272043
2030-12-26 14:00:00,-13365.077428068758
2030-12-26 14:15:00,-12945.022657873975
2030-12-26 14:30:00,-12701.926762360708
2030-12-26 14:45:00,-12449.349338758238
2030-12-26 15:00:00,-11780.5789469068
2030-12-26 15:15:00,-11239.44013435868
2030-12-26 15:30:00,-10698.208717566937
2030-12-26 15:45:00,-10215.617163284289
2030-12-26 16:00:00,-9469.248268664374
2030-12-26 16:15:00,-8778.936916196577
2030-12-26 16:30:00,-8071.237608480809
2030-12-26 16:45:00,-7644.432206986359
2030-12-26 17:00:00,-7474.84965087441
2030-12-26 17:15:00,-7104.459789214834
2030-12-26 17:30:00,-6488.510279091548
2030-12-26 17:45:00,-6076.569299754778
2030-12-26 18:00:00,-5887.567784191713
2030-12-26 18:15:00,-5897.559954940069
2030-12-26 18:30:00,-5493.58131891946
2030-12-26 18:45:00,-4482.483225169355
2030-12-26 19:00:00,-4412.659721910117
2030-12-26 19:15:00,-4302.994893903629
2030-12-26 19:30:00,-4059.727160702474
2030-12-26 19:45:00,-3788.2505632849825
2030-12-26 20:00:00,-3706.370580826635
2030-12-26 20:15:00,-3674.026917445619
2030-12-26 20:30:00,-3705.933031325876
2030-12-26 20:45:00,-3641.1241541672316
2030-12-26 21:00:00,-3551.0465762352505
2030-12-26 21:15:00,-3435.8244632703063
2030-12-26 21:30:00,-3196.4649550298236
2030-12-26 21:45:00,-3129.5052034299733
2030-12-26 22:00:00,-2622.852306907389
2030-12-26 22:15:00,-2553.0687093815322
2030-12-26 22:30:00,-2580.862401477345
2030-12-26 22:45:00,-2514.2970008524862
2030-12-26 23:00:00,-1530.5843745362345
2030-12-26 23:15:00,-1375.3682212240947
2030-12-26 23:30:00,-1308.9362160579112
2030-12-26 23:45:00,-1147.7531657020481
2030-12-27 00:00:00,-1443.1119352271162
2030-12-27 00:15:00,-1418.6874700566223
2030-12-27 00:30:00,-1589.575748594336
2030-12-27 00:45:00,-1514.7694965360351
2030-12-27 01:00:00,-1458.2530249988467
2030-12-27 01:15:00,-1206.697797654626
2030-12-27 01:30:00,-754.862897181496
2030-12-27 01:45:00,-537.9299341190072
2030-12-27 02:00:00,-719.743541078562
2030-12-27 02:15:00,-504.9726524630496
2030-12-27 02:30:00,0.0
2030-12-27 02:45:00,0.0
2030-12-27 03:00:00,0.0
2030-12-27 03:15:00,0.0
2030-12-27 03:30:00,0.0
2030-12-27 03:45:00,0.0
2030-12-27 04:00:00,0.0
2030-12-27 04:15:00,0.0
2030-12-27 04:30:00,0.0
2030-12-27 04:45:00,0.0
2030-12-27 05:00:00,0.0
2030-12-27 05:15:00,0.0
2030-12-27 05:30:00,0.0
2030-12-27 05:45:00,0.0
2030-12-27 06:00:00,0.0
2030-12-27 06:15:00,0.0
2030-12-27 06:30:00,0.0
2030-12-27 06:45:00,0.0
2030-12-27 07:00:00,0.0
2030-12-27 07:15:00,0.0
2030-12-27 07:30:00,0.0
2030-12-27 07:45:00,0.0
2030-12-27 08:00:00,0.0
2030-12-27 08:15:00,0.0
2030-12-27 08:30:00,0.0
2030-12-27 08:45:00,0.0
2030-12-27 09:00:00,0.0
2030-12-27 09:15:00,0.0
2030-12-27 09:30:00,0.0
2030-12-27 09:45:00,0.0
2030-12-27 10:00:00,0.0
2030-12-27 10:15:00,0.0
2030-12-27 10:30:00,0.0
2030-12-27 10:45:00,0.0
2030-12-27 11:00:00,0.0
2030-12-27 11:15:00,0.0
2030-12-27 11:30:00,0.0
2030-12-27 11:45:00,0.0
2030-12-27 12:00:00,0.0
2030-12-27 12:15:00,0.0
2030-12-27 12:30:00,0.0
2030-12-27 12:45:00,0.0
2030-12-27 13:00:00,0.0
2030-12-27 13:15:00,0.0
2030-12-27 13:30:00,0.0
2030-12-27 13:45:00,0.0
2030-12-27 14:00:00,0.0
2030-12-27 14:15:00,0.0
2030-12-27 14:30:00,0.0
2030-12-27 14:45:00,0.0
2030-12-27 15:00:00,0.0
2030-12-27 15:15:00,0.0
2030-12-27 15:30:00,0.0
2030-12-27 15:45:00,0.0
2030-12-27 16:00:00,0.0
2030-12-27 16:15:00,0.0
2030-12-27 16:30:00,0.0
2030-12-27 16:45:00,0.0
2030-12-27 17:00:00,0.0
2030-12-27 17:15:00,0.0
2030-12-27 17:30:00,0.0
2030-12-27 17:45:00,0.0
2030-12-27 18:00:00,0.0
2030-12-27 18:15:00,0.0
2030-12-27 18:30:00,0.0
2030-12-27 18:45:00,0.0
2030-12-27 19:00:00,0.0
2030-12-27 19:15:00,0.0
2030-12-27 19:30:00,0.0
2030-12-27 19:45:00,0.0
2030-12-27 20:00:00,0.0
2030-12-27 20:15:00,0.0
2030-12-27 20:30:00,0.0
2030-12-27 20:45:00,0.0
2030-12-27 21:00:00,0.0
2030-12-27 21:15:00,0.0
2030-12-27 21:30:00,0.0
2030-12-27 21:45:00,0.0
2030-12-27 22:00:00,0.0
2030-12-27 22:15:00,0.0
2030-12-27 22:30:00,0.0
2030-12-27 22:45:00,0.0
2030-12-27 23:00:00,0.0
2030-12-27 23:15:00,0.0
2030-12-27 23:30:00,0.0
2030-12-27 23:45:00,0.0
2030-12-28 00:00:00,0.0
2030-12-28 00:15:00,0.0
2030-12-28 00:30:00,0.0
2030-12-28 00:45:00,0.0
2030-12-28 01:00:00,0.0
2030-12-28 01:15:00,0.0
2030-12-28 01:30:00,0.0
2030-12-28 01:45:00,0.0
2030-12-28 02:00:00,0.0
2030-12-28 02:15:00,0.0
2030-12-28 02:30:00,0.0
2030-12-28 02:45:00,0.0
2030-12-28 03:00:00,0.0
2030-12-28 03:15:00,0.0
2030-12-28 03:30:00,0.0
2030-12-28 03:45:00,0.0
2030-12-28 04:00:00,0.0
2030-12-28 04:15:00,0.0
2030-12-28 04:30:00,0.0
2030-12-28 04:45:00,0.0
2030-12-28 05:00:00,0.0
2030-12-28 05:15:00,0.0
2030-12-28 05:30:00,0.0
2030-12-28 05:45:00,0.0
2030-12-28 06:00:00,0.0
2030-12-28 06:15:00,0.0
2030-12-28 06:30:00,0.0
2030-12-28 06:45:00,0.0
2030-12-28 07:00:00,0.0
2030-12-28 07:15:00,0.0
2030-12-28 07:30:00,0.0
2030-12-28 07:45:00,0.0
2030-12-28 08:00:00,0.0
2030-12-28 08:15:00,0.0
2030-12-28 08:30:00,0.0
2030-12-28 08:45:00,0.0
2030-12-28 09:00:00,0.0
2030-12-28 09:15:00,-3934.2687572363175
2030-12-28 09:30:00,-5051.346196642644
2030-12-28 09:45:00,-5601.831861494993
2030-12-28 10:00:00,-6006.172467759847
2030-12-28 10:15:00,-6344.831822615401
2030-12-28 10:30:00,-7012.724263562406
2030-12-28 10:45:00,-7527.851250396408
2030-12-28 11:00:00,-7768.456147962206
2030-12-28 11:15:00,-8206.565791801768
2030-12-28 11:30:00,-8356.337071483013
2030-12-28 11:45:00,-8201.824982115235
2030-12-28 12:00:00,-8051.6157431208485
2030-12-28 12:15:00,-8105.033101654062
2030-12-28 12:30:00,-8128.223507621791
2030-12-28 12:45:00,-8126.259970079438
2030-12-28 13:00:00,-7844.117402563326
2030-12-28 13:15:00,-7820.873487175271
2030-12-28 13:30:00,-7360.805438801854
2030-12-28 13:45:00,-6813.863716009368
2030-12-28 14:00:00,-6348.342224120039
2030-12-28 14:15:00,-5794.9272022940895
2030-12-28 14:30:00,-5334.375672197832
2030-12-28 14:45:00,-4826.634492726225
2030-12-28 15:00:00,-3947.4058523129897
2030-12-28 15:15:00,-3392.578744766739
2030-12-28 15:30:00,-2978.117946974504
2030-12-28 15:45:00,-2059.7604395581693
2030-12-28 16:00:00,-1532.7379978822173
2030-12-28 16:15:00,-1151.6102147581187
2030-12-28 16:30:00,-799.9160975182458
2030-12-28 16:45:00,-595.3239428979359
2030-12-28 17:00:00,-398.9343229128026
2030-12-28 17:15:00,-544.2926073956041
2030-12-28 17:30:00,-560.1020140299916
2030-12-28 17:45:00,-497.57356753173735
2030-12-28 18:00:00,-440.7347698582453
2030-12-28 18:15:00,-436.00141211273876
2030-12-28 18:30:00,-531.2964301623979
2030-12-28 18:45:00,-753.0033703903937
2030-12-28 19:00:00,-948.9816170407867
2030-12-28 19:15:00,-1302.4867621912672
2030-12-28 19:30:00,-1535.6459854321329
2030-12-28 19:45:00,-1675.162177095037
2030-12-28 20:00:00,-2236.396860487668
2030-12-28 20:15:00,-2820.012899795627
2030-12-28 20:30:00,-3226.883184442231
2030-12-28 20:45:00,-3912.4399168572127
2030-12-28 21:00:00,-4086.447760199011
2030-12-28 21:15:00,-4141.9619239183885
2030-12-28 21:30:00,-4334.145492525979
2030-12-28 21:45:00,-4301.398358878283
2030-12-28 22:00:00,-3982.1778729098696
2030-12-28 22:15:00,-4393.793126783057
2030-12-28 22:30:00,-4651.747580321964
2030-12-28 22:45:00,-4971.063471261401
2030-12-28 23:00:00,-5326.624520028985
2030-12-28 23:15:00,-5495.448942096715
2030-12-28 23:30:00,-6009.699458840445
2030-12-28 23:45:00,-6062.013573861626
2030-12-29 00:00:00,-5361.11882947939
2030-12-29 00:15:00,-5119.733907166134
2030-12-29 00:30:00,-4812.302762838204
2030-12-29 00:45:00,-5007.279652188754
2030-12-29 01:00:00,-5531.006503922701
2030-12-29 01:15:00,-5608.9849752722985
2030-12-29 01:30:00,-5639.449665235352
2030-12-29 01:45:00,-5775.215269691025
2030-12-29 02:00:00,-5775.218260092333
2030-12-29 02:15:00,-5601.640207217191
2030-12-29 02:30:00,-5786.791357828804
2030-12-29 02:45:00,-5932.5033644104315
2030-12-29 03:00:00,-6291.793253832691
2030-12-29 03:15:00,-6273.5195053678635
2030-12-29 03:30:00,-6065.821512846896
2030-12-29 03:45:00,-6032.66138948029
2030-12-29 04:00:00,-6203.175739228198
2030-12-29 04:15:00,-6066.565692270202
2030-12-29 04:30:00,-6003.362826771867
2030-12-29 04:45:00,-6153.823968429526
2030-12-29 05:00:00,-6260.601152313338
2030-12-29 05:15:00,-6844.880722185682
2030-12-29 05:30:00,-7087.9439237632705
2030-12-29 05:45:00,-7105.0697914143475
2030-12-29 06:00:00,-7116.487341637039
2030-12-29 06:15:00,-7042.0884736058
2030-12-29 06:30:00,-6946.216237307712
2030-12-29 06:45:00,-7075.617019236273
2030-12-29 07:00:00,-6828.436467163505
2030-12-29 07:15:00,-6526.242573437721
2030-12-29 07:30:00,-6578.686468907315
2030-12-29 07:45:00,-6472.570186345409
2030-12-29 08:00:00,-6464.818727505102
2030-12-29 08:15:00,-6332.090424290713
2030-12-29 08:30:00,-5739.695201181483
2030-12-29 08:45:00,-5181.625593874087
2030-12-29 09:00:00,-4934.07122684038
2030-12-29 09:15:00,-4723.9580607671305
2030-12-29 09:30:00,-4774.164404217474
2030-12-29 09:45:00,-4804.938065203416
2030-12-29 10:00:00,-4667.254447729185
2030-12-29 10:15:00,-4651.339176351703
2030-12-29 10:30:00,-4513.566239269752
2030-12-29 10:45:00,-4804.6772776644175
2030-12-29 11:00:00,-4749.305636154597
2030-12-29 11:15:00,-4669.330971759526
2030-12-29 11:30:00,-4834.846745147304
2030-12-29 11:45:00,-4770.27541411556
2030-12-29 12:00:00,-4852.167806166082
2030-12-29 12:15:00,-4879.74932494307
2030-12-29 12:30:00,-5041.906524277449
2030-12-29 12:45:00,-5144.889502822294
2030-12-29 13:00:00,-5061.903155535158
2030-12-29 13:15:00,-5083.089958596829
2030-12-29 13:30:00,-5036.100678657367
2030-12-29 13:45:00,-5035.946197658934
2030-12-29 14:00:00,-4563.8325344672885
2030-12-29 14:15:00,-4458.4848510073025
2030-12-29 14:30:00,-3995.006494507881
2030-12-29 14:45:00,-3773.929245935211
2030-12-29 15:00:00,-3415.643236532269
2030-12-29 15:15:00,-2763.422400356896
2030-12-29 15:30:00,-2695.8701776278613
2030-12-29 15:45:00,-2731.797624733241
2030-12-29 16:00:00,-2342.7217415436135
2030-12-29 16:15:00,-2147.7853550274413
2030-12-29 16:30:00,-2059.289535696931
2030-12-29 16:45:00,-1892.7216424038888
2030-12-29 17:00:00,-1347.2551437988986
2030-12-29 17:15:00,-1317.4457803792902
2030-12-29 17:30:00,-1135.9657136674796
2030-12-29 17:45:00,-1276.169388506798
2030-12-29 18:00:00,-1291.5874862714954
2030-12-29 18:15:00,-1263.1849493646369
2030-12-29 18:30:00,-1134.3865298391138
2030-12-29 18:45:00,-1297.8424722282653
2030-12-29 19:00:00,-1341.2603051405276
2030-12-29 19:15:00,-1748.8965706345662
2030-12-29 19:30:00,-1925.6794565466625
2030-12-29 19:45:00,-1854.800637694374
2030-12-29 20:00:00,-2510.066770888443
2030-12-29 20:15:00,-2835.083277563488
2030-12-29 20:30:00,-3267.418996868815
2030-12-29 20:45:00,-3270.1649802764296
2030-12-29 21:00:00,-2890.568758162517
2030-12-29 21:15:00,-2995.1223767395313
2030-12-29 21:30:00,-3430.318422125227
2030-12-29 21:45:00,-3927.0280655324786
2030-12-29 22:00:00,-3371.012792263169
2030-12-29 22:15:00,-3761.675866387308
2030-12-29 22:30:00,-4239.588699579708
2030-12-29 22:45:00,-4930.240315605512
2030-12-29 23:00:00,-5360.108098814213
2030-12-29 23:15:00,-5810.135345206665
2030-12-29 23:30:00,-6419.294149203644
2030-12-29 23:45:00,-7142.110431357611
2030-12-30 00:00:00,-7706.905574715376
2030-12-30 00:15:00,-7532.756073023456
2030-12-30 00:30:00,-7427.2638354015435
2030-12-30 00:45:00,-7734.047899976456
2030-12-30 01:00:00,-8142.987894821967
2030-12-30 01:15:00,-9241.087765454975
2030-12-30 01:30:00,-9266.731187642683
2030-12-30 01:45:00,-9050.710307692563
2030-12-30 02:00:00,-9925.605224472416
2030-12-30 02:15:00,-10318.02214376002
2030-12-30 02:30:00,-9940.11630507903
2030-12-30 02:45:00,-10083.419067706867
2030-12-30 03:00:00,-9885.004939371076
2030-12-30 03:15:00,-9266.834351614327
2030-12-30 03:30:00,-8806.161622413723
2030-12-30 03:45:00,-8915.632904511054
2030-12-30 04:00:00,-8963.24762903223
2030-12-30 04:15:00,-8425.736702341748
2030-12-30 04:30:00,-8176.922948111718
2030-12-30 04:45:00,-8337.851501149318
2030-12-30 05:00:00,-7787.955443872559
2030-12-30 05:15:00,-7818.6381136017335
2030-12-30 05:30:00,-8521.389550633721
2030-12-30 05:45:00,-8556.4646422028
2030-12-30 06:00:00,-8857.13056113112
2030-12-30 06:15:00,-8560.64733861622
2030-12-30 06:30:00,-7904.054014155254
2030-12-30 06:45:00,-7702.85523155961
2030-12-30 07:00:00,-7165.166327651372
2030-12-30 07:15:00,-6677.110699765675
2030-12-30 07:30:00,-5986.3084007885955
2030-12-30 07:45:00,-5581.649003192899
2030-12-30 08:00:00,-5740.194290770443
2030-12-30 08:15:00,-5369.788818114761
2030-12-30 08:30:00,-4869.0992553525575
2030-12-30 08:45:00,-4551.42682668992
2030-12-30 09:00:00,-4205.073115157757
2030-12-30 09:15:00,-4030.562453292565
2030-12-30 09:30:00,-4046.8246864234316
2030-12-30 09:45:00,-4053.060667125308
2030-12-30 10:00:00,-4470.025619308206
2030-12-30 10:15:00,-4077.1830409257527
2030-12-30 10:30:00,-3867.893189672868
2030-12-30 10:45:00,-3715.520461077289
2030-12-30 11:00:00,-4123.262555618996
2030-12-30 11:15:00,-4183.042861268928
2030-12-30 11:30:00,-3870.7147836396543
2030-12-30 11:45:00,-3604.6307896335165
2030-12-30 12:00:00,-3816.418938843446
2030-12-30 12:15:00,-4167.148624310164
2030-12-30 12:30:00,-4228.039474229357
2030-12-30 12:45:00,-3915.3021924351706
2030-12-30 13:00:00,-3195.0894824449424
2030-12-30 13:15:00,-3164.8866702714076
2030-12-30 13:30:00,-2567.4674345420644
2030-12-30 13:45:00,-2044.0070283404712
2030-12-30 14:00:00,-1293.8750072938856
2030-12-30 14:15:00,-735.3395772174517
2030-12-30 14:30:00,-104.72391058745416
2030-12-30 14:45:00,0.0
2030-12-30 15:00:00,0.0
2030-12-30 15:15:00,0.0
2030-12-30 15:30:00,0.0
2030-12-30 15:45:00,0.0
2030-12-30 16:00:00,0.0
2030-12-30 16:15:00,0.0
2030-12-30 16:30:00,0.0
2030-12-30 16:45:00,0.0
2030-12-30 17:00:00,0.0
2030-12-30 17:15:00,0.0
2030-12-30 17:30:00,0.0
2030-12-30 17:45:00,0.0
2030-12-30 18:00:00,0.0
2030-12-30 18:15:00,0.0
2030-12-30 18:30:00,0.0
2030-12-30 18:45:00,0.0
2030-12-30 19:00:00,0.0
2030-12-30 19:15:00,0.0
2030-12-30 19:30:00,0.0
2030-12-30 19:45:00,0.0
2030-12-30 20:00:00,0.0
2030-12-30 20:15:00,0.0
2030-12-30 20:30:00,0.0
2030-12-30 20:45:00,0.0
2030-12-30 21:00:00,0.0
2030-12-30 21:15:00,0.0
2030-12-30 21:30:00,0.0
2030-12-30 21:45:00,0.0
2030-12-30 22:00:00,0.0
2030-12-30 22:15:00,0.0
2030-12-30 22:30:00,0.0
2030-12-30 22:45:00,0.0
2030-12-30 23:00:00,0.0
2030-12-30 23:15:00,0.0
2030-12-30 23:30:00,0.0
2030-12-30 23:45:00,0.0
2030-12-31 00:00:00,0.0
2030-12-31 00:15:00,0.0
2030-12-31 00:30:00,0.0
2030-12-31 00:45:00,0.0
2030-12-31 01:00:00,0.0
2030-12-31 01:15:00,0.0
2030-12-31 01:30:00,0.0
2030-12-31 01:45:00,0.0
2030-12-31 02:00:00,0.0
2030-12-31 02:15:00,0.0
2030-12-31 02:30:00,0.0
2030-12-31 02:45:00,0.0
2030-12-31 03:00:00,0.0
2030-12-31 03:15:00,0.0
2030-12-31 03:30:00,0.0
2030-12-31 03:45:00,0.0
2030-12-31 04:00:00,0.0
2030-12-31 04:15:00,0.0
2030-12-31 04:30:00,0.0
2030-12-31 04:45:00,0.0
2030-12-31 05:00:00,0.0
2030-12-31 05:15:00,-1832.2442304958222
2030-12-31 05:30:00,-3687.1190680367
2030-12-31 05:45:00,-3569.4766770814385
2030-12-31 06:00:00,-3599.6156742659896
2030-12-31 06:15:00,-3519.4875187335347
2030-12-31 06:30:00,-3615.1721373225337
2030-12-31 06:45:00,-3363.3584056339605
2030-12-31 07:00:00,-3145.2790686280023
2030-12-31 07:15:00,-3036.7109267287524
2030-12-31 07:30:00,-3035.741002840632
2030-12-31 07:45:00,-3004.9525294341474
2030-12-31 08:00:00,-3230.4334046500517
2030-12-31 08:15:00,-3619.376130006958
2030-12-31 08:30:00,-3762.5072514289222
2030-12-31 08:45:00,-3992.9421204874543
2030-12-31 09:00:00,-4437.163535590438
2030-12-31 09:15:00,-4349.12155787435
2030-12-31 09:30:00,-4385.795276549499
2030-12-31 09:45:00,-4631.684088637634
2030-12-31 10:00:00,-4436.157554580481
2030-12-31 10:15:00,-4850.734125945019
2030-12-31 10:30:00,-5313.753662441362
2030-12-31 10:45:00,-5565.932627333135
2030-12-31 11:00:00,-5828.822842241218
2030-12-31 11:15:00,-5540.261119111816
2030-12-31 11:30:00,-5727.359796406647
2030-12-31 11:45:00,-6051.32260350254
2030-12-31 12:00:00,-5696.232464579891
2030-12-31 12:15:00,-5140.717917400176
2030-12-31 12:30:00,-4951.338030469662
2030-12-31 12:45:00,-5194.202035414535
2030-12-31 13:00:00,-5435.102730638468
2030-12-31 13:15:00,-5635.482963283186
2030-12-31 13:30:00,-5351.513995390254
2030-12-31 13:45:00,-4831.033012868
2030-12-31 14:00:00,-4393.110131937119
2030-12-31 14:15:00,-3882.784189087779
2030-12-31 14:30:00,-3608.1054190513714
2030-12-31 14:45:00,-3378.2782172576153
2030-12-31 15:00:00,-3062.7726318402383
2030-12-31 15:15:00,-3141.000444230347
2030-12-31 15:30:00,-2659.311233973145
2030-12-31 15:45:00,-2514.7666766703187
2030-12-31 16:00:00,-2238.03964921039
2030-12-31 16:15:00,-1957.2256082202694
2030-12-31 16:30:00,-1820.3162136733117
2030-12-31 16:45:00,-1047.8896402762766
2030-12-31 17:00:00,-15.105324499072594
2030-12-31 17:15:00,-60.68278300718157
2030-12-31 17:30:00,-101.641645065185
2030-12-31 17:45:00,0.0
2030-12-31 18:00:00,0.0
2030-12-31 18:15:00,0.0
2030-12-31 18:30:00,0.0
2030-12-31 18:45:00,0.0
2030-12-31 19:00:00,0.0
2030-12-31 19:15:00,0.0
2030-12-31 19:30:00,0.0
2030-12-31 19:45:00,0.0
2030-12-31 20:00:00,0.0
2030-12-31 20:15:00,0.0
2030-12-31 20:30:00,0.0
2030-12-31 20:45:00,0.0
2030-12-31 21:00:00,-447.3597734414907
2030-12-31 21:15:00,-1116.0311740138131
2030-12-31 21:30:00,-1033.7375151142624
2030-12-31 21:45:00,-1001.4791714241528
2030-12-31 22:00:00,-676.1288936117453
2030-12-31 22:15:00,-799.1395136972315
2030-12-31 22:30:00,-941.127923045251
2030-12-31 22:45:00,-1298.5865498732637
2030-12-31 23:00:00,-1299.3058403955802
2030-12-31 23:15:00,-1312.0952223673557
2030-12-31 23:30:00,-1456.7352474252784
2030-12-31 23:45:00,-1467.827931661479
