Datum,Restenergiebedarf in MWh
2030-01-01 00:00:00,0.0
2030-01-01 00:15:00,0.0
2030-01-01 00:30:00,0.0
2030-01-01 00:45:00,0.0
2030-01-01 01:00:00,0.0
2030-01-01 01:15:00,0.0
2030-01-01 01:30:00,0.0
2030-01-01 01:45:00,0.0
2030-01-01 02:00:00,0.0
2030-01-01 02:15:00,0.0
2030-01-01 02:30:00,0.0
2030-01-01 02:45:00,0.0
2030-01-01 03:00:00,0.0
2030-01-01 03:15:00,0.0
2030-01-01 03:30:00,0.0
2030-01-01 03:45:00,0.0
2030-01-01 04:00:00,0.0
2030-01-01 04:15:00,0.0
2030-01-01 04:30:00,0.0
2030-01-01 04:45:00,0.0
2030-01-01 05:00:00,0.0
2030-01-01 05:15:00,0.0
2030-01-01 05:30:00,0.0
2030-01-01 05:45:00,0.0
2030-01-01 06:00:00,0.0
2030-01-01 06:15:00,0.0
2030-01-01 06:30:00,0.0
2030-01-01 06:45:00,0.0
2030-01-01 07:00:00,0.0
2030-01-01 07:15:00,0.0
2030-01-01 07:30:00,0.0
2030-01-01 07:45:00,0.0
2030-01-01 08:00:00,0.0
2030-01-01 08:15:00,0.0
2030-01-01 08:30:00,0.0
2030-01-01 08:45:00,0.0
2030-01-01 09:00:00,0.0
2030-01-01 09:15:00,0.0
2030-01-01 09:30:00,0.0
2030-01-01 09:45:00,0.0
2030-01-01 10:00:00,0.0
2030-01-01 10:15:00,0.0
2030-01-01 10:30:00,0.0
2030-01-01 10:45:00,0.0
2030-01-01 11:00:00,0.0
2030-01-01 11:15:00,0.0
2030-01-01 11:30:00,0.0
2030-01-01 11:45:00,0.0
2030-01-01 12:00:00,0.0
2030-01-01 12:15:00,0.0
2030-01-01 12:30:00,0.0
2030-01-01 12:45:00,0.0
2030-01-01 13:00:00,0.0
2030-01-01 13:15:00,0.0
2030-01-01 13:30:00,0.0
2030-01-01 13:45:00,0.0
2030-01-01 14:00:00,0.0
2030-01-01 14:15:00,0.0
2030-01-01 14:30:00,0.0
2030-01-01 14:45:00,0.0
2030-01-01 15:00:00,0.0
2030-01-01 15:15:00,0.0
2030-01-01 15:30:00,0.0
2030-01-01 15:45:00,0.0
2030-01-01 16:00:00,0.0
2030-01-01 16:15:00,0.0
2030-01-01 16:30:00,0.0
2030-01-01 16:45:00,0.0
2030-01-01 17:00:00,0.0
2030-01-01 17:15:00,0.0
2030-01-01 17:30:00,0.0
2030-01-01 17:45:00,0.0
2030-01-01 18:00:00,0.0
2030-01-01 18:15:00,0.0
2030-01-01 18:30:00,0.0
2030-01-01 18:45:00,0.0
2030-01-01 19:00:00,0.0
2030-01-01 19:15:00,0.0
2030-01-01 19:30:00,0.0
2030-01-01 19:45:00,0.0
2030-01-01 20:00:00,0.0
2030-01-01 20:15:00,0.0
2030-01-01 20:30:00,0.0
2030-01-01 20:45:00,0.0
2030-01-01 21:00:00,0.0
2030-01-01 21:15:00,0.0
2030-01-01 21:30:00,0.0
2030-01-01 21:45:00,0.0
2030-01-01 22:00:00,0.0
2030-01-01 22:15:00,0.0
2030-01-01 22:30:00,0.0
2030-01-01 22:45:00,0.0
2030-01-01 23:00:00,0.0
2030-01-01 23:15:00,0.0
2030-01-01 23:30:00,0.0
2030-01-01 23:45:00,0.0
2030-01-02 00:00:00,0.0
2030-01-02 00:15:00,0.0
2030-01-02 00:30:00,0.0
2030-01-02 00:45:00,0.0
2030-01-02 01:00:00,0.0
2030-01-02 01:15:00,0.0
2030-01-02 01:30:00,0.0
2030-01-02 01:45:00,0.0
2030-01-02 02:00:00,0.0
2030-01-02 02:15:00,0.0
2030-01-02 02:30:00,0.0
2030-01-02 02:45:00,0.0
2030-01-02 03:00:00,0.0
2030-01-02 03:15:00,0.0
2030-01-02 03:30:00,0.0
2030-01-02 03:45:00,0.0
2030-01-02 04:00:00,0.0
2030-01-02 04:15:00,0.0
2030-01-02 04:30:00,0.0
2030-01-02 04:45:00,0.0
2030-01-02 05:00:00,0.0
2030-01-02 05:15:00,0.0
2030-01-02 05:30:00,0.0
2030-01-02 05:45:00,0.0
2030-01-02 06:00:00,0.0
2030-01-02 06:15:00,0.0
2030-01-02 06:30:00,0.0
2030-01-02 06:45:00,0.0
2030-01-02 07:00:00,0.0
2030-01-02 07:15:00,0.0
2030-01-02 07:30:00,0.0
2030-01-02 07:45:00,0.0
2030-01-02 08:00:00,0.0
2030-01-02 08:15:00,0.0
2030-01-02 08:30:00,0.0
2030-01-02 08:45:00,0.0
2030-01-02 09:00:00,0.0
2030-01-02 09:15:00,0.0
2030-01-02 09:30:00,0.0
2030-01-02 09:45:00,0.0
2030-01-02 10:00:00,0.0
2030-01-02 10:15:00,0.0
2030-01-02 10:30:00,0.0
2030-01-02 10:45:00,0.0
2030-01-02 11:00:00,0.0
2030-01-02 11:15:00,0.0
2030-01-02 11:30:00,0.0
2030-01-02 11:45:00,0.0
2030-01-02 12:00:00,0.0
2030-01-02 12:15:00,0.0
2030-01-02 12:30:00,0.0
2030-01-02 12:45:00,0.0
2030-01-02 13:00:00,0.0
2030-01-02 13:15:00,0.0
2030-01-02 13:30:00,0.0
2030-01-02 13:45:00,0.0
2030-01-02 14:00:00,0.0
2030-01-02 14:15:00,0.0
2030-01-02 14:30:00,0.0
2030-01-02 14:45:00,0.0
2030-01-02 15:00:00,0.0
2030-01-02 15:15:00,0.0
2030-01-02 15:30:00,0.0
2030-01-02 15:45:00,0.0
2030-01-02 16:00:00,0.0
2030-01-02 16:15:00,0.0
2030-01-02 16:30:00,0.0
2030-01-02 16:45:00,0.0
2030-01-02 17:00:00,0.0
2030-01-02 17:15:00,0.0
2030-01-02 17:30:00,0.0
2030-01-02 17:45:00,0.0
2030-01-02 18:00:00,0.0
2030-01-02 18:15:00,0.0
2030-01-02 18:30:00,0.0
2030-01-02 18:45:00,0.0
2030-01-02 19:00:00,0.0
2030-01-02 19:15:00,0.0
2030-01-02 19:30:00,0.0
2030-01-02 19:45:00,0.0
2030-01-02 20:00:00,0.0
2030-01-02 20:15:00,0.0
2030-01-02 20:30:00,0.0
2030-01-02 20:45:00,0.0
2030-01-02 21:00:00,0.0
2030-01-02 21:15:00,0.0
2030-01-02 21:30:00,0.0
2030-01-02 21:45:00,0.0
2030-01-02 22:00:00,0.0
2030-01-02 22:15:00,0.0
2030-01-02 22:30:00,0.0
2030-01-02 22:45:00,0.0
2030-01-02 23:00:00,0.0
2030-01-02 23:15:00,0.0
2030-01-02 23:30:00,0.0
2030-01-02 23:45:00,0.0
2030-01-03 00:00:00,0.0
2030-01-03 00:15:00,0.0
2030-01-03 00:30:00,0.0
2030-01-03 00:45:00,0.0
2030-01-03 01:00:00,0.0
2030-01-03 01:15:00,0.0
2030-01-03 01:30:00,0.0
2030-01-03 01:45:00,0.0
2030-01-03 02:00:00,0.0
2030-01-03 02:15:00,0.0
2030-01-03 02:30:00,0.0
2030-01-03 02:45:00,0.0
2030-01-03 03:00:00,0.0
2030-01-03 03:15:00,0.0
2030-01-03 03:30:00,0.0
2030-01-03 03:45:00,0.0
2030-01-03 04:00:00,0.0
2030-01-03 04:15:00,0.0
2030-01-03 04:30:00,0.0
2030-01-03 04:45:00,0.0
2030-01-03 05:00:00,0.0
2030-01-03 05:15:00,0.0
2030-01-03 05:30:00,0.0
2030-01-03 05:45:00,0.0
2030-01-03 06:00:00,0.0
2030-01-03 06:15:00,0.0
2030-01-03 06:30:00,0.0
2030-01-03 06:45:00,0.0
2030-01-03 07:00:00,0.0
2030-01-03 07:15:00,0.0
2030-01-03 07:30:00,0.0
2030-01-03 07:45:00,0.0
2030-01-03 08:00:00,0.0
2030-01-03 08:15:00,0.0
2030-01-03 08:30:00,0.0
2030-01-03 08:45:00,0.0
2030-01-03 09:00:00,0.0
2030-01-03 09:15:00,0.0
2030-01-03 09:30:00,0.0
2030-01-03 09:45:00,0.0
2030-01-03 10:00:00,0.0
2030-01-03 10:15:00,0.0
2030-01-03 10:30:00,0.0
2030-01-03 10:45:00,0.0
2030-01-03 11:00:00,0.0
2030-01-03 11:15:00,0.0
2030-01-03 11:30:00,0.0
2030-01-03 11:45:00,0.0
2030-01-03 12:00:00,0.0
2030-01-03 12:15:00,0.0
2030-01-03 12:30:00,0.0
2030-01-03 12:45:00,0.0
2030-01-03 13:00:00,0.0
2030-01-03 13:15:00,0.0
2030-01-03 13:30:00,0.0
2030-01-03 13:45:00,0.0
2030-01-03 14:00:00,0.0
2030-01-03 14:15:00,0.0
2030-01-03 14:30:00,0.0
2030-01-03 14:45:00,0.0
2030-01-03 15:00:00,0.0
2030-01-03 15:15:00,0.0
2030-01-03 15:30:00,0.0
2030-01-03 15:45:00,0.0
2030-01-03 16:00:00,0.0
2030-01-03 16:15:00,0.0
2030-01-03 16:30:00,0.0
2030-01-03 16:45:00,0.0
2030-01-03 17:00:00,0.0
2030-01-03 17:15:00,0.0
2030-01-03 17:30:00,0.0
2030-01-03 17:45:00,0.0
2030-01-03 18:00:00,0.0
2030-01-03 18:15:00,0.0
2030-01-03 18:30:00,0.0
2030-01-03 18:45:00,0.0
2030-01-03 19:00:00,0.0
2030-01-03 19:15:00,0.0
2030-01-03 19:30:00,0.0
2030-01-03 19:45:00,0.0
2030-01-03 20:00:00,0.0
2030-01-03 20:15:00,0.0
2030-01-03 20:30:00,0.0
2030-01-03 20:45:00,0.0
2030-01-03 21:00:00,0.0
2030-01-03 21:15:00,0.0
2030-01-03 21:30:00,0.0
2030-01-03 21:45:00,0.0
2030-01-03 22:00:00,0.0
2030-01-03 22:15:00,0.0
2030-01-03 22:30:00,0.0
2030-01-03 22:45:00,0.0
2030-01-03 23:00:00,0.0
2030-01-03 23:15:00,0.0
2030-01-03 23:30:00,0.0
2030-01-03 23:45:00,0.0
2030-01-04 00:00:00,0.0
2030-01-04 00:15:00,0.0
2030-01-04 00:30:00,0.0
2030-01-04 00:45:00,0.0
2030-01-04 01:00:00,0.0
2030-01-04 01:15:00,0.0
2030-01-04 01:30:00,0.0
2030-01-04 01:45:00,0.0
2030-01-04 02:00:00,0.0
2030-01-04 02:15:00,0.0
2030-01-04 02:30:00,0.0
2030-01-04 02:45:00,0.0
2030-01-04 03:00:00,0.0
2030-01-04 03:15:00,0.0
2030-01-04 03:30:00,0.0
2030-01-04 03:45:00,0.0
2030-01-04 04:00:00,0.0
2030-01-04 04:15:00,0.0
2030-01-04 04:30:00,0.0
2030-01-04 04:45:00,0.0
2030-01-04 05:00:00,0.0
2030-01-04 05:15:00,0.0
2030-01-04 05:30:00,0.0
2030-01-04 05:45:00,0.0
2030-01-04 06:00:00,0.0
2030-01-04 06:15:00,0.0
2030-01-04 06:30:00,0.0
2030-01-04 06:45:00,0.0
2030-01-04 07:00:00,0.0
2030-01-04 07:15:00,0.0
2030-01-04 07:30:00,0.0
2030-01-04 07:45:00,0.0
2030-01-04 08:00:00,0.0
2030-01-04 08:15:00,0.0
2030-01-04 08:30:00,0.0
2030-01-04 08:45:00,0.0
2030-01-04 09:00:00,0.0
2030-01-04 09:15:00,0.0
2030-01-04 09:30:00,0.0
2030-01-04 09:45:00,0.0
2030-01-04 10:00:00,0.0
2030-01-04 10:15:00,0.0
2030-01-04 10:30:00,0.0
2030-01-04 10:45:00,0.0
2030-01-04 11:00:00,0.0
2030-01-04 11:15:00,0.0
2030-01-04 11:30:00,0.0
2030-01-04 11:45:00,0.0
2030-01-04 12:00:00,0.0
2030-01-04 12:15:00,0.0
2030-01-04 12:30:00,0.0
2030-01-04 12:45:00,0.0
2030-01-04 13:00:00,0.0
2030-01-04 13:15:00,0.0
2030-01-04 13:30:00,0.0
2030-01-04 13:45:00,0.0
2030-01-04 14:00:00,0.0
2030-01-04 14:15:00,0.0
2030-01-04 14:30:00,0.0
2030-01-04 14:45:00,0.0
2030-01-04 15:00:00,0.0
2030-01-04 15:15:00,0.0
2030-01-04 15:30:00,0.0
2030-01-04 15:45:00,0.0
2030-01-04 16:00:00,0.0
2030-01-04 16:15:00,0.0
2030-01-04 16:30:00,0.0
2030-01-04 16:45:00,0.0
2030-01-04 17:00:00,0.0
2030-01-04 17:15:00,0.0
2030-01-04 17:30:00,0.0
2030-01-04 17:45:00,0.0
2030-01-04 18:00:00,0.0
2030-01-04 18:15:00,0.0
2030-01-04 18:30:00,0.0
2030-01-04 18:45:00,0.0
2030-01-04 19:00:00,0.0
2030-01-04 19:15:00,0.0
2030-01-04 19:30:00,0.0
2030-01-04 19:45:00,0.0
2030-01-04 20:00:00,0.0
2030-01-04 20:15:00,0.0
2030-01-04 20:30:00,0.0
2030-01-04 20:45:00,0.0
2030-01-04 21:00:00,0.0
2030-01-04 21:15:00,0.0
2030-01-04 21:30:00,0.0
2030-01-04 21:45:00,0.0
2030-01-04 22:00:00,0.0
2030-01-04 22:15:00,0.0
2030-01-04 22:30:00,0.0
2030-01-04 22:45:00,0.0
2030-01-04 23:00:00,0.0
2030-01-04 23:15:00,0.0
2030-01-04 23:30:00,0.0
2030-01-04 23:45:00,0.0
2030-01-05 00:00:00,0.0
2030-01-05 00:15:00,0.0
2030-01-05 00:30:00,0.0
2030-01-05 00:45:00,0.0
2030-01-05 01:00:00,0.0
2030-01-05 01:15:00,0.0
2030-01-05 01:30:00,0.0
2030-01-05 01:45:00,0.0
2030-01-05 02:00:00,0.0
2030-01-05 02:15:00,0.0
2030-01-05 02:30:00,0.0
2030-01-05 02:45:00,0.0
2030-01-05 03:00:00,0.0
2030-01-05 03:15:00,0.0
2030-01-05 03:30:00,0.0
2030-01-05 03:45:00,0.0
2030-01-05 04:00:00,0.0
2030-01-05 04:15:00,0.0
2030-01-05 04:30:00,0.0
2030-01-05 04:45:00,0.0
2030-01-05 05:00:00,0.0
2030-01-05 05:15:00,0.0
2030-01-05 05:30:00,0.0
2030-01-05 05:45:00,0.0
2030-01-05 06:00:00,0.0
2030-01-05 06:15:00,0.0
2030-01-05 06:30:00,0.0
2030-01-05 06:45:00,0.0
2030-01-05 07:00:00,0.0
2030-01-05 07:15:00,0.0
2030-01-05 07:30:00,0.0
2030-01-05 07:45:00,0.0
2030-01-05 08:00:00,0.0
2030-01-05 08:15:00,0.0
2030-01-05 08:30:00,0.0
2030-01-05 08:45:00,0.0
2030-01-05 09:00:00,0.0
2030-01-05 09:15:00,0.0
2030-01-05 09:30:00,0.0
2030-01-05 09:45:00,0.0
2030-01-05 10:00:00,0.0
2030-01-05 10:15:00,0.0
2030-01-05 10:30:00,0.0
2030-01-05 10:45:00,0.0
2030-01-05 11:00:00,0.0
2030-01-05 11:15:00,0.0
2030-01-05 11:30:00,0.0
2030-01-05 11:45:00,0.0
2030-01-05 12:00:00,0.0
2030-01-05 12:15:00,0.0
2030-01-05 12:30:00,0.0
2030-01-05 12:45:00,0.0
2030-01-05 13:00:00,0.0
2030-01-05 13:15:00,0.0
2030-01-05 13:30:00,0.0
2030-01-05 13:45:00,0.0
2030-01-05 14:00:00,0.0
2030-01-05 14:15:00,0.0
2030-01-05 14:30:00,0.0
2030-01-05 14:45:00,0.0
2030-01-05 15:00:00,0.0
2030-01-05 15:15:00,0.0
2030-01-05 15:30:00,0.0
2030-01-05 15:45:00,0.0
2030-01-05 16:00:00,0.0
2030-01-05 16:15:00,0.0
2030-01-05 16:30:00,0.0
2030-01-05 16:45:00,0.0
2030-01-05 17:00:00,0.0
2030-01-05 17:15:00,0.0
2030-01-05 17:30:00,0.0
2030-01-05 17:45:00,0.0
2030-01-05 18:00:00,0.0
2030-01-05 18:15:00,0.0
2030-01-05 18:30:00,0.0
2030-01-05 18:45:00,0.0
2030-01-05 19:00:00,0.0
2030-01-05 19:15:00,0.0
2030-01-05 19:30:00,0.0
2030-01-05 19:45:00,0.0
2030-01-05 20:00:00,0.0
2030-01-05 20:15:00,0.0
2030-01-05 20:30:00,0.0
2030-01-05 20:45:00,0.0
2030-01-05 21:00:00,0.0
2030-01-05 21:15:00,0.0
2030-01-05 21:30:00,0.0
2030-01-05 21:45:00,0.0
2030-01-05 22:00:00,0.0
2030-01-05 22:15:00,0.0
2030-01-05 22:30:00,0.0
2030-01-05 22:45:00,0.0
2030-01-05 23:00:00,0.0
2030-01-05 23:15:00,0.0
2030-01-05 23:30:00,0.0
2030-01-05 23:45:00,0.0
2030-01-06 00:00:00,0.0
2030-01-06 00:15:00,0.0
2030-01-06 00:30:00,0.0
2030-01-06 00:45:00,0.0
2030-01-06 01:00:00,0.0
2030-01-06 01:15:00,0.0
2030-01-06 01:30:00,0.0
2030-01-06 01:45:00,0.0
2030-01-06 02:00:00,0.0
2030-01-06 02:15:00,0.0
2030-01-06 02:30:00,0.0
2030-01-06 02:45:00,0.0
2030-01-06 03:00:00,0.0
2030-01-06 03:15:00,0.0
2030-01-06 03:30:00,0.0
2030-01-06 03:45:00,0.0
2030-01-06 04:00:00,0.0
2030-01-06 04:15:00,0.0
2030-01-06 04:30:00,0.0
2030-01-06 04:45:00,0.0
2030-01-06 05:00:00,0.0
2030-01-06 05:15:00,0.0
2030-01-06 05:30:00,0.0
2030-01-06 05:45:00,0.0
2030-01-06 06:00:00,0.0
2030-01-06 06:15:00,0.0
2030-01-06 06:30:00,0.0
2030-01-06 06:45:00,0.0
2030-01-06 07:00:00,0.0
2030-01-06 07:15:00,0.0
2030-01-06 07:30:00,0.0
2030-01-06 07:45:00,0.0
2030-01-06 08:00:00,0.0
2030-01-06 08:15:00,0.0
2030-01-06 08:30:00,0.0
2030-01-06 08:45:00,0.0
2030-01-06 09:00:00,0.0
2030-01-06 09:15:00,0.0
2030-01-06 09:30:00,0.0
2030-01-06 09:45:00,0.0
2030-01-06 10:00:00,0.0
2030-01-06 10:15:00,0.0
2030-01-06 10:30:00,0.0
2030-01-06 10:45:00,0.0
2030-01-06 11:00:00,0.0
2030-01-06 11:15:00,0.0
2030-01-06 11:30:00,0.0
2030-01-06 11:45:00,0.0
2030-01-06 12:00:00,0.0
2030-01-06 12:15:00,0.0
2030-01-06 12:30:00,0.0
2030-01-06 12:45:00,0.0
2030-01-06 13:00:00,0.0
2030-01-06 13:15:00,0.0
2030-01-06 13:30:00,0.0
2030-01-06 13:45:00,0.0
2030-01-06 14:00:00,0.0
2030-01-06 14:15:00,0.0
2030-01-06 14:30:00,0.0
2030-01-06 14:45:00,0.0
2030-01-06 15:00:00,0.0
2030-01-06 15:15:00,0.0
2030-01-06 15:30:00,0.0
2030-01-06 15:45:00,0.0
2030-01-06 16:00:00,0.0
2030-01-06 16:15:00,0.0
2030-01-06 16:30:00,0.0
2030-01-06 16:45:00,0.0
2030-01-06 17:00:00,0.0
2030-01-06 17:15:00,0.0
2030-01-06 17:30:00,0.0
2030-01-06 17:45:00,0.0
2030-01-06 18:00:00,0.0
2030-01-06 18:15:00,0.0
2030-01-06 18:30:00,0.0
2030-01-06 18:45:00,0.0
2030-01-06 19:00:00,0.0
2030-01-06 19:15:00,0.0
2030-01-06 19:30:00,0.0
2030-01-06 19:45:00,0.0
2030-01-06 20:00:00,0.0
2030-01-06 20:15:00,0.0
2030-01-06 20:30:00,0.0
2030-01-06 20:45:00,0.0
2030-01-06 21:00:00,0.0
2030-01-06 21:15:00,0.0
2030-01-06 21:30:00,0.0
2030-01-06 21:45:00,0.0
2030-01-06 22:00:00,0.0
2030-01-06 22:15:00,0.0
2030-01-06 22:30:00,0.0
2030-01-06 22:45:00,0.0
2030-01-06 23:00:00,0.0
2030-01-06 23:15:00,0.0
2030-01-06 23:30:00,0.0
2030-01-06 23:45:00,0.0
2030-01-07 00:00:00,0.0
2030-01-07 00:15:00,0.0
2030-01-07 00:30:00,0.0
2030-01-07 00:45:00,0.0
2030-01-07 01:00:00,0.0
2030-01-07 01:15:00,0.0
2030-01-07 01:30:00,0.0
2030-01-07 01:45:00,0.0
2030-01-07 02:00:00,0.0
2030-01-07 02:15:00,0.0
2030-01-07 02:30:00,0.0
2030-01-07 02:45:00,0.0
2030-01-07 03:00:00,0.0
2030-01-07 03:15:00,0.0
2030-01-07 03:30:00,0.0
2030-01-07 03:45:00,0.0
2030-01-07 04:00:00,0.0
2030-01-07 04:15:00,0.0
2030-01-07 04:30:00,0.0
2030-01-07 04:45:00,0.0
2030-01-07 05:00:00,0.0
2030-01-07 05:15:00,0.0
2030-01-07 05:30:00,0.0
2030-01-07 05:45:00,0.0
2030-01-07 06:00:00,0.0
2030-01-07 06:15:00,0.0
2030-01-07 06:30:00,0.0
2030-01-07 06:45:00,0.0
2030-01-07 07:00:00,0.0
2030-01-07 07:15:00,0.0
2030-01-07 07:30:00,0.0
2030-01-07 07:45:00,0.0
2030-01-07 08:00:00,0.0
2030-01-07 08:15:00,0.0
2030-01-07 08:30:00,0.0
2030-01-07 08:45:00,0.0
2030-01-07 09:00:00,0.0
2030-01-07 09:15:00,0.0
2030-01-07 09:30:00,0.0
2030-01-07 09:45:00,0.0
2030-01-07 10:00:00,0.0
2030-01-07 10:15:00,0.0
2030-01-07 10:30:00,0.0
2030-01-07 10:45:00,0.0
2030-01-07 11:00:00,0.0
2030-01-07 11:15:00,0.0
2030-01-07 11:30:00,0.0
2030-01-07 11:45:00,0.0
2030-01-07 12:00:00,0.0
2030-01-07 12:15:00,0.0
2030-01-07 12:30:00,0.0
2030-01-07 12:45:00,0.0
2030-01-07 13:00:00,0.0
2030-01-07 13:15:00,0.0
2030-01-07 13:30:00,0.0
2030-01-07 13:45:00,0.0
2030-01-07 14:00:00,0.0
2030-01-07 14:15:00,0.0
2030-01-07 14:30:00,0.0
2030-01-07 14:45:00,0.0
2030-01-07 15:00:00,0.0
2030-01-07 15:15:00,0.0
2030-01-07 15:30:00,0.0
2030-01-07 15:45:00,0.0
2030-01-07 16:00:00,0.0
2030-01-07 16:15:00,0.0
2030-01-07 16:30:00,0.0
2030-01-07 16:45:00,0.0
2030-01-07 17:00:00,0.0
2030-01-07 17:15:00,0.0
2030-01-07 17:30:00,0.0
2030-01-07 17:45:00,0.0
2030-01-07 18:00:00,0.0
2030-01-07 18:15:00,0.0
2030-01-07 18:30:00,0.0
2030-01-07 18:45:00,0.0
2030-01-07 19:00:00,0.0
2030-01-07 19:15:00,0.0
2030-01-07 19:30:00,0.0
2030-01-07 19:45:00,0.0
2030-01-07 20:00:00,0.0
2030-01-07 20:15:00,0.0
2030-01-07 20:30:00,0.0
2030-01-07 20:45:00,0.0
2030-01-07 21:00:00,0.0
2030-01-07 21:15:00,0.0
2030-01-07 21:30:00,0.0
2030-01-07 21:45:00,0.0
2030-01-07 22:00:00,0.0
2030-01-07 22:15:00,0.0
2030-01-07 22:30:00,0.0
2030-01-07 22:45:00,0.0
2030-01-07 23:00:00,0.0
2030-01-07 23:15:00,0.0
2030-01-07 23:30:00,0.0
2030-01-07 23:45:00,0.0
2030-01-08 00:00:00,0.0
2030-01-08 00:15:00,0.0
2030-01-08 00:30:00,0.0
2030-01-08 00:45:00,0.0
2030-01-08 01:00:00,0.0
2030-01-08 01:15:00,0.0
2030-01-08 01:30:00,0.0
2030-01-08 01:45:00,0.0
2030-01-08 02:00:00,0.0
2030-01-08 02:15:00,0.0
2030-01-08 02:30:00,0.0
2030-01-08 02:45:00,0.0
2030-01-08 03:00:00,0.0
2030-01-08 03:15:00,0.0
2030-01-08 03:30:00,0.0
2030-01-08 03:45:00,0.0
2030-01-08 04:00:00,0.0
2030-01-08 04:15:00,0.0
2030-01-08 04:30:00,0.0
2030-01-08 04:45:00,0.0
2030-01-08 05:00:00,0.0
2030-01-08 05:15:00,0.0
2030-01-08 05:30:00,0.0
2030-01-08 05:45:00,0.0
2030-01-08 06:00:00,0.0
2030-01-08 06:15:00,0.0
2030-01-08 06:30:00,0.0
2030-01-08 06:45:00,0.0
2030-01-08 07:00:00,0.0
2030-01-08 07:15:00,0.0
2030-01-08 07:30:00,0.0
2030-01-08 07:45:00,0.0
2030-01-08 08:00:00,0.0
2030-01-08 08:15:00,0.0
2030-01-08 08:30:00,0.0
2030-01-08 08:45:00,0.0
2030-01-08 09:00:00,0.0
2030-01-08 09:15:00,0.0
2030-01-08 09:30:00,0.0
2030-01-08 09:45:00,0.0
2030-01-08 10:00:00,0.0
2030-01-08 10:15:00,0.0
2030-01-08 10:30:00,0.0
2030-01-08 10:45:00,0.0
2030-01-08 11:00:00,0.0
2030-01-08 11:15:00,0.0
2030-01-08 11:30:00,0.0
2030-01-08 11:45:00,0.0
2030-01-08 12:00:00,0.0
2030-01-08 12:15:00,0.0
2030-01-08 12:30:00,0.0
2030-01-08 12:45:00,0.0
2030-01-08 13:00:00,0.0
2030-01-08 13:15:00,0.0
2030-01-08 13:30:00,0.0
2030-01-08 13:45:00,0.0
2030-01-08 14:00:00,0.0
2030-01-08 14:15:00,0.0
2030-01-08 14:30:00,0.0
2030-01-08 14:45:00,0.0
2030-01-08 15:00:00,0.0
2030-01-08 15:15:00,0.0
2030-01-08 15:30:00,0.0
2030-01-08 15:45:00,0.0
2030-01-08 16:00:00,0.0
2030-01-08 16:15:00,0.0
2030-01-08 16:30:00,0.0
2030-01-08 16:45:00,0.0
2030-01-08 17:00:00,0.0
2030-01-08 17:15:00,0.0
2030-01-08 17:30:00,0.0
2030-01-08 17:45:00,0.0
2030-01-08 18:00:00,0.0
2030-01-08 18:15:00,0.0
2030-01-08 18:30:00,0.0
2030-01-08 18:45:00,0.0
2030-01-08 19:00:00,0.0
2030-01-08 19:15:00,0.0
2030-01-08 19:30:00,0.0
2030-01-08 19:45:00,0.0
2030-01-08 20:00:00,0.0
2030-01-08 20:15:00,0.0
2030-01-08 20:30:00,0.0
2030-01-08 20:45:00,0.0
2030-01-08 21:00:00,0.0
2030-01-08 21:15:00,0.0
2030-01-08 21:30:00,0.0
2030-01-08 21:45:00,0.0
2030-01-08 22:00:00,0.0
2030-01-08 22:15:00,0.0
2030-01-08 22:30:00,0.0
2030-01-08 22:45:00,0.0
2030-01-08 23:00:00,0.0
2030-01-08 23:15:00,0.0
2030-01-08 23:30:00,0.0
2030-01-08 23:45:00,0.0
2030-01-09 00:00:00,0.0
2030-01-09 00:15:00,0.0
2030-01-09 00:30:00,0.0
2030-01-09 00:45:00,0.0
2030-01-09 01:00:00,0.0
2030-01-09 01:15:00,0.0
2030-01-09 01:30:00,0.0
2030-01-09 01:45:00,0.0
2030-01-09 02:00:00,0.0
2030-01-09 02:15:00,0.0
2030-01-09 02:30:00,0.0
2030-01-09 02:45:00,0.0
2030-01-09 03:00:00,0.0
2030-01-09 03:15:00,0.0
2030-01-09 03:30:00,0.0
2030-01-09 03:45:00,0.0
2030-01-09 04:00:00,0.0
2030-01-09 04:15:00,0.0
2030-01-09 04:30:00,0.0
2030-01-09 04:45:00,0.0
2030-01-09 05:00:00,0.0
2030-01-09 05:15:00,0.0
2030-01-09 05:30:00,0.0
2030-01-09 05:45:00,0.0
2030-01-09 06:00:00,0.0
2030-01-09 06:15:00,0.0
2030-01-09 06:30:00,0.0
2030-01-09 06:45:00,0.0
2030-01-09 07:00:00,0.0
2030-01-09 07:15:00,0.0
2030-01-09 07:30:00,0.0
2030-01-09 07:45:00,0.0
2030-01-09 08:00:00,0.0
2030-01-09 08:15:00,0.0
2030-01-09 08:30:00,0.0
2030-01-09 08:45:00,0.0
2030-01-09 09:00:00,0.0
2030-01-09 09:15:00,0.0
2030-01-09 09:30:00,0.0
2030-01-09 09:45:00,0.0
2030-01-09 10:00:00,0.0
2030-01-09 10:15:00,0.0
2030-01-09 10:30:00,0.0
2030-01-09 10:45:00,0.0
2030-01-09 11:00:00,0.0
2030-01-09 11:15:00,0.0
2030-01-09 11:30:00,0.0
2030-01-09 11:45:00,0.0
2030-01-09 12:00:00,0.0
2030-01-09 12:15:00,0.0
2030-01-09 12:30:00,0.0
2030-01-09 12:45:00,0.0
2030-01-09 13:00:00,0.0
2030-01-09 13:15:00,0.0
2030-01-09 13:30:00,0.0
2030-01-09 13:45:00,0.0
2030-01-09 14:00:00,0.0
2030-01-09 14:15:00,0.0
2030-01-09 14:30:00,0.0
2030-01-09 14:45:00,0.0
2030-01-09 15:00:00,0.0
2030-01-09 15:15:00,0.0
2030-01-09 15:30:00,0.0
2030-01-09 15:45:00,0.0
2030-01-09 16:00:00,0.0
2030-01-09 16:15:00,0.0
2030-01-09 16:30:00,0.0
2030-01-09 16:45:00,0.0
2030-01-09 17:00:00,0.0
2030-01-09 17:15:00,0.0
2030-01-09 17:30:00,0.0
2030-01-09 17:45:00,0.0
2030-01-09 18:00:00,0.0
2030-01-09 18:15:00,0.0
2030-01-09 18:30:00,0.0
2030-01-09 18:45:00,0.0
2030-01-09 19:00:00,0.0
2030-01-09 19:15:00,0.0
2030-01-09 19:30:00,0.0
2030-01-09 19:45:00,0.0
2030-01-09 20:00:00,0.0
2030-01-09 20:15:00,0.0
2030-01-09 20:30:00,0.0
2030-01-09 20:45:00,0.0
2030-01-09 21:00:00,0.0
2030-01-09 21:15:00,0.0
2030-01-09 21:30:00,0.0
2030-01-09 21:45:00,0.0
2030-01-09 22:00:00,0.0
2030-01-09 22:15:00,0.0
2030-01-09 22:30:00,0.0
2030-01-09 22:45:00,0.0
2030-01-09 23:00:00,0.0
2030-01-09 23:15:00,0.0
2030-01-09 23:30:00,0.0
2030-01-09 23:45:00,0.0
2030-01-10 00:00:00,0.0
2030-01-10 00:15:00,0.0
2030-01-10 00:30:00,0.0
2030-01-10 00:45:00,0.0
2030-01-10 01:00:00,0.0
2030-01-10 01:15:00,0.0
2030-01-10 01:30:00,0.0
2030-01-10 01:45:00,0.0
2030-01-10 02:00:00,0.0
2030-01-10 02:15:00,0.0
2030-01-10 02:30:00,0.0
2030-01-10 02:45:00,0.0
2030-01-10 03:00:00,0.0
2030-01-10 03:15:00,0.0
2030-01-10 03:30:00,0.0
2030-01-10 03:45:00,0.0
2030-01-10 04:00:00,0.0
2030-01-10 04:15:00,0.0
2030-01-10 04:30:00,0.0
2030-01-10 04:45:00,0.0
2030-01-10 05:00:00,0.0
2030-01-10 05:15:00,0.0
2030-01-10 05:30:00,0.0
2030-01-10 05:45:00,0.0
2030-01-10 06:00:00,0.0
2030-01-10 06:15:00,0.0
2030-01-10 06:30:00,0.0
2030-01-10 06:45:00,0.0
2030-01-10 07:00:00,0.0
2030-01-10 07:15:00,0.0
2030-01-10 07:30:00,0.0
2030-01-10 07:45:00,0.0
2030-01-10 08:00:00,0.0
2030-01-10 08:15:00,0.0
2030-01-10 08:30:00,0.0
2030-01-10 08:45:00,0.0
2030-01-10 09:00:00,0.0
2030-01-10 09:15:00,0.0
2030-01-10 09:30:00,0.0
2030-01-10 09:45:00,0.0
2030-01-10 10:00:00,0.0
2030-01-10 10:15:00,0.0
2030-01-10 10:30:00,0.0
2030-01-10 10:45:00,0.0
2030-01-10 11:00:00,0.0
2030-01-10 11:15:00,0.0
2030-01-10 11:30:00,0.0
2030-01-10 11:45:00,0.0
2030-01-10 12:00:00,0.0
2030-01-10 12:15:00,0.0
2030-01-10 12:30:00,0.0
2030-01-10 12:45:00,0.0
2030-01-10 13:00:00,0.0
2030-01-10 13:15:00,0.0
2030-01-10 13:30:00,0.0
2030-01-10 13:45:00,0.0
2030-01-10 14:00:00,0.0
2030-01-10 14:15:00,0.0
2030-01-10 14:30:00,0.0
2030-01-10 14:45:00,0.0
2030-01-10 15:00:00,0.0
2030-01-10 15:15:00,0.0
2030-01-10 15:30:00,0.0
2030-01-10 15:45:00,0.0
2030-01-10 16:00:00,0.0
2030-01-10 16:15:00,0.0
2030-01-10 16:30:00,0.0
2030-01-10 16:45:00,0.0
2030-01-10 17:00:00,0.0
2030-01-10 17:15:00,0.0
2030-01-10 17:30:00,0.0
2030-01-10 17:45:00,0.0
2030-01-10 18:00:00,0.0
2030-01-10 18:15:00,0.0
2030-01-10 18:30:00,0.0
2030-01-10 18:45:00,0.0
2030-01-10 19:00:00,0.0
2030-01-10 19:15:00,0.0
2030-01-10 19:30:00,0.0
2030-01-10 19:45:00,0.0
2030-01-10 20:00:00,0.0
2030-01-10 20:15:00,0.0
2030-01-10 20:30:00,0.0
2030-01-10 20:45:00,0.0
2030-01-10 21:00:00,0.0
2030-01-10 21:15:00,0.0
2030-01-10 21:30:00,0.0
2030-01-10 21:45:00,0.0
2030-01-10 22:00:00,0.0
2030-01-10 22:15:00,0.0
2030-01-10 22:30:00,0.0
2030-01-10 22:45:00,0.0
2030-01-10 23:00:00,0.0
2030-01-10 23:15:00,0.0
2030-01-10 23:30:00,0.0
2030-01-10 23:45:00,0.0
2030-01-11 00:00:00,0.0
2030-01-11 00:15:00,0.0
2030-01-11 00:30:00,0.0
2030-01-11 00:45:00,0.0
2030-01-11 01:00:00,0.0
2030-01-11 01:15:00,0.0
2030-01-11 01:30:00,0.0
2030-01-11 01:45:00,0.0
2030-01-11 02:00:00,0.0
2030-01-11 02:15:00,0.0
2030-01-11 02:30:00,0.0
2030-01-11 02:45:00,0.0
2030-01-11 03:00:00,0.0
2030-01-11 03:15:00,0.0
2030-01-11 03:30:00,0.0
2030-01-11 03:45:00,0.0
2030-01-11 04:00:00,0.0
2030-01-11 04:15:00,0.0
2030-01-11 04:30:00,0.0
2030-01-11 04:45:00,0.0
2030-01-11 05:00:00,0.0
2030-01-11 05:15:00,0.0
2030-01-11 05:30:00,0.0
2030-01-11 05:45:00,0.0
2030-01-11 06:00:00,0.0
2030-01-11 06:15:00,0.0
2030-01-11 06:30:00,0.0
2030-01-11 06:45:00,0.0
2030-01-11 07:00:00,0.0
2030-01-11 07:15:00,0.0
2030-01-11 07:30:00,0.0
2030-01-11 07:45:00,0.0
2030-01-11 08:00:00,0.0
2030-01-11 08:15:00,0.0
2030-01-11 08:30:00,0.0
2030-01-11 08:45:00,0.0
2030-01-11 09:00:00,0.0
2030-01-11 09:15:00,0.0
2030-01-11 09:30:00,0.0
2030-01-11 09:45:00,0.0
2030-01-11 10:00:00,0.0
2030-01-11 10:15:00,0.0
2030-01-11 10:30:00,0.0
2030-01-11 10:45:00,0.0
2030-01-11 11:00:00,0.0
2030-01-11 11:15:00,0.0
2030-01-11 11:30:00,0.0
2030-01-11 11:45:00,0.0
2030-01-11 12:00:00,0.0
2030-01-11 12:15:00,0.0
2030-01-11 12:30:00,0.0
2030-01-11 12:45:00,0.0
2030-01-11 13:00:00,0.0
2030-01-11 13:15:00,0.0
2030-01-11 13:30:00,0.0
2030-01-11 13:45:00,0.0
2030-01-11 14:00:00,0.0
2030-01-11 14:15:00,0.0
2030-01-11 14:30:00,0.0
2030-01-11 14:45:00,0.0
2030-01-11 15:00:00,0.0
2030-01-11 15:15:00,0.0
2030-01-11 15:30:00,0.0
2030-01-11 15:45:00,0.0
2030-01-11 16:00:00,0.0
2030-01-11 16:15:00,0.0
2030-01-11 16:30:00,0.0
2030-01-11 16:45:00,0.0
2030-01-11 17:00:00,0.0
2030-01-11 17:15:00,0.0
2030-01-11 17:30:00,0.0
2030-01-11 17:45:00,0.0
2030-01-11 18:00:00,0.0
2030-01-11 18:15:00,0.0
2030-01-11 18:30:00,0.0
2030-01-11 18:45:00,0.0
2030-01-11 19:00:00,0.0
2030-01-11 19:15:00,0.0
2030-01-11 19:30:00,0.0
2030-01-11 19:45:00,0.0
2030-01-11 20:00:00,0.0
2030-01-11 20:15:00,0.0
2030-01-11 20:30:00,0.0
2030-01-11 20:45:00,0.0
2030-01-11 21:00:00,0.0
2030-01-11 21:15:00,0.0
2030-01-11 21:30:00,0.0
2030-01-11 21:45:00,0.0
2030-01-11 22:00:00,0.0
2030-01-11 22:15:00,0.0
2030-01-11 22:30:00,0.0
2030-01-11 22:45:00,0.0
2030-01-11 23:00:00,0.0
2030-01-11 23:15:00,0.0
2030-01-11 23:30:00,0.0
2030-01-11 23:45:00,0.0
2030-01-12 00:00:00,0.0
2030-01-12 00:15:00,0.0
2030-01-12 00:30:00,0.0
2030-01-12 00:45:00,0.0
2030-01-12 01:00:00,0.0
2030-01-12 01:15:00,0.0
2030-01-12 01:30:00,0.0
2030-01-12 01:45:00,0.0
2030-01-12 02:00:00,0.0
2030-01-12 02:15:00,0.0
2030-01-12 02:30:00,0.0
2030-01-12 02:45:00,0.0
2030-01-12 03:00:00,0.0
2030-01-12 03:15:00,0.0
2030-01-12 03:30:00,0.0
2030-01-12 03:45:00,0.0
2030-01-12 04:00:00,0.0
2030-01-12 04:15:00,0.0
2030-01-12 04:30:00,0.0
2030-01-12 04:45:00,0.0
2030-01-12 05:00:00,0.0
2030-01-12 05:15:00,0.0
2030-01-12 05:30:00,0.0
2030-01-12 05:45:00,0.0
2030-01-12 06:00:00,0.0
2030-01-12 06:15:00,0.0
2030-01-12 06:30:00,0.0
2030-01-12 06:45:00,0.0
2030-01-12 07:00:00,0.0
2030-01-12 07:15:00,0.0
2030-01-12 07:30:00,0.0
2030-01-12 07:45:00,0.0
2030-01-12 08:00:00,0.0
2030-01-12 08:15:00,0.0
2030-01-12 08:30:00,0.0
2030-01-12 08:45:00,0.0
2030-01-12 09:00:00,0.0
2030-01-12 09:15:00,0.0
2030-01-12 09:30:00,0.0
2030-01-12 09:45:00,0.0
2030-01-12 10:00:00,0.0
2030-01-12 10:15:00,0.0
2030-01-12 10:30:00,0.0
2030-01-12 10:45:00,0.0
2030-01-12 11:00:00,0.0
2030-01-12 11:15:00,0.0
2030-01-12 11:30:00,0.0
2030-01-12 11:45:00,0.0
2030-01-12 12:00:00,0.0
2030-01-12 12:15:00,0.0
2030-01-12 12:30:00,0.0
2030-01-12 12:45:00,0.0
2030-01-12 13:00:00,0.0
2030-01-12 13:15:00,0.0
2030-01-12 13:30:00,0.0
2030-01-12 13:45:00,0.0
2030-01-12 14:00:00,0.0
2030-01-12 14:15:00,0.0
2030-01-12 14:30:00,0.0
2030-01-12 14:45:00,0.0
2030-01-12 15:00:00,0.0
2030-01-12 15:15:00,0.0
2030-01-12 15:30:00,0.0
2030-01-12 15:45:00,0.0
2030-01-12 16:00:00,0.0
2030-01-12 16:15:00,0.0
2030-01-12 16:30:00,0.0
2030-01-12 16:45:00,0.0
2030-01-12 17:00:00,0.0
2030-01-12 17:15:00,0.0
2030-01-12 17:30:00,0.0
2030-01-12 17:45:00,0.0
2030-01-12 18:00:00,0.0
2030-01-12 18:15:00,0.0
2030-01-12 18:30:00,0.0
2030-01-12 18:45:00,0.0
2030-01-12 19:00:00,0.0
2030-01-12 19:15:00,0.0
2030-01-12 19:30:00,0.0
2030-01-12 19:45:00,0.0
2030-01-12 20:00:00,0.0
2030-01-12 20:15:00,0.0
2030-01-12 20:30:00,0.0
2030-01-12 20:45:00,0.0
2030-01-12 21:00:00,0.0
2030-01-12 21:15:00,0.0
2030-01-12 21:30:00,0.0
2030-01-12 21:45:00,0.0
2030-01-12 22:00:00,0.0
2030-01-12 22:15:00,0.0
2030-01-12 22:30:00,0.0
2030-01-12 22:45:00,0.0
2030-01-12 23:00:00,0.0
2030-01-12 23:15:00,0.0
2030-01-12 23:30:00,0.0
2030-01-12 23:45:00,0.0
2030-01-13 00:00:00,0.0
2030-01-13 00:15:00,0.0
2030-01-13 00:30:00,0.0
2030-01-13 00:45:00,0.0
2030-01-13 01:00:00,0.0
2030-01-13 01:15:00,0.0
2030-01-13 01:30:00,0.0
2030-01-13 01:45:00,0.0
2030-01-13 02:00:00,0.0
2030-01-13 02:15:00,0.0
2030-01-13 02:30:00,0.0
2030-01-13 02:45:00,0.0
2030-01-13 03:00:00,0.0
2030-01-13 03:15:00,0.0
2030-01-13 03:30:00,0.0
2030-01-13 03:45:00,0.0
2030-01-13 04:00:00,0.0
2030-01-13 04:15:00,0.0
2030-01-13 04:30:00,0.0
2030-01-13 04:45:00,0.0
2030-01-13 05:00:00,0.0
2030-01-13 05:15:00,0.0
2030-01-13 05:30:00,0.0
2030-01-13 05:45:00,0.0
2030-01-13 06:00:00,0.0
2030-01-13 06:15:00,0.0
2030-01-13 06:30:00,0.0
2030-01-13 06:45:00,0.0
2030-01-13 07:00:00,0.0
2030-01-13 07:15:00,0.0
2030-01-13 07:30:00,0.0
2030-01-13 07:45:00,0.0
2030-01-13 08:00:00,0.0
2030-01-13 08:15:00,0.0
2030-01-13 08:30:00,0.0
2030-01-13 08:45:00,0.0
2030-01-13 09:00:00,0.0
2030-01-13 09:15:00,0.0
2030-01-13 09:30:00,0.0
2030-01-13 09:45:00,0.0
2030-01-13 10:00:00,0.0
2030-01-13 10:15:00,0.0
2030-01-13 10:30:00,0.0
2030-01-13 10:45:00,0.0
2030-01-13 11:00:00,0.0
2030-01-13 11:15:00,0.0
2030-01-13 11:30:00,0.0
2030-01-13 11:45:00,0.0
2030-01-13 12:00:00,0.0
2030-01-13 12:15:00,0.0
2030-01-13 12:30:00,0.0
2030-01-13 12:45:00,0.0
2030-01-13 13:00:00,0.0
2030-01-13 13:15:00,0.0
2030-01-13 13:30:00,0.0
2030-01-13 13:45:00,0.0
2030-01-13 14:00:00,0.0
2030-01-13 14:15:00,0.0
2030-01-13 14:30:00,0.0
2030-01-13 14:45:00,0.0
2030-01-13 15:00:00,0.0
2030-01-13 15:15:00,0.0
2030-01-13 15:30:00,0.0
2030-01-13 15:45:00,0.0
2030-01-13 16:00:00,0.0
2030-01-13 16:15:00,0.0
2030-01-13 16:30:00,0.0
2030-01-13 16:45:00,0.0
2030-01-13 17:00:00,0.0
2030-01-13 17:15:00,0.0
2030-01-13 17:30:00,0.0
2030-01-13 17:45:00,0.0
2030-01-13 18:00:00,0.0
2030-01-13 18:15:00,0.0
2030-01-13 18:30:00,0.0
2030-01-13 18:45:00,0.0
2030-01-13 19:00:00,0.0
2030-01-13 19:15:00,0.0
2030-01-13 19:30:00,0.0
2030-01-13 19:45:00,0.0
2030-01-13 20:00:00,0.0
2030-01-13 20:15:00,0.0
2030-01-13 20:30:00,0.0
2030-01-13 20:45:00,0.0
2030-01-13 21:00:00,0.0
2030-01-13 21:15:00,0.0
2030-01-13 21:30:00,0.0
2030-01-13 21:45:00,0.0
2030-01-13 22:00:00,0.0
2030-01-13 22:15:00,0.0
2030-01-13 22:30:00,0.0
2030-01-13 22:45:00,0.0
2030-01-13 23:00:00,0.0
2030-01-13 23:15:00,0.0
2030-01-13 23:30:00,0.0
2030-01-13 23:45:00,0.0
2030-01-14 00:00:00,0.0
2030-01-14 00:15:00,0.0
2030-01-14 00:30:00,0.0
2030-01-14 00:45:00,0.0
2030-01-14 01:00:00,0.0
2030-01-14 01:15:00,0.0
2030-01-14 01:30:00,0.0
2030-01-14 01:45:00,0.0
2030-01-14 02:00:00,0.0
2030-01-14 02:15:00,0.0
2030-01-14 02:30:00,0.0
2030-01-14 02:45:00,0.0
2030-01-14 03:00:00,0.0
2030-01-14 03:15:00,0.0
2030-01-14 03:30:00,0.0
2030-01-14 03:45:00,0.0
2030-01-14 04:00:00,0.0
2030-01-14 04:15:00,0.0
2030-01-14 04:30:00,0.0
2030-01-14 04:45:00,0.0
2030-01-14 05:00:00,0.0
2030-01-14 05:15:00,0.0
2030-01-14 05:30:00,0.0
2030-01-14 05:45:00,0.0
2030-01-14 06:00:00,0.0
2030-01-14 06:15:00,0.0
2030-01-14 06:30:00,0.0
2030-01-14 06:45:00,0.0
2030-01-14 07:00:00,0.0
2030-01-14 07:15:00,0.0
2030-01-14 07:30:00,0.0
2030-01-14 07:45:00,0.0
2030-01-14 08:00:00,0.0
2030-01-14 08:15:00,0.0
2030-01-14 08:30:00,0.0
2030-01-14 08:45:00,0.0
2030-01-14 09:00:00,0.0
2030-01-14 09:15:00,0.0
2030-01-14 09:30:00,0.0
2030-01-14 09:45:00,0.0
2030-01-14 10:00:00,0.0
2030-01-14 10:15:00,0.0
2030-01-14 10:30:00,0.0
2030-01-14 10:45:00,0.0
2030-01-14 11:00:00,0.0
2030-01-14 11:15:00,0.0
2030-01-14 11:30:00,0.0
2030-01-14 11:45:00,0.0
2030-01-14 12:00:00,0.0
2030-01-14 12:15:00,0.0
2030-01-14 12:30:00,0.0
2030-01-14 12:45:00,0.0
2030-01-14 13:00:00,0.0
2030-01-14 13:15:00,0.0
2030-01-14 13:30:00,0.0
2030-01-14 13:45:00,0.0
2030-01-14 14:00:00,0.0
2030-01-14 14:15:00,0.0
2030-01-14 14:30:00,0.0
2030-01-14 14:45:00,0.0
2030-01-14 15:00:00,0.0
2030-01-14 15:15:00,0.0
2030-01-14 15:30:00,0.0
2030-01-14 15:45:00,0.0
2030-01-14 16:00:00,0.0
2030-01-14 16:15:00,0.0
2030-01-14 16:30:00,0.0
2030-01-14 16:45:00,0.0
2030-01-14 17:00:00,0.0
2030-01-14 17:15:00,0.0
2030-01-14 17:30:00,0.0
2030-01-14 17:45:00,0.0
2030-01-14 18:00:00,0.0
2030-01-14 18:15:00,0.0
2030-01-14 18:30:00,0.0
2030-01-14 18:45:00,0.0
2030-01-14 19:00:00,0.0
2030-01-14 19:15:00,0.0
2030-01-14 19:30:00,0.0
2030-01-14 19:45:00,0.0
2030-01-14 20:00:00,0.0
2030-01-14 20:15:00,0.0
2030-01-14 20:30:00,0.0
2030-01-14 20:45:00,0.0
2030-01-14 21:00:00,0.0
2030-01-14 21:15:00,0.0
2030-01-14 21:30:00,0.0
2030-01-14 21:45:00,0.0
2030-01-14 22:00:00,0.0
2030-01-14 22:15:00,0.0
2030-01-14 22:30:00,0.0
2030-01-14 22:45:00,0.0
2030-01-14 23:00:00,0.0
2030-01-14 23:15:00,0.0
2030-01-14 23:30:00,0.0
2030-01-14 23:45:00,0.0
2030-01-15 00:00:00,0.0
2030-01-15 00:15:00,0.0
2030-01-15 00:30:00,0.0
2030-01-15 00:45:00,0.0
2030-01-15 01:00:00,0.0
2030-01-15 01:15:00,0.0
2030-01-15 01:30:00,0.0
2030-01-15 01:45:00,0.0
2030-01-15 02:00:00,0.0
2030-01-15 02:15:00,0.0
2030-01-15 02:30:00,0.0
2030-01-15 02:45:00,0.0
2030-01-15 03:00:00,0.0
2030-01-15 03:15:00,0.0
2030-01-15 03:30:00,0.0
2030-01-15 03:45:00,0.0
2030-01-15 04:00:00,0.0
2030-01-15 04:15:00,0.0
2030-01-15 04:30:00,0.0
2030-01-15 04:45:00,0.0
2030-01-15 05:00:00,0.0
2030-01-15 05:15:00,0.0
2030-01-15 05:30:00,0.0
2030-01-15 05:45:00,0.0
2030-01-15 06:00:00,0.0
2030-01-15 06:15:00,0.0
2030-01-15 06:30:00,0.0
2030-01-15 06:45:00,0.0
2030-01-15 07:00:00,0.0
2030-01-15 07:15:00,0.0
2030-01-15 07:30:00,0.0
2030-01-15 07:45:00,0.0
2030-01-15 08:00:00,0.0
2030-01-15 08:15:00,0.0
2030-01-15 08:30:00,0.0
2030-01-15 08:45:00,0.0
2030-01-15 09:00:00,0.0
2030-01-15 09:15:00,0.0
2030-01-15 09:30:00,0.0
2030-01-15 09:45:00,0.0
2030-01-15 10:00:00,0.0
2030-01-15 10:15:00,0.0
2030-01-15 10:30:00,0.0
2030-01-15 10:45:00,0.0
2030-01-15 11:00:00,0.0
2030-01-15 11:15:00,0.0
2030-01-15 11:30:00,0.0
2030-01-15 11:45:00,0.0
2030-01-15 12:00:00,0.0
2030-01-15 12:15:00,0.0
2030-01-15 12:30:00,0.0
2030-01-15 12:45:00,0.0
2030-01-15 13:00:00,0.0
2030-01-15 13:15:00,0.0
2030-01-15 13:30:00,0.0
2030-01-15 13:45:00,0.0
2030-01-15 14:00:00,0.0
2030-01-15 14:15:00,0.0
2030-01-15 14:30:00,0.0
2030-01-15 14:45:00,0.0
2030-01-15 15:00:00,0.0
2030-01-15 15:15:00,0.0
2030-01-15 15:30:00,0.0
2030-01-15 15:45:00,0.0
2030-01-15 16:00:00,0.0
2030-01-15 16:15:00,0.0
2030-01-15 16:30:00,0.0
2030-01-15 16:45:00,0.0
2030-01-15 17:00:00,0.0
2030-01-15 17:15:00,0.0
2030-01-15 17:30:00,0.0
2030-01-15 17:45:00,0.0
2030-01-15 18:00:00,0.0
2030-01-15 18:15:00,0.0
2030-01-15 18:30:00,0.0
2030-01-15 18:45:00,0.0
2030-01-15 19:00:00,0.0
2030-01-15 19:15:00,0.0
2030-01-15 19:30:00,0.0
2030-01-15 19:45:00,0.0
2030-01-15 20:00:00,0.0
2030-01-15 20:15:00,0.0
2030-01-15 20:30:00,0.0
2030-01-15 20:45:00,0.0
2030-01-15 21:00:00,0.0
2030-01-15 21:15:00,0.0
2030-01-15 21:30:00,0.0
2030-01-15 21:45:00,0.0
2030-01-15 22:00:00,0.0
2030-01-15 22:15:00,0.0
2030-01-15 22:30:00,0.0
2030-01-15 22:45:00,0.0
2030-01-15 23:00:00,0.0
2030-01-15 23:15:00,0.0
2030-01-15 23:30:00,0.0
2030-01-15 23:45:00,0.0
2030-01-16 00:00:00,0.0
2030-01-16 00:15:00,0.0
2030-01-16 00:30:00,0.0
2030-01-16 00:45:00,0.0
2030-01-16 01:00:00,0.0
2030-01-16 01:15:00,0.0
2030-01-16 01:30:00,0.0
2030-01-16 01:45:00,0.0
2030-01-16 02:00:00,0.0
2030-01-16 02:15:00,0.0
2030-01-16 02:30:00,0.0
2030-01-16 02:45:00,0.0
2030-01-16 03:00:00,0.0
2030-01-16 03:15:00,0.0
2030-01-16 03:30:00,0.0
2030-01-16 03:45:00,0.0
2030-01-16 04:00:00,0.0
2030-01-16 04:15:00,0.0
2030-01-16 04:30:00,0.0
2030-01-16 04:45:00,0.0
2030-01-16 05:00:00,0.0
2030-01-16 05:15:00,0.0
2030-01-16 05:30:00,0.0
2030-01-16 05:45:00,0.0
2030-01-16 06:00:00,0.0
2030-01-16 06:15:00,0.0
2030-01-16 06:30:00,0.0
2030-01-16 06:45:00,0.0
2030-01-16 07:00:00,0.0
2030-01-16 07:15:00,0.0
2030-01-16 07:30:00,0.0
2030-01-16 07:45:00,0.0
2030-01-16 08:00:00,0.0
2030-01-16 08:15:00,0.0
2030-01-16 08:30:00,0.0
2030-01-16 08:45:00,0.0
2030-01-16 09:00:00,0.0
2030-01-16 09:15:00,0.0
2030-01-16 09:30:00,0.0
2030-01-16 09:45:00,0.0
2030-01-16 10:00:00,0.0
2030-01-16 10:15:00,0.0
2030-01-16 10:30:00,0.0
2030-01-16 10:45:00,0.0
2030-01-16 11:00:00,0.0
2030-01-16 11:15:00,0.0
2030-01-16 11:30:00,0.0
2030-01-16 11:45:00,0.0
2030-01-16 12:00:00,0.0
2030-01-16 12:15:00,0.0
2030-01-16 12:30:00,0.0
2030-01-16 12:45:00,0.0
2030-01-16 13:00:00,0.0
2030-01-16 13:15:00,0.0
2030-01-16 13:30:00,0.0
2030-01-16 13:45:00,0.0
2030-01-16 14:00:00,0.0
2030-01-16 14:15:00,0.0
2030-01-16 14:30:00,0.0
2030-01-16 14:45:00,0.0
2030-01-16 15:00:00,0.0
2030-01-16 15:15:00,0.0
2030-01-16 15:30:00,0.0
2030-01-16 15:45:00,0.0
2030-01-16 16:00:00,0.0
2030-01-16 16:15:00,0.0
2030-01-16 16:30:00,0.0
2030-01-16 16:45:00,0.0
2030-01-16 17:00:00,0.0
2030-01-16 17:15:00,0.0
2030-01-16 17:30:00,0.0
2030-01-16 17:45:00,0.0
2030-01-16 18:00:00,0.0
2030-01-16 18:15:00,0.0
2030-01-16 18:30:00,0.0
2030-01-16 18:45:00,0.0
2030-01-16 19:00:00,0.0
2030-01-16 19:15:00,0.0
2030-01-16 19:30:00,0.0
2030-01-16 19:45:00,0.0
2030-01-16 20:00:00,0.0
2030-01-16 20:15:00,0.0
2030-01-16 20:30:00,0.0
2030-01-16 20:45:00,0.0
2030-01-16 21:00:00,0.0
2030-01-16 21:15:00,0.0
2030-01-16 21:30:00,0.0
2030-01-16 21:45:00,0.0
2030-01-16 22:00:00,0.0
2030-01-16 22:15:00,0.0
2030-01-16 22:30:00,0.0
2030-01-16 22:45:00,0.0
2030-01-16 23:00:00,0.0
2030-01-16 23:15:00,0.0
2030-01-16 23:30:00,0.0
2030-01-16 23:45:00,0.0
2030-01-17 00:00:00,0.0
2030-01-17 00:15:00,0.0
2030-01-17 00:30:00,0.0
2030-01-17 00:45:00,0.0
2030-01-17 01:00:00,0.0
2030-01-17 01:15:00,0.0
2030-01-17 01:30:00,0.0
2030-01-17 01:45:00,0.0
2030-01-17 02:00:00,0.0
2030-01-17 02:15:00,0.0
2030-01-17 02:30:00,0.0
2030-01-17 02:45:00,0.0
2030-01-17 03:00:00,0.0
2030-01-17 03:15:00,0.0
2030-01-17 03:30:00,0.0
2030-01-17 03:45:00,0.0
2030-01-17 04:00:00,0.0
2030-01-17 04:15:00,0.0
2030-01-17 04:30:00,0.0
2030-01-17 04:45:00,0.0
2030-01-17 05:00:00,0.0
2030-01-17 05:15:00,0.0
2030-01-17 05:30:00,0.0
2030-01-17 05:45:00,0.0
2030-01-17 06:00:00,0.0
2030-01-17 06:15:00,0.0
2030-01-17 06:30:00,0.0
2030-01-17 06:45:00,0.0
2030-01-17 07:00:00,0.0
2030-01-17 07:15:00,0.0
2030-01-17 07:30:00,0.0
2030-01-17 07:45:00,0.0
2030-01-17 08:00:00,0.0
2030-01-17 08:15:00,0.0
2030-01-17 08:30:00,0.0
2030-01-17 08:45:00,0.0
2030-01-17 09:00:00,0.0
2030-01-17 09:15:00,0.0
2030-01-17 09:30:00,0.0
2030-01-17 09:45:00,0.0
2030-01-17 10:00:00,0.0
2030-01-17 10:15:00,0.0
2030-01-17 10:30:00,0.0
2030-01-17 10:45:00,0.0
2030-01-17 11:00:00,0.0
2030-01-17 11:15:00,0.0
2030-01-17 11:30:00,0.0
2030-01-17 11:45:00,0.0
2030-01-17 12:00:00,0.0
2030-01-17 12:15:00,0.0
2030-01-17 12:30:00,0.0
2030-01-17 12:45:00,0.0
2030-01-17 13:00:00,0.0
2030-01-17 13:15:00,0.0
2030-01-17 13:30:00,0.0
2030-01-17 13:45:00,0.0
2030-01-17 14:00:00,0.0
2030-01-17 14:15:00,0.0
2030-01-17 14:30:00,0.0
2030-01-17 14:45:00,0.0
2030-01-17 15:00:00,0.0
2030-01-17 15:15:00,0.0
2030-01-17 15:30:00,0.0
2030-01-17 15:45:00,0.0
2030-01-17 16:00:00,0.0
2030-01-17 16:15:00,0.0
2030-01-17 16:30:00,0.0
2030-01-17 16:45:00,0.0
2030-01-17 17:00:00,0.0
2030-01-17 17:15:00,0.0
2030-01-17 17:30:00,0.0
2030-01-17 17:45:00,0.0
2030-01-17 18:00:00,0.0
2030-01-17 18:15:00,0.0
2030-01-17 18:30:00,0.0
2030-01-17 18:45:00,0.0
2030-01-17 19:00:00,0.0
2030-01-17 19:15:00,0.0
2030-01-17 19:30:00,0.0
2030-01-17 19:45:00,0.0
2030-01-17 20:00:00,0.0
2030-01-17 20:15:00,0.0
2030-01-17 20:30:00,0.0
2030-01-17 20:45:00,0.0
2030-01-17 21:00:00,0.0
2030-01-17 21:15:00,0.0
2030-01-17 21:30:00,0.0
2030-01-17 21:45:00,0.0
2030-01-17 22:00:00,0.0
2030-01-17 22:15:00,0.0
2030-01-17 22:30:00,0.0
2030-01-17 22:45:00,0.0
2030-01-17 23:00:00,0.0
2030-01-17 23:15:00,0.0
2030-01-17 23:30:00,0.0
2030-01-17 23:45:00,0.0
2030-01-18 00:00:00,0.0
2030-01-18 00:15:00,0.0
2030-01-18 00:30:00,0.0
2030-01-18 00:45:00,0.0
2030-01-18 01:00:00,0.0
2030-01-18 01:15:00,0.0
2030-01-18 01:30:00,0.0
2030-01-18 01:45:00,0.0
2030-01-18 02:00:00,0.0
2030-01-18 02:15:00,0.0
2030-01-18 02:30:00,0.0
2030-01-18 02:45:00,0.0
2030-01-18 03:00:00,0.0
2030-01-18 03:15:00,0.0
2030-01-18 03:30:00,0.0
2030-01-18 03:45:00,0.0
2030-01-18 04:00:00,0.0
2030-01-18 04:15:00,0.0
2030-01-18 04:30:00,0.0
2030-01-18 04:45:00,0.0
2030-01-18 05:00:00,0.0
2030-01-18 05:15:00,0.0
2030-01-18 05:30:00,0.0
2030-01-18 05:45:00,0.0
2030-01-18 06:00:00,0.0
2030-01-18 06:15:00,0.0
2030-01-18 06:30:00,0.0
2030-01-18 06:45:00,0.0
2030-01-18 07:00:00,0.0
2030-01-18 07:15:00,0.0
2030-01-18 07:30:00,0.0
2030-01-18 07:45:00,0.0
2030-01-18 08:00:00,0.0
2030-01-18 08:15:00,0.0
2030-01-18 08:30:00,0.0
2030-01-18 08:45:00,0.0
2030-01-18 09:00:00,0.0
2030-01-18 09:15:00,0.0
2030-01-18 09:30:00,0.0
2030-01-18 09:45:00,0.0
2030-01-18 10:00:00,0.0
2030-01-18 10:15:00,0.0
2030-01-18 10:30:00,0.0
2030-01-18 10:45:00,0.0
2030-01-18 11:00:00,0.0
2030-01-18 11:15:00,0.0
2030-01-18 11:30:00,0.0
2030-01-18 11:45:00,0.0
2030-01-18 12:00:00,0.0
2030-01-18 12:15:00,0.0
2030-01-18 12:30:00,0.0
2030-01-18 12:45:00,0.0
2030-01-18 13:00:00,0.0
2030-01-18 13:15:00,0.0
2030-01-18 13:30:00,0.0
2030-01-18 13:45:00,0.0
2030-01-18 14:00:00,0.0
2030-01-18 14:15:00,0.0
2030-01-18 14:30:00,0.0
2030-01-18 14:45:00,0.0
2030-01-18 15:00:00,0.0
2030-01-18 15:15:00,0.0
2030-01-18 15:30:00,0.0
2030-01-18 15:45:00,0.0
2030-01-18 16:00:00,0.0
2030-01-18 16:15:00,0.0
2030-01-18 16:30:00,0.0
2030-01-18 16:45:00,0.0
2030-01-18 17:00:00,0.0
2030-01-18 17:15:00,0.0
2030-01-18 17:30:00,0.0
2030-01-18 17:45:00,0.0
2030-01-18 18:00:00,0.0
2030-01-18 18:15:00,0.0
2030-01-18 18:30:00,0.0
2030-01-18 18:45:00,0.0
2030-01-18 19:00:00,0.0
2030-01-18 19:15:00,0.0
2030-01-18 19:30:00,0.0
2030-01-18 19:45:00,0.0
2030-01-18 20:00:00,0.0
2030-01-18 20:15:00,0.0
2030-01-18 20:30:00,0.0
2030-01-18 20:45:00,0.0
2030-01-18 21:00:00,0.0
2030-01-18 21:15:00,0.0
2030-01-18 21:30:00,0.0
2030-01-18 21:45:00,0.0
2030-01-18 22:00:00,0.0
2030-01-18 22:15:00,0.0
2030-01-18 22:30:00,0.0
2030-01-18 22:45:00,0.0
2030-01-18 23:00:00,0.0
2030-01-18 23:15:00,0.0
2030-01-18 23:30:00,0.0
2030-01-18 23:45:00,0.0
2030-01-19 00:00:00,0.0
2030-01-19 00:15:00,0.0
2030-01-19 00:30:00,0.0
2030-01-19 00:45:00,0.0
2030-01-19 01:00:00,0.0
2030-01-19 01:15:00,0.0
2030-01-19 01:30:00,0.0
2030-01-19 01:45:00,0.0
2030-01-19 02:00:00,0.0
2030-01-19 02:15:00,0.0
2030-01-19 02:30:00,0.0
2030-01-19 02:45:00,0.0
2030-01-19 03:00:00,0.0
2030-01-19 03:15:00,0.0
2030-01-19 03:30:00,0.0
2030-01-19 03:45:00,0.0
2030-01-19 04:00:00,0.0
2030-01-19 04:15:00,0.0
2030-01-19 04:30:00,0.0
2030-01-19 04:45:00,0.0
2030-01-19 05:00:00,0.0
2030-01-19 05:15:00,0.0
2030-01-19 05:30:00,0.0
2030-01-19 05:45:00,0.0
2030-01-19 06:00:00,0.0
2030-01-19 06:15:00,0.0
2030-01-19 06:30:00,0.0
2030-01-19 06:45:00,0.0
2030-01-19 07:00:00,0.0
2030-01-19 07:15:00,0.0
2030-01-19 07:30:00,0.0
2030-01-19 07:45:00,0.0
2030-01-19 08:00:00,0.0
2030-01-19 08:15:00,0.0
2030-01-19 08:30:00,0.0
2030-01-19 08:45:00,0.0
2030-01-19 09:00:00,0.0
2030-01-19 09:15:00,0.0
2030-01-19 09:30:00,0.0
2030-01-19 09:45:00,0.0
2030-01-19 10:00:00,0.0
2030-01-19 10:15:00,0.0
2030-01-19 10:30:00,0.0
2030-01-19 10:45:00,0.0
2030-01-19 11:00:00,0.0
2030-01-19 11:15:00,0.0
2030-01-19 11:30:00,0.0
2030-01-19 11:45:00,0.0
2030-01-19 12:00:00,0.0
2030-01-19 12:15:00,0.0
2030-01-19 12:30:00,0.0
2030-01-19 12:45:00,0.0
2030-01-19 13:00:00,0.0
2030-01-19 13:15:00,0.0
2030-01-19 13:30:00,0.0
2030-01-19 13:45:00,0.0
2030-01-19 14:00:00,0.0
2030-01-19 14:15:00,0.0
2030-01-19 14:30:00,0.0
2030-01-19 14:45:00,0.0
2030-01-19 15:00:00,0.0
2030-01-19 15:15:00,0.0
2030-01-19 15:30:00,0.0
2030-01-19 15:45:00,0.0
2030-01-19 16:00:00,0.0
2030-01-19 16:15:00,0.0
2030-01-19 16:30:00,0.0
2030-01-19 16:45:00,0.0
2030-01-19 17:00:00,0.0
2030-01-19 17:15:00,0.0
2030-01-19 17:30:00,0.0
2030-01-19 17:45:00,0.0
2030-01-19 18:00:00,0.0
2030-01-19 18:15:00,0.0
2030-01-19 18:30:00,0.0
2030-01-19 18:45:00,0.0
2030-01-19 19:00:00,0.0
2030-01-19 19:15:00,0.0
2030-01-19 19:30:00,0.0
2030-01-19 19:45:00,0.0
2030-01-19 20:00:00,0.0
2030-01-19 20:15:00,0.0
2030-01-19 20:30:00,0.0
2030-01-19 20:45:00,0.0
2030-01-19 21:00:00,0.0
2030-01-19 21:15:00,0.0
2030-01-19 21:30:00,0.0
2030-01-19 21:45:00,0.0
2030-01-19 22:00:00,0.0
2030-01-19 22:15:00,0.0
2030-01-19 22:30:00,0.0
2030-01-19 22:45:00,0.0
2030-01-19 23:00:00,0.0
2030-01-19 23:15:00,0.0
2030-01-19 23:30:00,0.0
2030-01-19 23:45:00,0.0
2030-01-20 00:00:00,0.0
2030-01-20 00:15:00,0.0
2030-01-20 00:30:00,0.0
2030-01-20 00:45:00,0.0
2030-01-20 01:00:00,0.0
2030-01-20 01:15:00,0.0
2030-01-20 01:30:00,0.0
2030-01-20 01:45:00,0.0
2030-01-20 02:00:00,0.0
2030-01-20 02:15:00,0.0
2030-01-20 02:30:00,0.0
2030-01-20 02:45:00,0.0
2030-01-20 03:00:00,0.0
2030-01-20 03:15:00,0.0
2030-01-20 03:30:00,0.0
2030-01-20 03:45:00,0.0
2030-01-20 04:00:00,0.0
2030-01-20 04:15:00,0.0
2030-01-20 04:30:00,0.0
2030-01-20 04:45:00,0.0
2030-01-20 05:00:00,0.0
2030-01-20 05:15:00,0.0
2030-01-20 05:30:00,0.0
2030-01-20 05:45:00,0.0
2030-01-20 06:00:00,0.0
2030-01-20 06:15:00,0.0
2030-01-20 06:30:00,0.0
2030-01-20 06:45:00,0.0
2030-01-20 07:00:00,0.0
2030-01-20 07:15:00,0.0
2030-01-20 07:30:00,0.0
2030-01-20 07:45:00,0.0
2030-01-20 08:00:00,0.0
2030-01-20 08:15:00,0.0
2030-01-20 08:30:00,0.0
2030-01-20 08:45:00,0.0
2030-01-20 09:00:00,0.0
2030-01-20 09:15:00,0.0
2030-01-20 09:30:00,0.0
2030-01-20 09:45:00,0.0
2030-01-20 10:00:00,0.0
2030-01-20 10:15:00,0.0
2030-01-20 10:30:00,0.0
2030-01-20 10:45:00,0.0
2030-01-20 11:00:00,0.0
2030-01-20 11:15:00,0.0
2030-01-20 11:30:00,0.0
2030-01-20 11:45:00,0.0
2030-01-20 12:00:00,0.0
2030-01-20 12:15:00,0.0
2030-01-20 12:30:00,0.0
2030-01-20 12:45:00,0.0
2030-01-20 13:00:00,0.0
2030-01-20 13:15:00,0.0
2030-01-20 13:30:00,0.0
2030-01-20 13:45:00,0.0
2030-01-20 14:00:00,0.0
2030-01-20 14:15:00,0.0
2030-01-20 14:30:00,0.0
2030-01-20 14:45:00,0.0
2030-01-20 15:00:00,0.0
2030-01-20 15:15:00,0.0
2030-01-20 15:30:00,0.0
2030-01-20 15:45:00,0.0
2030-01-20 16:00:00,0.0
2030-01-20 16:15:00,0.0
2030-01-20 16:30:00,0.0
2030-01-20 16:45:00,0.0
2030-01-20 17:00:00,0.0
2030-01-20 17:15:00,0.0
2030-01-20 17:30:00,0.0
2030-01-20 17:45:00,0.0
2030-01-20 18:00:00,0.0
2030-01-20 18:15:00,0.0
2030-01-20 18:30:00,0.0
2030-01-20 18:45:00,0.0
2030-01-20 19:00:00,0.0
2030-01-20 19:15:00,0.0
2030-01-20 19:30:00,0.0
2030-01-20 19:45:00,0.0
2030-01-20 20:00:00,0.0
2030-01-20 20:15:00,0.0
2030-01-20 20:30:00,0.0
2030-01-20 20:45:00,0.0
2030-01-20 21:00:00,0.0
2030-01-20 21:15:00,0.0
2030-01-20 21:30:00,0.0
2030-01-20 21:45:00,0.0
2030-01-20 22:00:00,0.0
2030-01-20 22:15:00,0.0
2030-01-20 22:30:00,0.0
2030-01-20 22:45:00,0.0
2030-01-20 23:00:00,0.0
2030-01-20 23:15:00,0.0
2030-01-20 23:30:00,0.0
2030-01-20 23:45:00,0.0
2030-01-21 00:00:00,0.0
2030-01-21 00:15:00,0.0
2030-01-21 00:30:00,0.0
2030-01-21 00:45:00,0.0
2030-01-21 01:00:00,0.0
2030-01-21 01:15:00,0.0
2030-01-21 01:30:00,0.0
2030-01-21 01:45:00,0.0
2030-01-21 02:00:00,0.0
2030-01-21 02:15:00,0.0
2030-01-21 02:30:00,0.0
2030-01-21 02:45:00,0.0
2030-01-21 03:00:00,0.0
2030-01-21 03:15:00,0.0
2030-01-21 03:30:00,0.0
2030-01-21 03:45:00,0.0
2030-01-21 04:00:00,0.0
2030-01-21 04:15:00,0.0
2030-01-21 04:30:00,0.0
2030-01-21 04:45:00,0.0
2030-01-21 05:00:00,0.0
2030-01-21 05:15:00,0.0
2030-01-21 05:30:00,0.0
2030-01-21 05:45:00,0.0
2030-01-21 06:00:00,0.0
2030-01-21 06:15:00,0.0
2030-01-21 06:30:00,0.0
2030-01-21 06:45:00,0.0
2030-01-21 07:00:00,0.0
2030-01-21 07:15:00,0.0
2030-01-21 07:30:00,0.0
2030-01-21 07:45:00,0.0
2030-01-21 08:00:00,0.0
2030-01-21 08:15:00,0.0
2030-01-21 08:30:00,0.0
2030-01-21 08:45:00,0.0
2030-01-21 09:00:00,0.0
2030-01-21 09:15:00,0.0
2030-01-21 09:30:00,0.0
2030-01-21 09:45:00,0.0
2030-01-21 10:00:00,0.0
2030-01-21 10:15:00,0.0
2030-01-21 10:30:00,0.0
2030-01-21 10:45:00,0.0
2030-01-21 11:00:00,0.0
2030-01-21 11:15:00,0.0
2030-01-21 11:30:00,0.0
2030-01-21 11:45:00,0.0
2030-01-21 12:00:00,0.0
2030-01-21 12:15:00,0.0
2030-01-21 12:30:00,0.0
2030-01-21 12:45:00,0.0
2030-01-21 13:00:00,0.0
2030-01-21 13:15:00,0.0
2030-01-21 13:30:00,0.0
2030-01-21 13:45:00,0.0
2030-01-21 14:00:00,0.0
2030-01-21 14:15:00,0.0
2030-01-21 14:30:00,0.0
2030-01-21 14:45:00,0.0
2030-01-21 15:00:00,0.0
2030-01-21 15:15:00,0.0
2030-01-21 15:30:00,0.0
2030-01-21 15:45:00,0.0
2030-01-21 16:00:00,0.0
2030-01-21 16:15:00,0.0
2030-01-21 16:30:00,0.0
2030-01-21 16:45:00,0.0
2030-01-21 17:00:00,0.0
2030-01-21 17:15:00,0.0
2030-01-21 17:30:00,0.0
2030-01-21 17:45:00,0.0
2030-01-21 18:00:00,0.0
2030-01-21 18:15:00,0.0
2030-01-21 18:30:00,0.0
2030-01-21 18:45:00,0.0
2030-01-21 19:00:00,0.0
2030-01-21 19:15:00,0.0
2030-01-21 19:30:00,0.0
2030-01-21 19:45:00,0.0
2030-01-21 20:00:00,0.0
2030-01-21 20:15:00,0.0
2030-01-21 20:30:00,0.0
2030-01-21 20:45:00,0.0
2030-01-21 21:00:00,0.0
2030-01-21 21:15:00,0.0
2030-01-21 21:30:00,0.0
2030-01-21 21:45:00,0.0
2030-01-21 22:00:00,0.0
2030-01-21 22:15:00,0.0
2030-01-21 22:30:00,0.0
2030-01-21 22:45:00,0.0
2030-01-21 23:00:00,0.0
2030-01-21 23:15:00,0.0
2030-01-21 23:30:00,0.0
2030-01-21 23:45:00,0.0
2030-01-22 00:00:00,0.0
2030-01-22 00:15:00,0.0
2030-01-22 00:30:00,0.0
2030-01-22 00:45:00,0.0
2030-01-22 01:00:00,0.0
2030-01-22 01:15:00,0.0
2030-01-22 01:30:00,0.0
2030-01-22 01:45:00,0.0
2030-01-22 02:00:00,0.0
2030-01-22 02:15:00,0.0
2030-01-22 02:30:00,0.0
2030-01-22 02:45:00,0.0
2030-01-22 03:00:00,0.0
2030-01-22 03:15:00,0.0
2030-01-22 03:30:00,0.0
2030-01-22 03:45:00,0.0
2030-01-22 04:00:00,0.0
2030-01-22 04:15:00,0.0
2030-01-22 04:30:00,0.0
2030-01-22 04:45:00,0.0
2030-01-22 05:00:00,0.0
2030-01-22 05:15:00,0.0
2030-01-22 05:30:00,0.0
2030-01-22 05:45:00,0.0
2030-01-22 06:00:00,0.0
2030-01-22 06:15:00,0.0
2030-01-22 06:30:00,0.0
2030-01-22 06:45:00,0.0
2030-01-22 07:00:00,0.0
2030-01-22 07:15:00,0.0
2030-01-22 07:30:00,0.0
2030-01-22 07:45:00,0.0
2030-01-22 08:00:00,0.0
2030-01-22 08:15:00,0.0
2030-01-22 08:30:00,0.0
2030-01-22 08:45:00,0.0
2030-01-22 09:00:00,0.0
2030-01-22 09:15:00,0.0
2030-01-22 09:30:00,0.0
2030-01-22 09:45:00,0.0
2030-01-22 10:00:00,0.0
2030-01-22 10:15:00,0.0
2030-01-22 10:30:00,0.0
2030-01-22 10:45:00,0.0
2030-01-22 11:00:00,0.0
2030-01-22 11:15:00,0.0
2030-01-22 11:30:00,0.0
2030-01-22 11:45:00,0.0
2030-01-22 12:00:00,0.0
2030-01-22 12:15:00,0.0
2030-01-22 12:30:00,0.0
2030-01-22 12:45:00,0.0
2030-01-22 13:00:00,0.0
2030-01-22 13:15:00,0.0
2030-01-22 13:30:00,0.0
2030-01-22 13:45:00,0.0
2030-01-22 14:00:00,0.0
2030-01-22 14:15:00,0.0
2030-01-22 14:30:00,0.0
2030-01-22 14:45:00,0.0
2030-01-22 15:00:00,0.0
2030-01-22 15:15:00,0.0
2030-01-22 15:30:00,0.0
2030-01-22 15:45:00,0.0
2030-01-22 16:00:00,0.0
2030-01-22 16:15:00,0.0
2030-01-22 16:30:00,0.0
2030-01-22 16:45:00,0.0
2030-01-22 17:00:00,0.0
2030-01-22 17:15:00,0.0
2030-01-22 17:30:00,0.0
2030-01-22 17:45:00,0.0
2030-01-22 18:00:00,0.0
2030-01-22 18:15:00,0.0
2030-01-22 18:30:00,0.0
2030-01-22 18:45:00,0.0
2030-01-22 19:00:00,0.0
2030-01-22 19:15:00,0.0
2030-01-22 19:30:00,0.0
2030-01-22 19:45:00,0.0
2030-01-22 20:00:00,0.0
2030-01-22 20:15:00,0.0
2030-01-22 20:30:00,0.0
2030-01-22 20:45:00,0.0
2030-01-22 21:00:00,0.0
2030-01-22 21:15:00,0.0
2030-01-22 21:30:00,0.0
2030-01-22 21:45:00,0.0
2030-01-22 22:00:00,0.0
2030-01-22 22:15:00,0.0
2030-01-22 22:30:00,0.0
2030-01-22 22:45:00,0.0
2030-01-22 23:00:00,0.0
2030-01-22 23:15:00,0.0
2030-01-22 23:30:00,0.0
2030-01-22 23:45:00,0.0
2030-01-23 00:00:00,0.0
2030-01-23 00:15:00,0.0
2030-01-23 00:30:00,0.0
2030-01-23 00:45:00,0.0
2030-01-23 01:00:00,0.0
2030-01-23 01:15:00,0.0
2030-01-23 01:30:00,0.0
2030-01-23 01:45:00,0.0
2030-01-23 02:00:00,0.0
2030-01-23 02:15:00,0.0
2030-01-23 02:30:00,0.0
2030-01-23 02:45:00,0.0
2030-01-23 03:00:00,0.0
2030-01-23 03:15:00,0.0
2030-01-23 03:30:00,0.0
2030-01-23 03:45:00,0.0
2030-01-23 04:00:00,0.0
2030-01-23 04:15:00,0.0
2030-01-23 04:30:00,0.0
2030-01-23 04:45:00,0.0
2030-01-23 05:00:00,0.0
2030-01-23 05:15:00,0.0
2030-01-23 05:30:00,0.0
2030-01-23 05:45:00,0.0
2030-01-23 06:00:00,0.0
2030-01-23 06:15:00,0.0
2030-01-23 06:30:00,0.0
2030-01-23 06:45:00,0.0
2030-01-23 07:00:00,0.0
2030-01-23 07:15:00,0.0
2030-01-23 07:30:00,0.0
2030-01-23 07:45:00,0.0
2030-01-23 08:00:00,0.0
2030-01-23 08:15:00,0.0
2030-01-23 08:30:00,0.0
2030-01-23 08:45:00,0.0
2030-01-23 09:00:00,0.0
2030-01-23 09:15:00,0.0
2030-01-23 09:30:00,0.0
2030-01-23 09:45:00,0.0
2030-01-23 10:00:00,0.0
2030-01-23 10:15:00,0.0
2030-01-23 10:30:00,0.0
2030-01-23 10:45:00,0.0
2030-01-23 11:00:00,0.0
2030-01-23 11:15:00,0.0
2030-01-23 11:30:00,0.0
2030-01-23 11:45:00,0.0
2030-01-23 12:00:00,0.0
2030-01-23 12:15:00,0.0
2030-01-23 12:30:00,0.0
2030-01-23 12:45:00,0.0
2030-01-23 13:00:00,0.0
2030-01-23 13:15:00,0.0
2030-01-23 13:30:00,0.0
2030-01-23 13:45:00,0.0
2030-01-23 14:00:00,0.0
2030-01-23 14:15:00,0.0
2030-01-23 14:30:00,0.0
2030-01-23 14:45:00,0.0
2030-01-23 15:00:00,0.0
2030-01-23 15:15:00,0.0
2030-01-23 15:30:00,0.0
2030-01-23 15:45:00,0.0
2030-01-23 16:00:00,0.0
2030-01-23 16:15:00,0.0
2030-01-23 16:30:00,0.0
2030-01-23 16:45:00,0.0
2030-01-23 17:00:00,0.0
2030-01-23 17:15:00,0.0
2030-01-23 17:30:00,0.0
2030-01-23 17:45:00,0.0
2030-01-23 18:00:00,0.0
2030-01-23 18:15:00,0.0
2030-01-23 18:30:00,0.0
2030-01-23 18:45:00,0.0
2030-01-23 19:00:00,0.0
2030-01-23 19:15:00,0.0
2030-01-23 19:30:00,0.0
2030-01-23 19:45:00,0.0
2030-01-23 20:00:00,0.0
2030-01-23 20:15:00,0.0
2030-01-23 20:30:00,0.0
2030-01-23 20:45:00,0.0
2030-01-23 21:00:00,0.0
2030-01-23 21:15:00,0.0
2030-01-23 21:30:00,0.0
2030-01-23 21:45:00,0.0
2030-01-23 22:00:00,0.0
2030-01-23 22:15:00,0.0
2030-01-23 22:30:00,0.0
2030-01-23 22:45:00,0.0
2030-01-23 23:00:00,0.0
2030-01-23 23:15:00,0.0
2030-01-23 23:30:00,0.0
2030-01-23 23:45:00,0.0
2030-01-24 00:00:00,0.0
2030-01-24 00:15:00,0.0
2030-01-24 00:30:00,0.0
2030-01-24 00:45:00,0.0
2030-01-24 01:00:00,0.0
2030-01-24 01:15:00,0.0
2030-01-24 01:30:00,0.0
2030-01-24 01:45:00,0.0
2030-01-24 02:00:00,0.0
2030-01-24 02:15:00,0.0
2030-01-24 02:30:00,0.0
2030-01-24 02:45:00,2813.481588890487
2030-01-24 03:00:00,7633.75966340513
2030-01-24 03:15:00,7660.506444660796
2030-01-24 03:30:00,7635.002809934833
2030-01-24 03:45:00,7730.363077246111
2030-01-24 04:00:00,7883.740042368572
2030-01-24 04:15:00,8021.435637734448
2030-01-24 04:30:00,8068.302114354523
2030-01-24 04:45:00,8197.447816366865
2030-01-24 05:00:00,8439.3572440355
2030-01-24 05:15:00,8457.361362590444
2030-01-24 05:30:00,9021.132434996802
2030-01-24 05:45:00,9334.610261464346
2030-01-24 06:00:00,10197.048315434218
2030-01-24 06:15:00,10880.932133480273
2030-01-24 06:30:00,11328.945294629084
2030-01-24 06:45:00,11866.19232923521
2030-01-24 07:00:00,12756.46775017518
2030-01-24 07:15:00,13097.796838545073
2030-01-24 07:30:00,13659.974594909057
2030-01-24 07:45:00,13897.438947642862
2030-01-24 08:00:00,14493.418307223754
2030-01-24 08:15:00,14404.218047763297
2030-01-24 08:30:00,14545.296169626363
2030-01-24 08:45:00,14189.802389840645
2030-01-24 09:00:00,13728.371780509638
2030-01-24 09:15:00,12885.499857160437
2030-01-24 09:30:00,12255.617801332608
2030-01-24 09:45:00,11407.87464828903
2030-01-24 10:00:00,10890.047138208603
2030-01-24 10:15:00,10264.464950714182
2030-01-24 10:30:00,9568.788674278301
2030-01-24 10:45:00,9012.836182394376
2030-01-24 11:00:00,8311.683587260737
2030-01-24 11:15:00,7768.470853366023
2030-01-24 11:30:00,7407.33567205154
2030-01-24 11:45:00,6739.593257274628
2030-01-24 12:00:00,6442.14157981463
2030-01-24 12:15:00,6003.609721055742
2030-01-24 12:30:00,5850.966098526649
2030-01-24 12:45:00,5853.343696275544
2030-01-24 13:00:00,6036.921035044521
2030-01-24 13:15:00,6176.293791165717
2030-01-24 13:30:00,6663.008579558227
2030-01-24 13:45:00,7142.306765459081
2030-01-24 14:00:00,7554.837774986479
2030-01-24 14:15:00,8220.925545243768
2030-01-24 14:30:00,8700.698787328161
2030-01-24 14:45:00,9586.757667030419
2030-01-24 15:00:00,10417.737542974906
2030-01-24 15:15:00,11101.412806561475
2030-01-24 15:30:00,11989.488631835422
2030-01-24 15:45:00,13037.587097668264
2030-01-24 16:00:00,13651.153581429327
2030-01-24 16:15:00,14272.792861158898
2030-01-24 16:30:00,14666.166785869566
2030-01-24 16:45:00,15139.515896021276
2030-01-24 17:00:00,15600.124804422543
2030-01-24 17:15:00,16044.513335991578
2030-01-24 17:30:00,16201.14324650727
2030-01-24 17:45:00,16433.53597636013
2030-01-24 18:00:00,16444.73460675226
2030-01-24 18:15:00,16443.608281742738
2030-01-24 18:30:00,16491.407246556922
2030-01-24 18:45:00,16530.33632525875
2030-01-24 19:00:00,16368.552850619559
2030-01-24 19:15:00,16134.74076021411
2030-01-24 19:30:00,16041.60446698697
2030-01-24 19:45:00,16098.726468393064
2030-01-24 20:00:00,15839.106042751597
2030-01-24 20:15:00,15314.443917641594
2030-01-24 20:30:00,15260.692998144941
2030-01-24 20:45:00,14980.903825612815
2030-01-24 21:00:00,14663.238201471755
2030-01-24 21:15:00,14423.324544551606
2030-01-24 21:30:00,14118.488314842652
2030-01-24 21:45:00,13863.343834505848
2030-01-24 22:00:00,13684.350949085132
2030-01-24 22:15:00,13510.57144542085
2030-01-24 22:30:00,13150.066123286044
2030-01-24 22:45:00,12813.550025844173
2030-01-24 23:00:00,12690.124617621204
2030-01-24 23:15:00,12257.740508813291
2030-01-24 23:30:00,11904.667544311125
2030-01-24 23:45:00,11697.956944038388
2030-01-25 00:00:00,11106.568669879887
2030-01-25 00:15:00,10870.305908060465
2030-01-25 00:30:00,10678.77945602498
2030-01-25 00:45:00,10455.617726385637
2030-01-25 01:00:00,10406.753180777512
2030-01-25 01:15:00,10323.47472246569
2030-01-25 01:30:00,10363.104098805132
2030-01-25 01:45:00,10413.041715265384
2030-01-25 02:00:00,10334.937851193403
2030-01-25 02:15:00,10189.6057945048
2030-01-25 02:30:00,10250.79743845469
2030-01-25 02:45:00,10273.52638681459
2030-01-25 03:00:00,10390.225850510404
2030-01-25 03:15:00,10489.084866307447
2030-01-25 03:30:00,10507.479345425074
2030-01-25 03:45:00,10620.783739129713
2030-01-25 04:00:00,10830.040400881408
2030-01-25 04:15:00,11083.875237021126
2030-01-25 04:30:00,11227.151178855938
2030-01-25 04:45:00,11598.270532937857
2030-01-25 05:00:00,12005.04386891137
2030-01-25 05:15:00,12244.018441521337
2030-01-25 05:30:00,12736.790374310636
2030-01-25 05:45:00,13274.542520939582
2030-01-25 06:00:00,14106.31347352095
2030-01-25 06:15:00,14738.974254634173
2030-01-25 06:30:00,15107.524084884008
2030-01-25 06:45:00,15569.597212568739
2030-01-25 07:00:00,16085.63428234285
2030-01-25 07:15:00,16408.945108793952
2030-01-25 07:30:00,16664.814831864845
2030-01-25 07:45:00,16589.15725752476
2030-01-25 08:00:00,16606.998512256276
2030-01-25 08:15:00,16384.682166959676
2030-01-25 08:30:00,16146.864123240674
2030-01-25 08:45:00,15901.883417542158
2030-01-25 09:00:00,15423.519979885714
2030-01-25 09:15:00,14822.620500657638
2030-01-25 09:30:00,14390.089646500774
2030-01-25 09:45:00,13864.531778396395
2030-01-25 10:00:00,13390.082499787974
2030-01-25 10:15:00,12836.12321526215
2030-01-25 10:30:00,12480.565352521178
2030-01-25 10:45:00,11797.679470721645
2030-01-25 11:00:00,11301.753304690432
2030-01-25 11:15:00,10800.546354400698
2030-01-25 11:30:00,10452.44837104881
2030-01-25 11:45:00,10082.64973782658
2030-01-25 12:00:00,9878.566276455167
2030-01-25 12:15:00,9721.492502740235
2030-01-25 12:30:00,9815.135387314116
2030-01-25 12:45:00,9821.250107846881
2030-01-25 13:00:00,9974.722972130327
2030-01-25 13:15:00,10018.085361694093
2030-01-25 13:30:00,10503.736648470522
2030-01-25 13:45:00,10850.475521185332
2030-01-25 14:00:00,11173.754996218287
2030-01-25 14:15:00,11366.777276365048
2030-01-25 14:30:00,11947.97393904793
2030-01-25 14:45:00,12488.073492635385
2030-01-25 15:00:00,13129.896026334844
2030-01-25 15:15:00,13557.637387837067
2030-01-25 15:30:00,14139.88492347849
2030-01-25 15:45:00,14263.902050344928
2030-01-25 16:00:00,14583.247127423521
2030-01-25 16:15:00,14880.546175232488
2030-01-25 16:30:00,15345.165361878086
2030-01-25 16:45:00,15407.675500904006
2030-01-25 17:00:00,15862.864125967364
2030-01-25 17:15:00,16060.894602766664
2030-01-25 17:30:00,16147.34302161925
2030-01-25 17:45:00,15954.040094954024
2030-01-25 18:00:00,15781.46620019303
2030-01-25 18:15:00,15496.863517604052
2030-01-25 18:30:00,15323.397855631427
2030-01-25 18:45:00,15328.059029570804
2030-01-25 19:00:00,15303.797681548964
2030-01-25 19:15:00,15135.109928601887
2030-01-25 19:30:00,14952.796103272402
2030-01-25 19:45:00,14674.458529869215
2030-01-25 20:00:00,14229.002887536524
2030-01-25 20:15:00,13911.375224892086
2030-01-25 20:30:00,13296.23739748604
2030-01-25 20:45:00,12836.637809827618
2030-01-25 21:00:00,12412.282807479976
2030-01-25 21:15:00,12324.037579205076
2030-01-25 21:30:00,12308.121510890192
2030-01-25 21:45:00,12174.478426642829
2030-01-25 22:00:00,11717.713464512624
2030-01-25 22:15:00,11748.763848876204
2030-01-25 22:30:00,11314.88571771107
2030-01-25 22:45:00,11064.628851281333
2030-01-25 23:00:00,10572.938468993945
2030-01-25 23:15:00,10502.157448621547
2030-01-25 23:30:00,10281.590002622484
2030-01-25 23:45:00,10200.909147402215
2030-01-26 00:00:00,10016.832752563847
2030-01-26 00:15:00,9984.795122160172
2030-01-26 00:30:00,10300.148542316954
2030-01-26 00:45:00,9915.323179570027
2030-01-26 01:00:00,9723.360298466927
2030-01-26 01:15:00,9702.285690282975
2030-01-26 01:30:00,9787.256467727322
2030-01-26 01:45:00,10169.194199238082
2030-01-26 02:00:00,10345.254949473321
2030-01-26 02:15:00,10384.25977210273
2030-01-26 02:30:00,10341.749568783966
2030-01-26 02:45:00,10266.404392089684
2030-01-26 03:00:00,10215.00619799181
2030-01-26 03:15:00,10323.183854884763
2030-01-26 03:30:00,10599.238233892516
2030-01-26 03:45:00,10650.52091324138
2030-01-26 04:00:00,10976.612958022451
2030-01-26 04:15:00,11255.167609278786
2030-01-26 04:30:00,11506.966065401557
2030-01-26 04:45:00,11607.597855757413
2030-01-26 05:00:00,11757.752888822677
2030-01-26 05:15:00,11798.508830443116
2030-01-26 05:30:00,12010.189608236578
2030-01-26 05:45:00,12591.321445913618
2030-01-26 06:00:00,13558.964956322572
2030-01-26 06:15:00,14253.560976335753
2030-01-26 06:30:00,14826.983575551505
2030-01-26 06:45:00,15179.847905204317
2030-01-26 07:00:00,15508.528217461471
2030-01-26 07:15:00,15462.545110950858
2030-01-26 07:30:00,15587.11272778935
2030-01-26 07:45:00,15853.506052290868
2030-01-26 08:00:00,16266.611001079353
2030-01-26 08:15:00,16273.464462492066
2030-01-26 08:30:00,16131.920771950918
2030-01-26 08:45:00,15754.133616993724
2030-01-26 09:00:00,15170.140087524635
2030-01-26 09:15:00,14925.220598845262
2030-01-26 09:30:00,14489.643986848394
2030-01-26 09:45:00,14113.719037962252
2030-01-26 10:00:00,13963.264460006667
2030-01-26 10:15:00,13710.986439319353
2030-01-26 10:30:00,13243.939032658887
2030-01-26 10:45:00,12744.005069364532
2030-01-26 11:00:00,12296.982911816736
2030-01-26 11:15:00,11890.693296011901
2030-01-26 11:30:00,10830.202825408913
2030-01-26 11:45:00,10992.254102145505
2030-01-26 12:00:00,10857.810988362278
2030-01-26 12:15:00,10735.108257421885
2030-01-26 12:30:00,10154.542279640258
2030-01-26 12:45:00,10635.826709678442
2030-01-26 13:00:00,10729.807426852076
2030-01-26 13:15:00,10803.001488053098
2030-01-26 13:30:00,10907.405800845314
2030-01-26 13:45:00,11163.110241047983
2030-01-26 14:00:00,11401.712472833115
2030-01-26 14:15:00,11906.279464970048
2030-01-26 14:30:00,12457.557597524738
2030-01-26 14:45:00,13082.286924460368
2030-01-26 15:00:00,13684.232192083222
2030-01-26 15:15:00,14263.251982436452
2030-01-26 15:30:00,14801.450596801522
2030-01-26 15:45:00,15323.166408134924
2030-01-26 16:00:00,16046.917268893372
2030-01-26 16:15:00,16440.90008329053
2030-01-26 16:30:00,16603.474931360448
2030-01-26 16:45:00,16626.151946671827
2030-01-26 17:00:00,16618.426159619063
2030-01-26 17:15:00,16682.85374597237
2030-01-26 17:30:00,16505.28187344659
2030-01-26 17:45:00,16197.116258498954
2030-01-26 18:00:00,15911.980247974334
2030-01-26 18:15:00,15466.784146829319
2030-01-26 18:30:00,15323.630504953739
2030-01-26 18:45:00,15147.529043374674
2030-01-26 19:00:00,15052.912461765429
2030-01-26 19:15:00,14535.590908946699
2030-01-26 19:30:00,13837.741389672254
2030-01-26 19:45:00,13396.85734744893
2030-01-26 20:00:00,12582.765152434424
2030-01-26 20:15:00,11931.200391774799
2030-01-26 20:30:00,11638.512068874068
2030-01-26 20:45:00,11536.264249005037
2030-01-26 21:00:00,11259.107195565888
2030-01-26 21:15:00,10616.673128263252
2030-01-26 21:30:00,10029.449518052043
2030-01-26 21:45:00,9632.139505172652
2030-01-26 22:00:00,9464.075832894076
2030-01-26 22:15:00,9181.010219174832
2030-01-26 22:30:00,8686.84829797036
2030-01-26 22:45:00,8037.159302241829
2030-01-26 23:00:00,7757.969513890159
2030-01-26 23:15:00,7307.340616171437
2030-01-26 23:30:00,6630.23262241239
2030-01-26 23:45:00,6105.838086280586
2030-01-27 00:00:00,5779.923896868149
2030-01-27 00:15:00,5557.842618736011
2030-01-27 00:30:00,5272.22936439638
2030-01-27 00:45:00,5046.625761284051
2030-01-27 01:00:00,4740.693402749021
2030-01-27 01:15:00,4630.513309539905
2030-01-27 01:30:00,4566.355001853128
2030-01-27 01:45:00,4330.56034055362
2030-01-27 02:00:00,4276.18973224914
2030-01-27 02:15:00,4315.551286492466
2030-01-27 02:30:00,4399.832747843817
2030-01-27 02:45:00,4281.253345777892
2030-01-27 03:00:00,4302.582127547323
2030-01-27 03:15:00,4165.475105721765
2030-01-27 03:30:00,4184.796786220621
2030-01-27 03:45:00,4292.300826991082
2030-01-27 04:00:00,4537.026619716737
2030-01-27 04:15:00,4609.361537381545
2030-01-27 04:30:00,4652.710296472844
2030-01-27 04:45:00,4859.15643615529
2030-01-27 05:00:00,5151.353550837473
2030-01-27 05:15:00,5316.7431018787975
2030-01-27 05:30:00,5431.965469353956
2030-01-27 05:45:00,5796.810853371151
2030-01-27 06:00:00,6806.0907872778735
2030-01-27 06:15:00,7618.221044758422
2030-01-27 06:30:00,8392.447186790927
2030-01-27 06:45:00,9057.123258738882
2030-01-27 07:00:00,9819.51090907161
2030-01-27 07:15:00,10258.405644585571
2030-01-27 07:30:00,10595.950017748302
2030-01-27 07:45:00,10928.005176205941
2030-01-27 08:00:00,11423.208756932334
2030-01-27 08:15:00,11577.31380427464
2030-01-27 08:30:00,11471.896430296529
2030-01-27 08:45:00,11442.07737691447
2030-01-27 09:00:00,10887.50041376988
2030-01-27 09:15:00,10494.070942732213
2030-01-27 09:30:00,10266.455940079952
2030-01-27 09:45:00,9979.822758008017
2030-01-27 10:00:00,9536.60890992198
2030-01-27 10:15:00,8897.345898271047
2030-01-27 10:30:00,8194.634194249855
2030-01-27 10:45:00,7820.170564842847
2030-01-27 11:00:00,7263.990105377754
2030-01-27 11:15:00,7091.230448127255
2030-01-27 11:30:00,6928.669846606805
2030-01-27 11:45:00,6722.246765490367
2030-01-27 12:00:00,6479.688130776609
2030-01-27 12:15:00,6437.0503121778165
2030-01-27 12:30:00,6445.279282827218
2030-01-27 12:45:00,6842.3671902090355
2030-01-27 13:00:00,6826.168129515143
2030-01-27 13:15:00,6551.409882371405
2030-01-27 13:30:00,6563.0813002830255
2030-01-27 13:45:00,6465.948073652802
2030-01-27 14:00:00,6400.8477902405575
2030-01-27 14:15:00,6426.463510308862
2030-01-27 14:30:00,6978.168139525507
2030-01-27 14:45:00,7579.913110341053
2030-01-27 15:00:00,8076.3286726242695
2030-01-27 15:15:00,8504.110337152651
2030-01-27 15:30:00,8909.271628816428
2030-01-27 15:45:00,9416.950207051643
2030-01-27 16:00:00,10033.851436784213
2030-01-27 16:15:00,10700.288628026728
2030-01-27 16:30:00,11338.709528758816
2030-01-27 16:45:00,11811.88043074013
2030-01-27 17:00:00,12177.076116031094
2030-01-27 17:15:00,12552.817520424423
2030-01-27 17:30:00,12783.323838266795
2030-01-27 17:45:00,13134.601117324684
2030-01-27 18:00:00,13341.276513464702
2030-01-27 18:15:00,13348.366083074263
2030-01-27 18:30:00,13497.299984358771
2030-01-27 18:45:00,13584.80484547409
2030-01-27 19:00:00,13535.353888350848
2030-01-27 19:15:00,13548.432644340306
2030-01-27 19:30:00,13578.70732646732
2030-01-27 19:45:00,13438.777231780803
2030-01-27 20:00:00,13008.035386154863
2030-01-27 20:15:00,12959.501704451817
2030-01-27 20:30:00,12939.561858286015
2030-01-27 20:45:00,12802.014280674419
2030-01-27 21:00:00,12654.664543908573
2030-01-27 21:15:00,12571.06761711469
2030-01-27 21:30:00,12505.064943434641
2030-01-27 21:45:00,12236.897293443742
2030-01-27 22:00:00,12276.74460979377
2030-01-27 22:15:00,12032.595027662177
2030-01-27 22:30:00,11677.541442172575
2030-01-27 22:45:00,11358.855204147281
2030-01-27 23:00:00,10998.583816881624
2030-01-27 23:15:00,10879.972843034348
2030-01-27 23:30:00,10692.439512788585
2030-01-27 23:45:00,10311.364564300417
2030-01-28 00:00:00,9635.250320833507
2030-01-28 00:15:00,9268.076509852912
2030-01-28 00:30:00,8761.859892259732
2030-01-28 00:45:00,8434.376620495615
2030-01-28 01:00:00,8089.648253264507
2030-01-28 01:15:00,7648.653008675092
2030-01-28 01:30:00,6912.38348594222
2030-01-28 01:45:00,6329.225277067579
2030-01-28 02:00:00,6247.460510265788
2030-01-28 02:15:00,6230.35873637015
2030-01-28 02:30:00,6129.687417253881
2030-01-28 02:45:00,6338.972979433187
2030-01-28 03:00:00,6495.599213155989
2030-01-28 03:15:00,6542.98587361922
2030-01-28 03:30:00,6335.247484684525
2030-01-28 03:45:00,6024.62913144616
2030-01-28 04:00:00,5762.064735051177
2030-01-28 04:15:00,5482.613660380683
2030-01-28 04:30:00,5232.982222649607
2030-01-28 04:45:00,4930.329609925171
2030-01-28 05:00:00,4798.226354211476
2030-01-28 05:15:00,4966.746134443396
2030-01-28 05:30:00,4939.935208245415
2030-01-28 05:45:00,5097.203120774375
2030-01-28 06:00:00,5308.363245812769
2030-01-28 06:15:00,5684.661239377081
2030-01-28 06:30:00,6195.825287764557
2030-01-28 06:45:00,6611.25300786445
2030-01-28 07:00:00,7034.843396478884
2030-01-28 07:15:00,7293.606075313057
2030-01-28 07:30:00,7534.116229485509
2030-01-28 07:45:00,7727.597353400148
2030-01-28 08:00:00,8263.407979218347
2030-01-28 08:15:00,8942.073404516397
2030-01-28 08:30:00,9291.264534341142
2030-01-28 08:45:00,9373.377468514256
2030-01-28 09:00:00,9654.845180476548
2030-01-28 09:15:00,9522.211577852207
2030-01-28 09:30:00,9461.140143322815
2030-01-28 09:45:00,9666.489549279253
2030-01-28 10:00:00,9885.174208356697
2030-01-28 10:15:00,10028.896143615744
2030-01-28 10:30:00,10241.651387658481
2030-01-28 10:45:00,10126.0292278261
2030-01-28 11:00:00,10243.14951452415
2030-01-28 11:15:00,10389.597676778278
2030-01-28 11:30:00,10188.83309406078
2030-01-28 11:45:00,10022.60594417919
2030-01-28 12:00:00,10011.939935507224
2030-01-28 12:15:00,10202.128684503981
2030-01-28 12:30:00,10308.609068832295
2030-01-28 12:45:00,10367.048909165282
2030-01-28 13:00:00,10387.805953063227
2030-01-28 13:15:00,9711.561372064065
2030-01-28 13:30:00,8693.80889770544
2030-01-28 13:45:00,8746.49568975178
2030-01-28 14:00:00,8897.89304327479
2030-01-28 14:15:00,8569.850264195335
2030-01-28 14:30:00,8142.506773304238
2030-01-28 14:45:00,7741.13555385311
2030-01-28 15:00:00,7777.531718329894
2030-01-28 15:15:00,8325.354264799484
2030-01-28 15:30:00,8462.669956441005
2030-01-28 15:45:00,8669.14667547451
2030-01-28 16:00:00,8823.558264395971
2030-01-28 16:15:00,9176.996261328
2030-01-28 16:30:00,9497.990224559926
2030-01-28 16:45:00,9895.38904621685
2030-01-28 17:00:00,9971.706617398355
2030-01-28 17:15:00,10407.129218975657
2030-01-28 17:30:00,11076.466438163116
2030-01-28 17:45:00,10752.383458220447
2030-01-28 18:00:00,10638.843383915728
2030-01-28 18:15:00,10613.792849840316
2030-01-28 18:30:00,10418.432960143073
2030-01-28 18:45:00,10157.527998194202
2030-01-28 19:00:00,9975.237628227542
2030-01-28 19:15:00,9660.586837075276
2030-01-28 19:30:00,9345.137709820146
2030-01-28 19:45:00,8876.103809025732
2030-01-28 20:00:00,8450.129511873112
2030-01-28 20:15:00,8037.5628601041935
2030-01-28 20:30:00,7686.621969326299
2030-01-28 20:45:00,7319.809902562298
2030-01-28 21:00:00,7251.4707054221235
2030-01-28 21:15:00,7312.738762571218
2030-01-28 21:30:00,7411.083916217529
2030-01-28 21:45:00,7393.334005912191
2030-01-28 22:00:00,7323.725859358237
2030-01-28 22:15:00,7236.90242211525
2030-01-28 22:30:00,7000.277156402804
2030-01-28 22:45:00,6728.544107336558
2030-01-28 23:00:00,6308.616416378114
2030-01-28 23:15:00,5940.328728702332
2030-01-28 23:30:00,5679.838312184824
2030-01-28 23:45:00,5479.554368886425
2030-01-29 00:00:00,4599.592715901699
2030-01-29 00:15:00,4308.479227875321
2030-01-29 00:30:00,4157.206779713733
2030-01-29 00:45:00,4267.738971453884
2030-01-29 01:00:00,4293.249233573231
2030-01-29 01:15:00,3719.477896765853
2030-01-29 01:30:00,3349.664106627386
2030-01-29 01:45:00,3294.207225663393
2030-01-29 02:00:00,3289.379343580904
2030-01-29 02:15:00,3117.1998062939
2030-01-29 02:30:00,2789.400609785909
2030-01-29 02:45:00,2695.9024451472706
2030-01-29 03:00:00,2525.902650729515
2030-01-29 03:15:00,2466.4622622588104
2030-01-29 03:30:00,2335.005979400352
2030-01-29 03:45:00,2226.0577632090644
2030-01-29 04:00:00,2162.09512598151
2030-01-29 04:15:00,2105.503582116635
2030-01-29 04:30:00,2084.2654394822257
2030-01-29 04:45:00,1875.232451079828
2030-01-29 05:00:00,1720.2959392629637
2030-01-29 05:15:00,1654.5916407394834
2030-01-29 05:30:00,1624.3080934590962
2030-01-29 05:45:00,1443.8270514656524
2030-01-29 06:00:00,1598.5590485907524
2030-01-29 06:15:00,1698.726061670266
2030-01-29 06:30:00,1755.3464277296534
2030-01-29 06:45:00,1572.08992806887
2030-01-29 07:00:00,1429.0588229995592
2030-01-29 07:15:00,1179.9688009656493
2030-01-29 07:30:00,1253.1750531724629
2030-01-29 07:45:00,1222.5817826562616
2030-01-29 08:00:00,1224.501674141844
2030-01-29 08:15:00,1107.4787231876107
2030-01-29 08:30:00,1024.5117031086957
2030-01-29 08:45:00,849.8407830072501
2030-01-29 09:00:00,933.3665028228497
2030-01-29 09:15:00,730.7250172410531
2030-01-29 09:30:00,449.3339403267528
2030-01-29 09:45:00,100.04167524489458
2030-01-29 10:00:00,0.0
2030-01-29 10:15:00,0.0
2030-01-29 10:30:00,0.0
2030-01-29 10:45:00,0.0
2030-01-29 11:00:00,0.0
2030-01-29 11:15:00,0.0
2030-01-29 11:30:00,0.0
2030-01-29 11:45:00,0.0
2030-01-29 12:00:00,0.0
2030-01-29 12:15:00,0.0
2030-01-29 12:30:00,0.0
2030-01-29 12:45:00,0.0
2030-01-29 13:00:00,0.0
2030-01-29 13:15:00,0.0
2030-01-29 13:30:00,0.0
2030-01-29 13:45:00,0.0
2030-01-29 14:00:00,0.0
2030-01-29 14:15:00,0.0
2030-01-29 14:30:00,0.0
2030-01-29 14:45:00,0.0
2030-01-29 15:00:00,0.0
2030-01-29 15:15:00,0.0
2030-01-29 15:30:00,0.0
2030-01-29 15:45:00,0.0
2030-01-29 16:00:00,0.0
2030-01-29 16:15:00,0.0
2030-01-29 16:30:00,0.0
2030-01-29 16:45:00,0.0
2030-01-29 17:00:00,0.0
2030-01-29 17:15:00,0.0
2030-01-29 17:30:00,0.0
2030-01-29 17:45:00,0.0
2030-01-29 18:00:00,0.0
2030-01-29 18:15:00,0.0
2030-01-29 18:30:00,0.0
2030-01-29 18:45:00,0.0
2030-01-29 19:00:00,0.0
2030-01-29 19:15:00,0.0
2030-01-29 19:30:00,0.0
2030-01-29 19:45:00,0.0
2030-01-29 20:00:00,0.0
2030-01-29 20:15:00,0.0
2030-01-29 20:30:00,0.0
2030-01-29 20:45:00,0.0
2030-01-29 21:00:00,0.0
2030-01-29 21:15:00,0.0
2030-01-29 21:30:00,0.0
2030-01-29 21:45:00,0.0
2030-01-29 22:00:00,0.0
2030-01-29 22:15:00,0.0
2030-01-29 22:30:00,0.0
2030-01-29 22:45:00,0.0
2030-01-29 23:00:00,0.0
2030-01-29 23:15:00,0.0
2030-01-29 23:30:00,0.0
2030-01-29 23:45:00,0.0
2030-01-30 00:00:00,0.0
2030-01-30 00:15:00,0.0
2030-01-30 00:30:00,0.0
2030-01-30 00:45:00,0.0
2030-01-30 01:00:00,0.0
2030-01-30 01:15:00,0.0
2030-01-30 01:30:00,0.0
2030-01-30 01:45:00,0.0
2030-01-30 02:00:00,0.0
2030-01-30 02:15:00,0.0
2030-01-30 02:30:00,0.0
2030-01-30 02:45:00,0.0
2030-01-30 03:00:00,0.0
2030-01-30 03:15:00,0.0
2030-01-30 03:30:00,0.0
2030-01-30 03:45:00,0.0
2030-01-30 04:00:00,0.0
2030-01-30 04:15:00,0.0
2030-01-30 04:30:00,0.0
2030-01-30 04:45:00,0.0
2030-01-30 05:00:00,0.0
2030-01-30 05:15:00,0.0
2030-01-30 05:30:00,0.0
2030-01-30 05:45:00,0.0
2030-01-30 06:00:00,0.0
2030-01-30 06:15:00,0.0
2030-01-30 06:30:00,0.0
2030-01-30 06:45:00,0.0
2030-01-30 07:00:00,0.0
2030-01-30 07:15:00,0.0
2030-01-30 07:30:00,0.0
2030-01-30 07:45:00,0.0
2030-01-30 08:00:00,0.0
2030-01-30 08:15:00,0.0
2030-01-30 08:30:00,0.0
2030-01-30 08:45:00,0.0
2030-01-30 09:00:00,0.0
2030-01-30 09:15:00,0.0
2030-01-30 09:30:00,0.0
2030-01-30 09:45:00,0.0
2030-01-30 10:00:00,0.0
2030-01-30 10:15:00,0.0
2030-01-30 10:30:00,0.0
2030-01-30 10:45:00,0.0
2030-01-30 11:00:00,0.0
2030-01-30 11:15:00,0.0
2030-01-30 11:30:00,0.0
2030-01-30 11:45:00,0.0
2030-01-30 12:00:00,0.0
2030-01-30 12:15:00,0.0
2030-01-30 12:30:00,0.0
2030-01-30 12:45:00,0.0
2030-01-30 13:00:00,0.0
2030-01-30 13:15:00,0.0
2030-01-30 13:30:00,0.0
2030-01-30 13:45:00,0.0
2030-01-30 14:00:00,0.0
2030-01-30 14:15:00,0.0
2030-01-30 14:30:00,0.0
2030-01-30 14:45:00,0.0
2030-01-30 15:00:00,0.0
2030-01-30 15:15:00,0.0
2030-01-30 15:30:00,0.0
2030-01-30 15:45:00,0.0
2030-01-30 16:00:00,0.0
2030-01-30 16:15:00,0.0
2030-01-30 16:30:00,0.0
2030-01-30 16:45:00,0.0
2030-01-30 17:00:00,0.0
2030-01-30 17:15:00,0.0
2030-01-30 17:30:00,0.0
2030-01-30 17:45:00,0.0
2030-01-30 18:00:00,0.0
2030-01-30 18:15:00,0.0
2030-01-30 18:30:00,0.0
2030-01-30 18:45:00,0.0
2030-01-30 19:00:00,0.0
2030-01-30 19:15:00,0.0
2030-01-30 19:30:00,0.0
2030-01-30 19:45:00,0.0
2030-01-30 20:00:00,0.0
2030-01-30 20:15:00,0.0
2030-01-30 20:30:00,0.0
2030-01-30 20:45:00,0.0
2030-01-30 21:00:00,0.0
2030-01-30 21:15:00,0.0
2030-01-30 21:30:00,0.0
2030-01-30 21:45:00,0.0
2030-01-30 22:00:00,0.0
2030-01-30 22:15:00,0.0
2030-01-30 22:30:00,0.0
2030-01-30 22:45:00,0.0
2030-01-30 23:00:00,0.0
2030-01-30 23:15:00,0.0
2030-01-30 23:30:00,0.0
2030-01-30 23:45:00,0.0
2030-01-31 00:00:00,0.0
2030-01-31 00:15:00,0.0
2030-01-31 00:30:00,0.0
2030-01-31 00:45:00,0.0
2030-01-31 01:00:00,0.0
2030-01-31 01:15:00,0.0
2030-01-31 01:30:00,0.0
2030-01-31 01:45:00,0.0
2030-01-31 02:00:00,0.0
2030-01-31 02:15:00,0.0
2030-01-31 02:30:00,0.0
2030-01-31 02:45:00,0.0
2030-01-31 03:00:00,0.0
2030-01-31 03:15:00,0.0
2030-01-31 03:30:00,0.0
2030-01-31 03:45:00,0.0
2030-01-31 04:00:00,0.0
2030-01-31 04:15:00,0.0
2030-01-31 04:30:00,0.0
2030-01-31 04:45:00,0.0
2030-01-31 05:00:00,0.0
2030-01-31 05:15:00,0.0
2030-01-31 05:30:00,0.0
2030-01-31 05:45:00,0.0
2030-01-31 06:00:00,0.0
2030-01-31 06:15:00,0.0
2030-01-31 06:30:00,0.0
2030-01-31 06:45:00,0.0
2030-01-31 07:00:00,0.0
2030-01-31 07:15:00,0.0
2030-01-31 07:30:00,0.0
2030-01-31 07:45:00,0.0
2030-01-31 08:00:00,0.0
2030-01-31 08:15:00,0.0
2030-01-31 08:30:00,0.0
2030-01-31 08:45:00,0.0
2030-01-31 09:00:00,0.0
2030-01-31 09:15:00,0.0
2030-01-31 09:30:00,0.0
2030-01-31 09:45:00,0.0
2030-01-31 10:00:00,0.0
2030-01-31 10:15:00,0.0
2030-01-31 10:30:00,0.0
2030-01-31 10:45:00,0.0
2030-01-31 11:00:00,0.0
2030-01-31 11:15:00,0.0
2030-01-31 11:30:00,0.0
2030-01-31 11:45:00,0.0
2030-01-31 12:00:00,0.0
2030-01-31 12:15:00,0.0
2030-01-31 12:30:00,0.0
2030-01-31 12:45:00,0.0
2030-01-31 13:00:00,0.0
2030-01-31 13:15:00,0.0
2030-01-31 13:30:00,0.0
2030-01-31 13:45:00,0.0
2030-01-31 14:00:00,0.0
2030-01-31 14:15:00,0.0
2030-01-31 14:30:00,0.0
2030-01-31 14:45:00,0.0
2030-01-31 15:00:00,0.0
2030-01-31 15:15:00,0.0
2030-01-31 15:30:00,0.0
2030-01-31 15:45:00,0.0
2030-01-31 16:00:00,0.0
2030-01-31 16:15:00,0.0
2030-01-31 16:30:00,0.0
2030-01-31 16:45:00,0.0
2030-01-31 17:00:00,0.0
2030-01-31 17:15:00,0.0
2030-01-31 17:30:00,0.0
2030-01-31 17:45:00,0.0
2030-01-31 18:00:00,0.0
2030-01-31 18:15:00,0.0
2030-01-31 18:30:00,0.0
2030-01-31 18:45:00,0.0
2030-01-31 19:00:00,0.0
2030-01-31 19:15:00,0.0
2030-01-31 19:30:00,0.0
2030-01-31 19:45:00,0.0
2030-01-31 20:00:00,0.0
2030-01-31 20:15:00,0.0
2030-01-31 20:30:00,0.0
2030-01-31 20:45:00,0.0
2030-01-31 21:00:00,0.0
2030-01-31 21:15:00,0.0
2030-01-31 21:30:00,0.0
2030-01-31 21:45:00,0.0
2030-01-31 22:00:00,0.0
2030-01-31 22:15:00,0.0
2030-01-31 22:30:00,0.0
2030-01-31 22:45:00,0.0
2030-01-31 23:00:00,0.0
2030-01-31 23:15:00,0.0
2030-01-31 23:30:00,0.0
2030-01-31 23:45:00,0.0
2030-02-01 00:00:00,0.0
2030-02-01 00:15:00,0.0
2030-02-01 00:30:00,0.0
2030-02-01 00:45:00,0.0
2030-02-01 01:00:00,0.0
2030-02-01 01:15:00,0.0
2030-02-01 01:30:00,0.0
2030-02-01 01:45:00,0.0
2030-02-01 02:00:00,0.0
2030-02-01 02:15:00,0.0
2030-02-01 02:30:00,0.0
2030-02-01 02:45:00,0.0
2030-02-01 03:00:00,0.0
2030-02-01 03:15:00,0.0
2030-02-01 03:30:00,0.0
2030-02-01 03:45:00,0.0
2030-02-01 04:00:00,0.0
2030-02-01 04:15:00,0.0
2030-02-01 04:30:00,0.0
2030-02-01 04:45:00,0.0
2030-02-01 05:00:00,0.0
2030-02-01 05:15:00,0.0
2030-02-01 05:30:00,0.0
2030-02-01 05:45:00,0.0
2030-02-01 06:00:00,0.0
2030-02-01 06:15:00,0.0
2030-02-01 06:30:00,0.0
2030-02-01 06:45:00,0.0
2030-02-01 07:00:00,0.0
2030-02-01 07:15:00,0.0
2030-02-01 07:30:00,0.0
2030-02-01 07:45:00,0.0
2030-02-01 08:00:00,0.0
2030-02-01 08:15:00,0.0
2030-02-01 08:30:00,0.0
2030-02-01 08:45:00,0.0
2030-02-01 09:00:00,0.0
2030-02-01 09:15:00,0.0
2030-02-01 09:30:00,0.0
2030-02-01 09:45:00,0.0
2030-02-01 10:00:00,0.0
2030-02-01 10:15:00,0.0
2030-02-01 10:30:00,0.0
2030-02-01 10:45:00,0.0
2030-02-01 11:00:00,0.0
2030-02-01 11:15:00,0.0
2030-02-01 11:30:00,0.0
2030-02-01 11:45:00,0.0
2030-02-01 12:00:00,0.0
2030-02-01 12:15:00,0.0
2030-02-01 12:30:00,0.0
2030-02-01 12:45:00,0.0
2030-02-01 13:00:00,0.0
2030-02-01 13:15:00,0.0
2030-02-01 13:30:00,0.0
2030-02-01 13:45:00,0.0
2030-02-01 14:00:00,0.0
2030-02-01 14:15:00,0.0
2030-02-01 14:30:00,0.0
2030-02-01 14:45:00,0.0
2030-02-01 15:00:00,0.0
2030-02-01 15:15:00,0.0
2030-02-01 15:30:00,0.0
2030-02-01 15:45:00,0.0
2030-02-01 16:00:00,0.0
2030-02-01 16:15:00,0.0
2030-02-01 16:30:00,0.0
2030-02-01 16:45:00,0.0
2030-02-01 17:00:00,0.0
2030-02-01 17:15:00,0.0
2030-02-01 17:30:00,0.0
2030-02-01 17:45:00,0.0
2030-02-01 18:00:00,0.0
2030-02-01 18:15:00,0.0
2030-02-01 18:30:00,0.0
2030-02-01 18:45:00,0.0
2030-02-01 19:00:00,0.0
2030-02-01 19:15:00,0.0
2030-02-01 19:30:00,0.0
2030-02-01 19:45:00,0.0
2030-02-01 20:00:00,0.0
2030-02-01 20:15:00,0.0
2030-02-01 20:30:00,0.0
2030-02-01 20:45:00,0.0
2030-02-01 21:00:00,0.0
2030-02-01 21:15:00,0.0
2030-02-01 21:30:00,0.0
2030-02-01 21:45:00,0.0
2030-02-01 22:00:00,0.0
2030-02-01 22:15:00,0.0
2030-02-01 22:30:00,0.0
2030-02-01 22:45:00,0.0
2030-02-01 23:00:00,0.0
2030-02-01 23:15:00,0.0
2030-02-01 23:30:00,0.0
2030-02-01 23:45:00,0.0
2030-02-02 00:00:00,0.0
2030-02-02 00:15:00,0.0
2030-02-02 00:30:00,0.0
2030-02-02 00:45:00,0.0
2030-02-02 01:00:00,0.0
2030-02-02 01:15:00,0.0
2030-02-02 01:30:00,0.0
2030-02-02 01:45:00,0.0
2030-02-02 02:00:00,0.0
2030-02-02 02:15:00,0.0
2030-02-02 02:30:00,0.0
2030-02-02 02:45:00,0.0
2030-02-02 03:00:00,0.0
2030-02-02 03:15:00,0.0
2030-02-02 03:30:00,0.0
2030-02-02 03:45:00,0.0
2030-02-02 04:00:00,0.0
2030-02-02 04:15:00,0.0
2030-02-02 04:30:00,0.0
2030-02-02 04:45:00,0.0
2030-02-02 05:00:00,0.0
2030-02-02 05:15:00,0.0
2030-02-02 05:30:00,0.0
2030-02-02 05:45:00,0.0
2030-02-02 06:00:00,0.0
2030-02-02 06:15:00,0.0
2030-02-02 06:30:00,0.0
2030-02-02 06:45:00,0.0
2030-02-02 07:00:00,0.0
2030-02-02 07:15:00,0.0
2030-02-02 07:30:00,0.0
2030-02-02 07:45:00,0.0
2030-02-02 08:00:00,0.0
2030-02-02 08:15:00,0.0
2030-02-02 08:30:00,0.0
2030-02-02 08:45:00,0.0
2030-02-02 09:00:00,0.0
2030-02-02 09:15:00,0.0
2030-02-02 09:30:00,0.0
2030-02-02 09:45:00,0.0
2030-02-02 10:00:00,0.0
2030-02-02 10:15:00,0.0
2030-02-02 10:30:00,0.0
2030-02-02 10:45:00,0.0
2030-02-02 11:00:00,0.0
2030-02-02 11:15:00,0.0
2030-02-02 11:30:00,0.0
2030-02-02 11:45:00,0.0
2030-02-02 12:00:00,0.0
2030-02-02 12:15:00,0.0
2030-02-02 12:30:00,0.0
2030-02-02 12:45:00,0.0
2030-02-02 13:00:00,0.0
2030-02-02 13:15:00,0.0
2030-02-02 13:30:00,0.0
2030-02-02 13:45:00,0.0
2030-02-02 14:00:00,0.0
2030-02-02 14:15:00,0.0
2030-02-02 14:30:00,0.0
2030-02-02 14:45:00,0.0
2030-02-02 15:00:00,0.0
2030-02-02 15:15:00,0.0
2030-02-02 15:30:00,0.0
2030-02-02 15:45:00,0.0
2030-02-02 16:00:00,0.0
2030-02-02 16:15:00,0.0
2030-02-02 16:30:00,0.0
2030-02-02 16:45:00,0.0
2030-02-02 17:00:00,0.0
2030-02-02 17:15:00,0.0
2030-02-02 17:30:00,0.0
2030-02-02 17:45:00,0.0
2030-02-02 18:00:00,0.0
2030-02-02 18:15:00,0.0
2030-02-02 18:30:00,0.0
2030-02-02 18:45:00,0.0
2030-02-02 19:00:00,0.0
2030-02-02 19:15:00,0.0
2030-02-02 19:30:00,0.0
2030-02-02 19:45:00,0.0
2030-02-02 20:00:00,0.0
2030-02-02 20:15:00,0.0
2030-02-02 20:30:00,0.0
2030-02-02 20:45:00,0.0
2030-02-02 21:00:00,0.0
2030-02-02 21:15:00,0.0
2030-02-02 21:30:00,0.0
2030-02-02 21:45:00,0.0
2030-02-02 22:00:00,0.0
2030-02-02 22:15:00,0.0
2030-02-02 22:30:00,0.0
2030-02-02 22:45:00,0.0
2030-02-02 23:00:00,0.0
2030-02-02 23:15:00,0.0
2030-02-02 23:30:00,0.0
2030-02-02 23:45:00,0.0
2030-02-03 00:00:00,0.0
2030-02-03 00:15:00,0.0
2030-02-03 00:30:00,0.0
2030-02-03 00:45:00,0.0
2030-02-03 01:00:00,0.0
2030-02-03 01:15:00,0.0
2030-02-03 01:30:00,0.0
2030-02-03 01:45:00,0.0
2030-02-03 02:00:00,0.0
2030-02-03 02:15:00,0.0
2030-02-03 02:30:00,0.0
2030-02-03 02:45:00,0.0
2030-02-03 03:00:00,0.0
2030-02-03 03:15:00,0.0
2030-02-03 03:30:00,0.0
2030-02-03 03:45:00,0.0
2030-02-03 04:00:00,0.0
2030-02-03 04:15:00,0.0
2030-02-03 04:30:00,0.0
2030-02-03 04:45:00,0.0
2030-02-03 05:00:00,0.0
2030-02-03 05:15:00,0.0
2030-02-03 05:30:00,0.0
2030-02-03 05:45:00,0.0
2030-02-03 06:00:00,0.0
2030-02-03 06:15:00,0.0
2030-02-03 06:30:00,0.0
2030-02-03 06:45:00,0.0
2030-02-03 07:00:00,0.0
2030-02-03 07:15:00,0.0
2030-02-03 07:30:00,0.0
2030-02-03 07:45:00,0.0
2030-02-03 08:00:00,0.0
2030-02-03 08:15:00,0.0
2030-02-03 08:30:00,0.0
2030-02-03 08:45:00,0.0
2030-02-03 09:00:00,0.0
2030-02-03 09:15:00,0.0
2030-02-03 09:30:00,0.0
2030-02-03 09:45:00,0.0
2030-02-03 10:00:00,0.0
2030-02-03 10:15:00,0.0
2030-02-03 10:30:00,0.0
2030-02-03 10:45:00,0.0
2030-02-03 11:00:00,0.0
2030-02-03 11:15:00,0.0
2030-02-03 11:30:00,0.0
2030-02-03 11:45:00,0.0
2030-02-03 12:00:00,0.0
2030-02-03 12:15:00,0.0
2030-02-03 12:30:00,0.0
2030-02-03 12:45:00,0.0
2030-02-03 13:00:00,0.0
2030-02-03 13:15:00,0.0
2030-02-03 13:30:00,0.0
2030-02-03 13:45:00,0.0
2030-02-03 14:00:00,0.0
2030-02-03 14:15:00,0.0
2030-02-03 14:30:00,0.0
2030-02-03 14:45:00,0.0
2030-02-03 15:00:00,0.0
2030-02-03 15:15:00,0.0
2030-02-03 15:30:00,0.0
2030-02-03 15:45:00,0.0
2030-02-03 16:00:00,0.0
2030-02-03 16:15:00,0.0
2030-02-03 16:30:00,0.0
2030-02-03 16:45:00,0.0
2030-02-03 17:00:00,0.0
2030-02-03 17:15:00,0.0
2030-02-03 17:30:00,0.0
2030-02-03 17:45:00,0.0
2030-02-03 18:00:00,0.0
2030-02-03 18:15:00,0.0
2030-02-03 18:30:00,0.0
2030-02-03 18:45:00,0.0
2030-02-03 19:00:00,0.0
2030-02-03 19:15:00,0.0
2030-02-03 19:30:00,0.0
2030-02-03 19:45:00,0.0
2030-02-03 20:00:00,0.0
2030-02-03 20:15:00,0.0
2030-02-03 20:30:00,0.0
2030-02-03 20:45:00,0.0
2030-02-03 21:00:00,0.0
2030-02-03 21:15:00,0.0
2030-02-03 21:30:00,0.0
2030-02-03 21:45:00,0.0
2030-02-03 22:00:00,0.0
2030-02-03 22:15:00,0.0
2030-02-03 22:30:00,0.0
2030-02-03 22:45:00,0.0
2030-02-03 23:00:00,0.0
2030-02-03 23:15:00,0.0
2030-02-03 23:30:00,0.0
2030-02-03 23:45:00,0.0
2030-02-04 00:00:00,0.0
2030-02-04 00:15:00,0.0
2030-02-04 00:30:00,0.0
2030-02-04 00:45:00,0.0
2030-02-04 01:00:00,0.0
2030-02-04 01:15:00,0.0
2030-02-04 01:30:00,0.0
2030-02-04 01:45:00,0.0
2030-02-04 02:00:00,0.0
2030-02-04 02:15:00,0.0
2030-02-04 02:30:00,0.0
2030-02-04 02:45:00,0.0
2030-02-04 03:00:00,0.0
2030-02-04 03:15:00,0.0
2030-02-04 03:30:00,0.0
2030-02-04 03:45:00,0.0
2030-02-04 04:00:00,0.0
2030-02-04 04:15:00,0.0
2030-02-04 04:30:00,0.0
2030-02-04 04:45:00,0.0
2030-02-04 05:00:00,0.0
2030-02-04 05:15:00,0.0
2030-02-04 05:30:00,0.0
2030-02-04 05:45:00,0.0
2030-02-04 06:00:00,0.0
2030-02-04 06:15:00,0.0
2030-02-04 06:30:00,0.0
2030-02-04 06:45:00,0.0
2030-02-04 07:00:00,0.0
2030-02-04 07:15:00,0.0
2030-02-04 07:30:00,0.0
2030-02-04 07:45:00,0.0
2030-02-04 08:00:00,0.0
2030-02-04 08:15:00,0.0
2030-02-04 08:30:00,0.0
2030-02-04 08:45:00,0.0
2030-02-04 09:00:00,0.0
2030-02-04 09:15:00,0.0
2030-02-04 09:30:00,0.0
2030-02-04 09:45:00,0.0
2030-02-04 10:00:00,0.0
2030-02-04 10:15:00,0.0
2030-02-04 10:30:00,0.0
2030-02-04 10:45:00,0.0
2030-02-04 11:00:00,0.0
2030-02-04 11:15:00,0.0
2030-02-04 11:30:00,0.0
2030-02-04 11:45:00,0.0
2030-02-04 12:00:00,0.0
2030-02-04 12:15:00,0.0
2030-02-04 12:30:00,0.0
2030-02-04 12:45:00,0.0
2030-02-04 13:00:00,0.0
2030-02-04 13:15:00,0.0
2030-02-04 13:30:00,0.0
2030-02-04 13:45:00,0.0
2030-02-04 14:00:00,0.0
2030-02-04 14:15:00,0.0
2030-02-04 14:30:00,0.0
2030-02-04 14:45:00,0.0
2030-02-04 15:00:00,0.0
2030-02-04 15:15:00,0.0
2030-02-04 15:30:00,0.0
2030-02-04 15:45:00,0.0
2030-02-04 16:00:00,0.0
2030-02-04 16:15:00,0.0
2030-02-04 16:30:00,0.0
2030-02-04 16:45:00,0.0
2030-02-04 17:00:00,0.0
2030-02-04 17:15:00,0.0
2030-02-04 17:30:00,0.0
2030-02-04 17:45:00,0.0
2030-02-04 18:00:00,0.0
2030-02-04 18:15:00,0.0
2030-02-04 18:30:00,0.0
2030-02-04 18:45:00,0.0
2030-02-04 19:00:00,0.0
2030-02-04 19:15:00,0.0
2030-02-04 19:30:00,0.0
2030-02-04 19:45:00,0.0
2030-02-04 20:00:00,0.0
2030-02-04 20:15:00,0.0
2030-02-04 20:30:00,0.0
2030-02-04 20:45:00,0.0
2030-02-04 21:00:00,0.0
2030-02-04 21:15:00,0.0
2030-02-04 21:30:00,0.0
2030-02-04 21:45:00,0.0
2030-02-04 22:00:00,0.0
2030-02-04 22:15:00,0.0
2030-02-04 22:30:00,0.0
2030-02-04 22:45:00,0.0
2030-02-04 23:00:00,0.0
2030-02-04 23:15:00,0.0
2030-02-04 23:30:00,0.0
2030-02-04 23:45:00,0.0
2030-02-05 00:00:00,0.0
2030-02-05 00:15:00,0.0
2030-02-05 00:30:00,0.0
2030-02-05 00:45:00,0.0
2030-02-05 01:00:00,0.0
2030-02-05 01:15:00,0.0
2030-02-05 01:30:00,0.0
2030-02-05 01:45:00,0.0
2030-02-05 02:00:00,0.0
2030-02-05 02:15:00,0.0
2030-02-05 02:30:00,0.0
2030-02-05 02:45:00,0.0
2030-02-05 03:00:00,0.0
2030-02-05 03:15:00,0.0
2030-02-05 03:30:00,0.0
2030-02-05 03:45:00,0.0
2030-02-05 04:00:00,0.0
2030-02-05 04:15:00,0.0
2030-02-05 04:30:00,0.0
2030-02-05 04:45:00,0.0
2030-02-05 05:00:00,0.0
2030-02-05 05:15:00,0.0
2030-02-05 05:30:00,0.0
2030-02-05 05:45:00,0.0
2030-02-05 06:00:00,0.0
2030-02-05 06:15:00,0.0
2030-02-05 06:30:00,0.0
2030-02-05 06:45:00,0.0
2030-02-05 07:00:00,0.0
2030-02-05 07:15:00,0.0
2030-02-05 07:30:00,0.0
2030-02-05 07:45:00,0.0
2030-02-05 08:00:00,0.0
2030-02-05 08:15:00,0.0
2030-02-05 08:30:00,0.0
2030-02-05 08:45:00,0.0
2030-02-05 09:00:00,0.0
2030-02-05 09:15:00,0.0
2030-02-05 09:30:00,0.0
2030-02-05 09:45:00,0.0
2030-02-05 10:00:00,0.0
2030-02-05 10:15:00,0.0
2030-02-05 10:30:00,0.0
2030-02-05 10:45:00,0.0
2030-02-05 11:00:00,0.0
2030-02-05 11:15:00,0.0
2030-02-05 11:30:00,0.0
2030-02-05 11:45:00,0.0
2030-02-05 12:00:00,0.0
2030-02-05 12:15:00,0.0
2030-02-05 12:30:00,0.0
2030-02-05 12:45:00,0.0
2030-02-05 13:00:00,0.0
2030-02-05 13:15:00,0.0
2030-02-05 13:30:00,0.0
2030-02-05 13:45:00,0.0
2030-02-05 14:00:00,0.0
2030-02-05 14:15:00,0.0
2030-02-05 14:30:00,0.0
2030-02-05 14:45:00,0.0
2030-02-05 15:00:00,0.0
2030-02-05 15:15:00,0.0
2030-02-05 15:30:00,0.0
2030-02-05 15:45:00,0.0
2030-02-05 16:00:00,0.0
2030-02-05 16:15:00,0.0
2030-02-05 16:30:00,0.0
2030-02-05 16:45:00,0.0
2030-02-05 17:00:00,0.0
2030-02-05 17:15:00,0.0
2030-02-05 17:30:00,0.0
2030-02-05 17:45:00,0.0
2030-02-05 18:00:00,0.0
2030-02-05 18:15:00,0.0
2030-02-05 18:30:00,0.0
2030-02-05 18:45:00,0.0
2030-02-05 19:00:00,0.0
2030-02-05 19:15:00,0.0
2030-02-05 19:30:00,0.0
2030-02-05 19:45:00,0.0
2030-02-05 20:00:00,0.0
2030-02-05 20:15:00,0.0
2030-02-05 20:30:00,0.0
2030-02-05 20:45:00,0.0
2030-02-05 21:00:00,0.0
2030-02-05 21:15:00,0.0
2030-02-05 21:30:00,0.0
2030-02-05 21:45:00,0.0
2030-02-05 22:00:00,0.0
2030-02-05 22:15:00,0.0
2030-02-05 22:30:00,0.0
2030-02-05 22:45:00,0.0
2030-02-05 23:00:00,0.0
2030-02-05 23:15:00,0.0
2030-02-05 23:30:00,0.0
2030-02-05 23:45:00,0.0
2030-02-06 00:00:00,0.0
2030-02-06 00:15:00,0.0
2030-02-06 00:30:00,0.0
2030-02-06 00:45:00,0.0
2030-02-06 01:00:00,0.0
2030-02-06 01:15:00,0.0
2030-02-06 01:30:00,0.0
2030-02-06 01:45:00,0.0
2030-02-06 02:00:00,0.0
2030-02-06 02:15:00,0.0
2030-02-06 02:30:00,0.0
2030-02-06 02:45:00,0.0
2030-02-06 03:00:00,0.0
2030-02-06 03:15:00,0.0
2030-02-06 03:30:00,0.0
2030-02-06 03:45:00,0.0
2030-02-06 04:00:00,0.0
2030-02-06 04:15:00,0.0
2030-02-06 04:30:00,0.0
2030-02-06 04:45:00,0.0
2030-02-06 05:00:00,0.0
2030-02-06 05:15:00,0.0
2030-02-06 05:30:00,0.0
2030-02-06 05:45:00,0.0
2030-02-06 06:00:00,0.0
2030-02-06 06:15:00,0.0
2030-02-06 06:30:00,0.0
2030-02-06 06:45:00,0.0
2030-02-06 07:00:00,0.0
2030-02-06 07:15:00,0.0
2030-02-06 07:30:00,0.0
2030-02-06 07:45:00,0.0
2030-02-06 08:00:00,0.0
2030-02-06 08:15:00,0.0
2030-02-06 08:30:00,0.0
2030-02-06 08:45:00,0.0
2030-02-06 09:00:00,0.0
2030-02-06 09:15:00,0.0
2030-02-06 09:30:00,0.0
2030-02-06 09:45:00,0.0
2030-02-06 10:00:00,0.0
2030-02-06 10:15:00,0.0
2030-02-06 10:30:00,0.0
2030-02-06 10:45:00,0.0
2030-02-06 11:00:00,0.0
2030-02-06 11:15:00,0.0
2030-02-06 11:30:00,0.0
2030-02-06 11:45:00,0.0
2030-02-06 12:00:00,0.0
2030-02-06 12:15:00,0.0
2030-02-06 12:30:00,0.0
2030-02-06 12:45:00,0.0
2030-02-06 13:00:00,0.0
2030-02-06 13:15:00,0.0
2030-02-06 13:30:00,0.0
2030-02-06 13:45:00,0.0
2030-02-06 14:00:00,0.0
2030-02-06 14:15:00,0.0
2030-02-06 14:30:00,0.0
2030-02-06 14:45:00,0.0
2030-02-06 15:00:00,0.0
2030-02-06 15:15:00,0.0
2030-02-06 15:30:00,0.0
2030-02-06 15:45:00,0.0
2030-02-06 16:00:00,0.0
2030-02-06 16:15:00,0.0
2030-02-06 16:30:00,0.0
2030-02-06 16:45:00,0.0
2030-02-06 17:00:00,0.0
2030-02-06 17:15:00,0.0
2030-02-06 17:30:00,0.0
2030-02-06 17:45:00,0.0
2030-02-06 18:00:00,0.0
2030-02-06 18:15:00,0.0
2030-02-06 18:30:00,0.0
2030-02-06 18:45:00,0.0
2030-02-06 19:00:00,0.0
2030-02-06 19:15:00,0.0
2030-02-06 19:30:00,0.0
2030-02-06 19:45:00,0.0
2030-02-06 20:00:00,0.0
2030-02-06 20:15:00,0.0
2030-02-06 20:30:00,0.0
2030-02-06 20:45:00,0.0
2030-02-06 21:00:00,0.0
2030-02-06 21:15:00,0.0
2030-02-06 21:30:00,0.0
2030-02-06 21:45:00,0.0
2030-02-06 22:00:00,0.0
2030-02-06 22:15:00,0.0
2030-02-06 22:30:00,0.0
2030-02-06 22:45:00,0.0
2030-02-06 23:00:00,0.0
2030-02-06 23:15:00,0.0
2030-02-06 23:30:00,0.0
2030-02-06 23:45:00,0.0
2030-02-07 00:00:00,0.0
2030-02-07 00:15:00,0.0
2030-02-07 00:30:00,10264.314659253769
2030-02-07 00:45:00,11383.292928365976
2030-02-07 01:00:00,11171.292842974675
2030-02-07 01:15:00,11075.377731092209
2030-02-07 01:30:00,10944.487698281297
2030-02-07 01:45:00,10914.977619763045
2030-02-07 02:00:00,10707.081413125281
2030-02-07 02:15:00,10825.079181028428
2030-02-07 02:30:00,11185.199133859169
2030-02-07 02:45:00,11279.739925613443
2030-02-07 03:00:00,11432.984559217182
2030-02-07 03:15:00,11638.775898569562
2030-02-07 03:30:00,11771.068345632322
2030-02-07 03:45:00,11813.461906140737
2030-02-07 04:00:00,12026.929032212185
2030-02-07 04:15:00,12300.96557396492
2030-02-07 04:30:00,12452.582982678483
2030-02-07 04:45:00,12789.995340476446
2030-02-07 05:00:00,13433.866636496889
2030-02-07 05:15:00,13845.580290651978
2030-02-07 05:30:00,14386.641804321915
2030-02-07 05:45:00,14833.77371916267
2030-02-07 06:00:00,15870.616302120601
2030-02-07 06:15:00,16482.067171558905
2030-02-07 06:30:00,16952.28286521315
2030-02-07 06:45:00,17501.333441129147
2030-02-07 07:00:00,17920.379953495485
2030-02-07 07:15:00,18172.02859449526
2030-02-07 07:30:00,18068.876044728942
2030-02-07 07:45:00,18141.606601352505
2030-02-07 08:00:00,18089.60414620227
2030-02-07 08:15:00,17644.42290713703
2030-02-07 08:30:00,17052.00881571773
2030-02-07 08:45:00,16329.516231791109
2030-02-07 09:00:00,15315.266554022555
2030-02-07 09:15:00,14281.106883084338
2030-02-07 09:30:00,13290.675369954439
2030-02-07 09:45:00,12491.631794538103
2030-02-07 10:00:00,11742.06611949053
2030-02-07 10:15:00,10947.984480334755
2030-02-07 10:30:00,10192.973314469451
2030-02-07 10:45:00,9224.436675529307
2030-02-07 11:00:00,8734.387512896945
2030-02-07 11:15:00,8313.210759431213
2030-02-07 11:30:00,8315.194690287564
2030-02-07 11:45:00,7836.637336517291
2030-02-07 12:00:00,7510.437932991907
2030-02-07 12:15:00,7211.6217444055
2030-02-07 12:30:00,6848.363456361774
2030-02-07 12:45:00,6598.037019344403
2030-02-07 13:00:00,6822.367250252431
2030-02-07 13:15:00,6717.921541124397
2030-02-07 13:30:00,6832.293151353662
2030-02-07 13:45:00,6558.34916499738
2030-02-07 14:00:00,7094.115747559481
2030-02-07 14:15:00,7480.3557946459805
2030-02-07 14:30:00,7938.5971539968195
2030-02-07 14:45:00,8636.122788621597
2030-02-07 15:00:00,9600.576216862768
2030-02-07 15:15:00,10429.677118071135
2030-02-07 15:30:00,11094.85305318459
2030-02-07 15:45:00,11675.105424342768
2030-02-07 16:00:00,12320.341899271554
2030-02-07 16:15:00,12973.417530204937
2030-02-07 16:30:00,13395.334770575964
2030-02-07 16:45:00,13794.546482192758
2030-02-07 17:00:00,14239.175126531953
2030-02-07 17:15:00,14501.648102793602
2030-02-07 17:30:00,14530.677887026468
2030-02-07 17:45:00,14555.467496549527
2030-02-07 18:00:00,14445.4933828301
2030-02-07 18:15:00,14190.732297524391
2030-02-07 18:30:00,14205.136478243026
2030-02-07 18:45:00,13886.114267806628
2030-02-07 19:00:00,13593.141509240344
2030-02-07 19:15:00,13247.287966286916
2030-02-07 19:30:00,12852.847805989135
2030-02-07 19:45:00,12349.686228362132
2030-02-07 20:00:00,11915.803450052386
2030-02-07 20:15:00,11509.99408468038
2030-02-07 20:30:00,11145.53470729472
2030-02-07 20:45:00,10596.128083763031
2030-02-07 21:00:00,10190.668156342315
2030-02-07 21:15:00,9394.37987439503
2030-02-07 21:30:00,8916.360450213782
2030-02-07 21:45:00,8587.02751778015
2030-02-07 22:00:00,8424.109005086404
2030-02-07 22:15:00,8164.956469626486
2030-02-07 22:30:00,8042.888617065695
2030-02-07 22:45:00,7832.018714824135
2030-02-07 23:00:00,7492.790638754579
2030-02-07 23:15:00,7267.27964190318
2030-02-07 23:30:00,7009.904492797741
2030-02-07 23:45:00,6679.6214549578035
2030-02-08 00:00:00,6058.514706152582
2030-02-08 00:15:00,5713.782263765286
2030-02-08 00:30:00,5503.78440138674
2030-02-08 00:45:00,5309.446541342473
2030-02-08 01:00:00,5100.798142617432
2030-02-08 01:15:00,5048.920416334615
2030-02-08 01:30:00,5363.539575213246
2030-02-08 01:45:00,5365.529394557543
2030-02-08 02:00:00,5480.270638919834
2030-02-08 02:15:00,5330.082630222203
2030-02-08 02:30:00,5286.061289078407
2030-02-08 02:45:00,5265.905801401492
2030-02-08 03:00:00,5324.19920648173
2030-02-08 03:15:00,5269.160097046106
2030-02-08 03:30:00,5266.330794663867
2030-02-08 03:45:00,5402.887172430948
2030-02-08 04:00:00,5587.29105216829
2030-02-08 04:15:00,5535.503996146817
2030-02-08 04:30:00,5565.149081688296
2030-02-08 04:45:00,5718.556717990343
2030-02-08 05:00:00,6228.72120410195
2030-02-08 05:15:00,6526.675688516078
2030-02-08 05:30:00,6765.296536064072
2030-02-08 05:45:00,7017.007303822764
2030-02-08 06:00:00,7727.668367865186
2030-02-08 06:15:00,8562.05813182086
2030-02-08 06:30:00,8982.651770529012
2030-02-08 06:45:00,9422.932873908689
2030-02-08 07:00:00,9909.001050465413
2030-02-08 07:15:00,10331.601081303901
2030-02-08 07:30:00,10383.05677887568
2030-02-08 07:45:00,10296.73837717485
2030-02-08 08:00:00,10241.32137573732
2030-02-08 08:15:00,9987.51059206022
2030-02-08 08:30:00,9926.225586207802
2030-02-08 08:45:00,9558.575180729827
2030-02-08 09:00:00,8775.666916893875
2030-02-08 09:15:00,8216.78515273723
2030-02-08 09:30:00,7840.023118021736
2030-02-08 09:45:00,7372.318779214049
2030-02-08 10:00:00,6878.404630927136
2030-02-08 10:15:00,6217.017935082578
2030-02-08 10:30:00,5881.107506833614
2030-02-08 10:45:00,5353.801574297871
2030-02-08 11:00:00,4869.2353048731675
2030-02-08 11:15:00,4662.345206468406
2030-02-08 11:30:00,4245.352147732516
2030-02-08 11:45:00,3891.0609922778676
2030-02-08 12:00:00,4018.4795446465832
2030-02-08 12:15:00,3892.6916115625027
2030-02-08 12:30:00,3903.2180270702775
2030-02-08 12:45:00,3721.7185011488655
2030-02-08 13:00:00,3685.1086958241867
2030-02-08 13:15:00,4035.493216846313
2030-02-08 13:30:00,4208.419327576939
2030-02-08 13:45:00,4192.211569106668
2030-02-08 14:00:00,4499.913229979607
2030-02-08 14:15:00,4598.11560283335
2030-02-08 14:30:00,5385.371176904158
2030-02-08 14:45:00,6079.888872757134
2030-02-08 15:00:00,6946.999106924715
2030-02-08 15:15:00,7739.838974140155
2030-02-08 15:30:00,8449.254175623322
2030-02-08 15:45:00,9675.858461776927
2030-02-08 16:00:00,10771.716914627435
2030-02-08 16:15:00,11516.984280369496
2030-02-08 16:30:00,11939.656702762984
2030-02-08 16:45:00,12450.09369155826
2030-02-08 17:00:00,13025.8062887792
2030-02-08 17:15:00,12931.148103591373
2030-02-08 17:30:00,12974.899195940368
2030-02-08 17:45:00,12811.123219094494
2030-02-08 18:00:00,12321.218685060563
2030-02-08 18:15:00,11649.742428329964
2030-02-08 18:30:00,10953.338011038904
2030-02-08 18:45:00,10270.408659379707
2030-02-08 19:00:00,9899.77807363943
2030-02-08 19:15:00,9133.374567296461
2030-02-08 19:30:00,8246.426660186862
2030-02-08 19:45:00,7181.556418556691
2030-02-08 20:00:00,6160.45953321183
2030-02-08 20:15:00,5376.5193818301195
2030-02-08 20:30:00,4459.110853433314
2030-02-08 20:45:00,3778.84484097976
2030-02-08 21:00:00,3086.4063497011557
2030-02-08 21:15:00,2511.7193760610244
2030-02-08 21:30:00,2183.046198361797
2030-02-08 21:45:00,1997.7703615025275
2030-02-08 22:00:00,2073.9273937457583
2030-02-08 22:15:00,1848.3618044673458
2030-02-08 22:30:00,1541.9367980284478
2030-02-08 22:45:00,1275.2358060966071
2030-02-08 23:00:00,981.8565877706751
2030-02-08 23:15:00,1229.2831952147171
2030-02-08 23:30:00,1660.4154787362531
2030-02-08 23:45:00,1734.17986059963
2030-02-09 00:00:00,1823.5821773326425
2030-02-09 00:15:00,1744.3020683085488
2030-02-09 00:30:00,1563.116446949236
2030-02-09 00:45:00,1523.2614075232595
2030-02-09 01:00:00,1561.9517252760306
2030-02-09 01:15:00,1495.2069636751257
2030-02-09 01:30:00,1480.2103557787013
2030-02-09 01:45:00,1311.715910473631
2030-02-09 02:00:00,1372.1565173868366
2030-02-09 02:15:00,1126.5373625022403
2030-02-09 02:30:00,1103.52163944337
2030-02-09 02:45:00,1116.710069238241
2030-02-09 03:00:00,1216.3248236987565
2030-02-09 03:15:00,1109.7640150084844
2030-02-09 03:30:00,1164.4060526454014
2030-02-09 03:45:00,1107.5506905737784
2030-02-09 04:00:00,1019.1408203082319
2030-02-09 04:15:00,948.7539138467218
2030-02-09 04:30:00,1021.5577715151594
2030-02-09 04:45:00,1263.3041510198018
2030-02-09 05:00:00,1462.6386016570905
2030-02-09 05:15:00,1584.035439209525
2030-02-09 05:30:00,1903.239033447655
2030-02-09 05:45:00,2232.683182805704
2030-02-09 06:00:00,3032.8576720004567
2030-02-09 06:15:00,3670.0679816621414
2030-02-09 06:30:00,4217.522719084613
2030-02-09 06:45:00,4703.676940760615
2030-02-09 07:00:00,5236.7571031687585
2030-02-09 07:15:00,5659.94971125642
2030-02-09 07:30:00,6076.370819674201
2030-02-09 07:45:00,6309.464068668847
2030-02-09 08:00:00,6447.019868256113
2030-02-09 08:15:00,6783.081638336618
2030-02-09 08:30:00,6669.6440813351655
2030-02-09 08:45:00,6561.9739684036795
2030-02-09 09:00:00,8347.579112310597
2030-02-09 09:15:00,8577.0779453711
2030-02-09 09:30:00,8196.147410637133
2030-02-09 09:45:00,7884.102148547212
2030-02-09 10:00:00,7833.84896557657
2030-02-09 10:15:00,7433.147464022761
2030-02-09 10:30:00,7354.114741228699
2030-02-09 10:45:00,7006.866434031366
2030-02-09 11:00:00,6674.450048832863
2030-02-09 11:15:00,6937.77139869161
2030-02-09 11:30:00,6758.508890803652
2030-02-09 11:45:00,6752.039850554276
2030-02-09 12:00:00,6767.32467299774
2030-02-09 12:15:00,6858.3067511628615
2030-02-09 12:30:00,6745.544811164371
2030-02-09 12:45:00,6688.9643012991655
2030-02-09 13:00:00,7231.055052360964
2030-02-09 13:15:00,7753.25550295241
2030-02-09 13:30:00,8037.987902490055
2030-02-09 13:45:00,8403.736693943498
2030-02-09 14:00:00,8884.203841195802
2030-02-09 14:15:00,9471.618381924121
2030-02-09 14:30:00,9926.173854783336
2030-02-09 14:45:00,10158.488769694548
2030-02-09 15:00:00,10134.73673946033
2030-02-09 15:15:00,10793.332171017148
2030-02-09 15:30:00,11396.842875555622
2030-02-09 15:45:00,11812.46772508465
2030-02-09 16:00:00,12070.16511013119
2030-02-09 16:15:00,12629.383183349695
2030-02-09 16:30:00,12796.626318120829
2030-02-09 16:45:00,12782.80530358601
2030-02-09 17:00:00,12235.856244182381
2030-02-09 17:15:00,11941.351808704696
2030-02-09 17:30:00,11741.510524944246
2030-02-09 17:45:00,11125.028551025498
2030-02-09 18:00:00,10548.521177704872
2030-02-09 18:15:00,10256.405890525026
2030-02-09 18:30:00,9884.673933914382
2030-02-09 18:45:00,9638.493866263201
2030-02-09 19:00:00,8587.231671562959
2030-02-09 19:15:00,7627.743428765334
2030-02-09 19:30:00,6396.454867471231
2030-02-09 19:45:00,6052.1825763376
2030-02-09 20:00:00,7936.520785611072
2030-02-09 20:15:00,8484.266948183904
2030-02-09 20:30:00,7616.8076794857225
2030-02-09 20:45:00,7190.222264082457
2030-02-09 21:00:00,6870.119013311667
2030-02-09 21:15:00,6626.576899213063
2030-02-09 21:30:00,6312.661735828038
2030-02-09 21:45:00,6109.090602693108
2030-02-09 22:00:00,5856.139564169611
2030-02-09 22:15:00,5800.810585655305
2030-02-09 22:30:00,5530.522242939551
2030-02-09 22:45:00,5391.833149575432
2030-02-09 23:00:00,4767.7073420867655
2030-02-09 23:15:00,4685.957568328722
2030-02-09 23:30:00,4082.876102865215
2030-02-09 23:45:00,4137.225524572137
2030-02-10 00:00:00,4799.441644252249
2030-02-10 00:15:00,4581.723894607847
2030-02-10 00:30:00,4001.4060343658693
2030-02-10 00:45:00,3675.967236145112
2030-02-10 01:00:00,3437.709180209178
2030-02-10 01:15:00,3366.5489991626455
2030-02-10 01:30:00,3419.781844580357
2030-02-10 01:45:00,3630.500793311214
2030-02-10 02:00:00,3764.6576187849423
2030-02-10 02:15:00,3456.8508595928743
2030-02-10 02:30:00,3320.0278213632046
2030-02-10 02:45:00,3376.199633666538
2030-02-10 03:00:00,3369.71705760276
2030-02-10 03:15:00,3299.905709732444
2030-02-10 03:30:00,3220.1833352241683
2030-02-10 03:45:00,3332.9579444785268
2030-02-10 04:00:00,4013.6239676310943
2030-02-10 04:15:00,4108.784067304141
2030-02-10 04:30:00,4148.279008039915
2030-02-10 04:45:00,4046.0330786191407
2030-02-10 05:00:00,4275.918657725742
2030-02-10 05:15:00,4348.821391480156
2030-02-10 05:30:00,4629.923638193475
2030-02-10 05:45:00,4767.8561742103375
2030-02-10 06:00:00,3953.252102702583
2030-02-10 06:15:00,3914.5345443901715
2030-02-10 06:30:00,4318.623047698737
2030-02-10 06:45:00,4674.918013776496
2030-02-10 07:00:00,5576.328100750419
2030-02-10 07:15:00,6793.332281525822
2030-02-10 07:30:00,7093.402775831342
2030-02-10 07:45:00,7283.768368593301
2030-02-10 08:00:00,8122.14775974541
2030-02-10 08:15:00,8472.7362505151
2030-02-10 08:30:00,8494.973593517581
2030-02-10 08:45:00,8425.138226980725
2030-02-10 09:00:00,8310.07204798625
2030-02-10 09:15:00,8179.014823776581
2030-02-10 09:30:00,7994.334207474585
2030-02-10 09:45:00,8406.156936827068
2030-02-10 10:00:00,8491.555296018316
2030-02-10 10:15:00,7997.076752715762
2030-02-10 10:30:00,7791.569848086379
2030-02-10 10:45:00,7554.247195960543
2030-02-10 11:00:00,7221.932034946742
2030-02-10 11:15:00,6942.1413315841855
2030-02-10 11:30:00,6451.092250709218
2030-02-10 11:45:00,6123.128457564508
2030-02-10 12:00:00,5632.905273889501
2030-02-10 12:15:00,5388.176848968662
2030-02-10 12:30:00,5427.4339722650075
2030-02-10 12:45:00,5236.592226395329
2030-02-10 13:00:00,4822.743103361619
2030-02-10 13:15:00,4530.64133296864
2030-02-10 13:30:00,4421.292342632612
2030-02-10 13:45:00,4188.870834652294
2030-02-10 14:00:00,3539.0119622502534
2030-02-10 14:15:00,3300.857557180556
2030-02-10 14:30:00,3429.879264811949
2030-02-10 14:45:00,3280.6943594455806
2030-02-10 15:00:00,3335.163385606422
2030-02-10 15:15:00,3683.711837134855
2030-02-10 15:30:00,4156.2522969638485
2030-02-10 15:45:00,4175.423106550348
2030-02-10 16:00:00,4230.901539902814
2030-02-10 16:15:00,4384.828567944111
2030-02-10 16:30:00,4415.75833790387
2030-02-10 16:45:00,4551.182558431283
2030-02-10 17:00:00,4572.004899459425
2030-02-10 17:15:00,4898.977585054712
2030-02-10 17:30:00,4547.769602495733
2030-02-10 17:45:00,4286.912069808583
2030-02-10 18:00:00,4087.7416445559866
2030-02-10 18:15:00,3180.478509619319
2030-02-10 18:30:00,2589.7133014416722
2030-02-10 18:45:00,1719.7033495942742
2030-02-10 19:00:00,1015.3489907364601
2030-02-10 19:15:00,634.8519773437547
2030-02-10 19:30:00,81.6399902532794
2030-02-10 19:45:00,0.0
2030-02-10 20:00:00,0.0
2030-02-10 20:15:00,0.0
2030-02-10 20:30:00,0.0
2030-02-10 20:45:00,0.0
2030-02-10 21:00:00,0.0
2030-02-10 21:15:00,0.0
2030-02-10 21:30:00,0.0
2030-02-10 21:45:00,0.0
2030-02-10 22:00:00,0.0
2030-02-10 22:15:00,0.0
2030-02-10 22:30:00,0.0
2030-02-10 22:45:00,0.0
2030-02-10 23:00:00,0.0
2030-02-10 23:15:00,0.0
2030-02-10 23:30:00,0.0
2030-02-10 23:45:00,0.0
2030-02-11 00:00:00,0.0
2030-02-11 00:15:00,0.0
2030-02-11 00:30:00,0.0
2030-02-11 00:45:00,0.0
2030-02-11 01:00:00,0.0
2030-02-11 01:15:00,0.0
2030-02-11 01:30:00,0.0
2030-02-11 01:45:00,0.0
2030-02-11 02:00:00,0.0
2030-02-11 02:15:00,0.0
2030-02-11 02:30:00,0.0
2030-02-11 02:45:00,0.0
2030-02-11 03:00:00,0.0
2030-02-11 03:15:00,0.0
2030-02-11 03:30:00,0.0
2030-02-11 03:45:00,0.0
2030-02-11 04:00:00,0.0
2030-02-11 04:15:00,0.0
2030-02-11 04:30:00,0.0
2030-02-11 04:45:00,0.0
2030-02-11 05:00:00,0.0
2030-02-11 05:15:00,0.0
2030-02-11 05:30:00,0.0
2030-02-11 05:45:00,0.0
2030-02-11 06:00:00,0.0
2030-02-11 06:15:00,0.0
2030-02-11 06:30:00,0.0
2030-02-11 06:45:00,0.0
2030-02-11 07:00:00,0.0
2030-02-11 07:15:00,0.0
2030-02-11 07:30:00,0.0
2030-02-11 07:45:00,0.0
2030-02-11 08:00:00,0.0
2030-02-11 08:15:00,0.0
2030-02-11 08:30:00,0.0
2030-02-11 08:45:00,0.0
2030-02-11 09:00:00,0.0
2030-02-11 09:15:00,0.0
2030-02-11 09:30:00,0.0
2030-02-11 09:45:00,0.0
2030-02-11 10:00:00,0.0
2030-02-11 10:15:00,0.0
2030-02-11 10:30:00,0.0
2030-02-11 10:45:00,0.0
2030-02-11 11:00:00,0.0
2030-02-11 11:15:00,0.0
2030-02-11 11:30:00,0.0
2030-02-11 11:45:00,0.0
2030-02-11 12:00:00,0.0
2030-02-11 12:15:00,0.0
2030-02-11 12:30:00,0.0
2030-02-11 12:45:00,0.0
2030-02-11 13:00:00,0.0
2030-02-11 13:15:00,0.0
2030-02-11 13:30:00,0.0
2030-02-11 13:45:00,0.0
2030-02-11 14:00:00,0.0
2030-02-11 14:15:00,0.0
2030-02-11 14:30:00,0.0
2030-02-11 14:45:00,0.0
2030-02-11 15:00:00,0.0
2030-02-11 15:15:00,0.0
2030-02-11 15:30:00,0.0
2030-02-11 15:45:00,0.0
2030-02-11 16:00:00,0.0
2030-02-11 16:15:00,0.0
2030-02-11 16:30:00,0.0
2030-02-11 16:45:00,0.0
2030-02-11 17:00:00,0.0
2030-02-11 17:15:00,0.0
2030-02-11 17:30:00,0.0
2030-02-11 17:45:00,0.0
2030-02-11 18:00:00,0.0
2030-02-11 18:15:00,0.0
2030-02-11 18:30:00,0.0
2030-02-11 18:45:00,0.0
2030-02-11 19:00:00,0.0
2030-02-11 19:15:00,0.0
2030-02-11 19:30:00,0.0
2030-02-11 19:45:00,0.0
2030-02-11 20:00:00,0.0
2030-02-11 20:15:00,0.0
2030-02-11 20:30:00,0.0
2030-02-11 20:45:00,0.0
2030-02-11 21:00:00,0.0
2030-02-11 21:15:00,0.0
2030-02-11 21:30:00,0.0
2030-02-11 21:45:00,0.0
2030-02-11 22:00:00,0.0
2030-02-11 22:15:00,0.0
2030-02-11 22:30:00,0.0
2030-02-11 22:45:00,0.0
2030-02-11 23:00:00,0.0
2030-02-11 23:15:00,0.0
2030-02-11 23:30:00,0.0
2030-02-11 23:45:00,0.0
2030-02-12 00:00:00,0.0
2030-02-12 00:15:00,0.0
2030-02-12 00:30:00,0.0
2030-02-12 00:45:00,0.0
2030-02-12 01:00:00,0.0
2030-02-12 01:15:00,0.0
2030-02-12 01:30:00,0.0
2030-02-12 01:45:00,0.0
2030-02-12 02:00:00,0.0
2030-02-12 02:15:00,0.0
2030-02-12 02:30:00,0.0
2030-02-12 02:45:00,0.0
2030-02-12 03:00:00,0.0
2030-02-12 03:15:00,0.0
2030-02-12 03:30:00,0.0
2030-02-12 03:45:00,0.0
2030-02-12 04:00:00,0.0
2030-02-12 04:15:00,0.0
2030-02-12 04:30:00,0.0
2030-02-12 04:45:00,0.0
2030-02-12 05:00:00,0.0
2030-02-12 05:15:00,0.0
2030-02-12 05:30:00,0.0
2030-02-12 05:45:00,0.0
2030-02-12 06:00:00,0.0
2030-02-12 06:15:00,0.0
2030-02-12 06:30:00,0.0
2030-02-12 06:45:00,0.0
2030-02-12 07:00:00,0.0
2030-02-12 07:15:00,0.0
2030-02-12 07:30:00,0.0
2030-02-12 07:45:00,0.0
2030-02-12 08:00:00,0.0
2030-02-12 08:15:00,0.0
2030-02-12 08:30:00,0.0
2030-02-12 08:45:00,0.0
2030-02-12 09:00:00,0.0
2030-02-12 09:15:00,0.0
2030-02-12 09:30:00,0.0
2030-02-12 09:45:00,0.0
2030-02-12 10:00:00,0.0
2030-02-12 10:15:00,0.0
2030-02-12 10:30:00,0.0
2030-02-12 10:45:00,0.0
2030-02-12 11:00:00,0.0
2030-02-12 11:15:00,0.0
2030-02-12 11:30:00,0.0
2030-02-12 11:45:00,0.0
2030-02-12 12:00:00,0.0
2030-02-12 12:15:00,0.0
2030-02-12 12:30:00,0.0
2030-02-12 12:45:00,0.0
2030-02-12 13:00:00,0.0
2030-02-12 13:15:00,0.0
2030-02-12 13:30:00,0.0
2030-02-12 13:45:00,0.0
2030-02-12 14:00:00,0.0
2030-02-12 14:15:00,0.0
2030-02-12 14:30:00,0.0
2030-02-12 14:45:00,0.0
2030-02-12 15:00:00,0.0
2030-02-12 15:15:00,0.0
2030-02-12 15:30:00,0.0
2030-02-12 15:45:00,0.0
2030-02-12 16:00:00,0.0
2030-02-12 16:15:00,0.0
2030-02-12 16:30:00,0.0
2030-02-12 16:45:00,0.0
2030-02-12 17:00:00,0.0
2030-02-12 17:15:00,0.0
2030-02-12 17:30:00,0.0
2030-02-12 17:45:00,0.0
2030-02-12 18:00:00,0.0
2030-02-12 18:15:00,0.0
2030-02-12 18:30:00,0.0
2030-02-12 18:45:00,5375.886005581837
2030-02-12 19:00:00,7785.790328201278
2030-02-12 19:15:00,7546.28188868691
2030-02-12 19:30:00,7371.9811669524315
2030-02-12 19:45:00,7107.163672014482
2030-02-12 20:00:00,6822.999074539046
2030-02-12 20:15:00,6538.293590412022
2030-02-12 20:30:00,6244.976503450036
2030-02-12 20:45:00,5927.222043381273
2030-02-12 21:00:00,5830.776430412321
2030-02-12 21:15:00,5801.169140126711
2030-02-12 21:30:00,5724.07459901981
2030-02-12 21:45:00,5656.365284111873
2030-02-12 22:00:00,5787.294675365807
2030-02-12 22:15:00,5776.988120990438
2030-02-12 22:30:00,5540.918715654016
2030-02-12 22:45:00,5141.487417780514
2030-02-12 23:00:00,4876.8188741483245
2030-02-12 23:15:00,4555.971246079413
2030-02-12 23:30:00,4444.17866984387
2030-02-12 23:45:00,4226.196510538723
2030-02-13 00:00:00,3856.980109767861
2030-02-13 00:15:00,3688.7893987552416
2030-02-13 00:30:00,3480.8357074476316
2030-02-13 00:45:00,3391.5221702206272
2030-02-13 01:00:00,3295.0951273492665
2030-02-13 01:15:00,3491.216275255456
2030-02-13 01:30:00,3504.264015490522
2030-02-13 01:45:00,3506.9798138001042
2030-02-13 02:00:00,3330.2181707428335
2030-02-13 02:15:00,3299.8111003639806
2030-02-13 02:30:00,3344.046437602912
2030-02-13 02:45:00,3573.027001769211
2030-02-13 03:00:00,3800.1544248707396
2030-02-13 03:15:00,4273.862743449863
2030-02-13 03:30:00,4907.855091181902
2030-02-13 03:45:00,5567.004079870767
2030-02-13 04:00:00,6279.968462247918
2030-02-13 04:15:00,6461.953097505617
2030-02-13 04:30:00,6503.4817300387695
2030-02-13 04:45:00,7330.401183756905
2030-02-13 05:00:00,8150.793803705637
2030-02-13 05:15:00,8378.126782018804
2030-02-13 05:30:00,8850.657674806307
2030-02-13 05:45:00,9453.058267470813
2030-02-13 06:00:00,10983.676543979684
2030-02-13 06:15:00,12101.53798810233
2030-02-13 06:30:00,12781.602123428727
2030-02-13 06:45:00,13155.976646614734
2030-02-13 07:00:00,13525.389578566299
2030-02-13 07:15:00,13781.589651187423
2030-02-13 07:30:00,13839.609321621996
2030-02-13 07:45:00,13890.227920310648
2030-02-13 08:00:00,13994.314598874233
2030-02-13 08:15:00,13458.952263762218
2030-02-13 08:30:00,12129.104444350345
2030-02-13 08:45:00,10645.485203064085
2030-02-13 09:00:00,9191.099411960306
2030-02-13 09:15:00,7395.196613958582
2030-02-13 09:30:00,5549.303825008472
2030-02-13 09:45:00,3644.6396532645704
2030-02-13 10:00:00,1776.2434094690143
2030-02-13 10:15:00,92.62727669382002
2030-02-13 10:30:00,0.0
2030-02-13 10:45:00,0.0
2030-02-13 11:00:00,0.0
2030-02-13 11:15:00,0.0
2030-02-13 11:30:00,0.0
2030-02-13 11:45:00,0.0
2030-02-13 12:00:00,0.0
2030-02-13 12:15:00,0.0
2030-02-13 12:30:00,0.0
2030-02-13 12:45:00,0.0
2030-02-13 13:00:00,0.0
2030-02-13 13:15:00,0.0
2030-02-13 13:30:00,0.0
2030-02-13 13:45:00,0.0
2030-02-13 14:00:00,0.0
2030-02-13 14:15:00,0.0
2030-02-13 14:30:00,0.0
2030-02-13 14:45:00,0.0
2030-02-13 15:00:00,0.0
2030-02-13 15:15:00,0.0
2030-02-13 15:30:00,0.0
2030-02-13 15:45:00,0.0
2030-02-13 16:00:00,0.0
2030-02-13 16:15:00,0.0
2030-02-13 16:30:00,0.0
2030-02-13 16:45:00,0.0
2030-02-13 17:00:00,0.0
2030-02-13 17:15:00,0.0
2030-02-13 17:30:00,0.0
2030-02-13 17:45:00,5723.401629974047
2030-02-13 18:00:00,15705.254653022554
2030-02-13 18:15:00,15785.384045209714
2030-02-13 18:30:00,16044.052332606645
2030-02-13 18:45:00,16215.721999111514
2030-02-13 19:00:00,16395.856646227134
2030-02-13 19:15:00,16349.661059761549
2030-02-13 19:30:00,16195.18337512041
2030-02-13 19:45:00,16092.659667562484
2030-02-13 20:00:00,15817.406961480485
2030-02-13 20:15:00,15850.64087827842
2030-02-13 20:30:00,15732.175586438447
2030-02-13 20:45:00,15557.537604018355
2030-02-13 21:00:00,15389.172684689696
2030-02-13 21:15:00,15345.053423226698
2030-02-13 21:30:00,15165.304602293949
2030-02-13 21:45:00,15081.040470517659
2030-02-13 22:00:00,15203.355345587866
2030-02-13 22:15:00,15187.162369703348
2030-02-13 22:30:00,14979.790702636856
2030-02-13 22:45:00,14647.278878447958
2030-02-13 23:00:00,14513.906688084851
2030-02-13 23:15:00,14456.528535158917
2030-02-13 23:30:00,14130.73185081847
2030-02-13 23:45:00,13988.544866554483
2030-02-14 00:00:00,13338.32939357922
2030-02-14 00:15:00,13201.30018278513
2030-02-14 00:30:00,12955.249112574826
2030-02-14 00:45:00,12649.248373426879
2030-02-14 01:00:00,12414.137406160193
2030-02-14 01:15:00,12206.74823822661
2030-02-14 01:30:00,12191.875515604977
2030-02-14 01:45:00,11983.937983168293
2030-02-14 02:00:00,11793.760009396668
2030-02-14 02:15:00,11771.998830656392
2030-02-14 02:30:00,11731.258573941268
2030-02-14 02:45:00,11635.340614713945
2030-02-14 03:00:00,11775.227038451314
2030-02-14 03:15:00,11749.731564873253
2030-02-14 03:30:00,11636.595190048134
2030-02-14 03:45:00,11528.841484417386
2030-02-14 04:00:00,11648.578875823452
2030-02-14 04:15:00,11779.129334528832
2030-02-14 04:30:00,11940.188266432706
2030-02-14 04:45:00,12025.720893243713
2030-02-14 05:00:00,12113.535144728983
2030-02-14 05:15:00,12282.506462833047
2030-02-14 05:30:00,12757.49149563154
2030-02-14 05:45:00,13390.897078981045
2030-02-14 06:00:00,14360.392847278838
2030-02-14 06:15:00,15000.69724803335
2030-02-14 06:30:00,15618.756662295484
2030-02-14 06:45:00,16240.577716818209
2030-02-14 07:00:00,16963.015405819777
2030-02-14 07:15:00,17397.88675091588
2030-02-14 07:30:00,17706.2959082477
2030-02-14 07:45:00,17805.847402595246
2030-02-14 08:00:00,17514.48492728951
2030-02-14 08:15:00,16754.861015446055
2030-02-14 08:30:00,15696.905209237848
2030-02-14 08:45:00,14268.273245825174
2030-02-14 09:00:00,12286.54255938052
2030-02-14 09:15:00,10428.561158469185
2030-02-14 09:30:00,8521.945713020763
2030-02-14 09:45:00,6998.290918515784
2030-02-14 10:00:00,5521.411600064534
2030-02-14 10:15:00,4326.223166034088
2030-02-14 10:30:00,3158.964229439651
2030-02-14 10:45:00,2170.6051673848124
2030-02-14 11:00:00,1393.0443022036452
2030-02-14 11:15:00,666.274104514996
2030-02-14 11:30:00,0.0
2030-02-14 11:45:00,0.0
2030-02-14 12:00:00,0.0
2030-02-14 12:15:00,0.0
2030-02-14 12:30:00,0.0
2030-02-14 12:45:00,0.0
2030-02-14 13:00:00,0.0
2030-02-14 13:15:00,0.0
2030-02-14 13:30:00,0.0
2030-02-14 13:45:00,0.0
2030-02-14 14:00:00,0.0
2030-02-14 14:15:00,0.0
2030-02-14 14:30:00,0.0
2030-02-14 14:45:00,0.0
2030-02-14 15:00:00,0.0
2030-02-14 15:15:00,728.4397924956684
2030-02-14 15:30:00,5791.886729351299
2030-02-14 15:45:00,7059.883843190884
2030-02-14 16:00:00,8473.6880882405
2030-02-14 16:15:00,9861.577817139838
2030-02-14 16:30:00,11190.33689777846
2030-02-14 16:45:00,12281.508116207602
2030-02-14 17:00:00,13433.528805949005
2030-02-14 17:15:00,13801.596992877812
2030-02-14 17:30:00,13812.21050870667
2030-02-14 17:45:00,13819.730281750952
2030-02-14 18:00:00,13648.169740505002
2030-02-14 18:15:00,13337.346395455435
2030-02-14 18:30:00,12992.74571925145
2030-02-14 18:45:00,12759.741442226239
2030-02-14 19:00:00,12384.585484584382
2030-02-14 19:15:00,11967.918340983058
2030-02-14 19:30:00,11558.716329913721
2030-02-14 19:45:00,11165.45055182973
2030-02-14 20:00:00,10694.06683836447
2030-02-14 20:15:00,10321.513431183874
2030-02-14 20:30:00,9947.989664911907
2030-02-14 20:45:00,9688.177838068641
2030-02-14 21:00:00,9280.533435678937
2030-02-14 21:15:00,9067.709612033812
2030-02-14 21:30:00,9111.034393947735
2030-02-14 21:45:00,8817.634040738876
2030-02-14 22:00:00,8721.567291158004
2030-02-14 22:15:00,8711.58309259461
2030-02-14 22:30:00,8438.926905129269
2030-02-14 22:45:00,8488.291164275717
2030-02-14 23:00:00,8220.659056316596
2030-02-14 23:15:00,8094.787002397592
2030-02-14 23:30:00,7870.774718578898
2030-02-14 23:45:00,7608.121356045789
2030-02-15 00:00:00,6991.179615008423
2030-02-15 00:15:00,6695.109006406645
2030-02-15 00:30:00,6128.94164190638
2030-02-15 00:45:00,6045.759586123255
2030-02-15 01:00:00,5999.6321018902145
2030-02-15 01:15:00,5919.08444084939
2030-02-15 01:30:00,5724.991149331676
2030-02-15 01:45:00,5682.6904268284925
2030-02-15 02:00:00,5544.342862987187
2030-02-15 02:15:00,5450.259096447944
2030-02-15 02:30:00,5735.429199587152
2030-02-15 02:45:00,6455.548241908196
2030-02-15 03:00:00,6487.958610665804
2030-02-15 03:15:00,5729.119026529897
2030-02-15 03:30:00,5881.185980551052
2030-02-15 03:45:00,6114.621144444049
2030-02-15 04:00:00,6373.114784166006
2030-02-15 04:15:00,6472.605295423364
2030-02-15 04:30:00,6472.59472906343
2030-02-15 04:45:00,6661.160461045176
2030-02-15 05:00:00,7149.242916397372
2030-02-15 05:15:00,7309.484078324702
2030-02-15 05:30:00,7648.957113910597
2030-02-15 05:45:00,8122.632133991465
2030-02-15 06:00:00,8880.850508611467
2030-02-15 06:15:00,9110.515023055352
2030-02-15 06:30:00,9554.461961801233
2030-02-15 06:45:00,9875.79896444032
2030-02-15 07:00:00,10343.067442420417
2030-02-15 07:15:00,10526.861676890338
2030-02-15 07:30:00,10540.46698215812
2030-02-15 07:45:00,10392.033270828088
2030-02-15 08:00:00,10321.208598308558
2030-02-15 08:15:00,9924.77971776999
2030-02-15 08:30:00,9646.648908884614
2030-02-15 08:45:00,9294.31555922098
2030-02-15 09:00:00,8782.247395255323
2030-02-15 09:15:00,8408.698511296345
2030-02-15 09:30:00,7876.730228673341
2030-02-15 09:45:00,7466.375863823341
2030-02-15 10:00:00,7123.585871072501
2030-02-15 10:15:00,6709.56019535755
2030-02-15 10:30:00,6345.067623343733
2030-02-15 10:45:00,5884.725182836861
2030-02-15 11:00:00,5620.897932644115
2030-02-15 11:15:00,5531.1230390624805
2030-02-15 11:30:00,5482.125365867036
2030-02-15 11:45:00,5412.331630021865
2030-02-15 12:00:00,5199.032745441447
2030-02-15 12:15:00,5054.347060840122
2030-02-15 12:30:00,5357.772131289508
2030-02-15 12:45:00,5514.35961301747
2030-02-15 13:00:00,5920.291620397184
2030-02-15 13:15:00,6412.685874540481
2030-02-15 13:30:00,6882.382378362272
2030-02-15 13:45:00,7202.061589889805
2030-02-15 14:00:00,7761.524402417419
2030-02-15 14:15:00,8066.13085671654
2030-02-15 14:30:00,8334.548289769577
2030-02-15 14:45:00,8527.562767195031
2030-02-15 15:00:00,8879.720298534605
2030-02-15 15:15:00,9195.21411847998
2030-02-15 15:30:00,9261.941567506427
2030-02-15 15:45:00,9267.47059393504
2030-02-15 16:00:00,9387.595540002721
2030-02-15 16:15:00,9485.204542963693
2030-02-15 16:30:00,9562.120744969494
2030-02-15 16:45:00,9718.934007329588
2030-02-15 17:00:00,9876.920614662471
2030-02-15 17:15:00,10075.21998130306
2030-02-15 17:30:00,10357.36181621689
2030-02-15 17:45:00,10442.28737637683
2030-02-15 18:00:00,10390.287673335213
2030-02-15 18:15:00,10230.464507963965
2030-02-15 18:30:00,9945.187698840586
2030-02-15 18:45:00,9638.013582345371
2030-02-15 19:00:00,9234.75960079177
2030-02-15 19:15:00,8876.080816230764
2030-02-15 19:30:00,8537.503718795695
2030-02-15 19:45:00,8023.226883561856
2030-02-15 20:00:00,7781.291842671955
2030-02-15 20:15:00,7708.906654561695
2030-02-15 20:30:00,7319.8652040104425
2030-02-15 20:45:00,6816.995259015212
2030-02-15 21:00:00,6280.030692487515
2030-02-15 21:15:00,5880.123611726973
2030-02-15 21:30:00,5572.600982036711
2030-02-15 21:45:00,5350.277519895895
2030-02-15 22:00:00,5322.333601344028
2030-02-15 22:15:00,5093.175213506731
2030-02-15 22:30:00,4602.024934782075
2030-02-15 22:45:00,4383.922082041185
2030-02-15 23:00:00,4251.69926329665
2030-02-15 23:15:00,4034.0475111301967
2030-02-15 23:30:00,3665.71747260771
2030-02-15 23:45:00,3372.318793345403
2030-02-16 00:00:00,5071.101596993765
2030-02-16 00:15:00,5050.97367552379
2030-02-16 00:30:00,4614.286528891604
2030-02-16 00:45:00,4215.540551993872
2030-02-16 01:00:00,4102.719715028774
2030-02-16 01:15:00,3735.3486969076184
2030-02-16 01:30:00,3336.357976416901
2030-02-16 01:45:00,3220.4024273795076
2030-02-16 02:00:00,2703.3226799702443
2030-02-16 02:15:00,2822.139793577622
2030-02-16 02:30:00,2826.145190507019
2030-02-16 02:45:00,2841.598335068493
2030-02-16 03:00:00,2802.9686618152773
2030-02-16 03:15:00,2624.64490882909
2030-02-16 03:30:00,2757.1510018594345
2030-02-16 03:45:00,2720.6163993091504
2030-02-16 04:00:00,3509.1548628848614
2030-02-16 04:15:00,3967.849961620368
2030-02-16 04:30:00,4075.4779365248905
2030-02-16 04:45:00,3980.90465092876
2030-02-16 05:00:00,4450.654679971261
2030-02-16 05:15:00,4632.000073394271
2030-02-16 05:30:00,5183.7745761905935
2030-02-16 05:45:00,5613.322253589682
2030-02-16 06:00:00,6484.978341117267
2030-02-16 06:15:00,7144.3767039229915
2030-02-16 06:30:00,7714.504423192378
2030-02-16 06:45:00,8341.475701152243
2030-02-16 07:00:00,9065.96395523733
2030-02-16 07:15:00,9057.300023675287
2030-02-16 07:30:00,9106.103135261073
2030-02-16 07:45:00,8896.81141141591
2030-02-16 08:00:00,8793.800912861176
2030-02-16 08:15:00,8448.173533636284
2030-02-16 08:30:00,7627.832084914731
2030-02-16 08:45:00,6845.734638984166
2030-02-16 09:00:00,5702.459898342444
2030-02-16 09:15:00,4778.2919506246035
2030-02-16 09:30:00,3953.253568535398
2030-02-16 09:45:00,3266.944642258706
2030-02-16 10:00:00,2651.498605286466
2030-02-16 10:15:00,1931.2383699756974
2030-02-16 10:30:00,968.0392879376086
2030-02-16 10:45:00,54.064325076884415
2030-02-16 11:00:00,0.0
2030-02-16 11:15:00,0.0
2030-02-16 11:30:00,0.0
2030-02-16 11:45:00,0.0
2030-02-16 12:00:00,0.0
2030-02-16 12:15:00,0.0
2030-02-16 12:30:00,0.0
2030-02-16 12:45:00,0.0
2030-02-16 13:00:00,0.0
2030-02-16 13:15:00,0.0
2030-02-16 13:30:00,0.0
2030-02-16 13:45:00,0.0
2030-02-16 14:00:00,0.0
2030-02-16 14:15:00,0.0
2030-02-16 14:30:00,0.0
2030-02-16 14:45:00,0.0
2030-02-16 15:00:00,0.0
2030-02-16 15:15:00,0.0
2030-02-16 15:30:00,0.0
2030-02-16 15:45:00,0.0
2030-02-16 16:00:00,0.0
2030-02-16 16:15:00,0.0
2030-02-16 16:30:00,1849.459365681596
2030-02-16 16:45:00,8106.865888329887
2030-02-16 17:00:00,8597.923760667203
2030-02-16 17:15:00,8891.195792834405
2030-02-16 17:30:00,8313.399145610332
2030-02-16 17:45:00,7705.526936204424
2030-02-16 18:00:00,7114.000753134711
2030-02-16 18:15:00,6775.618389449948
2030-02-16 18:30:00,6449.5946181278305
2030-02-16 18:45:00,6046.267043686388
2030-02-16 19:00:00,5740.394126187173
2030-02-16 19:15:00,5246.269418408563
2030-02-16 19:30:00,4456.615418834317
2030-02-16 19:45:00,3996.5753049587765
2030-02-16 20:00:00,3373.700675058324
2030-02-16 20:15:00,2944.047926061896
2030-02-16 20:30:00,2363.2664728462696
2030-02-16 20:45:00,1792.3200964154676
2030-02-16 21:00:00,1229.0931810137372
2030-02-16 21:15:00,949.6622295580455
2030-02-16 21:30:00,713.2252483589
2030-02-16 21:45:00,542.1292957500045
2030-02-16 22:00:00,0.0
2030-02-16 22:15:00,0.0
2030-02-16 22:30:00,0.0
2030-02-16 22:45:00,0.0
2030-02-16 23:00:00,0.0
2030-02-16 23:15:00,0.0
2030-02-16 23:30:00,0.0
2030-02-16 23:45:00,0.0
2030-02-17 00:00:00,0.0
2030-02-17 00:15:00,0.0
2030-02-17 00:30:00,0.0
2030-02-17 00:45:00,0.0
2030-02-17 01:00:00,0.0
2030-02-17 01:15:00,0.0
2030-02-17 01:30:00,0.0
2030-02-17 01:45:00,0.0
2030-02-17 02:00:00,0.0
2030-02-17 02:15:00,0.0
2030-02-17 02:30:00,0.0
2030-02-17 02:45:00,0.0
2030-02-17 03:00:00,0.0
2030-02-17 03:15:00,0.0
2030-02-17 03:30:00,0.0
2030-02-17 03:45:00,0.0
2030-02-17 04:00:00,0.0
2030-02-17 04:15:00,0.0
2030-02-17 04:30:00,0.0
2030-02-17 04:45:00,0.0
2030-02-17 05:00:00,0.0
2030-02-17 05:15:00,0.0
2030-02-17 05:30:00,0.0
2030-02-17 05:45:00,0.0
2030-02-17 06:00:00,0.0
2030-02-17 06:15:00,0.0
2030-02-17 06:30:00,0.0
2030-02-17 06:45:00,0.0
2030-02-17 07:00:00,0.0
2030-02-17 07:15:00,0.0
2030-02-17 07:30:00,0.0
2030-02-17 07:45:00,0.0
2030-02-17 08:00:00,0.0
2030-02-17 08:15:00,0.0
2030-02-17 08:30:00,0.0
2030-02-17 08:45:00,0.0
2030-02-17 09:00:00,0.0
2030-02-17 09:15:00,0.0
2030-02-17 09:30:00,0.0
2030-02-17 09:45:00,0.0
2030-02-17 10:00:00,0.0
2030-02-17 10:15:00,0.0
2030-02-17 10:30:00,0.0
2030-02-17 10:45:00,0.0
2030-02-17 11:00:00,0.0
2030-02-17 11:15:00,0.0
2030-02-17 11:30:00,0.0
2030-02-17 11:45:00,0.0
2030-02-17 12:00:00,0.0
2030-02-17 12:15:00,0.0
2030-02-17 12:30:00,0.0
2030-02-17 12:45:00,0.0
2030-02-17 13:00:00,0.0
2030-02-17 13:15:00,0.0
2030-02-17 13:30:00,0.0
2030-02-17 13:45:00,0.0
2030-02-17 14:00:00,0.0
2030-02-17 14:15:00,0.0
2030-02-17 14:30:00,0.0
2030-02-17 14:45:00,0.0
2030-02-17 15:00:00,0.0
2030-02-17 15:15:00,0.0
2030-02-17 15:30:00,0.0
2030-02-17 15:45:00,0.0
2030-02-17 16:00:00,0.0
2030-02-17 16:15:00,0.0
2030-02-17 16:30:00,0.0
2030-02-17 16:45:00,0.0
2030-02-17 17:00:00,0.0
2030-02-17 17:15:00,0.0
2030-02-17 17:30:00,0.0
2030-02-17 17:45:00,0.0
2030-02-17 18:00:00,0.0
2030-02-17 18:15:00,0.0
2030-02-17 18:30:00,0.0
2030-02-17 18:45:00,0.0
2030-02-17 19:00:00,0.0
2030-02-17 19:15:00,0.0
2030-02-17 19:30:00,0.0
2030-02-17 19:45:00,0.0
2030-02-17 20:00:00,0.0
2030-02-17 20:15:00,0.0
2030-02-17 20:30:00,0.0
2030-02-17 20:45:00,0.0
2030-02-17 21:00:00,0.0
2030-02-17 21:15:00,0.0
2030-02-17 21:30:00,0.0
2030-02-17 21:45:00,0.0
2030-02-17 22:00:00,0.0
2030-02-17 22:15:00,0.0
2030-02-17 22:30:00,0.0
2030-02-17 22:45:00,0.0
2030-02-17 23:00:00,0.0
2030-02-17 23:15:00,0.0
2030-02-17 23:30:00,0.0
2030-02-17 23:45:00,0.0
2030-02-18 00:00:00,0.0
2030-02-18 00:15:00,0.0
2030-02-18 00:30:00,0.0
2030-02-18 00:45:00,0.0
2030-02-18 01:00:00,0.0
2030-02-18 01:15:00,0.0
2030-02-18 01:30:00,0.0
2030-02-18 01:45:00,0.0
2030-02-18 02:00:00,0.0
2030-02-18 02:15:00,0.0
2030-02-18 02:30:00,0.0
2030-02-18 02:45:00,0.0
2030-02-18 03:00:00,0.0
2030-02-18 03:15:00,0.0
2030-02-18 03:30:00,0.0
2030-02-18 03:45:00,0.0
2030-02-18 04:00:00,0.0
2030-02-18 04:15:00,0.0
2030-02-18 04:30:00,0.0
2030-02-18 04:45:00,0.0
2030-02-18 05:00:00,0.0
2030-02-18 05:15:00,0.0
2030-02-18 05:30:00,0.0
2030-02-18 05:45:00,0.0
2030-02-18 06:00:00,0.0
2030-02-18 06:15:00,0.0
2030-02-18 06:30:00,0.0
2030-02-18 06:45:00,0.0
2030-02-18 07:00:00,0.0
2030-02-18 07:15:00,0.0
2030-02-18 07:30:00,0.0
2030-02-18 07:45:00,0.0
2030-02-18 08:00:00,0.0
2030-02-18 08:15:00,0.0
2030-02-18 08:30:00,0.0
2030-02-18 08:45:00,0.0
2030-02-18 09:00:00,0.0
2030-02-18 09:15:00,0.0
2030-02-18 09:30:00,0.0
2030-02-18 09:45:00,0.0
2030-02-18 10:00:00,0.0
2030-02-18 10:15:00,0.0
2030-02-18 10:30:00,0.0
2030-02-18 10:45:00,0.0
2030-02-18 11:00:00,0.0
2030-02-18 11:15:00,0.0
2030-02-18 11:30:00,0.0
2030-02-18 11:45:00,0.0
2030-02-18 12:00:00,0.0
2030-02-18 12:15:00,0.0
2030-02-18 12:30:00,0.0
2030-02-18 12:45:00,0.0
2030-02-18 13:00:00,0.0
2030-02-18 13:15:00,0.0
2030-02-18 13:30:00,0.0
2030-02-18 13:45:00,0.0
2030-02-18 14:00:00,0.0
2030-02-18 14:15:00,0.0
2030-02-18 14:30:00,0.0
2030-02-18 14:45:00,0.0
2030-02-18 15:00:00,0.0
2030-02-18 15:15:00,0.0
2030-02-18 15:30:00,0.0
2030-02-18 15:45:00,0.0
2030-02-18 16:00:00,0.0
2030-02-18 16:15:00,0.0
2030-02-18 16:30:00,0.0
2030-02-18 16:45:00,0.0
2030-02-18 17:00:00,0.0
2030-02-18 17:15:00,0.0
2030-02-18 17:30:00,0.0
2030-02-18 17:45:00,0.0
2030-02-18 18:00:00,0.0
2030-02-18 18:15:00,0.0
2030-02-18 18:30:00,0.0
2030-02-18 18:45:00,0.0
2030-02-18 19:00:00,0.0
2030-02-18 19:15:00,0.0
2030-02-18 19:30:00,0.0
2030-02-18 19:45:00,0.0
2030-02-18 20:00:00,0.0
2030-02-18 20:15:00,0.0
2030-02-18 20:30:00,0.0
2030-02-18 20:45:00,0.0
2030-02-18 21:00:00,0.0
2030-02-18 21:15:00,0.0
2030-02-18 21:30:00,0.0
2030-02-18 21:45:00,0.0
2030-02-18 22:00:00,0.0
2030-02-18 22:15:00,0.0
2030-02-18 22:30:00,0.0
2030-02-18 22:45:00,0.0
2030-02-18 23:00:00,0.0
2030-02-18 23:15:00,0.0
2030-02-18 23:30:00,0.0
2030-02-18 23:45:00,0.0
2030-02-19 00:00:00,0.0
2030-02-19 00:15:00,0.0
2030-02-19 00:30:00,0.0
2030-02-19 00:45:00,0.0
2030-02-19 01:00:00,0.0
2030-02-19 01:15:00,0.0
2030-02-19 01:30:00,0.0
2030-02-19 01:45:00,0.0
2030-02-19 02:00:00,0.0
2030-02-19 02:15:00,0.0
2030-02-19 02:30:00,0.0
2030-02-19 02:45:00,0.0
2030-02-19 03:00:00,0.0
2030-02-19 03:15:00,0.0
2030-02-19 03:30:00,0.0
2030-02-19 03:45:00,0.0
2030-02-19 04:00:00,0.0
2030-02-19 04:15:00,0.0
2030-02-19 04:30:00,0.0
2030-02-19 04:45:00,0.0
2030-02-19 05:00:00,0.0
2030-02-19 05:15:00,0.0
2030-02-19 05:30:00,0.0
2030-02-19 05:45:00,0.0
2030-02-19 06:00:00,0.0
2030-02-19 06:15:00,0.0
2030-02-19 06:30:00,0.0
2030-02-19 06:45:00,0.0
2030-02-19 07:00:00,0.0
2030-02-19 07:15:00,0.0
2030-02-19 07:30:00,0.0
2030-02-19 07:45:00,0.0
2030-02-19 08:00:00,0.0
2030-02-19 08:15:00,0.0
2030-02-19 08:30:00,0.0
2030-02-19 08:45:00,0.0
2030-02-19 09:00:00,0.0
2030-02-19 09:15:00,0.0
2030-02-19 09:30:00,0.0
2030-02-19 09:45:00,0.0
2030-02-19 10:00:00,0.0
2030-02-19 10:15:00,0.0
2030-02-19 10:30:00,0.0
2030-02-19 10:45:00,0.0
2030-02-19 11:00:00,0.0
2030-02-19 11:15:00,0.0
2030-02-19 11:30:00,0.0
2030-02-19 11:45:00,0.0
2030-02-19 12:00:00,0.0
2030-02-19 12:15:00,0.0
2030-02-19 12:30:00,0.0
2030-02-19 12:45:00,0.0
2030-02-19 13:00:00,0.0
2030-02-19 13:15:00,0.0
2030-02-19 13:30:00,0.0
2030-02-19 13:45:00,0.0
2030-02-19 14:00:00,0.0
2030-02-19 14:15:00,0.0
2030-02-19 14:30:00,0.0
2030-02-19 14:45:00,0.0
2030-02-19 15:00:00,0.0
2030-02-19 15:15:00,0.0
2030-02-19 15:30:00,0.0
2030-02-19 15:45:00,0.0
2030-02-19 16:00:00,0.0
2030-02-19 16:15:00,0.0
2030-02-19 16:30:00,0.0
2030-02-19 16:45:00,0.0
2030-02-19 17:00:00,0.0
2030-02-19 17:15:00,0.0
2030-02-19 17:30:00,0.0
2030-02-19 17:45:00,0.0
2030-02-19 18:00:00,0.0
2030-02-19 18:15:00,0.0
2030-02-19 18:30:00,0.0
2030-02-19 18:45:00,0.0
2030-02-19 19:00:00,0.0
2030-02-19 19:15:00,0.0
2030-02-19 19:30:00,0.0
2030-02-19 19:45:00,0.0
2030-02-19 20:00:00,0.0
2030-02-19 20:15:00,0.0
2030-02-19 20:30:00,0.0
2030-02-19 20:45:00,0.0
2030-02-19 21:00:00,0.0
2030-02-19 21:15:00,0.0
2030-02-19 21:30:00,0.0
2030-02-19 21:45:00,0.0
2030-02-19 22:00:00,0.0
2030-02-19 22:15:00,0.0
2030-02-19 22:30:00,0.0
2030-02-19 22:45:00,0.0
2030-02-19 23:00:00,0.0
2030-02-19 23:15:00,0.0
2030-02-19 23:30:00,0.0
2030-02-19 23:45:00,0.0
2030-02-20 00:00:00,0.0
2030-02-20 00:15:00,0.0
2030-02-20 00:30:00,0.0
2030-02-20 00:45:00,0.0
2030-02-20 01:00:00,0.0
2030-02-20 01:15:00,0.0
2030-02-20 01:30:00,0.0
2030-02-20 01:45:00,0.0
2030-02-20 02:00:00,0.0
2030-02-20 02:15:00,0.0
2030-02-20 02:30:00,0.0
2030-02-20 02:45:00,0.0
2030-02-20 03:00:00,0.0
2030-02-20 03:15:00,0.0
2030-02-20 03:30:00,0.0
2030-02-20 03:45:00,0.0
2030-02-20 04:00:00,0.0
2030-02-20 04:15:00,0.0
2030-02-20 04:30:00,0.0
2030-02-20 04:45:00,0.0
2030-02-20 05:00:00,0.0
2030-02-20 05:15:00,0.0
2030-02-20 05:30:00,0.0
2030-02-20 05:45:00,0.0
2030-02-20 06:00:00,0.0
2030-02-20 06:15:00,0.0
2030-02-20 06:30:00,0.0
2030-02-20 06:45:00,0.0
2030-02-20 07:00:00,0.0
2030-02-20 07:15:00,0.0
2030-02-20 07:30:00,0.0
2030-02-20 07:45:00,0.0
2030-02-20 08:00:00,0.0
2030-02-20 08:15:00,0.0
2030-02-20 08:30:00,0.0
2030-02-20 08:45:00,0.0
2030-02-20 09:00:00,0.0
2030-02-20 09:15:00,0.0
2030-02-20 09:30:00,0.0
2030-02-20 09:45:00,0.0
2030-02-20 10:00:00,0.0
2030-02-20 10:15:00,0.0
2030-02-20 10:30:00,0.0
2030-02-20 10:45:00,0.0
2030-02-20 11:00:00,0.0
2030-02-20 11:15:00,0.0
2030-02-20 11:30:00,0.0
2030-02-20 11:45:00,0.0
2030-02-20 12:00:00,0.0
2030-02-20 12:15:00,0.0
2030-02-20 12:30:00,0.0
2030-02-20 12:45:00,0.0
2030-02-20 13:00:00,0.0
2030-02-20 13:15:00,0.0
2030-02-20 13:30:00,0.0
2030-02-20 13:45:00,0.0
2030-02-20 14:00:00,0.0
2030-02-20 14:15:00,0.0
2030-02-20 14:30:00,0.0
2030-02-20 14:45:00,0.0
2030-02-20 15:00:00,0.0
2030-02-20 15:15:00,0.0
2030-02-20 15:30:00,0.0
2030-02-20 15:45:00,0.0
2030-02-20 16:00:00,0.0
2030-02-20 16:15:00,0.0
2030-02-20 16:30:00,0.0
2030-02-20 16:45:00,0.0
2030-02-20 17:00:00,0.0
2030-02-20 17:15:00,0.0
2030-02-20 17:30:00,0.0
2030-02-20 17:45:00,0.0
2030-02-20 18:00:00,0.0
2030-02-20 18:15:00,0.0
2030-02-20 18:30:00,0.0
2030-02-20 18:45:00,0.0
2030-02-20 19:00:00,0.0
2030-02-20 19:15:00,0.0
2030-02-20 19:30:00,0.0
2030-02-20 19:45:00,0.0
2030-02-20 20:00:00,0.0
2030-02-20 20:15:00,0.0
2030-02-20 20:30:00,0.0
2030-02-20 20:45:00,0.0
2030-02-20 21:00:00,0.0
2030-02-20 21:15:00,0.0
2030-02-20 21:30:00,0.0
2030-02-20 21:45:00,0.0
2030-02-20 22:00:00,0.0
2030-02-20 22:15:00,0.0
2030-02-20 22:30:00,0.0
2030-02-20 22:45:00,0.0
2030-02-20 23:00:00,0.0
2030-02-20 23:15:00,0.0
2030-02-20 23:30:00,0.0
2030-02-20 23:45:00,0.0
2030-02-21 00:00:00,0.0
2030-02-21 00:15:00,0.0
2030-02-21 00:30:00,0.0
2030-02-21 00:45:00,0.0
2030-02-21 01:00:00,0.0
2030-02-21 01:15:00,0.0
2030-02-21 01:30:00,0.0
2030-02-21 01:45:00,0.0
2030-02-21 02:00:00,0.0
2030-02-21 02:15:00,0.0
2030-02-21 02:30:00,0.0
2030-02-21 02:45:00,0.0
2030-02-21 03:00:00,0.0
2030-02-21 03:15:00,0.0
2030-02-21 03:30:00,0.0
2030-02-21 03:45:00,0.0
2030-02-21 04:00:00,0.0
2030-02-21 04:15:00,0.0
2030-02-21 04:30:00,0.0
2030-02-21 04:45:00,0.0
2030-02-21 05:00:00,0.0
2030-02-21 05:15:00,0.0
2030-02-21 05:30:00,0.0
2030-02-21 05:45:00,0.0
2030-02-21 06:00:00,0.0
2030-02-21 06:15:00,0.0
2030-02-21 06:30:00,0.0
2030-02-21 06:45:00,0.0
2030-02-21 07:00:00,0.0
2030-02-21 07:15:00,0.0
2030-02-21 07:30:00,0.0
2030-02-21 07:45:00,0.0
2030-02-21 08:00:00,0.0
2030-02-21 08:15:00,0.0
2030-02-21 08:30:00,0.0
2030-02-21 08:45:00,0.0
2030-02-21 09:00:00,0.0
2030-02-21 09:15:00,0.0
2030-02-21 09:30:00,0.0
2030-02-21 09:45:00,0.0
2030-02-21 10:00:00,0.0
2030-02-21 10:15:00,0.0
2030-02-21 10:30:00,0.0
2030-02-21 10:45:00,0.0
2030-02-21 11:00:00,0.0
2030-02-21 11:15:00,0.0
2030-02-21 11:30:00,0.0
2030-02-21 11:45:00,0.0
2030-02-21 12:00:00,0.0
2030-02-21 12:15:00,0.0
2030-02-21 12:30:00,0.0
2030-02-21 12:45:00,0.0
2030-02-21 13:00:00,0.0
2030-02-21 13:15:00,0.0
2030-02-21 13:30:00,0.0
2030-02-21 13:45:00,0.0
2030-02-21 14:00:00,0.0
2030-02-21 14:15:00,0.0
2030-02-21 14:30:00,0.0
2030-02-21 14:45:00,0.0
2030-02-21 15:00:00,0.0
2030-02-21 15:15:00,0.0
2030-02-21 15:30:00,0.0
2030-02-21 15:45:00,0.0
2030-02-21 16:00:00,0.0
2030-02-21 16:15:00,0.0
2030-02-21 16:30:00,0.0
2030-02-21 16:45:00,0.0
2030-02-21 17:00:00,0.0
2030-02-21 17:15:00,0.0
2030-02-21 17:30:00,0.0
2030-02-21 17:45:00,0.0
2030-02-21 18:00:00,0.0
2030-02-21 18:15:00,0.0
2030-02-21 18:30:00,0.0
2030-02-21 18:45:00,0.0
2030-02-21 19:00:00,0.0
2030-02-21 19:15:00,0.0
2030-02-21 19:30:00,0.0
2030-02-21 19:45:00,0.0
2030-02-21 20:00:00,0.0
2030-02-21 20:15:00,0.0
2030-02-21 20:30:00,0.0
2030-02-21 20:45:00,0.0
2030-02-21 21:00:00,0.0
2030-02-21 21:15:00,0.0
2030-02-21 21:30:00,0.0
2030-02-21 21:45:00,0.0
2030-02-21 22:00:00,0.0
2030-02-21 22:15:00,0.0
2030-02-21 22:30:00,0.0
2030-02-21 22:45:00,0.0
2030-02-21 23:00:00,0.0
2030-02-21 23:15:00,0.0
2030-02-21 23:30:00,0.0
2030-02-21 23:45:00,0.0
2030-02-22 00:00:00,0.0
2030-02-22 00:15:00,0.0
2030-02-22 00:30:00,0.0
2030-02-22 00:45:00,0.0
2030-02-22 01:00:00,0.0
2030-02-22 01:15:00,0.0
2030-02-22 01:30:00,0.0
2030-02-22 01:45:00,0.0
2030-02-22 02:00:00,0.0
2030-02-22 02:15:00,0.0
2030-02-22 02:30:00,0.0
2030-02-22 02:45:00,0.0
2030-02-22 03:00:00,0.0
2030-02-22 03:15:00,0.0
2030-02-22 03:30:00,0.0
2030-02-22 03:45:00,0.0
2030-02-22 04:00:00,0.0
2030-02-22 04:15:00,0.0
2030-02-22 04:30:00,0.0
2030-02-22 04:45:00,0.0
2030-02-22 05:00:00,0.0
2030-02-22 05:15:00,0.0
2030-02-22 05:30:00,0.0
2030-02-22 05:45:00,0.0
2030-02-22 06:00:00,0.0
2030-02-22 06:15:00,0.0
2030-02-22 06:30:00,0.0
2030-02-22 06:45:00,0.0
2030-02-22 07:00:00,0.0
2030-02-22 07:15:00,0.0
2030-02-22 07:30:00,0.0
2030-02-22 07:45:00,0.0
2030-02-22 08:00:00,0.0
2030-02-22 08:15:00,0.0
2030-02-22 08:30:00,0.0
2030-02-22 08:45:00,0.0
2030-02-22 09:00:00,0.0
2030-02-22 09:15:00,0.0
2030-02-22 09:30:00,0.0
2030-02-22 09:45:00,0.0
2030-02-22 10:00:00,0.0
2030-02-22 10:15:00,0.0
2030-02-22 10:30:00,0.0
2030-02-22 10:45:00,0.0
2030-02-22 11:00:00,0.0
2030-02-22 11:15:00,0.0
2030-02-22 11:30:00,0.0
2030-02-22 11:45:00,0.0
2030-02-22 12:00:00,0.0
2030-02-22 12:15:00,0.0
2030-02-22 12:30:00,0.0
2030-02-22 12:45:00,0.0
2030-02-22 13:00:00,0.0
2030-02-22 13:15:00,0.0
2030-02-22 13:30:00,0.0
2030-02-22 13:45:00,0.0
2030-02-22 14:00:00,0.0
2030-02-22 14:15:00,0.0
2030-02-22 14:30:00,0.0
2030-02-22 14:45:00,0.0
2030-02-22 15:00:00,0.0
2030-02-22 15:15:00,0.0
2030-02-22 15:30:00,0.0
2030-02-22 15:45:00,0.0
2030-02-22 16:00:00,0.0
2030-02-22 16:15:00,0.0
2030-02-22 16:30:00,0.0
2030-02-22 16:45:00,0.0
2030-02-22 17:00:00,0.0
2030-02-22 17:15:00,0.0
2030-02-22 17:30:00,0.0
2030-02-22 17:45:00,0.0
2030-02-22 18:00:00,0.0
2030-02-22 18:15:00,0.0
2030-02-22 18:30:00,0.0
2030-02-22 18:45:00,0.0
2030-02-22 19:00:00,0.0
2030-02-22 19:15:00,0.0
2030-02-22 19:30:00,0.0
2030-02-22 19:45:00,0.0
2030-02-22 20:00:00,0.0
2030-02-22 20:15:00,0.0
2030-02-22 20:30:00,0.0
2030-02-22 20:45:00,0.0
2030-02-22 21:00:00,0.0
2030-02-22 21:15:00,0.0
2030-02-22 21:30:00,0.0
2030-02-22 21:45:00,0.0
2030-02-22 22:00:00,0.0
2030-02-22 22:15:00,0.0
2030-02-22 22:30:00,0.0
2030-02-22 22:45:00,0.0
2030-02-22 23:00:00,0.0
2030-02-22 23:15:00,0.0
2030-02-22 23:30:00,0.0
2030-02-22 23:45:00,0.0
2030-02-23 00:00:00,0.0
2030-02-23 00:15:00,0.0
2030-02-23 00:30:00,0.0
2030-02-23 00:45:00,0.0
2030-02-23 01:00:00,0.0
2030-02-23 01:15:00,0.0
2030-02-23 01:30:00,0.0
2030-02-23 01:45:00,0.0
2030-02-23 02:00:00,0.0
2030-02-23 02:15:00,0.0
2030-02-23 02:30:00,0.0
2030-02-23 02:45:00,0.0
2030-02-23 03:00:00,0.0
2030-02-23 03:15:00,0.0
2030-02-23 03:30:00,0.0
2030-02-23 03:45:00,0.0
2030-02-23 04:00:00,0.0
2030-02-23 04:15:00,0.0
2030-02-23 04:30:00,0.0
2030-02-23 04:45:00,0.0
2030-02-23 05:00:00,0.0
2030-02-23 05:15:00,0.0
2030-02-23 05:30:00,0.0
2030-02-23 05:45:00,0.0
2030-02-23 06:00:00,0.0
2030-02-23 06:15:00,0.0
2030-02-23 06:30:00,0.0
2030-02-23 06:45:00,0.0
2030-02-23 07:00:00,0.0
2030-02-23 07:15:00,0.0
2030-02-23 07:30:00,0.0
2030-02-23 07:45:00,0.0
2030-02-23 08:00:00,0.0
2030-02-23 08:15:00,0.0
2030-02-23 08:30:00,0.0
2030-02-23 08:45:00,0.0
2030-02-23 09:00:00,0.0
2030-02-23 09:15:00,0.0
2030-02-23 09:30:00,0.0
2030-02-23 09:45:00,0.0
2030-02-23 10:00:00,0.0
2030-02-23 10:15:00,0.0
2030-02-23 10:30:00,0.0
2030-02-23 10:45:00,0.0
2030-02-23 11:00:00,0.0
2030-02-23 11:15:00,0.0
2030-02-23 11:30:00,0.0
2030-02-23 11:45:00,0.0
2030-02-23 12:00:00,0.0
2030-02-23 12:15:00,0.0
2030-02-23 12:30:00,0.0
2030-02-23 12:45:00,0.0
2030-02-23 13:00:00,0.0
2030-02-23 13:15:00,0.0
2030-02-23 13:30:00,0.0
2030-02-23 13:45:00,0.0
2030-02-23 14:00:00,0.0
2030-02-23 14:15:00,0.0
2030-02-23 14:30:00,0.0
2030-02-23 14:45:00,0.0
2030-02-23 15:00:00,0.0
2030-02-23 15:15:00,0.0
2030-02-23 15:30:00,0.0
2030-02-23 15:45:00,0.0
2030-02-23 16:00:00,0.0
2030-02-23 16:15:00,0.0
2030-02-23 16:30:00,0.0
2030-02-23 16:45:00,0.0
2030-02-23 17:00:00,0.0
2030-02-23 17:15:00,0.0
2030-02-23 17:30:00,0.0
2030-02-23 17:45:00,0.0
2030-02-23 18:00:00,0.0
2030-02-23 18:15:00,0.0
2030-02-23 18:30:00,0.0
2030-02-23 18:45:00,0.0
2030-02-23 19:00:00,0.0
2030-02-23 19:15:00,0.0
2030-02-23 19:30:00,0.0
2030-02-23 19:45:00,0.0
2030-02-23 20:00:00,0.0
2030-02-23 20:15:00,0.0
2030-02-23 20:30:00,0.0
2030-02-23 20:45:00,0.0
2030-02-23 21:00:00,0.0
2030-02-23 21:15:00,0.0
2030-02-23 21:30:00,0.0
2030-02-23 21:45:00,0.0
2030-02-23 22:00:00,0.0
2030-02-23 22:15:00,0.0
2030-02-23 22:30:00,0.0
2030-02-23 22:45:00,0.0
2030-02-23 23:00:00,0.0
2030-02-23 23:15:00,0.0
2030-02-23 23:30:00,0.0
2030-02-23 23:45:00,0.0
2030-02-24 00:00:00,0.0
2030-02-24 00:15:00,0.0
2030-02-24 00:30:00,0.0
2030-02-24 00:45:00,0.0
2030-02-24 01:00:00,0.0
2030-02-24 01:15:00,0.0
2030-02-24 01:30:00,0.0
2030-02-24 01:45:00,0.0
2030-02-24 02:00:00,0.0
2030-02-24 02:15:00,0.0
2030-02-24 02:30:00,0.0
2030-02-24 02:45:00,0.0
2030-02-24 03:00:00,0.0
2030-02-24 03:15:00,0.0
2030-02-24 03:30:00,0.0
2030-02-24 03:45:00,0.0
2030-02-24 04:00:00,0.0
2030-02-24 04:15:00,0.0
2030-02-24 04:30:00,0.0
2030-02-24 04:45:00,0.0
2030-02-24 05:00:00,0.0
2030-02-24 05:15:00,0.0
2030-02-24 05:30:00,0.0
2030-02-24 05:45:00,0.0
2030-02-24 06:00:00,0.0
2030-02-24 06:15:00,0.0
2030-02-24 06:30:00,0.0
2030-02-24 06:45:00,0.0
2030-02-24 07:00:00,0.0
2030-02-24 07:15:00,0.0
2030-02-24 07:30:00,0.0
2030-02-24 07:45:00,0.0
2030-02-24 08:00:00,0.0
2030-02-24 08:15:00,0.0
2030-02-24 08:30:00,0.0
2030-02-24 08:45:00,0.0
2030-02-24 09:00:00,0.0
2030-02-24 09:15:00,0.0
2030-02-24 09:30:00,0.0
2030-02-24 09:45:00,0.0
2030-02-24 10:00:00,0.0
2030-02-24 10:15:00,0.0
2030-02-24 10:30:00,0.0
2030-02-24 10:45:00,0.0
2030-02-24 11:00:00,0.0
2030-02-24 11:15:00,0.0
2030-02-24 11:30:00,0.0
2030-02-24 11:45:00,0.0
2030-02-24 12:00:00,0.0
2030-02-24 12:15:00,0.0
2030-02-24 12:30:00,0.0
2030-02-24 12:45:00,0.0
2030-02-24 13:00:00,0.0
2030-02-24 13:15:00,0.0
2030-02-24 13:30:00,0.0
2030-02-24 13:45:00,0.0
2030-02-24 14:00:00,0.0
2030-02-24 14:15:00,0.0
2030-02-24 14:30:00,0.0
2030-02-24 14:45:00,0.0
2030-02-24 15:00:00,0.0
2030-02-24 15:15:00,0.0
2030-02-24 15:30:00,0.0
2030-02-24 15:45:00,0.0
2030-02-24 16:00:00,0.0
2030-02-24 16:15:00,0.0
2030-02-24 16:30:00,0.0
2030-02-24 16:45:00,0.0
2030-02-24 17:00:00,0.0
2030-02-24 17:15:00,0.0
2030-02-24 17:30:00,0.0
2030-02-24 17:45:00,0.0
2030-02-24 18:00:00,0.0
2030-02-24 18:15:00,0.0
2030-02-24 18:30:00,0.0
2030-02-24 18:45:00,0.0
2030-02-24 19:00:00,0.0
2030-02-24 19:15:00,0.0
2030-02-24 19:30:00,0.0
2030-02-24 19:45:00,0.0
2030-02-24 20:00:00,0.0
2030-02-24 20:15:00,0.0
2030-02-24 20:30:00,0.0
2030-02-24 20:45:00,0.0
2030-02-24 21:00:00,0.0
2030-02-24 21:15:00,0.0
2030-02-24 21:30:00,0.0
2030-02-24 21:45:00,0.0
2030-02-24 22:00:00,0.0
2030-02-24 22:15:00,0.0
2030-02-24 22:30:00,0.0
2030-02-24 22:45:00,0.0
2030-02-24 23:00:00,0.0
2030-02-24 23:15:00,0.0
2030-02-24 23:30:00,0.0
2030-02-24 23:45:00,0.0
2030-02-25 00:00:00,0.0
2030-02-25 00:15:00,0.0
2030-02-25 00:30:00,0.0
2030-02-25 00:45:00,0.0
2030-02-25 01:00:00,0.0
2030-02-25 01:15:00,0.0
2030-02-25 01:30:00,0.0
2030-02-25 01:45:00,0.0
2030-02-25 02:00:00,0.0
2030-02-25 02:15:00,0.0
2030-02-25 02:30:00,0.0
2030-02-25 02:45:00,0.0
2030-02-25 03:00:00,0.0
2030-02-25 03:15:00,0.0
2030-02-25 03:30:00,0.0
2030-02-25 03:45:00,0.0
2030-02-25 04:00:00,0.0
2030-02-25 04:15:00,0.0
2030-02-25 04:30:00,0.0
2030-02-25 04:45:00,0.0
2030-02-25 05:00:00,0.0
2030-02-25 05:15:00,0.0
2030-02-25 05:30:00,0.0
2030-02-25 05:45:00,0.0
2030-02-25 06:00:00,0.0
2030-02-25 06:15:00,0.0
2030-02-25 06:30:00,0.0
2030-02-25 06:45:00,0.0
2030-02-25 07:00:00,0.0
2030-02-25 07:15:00,0.0
2030-02-25 07:30:00,0.0
2030-02-25 07:45:00,0.0
2030-02-25 08:00:00,0.0
2030-02-25 08:15:00,0.0
2030-02-25 08:30:00,0.0
2030-02-25 08:45:00,0.0
2030-02-25 09:00:00,0.0
2030-02-25 09:15:00,0.0
2030-02-25 09:30:00,0.0
2030-02-25 09:45:00,0.0
2030-02-25 10:00:00,0.0
2030-02-25 10:15:00,0.0
2030-02-25 10:30:00,0.0
2030-02-25 10:45:00,0.0
2030-02-25 11:00:00,0.0
2030-02-25 11:15:00,0.0
2030-02-25 11:30:00,0.0
2030-02-25 11:45:00,0.0
2030-02-25 12:00:00,0.0
2030-02-25 12:15:00,0.0
2030-02-25 12:30:00,0.0
2030-02-25 12:45:00,0.0
2030-02-25 13:00:00,0.0
2030-02-25 13:15:00,0.0
2030-02-25 13:30:00,0.0
2030-02-25 13:45:00,0.0
2030-02-25 14:00:00,0.0
2030-02-25 14:15:00,0.0
2030-02-25 14:30:00,0.0
2030-02-25 14:45:00,0.0
2030-02-25 15:00:00,0.0
2030-02-25 15:15:00,0.0
2030-02-25 15:30:00,0.0
2030-02-25 15:45:00,0.0
2030-02-25 16:00:00,0.0
2030-02-25 16:15:00,0.0
2030-02-25 16:30:00,0.0
2030-02-25 16:45:00,0.0
2030-02-25 17:00:00,0.0
2030-02-25 17:15:00,0.0
2030-02-25 17:30:00,0.0
2030-02-25 17:45:00,0.0
2030-02-25 18:00:00,0.0
2030-02-25 18:15:00,0.0
2030-02-25 18:30:00,0.0
2030-02-25 18:45:00,0.0
2030-02-25 19:00:00,0.0
2030-02-25 19:15:00,0.0
2030-02-25 19:30:00,0.0
2030-02-25 19:45:00,0.0
2030-02-25 20:00:00,0.0
2030-02-25 20:15:00,0.0
2030-02-25 20:30:00,0.0
2030-02-25 20:45:00,0.0
2030-02-25 21:00:00,0.0
2030-02-25 21:15:00,0.0
2030-02-25 21:30:00,0.0
2030-02-25 21:45:00,0.0
2030-02-25 22:00:00,0.0
2030-02-25 22:15:00,0.0
2030-02-25 22:30:00,0.0
2030-02-25 22:45:00,0.0
2030-02-25 23:00:00,0.0
2030-02-25 23:15:00,0.0
2030-02-25 23:30:00,0.0
2030-02-25 23:45:00,0.0
2030-02-26 00:00:00,0.0
2030-02-26 00:15:00,0.0
2030-02-26 00:30:00,0.0
2030-02-26 00:45:00,0.0
2030-02-26 01:00:00,0.0
2030-02-26 01:15:00,0.0
2030-02-26 01:30:00,0.0
2030-02-26 01:45:00,0.0
2030-02-26 02:00:00,0.0
2030-02-26 02:15:00,0.0
2030-02-26 02:30:00,0.0
2030-02-26 02:45:00,0.0
2030-02-26 03:00:00,0.0
2030-02-26 03:15:00,0.0
2030-02-26 03:30:00,0.0
2030-02-26 03:45:00,0.0
2030-02-26 04:00:00,0.0
2030-02-26 04:15:00,0.0
2030-02-26 04:30:00,0.0
2030-02-26 04:45:00,0.0
2030-02-26 05:00:00,0.0
2030-02-26 05:15:00,0.0
2030-02-26 05:30:00,0.0
2030-02-26 05:45:00,0.0
2030-02-26 06:00:00,0.0
2030-02-26 06:15:00,0.0
2030-02-26 06:30:00,0.0
2030-02-26 06:45:00,0.0
2030-02-26 07:00:00,0.0
2030-02-26 07:15:00,0.0
2030-02-26 07:30:00,0.0
2030-02-26 07:45:00,0.0
2030-02-26 08:00:00,0.0
2030-02-26 08:15:00,0.0
2030-02-26 08:30:00,0.0
2030-02-26 08:45:00,0.0
2030-02-26 09:00:00,0.0
2030-02-26 09:15:00,0.0
2030-02-26 09:30:00,0.0
2030-02-26 09:45:00,0.0
2030-02-26 10:00:00,0.0
2030-02-26 10:15:00,0.0
2030-02-26 10:30:00,0.0
2030-02-26 10:45:00,0.0
2030-02-26 11:00:00,0.0
2030-02-26 11:15:00,0.0
2030-02-26 11:30:00,0.0
2030-02-26 11:45:00,0.0
2030-02-26 12:00:00,0.0
2030-02-26 12:15:00,0.0
2030-02-26 12:30:00,0.0
2030-02-26 12:45:00,0.0
2030-02-26 13:00:00,0.0
2030-02-26 13:15:00,0.0
2030-02-26 13:30:00,0.0
2030-02-26 13:45:00,0.0
2030-02-26 14:00:00,0.0
2030-02-26 14:15:00,0.0
2030-02-26 14:30:00,0.0
2030-02-26 14:45:00,0.0
2030-02-26 15:00:00,0.0
2030-02-26 15:15:00,0.0
2030-02-26 15:30:00,0.0
2030-02-26 15:45:00,0.0
2030-02-26 16:00:00,0.0
2030-02-26 16:15:00,0.0
2030-02-26 16:30:00,0.0
2030-02-26 16:45:00,0.0
2030-02-26 17:00:00,0.0
2030-02-26 17:15:00,0.0
2030-02-26 17:30:00,0.0
2030-02-26 17:45:00,0.0
2030-02-26 18:00:00,0.0
2030-02-26 18:15:00,0.0
2030-02-26 18:30:00,0.0
2030-02-26 18:45:00,0.0
2030-02-26 19:00:00,0.0
2030-02-26 19:15:00,0.0
2030-02-26 19:30:00,0.0
2030-02-26 19:45:00,0.0
2030-02-26 20:00:00,0.0
2030-02-26 20:15:00,0.0
2030-02-26 20:30:00,0.0
2030-02-26 20:45:00,0.0
2030-02-26 21:00:00,0.0
2030-02-26 21:15:00,0.0
2030-02-26 21:30:00,0.0
2030-02-26 21:45:00,0.0
2030-02-26 22:00:00,0.0
2030-02-26 22:15:00,0.0
2030-02-26 22:30:00,0.0
2030-02-26 22:45:00,0.0
2030-02-26 23:00:00,0.0
2030-02-26 23:15:00,0.0
2030-02-26 23:30:00,0.0
2030-02-26 23:45:00,0.0
2030-02-27 00:00:00,0.0
2030-02-27 00:15:00,0.0
2030-02-27 00:30:00,0.0
2030-02-27 00:45:00,0.0
2030-02-27 01:00:00,0.0
2030-02-27 01:15:00,0.0
2030-02-27 01:30:00,0.0
2030-02-27 01:45:00,0.0
2030-02-27 02:00:00,0.0
2030-02-27 02:15:00,0.0
2030-02-27 02:30:00,0.0
2030-02-27 02:45:00,0.0
2030-02-27 03:00:00,0.0
2030-02-27 03:15:00,0.0
2030-02-27 03:30:00,0.0
2030-02-27 03:45:00,0.0
2030-02-27 04:00:00,0.0
2030-02-27 04:15:00,0.0
2030-02-27 04:30:00,0.0
2030-02-27 04:45:00,0.0
2030-02-27 05:00:00,0.0
2030-02-27 05:15:00,0.0
2030-02-27 05:30:00,0.0
2030-02-27 05:45:00,0.0
2030-02-27 06:00:00,0.0
2030-02-27 06:15:00,0.0
2030-02-27 06:30:00,0.0
2030-02-27 06:45:00,0.0
2030-02-27 07:00:00,0.0
2030-02-27 07:15:00,0.0
2030-02-27 07:30:00,0.0
2030-02-27 07:45:00,0.0
2030-02-27 08:00:00,0.0
2030-02-27 08:15:00,0.0
2030-02-27 08:30:00,0.0
2030-02-27 08:45:00,0.0
2030-02-27 09:00:00,0.0
2030-02-27 09:15:00,0.0
2030-02-27 09:30:00,0.0
2030-02-27 09:45:00,0.0
2030-02-27 10:00:00,0.0
2030-02-27 10:15:00,0.0
2030-02-27 10:30:00,0.0
2030-02-27 10:45:00,0.0
2030-02-27 11:00:00,0.0
2030-02-27 11:15:00,0.0
2030-02-27 11:30:00,0.0
2030-02-27 11:45:00,0.0
2030-02-27 12:00:00,0.0
2030-02-27 12:15:00,0.0
2030-02-27 12:30:00,0.0
2030-02-27 12:45:00,0.0
2030-02-27 13:00:00,0.0
2030-02-27 13:15:00,0.0
2030-02-27 13:30:00,0.0
2030-02-27 13:45:00,0.0
2030-02-27 14:00:00,0.0
2030-02-27 14:15:00,0.0
2030-02-27 14:30:00,0.0
2030-02-27 14:45:00,0.0
2030-02-27 15:00:00,0.0
2030-02-27 15:15:00,0.0
2030-02-27 15:30:00,0.0
2030-02-27 15:45:00,0.0
2030-02-27 16:00:00,0.0
2030-02-27 16:15:00,0.0
2030-02-27 16:30:00,0.0
2030-02-27 16:45:00,0.0
2030-02-27 17:00:00,0.0
2030-02-27 17:15:00,0.0
2030-02-27 17:30:00,0.0
2030-02-27 17:45:00,0.0
2030-02-27 18:00:00,0.0
2030-02-27 18:15:00,0.0
2030-02-27 18:30:00,0.0
2030-02-27 18:45:00,0.0
2030-02-27 19:00:00,0.0
2030-02-27 19:15:00,0.0
2030-02-27 19:30:00,0.0
2030-02-27 19:45:00,0.0
2030-02-27 20:00:00,0.0
2030-02-27 20:15:00,0.0
2030-02-27 20:30:00,0.0
2030-02-27 20:45:00,0.0
2030-02-27 21:00:00,0.0
2030-02-27 21:15:00,0.0
2030-02-27 21:30:00,0.0
2030-02-27 21:45:00,0.0
2030-02-27 22:00:00,0.0
2030-02-27 22:15:00,0.0
2030-02-27 22:30:00,0.0
2030-02-27 22:45:00,0.0
2030-02-27 23:00:00,0.0
2030-02-27 23:15:00,0.0
2030-02-27 23:30:00,0.0
2030-02-27 23:45:00,0.0
2030-02-28 00:00:00,0.0
2030-02-28 00:15:00,0.0
2030-02-28 00:30:00,0.0
2030-02-28 00:45:00,0.0
2030-02-28 01:00:00,0.0
2030-02-28 01:15:00,0.0
2030-02-28 01:30:00,0.0
2030-02-28 01:45:00,0.0
2030-02-28 02:00:00,0.0
2030-02-28 02:15:00,0.0
2030-02-28 02:30:00,0.0
2030-02-28 02:45:00,0.0
2030-02-28 03:00:00,0.0
2030-02-28 03:15:00,0.0
2030-02-28 03:30:00,0.0
2030-02-28 03:45:00,0.0
2030-02-28 04:00:00,0.0
2030-02-28 04:15:00,0.0
2030-02-28 04:30:00,0.0
2030-02-28 04:45:00,0.0
2030-02-28 05:00:00,0.0
2030-02-28 05:15:00,0.0
2030-02-28 05:30:00,0.0
2030-02-28 05:45:00,0.0
2030-02-28 06:00:00,0.0
2030-02-28 06:15:00,0.0
2030-02-28 06:30:00,0.0
2030-02-28 06:45:00,0.0
2030-02-28 07:00:00,0.0
2030-02-28 07:15:00,0.0
2030-02-28 07:30:00,0.0
2030-02-28 07:45:00,0.0
2030-02-28 08:00:00,0.0
2030-02-28 08:15:00,0.0
2030-02-28 08:30:00,0.0
2030-02-28 08:45:00,0.0
2030-02-28 09:00:00,0.0
2030-02-28 09:15:00,0.0
2030-02-28 09:30:00,0.0
2030-02-28 09:45:00,0.0
2030-02-28 10:00:00,0.0
2030-02-28 10:15:00,0.0
2030-02-28 10:30:00,0.0
2030-02-28 10:45:00,0.0
2030-02-28 11:00:00,0.0
2030-02-28 11:15:00,0.0
2030-02-28 11:30:00,0.0
2030-02-28 11:45:00,0.0
2030-02-28 12:00:00,0.0
2030-02-28 12:15:00,0.0
2030-02-28 12:30:00,0.0
2030-02-28 12:45:00,0.0
2030-02-28 13:00:00,0.0
2030-02-28 13:15:00,0.0
2030-02-28 13:30:00,0.0
2030-02-28 13:45:00,0.0
2030-02-28 14:00:00,0.0
2030-02-28 14:15:00,0.0
2030-02-28 14:30:00,0.0
2030-02-28 14:45:00,0.0
2030-02-28 15:00:00,0.0
2030-02-28 15:15:00,0.0
2030-02-28 15:30:00,0.0
2030-02-28 15:45:00,0.0
2030-02-28 16:00:00,0.0
2030-02-28 16:15:00,0.0
2030-02-28 16:30:00,0.0
2030-02-28 16:45:00,0.0
2030-02-28 17:00:00,0.0
2030-02-28 17:15:00,0.0
2030-02-28 17:30:00,0.0
2030-02-28 17:45:00,0.0
2030-02-28 18:00:00,0.0
2030-02-28 18:15:00,0.0
2030-02-28 18:30:00,0.0
2030-02-28 18:45:00,0.0
2030-02-28 19:00:00,0.0
2030-02-28 19:15:00,0.0
2030-02-28 19:30:00,0.0
2030-02-28 19:45:00,0.0
2030-02-28 20:00:00,0.0
2030-02-28 20:15:00,0.0
2030-02-28 20:30:00,0.0
2030-02-28 20:45:00,0.0
2030-02-28 21:00:00,0.0
2030-02-28 21:15:00,0.0
2030-02-28 21:30:00,0.0
2030-02-28 21:45:00,0.0
2030-02-28 22:00:00,0.0
2030-02-28 22:15:00,0.0
2030-02-28 22:30:00,0.0
2030-02-28 22:45:00,0.0
2030-02-28 23:00:00,0.0
2030-02-28 23:15:00,0.0
2030-02-28 23:30:00,0.0
2030-02-28 23:45:00,0.0
2030-03-01 00:00:00,0.0
2030-03-01 00:15:00,0.0
2030-03-01 00:30:00,0.0
2030-03-01 00:45:00,0.0
2030-03-01 01:00:00,0.0
2030-03-01 01:15:00,0.0
2030-03-01 01:30:00,0.0
2030-03-01 01:45:00,0.0
2030-03-01 02:00:00,0.0
2030-03-01 02:15:00,0.0
2030-03-01 02:30:00,0.0
2030-03-01 02:45:00,0.0
2030-03-01 03:00:00,0.0
2030-03-01 03:15:00,0.0
2030-03-01 03:30:00,0.0
2030-03-01 03:45:00,0.0
2030-03-01 04:00:00,0.0
2030-03-01 04:15:00,0.0
2030-03-01 04:30:00,0.0
2030-03-01 04:45:00,0.0
2030-03-01 05:00:00,0.0
2030-03-01 05:15:00,0.0
2030-03-01 05:30:00,0.0
2030-03-01 05:45:00,0.0
2030-03-01 06:00:00,0.0
2030-03-01 06:15:00,0.0
2030-03-01 06:30:00,0.0
2030-03-01 06:45:00,0.0
2030-03-01 07:00:00,0.0
2030-03-01 07:15:00,0.0
2030-03-01 07:30:00,0.0
2030-03-01 07:45:00,0.0
2030-03-01 08:00:00,0.0
2030-03-01 08:15:00,0.0
2030-03-01 08:30:00,0.0
2030-03-01 08:45:00,0.0
2030-03-01 09:00:00,0.0
2030-03-01 09:15:00,0.0
2030-03-01 09:30:00,0.0
2030-03-01 09:45:00,0.0
2030-03-01 10:00:00,0.0
2030-03-01 10:15:00,0.0
2030-03-01 10:30:00,0.0
2030-03-01 10:45:00,0.0
2030-03-01 11:00:00,0.0
2030-03-01 11:15:00,0.0
2030-03-01 11:30:00,0.0
2030-03-01 11:45:00,0.0
2030-03-01 12:00:00,0.0
2030-03-01 12:15:00,0.0
2030-03-01 12:30:00,0.0
2030-03-01 12:45:00,0.0
2030-03-01 13:00:00,0.0
2030-03-01 13:15:00,0.0
2030-03-01 13:30:00,0.0
2030-03-01 13:45:00,0.0
2030-03-01 14:00:00,0.0
2030-03-01 14:15:00,0.0
2030-03-01 14:30:00,0.0
2030-03-01 14:45:00,0.0
2030-03-01 15:00:00,0.0
2030-03-01 15:15:00,0.0
2030-03-01 15:30:00,0.0
2030-03-01 15:45:00,0.0
2030-03-01 16:00:00,0.0
2030-03-01 16:15:00,0.0
2030-03-01 16:30:00,0.0
2030-03-01 16:45:00,0.0
2030-03-01 17:00:00,0.0
2030-03-01 17:15:00,0.0
2030-03-01 17:30:00,0.0
2030-03-01 17:45:00,0.0
2030-03-01 18:00:00,0.0
2030-03-01 18:15:00,0.0
2030-03-01 18:30:00,0.0
2030-03-01 18:45:00,0.0
2030-03-01 19:00:00,0.0
2030-03-01 19:15:00,0.0
2030-03-01 19:30:00,0.0
2030-03-01 19:45:00,0.0
2030-03-01 20:00:00,0.0
2030-03-01 20:15:00,0.0
2030-03-01 20:30:00,0.0
2030-03-01 20:45:00,0.0
2030-03-01 21:00:00,0.0
2030-03-01 21:15:00,0.0
2030-03-01 21:30:00,0.0
2030-03-01 21:45:00,0.0
2030-03-01 22:00:00,0.0
2030-03-01 22:15:00,0.0
2030-03-01 22:30:00,0.0
2030-03-01 22:45:00,0.0
2030-03-01 23:00:00,0.0
2030-03-01 23:15:00,0.0
2030-03-01 23:30:00,0.0
2030-03-01 23:45:00,0.0
2030-03-02 00:00:00,0.0
2030-03-02 00:15:00,0.0
2030-03-02 00:30:00,0.0
2030-03-02 00:45:00,0.0
2030-03-02 01:00:00,0.0
2030-03-02 01:15:00,0.0
2030-03-02 01:30:00,0.0
2030-03-02 01:45:00,0.0
2030-03-02 02:00:00,0.0
2030-03-02 02:15:00,0.0
2030-03-02 02:30:00,0.0
2030-03-02 02:45:00,0.0
2030-03-02 03:00:00,0.0
2030-03-02 03:15:00,0.0
2030-03-02 03:30:00,0.0
2030-03-02 03:45:00,0.0
2030-03-02 04:00:00,0.0
2030-03-02 04:15:00,0.0
2030-03-02 04:30:00,0.0
2030-03-02 04:45:00,0.0
2030-03-02 05:00:00,0.0
2030-03-02 05:15:00,0.0
2030-03-02 05:30:00,0.0
2030-03-02 05:45:00,0.0
2030-03-02 06:00:00,0.0
2030-03-02 06:15:00,0.0
2030-03-02 06:30:00,0.0
2030-03-02 06:45:00,0.0
2030-03-02 07:00:00,0.0
2030-03-02 07:15:00,0.0
2030-03-02 07:30:00,0.0
2030-03-02 07:45:00,0.0
2030-03-02 08:00:00,0.0
2030-03-02 08:15:00,0.0
2030-03-02 08:30:00,0.0
2030-03-02 08:45:00,0.0
2030-03-02 09:00:00,0.0
2030-03-02 09:15:00,0.0
2030-03-02 09:30:00,0.0
2030-03-02 09:45:00,0.0
2030-03-02 10:00:00,0.0
2030-03-02 10:15:00,0.0
2030-03-02 10:30:00,0.0
2030-03-02 10:45:00,0.0
2030-03-02 11:00:00,0.0
2030-03-02 11:15:00,0.0
2030-03-02 11:30:00,0.0
2030-03-02 11:45:00,0.0
2030-03-02 12:00:00,0.0
2030-03-02 12:15:00,0.0
2030-03-02 12:30:00,0.0
2030-03-02 12:45:00,0.0
2030-03-02 13:00:00,0.0
2030-03-02 13:15:00,0.0
2030-03-02 13:30:00,0.0
2030-03-02 13:45:00,0.0
2030-03-02 14:00:00,0.0
2030-03-02 14:15:00,0.0
2030-03-02 14:30:00,0.0
2030-03-02 14:45:00,0.0
2030-03-02 15:00:00,0.0
2030-03-02 15:15:00,0.0
2030-03-02 15:30:00,0.0
2030-03-02 15:45:00,0.0
2030-03-02 16:00:00,0.0
2030-03-02 16:15:00,0.0
2030-03-02 16:30:00,0.0
2030-03-02 16:45:00,0.0
2030-03-02 17:00:00,0.0
2030-03-02 17:15:00,0.0
2030-03-02 17:30:00,0.0
2030-03-02 17:45:00,0.0
2030-03-02 18:00:00,0.0
2030-03-02 18:15:00,0.0
2030-03-02 18:30:00,0.0
2030-03-02 18:45:00,0.0
2030-03-02 19:00:00,0.0
2030-03-02 19:15:00,0.0
2030-03-02 19:30:00,0.0
2030-03-02 19:45:00,0.0
2030-03-02 20:00:00,0.0
2030-03-02 20:15:00,0.0
2030-03-02 20:30:00,0.0
2030-03-02 20:45:00,0.0
2030-03-02 21:00:00,0.0
2030-03-02 21:15:00,0.0
2030-03-02 21:30:00,0.0
2030-03-02 21:45:00,0.0
2030-03-02 22:00:00,0.0
2030-03-02 22:15:00,0.0
2030-03-02 22:30:00,0.0
2030-03-02 22:45:00,0.0
2030-03-02 23:00:00,0.0
2030-03-02 23:15:00,0.0
2030-03-02 23:30:00,0.0
2030-03-02 23:45:00,0.0
2030-03-03 00:00:00,0.0
2030-03-03 00:15:00,0.0
2030-03-03 00:30:00,0.0
2030-03-03 00:45:00,0.0
2030-03-03 01:00:00,0.0
2030-03-03 01:15:00,0.0
2030-03-03 01:30:00,0.0
2030-03-03 01:45:00,0.0
2030-03-03 02:00:00,0.0
2030-03-03 02:15:00,0.0
2030-03-03 02:30:00,0.0
2030-03-03 02:45:00,0.0
2030-03-03 03:00:00,0.0
2030-03-03 03:15:00,0.0
2030-03-03 03:30:00,0.0
2030-03-03 03:45:00,0.0
2030-03-03 04:00:00,0.0
2030-03-03 04:15:00,0.0
2030-03-03 04:30:00,0.0
2030-03-03 04:45:00,0.0
2030-03-03 05:00:00,0.0
2030-03-03 05:15:00,0.0
2030-03-03 05:30:00,0.0
2030-03-03 05:45:00,0.0
2030-03-03 06:00:00,0.0
2030-03-03 06:15:00,0.0
2030-03-03 06:30:00,0.0
2030-03-03 06:45:00,0.0
2030-03-03 07:00:00,0.0
2030-03-03 07:15:00,0.0
2030-03-03 07:30:00,0.0
2030-03-03 07:45:00,0.0
2030-03-03 08:00:00,0.0
2030-03-03 08:15:00,0.0
2030-03-03 08:30:00,0.0
2030-03-03 08:45:00,0.0
2030-03-03 09:00:00,0.0
2030-03-03 09:15:00,0.0
2030-03-03 09:30:00,0.0
2030-03-03 09:45:00,0.0
2030-03-03 10:00:00,0.0
2030-03-03 10:15:00,0.0
2030-03-03 10:30:00,0.0
2030-03-03 10:45:00,0.0
2030-03-03 11:00:00,0.0
2030-03-03 11:15:00,0.0
2030-03-03 11:30:00,0.0
2030-03-03 11:45:00,0.0
2030-03-03 12:00:00,0.0
2030-03-03 12:15:00,0.0
2030-03-03 12:30:00,0.0
2030-03-03 12:45:00,0.0
2030-03-03 13:00:00,0.0
2030-03-03 13:15:00,0.0
2030-03-03 13:30:00,0.0
2030-03-03 13:45:00,0.0
2030-03-03 14:00:00,0.0
2030-03-03 14:15:00,0.0
2030-03-03 14:30:00,0.0
2030-03-03 14:45:00,0.0
2030-03-03 15:00:00,0.0
2030-03-03 15:15:00,0.0
2030-03-03 15:30:00,0.0
2030-03-03 15:45:00,0.0
2030-03-03 16:00:00,0.0
2030-03-03 16:15:00,0.0
2030-03-03 16:30:00,0.0
2030-03-03 16:45:00,0.0
2030-03-03 17:00:00,11314.414279093591
2030-03-03 17:15:00,14057.348492434585
2030-03-03 17:30:00,14575.275463423632
2030-03-03 17:45:00,14722.146310975972
2030-03-03 18:00:00,14630.352315041444
2030-03-03 18:15:00,14769.155405937487
2030-03-03 18:30:00,14929.061592566173
2030-03-03 18:45:00,14773.931304302516
2030-03-03 19:00:00,14450.933258259662
2030-03-03 19:15:00,14038.865153920447
2030-03-03 19:30:00,13711.846420973518
2030-03-03 19:45:00,13230.576057040416
2030-03-03 20:00:00,12724.27394927134
2030-03-03 20:15:00,12298.09943800319
2030-03-03 20:30:00,11795.45352072443
2030-03-03 20:45:00,11237.903284103098
2030-03-03 21:00:00,10757.217944273933
2030-03-03 21:15:00,10420.70299407512
2030-03-03 21:30:00,9933.588277317811
2030-03-03 21:45:00,9317.255721069747
2030-03-03 22:00:00,8982.384222703666
2030-03-03 22:15:00,8390.14193514203
2030-03-03 22:30:00,7776.672091481254
2030-03-03 22:45:00,7216.016656727108
2030-03-03 23:00:00,6706.517403164211
2030-03-03 23:15:00,6221.301200046146
2030-03-03 23:30:00,5838.7508542950545
2030-03-03 23:45:00,5299.246815238232
2030-03-04 00:00:00,4575.269438414853
2030-03-04 00:15:00,4071.207210126675
2030-03-04 00:30:00,3663.509099680079
2030-03-04 00:45:00,3403.7182770049603
2030-03-04 01:00:00,3230.6164003246977
2030-03-04 01:15:00,3208.5034849495605
2030-03-04 01:30:00,3201.0725208219883
2030-03-04 01:45:00,3136.8683522439915
2030-03-04 02:00:00,2992.2183777167375
2030-03-04 02:15:00,2895.7792514862995
2030-03-04 02:30:00,2838.612505047511
2030-03-04 02:45:00,2746.735185378131
2030-03-04 03:00:00,2988.9222944615904
2030-03-04 03:15:00,3163.910385347306
2030-03-04 03:30:00,3116.423346184056
2030-03-04 03:45:00,3192.8794049038916
2030-03-04 04:00:00,3360.293163245655
2030-03-04 04:15:00,3258.96455892216
2030-03-04 04:30:00,3333.431908143537
2030-03-04 04:45:00,3506.9757736998
2030-03-04 05:00:00,3290.4659936542303
2030-03-04 05:15:00,3269.357433801173
2030-03-04 05:30:00,3336.286478993801
2030-03-04 05:45:00,3338.3706366488786
2030-03-04 06:00:00,3380.9994544616166
2030-03-04 06:15:00,3488.8919852846593
2030-03-04 06:30:00,3645.2100171412494
2030-03-04 06:45:00,3939.025642360164
2030-03-04 07:00:00,4457.095958853111
2030-03-04 07:15:00,4300.889756296927
2030-03-04 07:30:00,4060.4812635195267
2030-03-04 07:45:00,3844.0291938197406
2030-03-04 08:00:00,3367.3151977440757
2030-03-04 08:15:00,2933.242829409124
2030-03-04 08:30:00,2603.65491308289
2030-03-04 08:45:00,1770.1562350981549
2030-03-04 09:00:00,1070.0637774186434
2030-03-04 09:15:00,239.9514735719822
2030-03-04 09:30:00,0.0
2030-03-04 09:45:00,0.0
2030-03-04 10:00:00,0.0
2030-03-04 10:15:00,0.0
2030-03-04 10:30:00,0.0
2030-03-04 10:45:00,0.0
2030-03-04 11:00:00,0.0
2030-03-04 11:15:00,0.0
2030-03-04 11:30:00,0.0
2030-03-04 11:45:00,0.0
2030-03-04 12:00:00,0.0
2030-03-04 12:15:00,0.0
2030-03-04 12:30:00,0.0
2030-03-04 12:45:00,0.0
2030-03-04 13:00:00,0.0
2030-03-04 13:15:00,0.0
2030-03-04 13:30:00,0.0
2030-03-04 13:45:00,0.0
2030-03-04 14:00:00,0.0
2030-03-04 14:15:00,0.0
2030-03-04 14:30:00,0.0
2030-03-04 14:45:00,0.0
2030-03-04 15:00:00,0.0
2030-03-04 15:15:00,0.0
2030-03-04 15:30:00,0.0
2030-03-04 15:45:00,0.0
2030-03-04 16:00:00,0.0
2030-03-04 16:15:00,0.0
2030-03-04 16:30:00,0.0
2030-03-04 16:45:00,0.0
2030-03-04 17:00:00,0.0
2030-03-04 17:15:00,0.0
2030-03-04 17:30:00,0.0
2030-03-04 17:45:00,0.0
2030-03-04 18:00:00,0.0
2030-03-04 18:15:00,0.0
2030-03-04 18:30:00,0.0
2030-03-04 18:45:00,0.0
2030-03-04 19:00:00,0.0
2030-03-04 19:15:00,0.0
2030-03-04 19:30:00,0.0
2030-03-04 19:45:00,0.0
2030-03-04 20:00:00,0.0
2030-03-04 20:15:00,0.0
2030-03-04 20:30:00,0.0
2030-03-04 20:45:00,0.0
2030-03-04 21:00:00,0.0
2030-03-04 21:15:00,0.0
2030-03-04 21:30:00,0.0
2030-03-04 21:45:00,0.0
2030-03-04 22:00:00,0.0
2030-03-04 22:15:00,5455.303471675277
2030-03-04 22:30:00,8406.650309956192
2030-03-04 22:45:00,8189.797926617577
2030-03-04 23:00:00,7949.264954274522
2030-03-04 23:15:00,7752.800896815159
2030-03-04 23:30:00,7464.279777499949
2030-03-04 23:45:00,7305.313178261062
2030-03-05 00:00:00,6709.717694089191
2030-03-05 00:15:00,6356.115989235172
2030-03-05 00:30:00,6315.544741485854
2030-03-05 00:45:00,6331.606221898317
2030-03-05 01:00:00,6206.988269379377
2030-03-05 01:15:00,6186.1227922696635
2030-03-05 01:30:00,6214.398371478232
2030-03-05 01:45:00,6196.443361531257
2030-03-05 02:00:00,5961.817669073062
2030-03-05 02:15:00,5978.011204725286
2030-03-05 02:30:00,5770.0438663353925
2030-03-05 02:45:00,5718.1374745009725
2030-03-05 03:00:00,5699.517409648712
2030-03-05 03:15:00,5876.471583937255
2030-03-05 03:30:00,5857.220557340601
2030-03-05 03:45:00,5806.20934210532
2030-03-05 04:00:00,5861.243330608149
2030-03-05 04:15:00,5966.757216441265
2030-03-05 04:30:00,6127.5996761237875
2030-03-05 04:45:00,6216.243081608383
2030-03-05 05:00:00,6336.077917662753
2030-03-05 05:15:00,6302.8542573750165
2030-03-05 05:30:00,6428.661155653463
2030-03-05 05:45:00,6459.305731907281
2030-03-05 06:00:00,6389.456994008433
2030-03-05 06:15:00,6642.448655602138
2030-03-05 06:30:00,6738.801646899035
2030-03-05 06:45:00,6955.621027263773
2030-03-05 07:00:00,7196.975518884009
2030-03-05 07:15:00,7351.539798466675
2030-03-05 07:30:00,7114.414116263983
2030-03-05 07:45:00,6768.448474706565
2030-03-05 08:00:00,6352.94232533192
2030-03-05 08:15:00,5677.267365392416
2030-03-05 08:30:00,4792.049220680774
2030-03-05 08:45:00,3744.527290084183
2030-03-05 09:00:00,2807.391421481978
2030-03-05 09:15:00,1796.1294511197575
2030-03-05 09:30:00,791.2987610481359
2030-03-05 09:45:00,0.0
2030-03-05 10:00:00,0.0
2030-03-05 10:15:00,0.0
2030-03-05 10:30:00,0.0
2030-03-05 10:45:00,0.0
2030-03-05 11:00:00,0.0
2030-03-05 11:15:00,0.0
2030-03-05 11:30:00,0.0
2030-03-05 11:45:00,0.0
2030-03-05 12:00:00,0.0
2030-03-05 12:15:00,0.0
2030-03-05 12:30:00,0.0
2030-03-05 12:45:00,0.0
2030-03-05 13:00:00,0.0
2030-03-05 13:15:00,0.0
2030-03-05 13:30:00,0.0
2030-03-05 13:45:00,0.0
2030-03-05 14:00:00,0.0
2030-03-05 14:15:00,0.0
2030-03-05 14:30:00,0.0
2030-03-05 14:45:00,0.0
2030-03-05 15:00:00,0.0
2030-03-05 15:15:00,0.0
2030-03-05 15:30:00,0.0
2030-03-05 15:45:00,0.0
2030-03-05 16:00:00,0.0
2030-03-05 16:15:00,0.0
2030-03-05 16:30:00,0.0
2030-03-05 16:45:00,0.0
2030-03-05 17:00:00,0.0
2030-03-05 17:15:00,0.0
2030-03-05 17:30:00,0.0
2030-03-05 17:45:00,0.0
2030-03-05 18:00:00,0.0
2030-03-05 18:15:00,0.0
2030-03-05 18:30:00,0.0
2030-03-05 18:45:00,0.0
2030-03-05 19:00:00,0.0
2030-03-05 19:15:00,0.0
2030-03-05 19:30:00,0.0
2030-03-05 19:45:00,0.0
2030-03-05 20:00:00,0.0
2030-03-05 20:15:00,0.0
2030-03-05 20:30:00,0.0
2030-03-05 20:45:00,0.0
2030-03-05 21:00:00,0.0
2030-03-05 21:15:00,0.0
2030-03-05 21:30:00,0.0
2030-03-05 21:45:00,0.0
2030-03-05 22:00:00,0.0
2030-03-05 22:15:00,0.0
2030-03-05 22:30:00,0.0
2030-03-05 22:45:00,0.0
2030-03-05 23:00:00,0.0
2030-03-05 23:15:00,0.0
2030-03-05 23:30:00,0.0
2030-03-05 23:45:00,1939.7063943729718
2030-03-06 00:00:00,2731.1680019011183
2030-03-06 00:15:00,2655.4036681625275
2030-03-06 00:30:00,2513.684019949511
2030-03-06 00:45:00,2388.8201248868518
2030-03-06 01:00:00,2558.5378383446223
2030-03-06 01:15:00,2514.8048623940394
2030-03-06 01:30:00,2596.5259651074393
2030-03-06 01:45:00,2462.4964426282313
2030-03-06 02:00:00,2455.373498708859
2030-03-06 02:15:00,2293.0262685072757
2030-03-06 02:30:00,2239.092487411077
2030-03-06 02:45:00,2037.4092855360868
2030-03-06 03:00:00,1970.6308566320731
2030-03-06 03:15:00,1939.9972420603171
2030-03-06 03:30:00,1925.8007996330853
2030-03-06 03:45:00,2089.6536612293094
2030-03-06 04:00:00,2422.4120513686685
2030-03-06 04:15:00,2566.2515013085485
2030-03-06 04:30:00,2794.224333969798
2030-03-06 04:45:00,3137.900280254902
2030-03-06 05:00:00,3550.30139093029
2030-03-06 05:15:00,3895.3103564035573
2030-03-06 05:30:00,4130.1984055456705
2030-03-06 05:45:00,4693.044082185046
2030-03-06 06:00:00,5597.425466850342
2030-03-06 06:15:00,6383.763769040108
2030-03-06 06:30:00,6998.161191585903
2030-03-06 06:45:00,7453.942487281609
2030-03-06 07:00:00,7916.371619967647
2030-03-06 07:15:00,7942.106075294838
2030-03-06 07:30:00,7596.418335518856
2030-03-06 07:45:00,7220.252982516438
2030-03-06 08:00:00,6831.650549796752
2030-03-06 08:15:00,6410.779696984664
2030-03-06 08:30:00,5810.496120682601
2030-03-06 08:45:00,4988.215023048375
2030-03-06 09:00:00,3864.0284269422336
2030-03-06 09:15:00,2905.154265064204
2030-03-06 09:30:00,2366.4211094803613
2030-03-06 09:45:00,1652.9703080065847
2030-03-06 10:00:00,991.026068275336
2030-03-06 10:15:00,259.214790426362
2030-03-06 10:30:00,0.0
2030-03-06 10:45:00,0.0
2030-03-06 11:00:00,0.0
2030-03-06 11:15:00,0.0
2030-03-06 11:30:00,0.0
2030-03-06 11:45:00,0.0
2030-03-06 12:00:00,0.0
2030-03-06 12:15:00,0.0
2030-03-06 12:30:00,0.0
2030-03-06 12:45:00,0.0
2030-03-06 13:00:00,0.0
2030-03-06 13:15:00,0.0
2030-03-06 13:30:00,0.0
2030-03-06 13:45:00,1585.004971591461
2030-03-06 14:00:00,2481.9356278734667
2030-03-06 14:15:00,3217.4026225614834
2030-03-06 14:30:00,3926.005683181993
2030-03-06 14:45:00,4495.959792453621
2030-03-06 15:00:00,5113.045809328702
2030-03-06 15:15:00,5823.898764126401
2030-03-06 15:30:00,6518.02418555276
2030-03-06 15:45:00,7251.741824836063
2030-03-06 16:00:00,8189.736252495422
2030-03-06 16:15:00,8980.928830200526
2030-03-06 16:30:00,9796.705741569858
2030-03-06 16:45:00,10802.443232258842
2030-03-06 17:00:00,11671.442128839219
2030-03-06 17:15:00,12374.43821695586
2030-03-06 17:30:00,12894.9648318691
2030-03-06 17:45:00,13294.577233274986
2030-03-06 18:00:00,13545.709208551916
2030-03-06 18:15:00,13913.65765375812
2030-03-06 18:30:00,13950.913522083574
2030-03-06 18:45:00,13675.589284546726
2030-03-06 19:00:00,13172.672928213255
2030-03-06 19:15:00,12589.250795947324
2030-03-06 19:30:00,12258.975157042038
2030-03-06 19:45:00,11610.460576222296
2030-03-06 20:00:00,10988.67179973589
2030-03-06 20:15:00,10336.300444451133
2030-03-06 20:30:00,9615.77151536069
2030-03-06 20:45:00,8902.716200571627
2030-03-06 21:00:00,7842.185617981795
2030-03-06 21:15:00,7317.042819980998
2030-03-06 21:30:00,6596.154058966067
2030-03-06 21:45:00,6166.073933084757
2030-03-06 22:00:00,5821.764603396194
2030-03-06 22:15:00,5625.421559412453
2030-03-06 22:30:00,5223.3536419225165
2030-03-06 22:45:00,4745.154000849005
2030-03-06 23:00:00,4017.2583559897503
2030-03-06 23:15:00,3723.342698688244
2030-03-06 23:30:00,3199.687298360903
2030-03-06 23:45:00,2835.9574001439614
2030-03-07 00:00:00,1915.134518423667
2030-03-07 00:15:00,1587.1802180623054
2030-03-07 00:30:00,975.5262820037951
2030-03-07 00:45:00,473.52523140460835
2030-03-07 01:00:00,123.95469302608763
2030-03-07 01:15:00,0.0
2030-03-07 01:30:00,0.0
2030-03-07 01:45:00,0.0
2030-03-07 02:00:00,0.0
2030-03-07 02:15:00,0.0
2030-03-07 02:30:00,0.0
2030-03-07 02:45:00,0.0
2030-03-07 03:00:00,0.0
2030-03-07 03:15:00,0.0
2030-03-07 03:30:00,0.0
2030-03-07 03:45:00,0.0
2030-03-07 04:00:00,0.0
2030-03-07 04:15:00,0.0
2030-03-07 04:30:00,0.0
2030-03-07 04:45:00,0.0
2030-03-07 05:00:00,0.0
2030-03-07 05:15:00,0.0
2030-03-07 05:30:00,0.0
2030-03-07 05:45:00,0.0
2030-03-07 06:00:00,0.0
2030-03-07 06:15:00,0.0
2030-03-07 06:30:00,0.0
2030-03-07 06:45:00,0.0
2030-03-07 07:00:00,0.0
2030-03-07 07:15:00,0.0
2030-03-07 07:30:00,0.0
2030-03-07 07:45:00,0.0
2030-03-07 08:00:00,0.0
2030-03-07 08:15:00,0.0
2030-03-07 08:30:00,0.0
2030-03-07 08:45:00,0.0
2030-03-07 09:00:00,0.0
2030-03-07 09:15:00,0.0
2030-03-07 09:30:00,0.0
2030-03-07 09:45:00,0.0
2030-03-07 10:00:00,0.0
2030-03-07 10:15:00,0.0
2030-03-07 10:30:00,0.0
2030-03-07 10:45:00,0.0
2030-03-07 11:00:00,0.0
2030-03-07 11:15:00,0.0
2030-03-07 11:30:00,0.0
2030-03-07 11:45:00,0.0
2030-03-07 12:00:00,0.0
2030-03-07 12:15:00,0.0
2030-03-07 12:30:00,0.0
2030-03-07 12:45:00,0.0
2030-03-07 13:00:00,0.0
2030-03-07 13:15:00,0.0
2030-03-07 13:30:00,0.0
2030-03-07 13:45:00,0.0
2030-03-07 14:00:00,0.0
2030-03-07 14:15:00,0.0
2030-03-07 14:30:00,0.0
2030-03-07 14:45:00,0.0
2030-03-07 15:00:00,0.0
2030-03-07 15:15:00,0.0
2030-03-07 15:30:00,0.0
2030-03-07 15:45:00,0.0
2030-03-07 16:00:00,0.0
2030-03-07 16:15:00,0.0
2030-03-07 16:30:00,0.0
2030-03-07 16:45:00,0.0
2030-03-07 17:00:00,0.0
2030-03-07 17:15:00,0.0
2030-03-07 17:30:00,0.0
2030-03-07 17:45:00,0.0
2030-03-07 18:00:00,0.0
2030-03-07 18:15:00,0.0
2030-03-07 18:30:00,0.0
2030-03-07 18:45:00,0.0
2030-03-07 19:00:00,0.0
2030-03-07 19:15:00,0.0
2030-03-07 19:30:00,0.0
2030-03-07 19:45:00,1028.3495521467557
2030-03-07 20:00:00,5561.775459240715
2030-03-07 20:15:00,4939.65102883631
2030-03-07 20:30:00,4455.333816433256
2030-03-07 20:45:00,4118.443848453026
2030-03-07 21:00:00,3810.5282497328153
2030-03-07 21:15:00,3534.6125618901024
2030-03-07 21:30:00,3218.318145416826
2030-03-07 21:45:00,3020.4293081708092
2030-03-07 22:00:00,3039.6224906636235
2030-03-07 22:15:00,2794.034346280623
2030-03-07 22:30:00,2587.580594904215
2030-03-07 22:45:00,2160.3424397575145
2030-03-07 23:00:00,1960.1003201766907
2030-03-07 23:15:00,1737.0043677995345
2030-03-07 23:30:00,1530.0775545789002
2030-03-07 23:45:00,1369.31528365934
2030-03-08 00:00:00,1020.7158941982343
2030-03-08 00:15:00,920.971973088348
2030-03-08 00:30:00,904.7679722367138
2030-03-08 00:45:00,938.3569801476879
2030-03-08 01:00:00,765.3428325565928
2030-03-08 01:15:00,851.85148149011
2030-03-08 01:30:00,913.7943463291522
2030-03-08 01:45:00,1316.4016097880522
2030-03-08 02:00:00,1373.7633217848233
2030-03-08 02:15:00,1447.8525900321547
2030-03-08 02:30:00,1597.2765797809152
2030-03-08 02:45:00,1707.3520614258196
2030-03-08 03:00:00,1913.1345994020958
2030-03-08 03:15:00,1895.405758462699
2030-03-08 03:30:00,2111.0875582312565
2030-03-08 03:45:00,2305.486365975441
2030-03-08 04:00:00,2514.973141262559
2030-03-08 04:15:00,2776.4748084327966
2030-03-08 04:30:00,3099.7450510522467
2030-03-08 04:45:00,3380.8949832254766
2030-03-08 05:00:00,4062.600967637727
2030-03-08 05:15:00,4496.539382360672
2030-03-08 05:30:00,5253.219336443726
2030-03-08 05:45:00,6008.880102822282
2030-03-08 06:00:00,7151.911896613185
2030-03-08 06:15:00,7860.784323527712
2030-03-08 06:30:00,8328.441290936433
2030-03-08 06:45:00,8666.997090139044
2030-03-08 07:00:00,9042.936063941446
2030-03-08 07:15:00,8991.708939290515
2030-03-08 07:30:00,8739.07289892539
2030-03-08 07:45:00,8147.999431131429
2030-03-08 08:00:00,7512.396806073661
2030-03-08 08:15:00,6802.014435924033
2030-03-08 08:30:00,5865.762557857302
2030-03-08 08:45:00,4717.689614156734
2030-03-08 09:00:00,3555.531533520738
2030-03-08 09:15:00,2360.404305666514
2030-03-08 09:30:00,1196.0180507426812
2030-03-08 09:45:00,36.869956511789496
2030-03-08 10:00:00,0.0
2030-03-08 10:15:00,0.0
2030-03-08 10:30:00,0.0
2030-03-08 10:45:00,0.0
2030-03-08 11:00:00,0.0
2030-03-08 11:15:00,0.0
2030-03-08 11:30:00,0.0
2030-03-08 11:45:00,0.0
2030-03-08 12:00:00,0.0
2030-03-08 12:15:00,0.0
2030-03-08 12:30:00,0.0
2030-03-08 12:45:00,0.0
2030-03-08 13:00:00,0.0
2030-03-08 13:15:00,0.0
2030-03-08 13:30:00,0.0
2030-03-08 13:45:00,0.0
2030-03-08 14:00:00,0.0
2030-03-08 14:15:00,0.0
2030-03-08 14:30:00,0.0
2030-03-08 14:45:00,0.0
2030-03-08 15:00:00,0.0
2030-03-08 15:15:00,0.0
2030-03-08 15:30:00,0.0
2030-03-08 15:45:00,0.0
2030-03-08 16:00:00,0.0
2030-03-08 16:15:00,0.0
2030-03-08 16:30:00,0.0
2030-03-08 16:45:00,0.0
2030-03-08 17:00:00,0.0
2030-03-08 17:15:00,0.0
2030-03-08 17:30:00,0.0
2030-03-08 17:45:00,0.0
2030-03-08 18:00:00,0.0
2030-03-08 18:15:00,0.0
2030-03-08 18:30:00,0.0
2030-03-08 18:45:00,0.0
2030-03-08 19:00:00,0.0
2030-03-08 19:15:00,620.2976028416742
2030-03-08 19:30:00,9510.800621127572
2030-03-08 19:45:00,9196.921070936605
2030-03-08 20:00:00,8503.763448285561
2030-03-08 20:15:00,8372.846791556092
2030-03-08 20:30:00,8177.941293336698
2030-03-08 20:45:00,7856.185548126607
2030-03-08 21:00:00,7655.523023527057
2030-03-08 21:15:00,7289.549113217188
2030-03-08 21:30:00,6850.001691437254
2030-03-08 21:45:00,6558.306145431594
2030-03-08 22:00:00,6321.109203257391
2030-03-08 22:15:00,6272.118730610888
2030-03-08 22:30:00,6078.772479422627
2030-03-08 22:45:00,5862.607197131754
2030-03-08 23:00:00,5665.36448428197
2030-03-08 23:15:00,5841.264357727723
2030-03-08 23:30:00,5896.040366607051
2030-03-08 23:45:00,5906.203882630451
2030-03-09 00:00:00,5443.739466503917
2030-03-09 00:15:00,5087.667959188184
2030-03-09 00:30:00,5083.014416678059
2030-03-09 00:45:00,5059.937695409351
2030-03-09 01:00:00,4987.523108295583
2030-03-09 01:15:00,4931.4229616429675
2030-03-09 01:30:00,4801.73017030902
2030-03-09 01:45:00,4979.0795207072515
2030-03-09 02:00:00,4788.629021721239
2030-03-09 02:15:00,4861.036309031821
2030-03-09 02:30:00,4904.415593768834
2030-03-09 02:45:00,4905.419932133507
2030-03-09 03:00:00,4948.233337313055
2030-03-09 03:15:00,5014.867699294704
2030-03-09 03:30:00,4921.662407762102
2030-03-09 03:45:00,5027.998493798374
2030-03-09 04:00:00,5367.785814444425
2030-03-09 04:15:00,5244.070371058338
2030-03-09 04:30:00,5762.917987030643
2030-03-09 04:45:00,6050.729517757882
2030-03-09 05:00:00,6485.341099936839
2030-03-09 05:15:00,6824.803609006329
2030-03-09 05:30:00,6887.745495367924
2030-03-09 05:45:00,7196.352994720211
2030-03-09 06:00:00,8139.133924591137
2030-03-09 06:15:00,9007.91936424349
2030-03-09 06:30:00,9634.072620473047
2030-03-09 06:45:00,10071.192571347832
2030-03-09 07:00:00,10458.191150785438
2030-03-09 07:15:00,10204.041666434492
2030-03-09 07:30:00,10036.391418688243
2030-03-09 07:45:00,9898.085255843975
2030-03-09 08:00:00,9410.149812079617
2030-03-09 08:15:00,8878.276261171879
2030-03-09 08:30:00,8345.08976275218
2030-03-09 08:45:00,7606.51752291248
2030-03-09 09:00:00,6782.95209562594
2030-03-09 09:15:00,6040.902917576263
2030-03-09 09:30:00,5093.402127444653
2030-03-09 09:45:00,4618.501211995899
2030-03-09 10:00:00,3993.5415589852964
2030-03-09 10:15:00,3549.656684580841
2030-03-09 10:30:00,2959.036916224064
2030-03-09 10:45:00,2609.9603461326187
2030-03-09 11:00:00,1918.0183803076725
2030-03-09 11:15:00,1807.9414684295189
2030-03-09 11:30:00,1465.5153469490433
2030-03-09 11:45:00,1160.5531573350927
2030-03-09 12:00:00,1366.1121055240365
2030-03-09 12:15:00,1389.8368068974596
2030-03-09 12:30:00,1494.4143172679032
2030-03-09 12:45:00,2100.224992661726
2030-03-09 13:00:00,2616.305676629643
2030-03-09 13:15:00,2966.508967763002
2030-03-09 13:30:00,2939.325642749118
2030-03-09 13:45:00,3109.426036571178
2030-03-09 14:00:00,3592.4076430316454
2030-03-09 14:15:00,4052.4527769779743
2030-03-09 14:30:00,4275.835004137138
2030-03-09 14:45:00,4804.909966233223
2030-03-09 15:00:00,5728.9732079146015
2030-03-09 15:15:00,6285.171645848706
2030-03-09 15:30:00,6611.936724969972
2030-03-09 15:45:00,7331.744357029425
2030-03-09 16:00:00,8237.536322839513
2030-03-09 16:15:00,9188.005830823098
2030-03-09 16:30:00,9643.797299458365
2030-03-09 16:45:00,10028.877480807325
2030-03-09 17:00:00,10763.429089250409
2030-03-09 17:15:00,11201.19971895696
2030-03-09 17:30:00,11740.186639126488
2030-03-09 17:45:00,12221.694753569354
2030-03-09 18:00:00,12511.003201753108
2030-03-09 18:15:00,12451.712676304573
2030-03-09 18:30:00,12290.65933000298
2030-03-09 18:45:00,11574.173651807781
2030-03-09 19:00:00,11346.804966376609
2030-03-09 19:15:00,10336.51306011715
2030-03-09 19:30:00,9721.581177993476
2030-03-09 19:45:00,9564.735069262177
2030-03-09 20:00:00,8945.643975117418
2030-03-09 20:15:00,8419.319741159585
2030-03-09 20:30:00,7875.860127630098
2030-03-09 20:45:00,7208.798287128755
2030-03-09 21:00:00,6402.859489674502
2030-03-09 21:15:00,5685.604984769527
2030-03-09 21:30:00,4938.5821923902
2030-03-09 21:45:00,4258.233566408224
2030-03-09 22:00:00,3878.4061528625207
2030-03-09 22:15:00,3383.327469354499
2030-03-09 22:30:00,2709.3201576284264
2030-03-09 22:45:00,1981.3790313375266
2030-03-09 23:00:00,1138.7231747142796
2030-03-09 23:15:00,448.94223226860413
2030-03-09 23:30:00,0.0
2030-03-09 23:45:00,0.0
2030-03-10 00:00:00,0.0
2030-03-10 00:15:00,0.0
2030-03-10 00:30:00,0.0
2030-03-10 00:45:00,0.0
2030-03-10 01:00:00,0.0
2030-03-10 01:15:00,0.0
2030-03-10 01:30:00,0.0
2030-03-10 01:45:00,0.0
2030-03-10 02:00:00,0.0
2030-03-10 02:15:00,0.0
2030-03-10 02:30:00,0.0
2030-03-10 02:45:00,0.0
2030-03-10 03:00:00,0.0
2030-03-10 03:15:00,0.0
2030-03-10 03:30:00,0.0
2030-03-10 03:45:00,0.0
2030-03-10 04:00:00,0.0
2030-03-10 04:15:00,0.0
2030-03-10 04:30:00,0.0
2030-03-10 04:45:00,0.0
2030-03-10 05:00:00,0.0
2030-03-10 05:15:00,0.0
2030-03-10 05:30:00,0.0
2030-03-10 05:45:00,0.0
2030-03-10 06:00:00,0.0
2030-03-10 06:15:00,0.0
2030-03-10 06:30:00,0.0
2030-03-10 06:45:00,0.0
2030-03-10 07:00:00,0.0
2030-03-10 07:15:00,0.0
2030-03-10 07:30:00,0.0
2030-03-10 07:45:00,0.0
2030-03-10 08:00:00,0.0
2030-03-10 08:15:00,0.0
2030-03-10 08:30:00,0.0
2030-03-10 08:45:00,0.0
2030-03-10 09:00:00,0.0
2030-03-10 09:15:00,0.0
2030-03-10 09:30:00,0.0
2030-03-10 09:45:00,0.0
2030-03-10 10:00:00,0.0
2030-03-10 10:15:00,0.0
2030-03-10 10:30:00,0.0
2030-03-10 10:45:00,0.0
2030-03-10 11:00:00,0.0
2030-03-10 11:15:00,0.0
2030-03-10 11:30:00,0.0
2030-03-10 11:45:00,0.0
2030-03-10 12:00:00,0.0
2030-03-10 12:15:00,0.0
2030-03-10 12:30:00,0.0
2030-03-10 12:45:00,0.0
2030-03-10 13:00:00,0.0
2030-03-10 13:15:00,0.0
2030-03-10 13:30:00,0.0
2030-03-10 13:45:00,0.0
2030-03-10 14:00:00,0.0
2030-03-10 14:15:00,0.0
2030-03-10 14:30:00,0.0
2030-03-10 14:45:00,0.0
2030-03-10 15:00:00,0.0
2030-03-10 15:15:00,0.0
2030-03-10 15:30:00,0.0
2030-03-10 15:45:00,0.0
2030-03-10 16:00:00,0.0
2030-03-10 16:15:00,0.0
2030-03-10 16:30:00,0.0
2030-03-10 16:45:00,0.0
2030-03-10 17:00:00,0.0
2030-03-10 17:15:00,0.0
2030-03-10 17:30:00,0.0
2030-03-10 17:45:00,0.0
2030-03-10 18:00:00,0.0
2030-03-10 18:15:00,0.0
2030-03-10 18:30:00,0.0
2030-03-10 18:45:00,0.0
2030-03-10 19:00:00,0.0
2030-03-10 19:15:00,0.0
2030-03-10 19:30:00,0.0
2030-03-10 19:45:00,0.0
2030-03-10 20:00:00,0.0
2030-03-10 20:15:00,0.0
2030-03-10 20:30:00,0.0
2030-03-10 20:45:00,0.0
2030-03-10 21:00:00,0.0
2030-03-10 21:15:00,0.0
2030-03-10 21:30:00,0.0
2030-03-10 21:45:00,0.0
2030-03-10 22:00:00,0.0
2030-03-10 22:15:00,0.0
2030-03-10 22:30:00,0.0
2030-03-10 22:45:00,0.0
2030-03-10 23:00:00,0.0
2030-03-10 23:15:00,0.0
2030-03-10 23:30:00,0.0
2030-03-10 23:45:00,0.0
2030-03-11 00:00:00,0.0
2030-03-11 00:15:00,0.0
2030-03-11 00:30:00,0.0
2030-03-11 00:45:00,0.0
2030-03-11 01:00:00,0.0
2030-03-11 01:15:00,0.0
2030-03-11 01:30:00,0.0
2030-03-11 01:45:00,0.0
2030-03-11 02:00:00,0.0
2030-03-11 02:15:00,0.0
2030-03-11 02:30:00,0.0
2030-03-11 02:45:00,0.0
2030-03-11 03:00:00,0.0
2030-03-11 03:15:00,0.0
2030-03-11 03:30:00,0.0
2030-03-11 03:45:00,0.0
2030-03-11 04:00:00,0.0
2030-03-11 04:15:00,0.0
2030-03-11 04:30:00,0.0
2030-03-11 04:45:00,0.0
2030-03-11 05:00:00,0.0
2030-03-11 05:15:00,0.0
2030-03-11 05:30:00,0.0
2030-03-11 05:45:00,0.0
2030-03-11 06:00:00,0.0
2030-03-11 06:15:00,0.0
2030-03-11 06:30:00,0.0
2030-03-11 06:45:00,0.0
2030-03-11 07:00:00,0.0
2030-03-11 07:15:00,0.0
2030-03-11 07:30:00,0.0
2030-03-11 07:45:00,0.0
2030-03-11 08:00:00,0.0
2030-03-11 08:15:00,0.0
2030-03-11 08:30:00,0.0
2030-03-11 08:45:00,0.0
2030-03-11 09:00:00,0.0
2030-03-11 09:15:00,0.0
2030-03-11 09:30:00,0.0
2030-03-11 09:45:00,0.0
2030-03-11 10:00:00,0.0
2030-03-11 10:15:00,0.0
2030-03-11 10:30:00,0.0
2030-03-11 10:45:00,0.0
2030-03-11 11:00:00,0.0
2030-03-11 11:15:00,0.0
2030-03-11 11:30:00,0.0
2030-03-11 11:45:00,0.0
2030-03-11 12:00:00,0.0
2030-03-11 12:15:00,0.0
2030-03-11 12:30:00,0.0
2030-03-11 12:45:00,0.0
2030-03-11 13:00:00,0.0
2030-03-11 13:15:00,0.0
2030-03-11 13:30:00,0.0
2030-03-11 13:45:00,0.0
2030-03-11 14:00:00,0.0
2030-03-11 14:15:00,0.0
2030-03-11 14:30:00,0.0
2030-03-11 14:45:00,0.0
2030-03-11 15:00:00,0.0
2030-03-11 15:15:00,0.0
2030-03-11 15:30:00,0.0
2030-03-11 15:45:00,0.0
2030-03-11 16:00:00,0.0
2030-03-11 16:15:00,0.0
2030-03-11 16:30:00,0.0
2030-03-11 16:45:00,0.0
2030-03-11 17:00:00,0.0
2030-03-11 17:15:00,0.0
2030-03-11 17:30:00,0.0
2030-03-11 17:45:00,0.0
2030-03-11 18:00:00,0.0
2030-03-11 18:15:00,0.0
2030-03-11 18:30:00,0.0
2030-03-11 18:45:00,0.0
2030-03-11 19:00:00,0.0
2030-03-11 19:15:00,0.0
2030-03-11 19:30:00,0.0
2030-03-11 19:45:00,0.0
2030-03-11 20:00:00,0.0
2030-03-11 20:15:00,0.0
2030-03-11 20:30:00,0.0
2030-03-11 20:45:00,0.0
2030-03-11 21:00:00,0.0
2030-03-11 21:15:00,0.0
2030-03-11 21:30:00,0.0
2030-03-11 21:45:00,0.0
2030-03-11 22:00:00,0.0
2030-03-11 22:15:00,0.0
2030-03-11 22:30:00,0.0
2030-03-11 22:45:00,0.0
2030-03-11 23:00:00,0.0
2030-03-11 23:15:00,0.0
2030-03-11 23:30:00,0.0
2030-03-11 23:45:00,0.0
2030-03-12 00:00:00,0.0
2030-03-12 00:15:00,0.0
2030-03-12 00:30:00,0.0
2030-03-12 00:45:00,0.0
2030-03-12 01:00:00,0.0
2030-03-12 01:15:00,0.0
2030-03-12 01:30:00,0.0
2030-03-12 01:45:00,0.0
2030-03-12 02:00:00,0.0
2030-03-12 02:15:00,0.0
2030-03-12 02:30:00,0.0
2030-03-12 02:45:00,0.0
2030-03-12 03:00:00,0.0
2030-03-12 03:15:00,0.0
2030-03-12 03:30:00,0.0
2030-03-12 03:45:00,0.0
2030-03-12 04:00:00,0.0
2030-03-12 04:15:00,0.0
2030-03-12 04:30:00,0.0
2030-03-12 04:45:00,0.0
2030-03-12 05:00:00,0.0
2030-03-12 05:15:00,0.0
2030-03-12 05:30:00,0.0
2030-03-12 05:45:00,0.0
2030-03-12 06:00:00,0.0
2030-03-12 06:15:00,0.0
2030-03-12 06:30:00,0.0
2030-03-12 06:45:00,0.0
2030-03-12 07:00:00,0.0
2030-03-12 07:15:00,0.0
2030-03-12 07:30:00,0.0
2030-03-12 07:45:00,0.0
2030-03-12 08:00:00,0.0
2030-03-12 08:15:00,0.0
2030-03-12 08:30:00,0.0
2030-03-12 08:45:00,0.0
2030-03-12 09:00:00,0.0
2030-03-12 09:15:00,0.0
2030-03-12 09:30:00,0.0
2030-03-12 09:45:00,0.0
2030-03-12 10:00:00,0.0
2030-03-12 10:15:00,0.0
2030-03-12 10:30:00,0.0
2030-03-12 10:45:00,0.0
2030-03-12 11:00:00,0.0
2030-03-12 11:15:00,0.0
2030-03-12 11:30:00,0.0
2030-03-12 11:45:00,0.0
2030-03-12 12:00:00,0.0
2030-03-12 12:15:00,0.0
2030-03-12 12:30:00,0.0
2030-03-12 12:45:00,0.0
2030-03-12 13:00:00,0.0
2030-03-12 13:15:00,0.0
2030-03-12 13:30:00,0.0
2030-03-12 13:45:00,0.0
2030-03-12 14:00:00,0.0
2030-03-12 14:15:00,0.0
2030-03-12 14:30:00,0.0
2030-03-12 14:45:00,0.0
2030-03-12 15:00:00,0.0
2030-03-12 15:15:00,0.0
2030-03-12 15:30:00,0.0
2030-03-12 15:45:00,0.0
2030-03-12 16:00:00,0.0
2030-03-12 16:15:00,0.0
2030-03-12 16:30:00,0.0
2030-03-12 16:45:00,0.0
2030-03-12 17:00:00,0.0
2030-03-12 17:15:00,0.0
2030-03-12 17:30:00,0.0
2030-03-12 17:45:00,0.0
2030-03-12 18:00:00,0.0
2030-03-12 18:15:00,0.0
2030-03-12 18:30:00,0.0
2030-03-12 18:45:00,0.0
2030-03-12 19:00:00,0.0
2030-03-12 19:15:00,0.0
2030-03-12 19:30:00,0.0
2030-03-12 19:45:00,0.0
2030-03-12 20:00:00,0.0
2030-03-12 20:15:00,0.0
2030-03-12 20:30:00,0.0
2030-03-12 20:45:00,0.0
2030-03-12 21:00:00,0.0
2030-03-12 21:15:00,0.0
2030-03-12 21:30:00,0.0
2030-03-12 21:45:00,0.0
2030-03-12 22:00:00,0.0
2030-03-12 22:15:00,0.0
2030-03-12 22:30:00,0.0
2030-03-12 22:45:00,0.0
2030-03-12 23:00:00,0.0
2030-03-12 23:15:00,0.0
2030-03-12 23:30:00,0.0
2030-03-12 23:45:00,0.0
2030-03-13 00:00:00,0.0
2030-03-13 00:15:00,0.0
2030-03-13 00:30:00,0.0
2030-03-13 00:45:00,0.0
2030-03-13 01:00:00,0.0
2030-03-13 01:15:00,0.0
2030-03-13 01:30:00,0.0
2030-03-13 01:45:00,0.0
2030-03-13 02:00:00,0.0
2030-03-13 02:15:00,0.0
2030-03-13 02:30:00,0.0
2030-03-13 02:45:00,0.0
2030-03-13 03:00:00,0.0
2030-03-13 03:15:00,0.0
2030-03-13 03:30:00,0.0
2030-03-13 03:45:00,0.0
2030-03-13 04:00:00,0.0
2030-03-13 04:15:00,0.0
2030-03-13 04:30:00,0.0
2030-03-13 04:45:00,0.0
2030-03-13 05:00:00,0.0
2030-03-13 05:15:00,0.0
2030-03-13 05:30:00,0.0
2030-03-13 05:45:00,0.0
2030-03-13 06:00:00,0.0
2030-03-13 06:15:00,0.0
2030-03-13 06:30:00,0.0
2030-03-13 06:45:00,0.0
2030-03-13 07:00:00,0.0
2030-03-13 07:15:00,0.0
2030-03-13 07:30:00,0.0
2030-03-13 07:45:00,0.0
2030-03-13 08:00:00,0.0
2030-03-13 08:15:00,0.0
2030-03-13 08:30:00,0.0
2030-03-13 08:45:00,0.0
2030-03-13 09:00:00,0.0
2030-03-13 09:15:00,0.0
2030-03-13 09:30:00,0.0
2030-03-13 09:45:00,0.0
2030-03-13 10:00:00,0.0
2030-03-13 10:15:00,0.0
2030-03-13 10:30:00,0.0
2030-03-13 10:45:00,0.0
2030-03-13 11:00:00,0.0
2030-03-13 11:15:00,0.0
2030-03-13 11:30:00,0.0
2030-03-13 11:45:00,0.0
2030-03-13 12:00:00,0.0
2030-03-13 12:15:00,0.0
2030-03-13 12:30:00,0.0
2030-03-13 12:45:00,0.0
2030-03-13 13:00:00,0.0
2030-03-13 13:15:00,0.0
2030-03-13 13:30:00,0.0
2030-03-13 13:45:00,0.0
2030-03-13 14:00:00,0.0
2030-03-13 14:15:00,0.0
2030-03-13 14:30:00,0.0
2030-03-13 14:45:00,0.0
2030-03-13 15:00:00,0.0
2030-03-13 15:15:00,0.0
2030-03-13 15:30:00,0.0
2030-03-13 15:45:00,0.0
2030-03-13 16:00:00,0.0
2030-03-13 16:15:00,0.0
2030-03-13 16:30:00,0.0
2030-03-13 16:45:00,0.0
2030-03-13 17:00:00,0.0
2030-03-13 17:15:00,0.0
2030-03-13 17:30:00,0.0
2030-03-13 17:45:00,0.0
2030-03-13 18:00:00,0.0
2030-03-13 18:15:00,0.0
2030-03-13 18:30:00,0.0
2030-03-13 18:45:00,0.0
2030-03-13 19:00:00,0.0
2030-03-13 19:15:00,0.0
2030-03-13 19:30:00,0.0
2030-03-13 19:45:00,0.0
2030-03-13 20:00:00,0.0
2030-03-13 20:15:00,0.0
2030-03-13 20:30:00,0.0
2030-03-13 20:45:00,0.0
2030-03-13 21:00:00,0.0
2030-03-13 21:15:00,0.0
2030-03-13 21:30:00,0.0
2030-03-13 21:45:00,0.0
2030-03-13 22:00:00,0.0
2030-03-13 22:15:00,0.0
2030-03-13 22:30:00,0.0
2030-03-13 22:45:00,0.0
2030-03-13 23:00:00,0.0
2030-03-13 23:15:00,0.0
2030-03-13 23:30:00,0.0
2030-03-13 23:45:00,0.0
2030-03-14 00:00:00,0.0
2030-03-14 00:15:00,0.0
2030-03-14 00:30:00,0.0
2030-03-14 00:45:00,0.0
2030-03-14 01:00:00,0.0
2030-03-14 01:15:00,0.0
2030-03-14 01:30:00,0.0
2030-03-14 01:45:00,0.0
2030-03-14 02:00:00,0.0
2030-03-14 02:15:00,0.0
2030-03-14 02:30:00,0.0
2030-03-14 02:45:00,0.0
2030-03-14 03:00:00,0.0
2030-03-14 03:15:00,0.0
2030-03-14 03:30:00,0.0
2030-03-14 03:45:00,0.0
2030-03-14 04:00:00,0.0
2030-03-14 04:15:00,0.0
2030-03-14 04:30:00,0.0
2030-03-14 04:45:00,0.0
2030-03-14 05:00:00,0.0
2030-03-14 05:15:00,0.0
2030-03-14 05:30:00,0.0
2030-03-14 05:45:00,0.0
2030-03-14 06:00:00,0.0
2030-03-14 06:15:00,0.0
2030-03-14 06:30:00,0.0
2030-03-14 06:45:00,0.0
2030-03-14 07:00:00,0.0
2030-03-14 07:15:00,0.0
2030-03-14 07:30:00,0.0
2030-03-14 07:45:00,0.0
2030-03-14 08:00:00,0.0
2030-03-14 08:15:00,0.0
2030-03-14 08:30:00,0.0
2030-03-14 08:45:00,0.0
2030-03-14 09:00:00,0.0
2030-03-14 09:15:00,0.0
2030-03-14 09:30:00,0.0
2030-03-14 09:45:00,0.0
2030-03-14 10:00:00,0.0
2030-03-14 10:15:00,0.0
2030-03-14 10:30:00,0.0
2030-03-14 10:45:00,0.0
2030-03-14 11:00:00,0.0
2030-03-14 11:15:00,0.0
2030-03-14 11:30:00,0.0
2030-03-14 11:45:00,0.0
2030-03-14 12:00:00,0.0
2030-03-14 12:15:00,0.0
2030-03-14 12:30:00,0.0
2030-03-14 12:45:00,0.0
2030-03-14 13:00:00,0.0
2030-03-14 13:15:00,0.0
2030-03-14 13:30:00,0.0
2030-03-14 13:45:00,0.0
2030-03-14 14:00:00,0.0
2030-03-14 14:15:00,0.0
2030-03-14 14:30:00,0.0
2030-03-14 14:45:00,0.0
2030-03-14 15:00:00,0.0
2030-03-14 15:15:00,0.0
2030-03-14 15:30:00,0.0
2030-03-14 15:45:00,0.0
2030-03-14 16:00:00,0.0
2030-03-14 16:15:00,0.0
2030-03-14 16:30:00,0.0
2030-03-14 16:45:00,0.0
2030-03-14 17:00:00,0.0
2030-03-14 17:15:00,0.0
2030-03-14 17:30:00,0.0
2030-03-14 17:45:00,0.0
2030-03-14 18:00:00,0.0
2030-03-14 18:15:00,0.0
2030-03-14 18:30:00,0.0
2030-03-14 18:45:00,0.0
2030-03-14 19:00:00,0.0
2030-03-14 19:15:00,0.0
2030-03-14 19:30:00,0.0
2030-03-14 19:45:00,0.0
2030-03-14 20:00:00,0.0
2030-03-14 20:15:00,0.0
2030-03-14 20:30:00,0.0
2030-03-14 20:45:00,0.0
2030-03-14 21:00:00,0.0
2030-03-14 21:15:00,0.0
2030-03-14 21:30:00,0.0
2030-03-14 21:45:00,0.0
2030-03-14 22:00:00,0.0
2030-03-14 22:15:00,0.0
2030-03-14 22:30:00,0.0
2030-03-14 22:45:00,0.0
2030-03-14 23:00:00,0.0
2030-03-14 23:15:00,0.0
2030-03-14 23:30:00,0.0
2030-03-14 23:45:00,0.0
2030-03-15 00:00:00,0.0
2030-03-15 00:15:00,0.0
2030-03-15 00:30:00,0.0
2030-03-15 00:45:00,0.0
2030-03-15 01:00:00,0.0
2030-03-15 01:15:00,0.0
2030-03-15 01:30:00,0.0
2030-03-15 01:45:00,0.0
2030-03-15 02:00:00,0.0
2030-03-15 02:15:00,0.0
2030-03-15 02:30:00,0.0
2030-03-15 02:45:00,0.0
2030-03-15 03:00:00,0.0
2030-03-15 03:15:00,0.0
2030-03-15 03:30:00,0.0
2030-03-15 03:45:00,0.0
2030-03-15 04:00:00,0.0
2030-03-15 04:15:00,0.0
2030-03-15 04:30:00,0.0
2030-03-15 04:45:00,0.0
2030-03-15 05:00:00,0.0
2030-03-15 05:15:00,0.0
2030-03-15 05:30:00,0.0
2030-03-15 05:45:00,0.0
2030-03-15 06:00:00,0.0
2030-03-15 06:15:00,0.0
2030-03-15 06:30:00,0.0
2030-03-15 06:45:00,0.0
2030-03-15 07:00:00,0.0
2030-03-15 07:15:00,0.0
2030-03-15 07:30:00,0.0
2030-03-15 07:45:00,0.0
2030-03-15 08:00:00,0.0
2030-03-15 08:15:00,0.0
2030-03-15 08:30:00,0.0
2030-03-15 08:45:00,0.0
2030-03-15 09:00:00,0.0
2030-03-15 09:15:00,0.0
2030-03-15 09:30:00,0.0
2030-03-15 09:45:00,0.0
2030-03-15 10:00:00,0.0
2030-03-15 10:15:00,0.0
2030-03-15 10:30:00,0.0
2030-03-15 10:45:00,0.0
2030-03-15 11:00:00,0.0
2030-03-15 11:15:00,0.0
2030-03-15 11:30:00,0.0
2030-03-15 11:45:00,0.0
2030-03-15 12:00:00,0.0
2030-03-15 12:15:00,0.0
2030-03-15 12:30:00,0.0
2030-03-15 12:45:00,0.0
2030-03-15 13:00:00,0.0
2030-03-15 13:15:00,0.0
2030-03-15 13:30:00,0.0
2030-03-15 13:45:00,0.0
2030-03-15 14:00:00,0.0
2030-03-15 14:15:00,0.0
2030-03-15 14:30:00,0.0
2030-03-15 14:45:00,0.0
2030-03-15 15:00:00,0.0
2030-03-15 15:15:00,0.0
2030-03-15 15:30:00,0.0
2030-03-15 15:45:00,0.0
2030-03-15 16:00:00,0.0
2030-03-15 16:15:00,0.0
2030-03-15 16:30:00,0.0
2030-03-15 16:45:00,0.0
2030-03-15 17:00:00,0.0
2030-03-15 17:15:00,0.0
2030-03-15 17:30:00,0.0
2030-03-15 17:45:00,0.0
2030-03-15 18:00:00,0.0
2030-03-15 18:15:00,0.0
2030-03-15 18:30:00,0.0
2030-03-15 18:45:00,0.0
2030-03-15 19:00:00,0.0
2030-03-15 19:15:00,0.0
2030-03-15 19:30:00,0.0
2030-03-15 19:45:00,0.0
2030-03-15 20:00:00,0.0
2030-03-15 20:15:00,0.0
2030-03-15 20:30:00,0.0
2030-03-15 20:45:00,0.0
2030-03-15 21:00:00,0.0
2030-03-15 21:15:00,0.0
2030-03-15 21:30:00,0.0
2030-03-15 21:45:00,0.0
2030-03-15 22:00:00,0.0
2030-03-15 22:15:00,0.0
2030-03-15 22:30:00,0.0
2030-03-15 22:45:00,0.0
2030-03-15 23:00:00,0.0
2030-03-15 23:15:00,0.0
2030-03-15 23:30:00,0.0
2030-03-15 23:45:00,0.0
2030-03-16 00:00:00,0.0
2030-03-16 00:15:00,0.0
2030-03-16 00:30:00,0.0
2030-03-16 00:45:00,0.0
2030-03-16 01:00:00,0.0
2030-03-16 01:15:00,0.0
2030-03-16 01:30:00,0.0
2030-03-16 01:45:00,0.0
2030-03-16 02:00:00,0.0
2030-03-16 02:15:00,0.0
2030-03-16 02:30:00,0.0
2030-03-16 02:45:00,0.0
2030-03-16 03:00:00,0.0
2030-03-16 03:15:00,0.0
2030-03-16 03:30:00,0.0
2030-03-16 03:45:00,0.0
2030-03-16 04:00:00,0.0
2030-03-16 04:15:00,0.0
2030-03-16 04:30:00,0.0
2030-03-16 04:45:00,0.0
2030-03-16 05:00:00,0.0
2030-03-16 05:15:00,0.0
2030-03-16 05:30:00,0.0
2030-03-16 05:45:00,0.0
2030-03-16 06:00:00,0.0
2030-03-16 06:15:00,0.0
2030-03-16 06:30:00,0.0
2030-03-16 06:45:00,0.0
2030-03-16 07:00:00,0.0
2030-03-16 07:15:00,0.0
2030-03-16 07:30:00,0.0
2030-03-16 07:45:00,0.0
2030-03-16 08:00:00,0.0
2030-03-16 08:15:00,0.0
2030-03-16 08:30:00,0.0
2030-03-16 08:45:00,0.0
2030-03-16 09:00:00,0.0
2030-03-16 09:15:00,0.0
2030-03-16 09:30:00,0.0
2030-03-16 09:45:00,0.0
2030-03-16 10:00:00,0.0
2030-03-16 10:15:00,0.0
2030-03-16 10:30:00,0.0
2030-03-16 10:45:00,0.0
2030-03-16 11:00:00,0.0
2030-03-16 11:15:00,0.0
2030-03-16 11:30:00,0.0
2030-03-16 11:45:00,0.0
2030-03-16 12:00:00,0.0
2030-03-16 12:15:00,0.0
2030-03-16 12:30:00,0.0
2030-03-16 12:45:00,0.0
2030-03-16 13:00:00,0.0
2030-03-16 13:15:00,0.0
2030-03-16 13:30:00,0.0
2030-03-16 13:45:00,0.0
2030-03-16 14:00:00,0.0
2030-03-16 14:15:00,0.0
2030-03-16 14:30:00,0.0
2030-03-16 14:45:00,0.0
2030-03-16 15:00:00,0.0
2030-03-16 15:15:00,0.0
2030-03-16 15:30:00,0.0
2030-03-16 15:45:00,0.0
2030-03-16 16:00:00,0.0
2030-03-16 16:15:00,0.0
2030-03-16 16:30:00,0.0
2030-03-16 16:45:00,0.0
2030-03-16 17:00:00,0.0
2030-03-16 17:15:00,0.0
2030-03-16 17:30:00,0.0
2030-03-16 17:45:00,0.0
2030-03-16 18:00:00,0.0
2030-03-16 18:15:00,0.0
2030-03-16 18:30:00,0.0
2030-03-16 18:45:00,0.0
2030-03-16 19:00:00,0.0
2030-03-16 19:15:00,0.0
2030-03-16 19:30:00,0.0
2030-03-16 19:45:00,0.0
2030-03-16 20:00:00,0.0
2030-03-16 20:15:00,0.0
2030-03-16 20:30:00,0.0
2030-03-16 20:45:00,0.0
2030-03-16 21:00:00,0.0
2030-03-16 21:15:00,0.0
2030-03-16 21:30:00,0.0
2030-03-16 21:45:00,0.0
2030-03-16 22:00:00,0.0
2030-03-16 22:15:00,0.0
2030-03-16 22:30:00,0.0
2030-03-16 22:45:00,0.0
2030-03-16 23:00:00,0.0
2030-03-16 23:15:00,0.0
2030-03-16 23:30:00,0.0
2030-03-16 23:45:00,0.0
2030-03-17 00:00:00,0.0
2030-03-17 00:15:00,0.0
2030-03-17 00:30:00,0.0
2030-03-17 00:45:00,0.0
2030-03-17 01:00:00,0.0
2030-03-17 01:15:00,0.0
2030-03-17 01:30:00,0.0
2030-03-17 01:45:00,0.0
2030-03-17 02:00:00,0.0
2030-03-17 02:15:00,0.0
2030-03-17 02:30:00,0.0
2030-03-17 02:45:00,0.0
2030-03-17 03:00:00,0.0
2030-03-17 03:15:00,0.0
2030-03-17 03:30:00,0.0
2030-03-17 03:45:00,0.0
2030-03-17 04:00:00,0.0
2030-03-17 04:15:00,0.0
2030-03-17 04:30:00,0.0
2030-03-17 04:45:00,0.0
2030-03-17 05:00:00,0.0
2030-03-17 05:15:00,0.0
2030-03-17 05:30:00,0.0
2030-03-17 05:45:00,0.0
2030-03-17 06:00:00,0.0
2030-03-17 06:15:00,0.0
2030-03-17 06:30:00,0.0
2030-03-17 06:45:00,0.0
2030-03-17 07:00:00,0.0
2030-03-17 07:15:00,0.0
2030-03-17 07:30:00,0.0
2030-03-17 07:45:00,0.0
2030-03-17 08:00:00,0.0
2030-03-17 08:15:00,0.0
2030-03-17 08:30:00,0.0
2030-03-17 08:45:00,0.0
2030-03-17 09:00:00,0.0
2030-03-17 09:15:00,0.0
2030-03-17 09:30:00,0.0
2030-03-17 09:45:00,0.0
2030-03-17 10:00:00,0.0
2030-03-17 10:15:00,0.0
2030-03-17 10:30:00,0.0
2030-03-17 10:45:00,0.0
2030-03-17 11:00:00,0.0
2030-03-17 11:15:00,0.0
2030-03-17 11:30:00,0.0
2030-03-17 11:45:00,0.0
2030-03-17 12:00:00,0.0
2030-03-17 12:15:00,0.0
2030-03-17 12:30:00,0.0
2030-03-17 12:45:00,0.0
2030-03-17 13:00:00,0.0
2030-03-17 13:15:00,0.0
2030-03-17 13:30:00,0.0
2030-03-17 13:45:00,0.0
2030-03-17 14:00:00,0.0
2030-03-17 14:15:00,0.0
2030-03-17 14:30:00,0.0
2030-03-17 14:45:00,0.0
2030-03-17 15:00:00,0.0
2030-03-17 15:15:00,0.0
2030-03-17 15:30:00,0.0
2030-03-17 15:45:00,0.0
2030-03-17 16:00:00,0.0
2030-03-17 16:15:00,0.0
2030-03-17 16:30:00,0.0
2030-03-17 16:45:00,0.0
2030-03-17 17:00:00,0.0
2030-03-17 17:15:00,0.0
2030-03-17 17:30:00,0.0
2030-03-17 17:45:00,0.0
2030-03-17 18:00:00,0.0
2030-03-17 18:15:00,0.0
2030-03-17 18:30:00,0.0
2030-03-17 18:45:00,0.0
2030-03-17 19:00:00,0.0
2030-03-17 19:15:00,0.0
2030-03-17 19:30:00,0.0
2030-03-17 19:45:00,0.0
2030-03-17 20:00:00,0.0
2030-03-17 20:15:00,0.0
2030-03-17 20:30:00,0.0
2030-03-17 20:45:00,0.0
2030-03-17 21:00:00,0.0
2030-03-17 21:15:00,0.0
2030-03-17 21:30:00,0.0
2030-03-17 21:45:00,0.0
2030-03-17 22:00:00,0.0
2030-03-17 22:15:00,0.0
2030-03-17 22:30:00,0.0
2030-03-17 22:45:00,0.0
2030-03-17 23:00:00,0.0
2030-03-17 23:15:00,0.0
2030-03-17 23:30:00,0.0
2030-03-17 23:45:00,0.0
2030-03-18 00:00:00,0.0
2030-03-18 00:15:00,0.0
2030-03-18 00:30:00,0.0
2030-03-18 00:45:00,0.0
2030-03-18 01:00:00,0.0
2030-03-18 01:15:00,0.0
2030-03-18 01:30:00,0.0
2030-03-18 01:45:00,0.0
2030-03-18 02:00:00,0.0
2030-03-18 02:15:00,0.0
2030-03-18 02:30:00,0.0
2030-03-18 02:45:00,0.0
2030-03-18 03:00:00,0.0
2030-03-18 03:15:00,0.0
2030-03-18 03:30:00,0.0
2030-03-18 03:45:00,0.0
2030-03-18 04:00:00,0.0
2030-03-18 04:15:00,0.0
2030-03-18 04:30:00,0.0
2030-03-18 04:45:00,0.0
2030-03-18 05:00:00,0.0
2030-03-18 05:15:00,0.0
2030-03-18 05:30:00,0.0
2030-03-18 05:45:00,0.0
2030-03-18 06:00:00,0.0
2030-03-18 06:15:00,0.0
2030-03-18 06:30:00,0.0
2030-03-18 06:45:00,0.0
2030-03-18 07:00:00,0.0
2030-03-18 07:15:00,0.0
2030-03-18 07:30:00,0.0
2030-03-18 07:45:00,0.0
2030-03-18 08:00:00,0.0
2030-03-18 08:15:00,0.0
2030-03-18 08:30:00,0.0
2030-03-18 08:45:00,0.0
2030-03-18 09:00:00,0.0
2030-03-18 09:15:00,0.0
2030-03-18 09:30:00,0.0
2030-03-18 09:45:00,0.0
2030-03-18 10:00:00,0.0
2030-03-18 10:15:00,0.0
2030-03-18 10:30:00,0.0
2030-03-18 10:45:00,0.0
2030-03-18 11:00:00,0.0
2030-03-18 11:15:00,0.0
2030-03-18 11:30:00,0.0
2030-03-18 11:45:00,0.0
2030-03-18 12:00:00,0.0
2030-03-18 12:15:00,0.0
2030-03-18 12:30:00,0.0
2030-03-18 12:45:00,0.0
2030-03-18 13:00:00,0.0
2030-03-18 13:15:00,0.0
2030-03-18 13:30:00,0.0
2030-03-18 13:45:00,0.0
2030-03-18 14:00:00,0.0
2030-03-18 14:15:00,0.0
2030-03-18 14:30:00,0.0
2030-03-18 14:45:00,0.0
2030-03-18 15:00:00,0.0
2030-03-18 15:15:00,0.0
2030-03-18 15:30:00,0.0
2030-03-18 15:45:00,0.0
2030-03-18 16:00:00,0.0
2030-03-18 16:15:00,0.0
2030-03-18 16:30:00,0.0
2030-03-18 16:45:00,0.0
2030-03-18 17:00:00,0.0
2030-03-18 17:15:00,0.0
2030-03-18 17:30:00,0.0
2030-03-18 17:45:00,0.0
2030-03-18 18:00:00,0.0
2030-03-18 18:15:00,0.0
2030-03-18 18:30:00,0.0
2030-03-18 18:45:00,0.0
2030-03-18 19:00:00,0.0
2030-03-18 19:15:00,0.0
2030-03-18 19:30:00,0.0
2030-03-18 19:45:00,0.0
2030-03-18 20:00:00,0.0
2030-03-18 20:15:00,0.0
2030-03-18 20:30:00,0.0
2030-03-18 20:45:00,0.0
2030-03-18 21:00:00,0.0
2030-03-18 21:15:00,0.0
2030-03-18 21:30:00,0.0
2030-03-18 21:45:00,0.0
2030-03-18 22:00:00,0.0
2030-03-18 22:15:00,0.0
2030-03-18 22:30:00,0.0
2030-03-18 22:45:00,0.0
2030-03-18 23:00:00,0.0
2030-03-18 23:15:00,0.0
2030-03-18 23:30:00,0.0
2030-03-18 23:45:00,0.0
2030-03-19 00:00:00,0.0
2030-03-19 00:15:00,0.0
2030-03-19 00:30:00,0.0
2030-03-19 00:45:00,0.0
2030-03-19 01:00:00,0.0
2030-03-19 01:15:00,0.0
2030-03-19 01:30:00,0.0
2030-03-19 01:45:00,0.0
2030-03-19 02:00:00,0.0
2030-03-19 02:15:00,0.0
2030-03-19 02:30:00,0.0
2030-03-19 02:45:00,0.0
2030-03-19 03:00:00,0.0
2030-03-19 03:15:00,0.0
2030-03-19 03:30:00,0.0
2030-03-19 03:45:00,0.0
2030-03-19 04:00:00,0.0
2030-03-19 04:15:00,0.0
2030-03-19 04:30:00,0.0
2030-03-19 04:45:00,0.0
2030-03-19 05:00:00,0.0
2030-03-19 05:15:00,0.0
2030-03-19 05:30:00,0.0
2030-03-19 05:45:00,0.0
2030-03-19 06:00:00,0.0
2030-03-19 06:15:00,0.0
2030-03-19 06:30:00,0.0
2030-03-19 06:45:00,0.0
2030-03-19 07:00:00,0.0
2030-03-19 07:15:00,0.0
2030-03-19 07:30:00,0.0
2030-03-19 07:45:00,0.0
2030-03-19 08:00:00,0.0
2030-03-19 08:15:00,0.0
2030-03-19 08:30:00,0.0
2030-03-19 08:45:00,0.0
2030-03-19 09:00:00,0.0
2030-03-19 09:15:00,0.0
2030-03-19 09:30:00,0.0
2030-03-19 09:45:00,0.0
2030-03-19 10:00:00,0.0
2030-03-19 10:15:00,0.0
2030-03-19 10:30:00,0.0
2030-03-19 10:45:00,0.0
2030-03-19 11:00:00,0.0
2030-03-19 11:15:00,0.0
2030-03-19 11:30:00,0.0
2030-03-19 11:45:00,0.0
2030-03-19 12:00:00,0.0
2030-03-19 12:15:00,0.0
2030-03-19 12:30:00,0.0
2030-03-19 12:45:00,0.0
2030-03-19 13:00:00,0.0
2030-03-19 13:15:00,0.0
2030-03-19 13:30:00,0.0
2030-03-19 13:45:00,0.0
2030-03-19 14:00:00,0.0
2030-03-19 14:15:00,0.0
2030-03-19 14:30:00,0.0
2030-03-19 14:45:00,0.0
2030-03-19 15:00:00,0.0
2030-03-19 15:15:00,0.0
2030-03-19 15:30:00,0.0
2030-03-19 15:45:00,0.0
2030-03-19 16:00:00,0.0
2030-03-19 16:15:00,0.0
2030-03-19 16:30:00,0.0
2030-03-19 16:45:00,0.0
2030-03-19 17:00:00,0.0
2030-03-19 17:15:00,0.0
2030-03-19 17:30:00,0.0
2030-03-19 17:45:00,0.0
2030-03-19 18:00:00,0.0
2030-03-19 18:15:00,0.0
2030-03-19 18:30:00,0.0
2030-03-19 18:45:00,0.0
2030-03-19 19:00:00,0.0
2030-03-19 19:15:00,0.0
2030-03-19 19:30:00,0.0
2030-03-19 19:45:00,0.0
2030-03-19 20:00:00,0.0
2030-03-19 20:15:00,0.0
2030-03-19 20:30:00,0.0
2030-03-19 20:45:00,0.0
2030-03-19 21:00:00,0.0
2030-03-19 21:15:00,0.0
2030-03-19 21:30:00,0.0
2030-03-19 21:45:00,0.0
2030-03-19 22:00:00,0.0
2030-03-19 22:15:00,0.0
2030-03-19 22:30:00,0.0
2030-03-19 22:45:00,0.0
2030-03-19 23:00:00,0.0
2030-03-19 23:15:00,0.0
2030-03-19 23:30:00,0.0
2030-03-19 23:45:00,0.0
2030-03-20 00:00:00,0.0
2030-03-20 00:15:00,0.0
2030-03-20 00:30:00,0.0
2030-03-20 00:45:00,0.0
2030-03-20 01:00:00,0.0
2030-03-20 01:15:00,0.0
2030-03-20 01:30:00,0.0
2030-03-20 01:45:00,0.0
2030-03-20 02:00:00,0.0
2030-03-20 02:15:00,0.0
2030-03-20 02:30:00,0.0
2030-03-20 02:45:00,0.0
2030-03-20 03:00:00,0.0
2030-03-20 03:15:00,0.0
2030-03-20 03:30:00,0.0
2030-03-20 03:45:00,0.0
2030-03-20 04:00:00,0.0
2030-03-20 04:15:00,0.0
2030-03-20 04:30:00,0.0
2030-03-20 04:45:00,0.0
2030-03-20 05:00:00,0.0
2030-03-20 05:15:00,0.0
2030-03-20 05:30:00,0.0
2030-03-20 05:45:00,0.0
2030-03-20 06:00:00,0.0
2030-03-20 06:15:00,0.0
2030-03-20 06:30:00,0.0
2030-03-20 06:45:00,0.0
2030-03-20 07:00:00,0.0
2030-03-20 07:15:00,0.0
2030-03-20 07:30:00,0.0
2030-03-20 07:45:00,0.0
2030-03-20 08:00:00,0.0
2030-03-20 08:15:00,0.0
2030-03-20 08:30:00,0.0
2030-03-20 08:45:00,0.0
2030-03-20 09:00:00,0.0
2030-03-20 09:15:00,0.0
2030-03-20 09:30:00,0.0
2030-03-20 09:45:00,0.0
2030-03-20 10:00:00,0.0
2030-03-20 10:15:00,0.0
2030-03-20 10:30:00,0.0
2030-03-20 10:45:00,0.0
2030-03-20 11:00:00,0.0
2030-03-20 11:15:00,0.0
2030-03-20 11:30:00,0.0
2030-03-20 11:45:00,0.0
2030-03-20 12:00:00,0.0
2030-03-20 12:15:00,0.0
2030-03-20 12:30:00,0.0
2030-03-20 12:45:00,0.0
2030-03-20 13:00:00,0.0
2030-03-20 13:15:00,0.0
2030-03-20 13:30:00,0.0
2030-03-20 13:45:00,0.0
2030-03-20 14:00:00,0.0
2030-03-20 14:15:00,0.0
2030-03-20 14:30:00,0.0
2030-03-20 14:45:00,0.0
2030-03-20 15:00:00,0.0
2030-03-20 15:15:00,0.0
2030-03-20 15:30:00,0.0
2030-03-20 15:45:00,0.0
2030-03-20 16:00:00,0.0
2030-03-20 16:15:00,0.0
2030-03-20 16:30:00,0.0
2030-03-20 16:45:00,0.0
2030-03-20 17:00:00,0.0
2030-03-20 17:15:00,0.0
2030-03-20 17:30:00,0.0
2030-03-20 17:45:00,0.0
2030-03-20 18:00:00,0.0
2030-03-20 18:15:00,0.0
2030-03-20 18:30:00,0.0
2030-03-20 18:45:00,0.0
2030-03-20 19:00:00,0.0
2030-03-20 19:15:00,0.0
2030-03-20 19:30:00,0.0
2030-03-20 19:45:00,0.0
2030-03-20 20:00:00,5653.554823110215
2030-03-20 20:15:00,8692.394288925192
2030-03-20 20:30:00,8165.923476029728
2030-03-20 20:45:00,7832.211382464666
2030-03-20 21:00:00,7083.70612888317
2030-03-20 21:15:00,6647.194050112525
2030-03-20 21:30:00,6393.751772057683
2030-03-20 21:45:00,6354.283491697908
2030-03-20 22:00:00,6631.84000554997
2030-03-20 22:15:00,6530.631279440597
2030-03-20 22:30:00,6450.155088789434
2030-03-20 22:45:00,6047.931814679741
2030-03-20 23:00:00,5816.640445080247
2030-03-20 23:15:00,5604.913716704084
2030-03-20 23:30:00,4970.650456602154
2030-03-20 23:45:00,4588.313738967654
2030-03-21 00:00:00,4444.188140022958
2030-03-21 00:15:00,4610.2535365641
2030-03-21 00:30:00,4236.3111103798165
2030-03-21 00:45:00,3441.6269882426714
2030-03-21 01:00:00,3079.2262293798285
2030-03-21 01:15:00,2846.3899028923297
2030-03-21 01:30:00,2543.6323124420705
2030-03-21 01:45:00,2476.135080876804
2030-03-21 02:00:00,2401.861989288518
2030-03-21 02:15:00,2596.032463285277
2030-03-21 02:30:00,2701.9103348534845
2030-03-21 02:45:00,2774.5802906126683
2030-03-21 03:00:00,2982.12261074237
2030-03-21 03:15:00,3050.5021033387184
2030-03-21 03:30:00,3101.644968399258
2030-03-21 03:45:00,3120.220476677987
2030-03-21 04:00:00,3322.6879587549774
2030-03-21 04:15:00,3498.424349663297
2030-03-21 04:30:00,3656.8180109578952
2030-03-21 04:45:00,3958.7433907074574
2030-03-21 05:00:00,4286.762110552036
2030-03-21 05:15:00,4518.682475073367
2030-03-21 05:30:00,4653.7377320744035
2030-03-21 05:45:00,5384.023628571895
2030-03-21 06:00:00,6316.405546346918
2030-03-21 06:15:00,6850.770408301216
2030-03-21 06:30:00,7219.18095212568
2030-03-21 06:45:00,7151.583568292066
2030-03-21 07:00:00,6795.551155116698
2030-03-21 07:15:00,6328.2754856396205
2030-03-21 07:30:00,5682.970213074985
2030-03-21 07:45:00,4773.625335187486
2030-03-21 08:00:00,3935.84913190105
2030-03-21 08:15:00,2906.8860596668383
2030-03-21 08:30:00,1496.1985173103094
2030-03-21 08:45:00,240.71288185333833
2030-03-21 09:00:00,0.0
2030-03-21 09:15:00,0.0
2030-03-21 09:30:00,0.0
2030-03-21 09:45:00,0.0
2030-03-21 10:00:00,0.0
2030-03-21 10:15:00,0.0
2030-03-21 10:30:00,0.0
2030-03-21 10:45:00,0.0
2030-03-21 11:00:00,0.0
2030-03-21 11:15:00,0.0
2030-03-21 11:30:00,0.0
2030-03-21 11:45:00,0.0
2030-03-21 12:00:00,0.0
2030-03-21 12:15:00,0.0
2030-03-21 12:30:00,0.0
2030-03-21 12:45:00,0.0
2030-03-21 13:00:00,0.0
2030-03-21 13:15:00,0.0
2030-03-21 13:30:00,0.0
2030-03-21 13:45:00,0.0
2030-03-21 14:00:00,0.0
2030-03-21 14:15:00,0.0
2030-03-21 14:30:00,0.0
2030-03-21 14:45:00,0.0
2030-03-21 15:00:00,0.0
2030-03-21 15:15:00,0.0
2030-03-21 15:30:00,0.0
2030-03-21 15:45:00,0.0
2030-03-21 16:00:00,0.0
2030-03-21 16:15:00,0.0
2030-03-21 16:30:00,0.0
2030-03-21 16:45:00,0.0
2030-03-21 17:00:00,0.0
2030-03-21 17:15:00,0.0
2030-03-21 17:30:00,0.0
2030-03-21 17:45:00,0.0
2030-03-21 18:00:00,0.0
2030-03-21 18:15:00,0.0
2030-03-21 18:30:00,0.0
2030-03-21 18:45:00,0.0
2030-03-21 19:00:00,0.0
2030-03-21 19:15:00,0.0
2030-03-21 19:30:00,0.0
2030-03-21 19:45:00,0.0
2030-03-21 20:00:00,0.0
2030-03-21 20:15:00,0.0
2030-03-21 20:30:00,0.0
2030-03-21 20:45:00,0.0
2030-03-21 21:00:00,0.0
2030-03-21 21:15:00,0.0
2030-03-21 21:30:00,0.0
2030-03-21 21:45:00,0.0
2030-03-21 22:00:00,0.0
2030-03-21 22:15:00,0.0
2030-03-21 22:30:00,0.0
2030-03-21 22:45:00,0.0
2030-03-21 23:00:00,0.0
2030-03-21 23:15:00,0.0
2030-03-21 23:30:00,0.0
2030-03-21 23:45:00,0.0
2030-03-22 00:00:00,0.0
2030-03-22 00:15:00,0.0
2030-03-22 00:30:00,0.0
2030-03-22 00:45:00,0.0
2030-03-22 01:00:00,0.0
2030-03-22 01:15:00,0.0
2030-03-22 01:30:00,0.0
2030-03-22 01:45:00,0.0
2030-03-22 02:00:00,0.0
2030-03-22 02:15:00,0.0
2030-03-22 02:30:00,0.0
2030-03-22 02:45:00,0.0
2030-03-22 03:00:00,0.0
2030-03-22 03:15:00,0.0
2030-03-22 03:30:00,0.0
2030-03-22 03:45:00,0.0
2030-03-22 04:00:00,0.0
2030-03-22 04:15:00,0.0
2030-03-22 04:30:00,0.0
2030-03-22 04:45:00,0.0
2030-03-22 05:00:00,0.0
2030-03-22 05:15:00,0.0
2030-03-22 05:30:00,0.0
2030-03-22 05:45:00,0.0
2030-03-22 06:00:00,0.0
2030-03-22 06:15:00,0.0
2030-03-22 06:30:00,0.0
2030-03-22 06:45:00,0.0
2030-03-22 07:00:00,0.0
2030-03-22 07:15:00,0.0
2030-03-22 07:30:00,0.0
2030-03-22 07:45:00,0.0
2030-03-22 08:00:00,0.0
2030-03-22 08:15:00,0.0
2030-03-22 08:30:00,0.0
2030-03-22 08:45:00,0.0
2030-03-22 09:00:00,0.0
2030-03-22 09:15:00,0.0
2030-03-22 09:30:00,0.0
2030-03-22 09:45:00,0.0
2030-03-22 10:00:00,0.0
2030-03-22 10:15:00,0.0
2030-03-22 10:30:00,0.0
2030-03-22 10:45:00,0.0
2030-03-22 11:00:00,0.0
2030-03-22 11:15:00,0.0
2030-03-22 11:30:00,0.0
2030-03-22 11:45:00,0.0
2030-03-22 12:00:00,0.0
2030-03-22 12:15:00,0.0
2030-03-22 12:30:00,0.0
2030-03-22 12:45:00,0.0
2030-03-22 13:00:00,0.0
2030-03-22 13:15:00,0.0
2030-03-22 13:30:00,0.0
2030-03-22 13:45:00,0.0
2030-03-22 14:00:00,0.0
2030-03-22 14:15:00,0.0
2030-03-22 14:30:00,0.0
2030-03-22 14:45:00,0.0
2030-03-22 15:00:00,0.0
2030-03-22 15:15:00,0.0
2030-03-22 15:30:00,0.0
2030-03-22 15:45:00,0.0
2030-03-22 16:00:00,0.0
2030-03-22 16:15:00,0.0
2030-03-22 16:30:00,0.0
2030-03-22 16:45:00,0.0
2030-03-22 17:00:00,0.0
2030-03-22 17:15:00,0.0
2030-03-22 17:30:00,0.0
2030-03-22 17:45:00,0.0
2030-03-22 18:00:00,0.0
2030-03-22 18:15:00,0.0
2030-03-22 18:30:00,0.0
2030-03-22 18:45:00,0.0
2030-03-22 19:00:00,0.0
2030-03-22 19:15:00,0.0
2030-03-22 19:30:00,0.0
2030-03-22 19:45:00,0.0
2030-03-22 20:00:00,0.0
2030-03-22 20:15:00,0.0
2030-03-22 20:30:00,0.0
2030-03-22 20:45:00,0.0
2030-03-22 21:00:00,0.0
2030-03-22 21:15:00,0.0
2030-03-22 21:30:00,0.0
2030-03-22 21:45:00,0.0
2030-03-22 22:00:00,0.0
2030-03-22 22:15:00,0.0
2030-03-22 22:30:00,0.0
2030-03-22 22:45:00,0.0
2030-03-22 23:00:00,0.0
2030-03-22 23:15:00,0.0
2030-03-22 23:30:00,0.0
2030-03-22 23:45:00,0.0
2030-03-23 00:00:00,0.0
2030-03-23 00:15:00,0.0
2030-03-23 00:30:00,0.0
2030-03-23 00:45:00,0.0
2030-03-23 01:00:00,0.0
2030-03-23 01:15:00,0.0
2030-03-23 01:30:00,0.0
2030-03-23 01:45:00,0.0
2030-03-23 02:00:00,0.0
2030-03-23 02:15:00,0.0
2030-03-23 02:30:00,0.0
2030-03-23 02:45:00,0.0
2030-03-23 03:00:00,0.0
2030-03-23 03:15:00,0.0
2030-03-23 03:30:00,0.0
2030-03-23 03:45:00,0.0
2030-03-23 04:00:00,0.0
2030-03-23 04:15:00,0.0
2030-03-23 04:30:00,0.0
2030-03-23 04:45:00,0.0
2030-03-23 05:00:00,0.0
2030-03-23 05:15:00,0.0
2030-03-23 05:30:00,0.0
2030-03-23 05:45:00,0.0
2030-03-23 06:00:00,0.0
2030-03-23 06:15:00,0.0
2030-03-23 06:30:00,0.0
2030-03-23 06:45:00,0.0
2030-03-23 07:00:00,0.0
2030-03-23 07:15:00,0.0
2030-03-23 07:30:00,0.0
2030-03-23 07:45:00,0.0
2030-03-23 08:00:00,0.0
2030-03-23 08:15:00,0.0
2030-03-23 08:30:00,0.0
2030-03-23 08:45:00,0.0
2030-03-23 09:00:00,0.0
2030-03-23 09:15:00,0.0
2030-03-23 09:30:00,0.0
2030-03-23 09:45:00,0.0
2030-03-23 10:00:00,0.0
2030-03-23 10:15:00,0.0
2030-03-23 10:30:00,0.0
2030-03-23 10:45:00,0.0
2030-03-23 11:00:00,0.0
2030-03-23 11:15:00,0.0
2030-03-23 11:30:00,0.0
2030-03-23 11:45:00,0.0
2030-03-23 12:00:00,0.0
2030-03-23 12:15:00,0.0
2030-03-23 12:30:00,0.0
2030-03-23 12:45:00,0.0
2030-03-23 13:00:00,0.0
2030-03-23 13:15:00,0.0
2030-03-23 13:30:00,0.0
2030-03-23 13:45:00,0.0
2030-03-23 14:00:00,0.0
2030-03-23 14:15:00,0.0
2030-03-23 14:30:00,0.0
2030-03-23 14:45:00,0.0
2030-03-23 15:00:00,0.0
2030-03-23 15:15:00,0.0
2030-03-23 15:30:00,0.0
2030-03-23 15:45:00,0.0
2030-03-23 16:00:00,0.0
2030-03-23 16:15:00,0.0
2030-03-23 16:30:00,0.0
2030-03-23 16:45:00,0.0
2030-03-23 17:00:00,0.0
2030-03-23 17:15:00,0.0
2030-03-23 17:30:00,0.0
2030-03-23 17:45:00,0.0
2030-03-23 18:00:00,0.0
2030-03-23 18:15:00,0.0
2030-03-23 18:30:00,0.0
2030-03-23 18:45:00,0.0
2030-03-23 19:00:00,0.0
2030-03-23 19:15:00,0.0
2030-03-23 19:30:00,0.0
2030-03-23 19:45:00,0.0
2030-03-23 20:00:00,0.0
2030-03-23 20:15:00,0.0
2030-03-23 20:30:00,0.0
2030-03-23 20:45:00,0.0
2030-03-23 21:00:00,0.0
2030-03-23 21:15:00,0.0
2030-03-23 21:30:00,0.0
2030-03-23 21:45:00,0.0
2030-03-23 22:00:00,0.0
2030-03-23 22:15:00,0.0
2030-03-23 22:30:00,0.0
2030-03-23 22:45:00,0.0
2030-03-23 23:00:00,0.0
2030-03-23 23:15:00,0.0
2030-03-23 23:30:00,0.0
2030-03-23 23:45:00,0.0
2030-03-24 00:00:00,0.0
2030-03-24 00:15:00,0.0
2030-03-24 00:30:00,0.0
2030-03-24 00:45:00,0.0
2030-03-24 01:00:00,0.0
2030-03-24 01:15:00,0.0
2030-03-24 01:30:00,0.0
2030-03-24 01:45:00,0.0
2030-03-24 02:00:00,0.0
2030-03-24 02:15:00,0.0
2030-03-24 02:30:00,0.0
2030-03-24 02:45:00,0.0
2030-03-24 03:00:00,0.0
2030-03-24 03:15:00,0.0
2030-03-24 03:30:00,0.0
2030-03-24 03:45:00,0.0
2030-03-24 04:00:00,0.0
2030-03-24 04:15:00,0.0
2030-03-24 04:30:00,0.0
2030-03-24 04:45:00,0.0
2030-03-24 05:00:00,0.0
2030-03-24 05:15:00,0.0
2030-03-24 05:30:00,0.0
2030-03-24 05:45:00,0.0
2030-03-24 06:00:00,0.0
2030-03-24 06:15:00,0.0
2030-03-24 06:30:00,0.0
2030-03-24 06:45:00,0.0
2030-03-24 07:00:00,0.0
2030-03-24 07:15:00,0.0
2030-03-24 07:30:00,0.0
2030-03-24 07:45:00,0.0
2030-03-24 08:00:00,0.0
2030-03-24 08:15:00,0.0
2030-03-24 08:30:00,0.0
2030-03-24 08:45:00,0.0
2030-03-24 09:00:00,0.0
2030-03-24 09:15:00,0.0
2030-03-24 09:30:00,0.0
2030-03-24 09:45:00,0.0
2030-03-24 10:00:00,0.0
2030-03-24 10:15:00,0.0
2030-03-24 10:30:00,0.0
2030-03-24 10:45:00,0.0
2030-03-24 11:00:00,0.0
2030-03-24 11:15:00,0.0
2030-03-24 11:30:00,0.0
2030-03-24 11:45:00,0.0
2030-03-24 12:00:00,0.0
2030-03-24 12:15:00,0.0
2030-03-24 12:30:00,0.0
2030-03-24 12:45:00,0.0
2030-03-24 13:00:00,0.0
2030-03-24 13:15:00,0.0
2030-03-24 13:30:00,0.0
2030-03-24 13:45:00,0.0
2030-03-24 14:00:00,0.0
2030-03-24 14:15:00,0.0
2030-03-24 14:30:00,0.0
2030-03-24 14:45:00,0.0
2030-03-24 15:00:00,0.0
2030-03-24 15:15:00,0.0
2030-03-24 15:30:00,0.0
2030-03-24 15:45:00,0.0
2030-03-24 16:00:00,0.0
2030-03-24 16:15:00,0.0
2030-03-24 16:30:00,0.0
2030-03-24 16:45:00,0.0
2030-03-24 17:00:00,0.0
2030-03-24 17:15:00,0.0
2030-03-24 17:30:00,0.0
2030-03-24 17:45:00,0.0
2030-03-24 18:00:00,0.0
2030-03-24 18:15:00,0.0
2030-03-24 18:30:00,0.0
2030-03-24 18:45:00,0.0
2030-03-24 19:00:00,0.0
2030-03-24 19:15:00,0.0
2030-03-24 19:30:00,0.0
2030-03-24 19:45:00,0.0
2030-03-24 20:00:00,0.0
2030-03-24 20:15:00,0.0
2030-03-24 20:30:00,0.0
2030-03-24 20:45:00,0.0
2030-03-24 21:00:00,0.0
2030-03-24 21:15:00,0.0
2030-03-24 21:30:00,0.0
2030-03-24 21:45:00,0.0
2030-03-24 22:00:00,0.0
2030-03-24 22:15:00,0.0
2030-03-24 22:30:00,0.0
2030-03-24 22:45:00,0.0
2030-03-24 23:00:00,0.0
2030-03-24 23:15:00,0.0
2030-03-24 23:30:00,0.0
2030-03-24 23:45:00,0.0
2030-03-25 00:00:00,0.0
2030-03-25 00:15:00,0.0
2030-03-25 00:30:00,0.0
2030-03-25 00:45:00,0.0
2030-03-25 01:00:00,0.0
2030-03-25 01:15:00,0.0
2030-03-25 01:30:00,0.0
2030-03-25 01:45:00,0.0
2030-03-25 02:00:00,0.0
2030-03-25 02:15:00,0.0
2030-03-25 02:30:00,0.0
2030-03-25 02:45:00,0.0
2030-03-25 03:00:00,0.0
2030-03-25 03:15:00,0.0
2030-03-25 03:30:00,0.0
2030-03-25 03:45:00,0.0
2030-03-25 04:00:00,0.0
2030-03-25 04:15:00,0.0
2030-03-25 04:30:00,0.0
2030-03-25 04:45:00,0.0
2030-03-25 05:00:00,0.0
2030-03-25 05:15:00,0.0
2030-03-25 05:30:00,0.0
2030-03-25 05:45:00,0.0
2030-03-25 06:00:00,0.0
2030-03-25 06:15:00,0.0
2030-03-25 06:30:00,0.0
2030-03-25 06:45:00,0.0
2030-03-25 07:00:00,0.0
2030-03-25 07:15:00,0.0
2030-03-25 07:30:00,0.0
2030-03-25 07:45:00,0.0
2030-03-25 08:00:00,0.0
2030-03-25 08:15:00,0.0
2030-03-25 08:30:00,0.0
2030-03-25 08:45:00,0.0
2030-03-25 09:00:00,0.0
2030-03-25 09:15:00,0.0
2030-03-25 09:30:00,0.0
2030-03-25 09:45:00,0.0
2030-03-25 10:00:00,0.0
2030-03-25 10:15:00,0.0
2030-03-25 10:30:00,0.0
2030-03-25 10:45:00,0.0
2030-03-25 11:00:00,0.0
2030-03-25 11:15:00,0.0
2030-03-25 11:30:00,0.0
2030-03-25 11:45:00,0.0
2030-03-25 12:00:00,0.0
2030-03-25 12:15:00,0.0
2030-03-25 12:30:00,0.0
2030-03-25 12:45:00,0.0
2030-03-25 13:00:00,0.0
2030-03-25 13:15:00,0.0
2030-03-25 13:30:00,0.0
2030-03-25 13:45:00,0.0
2030-03-25 14:00:00,0.0
2030-03-25 14:15:00,0.0
2030-03-25 14:30:00,0.0
2030-03-25 14:45:00,0.0
2030-03-25 15:00:00,0.0
2030-03-25 15:15:00,0.0
2030-03-25 15:30:00,0.0
2030-03-25 15:45:00,0.0
2030-03-25 16:00:00,0.0
2030-03-25 16:15:00,0.0
2030-03-25 16:30:00,0.0
2030-03-25 16:45:00,0.0
2030-03-25 17:00:00,0.0
2030-03-25 17:15:00,0.0
2030-03-25 17:30:00,0.0
2030-03-25 17:45:00,0.0
2030-03-25 18:00:00,0.0
2030-03-25 18:15:00,0.0
2030-03-25 18:30:00,0.0
2030-03-25 18:45:00,0.0
2030-03-25 19:00:00,0.0
2030-03-25 19:15:00,0.0
2030-03-25 19:30:00,0.0
2030-03-25 19:45:00,0.0
2030-03-25 20:00:00,0.0
2030-03-25 20:15:00,0.0
2030-03-25 20:30:00,0.0
2030-03-25 20:45:00,0.0
2030-03-25 21:00:00,0.0
2030-03-25 21:15:00,0.0
2030-03-25 21:30:00,0.0
2030-03-25 21:45:00,0.0
2030-03-25 22:00:00,0.0
2030-03-25 22:15:00,0.0
2030-03-25 22:30:00,0.0
2030-03-25 22:45:00,0.0
2030-03-25 23:00:00,0.0
2030-03-25 23:15:00,0.0
2030-03-25 23:30:00,0.0
2030-03-25 23:45:00,0.0
2030-03-26 00:00:00,0.0
2030-03-26 00:15:00,0.0
2030-03-26 00:30:00,0.0
2030-03-26 00:45:00,0.0
2030-03-26 01:00:00,0.0
2030-03-26 01:15:00,0.0
2030-03-26 01:30:00,0.0
2030-03-26 01:45:00,0.0
2030-03-26 03:00:00,0.0
2030-03-26 03:15:00,0.0
2030-03-26 03:30:00,0.0
2030-03-26 03:45:00,0.0
2030-03-26 04:00:00,0.0
2030-03-26 04:15:00,0.0
2030-03-26 04:30:00,0.0
2030-03-26 04:45:00,0.0
2030-03-26 05:00:00,0.0
2030-03-26 05:15:00,0.0
2030-03-26 05:30:00,0.0
2030-03-26 05:45:00,0.0
2030-03-26 06:00:00,0.0
2030-03-26 06:15:00,0.0
2030-03-26 06:30:00,0.0
2030-03-26 06:45:00,0.0
2030-03-26 07:00:00,0.0
2030-03-26 07:15:00,0.0
2030-03-26 07:30:00,0.0
2030-03-26 07:45:00,0.0
2030-03-26 08:00:00,0.0
2030-03-26 08:15:00,0.0
2030-03-26 08:30:00,0.0
2030-03-26 08:45:00,0.0
2030-03-26 09:00:00,0.0
2030-03-26 09:15:00,0.0
2030-03-26 09:30:00,0.0
2030-03-26 09:45:00,0.0
2030-03-26 10:00:00,0.0
2030-03-26 10:15:00,0.0
2030-03-26 10:30:00,0.0
2030-03-26 10:45:00,0.0
2030-03-26 11:00:00,0.0
2030-03-26 11:15:00,0.0
2030-03-26 11:30:00,0.0
2030-03-26 11:45:00,0.0
2030-03-26 12:00:00,0.0
2030-03-26 12:15:00,0.0
2030-03-26 12:30:00,0.0
2030-03-26 12:45:00,0.0
2030-03-26 13:00:00,0.0
2030-03-26 13:15:00,0.0
2030-03-26 13:30:00,0.0
2030-03-26 13:45:00,0.0
2030-03-26 14:00:00,0.0
2030-03-26 14:15:00,0.0
2030-03-26 14:30:00,0.0
2030-03-26 14:45:00,0.0
2030-03-26 15:00:00,0.0
2030-03-26 15:15:00,0.0
2030-03-26 15:30:00,0.0
2030-03-26 15:45:00,0.0
2030-03-26 16:00:00,0.0
2030-03-26 16:15:00,0.0
2030-03-26 16:30:00,0.0
2030-03-26 16:45:00,0.0
2030-03-26 17:00:00,0.0
2030-03-26 17:15:00,0.0
2030-03-26 17:30:00,0.0
2030-03-26 17:45:00,0.0
2030-03-26 18:00:00,0.0
2030-03-26 18:15:00,0.0
2030-03-26 18:30:00,0.0
2030-03-26 18:45:00,0.0
2030-03-26 19:00:00,0.0
2030-03-26 19:15:00,0.0
2030-03-26 19:30:00,0.0
2030-03-26 19:45:00,0.0
2030-03-26 20:00:00,0.0
2030-03-26 20:15:00,0.0
2030-03-26 20:30:00,0.0
2030-03-26 20:45:00,0.0
2030-03-26 21:00:00,0.0
2030-03-26 21:15:00,0.0
2030-03-26 21:30:00,0.0
2030-03-26 21:45:00,0.0
2030-03-26 22:00:00,0.0
2030-03-26 22:15:00,0.0
2030-03-26 22:30:00,0.0
2030-03-26 22:45:00,0.0
2030-03-26 23:00:00,0.0
2030-03-26 23:15:00,0.0
2030-03-26 23:30:00,0.0
2030-03-26 23:45:00,0.0
2030-03-27 00:00:00,0.0
2030-03-27 00:15:00,0.0
2030-03-27 00:30:00,0.0
2030-03-27 00:45:00,0.0
2030-03-27 01:00:00,0.0
2030-03-27 01:15:00,0.0
2030-03-27 01:30:00,0.0
2030-03-27 01:45:00,0.0
2030-03-27 02:00:00,0.0
2030-03-27 02:15:00,0.0
2030-03-27 02:30:00,0.0
2030-03-27 02:45:00,0.0
2030-03-27 03:00:00,0.0
2030-03-27 03:15:00,0.0
2030-03-27 03:30:00,0.0
2030-03-27 03:45:00,0.0
2030-03-27 04:00:00,0.0
2030-03-27 04:15:00,0.0
2030-03-27 04:30:00,0.0
2030-03-27 04:45:00,0.0
2030-03-27 05:00:00,0.0
2030-03-27 05:15:00,0.0
2030-03-27 05:30:00,0.0
2030-03-27 05:45:00,0.0
2030-03-27 06:00:00,0.0
2030-03-27 06:15:00,0.0
2030-03-27 06:30:00,0.0
2030-03-27 06:45:00,0.0
2030-03-27 07:00:00,0.0
2030-03-27 07:15:00,0.0
2030-03-27 07:30:00,0.0
2030-03-27 07:45:00,0.0
2030-03-27 08:00:00,0.0
2030-03-27 08:15:00,0.0
2030-03-27 08:30:00,0.0
2030-03-27 08:45:00,0.0
2030-03-27 09:00:00,0.0
2030-03-27 09:15:00,0.0
2030-03-27 09:30:00,0.0
2030-03-27 09:45:00,0.0
2030-03-27 10:00:00,0.0
2030-03-27 10:15:00,0.0
2030-03-27 10:30:00,0.0
2030-03-27 10:45:00,0.0
2030-03-27 11:00:00,0.0
2030-03-27 11:15:00,0.0
2030-03-27 11:30:00,0.0
2030-03-27 11:45:00,0.0
2030-03-27 12:00:00,0.0
2030-03-27 12:15:00,0.0
2030-03-27 12:30:00,0.0
2030-03-27 12:45:00,0.0
2030-03-27 13:00:00,0.0
2030-03-27 13:15:00,0.0
2030-03-27 13:30:00,0.0
2030-03-27 13:45:00,0.0
2030-03-27 14:00:00,0.0
2030-03-27 14:15:00,0.0
2030-03-27 14:30:00,0.0
2030-03-27 14:45:00,0.0
2030-03-27 15:00:00,0.0
2030-03-27 15:15:00,0.0
2030-03-27 15:30:00,0.0
2030-03-27 15:45:00,0.0
2030-03-27 16:00:00,0.0
2030-03-27 16:15:00,0.0
2030-03-27 16:30:00,0.0
2030-03-27 16:45:00,0.0
2030-03-27 17:00:00,0.0
2030-03-27 17:15:00,0.0
2030-03-27 17:30:00,0.0
2030-03-27 17:45:00,0.0
2030-03-27 18:00:00,0.0
2030-03-27 18:15:00,0.0
2030-03-27 18:30:00,0.0
2030-03-27 18:45:00,0.0
2030-03-27 19:00:00,0.0
2030-03-27 19:15:00,0.0
2030-03-27 19:30:00,0.0
2030-03-27 19:45:00,0.0
2030-03-27 20:00:00,0.0
2030-03-27 20:15:00,0.0
2030-03-27 20:30:00,0.0
2030-03-27 20:45:00,0.0
2030-03-27 21:00:00,0.0
2030-03-27 21:15:00,0.0
2030-03-27 21:30:00,0.0
2030-03-27 21:45:00,0.0
2030-03-27 22:00:00,0.0
2030-03-27 22:15:00,0.0
2030-03-27 22:30:00,0.0
2030-03-27 22:45:00,0.0
2030-03-27 23:00:00,0.0
2030-03-27 23:15:00,0.0
2030-03-27 23:30:00,0.0
2030-03-27 23:45:00,0.0
2030-03-28 00:00:00,0.0
2030-03-28 00:15:00,0.0
2030-03-28 00:30:00,0.0
2030-03-28 00:45:00,0.0
2030-03-28 01:00:00,0.0
2030-03-28 01:15:00,0.0
2030-03-28 01:30:00,0.0
2030-03-28 01:45:00,0.0
2030-03-28 02:00:00,0.0
2030-03-28 02:15:00,0.0
2030-03-28 02:30:00,0.0
2030-03-28 02:45:00,0.0
2030-03-28 03:00:00,0.0
2030-03-28 03:15:00,0.0
2030-03-28 03:30:00,0.0
2030-03-28 03:45:00,0.0
2030-03-28 04:00:00,0.0
2030-03-28 04:15:00,0.0
2030-03-28 04:30:00,0.0
2030-03-28 04:45:00,0.0
2030-03-28 05:00:00,0.0
2030-03-28 05:15:00,0.0
2030-03-28 05:30:00,0.0
2030-03-28 05:45:00,0.0
2030-03-28 06:00:00,0.0
2030-03-28 06:15:00,0.0
2030-03-28 06:30:00,0.0
2030-03-28 06:45:00,0.0
2030-03-28 07:00:00,0.0
2030-03-28 07:15:00,0.0
2030-03-28 07:30:00,0.0
2030-03-28 07:45:00,0.0
2030-03-28 08:00:00,0.0
2030-03-28 08:15:00,0.0
2030-03-28 08:30:00,0.0
2030-03-28 08:45:00,0.0
2030-03-28 09:00:00,0.0
2030-03-28 09:15:00,0.0
2030-03-28 09:30:00,0.0
2030-03-28 09:45:00,0.0
2030-03-28 10:00:00,0.0
2030-03-28 10:15:00,0.0
2030-03-28 10:30:00,0.0
2030-03-28 10:45:00,0.0
2030-03-28 11:00:00,0.0
2030-03-28 11:15:00,0.0
2030-03-28 11:30:00,0.0
2030-03-28 11:45:00,0.0
2030-03-28 12:00:00,0.0
2030-03-28 12:15:00,0.0
2030-03-28 12:30:00,0.0
2030-03-28 12:45:00,0.0
2030-03-28 13:00:00,0.0
2030-03-28 13:15:00,0.0
2030-03-28 13:30:00,0.0
2030-03-28 13:45:00,0.0
2030-03-28 14:00:00,0.0
2030-03-28 14:15:00,0.0
2030-03-28 14:30:00,0.0
2030-03-28 14:45:00,0.0
2030-03-28 15:00:00,0.0
2030-03-28 15:15:00,0.0
2030-03-28 15:30:00,0.0
2030-03-28 15:45:00,0.0
2030-03-28 16:00:00,0.0
2030-03-28 16:15:00,0.0
2030-03-28 16:30:00,0.0
2030-03-28 16:45:00,0.0
2030-03-28 17:00:00,0.0
2030-03-28 17:15:00,0.0
2030-03-28 17:30:00,0.0
2030-03-28 17:45:00,0.0
2030-03-28 18:00:00,0.0
2030-03-28 18:15:00,0.0
2030-03-28 18:30:00,0.0
2030-03-28 18:45:00,0.0
2030-03-28 19:00:00,0.0
2030-03-28 19:15:00,0.0
2030-03-28 19:30:00,0.0
2030-03-28 19:45:00,0.0
2030-03-28 20:00:00,0.0
2030-03-28 20:15:00,0.0
2030-03-28 20:30:00,0.0
2030-03-28 20:45:00,0.0
2030-03-28 21:00:00,0.0
2030-03-28 21:15:00,0.0
2030-03-28 21:30:00,0.0
2030-03-28 21:45:00,0.0
2030-03-28 22:00:00,0.0
2030-03-28 22:15:00,0.0
2030-03-28 22:30:00,0.0
2030-03-28 22:45:00,0.0
2030-03-28 23:00:00,0.0
2030-03-28 23:15:00,0.0
2030-03-28 23:30:00,0.0
2030-03-28 23:45:00,0.0
2030-03-29 00:00:00,0.0
2030-03-29 00:15:00,0.0
2030-03-29 00:30:00,0.0
2030-03-29 00:45:00,0.0
2030-03-29 01:00:00,0.0
2030-03-29 01:15:00,0.0
2030-03-29 01:30:00,0.0
2030-03-29 01:45:00,0.0
2030-03-29 02:00:00,0.0
2030-03-29 02:15:00,0.0
2030-03-29 02:30:00,0.0
2030-03-29 02:45:00,0.0
2030-03-29 03:00:00,0.0
2030-03-29 03:15:00,0.0
2030-03-29 03:30:00,0.0
2030-03-29 03:45:00,0.0
2030-03-29 04:00:00,0.0
2030-03-29 04:15:00,0.0
2030-03-29 04:30:00,0.0
2030-03-29 04:45:00,0.0
2030-03-29 05:00:00,0.0
2030-03-29 05:15:00,0.0
2030-03-29 05:30:00,0.0
2030-03-29 05:45:00,0.0
2030-03-29 06:00:00,0.0
2030-03-29 06:15:00,0.0
2030-03-29 06:30:00,0.0
2030-03-29 06:45:00,0.0
2030-03-29 07:00:00,0.0
2030-03-29 07:15:00,0.0
2030-03-29 07:30:00,0.0
2030-03-29 07:45:00,0.0
2030-03-29 08:00:00,0.0
2030-03-29 08:15:00,0.0
2030-03-29 08:30:00,0.0
2030-03-29 08:45:00,0.0
2030-03-29 09:00:00,0.0
2030-03-29 09:15:00,0.0
2030-03-29 09:30:00,0.0
2030-03-29 09:45:00,0.0
2030-03-29 10:00:00,0.0
2030-03-29 10:15:00,0.0
2030-03-29 10:30:00,0.0
2030-03-29 10:45:00,0.0
2030-03-29 11:00:00,0.0
2030-03-29 11:15:00,0.0
2030-03-29 11:30:00,0.0
2030-03-29 11:45:00,0.0
2030-03-29 12:00:00,0.0
2030-03-29 12:15:00,0.0
2030-03-29 12:30:00,0.0
2030-03-29 12:45:00,0.0
2030-03-29 13:00:00,0.0
2030-03-29 13:15:00,0.0
2030-03-29 13:30:00,0.0
2030-03-29 13:45:00,0.0
2030-03-29 14:00:00,0.0
2030-03-29 14:15:00,0.0
2030-03-29 14:30:00,0.0
2030-03-29 14:45:00,0.0
2030-03-29 15:00:00,0.0
2030-03-29 15:15:00,0.0
2030-03-29 15:30:00,0.0
2030-03-29 15:45:00,0.0
2030-03-29 16:00:00,0.0
2030-03-29 16:15:00,0.0
2030-03-29 16:30:00,0.0
2030-03-29 16:45:00,0.0
2030-03-29 17:00:00,0.0
2030-03-29 17:15:00,0.0
2030-03-29 17:30:00,0.0
2030-03-29 17:45:00,0.0
2030-03-29 18:00:00,0.0
2030-03-29 18:15:00,0.0
2030-03-29 18:30:00,0.0
2030-03-29 18:45:00,0.0
2030-03-29 19:00:00,0.0
2030-03-29 19:15:00,0.0
2030-03-29 19:30:00,0.0
2030-03-29 19:45:00,0.0
2030-03-29 20:00:00,0.0
2030-03-29 20:15:00,0.0
2030-03-29 20:30:00,0.0
2030-03-29 20:45:00,0.0
2030-03-29 21:00:00,0.0
2030-03-29 21:15:00,0.0
2030-03-29 21:30:00,0.0
2030-03-29 21:45:00,0.0
2030-03-29 22:00:00,0.0
2030-03-29 22:15:00,0.0
2030-03-29 22:30:00,0.0
2030-03-29 22:45:00,0.0
2030-03-29 23:00:00,0.0
2030-03-29 23:15:00,0.0
2030-03-29 23:30:00,0.0
2030-03-29 23:45:00,0.0
2030-03-30 00:00:00,0.0
2030-03-30 00:15:00,0.0
2030-03-30 00:30:00,0.0
2030-03-30 00:45:00,0.0
2030-03-30 01:00:00,0.0
2030-03-30 01:15:00,0.0
2030-03-30 01:30:00,0.0
2030-03-30 01:45:00,0.0
2030-03-30 02:00:00,0.0
2030-03-30 02:15:00,0.0
2030-03-30 02:30:00,0.0
2030-03-30 02:45:00,0.0
2030-03-30 03:00:00,0.0
2030-03-30 03:15:00,0.0
2030-03-30 03:30:00,0.0
2030-03-30 03:45:00,0.0
2030-03-30 04:00:00,0.0
2030-03-30 04:15:00,0.0
2030-03-30 04:30:00,0.0
2030-03-30 04:45:00,0.0
2030-03-30 05:00:00,0.0
2030-03-30 05:15:00,0.0
2030-03-30 05:30:00,0.0
2030-03-30 05:45:00,0.0
2030-03-30 06:00:00,0.0
2030-03-30 06:15:00,0.0
2030-03-30 06:30:00,0.0
2030-03-30 06:45:00,0.0
2030-03-30 07:00:00,0.0
2030-03-30 07:15:00,0.0
2030-03-30 07:30:00,0.0
2030-03-30 07:45:00,0.0
2030-03-30 08:00:00,0.0
2030-03-30 08:15:00,0.0
2030-03-30 08:30:00,0.0
2030-03-30 08:45:00,0.0
2030-03-30 09:00:00,0.0
2030-03-30 09:15:00,0.0
2030-03-30 09:30:00,0.0
2030-03-30 09:45:00,0.0
2030-03-30 10:00:00,0.0
2030-03-30 10:15:00,0.0
2030-03-30 10:30:00,0.0
2030-03-30 10:45:00,0.0
2030-03-30 11:00:00,0.0
2030-03-30 11:15:00,0.0
2030-03-30 11:30:00,0.0
2030-03-30 11:45:00,0.0
2030-03-30 12:00:00,0.0
2030-03-30 12:15:00,0.0
2030-03-30 12:30:00,0.0
2030-03-30 12:45:00,0.0
2030-03-30 13:00:00,0.0
2030-03-30 13:15:00,0.0
2030-03-30 13:30:00,0.0
2030-03-30 13:45:00,0.0
2030-03-30 14:00:00,0.0
2030-03-30 14:15:00,0.0
2030-03-30 14:30:00,0.0
2030-03-30 14:45:00,0.0
2030-03-30 15:00:00,0.0
2030-03-30 15:15:00,0.0
2030-03-30 15:30:00,0.0
2030-03-30 15:45:00,0.0
2030-03-30 16:00:00,0.0
2030-03-30 16:15:00,0.0
2030-03-30 16:30:00,0.0
2030-03-30 16:45:00,0.0
2030-03-30 17:00:00,0.0
2030-03-30 17:15:00,0.0
2030-03-30 17:30:00,0.0
2030-03-30 17:45:00,0.0
2030-03-30 18:00:00,0.0
2030-03-30 18:15:00,0.0
2030-03-30 18:30:00,0.0
2030-03-30 18:45:00,0.0
2030-03-30 19:00:00,0.0
2030-03-30 19:15:00,0.0
2030-03-30 19:30:00,0.0
2030-03-30 19:45:00,0.0
2030-03-30 20:00:00,0.0
2030-03-30 20:15:00,0.0
2030-03-30 20:30:00,0.0
2030-03-30 20:45:00,0.0
2030-03-30 21:00:00,0.0
2030-03-30 21:15:00,0.0
2030-03-30 21:30:00,0.0
2030-03-30 21:45:00,0.0
2030-03-30 22:00:00,0.0
2030-03-30 22:15:00,0.0
2030-03-30 22:30:00,0.0
2030-03-30 22:45:00,0.0
2030-03-30 23:00:00,0.0
2030-03-30 23:15:00,0.0
2030-03-30 23:30:00,0.0
2030-03-30 23:45:00,0.0
2030-03-31 00:00:00,0.0
2030-03-31 00:15:00,0.0
2030-03-31 00:30:00,0.0
2030-03-31 00:45:00,0.0
2030-03-31 01:00:00,0.0
2030-03-31 01:15:00,0.0
2030-03-31 01:30:00,0.0
2030-03-31 01:45:00,0.0
2030-03-31 02:00:00,0.0
2030-03-31 02:15:00,0.0
2030-03-31 02:30:00,0.0
2030-03-31 02:45:00,0.0
2030-03-31 03:00:00,0.0
2030-03-31 03:15:00,0.0
2030-03-31 03:30:00,0.0
2030-03-31 03:45:00,0.0
2030-03-31 04:00:00,0.0
2030-03-31 04:15:00,0.0
2030-03-31 04:30:00,0.0
2030-03-31 04:45:00,0.0
2030-03-31 05:00:00,0.0
2030-03-31 05:15:00,0.0
2030-03-31 05:30:00,0.0
2030-03-31 05:45:00,0.0
2030-03-31 06:00:00,0.0
2030-03-31 06:15:00,0.0
2030-03-31 06:30:00,0.0
2030-03-31 06:45:00,0.0
2030-03-31 07:00:00,0.0
2030-03-31 07:15:00,0.0
2030-03-31 07:30:00,0.0
2030-03-31 07:45:00,0.0
2030-03-31 08:00:00,0.0
2030-03-31 08:15:00,0.0
2030-03-31 08:30:00,0.0
2030-03-31 08:45:00,0.0
2030-03-31 09:00:00,0.0
2030-03-31 09:15:00,0.0
2030-03-31 09:30:00,0.0
2030-03-31 09:45:00,0.0
2030-03-31 10:00:00,0.0
2030-03-31 10:15:00,0.0
2030-03-31 10:30:00,0.0
2030-03-31 10:45:00,0.0
2030-03-31 11:00:00,0.0
2030-03-31 11:15:00,0.0
2030-03-31 11:30:00,0.0
2030-03-31 11:45:00,0.0
2030-03-31 12:00:00,0.0
2030-03-31 12:15:00,0.0
2030-03-31 12:30:00,0.0
2030-03-31 12:45:00,0.0
2030-03-31 13:00:00,0.0
2030-03-31 13:15:00,0.0
2030-03-31 13:30:00,0.0
2030-03-31 13:45:00,0.0
2030-03-31 14:00:00,0.0
2030-03-31 14:15:00,0.0
2030-03-31 14:30:00,0.0
2030-03-31 14:45:00,0.0
2030-03-31 15:00:00,0.0
2030-03-31 15:15:00,0.0
2030-03-31 15:30:00,0.0
2030-03-31 15:45:00,0.0
2030-03-31 16:00:00,0.0
2030-03-31 16:15:00,0.0
2030-03-31 16:30:00,0.0
2030-03-31 16:45:00,0.0
2030-03-31 17:00:00,0.0
2030-03-31 17:15:00,0.0
2030-03-31 17:30:00,0.0
2030-03-31 17:45:00,0.0
2030-03-31 18:00:00,0.0
2030-03-31 18:15:00,0.0
2030-03-31 18:30:00,0.0
2030-03-31 18:45:00,0.0
2030-03-31 19:00:00,0.0
2030-03-31 19:15:00,0.0
2030-03-31 19:30:00,0.0
2030-03-31 19:45:00,0.0
2030-03-31 20:00:00,0.0
2030-03-31 20:15:00,0.0
2030-03-31 20:30:00,0.0
2030-03-31 20:45:00,0.0
2030-03-31 21:00:00,0.0
2030-03-31 21:15:00,0.0
2030-03-31 21:30:00,0.0
2030-03-31 21:45:00,0.0
2030-03-31 22:00:00,0.0
2030-03-31 22:15:00,0.0
2030-03-31 22:30:00,0.0
2030-03-31 22:45:00,0.0
2030-03-31 23:00:00,0.0
2030-03-31 23:15:00,0.0
2030-03-31 23:30:00,0.0
2030-03-31 23:45:00,0.0
2030-04-01 00:00:00,0.0
2030-04-01 00:15:00,0.0
2030-04-01 00:30:00,0.0
2030-04-01 00:45:00,0.0
2030-04-01 01:00:00,0.0
2030-04-01 01:15:00,0.0
2030-04-01 01:30:00,0.0
2030-04-01 01:45:00,0.0
2030-04-01 02:00:00,0.0
2030-04-01 02:15:00,0.0
2030-04-01 02:30:00,0.0
2030-04-01 02:45:00,0.0
2030-04-01 03:00:00,0.0
2030-04-01 03:15:00,0.0
2030-04-01 03:30:00,0.0
2030-04-01 03:45:00,0.0
2030-04-01 04:00:00,0.0
2030-04-01 04:15:00,0.0
2030-04-01 04:30:00,0.0
2030-04-01 04:45:00,0.0
2030-04-01 05:00:00,0.0
2030-04-01 05:15:00,0.0
2030-04-01 05:30:00,0.0
2030-04-01 05:45:00,0.0
2030-04-01 06:00:00,0.0
2030-04-01 06:15:00,0.0
2030-04-01 06:30:00,0.0
2030-04-01 06:45:00,0.0
2030-04-01 07:00:00,0.0
2030-04-01 07:15:00,0.0
2030-04-01 07:30:00,0.0
2030-04-01 07:45:00,0.0
2030-04-01 08:00:00,0.0
2030-04-01 08:15:00,0.0
2030-04-01 08:30:00,0.0
2030-04-01 08:45:00,0.0
2030-04-01 09:00:00,0.0
2030-04-01 09:15:00,0.0
2030-04-01 09:30:00,0.0
2030-04-01 09:45:00,0.0
2030-04-01 10:00:00,0.0
2030-04-01 10:15:00,0.0
2030-04-01 10:30:00,0.0
2030-04-01 10:45:00,0.0
2030-04-01 11:00:00,0.0
2030-04-01 11:15:00,0.0
2030-04-01 11:30:00,0.0
2030-04-01 11:45:00,0.0
2030-04-01 12:00:00,0.0
2030-04-01 12:15:00,0.0
2030-04-01 12:30:00,0.0
2030-04-01 12:45:00,0.0
2030-04-01 13:00:00,0.0
2030-04-01 13:15:00,0.0
2030-04-01 13:30:00,0.0
2030-04-01 13:45:00,0.0
2030-04-01 14:00:00,0.0
2030-04-01 14:15:00,0.0
2030-04-01 14:30:00,0.0
2030-04-01 14:45:00,0.0
2030-04-01 15:00:00,0.0
2030-04-01 15:15:00,0.0
2030-04-01 15:30:00,0.0
2030-04-01 15:45:00,0.0
2030-04-01 16:00:00,0.0
2030-04-01 16:15:00,0.0
2030-04-01 16:30:00,0.0
2030-04-01 16:45:00,0.0
2030-04-01 17:00:00,0.0
2030-04-01 17:15:00,0.0
2030-04-01 17:30:00,0.0
2030-04-01 17:45:00,0.0
2030-04-01 18:00:00,0.0
2030-04-01 18:15:00,0.0
2030-04-01 18:30:00,0.0
2030-04-01 18:45:00,0.0
2030-04-01 19:00:00,0.0
2030-04-01 19:15:00,0.0
2030-04-01 19:30:00,0.0
2030-04-01 19:45:00,0.0
2030-04-01 20:00:00,0.0
2030-04-01 20:15:00,0.0
2030-04-01 20:30:00,0.0
2030-04-01 20:45:00,0.0
2030-04-01 21:00:00,0.0
2030-04-01 21:15:00,0.0
2030-04-01 21:30:00,0.0
2030-04-01 21:45:00,0.0
2030-04-01 22:00:00,0.0
2030-04-01 22:15:00,0.0
2030-04-01 22:30:00,0.0
2030-04-01 22:45:00,0.0
2030-04-01 23:00:00,0.0
2030-04-01 23:15:00,0.0
2030-04-01 23:30:00,0.0
2030-04-01 23:45:00,0.0
2030-04-02 00:00:00,0.0
2030-04-02 00:15:00,0.0
2030-04-02 00:30:00,0.0
2030-04-02 00:45:00,0.0
2030-04-02 01:00:00,0.0
2030-04-02 01:15:00,0.0
2030-04-02 01:30:00,0.0
2030-04-02 01:45:00,0.0
2030-04-02 02:00:00,0.0
2030-04-02 02:15:00,0.0
2030-04-02 02:30:00,0.0
2030-04-02 02:45:00,0.0
2030-04-02 03:00:00,0.0
2030-04-02 03:15:00,0.0
2030-04-02 03:30:00,0.0
2030-04-02 03:45:00,0.0
2030-04-02 04:00:00,0.0
2030-04-02 04:15:00,0.0
2030-04-02 04:30:00,0.0
2030-04-02 04:45:00,0.0
2030-04-02 05:00:00,0.0
2030-04-02 05:15:00,0.0
2030-04-02 05:30:00,0.0
2030-04-02 05:45:00,0.0
2030-04-02 06:00:00,0.0
2030-04-02 06:15:00,0.0
2030-04-02 06:30:00,0.0
2030-04-02 06:45:00,0.0
2030-04-02 07:00:00,0.0
2030-04-02 07:15:00,0.0
2030-04-02 07:30:00,0.0
2030-04-02 07:45:00,0.0
2030-04-02 08:00:00,0.0
2030-04-02 08:15:00,0.0
2030-04-02 08:30:00,0.0
2030-04-02 08:45:00,0.0
2030-04-02 09:00:00,0.0
2030-04-02 09:15:00,0.0
2030-04-02 09:30:00,0.0
2030-04-02 09:45:00,0.0
2030-04-02 10:00:00,0.0
2030-04-02 10:15:00,0.0
2030-04-02 10:30:00,0.0
2030-04-02 10:45:00,0.0
2030-04-02 11:00:00,0.0
2030-04-02 11:15:00,0.0
2030-04-02 11:30:00,0.0
2030-04-02 11:45:00,0.0
2030-04-02 12:00:00,0.0
2030-04-02 12:15:00,0.0
2030-04-02 12:30:00,0.0
2030-04-02 12:45:00,0.0
2030-04-02 13:00:00,0.0
2030-04-02 13:15:00,0.0
2030-04-02 13:30:00,0.0
2030-04-02 13:45:00,0.0
2030-04-02 14:00:00,0.0
2030-04-02 14:15:00,0.0
2030-04-02 14:30:00,0.0
2030-04-02 14:45:00,0.0
2030-04-02 15:00:00,0.0
2030-04-02 15:15:00,0.0
2030-04-02 15:30:00,0.0
2030-04-02 15:45:00,0.0
2030-04-02 16:00:00,0.0
2030-04-02 16:15:00,0.0
2030-04-02 16:30:00,0.0
2030-04-02 16:45:00,0.0
2030-04-02 17:00:00,0.0
2030-04-02 17:15:00,0.0
2030-04-02 17:30:00,0.0
2030-04-02 17:45:00,0.0
2030-04-02 18:00:00,0.0
2030-04-02 18:15:00,0.0
2030-04-02 18:30:00,0.0
2030-04-02 18:45:00,0.0
2030-04-02 19:00:00,0.0
2030-04-02 19:15:00,0.0
2030-04-02 19:30:00,0.0
2030-04-02 19:45:00,0.0
2030-04-02 20:00:00,0.0
2030-04-02 20:15:00,0.0
2030-04-02 20:30:00,0.0
2030-04-02 20:45:00,0.0
2030-04-02 21:00:00,0.0
2030-04-02 21:15:00,0.0
2030-04-02 21:30:00,0.0
2030-04-02 21:45:00,0.0
2030-04-02 22:00:00,0.0
2030-04-02 22:15:00,0.0
2030-04-02 22:30:00,0.0
2030-04-02 22:45:00,0.0
2030-04-02 23:00:00,0.0
2030-04-02 23:15:00,0.0
2030-04-02 23:30:00,0.0
2030-04-02 23:45:00,0.0
2030-04-03 00:00:00,0.0
2030-04-03 00:15:00,0.0
2030-04-03 00:30:00,0.0
2030-04-03 00:45:00,0.0
2030-04-03 01:00:00,0.0
2030-04-03 01:15:00,0.0
2030-04-03 01:30:00,0.0
2030-04-03 01:45:00,0.0
2030-04-03 02:00:00,0.0
2030-04-03 02:15:00,0.0
2030-04-03 02:30:00,0.0
2030-04-03 02:45:00,0.0
2030-04-03 03:00:00,0.0
2030-04-03 03:15:00,0.0
2030-04-03 03:30:00,0.0
2030-04-03 03:45:00,0.0
2030-04-03 04:00:00,0.0
2030-04-03 04:15:00,0.0
2030-04-03 04:30:00,0.0
2030-04-03 04:45:00,0.0
2030-04-03 05:00:00,0.0
2030-04-03 05:15:00,0.0
2030-04-03 05:30:00,0.0
2030-04-03 05:45:00,0.0
2030-04-03 06:00:00,0.0
2030-04-03 06:15:00,0.0
2030-04-03 06:30:00,0.0
2030-04-03 06:45:00,0.0
2030-04-03 07:00:00,0.0
2030-04-03 07:15:00,0.0
2030-04-03 07:30:00,0.0
2030-04-03 07:45:00,0.0
2030-04-03 08:00:00,0.0
2030-04-03 08:15:00,0.0
2030-04-03 08:30:00,0.0
2030-04-03 08:45:00,0.0
2030-04-03 09:00:00,0.0
2030-04-03 09:15:00,0.0
2030-04-03 09:30:00,0.0
2030-04-03 09:45:00,0.0
2030-04-03 10:00:00,0.0
2030-04-03 10:15:00,0.0
2030-04-03 10:30:00,0.0
2030-04-03 10:45:00,0.0
2030-04-03 11:00:00,0.0
2030-04-03 11:15:00,0.0
2030-04-03 11:30:00,0.0
2030-04-03 11:45:00,0.0
2030-04-03 12:00:00,0.0
2030-04-03 12:15:00,0.0
2030-04-03 12:30:00,0.0
2030-04-03 12:45:00,0.0
2030-04-03 13:00:00,0.0
2030-04-03 13:15:00,0.0
2030-04-03 13:30:00,0.0
2030-04-03 13:45:00,0.0
2030-04-03 14:00:00,0.0
2030-04-03 14:15:00,0.0
2030-04-03 14:30:00,0.0
2030-04-03 14:45:00,0.0
2030-04-03 15:00:00,0.0
2030-04-03 15:15:00,0.0
2030-04-03 15:30:00,0.0
2030-04-03 15:45:00,0.0
2030-04-03 16:00:00,0.0
2030-04-03 16:15:00,0.0
2030-04-03 16:30:00,0.0
2030-04-03 16:45:00,0.0
2030-04-03 17:00:00,0.0
2030-04-03 17:15:00,0.0
2030-04-03 17:30:00,0.0
2030-04-03 17:45:00,0.0
2030-04-03 18:00:00,0.0
2030-04-03 18:15:00,0.0
2030-04-03 18:30:00,0.0
2030-04-03 18:45:00,0.0
2030-04-03 19:00:00,0.0
2030-04-03 19:15:00,0.0
2030-04-03 19:30:00,0.0
2030-04-03 19:45:00,0.0
2030-04-03 20:00:00,0.0
2030-04-03 20:15:00,0.0
2030-04-03 20:30:00,0.0
2030-04-03 20:45:00,0.0
2030-04-03 21:00:00,0.0
2030-04-03 21:15:00,0.0
2030-04-03 21:30:00,0.0
2030-04-03 21:45:00,0.0
2030-04-03 22:00:00,0.0
2030-04-03 22:15:00,0.0
2030-04-03 22:30:00,0.0
2030-04-03 22:45:00,0.0
2030-04-03 23:00:00,0.0
2030-04-03 23:15:00,0.0
2030-04-03 23:30:00,0.0
2030-04-03 23:45:00,0.0
2030-04-04 00:00:00,0.0
2030-04-04 00:15:00,0.0
2030-04-04 00:30:00,0.0
2030-04-04 00:45:00,0.0
2030-04-04 01:00:00,0.0
2030-04-04 01:15:00,0.0
2030-04-04 01:30:00,0.0
2030-04-04 01:45:00,0.0
2030-04-04 02:00:00,0.0
2030-04-04 02:15:00,0.0
2030-04-04 02:30:00,0.0
2030-04-04 02:45:00,0.0
2030-04-04 03:00:00,0.0
2030-04-04 03:15:00,0.0
2030-04-04 03:30:00,0.0
2030-04-04 03:45:00,0.0
2030-04-04 04:00:00,0.0
2030-04-04 04:15:00,0.0
2030-04-04 04:30:00,0.0
2030-04-04 04:45:00,0.0
2030-04-04 05:00:00,0.0
2030-04-04 05:15:00,0.0
2030-04-04 05:30:00,0.0
2030-04-04 05:45:00,0.0
2030-04-04 06:00:00,0.0
2030-04-04 06:15:00,0.0
2030-04-04 06:30:00,0.0
2030-04-04 06:45:00,0.0
2030-04-04 07:00:00,0.0
2030-04-04 07:15:00,0.0
2030-04-04 07:30:00,0.0
2030-04-04 07:45:00,0.0
2030-04-04 08:00:00,0.0
2030-04-04 08:15:00,0.0
2030-04-04 08:30:00,0.0
2030-04-04 08:45:00,0.0
2030-04-04 09:00:00,0.0
2030-04-04 09:15:00,0.0
2030-04-04 09:30:00,0.0
2030-04-04 09:45:00,0.0
2030-04-04 10:00:00,0.0
2030-04-04 10:15:00,0.0
2030-04-04 10:30:00,0.0
2030-04-04 10:45:00,0.0
2030-04-04 11:00:00,0.0
2030-04-04 11:15:00,0.0
2030-04-04 11:30:00,0.0
2030-04-04 11:45:00,0.0
2030-04-04 12:00:00,0.0
2030-04-04 12:15:00,0.0
2030-04-04 12:30:00,0.0
2030-04-04 12:45:00,0.0
2030-04-04 13:00:00,0.0
2030-04-04 13:15:00,0.0
2030-04-04 13:30:00,0.0
2030-04-04 13:45:00,0.0
2030-04-04 14:00:00,0.0
2030-04-04 14:15:00,0.0
2030-04-04 14:30:00,0.0
2030-04-04 14:45:00,0.0
2030-04-04 15:00:00,0.0
2030-04-04 15:15:00,0.0
2030-04-04 15:30:00,0.0
2030-04-04 15:45:00,0.0
2030-04-04 16:00:00,0.0
2030-04-04 16:15:00,0.0
2030-04-04 16:30:00,0.0
2030-04-04 16:45:00,0.0
2030-04-04 17:00:00,0.0
2030-04-04 17:15:00,0.0
2030-04-04 17:30:00,0.0
2030-04-04 17:45:00,0.0
2030-04-04 18:00:00,0.0
2030-04-04 18:15:00,0.0
2030-04-04 18:30:00,0.0
2030-04-04 18:45:00,0.0
2030-04-04 19:00:00,0.0
2030-04-04 19:15:00,0.0
2030-04-04 19:30:00,0.0
2030-04-04 19:45:00,0.0
2030-04-04 20:00:00,0.0
2030-04-04 20:15:00,0.0
2030-04-04 20:30:00,0.0
2030-04-04 20:45:00,0.0
2030-04-04 21:00:00,0.0
2030-04-04 21:15:00,0.0
2030-04-04 21:30:00,0.0
2030-04-04 21:45:00,0.0
2030-04-04 22:00:00,0.0
2030-04-04 22:15:00,0.0
2030-04-04 22:30:00,0.0
2030-04-04 22:45:00,0.0
2030-04-04 23:00:00,0.0
2030-04-04 23:15:00,0.0
2030-04-04 23:30:00,0.0
2030-04-04 23:45:00,0.0
2030-04-05 00:00:00,0.0
2030-04-05 00:15:00,0.0
2030-04-05 00:30:00,0.0
2030-04-05 00:45:00,0.0
2030-04-05 01:00:00,0.0
2030-04-05 01:15:00,0.0
2030-04-05 01:30:00,0.0
2030-04-05 01:45:00,0.0
2030-04-05 02:00:00,0.0
2030-04-05 02:15:00,0.0
2030-04-05 02:30:00,0.0
2030-04-05 02:45:00,0.0
2030-04-05 03:00:00,0.0
2030-04-05 03:15:00,0.0
2030-04-05 03:30:00,0.0
2030-04-05 03:45:00,0.0
2030-04-05 04:00:00,0.0
2030-04-05 04:15:00,0.0
2030-04-05 04:30:00,0.0
2030-04-05 04:45:00,0.0
2030-04-05 05:00:00,0.0
2030-04-05 05:15:00,0.0
2030-04-05 05:30:00,0.0
2030-04-05 05:45:00,0.0
2030-04-05 06:00:00,0.0
2030-04-05 06:15:00,0.0
2030-04-05 06:30:00,0.0
2030-04-05 06:45:00,0.0
2030-04-05 07:00:00,0.0
2030-04-05 07:15:00,0.0
2030-04-05 07:30:00,0.0
2030-04-05 07:45:00,0.0
2030-04-05 08:00:00,0.0
2030-04-05 08:15:00,0.0
2030-04-05 08:30:00,0.0
2030-04-05 08:45:00,0.0
2030-04-05 09:00:00,0.0
2030-04-05 09:15:00,0.0
2030-04-05 09:30:00,0.0
2030-04-05 09:45:00,0.0
2030-04-05 10:00:00,0.0
2030-04-05 10:15:00,0.0
2030-04-05 10:30:00,0.0
2030-04-05 10:45:00,0.0
2030-04-05 11:00:00,0.0
2030-04-05 11:15:00,0.0
2030-04-05 11:30:00,0.0
2030-04-05 11:45:00,0.0
2030-04-05 12:00:00,0.0
2030-04-05 12:15:00,0.0
2030-04-05 12:30:00,0.0
2030-04-05 12:45:00,0.0
2030-04-05 13:00:00,0.0
2030-04-05 13:15:00,0.0
2030-04-05 13:30:00,0.0
2030-04-05 13:45:00,0.0
2030-04-05 14:00:00,0.0
2030-04-05 14:15:00,0.0
2030-04-05 14:30:00,0.0
2030-04-05 14:45:00,0.0
2030-04-05 15:00:00,0.0
2030-04-05 15:15:00,0.0
2030-04-05 15:30:00,0.0
2030-04-05 15:45:00,0.0
2030-04-05 16:00:00,0.0
2030-04-05 16:15:00,0.0
2030-04-05 16:30:00,0.0
2030-04-05 16:45:00,0.0
2030-04-05 17:00:00,0.0
2030-04-05 17:15:00,0.0
2030-04-05 17:30:00,0.0
2030-04-05 17:45:00,0.0
2030-04-05 18:00:00,0.0
2030-04-05 18:15:00,0.0
2030-04-05 18:30:00,0.0
2030-04-05 18:45:00,0.0
2030-04-05 19:00:00,0.0
2030-04-05 19:15:00,0.0
2030-04-05 19:30:00,0.0
2030-04-05 19:45:00,0.0
2030-04-05 20:00:00,0.0
2030-04-05 20:15:00,0.0
2030-04-05 20:30:00,0.0
2030-04-05 20:45:00,0.0
2030-04-05 21:00:00,0.0
2030-04-05 21:15:00,0.0
2030-04-05 21:30:00,0.0
2030-04-05 21:45:00,0.0
2030-04-05 22:00:00,0.0
2030-04-05 22:15:00,0.0
2030-04-05 22:30:00,0.0
2030-04-05 22:45:00,0.0
2030-04-05 23:00:00,0.0
2030-04-05 23:15:00,0.0
2030-04-05 23:30:00,0.0
2030-04-05 23:45:00,0.0
2030-04-06 00:00:00,0.0
2030-04-06 00:15:00,0.0
2030-04-06 00:30:00,0.0
2030-04-06 00:45:00,0.0
2030-04-06 01:00:00,0.0
2030-04-06 01:15:00,0.0
2030-04-06 01:30:00,0.0
2030-04-06 01:45:00,0.0
2030-04-06 02:00:00,0.0
2030-04-06 02:15:00,0.0
2030-04-06 02:30:00,0.0
2030-04-06 02:45:00,0.0
2030-04-06 03:00:00,0.0
2030-04-06 03:15:00,0.0
2030-04-06 03:30:00,0.0
2030-04-06 03:45:00,0.0
2030-04-06 04:00:00,0.0
2030-04-06 04:15:00,0.0
2030-04-06 04:30:00,0.0
2030-04-06 04:45:00,0.0
2030-04-06 05:00:00,0.0
2030-04-06 05:15:00,0.0
2030-04-06 05:30:00,0.0
2030-04-06 05:45:00,0.0
2030-04-06 06:00:00,0.0
2030-04-06 06:15:00,0.0
2030-04-06 06:30:00,0.0
2030-04-06 06:45:00,0.0
2030-04-06 07:00:00,0.0
2030-04-06 07:15:00,0.0
2030-04-06 07:30:00,0.0
2030-04-06 07:45:00,0.0
2030-04-06 08:00:00,0.0
2030-04-06 08:15:00,0.0
2030-04-06 08:30:00,0.0
2030-04-06 08:45:00,0.0
2030-04-06 09:00:00,0.0
2030-04-06 09:15:00,0.0
2030-04-06 09:30:00,0.0
2030-04-06 09:45:00,0.0
2030-04-06 10:00:00,0.0
2030-04-06 10:15:00,0.0
2030-04-06 10:30:00,0.0
2030-04-06 10:45:00,0.0
2030-04-06 11:00:00,0.0
2030-04-06 11:15:00,0.0
2030-04-06 11:30:00,0.0
2030-04-06 11:45:00,0.0
2030-04-06 12:00:00,0.0
2030-04-06 12:15:00,0.0
2030-04-06 12:30:00,0.0
2030-04-06 12:45:00,0.0
2030-04-06 13:00:00,0.0
2030-04-06 13:15:00,0.0
2030-04-06 13:30:00,0.0
2030-04-06 13:45:00,0.0
2030-04-06 14:00:00,0.0
2030-04-06 14:15:00,0.0
2030-04-06 14:30:00,0.0
2030-04-06 14:45:00,0.0
2030-04-06 15:00:00,0.0
2030-04-06 15:15:00,0.0
2030-04-06 15:30:00,0.0
2030-04-06 15:45:00,0.0
2030-04-06 16:00:00,0.0
2030-04-06 16:15:00,0.0
2030-04-06 16:30:00,0.0
2030-04-06 16:45:00,0.0
2030-04-06 17:00:00,0.0
2030-04-06 17:15:00,0.0
2030-04-06 17:30:00,0.0
2030-04-06 17:45:00,0.0
2030-04-06 18:00:00,0.0
2030-04-06 18:15:00,0.0
2030-04-06 18:30:00,0.0
2030-04-06 18:45:00,0.0
2030-04-06 19:00:00,0.0
2030-04-06 19:15:00,0.0
2030-04-06 19:30:00,0.0
2030-04-06 19:45:00,0.0
2030-04-06 20:00:00,0.0
2030-04-06 20:15:00,0.0
2030-04-06 20:30:00,0.0
2030-04-06 20:45:00,0.0
2030-04-06 21:00:00,0.0
2030-04-06 21:15:00,0.0
2030-04-06 21:30:00,0.0
2030-04-06 21:45:00,0.0
2030-04-06 22:00:00,0.0
2030-04-06 22:15:00,0.0
2030-04-06 22:30:00,0.0
2030-04-06 22:45:00,0.0
2030-04-06 23:00:00,0.0
2030-04-06 23:15:00,0.0
2030-04-06 23:30:00,0.0
2030-04-06 23:45:00,0.0
2030-04-07 00:00:00,0.0
2030-04-07 00:15:00,0.0
2030-04-07 00:30:00,0.0
2030-04-07 00:45:00,0.0
2030-04-07 01:00:00,0.0
2030-04-07 01:15:00,0.0
2030-04-07 01:30:00,0.0
2030-04-07 01:45:00,0.0
2030-04-07 02:00:00,0.0
2030-04-07 02:15:00,0.0
2030-04-07 02:30:00,0.0
2030-04-07 02:45:00,0.0
2030-04-07 03:00:00,0.0
2030-04-07 03:15:00,0.0
2030-04-07 03:30:00,0.0
2030-04-07 03:45:00,0.0
2030-04-07 04:00:00,0.0
2030-04-07 04:15:00,0.0
2030-04-07 04:30:00,0.0
2030-04-07 04:45:00,0.0
2030-04-07 05:00:00,0.0
2030-04-07 05:15:00,0.0
2030-04-07 05:30:00,0.0
2030-04-07 05:45:00,0.0
2030-04-07 06:00:00,0.0
2030-04-07 06:15:00,0.0
2030-04-07 06:30:00,0.0
2030-04-07 06:45:00,0.0
2030-04-07 07:00:00,0.0
2030-04-07 07:15:00,0.0
2030-04-07 07:30:00,0.0
2030-04-07 07:45:00,0.0
2030-04-07 08:00:00,0.0
2030-04-07 08:15:00,0.0
2030-04-07 08:30:00,0.0
2030-04-07 08:45:00,0.0
2030-04-07 09:00:00,0.0
2030-04-07 09:15:00,0.0
2030-04-07 09:30:00,0.0
2030-04-07 09:45:00,0.0
2030-04-07 10:00:00,0.0
2030-04-07 10:15:00,0.0
2030-04-07 10:30:00,0.0
2030-04-07 10:45:00,0.0
2030-04-07 11:00:00,0.0
2030-04-07 11:15:00,0.0
2030-04-07 11:30:00,0.0
2030-04-07 11:45:00,0.0
2030-04-07 12:00:00,0.0
2030-04-07 12:15:00,0.0
2030-04-07 12:30:00,0.0
2030-04-07 12:45:00,0.0
2030-04-07 13:00:00,0.0
2030-04-07 13:15:00,0.0
2030-04-07 13:30:00,0.0
2030-04-07 13:45:00,0.0
2030-04-07 14:00:00,0.0
2030-04-07 14:15:00,0.0
2030-04-07 14:30:00,0.0
2030-04-07 14:45:00,0.0
2030-04-07 15:00:00,0.0
2030-04-07 15:15:00,0.0
2030-04-07 15:30:00,0.0
2030-04-07 15:45:00,0.0
2030-04-07 16:00:00,0.0
2030-04-07 16:15:00,0.0
2030-04-07 16:30:00,0.0
2030-04-07 16:45:00,0.0
2030-04-07 17:00:00,0.0
2030-04-07 17:15:00,0.0
2030-04-07 17:30:00,0.0
2030-04-07 17:45:00,0.0
2030-04-07 18:00:00,0.0
2030-04-07 18:15:00,0.0
2030-04-07 18:30:00,0.0
2030-04-07 18:45:00,0.0
2030-04-07 19:00:00,0.0
2030-04-07 19:15:00,0.0
2030-04-07 19:30:00,0.0
2030-04-07 19:45:00,0.0
2030-04-07 20:00:00,0.0
2030-04-07 20:15:00,0.0
2030-04-07 20:30:00,0.0
2030-04-07 20:45:00,0.0
2030-04-07 21:00:00,0.0
2030-04-07 21:15:00,0.0
2030-04-07 21:30:00,0.0
2030-04-07 21:45:00,0.0
2030-04-07 22:00:00,0.0
2030-04-07 22:15:00,0.0
2030-04-07 22:30:00,0.0
2030-04-07 22:45:00,0.0
2030-04-07 23:00:00,0.0
2030-04-07 23:15:00,0.0
2030-04-07 23:30:00,0.0
2030-04-07 23:45:00,0.0
2030-04-08 00:00:00,0.0
2030-04-08 00:15:00,0.0
2030-04-08 00:30:00,0.0
2030-04-08 00:45:00,0.0
2030-04-08 01:00:00,0.0
2030-04-08 01:15:00,0.0
2030-04-08 01:30:00,0.0
2030-04-08 01:45:00,0.0
2030-04-08 02:00:00,0.0
2030-04-08 02:15:00,0.0
2030-04-08 02:30:00,0.0
2030-04-08 02:45:00,0.0
2030-04-08 03:00:00,0.0
2030-04-08 03:15:00,0.0
2030-04-08 03:30:00,0.0
2030-04-08 03:45:00,0.0
2030-04-08 04:00:00,0.0
2030-04-08 04:15:00,0.0
2030-04-08 04:30:00,0.0
2030-04-08 04:45:00,0.0
2030-04-08 05:00:00,0.0
2030-04-08 05:15:00,0.0
2030-04-08 05:30:00,0.0
2030-04-08 05:45:00,0.0
2030-04-08 06:00:00,0.0
2030-04-08 06:15:00,0.0
2030-04-08 06:30:00,0.0
2030-04-08 06:45:00,0.0
2030-04-08 07:00:00,0.0
2030-04-08 07:15:00,0.0
2030-04-08 07:30:00,0.0
2030-04-08 07:45:00,0.0
2030-04-08 08:00:00,0.0
2030-04-08 08:15:00,0.0
2030-04-08 08:30:00,0.0
2030-04-08 08:45:00,0.0
2030-04-08 09:00:00,0.0
2030-04-08 09:15:00,0.0
2030-04-08 09:30:00,0.0
2030-04-08 09:45:00,0.0
2030-04-08 10:00:00,0.0
2030-04-08 10:15:00,0.0
2030-04-08 10:30:00,0.0
2030-04-08 10:45:00,0.0
2030-04-08 11:00:00,0.0
2030-04-08 11:15:00,0.0
2030-04-08 11:30:00,0.0
2030-04-08 11:45:00,0.0
2030-04-08 12:00:00,0.0
2030-04-08 12:15:00,0.0
2030-04-08 12:30:00,0.0
2030-04-08 12:45:00,0.0
2030-04-08 13:00:00,0.0
2030-04-08 13:15:00,0.0
2030-04-08 13:30:00,0.0
2030-04-08 13:45:00,0.0
2030-04-08 14:00:00,0.0
2030-04-08 14:15:00,0.0
2030-04-08 14:30:00,0.0
2030-04-08 14:45:00,0.0
2030-04-08 15:00:00,0.0
2030-04-08 15:15:00,0.0
2030-04-08 15:30:00,0.0
2030-04-08 15:45:00,0.0
2030-04-08 16:00:00,0.0
2030-04-08 16:15:00,0.0
2030-04-08 16:30:00,0.0
2030-04-08 16:45:00,0.0
2030-04-08 17:00:00,0.0
2030-04-08 17:15:00,0.0
2030-04-08 17:30:00,0.0
2030-04-08 17:45:00,0.0
2030-04-08 18:00:00,0.0
2030-04-08 18:15:00,0.0
2030-04-08 18:30:00,0.0
2030-04-08 18:45:00,0.0
2030-04-08 19:00:00,0.0
2030-04-08 19:15:00,0.0
2030-04-08 19:30:00,0.0
2030-04-08 19:45:00,0.0
2030-04-08 20:00:00,0.0
2030-04-08 20:15:00,0.0
2030-04-08 20:30:00,0.0
2030-04-08 20:45:00,0.0
2030-04-08 21:00:00,0.0
2030-04-08 21:15:00,0.0
2030-04-08 21:30:00,0.0
2030-04-08 21:45:00,0.0
2030-04-08 22:00:00,0.0
2030-04-08 22:15:00,0.0
2030-04-08 22:30:00,0.0
2030-04-08 22:45:00,0.0
2030-04-08 23:00:00,0.0
2030-04-08 23:15:00,0.0
2030-04-08 23:30:00,0.0
2030-04-08 23:45:00,0.0
2030-04-09 00:00:00,0.0
2030-04-09 00:15:00,0.0
2030-04-09 00:30:00,0.0
2030-04-09 00:45:00,0.0
2030-04-09 01:00:00,0.0
2030-04-09 01:15:00,0.0
2030-04-09 01:30:00,0.0
2030-04-09 01:45:00,0.0
2030-04-09 02:00:00,0.0
2030-04-09 02:15:00,0.0
2030-04-09 02:30:00,0.0
2030-04-09 02:45:00,0.0
2030-04-09 03:00:00,0.0
2030-04-09 03:15:00,0.0
2030-04-09 03:30:00,0.0
2030-04-09 03:45:00,0.0
2030-04-09 04:00:00,0.0
2030-04-09 04:15:00,0.0
2030-04-09 04:30:00,0.0
2030-04-09 04:45:00,0.0
2030-04-09 05:00:00,0.0
2030-04-09 05:15:00,0.0
2030-04-09 05:30:00,0.0
2030-04-09 05:45:00,0.0
2030-04-09 06:00:00,0.0
2030-04-09 06:15:00,0.0
2030-04-09 06:30:00,0.0
2030-04-09 06:45:00,0.0
2030-04-09 07:00:00,0.0
2030-04-09 07:15:00,0.0
2030-04-09 07:30:00,0.0
2030-04-09 07:45:00,0.0
2030-04-09 08:00:00,0.0
2030-04-09 08:15:00,0.0
2030-04-09 08:30:00,0.0
2030-04-09 08:45:00,0.0
2030-04-09 09:00:00,0.0
2030-04-09 09:15:00,0.0
2030-04-09 09:30:00,0.0
2030-04-09 09:45:00,0.0
2030-04-09 10:00:00,0.0
2030-04-09 10:15:00,0.0
2030-04-09 10:30:00,0.0
2030-04-09 10:45:00,0.0
2030-04-09 11:00:00,0.0
2030-04-09 11:15:00,0.0
2030-04-09 11:30:00,0.0
2030-04-09 11:45:00,0.0
2030-04-09 12:00:00,0.0
2030-04-09 12:15:00,0.0
2030-04-09 12:30:00,0.0
2030-04-09 12:45:00,0.0
2030-04-09 13:00:00,0.0
2030-04-09 13:15:00,0.0
2030-04-09 13:30:00,0.0
2030-04-09 13:45:00,0.0
2030-04-09 14:00:00,0.0
2030-04-09 14:15:00,0.0
2030-04-09 14:30:00,0.0
2030-04-09 14:45:00,0.0
2030-04-09 15:00:00,0.0
2030-04-09 15:15:00,0.0
2030-04-09 15:30:00,0.0
2030-04-09 15:45:00,0.0
2030-04-09 16:00:00,0.0
2030-04-09 16:15:00,0.0
2030-04-09 16:30:00,0.0
2030-04-09 16:45:00,0.0
2030-04-09 17:00:00,0.0
2030-04-09 17:15:00,0.0
2030-04-09 17:30:00,0.0
2030-04-09 17:45:00,0.0
2030-04-09 18:00:00,0.0
2030-04-09 18:15:00,0.0
2030-04-09 18:30:00,0.0
2030-04-09 18:45:00,0.0
2030-04-09 19:00:00,0.0
2030-04-09 19:15:00,0.0
2030-04-09 19:30:00,0.0
2030-04-09 19:45:00,0.0
2030-04-09 20:00:00,0.0
2030-04-09 20:15:00,0.0
2030-04-09 20:30:00,0.0
2030-04-09 20:45:00,0.0
2030-04-09 21:00:00,0.0
2030-04-09 21:15:00,0.0
2030-04-09 21:30:00,0.0
2030-04-09 21:45:00,0.0
2030-04-09 22:00:00,0.0
2030-04-09 22:15:00,0.0
2030-04-09 22:30:00,0.0
2030-04-09 22:45:00,0.0
2030-04-09 23:00:00,0.0
2030-04-09 23:15:00,0.0
2030-04-09 23:30:00,0.0
2030-04-09 23:45:00,0.0
2030-04-10 00:00:00,0.0
2030-04-10 00:15:00,0.0
2030-04-10 00:30:00,0.0
2030-04-10 00:45:00,0.0
2030-04-10 01:00:00,0.0
2030-04-10 01:15:00,0.0
2030-04-10 01:30:00,0.0
2030-04-10 01:45:00,0.0
2030-04-10 02:00:00,0.0
2030-04-10 02:15:00,0.0
2030-04-10 02:30:00,0.0
2030-04-10 02:45:00,0.0
2030-04-10 03:00:00,0.0
2030-04-10 03:15:00,0.0
2030-04-10 03:30:00,0.0
2030-04-10 03:45:00,0.0
2030-04-10 04:00:00,0.0
2030-04-10 04:15:00,0.0
2030-04-10 04:30:00,0.0
2030-04-10 04:45:00,0.0
2030-04-10 05:00:00,0.0
2030-04-10 05:15:00,0.0
2030-04-10 05:30:00,0.0
2030-04-10 05:45:00,0.0
2030-04-10 06:00:00,0.0
2030-04-10 06:15:00,0.0
2030-04-10 06:30:00,0.0
2030-04-10 06:45:00,0.0
2030-04-10 07:00:00,0.0
2030-04-10 07:15:00,0.0
2030-04-10 07:30:00,0.0
2030-04-10 07:45:00,0.0
2030-04-10 08:00:00,0.0
2030-04-10 08:15:00,0.0
2030-04-10 08:30:00,0.0
2030-04-10 08:45:00,0.0
2030-04-10 09:00:00,0.0
2030-04-10 09:15:00,0.0
2030-04-10 09:30:00,0.0
2030-04-10 09:45:00,0.0
2030-04-10 10:00:00,0.0
2030-04-10 10:15:00,0.0
2030-04-10 10:30:00,0.0
2030-04-10 10:45:00,0.0
2030-04-10 11:00:00,0.0
2030-04-10 11:15:00,0.0
2030-04-10 11:30:00,0.0
2030-04-10 11:45:00,0.0
2030-04-10 12:00:00,0.0
2030-04-10 12:15:00,0.0
2030-04-10 12:30:00,0.0
2030-04-10 12:45:00,0.0
2030-04-10 13:00:00,0.0
2030-04-10 13:15:00,0.0
2030-04-10 13:30:00,0.0
2030-04-10 13:45:00,0.0
2030-04-10 14:00:00,0.0
2030-04-10 14:15:00,0.0
2030-04-10 14:30:00,0.0
2030-04-10 14:45:00,0.0
2030-04-10 15:00:00,0.0
2030-04-10 15:15:00,0.0
2030-04-10 15:30:00,0.0
2030-04-10 15:45:00,0.0
2030-04-10 16:00:00,0.0
2030-04-10 16:15:00,0.0
2030-04-10 16:30:00,0.0
2030-04-10 16:45:00,0.0
2030-04-10 17:00:00,0.0
2030-04-10 17:15:00,0.0
2030-04-10 17:30:00,0.0
2030-04-10 17:45:00,0.0
2030-04-10 18:00:00,0.0
2030-04-10 18:15:00,0.0
2030-04-10 18:30:00,0.0
2030-04-10 18:45:00,0.0
2030-04-10 19:00:00,0.0
2030-04-10 19:15:00,0.0
2030-04-10 19:30:00,0.0
2030-04-10 19:45:00,0.0
2030-04-10 20:00:00,0.0
2030-04-10 20:15:00,0.0
2030-04-10 20:30:00,0.0
2030-04-10 20:45:00,0.0
2030-04-10 21:00:00,0.0
2030-04-10 21:15:00,0.0
2030-04-10 21:30:00,0.0
2030-04-10 21:45:00,0.0
2030-04-10 22:00:00,0.0
2030-04-10 22:15:00,0.0
2030-04-10 22:30:00,0.0
2030-04-10 22:45:00,0.0
2030-04-10 23:00:00,0.0
2030-04-10 23:15:00,0.0
2030-04-10 23:30:00,0.0
2030-04-10 23:45:00,0.0
2030-04-11 00:00:00,0.0
2030-04-11 00:15:00,0.0
2030-04-11 00:30:00,0.0
2030-04-11 00:45:00,0.0
2030-04-11 01:00:00,0.0
2030-04-11 01:15:00,0.0
2030-04-11 01:30:00,0.0
2030-04-11 01:45:00,0.0
2030-04-11 02:00:00,0.0
2030-04-11 02:15:00,0.0
2030-04-11 02:30:00,0.0
2030-04-11 02:45:00,0.0
2030-04-11 03:00:00,0.0
2030-04-11 03:15:00,0.0
2030-04-11 03:30:00,0.0
2030-04-11 03:45:00,0.0
2030-04-11 04:00:00,0.0
2030-04-11 04:15:00,0.0
2030-04-11 04:30:00,0.0
2030-04-11 04:45:00,0.0
2030-04-11 05:00:00,0.0
2030-04-11 05:15:00,0.0
2030-04-11 05:30:00,0.0
2030-04-11 05:45:00,0.0
2030-04-11 06:00:00,0.0
2030-04-11 06:15:00,0.0
2030-04-11 06:30:00,0.0
2030-04-11 06:45:00,0.0
2030-04-11 07:00:00,0.0
2030-04-11 07:15:00,0.0
2030-04-11 07:30:00,0.0
2030-04-11 07:45:00,0.0
2030-04-11 08:00:00,0.0
2030-04-11 08:15:00,0.0
2030-04-11 08:30:00,0.0
2030-04-11 08:45:00,0.0
2030-04-11 09:00:00,0.0
2030-04-11 09:15:00,0.0
2030-04-11 09:30:00,0.0
2030-04-11 09:45:00,0.0
2030-04-11 10:00:00,0.0
2030-04-11 10:15:00,0.0
2030-04-11 10:30:00,0.0
2030-04-11 10:45:00,0.0
2030-04-11 11:00:00,0.0
2030-04-11 11:15:00,0.0
2030-04-11 11:30:00,0.0
2030-04-11 11:45:00,0.0
2030-04-11 12:00:00,0.0
2030-04-11 12:15:00,0.0
2030-04-11 12:30:00,0.0
2030-04-11 12:45:00,0.0
2030-04-11 13:00:00,0.0
2030-04-11 13:15:00,0.0
2030-04-11 13:30:00,0.0
2030-04-11 13:45:00,0.0
2030-04-11 14:00:00,0.0
2030-04-11 14:15:00,0.0
2030-04-11 14:30:00,0.0
2030-04-11 14:45:00,0.0
2030-04-11 15:00:00,0.0
2030-04-11 15:15:00,0.0
2030-04-11 15:30:00,0.0
2030-04-11 15:45:00,0.0
2030-04-11 16:00:00,0.0
2030-04-11 16:15:00,0.0
2030-04-11 16:30:00,0.0
2030-04-11 16:45:00,0.0
2030-04-11 17:00:00,0.0
2030-04-11 17:15:00,0.0
2030-04-11 17:30:00,0.0
2030-04-11 17:45:00,0.0
2030-04-11 18:00:00,0.0
2030-04-11 18:15:00,0.0
2030-04-11 18:30:00,0.0
2030-04-11 18:45:00,0.0
2030-04-11 19:00:00,0.0
2030-04-11 19:15:00,0.0
2030-04-11 19:30:00,0.0
2030-04-11 19:45:00,0.0
2030-04-11 20:00:00,0.0
2030-04-11 20:15:00,0.0
2030-04-11 20:30:00,0.0
2030-04-11 20:45:00,0.0
2030-04-11 21:00:00,0.0
2030-04-11 21:15:00,0.0
2030-04-11 21:30:00,0.0
2030-04-11 21:45:00,0.0
2030-04-11 22:00:00,0.0
2030-04-11 22:15:00,0.0
2030-04-11 22:30:00,0.0
2030-04-11 22:45:00,0.0
2030-04-11 23:00:00,0.0
2030-04-11 23:15:00,0.0
2030-04-11 23:30:00,0.0
2030-04-11 23:45:00,0.0
2030-04-12 00:00:00,0.0
2030-04-12 00:15:00,0.0
2030-04-12 00:30:00,0.0
2030-04-12 00:45:00,0.0
2030-04-12 01:00:00,0.0
2030-04-12 01:15:00,0.0
2030-04-12 01:30:00,0.0
2030-04-12 01:45:00,0.0
2030-04-12 02:00:00,0.0
2030-04-12 02:15:00,0.0
2030-04-12 02:30:00,0.0
2030-04-12 02:45:00,0.0
2030-04-12 03:00:00,0.0
2030-04-12 03:15:00,0.0
2030-04-12 03:30:00,0.0
2030-04-12 03:45:00,0.0
2030-04-12 04:00:00,0.0
2030-04-12 04:15:00,0.0
2030-04-12 04:30:00,0.0
2030-04-12 04:45:00,0.0
2030-04-12 05:00:00,0.0
2030-04-12 05:15:00,0.0
2030-04-12 05:30:00,0.0
2030-04-12 05:45:00,0.0
2030-04-12 06:00:00,0.0
2030-04-12 06:15:00,0.0
2030-04-12 06:30:00,0.0
2030-04-12 06:45:00,0.0
2030-04-12 07:00:00,0.0
2030-04-12 07:15:00,0.0
2030-04-12 07:30:00,0.0
2030-04-12 07:45:00,0.0
2030-04-12 08:00:00,0.0
2030-04-12 08:15:00,0.0
2030-04-12 08:30:00,0.0
2030-04-12 08:45:00,0.0
2030-04-12 09:00:00,0.0
2030-04-12 09:15:00,0.0
2030-04-12 09:30:00,0.0
2030-04-12 09:45:00,0.0
2030-04-12 10:00:00,0.0
2030-04-12 10:15:00,0.0
2030-04-12 10:30:00,0.0
2030-04-12 10:45:00,0.0
2030-04-12 11:00:00,0.0
2030-04-12 11:15:00,0.0
2030-04-12 11:30:00,0.0
2030-04-12 11:45:00,0.0
2030-04-12 12:00:00,0.0
2030-04-12 12:15:00,0.0
2030-04-12 12:30:00,0.0
2030-04-12 12:45:00,0.0
2030-04-12 13:00:00,0.0
2030-04-12 13:15:00,0.0
2030-04-12 13:30:00,0.0
2030-04-12 13:45:00,0.0
2030-04-12 14:00:00,0.0
2030-04-12 14:15:00,0.0
2030-04-12 14:30:00,0.0
2030-04-12 14:45:00,0.0
2030-04-12 15:00:00,0.0
2030-04-12 15:15:00,0.0
2030-04-12 15:30:00,0.0
2030-04-12 15:45:00,0.0
2030-04-12 16:00:00,0.0
2030-04-12 16:15:00,0.0
2030-04-12 16:30:00,0.0
2030-04-12 16:45:00,0.0
2030-04-12 17:00:00,0.0
2030-04-12 17:15:00,0.0
2030-04-12 17:30:00,0.0
2030-04-12 17:45:00,0.0
2030-04-12 18:00:00,0.0
2030-04-12 18:15:00,0.0
2030-04-12 18:30:00,0.0
2030-04-12 18:45:00,0.0
2030-04-12 19:00:00,0.0
2030-04-12 19:15:00,0.0
2030-04-12 19:30:00,0.0
2030-04-12 19:45:00,0.0
2030-04-12 20:00:00,0.0
2030-04-12 20:15:00,0.0
2030-04-12 20:30:00,0.0
2030-04-12 20:45:00,0.0
2030-04-12 21:00:00,0.0
2030-04-12 21:15:00,0.0
2030-04-12 21:30:00,0.0
2030-04-12 21:45:00,0.0
2030-04-12 22:00:00,0.0
2030-04-12 22:15:00,0.0
2030-04-12 22:30:00,0.0
2030-04-12 22:45:00,0.0
2030-04-12 23:00:00,0.0
2030-04-12 23:15:00,0.0
2030-04-12 23:30:00,0.0
2030-04-12 23:45:00,0.0
2030-04-13 00:00:00,0.0
2030-04-13 00:15:00,0.0
2030-04-13 00:30:00,0.0
2030-04-13 00:45:00,0.0
2030-04-13 01:00:00,0.0
2030-04-13 01:15:00,0.0
2030-04-13 01:30:00,0.0
2030-04-13 01:45:00,0.0
2030-04-13 02:00:00,0.0
2030-04-13 02:15:00,0.0
2030-04-13 02:30:00,0.0
2030-04-13 02:45:00,0.0
2030-04-13 03:00:00,0.0
2030-04-13 03:15:00,0.0
2030-04-13 03:30:00,0.0
2030-04-13 03:45:00,0.0
2030-04-13 04:00:00,0.0
2030-04-13 04:15:00,0.0
2030-04-13 04:30:00,0.0
2030-04-13 04:45:00,0.0
2030-04-13 05:00:00,0.0
2030-04-13 05:15:00,0.0
2030-04-13 05:30:00,0.0
2030-04-13 05:45:00,0.0
2030-04-13 06:00:00,0.0
2030-04-13 06:15:00,0.0
2030-04-13 06:30:00,0.0
2030-04-13 06:45:00,0.0
2030-04-13 07:00:00,0.0
2030-04-13 07:15:00,0.0
2030-04-13 07:30:00,0.0
2030-04-13 07:45:00,0.0
2030-04-13 08:00:00,0.0
2030-04-13 08:15:00,0.0
2030-04-13 08:30:00,0.0
2030-04-13 08:45:00,0.0
2030-04-13 09:00:00,0.0
2030-04-13 09:15:00,0.0
2030-04-13 09:30:00,0.0
2030-04-13 09:45:00,0.0
2030-04-13 10:00:00,0.0
2030-04-13 10:15:00,0.0
2030-04-13 10:30:00,0.0
2030-04-13 10:45:00,0.0
2030-04-13 11:00:00,0.0
2030-04-13 11:15:00,0.0
2030-04-13 11:30:00,0.0
2030-04-13 11:45:00,0.0
2030-04-13 12:00:00,0.0
2030-04-13 12:15:00,0.0
2030-04-13 12:30:00,0.0
2030-04-13 12:45:00,0.0
2030-04-13 13:00:00,0.0
2030-04-13 13:15:00,0.0
2030-04-13 13:30:00,0.0
2030-04-13 13:45:00,0.0
2030-04-13 14:00:00,0.0
2030-04-13 14:15:00,0.0
2030-04-13 14:30:00,0.0
2030-04-13 14:45:00,0.0
2030-04-13 15:00:00,0.0
2030-04-13 15:15:00,0.0
2030-04-13 15:30:00,0.0
2030-04-13 15:45:00,0.0
2030-04-13 16:00:00,0.0
2030-04-13 16:15:00,0.0
2030-04-13 16:30:00,0.0
2030-04-13 16:45:00,0.0
2030-04-13 17:00:00,0.0
2030-04-13 17:15:00,0.0
2030-04-13 17:30:00,0.0
2030-04-13 17:45:00,0.0
2030-04-13 18:00:00,0.0
2030-04-13 18:15:00,0.0
2030-04-13 18:30:00,0.0
2030-04-13 18:45:00,0.0
2030-04-13 19:00:00,0.0
2030-04-13 19:15:00,0.0
2030-04-13 19:30:00,0.0
2030-04-13 19:45:00,0.0
2030-04-13 20:00:00,0.0
2030-04-13 20:15:00,0.0
2030-04-13 20:30:00,0.0
2030-04-13 20:45:00,0.0
2030-04-13 21:00:00,0.0
2030-04-13 21:15:00,0.0
2030-04-13 21:30:00,0.0
2030-04-13 21:45:00,0.0
2030-04-13 22:00:00,0.0
2030-04-13 22:15:00,0.0
2030-04-13 22:30:00,0.0
2030-04-13 22:45:00,0.0
2030-04-13 23:00:00,0.0
2030-04-13 23:15:00,0.0
2030-04-13 23:30:00,0.0
2030-04-13 23:45:00,0.0
2030-04-14 00:00:00,0.0
2030-04-14 00:15:00,0.0
2030-04-14 00:30:00,0.0
2030-04-14 00:45:00,0.0
2030-04-14 01:00:00,0.0
2030-04-14 01:15:00,0.0
2030-04-14 01:30:00,0.0
2030-04-14 01:45:00,0.0
2030-04-14 02:00:00,0.0
2030-04-14 02:15:00,0.0
2030-04-14 02:30:00,0.0
2030-04-14 02:45:00,0.0
2030-04-14 03:00:00,0.0
2030-04-14 03:15:00,0.0
2030-04-14 03:30:00,0.0
2030-04-14 03:45:00,0.0
2030-04-14 04:00:00,0.0
2030-04-14 04:15:00,0.0
2030-04-14 04:30:00,0.0
2030-04-14 04:45:00,0.0
2030-04-14 05:00:00,0.0
2030-04-14 05:15:00,0.0
2030-04-14 05:30:00,0.0
2030-04-14 05:45:00,0.0
2030-04-14 06:00:00,0.0
2030-04-14 06:15:00,0.0
2030-04-14 06:30:00,0.0
2030-04-14 06:45:00,0.0
2030-04-14 07:00:00,0.0
2030-04-14 07:15:00,0.0
2030-04-14 07:30:00,0.0
2030-04-14 07:45:00,0.0
2030-04-14 08:00:00,0.0
2030-04-14 08:15:00,0.0
2030-04-14 08:30:00,0.0
2030-04-14 08:45:00,0.0
2030-04-14 09:00:00,0.0
2030-04-14 09:15:00,0.0
2030-04-14 09:30:00,0.0
2030-04-14 09:45:00,0.0
2030-04-14 10:00:00,0.0
2030-04-14 10:15:00,0.0
2030-04-14 10:30:00,0.0
2030-04-14 10:45:00,0.0
2030-04-14 11:00:00,0.0
2030-04-14 11:15:00,0.0
2030-04-14 11:30:00,0.0
2030-04-14 11:45:00,0.0
2030-04-14 12:00:00,0.0
2030-04-14 12:15:00,0.0
2030-04-14 12:30:00,0.0
2030-04-14 12:45:00,0.0
2030-04-14 13:00:00,0.0
2030-04-14 13:15:00,0.0
2030-04-14 13:30:00,0.0
2030-04-14 13:45:00,0.0
2030-04-14 14:00:00,0.0
2030-04-14 14:15:00,0.0
2030-04-14 14:30:00,0.0
2030-04-14 14:45:00,0.0
2030-04-14 15:00:00,0.0
2030-04-14 15:15:00,0.0
2030-04-14 15:30:00,0.0
2030-04-14 15:45:00,0.0
2030-04-14 16:00:00,0.0
2030-04-14 16:15:00,0.0
2030-04-14 16:30:00,0.0
2030-04-14 16:45:00,0.0
2030-04-14 17:00:00,0.0
2030-04-14 17:15:00,0.0
2030-04-14 17:30:00,0.0
2030-04-14 17:45:00,0.0
2030-04-14 18:00:00,0.0
2030-04-14 18:15:00,0.0
2030-04-14 18:30:00,0.0
2030-04-14 18:45:00,0.0
2030-04-14 19:00:00,0.0
2030-04-14 19:15:00,0.0
2030-04-14 19:30:00,0.0
2030-04-14 19:45:00,0.0
2030-04-14 20:00:00,0.0
2030-04-14 20:15:00,0.0
2030-04-14 20:30:00,0.0
2030-04-14 20:45:00,0.0
2030-04-14 21:00:00,0.0
2030-04-14 21:15:00,0.0
2030-04-14 21:30:00,0.0
2030-04-14 21:45:00,0.0
2030-04-14 22:00:00,0.0
2030-04-14 22:15:00,0.0
2030-04-14 22:30:00,0.0
2030-04-14 22:45:00,0.0
2030-04-14 23:00:00,0.0
2030-04-14 23:15:00,0.0
2030-04-14 23:30:00,0.0
2030-04-14 23:45:00,0.0
2030-04-15 00:00:00,0.0
2030-04-15 00:15:00,0.0
2030-04-15 00:30:00,0.0
2030-04-15 00:45:00,0.0
2030-04-15 01:00:00,0.0
2030-04-15 01:15:00,0.0
2030-04-15 01:30:00,0.0
2030-04-15 01:45:00,0.0
2030-04-15 02:00:00,0.0
2030-04-15 02:15:00,0.0
2030-04-15 02:30:00,0.0
2030-04-15 02:45:00,0.0
2030-04-15 03:00:00,0.0
2030-04-15 03:15:00,0.0
2030-04-15 03:30:00,0.0
2030-04-15 03:45:00,0.0
2030-04-15 04:00:00,0.0
2030-04-15 04:15:00,0.0
2030-04-15 04:30:00,0.0
2030-04-15 04:45:00,0.0
2030-04-15 05:00:00,0.0
2030-04-15 05:15:00,0.0
2030-04-15 05:30:00,0.0
2030-04-15 05:45:00,0.0
2030-04-15 06:00:00,0.0
2030-04-15 06:15:00,0.0
2030-04-15 06:30:00,0.0
2030-04-15 06:45:00,0.0
2030-04-15 07:00:00,0.0
2030-04-15 07:15:00,0.0
2030-04-15 07:30:00,0.0
2030-04-15 07:45:00,0.0
2030-04-15 08:00:00,0.0
2030-04-15 08:15:00,0.0
2030-04-15 08:30:00,0.0
2030-04-15 08:45:00,0.0
2030-04-15 09:00:00,0.0
2030-04-15 09:15:00,0.0
2030-04-15 09:30:00,0.0
2030-04-15 09:45:00,0.0
2030-04-15 10:00:00,0.0
2030-04-15 10:15:00,0.0
2030-04-15 10:30:00,0.0
2030-04-15 10:45:00,0.0
2030-04-15 11:00:00,0.0
2030-04-15 11:15:00,0.0
2030-04-15 11:30:00,0.0
2030-04-15 11:45:00,0.0
2030-04-15 12:00:00,0.0
2030-04-15 12:15:00,0.0
2030-04-15 12:30:00,0.0
2030-04-15 12:45:00,0.0
2030-04-15 13:00:00,0.0
2030-04-15 13:15:00,0.0
2030-04-15 13:30:00,0.0
2030-04-15 13:45:00,0.0
2030-04-15 14:00:00,0.0
2030-04-15 14:15:00,0.0
2030-04-15 14:30:00,0.0
2030-04-15 14:45:00,0.0
2030-04-15 15:00:00,0.0
2030-04-15 15:15:00,0.0
2030-04-15 15:30:00,0.0
2030-04-15 15:45:00,0.0
2030-04-15 16:00:00,0.0
2030-04-15 16:15:00,0.0
2030-04-15 16:30:00,0.0
2030-04-15 16:45:00,0.0
2030-04-15 17:00:00,0.0
2030-04-15 17:15:00,0.0
2030-04-15 17:30:00,0.0
2030-04-15 17:45:00,0.0
2030-04-15 18:00:00,0.0
2030-04-15 18:15:00,0.0
2030-04-15 18:30:00,0.0
2030-04-15 18:45:00,0.0
2030-04-15 19:00:00,0.0
2030-04-15 19:15:00,0.0
2030-04-15 19:30:00,0.0
2030-04-15 19:45:00,0.0
2030-04-15 20:00:00,0.0
2030-04-15 20:15:00,0.0
2030-04-15 20:30:00,0.0
2030-04-15 20:45:00,0.0
2030-04-15 21:00:00,0.0
2030-04-15 21:15:00,0.0
2030-04-15 21:30:00,0.0
2030-04-15 21:45:00,0.0
2030-04-15 22:00:00,0.0
2030-04-15 22:15:00,0.0
2030-04-15 22:30:00,0.0
2030-04-15 22:45:00,0.0
2030-04-15 23:00:00,0.0
2030-04-15 23:15:00,0.0
2030-04-15 23:30:00,0.0
2030-04-15 23:45:00,0.0
2030-04-16 00:00:00,0.0
2030-04-16 00:15:00,0.0
2030-04-16 00:30:00,0.0
2030-04-16 00:45:00,0.0
2030-04-16 01:00:00,0.0
2030-04-16 01:15:00,0.0
2030-04-16 01:30:00,0.0
2030-04-16 01:45:00,0.0
2030-04-16 02:00:00,0.0
2030-04-16 02:15:00,0.0
2030-04-16 02:30:00,0.0
2030-04-16 02:45:00,0.0
2030-04-16 03:00:00,0.0
2030-04-16 03:15:00,0.0
2030-04-16 03:30:00,0.0
2030-04-16 03:45:00,0.0
2030-04-16 04:00:00,0.0
2030-04-16 04:15:00,0.0
2030-04-16 04:30:00,0.0
2030-04-16 04:45:00,0.0
2030-04-16 05:00:00,0.0
2030-04-16 05:15:00,0.0
2030-04-16 05:30:00,0.0
2030-04-16 05:45:00,0.0
2030-04-16 06:00:00,0.0
2030-04-16 06:15:00,0.0
2030-04-16 06:30:00,0.0
2030-04-16 06:45:00,0.0
2030-04-16 07:00:00,0.0
2030-04-16 07:15:00,0.0
2030-04-16 07:30:00,0.0
2030-04-16 07:45:00,0.0
2030-04-16 08:00:00,0.0
2030-04-16 08:15:00,0.0
2030-04-16 08:30:00,0.0
2030-04-16 08:45:00,0.0
2030-04-16 09:00:00,0.0
2030-04-16 09:15:00,0.0
2030-04-16 09:30:00,0.0
2030-04-16 09:45:00,0.0
2030-04-16 10:00:00,0.0
2030-04-16 10:15:00,0.0
2030-04-16 10:30:00,0.0
2030-04-16 10:45:00,0.0
2030-04-16 11:00:00,0.0
2030-04-16 11:15:00,0.0
2030-04-16 11:30:00,0.0
2030-04-16 11:45:00,0.0
2030-04-16 12:00:00,0.0
2030-04-16 12:15:00,0.0
2030-04-16 12:30:00,0.0
2030-04-16 12:45:00,0.0
2030-04-16 13:00:00,0.0
2030-04-16 13:15:00,0.0
2030-04-16 13:30:00,0.0
2030-04-16 13:45:00,0.0
2030-04-16 14:00:00,0.0
2030-04-16 14:15:00,0.0
2030-04-16 14:30:00,0.0
2030-04-16 14:45:00,0.0
2030-04-16 15:00:00,0.0
2030-04-16 15:15:00,0.0
2030-04-16 15:30:00,0.0
2030-04-16 15:45:00,0.0
2030-04-16 16:00:00,0.0
2030-04-16 16:15:00,0.0
2030-04-16 16:30:00,0.0
2030-04-16 16:45:00,0.0
2030-04-16 17:00:00,0.0
2030-04-16 17:15:00,0.0
2030-04-16 17:30:00,0.0
2030-04-16 17:45:00,0.0
2030-04-16 18:00:00,0.0
2030-04-16 18:15:00,0.0
2030-04-16 18:30:00,0.0
2030-04-16 18:45:00,0.0
2030-04-16 19:00:00,0.0
2030-04-16 19:15:00,0.0
2030-04-16 19:30:00,0.0
2030-04-16 19:45:00,0.0
2030-04-16 20:00:00,0.0
2030-04-16 20:15:00,0.0
2030-04-16 20:30:00,0.0
2030-04-16 20:45:00,0.0
2030-04-16 21:00:00,0.0
2030-04-16 21:15:00,0.0
2030-04-16 21:30:00,0.0
2030-04-16 21:45:00,0.0
2030-04-16 22:00:00,0.0
2030-04-16 22:15:00,0.0
2030-04-16 22:30:00,0.0
2030-04-16 22:45:00,0.0
2030-04-16 23:00:00,0.0
2030-04-16 23:15:00,0.0
2030-04-16 23:30:00,0.0
2030-04-16 23:45:00,0.0
2030-04-17 00:00:00,0.0
2030-04-17 00:15:00,0.0
2030-04-17 00:30:00,0.0
2030-04-17 00:45:00,0.0
2030-04-17 01:00:00,0.0
2030-04-17 01:15:00,0.0
2030-04-17 01:30:00,0.0
2030-04-17 01:45:00,0.0
2030-04-17 02:00:00,0.0
2030-04-17 02:15:00,0.0
2030-04-17 02:30:00,0.0
2030-04-17 02:45:00,0.0
2030-04-17 03:00:00,0.0
2030-04-17 03:15:00,0.0
2030-04-17 03:30:00,0.0
2030-04-17 03:45:00,0.0
2030-04-17 04:00:00,0.0
2030-04-17 04:15:00,0.0
2030-04-17 04:30:00,0.0
2030-04-17 04:45:00,0.0
2030-04-17 05:00:00,0.0
2030-04-17 05:15:00,0.0
2030-04-17 05:30:00,0.0
2030-04-17 05:45:00,0.0
2030-04-17 06:00:00,0.0
2030-04-17 06:15:00,0.0
2030-04-17 06:30:00,0.0
2030-04-17 06:45:00,0.0
2030-04-17 07:00:00,0.0
2030-04-17 07:15:00,0.0
2030-04-17 07:30:00,0.0
2030-04-17 07:45:00,0.0
2030-04-17 08:00:00,0.0
2030-04-17 08:15:00,0.0
2030-04-17 08:30:00,0.0
2030-04-17 08:45:00,0.0
2030-04-17 09:00:00,0.0
2030-04-17 09:15:00,0.0
2030-04-17 09:30:00,0.0
2030-04-17 09:45:00,0.0
2030-04-17 10:00:00,0.0
2030-04-17 10:15:00,0.0
2030-04-17 10:30:00,0.0
2030-04-17 10:45:00,0.0
2030-04-17 11:00:00,0.0
2030-04-17 11:15:00,0.0
2030-04-17 11:30:00,0.0
2030-04-17 11:45:00,0.0
2030-04-17 12:00:00,0.0
2030-04-17 12:15:00,0.0
2030-04-17 12:30:00,0.0
2030-04-17 12:45:00,0.0
2030-04-17 13:00:00,0.0
2030-04-17 13:15:00,0.0
2030-04-17 13:30:00,0.0
2030-04-17 13:45:00,0.0
2030-04-17 14:00:00,0.0
2030-04-17 14:15:00,0.0
2030-04-17 14:30:00,0.0
2030-04-17 14:45:00,0.0
2030-04-17 15:00:00,0.0
2030-04-17 15:15:00,0.0
2030-04-17 15:30:00,0.0
2030-04-17 15:45:00,0.0
2030-04-17 16:00:00,0.0
2030-04-17 16:15:00,0.0
2030-04-17 16:30:00,0.0
2030-04-17 16:45:00,0.0
2030-04-17 17:00:00,0.0
2030-04-17 17:15:00,0.0
2030-04-17 17:30:00,0.0
2030-04-17 17:45:00,0.0
2030-04-17 18:00:00,0.0
2030-04-17 18:15:00,0.0
2030-04-17 18:30:00,0.0
2030-04-17 18:45:00,0.0
2030-04-17 19:00:00,0.0
2030-04-17 19:15:00,0.0
2030-04-17 19:30:00,0.0
2030-04-17 19:45:00,0.0
2030-04-17 20:00:00,0.0
2030-04-17 20:15:00,0.0
2030-04-17 20:30:00,0.0
2030-04-17 20:45:00,0.0
2030-04-17 21:00:00,0.0
2030-04-17 21:15:00,0.0
2030-04-17 21:30:00,0.0
2030-04-17 21:45:00,0.0
2030-04-17 22:00:00,0.0
2030-04-17 22:15:00,0.0
2030-04-17 22:30:00,0.0
2030-04-17 22:45:00,0.0
2030-04-17 23:00:00,0.0
2030-04-17 23:15:00,0.0
2030-04-17 23:30:00,0.0
2030-04-17 23:45:00,0.0
2030-04-18 00:00:00,0.0
2030-04-18 00:15:00,0.0
2030-04-18 00:30:00,0.0
2030-04-18 00:45:00,0.0
2030-04-18 01:00:00,0.0
2030-04-18 01:15:00,0.0
2030-04-18 01:30:00,0.0
2030-04-18 01:45:00,0.0
2030-04-18 02:00:00,0.0
2030-04-18 02:15:00,0.0
2030-04-18 02:30:00,0.0
2030-04-18 02:45:00,0.0
2030-04-18 03:00:00,0.0
2030-04-18 03:15:00,0.0
2030-04-18 03:30:00,0.0
2030-04-18 03:45:00,0.0
2030-04-18 04:00:00,0.0
2030-04-18 04:15:00,0.0
2030-04-18 04:30:00,0.0
2030-04-18 04:45:00,0.0
2030-04-18 05:00:00,0.0
2030-04-18 05:15:00,0.0
2030-04-18 05:30:00,0.0
2030-04-18 05:45:00,0.0
2030-04-18 06:00:00,0.0
2030-04-18 06:15:00,0.0
2030-04-18 06:30:00,0.0
2030-04-18 06:45:00,0.0
2030-04-18 07:00:00,0.0
2030-04-18 07:15:00,0.0
2030-04-18 07:30:00,0.0
2030-04-18 07:45:00,0.0
2030-04-18 08:00:00,0.0
2030-04-18 08:15:00,0.0
2030-04-18 08:30:00,0.0
2030-04-18 08:45:00,0.0
2030-04-18 09:00:00,0.0
2030-04-18 09:15:00,0.0
2030-04-18 09:30:00,0.0
2030-04-18 09:45:00,0.0
2030-04-18 10:00:00,0.0
2030-04-18 10:15:00,0.0
2030-04-18 10:30:00,0.0
2030-04-18 10:45:00,0.0
2030-04-18 11:00:00,0.0
2030-04-18 11:15:00,0.0
2030-04-18 11:30:00,0.0
2030-04-18 11:45:00,0.0
2030-04-18 12:00:00,0.0
2030-04-18 12:15:00,0.0
2030-04-18 12:30:00,0.0
2030-04-18 12:45:00,0.0
2030-04-18 13:00:00,0.0
2030-04-18 13:15:00,0.0
2030-04-18 13:30:00,0.0
2030-04-18 13:45:00,0.0
2030-04-18 14:00:00,0.0
2030-04-18 14:15:00,0.0
2030-04-18 14:30:00,0.0
2030-04-18 14:45:00,0.0
2030-04-18 15:00:00,0.0
2030-04-18 15:15:00,0.0
2030-04-18 15:30:00,0.0
2030-04-18 15:45:00,0.0
2030-04-18 16:00:00,0.0
2030-04-18 16:15:00,0.0
2030-04-18 16:30:00,0.0
2030-04-18 16:45:00,0.0
2030-04-18 17:00:00,0.0
2030-04-18 17:15:00,0.0
2030-04-18 17:30:00,0.0
2030-04-18 17:45:00,0.0
2030-04-18 18:00:00,0.0
2030-04-18 18:15:00,0.0
2030-04-18 18:30:00,0.0
2030-04-18 18:45:00,0.0
2030-04-18 19:00:00,0.0
2030-04-18 19:15:00,0.0
2030-04-18 19:30:00,0.0
2030-04-18 19:45:00,0.0
2030-04-18 20:00:00,0.0
2030-04-18 20:15:00,0.0
2030-04-18 20:30:00,0.0
2030-04-18 20:45:00,0.0
2030-04-18 21:00:00,0.0
2030-04-18 21:15:00,0.0
2030-04-18 21:30:00,0.0
2030-04-18 21:45:00,0.0
2030-04-18 22:00:00,0.0
2030-04-18 22:15:00,0.0
2030-04-18 22:30:00,0.0
2030-04-18 22:45:00,0.0
2030-04-18 23:00:00,0.0
2030-04-18 23:15:00,0.0
2030-04-18 23:30:00,0.0
2030-04-18 23:45:00,0.0
2030-04-19 00:00:00,0.0
2030-04-19 00:15:00,0.0
2030-04-19 00:30:00,0.0
2030-04-19 00:45:00,0.0
2030-04-19 01:00:00,0.0
2030-04-19 01:15:00,0.0
2030-04-19 01:30:00,0.0
2030-04-19 01:45:00,0.0
2030-04-19 02:00:00,0.0
2030-04-19 02:15:00,0.0
2030-04-19 02:30:00,0.0
2030-04-19 02:45:00,0.0
2030-04-19 03:00:00,0.0
2030-04-19 03:15:00,0.0
2030-04-19 03:30:00,0.0
2030-04-19 03:45:00,0.0
2030-04-19 04:00:00,0.0
2030-04-19 04:15:00,0.0
2030-04-19 04:30:00,0.0
2030-04-19 04:45:00,0.0
2030-04-19 05:00:00,0.0
2030-04-19 05:15:00,0.0
2030-04-19 05:30:00,0.0
2030-04-19 05:45:00,0.0
2030-04-19 06:00:00,0.0
2030-04-19 06:15:00,0.0
2030-04-19 06:30:00,0.0
2030-04-19 06:45:00,0.0
2030-04-19 07:00:00,0.0
2030-04-19 07:15:00,0.0
2030-04-19 07:30:00,0.0
2030-04-19 07:45:00,0.0
2030-04-19 08:00:00,0.0
2030-04-19 08:15:00,0.0
2030-04-19 08:30:00,0.0
2030-04-19 08:45:00,0.0
2030-04-19 09:00:00,0.0
2030-04-19 09:15:00,0.0
2030-04-19 09:30:00,0.0
2030-04-19 09:45:00,0.0
2030-04-19 10:00:00,0.0
2030-04-19 10:15:00,0.0
2030-04-19 10:30:00,0.0
2030-04-19 10:45:00,0.0
2030-04-19 11:00:00,0.0
2030-04-19 11:15:00,0.0
2030-04-19 11:30:00,0.0
2030-04-19 11:45:00,0.0
2030-04-19 12:00:00,0.0
2030-04-19 12:15:00,0.0
2030-04-19 12:30:00,0.0
2030-04-19 12:45:00,0.0
2030-04-19 13:00:00,0.0
2030-04-19 13:15:00,0.0
2030-04-19 13:30:00,0.0
2030-04-19 13:45:00,0.0
2030-04-19 14:00:00,0.0
2030-04-19 14:15:00,0.0
2030-04-19 14:30:00,0.0
2030-04-19 14:45:00,0.0
2030-04-19 15:00:00,0.0
2030-04-19 15:15:00,0.0
2030-04-19 15:30:00,0.0
2030-04-19 15:45:00,0.0
2030-04-19 16:00:00,0.0
2030-04-19 16:15:00,0.0
2030-04-19 16:30:00,0.0
2030-04-19 16:45:00,0.0
2030-04-19 17:00:00,0.0
2030-04-19 17:15:00,0.0
2030-04-19 17:30:00,0.0
2030-04-19 17:45:00,0.0
2030-04-19 18:00:00,0.0
2030-04-19 18:15:00,0.0
2030-04-19 18:30:00,0.0
2030-04-19 18:45:00,0.0
2030-04-19 19:00:00,0.0
2030-04-19 19:15:00,0.0
2030-04-19 19:30:00,0.0
2030-04-19 19:45:00,0.0
2030-04-19 20:00:00,0.0
2030-04-19 20:15:00,0.0
2030-04-19 20:30:00,0.0
2030-04-19 20:45:00,0.0
2030-04-19 21:00:00,0.0
2030-04-19 21:15:00,0.0
2030-04-19 21:30:00,0.0
2030-04-19 21:45:00,0.0
2030-04-19 22:00:00,0.0
2030-04-19 22:15:00,0.0
2030-04-19 22:30:00,0.0
2030-04-19 22:45:00,0.0
2030-04-19 23:00:00,0.0
2030-04-19 23:15:00,0.0
2030-04-19 23:30:00,0.0
2030-04-19 23:45:00,0.0
2030-04-20 00:00:00,0.0
2030-04-20 00:15:00,0.0
2030-04-20 00:30:00,0.0
2030-04-20 00:45:00,0.0
2030-04-20 01:00:00,0.0
2030-04-20 01:15:00,0.0
2030-04-20 01:30:00,0.0
2030-04-20 01:45:00,0.0
2030-04-20 02:00:00,0.0
2030-04-20 02:15:00,0.0
2030-04-20 02:30:00,0.0
2030-04-20 02:45:00,0.0
2030-04-20 03:00:00,0.0
2030-04-20 03:15:00,0.0
2030-04-20 03:30:00,0.0
2030-04-20 03:45:00,0.0
2030-04-20 04:00:00,0.0
2030-04-20 04:15:00,0.0
2030-04-20 04:30:00,0.0
2030-04-20 04:45:00,0.0
2030-04-20 05:00:00,0.0
2030-04-20 05:15:00,0.0
2030-04-20 05:30:00,0.0
2030-04-20 05:45:00,0.0
2030-04-20 06:00:00,0.0
2030-04-20 06:15:00,0.0
2030-04-20 06:30:00,0.0
2030-04-20 06:45:00,0.0
2030-04-20 07:00:00,0.0
2030-04-20 07:15:00,0.0
2030-04-20 07:30:00,0.0
2030-04-20 07:45:00,0.0
2030-04-20 08:00:00,0.0
2030-04-20 08:15:00,0.0
2030-04-20 08:30:00,0.0
2030-04-20 08:45:00,0.0
2030-04-20 09:00:00,0.0
2030-04-20 09:15:00,0.0
2030-04-20 09:30:00,0.0
2030-04-20 09:45:00,0.0
2030-04-20 10:00:00,0.0
2030-04-20 10:15:00,0.0
2030-04-20 10:30:00,0.0
2030-04-20 10:45:00,0.0
2030-04-20 11:00:00,0.0
2030-04-20 11:15:00,0.0
2030-04-20 11:30:00,0.0
2030-04-20 11:45:00,0.0
2030-04-20 12:00:00,0.0
2030-04-20 12:15:00,0.0
2030-04-20 12:30:00,0.0
2030-04-20 12:45:00,0.0
2030-04-20 13:00:00,0.0
2030-04-20 13:15:00,0.0
2030-04-20 13:30:00,0.0
2030-04-20 13:45:00,0.0
2030-04-20 14:00:00,0.0
2030-04-20 14:15:00,0.0
2030-04-20 14:30:00,0.0
2030-04-20 14:45:00,0.0
2030-04-20 15:00:00,0.0
2030-04-20 15:15:00,0.0
2030-04-20 15:30:00,0.0
2030-04-20 15:45:00,0.0
2030-04-20 16:00:00,0.0
2030-04-20 16:15:00,0.0
2030-04-20 16:30:00,0.0
2030-04-20 16:45:00,0.0
2030-04-20 17:00:00,0.0
2030-04-20 17:15:00,0.0
2030-04-20 17:30:00,0.0
2030-04-20 17:45:00,0.0
2030-04-20 18:00:00,0.0
2030-04-20 18:15:00,0.0
2030-04-20 18:30:00,0.0
2030-04-20 18:45:00,0.0
2030-04-20 19:00:00,0.0
2030-04-20 19:15:00,0.0
2030-04-20 19:30:00,0.0
2030-04-20 19:45:00,0.0
2030-04-20 20:00:00,0.0
2030-04-20 20:15:00,0.0
2030-04-20 20:30:00,0.0
2030-04-20 20:45:00,0.0
2030-04-20 21:00:00,0.0
2030-04-20 21:15:00,0.0
2030-04-20 21:30:00,0.0
2030-04-20 21:45:00,0.0
2030-04-20 22:00:00,0.0
2030-04-20 22:15:00,0.0
2030-04-20 22:30:00,0.0
2030-04-20 22:45:00,0.0
2030-04-20 23:00:00,0.0
2030-04-20 23:15:00,0.0
2030-04-20 23:30:00,0.0
2030-04-20 23:45:00,0.0
2030-04-21 00:00:00,0.0
2030-04-21 00:15:00,0.0
2030-04-21 00:30:00,0.0
2030-04-21 00:45:00,0.0
2030-04-21 01:00:00,0.0
2030-04-21 01:15:00,0.0
2030-04-21 01:30:00,0.0
2030-04-21 01:45:00,0.0
2030-04-21 02:00:00,0.0
2030-04-21 02:15:00,0.0
2030-04-21 02:30:00,0.0
2030-04-21 02:45:00,0.0
2030-04-21 03:00:00,0.0
2030-04-21 03:15:00,0.0
2030-04-21 03:30:00,0.0
2030-04-21 03:45:00,0.0
2030-04-21 04:00:00,0.0
2030-04-21 04:15:00,0.0
2030-04-21 04:30:00,0.0
2030-04-21 04:45:00,0.0
2030-04-21 05:00:00,0.0
2030-04-21 05:15:00,0.0
2030-04-21 05:30:00,0.0
2030-04-21 05:45:00,0.0
2030-04-21 06:00:00,0.0
2030-04-21 06:15:00,0.0
2030-04-21 06:30:00,0.0
2030-04-21 06:45:00,0.0
2030-04-21 07:00:00,0.0
2030-04-21 07:15:00,0.0
2030-04-21 07:30:00,0.0
2030-04-21 07:45:00,0.0
2030-04-21 08:00:00,0.0
2030-04-21 08:15:00,0.0
2030-04-21 08:30:00,0.0
2030-04-21 08:45:00,0.0
2030-04-21 09:00:00,0.0
2030-04-21 09:15:00,0.0
2030-04-21 09:30:00,0.0
2030-04-21 09:45:00,0.0
2030-04-21 10:00:00,0.0
2030-04-21 10:15:00,0.0
2030-04-21 10:30:00,0.0
2030-04-21 10:45:00,0.0
2030-04-21 11:00:00,0.0
2030-04-21 11:15:00,0.0
2030-04-21 11:30:00,0.0
2030-04-21 11:45:00,0.0
2030-04-21 12:00:00,0.0
2030-04-21 12:15:00,0.0
2030-04-21 12:30:00,0.0
2030-04-21 12:45:00,0.0
2030-04-21 13:00:00,0.0
2030-04-21 13:15:00,0.0
2030-04-21 13:30:00,0.0
2030-04-21 13:45:00,0.0
2030-04-21 14:00:00,0.0
2030-04-21 14:15:00,0.0
2030-04-21 14:30:00,0.0
2030-04-21 14:45:00,0.0
2030-04-21 15:00:00,0.0
2030-04-21 15:15:00,0.0
2030-04-21 15:30:00,0.0
2030-04-21 15:45:00,0.0
2030-04-21 16:00:00,0.0
2030-04-21 16:15:00,0.0
2030-04-21 16:30:00,0.0
2030-04-21 16:45:00,0.0
2030-04-21 17:00:00,0.0
2030-04-21 17:15:00,0.0
2030-04-21 17:30:00,0.0
2030-04-21 17:45:00,0.0
2030-04-21 18:00:00,0.0
2030-04-21 18:15:00,0.0
2030-04-21 18:30:00,0.0
2030-04-21 18:45:00,0.0
2030-04-21 19:00:00,0.0
2030-04-21 19:15:00,0.0
2030-04-21 19:30:00,0.0
2030-04-21 19:45:00,0.0
2030-04-21 20:00:00,0.0
2030-04-21 20:15:00,0.0
2030-04-21 20:30:00,0.0
2030-04-21 20:45:00,0.0
2030-04-21 21:00:00,0.0
2030-04-21 21:15:00,0.0
2030-04-21 21:30:00,0.0
2030-04-21 21:45:00,0.0
2030-04-21 22:00:00,0.0
2030-04-21 22:15:00,0.0
2030-04-21 22:30:00,0.0
2030-04-21 22:45:00,0.0
2030-04-21 23:00:00,0.0
2030-04-21 23:15:00,0.0
2030-04-21 23:30:00,0.0
2030-04-21 23:45:00,0.0
2030-04-22 00:00:00,0.0
2030-04-22 00:15:00,0.0
2030-04-22 00:30:00,0.0
2030-04-22 00:45:00,0.0
2030-04-22 01:00:00,0.0
2030-04-22 01:15:00,0.0
2030-04-22 01:30:00,0.0
2030-04-22 01:45:00,0.0
2030-04-22 02:00:00,0.0
2030-04-22 02:15:00,0.0
2030-04-22 02:30:00,0.0
2030-04-22 02:45:00,0.0
2030-04-22 03:00:00,0.0
2030-04-22 03:15:00,0.0
2030-04-22 03:30:00,0.0
2030-04-22 03:45:00,0.0
2030-04-22 04:00:00,0.0
2030-04-22 04:15:00,0.0
2030-04-22 04:30:00,0.0
2030-04-22 04:45:00,0.0
2030-04-22 05:00:00,0.0
2030-04-22 05:15:00,0.0
2030-04-22 05:30:00,0.0
2030-04-22 05:45:00,0.0
2030-04-22 06:00:00,0.0
2030-04-22 06:15:00,0.0
2030-04-22 06:30:00,0.0
2030-04-22 06:45:00,0.0
2030-04-22 07:00:00,0.0
2030-04-22 07:15:00,0.0
2030-04-22 07:30:00,0.0
2030-04-22 07:45:00,0.0
2030-04-22 08:00:00,0.0
2030-04-22 08:15:00,0.0
2030-04-22 08:30:00,0.0
2030-04-22 08:45:00,0.0
2030-04-22 09:00:00,0.0
2030-04-22 09:15:00,0.0
2030-04-22 09:30:00,0.0
2030-04-22 09:45:00,0.0
2030-04-22 10:00:00,0.0
2030-04-22 10:15:00,0.0
2030-04-22 10:30:00,0.0
2030-04-22 10:45:00,0.0
2030-04-22 11:00:00,0.0
2030-04-22 11:15:00,0.0
2030-04-22 11:30:00,0.0
2030-04-22 11:45:00,0.0
2030-04-22 12:00:00,0.0
2030-04-22 12:15:00,0.0
2030-04-22 12:30:00,0.0
2030-04-22 12:45:00,0.0
2030-04-22 13:00:00,0.0
2030-04-22 13:15:00,0.0
2030-04-22 13:30:00,0.0
2030-04-22 13:45:00,0.0
2030-04-22 14:00:00,0.0
2030-04-22 14:15:00,0.0
2030-04-22 14:30:00,0.0
2030-04-22 14:45:00,0.0
2030-04-22 15:00:00,0.0
2030-04-22 15:15:00,0.0
2030-04-22 15:30:00,0.0
2030-04-22 15:45:00,0.0
2030-04-22 16:00:00,0.0
2030-04-22 16:15:00,0.0
2030-04-22 16:30:00,0.0
2030-04-22 16:45:00,0.0
2030-04-22 17:00:00,0.0
2030-04-22 17:15:00,0.0
2030-04-22 17:30:00,0.0
2030-04-22 17:45:00,0.0
2030-04-22 18:00:00,0.0
2030-04-22 18:15:00,0.0
2030-04-22 18:30:00,0.0
2030-04-22 18:45:00,0.0
2030-04-22 19:00:00,0.0
2030-04-22 19:15:00,0.0
2030-04-22 19:30:00,0.0
2030-04-22 19:45:00,0.0
2030-04-22 20:00:00,0.0
2030-04-22 20:15:00,0.0
2030-04-22 20:30:00,0.0
2030-04-22 20:45:00,0.0
2030-04-22 21:00:00,0.0
2030-04-22 21:15:00,0.0
2030-04-22 21:30:00,0.0
2030-04-22 21:45:00,0.0
2030-04-22 22:00:00,0.0
2030-04-22 22:15:00,0.0
2030-04-22 22:30:00,0.0
2030-04-22 22:45:00,0.0
2030-04-22 23:00:00,0.0
2030-04-22 23:15:00,0.0
2030-04-22 23:30:00,0.0
2030-04-22 23:45:00,0.0
2030-04-23 00:00:00,0.0
2030-04-23 00:15:00,0.0
2030-04-23 00:30:00,0.0
2030-04-23 00:45:00,0.0
2030-04-23 01:00:00,0.0
2030-04-23 01:15:00,0.0
2030-04-23 01:30:00,0.0
2030-04-23 01:45:00,0.0
2030-04-23 02:00:00,0.0
2030-04-23 02:15:00,0.0
2030-04-23 02:30:00,0.0
2030-04-23 02:45:00,0.0
2030-04-23 03:00:00,0.0
2030-04-23 03:15:00,0.0
2030-04-23 03:30:00,0.0
2030-04-23 03:45:00,0.0
2030-04-23 04:00:00,0.0
2030-04-23 04:15:00,0.0
2030-04-23 04:30:00,0.0
2030-04-23 04:45:00,0.0
2030-04-23 05:00:00,0.0
2030-04-23 05:15:00,0.0
2030-04-23 05:30:00,0.0
2030-04-23 05:45:00,0.0
2030-04-23 06:00:00,0.0
2030-04-23 06:15:00,0.0
2030-04-23 06:30:00,0.0
2030-04-23 06:45:00,0.0
2030-04-23 07:00:00,0.0
2030-04-23 07:15:00,0.0
2030-04-23 07:30:00,0.0
2030-04-23 07:45:00,0.0
2030-04-23 08:00:00,0.0
2030-04-23 08:15:00,0.0
2030-04-23 08:30:00,0.0
2030-04-23 08:45:00,0.0
2030-04-23 09:00:00,0.0
2030-04-23 09:15:00,0.0
2030-04-23 09:30:00,0.0
2030-04-23 09:45:00,0.0
2030-04-23 10:00:00,0.0
2030-04-23 10:15:00,0.0
2030-04-23 10:30:00,0.0
2030-04-23 10:45:00,0.0
2030-04-23 11:00:00,0.0
2030-04-23 11:15:00,0.0
2030-04-23 11:30:00,0.0
2030-04-23 11:45:00,0.0
2030-04-23 12:00:00,0.0
2030-04-23 12:15:00,0.0
2030-04-23 12:30:00,0.0
2030-04-23 12:45:00,0.0
2030-04-23 13:00:00,0.0
2030-04-23 13:15:00,0.0
2030-04-23 13:30:00,0.0
2030-04-23 13:45:00,0.0
2030-04-23 14:00:00,0.0
2030-04-23 14:15:00,0.0
2030-04-23 14:30:00,0.0
2030-04-23 14:45:00,0.0
2030-04-23 15:00:00,0.0
2030-04-23 15:15:00,0.0
2030-04-23 15:30:00,0.0
2030-04-23 15:45:00,0.0
2030-04-23 16:00:00,0.0
2030-04-23 16:15:00,0.0
2030-04-23 16:30:00,0.0
2030-04-23 16:45:00,0.0
2030-04-23 17:00:00,0.0
2030-04-23 17:15:00,0.0
2030-04-23 17:30:00,0.0
2030-04-23 17:45:00,0.0
2030-04-23 18:00:00,0.0
2030-04-23 18:15:00,0.0
2030-04-23 18:30:00,0.0
2030-04-23 18:45:00,0.0
2030-04-23 19:00:00,0.0
2030-04-23 19:15:00,0.0
2030-04-23 19:30:00,0.0
2030-04-23 19:45:00,0.0
2030-04-23 20:00:00,0.0
2030-04-23 20:15:00,0.0
2030-04-23 20:30:00,0.0
2030-04-23 20:45:00,0.0
2030-04-23 21:00:00,0.0
2030-04-23 21:15:00,0.0
2030-04-23 21:30:00,0.0
2030-04-23 21:45:00,0.0
2030-04-23 22:00:00,0.0
2030-04-23 22:15:00,0.0
2030-04-23 22:30:00,0.0
2030-04-23 22:45:00,0.0
2030-04-23 23:00:00,0.0
2030-04-23 23:15:00,0.0
2030-04-23 23:30:00,0.0
2030-04-23 23:45:00,0.0
2030-04-24 00:00:00,0.0
2030-04-24 00:15:00,0.0
2030-04-24 00:30:00,0.0
2030-04-24 00:45:00,0.0
2030-04-24 01:00:00,0.0
2030-04-24 01:15:00,0.0
2030-04-24 01:30:00,0.0
2030-04-24 01:45:00,0.0
2030-04-24 02:00:00,0.0
2030-04-24 02:15:00,0.0
2030-04-24 02:30:00,0.0
2030-04-24 02:45:00,0.0
2030-04-24 03:00:00,0.0
2030-04-24 03:15:00,0.0
2030-04-24 03:30:00,0.0
2030-04-24 03:45:00,0.0
2030-04-24 04:00:00,0.0
2030-04-24 04:15:00,0.0
2030-04-24 04:30:00,0.0
2030-04-24 04:45:00,0.0
2030-04-24 05:00:00,0.0
2030-04-24 05:15:00,0.0
2030-04-24 05:30:00,0.0
2030-04-24 05:45:00,0.0
2030-04-24 06:00:00,0.0
2030-04-24 06:15:00,0.0
2030-04-24 06:30:00,0.0
2030-04-24 06:45:00,0.0
2030-04-24 07:00:00,0.0
2030-04-24 07:15:00,0.0
2030-04-24 07:30:00,0.0
2030-04-24 07:45:00,0.0
2030-04-24 08:00:00,0.0
2030-04-24 08:15:00,0.0
2030-04-24 08:30:00,0.0
2030-04-24 08:45:00,0.0
2030-04-24 09:00:00,0.0
2030-04-24 09:15:00,0.0
2030-04-24 09:30:00,0.0
2030-04-24 09:45:00,0.0
2030-04-24 10:00:00,0.0
2030-04-24 10:15:00,0.0
2030-04-24 10:30:00,0.0
2030-04-24 10:45:00,0.0
2030-04-24 11:00:00,0.0
2030-04-24 11:15:00,0.0
2030-04-24 11:30:00,0.0
2030-04-24 11:45:00,0.0
2030-04-24 12:00:00,0.0
2030-04-24 12:15:00,0.0
2030-04-24 12:30:00,0.0
2030-04-24 12:45:00,0.0
2030-04-24 13:00:00,0.0
2030-04-24 13:15:00,0.0
2030-04-24 13:30:00,0.0
2030-04-24 13:45:00,0.0
2030-04-24 14:00:00,0.0
2030-04-24 14:15:00,0.0
2030-04-24 14:30:00,0.0
2030-04-24 14:45:00,0.0
2030-04-24 15:00:00,0.0
2030-04-24 15:15:00,0.0
2030-04-24 15:30:00,0.0
2030-04-24 15:45:00,0.0
2030-04-24 16:00:00,0.0
2030-04-24 16:15:00,0.0
2030-04-24 16:30:00,0.0
2030-04-24 16:45:00,0.0
2030-04-24 17:00:00,0.0
2030-04-24 17:15:00,0.0
2030-04-24 17:30:00,0.0
2030-04-24 17:45:00,0.0
2030-04-24 18:00:00,0.0
2030-04-24 18:15:00,0.0
2030-04-24 18:30:00,0.0
2030-04-24 18:45:00,0.0
2030-04-24 19:00:00,0.0
2030-04-24 19:15:00,0.0
2030-04-24 19:30:00,0.0
2030-04-24 19:45:00,0.0
2030-04-24 20:00:00,0.0
2030-04-24 20:15:00,0.0
2030-04-24 20:30:00,0.0
2030-04-24 20:45:00,0.0
2030-04-24 21:00:00,0.0
2030-04-24 21:15:00,0.0
2030-04-24 21:30:00,0.0
2030-04-24 21:45:00,0.0
2030-04-24 22:00:00,0.0
2030-04-24 22:15:00,0.0
2030-04-24 22:30:00,0.0
2030-04-24 22:45:00,0.0
2030-04-24 23:00:00,0.0
2030-04-24 23:15:00,0.0
2030-04-24 23:30:00,0.0
2030-04-24 23:45:00,0.0
2030-04-25 00:00:00,0.0
2030-04-25 00:15:00,0.0
2030-04-25 00:30:00,0.0
2030-04-25 00:45:00,0.0
2030-04-25 01:00:00,0.0
2030-04-25 01:15:00,0.0
2030-04-25 01:30:00,0.0
2030-04-25 01:45:00,0.0
2030-04-25 02:00:00,0.0
2030-04-25 02:15:00,0.0
2030-04-25 02:30:00,0.0
2030-04-25 02:45:00,0.0
2030-04-25 03:00:00,0.0
2030-04-25 03:15:00,0.0
2030-04-25 03:30:00,0.0
2030-04-25 03:45:00,0.0
2030-04-25 04:00:00,0.0
2030-04-25 04:15:00,0.0
2030-04-25 04:30:00,0.0
2030-04-25 04:45:00,0.0
2030-04-25 05:00:00,0.0
2030-04-25 05:15:00,0.0
2030-04-25 05:30:00,0.0
2030-04-25 05:45:00,0.0
2030-04-25 06:00:00,0.0
2030-04-25 06:15:00,0.0
2030-04-25 06:30:00,0.0
2030-04-25 06:45:00,0.0
2030-04-25 07:00:00,0.0
2030-04-25 07:15:00,0.0
2030-04-25 07:30:00,0.0
2030-04-25 07:45:00,0.0
2030-04-25 08:00:00,0.0
2030-04-25 08:15:00,0.0
2030-04-25 08:30:00,0.0
2030-04-25 08:45:00,0.0
2030-04-25 09:00:00,0.0
2030-04-25 09:15:00,0.0
2030-04-25 09:30:00,0.0
2030-04-25 09:45:00,0.0
2030-04-25 10:00:00,0.0
2030-04-25 10:15:00,0.0
2030-04-25 10:30:00,0.0
2030-04-25 10:45:00,0.0
2030-04-25 11:00:00,0.0
2030-04-25 11:15:00,0.0
2030-04-25 11:30:00,0.0
2030-04-25 11:45:00,0.0
2030-04-25 12:00:00,0.0
2030-04-25 12:15:00,0.0
2030-04-25 12:30:00,0.0
2030-04-25 12:45:00,0.0
2030-04-25 13:00:00,0.0
2030-04-25 13:15:00,0.0
2030-04-25 13:30:00,0.0
2030-04-25 13:45:00,0.0
2030-04-25 14:00:00,0.0
2030-04-25 14:15:00,0.0
2030-04-25 14:30:00,0.0
2030-04-25 14:45:00,0.0
2030-04-25 15:00:00,0.0
2030-04-25 15:15:00,0.0
2030-04-25 15:30:00,0.0
2030-04-25 15:45:00,0.0
2030-04-25 16:00:00,0.0
2030-04-25 16:15:00,0.0
2030-04-25 16:30:00,0.0
2030-04-25 16:45:00,0.0
2030-04-25 17:00:00,0.0
2030-04-25 17:15:00,0.0
2030-04-25 17:30:00,0.0
2030-04-25 17:45:00,0.0
2030-04-25 18:00:00,0.0
2030-04-25 18:15:00,0.0
2030-04-25 18:30:00,0.0
2030-04-25 18:45:00,0.0
2030-04-25 19:00:00,0.0
2030-04-25 19:15:00,0.0
2030-04-25 19:30:00,0.0
2030-04-25 19:45:00,0.0
2030-04-25 20:00:00,0.0
2030-04-25 20:15:00,0.0
2030-04-25 20:30:00,0.0
2030-04-25 20:45:00,0.0
2030-04-25 21:00:00,0.0
2030-04-25 21:15:00,0.0
2030-04-25 21:30:00,0.0
2030-04-25 21:45:00,0.0
2030-04-25 22:00:00,0.0
2030-04-25 22:15:00,0.0
2030-04-25 22:30:00,0.0
2030-04-25 22:45:00,0.0
2030-04-25 23:00:00,0.0
2030-04-25 23:15:00,0.0
2030-04-25 23:30:00,0.0
2030-04-25 23:45:00,0.0
2030-04-26 00:00:00,0.0
2030-04-26 00:15:00,0.0
2030-04-26 00:30:00,0.0
2030-04-26 00:45:00,0.0
2030-04-26 01:00:00,0.0
2030-04-26 01:15:00,0.0
2030-04-26 01:30:00,0.0
2030-04-26 01:45:00,0.0
2030-04-26 02:00:00,0.0
2030-04-26 02:15:00,0.0
2030-04-26 02:30:00,0.0
2030-04-26 02:45:00,0.0
2030-04-26 03:00:00,0.0
2030-04-26 03:15:00,0.0
2030-04-26 03:30:00,0.0
2030-04-26 03:45:00,0.0
2030-04-26 04:00:00,0.0
2030-04-26 04:15:00,0.0
2030-04-26 04:30:00,0.0
2030-04-26 04:45:00,0.0
2030-04-26 05:00:00,0.0
2030-04-26 05:15:00,0.0
2030-04-26 05:30:00,0.0
2030-04-26 05:45:00,0.0
2030-04-26 06:00:00,0.0
2030-04-26 06:15:00,0.0
2030-04-26 06:30:00,0.0
2030-04-26 06:45:00,0.0
2030-04-26 07:00:00,0.0
2030-04-26 07:15:00,0.0
2030-04-26 07:30:00,0.0
2030-04-26 07:45:00,0.0
2030-04-26 08:00:00,0.0
2030-04-26 08:15:00,0.0
2030-04-26 08:30:00,0.0
2030-04-26 08:45:00,0.0
2030-04-26 09:00:00,0.0
2030-04-26 09:15:00,0.0
2030-04-26 09:30:00,0.0
2030-04-26 09:45:00,0.0
2030-04-26 10:00:00,0.0
2030-04-26 10:15:00,0.0
2030-04-26 10:30:00,0.0
2030-04-26 10:45:00,0.0
2030-04-26 11:00:00,0.0
2030-04-26 11:15:00,0.0
2030-04-26 11:30:00,0.0
2030-04-26 11:45:00,0.0
2030-04-26 12:00:00,0.0
2030-04-26 12:15:00,0.0
2030-04-26 12:30:00,0.0
2030-04-26 12:45:00,0.0
2030-04-26 13:00:00,0.0
2030-04-26 13:15:00,0.0
2030-04-26 13:30:00,0.0
2030-04-26 13:45:00,0.0
2030-04-26 14:00:00,0.0
2030-04-26 14:15:00,0.0
2030-04-26 14:30:00,0.0
2030-04-26 14:45:00,0.0
2030-04-26 15:00:00,0.0
2030-04-26 15:15:00,0.0
2030-04-26 15:30:00,0.0
2030-04-26 15:45:00,0.0
2030-04-26 16:00:00,0.0
2030-04-26 16:15:00,0.0
2030-04-26 16:30:00,0.0
2030-04-26 16:45:00,0.0
2030-04-26 17:00:00,0.0
2030-04-26 17:15:00,0.0
2030-04-26 17:30:00,0.0
2030-04-26 17:45:00,0.0
2030-04-26 18:00:00,0.0
2030-04-26 18:15:00,0.0
2030-04-26 18:30:00,0.0
2030-04-26 18:45:00,0.0
2030-04-26 19:00:00,0.0
2030-04-26 19:15:00,0.0
2030-04-26 19:30:00,0.0
2030-04-26 19:45:00,0.0
2030-04-26 20:00:00,0.0
2030-04-26 20:15:00,0.0
2030-04-26 20:30:00,0.0
2030-04-26 20:45:00,0.0
2030-04-26 21:00:00,0.0
2030-04-26 21:15:00,0.0
2030-04-26 21:30:00,0.0
2030-04-26 21:45:00,0.0
2030-04-26 22:00:00,0.0
2030-04-26 22:15:00,0.0
2030-04-26 22:30:00,0.0
2030-04-26 22:45:00,0.0
2030-04-26 23:00:00,0.0
2030-04-26 23:15:00,0.0
2030-04-26 23:30:00,0.0
2030-04-26 23:45:00,0.0
2030-04-27 00:00:00,0.0
2030-04-27 00:15:00,0.0
2030-04-27 00:30:00,0.0
2030-04-27 00:45:00,0.0
2030-04-27 01:00:00,0.0
2030-04-27 01:15:00,0.0
2030-04-27 01:30:00,0.0
2030-04-27 01:45:00,0.0
2030-04-27 02:00:00,0.0
2030-04-27 02:15:00,0.0
2030-04-27 02:30:00,0.0
2030-04-27 02:45:00,0.0
2030-04-27 03:00:00,0.0
2030-04-27 03:15:00,0.0
2030-04-27 03:30:00,0.0
2030-04-27 03:45:00,0.0
2030-04-27 04:00:00,0.0
2030-04-27 04:15:00,0.0
2030-04-27 04:30:00,0.0
2030-04-27 04:45:00,0.0
2030-04-27 05:00:00,0.0
2030-04-27 05:15:00,0.0
2030-04-27 05:30:00,0.0
2030-04-27 05:45:00,0.0
2030-04-27 06:00:00,0.0
2030-04-27 06:15:00,0.0
2030-04-27 06:30:00,0.0
2030-04-27 06:45:00,0.0
2030-04-27 07:00:00,0.0
2030-04-27 07:15:00,0.0
2030-04-27 07:30:00,0.0
2030-04-27 07:45:00,0.0
2030-04-27 08:00:00,0.0
2030-04-27 08:15:00,0.0
2030-04-27 08:30:00,0.0
2030-04-27 08:45:00,0.0
2030-04-27 09:00:00,0.0
2030-04-27 09:15:00,0.0
2030-04-27 09:30:00,0.0
2030-04-27 09:45:00,0.0
2030-04-27 10:00:00,0.0
2030-04-27 10:15:00,0.0
2030-04-27 10:30:00,0.0
2030-04-27 10:45:00,0.0
2030-04-27 11:00:00,0.0
2030-04-27 11:15:00,0.0
2030-04-27 11:30:00,0.0
2030-04-27 11:45:00,0.0
2030-04-27 12:00:00,0.0
2030-04-27 12:15:00,0.0
2030-04-27 12:30:00,0.0
2030-04-27 12:45:00,0.0
2030-04-27 13:00:00,0.0
2030-04-27 13:15:00,0.0
2030-04-27 13:30:00,0.0
2030-04-27 13:45:00,0.0
2030-04-27 14:00:00,0.0
2030-04-27 14:15:00,0.0
2030-04-27 14:30:00,0.0
2030-04-27 14:45:00,0.0
2030-04-27 15:00:00,0.0
2030-04-27 15:15:00,0.0
2030-04-27 15:30:00,0.0
2030-04-27 15:45:00,0.0
2030-04-27 16:00:00,0.0
2030-04-27 16:15:00,0.0
2030-04-27 16:30:00,0.0
2030-04-27 16:45:00,0.0
2030-04-27 17:00:00,0.0
2030-04-27 17:15:00,0.0
2030-04-27 17:30:00,0.0
2030-04-27 17:45:00,0.0
2030-04-27 18:00:00,0.0
2030-04-27 18:15:00,0.0
2030-04-27 18:30:00,0.0
2030-04-27 18:45:00,0.0
2030-04-27 19:00:00,0.0
2030-04-27 19:15:00,0.0
2030-04-27 19:30:00,0.0
2030-04-27 19:45:00,0.0
2030-04-27 20:00:00,0.0
2030-04-27 20:15:00,0.0
2030-04-27 20:30:00,0.0
2030-04-27 20:45:00,0.0
2030-04-27 21:00:00,0.0
2030-04-27 21:15:00,0.0
2030-04-27 21:30:00,0.0
2030-04-27 21:45:00,0.0
2030-04-27 22:00:00,0.0
2030-04-27 22:15:00,0.0
2030-04-27 22:30:00,0.0
2030-04-27 22:45:00,0.0
2030-04-27 23:00:00,0.0
2030-04-27 23:15:00,0.0
2030-04-27 23:30:00,0.0
2030-04-27 23:45:00,0.0
2030-04-28 00:00:00,0.0
2030-04-28 00:15:00,0.0
2030-04-28 00:30:00,0.0
2030-04-28 00:45:00,0.0
2030-04-28 01:00:00,0.0
2030-04-28 01:15:00,0.0
2030-04-28 01:30:00,0.0
2030-04-28 01:45:00,0.0
2030-04-28 02:00:00,0.0
2030-04-28 02:15:00,0.0
2030-04-28 02:30:00,0.0
2030-04-28 02:45:00,0.0
2030-04-28 03:00:00,0.0
2030-04-28 03:15:00,0.0
2030-04-28 03:30:00,0.0
2030-04-28 03:45:00,0.0
2030-04-28 04:00:00,0.0
2030-04-28 04:15:00,0.0
2030-04-28 04:30:00,0.0
2030-04-28 04:45:00,0.0
2030-04-28 05:00:00,0.0
2030-04-28 05:15:00,0.0
2030-04-28 05:30:00,0.0
2030-04-28 05:45:00,0.0
2030-04-28 06:00:00,0.0
2030-04-28 06:15:00,0.0
2030-04-28 06:30:00,0.0
2030-04-28 06:45:00,0.0
2030-04-28 07:00:00,0.0
2030-04-28 07:15:00,0.0
2030-04-28 07:30:00,0.0
2030-04-28 07:45:00,0.0
2030-04-28 08:00:00,0.0
2030-04-28 08:15:00,0.0
2030-04-28 08:30:00,0.0
2030-04-28 08:45:00,0.0
2030-04-28 09:00:00,0.0
2030-04-28 09:15:00,0.0
2030-04-28 09:30:00,0.0
2030-04-28 09:45:00,0.0
2030-04-28 10:00:00,0.0
2030-04-28 10:15:00,0.0
2030-04-28 10:30:00,0.0
2030-04-28 10:45:00,0.0
2030-04-28 11:00:00,0.0
2030-04-28 11:15:00,0.0
2030-04-28 11:30:00,0.0
2030-04-28 11:45:00,0.0
2030-04-28 12:00:00,0.0
2030-04-28 12:15:00,0.0
2030-04-28 12:30:00,0.0
2030-04-28 12:45:00,0.0
2030-04-28 13:00:00,0.0
2030-04-28 13:15:00,0.0
2030-04-28 13:30:00,0.0
2030-04-28 13:45:00,0.0
2030-04-28 14:00:00,0.0
2030-04-28 14:15:00,0.0
2030-04-28 14:30:00,0.0
2030-04-28 14:45:00,0.0
2030-04-28 15:00:00,0.0
2030-04-28 15:15:00,0.0
2030-04-28 15:30:00,0.0
2030-04-28 15:45:00,0.0
2030-04-28 16:00:00,0.0
2030-04-28 16:15:00,0.0
2030-04-28 16:30:00,0.0
2030-04-28 16:45:00,0.0
2030-04-28 17:00:00,0.0
2030-04-28 17:15:00,0.0
2030-04-28 17:30:00,0.0
2030-04-28 17:45:00,0.0
2030-04-28 18:00:00,0.0
2030-04-28 18:15:00,0.0
2030-04-28 18:30:00,0.0
2030-04-28 18:45:00,0.0
2030-04-28 19:00:00,0.0
2030-04-28 19:15:00,0.0
2030-04-28 19:30:00,0.0
2030-04-28 19:45:00,0.0
2030-04-28 20:00:00,0.0
2030-04-28 20:15:00,0.0
2030-04-28 20:30:00,0.0
2030-04-28 20:45:00,0.0
2030-04-28 21:00:00,0.0
2030-04-28 21:15:00,0.0
2030-04-28 21:30:00,0.0
2030-04-28 21:45:00,0.0
2030-04-28 22:00:00,0.0
2030-04-28 22:15:00,0.0
2030-04-28 22:30:00,0.0
2030-04-28 22:45:00,0.0
2030-04-28 23:00:00,0.0
2030-04-28 23:15:00,0.0
2030-04-28 23:30:00,0.0
2030-04-28 23:45:00,0.0
2030-04-29 00:00:00,0.0
2030-04-29 00:15:00,0.0
2030-04-29 00:30:00,0.0
2030-04-29 00:45:00,0.0
2030-04-29 01:00:00,0.0
2030-04-29 01:15:00,0.0
2030-04-29 01:30:00,0.0
2030-04-29 01:45:00,0.0
2030-04-29 02:00:00,0.0
2030-04-29 02:15:00,0.0
2030-04-29 02:30:00,0.0
2030-04-29 02:45:00,0.0
2030-04-29 03:00:00,0.0
2030-04-29 03:15:00,0.0
2030-04-29 03:30:00,0.0
2030-04-29 03:45:00,0.0
2030-04-29 04:00:00,0.0
2030-04-29 04:15:00,0.0
2030-04-29 04:30:00,0.0
2030-04-29 04:45:00,0.0
2030-04-29 05:00:00,0.0
2030-04-29 05:15:00,0.0
2030-04-29 05:30:00,0.0
2030-04-29 05:45:00,0.0
2030-04-29 06:00:00,0.0
2030-04-29 06:15:00,0.0
2030-04-29 06:30:00,0.0
2030-04-29 06:45:00,0.0
2030-04-29 07:00:00,0.0
2030-04-29 07:15:00,0.0
2030-04-29 07:30:00,0.0
2030-04-29 07:45:00,0.0
2030-04-29 08:00:00,0.0
2030-04-29 08:15:00,0.0
2030-04-29 08:30:00,0.0
2030-04-29 08:45:00,0.0
2030-04-29 09:00:00,0.0
2030-04-29 09:15:00,0.0
2030-04-29 09:30:00,0.0
2030-04-29 09:45:00,0.0
2030-04-29 10:00:00,0.0
2030-04-29 10:15:00,0.0
2030-04-29 10:30:00,0.0
2030-04-29 10:45:00,0.0
2030-04-29 11:00:00,0.0
2030-04-29 11:15:00,0.0
2030-04-29 11:30:00,0.0
2030-04-29 11:45:00,0.0
2030-04-29 12:00:00,0.0
2030-04-29 12:15:00,0.0
2030-04-29 12:30:00,0.0
2030-04-29 12:45:00,0.0
2030-04-29 13:00:00,0.0
2030-04-29 13:15:00,0.0
2030-04-29 13:30:00,0.0
2030-04-29 13:45:00,0.0
2030-04-29 14:00:00,0.0
2030-04-29 14:15:00,0.0
2030-04-29 14:30:00,0.0
2030-04-29 14:45:00,0.0
2030-04-29 15:00:00,0.0
2030-04-29 15:15:00,0.0
2030-04-29 15:30:00,0.0
2030-04-29 15:45:00,0.0
2030-04-29 16:00:00,0.0
2030-04-29 16:15:00,0.0
2030-04-29 16:30:00,0.0
2030-04-29 16:45:00,0.0
2030-04-29 17:00:00,0.0
2030-04-29 17:15:00,0.0
2030-04-29 17:30:00,0.0
2030-04-29 17:45:00,0.0
2030-04-29 18:00:00,0.0
2030-04-29 18:15:00,0.0
2030-04-29 18:30:00,0.0
2030-04-29 18:45:00,0.0
2030-04-29 19:00:00,0.0
2030-04-29 19:15:00,0.0
2030-04-29 19:30:00,0.0
2030-04-29 19:45:00,0.0
2030-04-29 20:00:00,0.0
2030-04-29 20:15:00,0.0
2030-04-29 20:30:00,0.0
2030-04-29 20:45:00,0.0
2030-04-29 21:00:00,0.0
2030-04-29 21:15:00,0.0
2030-04-29 21:30:00,0.0
2030-04-29 21:45:00,0.0
2030-04-29 22:00:00,0.0
2030-04-29 22:15:00,0.0
2030-04-29 22:30:00,0.0
2030-04-29 22:45:00,0.0
2030-04-29 23:00:00,0.0
2030-04-29 23:15:00,0.0
2030-04-29 23:30:00,0.0
2030-04-29 23:45:00,0.0
2030-04-30 00:00:00,0.0
2030-04-30 00:15:00,0.0
2030-04-30 00:30:00,0.0
2030-04-30 00:45:00,0.0
2030-04-30 01:00:00,0.0
2030-04-30 01:15:00,0.0
2030-04-30 01:30:00,0.0
2030-04-30 01:45:00,0.0
2030-04-30 02:00:00,0.0
2030-04-30 02:15:00,0.0
2030-04-30 02:30:00,0.0
2030-04-30 02:45:00,0.0
2030-04-30 03:00:00,0.0
2030-04-30 03:15:00,0.0
2030-04-30 03:30:00,0.0
2030-04-30 03:45:00,0.0
2030-04-30 04:00:00,0.0
2030-04-30 04:15:00,0.0
2030-04-30 04:30:00,0.0
2030-04-30 04:45:00,0.0
2030-04-30 05:00:00,0.0
2030-04-30 05:15:00,0.0
2030-04-30 05:30:00,0.0
2030-04-30 05:45:00,0.0
2030-04-30 06:00:00,0.0
2030-04-30 06:15:00,0.0
2030-04-30 06:30:00,0.0
2030-04-30 06:45:00,0.0
2030-04-30 07:00:00,0.0
2030-04-30 07:15:00,0.0
2030-04-30 07:30:00,0.0
2030-04-30 07:45:00,0.0
2030-04-30 08:00:00,0.0
2030-04-30 08:15:00,0.0
2030-04-30 08:30:00,0.0
2030-04-30 08:45:00,0.0
2030-04-30 09:00:00,0.0
2030-04-30 09:15:00,0.0
2030-04-30 09:30:00,0.0
2030-04-30 09:45:00,0.0
2030-04-30 10:00:00,0.0
2030-04-30 10:15:00,0.0
2030-04-30 10:30:00,0.0
2030-04-30 10:45:00,0.0
2030-04-30 11:00:00,0.0
2030-04-30 11:15:00,0.0
2030-04-30 11:30:00,0.0
2030-04-30 11:45:00,0.0
2030-04-30 12:00:00,0.0
2030-04-30 12:15:00,0.0
2030-04-30 12:30:00,0.0
2030-04-30 12:45:00,0.0
2030-04-30 13:00:00,0.0
2030-04-30 13:15:00,0.0
2030-04-30 13:30:00,0.0
2030-04-30 13:45:00,0.0
2030-04-30 14:00:00,0.0
2030-04-30 14:15:00,0.0
2030-04-30 14:30:00,0.0
2030-04-30 14:45:00,0.0
2030-04-30 15:00:00,0.0
2030-04-30 15:15:00,0.0
2030-04-30 15:30:00,0.0
2030-04-30 15:45:00,0.0
2030-04-30 16:00:00,0.0
2030-04-30 16:15:00,0.0
2030-04-30 16:30:00,0.0
2030-04-30 16:45:00,0.0
2030-04-30 17:00:00,0.0
2030-04-30 17:15:00,0.0
2030-04-30 17:30:00,0.0
2030-04-30 17:45:00,0.0
2030-04-30 18:00:00,0.0
2030-04-30 18:15:00,0.0
2030-04-30 18:30:00,0.0
2030-04-30 18:45:00,0.0
2030-04-30 19:00:00,0.0
2030-04-30 19:15:00,0.0
2030-04-30 19:30:00,0.0
2030-04-30 19:45:00,0.0
2030-04-30 20:00:00,0.0
2030-04-30 20:15:00,0.0
2030-04-30 20:30:00,0.0
2030-04-30 20:45:00,0.0
2030-04-30 21:00:00,0.0
2030-04-30 21:15:00,0.0
2030-04-30 21:30:00,0.0
2030-04-30 21:45:00,0.0
2030-04-30 22:00:00,0.0
2030-04-30 22:15:00,0.0
2030-04-30 22:30:00,0.0
2030-04-30 22:45:00,0.0
2030-04-30 23:00:00,0.0
2030-04-30 23:15:00,0.0
2030-04-30 23:30:00,0.0
2030-04-30 23:45:00,0.0
2030-05-01 00:00:00,0.0
2030-05-01 00:15:00,0.0
2030-05-01 00:30:00,0.0
2030-05-01 00:45:00,0.0
2030-05-01 01:00:00,0.0
2030-05-01 01:15:00,0.0
2030-05-01 01:30:00,0.0
2030-05-01 01:45:00,0.0
2030-05-01 02:00:00,0.0
2030-05-01 02:15:00,0.0
2030-05-01 02:30:00,0.0
2030-05-01 02:45:00,0.0
2030-05-01 03:00:00,0.0
2030-05-01 03:15:00,0.0
2030-05-01 03:30:00,0.0
2030-05-01 03:45:00,0.0
2030-05-01 04:00:00,0.0
2030-05-01 04:15:00,0.0
2030-05-01 04:30:00,0.0
2030-05-01 04:45:00,0.0
2030-05-01 05:00:00,0.0
2030-05-01 05:15:00,0.0
2030-05-01 05:30:00,0.0
2030-05-01 05:45:00,0.0
2030-05-01 06:00:00,0.0
2030-05-01 06:15:00,0.0
2030-05-01 06:30:00,0.0
2030-05-01 06:45:00,0.0
2030-05-01 07:00:00,0.0
2030-05-01 07:15:00,0.0
2030-05-01 07:30:00,0.0
2030-05-01 07:45:00,0.0
2030-05-01 08:00:00,0.0
2030-05-01 08:15:00,0.0
2030-05-01 08:30:00,0.0
2030-05-01 08:45:00,0.0
2030-05-01 09:00:00,0.0
2030-05-01 09:15:00,0.0
2030-05-01 09:30:00,0.0
2030-05-01 09:45:00,0.0
2030-05-01 10:00:00,0.0
2030-05-01 10:15:00,0.0
2030-05-01 10:30:00,0.0
2030-05-01 10:45:00,0.0
2030-05-01 11:00:00,0.0
2030-05-01 11:15:00,0.0
2030-05-01 11:30:00,0.0
2030-05-01 11:45:00,0.0
2030-05-01 12:00:00,0.0
2030-05-01 12:15:00,0.0
2030-05-01 12:30:00,0.0
2030-05-01 12:45:00,0.0
2030-05-01 13:00:00,0.0
2030-05-01 13:15:00,0.0
2030-05-01 13:30:00,0.0
2030-05-01 13:45:00,0.0
2030-05-01 14:00:00,0.0
2030-05-01 14:15:00,0.0
2030-05-01 14:30:00,0.0
2030-05-01 14:45:00,0.0
2030-05-01 15:00:00,0.0
2030-05-01 15:15:00,0.0
2030-05-01 15:30:00,0.0
2030-05-01 15:45:00,0.0
2030-05-01 16:00:00,0.0
2030-05-01 16:15:00,0.0
2030-05-01 16:30:00,0.0
2030-05-01 16:45:00,0.0
2030-05-01 17:00:00,0.0
2030-05-01 17:15:00,0.0
2030-05-01 17:30:00,0.0
2030-05-01 17:45:00,0.0
2030-05-01 18:00:00,0.0
2030-05-01 18:15:00,0.0
2030-05-01 18:30:00,0.0
2030-05-01 18:45:00,0.0
2030-05-01 19:00:00,0.0
2030-05-01 19:15:00,0.0
2030-05-01 19:30:00,0.0
2030-05-01 19:45:00,0.0
2030-05-01 20:00:00,0.0
2030-05-01 20:15:00,0.0
2030-05-01 20:30:00,0.0
2030-05-01 20:45:00,0.0
2030-05-01 21:00:00,0.0
2030-05-01 21:15:00,0.0
2030-05-01 21:30:00,0.0
2030-05-01 21:45:00,0.0
2030-05-01 22:00:00,0.0
2030-05-01 22:15:00,0.0
2030-05-01 22:30:00,0.0
2030-05-01 22:45:00,0.0
2030-05-01 23:00:00,0.0
2030-05-01 23:15:00,0.0
2030-05-01 23:30:00,0.0
2030-05-01 23:45:00,0.0
2030-05-02 00:00:00,0.0
2030-05-02 00:15:00,0.0
2030-05-02 00:30:00,0.0
2030-05-02 00:45:00,0.0
2030-05-02 01:00:00,0.0
2030-05-02 01:15:00,0.0
2030-05-02 01:30:00,0.0
2030-05-02 01:45:00,0.0
2030-05-02 02:00:00,0.0
2030-05-02 02:15:00,0.0
2030-05-02 02:30:00,0.0
2030-05-02 02:45:00,0.0
2030-05-02 03:00:00,0.0
2030-05-02 03:15:00,0.0
2030-05-02 03:30:00,0.0
2030-05-02 03:45:00,0.0
2030-05-02 04:00:00,0.0
2030-05-02 04:15:00,0.0
2030-05-02 04:30:00,0.0
2030-05-02 04:45:00,0.0
2030-05-02 05:00:00,0.0
2030-05-02 05:15:00,0.0
2030-05-02 05:30:00,0.0
2030-05-02 05:45:00,0.0
2030-05-02 06:00:00,0.0
2030-05-02 06:15:00,0.0
2030-05-02 06:30:00,0.0
2030-05-02 06:45:00,0.0
2030-05-02 07:00:00,0.0
2030-05-02 07:15:00,0.0
2030-05-02 07:30:00,0.0
2030-05-02 07:45:00,0.0
2030-05-02 08:00:00,0.0
2030-05-02 08:15:00,0.0
2030-05-02 08:30:00,0.0
2030-05-02 08:45:00,0.0
2030-05-02 09:00:00,0.0
2030-05-02 09:15:00,0.0
2030-05-02 09:30:00,0.0
2030-05-02 09:45:00,0.0
2030-05-02 10:00:00,0.0
2030-05-02 10:15:00,0.0
2030-05-02 10:30:00,0.0
2030-05-02 10:45:00,0.0
2030-05-02 11:00:00,0.0
2030-05-02 11:15:00,0.0
2030-05-02 11:30:00,0.0
2030-05-02 11:45:00,0.0
2030-05-02 12:00:00,0.0
2030-05-02 12:15:00,0.0
2030-05-02 12:30:00,0.0
2030-05-02 12:45:00,0.0
2030-05-02 13:00:00,0.0
2030-05-02 13:15:00,0.0
2030-05-02 13:30:00,0.0
2030-05-02 13:45:00,0.0
2030-05-02 14:00:00,0.0
2030-05-02 14:15:00,0.0
2030-05-02 14:30:00,0.0
2030-05-02 14:45:00,0.0
2030-05-02 15:00:00,0.0
2030-05-02 15:15:00,0.0
2030-05-02 15:30:00,0.0
2030-05-02 15:45:00,0.0
2030-05-02 16:00:00,0.0
2030-05-02 16:15:00,0.0
2030-05-02 16:30:00,0.0
2030-05-02 16:45:00,0.0
2030-05-02 17:00:00,0.0
2030-05-02 17:15:00,0.0
2030-05-02 17:30:00,0.0
2030-05-02 17:45:00,0.0
2030-05-02 18:00:00,0.0
2030-05-02 18:15:00,0.0
2030-05-02 18:30:00,0.0
2030-05-02 18:45:00,0.0
2030-05-02 19:00:00,0.0
2030-05-02 19:15:00,0.0
2030-05-02 19:30:00,0.0
2030-05-02 19:45:00,0.0
2030-05-02 20:00:00,0.0
2030-05-02 20:15:00,0.0
2030-05-02 20:30:00,0.0
2030-05-02 20:45:00,0.0
2030-05-02 21:00:00,0.0
2030-05-02 21:15:00,0.0
2030-05-02 21:30:00,0.0
2030-05-02 21:45:00,0.0
2030-05-02 22:00:00,0.0
2030-05-02 22:15:00,0.0
2030-05-02 22:30:00,0.0
2030-05-02 22:45:00,0.0
2030-05-02 23:00:00,0.0
2030-05-02 23:15:00,0.0
2030-05-02 23:30:00,0.0
2030-05-02 23:45:00,0.0
2030-05-03 00:00:00,0.0
2030-05-03 00:15:00,0.0
2030-05-03 00:30:00,0.0
2030-05-03 00:45:00,0.0
2030-05-03 01:00:00,0.0
2030-05-03 01:15:00,0.0
2030-05-03 01:30:00,0.0
2030-05-03 01:45:00,0.0
2030-05-03 02:00:00,0.0
2030-05-03 02:15:00,0.0
2030-05-03 02:30:00,0.0
2030-05-03 02:45:00,0.0
2030-05-03 03:00:00,0.0
2030-05-03 03:15:00,0.0
2030-05-03 03:30:00,0.0
2030-05-03 03:45:00,0.0
2030-05-03 04:00:00,0.0
2030-05-03 04:15:00,0.0
2030-05-03 04:30:00,0.0
2030-05-03 04:45:00,0.0
2030-05-03 05:00:00,0.0
2030-05-03 05:15:00,0.0
2030-05-03 05:30:00,0.0
2030-05-03 05:45:00,0.0
2030-05-03 06:00:00,0.0
2030-05-03 06:15:00,0.0
2030-05-03 06:30:00,0.0
2030-05-03 06:45:00,0.0
2030-05-03 07:00:00,0.0
2030-05-03 07:15:00,0.0
2030-05-03 07:30:00,0.0
2030-05-03 07:45:00,0.0
2030-05-03 08:00:00,0.0
2030-05-03 08:15:00,0.0
2030-05-03 08:30:00,0.0
2030-05-03 08:45:00,0.0
2030-05-03 09:00:00,0.0
2030-05-03 09:15:00,0.0
2030-05-03 09:30:00,0.0
2030-05-03 09:45:00,0.0
2030-05-03 10:00:00,0.0
2030-05-03 10:15:00,0.0
2030-05-03 10:30:00,0.0
2030-05-03 10:45:00,0.0
2030-05-03 11:00:00,0.0
2030-05-03 11:15:00,0.0
2030-05-03 11:30:00,0.0
2030-05-03 11:45:00,0.0
2030-05-03 12:00:00,0.0
2030-05-03 12:15:00,0.0
2030-05-03 12:30:00,0.0
2030-05-03 12:45:00,0.0
2030-05-03 13:00:00,0.0
2030-05-03 13:15:00,0.0
2030-05-03 13:30:00,0.0
2030-05-03 13:45:00,0.0
2030-05-03 14:00:00,0.0
2030-05-03 14:15:00,0.0
2030-05-03 14:30:00,0.0
2030-05-03 14:45:00,0.0
2030-05-03 15:00:00,0.0
2030-05-03 15:15:00,0.0
2030-05-03 15:30:00,0.0
2030-05-03 15:45:00,0.0
2030-05-03 16:00:00,0.0
2030-05-03 16:15:00,0.0
2030-05-03 16:30:00,0.0
2030-05-03 16:45:00,0.0
2030-05-03 17:00:00,0.0
2030-05-03 17:15:00,0.0
2030-05-03 17:30:00,0.0
2030-05-03 17:45:00,0.0
2030-05-03 18:00:00,0.0
2030-05-03 18:15:00,0.0
2030-05-03 18:30:00,0.0
2030-05-03 18:45:00,0.0
2030-05-03 19:00:00,0.0
2030-05-03 19:15:00,0.0
2030-05-03 19:30:00,0.0
2030-05-03 19:45:00,0.0
2030-05-03 20:00:00,0.0
2030-05-03 20:15:00,0.0
2030-05-03 20:30:00,0.0
2030-05-03 20:45:00,0.0
2030-05-03 21:00:00,0.0
2030-05-03 21:15:00,0.0
2030-05-03 21:30:00,0.0
2030-05-03 21:45:00,0.0
2030-05-03 22:00:00,0.0
2030-05-03 22:15:00,0.0
2030-05-03 22:30:00,0.0
2030-05-03 22:45:00,0.0
2030-05-03 23:00:00,0.0
2030-05-03 23:15:00,0.0
2030-05-03 23:30:00,0.0
2030-05-03 23:45:00,0.0
2030-05-04 00:00:00,0.0
2030-05-04 00:15:00,0.0
2030-05-04 00:30:00,0.0
2030-05-04 00:45:00,0.0
2030-05-04 01:00:00,0.0
2030-05-04 01:15:00,0.0
2030-05-04 01:30:00,0.0
2030-05-04 01:45:00,0.0
2030-05-04 02:00:00,0.0
2030-05-04 02:15:00,0.0
2030-05-04 02:30:00,0.0
2030-05-04 02:45:00,0.0
2030-05-04 03:00:00,0.0
2030-05-04 03:15:00,0.0
2030-05-04 03:30:00,0.0
2030-05-04 03:45:00,0.0
2030-05-04 04:00:00,0.0
2030-05-04 04:15:00,0.0
2030-05-04 04:30:00,0.0
2030-05-04 04:45:00,0.0
2030-05-04 05:00:00,0.0
2030-05-04 05:15:00,0.0
2030-05-04 05:30:00,0.0
2030-05-04 05:45:00,0.0
2030-05-04 06:00:00,0.0
2030-05-04 06:15:00,0.0
2030-05-04 06:30:00,0.0
2030-05-04 06:45:00,0.0
2030-05-04 07:00:00,0.0
2030-05-04 07:15:00,0.0
2030-05-04 07:30:00,0.0
2030-05-04 07:45:00,0.0
2030-05-04 08:00:00,0.0
2030-05-04 08:15:00,0.0
2030-05-04 08:30:00,0.0
2030-05-04 08:45:00,0.0
2030-05-04 09:00:00,0.0
2030-05-04 09:15:00,0.0
2030-05-04 09:30:00,0.0
2030-05-04 09:45:00,0.0
2030-05-04 10:00:00,0.0
2030-05-04 10:15:00,0.0
2030-05-04 10:30:00,0.0
2030-05-04 10:45:00,0.0
2030-05-04 11:00:00,0.0
2030-05-04 11:15:00,0.0
2030-05-04 11:30:00,0.0
2030-05-04 11:45:00,0.0
2030-05-04 12:00:00,0.0
2030-05-04 12:15:00,0.0
2030-05-04 12:30:00,0.0
2030-05-04 12:45:00,0.0
2030-05-04 13:00:00,0.0
2030-05-04 13:15:00,0.0
2030-05-04 13:30:00,0.0
2030-05-04 13:45:00,0.0
2030-05-04 14:00:00,0.0
2030-05-04 14:15:00,0.0
2030-05-04 14:30:00,0.0
2030-05-04 14:45:00,0.0
2030-05-04 15:00:00,0.0
2030-05-04 15:15:00,0.0
2030-05-04 15:30:00,0.0
2030-05-04 15:45:00,0.0
2030-05-04 16:00:00,0.0
2030-05-04 16:15:00,0.0
2030-05-04 16:30:00,0.0
2030-05-04 16:45:00,0.0
2030-05-04 17:00:00,0.0
2030-05-04 17:15:00,0.0
2030-05-04 17:30:00,0.0
2030-05-04 17:45:00,0.0
2030-05-04 18:00:00,0.0
2030-05-04 18:15:00,0.0
2030-05-04 18:30:00,0.0
2030-05-04 18:45:00,0.0
2030-05-04 19:00:00,0.0
2030-05-04 19:15:00,0.0
2030-05-04 19:30:00,0.0
2030-05-04 19:45:00,0.0
2030-05-04 20:00:00,0.0
2030-05-04 20:15:00,0.0
2030-05-04 20:30:00,0.0
2030-05-04 20:45:00,0.0
2030-05-04 21:00:00,0.0
2030-05-04 21:15:00,0.0
2030-05-04 21:30:00,0.0
2030-05-04 21:45:00,0.0
2030-05-04 22:00:00,0.0
2030-05-04 22:15:00,0.0
2030-05-04 22:30:00,0.0
2030-05-04 22:45:00,0.0
2030-05-04 23:00:00,0.0
2030-05-04 23:15:00,0.0
2030-05-04 23:30:00,0.0
2030-05-04 23:45:00,0.0
2030-05-05 00:00:00,0.0
2030-05-05 00:15:00,0.0
2030-05-05 00:30:00,0.0
2030-05-05 00:45:00,0.0
2030-05-05 01:00:00,0.0
2030-05-05 01:15:00,0.0
2030-05-05 01:30:00,0.0
2030-05-05 01:45:00,0.0
2030-05-05 02:00:00,0.0
2030-05-05 02:15:00,0.0
2030-05-05 02:30:00,0.0
2030-05-05 02:45:00,0.0
2030-05-05 03:00:00,0.0
2030-05-05 03:15:00,0.0
2030-05-05 03:30:00,0.0
2030-05-05 03:45:00,0.0
2030-05-05 04:00:00,0.0
2030-05-05 04:15:00,0.0
2030-05-05 04:30:00,0.0
2030-05-05 04:45:00,0.0
2030-05-05 05:00:00,0.0
2030-05-05 05:15:00,0.0
2030-05-05 05:30:00,0.0
2030-05-05 05:45:00,0.0
2030-05-05 06:00:00,0.0
2030-05-05 06:15:00,0.0
2030-05-05 06:30:00,0.0
2030-05-05 06:45:00,0.0
2030-05-05 07:00:00,0.0
2030-05-05 07:15:00,0.0
2030-05-05 07:30:00,0.0
2030-05-05 07:45:00,0.0
2030-05-05 08:00:00,0.0
2030-05-05 08:15:00,0.0
2030-05-05 08:30:00,0.0
2030-05-05 08:45:00,0.0
2030-05-05 09:00:00,0.0
2030-05-05 09:15:00,0.0
2030-05-05 09:30:00,0.0
2030-05-05 09:45:00,0.0
2030-05-05 10:00:00,0.0
2030-05-05 10:15:00,0.0
2030-05-05 10:30:00,0.0
2030-05-05 10:45:00,0.0
2030-05-05 11:00:00,0.0
2030-05-05 11:15:00,0.0
2030-05-05 11:30:00,0.0
2030-05-05 11:45:00,0.0
2030-05-05 12:00:00,0.0
2030-05-05 12:15:00,0.0
2030-05-05 12:30:00,0.0
2030-05-05 12:45:00,0.0
2030-05-05 13:00:00,0.0
2030-05-05 13:15:00,0.0
2030-05-05 13:30:00,0.0
2030-05-05 13:45:00,0.0
2030-05-05 14:00:00,0.0
2030-05-05 14:15:00,0.0
2030-05-05 14:30:00,0.0
2030-05-05 14:45:00,0.0
2030-05-05 15:00:00,0.0
2030-05-05 15:15:00,0.0
2030-05-05 15:30:00,0.0
2030-05-05 15:45:00,0.0
2030-05-05 16:00:00,0.0
2030-05-05 16:15:00,0.0
2030-05-05 16:30:00,0.0
2030-05-05 16:45:00,0.0
2030-05-05 17:00:00,0.0
2030-05-05 17:15:00,0.0
2030-05-05 17:30:00,0.0
2030-05-05 17:45:00,0.0
2030-05-05 18:00:00,0.0
2030-05-05 18:15:00,0.0
2030-05-05 18:30:00,0.0
2030-05-05 18:45:00,0.0
2030-05-05 19:00:00,0.0
2030-05-05 19:15:00,0.0
2030-05-05 19:30:00,0.0
2030-05-05 19:45:00,0.0
2030-05-05 20:00:00,0.0
2030-05-05 20:15:00,0.0
2030-05-05 20:30:00,0.0
2030-05-05 20:45:00,0.0
2030-05-05 21:00:00,0.0
2030-05-05 21:15:00,0.0
2030-05-05 21:30:00,0.0
2030-05-05 21:45:00,0.0
2030-05-05 22:00:00,0.0
2030-05-05 22:15:00,0.0
2030-05-05 22:30:00,0.0
2030-05-05 22:45:00,0.0
2030-05-05 23:00:00,0.0
2030-05-05 23:15:00,0.0
2030-05-05 23:30:00,0.0
2030-05-05 23:45:00,0.0
2030-05-06 00:00:00,0.0
2030-05-06 00:15:00,0.0
2030-05-06 00:30:00,0.0
2030-05-06 00:45:00,0.0
2030-05-06 01:00:00,0.0
2030-05-06 01:15:00,0.0
2030-05-06 01:30:00,0.0
2030-05-06 01:45:00,0.0
2030-05-06 02:00:00,0.0
2030-05-06 02:15:00,0.0
2030-05-06 02:30:00,0.0
2030-05-06 02:45:00,0.0
2030-05-06 03:00:00,0.0
2030-05-06 03:15:00,0.0
2030-05-06 03:30:00,0.0
2030-05-06 03:45:00,0.0
2030-05-06 04:00:00,0.0
2030-05-06 04:15:00,0.0
2030-05-06 04:30:00,0.0
2030-05-06 04:45:00,0.0
2030-05-06 05:00:00,0.0
2030-05-06 05:15:00,0.0
2030-05-06 05:30:00,0.0
2030-05-06 05:45:00,0.0
2030-05-06 06:00:00,0.0
2030-05-06 06:15:00,0.0
2030-05-06 06:30:00,0.0
2030-05-06 06:45:00,0.0
2030-05-06 07:00:00,0.0
2030-05-06 07:15:00,0.0
2030-05-06 07:30:00,0.0
2030-05-06 07:45:00,0.0
2030-05-06 08:00:00,0.0
2030-05-06 08:15:00,0.0
2030-05-06 08:30:00,0.0
2030-05-06 08:45:00,0.0
2030-05-06 09:00:00,0.0
2030-05-06 09:15:00,0.0
2030-05-06 09:30:00,0.0
2030-05-06 09:45:00,0.0
2030-05-06 10:00:00,0.0
2030-05-06 10:15:00,0.0
2030-05-06 10:30:00,0.0
2030-05-06 10:45:00,0.0
2030-05-06 11:00:00,0.0
2030-05-06 11:15:00,0.0
2030-05-06 11:30:00,0.0
2030-05-06 11:45:00,0.0
2030-05-06 12:00:00,0.0
2030-05-06 12:15:00,0.0
2030-05-06 12:30:00,0.0
2030-05-06 12:45:00,0.0
2030-05-06 13:00:00,0.0
2030-05-06 13:15:00,0.0
2030-05-06 13:30:00,0.0
2030-05-06 13:45:00,0.0
2030-05-06 14:00:00,0.0
2030-05-06 14:15:00,0.0
2030-05-06 14:30:00,0.0
2030-05-06 14:45:00,0.0
2030-05-06 15:00:00,0.0
2030-05-06 15:15:00,0.0
2030-05-06 15:30:00,0.0
2030-05-06 15:45:00,0.0
2030-05-06 16:00:00,0.0
2030-05-06 16:15:00,0.0
2030-05-06 16:30:00,0.0
2030-05-06 16:45:00,0.0
2030-05-06 17:00:00,0.0
2030-05-06 17:15:00,0.0
2030-05-06 17:30:00,0.0
2030-05-06 17:45:00,0.0
2030-05-06 18:00:00,0.0
2030-05-06 18:15:00,0.0
2030-05-06 18:30:00,0.0
2030-05-06 18:45:00,0.0
2030-05-06 19:00:00,0.0
2030-05-06 19:15:00,0.0
2030-05-06 19:30:00,0.0
2030-05-06 19:45:00,0.0
2030-05-06 20:00:00,0.0
2030-05-06 20:15:00,0.0
2030-05-06 20:30:00,0.0
2030-05-06 20:45:00,0.0
2030-05-06 21:00:00,0.0
2030-05-06 21:15:00,0.0
2030-05-06 21:30:00,0.0
2030-05-06 21:45:00,0.0
2030-05-06 22:00:00,0.0
2030-05-06 22:15:00,0.0
2030-05-06 22:30:00,0.0
2030-05-06 22:45:00,0.0
2030-05-06 23:00:00,0.0
2030-05-06 23:15:00,0.0
2030-05-06 23:30:00,0.0
2030-05-06 23:45:00,0.0
2030-05-07 00:00:00,0.0
2030-05-07 00:15:00,0.0
2030-05-07 00:30:00,0.0
2030-05-07 00:45:00,0.0
2030-05-07 01:00:00,0.0
2030-05-07 01:15:00,0.0
2030-05-07 01:30:00,0.0
2030-05-07 01:45:00,0.0
2030-05-07 02:00:00,0.0
2030-05-07 02:15:00,0.0
2030-05-07 02:30:00,0.0
2030-05-07 02:45:00,0.0
2030-05-07 03:00:00,0.0
2030-05-07 03:15:00,0.0
2030-05-07 03:30:00,0.0
2030-05-07 03:45:00,0.0
2030-05-07 04:00:00,0.0
2030-05-07 04:15:00,0.0
2030-05-07 04:30:00,0.0
2030-05-07 04:45:00,0.0
2030-05-07 05:00:00,0.0
2030-05-07 05:15:00,0.0
2030-05-07 05:30:00,0.0
2030-05-07 05:45:00,0.0
2030-05-07 06:00:00,0.0
2030-05-07 06:15:00,0.0
2030-05-07 06:30:00,0.0
2030-05-07 06:45:00,0.0
2030-05-07 07:00:00,0.0
2030-05-07 07:15:00,0.0
2030-05-07 07:30:00,0.0
2030-05-07 07:45:00,0.0
2030-05-07 08:00:00,0.0
2030-05-07 08:15:00,0.0
2030-05-07 08:30:00,0.0
2030-05-07 08:45:00,0.0
2030-05-07 09:00:00,0.0
2030-05-07 09:15:00,0.0
2030-05-07 09:30:00,0.0
2030-05-07 09:45:00,0.0
2030-05-07 10:00:00,0.0
2030-05-07 10:15:00,0.0
2030-05-07 10:30:00,0.0
2030-05-07 10:45:00,0.0
2030-05-07 11:00:00,0.0
2030-05-07 11:15:00,0.0
2030-05-07 11:30:00,0.0
2030-05-07 11:45:00,0.0
2030-05-07 12:00:00,0.0
2030-05-07 12:15:00,0.0
2030-05-07 12:30:00,0.0
2030-05-07 12:45:00,0.0
2030-05-07 13:00:00,0.0
2030-05-07 13:15:00,0.0
2030-05-07 13:30:00,0.0
2030-05-07 13:45:00,0.0
2030-05-07 14:00:00,0.0
2030-05-07 14:15:00,0.0
2030-05-07 14:30:00,0.0
2030-05-07 14:45:00,0.0
2030-05-07 15:00:00,0.0
2030-05-07 15:15:00,0.0
2030-05-07 15:30:00,0.0
2030-05-07 15:45:00,0.0
2030-05-07 16:00:00,0.0
2030-05-07 16:15:00,0.0
2030-05-07 16:30:00,0.0
2030-05-07 16:45:00,0.0
2030-05-07 17:00:00,0.0
2030-05-07 17:15:00,0.0
2030-05-07 17:30:00,0.0
2030-05-07 17:45:00,0.0
2030-05-07 18:00:00,0.0
2030-05-07 18:15:00,0.0
2030-05-07 18:30:00,0.0
2030-05-07 18:45:00,0.0
2030-05-07 19:00:00,0.0
2030-05-07 19:15:00,0.0
2030-05-07 19:30:00,0.0
2030-05-07 19:45:00,0.0
2030-05-07 20:00:00,0.0
2030-05-07 20:15:00,0.0
2030-05-07 20:30:00,0.0
2030-05-07 20:45:00,0.0
2030-05-07 21:00:00,0.0
2030-05-07 21:15:00,0.0
2030-05-07 21:30:00,0.0
2030-05-07 21:45:00,0.0
2030-05-07 22:00:00,0.0
2030-05-07 22:15:00,0.0
2030-05-07 22:30:00,0.0
2030-05-07 22:45:00,0.0
2030-05-07 23:00:00,0.0
2030-05-07 23:15:00,0.0
2030-05-07 23:30:00,0.0
2030-05-07 23:45:00,0.0
2030-05-08 00:00:00,0.0
2030-05-08 00:15:00,0.0
2030-05-08 00:30:00,0.0
2030-05-08 00:45:00,0.0
2030-05-08 01:00:00,0.0
2030-05-08 01:15:00,0.0
2030-05-08 01:30:00,0.0
2030-05-08 01:45:00,0.0
2030-05-08 02:00:00,0.0
2030-05-08 02:15:00,0.0
2030-05-08 02:30:00,0.0
2030-05-08 02:45:00,0.0
2030-05-08 03:00:00,0.0
2030-05-08 03:15:00,0.0
2030-05-08 03:30:00,0.0
2030-05-08 03:45:00,0.0
2030-05-08 04:00:00,0.0
2030-05-08 04:15:00,0.0
2030-05-08 04:30:00,0.0
2030-05-08 04:45:00,0.0
2030-05-08 05:00:00,0.0
2030-05-08 05:15:00,0.0
2030-05-08 05:30:00,0.0
2030-05-08 05:45:00,0.0
2030-05-08 06:00:00,0.0
2030-05-08 06:15:00,0.0
2030-05-08 06:30:00,0.0
2030-05-08 06:45:00,0.0
2030-05-08 07:00:00,0.0
2030-05-08 07:15:00,0.0
2030-05-08 07:30:00,0.0
2030-05-08 07:45:00,0.0
2030-05-08 08:00:00,0.0
2030-05-08 08:15:00,0.0
2030-05-08 08:30:00,0.0
2030-05-08 08:45:00,0.0
2030-05-08 09:00:00,0.0
2030-05-08 09:15:00,0.0
2030-05-08 09:30:00,0.0
2030-05-08 09:45:00,0.0
2030-05-08 10:00:00,0.0
2030-05-08 10:15:00,0.0
2030-05-08 10:30:00,0.0
2030-05-08 10:45:00,0.0
2030-05-08 11:00:00,0.0
2030-05-08 11:15:00,0.0
2030-05-08 11:30:00,0.0
2030-05-08 11:45:00,0.0
2030-05-08 12:00:00,0.0
2030-05-08 12:15:00,0.0
2030-05-08 12:30:00,0.0
2030-05-08 12:45:00,0.0
2030-05-08 13:00:00,0.0
2030-05-08 13:15:00,0.0
2030-05-08 13:30:00,0.0
2030-05-08 13:45:00,0.0
2030-05-08 14:00:00,0.0
2030-05-08 14:15:00,0.0
2030-05-08 14:30:00,0.0
2030-05-08 14:45:00,0.0
2030-05-08 15:00:00,0.0
2030-05-08 15:15:00,0.0
2030-05-08 15:30:00,0.0
2030-05-08 15:45:00,0.0
2030-05-08 16:00:00,0.0
2030-05-08 16:15:00,0.0
2030-05-08 16:30:00,0.0
2030-05-08 16:45:00,0.0
2030-05-08 17:00:00,0.0
2030-05-08 17:15:00,0.0
2030-05-08 17:30:00,0.0
2030-05-08 17:45:00,0.0
2030-05-08 18:00:00,0.0
2030-05-08 18:15:00,0.0
2030-05-08 18:30:00,0.0
2030-05-08 18:45:00,0.0
2030-05-08 19:00:00,0.0
2030-05-08 19:15:00,0.0
2030-05-08 19:30:00,0.0
2030-05-08 19:45:00,0.0
2030-05-08 20:00:00,0.0
2030-05-08 20:15:00,0.0
2030-05-08 20:30:00,0.0
2030-05-08 20:45:00,0.0
2030-05-08 21:00:00,0.0
2030-05-08 21:15:00,0.0
2030-05-08 21:30:00,0.0
2030-05-08 21:45:00,0.0
2030-05-08 22:00:00,0.0
2030-05-08 22:15:00,0.0
2030-05-08 22:30:00,0.0
2030-05-08 22:45:00,0.0
2030-05-08 23:00:00,0.0
2030-05-08 23:15:00,0.0
2030-05-08 23:30:00,0.0
2030-05-08 23:45:00,0.0
2030-05-09 00:00:00,0.0
2030-05-09 00:15:00,0.0
2030-05-09 00:30:00,0.0
2030-05-09 00:45:00,0.0
2030-05-09 01:00:00,0.0
2030-05-09 01:15:00,0.0
2030-05-09 01:30:00,0.0
2030-05-09 01:45:00,0.0
2030-05-09 02:00:00,0.0
2030-05-09 02:15:00,0.0
2030-05-09 02:30:00,0.0
2030-05-09 02:45:00,0.0
2030-05-09 03:00:00,0.0
2030-05-09 03:15:00,0.0
2030-05-09 03:30:00,0.0
2030-05-09 03:45:00,0.0
2030-05-09 04:00:00,0.0
2030-05-09 04:15:00,0.0
2030-05-09 04:30:00,0.0
2030-05-09 04:45:00,0.0
2030-05-09 05:00:00,0.0
2030-05-09 05:15:00,0.0
2030-05-09 05:30:00,0.0
2030-05-09 05:45:00,0.0
2030-05-09 06:00:00,0.0
2030-05-09 06:15:00,0.0
2030-05-09 06:30:00,0.0
2030-05-09 06:45:00,0.0
2030-05-09 07:00:00,0.0
2030-05-09 07:15:00,0.0
2030-05-09 07:30:00,0.0
2030-05-09 07:45:00,0.0
2030-05-09 08:00:00,0.0
2030-05-09 08:15:00,0.0
2030-05-09 08:30:00,0.0
2030-05-09 08:45:00,0.0
2030-05-09 09:00:00,0.0
2030-05-09 09:15:00,0.0
2030-05-09 09:30:00,0.0
2030-05-09 09:45:00,0.0
2030-05-09 10:00:00,0.0
2030-05-09 10:15:00,0.0
2030-05-09 10:30:00,0.0
2030-05-09 10:45:00,0.0
2030-05-09 11:00:00,0.0
2030-05-09 11:15:00,0.0
2030-05-09 11:30:00,0.0
2030-05-09 11:45:00,0.0
2030-05-09 12:00:00,0.0
2030-05-09 12:15:00,0.0
2030-05-09 12:30:00,0.0
2030-05-09 12:45:00,0.0
2030-05-09 13:00:00,0.0
2030-05-09 13:15:00,0.0
2030-05-09 13:30:00,0.0
2030-05-09 13:45:00,0.0
2030-05-09 14:00:00,0.0
2030-05-09 14:15:00,0.0
2030-05-09 14:30:00,0.0
2030-05-09 14:45:00,0.0
2030-05-09 15:00:00,0.0
2030-05-09 15:15:00,0.0
2030-05-09 15:30:00,0.0
2030-05-09 15:45:00,0.0
2030-05-09 16:00:00,0.0
2030-05-09 16:15:00,0.0
2030-05-09 16:30:00,0.0
2030-05-09 16:45:00,0.0
2030-05-09 17:00:00,0.0
2030-05-09 17:15:00,0.0
2030-05-09 17:30:00,0.0
2030-05-09 17:45:00,0.0
2030-05-09 18:00:00,0.0
2030-05-09 18:15:00,0.0
2030-05-09 18:30:00,0.0
2030-05-09 18:45:00,0.0
2030-05-09 19:00:00,0.0
2030-05-09 19:15:00,0.0
2030-05-09 19:30:00,0.0
2030-05-09 19:45:00,0.0
2030-05-09 20:00:00,0.0
2030-05-09 20:15:00,0.0
2030-05-09 20:30:00,0.0
2030-05-09 20:45:00,0.0
2030-05-09 21:00:00,0.0
2030-05-09 21:15:00,0.0
2030-05-09 21:30:00,0.0
2030-05-09 21:45:00,0.0
2030-05-09 22:00:00,0.0
2030-05-09 22:15:00,0.0
2030-05-09 22:30:00,0.0
2030-05-09 22:45:00,0.0
2030-05-09 23:00:00,0.0
2030-05-09 23:15:00,0.0
2030-05-09 23:30:00,0.0
2030-05-09 23:45:00,0.0
2030-05-10 00:00:00,0.0
2030-05-10 00:15:00,0.0
2030-05-10 00:30:00,0.0
2030-05-10 00:45:00,0.0
2030-05-10 01:00:00,0.0
2030-05-10 01:15:00,0.0
2030-05-10 01:30:00,0.0
2030-05-10 01:45:00,0.0
2030-05-10 02:00:00,0.0
2030-05-10 02:15:00,0.0
2030-05-10 02:30:00,0.0
2030-05-10 02:45:00,0.0
2030-05-10 03:00:00,0.0
2030-05-10 03:15:00,0.0
2030-05-10 03:30:00,0.0
2030-05-10 03:45:00,0.0
2030-05-10 04:00:00,0.0
2030-05-10 04:15:00,0.0
2030-05-10 04:30:00,0.0
2030-05-10 04:45:00,0.0
2030-05-10 05:00:00,0.0
2030-05-10 05:15:00,0.0
2030-05-10 05:30:00,0.0
2030-05-10 05:45:00,0.0
2030-05-10 06:00:00,0.0
2030-05-10 06:15:00,0.0
2030-05-10 06:30:00,0.0
2030-05-10 06:45:00,0.0
2030-05-10 07:00:00,0.0
2030-05-10 07:15:00,0.0
2030-05-10 07:30:00,0.0
2030-05-10 07:45:00,0.0
2030-05-10 08:00:00,0.0
2030-05-10 08:15:00,0.0
2030-05-10 08:30:00,0.0
2030-05-10 08:45:00,0.0
2030-05-10 09:00:00,0.0
2030-05-10 09:15:00,0.0
2030-05-10 09:30:00,0.0
2030-05-10 09:45:00,0.0
2030-05-10 10:00:00,0.0
2030-05-10 10:15:00,0.0
2030-05-10 10:30:00,0.0
2030-05-10 10:45:00,0.0
2030-05-10 11:00:00,0.0
2030-05-10 11:15:00,0.0
2030-05-10 11:30:00,0.0
2030-05-10 11:45:00,0.0
2030-05-10 12:00:00,0.0
2030-05-10 12:15:00,0.0
2030-05-10 12:30:00,0.0
2030-05-10 12:45:00,0.0
2030-05-10 13:00:00,0.0
2030-05-10 13:15:00,0.0
2030-05-10 13:30:00,0.0
2030-05-10 13:45:00,0.0
2030-05-10 14:00:00,0.0
2030-05-10 14:15:00,0.0
2030-05-10 14:30:00,0.0
2030-05-10 14:45:00,0.0
2030-05-10 15:00:00,0.0
2030-05-10 15:15:00,0.0
2030-05-10 15:30:00,0.0
2030-05-10 15:45:00,0.0
2030-05-10 16:00:00,0.0
2030-05-10 16:15:00,0.0
2030-05-10 16:30:00,0.0
2030-05-10 16:45:00,0.0
2030-05-10 17:00:00,0.0
2030-05-10 17:15:00,0.0
2030-05-10 17:30:00,0.0
2030-05-10 17:45:00,0.0
2030-05-10 18:00:00,0.0
2030-05-10 18:15:00,0.0
2030-05-10 18:30:00,0.0
2030-05-10 18:45:00,0.0
2030-05-10 19:00:00,0.0
2030-05-10 19:15:00,0.0
2030-05-10 19:30:00,0.0
2030-05-10 19:45:00,0.0
2030-05-10 20:00:00,0.0
2030-05-10 20:15:00,0.0
2030-05-10 20:30:00,0.0
2030-05-10 20:45:00,0.0
2030-05-10 21:00:00,0.0
2030-05-10 21:15:00,0.0
2030-05-10 21:30:00,0.0
2030-05-10 21:45:00,0.0
2030-05-10 22:00:00,0.0
2030-05-10 22:15:00,0.0
2030-05-10 22:30:00,0.0
2030-05-10 22:45:00,0.0
2030-05-10 23:00:00,0.0
2030-05-10 23:15:00,0.0
2030-05-10 23:30:00,0.0
2030-05-10 23:45:00,0.0
2030-05-11 00:00:00,0.0
2030-05-11 00:15:00,0.0
2030-05-11 00:30:00,0.0
2030-05-11 00:45:00,0.0
2030-05-11 01:00:00,0.0
2030-05-11 01:15:00,0.0
2030-05-11 01:30:00,0.0
2030-05-11 01:45:00,0.0
2030-05-11 02:00:00,0.0
2030-05-11 02:15:00,0.0
2030-05-11 02:30:00,0.0
2030-05-11 02:45:00,0.0
2030-05-11 03:00:00,0.0
2030-05-11 03:15:00,0.0
2030-05-11 03:30:00,0.0
2030-05-11 03:45:00,0.0
2030-05-11 04:00:00,0.0
2030-05-11 04:15:00,0.0
2030-05-11 04:30:00,0.0
2030-05-11 04:45:00,0.0
2030-05-11 05:00:00,0.0
2030-05-11 05:15:00,0.0
2030-05-11 05:30:00,0.0
2030-05-11 05:45:00,0.0
2030-05-11 06:00:00,0.0
2030-05-11 06:15:00,0.0
2030-05-11 06:30:00,0.0
2030-05-11 06:45:00,0.0
2030-05-11 07:00:00,0.0
2030-05-11 07:15:00,0.0
2030-05-11 07:30:00,0.0
2030-05-11 07:45:00,0.0
2030-05-11 08:00:00,0.0
2030-05-11 08:15:00,0.0
2030-05-11 08:30:00,0.0
2030-05-11 08:45:00,0.0
2030-05-11 09:00:00,0.0
2030-05-11 09:15:00,0.0
2030-05-11 09:30:00,0.0
2030-05-11 09:45:00,0.0
2030-05-11 10:00:00,0.0
2030-05-11 10:15:00,0.0
2030-05-11 10:30:00,0.0
2030-05-11 10:45:00,0.0
2030-05-11 11:00:00,0.0
2030-05-11 11:15:00,0.0
2030-05-11 11:30:00,0.0
2030-05-11 11:45:00,0.0
2030-05-11 12:00:00,0.0
2030-05-11 12:15:00,0.0
2030-05-11 12:30:00,0.0
2030-05-11 12:45:00,0.0
2030-05-11 13:00:00,0.0
2030-05-11 13:15:00,0.0
2030-05-11 13:30:00,0.0
2030-05-11 13:45:00,0.0
2030-05-11 14:00:00,0.0
2030-05-11 14:15:00,0.0
2030-05-11 14:30:00,0.0
2030-05-11 14:45:00,0.0
2030-05-11 15:00:00,0.0
2030-05-11 15:15:00,0.0
2030-05-11 15:30:00,0.0
2030-05-11 15:45:00,0.0
2030-05-11 16:00:00,0.0
2030-05-11 16:15:00,0.0
2030-05-11 16:30:00,0.0
2030-05-11 16:45:00,0.0
2030-05-11 17:00:00,0.0
2030-05-11 17:15:00,0.0
2030-05-11 17:30:00,0.0
2030-05-11 17:45:00,0.0
2030-05-11 18:00:00,0.0
2030-05-11 18:15:00,0.0
2030-05-11 18:30:00,0.0
2030-05-11 18:45:00,0.0
2030-05-11 19:00:00,0.0
2030-05-11 19:15:00,0.0
2030-05-11 19:30:00,0.0
2030-05-11 19:45:00,0.0
2030-05-11 20:00:00,0.0
2030-05-11 20:15:00,0.0
2030-05-11 20:30:00,0.0
2030-05-11 20:45:00,0.0
2030-05-11 21:00:00,0.0
2030-05-11 21:15:00,0.0
2030-05-11 21:30:00,0.0
2030-05-11 21:45:00,0.0
2030-05-11 22:00:00,0.0
2030-05-11 22:15:00,0.0
2030-05-11 22:30:00,0.0
2030-05-11 22:45:00,0.0
2030-05-11 23:00:00,0.0
2030-05-11 23:15:00,0.0
2030-05-11 23:30:00,0.0
2030-05-11 23:45:00,0.0
2030-05-12 00:00:00,0.0
2030-05-12 00:15:00,0.0
2030-05-12 00:30:00,0.0
2030-05-12 00:45:00,0.0
2030-05-12 01:00:00,0.0
2030-05-12 01:15:00,0.0
2030-05-12 01:30:00,0.0
2030-05-12 01:45:00,0.0
2030-05-12 02:00:00,0.0
2030-05-12 02:15:00,0.0
2030-05-12 02:30:00,0.0
2030-05-12 02:45:00,0.0
2030-05-12 03:00:00,0.0
2030-05-12 03:15:00,0.0
2030-05-12 03:30:00,0.0
2030-05-12 03:45:00,0.0
2030-05-12 04:00:00,0.0
2030-05-12 04:15:00,0.0
2030-05-12 04:30:00,0.0
2030-05-12 04:45:00,0.0
2030-05-12 05:00:00,0.0
2030-05-12 05:15:00,0.0
2030-05-12 05:30:00,0.0
2030-05-12 05:45:00,0.0
2030-05-12 06:00:00,0.0
2030-05-12 06:15:00,0.0
2030-05-12 06:30:00,0.0
2030-05-12 06:45:00,0.0
2030-05-12 07:00:00,0.0
2030-05-12 07:15:00,0.0
2030-05-12 07:30:00,0.0
2030-05-12 07:45:00,0.0
2030-05-12 08:00:00,0.0
2030-05-12 08:15:00,0.0
2030-05-12 08:30:00,0.0
2030-05-12 08:45:00,0.0
2030-05-12 09:00:00,0.0
2030-05-12 09:15:00,0.0
2030-05-12 09:30:00,0.0
2030-05-12 09:45:00,0.0
2030-05-12 10:00:00,0.0
2030-05-12 10:15:00,0.0
2030-05-12 10:30:00,0.0
2030-05-12 10:45:00,0.0
2030-05-12 11:00:00,0.0
2030-05-12 11:15:00,0.0
2030-05-12 11:30:00,0.0
2030-05-12 11:45:00,0.0
2030-05-12 12:00:00,0.0
2030-05-12 12:15:00,0.0
2030-05-12 12:30:00,0.0
2030-05-12 12:45:00,0.0
2030-05-12 13:00:00,0.0
2030-05-12 13:15:00,0.0
2030-05-12 13:30:00,0.0
2030-05-12 13:45:00,0.0
2030-05-12 14:00:00,0.0
2030-05-12 14:15:00,0.0
2030-05-12 14:30:00,0.0
2030-05-12 14:45:00,0.0
2030-05-12 15:00:00,0.0
2030-05-12 15:15:00,0.0
2030-05-12 15:30:00,0.0
2030-05-12 15:45:00,0.0
2030-05-12 16:00:00,0.0
2030-05-12 16:15:00,0.0
2030-05-12 16:30:00,0.0
2030-05-12 16:45:00,0.0
2030-05-12 17:00:00,0.0
2030-05-12 17:15:00,0.0
2030-05-12 17:30:00,0.0
2030-05-12 17:45:00,0.0
2030-05-12 18:00:00,0.0
2030-05-12 18:15:00,0.0
2030-05-12 18:30:00,0.0
2030-05-12 18:45:00,0.0
2030-05-12 19:00:00,0.0
2030-05-12 19:15:00,0.0
2030-05-12 19:30:00,0.0
2030-05-12 19:45:00,0.0
2030-05-12 20:00:00,0.0
2030-05-12 20:15:00,0.0
2030-05-12 20:30:00,0.0
2030-05-12 20:45:00,0.0
2030-05-12 21:00:00,0.0
2030-05-12 21:15:00,0.0
2030-05-12 21:30:00,0.0
2030-05-12 21:45:00,0.0
2030-05-12 22:00:00,0.0
2030-05-12 22:15:00,0.0
2030-05-12 22:30:00,0.0
2030-05-12 22:45:00,0.0
2030-05-12 23:00:00,0.0
2030-05-12 23:15:00,0.0
2030-05-12 23:30:00,0.0
2030-05-12 23:45:00,0.0
2030-05-13 00:00:00,0.0
2030-05-13 00:15:00,0.0
2030-05-13 00:30:00,0.0
2030-05-13 00:45:00,0.0
2030-05-13 01:00:00,0.0
2030-05-13 01:15:00,0.0
2030-05-13 01:30:00,0.0
2030-05-13 01:45:00,0.0
2030-05-13 02:00:00,0.0
2030-05-13 02:15:00,0.0
2030-05-13 02:30:00,0.0
2030-05-13 02:45:00,0.0
2030-05-13 03:00:00,0.0
2030-05-13 03:15:00,0.0
2030-05-13 03:30:00,0.0
2030-05-13 03:45:00,0.0
2030-05-13 04:00:00,0.0
2030-05-13 04:15:00,0.0
2030-05-13 04:30:00,0.0
2030-05-13 04:45:00,0.0
2030-05-13 05:00:00,0.0
2030-05-13 05:15:00,0.0
2030-05-13 05:30:00,0.0
2030-05-13 05:45:00,0.0
2030-05-13 06:00:00,0.0
2030-05-13 06:15:00,0.0
2030-05-13 06:30:00,0.0
2030-05-13 06:45:00,0.0
2030-05-13 07:00:00,0.0
2030-05-13 07:15:00,0.0
2030-05-13 07:30:00,0.0
2030-05-13 07:45:00,0.0
2030-05-13 08:00:00,0.0
2030-05-13 08:15:00,0.0
2030-05-13 08:30:00,0.0
2030-05-13 08:45:00,0.0
2030-05-13 09:00:00,0.0
2030-05-13 09:15:00,0.0
2030-05-13 09:30:00,0.0
2030-05-13 09:45:00,0.0
2030-05-13 10:00:00,0.0
2030-05-13 10:15:00,0.0
2030-05-13 10:30:00,0.0
2030-05-13 10:45:00,0.0
2030-05-13 11:00:00,0.0
2030-05-13 11:15:00,0.0
2030-05-13 11:30:00,0.0
2030-05-13 11:45:00,0.0
2030-05-13 12:00:00,0.0
2030-05-13 12:15:00,0.0
2030-05-13 12:30:00,0.0
2030-05-13 12:45:00,0.0
2030-05-13 13:00:00,0.0
2030-05-13 13:15:00,0.0
2030-05-13 13:30:00,0.0
2030-05-13 13:45:00,0.0
2030-05-13 14:00:00,0.0
2030-05-13 14:15:00,0.0
2030-05-13 14:30:00,0.0
2030-05-13 14:45:00,0.0
2030-05-13 15:00:00,0.0
2030-05-13 15:15:00,0.0
2030-05-13 15:30:00,0.0
2030-05-13 15:45:00,0.0
2030-05-13 16:00:00,0.0
2030-05-13 16:15:00,0.0
2030-05-13 16:30:00,0.0
2030-05-13 16:45:00,0.0
2030-05-13 17:00:00,0.0
2030-05-13 17:15:00,0.0
2030-05-13 17:30:00,0.0
2030-05-13 17:45:00,0.0
2030-05-13 18:00:00,0.0
2030-05-13 18:15:00,0.0
2030-05-13 18:30:00,0.0
2030-05-13 18:45:00,0.0
2030-05-13 19:00:00,0.0
2030-05-13 19:15:00,0.0
2030-05-13 19:30:00,0.0
2030-05-13 19:45:00,0.0
2030-05-13 20:00:00,0.0
2030-05-13 20:15:00,0.0
2030-05-13 20:30:00,0.0
2030-05-13 20:45:00,0.0
2030-05-13 21:00:00,0.0
2030-05-13 21:15:00,0.0
2030-05-13 21:30:00,0.0
2030-05-13 21:45:00,0.0
2030-05-13 22:00:00,0.0
2030-05-13 22:15:00,0.0
2030-05-13 22:30:00,0.0
2030-05-13 22:45:00,0.0
2030-05-13 23:00:00,0.0
2030-05-13 23:15:00,0.0
2030-05-13 23:30:00,0.0
2030-05-13 23:45:00,0.0
2030-05-14 00:00:00,0.0
2030-05-14 00:15:00,0.0
2030-05-14 00:30:00,0.0
2030-05-14 00:45:00,0.0
2030-05-14 01:00:00,0.0
2030-05-14 01:15:00,0.0
2030-05-14 01:30:00,0.0
2030-05-14 01:45:00,0.0
2030-05-14 02:00:00,0.0
2030-05-14 02:15:00,0.0
2030-05-14 02:30:00,0.0
2030-05-14 02:45:00,0.0
2030-05-14 03:00:00,0.0
2030-05-14 03:15:00,0.0
2030-05-14 03:30:00,0.0
2030-05-14 03:45:00,0.0
2030-05-14 04:00:00,0.0
2030-05-14 04:15:00,0.0
2030-05-14 04:30:00,0.0
2030-05-14 04:45:00,0.0
2030-05-14 05:00:00,0.0
2030-05-14 05:15:00,0.0
2030-05-14 05:30:00,0.0
2030-05-14 05:45:00,0.0
2030-05-14 06:00:00,0.0
2030-05-14 06:15:00,0.0
2030-05-14 06:30:00,0.0
2030-05-14 06:45:00,0.0
2030-05-14 07:00:00,0.0
2030-05-14 07:15:00,0.0
2030-05-14 07:30:00,0.0
2030-05-14 07:45:00,0.0
2030-05-14 08:00:00,0.0
2030-05-14 08:15:00,0.0
2030-05-14 08:30:00,0.0
2030-05-14 08:45:00,0.0
2030-05-14 09:00:00,0.0
2030-05-14 09:15:00,0.0
2030-05-14 09:30:00,0.0
2030-05-14 09:45:00,0.0
2030-05-14 10:00:00,0.0
2030-05-14 10:15:00,0.0
2030-05-14 10:30:00,0.0
2030-05-14 10:45:00,0.0
2030-05-14 11:00:00,0.0
2030-05-14 11:15:00,0.0
2030-05-14 11:30:00,0.0
2030-05-14 11:45:00,0.0
2030-05-14 12:00:00,0.0
2030-05-14 12:15:00,0.0
2030-05-14 12:30:00,0.0
2030-05-14 12:45:00,0.0
2030-05-14 13:00:00,0.0
2030-05-14 13:15:00,0.0
2030-05-14 13:30:00,0.0
2030-05-14 13:45:00,0.0
2030-05-14 14:00:00,0.0
2030-05-14 14:15:00,0.0
2030-05-14 14:30:00,0.0
2030-05-14 14:45:00,0.0
2030-05-14 15:00:00,0.0
2030-05-14 15:15:00,0.0
2030-05-14 15:30:00,0.0
2030-05-14 15:45:00,0.0
2030-05-14 16:00:00,0.0
2030-05-14 16:15:00,0.0
2030-05-14 16:30:00,0.0
2030-05-14 16:45:00,0.0
2030-05-14 17:00:00,0.0
2030-05-14 17:15:00,0.0
2030-05-14 17:30:00,0.0
2030-05-14 17:45:00,0.0
2030-05-14 18:00:00,0.0
2030-05-14 18:15:00,0.0
2030-05-14 18:30:00,0.0
2030-05-14 18:45:00,0.0
2030-05-14 19:00:00,0.0
2030-05-14 19:15:00,0.0
2030-05-14 19:30:00,0.0
2030-05-14 19:45:00,0.0
2030-05-14 20:00:00,0.0
2030-05-14 20:15:00,0.0
2030-05-14 20:30:00,0.0
2030-05-14 20:45:00,0.0
2030-05-14 21:00:00,0.0
2030-05-14 21:15:00,0.0
2030-05-14 21:30:00,0.0
2030-05-14 21:45:00,0.0
2030-05-14 22:00:00,0.0
2030-05-14 22:15:00,0.0
2030-05-14 22:30:00,0.0
2030-05-14 22:45:00,0.0
2030-05-14 23:00:00,0.0
2030-05-14 23:15:00,0.0
2030-05-14 23:30:00,0.0
2030-05-14 23:45:00,0.0
2030-05-15 00:00:00,0.0
2030-05-15 00:15:00,0.0
2030-05-15 00:30:00,0.0
2030-05-15 00:45:00,0.0
2030-05-15 01:00:00,0.0
2030-05-15 01:15:00,0.0
2030-05-15 01:30:00,0.0
2030-05-15 01:45:00,0.0
2030-05-15 02:00:00,0.0
2030-05-15 02:15:00,0.0
2030-05-15 02:30:00,0.0
2030-05-15 02:45:00,0.0
2030-05-15 03:00:00,0.0
2030-05-15 03:15:00,0.0
2030-05-15 03:30:00,0.0
2030-05-15 03:45:00,0.0
2030-05-15 04:00:00,0.0
2030-05-15 04:15:00,0.0
2030-05-15 04:30:00,0.0
2030-05-15 04:45:00,0.0
2030-05-15 05:00:00,0.0
2030-05-15 05:15:00,0.0
2030-05-15 05:30:00,0.0
2030-05-15 05:45:00,0.0
2030-05-15 06:00:00,0.0
2030-05-15 06:15:00,0.0
2030-05-15 06:30:00,0.0
2030-05-15 06:45:00,0.0
2030-05-15 07:00:00,0.0
2030-05-15 07:15:00,0.0
2030-05-15 07:30:00,0.0
2030-05-15 07:45:00,0.0
2030-05-15 08:00:00,0.0
2030-05-15 08:15:00,0.0
2030-05-15 08:30:00,0.0
2030-05-15 08:45:00,0.0
2030-05-15 09:00:00,0.0
2030-05-15 09:15:00,0.0
2030-05-15 09:30:00,0.0
2030-05-15 09:45:00,0.0
2030-05-15 10:00:00,0.0
2030-05-15 10:15:00,0.0
2030-05-15 10:30:00,0.0
2030-05-15 10:45:00,0.0
2030-05-15 11:00:00,0.0
2030-05-15 11:15:00,0.0
2030-05-15 11:30:00,0.0
2030-05-15 11:45:00,0.0
2030-05-15 12:00:00,0.0
2030-05-15 12:15:00,0.0
2030-05-15 12:30:00,0.0
2030-05-15 12:45:00,0.0
2030-05-15 13:00:00,0.0
2030-05-15 13:15:00,0.0
2030-05-15 13:30:00,0.0
2030-05-15 13:45:00,0.0
2030-05-15 14:00:00,0.0
2030-05-15 14:15:00,0.0
2030-05-15 14:30:00,0.0
2030-05-15 14:45:00,0.0
2030-05-15 15:00:00,0.0
2030-05-15 15:15:00,0.0
2030-05-15 15:30:00,0.0
2030-05-15 15:45:00,0.0
2030-05-15 16:00:00,0.0
2030-05-15 16:15:00,0.0
2030-05-15 16:30:00,0.0
2030-05-15 16:45:00,0.0
2030-05-15 17:00:00,0.0
2030-05-15 17:15:00,0.0
2030-05-15 17:30:00,0.0
2030-05-15 17:45:00,0.0
2030-05-15 18:00:00,0.0
2030-05-15 18:15:00,0.0
2030-05-15 18:30:00,0.0
2030-05-15 18:45:00,0.0
2030-05-15 19:00:00,0.0
2030-05-15 19:15:00,0.0
2030-05-15 19:30:00,0.0
2030-05-15 19:45:00,0.0
2030-05-15 20:00:00,0.0
2030-05-15 20:15:00,0.0
2030-05-15 20:30:00,0.0
2030-05-15 20:45:00,0.0
2030-05-15 21:00:00,0.0
2030-05-15 21:15:00,0.0
2030-05-15 21:30:00,0.0
2030-05-15 21:45:00,0.0
2030-05-15 22:00:00,0.0
2030-05-15 22:15:00,0.0
2030-05-15 22:30:00,0.0
2030-05-15 22:45:00,0.0
2030-05-15 23:00:00,0.0
2030-05-15 23:15:00,0.0
2030-05-15 23:30:00,0.0
2030-05-15 23:45:00,0.0
2030-05-16 00:00:00,0.0
2030-05-16 00:15:00,0.0
2030-05-16 00:30:00,0.0
2030-05-16 00:45:00,0.0
2030-05-16 01:00:00,0.0
2030-05-16 01:15:00,0.0
2030-05-16 01:30:00,0.0
2030-05-16 01:45:00,0.0
2030-05-16 02:00:00,0.0
2030-05-16 02:15:00,0.0
2030-05-16 02:30:00,0.0
2030-05-16 02:45:00,0.0
2030-05-16 03:00:00,0.0
2030-05-16 03:15:00,0.0
2030-05-16 03:30:00,0.0
2030-05-16 03:45:00,0.0
2030-05-16 04:00:00,0.0
2030-05-16 04:15:00,0.0
2030-05-16 04:30:00,0.0
2030-05-16 04:45:00,0.0
2030-05-16 05:00:00,0.0
2030-05-16 05:15:00,0.0
2030-05-16 05:30:00,0.0
2030-05-16 05:45:00,0.0
2030-05-16 06:00:00,0.0
2030-05-16 06:15:00,0.0
2030-05-16 06:30:00,0.0
2030-05-16 06:45:00,0.0
2030-05-16 07:00:00,0.0
2030-05-16 07:15:00,0.0
2030-05-16 07:30:00,0.0
2030-05-16 07:45:00,0.0
2030-05-16 08:00:00,0.0
2030-05-16 08:15:00,0.0
2030-05-16 08:30:00,0.0
2030-05-16 08:45:00,0.0
2030-05-16 09:00:00,0.0
2030-05-16 09:15:00,0.0
2030-05-16 09:30:00,0.0
2030-05-16 09:45:00,0.0
2030-05-16 10:00:00,0.0
2030-05-16 10:15:00,0.0
2030-05-16 10:30:00,0.0
2030-05-16 10:45:00,0.0
2030-05-16 11:00:00,0.0
2030-05-16 11:15:00,0.0
2030-05-16 11:30:00,0.0
2030-05-16 11:45:00,0.0
2030-05-16 12:00:00,0.0
2030-05-16 12:15:00,0.0
2030-05-16 12:30:00,0.0
2030-05-16 12:45:00,0.0
2030-05-16 13:00:00,0.0
2030-05-16 13:15:00,0.0
2030-05-16 13:30:00,0.0
2030-05-16 13:45:00,0.0
2030-05-16 14:00:00,0.0
2030-05-16 14:15:00,0.0
2030-05-16 14:30:00,0.0
2030-05-16 14:45:00,0.0
2030-05-16 15:00:00,0.0
2030-05-16 15:15:00,0.0
2030-05-16 15:30:00,0.0
2030-05-16 15:45:00,0.0
2030-05-16 16:00:00,0.0
2030-05-16 16:15:00,0.0
2030-05-16 16:30:00,0.0
2030-05-16 16:45:00,0.0
2030-05-16 17:00:00,0.0
2030-05-16 17:15:00,0.0
2030-05-16 17:30:00,0.0
2030-05-16 17:45:00,0.0
2030-05-16 18:00:00,0.0
2030-05-16 18:15:00,0.0
2030-05-16 18:30:00,0.0
2030-05-16 18:45:00,0.0
2030-05-16 19:00:00,0.0
2030-05-16 19:15:00,0.0
2030-05-16 19:30:00,0.0
2030-05-16 19:45:00,0.0
2030-05-16 20:00:00,0.0
2030-05-16 20:15:00,0.0
2030-05-16 20:30:00,0.0
2030-05-16 20:45:00,0.0
2030-05-16 21:00:00,0.0
2030-05-16 21:15:00,0.0
2030-05-16 21:30:00,0.0
2030-05-16 21:45:00,0.0
2030-05-16 22:00:00,0.0
2030-05-16 22:15:00,0.0
2030-05-16 22:30:00,0.0
2030-05-16 22:45:00,0.0
2030-05-16 23:00:00,0.0
2030-05-16 23:15:00,0.0
2030-05-16 23:30:00,0.0
2030-05-16 23:45:00,0.0
2030-05-17 00:00:00,0.0
2030-05-17 00:15:00,0.0
2030-05-17 00:30:00,0.0
2030-05-17 00:45:00,0.0
2030-05-17 01:00:00,0.0
2030-05-17 01:15:00,0.0
2030-05-17 01:30:00,0.0
2030-05-17 01:45:00,0.0
2030-05-17 02:00:00,0.0
2030-05-17 02:15:00,0.0
2030-05-17 02:30:00,0.0
2030-05-17 02:45:00,0.0
2030-05-17 03:00:00,0.0
2030-05-17 03:15:00,0.0
2030-05-17 03:30:00,0.0
2030-05-17 03:45:00,0.0
2030-05-17 04:00:00,0.0
2030-05-17 04:15:00,0.0
2030-05-17 04:30:00,0.0
2030-05-17 04:45:00,0.0
2030-05-17 05:00:00,0.0
2030-05-17 05:15:00,0.0
2030-05-17 05:30:00,0.0
2030-05-17 05:45:00,0.0
2030-05-17 06:00:00,0.0
2030-05-17 06:15:00,0.0
2030-05-17 06:30:00,0.0
2030-05-17 06:45:00,0.0
2030-05-17 07:00:00,0.0
2030-05-17 07:15:00,0.0
2030-05-17 07:30:00,0.0
2030-05-17 07:45:00,0.0
2030-05-17 08:00:00,0.0
2030-05-17 08:15:00,0.0
2030-05-17 08:30:00,0.0
2030-05-17 08:45:00,0.0
2030-05-17 09:00:00,0.0
2030-05-17 09:15:00,0.0
2030-05-17 09:30:00,0.0
2030-05-17 09:45:00,0.0
2030-05-17 10:00:00,0.0
2030-05-17 10:15:00,0.0
2030-05-17 10:30:00,0.0
2030-05-17 10:45:00,0.0
2030-05-17 11:00:00,0.0
2030-05-17 11:15:00,0.0
2030-05-17 11:30:00,0.0
2030-05-17 11:45:00,0.0
2030-05-17 12:00:00,0.0
2030-05-17 12:15:00,0.0
2030-05-17 12:30:00,0.0
2030-05-17 12:45:00,0.0
2030-05-17 13:00:00,0.0
2030-05-17 13:15:00,0.0
2030-05-17 13:30:00,0.0
2030-05-17 13:45:00,0.0
2030-05-17 14:00:00,0.0
2030-05-17 14:15:00,0.0
2030-05-17 14:30:00,0.0
2030-05-17 14:45:00,0.0
2030-05-17 15:00:00,0.0
2030-05-17 15:15:00,0.0
2030-05-17 15:30:00,0.0
2030-05-17 15:45:00,0.0
2030-05-17 16:00:00,0.0
2030-05-17 16:15:00,0.0
2030-05-17 16:30:00,0.0
2030-05-17 16:45:00,0.0
2030-05-17 17:00:00,0.0
2030-05-17 17:15:00,0.0
2030-05-17 17:30:00,0.0
2030-05-17 17:45:00,0.0
2030-05-17 18:00:00,0.0
2030-05-17 18:15:00,0.0
2030-05-17 18:30:00,0.0
2030-05-17 18:45:00,0.0
2030-05-17 19:00:00,0.0
2030-05-17 19:15:00,0.0
2030-05-17 19:30:00,0.0
2030-05-17 19:45:00,0.0
2030-05-17 20:00:00,0.0
2030-05-17 20:15:00,0.0
2030-05-17 20:30:00,0.0
2030-05-17 20:45:00,0.0
2030-05-17 21:00:00,0.0
2030-05-17 21:15:00,0.0
2030-05-17 21:30:00,0.0
2030-05-17 21:45:00,0.0
2030-05-17 22:00:00,0.0
2030-05-17 22:15:00,0.0
2030-05-17 22:30:00,0.0
2030-05-17 22:45:00,0.0
2030-05-17 23:00:00,0.0
2030-05-17 23:15:00,0.0
2030-05-17 23:30:00,0.0
2030-05-17 23:45:00,0.0
2030-05-18 00:00:00,0.0
2030-05-18 00:15:00,0.0
2030-05-18 00:30:00,0.0
2030-05-18 00:45:00,0.0
2030-05-18 01:00:00,0.0
2030-05-18 01:15:00,0.0
2030-05-18 01:30:00,0.0
2030-05-18 01:45:00,0.0
2030-05-18 02:00:00,0.0
2030-05-18 02:15:00,0.0
2030-05-18 02:30:00,0.0
2030-05-18 02:45:00,0.0
2030-05-18 03:00:00,0.0
2030-05-18 03:15:00,0.0
2030-05-18 03:30:00,0.0
2030-05-18 03:45:00,0.0
2030-05-18 04:00:00,0.0
2030-05-18 04:15:00,0.0
2030-05-18 04:30:00,0.0
2030-05-18 04:45:00,0.0
2030-05-18 05:00:00,0.0
2030-05-18 05:15:00,0.0
2030-05-18 05:30:00,0.0
2030-05-18 05:45:00,0.0
2030-05-18 06:00:00,0.0
2030-05-18 06:15:00,0.0
2030-05-18 06:30:00,0.0
2030-05-18 06:45:00,0.0
2030-05-18 07:00:00,0.0
2030-05-18 07:15:00,0.0
2030-05-18 07:30:00,0.0
2030-05-18 07:45:00,0.0
2030-05-18 08:00:00,0.0
2030-05-18 08:15:00,0.0
2030-05-18 08:30:00,0.0
2030-05-18 08:45:00,0.0
2030-05-18 09:00:00,0.0
2030-05-18 09:15:00,0.0
2030-05-18 09:30:00,0.0
2030-05-18 09:45:00,0.0
2030-05-18 10:00:00,0.0
2030-05-18 10:15:00,0.0
2030-05-18 10:30:00,0.0
2030-05-18 10:45:00,0.0
2030-05-18 11:00:00,0.0
2030-05-18 11:15:00,0.0
2030-05-18 11:30:00,0.0
2030-05-18 11:45:00,0.0
2030-05-18 12:00:00,0.0
2030-05-18 12:15:00,0.0
2030-05-18 12:30:00,0.0
2030-05-18 12:45:00,0.0
2030-05-18 13:00:00,0.0
2030-05-18 13:15:00,0.0
2030-05-18 13:30:00,0.0
2030-05-18 13:45:00,0.0
2030-05-18 14:00:00,0.0
2030-05-18 14:15:00,0.0
2030-05-18 14:30:00,0.0
2030-05-18 14:45:00,0.0
2030-05-18 15:00:00,0.0
2030-05-18 15:15:00,0.0
2030-05-18 15:30:00,0.0
2030-05-18 15:45:00,0.0
2030-05-18 16:00:00,0.0
2030-05-18 16:15:00,0.0
2030-05-18 16:30:00,0.0
2030-05-18 16:45:00,0.0
2030-05-18 17:00:00,0.0
2030-05-18 17:15:00,0.0
2030-05-18 17:30:00,0.0
2030-05-18 17:45:00,0.0
2030-05-18 18:00:00,0.0
2030-05-18 18:15:00,0.0
2030-05-18 18:30:00,0.0
2030-05-18 18:45:00,0.0
2030-05-18 19:00:00,0.0
2030-05-18 19:15:00,0.0
2030-05-18 19:30:00,0.0
2030-05-18 19:45:00,0.0
2030-05-18 20:00:00,0.0
2030-05-18 20:15:00,0.0
2030-05-18 20:30:00,0.0
2030-05-18 20:45:00,0.0
2030-05-18 21:00:00,0.0
2030-05-18 21:15:00,0.0
2030-05-18 21:30:00,0.0
2030-05-18 21:45:00,0.0
2030-05-18 22:00:00,0.0
2030-05-18 22:15:00,0.0
2030-05-18 22:30:00,0.0
2030-05-18 22:45:00,0.0
2030-05-18 23:00:00,0.0
2030-05-18 23:15:00,0.0
2030-05-18 23:30:00,0.0
2030-05-18 23:45:00,0.0
2030-05-19 00:00:00,0.0
2030-05-19 00:15:00,0.0
2030-05-19 00:30:00,0.0
2030-05-19 00:45:00,0.0
2030-05-19 01:00:00,0.0
2030-05-19 01:15:00,0.0
2030-05-19 01:30:00,0.0
2030-05-19 01:45:00,0.0
2030-05-19 02:00:00,0.0
2030-05-19 02:15:00,0.0
2030-05-19 02:30:00,0.0
2030-05-19 02:45:00,0.0
2030-05-19 03:00:00,0.0
2030-05-19 03:15:00,0.0
2030-05-19 03:30:00,0.0
2030-05-19 03:45:00,0.0
2030-05-19 04:00:00,0.0
2030-05-19 04:15:00,0.0
2030-05-19 04:30:00,0.0
2030-05-19 04:45:00,0.0
2030-05-19 05:00:00,0.0
2030-05-19 05:15:00,0.0
2030-05-19 05:30:00,0.0
2030-05-19 05:45:00,0.0
2030-05-19 06:00:00,0.0
2030-05-19 06:15:00,0.0
2030-05-19 06:30:00,0.0
2030-05-19 06:45:00,0.0
2030-05-19 07:00:00,0.0
2030-05-19 07:15:00,0.0
2030-05-19 07:30:00,0.0
2030-05-19 07:45:00,0.0
2030-05-19 08:00:00,0.0
2030-05-19 08:15:00,0.0
2030-05-19 08:30:00,0.0
2030-05-19 08:45:00,0.0
2030-05-19 09:00:00,0.0
2030-05-19 09:15:00,0.0
2030-05-19 09:30:00,0.0
2030-05-19 09:45:00,0.0
2030-05-19 10:00:00,0.0
2030-05-19 10:15:00,0.0
2030-05-19 10:30:00,0.0
2030-05-19 10:45:00,0.0
2030-05-19 11:00:00,0.0
2030-05-19 11:15:00,0.0
2030-05-19 11:30:00,0.0
2030-05-19 11:45:00,0.0
2030-05-19 12:00:00,0.0
2030-05-19 12:15:00,0.0
2030-05-19 12:30:00,0.0
2030-05-19 12:45:00,0.0
2030-05-19 13:00:00,0.0
2030-05-19 13:15:00,0.0
2030-05-19 13:30:00,0.0
2030-05-19 13:45:00,0.0
2030-05-19 14:00:00,0.0
2030-05-19 14:15:00,0.0
2030-05-19 14:30:00,0.0
2030-05-19 14:45:00,0.0
2030-05-19 15:00:00,0.0
2030-05-19 15:15:00,0.0
2030-05-19 15:30:00,0.0
2030-05-19 15:45:00,0.0
2030-05-19 16:00:00,0.0
2030-05-19 16:15:00,0.0
2030-05-19 16:30:00,0.0
2030-05-19 16:45:00,0.0
2030-05-19 17:00:00,0.0
2030-05-19 17:15:00,0.0
2030-05-19 17:30:00,0.0
2030-05-19 17:45:00,0.0
2030-05-19 18:00:00,0.0
2030-05-19 18:15:00,0.0
2030-05-19 18:30:00,0.0
2030-05-19 18:45:00,0.0
2030-05-19 19:00:00,0.0
2030-05-19 19:15:00,0.0
2030-05-19 19:30:00,0.0
2030-05-19 19:45:00,0.0
2030-05-19 20:00:00,0.0
2030-05-19 20:15:00,0.0
2030-05-19 20:30:00,0.0
2030-05-19 20:45:00,0.0
2030-05-19 21:00:00,0.0
2030-05-19 21:15:00,0.0
2030-05-19 21:30:00,0.0
2030-05-19 21:45:00,0.0
2030-05-19 22:00:00,0.0
2030-05-19 22:15:00,0.0
2030-05-19 22:30:00,0.0
2030-05-19 22:45:00,0.0
2030-05-19 23:00:00,0.0
2030-05-19 23:15:00,0.0
2030-05-19 23:30:00,0.0
2030-05-19 23:45:00,0.0
2030-05-20 00:00:00,0.0
2030-05-20 00:15:00,0.0
2030-05-20 00:30:00,0.0
2030-05-20 00:45:00,0.0
2030-05-20 01:00:00,0.0
2030-05-20 01:15:00,0.0
2030-05-20 01:30:00,0.0
2030-05-20 01:45:00,0.0
2030-05-20 02:00:00,0.0
2030-05-20 02:15:00,0.0
2030-05-20 02:30:00,0.0
2030-05-20 02:45:00,0.0
2030-05-20 03:00:00,0.0
2030-05-20 03:15:00,0.0
2030-05-20 03:30:00,0.0
2030-05-20 03:45:00,0.0
2030-05-20 04:00:00,0.0
2030-05-20 04:15:00,0.0
2030-05-20 04:30:00,0.0
2030-05-20 04:45:00,0.0
2030-05-20 05:00:00,0.0
2030-05-20 05:15:00,0.0
2030-05-20 05:30:00,0.0
2030-05-20 05:45:00,0.0
2030-05-20 06:00:00,0.0
2030-05-20 06:15:00,0.0
2030-05-20 06:30:00,0.0
2030-05-20 06:45:00,0.0
2030-05-20 07:00:00,0.0
2030-05-20 07:15:00,0.0
2030-05-20 07:30:00,0.0
2030-05-20 07:45:00,0.0
2030-05-20 08:00:00,0.0
2030-05-20 08:15:00,0.0
2030-05-20 08:30:00,0.0
2030-05-20 08:45:00,0.0
2030-05-20 09:00:00,0.0
2030-05-20 09:15:00,0.0
2030-05-20 09:30:00,0.0
2030-05-20 09:45:00,0.0
2030-05-20 10:00:00,0.0
2030-05-20 10:15:00,0.0
2030-05-20 10:30:00,0.0
2030-05-20 10:45:00,0.0
2030-05-20 11:00:00,0.0
2030-05-20 11:15:00,0.0
2030-05-20 11:30:00,0.0
2030-05-20 11:45:00,0.0
2030-05-20 12:00:00,0.0
2030-05-20 12:15:00,0.0
2030-05-20 12:30:00,0.0
2030-05-20 12:45:00,0.0
2030-05-20 13:00:00,0.0
2030-05-20 13:15:00,0.0
2030-05-20 13:30:00,0.0
2030-05-20 13:45:00,0.0
2030-05-20 14:00:00,0.0
2030-05-20 14:15:00,0.0
2030-05-20 14:30:00,0.0
2030-05-20 14:45:00,0.0
2030-05-20 15:00:00,0.0
2030-05-20 15:15:00,0.0
2030-05-20 15:30:00,0.0
2030-05-20 15:45:00,0.0
2030-05-20 16:00:00,0.0
2030-05-20 16:15:00,0.0
2030-05-20 16:30:00,0.0
2030-05-20 16:45:00,0.0
2030-05-20 17:00:00,0.0
2030-05-20 17:15:00,0.0
2030-05-20 17:30:00,0.0
2030-05-20 17:45:00,0.0
2030-05-20 18:00:00,0.0
2030-05-20 18:15:00,0.0
2030-05-20 18:30:00,0.0
2030-05-20 18:45:00,0.0
2030-05-20 19:00:00,0.0
2030-05-20 19:15:00,0.0
2030-05-20 19:30:00,0.0
2030-05-20 19:45:00,0.0
2030-05-20 20:00:00,0.0
2030-05-20 20:15:00,0.0
2030-05-20 20:30:00,0.0
2030-05-20 20:45:00,0.0
2030-05-20 21:00:00,0.0
2030-05-20 21:15:00,0.0
2030-05-20 21:30:00,0.0
2030-05-20 21:45:00,0.0
2030-05-20 22:00:00,0.0
2030-05-20 22:15:00,0.0
2030-05-20 22:30:00,0.0
2030-05-20 22:45:00,0.0
2030-05-20 23:00:00,0.0
2030-05-20 23:15:00,0.0
2030-05-20 23:30:00,0.0
2030-05-20 23:45:00,0.0
2030-05-21 00:00:00,0.0
2030-05-21 00:15:00,0.0
2030-05-21 00:30:00,0.0
2030-05-21 00:45:00,0.0
2030-05-21 01:00:00,0.0
2030-05-21 01:15:00,0.0
2030-05-21 01:30:00,0.0
2030-05-21 01:45:00,0.0
2030-05-21 02:00:00,0.0
2030-05-21 02:15:00,0.0
2030-05-21 02:30:00,0.0
2030-05-21 02:45:00,0.0
2030-05-21 03:00:00,0.0
2030-05-21 03:15:00,0.0
2030-05-21 03:30:00,0.0
2030-05-21 03:45:00,0.0
2030-05-21 04:00:00,0.0
2030-05-21 04:15:00,0.0
2030-05-21 04:30:00,0.0
2030-05-21 04:45:00,0.0
2030-05-21 05:00:00,0.0
2030-05-21 05:15:00,0.0
2030-05-21 05:30:00,0.0
2030-05-21 05:45:00,0.0
2030-05-21 06:00:00,0.0
2030-05-21 06:15:00,0.0
2030-05-21 06:30:00,0.0
2030-05-21 06:45:00,0.0
2030-05-21 07:00:00,0.0
2030-05-21 07:15:00,0.0
2030-05-21 07:30:00,0.0
2030-05-21 07:45:00,0.0
2030-05-21 08:00:00,0.0
2030-05-21 08:15:00,0.0
2030-05-21 08:30:00,0.0
2030-05-21 08:45:00,0.0
2030-05-21 09:00:00,0.0
2030-05-21 09:15:00,0.0
2030-05-21 09:30:00,0.0
2030-05-21 09:45:00,0.0
2030-05-21 10:00:00,0.0
2030-05-21 10:15:00,0.0
2030-05-21 10:30:00,0.0
2030-05-21 10:45:00,0.0
2030-05-21 11:00:00,0.0
2030-05-21 11:15:00,0.0
2030-05-21 11:30:00,0.0
2030-05-21 11:45:00,0.0
2030-05-21 12:00:00,0.0
2030-05-21 12:15:00,0.0
2030-05-21 12:30:00,0.0
2030-05-21 12:45:00,0.0
2030-05-21 13:00:00,0.0
2030-05-21 13:15:00,0.0
2030-05-21 13:30:00,0.0
2030-05-21 13:45:00,0.0
2030-05-21 14:00:00,0.0
2030-05-21 14:15:00,0.0
2030-05-21 14:30:00,0.0
2030-05-21 14:45:00,0.0
2030-05-21 15:00:00,0.0
2030-05-21 15:15:00,0.0
2030-05-21 15:30:00,0.0
2030-05-21 15:45:00,0.0
2030-05-21 16:00:00,0.0
2030-05-21 16:15:00,0.0
2030-05-21 16:30:00,0.0
2030-05-21 16:45:00,0.0
2030-05-21 17:00:00,0.0
2030-05-21 17:15:00,0.0
2030-05-21 17:30:00,0.0
2030-05-21 17:45:00,0.0
2030-05-21 18:00:00,0.0
2030-05-21 18:15:00,0.0
2030-05-21 18:30:00,0.0
2030-05-21 18:45:00,0.0
2030-05-21 19:00:00,0.0
2030-05-21 19:15:00,0.0
2030-05-21 19:30:00,0.0
2030-05-21 19:45:00,0.0
2030-05-21 20:00:00,0.0
2030-05-21 20:15:00,0.0
2030-05-21 20:30:00,0.0
2030-05-21 20:45:00,0.0
2030-05-21 21:00:00,0.0
2030-05-21 21:15:00,0.0
2030-05-21 21:30:00,0.0
2030-05-21 21:45:00,0.0
2030-05-21 22:00:00,0.0
2030-05-21 22:15:00,0.0
2030-05-21 22:30:00,0.0
2030-05-21 22:45:00,0.0
2030-05-21 23:00:00,0.0
2030-05-21 23:15:00,0.0
2030-05-21 23:30:00,0.0
2030-05-21 23:45:00,0.0
2030-05-22 00:00:00,0.0
2030-05-22 00:15:00,0.0
2030-05-22 00:30:00,0.0
2030-05-22 00:45:00,0.0
2030-05-22 01:00:00,0.0
2030-05-22 01:15:00,0.0
2030-05-22 01:30:00,0.0
2030-05-22 01:45:00,0.0
2030-05-22 02:00:00,0.0
2030-05-22 02:15:00,0.0
2030-05-22 02:30:00,0.0
2030-05-22 02:45:00,0.0
2030-05-22 03:00:00,0.0
2030-05-22 03:15:00,0.0
2030-05-22 03:30:00,0.0
2030-05-22 03:45:00,0.0
2030-05-22 04:00:00,0.0
2030-05-22 04:15:00,0.0
2030-05-22 04:30:00,0.0
2030-05-22 04:45:00,0.0
2030-05-22 05:00:00,0.0
2030-05-22 05:15:00,0.0
2030-05-22 05:30:00,0.0
2030-05-22 05:45:00,0.0
2030-05-22 06:00:00,0.0
2030-05-22 06:15:00,0.0
2030-05-22 06:30:00,0.0
2030-05-22 06:45:00,0.0
2030-05-22 07:00:00,0.0
2030-05-22 07:15:00,0.0
2030-05-22 07:30:00,0.0
2030-05-22 07:45:00,0.0
2030-05-22 08:00:00,0.0
2030-05-22 08:15:00,0.0
2030-05-22 08:30:00,0.0
2030-05-22 08:45:00,0.0
2030-05-22 09:00:00,0.0
2030-05-22 09:15:00,0.0
2030-05-22 09:30:00,0.0
2030-05-22 09:45:00,0.0
2030-05-22 10:00:00,0.0
2030-05-22 10:15:00,0.0
2030-05-22 10:30:00,0.0
2030-05-22 10:45:00,0.0
2030-05-22 11:00:00,0.0
2030-05-22 11:15:00,0.0
2030-05-22 11:30:00,0.0
2030-05-22 11:45:00,0.0
2030-05-22 12:00:00,0.0
2030-05-22 12:15:00,0.0
2030-05-22 12:30:00,0.0
2030-05-22 12:45:00,0.0
2030-05-22 13:00:00,0.0
2030-05-22 13:15:00,0.0
2030-05-22 13:30:00,0.0
2030-05-22 13:45:00,0.0
2030-05-22 14:00:00,0.0
2030-05-22 14:15:00,0.0
2030-05-22 14:30:00,0.0
2030-05-22 14:45:00,0.0
2030-05-22 15:00:00,0.0
2030-05-22 15:15:00,0.0
2030-05-22 15:30:00,0.0
2030-05-22 15:45:00,0.0
2030-05-22 16:00:00,0.0
2030-05-22 16:15:00,0.0
2030-05-22 16:30:00,0.0
2030-05-22 16:45:00,0.0
2030-05-22 17:00:00,0.0
2030-05-22 17:15:00,0.0
2030-05-22 17:30:00,0.0
2030-05-22 17:45:00,0.0
2030-05-22 18:00:00,0.0
2030-05-22 18:15:00,0.0
2030-05-22 18:30:00,0.0
2030-05-22 18:45:00,0.0
2030-05-22 19:00:00,0.0
2030-05-22 19:15:00,0.0
2030-05-22 19:30:00,0.0
2030-05-22 19:45:00,0.0
2030-05-22 20:00:00,0.0
2030-05-22 20:15:00,0.0
2030-05-22 20:30:00,0.0
2030-05-22 20:45:00,0.0
2030-05-22 21:00:00,0.0
2030-05-22 21:15:00,0.0
2030-05-22 21:30:00,0.0
2030-05-22 21:45:00,0.0
2030-05-22 22:00:00,0.0
2030-05-22 22:15:00,0.0
2030-05-22 22:30:00,0.0
2030-05-22 22:45:00,0.0
2030-05-22 23:00:00,0.0
2030-05-22 23:15:00,0.0
2030-05-22 23:30:00,0.0
2030-05-22 23:45:00,0.0
2030-05-23 00:00:00,0.0
2030-05-23 00:15:00,0.0
2030-05-23 00:30:00,0.0
2030-05-23 00:45:00,0.0
2030-05-23 01:00:00,0.0
2030-05-23 01:15:00,0.0
2030-05-23 01:30:00,0.0
2030-05-23 01:45:00,0.0
2030-05-23 02:00:00,0.0
2030-05-23 02:15:00,0.0
2030-05-23 02:30:00,0.0
2030-05-23 02:45:00,0.0
2030-05-23 03:00:00,0.0
2030-05-23 03:15:00,0.0
2030-05-23 03:30:00,0.0
2030-05-23 03:45:00,0.0
2030-05-23 04:00:00,0.0
2030-05-23 04:15:00,0.0
2030-05-23 04:30:00,0.0
2030-05-23 04:45:00,0.0
2030-05-23 05:00:00,0.0
2030-05-23 05:15:00,0.0
2030-05-23 05:30:00,0.0
2030-05-23 05:45:00,0.0
2030-05-23 06:00:00,0.0
2030-05-23 06:15:00,0.0
2030-05-23 06:30:00,0.0
2030-05-23 06:45:00,0.0
2030-05-23 07:00:00,0.0
2030-05-23 07:15:00,0.0
2030-05-23 07:30:00,0.0
2030-05-23 07:45:00,0.0
2030-05-23 08:00:00,0.0
2030-05-23 08:15:00,0.0
2030-05-23 08:30:00,0.0
2030-05-23 08:45:00,0.0
2030-05-23 09:00:00,0.0
2030-05-23 09:15:00,0.0
2030-05-23 09:30:00,0.0
2030-05-23 09:45:00,0.0
2030-05-23 10:00:00,0.0
2030-05-23 10:15:00,0.0
2030-05-23 10:30:00,0.0
2030-05-23 10:45:00,0.0
2030-05-23 11:00:00,0.0
2030-05-23 11:15:00,0.0
2030-05-23 11:30:00,0.0
2030-05-23 11:45:00,0.0
2030-05-23 12:00:00,0.0
2030-05-23 12:15:00,0.0
2030-05-23 12:30:00,0.0
2030-05-23 12:45:00,0.0
2030-05-23 13:00:00,0.0
2030-05-23 13:15:00,0.0
2030-05-23 13:30:00,0.0
2030-05-23 13:45:00,0.0
2030-05-23 14:00:00,0.0
2030-05-23 14:15:00,0.0
2030-05-23 14:30:00,0.0
2030-05-23 14:45:00,0.0
2030-05-23 15:00:00,0.0
2030-05-23 15:15:00,0.0
2030-05-23 15:30:00,0.0
2030-05-23 15:45:00,0.0
2030-05-23 16:00:00,0.0
2030-05-23 16:15:00,0.0
2030-05-23 16:30:00,0.0
2030-05-23 16:45:00,0.0
2030-05-23 17:00:00,0.0
2030-05-23 17:15:00,0.0
2030-05-23 17:30:00,0.0
2030-05-23 17:45:00,0.0
2030-05-23 18:00:00,0.0
2030-05-23 18:15:00,0.0
2030-05-23 18:30:00,0.0
2030-05-23 18:45:00,0.0
2030-05-23 19:00:00,0.0
2030-05-23 19:15:00,0.0
2030-05-23 19:30:00,0.0
2030-05-23 19:45:00,0.0
2030-05-23 20:00:00,0.0
2030-05-23 20:15:00,0.0
2030-05-23 20:30:00,0.0
2030-05-23 20:45:00,0.0
2030-05-23 21:00:00,0.0
2030-05-23 21:15:00,0.0
2030-05-23 21:30:00,0.0
2030-05-23 21:45:00,0.0
2030-05-23 22:00:00,0.0
2030-05-23 22:15:00,0.0
2030-05-23 22:30:00,0.0
2030-05-23 22:45:00,0.0
2030-05-23 23:00:00,0.0
2030-05-23 23:15:00,0.0
2030-05-23 23:30:00,0.0
2030-05-23 23:45:00,0.0
2030-05-24 00:00:00,0.0
2030-05-24 00:15:00,0.0
2030-05-24 00:30:00,0.0
2030-05-24 00:45:00,0.0
2030-05-24 01:00:00,0.0
2030-05-24 01:15:00,0.0
2030-05-24 01:30:00,0.0
2030-05-24 01:45:00,0.0
2030-05-24 02:00:00,0.0
2030-05-24 02:15:00,0.0
2030-05-24 02:30:00,0.0
2030-05-24 02:45:00,0.0
2030-05-24 03:00:00,0.0
2030-05-24 03:15:00,0.0
2030-05-24 03:30:00,0.0
2030-05-24 03:45:00,0.0
2030-05-24 04:00:00,0.0
2030-05-24 04:15:00,0.0
2030-05-24 04:30:00,0.0
2030-05-24 04:45:00,0.0
2030-05-24 05:00:00,0.0
2030-05-24 05:15:00,0.0
2030-05-24 05:30:00,0.0
2030-05-24 05:45:00,0.0
2030-05-24 06:00:00,0.0
2030-05-24 06:15:00,0.0
2030-05-24 06:30:00,0.0
2030-05-24 06:45:00,0.0
2030-05-24 07:00:00,0.0
2030-05-24 07:15:00,0.0
2030-05-24 07:30:00,0.0
2030-05-24 07:45:00,0.0
2030-05-24 08:00:00,0.0
2030-05-24 08:15:00,0.0
2030-05-24 08:30:00,0.0
2030-05-24 08:45:00,0.0
2030-05-24 09:00:00,0.0
2030-05-24 09:15:00,0.0
2030-05-24 09:30:00,0.0
2030-05-24 09:45:00,0.0
2030-05-24 10:00:00,0.0
2030-05-24 10:15:00,0.0
2030-05-24 10:30:00,0.0
2030-05-24 10:45:00,0.0
2030-05-24 11:00:00,0.0
2030-05-24 11:15:00,0.0
2030-05-24 11:30:00,0.0
2030-05-24 11:45:00,0.0
2030-05-24 12:00:00,0.0
2030-05-24 12:15:00,0.0
2030-05-24 12:30:00,0.0
2030-05-24 12:45:00,0.0
2030-05-24 13:00:00,0.0
2030-05-24 13:15:00,0.0
2030-05-24 13:30:00,0.0
2030-05-24 13:45:00,0.0
2030-05-24 14:00:00,0.0
2030-05-24 14:15:00,0.0
2030-05-24 14:30:00,0.0
2030-05-24 14:45:00,0.0
2030-05-24 15:00:00,0.0
2030-05-24 15:15:00,0.0
2030-05-24 15:30:00,0.0
2030-05-24 15:45:00,0.0
2030-05-24 16:00:00,0.0
2030-05-24 16:15:00,0.0
2030-05-24 16:30:00,0.0
2030-05-24 16:45:00,0.0
2030-05-24 17:00:00,0.0
2030-05-24 17:15:00,0.0
2030-05-24 17:30:00,0.0
2030-05-24 17:45:00,0.0
2030-05-24 18:00:00,0.0
2030-05-24 18:15:00,0.0
2030-05-24 18:30:00,0.0
2030-05-24 18:45:00,0.0
2030-05-24 19:00:00,0.0
2030-05-24 19:15:00,0.0
2030-05-24 19:30:00,0.0
2030-05-24 19:45:00,0.0
2030-05-24 20:00:00,0.0
2030-05-24 20:15:00,0.0
2030-05-24 20:30:00,0.0
2030-05-24 20:45:00,0.0
2030-05-24 21:00:00,0.0
2030-05-24 21:15:00,0.0
2030-05-24 21:30:00,0.0
2030-05-24 21:45:00,0.0
2030-05-24 22:00:00,0.0
2030-05-24 22:15:00,0.0
2030-05-24 22:30:00,0.0
2030-05-24 22:45:00,0.0
2030-05-24 23:00:00,0.0
2030-05-24 23:15:00,0.0
2030-05-24 23:30:00,0.0
2030-05-24 23:45:00,0.0
2030-05-25 00:00:00,0.0
2030-05-25 00:15:00,0.0
2030-05-25 00:30:00,0.0
2030-05-25 00:45:00,0.0
2030-05-25 01:00:00,0.0
2030-05-25 01:15:00,0.0
2030-05-25 01:30:00,0.0
2030-05-25 01:45:00,0.0
2030-05-25 02:00:00,0.0
2030-05-25 02:15:00,0.0
2030-05-25 02:30:00,0.0
2030-05-25 02:45:00,0.0
2030-05-25 03:00:00,0.0
2030-05-25 03:15:00,0.0
2030-05-25 03:30:00,0.0
2030-05-25 03:45:00,0.0
2030-05-25 04:00:00,0.0
2030-05-25 04:15:00,0.0
2030-05-25 04:30:00,0.0
2030-05-25 04:45:00,0.0
2030-05-25 05:00:00,0.0
2030-05-25 05:15:00,0.0
2030-05-25 05:30:00,0.0
2030-05-25 05:45:00,0.0
2030-05-25 06:00:00,0.0
2030-05-25 06:15:00,0.0
2030-05-25 06:30:00,0.0
2030-05-25 06:45:00,0.0
2030-05-25 07:00:00,0.0
2030-05-25 07:15:00,0.0
2030-05-25 07:30:00,0.0
2030-05-25 07:45:00,0.0
2030-05-25 08:00:00,0.0
2030-05-25 08:15:00,0.0
2030-05-25 08:30:00,0.0
2030-05-25 08:45:00,0.0
2030-05-25 09:00:00,0.0
2030-05-25 09:15:00,0.0
2030-05-25 09:30:00,0.0
2030-05-25 09:45:00,0.0
2030-05-25 10:00:00,0.0
2030-05-25 10:15:00,0.0
2030-05-25 10:30:00,0.0
2030-05-25 10:45:00,0.0
2030-05-25 11:00:00,0.0
2030-05-25 11:15:00,0.0
2030-05-25 11:30:00,0.0
2030-05-25 11:45:00,0.0
2030-05-25 12:00:00,0.0
2030-05-25 12:15:00,0.0
2030-05-25 12:30:00,0.0
2030-05-25 12:45:00,0.0
2030-05-25 13:00:00,0.0
2030-05-25 13:15:00,0.0
2030-05-25 13:30:00,0.0
2030-05-25 13:45:00,0.0
2030-05-25 14:00:00,0.0
2030-05-25 14:15:00,0.0
2030-05-25 14:30:00,0.0
2030-05-25 14:45:00,0.0
2030-05-25 15:00:00,0.0
2030-05-25 15:15:00,0.0
2030-05-25 15:30:00,0.0
2030-05-25 15:45:00,0.0
2030-05-25 16:00:00,0.0
2030-05-25 16:15:00,0.0
2030-05-25 16:30:00,0.0
2030-05-25 16:45:00,0.0
2030-05-25 17:00:00,0.0
2030-05-25 17:15:00,0.0
2030-05-25 17:30:00,0.0
2030-05-25 17:45:00,0.0
2030-05-25 18:00:00,0.0
2030-05-25 18:15:00,0.0
2030-05-25 18:30:00,0.0
2030-05-25 18:45:00,0.0
2030-05-25 19:00:00,0.0
2030-05-25 19:15:00,0.0
2030-05-25 19:30:00,0.0
2030-05-25 19:45:00,0.0
2030-05-25 20:00:00,0.0
2030-05-25 20:15:00,0.0
2030-05-25 20:30:00,0.0
2030-05-25 20:45:00,0.0
2030-05-25 21:00:00,0.0
2030-05-25 21:15:00,0.0
2030-05-25 21:30:00,0.0
2030-05-25 21:45:00,0.0
2030-05-25 22:00:00,0.0
2030-05-25 22:15:00,0.0
2030-05-25 22:30:00,0.0
2030-05-25 22:45:00,0.0
2030-05-25 23:00:00,0.0
2030-05-25 23:15:00,0.0
2030-05-25 23:30:00,0.0
2030-05-25 23:45:00,0.0
2030-05-26 00:00:00,0.0
2030-05-26 00:15:00,0.0
2030-05-26 00:30:00,0.0
2030-05-26 00:45:00,0.0
2030-05-26 01:00:00,0.0
2030-05-26 01:15:00,0.0
2030-05-26 01:30:00,0.0
2030-05-26 01:45:00,0.0
2030-05-26 02:00:00,0.0
2030-05-26 02:15:00,0.0
2030-05-26 02:30:00,0.0
2030-05-26 02:45:00,0.0
2030-05-26 03:00:00,0.0
2030-05-26 03:15:00,0.0
2030-05-26 03:30:00,0.0
2030-05-26 03:45:00,0.0
2030-05-26 04:00:00,0.0
2030-05-26 04:15:00,0.0
2030-05-26 04:30:00,0.0
2030-05-26 04:45:00,0.0
2030-05-26 05:00:00,0.0
2030-05-26 05:15:00,0.0
2030-05-26 05:30:00,0.0
2030-05-26 05:45:00,0.0
2030-05-26 06:00:00,0.0
2030-05-26 06:15:00,0.0
2030-05-26 06:30:00,0.0
2030-05-26 06:45:00,0.0
2030-05-26 07:00:00,0.0
2030-05-26 07:15:00,0.0
2030-05-26 07:30:00,0.0
2030-05-26 07:45:00,0.0
2030-05-26 08:00:00,0.0
2030-05-26 08:15:00,0.0
2030-05-26 08:30:00,0.0
2030-05-26 08:45:00,0.0
2030-05-26 09:00:00,0.0
2030-05-26 09:15:00,0.0
2030-05-26 09:30:00,0.0
2030-05-26 09:45:00,0.0
2030-05-26 10:00:00,0.0
2030-05-26 10:15:00,0.0
2030-05-26 10:30:00,0.0
2030-05-26 10:45:00,0.0
2030-05-26 11:00:00,0.0
2030-05-26 11:15:00,0.0
2030-05-26 11:30:00,0.0
2030-05-26 11:45:00,0.0
2030-05-26 12:00:00,0.0
2030-05-26 12:15:00,0.0
2030-05-26 12:30:00,0.0
2030-05-26 12:45:00,0.0
2030-05-26 13:00:00,0.0
2030-05-26 13:15:00,0.0
2030-05-26 13:30:00,0.0
2030-05-26 13:45:00,0.0
2030-05-26 14:00:00,0.0
2030-05-26 14:15:00,0.0
2030-05-26 14:30:00,0.0
2030-05-26 14:45:00,0.0
2030-05-26 15:00:00,0.0
2030-05-26 15:15:00,0.0
2030-05-26 15:30:00,0.0
2030-05-26 15:45:00,0.0
2030-05-26 16:00:00,0.0
2030-05-26 16:15:00,0.0
2030-05-26 16:30:00,0.0
2030-05-26 16:45:00,0.0
2030-05-26 17:00:00,0.0
2030-05-26 17:15:00,0.0
2030-05-26 17:30:00,0.0
2030-05-26 17:45:00,0.0
2030-05-26 18:00:00,0.0
2030-05-26 18:15:00,0.0
2030-05-26 18:30:00,0.0
2030-05-26 18:45:00,0.0
2030-05-26 19:00:00,0.0
2030-05-26 19:15:00,0.0
2030-05-26 19:30:00,0.0
2030-05-26 19:45:00,0.0
2030-05-26 20:00:00,0.0
2030-05-26 20:15:00,0.0
2030-05-26 20:30:00,0.0
2030-05-26 20:45:00,0.0
2030-05-26 21:00:00,0.0
2030-05-26 21:15:00,0.0
2030-05-26 21:30:00,0.0
2030-05-26 21:45:00,0.0
2030-05-26 22:00:00,0.0
2030-05-26 22:15:00,0.0
2030-05-26 22:30:00,0.0
2030-05-26 22:45:00,0.0
2030-05-26 23:00:00,0.0
2030-05-26 23:15:00,0.0
2030-05-26 23:30:00,0.0
2030-05-26 23:45:00,0.0
2030-05-27 00:00:00,0.0
2030-05-27 00:15:00,0.0
2030-05-27 00:30:00,0.0
2030-05-27 00:45:00,0.0
2030-05-27 01:00:00,0.0
2030-05-27 01:15:00,0.0
2030-05-27 01:30:00,0.0
2030-05-27 01:45:00,0.0
2030-05-27 02:00:00,0.0
2030-05-27 02:15:00,0.0
2030-05-27 02:30:00,0.0
2030-05-27 02:45:00,0.0
2030-05-27 03:00:00,0.0
2030-05-27 03:15:00,0.0
2030-05-27 03:30:00,0.0
2030-05-27 03:45:00,0.0
2030-05-27 04:00:00,0.0
2030-05-27 04:15:00,0.0
2030-05-27 04:30:00,0.0
2030-05-27 04:45:00,0.0
2030-05-27 05:00:00,0.0
2030-05-27 05:15:00,0.0
2030-05-27 05:30:00,0.0
2030-05-27 05:45:00,0.0
2030-05-27 06:00:00,0.0
2030-05-27 06:15:00,0.0
2030-05-27 06:30:00,0.0
2030-05-27 06:45:00,0.0
2030-05-27 07:00:00,0.0
2030-05-27 07:15:00,0.0
2030-05-27 07:30:00,0.0
2030-05-27 07:45:00,0.0
2030-05-27 08:00:00,0.0
2030-05-27 08:15:00,0.0
2030-05-27 08:30:00,0.0
2030-05-27 08:45:00,0.0
2030-05-27 09:00:00,0.0
2030-05-27 09:15:00,0.0
2030-05-27 09:30:00,0.0
2030-05-27 09:45:00,0.0
2030-05-27 10:00:00,0.0
2030-05-27 10:15:00,0.0
2030-05-27 10:30:00,0.0
2030-05-27 10:45:00,0.0
2030-05-27 11:00:00,0.0
2030-05-27 11:15:00,0.0
2030-05-27 11:30:00,0.0
2030-05-27 11:45:00,0.0
2030-05-27 12:00:00,0.0
2030-05-27 12:15:00,0.0
2030-05-27 12:30:00,0.0
2030-05-27 12:45:00,0.0
2030-05-27 13:00:00,0.0
2030-05-27 13:15:00,0.0
2030-05-27 13:30:00,0.0
2030-05-27 13:45:00,0.0
2030-05-27 14:00:00,0.0
2030-05-27 14:15:00,0.0
2030-05-27 14:30:00,0.0
2030-05-27 14:45:00,0.0
2030-05-27 15:00:00,0.0
2030-05-27 15:15:00,0.0
2030-05-27 15:30:00,0.0
2030-05-27 15:45:00,0.0
2030-05-27 16:00:00,0.0
2030-05-27 16:15:00,0.0
2030-05-27 16:30:00,0.0
2030-05-27 16:45:00,0.0
2030-05-27 17:00:00,0.0
2030-05-27 17:15:00,0.0
2030-05-27 17:30:00,0.0
2030-05-27 17:45:00,0.0
2030-05-27 18:00:00,0.0
2030-05-27 18:15:00,0.0
2030-05-27 18:30:00,0.0
2030-05-27 18:45:00,0.0
2030-05-27 19:00:00,0.0
2030-05-27 19:15:00,0.0
2030-05-27 19:30:00,0.0
2030-05-27 19:45:00,0.0
2030-05-27 20:00:00,0.0
2030-05-27 20:15:00,0.0
2030-05-27 20:30:00,0.0
2030-05-27 20:45:00,0.0
2030-05-27 21:00:00,0.0
2030-05-27 21:15:00,0.0
2030-05-27 21:30:00,0.0
2030-05-27 21:45:00,0.0
2030-05-27 22:00:00,0.0
2030-05-27 22:15:00,0.0
2030-05-27 22:30:00,0.0
2030-05-27 22:45:00,0.0
2030-05-27 23:00:00,0.0
2030-05-27 23:15:00,0.0
2030-05-27 23:30:00,0.0
2030-05-27 23:45:00,0.0
2030-05-28 00:00:00,0.0
2030-05-28 00:15:00,0.0
2030-05-28 00:30:00,0.0
2030-05-28 00:45:00,0.0
2030-05-28 01:00:00,0.0
2030-05-28 01:15:00,0.0
2030-05-28 01:30:00,0.0
2030-05-28 01:45:00,0.0
2030-05-28 02:00:00,0.0
2030-05-28 02:15:00,0.0
2030-05-28 02:30:00,0.0
2030-05-28 02:45:00,0.0
2030-05-28 03:00:00,0.0
2030-05-28 03:15:00,0.0
2030-05-28 03:30:00,0.0
2030-05-28 03:45:00,0.0
2030-05-28 04:00:00,0.0
2030-05-28 04:15:00,0.0
2030-05-28 04:30:00,0.0
2030-05-28 04:45:00,0.0
2030-05-28 05:00:00,0.0
2030-05-28 05:15:00,0.0
2030-05-28 05:30:00,0.0
2030-05-28 05:45:00,0.0
2030-05-28 06:00:00,0.0
2030-05-28 06:15:00,0.0
2030-05-28 06:30:00,0.0
2030-05-28 06:45:00,0.0
2030-05-28 07:00:00,0.0
2030-05-28 07:15:00,0.0
2030-05-28 07:30:00,0.0
2030-05-28 07:45:00,0.0
2030-05-28 08:00:00,0.0
2030-05-28 08:15:00,0.0
2030-05-28 08:30:00,0.0
2030-05-28 08:45:00,0.0
2030-05-28 09:00:00,0.0
2030-05-28 09:15:00,0.0
2030-05-28 09:30:00,0.0
2030-05-28 09:45:00,0.0
2030-05-28 10:00:00,0.0
2030-05-28 10:15:00,0.0
2030-05-28 10:30:00,0.0
2030-05-28 10:45:00,0.0
2030-05-28 11:00:00,0.0
2030-05-28 11:15:00,0.0
2030-05-28 11:30:00,0.0
2030-05-28 11:45:00,0.0
2030-05-28 12:00:00,0.0
2030-05-28 12:15:00,0.0
2030-05-28 12:30:00,0.0
2030-05-28 12:45:00,0.0
2030-05-28 13:00:00,0.0
2030-05-28 13:15:00,0.0
2030-05-28 13:30:00,0.0
2030-05-28 13:45:00,0.0
2030-05-28 14:00:00,0.0
2030-05-28 14:15:00,0.0
2030-05-28 14:30:00,0.0
2030-05-28 14:45:00,0.0
2030-05-28 15:00:00,0.0
2030-05-28 15:15:00,0.0
2030-05-28 15:30:00,0.0
2030-05-28 15:45:00,0.0
2030-05-28 16:00:00,0.0
2030-05-28 16:15:00,0.0
2030-05-28 16:30:00,0.0
2030-05-28 16:45:00,0.0
2030-05-28 17:00:00,0.0
2030-05-28 17:15:00,0.0
2030-05-28 17:30:00,0.0
2030-05-28 17:45:00,0.0
2030-05-28 18:00:00,0.0
2030-05-28 18:15:00,0.0
2030-05-28 18:30:00,0.0
2030-05-28 18:45:00,0.0
2030-05-28 19:00:00,0.0
2030-05-28 19:15:00,0.0
2030-05-28 19:30:00,0.0
2030-05-28 19:45:00,0.0
2030-05-28 20:00:00,0.0
2030-05-28 20:15:00,0.0
2030-05-28 20:30:00,0.0
2030-05-28 20:45:00,0.0
2030-05-28 21:00:00,0.0
2030-05-28 21:15:00,0.0
2030-05-28 21:30:00,0.0
2030-05-28 21:45:00,0.0
2030-05-28 22:00:00,0.0
2030-05-28 22:15:00,0.0
2030-05-28 22:30:00,0.0
2030-05-28 22:45:00,0.0
2030-05-28 23:00:00,0.0
2030-05-28 23:15:00,0.0
2030-05-28 23:30:00,0.0
2030-05-28 23:45:00,0.0
2030-05-29 00:00:00,0.0
2030-05-29 00:15:00,0.0
2030-05-29 00:30:00,0.0
2030-05-29 00:45:00,0.0
2030-05-29 01:00:00,0.0
2030-05-29 01:15:00,0.0
2030-05-29 01:30:00,0.0
2030-05-29 01:45:00,0.0
2030-05-29 02:00:00,0.0
2030-05-29 02:15:00,0.0
2030-05-29 02:30:00,0.0
2030-05-29 02:45:00,0.0
2030-05-29 03:00:00,0.0
2030-05-29 03:15:00,0.0
2030-05-29 03:30:00,0.0
2030-05-29 03:45:00,0.0
2030-05-29 04:00:00,0.0
2030-05-29 04:15:00,0.0
2030-05-29 04:30:00,0.0
2030-05-29 04:45:00,0.0
2030-05-29 05:00:00,0.0
2030-05-29 05:15:00,0.0
2030-05-29 05:30:00,0.0
2030-05-29 05:45:00,0.0
2030-05-29 06:00:00,0.0
2030-05-29 06:15:00,0.0
2030-05-29 06:30:00,0.0
2030-05-29 06:45:00,0.0
2030-05-29 07:00:00,0.0
2030-05-29 07:15:00,0.0
2030-05-29 07:30:00,0.0
2030-05-29 07:45:00,0.0
2030-05-29 08:00:00,0.0
2030-05-29 08:15:00,0.0
2030-05-29 08:30:00,0.0
2030-05-29 08:45:00,0.0
2030-05-29 09:00:00,0.0
2030-05-29 09:15:00,0.0
2030-05-29 09:30:00,0.0
2030-05-29 09:45:00,0.0
2030-05-29 10:00:00,0.0
2030-05-29 10:15:00,0.0
2030-05-29 10:30:00,0.0
2030-05-29 10:45:00,0.0
2030-05-29 11:00:00,0.0
2030-05-29 11:15:00,0.0
2030-05-29 11:30:00,0.0
2030-05-29 11:45:00,0.0
2030-05-29 12:00:00,0.0
2030-05-29 12:15:00,0.0
2030-05-29 12:30:00,0.0
2030-05-29 12:45:00,0.0
2030-05-29 13:00:00,0.0
2030-05-29 13:15:00,0.0
2030-05-29 13:30:00,0.0
2030-05-29 13:45:00,0.0
2030-05-29 14:00:00,0.0
2030-05-29 14:15:00,0.0
2030-05-29 14:30:00,0.0
2030-05-29 14:45:00,0.0
2030-05-29 15:00:00,0.0
2030-05-29 15:15:00,0.0
2030-05-29 15:30:00,0.0
2030-05-29 15:45:00,0.0
2030-05-29 16:00:00,0.0
2030-05-29 16:15:00,0.0
2030-05-29 16:30:00,0.0
2030-05-29 16:45:00,0.0
2030-05-29 17:00:00,0.0
2030-05-29 17:15:00,0.0
2030-05-29 17:30:00,0.0
2030-05-29 17:45:00,0.0
2030-05-29 18:00:00,0.0
2030-05-29 18:15:00,0.0
2030-05-29 18:30:00,0.0
2030-05-29 18:45:00,0.0
2030-05-29 19:00:00,0.0
2030-05-29 19:15:00,0.0
2030-05-29 19:30:00,0.0
2030-05-29 19:45:00,0.0
2030-05-29 20:00:00,0.0
2030-05-29 20:15:00,0.0
2030-05-29 20:30:00,0.0
2030-05-29 20:45:00,0.0
2030-05-29 21:00:00,0.0
2030-05-29 21:15:00,0.0
2030-05-29 21:30:00,0.0
2030-05-29 21:45:00,0.0
2030-05-29 22:00:00,0.0
2030-05-29 22:15:00,0.0
2030-05-29 22:30:00,0.0
2030-05-29 22:45:00,0.0
2030-05-29 23:00:00,0.0
2030-05-29 23:15:00,0.0
2030-05-29 23:30:00,0.0
2030-05-29 23:45:00,0.0
2030-05-30 00:00:00,0.0
2030-05-30 00:15:00,0.0
2030-05-30 00:30:00,0.0
2030-05-30 00:45:00,0.0
2030-05-30 01:00:00,0.0
2030-05-30 01:15:00,0.0
2030-05-30 01:30:00,0.0
2030-05-30 01:45:00,0.0
2030-05-30 02:00:00,0.0
2030-05-30 02:15:00,0.0
2030-05-30 02:30:00,0.0
2030-05-30 02:45:00,0.0
2030-05-30 03:00:00,0.0
2030-05-30 03:15:00,0.0
2030-05-30 03:30:00,0.0
2030-05-30 03:45:00,0.0
2030-05-30 04:00:00,0.0
2030-05-30 04:15:00,0.0
2030-05-30 04:30:00,0.0
2030-05-30 04:45:00,0.0
2030-05-30 05:00:00,0.0
2030-05-30 05:15:00,0.0
2030-05-30 05:30:00,0.0
2030-05-30 05:45:00,0.0
2030-05-30 06:00:00,0.0
2030-05-30 06:15:00,0.0
2030-05-30 06:30:00,0.0
2030-05-30 06:45:00,0.0
2030-05-30 07:00:00,0.0
2030-05-30 07:15:00,0.0
2030-05-30 07:30:00,0.0
2030-05-30 07:45:00,0.0
2030-05-30 08:00:00,0.0
2030-05-30 08:15:00,0.0
2030-05-30 08:30:00,0.0
2030-05-30 08:45:00,0.0
2030-05-30 09:00:00,0.0
2030-05-30 09:15:00,0.0
2030-05-30 09:30:00,0.0
2030-05-30 09:45:00,0.0
2030-05-30 10:00:00,0.0
2030-05-30 10:15:00,0.0
2030-05-30 10:30:00,0.0
2030-05-30 10:45:00,0.0
2030-05-30 11:00:00,0.0
2030-05-30 11:15:00,0.0
2030-05-30 11:30:00,0.0
2030-05-30 11:45:00,0.0
2030-05-30 12:00:00,0.0
2030-05-30 12:15:00,0.0
2030-05-30 12:30:00,0.0
2030-05-30 12:45:00,0.0
2030-05-30 13:00:00,0.0
2030-05-30 13:15:00,0.0
2030-05-30 13:30:00,0.0
2030-05-30 13:45:00,0.0
2030-05-30 14:00:00,0.0
2030-05-30 14:15:00,0.0
2030-05-30 14:30:00,0.0
2030-05-30 14:45:00,0.0
2030-05-30 15:00:00,0.0
2030-05-30 15:15:00,0.0
2030-05-30 15:30:00,0.0
2030-05-30 15:45:00,0.0
2030-05-30 16:00:00,0.0
2030-05-30 16:15:00,0.0
2030-05-30 16:30:00,0.0
2030-05-30 16:45:00,0.0
2030-05-30 17:00:00,0.0
2030-05-30 17:15:00,0.0
2030-05-30 17:30:00,0.0
2030-05-30 17:45:00,0.0
2030-05-30 18:00:00,0.0
2030-05-30 18:15:00,0.0
2030-05-30 18:30:00,0.0
2030-05-30 18:45:00,0.0
2030-05-30 19:00:00,0.0
2030-05-30 19:15:00,0.0
2030-05-30 19:30:00,0.0
2030-05-30 19:45:00,0.0
2030-05-30 20:00:00,0.0
2030-05-30 20:15:00,0.0
2030-05-30 20:30:00,0.0
2030-05-30 20:45:00,0.0
2030-05-30 21:00:00,0.0
2030-05-30 21:15:00,0.0
2030-05-30 21:30:00,0.0
2030-05-30 21:45:00,0.0
2030-05-30 22:00:00,0.0
2030-05-30 22:15:00,0.0
2030-05-30 22:30:00,0.0
2030-05-30 22:45:00,0.0
2030-05-30 23:00:00,0.0
2030-05-30 23:15:00,0.0
2030-05-30 23:30:00,0.0
2030-05-30 23:45:00,0.0
2030-05-31 00:00:00,0.0
2030-05-31 00:15:00,0.0
2030-05-31 00:30:00,0.0
2030-05-31 00:45:00,0.0
2030-05-31 01:00:00,0.0
2030-05-31 01:15:00,0.0
2030-05-31 01:30:00,0.0
2030-05-31 01:45:00,0.0
2030-05-31 02:00:00,0.0
2030-05-31 02:15:00,0.0
2030-05-31 02:30:00,0.0
2030-05-31 02:45:00,0.0
2030-05-31 03:00:00,0.0
2030-05-31 03:15:00,0.0
2030-05-31 03:30:00,0.0
2030-05-31 03:45:00,0.0
2030-05-31 04:00:00,0.0
2030-05-31 04:15:00,0.0
2030-05-31 04:30:00,0.0
2030-05-31 04:45:00,0.0
2030-05-31 05:00:00,0.0
2030-05-31 05:15:00,0.0
2030-05-31 05:30:00,0.0
2030-05-31 05:45:00,0.0
2030-05-31 06:00:00,0.0
2030-05-31 06:15:00,0.0
2030-05-31 06:30:00,0.0
2030-05-31 06:45:00,0.0
2030-05-31 07:00:00,0.0
2030-05-31 07:15:00,0.0
2030-05-31 07:30:00,0.0
2030-05-31 07:45:00,0.0
2030-05-31 08:00:00,0.0
2030-05-31 08:15:00,0.0
2030-05-31 08:30:00,0.0
2030-05-31 08:45:00,0.0
2030-05-31 09:00:00,0.0
2030-05-31 09:15:00,0.0
2030-05-31 09:30:00,0.0
2030-05-31 09:45:00,0.0
2030-05-31 10:00:00,0.0
2030-05-31 10:15:00,0.0
2030-05-31 10:30:00,0.0
2030-05-31 10:45:00,0.0
2030-05-31 11:00:00,0.0
2030-05-31 11:15:00,0.0
2030-05-31 11:30:00,0.0
2030-05-31 11:45:00,0.0
2030-05-31 12:00:00,0.0
2030-05-31 12:15:00,0.0
2030-05-31 12:30:00,0.0
2030-05-31 12:45:00,0.0
2030-05-31 13:00:00,0.0
2030-05-31 13:15:00,0.0
2030-05-31 13:30:00,0.0
2030-05-31 13:45:00,0.0
2030-05-31 14:00:00,0.0
2030-05-31 14:15:00,0.0
2030-05-31 14:30:00,0.0
2030-05-31 14:45:00,0.0
2030-05-31 15:00:00,0.0
2030-05-31 15:15:00,0.0
2030-05-31 15:30:00,0.0
2030-05-31 15:45:00,0.0
2030-05-31 16:00:00,0.0
2030-05-31 16:15:00,0.0
2030-05-31 16:30:00,0.0
2030-05-31 16:45:00,0.0
2030-05-31 17:00:00,0.0
2030-05-31 17:15:00,0.0
2030-05-31 17:30:00,0.0
2030-05-31 17:45:00,0.0
2030-05-31 18:00:00,0.0
2030-05-31 18:15:00,0.0
2030-05-31 18:30:00,0.0
2030-05-31 18:45:00,0.0
2030-05-31 19:00:00,0.0
2030-05-31 19:15:00,0.0
2030-05-31 19:30:00,0.0
2030-05-31 19:45:00,0.0
2030-05-31 20:00:00,0.0
2030-05-31 20:15:00,0.0
2030-05-31 20:30:00,0.0
2030-05-31 20:45:00,0.0
2030-05-31 21:00:00,0.0
2030-05-31 21:15:00,0.0
2030-05-31 21:30:00,0.0
2030-05-31 21:45:00,0.0
2030-05-31 22:00:00,0.0
2030-05-31 22:15:00,0.0
2030-05-31 22:30:00,0.0
2030-05-31 22:45:00,0.0
2030-05-31 23:00:00,0.0
2030-05-31 23:15:00,0.0
2030-05-31 23:30:00,0.0
2030-05-31 23:45:00,0.0
2030-06-01 00:00:00,0.0
2030-06-01 00:15:00,0.0
2030-06-01 00:30:00,0.0
2030-06-01 00:45:00,0.0
2030-06-01 01:00:00,0.0
2030-06-01 01:15:00,0.0
2030-06-01 01:30:00,0.0
2030-06-01 01:45:00,0.0
2030-06-01 02:00:00,0.0
2030-06-01 02:15:00,0.0
2030-06-01 02:30:00,0.0
2030-06-01 02:45:00,0.0
2030-06-01 03:00:00,0.0
2030-06-01 03:15:00,0.0
2030-06-01 03:30:00,0.0
2030-06-01 03:45:00,0.0
2030-06-01 04:00:00,0.0
2030-06-01 04:15:00,0.0
2030-06-01 04:30:00,0.0
2030-06-01 04:45:00,0.0
2030-06-01 05:00:00,0.0
2030-06-01 05:15:00,0.0
2030-06-01 05:30:00,0.0
2030-06-01 05:45:00,0.0
2030-06-01 06:00:00,0.0
2030-06-01 06:15:00,0.0
2030-06-01 06:30:00,0.0
2030-06-01 06:45:00,0.0
2030-06-01 07:00:00,0.0
2030-06-01 07:15:00,0.0
2030-06-01 07:30:00,0.0
2030-06-01 07:45:00,0.0
2030-06-01 08:00:00,0.0
2030-06-01 08:15:00,0.0
2030-06-01 08:30:00,0.0
2030-06-01 08:45:00,0.0
2030-06-01 09:00:00,0.0
2030-06-01 09:15:00,0.0
2030-06-01 09:30:00,0.0
2030-06-01 09:45:00,0.0
2030-06-01 10:00:00,0.0
2030-06-01 10:15:00,0.0
2030-06-01 10:30:00,0.0
2030-06-01 10:45:00,0.0
2030-06-01 11:00:00,0.0
2030-06-01 11:15:00,0.0
2030-06-01 11:30:00,0.0
2030-06-01 11:45:00,0.0
2030-06-01 12:00:00,0.0
2030-06-01 12:15:00,0.0
2030-06-01 12:30:00,0.0
2030-06-01 12:45:00,0.0
2030-06-01 13:00:00,0.0
2030-06-01 13:15:00,0.0
2030-06-01 13:30:00,0.0
2030-06-01 13:45:00,0.0
2030-06-01 14:00:00,0.0
2030-06-01 14:15:00,0.0
2030-06-01 14:30:00,0.0
2030-06-01 14:45:00,0.0
2030-06-01 15:00:00,0.0
2030-06-01 15:15:00,0.0
2030-06-01 15:30:00,0.0
2030-06-01 15:45:00,0.0
2030-06-01 16:00:00,0.0
2030-06-01 16:15:00,0.0
2030-06-01 16:30:00,0.0
2030-06-01 16:45:00,0.0
2030-06-01 17:00:00,0.0
2030-06-01 17:15:00,0.0
2030-06-01 17:30:00,0.0
2030-06-01 17:45:00,0.0
2030-06-01 18:00:00,0.0
2030-06-01 18:15:00,0.0
2030-06-01 18:30:00,0.0
2030-06-01 18:45:00,0.0
2030-06-01 19:00:00,0.0
2030-06-01 19:15:00,0.0
2030-06-01 19:30:00,0.0
2030-06-01 19:45:00,0.0
2030-06-01 20:00:00,0.0
2030-06-01 20:15:00,0.0
2030-06-01 20:30:00,0.0
2030-06-01 20:45:00,0.0
2030-06-01 21:00:00,0.0
2030-06-01 21:15:00,0.0
2030-06-01 21:30:00,0.0
2030-06-01 21:45:00,0.0
2030-06-01 22:00:00,0.0
2030-06-01 22:15:00,0.0
2030-06-01 22:30:00,0.0
2030-06-01 22:45:00,0.0
2030-06-01 23:00:00,0.0
2030-06-01 23:15:00,0.0
2030-06-01 23:30:00,0.0
2030-06-01 23:45:00,0.0
2030-06-02 00:00:00,0.0
2030-06-02 00:15:00,0.0
2030-06-02 00:30:00,0.0
2030-06-02 00:45:00,0.0
2030-06-02 01:00:00,0.0
2030-06-02 01:15:00,0.0
2030-06-02 01:30:00,0.0
2030-06-02 01:45:00,0.0
2030-06-02 02:00:00,0.0
2030-06-02 02:15:00,0.0
2030-06-02 02:30:00,0.0
2030-06-02 02:45:00,0.0
2030-06-02 03:00:00,0.0
2030-06-02 03:15:00,0.0
2030-06-02 03:30:00,0.0
2030-06-02 03:45:00,0.0
2030-06-02 04:00:00,0.0
2030-06-02 04:15:00,0.0
2030-06-02 04:30:00,0.0
2030-06-02 04:45:00,0.0
2030-06-02 05:00:00,0.0
2030-06-02 05:15:00,0.0
2030-06-02 05:30:00,0.0
2030-06-02 05:45:00,0.0
2030-06-02 06:00:00,0.0
2030-06-02 06:15:00,0.0
2030-06-02 06:30:00,0.0
2030-06-02 06:45:00,0.0
2030-06-02 07:00:00,0.0
2030-06-02 07:15:00,0.0
2030-06-02 07:30:00,0.0
2030-06-02 07:45:00,0.0
2030-06-02 08:00:00,0.0
2030-06-02 08:15:00,0.0
2030-06-02 08:30:00,0.0
2030-06-02 08:45:00,0.0
2030-06-02 09:00:00,0.0
2030-06-02 09:15:00,0.0
2030-06-02 09:30:00,0.0
2030-06-02 09:45:00,0.0
2030-06-02 10:00:00,0.0
2030-06-02 10:15:00,0.0
2030-06-02 10:30:00,0.0
2030-06-02 10:45:00,0.0
2030-06-02 11:00:00,0.0
2030-06-02 11:15:00,0.0
2030-06-02 11:30:00,0.0
2030-06-02 11:45:00,0.0
2030-06-02 12:00:00,0.0
2030-06-02 12:15:00,0.0
2030-06-02 12:30:00,0.0
2030-06-02 12:45:00,0.0
2030-06-02 13:00:00,0.0
2030-06-02 13:15:00,0.0
2030-06-02 13:30:00,0.0
2030-06-02 13:45:00,0.0
2030-06-02 14:00:00,0.0
2030-06-02 14:15:00,0.0
2030-06-02 14:30:00,0.0
2030-06-02 14:45:00,0.0
2030-06-02 15:00:00,0.0
2030-06-02 15:15:00,0.0
2030-06-02 15:30:00,0.0
2030-06-02 15:45:00,0.0
2030-06-02 16:00:00,0.0
2030-06-02 16:15:00,0.0
2030-06-02 16:30:00,0.0
2030-06-02 16:45:00,0.0
2030-06-02 17:00:00,0.0
2030-06-02 17:15:00,0.0
2030-06-02 17:30:00,0.0
2030-06-02 17:45:00,0.0
2030-06-02 18:00:00,0.0
2030-06-02 18:15:00,0.0
2030-06-02 18:30:00,0.0
2030-06-02 18:45:00,0.0
2030-06-02 19:00:00,0.0
2030-06-02 19:15:00,0.0
2030-06-02 19:30:00,0.0
2030-06-02 19:45:00,0.0
2030-06-02 20:00:00,0.0
2030-06-02 20:15:00,0.0
2030-06-02 20:30:00,0.0
2030-06-02 20:45:00,0.0
2030-06-02 21:00:00,0.0
2030-06-02 21:15:00,0.0
2030-06-02 21:30:00,0.0
2030-06-02 21:45:00,0.0
2030-06-02 22:00:00,0.0
2030-06-02 22:15:00,0.0
2030-06-02 22:30:00,0.0
2030-06-02 22:45:00,0.0
2030-06-02 23:00:00,0.0
2030-06-02 23:15:00,0.0
2030-06-02 23:30:00,0.0
2030-06-02 23:45:00,0.0
2030-06-03 00:00:00,0.0
2030-06-03 00:15:00,0.0
2030-06-03 00:30:00,0.0
2030-06-03 00:45:00,0.0
2030-06-03 01:00:00,0.0
2030-06-03 01:15:00,0.0
2030-06-03 01:30:00,0.0
2030-06-03 01:45:00,0.0
2030-06-03 02:00:00,0.0
2030-06-03 02:15:00,0.0
2030-06-03 02:30:00,0.0
2030-06-03 02:45:00,0.0
2030-06-03 03:00:00,0.0
2030-06-03 03:15:00,0.0
2030-06-03 03:30:00,0.0
2030-06-03 03:45:00,0.0
2030-06-03 04:00:00,0.0
2030-06-03 04:15:00,0.0
2030-06-03 04:30:00,0.0
2030-06-03 04:45:00,0.0
2030-06-03 05:00:00,0.0
2030-06-03 05:15:00,0.0
2030-06-03 05:30:00,0.0
2030-06-03 05:45:00,0.0
2030-06-03 06:00:00,0.0
2030-06-03 06:15:00,0.0
2030-06-03 06:30:00,0.0
2030-06-03 06:45:00,0.0
2030-06-03 07:00:00,0.0
2030-06-03 07:15:00,0.0
2030-06-03 07:30:00,0.0
2030-06-03 07:45:00,0.0
2030-06-03 08:00:00,0.0
2030-06-03 08:15:00,0.0
2030-06-03 08:30:00,0.0
2030-06-03 08:45:00,0.0
2030-06-03 09:00:00,0.0
2030-06-03 09:15:00,0.0
2030-06-03 09:30:00,0.0
2030-06-03 09:45:00,0.0
2030-06-03 10:00:00,0.0
2030-06-03 10:15:00,0.0
2030-06-03 10:30:00,0.0
2030-06-03 10:45:00,0.0
2030-06-03 11:00:00,0.0
2030-06-03 11:15:00,0.0
2030-06-03 11:30:00,0.0
2030-06-03 11:45:00,0.0
2030-06-03 12:00:00,0.0
2030-06-03 12:15:00,0.0
2030-06-03 12:30:00,0.0
2030-06-03 12:45:00,0.0
2030-06-03 13:00:00,0.0
2030-06-03 13:15:00,0.0
2030-06-03 13:30:00,0.0
2030-06-03 13:45:00,0.0
2030-06-03 14:00:00,0.0
2030-06-03 14:15:00,0.0
2030-06-03 14:30:00,0.0
2030-06-03 14:45:00,0.0
2030-06-03 15:00:00,0.0
2030-06-03 15:15:00,0.0
2030-06-03 15:30:00,0.0
2030-06-03 15:45:00,0.0
2030-06-03 16:00:00,0.0
2030-06-03 16:15:00,0.0
2030-06-03 16:30:00,0.0
2030-06-03 16:45:00,0.0
2030-06-03 17:00:00,0.0
2030-06-03 17:15:00,0.0
2030-06-03 17:30:00,0.0
2030-06-03 17:45:00,0.0
2030-06-03 18:00:00,0.0
2030-06-03 18:15:00,0.0
2030-06-03 18:30:00,0.0
2030-06-03 18:45:00,0.0
2030-06-03 19:00:00,0.0
2030-06-03 19:15:00,0.0
2030-06-03 19:30:00,0.0
2030-06-03 19:45:00,0.0
2030-06-03 20:00:00,0.0
2030-06-03 20:15:00,0.0
2030-06-03 20:30:00,0.0
2030-06-03 20:45:00,0.0
2030-06-03 21:00:00,0.0
2030-06-03 21:15:00,0.0
2030-06-03 21:30:00,0.0
2030-06-03 21:45:00,0.0
2030-06-03 22:00:00,0.0
2030-06-03 22:15:00,0.0
2030-06-03 22:30:00,0.0
2030-06-03 22:45:00,0.0
2030-06-03 23:00:00,0.0
2030-06-03 23:15:00,0.0
2030-06-03 23:30:00,0.0
2030-06-03 23:45:00,0.0
2030-06-04 00:00:00,0.0
2030-06-04 00:15:00,0.0
2030-06-04 00:30:00,0.0
2030-06-04 00:45:00,0.0
2030-06-04 01:00:00,0.0
2030-06-04 01:15:00,0.0
2030-06-04 01:30:00,0.0
2030-06-04 01:45:00,0.0
2030-06-04 02:00:00,0.0
2030-06-04 02:15:00,0.0
2030-06-04 02:30:00,0.0
2030-06-04 02:45:00,0.0
2030-06-04 03:00:00,0.0
2030-06-04 03:15:00,0.0
2030-06-04 03:30:00,0.0
2030-06-04 03:45:00,0.0
2030-06-04 04:00:00,0.0
2030-06-04 04:15:00,0.0
2030-06-04 04:30:00,0.0
2030-06-04 04:45:00,0.0
2030-06-04 05:00:00,0.0
2030-06-04 05:15:00,0.0
2030-06-04 05:30:00,0.0
2030-06-04 05:45:00,0.0
2030-06-04 06:00:00,0.0
2030-06-04 06:15:00,0.0
2030-06-04 06:30:00,0.0
2030-06-04 06:45:00,0.0
2030-06-04 07:00:00,0.0
2030-06-04 07:15:00,0.0
2030-06-04 07:30:00,0.0
2030-06-04 07:45:00,0.0
2030-06-04 08:00:00,0.0
2030-06-04 08:15:00,0.0
2030-06-04 08:30:00,0.0
2030-06-04 08:45:00,0.0
2030-06-04 09:00:00,0.0
2030-06-04 09:15:00,0.0
2030-06-04 09:30:00,0.0
2030-06-04 09:45:00,0.0
2030-06-04 10:00:00,0.0
2030-06-04 10:15:00,0.0
2030-06-04 10:30:00,0.0
2030-06-04 10:45:00,0.0
2030-06-04 11:00:00,0.0
2030-06-04 11:15:00,0.0
2030-06-04 11:30:00,0.0
2030-06-04 11:45:00,0.0
2030-06-04 12:00:00,0.0
2030-06-04 12:15:00,0.0
2030-06-04 12:30:00,0.0
2030-06-04 12:45:00,0.0
2030-06-04 13:00:00,0.0
2030-06-04 13:15:00,0.0
2030-06-04 13:30:00,0.0
2030-06-04 13:45:00,0.0
2030-06-04 14:00:00,0.0
2030-06-04 14:15:00,0.0
2030-06-04 14:30:00,0.0
2030-06-04 14:45:00,0.0
2030-06-04 15:00:00,0.0
2030-06-04 15:15:00,0.0
2030-06-04 15:30:00,0.0
2030-06-04 15:45:00,0.0
2030-06-04 16:00:00,0.0
2030-06-04 16:15:00,0.0
2030-06-04 16:30:00,0.0
2030-06-04 16:45:00,0.0
2030-06-04 17:00:00,0.0
2030-06-04 17:15:00,0.0
2030-06-04 17:30:00,0.0
2030-06-04 17:45:00,0.0
2030-06-04 18:00:00,0.0
2030-06-04 18:15:00,0.0
2030-06-04 18:30:00,0.0
2030-06-04 18:45:00,0.0
2030-06-04 19:00:00,0.0
2030-06-04 19:15:00,0.0
2030-06-04 19:30:00,0.0
2030-06-04 19:45:00,0.0
2030-06-04 20:00:00,0.0
2030-06-04 20:15:00,0.0
2030-06-04 20:30:00,0.0
2030-06-04 20:45:00,0.0
2030-06-04 21:00:00,0.0
2030-06-04 21:15:00,0.0
2030-06-04 21:30:00,0.0
2030-06-04 21:45:00,0.0
2030-06-04 22:00:00,0.0
2030-06-04 22:15:00,0.0
2030-06-04 22:30:00,0.0
2030-06-04 22:45:00,0.0
2030-06-04 23:00:00,0.0
2030-06-04 23:15:00,0.0
2030-06-04 23:30:00,0.0
2030-06-04 23:45:00,0.0
2030-06-05 00:00:00,0.0
2030-06-05 00:15:00,0.0
2030-06-05 00:30:00,0.0
2030-06-05 00:45:00,0.0
2030-06-05 01:00:00,0.0
2030-06-05 01:15:00,0.0
2030-06-05 01:30:00,0.0
2030-06-05 01:45:00,0.0
2030-06-05 02:00:00,0.0
2030-06-05 02:15:00,0.0
2030-06-05 02:30:00,0.0
2030-06-05 02:45:00,0.0
2030-06-05 03:00:00,0.0
2030-06-05 03:15:00,0.0
2030-06-05 03:30:00,0.0
2030-06-05 03:45:00,0.0
2030-06-05 04:00:00,0.0
2030-06-05 04:15:00,0.0
2030-06-05 04:30:00,0.0
2030-06-05 04:45:00,0.0
2030-06-05 05:00:00,0.0
2030-06-05 05:15:00,0.0
2030-06-05 05:30:00,0.0
2030-06-05 05:45:00,0.0
2030-06-05 06:00:00,0.0
2030-06-05 06:15:00,0.0
2030-06-05 06:30:00,0.0
2030-06-05 06:45:00,0.0
2030-06-05 07:00:00,0.0
2030-06-05 07:15:00,0.0
2030-06-05 07:30:00,0.0
2030-06-05 07:45:00,0.0
2030-06-05 08:00:00,0.0
2030-06-05 08:15:00,0.0
2030-06-05 08:30:00,0.0
2030-06-05 08:45:00,0.0
2030-06-05 09:00:00,0.0
2030-06-05 09:15:00,0.0
2030-06-05 09:30:00,0.0
2030-06-05 09:45:00,0.0
2030-06-05 10:00:00,0.0
2030-06-05 10:15:00,0.0
2030-06-05 10:30:00,0.0
2030-06-05 10:45:00,0.0
2030-06-05 11:00:00,0.0
2030-06-05 11:15:00,0.0
2030-06-05 11:30:00,0.0
2030-06-05 11:45:00,0.0
2030-06-05 12:00:00,0.0
2030-06-05 12:15:00,0.0
2030-06-05 12:30:00,0.0
2030-06-05 12:45:00,0.0
2030-06-05 13:00:00,0.0
2030-06-05 13:15:00,0.0
2030-06-05 13:30:00,0.0
2030-06-05 13:45:00,0.0
2030-06-05 14:00:00,0.0
2030-06-05 14:15:00,0.0
2030-06-05 14:30:00,0.0
2030-06-05 14:45:00,0.0
2030-06-05 15:00:00,0.0
2030-06-05 15:15:00,0.0
2030-06-05 15:30:00,0.0
2030-06-05 15:45:00,0.0
2030-06-05 16:00:00,0.0
2030-06-05 16:15:00,0.0
2030-06-05 16:30:00,0.0
2030-06-05 16:45:00,0.0
2030-06-05 17:00:00,0.0
2030-06-05 17:15:00,0.0
2030-06-05 17:30:00,0.0
2030-06-05 17:45:00,0.0
2030-06-05 18:00:00,0.0
2030-06-05 18:15:00,0.0
2030-06-05 18:30:00,0.0
2030-06-05 18:45:00,0.0
2030-06-05 19:00:00,0.0
2030-06-05 19:15:00,0.0
2030-06-05 19:30:00,0.0
2030-06-05 19:45:00,0.0
2030-06-05 20:00:00,0.0
2030-06-05 20:15:00,0.0
2030-06-05 20:30:00,0.0
2030-06-05 20:45:00,0.0
2030-06-05 21:00:00,0.0
2030-06-05 21:15:00,0.0
2030-06-05 21:30:00,0.0
2030-06-05 21:45:00,0.0
2030-06-05 22:00:00,0.0
2030-06-05 22:15:00,0.0
2030-06-05 22:30:00,0.0
2030-06-05 22:45:00,0.0
2030-06-05 23:00:00,0.0
2030-06-05 23:15:00,0.0
2030-06-05 23:30:00,0.0
2030-06-05 23:45:00,0.0
2030-06-06 00:00:00,0.0
2030-06-06 00:15:00,0.0
2030-06-06 00:30:00,0.0
2030-06-06 00:45:00,0.0
2030-06-06 01:00:00,0.0
2030-06-06 01:15:00,0.0
2030-06-06 01:30:00,0.0
2030-06-06 01:45:00,0.0
2030-06-06 02:00:00,0.0
2030-06-06 02:15:00,0.0
2030-06-06 02:30:00,0.0
2030-06-06 02:45:00,0.0
2030-06-06 03:00:00,0.0
2030-06-06 03:15:00,0.0
2030-06-06 03:30:00,0.0
2030-06-06 03:45:00,0.0
2030-06-06 04:00:00,0.0
2030-06-06 04:15:00,0.0
2030-06-06 04:30:00,0.0
2030-06-06 04:45:00,0.0
2030-06-06 05:00:00,0.0
2030-06-06 05:15:00,0.0
2030-06-06 05:30:00,0.0
2030-06-06 05:45:00,0.0
2030-06-06 06:00:00,0.0
2030-06-06 06:15:00,0.0
2030-06-06 06:30:00,0.0
2030-06-06 06:45:00,0.0
2030-06-06 07:00:00,0.0
2030-06-06 07:15:00,0.0
2030-06-06 07:30:00,0.0
2030-06-06 07:45:00,0.0
2030-06-06 08:00:00,0.0
2030-06-06 08:15:00,0.0
2030-06-06 08:30:00,0.0
2030-06-06 08:45:00,0.0
2030-06-06 09:00:00,0.0
2030-06-06 09:15:00,0.0
2030-06-06 09:30:00,0.0
2030-06-06 09:45:00,0.0
2030-06-06 10:00:00,0.0
2030-06-06 10:15:00,0.0
2030-06-06 10:30:00,0.0
2030-06-06 10:45:00,0.0
2030-06-06 11:00:00,0.0
2030-06-06 11:15:00,0.0
2030-06-06 11:30:00,0.0
2030-06-06 11:45:00,0.0
2030-06-06 12:00:00,0.0
2030-06-06 12:15:00,0.0
2030-06-06 12:30:00,0.0
2030-06-06 12:45:00,0.0
2030-06-06 13:00:00,0.0
2030-06-06 13:15:00,0.0
2030-06-06 13:30:00,0.0
2030-06-06 13:45:00,0.0
2030-06-06 14:00:00,0.0
2030-06-06 14:15:00,0.0
2030-06-06 14:30:00,0.0
2030-06-06 14:45:00,0.0
2030-06-06 15:00:00,0.0
2030-06-06 15:15:00,0.0
2030-06-06 15:30:00,0.0
2030-06-06 15:45:00,0.0
2030-06-06 16:00:00,0.0
2030-06-06 16:15:00,0.0
2030-06-06 16:30:00,0.0
2030-06-06 16:45:00,0.0
2030-06-06 17:00:00,0.0
2030-06-06 17:15:00,0.0
2030-06-06 17:30:00,0.0
2030-06-06 17:45:00,0.0
2030-06-06 18:00:00,0.0
2030-06-06 18:15:00,0.0
2030-06-06 18:30:00,0.0
2030-06-06 18:45:00,0.0
2030-06-06 19:00:00,0.0
2030-06-06 19:15:00,0.0
2030-06-06 19:30:00,0.0
2030-06-06 19:45:00,0.0
2030-06-06 20:00:00,0.0
2030-06-06 20:15:00,0.0
2030-06-06 20:30:00,0.0
2030-06-06 20:45:00,0.0
2030-06-06 21:00:00,0.0
2030-06-06 21:15:00,0.0
2030-06-06 21:30:00,0.0
2030-06-06 21:45:00,0.0
2030-06-06 22:00:00,0.0
2030-06-06 22:15:00,0.0
2030-06-06 22:30:00,0.0
2030-06-06 22:45:00,0.0
2030-06-06 23:00:00,0.0
2030-06-06 23:15:00,0.0
2030-06-06 23:30:00,0.0
2030-06-06 23:45:00,0.0
2030-06-07 00:00:00,0.0
2030-06-07 00:15:00,0.0
2030-06-07 00:30:00,0.0
2030-06-07 00:45:00,0.0
2030-06-07 01:00:00,0.0
2030-06-07 01:15:00,0.0
2030-06-07 01:30:00,0.0
2030-06-07 01:45:00,0.0
2030-06-07 02:00:00,0.0
2030-06-07 02:15:00,0.0
2030-06-07 02:30:00,0.0
2030-06-07 02:45:00,0.0
2030-06-07 03:00:00,0.0
2030-06-07 03:15:00,0.0
2030-06-07 03:30:00,0.0
2030-06-07 03:45:00,0.0
2030-06-07 04:00:00,0.0
2030-06-07 04:15:00,0.0
2030-06-07 04:30:00,0.0
2030-06-07 04:45:00,0.0
2030-06-07 05:00:00,0.0
2030-06-07 05:15:00,0.0
2030-06-07 05:30:00,0.0
2030-06-07 05:45:00,0.0
2030-06-07 06:00:00,0.0
2030-06-07 06:15:00,0.0
2030-06-07 06:30:00,0.0
2030-06-07 06:45:00,0.0
2030-06-07 07:00:00,0.0
2030-06-07 07:15:00,0.0
2030-06-07 07:30:00,0.0
2030-06-07 07:45:00,0.0
2030-06-07 08:00:00,0.0
2030-06-07 08:15:00,0.0
2030-06-07 08:30:00,0.0
2030-06-07 08:45:00,0.0
2030-06-07 09:00:00,0.0
2030-06-07 09:15:00,0.0
2030-06-07 09:30:00,0.0
2030-06-07 09:45:00,0.0
2030-06-07 10:00:00,0.0
2030-06-07 10:15:00,0.0
2030-06-07 10:30:00,0.0
2030-06-07 10:45:00,0.0
2030-06-07 11:00:00,0.0
2030-06-07 11:15:00,0.0
2030-06-07 11:30:00,0.0
2030-06-07 11:45:00,0.0
2030-06-07 12:00:00,0.0
2030-06-07 12:15:00,0.0
2030-06-07 12:30:00,0.0
2030-06-07 12:45:00,0.0
2030-06-07 13:00:00,0.0
2030-06-07 13:15:00,0.0
2030-06-07 13:30:00,0.0
2030-06-07 13:45:00,0.0
2030-06-07 14:00:00,0.0
2030-06-07 14:15:00,0.0
2030-06-07 14:30:00,0.0
2030-06-07 14:45:00,0.0
2030-06-07 15:00:00,0.0
2030-06-07 15:15:00,0.0
2030-06-07 15:30:00,0.0
2030-06-07 15:45:00,0.0
2030-06-07 16:00:00,0.0
2030-06-07 16:15:00,0.0
2030-06-07 16:30:00,0.0
2030-06-07 16:45:00,0.0
2030-06-07 17:00:00,0.0
2030-06-07 17:15:00,0.0
2030-06-07 17:30:00,0.0
2030-06-07 17:45:00,0.0
2030-06-07 18:00:00,0.0
2030-06-07 18:15:00,0.0
2030-06-07 18:30:00,0.0
2030-06-07 18:45:00,0.0
2030-06-07 19:00:00,0.0
2030-06-07 19:15:00,0.0
2030-06-07 19:30:00,0.0
2030-06-07 19:45:00,0.0
2030-06-07 20:00:00,0.0
2030-06-07 20:15:00,0.0
2030-06-07 20:30:00,0.0
2030-06-07 20:45:00,0.0
2030-06-07 21:00:00,0.0
2030-06-07 21:15:00,0.0
2030-06-07 21:30:00,0.0
2030-06-07 21:45:00,0.0
2030-06-07 22:00:00,0.0
2030-06-07 22:15:00,0.0
2030-06-07 22:30:00,0.0
2030-06-07 22:45:00,0.0
2030-06-07 23:00:00,0.0
2030-06-07 23:15:00,0.0
2030-06-07 23:30:00,0.0
2030-06-07 23:45:00,0.0
2030-06-08 00:00:00,0.0
2030-06-08 00:15:00,0.0
2030-06-08 00:30:00,0.0
2030-06-08 00:45:00,0.0
2030-06-08 01:00:00,0.0
2030-06-08 01:15:00,0.0
2030-06-08 01:30:00,0.0
2030-06-08 01:45:00,0.0
2030-06-08 02:00:00,0.0
2030-06-08 02:15:00,0.0
2030-06-08 02:30:00,0.0
2030-06-08 02:45:00,0.0
2030-06-08 03:00:00,0.0
2030-06-08 03:15:00,0.0
2030-06-08 03:30:00,0.0
2030-06-08 03:45:00,0.0
2030-06-08 04:00:00,0.0
2030-06-08 04:15:00,0.0
2030-06-08 04:30:00,0.0
2030-06-08 04:45:00,0.0
2030-06-08 05:00:00,0.0
2030-06-08 05:15:00,0.0
2030-06-08 05:30:00,0.0
2030-06-08 05:45:00,0.0
2030-06-08 06:00:00,0.0
2030-06-08 06:15:00,0.0
2030-06-08 06:30:00,0.0
2030-06-08 06:45:00,0.0
2030-06-08 07:00:00,0.0
2030-06-08 07:15:00,0.0
2030-06-08 07:30:00,0.0
2030-06-08 07:45:00,0.0
2030-06-08 08:00:00,0.0
2030-06-08 08:15:00,0.0
2030-06-08 08:30:00,0.0
2030-06-08 08:45:00,0.0
2030-06-08 09:00:00,0.0
2030-06-08 09:15:00,0.0
2030-06-08 09:30:00,0.0
2030-06-08 09:45:00,0.0
2030-06-08 10:00:00,0.0
2030-06-08 10:15:00,0.0
2030-06-08 10:30:00,0.0
2030-06-08 10:45:00,0.0
2030-06-08 11:00:00,0.0
2030-06-08 11:15:00,0.0
2030-06-08 11:30:00,0.0
2030-06-08 11:45:00,0.0
2030-06-08 12:00:00,0.0
2030-06-08 12:15:00,0.0
2030-06-08 12:30:00,0.0
2030-06-08 12:45:00,0.0
2030-06-08 13:00:00,0.0
2030-06-08 13:15:00,0.0
2030-06-08 13:30:00,0.0
2030-06-08 13:45:00,0.0
2030-06-08 14:00:00,0.0
2030-06-08 14:15:00,0.0
2030-06-08 14:30:00,0.0
2030-06-08 14:45:00,0.0
2030-06-08 15:00:00,0.0
2030-06-08 15:15:00,0.0
2030-06-08 15:30:00,0.0
2030-06-08 15:45:00,0.0
2030-06-08 16:00:00,0.0
2030-06-08 16:15:00,0.0
2030-06-08 16:30:00,0.0
2030-06-08 16:45:00,0.0
2030-06-08 17:00:00,0.0
2030-06-08 17:15:00,0.0
2030-06-08 17:30:00,0.0
2030-06-08 17:45:00,0.0
2030-06-08 18:00:00,0.0
2030-06-08 18:15:00,0.0
2030-06-08 18:30:00,0.0
2030-06-08 18:45:00,0.0
2030-06-08 19:00:00,0.0
2030-06-08 19:15:00,0.0
2030-06-08 19:30:00,0.0
2030-06-08 19:45:00,0.0
2030-06-08 20:00:00,0.0
2030-06-08 20:15:00,0.0
2030-06-08 20:30:00,0.0
2030-06-08 20:45:00,0.0
2030-06-08 21:00:00,0.0
2030-06-08 21:15:00,0.0
2030-06-08 21:30:00,0.0
2030-06-08 21:45:00,0.0
2030-06-08 22:00:00,0.0
2030-06-08 22:15:00,0.0
2030-06-08 22:30:00,0.0
2030-06-08 22:45:00,0.0
2030-06-08 23:00:00,0.0
2030-06-08 23:15:00,0.0
2030-06-08 23:30:00,0.0
2030-06-08 23:45:00,0.0
2030-06-09 00:00:00,0.0
2030-06-09 00:15:00,0.0
2030-06-09 00:30:00,0.0
2030-06-09 00:45:00,0.0
2030-06-09 01:00:00,0.0
2030-06-09 01:15:00,0.0
2030-06-09 01:30:00,0.0
2030-06-09 01:45:00,0.0
2030-06-09 02:00:00,0.0
2030-06-09 02:15:00,0.0
2030-06-09 02:30:00,0.0
2030-06-09 02:45:00,0.0
2030-06-09 03:00:00,0.0
2030-06-09 03:15:00,0.0
2030-06-09 03:30:00,0.0
2030-06-09 03:45:00,0.0
2030-06-09 04:00:00,0.0
2030-06-09 04:15:00,0.0
2030-06-09 04:30:00,0.0
2030-06-09 04:45:00,0.0
2030-06-09 05:00:00,0.0
2030-06-09 05:15:00,0.0
2030-06-09 05:30:00,0.0
2030-06-09 05:45:00,0.0
2030-06-09 06:00:00,0.0
2030-06-09 06:15:00,0.0
2030-06-09 06:30:00,0.0
2030-06-09 06:45:00,0.0
2030-06-09 07:00:00,0.0
2030-06-09 07:15:00,0.0
2030-06-09 07:30:00,0.0
2030-06-09 07:45:00,0.0
2030-06-09 08:00:00,0.0
2030-06-09 08:15:00,0.0
2030-06-09 08:30:00,0.0
2030-06-09 08:45:00,0.0
2030-06-09 09:00:00,0.0
2030-06-09 09:15:00,0.0
2030-06-09 09:30:00,0.0
2030-06-09 09:45:00,0.0
2030-06-09 10:00:00,0.0
2030-06-09 10:15:00,0.0
2030-06-09 10:30:00,0.0
2030-06-09 10:45:00,0.0
2030-06-09 11:00:00,0.0
2030-06-09 11:15:00,0.0
2030-06-09 11:30:00,0.0
2030-06-09 11:45:00,0.0
2030-06-09 12:00:00,0.0
2030-06-09 12:15:00,0.0
2030-06-09 12:30:00,0.0
2030-06-09 12:45:00,0.0
2030-06-09 13:00:00,0.0
2030-06-09 13:15:00,0.0
2030-06-09 13:30:00,0.0
2030-06-09 13:45:00,0.0
2030-06-09 14:00:00,0.0
2030-06-09 14:15:00,0.0
2030-06-09 14:30:00,0.0
2030-06-09 14:45:00,0.0
2030-06-09 15:00:00,0.0
2030-06-09 15:15:00,0.0
2030-06-09 15:30:00,0.0
2030-06-09 15:45:00,0.0
2030-06-09 16:00:00,0.0
2030-06-09 16:15:00,0.0
2030-06-09 16:30:00,0.0
2030-06-09 16:45:00,0.0
2030-06-09 17:00:00,0.0
2030-06-09 17:15:00,0.0
2030-06-09 17:30:00,0.0
2030-06-09 17:45:00,0.0
2030-06-09 18:00:00,0.0
2030-06-09 18:15:00,0.0
2030-06-09 18:30:00,0.0
2030-06-09 18:45:00,0.0
2030-06-09 19:00:00,0.0
2030-06-09 19:15:00,0.0
2030-06-09 19:30:00,0.0
2030-06-09 19:45:00,0.0
2030-06-09 20:00:00,0.0
2030-06-09 20:15:00,0.0
2030-06-09 20:30:00,0.0
2030-06-09 20:45:00,0.0
2030-06-09 21:00:00,0.0
2030-06-09 21:15:00,0.0
2030-06-09 21:30:00,0.0
2030-06-09 21:45:00,0.0
2030-06-09 22:00:00,0.0
2030-06-09 22:15:00,0.0
2030-06-09 22:30:00,0.0
2030-06-09 22:45:00,0.0
2030-06-09 23:00:00,0.0
2030-06-09 23:15:00,0.0
2030-06-09 23:30:00,0.0
2030-06-09 23:45:00,0.0
2030-06-10 00:00:00,0.0
2030-06-10 00:15:00,0.0
2030-06-10 00:30:00,0.0
2030-06-10 00:45:00,0.0
2030-06-10 01:00:00,0.0
2030-06-10 01:15:00,0.0
2030-06-10 01:30:00,0.0
2030-06-10 01:45:00,0.0
2030-06-10 02:00:00,0.0
2030-06-10 02:15:00,0.0
2030-06-10 02:30:00,0.0
2030-06-10 02:45:00,0.0
2030-06-10 03:00:00,0.0
2030-06-10 03:15:00,0.0
2030-06-10 03:30:00,0.0
2030-06-10 03:45:00,0.0
2030-06-10 04:00:00,0.0
2030-06-10 04:15:00,0.0
2030-06-10 04:30:00,0.0
2030-06-10 04:45:00,0.0
2030-06-10 05:00:00,0.0
2030-06-10 05:15:00,0.0
2030-06-10 05:30:00,0.0
2030-06-10 05:45:00,0.0
2030-06-10 06:00:00,0.0
2030-06-10 06:15:00,0.0
2030-06-10 06:30:00,0.0
2030-06-10 06:45:00,0.0
2030-06-10 07:00:00,0.0
2030-06-10 07:15:00,0.0
2030-06-10 07:30:00,0.0
2030-06-10 07:45:00,0.0
2030-06-10 08:00:00,0.0
2030-06-10 08:15:00,0.0
2030-06-10 08:30:00,0.0
2030-06-10 08:45:00,0.0
2030-06-10 09:00:00,0.0
2030-06-10 09:15:00,0.0
2030-06-10 09:30:00,0.0
2030-06-10 09:45:00,0.0
2030-06-10 10:00:00,0.0
2030-06-10 10:15:00,0.0
2030-06-10 10:30:00,0.0
2030-06-10 10:45:00,0.0
2030-06-10 11:00:00,0.0
2030-06-10 11:15:00,0.0
2030-06-10 11:30:00,0.0
2030-06-10 11:45:00,0.0
2030-06-10 12:00:00,0.0
2030-06-10 12:15:00,0.0
2030-06-10 12:30:00,0.0
2030-06-10 12:45:00,0.0
2030-06-10 13:00:00,0.0
2030-06-10 13:15:00,0.0
2030-06-10 13:30:00,0.0
2030-06-10 13:45:00,0.0
2030-06-10 14:00:00,0.0
2030-06-10 14:15:00,0.0
2030-06-10 14:30:00,0.0
2030-06-10 14:45:00,0.0
2030-06-10 15:00:00,0.0
2030-06-10 15:15:00,0.0
2030-06-10 15:30:00,0.0
2030-06-10 15:45:00,0.0
2030-06-10 16:00:00,0.0
2030-06-10 16:15:00,0.0
2030-06-10 16:30:00,0.0
2030-06-10 16:45:00,0.0
2030-06-10 17:00:00,0.0
2030-06-10 17:15:00,0.0
2030-06-10 17:30:00,0.0
2030-06-10 17:45:00,0.0
2030-06-10 18:00:00,0.0
2030-06-10 18:15:00,0.0
2030-06-10 18:30:00,0.0
2030-06-10 18:45:00,0.0
2030-06-10 19:00:00,0.0
2030-06-10 19:15:00,0.0
2030-06-10 19:30:00,0.0
2030-06-10 19:45:00,0.0
2030-06-10 20:00:00,0.0
2030-06-10 20:15:00,0.0
2030-06-10 20:30:00,0.0
2030-06-10 20:45:00,0.0
2030-06-10 21:00:00,0.0
2030-06-10 21:15:00,0.0
2030-06-10 21:30:00,0.0
2030-06-10 21:45:00,0.0
2030-06-10 22:00:00,0.0
2030-06-10 22:15:00,0.0
2030-06-10 22:30:00,0.0
2030-06-10 22:45:00,0.0
2030-06-10 23:00:00,0.0
2030-06-10 23:15:00,0.0
2030-06-10 23:30:00,0.0
2030-06-10 23:45:00,0.0
2030-06-11 00:00:00,0.0
2030-06-11 00:15:00,0.0
2030-06-11 00:30:00,0.0
2030-06-11 00:45:00,0.0
2030-06-11 01:00:00,0.0
2030-06-11 01:15:00,0.0
2030-06-11 01:30:00,0.0
2030-06-11 01:45:00,0.0
2030-06-11 02:00:00,0.0
2030-06-11 02:15:00,0.0
2030-06-11 02:30:00,0.0
2030-06-11 02:45:00,0.0
2030-06-11 03:00:00,0.0
2030-06-11 03:15:00,0.0
2030-06-11 03:30:00,0.0
2030-06-11 03:45:00,0.0
2030-06-11 04:00:00,0.0
2030-06-11 04:15:00,0.0
2030-06-11 04:30:00,0.0
2030-06-11 04:45:00,0.0
2030-06-11 05:00:00,0.0
2030-06-11 05:15:00,0.0
2030-06-11 05:30:00,0.0
2030-06-11 05:45:00,0.0
2030-06-11 06:00:00,0.0
2030-06-11 06:15:00,0.0
2030-06-11 06:30:00,0.0
2030-06-11 06:45:00,0.0
2030-06-11 07:00:00,0.0
2030-06-11 07:15:00,0.0
2030-06-11 07:30:00,0.0
2030-06-11 07:45:00,0.0
2030-06-11 08:00:00,0.0
2030-06-11 08:15:00,0.0
2030-06-11 08:30:00,0.0
2030-06-11 08:45:00,0.0
2030-06-11 09:00:00,0.0
2030-06-11 09:15:00,0.0
2030-06-11 09:30:00,0.0
2030-06-11 09:45:00,0.0
2030-06-11 10:00:00,0.0
2030-06-11 10:15:00,0.0
2030-06-11 10:30:00,0.0
2030-06-11 10:45:00,0.0
2030-06-11 11:00:00,0.0
2030-06-11 11:15:00,0.0
2030-06-11 11:30:00,0.0
2030-06-11 11:45:00,0.0
2030-06-11 12:00:00,0.0
2030-06-11 12:15:00,0.0
2030-06-11 12:30:00,0.0
2030-06-11 12:45:00,0.0
2030-06-11 13:00:00,0.0
2030-06-11 13:15:00,0.0
2030-06-11 13:30:00,0.0
2030-06-11 13:45:00,0.0
2030-06-11 14:00:00,0.0
2030-06-11 14:15:00,0.0
2030-06-11 14:30:00,0.0
2030-06-11 14:45:00,0.0
2030-06-11 15:00:00,0.0
2030-06-11 15:15:00,0.0
2030-06-11 15:30:00,0.0
2030-06-11 15:45:00,0.0
2030-06-11 16:00:00,0.0
2030-06-11 16:15:00,0.0
2030-06-11 16:30:00,0.0
2030-06-11 16:45:00,0.0
2030-06-11 17:00:00,0.0
2030-06-11 17:15:00,0.0
2030-06-11 17:30:00,0.0
2030-06-11 17:45:00,0.0
2030-06-11 18:00:00,0.0
2030-06-11 18:15:00,0.0
2030-06-11 18:30:00,0.0
2030-06-11 18:45:00,0.0
2030-06-11 19:00:00,0.0
2030-06-11 19:15:00,0.0
2030-06-11 19:30:00,0.0
2030-06-11 19:45:00,0.0
2030-06-11 20:00:00,0.0
2030-06-11 20:15:00,0.0
2030-06-11 20:30:00,0.0
2030-06-11 20:45:00,0.0
2030-06-11 21:00:00,0.0
2030-06-11 21:15:00,0.0
2030-06-11 21:30:00,0.0
2030-06-11 21:45:00,0.0
2030-06-11 22:00:00,0.0
2030-06-11 22:15:00,0.0
2030-06-11 22:30:00,0.0
2030-06-11 22:45:00,0.0
2030-06-11 23:00:00,0.0
2030-06-11 23:15:00,0.0
2030-06-11 23:30:00,0.0
2030-06-11 23:45:00,0.0
2030-06-12 00:00:00,0.0
2030-06-12 00:15:00,0.0
2030-06-12 00:30:00,0.0
2030-06-12 00:45:00,0.0
2030-06-12 01:00:00,0.0
2030-06-12 01:15:00,0.0
2030-06-12 01:30:00,0.0
2030-06-12 01:45:00,0.0
2030-06-12 02:00:00,0.0
2030-06-12 02:15:00,0.0
2030-06-12 02:30:00,0.0
2030-06-12 02:45:00,0.0
2030-06-12 03:00:00,0.0
2030-06-12 03:15:00,0.0
2030-06-12 03:30:00,0.0
2030-06-12 03:45:00,0.0
2030-06-12 04:00:00,0.0
2030-06-12 04:15:00,0.0
2030-06-12 04:30:00,0.0
2030-06-12 04:45:00,0.0
2030-06-12 05:00:00,0.0
2030-06-12 05:15:00,0.0
2030-06-12 05:30:00,0.0
2030-06-12 05:45:00,0.0
2030-06-12 06:00:00,0.0
2030-06-12 06:15:00,0.0
2030-06-12 06:30:00,0.0
2030-06-12 06:45:00,0.0
2030-06-12 07:00:00,0.0
2030-06-12 07:15:00,0.0
2030-06-12 07:30:00,0.0
2030-06-12 07:45:00,0.0
2030-06-12 08:00:00,0.0
2030-06-12 08:15:00,0.0
2030-06-12 08:30:00,0.0
2030-06-12 08:45:00,0.0
2030-06-12 09:00:00,0.0
2030-06-12 09:15:00,0.0
2030-06-12 09:30:00,0.0
2030-06-12 09:45:00,0.0
2030-06-12 10:00:00,0.0
2030-06-12 10:15:00,0.0
2030-06-12 10:30:00,0.0
2030-06-12 10:45:00,0.0
2030-06-12 11:00:00,0.0
2030-06-12 11:15:00,0.0
2030-06-12 11:30:00,0.0
2030-06-12 11:45:00,0.0
2030-06-12 12:00:00,0.0
2030-06-12 12:15:00,0.0
2030-06-12 12:30:00,0.0
2030-06-12 12:45:00,0.0
2030-06-12 13:00:00,0.0
2030-06-12 13:15:00,0.0
2030-06-12 13:30:00,0.0
2030-06-12 13:45:00,0.0
2030-06-12 14:00:00,0.0
2030-06-12 14:15:00,0.0
2030-06-12 14:30:00,0.0
2030-06-12 14:45:00,0.0
2030-06-12 15:00:00,0.0
2030-06-12 15:15:00,0.0
2030-06-12 15:30:00,0.0
2030-06-12 15:45:00,0.0
2030-06-12 16:00:00,0.0
2030-06-12 16:15:00,0.0
2030-06-12 16:30:00,0.0
2030-06-12 16:45:00,0.0
2030-06-12 17:00:00,0.0
2030-06-12 17:15:00,0.0
2030-06-12 17:30:00,0.0
2030-06-12 17:45:00,0.0
2030-06-12 18:00:00,0.0
2030-06-12 18:15:00,0.0
2030-06-12 18:30:00,0.0
2030-06-12 18:45:00,0.0
2030-06-12 19:00:00,0.0
2030-06-12 19:15:00,0.0
2030-06-12 19:30:00,0.0
2030-06-12 19:45:00,0.0
2030-06-12 20:00:00,0.0
2030-06-12 20:15:00,0.0
2030-06-12 20:30:00,0.0
2030-06-12 20:45:00,0.0
2030-06-12 21:00:00,0.0
2030-06-12 21:15:00,0.0
2030-06-12 21:30:00,0.0
2030-06-12 21:45:00,0.0
2030-06-12 22:00:00,0.0
2030-06-12 22:15:00,0.0
2030-06-12 22:30:00,0.0
2030-06-12 22:45:00,0.0
2030-06-12 23:00:00,0.0
2030-06-12 23:15:00,0.0
2030-06-12 23:30:00,0.0
2030-06-12 23:45:00,0.0
2030-06-13 00:00:00,0.0
2030-06-13 00:15:00,0.0
2030-06-13 00:30:00,0.0
2030-06-13 00:45:00,0.0
2030-06-13 01:00:00,0.0
2030-06-13 01:15:00,0.0
2030-06-13 01:30:00,0.0
2030-06-13 01:45:00,0.0
2030-06-13 02:00:00,0.0
2030-06-13 02:15:00,0.0
2030-06-13 02:30:00,0.0
2030-06-13 02:45:00,0.0
2030-06-13 03:00:00,0.0
2030-06-13 03:15:00,0.0
2030-06-13 03:30:00,0.0
2030-06-13 03:45:00,0.0
2030-06-13 04:00:00,0.0
2030-06-13 04:15:00,0.0
2030-06-13 04:30:00,0.0
2030-06-13 04:45:00,0.0
2030-06-13 05:00:00,0.0
2030-06-13 05:15:00,0.0
2030-06-13 05:30:00,0.0
2030-06-13 05:45:00,0.0
2030-06-13 06:00:00,0.0
2030-06-13 06:15:00,0.0
2030-06-13 06:30:00,0.0
2030-06-13 06:45:00,0.0
2030-06-13 07:00:00,0.0
2030-06-13 07:15:00,0.0
2030-06-13 07:30:00,0.0
2030-06-13 07:45:00,0.0
2030-06-13 08:00:00,0.0
2030-06-13 08:15:00,0.0
2030-06-13 08:30:00,0.0
2030-06-13 08:45:00,0.0
2030-06-13 09:00:00,0.0
2030-06-13 09:15:00,0.0
2030-06-13 09:30:00,0.0
2030-06-13 09:45:00,0.0
2030-06-13 10:00:00,0.0
2030-06-13 10:15:00,0.0
2030-06-13 10:30:00,0.0
2030-06-13 10:45:00,0.0
2030-06-13 11:00:00,0.0
2030-06-13 11:15:00,0.0
2030-06-13 11:30:00,0.0
2030-06-13 11:45:00,0.0
2030-06-13 12:00:00,0.0
2030-06-13 12:15:00,0.0
2030-06-13 12:30:00,0.0
2030-06-13 12:45:00,0.0
2030-06-13 13:00:00,0.0
2030-06-13 13:15:00,0.0
2030-06-13 13:30:00,0.0
2030-06-13 13:45:00,0.0
2030-06-13 14:00:00,0.0
2030-06-13 14:15:00,0.0
2030-06-13 14:30:00,0.0
2030-06-13 14:45:00,0.0
2030-06-13 15:00:00,0.0
2030-06-13 15:15:00,0.0
2030-06-13 15:30:00,0.0
2030-06-13 15:45:00,0.0
2030-06-13 16:00:00,0.0
2030-06-13 16:15:00,0.0
2030-06-13 16:30:00,0.0
2030-06-13 16:45:00,0.0
2030-06-13 17:00:00,0.0
2030-06-13 17:15:00,0.0
2030-06-13 17:30:00,0.0
2030-06-13 17:45:00,0.0
2030-06-13 18:00:00,0.0
2030-06-13 18:15:00,0.0
2030-06-13 18:30:00,0.0
2030-06-13 18:45:00,0.0
2030-06-13 19:00:00,0.0
2030-06-13 19:15:00,0.0
2030-06-13 19:30:00,0.0
2030-06-13 19:45:00,0.0
2030-06-13 20:00:00,0.0
2030-06-13 20:15:00,0.0
2030-06-13 20:30:00,0.0
2030-06-13 20:45:00,0.0
2030-06-13 21:00:00,0.0
2030-06-13 21:15:00,0.0
2030-06-13 21:30:00,0.0
2030-06-13 21:45:00,0.0
2030-06-13 22:00:00,0.0
2030-06-13 22:15:00,0.0
2030-06-13 22:30:00,0.0
2030-06-13 22:45:00,0.0
2030-06-13 23:00:00,0.0
2030-06-13 23:15:00,0.0
2030-06-13 23:30:00,0.0
2030-06-13 23:45:00,0.0
2030-06-14 00:00:00,0.0
2030-06-14 00:15:00,0.0
2030-06-14 00:30:00,0.0
2030-06-14 00:45:00,0.0
2030-06-14 01:00:00,0.0
2030-06-14 01:15:00,0.0
2030-06-14 01:30:00,0.0
2030-06-14 01:45:00,0.0
2030-06-14 02:00:00,0.0
2030-06-14 02:15:00,0.0
2030-06-14 02:30:00,0.0
2030-06-14 02:45:00,0.0
2030-06-14 03:00:00,0.0
2030-06-14 03:15:00,0.0
2030-06-14 03:30:00,0.0
2030-06-14 03:45:00,0.0
2030-06-14 04:00:00,0.0
2030-06-14 04:15:00,0.0
2030-06-14 04:30:00,0.0
2030-06-14 04:45:00,0.0
2030-06-14 05:00:00,0.0
2030-06-14 05:15:00,0.0
2030-06-14 05:30:00,0.0
2030-06-14 05:45:00,0.0
2030-06-14 06:00:00,0.0
2030-06-14 06:15:00,0.0
2030-06-14 06:30:00,0.0
2030-06-14 06:45:00,0.0
2030-06-14 07:00:00,0.0
2030-06-14 07:15:00,0.0
2030-06-14 07:30:00,0.0
2030-06-14 07:45:00,0.0
2030-06-14 08:00:00,0.0
2030-06-14 08:15:00,0.0
2030-06-14 08:30:00,0.0
2030-06-14 08:45:00,0.0
2030-06-14 09:00:00,0.0
2030-06-14 09:15:00,0.0
2030-06-14 09:30:00,0.0
2030-06-14 09:45:00,0.0
2030-06-14 10:00:00,0.0
2030-06-14 10:15:00,0.0
2030-06-14 10:30:00,0.0
2030-06-14 10:45:00,0.0
2030-06-14 11:00:00,0.0
2030-06-14 11:15:00,0.0
2030-06-14 11:30:00,0.0
2030-06-14 11:45:00,0.0
2030-06-14 12:00:00,0.0
2030-06-14 12:15:00,0.0
2030-06-14 12:30:00,0.0
2030-06-14 12:45:00,0.0
2030-06-14 13:00:00,0.0
2030-06-14 13:15:00,0.0
2030-06-14 13:30:00,0.0
2030-06-14 13:45:00,0.0
2030-06-14 14:00:00,0.0
2030-06-14 14:15:00,0.0
2030-06-14 14:30:00,0.0
2030-06-14 14:45:00,0.0
2030-06-14 15:00:00,0.0
2030-06-14 15:15:00,0.0
2030-06-14 15:30:00,0.0
2030-06-14 15:45:00,0.0
2030-06-14 16:00:00,0.0
2030-06-14 16:15:00,0.0
2030-06-14 16:30:00,0.0
2030-06-14 16:45:00,0.0
2030-06-14 17:00:00,0.0
2030-06-14 17:15:00,0.0
2030-06-14 17:30:00,0.0
2030-06-14 17:45:00,0.0
2030-06-14 18:00:00,0.0
2030-06-14 18:15:00,0.0
2030-06-14 18:30:00,0.0
2030-06-14 18:45:00,0.0
2030-06-14 19:00:00,0.0
2030-06-14 19:15:00,0.0
2030-06-14 19:30:00,0.0
2030-06-14 19:45:00,0.0
2030-06-14 20:00:00,0.0
2030-06-14 20:15:00,0.0
2030-06-14 20:30:00,0.0
2030-06-14 20:45:00,0.0
2030-06-14 21:00:00,0.0
2030-06-14 21:15:00,0.0
2030-06-14 21:30:00,0.0
2030-06-14 21:45:00,0.0
2030-06-14 22:00:00,0.0
2030-06-14 22:15:00,0.0
2030-06-14 22:30:00,0.0
2030-06-14 22:45:00,0.0
2030-06-14 23:00:00,0.0
2030-06-14 23:15:00,0.0
2030-06-14 23:30:00,0.0
2030-06-14 23:45:00,0.0
2030-06-15 00:00:00,0.0
2030-06-15 00:15:00,0.0
2030-06-15 00:30:00,0.0
2030-06-15 00:45:00,0.0
2030-06-15 01:00:00,0.0
2030-06-15 01:15:00,0.0
2030-06-15 01:30:00,0.0
2030-06-15 01:45:00,0.0
2030-06-15 02:00:00,0.0
2030-06-15 02:15:00,0.0
2030-06-15 02:30:00,0.0
2030-06-15 02:45:00,0.0
2030-06-15 03:00:00,0.0
2030-06-15 03:15:00,0.0
2030-06-15 03:30:00,0.0
2030-06-15 03:45:00,0.0
2030-06-15 04:00:00,0.0
2030-06-15 04:15:00,0.0
2030-06-15 04:30:00,0.0
2030-06-15 04:45:00,0.0
2030-06-15 05:00:00,0.0
2030-06-15 05:15:00,0.0
2030-06-15 05:30:00,0.0
2030-06-15 05:45:00,0.0
2030-06-15 06:00:00,0.0
2030-06-15 06:15:00,0.0
2030-06-15 06:30:00,0.0
2030-06-15 06:45:00,0.0
2030-06-15 07:00:00,0.0
2030-06-15 07:15:00,0.0
2030-06-15 07:30:00,0.0
2030-06-15 07:45:00,0.0
2030-06-15 08:00:00,0.0
2030-06-15 08:15:00,0.0
2030-06-15 08:30:00,0.0
2030-06-15 08:45:00,0.0
2030-06-15 09:00:00,0.0
2030-06-15 09:15:00,0.0
2030-06-15 09:30:00,0.0
2030-06-15 09:45:00,0.0
2030-06-15 10:00:00,0.0
2030-06-15 10:15:00,0.0
2030-06-15 10:30:00,0.0
2030-06-15 10:45:00,0.0
2030-06-15 11:00:00,0.0
2030-06-15 11:15:00,0.0
2030-06-15 11:30:00,0.0
2030-06-15 11:45:00,0.0
2030-06-15 12:00:00,0.0
2030-06-15 12:15:00,0.0
2030-06-15 12:30:00,0.0
2030-06-15 12:45:00,0.0
2030-06-15 13:00:00,0.0
2030-06-15 13:15:00,0.0
2030-06-15 13:30:00,0.0
2030-06-15 13:45:00,0.0
2030-06-15 14:00:00,0.0
2030-06-15 14:15:00,0.0
2030-06-15 14:30:00,0.0
2030-06-15 14:45:00,0.0
2030-06-15 15:00:00,0.0
2030-06-15 15:15:00,0.0
2030-06-15 15:30:00,0.0
2030-06-15 15:45:00,0.0
2030-06-15 16:00:00,0.0
2030-06-15 16:15:00,0.0
2030-06-15 16:30:00,0.0
2030-06-15 16:45:00,0.0
2030-06-15 17:00:00,0.0
2030-06-15 17:15:00,0.0
2030-06-15 17:30:00,0.0
2030-06-15 17:45:00,0.0
2030-06-15 18:00:00,0.0
2030-06-15 18:15:00,0.0
2030-06-15 18:30:00,0.0
2030-06-15 18:45:00,0.0
2030-06-15 19:00:00,0.0
2030-06-15 19:15:00,0.0
2030-06-15 19:30:00,0.0
2030-06-15 19:45:00,0.0
2030-06-15 20:00:00,0.0
2030-06-15 20:15:00,0.0
2030-06-15 20:30:00,0.0
2030-06-15 20:45:00,0.0
2030-06-15 21:00:00,0.0
2030-06-15 21:15:00,0.0
2030-06-15 21:30:00,0.0
2030-06-15 21:45:00,0.0
2030-06-15 22:00:00,0.0
2030-06-15 22:15:00,0.0
2030-06-15 22:30:00,0.0
2030-06-15 22:45:00,0.0
2030-06-15 23:00:00,0.0
2030-06-15 23:15:00,0.0
2030-06-15 23:30:00,0.0
2030-06-15 23:45:00,0.0
2030-06-16 00:00:00,0.0
2030-06-16 00:15:00,0.0
2030-06-16 00:30:00,0.0
2030-06-16 00:45:00,0.0
2030-06-16 01:00:00,0.0
2030-06-16 01:15:00,0.0
2030-06-16 01:30:00,0.0
2030-06-16 01:45:00,0.0
2030-06-16 02:00:00,0.0
2030-06-16 02:15:00,0.0
2030-06-16 02:30:00,0.0
2030-06-16 02:45:00,0.0
2030-06-16 03:00:00,0.0
2030-06-16 03:15:00,0.0
2030-06-16 03:30:00,0.0
2030-06-16 03:45:00,0.0
2030-06-16 04:00:00,0.0
2030-06-16 04:15:00,0.0
2030-06-16 04:30:00,0.0
2030-06-16 04:45:00,0.0
2030-06-16 05:00:00,0.0
2030-06-16 05:15:00,0.0
2030-06-16 05:30:00,0.0
2030-06-16 05:45:00,0.0
2030-06-16 06:00:00,0.0
2030-06-16 06:15:00,0.0
2030-06-16 06:30:00,0.0
2030-06-16 06:45:00,0.0
2030-06-16 07:00:00,0.0
2030-06-16 07:15:00,0.0
2030-06-16 07:30:00,0.0
2030-06-16 07:45:00,0.0
2030-06-16 08:00:00,0.0
2030-06-16 08:15:00,0.0
2030-06-16 08:30:00,0.0
2030-06-16 08:45:00,0.0
2030-06-16 09:00:00,0.0
2030-06-16 09:15:00,0.0
2030-06-16 09:30:00,0.0
2030-06-16 09:45:00,0.0
2030-06-16 10:00:00,0.0
2030-06-16 10:15:00,0.0
2030-06-16 10:30:00,0.0
2030-06-16 10:45:00,0.0
2030-06-16 11:00:00,0.0
2030-06-16 11:15:00,0.0
2030-06-16 11:30:00,0.0
2030-06-16 11:45:00,0.0
2030-06-16 12:00:00,0.0
2030-06-16 12:15:00,0.0
2030-06-16 12:30:00,0.0
2030-06-16 12:45:00,0.0
2030-06-16 13:00:00,0.0
2030-06-16 13:15:00,0.0
2030-06-16 13:30:00,0.0
2030-06-16 13:45:00,0.0
2030-06-16 14:00:00,0.0
2030-06-16 14:15:00,0.0
2030-06-16 14:30:00,0.0
2030-06-16 14:45:00,0.0
2030-06-16 15:00:00,0.0
2030-06-16 15:15:00,0.0
2030-06-16 15:30:00,0.0
2030-06-16 15:45:00,0.0
2030-06-16 16:00:00,0.0
2030-06-16 16:15:00,0.0
2030-06-16 16:30:00,0.0
2030-06-16 16:45:00,0.0
2030-06-16 17:00:00,0.0
2030-06-16 17:15:00,0.0
2030-06-16 17:30:00,0.0
2030-06-16 17:45:00,0.0
2030-06-16 18:00:00,0.0
2030-06-16 18:15:00,0.0
2030-06-16 18:30:00,0.0
2030-06-16 18:45:00,0.0
2030-06-16 19:00:00,0.0
2030-06-16 19:15:00,0.0
2030-06-16 19:30:00,0.0
2030-06-16 19:45:00,0.0
2030-06-16 20:00:00,0.0
2030-06-16 20:15:00,0.0
2030-06-16 20:30:00,0.0
2030-06-16 20:45:00,0.0
2030-06-16 21:00:00,0.0
2030-06-16 21:15:00,0.0
2030-06-16 21:30:00,0.0
2030-06-16 21:45:00,0.0
2030-06-16 22:00:00,0.0
2030-06-16 22:15:00,0.0
2030-06-16 22:30:00,0.0
2030-06-16 22:45:00,0.0
2030-06-16 23:00:00,0.0
2030-06-16 23:15:00,0.0
2030-06-16 23:30:00,0.0
2030-06-16 23:45:00,0.0
2030-06-17 00:00:00,0.0
2030-06-17 00:15:00,0.0
2030-06-17 00:30:00,0.0
2030-06-17 00:45:00,0.0
2030-06-17 01:00:00,0.0
2030-06-17 01:15:00,0.0
2030-06-17 01:30:00,0.0
2030-06-17 01:45:00,0.0
2030-06-17 02:00:00,0.0
2030-06-17 02:15:00,0.0
2030-06-17 02:30:00,0.0
2030-06-17 02:45:00,0.0
2030-06-17 03:00:00,0.0
2030-06-17 03:15:00,0.0
2030-06-17 03:30:00,0.0
2030-06-17 03:45:00,0.0
2030-06-17 04:00:00,0.0
2030-06-17 04:15:00,0.0
2030-06-17 04:30:00,0.0
2030-06-17 04:45:00,0.0
2030-06-17 05:00:00,0.0
2030-06-17 05:15:00,0.0
2030-06-17 05:30:00,0.0
2030-06-17 05:45:00,0.0
2030-06-17 06:00:00,0.0
2030-06-17 06:15:00,0.0
2030-06-17 06:30:00,0.0
2030-06-17 06:45:00,0.0
2030-06-17 07:00:00,0.0
2030-06-17 07:15:00,0.0
2030-06-17 07:30:00,0.0
2030-06-17 07:45:00,0.0
2030-06-17 08:00:00,0.0
2030-06-17 08:15:00,0.0
2030-06-17 08:30:00,0.0
2030-06-17 08:45:00,0.0
2030-06-17 09:00:00,0.0
2030-06-17 09:15:00,0.0
2030-06-17 09:30:00,0.0
2030-06-17 09:45:00,0.0
2030-06-17 10:00:00,0.0
2030-06-17 10:15:00,0.0
2030-06-17 10:30:00,0.0
2030-06-17 10:45:00,0.0
2030-06-17 11:00:00,0.0
2030-06-17 11:15:00,0.0
2030-06-17 11:30:00,0.0
2030-06-17 11:45:00,0.0
2030-06-17 12:00:00,0.0
2030-06-17 12:15:00,0.0
2030-06-17 12:30:00,0.0
2030-06-17 12:45:00,0.0
2030-06-17 13:00:00,0.0
2030-06-17 13:15:00,0.0
2030-06-17 13:30:00,0.0
2030-06-17 13:45:00,0.0
2030-06-17 14:00:00,0.0
2030-06-17 14:15:00,0.0
2030-06-17 14:30:00,0.0
2030-06-17 14:45:00,0.0
2030-06-17 15:00:00,0.0
2030-06-17 15:15:00,0.0
2030-06-17 15:30:00,0.0
2030-06-17 15:45:00,0.0
2030-06-17 16:00:00,0.0
2030-06-17 16:15:00,0.0
2030-06-17 16:30:00,0.0
2030-06-17 16:45:00,0.0
2030-06-17 17:00:00,0.0
2030-06-17 17:15:00,0.0
2030-06-17 17:30:00,0.0
2030-06-17 17:45:00,0.0
2030-06-17 18:00:00,0.0
2030-06-17 18:15:00,0.0
2030-06-17 18:30:00,0.0
2030-06-17 18:45:00,0.0
2030-06-17 19:00:00,0.0
2030-06-17 19:15:00,0.0
2030-06-17 19:30:00,0.0
2030-06-17 19:45:00,0.0
2030-06-17 20:00:00,0.0
2030-06-17 20:15:00,0.0
2030-06-17 20:30:00,0.0
2030-06-17 20:45:00,0.0
2030-06-17 21:00:00,0.0
2030-06-17 21:15:00,0.0
2030-06-17 21:30:00,0.0
2030-06-17 21:45:00,0.0
2030-06-17 22:00:00,0.0
2030-06-17 22:15:00,0.0
2030-06-17 22:30:00,0.0
2030-06-17 22:45:00,0.0
2030-06-17 23:00:00,0.0
2030-06-17 23:15:00,0.0
2030-06-17 23:30:00,0.0
2030-06-17 23:45:00,0.0
2030-06-18 00:00:00,0.0
2030-06-18 00:15:00,0.0
2030-06-18 00:30:00,0.0
2030-06-18 00:45:00,0.0
2030-06-18 01:00:00,0.0
2030-06-18 01:15:00,0.0
2030-06-18 01:30:00,0.0
2030-06-18 01:45:00,0.0
2030-06-18 02:00:00,0.0
2030-06-18 02:15:00,0.0
2030-06-18 02:30:00,0.0
2030-06-18 02:45:00,0.0
2030-06-18 03:00:00,0.0
2030-06-18 03:15:00,0.0
2030-06-18 03:30:00,0.0
2030-06-18 03:45:00,0.0
2030-06-18 04:00:00,0.0
2030-06-18 04:15:00,0.0
2030-06-18 04:30:00,0.0
2030-06-18 04:45:00,0.0
2030-06-18 05:00:00,0.0
2030-06-18 05:15:00,0.0
2030-06-18 05:30:00,0.0
2030-06-18 05:45:00,0.0
2030-06-18 06:00:00,0.0
2030-06-18 06:15:00,0.0
2030-06-18 06:30:00,0.0
2030-06-18 06:45:00,0.0
2030-06-18 07:00:00,0.0
2030-06-18 07:15:00,0.0
2030-06-18 07:30:00,0.0
2030-06-18 07:45:00,0.0
2030-06-18 08:00:00,0.0
2030-06-18 08:15:00,0.0
2030-06-18 08:30:00,0.0
2030-06-18 08:45:00,0.0
2030-06-18 09:00:00,0.0
2030-06-18 09:15:00,0.0
2030-06-18 09:30:00,0.0
2030-06-18 09:45:00,0.0
2030-06-18 10:00:00,0.0
2030-06-18 10:15:00,0.0
2030-06-18 10:30:00,0.0
2030-06-18 10:45:00,0.0
2030-06-18 11:00:00,0.0
2030-06-18 11:15:00,0.0
2030-06-18 11:30:00,0.0
2030-06-18 11:45:00,0.0
2030-06-18 12:00:00,0.0
2030-06-18 12:15:00,0.0
2030-06-18 12:30:00,0.0
2030-06-18 12:45:00,0.0
2030-06-18 13:00:00,0.0
2030-06-18 13:15:00,0.0
2030-06-18 13:30:00,0.0
2030-06-18 13:45:00,0.0
2030-06-18 14:00:00,0.0
2030-06-18 14:15:00,0.0
2030-06-18 14:30:00,0.0
2030-06-18 14:45:00,0.0
2030-06-18 15:00:00,0.0
2030-06-18 15:15:00,0.0
2030-06-18 15:30:00,0.0
2030-06-18 15:45:00,0.0
2030-06-18 16:00:00,0.0
2030-06-18 16:15:00,0.0
2030-06-18 16:30:00,0.0
2030-06-18 16:45:00,0.0
2030-06-18 17:00:00,0.0
2030-06-18 17:15:00,0.0
2030-06-18 17:30:00,0.0
2030-06-18 17:45:00,0.0
2030-06-18 18:00:00,0.0
2030-06-18 18:15:00,0.0
2030-06-18 18:30:00,0.0
2030-06-18 18:45:00,0.0
2030-06-18 19:00:00,0.0
2030-06-18 19:15:00,0.0
2030-06-18 19:30:00,0.0
2030-06-18 19:45:00,0.0
2030-06-18 20:00:00,0.0
2030-06-18 20:15:00,0.0
2030-06-18 20:30:00,0.0
2030-06-18 20:45:00,0.0
2030-06-18 21:00:00,0.0
2030-06-18 21:15:00,0.0
2030-06-18 21:30:00,0.0
2030-06-18 21:45:00,0.0
2030-06-18 22:00:00,0.0
2030-06-18 22:15:00,0.0
2030-06-18 22:30:00,0.0
2030-06-18 22:45:00,0.0
2030-06-18 23:00:00,0.0
2030-06-18 23:15:00,0.0
2030-06-18 23:30:00,0.0
2030-06-18 23:45:00,0.0
2030-06-19 00:00:00,0.0
2030-06-19 00:15:00,0.0
2030-06-19 00:30:00,0.0
2030-06-19 00:45:00,0.0
2030-06-19 01:00:00,0.0
2030-06-19 01:15:00,0.0
2030-06-19 01:30:00,0.0
2030-06-19 01:45:00,0.0
2030-06-19 02:00:00,0.0
2030-06-19 02:15:00,0.0
2030-06-19 02:30:00,0.0
2030-06-19 02:45:00,0.0
2030-06-19 03:00:00,0.0
2030-06-19 03:15:00,0.0
2030-06-19 03:30:00,0.0
2030-06-19 03:45:00,0.0
2030-06-19 04:00:00,0.0
2030-06-19 04:15:00,0.0
2030-06-19 04:30:00,0.0
2030-06-19 04:45:00,0.0
2030-06-19 05:00:00,0.0
2030-06-19 05:15:00,0.0
2030-06-19 05:30:00,0.0
2030-06-19 05:45:00,0.0
2030-06-19 06:00:00,0.0
2030-06-19 06:15:00,0.0
2030-06-19 06:30:00,0.0
2030-06-19 06:45:00,0.0
2030-06-19 07:00:00,0.0
2030-06-19 07:15:00,0.0
2030-06-19 07:30:00,0.0
2030-06-19 07:45:00,0.0
2030-06-19 08:00:00,0.0
2030-06-19 08:15:00,0.0
2030-06-19 08:30:00,0.0
2030-06-19 08:45:00,0.0
2030-06-19 09:00:00,0.0
2030-06-19 09:15:00,0.0
2030-06-19 09:30:00,0.0
2030-06-19 09:45:00,0.0
2030-06-19 10:00:00,0.0
2030-06-19 10:15:00,0.0
2030-06-19 10:30:00,0.0
2030-06-19 10:45:00,0.0
2030-06-19 11:00:00,0.0
2030-06-19 11:15:00,0.0
2030-06-19 11:30:00,0.0
2030-06-19 11:45:00,0.0
2030-06-19 12:00:00,0.0
2030-06-19 12:15:00,0.0
2030-06-19 12:30:00,0.0
2030-06-19 12:45:00,0.0
2030-06-19 13:00:00,0.0
2030-06-19 13:15:00,0.0
2030-06-19 13:30:00,0.0
2030-06-19 13:45:00,0.0
2030-06-19 14:00:00,0.0
2030-06-19 14:15:00,0.0
2030-06-19 14:30:00,0.0
2030-06-19 14:45:00,0.0
2030-06-19 15:00:00,0.0
2030-06-19 15:15:00,0.0
2030-06-19 15:30:00,0.0
2030-06-19 15:45:00,0.0
2030-06-19 16:00:00,0.0
2030-06-19 16:15:00,0.0
2030-06-19 16:30:00,0.0
2030-06-19 16:45:00,0.0
2030-06-19 17:00:00,0.0
2030-06-19 17:15:00,0.0
2030-06-19 17:30:00,0.0
2030-06-19 17:45:00,0.0
2030-06-19 18:00:00,0.0
2030-06-19 18:15:00,0.0
2030-06-19 18:30:00,0.0
2030-06-19 18:45:00,0.0
2030-06-19 19:00:00,0.0
2030-06-19 19:15:00,0.0
2030-06-19 19:30:00,0.0
2030-06-19 19:45:00,0.0
2030-06-19 20:00:00,0.0
2030-06-19 20:15:00,0.0
2030-06-19 20:30:00,0.0
2030-06-19 20:45:00,0.0
2030-06-19 21:00:00,0.0
2030-06-19 21:15:00,0.0
2030-06-19 21:30:00,0.0
2030-06-19 21:45:00,0.0
2030-06-19 22:00:00,0.0
2030-06-19 22:15:00,0.0
2030-06-19 22:30:00,0.0
2030-06-19 22:45:00,0.0
2030-06-19 23:00:00,0.0
2030-06-19 23:15:00,0.0
2030-06-19 23:30:00,0.0
2030-06-19 23:45:00,0.0
2030-06-20 00:00:00,0.0
2030-06-20 00:15:00,0.0
2030-06-20 00:30:00,0.0
2030-06-20 00:45:00,0.0
2030-06-20 01:00:00,0.0
2030-06-20 01:15:00,0.0
2030-06-20 01:30:00,0.0
2030-06-20 01:45:00,0.0
2030-06-20 02:00:00,0.0
2030-06-20 02:15:00,0.0
2030-06-20 02:30:00,0.0
2030-06-20 02:45:00,0.0
2030-06-20 03:00:00,0.0
2030-06-20 03:15:00,0.0
2030-06-20 03:30:00,0.0
2030-06-20 03:45:00,0.0
2030-06-20 04:00:00,0.0
2030-06-20 04:15:00,0.0
2030-06-20 04:30:00,0.0
2030-06-20 04:45:00,0.0
2030-06-20 05:00:00,0.0
2030-06-20 05:15:00,0.0
2030-06-20 05:30:00,0.0
2030-06-20 05:45:00,0.0
2030-06-20 06:00:00,0.0
2030-06-20 06:15:00,0.0
2030-06-20 06:30:00,0.0
2030-06-20 06:45:00,0.0
2030-06-20 07:00:00,0.0
2030-06-20 07:15:00,0.0
2030-06-20 07:30:00,0.0
2030-06-20 07:45:00,0.0
2030-06-20 08:00:00,0.0
2030-06-20 08:15:00,0.0
2030-06-20 08:30:00,0.0
2030-06-20 08:45:00,0.0
2030-06-20 09:00:00,0.0
2030-06-20 09:15:00,0.0
2030-06-20 09:30:00,0.0
2030-06-20 09:45:00,0.0
2030-06-20 10:00:00,0.0
2030-06-20 10:15:00,0.0
2030-06-20 10:30:00,0.0
2030-06-20 10:45:00,0.0
2030-06-20 11:00:00,0.0
2030-06-20 11:15:00,0.0
2030-06-20 11:30:00,0.0
2030-06-20 11:45:00,0.0
2030-06-20 12:00:00,0.0
2030-06-20 12:15:00,0.0
2030-06-20 12:30:00,0.0
2030-06-20 12:45:00,0.0
2030-06-20 13:00:00,0.0
2030-06-20 13:15:00,0.0
2030-06-20 13:30:00,0.0
2030-06-20 13:45:00,0.0
2030-06-20 14:00:00,0.0
2030-06-20 14:15:00,0.0
2030-06-20 14:30:00,0.0
2030-06-20 14:45:00,0.0
2030-06-20 15:00:00,0.0
2030-06-20 15:15:00,0.0
2030-06-20 15:30:00,0.0
2030-06-20 15:45:00,0.0
2030-06-20 16:00:00,0.0
2030-06-20 16:15:00,0.0
2030-06-20 16:30:00,0.0
2030-06-20 16:45:00,0.0
2030-06-20 17:00:00,0.0
2030-06-20 17:15:00,0.0
2030-06-20 17:30:00,0.0
2030-06-20 17:45:00,0.0
2030-06-20 18:00:00,0.0
2030-06-20 18:15:00,0.0
2030-06-20 18:30:00,0.0
2030-06-20 18:45:00,0.0
2030-06-20 19:00:00,0.0
2030-06-20 19:15:00,0.0
2030-06-20 19:30:00,0.0
2030-06-20 19:45:00,0.0
2030-06-20 20:00:00,0.0
2030-06-20 20:15:00,0.0
2030-06-20 20:30:00,0.0
2030-06-20 20:45:00,0.0
2030-06-20 21:00:00,0.0
2030-06-20 21:15:00,0.0
2030-06-20 21:30:00,0.0
2030-06-20 21:45:00,0.0
2030-06-20 22:00:00,0.0
2030-06-20 22:15:00,0.0
2030-06-20 22:30:00,0.0
2030-06-20 22:45:00,0.0
2030-06-20 23:00:00,0.0
2030-06-20 23:15:00,0.0
2030-06-20 23:30:00,0.0
2030-06-20 23:45:00,0.0
2030-06-21 00:00:00,0.0
2030-06-21 00:15:00,0.0
2030-06-21 00:30:00,0.0
2030-06-21 00:45:00,0.0
2030-06-21 01:00:00,0.0
2030-06-21 01:15:00,0.0
2030-06-21 01:30:00,0.0
2030-06-21 01:45:00,0.0
2030-06-21 02:00:00,0.0
2030-06-21 02:15:00,0.0
2030-06-21 02:30:00,0.0
2030-06-21 02:45:00,0.0
2030-06-21 03:00:00,0.0
2030-06-21 03:15:00,0.0
2030-06-21 03:30:00,0.0
2030-06-21 03:45:00,0.0
2030-06-21 04:00:00,0.0
2030-06-21 04:15:00,0.0
2030-06-21 04:30:00,0.0
2030-06-21 04:45:00,0.0
2030-06-21 05:00:00,0.0
2030-06-21 05:15:00,0.0
2030-06-21 05:30:00,0.0
2030-06-21 05:45:00,0.0
2030-06-21 06:00:00,0.0
2030-06-21 06:15:00,0.0
2030-06-21 06:30:00,0.0
2030-06-21 06:45:00,0.0
2030-06-21 07:00:00,0.0
2030-06-21 07:15:00,0.0
2030-06-21 07:30:00,0.0
2030-06-21 07:45:00,0.0
2030-06-21 08:00:00,0.0
2030-06-21 08:15:00,0.0
2030-06-21 08:30:00,0.0
2030-06-21 08:45:00,0.0
2030-06-21 09:00:00,0.0
2030-06-21 09:15:00,0.0
2030-06-21 09:30:00,0.0
2030-06-21 09:45:00,0.0
2030-06-21 10:00:00,0.0
2030-06-21 10:15:00,0.0
2030-06-21 10:30:00,0.0
2030-06-21 10:45:00,0.0
2030-06-21 11:00:00,0.0
2030-06-21 11:15:00,0.0
2030-06-21 11:30:00,0.0
2030-06-21 11:45:00,0.0
2030-06-21 12:00:00,0.0
2030-06-21 12:15:00,0.0
2030-06-21 12:30:00,0.0
2030-06-21 12:45:00,0.0
2030-06-21 13:00:00,0.0
2030-06-21 13:15:00,0.0
2030-06-21 13:30:00,0.0
2030-06-21 13:45:00,0.0
2030-06-21 14:00:00,0.0
2030-06-21 14:15:00,0.0
2030-06-21 14:30:00,0.0
2030-06-21 14:45:00,0.0
2030-06-21 15:00:00,0.0
2030-06-21 15:15:00,0.0
2030-06-21 15:30:00,0.0
2030-06-21 15:45:00,0.0
2030-06-21 16:00:00,0.0
2030-06-21 16:15:00,0.0
2030-06-21 16:30:00,0.0
2030-06-21 16:45:00,0.0
2030-06-21 17:00:00,0.0
2030-06-21 17:15:00,0.0
2030-06-21 17:30:00,0.0
2030-06-21 17:45:00,0.0
2030-06-21 18:00:00,0.0
2030-06-21 18:15:00,0.0
2030-06-21 18:30:00,0.0
2030-06-21 18:45:00,0.0
2030-06-21 19:00:00,0.0
2030-06-21 19:15:00,0.0
2030-06-21 19:30:00,0.0
2030-06-21 19:45:00,0.0
2030-06-21 20:00:00,0.0
2030-06-21 20:15:00,0.0
2030-06-21 20:30:00,0.0
2030-06-21 20:45:00,0.0
2030-06-21 21:00:00,0.0
2030-06-21 21:15:00,0.0
2030-06-21 21:30:00,0.0
2030-06-21 21:45:00,0.0
2030-06-21 22:00:00,0.0
2030-06-21 22:15:00,0.0
2030-06-21 22:30:00,0.0
2030-06-21 22:45:00,0.0
2030-06-21 23:00:00,0.0
2030-06-21 23:15:00,0.0
2030-06-21 23:30:00,0.0
2030-06-21 23:45:00,0.0
2030-06-22 00:00:00,0.0
2030-06-22 00:15:00,0.0
2030-06-22 00:30:00,0.0
2030-06-22 00:45:00,0.0
2030-06-22 01:00:00,0.0
2030-06-22 01:15:00,0.0
2030-06-22 01:30:00,0.0
2030-06-22 01:45:00,0.0
2030-06-22 02:00:00,0.0
2030-06-22 02:15:00,0.0
2030-06-22 02:30:00,0.0
2030-06-22 02:45:00,0.0
2030-06-22 03:00:00,0.0
2030-06-22 03:15:00,0.0
2030-06-22 03:30:00,0.0
2030-06-22 03:45:00,0.0
2030-06-22 04:00:00,0.0
2030-06-22 04:15:00,0.0
2030-06-22 04:30:00,0.0
2030-06-22 04:45:00,0.0
2030-06-22 05:00:00,0.0
2030-06-22 05:15:00,0.0
2030-06-22 05:30:00,0.0
2030-06-22 05:45:00,0.0
2030-06-22 06:00:00,0.0
2030-06-22 06:15:00,0.0
2030-06-22 06:30:00,0.0
2030-06-22 06:45:00,0.0
2030-06-22 07:00:00,0.0
2030-06-22 07:15:00,0.0
2030-06-22 07:30:00,0.0
2030-06-22 07:45:00,0.0
2030-06-22 08:00:00,0.0
2030-06-22 08:15:00,0.0
2030-06-22 08:30:00,0.0
2030-06-22 08:45:00,0.0
2030-06-22 09:00:00,0.0
2030-06-22 09:15:00,0.0
2030-06-22 09:30:00,0.0
2030-06-22 09:45:00,0.0
2030-06-22 10:00:00,0.0
2030-06-22 10:15:00,0.0
2030-06-22 10:30:00,0.0
2030-06-22 10:45:00,0.0
2030-06-22 11:00:00,0.0
2030-06-22 11:15:00,0.0
2030-06-22 11:30:00,0.0
2030-06-22 11:45:00,0.0
2030-06-22 12:00:00,0.0
2030-06-22 12:15:00,0.0
2030-06-22 12:30:00,0.0
2030-06-22 12:45:00,0.0
2030-06-22 13:00:00,0.0
2030-06-22 13:15:00,0.0
2030-06-22 13:30:00,0.0
2030-06-22 13:45:00,0.0
2030-06-22 14:00:00,0.0
2030-06-22 14:15:00,0.0
2030-06-22 14:30:00,0.0
2030-06-22 14:45:00,0.0
2030-06-22 15:00:00,0.0
2030-06-22 15:15:00,0.0
2030-06-22 15:30:00,0.0
2030-06-22 15:45:00,0.0
2030-06-22 16:00:00,0.0
2030-06-22 16:15:00,0.0
2030-06-22 16:30:00,0.0
2030-06-22 16:45:00,0.0
2030-06-22 17:00:00,0.0
2030-06-22 17:15:00,0.0
2030-06-22 17:30:00,0.0
2030-06-22 17:45:00,0.0
2030-06-22 18:00:00,0.0
2030-06-22 18:15:00,0.0
2030-06-22 18:30:00,0.0
2030-06-22 18:45:00,0.0
2030-06-22 19:00:00,0.0
2030-06-22 19:15:00,0.0
2030-06-22 19:30:00,0.0
2030-06-22 19:45:00,0.0
2030-06-22 20:00:00,0.0
2030-06-22 20:15:00,0.0
2030-06-22 20:30:00,0.0
2030-06-22 20:45:00,0.0
2030-06-22 21:00:00,0.0
2030-06-22 21:15:00,0.0
2030-06-22 21:30:00,0.0
2030-06-22 21:45:00,0.0
2030-06-22 22:00:00,0.0
2030-06-22 22:15:00,0.0
2030-06-22 22:30:00,0.0
2030-06-22 22:45:00,0.0
2030-06-22 23:00:00,0.0
2030-06-22 23:15:00,0.0
2030-06-22 23:30:00,0.0
2030-06-22 23:45:00,0.0
2030-06-23 00:00:00,0.0
2030-06-23 00:15:00,0.0
2030-06-23 00:30:00,0.0
2030-06-23 00:45:00,0.0
2030-06-23 01:00:00,0.0
2030-06-23 01:15:00,0.0
2030-06-23 01:30:00,0.0
2030-06-23 01:45:00,0.0
2030-06-23 02:00:00,0.0
2030-06-23 02:15:00,0.0
2030-06-23 02:30:00,0.0
2030-06-23 02:45:00,0.0
2030-06-23 03:00:00,0.0
2030-06-23 03:15:00,0.0
2030-06-23 03:30:00,0.0
2030-06-23 03:45:00,0.0
2030-06-23 04:00:00,0.0
2030-06-23 04:15:00,0.0
2030-06-23 04:30:00,0.0
2030-06-23 04:45:00,0.0
2030-06-23 05:00:00,0.0
2030-06-23 05:15:00,0.0
2030-06-23 05:30:00,0.0
2030-06-23 05:45:00,0.0
2030-06-23 06:00:00,0.0
2030-06-23 06:15:00,0.0
2030-06-23 06:30:00,0.0
2030-06-23 06:45:00,0.0
2030-06-23 07:00:00,0.0
2030-06-23 07:15:00,0.0
2030-06-23 07:30:00,0.0
2030-06-23 07:45:00,0.0
2030-06-23 08:00:00,0.0
2030-06-23 08:15:00,0.0
2030-06-23 08:30:00,0.0
2030-06-23 08:45:00,0.0
2030-06-23 09:00:00,0.0
2030-06-23 09:15:00,0.0
2030-06-23 09:30:00,0.0
2030-06-23 09:45:00,0.0
2030-06-23 10:00:00,0.0
2030-06-23 10:15:00,0.0
2030-06-23 10:30:00,0.0
2030-06-23 10:45:00,0.0
2030-06-23 11:00:00,0.0
2030-06-23 11:15:00,0.0
2030-06-23 11:30:00,0.0
2030-06-23 11:45:00,0.0
2030-06-23 12:00:00,0.0
2030-06-23 12:15:00,0.0
2030-06-23 12:30:00,0.0
2030-06-23 12:45:00,0.0
2030-06-23 13:00:00,0.0
2030-06-23 13:15:00,0.0
2030-06-23 13:30:00,0.0
2030-06-23 13:45:00,0.0
2030-06-23 14:00:00,0.0
2030-06-23 14:15:00,0.0
2030-06-23 14:30:00,0.0
2030-06-23 14:45:00,0.0
2030-06-23 15:00:00,0.0
2030-06-23 15:15:00,0.0
2030-06-23 15:30:00,0.0
2030-06-23 15:45:00,0.0
2030-06-23 16:00:00,0.0
2030-06-23 16:15:00,0.0
2030-06-23 16:30:00,0.0
2030-06-23 16:45:00,0.0
2030-06-23 17:00:00,0.0
2030-06-23 17:15:00,0.0
2030-06-23 17:30:00,0.0
2030-06-23 17:45:00,0.0
2030-06-23 18:00:00,0.0
2030-06-23 18:15:00,0.0
2030-06-23 18:30:00,0.0
2030-06-23 18:45:00,0.0
2030-06-23 19:00:00,0.0
2030-06-23 19:15:00,0.0
2030-06-23 19:30:00,0.0
2030-06-23 19:45:00,0.0
2030-06-23 20:00:00,0.0
2030-06-23 20:15:00,0.0
2030-06-23 20:30:00,0.0
2030-06-23 20:45:00,0.0
2030-06-23 21:00:00,0.0
2030-06-23 21:15:00,0.0
2030-06-23 21:30:00,0.0
2030-06-23 21:45:00,0.0
2030-06-23 22:00:00,0.0
2030-06-23 22:15:00,0.0
2030-06-23 22:30:00,0.0
2030-06-23 22:45:00,0.0
2030-06-23 23:00:00,0.0
2030-06-23 23:15:00,0.0
2030-06-23 23:30:00,0.0
2030-06-23 23:45:00,0.0
2030-06-24 00:00:00,0.0
2030-06-24 00:15:00,0.0
2030-06-24 00:30:00,0.0
2030-06-24 00:45:00,0.0
2030-06-24 01:00:00,0.0
2030-06-24 01:15:00,0.0
2030-06-24 01:30:00,0.0
2030-06-24 01:45:00,0.0
2030-06-24 02:00:00,0.0
2030-06-24 02:15:00,0.0
2030-06-24 02:30:00,0.0
2030-06-24 02:45:00,0.0
2030-06-24 03:00:00,0.0
2030-06-24 03:15:00,0.0
2030-06-24 03:30:00,0.0
2030-06-24 03:45:00,0.0
2030-06-24 04:00:00,0.0
2030-06-24 04:15:00,0.0
2030-06-24 04:30:00,0.0
2030-06-24 04:45:00,0.0
2030-06-24 05:00:00,0.0
2030-06-24 05:15:00,0.0
2030-06-24 05:30:00,0.0
2030-06-24 05:45:00,0.0
2030-06-24 06:00:00,0.0
2030-06-24 06:15:00,0.0
2030-06-24 06:30:00,0.0
2030-06-24 06:45:00,0.0
2030-06-24 07:00:00,0.0
2030-06-24 07:15:00,0.0
2030-06-24 07:30:00,0.0
2030-06-24 07:45:00,0.0
2030-06-24 08:00:00,0.0
2030-06-24 08:15:00,0.0
2030-06-24 08:30:00,0.0
2030-06-24 08:45:00,0.0
2030-06-24 09:00:00,0.0
2030-06-24 09:15:00,0.0
2030-06-24 09:30:00,0.0
2030-06-24 09:45:00,0.0
2030-06-24 10:00:00,0.0
2030-06-24 10:15:00,0.0
2030-06-24 10:30:00,0.0
2030-06-24 10:45:00,0.0
2030-06-24 11:00:00,0.0
2030-06-24 11:15:00,0.0
2030-06-24 11:30:00,0.0
2030-06-24 11:45:00,0.0
2030-06-24 12:00:00,0.0
2030-06-24 12:15:00,0.0
2030-06-24 12:30:00,0.0
2030-06-24 12:45:00,0.0
2030-06-24 13:00:00,0.0
2030-06-24 13:15:00,0.0
2030-06-24 13:30:00,0.0
2030-06-24 13:45:00,0.0
2030-06-24 14:00:00,0.0
2030-06-24 14:15:00,0.0
2030-06-24 14:30:00,0.0
2030-06-24 14:45:00,0.0
2030-06-24 15:00:00,0.0
2030-06-24 15:15:00,0.0
2030-06-24 15:30:00,0.0
2030-06-24 15:45:00,0.0
2030-06-24 16:00:00,0.0
2030-06-24 16:15:00,0.0
2030-06-24 16:30:00,0.0
2030-06-24 16:45:00,0.0
2030-06-24 17:00:00,0.0
2030-06-24 17:15:00,0.0
2030-06-24 17:30:00,0.0
2030-06-24 17:45:00,0.0
2030-06-24 18:00:00,0.0
2030-06-24 18:15:00,0.0
2030-06-24 18:30:00,0.0
2030-06-24 18:45:00,0.0
2030-06-24 19:00:00,0.0
2030-06-24 19:15:00,0.0
2030-06-24 19:30:00,0.0
2030-06-24 19:45:00,0.0
2030-06-24 20:00:00,0.0
2030-06-24 20:15:00,0.0
2030-06-24 20:30:00,0.0
2030-06-24 20:45:00,0.0
2030-06-24 21:00:00,0.0
2030-06-24 21:15:00,0.0
2030-06-24 21:30:00,0.0
2030-06-24 21:45:00,0.0
2030-06-24 22:00:00,0.0
2030-06-24 22:15:00,0.0
2030-06-24 22:30:00,0.0
2030-06-24 22:45:00,0.0
2030-06-24 23:00:00,0.0
2030-06-24 23:15:00,0.0
2030-06-24 23:30:00,0.0
2030-06-24 23:45:00,0.0
2030-06-25 00:00:00,0.0
2030-06-25 00:15:00,0.0
2030-06-25 00:30:00,0.0
2030-06-25 00:45:00,0.0
2030-06-25 01:00:00,0.0
2030-06-25 01:15:00,0.0
2030-06-25 01:30:00,0.0
2030-06-25 01:45:00,0.0
2030-06-25 02:00:00,0.0
2030-06-25 02:15:00,0.0
2030-06-25 02:30:00,0.0
2030-06-25 02:45:00,0.0
2030-06-25 03:00:00,0.0
2030-06-25 03:15:00,0.0
2030-06-25 03:30:00,0.0
2030-06-25 03:45:00,0.0
2030-06-25 04:00:00,0.0
2030-06-25 04:15:00,0.0
2030-06-25 04:30:00,0.0
2030-06-25 04:45:00,0.0
2030-06-25 05:00:00,0.0
2030-06-25 05:15:00,0.0
2030-06-25 05:30:00,0.0
2030-06-25 05:45:00,0.0
2030-06-25 06:00:00,0.0
2030-06-25 06:15:00,0.0
2030-06-25 06:30:00,0.0
2030-06-25 06:45:00,0.0
2030-06-25 07:00:00,0.0
2030-06-25 07:15:00,0.0
2030-06-25 07:30:00,0.0
2030-06-25 07:45:00,0.0
2030-06-25 08:00:00,0.0
2030-06-25 08:15:00,0.0
2030-06-25 08:30:00,0.0
2030-06-25 08:45:00,0.0
2030-06-25 09:00:00,0.0
2030-06-25 09:15:00,0.0
2030-06-25 09:30:00,0.0
2030-06-25 09:45:00,0.0
2030-06-25 10:00:00,0.0
2030-06-25 10:15:00,0.0
2030-06-25 10:30:00,0.0
2030-06-25 10:45:00,0.0
2030-06-25 11:00:00,0.0
2030-06-25 11:15:00,0.0
2030-06-25 11:30:00,0.0
2030-06-25 11:45:00,0.0
2030-06-25 12:00:00,0.0
2030-06-25 12:15:00,0.0
2030-06-25 12:30:00,0.0
2030-06-25 12:45:00,0.0
2030-06-25 13:00:00,0.0
2030-06-25 13:15:00,0.0
2030-06-25 13:30:00,0.0
2030-06-25 13:45:00,0.0
2030-06-25 14:00:00,0.0
2030-06-25 14:15:00,0.0
2030-06-25 14:30:00,0.0
2030-06-25 14:45:00,0.0
2030-06-25 15:00:00,0.0
2030-06-25 15:15:00,0.0
2030-06-25 15:30:00,0.0
2030-06-25 15:45:00,0.0
2030-06-25 16:00:00,0.0
2030-06-25 16:15:00,0.0
2030-06-25 16:30:00,0.0
2030-06-25 16:45:00,0.0
2030-06-25 17:00:00,0.0
2030-06-25 17:15:00,0.0
2030-06-25 17:30:00,0.0
2030-06-25 17:45:00,0.0
2030-06-25 18:00:00,0.0
2030-06-25 18:15:00,0.0
2030-06-25 18:30:00,0.0
2030-06-25 18:45:00,0.0
2030-06-25 19:00:00,0.0
2030-06-25 19:15:00,0.0
2030-06-25 19:30:00,0.0
2030-06-25 19:45:00,0.0
2030-06-25 20:00:00,0.0
2030-06-25 20:15:00,0.0
2030-06-25 20:30:00,0.0
2030-06-25 20:45:00,0.0
2030-06-25 21:00:00,0.0
2030-06-25 21:15:00,0.0
2030-06-25 21:30:00,0.0
2030-06-25 21:45:00,0.0
2030-06-25 22:00:00,0.0
2030-06-25 22:15:00,0.0
2030-06-25 22:30:00,0.0
2030-06-25 22:45:00,0.0
2030-06-25 23:00:00,0.0
2030-06-25 23:15:00,0.0
2030-06-25 23:30:00,0.0
2030-06-25 23:45:00,0.0
2030-06-26 00:00:00,0.0
2030-06-26 00:15:00,0.0
2030-06-26 00:30:00,0.0
2030-06-26 00:45:00,0.0
2030-06-26 01:00:00,0.0
2030-06-26 01:15:00,0.0
2030-06-26 01:30:00,0.0
2030-06-26 01:45:00,0.0
2030-06-26 02:00:00,0.0
2030-06-26 02:15:00,0.0
2030-06-26 02:30:00,0.0
2030-06-26 02:45:00,0.0
2030-06-26 03:00:00,0.0
2030-06-26 03:15:00,0.0
2030-06-26 03:30:00,0.0
2030-06-26 03:45:00,0.0
2030-06-26 04:00:00,0.0
2030-06-26 04:15:00,0.0
2030-06-26 04:30:00,0.0
2030-06-26 04:45:00,0.0
2030-06-26 05:00:00,0.0
2030-06-26 05:15:00,0.0
2030-06-26 05:30:00,0.0
2030-06-26 05:45:00,0.0
2030-06-26 06:00:00,0.0
2030-06-26 06:15:00,0.0
2030-06-26 06:30:00,0.0
2030-06-26 06:45:00,0.0
2030-06-26 07:00:00,0.0
2030-06-26 07:15:00,0.0
2030-06-26 07:30:00,0.0
2030-06-26 07:45:00,0.0
2030-06-26 08:00:00,0.0
2030-06-26 08:15:00,0.0
2030-06-26 08:30:00,0.0
2030-06-26 08:45:00,0.0
2030-06-26 09:00:00,0.0
2030-06-26 09:15:00,0.0
2030-06-26 09:30:00,0.0
2030-06-26 09:45:00,0.0
2030-06-26 10:00:00,0.0
2030-06-26 10:15:00,0.0
2030-06-26 10:30:00,0.0
2030-06-26 10:45:00,0.0
2030-06-26 11:00:00,0.0
2030-06-26 11:15:00,0.0
2030-06-26 11:30:00,0.0
2030-06-26 11:45:00,0.0
2030-06-26 12:00:00,0.0
2030-06-26 12:15:00,0.0
2030-06-26 12:30:00,0.0
2030-06-26 12:45:00,0.0
2030-06-26 13:00:00,0.0
2030-06-26 13:15:00,0.0
2030-06-26 13:30:00,0.0
2030-06-26 13:45:00,0.0
2030-06-26 14:00:00,0.0
2030-06-26 14:15:00,0.0
2030-06-26 14:30:00,0.0
2030-06-26 14:45:00,0.0
2030-06-26 15:00:00,0.0
2030-06-26 15:15:00,0.0
2030-06-26 15:30:00,0.0
2030-06-26 15:45:00,0.0
2030-06-26 16:00:00,0.0
2030-06-26 16:15:00,0.0
2030-06-26 16:30:00,0.0
2030-06-26 16:45:00,0.0
2030-06-26 17:00:00,0.0
2030-06-26 17:15:00,0.0
2030-06-26 17:30:00,0.0
2030-06-26 17:45:00,0.0
2030-06-26 18:00:00,0.0
2030-06-26 18:15:00,0.0
2030-06-26 18:30:00,0.0
2030-06-26 18:45:00,0.0
2030-06-26 19:00:00,0.0
2030-06-26 19:15:00,0.0
2030-06-26 19:30:00,0.0
2030-06-26 19:45:00,0.0
2030-06-26 20:00:00,0.0
2030-06-26 20:15:00,0.0
2030-06-26 20:30:00,0.0
2030-06-26 20:45:00,0.0
2030-06-26 21:00:00,0.0
2030-06-26 21:15:00,0.0
2030-06-26 21:30:00,0.0
2030-06-26 21:45:00,0.0
2030-06-26 22:00:00,0.0
2030-06-26 22:15:00,0.0
2030-06-26 22:30:00,0.0
2030-06-26 22:45:00,0.0
2030-06-26 23:00:00,0.0
2030-06-26 23:15:00,0.0
2030-06-26 23:30:00,0.0
2030-06-26 23:45:00,0.0
2030-06-27 00:00:00,0.0
2030-06-27 00:15:00,0.0
2030-06-27 00:30:00,0.0
2030-06-27 00:45:00,0.0
2030-06-27 01:00:00,0.0
2030-06-27 01:15:00,0.0
2030-06-27 01:30:00,0.0
2030-06-27 01:45:00,0.0
2030-06-27 02:00:00,0.0
2030-06-27 02:15:00,0.0
2030-06-27 02:30:00,0.0
2030-06-27 02:45:00,0.0
2030-06-27 03:00:00,0.0
2030-06-27 03:15:00,0.0
2030-06-27 03:30:00,0.0
2030-06-27 03:45:00,0.0
2030-06-27 04:00:00,0.0
2030-06-27 04:15:00,0.0
2030-06-27 04:30:00,0.0
2030-06-27 04:45:00,0.0
2030-06-27 05:00:00,0.0
2030-06-27 05:15:00,0.0
2030-06-27 05:30:00,0.0
2030-06-27 05:45:00,0.0
2030-06-27 06:00:00,0.0
2030-06-27 06:15:00,0.0
2030-06-27 06:30:00,0.0
2030-06-27 06:45:00,0.0
2030-06-27 07:00:00,0.0
2030-06-27 07:15:00,0.0
2030-06-27 07:30:00,0.0
2030-06-27 07:45:00,0.0
2030-06-27 08:00:00,0.0
2030-06-27 08:15:00,0.0
2030-06-27 08:30:00,0.0
2030-06-27 08:45:00,0.0
2030-06-27 09:00:00,0.0
2030-06-27 09:15:00,0.0
2030-06-27 09:30:00,0.0
2030-06-27 09:45:00,0.0
2030-06-27 10:00:00,0.0
2030-06-27 10:15:00,0.0
2030-06-27 10:30:00,0.0
2030-06-27 10:45:00,0.0
2030-06-27 11:00:00,0.0
2030-06-27 11:15:00,0.0
2030-06-27 11:30:00,0.0
2030-06-27 11:45:00,0.0
2030-06-27 12:00:00,0.0
2030-06-27 12:15:00,0.0
2030-06-27 12:30:00,0.0
2030-06-27 12:45:00,0.0
2030-06-27 13:00:00,0.0
2030-06-27 13:15:00,0.0
2030-06-27 13:30:00,0.0
2030-06-27 13:45:00,0.0
2030-06-27 14:00:00,0.0
2030-06-27 14:15:00,0.0
2030-06-27 14:30:00,0.0
2030-06-27 14:45:00,0.0
2030-06-27 15:00:00,0.0
2030-06-27 15:15:00,0.0
2030-06-27 15:30:00,0.0
2030-06-27 15:45:00,0.0
2030-06-27 16:00:00,0.0
2030-06-27 16:15:00,0.0
2030-06-27 16:30:00,0.0
2030-06-27 16:45:00,0.0
2030-06-27 17:00:00,0.0
2030-06-27 17:15:00,0.0
2030-06-27 17:30:00,0.0
2030-06-27 17:45:00,0.0
2030-06-27 18:00:00,0.0
2030-06-27 18:15:00,0.0
2030-06-27 18:30:00,0.0
2030-06-27 18:45:00,0.0
2030-06-27 19:00:00,0.0
2030-06-27 19:15:00,0.0
2030-06-27 19:30:00,0.0
2030-06-27 19:45:00,0.0
2030-06-27 20:00:00,0.0
2030-06-27 20:15:00,0.0
2030-06-27 20:30:00,0.0
2030-06-27 20:45:00,0.0
2030-06-27 21:00:00,0.0
2030-06-27 21:15:00,0.0
2030-06-27 21:30:00,0.0
2030-06-27 21:45:00,0.0
2030-06-27 22:00:00,0.0
2030-06-27 22:15:00,0.0
2030-06-27 22:30:00,0.0
2030-06-27 22:45:00,0.0
2030-06-27 23:00:00,0.0
2030-06-27 23:15:00,0.0
2030-06-27 23:30:00,0.0
2030-06-27 23:45:00,0.0
2030-06-28 00:00:00,0.0
2030-06-28 00:15:00,0.0
2030-06-28 00:30:00,0.0
2030-06-28 00:45:00,0.0
2030-06-28 01:00:00,0.0
2030-06-28 01:15:00,0.0
2030-06-28 01:30:00,0.0
2030-06-28 01:45:00,0.0
2030-06-28 02:00:00,0.0
2030-06-28 02:15:00,0.0
2030-06-28 02:30:00,0.0
2030-06-28 02:45:00,0.0
2030-06-28 03:00:00,0.0
2030-06-28 03:15:00,0.0
2030-06-28 03:30:00,0.0
2030-06-28 03:45:00,0.0
2030-06-28 04:00:00,0.0
2030-06-28 04:15:00,0.0
2030-06-28 04:30:00,0.0
2030-06-28 04:45:00,0.0
2030-06-28 05:00:00,0.0
2030-06-28 05:15:00,0.0
2030-06-28 05:30:00,0.0
2030-06-28 05:45:00,0.0
2030-06-28 06:00:00,0.0
2030-06-28 06:15:00,0.0
2030-06-28 06:30:00,0.0
2030-06-28 06:45:00,0.0
2030-06-28 07:00:00,0.0
2030-06-28 07:15:00,0.0
2030-06-28 07:30:00,0.0
2030-06-28 07:45:00,0.0
2030-06-28 08:00:00,0.0
2030-06-28 08:15:00,0.0
2030-06-28 08:30:00,0.0
2030-06-28 08:45:00,0.0
2030-06-28 09:00:00,0.0
2030-06-28 09:15:00,0.0
2030-06-28 09:30:00,0.0
2030-06-28 09:45:00,0.0
2030-06-28 10:00:00,0.0
2030-06-28 10:15:00,0.0
2030-06-28 10:30:00,0.0
2030-06-28 10:45:00,0.0
2030-06-28 11:00:00,0.0
2030-06-28 11:15:00,0.0
2030-06-28 11:30:00,0.0
2030-06-28 11:45:00,0.0
2030-06-28 12:00:00,0.0
2030-06-28 12:15:00,0.0
2030-06-28 12:30:00,0.0
2030-06-28 12:45:00,0.0
2030-06-28 13:00:00,0.0
2030-06-28 13:15:00,0.0
2030-06-28 13:30:00,0.0
2030-06-28 13:45:00,0.0
2030-06-28 14:00:00,0.0
2030-06-28 14:15:00,0.0
2030-06-28 14:30:00,0.0
2030-06-28 14:45:00,0.0
2030-06-28 15:00:00,0.0
2030-06-28 15:15:00,0.0
2030-06-28 15:30:00,0.0
2030-06-28 15:45:00,0.0
2030-06-28 16:00:00,0.0
2030-06-28 16:15:00,0.0
2030-06-28 16:30:00,0.0
2030-06-28 16:45:00,0.0
2030-06-28 17:00:00,0.0
2030-06-28 17:15:00,0.0
2030-06-28 17:30:00,0.0
2030-06-28 17:45:00,0.0
2030-06-28 18:00:00,0.0
2030-06-28 18:15:00,0.0
2030-06-28 18:30:00,0.0
2030-06-28 18:45:00,0.0
2030-06-28 19:00:00,0.0
2030-06-28 19:15:00,0.0
2030-06-28 19:30:00,0.0
2030-06-28 19:45:00,0.0
2030-06-28 20:00:00,0.0
2030-06-28 20:15:00,0.0
2030-06-28 20:30:00,0.0
2030-06-28 20:45:00,0.0
2030-06-28 21:00:00,0.0
2030-06-28 21:15:00,0.0
2030-06-28 21:30:00,0.0
2030-06-28 21:45:00,0.0
2030-06-28 22:00:00,0.0
2030-06-28 22:15:00,0.0
2030-06-28 22:30:00,0.0
2030-06-28 22:45:00,0.0
2030-06-28 23:00:00,0.0
2030-06-28 23:15:00,0.0
2030-06-28 23:30:00,0.0
2030-06-28 23:45:00,0.0
2030-06-29 00:00:00,0.0
2030-06-29 00:15:00,0.0
2030-06-29 00:30:00,0.0
2030-06-29 00:45:00,0.0
2030-06-29 01:00:00,0.0
2030-06-29 01:15:00,0.0
2030-06-29 01:30:00,0.0
2030-06-29 01:45:00,0.0
2030-06-29 02:00:00,0.0
2030-06-29 02:15:00,0.0
2030-06-29 02:30:00,0.0
2030-06-29 02:45:00,0.0
2030-06-29 03:00:00,0.0
2030-06-29 03:15:00,0.0
2030-06-29 03:30:00,0.0
2030-06-29 03:45:00,0.0
2030-06-29 04:00:00,0.0
2030-06-29 04:15:00,0.0
2030-06-29 04:30:00,0.0
2030-06-29 04:45:00,0.0
2030-06-29 05:00:00,0.0
2030-06-29 05:15:00,0.0
2030-06-29 05:30:00,0.0
2030-06-29 05:45:00,0.0
2030-06-29 06:00:00,0.0
2030-06-29 06:15:00,0.0
2030-06-29 06:30:00,0.0
2030-06-29 06:45:00,0.0
2030-06-29 07:00:00,0.0
2030-06-29 07:15:00,0.0
2030-06-29 07:30:00,0.0
2030-06-29 07:45:00,0.0
2030-06-29 08:00:00,0.0
2030-06-29 08:15:00,0.0
2030-06-29 08:30:00,0.0
2030-06-29 08:45:00,0.0
2030-06-29 09:00:00,0.0
2030-06-29 09:15:00,0.0
2030-06-29 09:30:00,0.0
2030-06-29 09:45:00,0.0
2030-06-29 10:00:00,0.0
2030-06-29 10:15:00,0.0
2030-06-29 10:30:00,0.0
2030-06-29 10:45:00,0.0
2030-06-29 11:00:00,0.0
2030-06-29 11:15:00,0.0
2030-06-29 11:30:00,0.0
2030-06-29 11:45:00,0.0
2030-06-29 12:00:00,0.0
2030-06-29 12:15:00,0.0
2030-06-29 12:30:00,0.0
2030-06-29 12:45:00,0.0
2030-06-29 13:00:00,0.0
2030-06-29 13:15:00,0.0
2030-06-29 13:30:00,0.0
2030-06-29 13:45:00,0.0
2030-06-29 14:00:00,0.0
2030-06-29 14:15:00,0.0
2030-06-29 14:30:00,0.0
2030-06-29 14:45:00,0.0
2030-06-29 15:00:00,0.0
2030-06-29 15:15:00,0.0
2030-06-29 15:30:00,0.0
2030-06-29 15:45:00,0.0
2030-06-29 16:00:00,0.0
2030-06-29 16:15:00,0.0
2030-06-29 16:30:00,0.0
2030-06-29 16:45:00,0.0
2030-06-29 17:00:00,0.0
2030-06-29 17:15:00,0.0
2030-06-29 17:30:00,0.0
2030-06-29 17:45:00,0.0
2030-06-29 18:00:00,0.0
2030-06-29 18:15:00,0.0
2030-06-29 18:30:00,0.0
2030-06-29 18:45:00,0.0
2030-06-29 19:00:00,0.0
2030-06-29 19:15:00,0.0
2030-06-29 19:30:00,0.0
2030-06-29 19:45:00,0.0
2030-06-29 20:00:00,0.0
2030-06-29 20:15:00,0.0
2030-06-29 20:30:00,0.0
2030-06-29 20:45:00,0.0
2030-06-29 21:00:00,0.0
2030-06-29 21:15:00,0.0
2030-06-29 21:30:00,0.0
2030-06-29 21:45:00,0.0
2030-06-29 22:00:00,0.0
2030-06-29 22:15:00,0.0
2030-06-29 22:30:00,0.0
2030-06-29 22:45:00,0.0
2030-06-29 23:00:00,0.0
2030-06-29 23:15:00,0.0
2030-06-29 23:30:00,0.0
2030-06-29 23:45:00,0.0
2030-06-30 00:00:00,0.0
2030-06-30 00:15:00,0.0
2030-06-30 00:30:00,0.0
2030-06-30 00:45:00,0.0
2030-06-30 01:00:00,0.0
2030-06-30 01:15:00,0.0
2030-06-30 01:30:00,0.0
2030-06-30 01:45:00,0.0
2030-06-30 02:00:00,0.0
2030-06-30 02:15:00,0.0
2030-06-30 02:30:00,0.0
2030-06-30 02:45:00,0.0
2030-06-30 03:00:00,0.0
2030-06-30 03:15:00,0.0
2030-06-30 03:30:00,0.0
2030-06-30 03:45:00,0.0
2030-06-30 04:00:00,0.0
2030-06-30 04:15:00,0.0
2030-06-30 04:30:00,0.0
2030-06-30 04:45:00,0.0
2030-06-30 05:00:00,0.0
2030-06-30 05:15:00,0.0
2030-06-30 05:30:00,0.0
2030-06-30 05:45:00,0.0
2030-06-30 06:00:00,0.0
2030-06-30 06:15:00,0.0
2030-06-30 06:30:00,0.0
2030-06-30 06:45:00,0.0
2030-06-30 07:00:00,0.0
2030-06-30 07:15:00,0.0
2030-06-30 07:30:00,0.0
2030-06-30 07:45:00,0.0
2030-06-30 08:00:00,0.0
2030-06-30 08:15:00,0.0
2030-06-30 08:30:00,0.0
2030-06-30 08:45:00,0.0
2030-06-30 09:00:00,0.0
2030-06-30 09:15:00,0.0
2030-06-30 09:30:00,0.0
2030-06-30 09:45:00,0.0
2030-06-30 10:00:00,0.0
2030-06-30 10:15:00,0.0
2030-06-30 10:30:00,0.0
2030-06-30 10:45:00,0.0
2030-06-30 11:00:00,0.0
2030-06-30 11:15:00,0.0
2030-06-30 11:30:00,0.0
2030-06-30 11:45:00,0.0
2030-06-30 12:00:00,0.0
2030-06-30 12:15:00,0.0
2030-06-30 12:30:00,0.0
2030-06-30 12:45:00,0.0
2030-06-30 13:00:00,0.0
2030-06-30 13:15:00,0.0
2030-06-30 13:30:00,0.0
2030-06-30 13:45:00,0.0
2030-06-30 14:00:00,0.0
2030-06-30 14:15:00,0.0
2030-06-30 14:30:00,0.0
2030-06-30 14:45:00,0.0
2030-06-30 15:00:00,0.0
2030-06-30 15:15:00,0.0
2030-06-30 15:30:00,0.0
2030-06-30 15:45:00,0.0
2030-06-30 16:00:00,0.0
2030-06-30 16:15:00,0.0
2030-06-30 16:30:00,0.0
2030-06-30 16:45:00,0.0
2030-06-30 17:00:00,0.0
2030-06-30 17:15:00,0.0
2030-06-30 17:30:00,0.0
2030-06-30 17:45:00,0.0
2030-06-30 18:00:00,0.0
2030-06-30 18:15:00,0.0
2030-06-30 18:30:00,0.0
2030-06-30 18:45:00,0.0
2030-06-30 19:00:00,0.0
2030-06-30 19:15:00,0.0
2030-06-30 19:30:00,0.0
2030-06-30 19:45:00,0.0
2030-06-30 20:00:00,0.0
2030-06-30 20:15:00,0.0
2030-06-30 20:30:00,0.0
2030-06-30 20:45:00,0.0
2030-06-30 21:00:00,0.0
2030-06-30 21:15:00,0.0
2030-06-30 21:30:00,0.0
2030-06-30 21:45:00,0.0
2030-06-30 22:00:00,0.0
2030-06-30 22:15:00,0.0
2030-06-30 22:30:00,0.0
2030-06-30 22:45:00,0.0
2030-06-30 23:00:00,0.0
2030-06-30 23:15:00,0.0
2030-06-30 23:30:00,0.0
2030-06-30 23:45:00,0.0
2030-07-01 00:00:00,0.0
2030-07-01 00:15:00,0.0
2030-07-01 00:30:00,0.0
2030-07-01 00:45:00,0.0
2030-07-01 01:00:00,0.0
2030-07-01 01:15:00,0.0
2030-07-01 01:30:00,0.0
2030-07-01 01:45:00,0.0
2030-07-01 02:00:00,0.0
2030-07-01 02:15:00,0.0
2030-07-01 02:30:00,0.0
2030-07-01 02:45:00,0.0
2030-07-01 03:00:00,0.0
2030-07-01 03:15:00,0.0
2030-07-01 03:30:00,0.0
2030-07-01 03:45:00,0.0
2030-07-01 04:00:00,0.0
2030-07-01 04:15:00,0.0
2030-07-01 04:30:00,0.0
2030-07-01 04:45:00,0.0
2030-07-01 05:00:00,0.0
2030-07-01 05:15:00,0.0
2030-07-01 05:30:00,0.0
2030-07-01 05:45:00,0.0
2030-07-01 06:00:00,0.0
2030-07-01 06:15:00,0.0
2030-07-01 06:30:00,0.0
2030-07-01 06:45:00,0.0
2030-07-01 07:00:00,0.0
2030-07-01 07:15:00,0.0
2030-07-01 07:30:00,0.0
2030-07-01 07:45:00,0.0
2030-07-01 08:00:00,0.0
2030-07-01 08:15:00,0.0
2030-07-01 08:30:00,0.0
2030-07-01 08:45:00,0.0
2030-07-01 09:00:00,0.0
2030-07-01 09:15:00,0.0
2030-07-01 09:30:00,0.0
2030-07-01 09:45:00,0.0
2030-07-01 10:00:00,0.0
2030-07-01 10:15:00,0.0
2030-07-01 10:30:00,0.0
2030-07-01 10:45:00,0.0
2030-07-01 11:00:00,0.0
2030-07-01 11:15:00,0.0
2030-07-01 11:30:00,0.0
2030-07-01 11:45:00,0.0
2030-07-01 12:00:00,0.0
2030-07-01 12:15:00,0.0
2030-07-01 12:30:00,0.0
2030-07-01 12:45:00,0.0
2030-07-01 13:00:00,0.0
2030-07-01 13:15:00,0.0
2030-07-01 13:30:00,0.0
2030-07-01 13:45:00,0.0
2030-07-01 14:00:00,0.0
2030-07-01 14:15:00,0.0
2030-07-01 14:30:00,0.0
2030-07-01 14:45:00,0.0
2030-07-01 15:00:00,0.0
2030-07-01 15:15:00,0.0
2030-07-01 15:30:00,0.0
2030-07-01 15:45:00,0.0
2030-07-01 16:00:00,0.0
2030-07-01 16:15:00,0.0
2030-07-01 16:30:00,0.0
2030-07-01 16:45:00,0.0
2030-07-01 17:00:00,0.0
2030-07-01 17:15:00,0.0
2030-07-01 17:30:00,0.0
2030-07-01 17:45:00,0.0
2030-07-01 18:00:00,0.0
2030-07-01 18:15:00,0.0
2030-07-01 18:30:00,0.0
2030-07-01 18:45:00,0.0
2030-07-01 19:00:00,0.0
2030-07-01 19:15:00,0.0
2030-07-01 19:30:00,0.0
2030-07-01 19:45:00,0.0
2030-07-01 20:00:00,0.0
2030-07-01 20:15:00,0.0
2030-07-01 20:30:00,0.0
2030-07-01 20:45:00,0.0
2030-07-01 21:00:00,0.0
2030-07-01 21:15:00,0.0
2030-07-01 21:30:00,0.0
2030-07-01 21:45:00,0.0
2030-07-01 22:00:00,0.0
2030-07-01 22:15:00,0.0
2030-07-01 22:30:00,0.0
2030-07-01 22:45:00,0.0
2030-07-01 23:00:00,0.0
2030-07-01 23:15:00,0.0
2030-07-01 23:30:00,0.0
2030-07-01 23:45:00,0.0
2030-07-02 00:00:00,0.0
2030-07-02 00:15:00,0.0
2030-07-02 00:30:00,0.0
2030-07-02 00:45:00,0.0
2030-07-02 01:00:00,0.0
2030-07-02 01:15:00,0.0
2030-07-02 01:30:00,0.0
2030-07-02 01:45:00,0.0
2030-07-02 02:00:00,0.0
2030-07-02 02:15:00,0.0
2030-07-02 02:30:00,0.0
2030-07-02 02:45:00,0.0
2030-07-02 03:00:00,0.0
2030-07-02 03:15:00,0.0
2030-07-02 03:30:00,0.0
2030-07-02 03:45:00,0.0
2030-07-02 04:00:00,0.0
2030-07-02 04:15:00,0.0
2030-07-02 04:30:00,0.0
2030-07-02 04:45:00,0.0
2030-07-02 05:00:00,0.0
2030-07-02 05:15:00,0.0
2030-07-02 05:30:00,0.0
2030-07-02 05:45:00,0.0
2030-07-02 06:00:00,0.0
2030-07-02 06:15:00,0.0
2030-07-02 06:30:00,0.0
2030-07-02 06:45:00,0.0
2030-07-02 07:00:00,0.0
2030-07-02 07:15:00,0.0
2030-07-02 07:30:00,0.0
2030-07-02 07:45:00,0.0
2030-07-02 08:00:00,0.0
2030-07-02 08:15:00,0.0
2030-07-02 08:30:00,0.0
2030-07-02 08:45:00,0.0
2030-07-02 09:00:00,0.0
2030-07-02 09:15:00,0.0
2030-07-02 09:30:00,0.0
2030-07-02 09:45:00,0.0
2030-07-02 10:00:00,0.0
2030-07-02 10:15:00,0.0
2030-07-02 10:30:00,0.0
2030-07-02 10:45:00,0.0
2030-07-02 11:00:00,0.0
2030-07-02 11:15:00,0.0
2030-07-02 11:30:00,0.0
2030-07-02 11:45:00,0.0
2030-07-02 12:00:00,0.0
2030-07-02 12:15:00,0.0
2030-07-02 12:30:00,0.0
2030-07-02 12:45:00,0.0
2030-07-02 13:00:00,0.0
2030-07-02 13:15:00,0.0
2030-07-02 13:30:00,0.0
2030-07-02 13:45:00,0.0
2030-07-02 14:00:00,0.0
2030-07-02 14:15:00,0.0
2030-07-02 14:30:00,0.0
2030-07-02 14:45:00,0.0
2030-07-02 15:00:00,0.0
2030-07-02 15:15:00,0.0
2030-07-02 15:30:00,0.0
2030-07-02 15:45:00,0.0
2030-07-02 16:00:00,0.0
2030-07-02 16:15:00,0.0
2030-07-02 16:30:00,0.0
2030-07-02 16:45:00,0.0
2030-07-02 17:00:00,0.0
2030-07-02 17:15:00,0.0
2030-07-02 17:30:00,0.0
2030-07-02 17:45:00,0.0
2030-07-02 18:00:00,0.0
2030-07-02 18:15:00,0.0
2030-07-02 18:30:00,0.0
2030-07-02 18:45:00,0.0
2030-07-02 19:00:00,0.0
2030-07-02 19:15:00,0.0
2030-07-02 19:30:00,0.0
2030-07-02 19:45:00,0.0
2030-07-02 20:00:00,0.0
2030-07-02 20:15:00,0.0
2030-07-02 20:30:00,0.0
2030-07-02 20:45:00,0.0
2030-07-02 21:00:00,0.0
2030-07-02 21:15:00,0.0
2030-07-02 21:30:00,0.0
2030-07-02 21:45:00,0.0
2030-07-02 22:00:00,0.0
2030-07-02 22:15:00,0.0
2030-07-02 22:30:00,0.0
2030-07-02 22:45:00,0.0
2030-07-02 23:00:00,0.0
2030-07-02 23:15:00,0.0
2030-07-02 23:30:00,0.0
2030-07-02 23:45:00,0.0
2030-07-03 00:00:00,0.0
2030-07-03 00:15:00,0.0
2030-07-03 00:30:00,0.0
2030-07-03 00:45:00,0.0
2030-07-03 01:00:00,0.0
2030-07-03 01:15:00,0.0
2030-07-03 01:30:00,0.0
2030-07-03 01:45:00,0.0
2030-07-03 02:00:00,0.0
2030-07-03 02:15:00,0.0
2030-07-03 02:30:00,0.0
2030-07-03 02:45:00,0.0
2030-07-03 03:00:00,0.0
2030-07-03 03:15:00,0.0
2030-07-03 03:30:00,0.0
2030-07-03 03:45:00,0.0
2030-07-03 04:00:00,0.0
2030-07-03 04:15:00,0.0
2030-07-03 04:30:00,0.0
2030-07-03 04:45:00,0.0
2030-07-03 05:00:00,0.0
2030-07-03 05:15:00,0.0
2030-07-03 05:30:00,0.0
2030-07-03 05:45:00,0.0
2030-07-03 06:00:00,0.0
2030-07-03 06:15:00,0.0
2030-07-03 06:30:00,0.0
2030-07-03 06:45:00,0.0
2030-07-03 07:00:00,0.0
2030-07-03 07:15:00,0.0
2030-07-03 07:30:00,0.0
2030-07-03 07:45:00,0.0
2030-07-03 08:00:00,0.0
2030-07-03 08:15:00,0.0
2030-07-03 08:30:00,0.0
2030-07-03 08:45:00,0.0
2030-07-03 09:00:00,0.0
2030-07-03 09:15:00,0.0
2030-07-03 09:30:00,0.0
2030-07-03 09:45:00,0.0
2030-07-03 10:00:00,0.0
2030-07-03 10:15:00,0.0
2030-07-03 10:30:00,0.0
2030-07-03 10:45:00,0.0
2030-07-03 11:00:00,0.0
2030-07-03 11:15:00,0.0
2030-07-03 11:30:00,0.0
2030-07-03 11:45:00,0.0
2030-07-03 12:00:00,0.0
2030-07-03 12:15:00,0.0
2030-07-03 12:30:00,0.0
2030-07-03 12:45:00,0.0
2030-07-03 13:00:00,0.0
2030-07-03 13:15:00,0.0
2030-07-03 13:30:00,0.0
2030-07-03 13:45:00,0.0
2030-07-03 14:00:00,0.0
2030-07-03 14:15:00,0.0
2030-07-03 14:30:00,0.0
2030-07-03 14:45:00,0.0
2030-07-03 15:00:00,0.0
2030-07-03 15:15:00,0.0
2030-07-03 15:30:00,0.0
2030-07-03 15:45:00,0.0
2030-07-03 16:00:00,0.0
2030-07-03 16:15:00,0.0
2030-07-03 16:30:00,0.0
2030-07-03 16:45:00,0.0
2030-07-03 17:00:00,0.0
2030-07-03 17:15:00,0.0
2030-07-03 17:30:00,0.0
2030-07-03 17:45:00,0.0
2030-07-03 18:00:00,0.0
2030-07-03 18:15:00,0.0
2030-07-03 18:30:00,0.0
2030-07-03 18:45:00,0.0
2030-07-03 19:00:00,0.0
2030-07-03 19:15:00,0.0
2030-07-03 19:30:00,0.0
2030-07-03 19:45:00,0.0
2030-07-03 20:00:00,0.0
2030-07-03 20:15:00,0.0
2030-07-03 20:30:00,0.0
2030-07-03 20:45:00,0.0
2030-07-03 21:00:00,0.0
2030-07-03 21:15:00,0.0
2030-07-03 21:30:00,0.0
2030-07-03 21:45:00,0.0
2030-07-03 22:00:00,0.0
2030-07-03 22:15:00,0.0
2030-07-03 22:30:00,0.0
2030-07-03 22:45:00,0.0
2030-07-03 23:00:00,0.0
2030-07-03 23:15:00,0.0
2030-07-03 23:30:00,0.0
2030-07-03 23:45:00,0.0
2030-07-04 00:00:00,0.0
2030-07-04 00:15:00,0.0
2030-07-04 00:30:00,0.0
2030-07-04 00:45:00,0.0
2030-07-04 01:00:00,0.0
2030-07-04 01:15:00,0.0
2030-07-04 01:30:00,0.0
2030-07-04 01:45:00,0.0
2030-07-04 02:00:00,0.0
2030-07-04 02:15:00,0.0
2030-07-04 02:30:00,0.0
2030-07-04 02:45:00,0.0
2030-07-04 03:00:00,0.0
2030-07-04 03:15:00,0.0
2030-07-04 03:30:00,0.0
2030-07-04 03:45:00,0.0
2030-07-04 04:00:00,0.0
2030-07-04 04:15:00,0.0
2030-07-04 04:30:00,0.0
2030-07-04 04:45:00,0.0
2030-07-04 05:00:00,0.0
2030-07-04 05:15:00,0.0
2030-07-04 05:30:00,0.0
2030-07-04 05:45:00,0.0
2030-07-04 06:00:00,0.0
2030-07-04 06:15:00,0.0
2030-07-04 06:30:00,0.0
2030-07-04 06:45:00,0.0
2030-07-04 07:00:00,0.0
2030-07-04 07:15:00,0.0
2030-07-04 07:30:00,0.0
2030-07-04 07:45:00,0.0
2030-07-04 08:00:00,0.0
2030-07-04 08:15:00,0.0
2030-07-04 08:30:00,0.0
2030-07-04 08:45:00,0.0
2030-07-04 09:00:00,0.0
2030-07-04 09:15:00,0.0
2030-07-04 09:30:00,0.0
2030-07-04 09:45:00,0.0
2030-07-04 10:00:00,0.0
2030-07-04 10:15:00,0.0
2030-07-04 10:30:00,0.0
2030-07-04 10:45:00,0.0
2030-07-04 11:00:00,0.0
2030-07-04 11:15:00,0.0
2030-07-04 11:30:00,0.0
2030-07-04 11:45:00,0.0
2030-07-04 12:00:00,0.0
2030-07-04 12:15:00,0.0
2030-07-04 12:30:00,0.0
2030-07-04 12:45:00,0.0
2030-07-04 13:00:00,0.0
2030-07-04 13:15:00,0.0
2030-07-04 13:30:00,0.0
2030-07-04 13:45:00,0.0
2030-07-04 14:00:00,0.0
2030-07-04 14:15:00,0.0
2030-07-04 14:30:00,0.0
2030-07-04 14:45:00,0.0
2030-07-04 15:00:00,0.0
2030-07-04 15:15:00,0.0
2030-07-04 15:30:00,0.0
2030-07-04 15:45:00,0.0
2030-07-04 16:00:00,0.0
2030-07-04 16:15:00,0.0
2030-07-04 16:30:00,0.0
2030-07-04 16:45:00,0.0
2030-07-04 17:00:00,0.0
2030-07-04 17:15:00,0.0
2030-07-04 17:30:00,0.0
2030-07-04 17:45:00,0.0
2030-07-04 18:00:00,0.0
2030-07-04 18:15:00,0.0
2030-07-04 18:30:00,0.0
2030-07-04 18:45:00,0.0
2030-07-04 19:00:00,0.0
2030-07-04 19:15:00,0.0
2030-07-04 19:30:00,0.0
2030-07-04 19:45:00,0.0
2030-07-04 20:00:00,0.0
2030-07-04 20:15:00,0.0
2030-07-04 20:30:00,0.0
2030-07-04 20:45:00,0.0
2030-07-04 21:00:00,0.0
2030-07-04 21:15:00,0.0
2030-07-04 21:30:00,0.0
2030-07-04 21:45:00,0.0
2030-07-04 22:00:00,0.0
2030-07-04 22:15:00,0.0
2030-07-04 22:30:00,0.0
2030-07-04 22:45:00,0.0
2030-07-04 23:00:00,0.0
2030-07-04 23:15:00,0.0
2030-07-04 23:30:00,0.0
2030-07-04 23:45:00,0.0
2030-07-05 00:00:00,0.0
2030-07-05 00:15:00,0.0
2030-07-05 00:30:00,0.0
2030-07-05 00:45:00,0.0
2030-07-05 01:00:00,0.0
2030-07-05 01:15:00,0.0
2030-07-05 01:30:00,0.0
2030-07-05 01:45:00,0.0
2030-07-05 02:00:00,0.0
2030-07-05 02:15:00,0.0
2030-07-05 02:30:00,0.0
2030-07-05 02:45:00,0.0
2030-07-05 03:00:00,0.0
2030-07-05 03:15:00,0.0
2030-07-05 03:30:00,0.0
2030-07-05 03:45:00,0.0
2030-07-05 04:00:00,0.0
2030-07-05 04:15:00,0.0
2030-07-05 04:30:00,0.0
2030-07-05 04:45:00,0.0
2030-07-05 05:00:00,0.0
2030-07-05 05:15:00,0.0
2030-07-05 05:30:00,0.0
2030-07-05 05:45:00,0.0
2030-07-05 06:00:00,0.0
2030-07-05 06:15:00,0.0
2030-07-05 06:30:00,0.0
2030-07-05 06:45:00,0.0
2030-07-05 07:00:00,0.0
2030-07-05 07:15:00,0.0
2030-07-05 07:30:00,0.0
2030-07-05 07:45:00,0.0
2030-07-05 08:00:00,0.0
2030-07-05 08:15:00,0.0
2030-07-05 08:30:00,0.0
2030-07-05 08:45:00,0.0
2030-07-05 09:00:00,0.0
2030-07-05 09:15:00,0.0
2030-07-05 09:30:00,0.0
2030-07-05 09:45:00,0.0
2030-07-05 10:00:00,0.0
2030-07-05 10:15:00,0.0
2030-07-05 10:30:00,0.0
2030-07-05 10:45:00,0.0
2030-07-05 11:00:00,0.0
2030-07-05 11:15:00,0.0
2030-07-05 11:30:00,0.0
2030-07-05 11:45:00,0.0
2030-07-05 12:00:00,0.0
2030-07-05 12:15:00,0.0
2030-07-05 12:30:00,0.0
2030-07-05 12:45:00,0.0
2030-07-05 13:00:00,0.0
2030-07-05 13:15:00,0.0
2030-07-05 13:30:00,0.0
2030-07-05 13:45:00,0.0
2030-07-05 14:00:00,0.0
2030-07-05 14:15:00,0.0
2030-07-05 14:30:00,0.0
2030-07-05 14:45:00,0.0
2030-07-05 15:00:00,0.0
2030-07-05 15:15:00,0.0
2030-07-05 15:30:00,0.0
2030-07-05 15:45:00,0.0
2030-07-05 16:00:00,0.0
2030-07-05 16:15:00,0.0
2030-07-05 16:30:00,0.0
2030-07-05 16:45:00,0.0
2030-07-05 17:00:00,0.0
2030-07-05 17:15:00,0.0
2030-07-05 17:30:00,0.0
2030-07-05 17:45:00,0.0
2030-07-05 18:00:00,0.0
2030-07-05 18:15:00,0.0
2030-07-05 18:30:00,0.0
2030-07-05 18:45:00,0.0
2030-07-05 19:00:00,0.0
2030-07-05 19:15:00,0.0
2030-07-05 19:30:00,0.0
2030-07-05 19:45:00,0.0
2030-07-05 20:00:00,0.0
2030-07-05 20:15:00,0.0
2030-07-05 20:30:00,0.0
2030-07-05 20:45:00,0.0
2030-07-05 21:00:00,0.0
2030-07-05 21:15:00,0.0
2030-07-05 21:30:00,0.0
2030-07-05 21:45:00,0.0
2030-07-05 22:00:00,0.0
2030-07-05 22:15:00,0.0
2030-07-05 22:30:00,0.0
2030-07-05 22:45:00,0.0
2030-07-05 23:00:00,0.0
2030-07-05 23:15:00,0.0
2030-07-05 23:30:00,0.0
2030-07-05 23:45:00,0.0
2030-07-06 00:00:00,0.0
2030-07-06 00:15:00,0.0
2030-07-06 00:30:00,0.0
2030-07-06 00:45:00,0.0
2030-07-06 01:00:00,0.0
2030-07-06 01:15:00,0.0
2030-07-06 01:30:00,0.0
2030-07-06 01:45:00,0.0
2030-07-06 02:00:00,0.0
2030-07-06 02:15:00,0.0
2030-07-06 02:30:00,0.0
2030-07-06 02:45:00,0.0
2030-07-06 03:00:00,0.0
2030-07-06 03:15:00,0.0
2030-07-06 03:30:00,0.0
2030-07-06 03:45:00,0.0
2030-07-06 04:00:00,0.0
2030-07-06 04:15:00,0.0
2030-07-06 04:30:00,0.0
2030-07-06 04:45:00,0.0
2030-07-06 05:00:00,0.0
2030-07-06 05:15:00,0.0
2030-07-06 05:30:00,0.0
2030-07-06 05:45:00,0.0
2030-07-06 06:00:00,0.0
2030-07-06 06:15:00,0.0
2030-07-06 06:30:00,0.0
2030-07-06 06:45:00,0.0
2030-07-06 07:00:00,0.0
2030-07-06 07:15:00,0.0
2030-07-06 07:30:00,0.0
2030-07-06 07:45:00,0.0
2030-07-06 08:00:00,0.0
2030-07-06 08:15:00,0.0
2030-07-06 08:30:00,0.0
2030-07-06 08:45:00,0.0
2030-07-06 09:00:00,0.0
2030-07-06 09:15:00,0.0
2030-07-06 09:30:00,0.0
2030-07-06 09:45:00,0.0
2030-07-06 10:00:00,0.0
2030-07-06 10:15:00,0.0
2030-07-06 10:30:00,0.0
2030-07-06 10:45:00,0.0
2030-07-06 11:00:00,0.0
2030-07-06 11:15:00,0.0
2030-07-06 11:30:00,0.0
2030-07-06 11:45:00,0.0
2030-07-06 12:00:00,0.0
2030-07-06 12:15:00,0.0
2030-07-06 12:30:00,0.0
2030-07-06 12:45:00,0.0
2030-07-06 13:00:00,0.0
2030-07-06 13:15:00,0.0
2030-07-06 13:30:00,0.0
2030-07-06 13:45:00,0.0
2030-07-06 14:00:00,0.0
2030-07-06 14:15:00,0.0
2030-07-06 14:30:00,0.0
2030-07-06 14:45:00,0.0
2030-07-06 15:00:00,0.0
2030-07-06 15:15:00,0.0
2030-07-06 15:30:00,0.0
2030-07-06 15:45:00,0.0
2030-07-06 16:00:00,0.0
2030-07-06 16:15:00,0.0
2030-07-06 16:30:00,0.0
2030-07-06 16:45:00,0.0
2030-07-06 17:00:00,0.0
2030-07-06 17:15:00,0.0
2030-07-06 17:30:00,0.0
2030-07-06 17:45:00,0.0
2030-07-06 18:00:00,0.0
2030-07-06 18:15:00,0.0
2030-07-06 18:30:00,0.0
2030-07-06 18:45:00,0.0
2030-07-06 19:00:00,0.0
2030-07-06 19:15:00,0.0
2030-07-06 19:30:00,0.0
2030-07-06 19:45:00,0.0
2030-07-06 20:00:00,0.0
2030-07-06 20:15:00,0.0
2030-07-06 20:30:00,0.0
2030-07-06 20:45:00,0.0
2030-07-06 21:00:00,0.0
2030-07-06 21:15:00,0.0
2030-07-06 21:30:00,0.0
2030-07-06 21:45:00,0.0
2030-07-06 22:00:00,0.0
2030-07-06 22:15:00,0.0
2030-07-06 22:30:00,0.0
2030-07-06 22:45:00,0.0
2030-07-06 23:00:00,0.0
2030-07-06 23:15:00,0.0
2030-07-06 23:30:00,0.0
2030-07-06 23:45:00,0.0
2030-07-07 00:00:00,0.0
2030-07-07 00:15:00,0.0
2030-07-07 00:30:00,0.0
2030-07-07 00:45:00,0.0
2030-07-07 01:00:00,0.0
2030-07-07 01:15:00,0.0
2030-07-07 01:30:00,0.0
2030-07-07 01:45:00,0.0
2030-07-07 02:00:00,0.0
2030-07-07 02:15:00,0.0
2030-07-07 02:30:00,0.0
2030-07-07 02:45:00,0.0
2030-07-07 03:00:00,0.0
2030-07-07 03:15:00,0.0
2030-07-07 03:30:00,0.0
2030-07-07 03:45:00,0.0
2030-07-07 04:00:00,0.0
2030-07-07 04:15:00,0.0
2030-07-07 04:30:00,0.0
2030-07-07 04:45:00,0.0
2030-07-07 05:00:00,0.0
2030-07-07 05:15:00,0.0
2030-07-07 05:30:00,0.0
2030-07-07 05:45:00,0.0
2030-07-07 06:00:00,0.0
2030-07-07 06:15:00,0.0
2030-07-07 06:30:00,0.0
2030-07-07 06:45:00,0.0
2030-07-07 07:00:00,0.0
2030-07-07 07:15:00,0.0
2030-07-07 07:30:00,0.0
2030-07-07 07:45:00,0.0
2030-07-07 08:00:00,0.0
2030-07-07 08:15:00,0.0
2030-07-07 08:30:00,0.0
2030-07-07 08:45:00,0.0
2030-07-07 09:00:00,0.0
2030-07-07 09:15:00,0.0
2030-07-07 09:30:00,0.0
2030-07-07 09:45:00,0.0
2030-07-07 10:00:00,0.0
2030-07-07 10:15:00,0.0
2030-07-07 10:30:00,0.0
2030-07-07 10:45:00,0.0
2030-07-07 11:00:00,0.0
2030-07-07 11:15:00,0.0
2030-07-07 11:30:00,0.0
2030-07-07 11:45:00,0.0
2030-07-07 12:00:00,0.0
2030-07-07 12:15:00,0.0
2030-07-07 12:30:00,0.0
2030-07-07 12:45:00,0.0
2030-07-07 13:00:00,0.0
2030-07-07 13:15:00,0.0
2030-07-07 13:30:00,0.0
2030-07-07 13:45:00,0.0
2030-07-07 14:00:00,0.0
2030-07-07 14:15:00,0.0
2030-07-07 14:30:00,0.0
2030-07-07 14:45:00,0.0
2030-07-07 15:00:00,0.0
2030-07-07 15:15:00,0.0
2030-07-07 15:30:00,0.0
2030-07-07 15:45:00,0.0
2030-07-07 16:00:00,0.0
2030-07-07 16:15:00,0.0
2030-07-07 16:30:00,0.0
2030-07-07 16:45:00,0.0
2030-07-07 17:00:00,0.0
2030-07-07 17:15:00,0.0
2030-07-07 17:30:00,0.0
2030-07-07 17:45:00,0.0
2030-07-07 18:00:00,0.0
2030-07-07 18:15:00,0.0
2030-07-07 18:30:00,0.0
2030-07-07 18:45:00,0.0
2030-07-07 19:00:00,0.0
2030-07-07 19:15:00,0.0
2030-07-07 19:30:00,0.0
2030-07-07 19:45:00,0.0
2030-07-07 20:00:00,0.0
2030-07-07 20:15:00,0.0
2030-07-07 20:30:00,0.0
2030-07-07 20:45:00,0.0
2030-07-07 21:00:00,0.0
2030-07-07 21:15:00,0.0
2030-07-07 21:30:00,0.0
2030-07-07 21:45:00,0.0
2030-07-07 22:00:00,0.0
2030-07-07 22:15:00,0.0
2030-07-07 22:30:00,0.0
2030-07-07 22:45:00,0.0
2030-07-07 23:00:00,0.0
2030-07-07 23:15:00,0.0
2030-07-07 23:30:00,0.0
2030-07-07 23:45:00,0.0
2030-07-08 00:00:00,0.0
2030-07-08 00:15:00,0.0
2030-07-08 00:30:00,0.0
2030-07-08 00:45:00,0.0
2030-07-08 01:00:00,0.0
2030-07-08 01:15:00,0.0
2030-07-08 01:30:00,0.0
2030-07-08 01:45:00,0.0
2030-07-08 02:00:00,0.0
2030-07-08 02:15:00,0.0
2030-07-08 02:30:00,0.0
2030-07-08 02:45:00,0.0
2030-07-08 03:00:00,0.0
2030-07-08 03:15:00,0.0
2030-07-08 03:30:00,0.0
2030-07-08 03:45:00,0.0
2030-07-08 04:00:00,0.0
2030-07-08 04:15:00,0.0
2030-07-08 04:30:00,0.0
2030-07-08 04:45:00,0.0
2030-07-08 05:00:00,0.0
2030-07-08 05:15:00,0.0
2030-07-08 05:30:00,0.0
2030-07-08 05:45:00,0.0
2030-07-08 06:00:00,0.0
2030-07-08 06:15:00,0.0
2030-07-08 06:30:00,0.0
2030-07-08 06:45:00,0.0
2030-07-08 07:00:00,0.0
2030-07-08 07:15:00,0.0
2030-07-08 07:30:00,0.0
2030-07-08 07:45:00,0.0
2030-07-08 08:00:00,0.0
2030-07-08 08:15:00,0.0
2030-07-08 08:30:00,0.0
2030-07-08 08:45:00,0.0
2030-07-08 09:00:00,0.0
2030-07-08 09:15:00,0.0
2030-07-08 09:30:00,0.0
2030-07-08 09:45:00,0.0
2030-07-08 10:00:00,0.0
2030-07-08 10:15:00,0.0
2030-07-08 10:30:00,0.0
2030-07-08 10:45:00,0.0
2030-07-08 11:00:00,0.0
2030-07-08 11:15:00,0.0
2030-07-08 11:30:00,0.0
2030-07-08 11:45:00,0.0
2030-07-08 12:00:00,0.0
2030-07-08 12:15:00,0.0
2030-07-08 12:30:00,0.0
2030-07-08 12:45:00,0.0
2030-07-08 13:00:00,0.0
2030-07-08 13:15:00,0.0
2030-07-08 13:30:00,0.0
2030-07-08 13:45:00,0.0
2030-07-08 14:00:00,0.0
2030-07-08 14:15:00,0.0
2030-07-08 14:30:00,0.0
2030-07-08 14:45:00,0.0
2030-07-08 15:00:00,0.0
2030-07-08 15:15:00,0.0
2030-07-08 15:30:00,0.0
2030-07-08 15:45:00,0.0
2030-07-08 16:00:00,0.0
2030-07-08 16:15:00,0.0
2030-07-08 16:30:00,0.0
2030-07-08 16:45:00,0.0
2030-07-08 17:00:00,0.0
2030-07-08 17:15:00,0.0
2030-07-08 17:30:00,0.0
2030-07-08 17:45:00,0.0
2030-07-08 18:00:00,0.0
2030-07-08 18:15:00,0.0
2030-07-08 18:30:00,0.0
2030-07-08 18:45:00,0.0
2030-07-08 19:00:00,0.0
2030-07-08 19:15:00,0.0
2030-07-08 19:30:00,0.0
2030-07-08 19:45:00,0.0
2030-07-08 20:00:00,0.0
2030-07-08 20:15:00,0.0
2030-07-08 20:30:00,0.0
2030-07-08 20:45:00,0.0
2030-07-08 21:00:00,0.0
2030-07-08 21:15:00,0.0
2030-07-08 21:30:00,0.0
2030-07-08 21:45:00,0.0
2030-07-08 22:00:00,0.0
2030-07-08 22:15:00,0.0
2030-07-08 22:30:00,0.0
2030-07-08 22:45:00,0.0
2030-07-08 23:00:00,0.0
2030-07-08 23:15:00,0.0
2030-07-08 23:30:00,0.0
2030-07-08 23:45:00,0.0
2030-07-09 00:00:00,0.0
2030-07-09 00:15:00,0.0
2030-07-09 00:30:00,0.0
2030-07-09 00:45:00,0.0
2030-07-09 01:00:00,0.0
2030-07-09 01:15:00,0.0
2030-07-09 01:30:00,0.0
2030-07-09 01:45:00,0.0
2030-07-09 02:00:00,0.0
2030-07-09 02:15:00,0.0
2030-07-09 02:30:00,0.0
2030-07-09 02:45:00,0.0
2030-07-09 03:00:00,0.0
2030-07-09 03:15:00,0.0
2030-07-09 03:30:00,0.0
2030-07-09 03:45:00,0.0
2030-07-09 04:00:00,0.0
2030-07-09 04:15:00,0.0
2030-07-09 04:30:00,0.0
2030-07-09 04:45:00,0.0
2030-07-09 05:00:00,0.0
2030-07-09 05:15:00,0.0
2030-07-09 05:30:00,0.0
2030-07-09 05:45:00,0.0
2030-07-09 06:00:00,0.0
2030-07-09 06:15:00,0.0
2030-07-09 06:30:00,0.0
2030-07-09 06:45:00,0.0
2030-07-09 07:00:00,0.0
2030-07-09 07:15:00,0.0
2030-07-09 07:30:00,0.0
2030-07-09 07:45:00,0.0
2030-07-09 08:00:00,0.0
2030-07-09 08:15:00,0.0
2030-07-09 08:30:00,0.0
2030-07-09 08:45:00,0.0
2030-07-09 09:00:00,0.0
2030-07-09 09:15:00,0.0
2030-07-09 09:30:00,0.0
2030-07-09 09:45:00,0.0
2030-07-09 10:00:00,0.0
2030-07-09 10:15:00,0.0
2030-07-09 10:30:00,0.0
2030-07-09 10:45:00,0.0
2030-07-09 11:00:00,0.0
2030-07-09 11:15:00,0.0
2030-07-09 11:30:00,0.0
2030-07-09 11:45:00,0.0
2030-07-09 12:00:00,0.0
2030-07-09 12:15:00,0.0
2030-07-09 12:30:00,0.0
2030-07-09 12:45:00,0.0
2030-07-09 13:00:00,0.0
2030-07-09 13:15:00,0.0
2030-07-09 13:30:00,0.0
2030-07-09 13:45:00,0.0
2030-07-09 14:00:00,0.0
2030-07-09 14:15:00,0.0
2030-07-09 14:30:00,0.0
2030-07-09 14:45:00,0.0
2030-07-09 15:00:00,0.0
2030-07-09 15:15:00,0.0
2030-07-09 15:30:00,0.0
2030-07-09 15:45:00,0.0
2030-07-09 16:00:00,0.0
2030-07-09 16:15:00,0.0
2030-07-09 16:30:00,0.0
2030-07-09 16:45:00,0.0
2030-07-09 17:00:00,0.0
2030-07-09 17:15:00,0.0
2030-07-09 17:30:00,0.0
2030-07-09 17:45:00,0.0
2030-07-09 18:00:00,0.0
2030-07-09 18:15:00,0.0
2030-07-09 18:30:00,0.0
2030-07-09 18:45:00,0.0
2030-07-09 19:00:00,0.0
2030-07-09 19:15:00,0.0
2030-07-09 19:30:00,0.0
2030-07-09 19:45:00,0.0
2030-07-09 20:00:00,0.0
2030-07-09 20:15:00,0.0
2030-07-09 20:30:00,0.0
2030-07-09 20:45:00,0.0
2030-07-09 21:00:00,0.0
2030-07-09 21:15:00,0.0
2030-07-09 21:30:00,0.0
2030-07-09 21:45:00,0.0
2030-07-09 22:00:00,0.0
2030-07-09 22:15:00,0.0
2030-07-09 22:30:00,0.0
2030-07-09 22:45:00,0.0
2030-07-09 23:00:00,0.0
2030-07-09 23:15:00,0.0
2030-07-09 23:30:00,0.0
2030-07-09 23:45:00,0.0
2030-07-10 00:00:00,0.0
2030-07-10 00:15:00,0.0
2030-07-10 00:30:00,0.0
2030-07-10 00:45:00,0.0
2030-07-10 01:00:00,0.0
2030-07-10 01:15:00,0.0
2030-07-10 01:30:00,0.0
2030-07-10 01:45:00,0.0
2030-07-10 02:00:00,0.0
2030-07-10 02:15:00,0.0
2030-07-10 02:30:00,0.0
2030-07-10 02:45:00,0.0
2030-07-10 03:00:00,0.0
2030-07-10 03:15:00,0.0
2030-07-10 03:30:00,0.0
2030-07-10 03:45:00,0.0
2030-07-10 04:00:00,0.0
2030-07-10 04:15:00,0.0
2030-07-10 04:30:00,0.0
2030-07-10 04:45:00,0.0
2030-07-10 05:00:00,0.0
2030-07-10 05:15:00,0.0
2030-07-10 05:30:00,0.0
2030-07-10 05:45:00,0.0
2030-07-10 06:00:00,0.0
2030-07-10 06:15:00,0.0
2030-07-10 06:30:00,0.0
2030-07-10 06:45:00,0.0
2030-07-10 07:00:00,0.0
2030-07-10 07:15:00,0.0
2030-07-10 07:30:00,0.0
2030-07-10 07:45:00,0.0
2030-07-10 08:00:00,0.0
2030-07-10 08:15:00,0.0
2030-07-10 08:30:00,0.0
2030-07-10 08:45:00,0.0
2030-07-10 09:00:00,0.0
2030-07-10 09:15:00,0.0
2030-07-10 09:30:00,0.0
2030-07-10 09:45:00,0.0
2030-07-10 10:00:00,0.0
2030-07-10 10:15:00,0.0
2030-07-10 10:30:00,0.0
2030-07-10 10:45:00,0.0
2030-07-10 11:00:00,0.0
2030-07-10 11:15:00,0.0
2030-07-10 11:30:00,0.0
2030-07-10 11:45:00,0.0
2030-07-10 12:00:00,0.0
2030-07-10 12:15:00,0.0
2030-07-10 12:30:00,0.0
2030-07-10 12:45:00,0.0
2030-07-10 13:00:00,0.0
2030-07-10 13:15:00,0.0
2030-07-10 13:30:00,0.0
2030-07-10 13:45:00,0.0
2030-07-10 14:00:00,0.0
2030-07-10 14:15:00,0.0
2030-07-10 14:30:00,0.0
2030-07-10 14:45:00,0.0
2030-07-10 15:00:00,0.0
2030-07-10 15:15:00,0.0
2030-07-10 15:30:00,0.0
2030-07-10 15:45:00,0.0
2030-07-10 16:00:00,0.0
2030-07-10 16:15:00,0.0
2030-07-10 16:30:00,0.0
2030-07-10 16:45:00,0.0
2030-07-10 17:00:00,0.0
2030-07-10 17:15:00,0.0
2030-07-10 17:30:00,0.0
2030-07-10 17:45:00,0.0
2030-07-10 18:00:00,0.0
2030-07-10 18:15:00,0.0
2030-07-10 18:30:00,0.0
2030-07-10 18:45:00,0.0
2030-07-10 19:00:00,0.0
2030-07-10 19:15:00,0.0
2030-07-10 19:30:00,0.0
2030-07-10 19:45:00,0.0
2030-07-10 20:00:00,0.0
2030-07-10 20:15:00,0.0
2030-07-10 20:30:00,0.0
2030-07-10 20:45:00,0.0
2030-07-10 21:00:00,0.0
2030-07-10 21:15:00,0.0
2030-07-10 21:30:00,0.0
2030-07-10 21:45:00,0.0
2030-07-10 22:00:00,0.0
2030-07-10 22:15:00,0.0
2030-07-10 22:30:00,0.0
2030-07-10 22:45:00,0.0
2030-07-10 23:00:00,0.0
2030-07-10 23:15:00,0.0
2030-07-10 23:30:00,0.0
2030-07-10 23:45:00,0.0
2030-07-11 00:00:00,0.0
2030-07-11 00:15:00,0.0
2030-07-11 00:30:00,0.0
2030-07-11 00:45:00,0.0
2030-07-11 01:00:00,0.0
2030-07-11 01:15:00,0.0
2030-07-11 01:30:00,0.0
2030-07-11 01:45:00,0.0
2030-07-11 02:00:00,0.0
2030-07-11 02:15:00,0.0
2030-07-11 02:30:00,0.0
2030-07-11 02:45:00,0.0
2030-07-11 03:00:00,0.0
2030-07-11 03:15:00,0.0
2030-07-11 03:30:00,0.0
2030-07-11 03:45:00,0.0
2030-07-11 04:00:00,0.0
2030-07-11 04:15:00,0.0
2030-07-11 04:30:00,0.0
2030-07-11 04:45:00,0.0
2030-07-11 05:00:00,0.0
2030-07-11 05:15:00,0.0
2030-07-11 05:30:00,0.0
2030-07-11 05:45:00,0.0
2030-07-11 06:00:00,0.0
2030-07-11 06:15:00,0.0
2030-07-11 06:30:00,0.0
2030-07-11 06:45:00,0.0
2030-07-11 07:00:00,0.0
2030-07-11 07:15:00,0.0
2030-07-11 07:30:00,0.0
2030-07-11 07:45:00,0.0
2030-07-11 08:00:00,0.0
2030-07-11 08:15:00,0.0
2030-07-11 08:30:00,0.0
2030-07-11 08:45:00,0.0
2030-07-11 09:00:00,0.0
2030-07-11 09:15:00,0.0
2030-07-11 09:30:00,0.0
2030-07-11 09:45:00,0.0
2030-07-11 10:00:00,0.0
2030-07-11 10:15:00,0.0
2030-07-11 10:30:00,0.0
2030-07-11 10:45:00,0.0
2030-07-11 11:00:00,0.0
2030-07-11 11:15:00,0.0
2030-07-11 11:30:00,0.0
2030-07-11 11:45:00,0.0
2030-07-11 12:00:00,0.0
2030-07-11 12:15:00,0.0
2030-07-11 12:30:00,0.0
2030-07-11 12:45:00,0.0
2030-07-11 13:00:00,0.0
2030-07-11 13:15:00,0.0
2030-07-11 13:30:00,0.0
2030-07-11 13:45:00,0.0
2030-07-11 14:00:00,0.0
2030-07-11 14:15:00,0.0
2030-07-11 14:30:00,0.0
2030-07-11 14:45:00,0.0
2030-07-11 15:00:00,0.0
2030-07-11 15:15:00,0.0
2030-07-11 15:30:00,0.0
2030-07-11 15:45:00,0.0
2030-07-11 16:00:00,0.0
2030-07-11 16:15:00,0.0
2030-07-11 16:30:00,0.0
2030-07-11 16:45:00,0.0
2030-07-11 17:00:00,0.0
2030-07-11 17:15:00,0.0
2030-07-11 17:30:00,0.0
2030-07-11 17:45:00,0.0
2030-07-11 18:00:00,0.0
2030-07-11 18:15:00,0.0
2030-07-11 18:30:00,0.0
2030-07-11 18:45:00,0.0
2030-07-11 19:00:00,0.0
2030-07-11 19:15:00,0.0
2030-07-11 19:30:00,0.0
2030-07-11 19:45:00,0.0
2030-07-11 20:00:00,0.0
2030-07-11 20:15:00,0.0
2030-07-11 20:30:00,0.0
2030-07-11 20:45:00,0.0
2030-07-11 21:00:00,0.0
2030-07-11 21:15:00,0.0
2030-07-11 21:30:00,0.0
2030-07-11 21:45:00,0.0
2030-07-11 22:00:00,0.0
2030-07-11 22:15:00,0.0
2030-07-11 22:30:00,0.0
2030-07-11 22:45:00,0.0
2030-07-11 23:00:00,0.0
2030-07-11 23:15:00,0.0
2030-07-11 23:30:00,0.0
2030-07-11 23:45:00,0.0
2030-07-12 00:00:00,0.0
2030-07-12 00:15:00,0.0
2030-07-12 00:30:00,0.0
2030-07-12 00:45:00,0.0
2030-07-12 01:00:00,0.0
2030-07-12 01:15:00,0.0
2030-07-12 01:30:00,0.0
2030-07-12 01:45:00,0.0
2030-07-12 02:00:00,0.0
2030-07-12 02:15:00,0.0
2030-07-12 02:30:00,0.0
2030-07-12 02:45:00,0.0
2030-07-12 03:00:00,0.0
2030-07-12 03:15:00,0.0
2030-07-12 03:30:00,0.0
2030-07-12 03:45:00,0.0
2030-07-12 04:00:00,0.0
2030-07-12 04:15:00,0.0
2030-07-12 04:30:00,0.0
2030-07-12 04:45:00,0.0
2030-07-12 05:00:00,0.0
2030-07-12 05:15:00,0.0
2030-07-12 05:30:00,0.0
2030-07-12 05:45:00,0.0
2030-07-12 06:00:00,0.0
2030-07-12 06:15:00,0.0
2030-07-12 06:30:00,0.0
2030-07-12 06:45:00,0.0
2030-07-12 07:00:00,0.0
2030-07-12 07:15:00,0.0
2030-07-12 07:30:00,0.0
2030-07-12 07:45:00,0.0
2030-07-12 08:00:00,0.0
2030-07-12 08:15:00,0.0
2030-07-12 08:30:00,0.0
2030-07-12 08:45:00,0.0
2030-07-12 09:00:00,0.0
2030-07-12 09:15:00,0.0
2030-07-12 09:30:00,0.0
2030-07-12 09:45:00,0.0
2030-07-12 10:00:00,0.0
2030-07-12 10:15:00,0.0
2030-07-12 10:30:00,0.0
2030-07-12 10:45:00,0.0
2030-07-12 11:00:00,0.0
2030-07-12 11:15:00,0.0
2030-07-12 11:30:00,0.0
2030-07-12 11:45:00,0.0
2030-07-12 12:00:00,0.0
2030-07-12 12:15:00,0.0
2030-07-12 12:30:00,0.0
2030-07-12 12:45:00,0.0
2030-07-12 13:00:00,0.0
2030-07-12 13:15:00,0.0
2030-07-12 13:30:00,0.0
2030-07-12 13:45:00,0.0
2030-07-12 14:00:00,0.0
2030-07-12 14:15:00,0.0
2030-07-12 14:30:00,0.0
2030-07-12 14:45:00,0.0
2030-07-12 15:00:00,0.0
2030-07-12 15:15:00,0.0
2030-07-12 15:30:00,0.0
2030-07-12 15:45:00,0.0
2030-07-12 16:00:00,0.0
2030-07-12 16:15:00,0.0
2030-07-12 16:30:00,0.0
2030-07-12 16:45:00,0.0
2030-07-12 17:00:00,0.0
2030-07-12 17:15:00,0.0
2030-07-12 17:30:00,0.0
2030-07-12 17:45:00,0.0
2030-07-12 18:00:00,0.0
2030-07-12 18:15:00,0.0
2030-07-12 18:30:00,0.0
2030-07-12 18:45:00,0.0
2030-07-12 19:00:00,0.0
2030-07-12 19:15:00,0.0
2030-07-12 19:30:00,0.0
2030-07-12 19:45:00,0.0
2030-07-12 20:00:00,0.0
2030-07-12 20:15:00,0.0
2030-07-12 20:30:00,0.0
2030-07-12 20:45:00,0.0
2030-07-12 21:00:00,0.0
2030-07-12 21:15:00,0.0
2030-07-12 21:30:00,0.0
2030-07-12 21:45:00,0.0
2030-07-12 22:00:00,0.0
2030-07-12 22:15:00,0.0
2030-07-12 22:30:00,0.0
2030-07-12 22:45:00,0.0
2030-07-12 23:00:00,0.0
2030-07-12 23:15:00,0.0
2030-07-12 23:30:00,0.0
2030-07-12 23:45:00,0.0
2030-07-13 00:00:00,0.0
2030-07-13 00:15:00,0.0
2030-07-13 00:30:00,0.0
2030-07-13 00:45:00,0.0
2030-07-13 01:00:00,0.0
2030-07-13 01:15:00,0.0
2030-07-13 01:30:00,0.0
2030-07-13 01:45:00,0.0
2030-07-13 02:00:00,0.0
2030-07-13 02:15:00,0.0
2030-07-13 02:30:00,0.0
2030-07-13 02:45:00,0.0
2030-07-13 03:00:00,0.0
2030-07-13 03:15:00,0.0
2030-07-13 03:30:00,0.0
2030-07-13 03:45:00,0.0
2030-07-13 04:00:00,0.0
2030-07-13 04:15:00,0.0
2030-07-13 04:30:00,0.0
2030-07-13 04:45:00,0.0
2030-07-13 05:00:00,0.0
2030-07-13 05:15:00,0.0
2030-07-13 05:30:00,0.0
2030-07-13 05:45:00,0.0
2030-07-13 06:00:00,0.0
2030-07-13 06:15:00,0.0
2030-07-13 06:30:00,0.0
2030-07-13 06:45:00,0.0
2030-07-13 07:00:00,0.0
2030-07-13 07:15:00,0.0
2030-07-13 07:30:00,0.0
2030-07-13 07:45:00,0.0
2030-07-13 08:00:00,0.0
2030-07-13 08:15:00,0.0
2030-07-13 08:30:00,0.0
2030-07-13 08:45:00,0.0
2030-07-13 09:00:00,0.0
2030-07-13 09:15:00,0.0
2030-07-13 09:30:00,0.0
2030-07-13 09:45:00,0.0
2030-07-13 10:00:00,0.0
2030-07-13 10:15:00,0.0
2030-07-13 10:30:00,0.0
2030-07-13 10:45:00,0.0
2030-07-13 11:00:00,0.0
2030-07-13 11:15:00,0.0
2030-07-13 11:30:00,0.0
2030-07-13 11:45:00,0.0
2030-07-13 12:00:00,0.0
2030-07-13 12:15:00,0.0
2030-07-13 12:30:00,0.0
2030-07-13 12:45:00,0.0
2030-07-13 13:00:00,0.0
2030-07-13 13:15:00,0.0
2030-07-13 13:30:00,0.0
2030-07-13 13:45:00,0.0
2030-07-13 14:00:00,0.0
2030-07-13 14:15:00,0.0
2030-07-13 14:30:00,0.0
2030-07-13 14:45:00,0.0
2030-07-13 15:00:00,0.0
2030-07-13 15:15:00,0.0
2030-07-13 15:30:00,0.0
2030-07-13 15:45:00,0.0
2030-07-13 16:00:00,0.0
2030-07-13 16:15:00,0.0
2030-07-13 16:30:00,0.0
2030-07-13 16:45:00,0.0
2030-07-13 17:00:00,0.0
2030-07-13 17:15:00,0.0
2030-07-13 17:30:00,0.0
2030-07-13 17:45:00,0.0
2030-07-13 18:00:00,0.0
2030-07-13 18:15:00,0.0
2030-07-13 18:30:00,0.0
2030-07-13 18:45:00,0.0
2030-07-13 19:00:00,0.0
2030-07-13 19:15:00,0.0
2030-07-13 19:30:00,0.0
2030-07-13 19:45:00,0.0
2030-07-13 20:00:00,0.0
2030-07-13 20:15:00,0.0
2030-07-13 20:30:00,0.0
2030-07-13 20:45:00,0.0
2030-07-13 21:00:00,0.0
2030-07-13 21:15:00,0.0
2030-07-13 21:30:00,0.0
2030-07-13 21:45:00,0.0
2030-07-13 22:00:00,0.0
2030-07-13 22:15:00,0.0
2030-07-13 22:30:00,0.0
2030-07-13 22:45:00,0.0
2030-07-13 23:00:00,0.0
2030-07-13 23:15:00,0.0
2030-07-13 23:30:00,0.0
2030-07-13 23:45:00,0.0
2030-07-14 00:00:00,0.0
2030-07-14 00:15:00,0.0
2030-07-14 00:30:00,0.0
2030-07-14 00:45:00,0.0
2030-07-14 01:00:00,0.0
2030-07-14 01:15:00,0.0
2030-07-14 01:30:00,0.0
2030-07-14 01:45:00,0.0
2030-07-14 02:00:00,0.0
2030-07-14 02:15:00,0.0
2030-07-14 02:30:00,0.0
2030-07-14 02:45:00,0.0
2030-07-14 03:00:00,0.0
2030-07-14 03:15:00,0.0
2030-07-14 03:30:00,0.0
2030-07-14 03:45:00,0.0
2030-07-14 04:00:00,0.0
2030-07-14 04:15:00,0.0
2030-07-14 04:30:00,0.0
2030-07-14 04:45:00,0.0
2030-07-14 05:00:00,0.0
2030-07-14 05:15:00,0.0
2030-07-14 05:30:00,0.0
2030-07-14 05:45:00,0.0
2030-07-14 06:00:00,0.0
2030-07-14 06:15:00,0.0
2030-07-14 06:30:00,0.0
2030-07-14 06:45:00,0.0
2030-07-14 07:00:00,0.0
2030-07-14 07:15:00,0.0
2030-07-14 07:30:00,0.0
2030-07-14 07:45:00,0.0
2030-07-14 08:00:00,0.0
2030-07-14 08:15:00,0.0
2030-07-14 08:30:00,0.0
2030-07-14 08:45:00,0.0
2030-07-14 09:00:00,0.0
2030-07-14 09:15:00,0.0
2030-07-14 09:30:00,0.0
2030-07-14 09:45:00,0.0
2030-07-14 10:00:00,0.0
2030-07-14 10:15:00,0.0
2030-07-14 10:30:00,0.0
2030-07-14 10:45:00,0.0
2030-07-14 11:00:00,0.0
2030-07-14 11:15:00,0.0
2030-07-14 11:30:00,0.0
2030-07-14 11:45:00,0.0
2030-07-14 12:00:00,0.0
2030-07-14 12:15:00,0.0
2030-07-14 12:30:00,0.0
2030-07-14 12:45:00,0.0
2030-07-14 13:00:00,0.0
2030-07-14 13:15:00,0.0
2030-07-14 13:30:00,0.0
2030-07-14 13:45:00,0.0
2030-07-14 14:00:00,0.0
2030-07-14 14:15:00,0.0
2030-07-14 14:30:00,0.0
2030-07-14 14:45:00,0.0
2030-07-14 15:00:00,0.0
2030-07-14 15:15:00,0.0
2030-07-14 15:30:00,0.0
2030-07-14 15:45:00,0.0
2030-07-14 16:00:00,0.0
2030-07-14 16:15:00,0.0
2030-07-14 16:30:00,0.0
2030-07-14 16:45:00,0.0
2030-07-14 17:00:00,0.0
2030-07-14 17:15:00,0.0
2030-07-14 17:30:00,0.0
2030-07-14 17:45:00,0.0
2030-07-14 18:00:00,0.0
2030-07-14 18:15:00,0.0
2030-07-14 18:30:00,0.0
2030-07-14 18:45:00,0.0
2030-07-14 19:00:00,0.0
2030-07-14 19:15:00,0.0
2030-07-14 19:30:00,0.0
2030-07-14 19:45:00,0.0
2030-07-14 20:00:00,0.0
2030-07-14 20:15:00,0.0
2030-07-14 20:30:00,0.0
2030-07-14 20:45:00,0.0
2030-07-14 21:00:00,0.0
2030-07-14 21:15:00,0.0
2030-07-14 21:30:00,0.0
2030-07-14 21:45:00,0.0
2030-07-14 22:00:00,0.0
2030-07-14 22:15:00,0.0
2030-07-14 22:30:00,0.0
2030-07-14 22:45:00,0.0
2030-07-14 23:00:00,0.0
2030-07-14 23:15:00,0.0
2030-07-14 23:30:00,0.0
2030-07-14 23:45:00,0.0
2030-07-15 00:00:00,0.0
2030-07-15 00:15:00,0.0
2030-07-15 00:30:00,0.0
2030-07-15 00:45:00,0.0
2030-07-15 01:00:00,0.0
2030-07-15 01:15:00,0.0
2030-07-15 01:30:00,0.0
2030-07-15 01:45:00,0.0
2030-07-15 02:00:00,0.0
2030-07-15 02:15:00,0.0
2030-07-15 02:30:00,0.0
2030-07-15 02:45:00,0.0
2030-07-15 03:00:00,0.0
2030-07-15 03:15:00,0.0
2030-07-15 03:30:00,0.0
2030-07-15 03:45:00,0.0
2030-07-15 04:00:00,0.0
2030-07-15 04:15:00,0.0
2030-07-15 04:30:00,0.0
2030-07-15 04:45:00,0.0
2030-07-15 05:00:00,0.0
2030-07-15 05:15:00,0.0
2030-07-15 05:30:00,0.0
2030-07-15 05:45:00,0.0
2030-07-15 06:00:00,0.0
2030-07-15 06:15:00,0.0
2030-07-15 06:30:00,0.0
2030-07-15 06:45:00,0.0
2030-07-15 07:00:00,0.0
2030-07-15 07:15:00,0.0
2030-07-15 07:30:00,0.0
2030-07-15 07:45:00,0.0
2030-07-15 08:00:00,0.0
2030-07-15 08:15:00,0.0
2030-07-15 08:30:00,0.0
2030-07-15 08:45:00,0.0
2030-07-15 09:00:00,0.0
2030-07-15 09:15:00,0.0
2030-07-15 09:30:00,0.0
2030-07-15 09:45:00,0.0
2030-07-15 10:00:00,0.0
2030-07-15 10:15:00,0.0
2030-07-15 10:30:00,0.0
2030-07-15 10:45:00,0.0
2030-07-15 11:00:00,0.0
2030-07-15 11:15:00,0.0
2030-07-15 11:30:00,0.0
2030-07-15 11:45:00,0.0
2030-07-15 12:00:00,0.0
2030-07-15 12:15:00,0.0
2030-07-15 12:30:00,0.0
2030-07-15 12:45:00,0.0
2030-07-15 13:00:00,0.0
2030-07-15 13:15:00,0.0
2030-07-15 13:30:00,0.0
2030-07-15 13:45:00,0.0
2030-07-15 14:00:00,0.0
2030-07-15 14:15:00,0.0
2030-07-15 14:30:00,0.0
2030-07-15 14:45:00,0.0
2030-07-15 15:00:00,0.0
2030-07-15 15:15:00,0.0
2030-07-15 15:30:00,0.0
2030-07-15 15:45:00,0.0
2030-07-15 16:00:00,0.0
2030-07-15 16:15:00,0.0
2030-07-15 16:30:00,0.0
2030-07-15 16:45:00,0.0
2030-07-15 17:00:00,0.0
2030-07-15 17:15:00,0.0
2030-07-15 17:30:00,0.0
2030-07-15 17:45:00,0.0
2030-07-15 18:00:00,0.0
2030-07-15 18:15:00,0.0
2030-07-15 18:30:00,0.0
2030-07-15 18:45:00,0.0
2030-07-15 19:00:00,0.0
2030-07-15 19:15:00,0.0
2030-07-15 19:30:00,0.0
2030-07-15 19:45:00,0.0
2030-07-15 20:00:00,0.0
2030-07-15 20:15:00,0.0
2030-07-15 20:30:00,0.0
2030-07-15 20:45:00,0.0
2030-07-15 21:00:00,0.0
2030-07-15 21:15:00,0.0
2030-07-15 21:30:00,0.0
2030-07-15 21:45:00,0.0
2030-07-15 22:00:00,0.0
2030-07-15 22:15:00,0.0
2030-07-15 22:30:00,0.0
2030-07-15 22:45:00,0.0
2030-07-15 23:00:00,0.0
2030-07-15 23:15:00,0.0
2030-07-15 23:30:00,0.0
2030-07-15 23:45:00,0.0
2030-07-16 00:00:00,0.0
2030-07-16 00:15:00,0.0
2030-07-16 00:30:00,0.0
2030-07-16 00:45:00,0.0
2030-07-16 01:00:00,0.0
2030-07-16 01:15:00,0.0
2030-07-16 01:30:00,0.0
2030-07-16 01:45:00,0.0
2030-07-16 02:00:00,0.0
2030-07-16 02:15:00,0.0
2030-07-16 02:30:00,0.0
2030-07-16 02:45:00,0.0
2030-07-16 03:00:00,0.0
2030-07-16 03:15:00,0.0
2030-07-16 03:30:00,0.0
2030-07-16 03:45:00,0.0
2030-07-16 04:00:00,0.0
2030-07-16 04:15:00,0.0
2030-07-16 04:30:00,0.0
2030-07-16 04:45:00,0.0
2030-07-16 05:00:00,0.0
2030-07-16 05:15:00,0.0
2030-07-16 05:30:00,0.0
2030-07-16 05:45:00,0.0
2030-07-16 06:00:00,0.0
2030-07-16 06:15:00,0.0
2030-07-16 06:30:00,0.0
2030-07-16 06:45:00,0.0
2030-07-16 07:00:00,0.0
2030-07-16 07:15:00,0.0
2030-07-16 07:30:00,0.0
2030-07-16 07:45:00,0.0
2030-07-16 08:00:00,0.0
2030-07-16 08:15:00,0.0
2030-07-16 08:30:00,0.0
2030-07-16 08:45:00,0.0
2030-07-16 09:00:00,0.0
2030-07-16 09:15:00,0.0
2030-07-16 09:30:00,0.0
2030-07-16 09:45:00,0.0
2030-07-16 10:00:00,0.0
2030-07-16 10:15:00,0.0
2030-07-16 10:30:00,0.0
2030-07-16 10:45:00,0.0
2030-07-16 11:00:00,0.0
2030-07-16 11:15:00,0.0
2030-07-16 11:30:00,0.0
2030-07-16 11:45:00,0.0
2030-07-16 12:00:00,0.0
2030-07-16 12:15:00,0.0
2030-07-16 12:30:00,0.0
2030-07-16 12:45:00,0.0
2030-07-16 13:00:00,0.0
2030-07-16 13:15:00,0.0
2030-07-16 13:30:00,0.0
2030-07-16 13:45:00,0.0
2030-07-16 14:00:00,0.0
2030-07-16 14:15:00,0.0
2030-07-16 14:30:00,0.0
2030-07-16 14:45:00,0.0
2030-07-16 15:00:00,0.0
2030-07-16 15:15:00,0.0
2030-07-16 15:30:00,0.0
2030-07-16 15:45:00,0.0
2030-07-16 16:00:00,0.0
2030-07-16 16:15:00,0.0
2030-07-16 16:30:00,0.0
2030-07-16 16:45:00,0.0
2030-07-16 17:00:00,0.0
2030-07-16 17:15:00,0.0
2030-07-16 17:30:00,0.0
2030-07-16 17:45:00,0.0
2030-07-16 18:00:00,0.0
2030-07-16 18:15:00,0.0
2030-07-16 18:30:00,0.0
2030-07-16 18:45:00,0.0
2030-07-16 19:00:00,0.0
2030-07-16 19:15:00,0.0
2030-07-16 19:30:00,0.0
2030-07-16 19:45:00,0.0
2030-07-16 20:00:00,0.0
2030-07-16 20:15:00,0.0
2030-07-16 20:30:00,0.0
2030-07-16 20:45:00,0.0
2030-07-16 21:00:00,0.0
2030-07-16 21:15:00,0.0
2030-07-16 21:30:00,0.0
2030-07-16 21:45:00,0.0
2030-07-16 22:00:00,0.0
2030-07-16 22:15:00,0.0
2030-07-16 22:30:00,0.0
2030-07-16 22:45:00,0.0
2030-07-16 23:00:00,0.0
2030-07-16 23:15:00,0.0
2030-07-16 23:30:00,0.0
2030-07-16 23:45:00,0.0
2030-07-17 00:00:00,0.0
2030-07-17 00:15:00,0.0
2030-07-17 00:30:00,0.0
2030-07-17 00:45:00,0.0
2030-07-17 01:00:00,0.0
2030-07-17 01:15:00,0.0
2030-07-17 01:30:00,0.0
2030-07-17 01:45:00,0.0
2030-07-17 02:00:00,0.0
2030-07-17 02:15:00,0.0
2030-07-17 02:30:00,0.0
2030-07-17 02:45:00,0.0
2030-07-17 03:00:00,0.0
2030-07-17 03:15:00,0.0
2030-07-17 03:30:00,0.0
2030-07-17 03:45:00,0.0
2030-07-17 04:00:00,0.0
2030-07-17 04:15:00,0.0
2030-07-17 04:30:00,0.0
2030-07-17 04:45:00,0.0
2030-07-17 05:00:00,0.0
2030-07-17 05:15:00,0.0
2030-07-17 05:30:00,0.0
2030-07-17 05:45:00,0.0
2030-07-17 06:00:00,0.0
2030-07-17 06:15:00,0.0
2030-07-17 06:30:00,0.0
2030-07-17 06:45:00,0.0
2030-07-17 07:00:00,0.0
2030-07-17 07:15:00,0.0
2030-07-17 07:30:00,0.0
2030-07-17 07:45:00,0.0
2030-07-17 08:00:00,0.0
2030-07-17 08:15:00,0.0
2030-07-17 08:30:00,0.0
2030-07-17 08:45:00,0.0
2030-07-17 09:00:00,0.0
2030-07-17 09:15:00,0.0
2030-07-17 09:30:00,0.0
2030-07-17 09:45:00,0.0
2030-07-17 10:00:00,0.0
2030-07-17 10:15:00,0.0
2030-07-17 10:30:00,0.0
2030-07-17 10:45:00,0.0
2030-07-17 11:00:00,0.0
2030-07-17 11:15:00,0.0
2030-07-17 11:30:00,0.0
2030-07-17 11:45:00,0.0
2030-07-17 12:00:00,0.0
2030-07-17 12:15:00,0.0
2030-07-17 12:30:00,0.0
2030-07-17 12:45:00,0.0
2030-07-17 13:00:00,0.0
2030-07-17 13:15:00,0.0
2030-07-17 13:30:00,0.0
2030-07-17 13:45:00,0.0
2030-07-17 14:00:00,0.0
2030-07-17 14:15:00,0.0
2030-07-17 14:30:00,0.0
2030-07-17 14:45:00,0.0
2030-07-17 15:00:00,0.0
2030-07-17 15:15:00,0.0
2030-07-17 15:30:00,0.0
2030-07-17 15:45:00,0.0
2030-07-17 16:00:00,0.0
2030-07-17 16:15:00,0.0
2030-07-17 16:30:00,0.0
2030-07-17 16:45:00,0.0
2030-07-17 17:00:00,0.0
2030-07-17 17:15:00,0.0
2030-07-17 17:30:00,0.0
2030-07-17 17:45:00,0.0
2030-07-17 18:00:00,0.0
2030-07-17 18:15:00,0.0
2030-07-17 18:30:00,0.0
2030-07-17 18:45:00,0.0
2030-07-17 19:00:00,0.0
2030-07-17 19:15:00,0.0
2030-07-17 19:30:00,0.0
2030-07-17 19:45:00,0.0
2030-07-17 20:00:00,0.0
2030-07-17 20:15:00,0.0
2030-07-17 20:30:00,0.0
2030-07-17 20:45:00,0.0
2030-07-17 21:00:00,0.0
2030-07-17 21:15:00,0.0
2030-07-17 21:30:00,0.0
2030-07-17 21:45:00,0.0
2030-07-17 22:00:00,0.0
2030-07-17 22:15:00,0.0
2030-07-17 22:30:00,0.0
2030-07-17 22:45:00,0.0
2030-07-17 23:00:00,0.0
2030-07-17 23:15:00,0.0
2030-07-17 23:30:00,0.0
2030-07-17 23:45:00,0.0
2030-07-18 00:00:00,0.0
2030-07-18 00:15:00,0.0
2030-07-18 00:30:00,0.0
2030-07-18 00:45:00,0.0
2030-07-18 01:00:00,0.0
2030-07-18 01:15:00,0.0
2030-07-18 01:30:00,0.0
2030-07-18 01:45:00,0.0
2030-07-18 02:00:00,0.0
2030-07-18 02:15:00,0.0
2030-07-18 02:30:00,0.0
2030-07-18 02:45:00,0.0
2030-07-18 03:00:00,0.0
2030-07-18 03:15:00,0.0
2030-07-18 03:30:00,0.0
2030-07-18 03:45:00,0.0
2030-07-18 04:00:00,0.0
2030-07-18 04:15:00,0.0
2030-07-18 04:30:00,0.0
2030-07-18 04:45:00,0.0
2030-07-18 05:00:00,0.0
2030-07-18 05:15:00,0.0
2030-07-18 05:30:00,0.0
2030-07-18 05:45:00,0.0
2030-07-18 06:00:00,0.0
2030-07-18 06:15:00,0.0
2030-07-18 06:30:00,0.0
2030-07-18 06:45:00,0.0
2030-07-18 07:00:00,0.0
2030-07-18 07:15:00,0.0
2030-07-18 07:30:00,0.0
2030-07-18 07:45:00,0.0
2030-07-18 08:00:00,0.0
2030-07-18 08:15:00,0.0
2030-07-18 08:30:00,0.0
2030-07-18 08:45:00,0.0
2030-07-18 09:00:00,0.0
2030-07-18 09:15:00,0.0
2030-07-18 09:30:00,0.0
2030-07-18 09:45:00,0.0
2030-07-18 10:00:00,0.0
2030-07-18 10:15:00,0.0
2030-07-18 10:30:00,0.0
2030-07-18 10:45:00,0.0
2030-07-18 11:00:00,0.0
2030-07-18 11:15:00,0.0
2030-07-18 11:30:00,0.0
2030-07-18 11:45:00,0.0
2030-07-18 12:00:00,0.0
2030-07-18 12:15:00,0.0
2030-07-18 12:30:00,0.0
2030-07-18 12:45:00,0.0
2030-07-18 13:00:00,0.0
2030-07-18 13:15:00,0.0
2030-07-18 13:30:00,0.0
2030-07-18 13:45:00,0.0
2030-07-18 14:00:00,0.0
2030-07-18 14:15:00,0.0
2030-07-18 14:30:00,0.0
2030-07-18 14:45:00,0.0
2030-07-18 15:00:00,0.0
2030-07-18 15:15:00,0.0
2030-07-18 15:30:00,0.0
2030-07-18 15:45:00,0.0
2030-07-18 16:00:00,0.0
2030-07-18 16:15:00,0.0
2030-07-18 16:30:00,0.0
2030-07-18 16:45:00,0.0
2030-07-18 17:00:00,0.0
2030-07-18 17:15:00,0.0
2030-07-18 17:30:00,0.0
2030-07-18 17:45:00,0.0
2030-07-18 18:00:00,0.0
2030-07-18 18:15:00,0.0
2030-07-18 18:30:00,0.0
2030-07-18 18:45:00,0.0
2030-07-18 19:00:00,0.0
2030-07-18 19:15:00,0.0
2030-07-18 19:30:00,0.0
2030-07-18 19:45:00,0.0
2030-07-18 20:00:00,0.0
2030-07-18 20:15:00,0.0
2030-07-18 20:30:00,0.0
2030-07-18 20:45:00,0.0
2030-07-18 21:00:00,0.0
2030-07-18 21:15:00,0.0
2030-07-18 21:30:00,0.0
2030-07-18 21:45:00,0.0
2030-07-18 22:00:00,0.0
2030-07-18 22:15:00,0.0
2030-07-18 22:30:00,0.0
2030-07-18 22:45:00,0.0
2030-07-18 23:00:00,0.0
2030-07-18 23:15:00,0.0
2030-07-18 23:30:00,0.0
2030-07-18 23:45:00,0.0
2030-07-19 00:00:00,0.0
2030-07-19 00:15:00,0.0
2030-07-19 00:30:00,0.0
2030-07-19 00:45:00,0.0
2030-07-19 01:00:00,0.0
2030-07-19 01:15:00,0.0
2030-07-19 01:30:00,0.0
2030-07-19 01:45:00,0.0
2030-07-19 02:00:00,0.0
2030-07-19 02:15:00,0.0
2030-07-19 02:30:00,0.0
2030-07-19 02:45:00,0.0
2030-07-19 03:00:00,0.0
2030-07-19 03:15:00,0.0
2030-07-19 03:30:00,0.0
2030-07-19 03:45:00,0.0
2030-07-19 04:00:00,0.0
2030-07-19 04:15:00,0.0
2030-07-19 04:30:00,0.0
2030-07-19 04:45:00,0.0
2030-07-19 05:00:00,0.0
2030-07-19 05:15:00,0.0
2030-07-19 05:30:00,0.0
2030-07-19 05:45:00,0.0
2030-07-19 06:00:00,0.0
2030-07-19 06:15:00,0.0
2030-07-19 06:30:00,0.0
2030-07-19 06:45:00,0.0
2030-07-19 07:00:00,0.0
2030-07-19 07:15:00,0.0
2030-07-19 07:30:00,0.0
2030-07-19 07:45:00,0.0
2030-07-19 08:00:00,0.0
2030-07-19 08:15:00,0.0
2030-07-19 08:30:00,0.0
2030-07-19 08:45:00,0.0
2030-07-19 09:00:00,0.0
2030-07-19 09:15:00,0.0
2030-07-19 09:30:00,0.0
2030-07-19 09:45:00,0.0
2030-07-19 10:00:00,0.0
2030-07-19 10:15:00,0.0
2030-07-19 10:30:00,0.0
2030-07-19 10:45:00,0.0
2030-07-19 11:00:00,0.0
2030-07-19 11:15:00,0.0
2030-07-19 11:30:00,0.0
2030-07-19 11:45:00,0.0
2030-07-19 12:00:00,0.0
2030-07-19 12:15:00,0.0
2030-07-19 12:30:00,0.0
2030-07-19 12:45:00,0.0
2030-07-19 13:00:00,0.0
2030-07-19 13:15:00,0.0
2030-07-19 13:30:00,0.0
2030-07-19 13:45:00,0.0
2030-07-19 14:00:00,0.0
2030-07-19 14:15:00,0.0
2030-07-19 14:30:00,0.0
2030-07-19 14:45:00,0.0
2030-07-19 15:00:00,0.0
2030-07-19 15:15:00,0.0
2030-07-19 15:30:00,0.0
2030-07-19 15:45:00,0.0
2030-07-19 16:00:00,0.0
2030-07-19 16:15:00,0.0
2030-07-19 16:30:00,0.0
2030-07-19 16:45:00,0.0
2030-07-19 17:00:00,0.0
2030-07-19 17:15:00,0.0
2030-07-19 17:30:00,0.0
2030-07-19 17:45:00,0.0
2030-07-19 18:00:00,0.0
2030-07-19 18:15:00,0.0
2030-07-19 18:30:00,0.0
2030-07-19 18:45:00,0.0
2030-07-19 19:00:00,0.0
2030-07-19 19:15:00,0.0
2030-07-19 19:30:00,0.0
2030-07-19 19:45:00,0.0
2030-07-19 20:00:00,0.0
2030-07-19 20:15:00,0.0
2030-07-19 20:30:00,0.0
2030-07-19 20:45:00,0.0
2030-07-19 21:00:00,0.0
2030-07-19 21:15:00,0.0
2030-07-19 21:30:00,0.0
2030-07-19 21:45:00,0.0
2030-07-19 22:00:00,0.0
2030-07-19 22:15:00,0.0
2030-07-19 22:30:00,0.0
2030-07-19 22:45:00,0.0
2030-07-19 23:00:00,0.0
2030-07-19 23:15:00,0.0
2030-07-19 23:30:00,0.0
2030-07-19 23:45:00,0.0
2030-07-20 00:00:00,0.0
2030-07-20 00:15:00,0.0
2030-07-20 00:30:00,0.0
2030-07-20 00:45:00,0.0
2030-07-20 01:00:00,0.0
2030-07-20 01:15:00,0.0
2030-07-20 01:30:00,0.0
2030-07-20 01:45:00,0.0
2030-07-20 02:00:00,0.0
2030-07-20 02:15:00,0.0
2030-07-20 02:30:00,0.0
2030-07-20 02:45:00,0.0
2030-07-20 03:00:00,0.0
2030-07-20 03:15:00,0.0
2030-07-20 03:30:00,0.0
2030-07-20 03:45:00,0.0
2030-07-20 04:00:00,0.0
2030-07-20 04:15:00,0.0
2030-07-20 04:30:00,0.0
2030-07-20 04:45:00,0.0
2030-07-20 05:00:00,0.0
2030-07-20 05:15:00,0.0
2030-07-20 05:30:00,0.0
2030-07-20 05:45:00,0.0
2030-07-20 06:00:00,0.0
2030-07-20 06:15:00,0.0
2030-07-20 06:30:00,0.0
2030-07-20 06:45:00,0.0
2030-07-20 07:00:00,0.0
2030-07-20 07:15:00,0.0
2030-07-20 07:30:00,0.0
2030-07-20 07:45:00,0.0
2030-07-20 08:00:00,0.0
2030-07-20 08:15:00,0.0
2030-07-20 08:30:00,0.0
2030-07-20 08:45:00,0.0
2030-07-20 09:00:00,0.0
2030-07-20 09:15:00,0.0
2030-07-20 09:30:00,0.0
2030-07-20 09:45:00,0.0
2030-07-20 10:00:00,0.0
2030-07-20 10:15:00,0.0
2030-07-20 10:30:00,0.0
2030-07-20 10:45:00,0.0
2030-07-20 11:00:00,0.0
2030-07-20 11:15:00,0.0
2030-07-20 11:30:00,0.0
2030-07-20 11:45:00,0.0
2030-07-20 12:00:00,0.0
2030-07-20 12:15:00,0.0
2030-07-20 12:30:00,0.0
2030-07-20 12:45:00,0.0
2030-07-20 13:00:00,0.0
2030-07-20 13:15:00,0.0
2030-07-20 13:30:00,0.0
2030-07-20 13:45:00,0.0
2030-07-20 14:00:00,0.0
2030-07-20 14:15:00,0.0
2030-07-20 14:30:00,0.0
2030-07-20 14:45:00,0.0
2030-07-20 15:00:00,0.0
2030-07-20 15:15:00,0.0
2030-07-20 15:30:00,0.0
2030-07-20 15:45:00,0.0
2030-07-20 16:00:00,0.0
2030-07-20 16:15:00,0.0
2030-07-20 16:30:00,0.0
2030-07-20 16:45:00,0.0
2030-07-20 17:00:00,0.0
2030-07-20 17:15:00,0.0
2030-07-20 17:30:00,0.0
2030-07-20 17:45:00,0.0
2030-07-20 18:00:00,0.0
2030-07-20 18:15:00,0.0
2030-07-20 18:30:00,0.0
2030-07-20 18:45:00,0.0
2030-07-20 19:00:00,0.0
2030-07-20 19:15:00,0.0
2030-07-20 19:30:00,0.0
2030-07-20 19:45:00,0.0
2030-07-20 20:00:00,0.0
2030-07-20 20:15:00,0.0
2030-07-20 20:30:00,0.0
2030-07-20 20:45:00,0.0
2030-07-20 21:00:00,0.0
2030-07-20 21:15:00,0.0
2030-07-20 21:30:00,0.0
2030-07-20 21:45:00,0.0
2030-07-20 22:00:00,0.0
2030-07-20 22:15:00,0.0
2030-07-20 22:30:00,0.0
2030-07-20 22:45:00,0.0
2030-07-20 23:00:00,0.0
2030-07-20 23:15:00,0.0
2030-07-20 23:30:00,0.0
2030-07-20 23:45:00,0.0
2030-07-21 00:00:00,0.0
2030-07-21 00:15:00,0.0
2030-07-21 00:30:00,0.0
2030-07-21 00:45:00,0.0
2030-07-21 01:00:00,0.0
2030-07-21 01:15:00,0.0
2030-07-21 01:30:00,0.0
2030-07-21 01:45:00,0.0
2030-07-21 02:00:00,0.0
2030-07-21 02:15:00,0.0
2030-07-21 02:30:00,0.0
2030-07-21 02:45:00,0.0
2030-07-21 03:00:00,0.0
2030-07-21 03:15:00,0.0
2030-07-21 03:30:00,0.0
2030-07-21 03:45:00,0.0
2030-07-21 04:00:00,0.0
2030-07-21 04:15:00,0.0
2030-07-21 04:30:00,0.0
2030-07-21 04:45:00,0.0
2030-07-21 05:00:00,0.0
2030-07-21 05:15:00,0.0
2030-07-21 05:30:00,0.0
2030-07-21 05:45:00,0.0
2030-07-21 06:00:00,0.0
2030-07-21 06:15:00,0.0
2030-07-21 06:30:00,0.0
2030-07-21 06:45:00,0.0
2030-07-21 07:00:00,0.0
2030-07-21 07:15:00,0.0
2030-07-21 07:30:00,0.0
2030-07-21 07:45:00,0.0
2030-07-21 08:00:00,0.0
2030-07-21 08:15:00,0.0
2030-07-21 08:30:00,0.0
2030-07-21 08:45:00,0.0
2030-07-21 09:00:00,0.0
2030-07-21 09:15:00,0.0
2030-07-21 09:30:00,0.0
2030-07-21 09:45:00,0.0
2030-07-21 10:00:00,0.0
2030-07-21 10:15:00,0.0
2030-07-21 10:30:00,0.0
2030-07-21 10:45:00,0.0
2030-07-21 11:00:00,0.0
2030-07-21 11:15:00,0.0
2030-07-21 11:30:00,0.0
2030-07-21 11:45:00,0.0
2030-07-21 12:00:00,0.0
2030-07-21 12:15:00,0.0
2030-07-21 12:30:00,0.0
2030-07-21 12:45:00,0.0
2030-07-21 13:00:00,0.0
2030-07-21 13:15:00,0.0
2030-07-21 13:30:00,0.0
2030-07-21 13:45:00,0.0
2030-07-21 14:00:00,0.0
2030-07-21 14:15:00,0.0
2030-07-21 14:30:00,0.0
2030-07-21 14:45:00,0.0
2030-07-21 15:00:00,0.0
2030-07-21 15:15:00,0.0
2030-07-21 15:30:00,0.0
2030-07-21 15:45:00,0.0
2030-07-21 16:00:00,0.0
2030-07-21 16:15:00,0.0
2030-07-21 16:30:00,0.0
2030-07-21 16:45:00,0.0
2030-07-21 17:00:00,0.0
2030-07-21 17:15:00,0.0
2030-07-21 17:30:00,0.0
2030-07-21 17:45:00,0.0
2030-07-21 18:00:00,0.0
2030-07-21 18:15:00,0.0
2030-07-21 18:30:00,0.0
2030-07-21 18:45:00,0.0
2030-07-21 19:00:00,0.0
2030-07-21 19:15:00,0.0
2030-07-21 19:30:00,0.0
2030-07-21 19:45:00,0.0
2030-07-21 20:00:00,0.0
2030-07-21 20:15:00,0.0
2030-07-21 20:30:00,0.0
2030-07-21 20:45:00,0.0
2030-07-21 21:00:00,0.0
2030-07-21 21:15:00,0.0
2030-07-21 21:30:00,0.0
2030-07-21 21:45:00,0.0
2030-07-21 22:00:00,0.0
2030-07-21 22:15:00,0.0
2030-07-21 22:30:00,0.0
2030-07-21 22:45:00,0.0
2030-07-21 23:00:00,0.0
2030-07-21 23:15:00,0.0
2030-07-21 23:30:00,0.0
2030-07-21 23:45:00,0.0
2030-07-22 00:00:00,0.0
2030-07-22 00:15:00,0.0
2030-07-22 00:30:00,0.0
2030-07-22 00:45:00,0.0
2030-07-22 01:00:00,0.0
2030-07-22 01:15:00,0.0
2030-07-22 01:30:00,0.0
2030-07-22 01:45:00,0.0
2030-07-22 02:00:00,0.0
2030-07-22 02:15:00,0.0
2030-07-22 02:30:00,0.0
2030-07-22 02:45:00,0.0
2030-07-22 03:00:00,0.0
2030-07-22 03:15:00,0.0
2030-07-22 03:30:00,0.0
2030-07-22 03:45:00,0.0
2030-07-22 04:00:00,0.0
2030-07-22 04:15:00,0.0
2030-07-22 04:30:00,0.0
2030-07-22 04:45:00,0.0
2030-07-22 05:00:00,0.0
2030-07-22 05:15:00,0.0
2030-07-22 05:30:00,0.0
2030-07-22 05:45:00,0.0
2030-07-22 06:00:00,0.0
2030-07-22 06:15:00,0.0
2030-07-22 06:30:00,0.0
2030-07-22 06:45:00,0.0
2030-07-22 07:00:00,0.0
2030-07-22 07:15:00,0.0
2030-07-22 07:30:00,0.0
2030-07-22 07:45:00,0.0
2030-07-22 08:00:00,0.0
2030-07-22 08:15:00,0.0
2030-07-22 08:30:00,0.0
2030-07-22 08:45:00,0.0
2030-07-22 09:00:00,0.0
2030-07-22 09:15:00,0.0
2030-07-22 09:30:00,0.0
2030-07-22 09:45:00,0.0
2030-07-22 10:00:00,0.0
2030-07-22 10:15:00,0.0
2030-07-22 10:30:00,0.0
2030-07-22 10:45:00,0.0
2030-07-22 11:00:00,0.0
2030-07-22 11:15:00,0.0
2030-07-22 11:30:00,0.0
2030-07-22 11:45:00,0.0
2030-07-22 12:00:00,0.0
2030-07-22 12:15:00,0.0
2030-07-22 12:30:00,0.0
2030-07-22 12:45:00,0.0
2030-07-22 13:00:00,0.0
2030-07-22 13:15:00,0.0
2030-07-22 13:30:00,0.0
2030-07-22 13:45:00,0.0
2030-07-22 14:00:00,0.0
2030-07-22 14:15:00,0.0
2030-07-22 14:30:00,0.0
2030-07-22 14:45:00,0.0
2030-07-22 15:00:00,0.0
2030-07-22 15:15:00,0.0
2030-07-22 15:30:00,0.0
2030-07-22 15:45:00,0.0
2030-07-22 16:00:00,0.0
2030-07-22 16:15:00,0.0
2030-07-22 16:30:00,0.0
2030-07-22 16:45:00,0.0
2030-07-22 17:00:00,0.0
2030-07-22 17:15:00,0.0
2030-07-22 17:30:00,0.0
2030-07-22 17:45:00,0.0
2030-07-22 18:00:00,0.0
2030-07-22 18:15:00,0.0
2030-07-22 18:30:00,0.0
2030-07-22 18:45:00,0.0
2030-07-22 19:00:00,0.0
2030-07-22 19:15:00,0.0
2030-07-22 19:30:00,0.0
2030-07-22 19:45:00,0.0
2030-07-22 20:00:00,0.0
2030-07-22 20:15:00,0.0
2030-07-22 20:30:00,0.0
2030-07-22 20:45:00,0.0
2030-07-22 21:00:00,0.0
2030-07-22 21:15:00,0.0
2030-07-22 21:30:00,0.0
2030-07-22 21:45:00,0.0
2030-07-22 22:00:00,0.0
2030-07-22 22:15:00,0.0
2030-07-22 22:30:00,0.0
2030-07-22 22:45:00,0.0
2030-07-22 23:00:00,0.0
2030-07-22 23:15:00,0.0
2030-07-22 23:30:00,0.0
2030-07-22 23:45:00,0.0
2030-07-23 00:00:00,0.0
2030-07-23 00:15:00,0.0
2030-07-23 00:30:00,0.0
2030-07-23 00:45:00,0.0
2030-07-23 01:00:00,0.0
2030-07-23 01:15:00,0.0
2030-07-23 01:30:00,0.0
2030-07-23 01:45:00,0.0
2030-07-23 02:00:00,0.0
2030-07-23 02:15:00,0.0
2030-07-23 02:30:00,0.0
2030-07-23 02:45:00,0.0
2030-07-23 03:00:00,0.0
2030-07-23 03:15:00,0.0
2030-07-23 03:30:00,0.0
2030-07-23 03:45:00,0.0
2030-07-23 04:00:00,0.0
2030-07-23 04:15:00,0.0
2030-07-23 04:30:00,0.0
2030-07-23 04:45:00,0.0
2030-07-23 05:00:00,0.0
2030-07-23 05:15:00,0.0
2030-07-23 05:30:00,0.0
2030-07-23 05:45:00,0.0
2030-07-23 06:00:00,0.0
2030-07-23 06:15:00,0.0
2030-07-23 06:30:00,0.0
2030-07-23 06:45:00,0.0
2030-07-23 07:00:00,0.0
2030-07-23 07:15:00,0.0
2030-07-23 07:30:00,0.0
2030-07-23 07:45:00,0.0
2030-07-23 08:00:00,0.0
2030-07-23 08:15:00,0.0
2030-07-23 08:30:00,0.0
2030-07-23 08:45:00,0.0
2030-07-23 09:00:00,0.0
2030-07-23 09:15:00,0.0
2030-07-23 09:30:00,0.0
2030-07-23 09:45:00,0.0
2030-07-23 10:00:00,0.0
2030-07-23 10:15:00,0.0
2030-07-23 10:30:00,0.0
2030-07-23 10:45:00,0.0
2030-07-23 11:00:00,0.0
2030-07-23 11:15:00,0.0
2030-07-23 11:30:00,0.0
2030-07-23 11:45:00,0.0
2030-07-23 12:00:00,0.0
2030-07-23 12:15:00,0.0
2030-07-23 12:30:00,0.0
2030-07-23 12:45:00,0.0
2030-07-23 13:00:00,0.0
2030-07-23 13:15:00,0.0
2030-07-23 13:30:00,0.0
2030-07-23 13:45:00,0.0
2030-07-23 14:00:00,0.0
2030-07-23 14:15:00,0.0
2030-07-23 14:30:00,0.0
2030-07-23 14:45:00,0.0
2030-07-23 15:00:00,0.0
2030-07-23 15:15:00,0.0
2030-07-23 15:30:00,0.0
2030-07-23 15:45:00,0.0
2030-07-23 16:00:00,0.0
2030-07-23 16:15:00,0.0
2030-07-23 16:30:00,0.0
2030-07-23 16:45:00,0.0
2030-07-23 17:00:00,0.0
2030-07-23 17:15:00,0.0
2030-07-23 17:30:00,0.0
2030-07-23 17:45:00,0.0
2030-07-23 18:00:00,0.0
2030-07-23 18:15:00,0.0
2030-07-23 18:30:00,0.0
2030-07-23 18:45:00,0.0
2030-07-23 19:00:00,0.0
2030-07-23 19:15:00,0.0
2030-07-23 19:30:00,0.0
2030-07-23 19:45:00,0.0
2030-07-23 20:00:00,0.0
2030-07-23 20:15:00,0.0
2030-07-23 20:30:00,0.0
2030-07-23 20:45:00,0.0
2030-07-23 21:00:00,0.0
2030-07-23 21:15:00,0.0
2030-07-23 21:30:00,0.0
2030-07-23 21:45:00,0.0
2030-07-23 22:00:00,0.0
2030-07-23 22:15:00,0.0
2030-07-23 22:30:00,0.0
2030-07-23 22:45:00,0.0
2030-07-23 23:00:00,0.0
2030-07-23 23:15:00,0.0
2030-07-23 23:30:00,0.0
2030-07-23 23:45:00,0.0
2030-07-24 00:00:00,0.0
2030-07-24 00:15:00,0.0
2030-07-24 00:30:00,0.0
2030-07-24 00:45:00,0.0
2030-07-24 01:00:00,0.0
2030-07-24 01:15:00,0.0
2030-07-24 01:30:00,0.0
2030-07-24 01:45:00,0.0
2030-07-24 02:00:00,0.0
2030-07-24 02:15:00,0.0
2030-07-24 02:30:00,0.0
2030-07-24 02:45:00,0.0
2030-07-24 03:00:00,0.0
2030-07-24 03:15:00,0.0
2030-07-24 03:30:00,0.0
2030-07-24 03:45:00,0.0
2030-07-24 04:00:00,0.0
2030-07-24 04:15:00,0.0
2030-07-24 04:30:00,0.0
2030-07-24 04:45:00,0.0
2030-07-24 05:00:00,0.0
2030-07-24 05:15:00,0.0
2030-07-24 05:30:00,0.0
2030-07-24 05:45:00,0.0
2030-07-24 06:00:00,0.0
2030-07-24 06:15:00,0.0
2030-07-24 06:30:00,0.0
2030-07-24 06:45:00,0.0
2030-07-24 07:00:00,0.0
2030-07-24 07:15:00,0.0
2030-07-24 07:30:00,0.0
2030-07-24 07:45:00,0.0
2030-07-24 08:00:00,0.0
2030-07-24 08:15:00,0.0
2030-07-24 08:30:00,0.0
2030-07-24 08:45:00,0.0
2030-07-24 09:00:00,0.0
2030-07-24 09:15:00,0.0
2030-07-24 09:30:00,0.0
2030-07-24 09:45:00,0.0
2030-07-24 10:00:00,0.0
2030-07-24 10:15:00,0.0
2030-07-24 10:30:00,0.0
2030-07-24 10:45:00,0.0
2030-07-24 11:00:00,0.0
2030-07-24 11:15:00,0.0
2030-07-24 11:30:00,0.0
2030-07-24 11:45:00,0.0
2030-07-24 12:00:00,0.0
2030-07-24 12:15:00,0.0
2030-07-24 12:30:00,0.0
2030-07-24 12:45:00,0.0
2030-07-24 13:00:00,0.0
2030-07-24 13:15:00,0.0
2030-07-24 13:30:00,0.0
2030-07-24 13:45:00,0.0
2030-07-24 14:00:00,0.0
2030-07-24 14:15:00,0.0
2030-07-24 14:30:00,0.0
2030-07-24 14:45:00,0.0
2030-07-24 15:00:00,0.0
2030-07-24 15:15:00,0.0
2030-07-24 15:30:00,0.0
2030-07-24 15:45:00,0.0
2030-07-24 16:00:00,0.0
2030-07-24 16:15:00,0.0
2030-07-24 16:30:00,0.0
2030-07-24 16:45:00,0.0
2030-07-24 17:00:00,0.0
2030-07-24 17:15:00,0.0
2030-07-24 17:30:00,0.0
2030-07-24 17:45:00,0.0
2030-07-24 18:00:00,0.0
2030-07-24 18:15:00,0.0
2030-07-24 18:30:00,0.0
2030-07-24 18:45:00,0.0
2030-07-24 19:00:00,0.0
2030-07-24 19:15:00,0.0
2030-07-24 19:30:00,0.0
2030-07-24 19:45:00,0.0
2030-07-24 20:00:00,0.0
2030-07-24 20:15:00,0.0
2030-07-24 20:30:00,0.0
2030-07-24 20:45:00,0.0
2030-07-24 21:00:00,0.0
2030-07-24 21:15:00,0.0
2030-07-24 21:30:00,0.0
2030-07-24 21:45:00,0.0
2030-07-24 22:00:00,0.0
2030-07-24 22:15:00,0.0
2030-07-24 22:30:00,0.0
2030-07-24 22:45:00,0.0
2030-07-24 23:00:00,0.0
2030-07-24 23:15:00,0.0
2030-07-24 23:30:00,0.0
2030-07-24 23:45:00,0.0
2030-07-25 00:00:00,0.0
2030-07-25 00:15:00,0.0
2030-07-25 00:30:00,0.0
2030-07-25 00:45:00,0.0
2030-07-25 01:00:00,0.0
2030-07-25 01:15:00,0.0
2030-07-25 01:30:00,0.0
2030-07-25 01:45:00,0.0
2030-07-25 02:00:00,0.0
2030-07-25 02:15:00,0.0
2030-07-25 02:30:00,0.0
2030-07-25 02:45:00,0.0
2030-07-25 03:00:00,0.0
2030-07-25 03:15:00,0.0
2030-07-25 03:30:00,0.0
2030-07-25 03:45:00,0.0
2030-07-25 04:00:00,0.0
2030-07-25 04:15:00,0.0
2030-07-25 04:30:00,0.0
2030-07-25 04:45:00,0.0
2030-07-25 05:00:00,0.0
2030-07-25 05:15:00,0.0
2030-07-25 05:30:00,0.0
2030-07-25 05:45:00,0.0
2030-07-25 06:00:00,0.0
2030-07-25 06:15:00,0.0
2030-07-25 06:30:00,0.0
2030-07-25 06:45:00,0.0
2030-07-25 07:00:00,0.0
2030-07-25 07:15:00,0.0
2030-07-25 07:30:00,0.0
2030-07-25 07:45:00,0.0
2030-07-25 08:00:00,0.0
2030-07-25 08:15:00,0.0
2030-07-25 08:30:00,0.0
2030-07-25 08:45:00,0.0
2030-07-25 09:00:00,0.0
2030-07-25 09:15:00,0.0
2030-07-25 09:30:00,0.0
2030-07-25 09:45:00,0.0
2030-07-25 10:00:00,0.0
2030-07-25 10:15:00,0.0
2030-07-25 10:30:00,0.0
2030-07-25 10:45:00,0.0
2030-07-25 11:00:00,0.0
2030-07-25 11:15:00,0.0
2030-07-25 11:30:00,0.0
2030-07-25 11:45:00,0.0
2030-07-25 12:00:00,0.0
2030-07-25 12:15:00,0.0
2030-07-25 12:30:00,0.0
2030-07-25 12:45:00,0.0
2030-07-25 13:00:00,0.0
2030-07-25 13:15:00,0.0
2030-07-25 13:30:00,0.0
2030-07-25 13:45:00,0.0
2030-07-25 14:00:00,0.0
2030-07-25 14:15:00,0.0
2030-07-25 14:30:00,0.0
2030-07-25 14:45:00,0.0
2030-07-25 15:00:00,0.0
2030-07-25 15:15:00,0.0
2030-07-25 15:30:00,0.0
2030-07-25 15:45:00,0.0
2030-07-25 16:00:00,0.0
2030-07-25 16:15:00,0.0
2030-07-25 16:30:00,0.0
2030-07-25 16:45:00,0.0
2030-07-25 17:00:00,0.0
2030-07-25 17:15:00,0.0
2030-07-25 17:30:00,0.0
2030-07-25 17:45:00,0.0
2030-07-25 18:00:00,0.0
2030-07-25 18:15:00,0.0
2030-07-25 18:30:00,0.0
2030-07-25 18:45:00,0.0
2030-07-25 19:00:00,0.0
2030-07-25 19:15:00,0.0
2030-07-25 19:30:00,0.0
2030-07-25 19:45:00,0.0
2030-07-25 20:00:00,0.0
2030-07-25 20:15:00,0.0
2030-07-25 20:30:00,0.0
2030-07-25 20:45:00,0.0
2030-07-25 21:00:00,0.0
2030-07-25 21:15:00,0.0
2030-07-25 21:30:00,0.0
2030-07-25 21:45:00,0.0
2030-07-25 22:00:00,0.0
2030-07-25 22:15:00,0.0
2030-07-25 22:30:00,0.0
2030-07-25 22:45:00,0.0
2030-07-25 23:00:00,0.0
2030-07-25 23:15:00,0.0
2030-07-25 23:30:00,0.0
2030-07-25 23:45:00,0.0
2030-07-26 00:00:00,0.0
2030-07-26 00:15:00,0.0
2030-07-26 00:30:00,0.0
2030-07-26 00:45:00,0.0
2030-07-26 01:00:00,0.0
2030-07-26 01:15:00,0.0
2030-07-26 01:30:00,0.0
2030-07-26 01:45:00,0.0
2030-07-26 02:00:00,0.0
2030-07-26 02:15:00,0.0
2030-07-26 02:30:00,0.0
2030-07-26 02:45:00,0.0
2030-07-26 03:00:00,0.0
2030-07-26 03:15:00,0.0
2030-07-26 03:30:00,0.0
2030-07-26 03:45:00,0.0
2030-07-26 04:00:00,0.0
2030-07-26 04:15:00,0.0
2030-07-26 04:30:00,0.0
2030-07-26 04:45:00,0.0
2030-07-26 05:00:00,0.0
2030-07-26 05:15:00,0.0
2030-07-26 05:30:00,0.0
2030-07-26 05:45:00,0.0
2030-07-26 06:00:00,0.0
2030-07-26 06:15:00,0.0
2030-07-26 06:30:00,0.0
2030-07-26 06:45:00,0.0
2030-07-26 07:00:00,0.0
2030-07-26 07:15:00,0.0
2030-07-26 07:30:00,0.0
2030-07-26 07:45:00,0.0
2030-07-26 08:00:00,0.0
2030-07-26 08:15:00,0.0
2030-07-26 08:30:00,0.0
2030-07-26 08:45:00,0.0
2030-07-26 09:00:00,0.0
2030-07-26 09:15:00,0.0
2030-07-26 09:30:00,0.0
2030-07-26 09:45:00,0.0
2030-07-26 10:00:00,0.0
2030-07-26 10:15:00,0.0
2030-07-26 10:30:00,0.0
2030-07-26 10:45:00,0.0
2030-07-26 11:00:00,0.0
2030-07-26 11:15:00,0.0
2030-07-26 11:30:00,0.0
2030-07-26 11:45:00,0.0
2030-07-26 12:00:00,0.0
2030-07-26 12:15:00,0.0
2030-07-26 12:30:00,0.0
2030-07-26 12:45:00,0.0
2030-07-26 13:00:00,0.0
2030-07-26 13:15:00,0.0
2030-07-26 13:30:00,0.0
2030-07-26 13:45:00,0.0
2030-07-26 14:00:00,0.0
2030-07-26 14:15:00,0.0
2030-07-26 14:30:00,0.0
2030-07-26 14:45:00,0.0
2030-07-26 15:00:00,0.0
2030-07-26 15:15:00,0.0
2030-07-26 15:30:00,0.0
2030-07-26 15:45:00,0.0
2030-07-26 16:00:00,0.0
2030-07-26 16:15:00,0.0
2030-07-26 16:30:00,0.0
2030-07-26 16:45:00,0.0
2030-07-26 17:00:00,0.0
2030-07-26 17:15:00,0.0
2030-07-26 17:30:00,0.0
2030-07-26 17:45:00,0.0
2030-07-26 18:00:00,0.0
2030-07-26 18:15:00,0.0
2030-07-26 18:30:00,0.0
2030-07-26 18:45:00,0.0
2030-07-26 19:00:00,0.0
2030-07-26 19:15:00,0.0
2030-07-26 19:30:00,0.0
2030-07-26 19:45:00,0.0
2030-07-26 20:00:00,0.0
2030-07-26 20:15:00,0.0
2030-07-26 20:30:00,0.0
2030-07-26 20:45:00,0.0
2030-07-26 21:00:00,0.0
2030-07-26 21:15:00,0.0
2030-07-26 21:30:00,0.0
2030-07-26 21:45:00,0.0
2030-07-26 22:00:00,0.0
2030-07-26 22:15:00,0.0
2030-07-26 22:30:00,0.0
2030-07-26 22:45:00,0.0
2030-07-26 23:00:00,0.0
2030-07-26 23:15:00,0.0
2030-07-26 23:30:00,0.0
2030-07-26 23:45:00,0.0
2030-07-27 00:00:00,0.0
2030-07-27 00:15:00,0.0
2030-07-27 00:30:00,0.0
2030-07-27 00:45:00,0.0
2030-07-27 01:00:00,0.0
2030-07-27 01:15:00,0.0
2030-07-27 01:30:00,0.0
2030-07-27 01:45:00,0.0
2030-07-27 02:00:00,0.0
2030-07-27 02:15:00,0.0
2030-07-27 02:30:00,0.0
2030-07-27 02:45:00,0.0
2030-07-27 03:00:00,0.0
2030-07-27 03:15:00,0.0
2030-07-27 03:30:00,0.0
2030-07-27 03:45:00,0.0
2030-07-27 04:00:00,0.0
2030-07-27 04:15:00,0.0
2030-07-27 04:30:00,0.0
2030-07-27 04:45:00,0.0
2030-07-27 05:00:00,0.0
2030-07-27 05:15:00,0.0
2030-07-27 05:30:00,0.0
2030-07-27 05:45:00,0.0
2030-07-27 06:00:00,0.0
2030-07-27 06:15:00,0.0
2030-07-27 06:30:00,0.0
2030-07-27 06:45:00,0.0
2030-07-27 07:00:00,0.0
2030-07-27 07:15:00,0.0
2030-07-27 07:30:00,0.0
2030-07-27 07:45:00,0.0
2030-07-27 08:00:00,0.0
2030-07-27 08:15:00,0.0
2030-07-27 08:30:00,0.0
2030-07-27 08:45:00,0.0
2030-07-27 09:00:00,0.0
2030-07-27 09:15:00,0.0
2030-07-27 09:30:00,0.0
2030-07-27 09:45:00,0.0
2030-07-27 10:00:00,0.0
2030-07-27 10:15:00,0.0
2030-07-27 10:30:00,0.0
2030-07-27 10:45:00,0.0
2030-07-27 11:00:00,0.0
2030-07-27 11:15:00,0.0
2030-07-27 11:30:00,0.0
2030-07-27 11:45:00,0.0
2030-07-27 12:00:00,0.0
2030-07-27 12:15:00,0.0
2030-07-27 12:30:00,0.0
2030-07-27 12:45:00,0.0
2030-07-27 13:00:00,0.0
2030-07-27 13:15:00,0.0
2030-07-27 13:30:00,0.0
2030-07-27 13:45:00,0.0
2030-07-27 14:00:00,0.0
2030-07-27 14:15:00,0.0
2030-07-27 14:30:00,0.0
2030-07-27 14:45:00,0.0
2030-07-27 15:00:00,0.0
2030-07-27 15:15:00,0.0
2030-07-27 15:30:00,0.0
2030-07-27 15:45:00,0.0
2030-07-27 16:00:00,0.0
2030-07-27 16:15:00,0.0
2030-07-27 16:30:00,0.0
2030-07-27 16:45:00,0.0
2030-07-27 17:00:00,0.0
2030-07-27 17:15:00,0.0
2030-07-27 17:30:00,0.0
2030-07-27 17:45:00,0.0
2030-07-27 18:00:00,0.0
2030-07-27 18:15:00,0.0
2030-07-27 18:30:00,0.0
2030-07-27 18:45:00,0.0
2030-07-27 19:00:00,0.0
2030-07-27 19:15:00,0.0
2030-07-27 19:30:00,0.0
2030-07-27 19:45:00,0.0
2030-07-27 20:00:00,0.0
2030-07-27 20:15:00,0.0
2030-07-27 20:30:00,0.0
2030-07-27 20:45:00,0.0
2030-07-27 21:00:00,0.0
2030-07-27 21:15:00,0.0
2030-07-27 21:30:00,0.0
2030-07-27 21:45:00,0.0
2030-07-27 22:00:00,0.0
2030-07-27 22:15:00,0.0
2030-07-27 22:30:00,0.0
2030-07-27 22:45:00,0.0
2030-07-27 23:00:00,0.0
2030-07-27 23:15:00,0.0
2030-07-27 23:30:00,0.0
2030-07-27 23:45:00,0.0
2030-07-28 00:00:00,0.0
2030-07-28 00:15:00,0.0
2030-07-28 00:30:00,0.0
2030-07-28 00:45:00,0.0
2030-07-28 01:00:00,0.0
2030-07-28 01:15:00,0.0
2030-07-28 01:30:00,0.0
2030-07-28 01:45:00,0.0
2030-07-28 02:00:00,0.0
2030-07-28 02:15:00,0.0
2030-07-28 02:30:00,0.0
2030-07-28 02:45:00,0.0
2030-07-28 03:00:00,0.0
2030-07-28 03:15:00,0.0
2030-07-28 03:30:00,0.0
2030-07-28 03:45:00,0.0
2030-07-28 04:00:00,0.0
2030-07-28 04:15:00,0.0
2030-07-28 04:30:00,0.0
2030-07-28 04:45:00,0.0
2030-07-28 05:00:00,0.0
2030-07-28 05:15:00,0.0
2030-07-28 05:30:00,0.0
2030-07-28 05:45:00,0.0
2030-07-28 06:00:00,0.0
2030-07-28 06:15:00,0.0
2030-07-28 06:30:00,0.0
2030-07-28 06:45:00,0.0
2030-07-28 07:00:00,0.0
2030-07-28 07:15:00,0.0
2030-07-28 07:30:00,0.0
2030-07-28 07:45:00,0.0
2030-07-28 08:00:00,0.0
2030-07-28 08:15:00,0.0
2030-07-28 08:30:00,0.0
2030-07-28 08:45:00,0.0
2030-07-28 09:00:00,0.0
2030-07-28 09:15:00,0.0
2030-07-28 09:30:00,0.0
2030-07-28 09:45:00,0.0
2030-07-28 10:00:00,0.0
2030-07-28 10:15:00,0.0
2030-07-28 10:30:00,0.0
2030-07-28 10:45:00,0.0
2030-07-28 11:00:00,0.0
2030-07-28 11:15:00,0.0
2030-07-28 11:30:00,0.0
2030-07-28 11:45:00,0.0
2030-07-28 12:00:00,0.0
2030-07-28 12:15:00,0.0
2030-07-28 12:30:00,0.0
2030-07-28 12:45:00,0.0
2030-07-28 13:00:00,0.0
2030-07-28 13:15:00,0.0
2030-07-28 13:30:00,0.0
2030-07-28 13:45:00,0.0
2030-07-28 14:00:00,0.0
2030-07-28 14:15:00,0.0
2030-07-28 14:30:00,0.0
2030-07-28 14:45:00,0.0
2030-07-28 15:00:00,0.0
2030-07-28 15:15:00,0.0
2030-07-28 15:30:00,0.0
2030-07-28 15:45:00,0.0
2030-07-28 16:00:00,0.0
2030-07-28 16:15:00,0.0
2030-07-28 16:30:00,0.0
2030-07-28 16:45:00,0.0
2030-07-28 17:00:00,0.0
2030-07-28 17:15:00,0.0
2030-07-28 17:30:00,0.0
2030-07-28 17:45:00,0.0
2030-07-28 18:00:00,0.0
2030-07-28 18:15:00,0.0
2030-07-28 18:30:00,0.0
2030-07-28 18:45:00,0.0
2030-07-28 19:00:00,0.0
2030-07-28 19:15:00,0.0
2030-07-28 19:30:00,0.0
2030-07-28 19:45:00,0.0
2030-07-28 20:00:00,0.0
2030-07-28 20:15:00,0.0
2030-07-28 20:30:00,0.0
2030-07-28 20:45:00,0.0
2030-07-28 21:00:00,0.0
2030-07-28 21:15:00,0.0
2030-07-28 21:30:00,0.0
2030-07-28 21:45:00,0.0
2030-07-28 22:00:00,0.0
2030-07-28 22:15:00,0.0
2030-07-28 22:30:00,0.0
2030-07-28 22:45:00,0.0
2030-07-28 23:00:00,0.0
2030-07-28 23:15:00,0.0
2030-07-28 23:30:00,0.0
2030-07-28 23:45:00,0.0
2030-07-29 00:00:00,0.0
2030-07-29 00:15:00,0.0
2030-07-29 00:30:00,0.0
2030-07-29 00:45:00,0.0
2030-07-29 01:00:00,0.0
2030-07-29 01:15:00,0.0
2030-07-29 01:30:00,0.0
2030-07-29 01:45:00,0.0
2030-07-29 02:00:00,0.0
2030-07-29 02:15:00,0.0
2030-07-29 02:30:00,0.0
2030-07-29 02:45:00,0.0
2030-07-29 03:00:00,0.0
2030-07-29 03:15:00,0.0
2030-07-29 03:30:00,0.0
2030-07-29 03:45:00,0.0
2030-07-29 04:00:00,0.0
2030-07-29 04:15:00,0.0
2030-07-29 04:30:00,0.0
2030-07-29 04:45:00,0.0
2030-07-29 05:00:00,0.0
2030-07-29 05:15:00,0.0
2030-07-29 05:30:00,0.0
2030-07-29 05:45:00,0.0
2030-07-29 06:00:00,0.0
2030-07-29 06:15:00,0.0
2030-07-29 06:30:00,0.0
2030-07-29 06:45:00,0.0
2030-07-29 07:00:00,0.0
2030-07-29 07:15:00,0.0
2030-07-29 07:30:00,0.0
2030-07-29 07:45:00,0.0
2030-07-29 08:00:00,0.0
2030-07-29 08:15:00,0.0
2030-07-29 08:30:00,0.0
2030-07-29 08:45:00,0.0
2030-07-29 09:00:00,0.0
2030-07-29 09:15:00,0.0
2030-07-29 09:30:00,0.0
2030-07-29 09:45:00,0.0
2030-07-29 10:00:00,0.0
2030-07-29 10:15:00,0.0
2030-07-29 10:30:00,0.0
2030-07-29 10:45:00,0.0
2030-07-29 11:00:00,0.0
2030-07-29 11:15:00,0.0
2030-07-29 11:30:00,0.0
2030-07-29 11:45:00,0.0
2030-07-29 12:00:00,0.0
2030-07-29 12:15:00,0.0
2030-07-29 12:30:00,0.0
2030-07-29 12:45:00,0.0
2030-07-29 13:00:00,0.0
2030-07-29 13:15:00,0.0
2030-07-29 13:30:00,0.0
2030-07-29 13:45:00,0.0
2030-07-29 14:00:00,0.0
2030-07-29 14:15:00,0.0
2030-07-29 14:30:00,0.0
2030-07-29 14:45:00,0.0
2030-07-29 15:00:00,0.0
2030-07-29 15:15:00,0.0
2030-07-29 15:30:00,0.0
2030-07-29 15:45:00,0.0
2030-07-29 16:00:00,0.0
2030-07-29 16:15:00,0.0
2030-07-29 16:30:00,0.0
2030-07-29 16:45:00,0.0
2030-07-29 17:00:00,0.0
2030-07-29 17:15:00,0.0
2030-07-29 17:30:00,0.0
2030-07-29 17:45:00,0.0
2030-07-29 18:00:00,0.0
2030-07-29 18:15:00,0.0
2030-07-29 18:30:00,0.0
2030-07-29 18:45:00,0.0
2030-07-29 19:00:00,0.0
2030-07-29 19:15:00,0.0
2030-07-29 19:30:00,0.0
2030-07-29 19:45:00,0.0
2030-07-29 20:00:00,0.0
2030-07-29 20:15:00,0.0
2030-07-29 20:30:00,0.0
2030-07-29 20:45:00,0.0
2030-07-29 21:00:00,0.0
2030-07-29 21:15:00,0.0
2030-07-29 21:30:00,0.0
2030-07-29 21:45:00,0.0
2030-07-29 22:00:00,0.0
2030-07-29 22:15:00,0.0
2030-07-29 22:30:00,0.0
2030-07-29 22:45:00,0.0
2030-07-29 23:00:00,0.0
2030-07-29 23:15:00,0.0
2030-07-29 23:30:00,0.0
2030-07-29 23:45:00,0.0
2030-07-30 00:00:00,0.0
2030-07-30 00:15:00,0.0
2030-07-30 00:30:00,0.0
2030-07-30 00:45:00,0.0
2030-07-30 01:00:00,0.0
2030-07-30 01:15:00,0.0
2030-07-30 01:30:00,0.0
2030-07-30 01:45:00,0.0
2030-07-30 02:00:00,0.0
2030-07-30 02:15:00,0.0
2030-07-30 02:30:00,0.0
2030-07-30 02:45:00,0.0
2030-07-30 03:00:00,0.0
2030-07-30 03:15:00,0.0
2030-07-30 03:30:00,0.0
2030-07-30 03:45:00,0.0
2030-07-30 04:00:00,0.0
2030-07-30 04:15:00,0.0
2030-07-30 04:30:00,0.0
2030-07-30 04:45:00,0.0
2030-07-30 05:00:00,0.0
2030-07-30 05:15:00,0.0
2030-07-30 05:30:00,0.0
2030-07-30 05:45:00,0.0
2030-07-30 06:00:00,0.0
2030-07-30 06:15:00,0.0
2030-07-30 06:30:00,0.0
2030-07-30 06:45:00,0.0
2030-07-30 07:00:00,0.0
2030-07-30 07:15:00,0.0
2030-07-30 07:30:00,0.0
2030-07-30 07:45:00,0.0
2030-07-30 08:00:00,0.0
2030-07-30 08:15:00,0.0
2030-07-30 08:30:00,0.0
2030-07-30 08:45:00,0.0
2030-07-30 09:00:00,0.0
2030-07-30 09:15:00,0.0
2030-07-30 09:30:00,0.0
2030-07-30 09:45:00,0.0
2030-07-30 10:00:00,0.0
2030-07-30 10:15:00,0.0
2030-07-30 10:30:00,0.0
2030-07-30 10:45:00,0.0
2030-07-30 11:00:00,0.0
2030-07-30 11:15:00,0.0
2030-07-30 11:30:00,0.0
2030-07-30 11:45:00,0.0
2030-07-30 12:00:00,0.0
2030-07-30 12:15:00,0.0
2030-07-30 12:30:00,0.0
2030-07-30 12:45:00,0.0
2030-07-30 13:00:00,0.0
2030-07-30 13:15:00,0.0
2030-07-30 13:30:00,0.0
2030-07-30 13:45:00,0.0
2030-07-30 14:00:00,0.0
2030-07-30 14:15:00,0.0
2030-07-30 14:30:00,0.0
2030-07-30 14:45:00,0.0
2030-07-30 15:00:00,0.0
2030-07-30 15:15:00,0.0
2030-07-30 15:30:00,0.0
2030-07-30 15:45:00,0.0
2030-07-30 16:00:00,0.0
2030-07-30 16:15:00,0.0
2030-07-30 16:30:00,0.0
2030-07-30 16:45:00,0.0
2030-07-30 17:00:00,0.0
2030-07-30 17:15:00,0.0
2030-07-30 17:30:00,0.0
2030-07-30 17:45:00,0.0
2030-07-30 18:00:00,0.0
2030-07-30 18:15:00,0.0
2030-07-30 18:30:00,0.0
2030-07-30 18:45:00,0.0
2030-07-30 19:00:00,0.0
2030-07-30 19:15:00,0.0
2030-07-30 19:30:00,0.0
2030-07-30 19:45:00,0.0
2030-07-30 20:00:00,0.0
2030-07-30 20:15:00,0.0
2030-07-30 20:30:00,0.0
2030-07-30 20:45:00,0.0
2030-07-30 21:00:00,0.0
2030-07-30 21:15:00,0.0
2030-07-30 21:30:00,0.0
2030-07-30 21:45:00,0.0
2030-07-30 22:00:00,0.0
2030-07-30 22:15:00,0.0
2030-07-30 22:30:00,0.0
2030-07-30 22:45:00,0.0
2030-07-30 23:00:00,0.0
2030-07-30 23:15:00,0.0
2030-07-30 23:30:00,0.0
2030-07-30 23:45:00,0.0
2030-07-31 00:00:00,0.0
2030-07-31 00:15:00,0.0
2030-07-31 00:30:00,0.0
2030-07-31 00:45:00,0.0
2030-07-31 01:00:00,0.0
2030-07-31 01:15:00,0.0
2030-07-31 01:30:00,0.0
2030-07-31 01:45:00,0.0
2030-07-31 02:00:00,0.0
2030-07-31 02:15:00,0.0
2030-07-31 02:30:00,0.0
2030-07-31 02:45:00,0.0
2030-07-31 03:00:00,0.0
2030-07-31 03:15:00,0.0
2030-07-31 03:30:00,0.0
2030-07-31 03:45:00,0.0
2030-07-31 04:00:00,0.0
2030-07-31 04:15:00,0.0
2030-07-31 04:30:00,0.0
2030-07-31 04:45:00,0.0
2030-07-31 05:00:00,0.0
2030-07-31 05:15:00,0.0
2030-07-31 05:30:00,0.0
2030-07-31 05:45:00,0.0
2030-07-31 06:00:00,0.0
2030-07-31 06:15:00,0.0
2030-07-31 06:30:00,0.0
2030-07-31 06:45:00,0.0
2030-07-31 07:00:00,0.0
2030-07-31 07:15:00,0.0
2030-07-31 07:30:00,0.0
2030-07-31 07:45:00,0.0
2030-07-31 08:00:00,0.0
2030-07-31 08:15:00,0.0
2030-07-31 08:30:00,0.0
2030-07-31 08:45:00,0.0
2030-07-31 09:00:00,0.0
2030-07-31 09:15:00,0.0
2030-07-31 09:30:00,0.0
2030-07-31 09:45:00,0.0
2030-07-31 10:00:00,0.0
2030-07-31 10:15:00,0.0
2030-07-31 10:30:00,0.0
2030-07-31 10:45:00,0.0
2030-07-31 11:00:00,0.0
2030-07-31 11:15:00,0.0
2030-07-31 11:30:00,0.0
2030-07-31 11:45:00,0.0
2030-07-31 12:00:00,0.0
2030-07-31 12:15:00,0.0
2030-07-31 12:30:00,0.0
2030-07-31 12:45:00,0.0
2030-07-31 13:00:00,0.0
2030-07-31 13:15:00,0.0
2030-07-31 13:30:00,0.0
2030-07-31 13:45:00,0.0
2030-07-31 14:00:00,0.0
2030-07-31 14:15:00,0.0
2030-07-31 14:30:00,0.0
2030-07-31 14:45:00,0.0
2030-07-31 15:00:00,0.0
2030-07-31 15:15:00,0.0
2030-07-31 15:30:00,0.0
2030-07-31 15:45:00,0.0
2030-07-31 16:00:00,0.0
2030-07-31 16:15:00,0.0
2030-07-31 16:30:00,0.0
2030-07-31 16:45:00,0.0
2030-07-31 17:00:00,0.0
2030-07-31 17:15:00,0.0
2030-07-31 17:30:00,0.0
2030-07-31 17:45:00,0.0
2030-07-31 18:00:00,0.0
2030-07-31 18:15:00,0.0
2030-07-31 18:30:00,0.0
2030-07-31 18:45:00,0.0
2030-07-31 19:00:00,0.0
2030-07-31 19:15:00,0.0
2030-07-31 19:30:00,0.0
2030-07-31 19:45:00,0.0
2030-07-31 20:00:00,0.0
2030-07-31 20:15:00,0.0
2030-07-31 20:30:00,0.0
2030-07-31 20:45:00,0.0
2030-07-31 21:00:00,0.0
2030-07-31 21:15:00,0.0
2030-07-31 21:30:00,0.0
2030-07-31 21:45:00,0.0
2030-07-31 22:00:00,0.0
2030-07-31 22:15:00,0.0
2030-07-31 22:30:00,0.0
2030-07-31 22:45:00,0.0
2030-07-31 23:00:00,0.0
2030-07-31 23:15:00,0.0
2030-07-31 23:30:00,0.0
2030-07-31 23:45:00,0.0
2030-08-01 00:00:00,0.0
2030-08-01 00:15:00,0.0
2030-08-01 00:30:00,0.0
2030-08-01 00:45:00,0.0
2030-08-01 01:00:00,0.0
2030-08-01 01:15:00,0.0
2030-08-01 01:30:00,0.0
2030-08-01 01:45:00,0.0
2030-08-01 02:00:00,0.0
2030-08-01 02:15:00,0.0
2030-08-01 02:30:00,0.0
2030-08-01 02:45:00,0.0
2030-08-01 03:00:00,0.0
2030-08-01 03:15:00,0.0
2030-08-01 03:30:00,0.0
2030-08-01 03:45:00,0.0
2030-08-01 04:00:00,0.0
2030-08-01 04:15:00,0.0
2030-08-01 04:30:00,0.0
2030-08-01 04:45:00,0.0
2030-08-01 05:00:00,0.0
2030-08-01 05:15:00,0.0
2030-08-01 05:30:00,0.0
2030-08-01 05:45:00,0.0
2030-08-01 06:00:00,0.0
2030-08-01 06:15:00,0.0
2030-08-01 06:30:00,0.0
2030-08-01 06:45:00,0.0
2030-08-01 07:00:00,0.0
2030-08-01 07:15:00,0.0
2030-08-01 07:30:00,0.0
2030-08-01 07:45:00,0.0
2030-08-01 08:00:00,0.0
2030-08-01 08:15:00,0.0
2030-08-01 08:30:00,0.0
2030-08-01 08:45:00,0.0
2030-08-01 09:00:00,0.0
2030-08-01 09:15:00,0.0
2030-08-01 09:30:00,0.0
2030-08-01 09:45:00,0.0
2030-08-01 10:00:00,0.0
2030-08-01 10:15:00,0.0
2030-08-01 10:30:00,0.0
2030-08-01 10:45:00,0.0
2030-08-01 11:00:00,0.0
2030-08-01 11:15:00,0.0
2030-08-01 11:30:00,0.0
2030-08-01 11:45:00,0.0
2030-08-01 12:00:00,0.0
2030-08-01 12:15:00,0.0
2030-08-01 12:30:00,0.0
2030-08-01 12:45:00,0.0
2030-08-01 13:00:00,0.0
2030-08-01 13:15:00,0.0
2030-08-01 13:30:00,0.0
2030-08-01 13:45:00,0.0
2030-08-01 14:00:00,0.0
2030-08-01 14:15:00,0.0
2030-08-01 14:30:00,0.0
2030-08-01 14:45:00,0.0
2030-08-01 15:00:00,0.0
2030-08-01 15:15:00,0.0
2030-08-01 15:30:00,0.0
2030-08-01 15:45:00,0.0
2030-08-01 16:00:00,0.0
2030-08-01 16:15:00,0.0
2030-08-01 16:30:00,0.0
2030-08-01 16:45:00,0.0
2030-08-01 17:00:00,0.0
2030-08-01 17:15:00,0.0
2030-08-01 17:30:00,0.0
2030-08-01 17:45:00,0.0
2030-08-01 18:00:00,0.0
2030-08-01 18:15:00,0.0
2030-08-01 18:30:00,0.0
2030-08-01 18:45:00,0.0
2030-08-01 19:00:00,0.0
2030-08-01 19:15:00,0.0
2030-08-01 19:30:00,0.0
2030-08-01 19:45:00,0.0
2030-08-01 20:00:00,0.0
2030-08-01 20:15:00,0.0
2030-08-01 20:30:00,0.0
2030-08-01 20:45:00,0.0
2030-08-01 21:00:00,0.0
2030-08-01 21:15:00,0.0
2030-08-01 21:30:00,0.0
2030-08-01 21:45:00,0.0
2030-08-01 22:00:00,0.0
2030-08-01 22:15:00,0.0
2030-08-01 22:30:00,0.0
2030-08-01 22:45:00,0.0
2030-08-01 23:00:00,0.0
2030-08-01 23:15:00,0.0
2030-08-01 23:30:00,0.0
2030-08-01 23:45:00,0.0
2030-08-02 00:00:00,0.0
2030-08-02 00:15:00,0.0
2030-08-02 00:30:00,0.0
2030-08-02 00:45:00,0.0
2030-08-02 01:00:00,0.0
2030-08-02 01:15:00,0.0
2030-08-02 01:30:00,0.0
2030-08-02 01:45:00,0.0
2030-08-02 02:00:00,0.0
2030-08-02 02:15:00,0.0
2030-08-02 02:30:00,0.0
2030-08-02 02:45:00,0.0
2030-08-02 03:00:00,0.0
2030-08-02 03:15:00,0.0
2030-08-02 03:30:00,0.0
2030-08-02 03:45:00,0.0
2030-08-02 04:00:00,0.0
2030-08-02 04:15:00,0.0
2030-08-02 04:30:00,0.0
2030-08-02 04:45:00,0.0
2030-08-02 05:00:00,0.0
2030-08-02 05:15:00,0.0
2030-08-02 05:30:00,0.0
2030-08-02 05:45:00,0.0
2030-08-02 06:00:00,0.0
2030-08-02 06:15:00,0.0
2030-08-02 06:30:00,0.0
2030-08-02 06:45:00,0.0
2030-08-02 07:00:00,0.0
2030-08-02 07:15:00,0.0
2030-08-02 07:30:00,0.0
2030-08-02 07:45:00,0.0
2030-08-02 08:00:00,0.0
2030-08-02 08:15:00,0.0
2030-08-02 08:30:00,0.0
2030-08-02 08:45:00,0.0
2030-08-02 09:00:00,0.0
2030-08-02 09:15:00,0.0
2030-08-02 09:30:00,0.0
2030-08-02 09:45:00,0.0
2030-08-02 10:00:00,0.0
2030-08-02 10:15:00,0.0
2030-08-02 10:30:00,0.0
2030-08-02 10:45:00,0.0
2030-08-02 11:00:00,0.0
2030-08-02 11:15:00,0.0
2030-08-02 11:30:00,0.0
2030-08-02 11:45:00,0.0
2030-08-02 12:00:00,0.0
2030-08-02 12:15:00,0.0
2030-08-02 12:30:00,0.0
2030-08-02 12:45:00,0.0
2030-08-02 13:00:00,0.0
2030-08-02 13:15:00,0.0
2030-08-02 13:30:00,0.0
2030-08-02 13:45:00,0.0
2030-08-02 14:00:00,0.0
2030-08-02 14:15:00,0.0
2030-08-02 14:30:00,0.0
2030-08-02 14:45:00,0.0
2030-08-02 15:00:00,0.0
2030-08-02 15:15:00,0.0
2030-08-02 15:30:00,0.0
2030-08-02 15:45:00,0.0
2030-08-02 16:00:00,0.0
2030-08-02 16:15:00,0.0
2030-08-02 16:30:00,0.0
2030-08-02 16:45:00,0.0
2030-08-02 17:00:00,0.0
2030-08-02 17:15:00,0.0
2030-08-02 17:30:00,0.0
2030-08-02 17:45:00,0.0
2030-08-02 18:00:00,0.0
2030-08-02 18:15:00,0.0
2030-08-02 18:30:00,0.0
2030-08-02 18:45:00,0.0
2030-08-02 19:00:00,0.0
2030-08-02 19:15:00,0.0
2030-08-02 19:30:00,0.0
2030-08-02 19:45:00,0.0
2030-08-02 20:00:00,0.0
2030-08-02 20:15:00,0.0
2030-08-02 20:30:00,0.0
2030-08-02 20:45:00,0.0
2030-08-02 21:00:00,0.0
2030-08-02 21:15:00,0.0
2030-08-02 21:30:00,0.0
2030-08-02 21:45:00,0.0
2030-08-02 22:00:00,0.0
2030-08-02 22:15:00,0.0
2030-08-02 22:30:00,0.0
2030-08-02 22:45:00,0.0
2030-08-02 23:00:00,0.0
2030-08-02 23:15:00,0.0
2030-08-02 23:30:00,0.0
2030-08-02 23:45:00,0.0
2030-08-03 00:00:00,0.0
2030-08-03 00:15:00,0.0
2030-08-03 00:30:00,0.0
2030-08-03 00:45:00,0.0
2030-08-03 01:00:00,0.0
2030-08-03 01:15:00,0.0
2030-08-03 01:30:00,0.0
2030-08-03 01:45:00,0.0
2030-08-03 02:00:00,0.0
2030-08-03 02:15:00,0.0
2030-08-03 02:30:00,0.0
2030-08-03 02:45:00,0.0
2030-08-03 03:00:00,0.0
2030-08-03 03:15:00,0.0
2030-08-03 03:30:00,0.0
2030-08-03 03:45:00,0.0
2030-08-03 04:00:00,0.0
2030-08-03 04:15:00,0.0
2030-08-03 04:30:00,0.0
2030-08-03 04:45:00,0.0
2030-08-03 05:00:00,0.0
2030-08-03 05:15:00,0.0
2030-08-03 05:30:00,0.0
2030-08-03 05:45:00,0.0
2030-08-03 06:00:00,0.0
2030-08-03 06:15:00,0.0
2030-08-03 06:30:00,0.0
2030-08-03 06:45:00,0.0
2030-08-03 07:00:00,0.0
2030-08-03 07:15:00,0.0
2030-08-03 07:30:00,0.0
2030-08-03 07:45:00,0.0
2030-08-03 08:00:00,0.0
2030-08-03 08:15:00,0.0
2030-08-03 08:30:00,0.0
2030-08-03 08:45:00,0.0
2030-08-03 09:00:00,0.0
2030-08-03 09:15:00,0.0
2030-08-03 09:30:00,0.0
2030-08-03 09:45:00,0.0
2030-08-03 10:00:00,0.0
2030-08-03 10:15:00,0.0
2030-08-03 10:30:00,0.0
2030-08-03 10:45:00,0.0
2030-08-03 11:00:00,0.0
2030-08-03 11:15:00,0.0
2030-08-03 11:30:00,0.0
2030-08-03 11:45:00,0.0
2030-08-03 12:00:00,0.0
2030-08-03 12:15:00,0.0
2030-08-03 12:30:00,0.0
2030-08-03 12:45:00,0.0
2030-08-03 13:00:00,0.0
2030-08-03 13:15:00,0.0
2030-08-03 13:30:00,0.0
2030-08-03 13:45:00,0.0
2030-08-03 14:00:00,0.0
2030-08-03 14:15:00,0.0
2030-08-03 14:30:00,0.0
2030-08-03 14:45:00,0.0
2030-08-03 15:00:00,0.0
2030-08-03 15:15:00,0.0
2030-08-03 15:30:00,0.0
2030-08-03 15:45:00,0.0
2030-08-03 16:00:00,0.0
2030-08-03 16:15:00,0.0
2030-08-03 16:30:00,0.0
2030-08-03 16:45:00,0.0
2030-08-03 17:00:00,0.0
2030-08-03 17:15:00,0.0
2030-08-03 17:30:00,0.0
2030-08-03 17:45:00,0.0
2030-08-03 18:00:00,0.0
2030-08-03 18:15:00,0.0
2030-08-03 18:30:00,0.0
2030-08-03 18:45:00,0.0
2030-08-03 19:00:00,0.0
2030-08-03 19:15:00,0.0
2030-08-03 19:30:00,0.0
2030-08-03 19:45:00,0.0
2030-08-03 20:00:00,0.0
2030-08-03 20:15:00,0.0
2030-08-03 20:30:00,0.0
2030-08-03 20:45:00,0.0
2030-08-03 21:00:00,0.0
2030-08-03 21:15:00,0.0
2030-08-03 21:30:00,0.0
2030-08-03 21:45:00,0.0
2030-08-03 22:00:00,0.0
2030-08-03 22:15:00,0.0
2030-08-03 22:30:00,0.0
2030-08-03 22:45:00,0.0
2030-08-03 23:00:00,0.0
2030-08-03 23:15:00,0.0
2030-08-03 23:30:00,0.0
2030-08-03 23:45:00,0.0
2030-08-04 00:00:00,0.0
2030-08-04 00:15:00,0.0
2030-08-04 00:30:00,0.0
2030-08-04 00:45:00,0.0
2030-08-04 01:00:00,0.0
2030-08-04 01:15:00,0.0
2030-08-04 01:30:00,0.0
2030-08-04 01:45:00,0.0
2030-08-04 02:00:00,0.0
2030-08-04 02:15:00,0.0
2030-08-04 02:30:00,0.0
2030-08-04 02:45:00,0.0
2030-08-04 03:00:00,0.0
2030-08-04 03:15:00,0.0
2030-08-04 03:30:00,0.0
2030-08-04 03:45:00,0.0
2030-08-04 04:00:00,0.0
2030-08-04 04:15:00,0.0
2030-08-04 04:30:00,0.0
2030-08-04 04:45:00,0.0
2030-08-04 05:00:00,0.0
2030-08-04 05:15:00,0.0
2030-08-04 05:30:00,0.0
2030-08-04 05:45:00,0.0
2030-08-04 06:00:00,0.0
2030-08-04 06:15:00,0.0
2030-08-04 06:30:00,0.0
2030-08-04 06:45:00,0.0
2030-08-04 07:00:00,0.0
2030-08-04 07:15:00,0.0
2030-08-04 07:30:00,0.0
2030-08-04 07:45:00,0.0
2030-08-04 08:00:00,0.0
2030-08-04 08:15:00,0.0
2030-08-04 08:30:00,0.0
2030-08-04 08:45:00,0.0
2030-08-04 09:00:00,0.0
2030-08-04 09:15:00,0.0
2030-08-04 09:30:00,0.0
2030-08-04 09:45:00,0.0
2030-08-04 10:00:00,0.0
2030-08-04 10:15:00,0.0
2030-08-04 10:30:00,0.0
2030-08-04 10:45:00,0.0
2030-08-04 11:00:00,0.0
2030-08-04 11:15:00,0.0
2030-08-04 11:30:00,0.0
2030-08-04 11:45:00,0.0
2030-08-04 12:00:00,0.0
2030-08-04 12:15:00,0.0
2030-08-04 12:30:00,0.0
2030-08-04 12:45:00,0.0
2030-08-04 13:00:00,0.0
2030-08-04 13:15:00,0.0
2030-08-04 13:30:00,0.0
2030-08-04 13:45:00,0.0
2030-08-04 14:00:00,0.0
2030-08-04 14:15:00,0.0
2030-08-04 14:30:00,0.0
2030-08-04 14:45:00,0.0
2030-08-04 15:00:00,0.0
2030-08-04 15:15:00,0.0
2030-08-04 15:30:00,0.0
2030-08-04 15:45:00,0.0
2030-08-04 16:00:00,0.0
2030-08-04 16:15:00,0.0
2030-08-04 16:30:00,0.0
2030-08-04 16:45:00,0.0
2030-08-04 17:00:00,0.0
2030-08-04 17:15:00,0.0
2030-08-04 17:30:00,0.0
2030-08-04 17:45:00,0.0
2030-08-04 18:00:00,0.0
2030-08-04 18:15:00,0.0
2030-08-04 18:30:00,0.0
2030-08-04 18:45:00,0.0
2030-08-04 19:00:00,0.0
2030-08-04 19:15:00,0.0
2030-08-04 19:30:00,0.0
2030-08-04 19:45:00,0.0
2030-08-04 20:00:00,0.0
2030-08-04 20:15:00,0.0
2030-08-04 20:30:00,0.0
2030-08-04 20:45:00,0.0
2030-08-04 21:00:00,0.0
2030-08-04 21:15:00,0.0
2030-08-04 21:30:00,0.0
2030-08-04 21:45:00,0.0
2030-08-04 22:00:00,0.0
2030-08-04 22:15:00,0.0
2030-08-04 22:30:00,0.0
2030-08-04 22:45:00,0.0
2030-08-04 23:00:00,0.0
2030-08-04 23:15:00,0.0
2030-08-04 23:30:00,0.0
2030-08-04 23:45:00,0.0
2030-08-05 00:00:00,0.0
2030-08-05 00:15:00,0.0
2030-08-05 00:30:00,0.0
2030-08-05 00:45:00,0.0
2030-08-05 01:00:00,0.0
2030-08-05 01:15:00,0.0
2030-08-05 01:30:00,0.0
2030-08-05 01:45:00,0.0
2030-08-05 02:00:00,0.0
2030-08-05 02:15:00,0.0
2030-08-05 02:30:00,0.0
2030-08-05 02:45:00,0.0
2030-08-05 03:00:00,0.0
2030-08-05 03:15:00,0.0
2030-08-05 03:30:00,0.0
2030-08-05 03:45:00,0.0
2030-08-05 04:00:00,0.0
2030-08-05 04:15:00,0.0
2030-08-05 04:30:00,0.0
2030-08-05 04:45:00,0.0
2030-08-05 05:00:00,0.0
2030-08-05 05:15:00,0.0
2030-08-05 05:30:00,0.0
2030-08-05 05:45:00,0.0
2030-08-05 06:00:00,0.0
2030-08-05 06:15:00,0.0
2030-08-05 06:30:00,0.0
2030-08-05 06:45:00,0.0
2030-08-05 07:00:00,0.0
2030-08-05 07:15:00,0.0
2030-08-05 07:30:00,0.0
2030-08-05 07:45:00,0.0
2030-08-05 08:00:00,0.0
2030-08-05 08:15:00,0.0
2030-08-05 08:30:00,0.0
2030-08-05 08:45:00,0.0
2030-08-05 09:00:00,0.0
2030-08-05 09:15:00,0.0
2030-08-05 09:30:00,0.0
2030-08-05 09:45:00,0.0
2030-08-05 10:00:00,0.0
2030-08-05 10:15:00,0.0
2030-08-05 10:30:00,0.0
2030-08-05 10:45:00,0.0
2030-08-05 11:00:00,0.0
2030-08-05 11:15:00,0.0
2030-08-05 11:30:00,0.0
2030-08-05 11:45:00,0.0
2030-08-05 12:00:00,0.0
2030-08-05 12:15:00,0.0
2030-08-05 12:30:00,0.0
2030-08-05 12:45:00,0.0
2030-08-05 13:00:00,0.0
2030-08-05 13:15:00,0.0
2030-08-05 13:30:00,0.0
2030-08-05 13:45:00,0.0
2030-08-05 14:00:00,0.0
2030-08-05 14:15:00,0.0
2030-08-05 14:30:00,0.0
2030-08-05 14:45:00,0.0
2030-08-05 15:00:00,0.0
2030-08-05 15:15:00,0.0
2030-08-05 15:30:00,0.0
2030-08-05 15:45:00,0.0
2030-08-05 16:00:00,0.0
2030-08-05 16:15:00,0.0
2030-08-05 16:30:00,0.0
2030-08-05 16:45:00,0.0
2030-08-05 17:00:00,0.0
2030-08-05 17:15:00,0.0
2030-08-05 17:30:00,0.0
2030-08-05 17:45:00,0.0
2030-08-05 18:00:00,0.0
2030-08-05 18:15:00,0.0
2030-08-05 18:30:00,0.0
2030-08-05 18:45:00,0.0
2030-08-05 19:00:00,0.0
2030-08-05 19:15:00,0.0
2030-08-05 19:30:00,0.0
2030-08-05 19:45:00,0.0
2030-08-05 20:00:00,0.0
2030-08-05 20:15:00,0.0
2030-08-05 20:30:00,0.0
2030-08-05 20:45:00,0.0
2030-08-05 21:00:00,0.0
2030-08-05 21:15:00,0.0
2030-08-05 21:30:00,0.0
2030-08-05 21:45:00,0.0
2030-08-05 22:00:00,0.0
2030-08-05 22:15:00,0.0
2030-08-05 22:30:00,0.0
2030-08-05 22:45:00,0.0
2030-08-05 23:00:00,0.0
2030-08-05 23:15:00,0.0
2030-08-05 23:30:00,0.0
2030-08-05 23:45:00,0.0
2030-08-06 00:00:00,0.0
2030-08-06 00:15:00,0.0
2030-08-06 00:30:00,0.0
2030-08-06 00:45:00,0.0
2030-08-06 01:00:00,0.0
2030-08-06 01:15:00,0.0
2030-08-06 01:30:00,0.0
2030-08-06 01:45:00,0.0
2030-08-06 02:00:00,0.0
2030-08-06 02:15:00,0.0
2030-08-06 02:30:00,0.0
2030-08-06 02:45:00,0.0
2030-08-06 03:00:00,0.0
2030-08-06 03:15:00,0.0
2030-08-06 03:30:00,0.0
2030-08-06 03:45:00,0.0
2030-08-06 04:00:00,0.0
2030-08-06 04:15:00,0.0
2030-08-06 04:30:00,0.0
2030-08-06 04:45:00,0.0
2030-08-06 05:00:00,0.0
2030-08-06 05:15:00,0.0
2030-08-06 05:30:00,0.0
2030-08-06 05:45:00,0.0
2030-08-06 06:00:00,0.0
2030-08-06 06:15:00,0.0
2030-08-06 06:30:00,0.0
2030-08-06 06:45:00,0.0
2030-08-06 07:00:00,0.0
2030-08-06 07:15:00,0.0
2030-08-06 07:30:00,0.0
2030-08-06 07:45:00,0.0
2030-08-06 08:00:00,0.0
2030-08-06 08:15:00,0.0
2030-08-06 08:30:00,0.0
2030-08-06 08:45:00,0.0
2030-08-06 09:00:00,0.0
2030-08-06 09:15:00,0.0
2030-08-06 09:30:00,0.0
2030-08-06 09:45:00,0.0
2030-08-06 10:00:00,0.0
2030-08-06 10:15:00,0.0
2030-08-06 10:30:00,0.0
2030-08-06 10:45:00,0.0
2030-08-06 11:00:00,0.0
2030-08-06 11:15:00,0.0
2030-08-06 11:30:00,0.0
2030-08-06 11:45:00,0.0
2030-08-06 12:00:00,0.0
2030-08-06 12:15:00,0.0
2030-08-06 12:30:00,0.0
2030-08-06 12:45:00,0.0
2030-08-06 13:00:00,0.0
2030-08-06 13:15:00,0.0
2030-08-06 13:30:00,0.0
2030-08-06 13:45:00,0.0
2030-08-06 14:00:00,0.0
2030-08-06 14:15:00,0.0
2030-08-06 14:30:00,0.0
2030-08-06 14:45:00,0.0
2030-08-06 15:00:00,0.0
2030-08-06 15:15:00,0.0
2030-08-06 15:30:00,0.0
2030-08-06 15:45:00,0.0
2030-08-06 16:00:00,0.0
2030-08-06 16:15:00,0.0
2030-08-06 16:30:00,0.0
2030-08-06 16:45:00,0.0
2030-08-06 17:00:00,0.0
2030-08-06 17:15:00,0.0
2030-08-06 17:30:00,0.0
2030-08-06 17:45:00,0.0
2030-08-06 18:00:00,0.0
2030-08-06 18:15:00,0.0
2030-08-06 18:30:00,0.0
2030-08-06 18:45:00,0.0
2030-08-06 19:00:00,0.0
2030-08-06 19:15:00,0.0
2030-08-06 19:30:00,0.0
2030-08-06 19:45:00,0.0
2030-08-06 20:00:00,0.0
2030-08-06 20:15:00,0.0
2030-08-06 20:30:00,0.0
2030-08-06 20:45:00,0.0
2030-08-06 21:00:00,0.0
2030-08-06 21:15:00,0.0
2030-08-06 21:30:00,0.0
2030-08-06 21:45:00,0.0
2030-08-06 22:00:00,0.0
2030-08-06 22:15:00,0.0
2030-08-06 22:30:00,0.0
2030-08-06 22:45:00,0.0
2030-08-06 23:00:00,0.0
2030-08-06 23:15:00,0.0
2030-08-06 23:30:00,0.0
2030-08-06 23:45:00,0.0
2030-08-07 00:00:00,0.0
2030-08-07 00:15:00,0.0
2030-08-07 00:30:00,0.0
2030-08-07 00:45:00,0.0
2030-08-07 01:00:00,0.0
2030-08-07 01:15:00,0.0
2030-08-07 01:30:00,0.0
2030-08-07 01:45:00,0.0
2030-08-07 02:00:00,0.0
2030-08-07 02:15:00,0.0
2030-08-07 02:30:00,0.0
2030-08-07 02:45:00,0.0
2030-08-07 03:00:00,0.0
2030-08-07 03:15:00,0.0
2030-08-07 03:30:00,0.0
2030-08-07 03:45:00,0.0
2030-08-07 04:00:00,0.0
2030-08-07 04:15:00,0.0
2030-08-07 04:30:00,0.0
2030-08-07 04:45:00,0.0
2030-08-07 05:00:00,0.0
2030-08-07 05:15:00,0.0
2030-08-07 05:30:00,0.0
2030-08-07 05:45:00,0.0
2030-08-07 06:00:00,0.0
2030-08-07 06:15:00,0.0
2030-08-07 06:30:00,0.0
2030-08-07 06:45:00,0.0
2030-08-07 07:00:00,0.0
2030-08-07 07:15:00,0.0
2030-08-07 07:30:00,0.0
2030-08-07 07:45:00,0.0
2030-08-07 08:00:00,0.0
2030-08-07 08:15:00,0.0
2030-08-07 08:30:00,0.0
2030-08-07 08:45:00,0.0
2030-08-07 09:00:00,0.0
2030-08-07 09:15:00,0.0
2030-08-07 09:30:00,0.0
2030-08-07 09:45:00,0.0
2030-08-07 10:00:00,0.0
2030-08-07 10:15:00,0.0
2030-08-07 10:30:00,0.0
2030-08-07 10:45:00,0.0
2030-08-07 11:00:00,0.0
2030-08-07 11:15:00,0.0
2030-08-07 11:30:00,0.0
2030-08-07 11:45:00,0.0
2030-08-07 12:00:00,0.0
2030-08-07 12:15:00,0.0
2030-08-07 12:30:00,0.0
2030-08-07 12:45:00,0.0
2030-08-07 13:00:00,0.0
2030-08-07 13:15:00,0.0
2030-08-07 13:30:00,0.0
2030-08-07 13:45:00,0.0
2030-08-07 14:00:00,0.0
2030-08-07 14:15:00,0.0
2030-08-07 14:30:00,0.0
2030-08-07 14:45:00,0.0
2030-08-07 15:00:00,0.0
2030-08-07 15:15:00,0.0
2030-08-07 15:30:00,0.0
2030-08-07 15:45:00,0.0
2030-08-07 16:00:00,0.0
2030-08-07 16:15:00,0.0
2030-08-07 16:30:00,0.0
2030-08-07 16:45:00,0.0
2030-08-07 17:00:00,0.0
2030-08-07 17:15:00,0.0
2030-08-07 17:30:00,0.0
2030-08-07 17:45:00,0.0
2030-08-07 18:00:00,0.0
2030-08-07 18:15:00,0.0
2030-08-07 18:30:00,0.0
2030-08-07 18:45:00,0.0
2030-08-07 19:00:00,0.0
2030-08-07 19:15:00,0.0
2030-08-07 19:30:00,0.0
2030-08-07 19:45:00,0.0
2030-08-07 20:00:00,0.0
2030-08-07 20:15:00,0.0
2030-08-07 20:30:00,0.0
2030-08-07 20:45:00,0.0
2030-08-07 21:00:00,0.0
2030-08-07 21:15:00,0.0
2030-08-07 21:30:00,0.0
2030-08-07 21:45:00,0.0
2030-08-07 22:00:00,0.0
2030-08-07 22:15:00,0.0
2030-08-07 22:30:00,0.0
2030-08-07 22:45:00,0.0
2030-08-07 23:00:00,0.0
2030-08-07 23:15:00,0.0
2030-08-07 23:30:00,0.0
2030-08-07 23:45:00,0.0
2030-08-08 00:00:00,0.0
2030-08-08 00:15:00,0.0
2030-08-08 00:30:00,0.0
2030-08-08 00:45:00,0.0
2030-08-08 01:00:00,0.0
2030-08-08 01:15:00,0.0
2030-08-08 01:30:00,0.0
2030-08-08 01:45:00,0.0
2030-08-08 02:00:00,0.0
2030-08-08 02:15:00,0.0
2030-08-08 02:30:00,0.0
2030-08-08 02:45:00,0.0
2030-08-08 03:00:00,0.0
2030-08-08 03:15:00,0.0
2030-08-08 03:30:00,0.0
2030-08-08 03:45:00,0.0
2030-08-08 04:00:00,0.0
2030-08-08 04:15:00,0.0
2030-08-08 04:30:00,0.0
2030-08-08 04:45:00,0.0
2030-08-08 05:00:00,0.0
2030-08-08 05:15:00,0.0
2030-08-08 05:30:00,0.0
2030-08-08 05:45:00,0.0
2030-08-08 06:00:00,0.0
2030-08-08 06:15:00,0.0
2030-08-08 06:30:00,0.0
2030-08-08 06:45:00,0.0
2030-08-08 07:00:00,0.0
2030-08-08 07:15:00,0.0
2030-08-08 07:30:00,0.0
2030-08-08 07:45:00,0.0
2030-08-08 08:00:00,0.0
2030-08-08 08:15:00,0.0
2030-08-08 08:30:00,0.0
2030-08-08 08:45:00,0.0
2030-08-08 09:00:00,0.0
2030-08-08 09:15:00,0.0
2030-08-08 09:30:00,0.0
2030-08-08 09:45:00,0.0
2030-08-08 10:00:00,0.0
2030-08-08 10:15:00,0.0
2030-08-08 10:30:00,0.0
2030-08-08 10:45:00,0.0
2030-08-08 11:00:00,0.0
2030-08-08 11:15:00,0.0
2030-08-08 11:30:00,0.0
2030-08-08 11:45:00,0.0
2030-08-08 12:00:00,0.0
2030-08-08 12:15:00,0.0
2030-08-08 12:30:00,0.0
2030-08-08 12:45:00,0.0
2030-08-08 13:00:00,0.0
2030-08-08 13:15:00,0.0
2030-08-08 13:30:00,0.0
2030-08-08 13:45:00,0.0
2030-08-08 14:00:00,0.0
2030-08-08 14:15:00,0.0
2030-08-08 14:30:00,0.0
2030-08-08 14:45:00,0.0
2030-08-08 15:00:00,0.0
2030-08-08 15:15:00,0.0
2030-08-08 15:30:00,0.0
2030-08-08 15:45:00,0.0
2030-08-08 16:00:00,0.0
2030-08-08 16:15:00,0.0
2030-08-08 16:30:00,0.0
2030-08-08 16:45:00,0.0
2030-08-08 17:00:00,0.0
2030-08-08 17:15:00,0.0
2030-08-08 17:30:00,0.0
2030-08-08 17:45:00,0.0
2030-08-08 18:00:00,0.0
2030-08-08 18:15:00,0.0
2030-08-08 18:30:00,0.0
2030-08-08 18:45:00,0.0
2030-08-08 19:00:00,0.0
2030-08-08 19:15:00,0.0
2030-08-08 19:30:00,0.0
2030-08-08 19:45:00,0.0
2030-08-08 20:00:00,0.0
2030-08-08 20:15:00,0.0
2030-08-08 20:30:00,0.0
2030-08-08 20:45:00,0.0
2030-08-08 21:00:00,0.0
2030-08-08 21:15:00,0.0
2030-08-08 21:30:00,0.0
2030-08-08 21:45:00,0.0
2030-08-08 22:00:00,0.0
2030-08-08 22:15:00,0.0
2030-08-08 22:30:00,0.0
2030-08-08 22:45:00,0.0
2030-08-08 23:00:00,0.0
2030-08-08 23:15:00,0.0
2030-08-08 23:30:00,0.0
2030-08-08 23:45:00,0.0
2030-08-09 00:00:00,0.0
2030-08-09 00:15:00,0.0
2030-08-09 00:30:00,0.0
2030-08-09 00:45:00,0.0
2030-08-09 01:00:00,0.0
2030-08-09 01:15:00,0.0
2030-08-09 01:30:00,0.0
2030-08-09 01:45:00,0.0
2030-08-09 02:00:00,0.0
2030-08-09 02:15:00,0.0
2030-08-09 02:30:00,0.0
2030-08-09 02:45:00,0.0
2030-08-09 03:00:00,0.0
2030-08-09 03:15:00,0.0
2030-08-09 03:30:00,0.0
2030-08-09 03:45:00,0.0
2030-08-09 04:00:00,0.0
2030-08-09 04:15:00,0.0
2030-08-09 04:30:00,0.0
2030-08-09 04:45:00,0.0
2030-08-09 05:00:00,0.0
2030-08-09 05:15:00,0.0
2030-08-09 05:30:00,0.0
2030-08-09 05:45:00,0.0
2030-08-09 06:00:00,0.0
2030-08-09 06:15:00,0.0
2030-08-09 06:30:00,0.0
2030-08-09 06:45:00,0.0
2030-08-09 07:00:00,0.0
2030-08-09 07:15:00,0.0
2030-08-09 07:30:00,0.0
2030-08-09 07:45:00,0.0
2030-08-09 08:00:00,0.0
2030-08-09 08:15:00,0.0
2030-08-09 08:30:00,0.0
2030-08-09 08:45:00,0.0
2030-08-09 09:00:00,0.0
2030-08-09 09:15:00,0.0
2030-08-09 09:30:00,0.0
2030-08-09 09:45:00,0.0
2030-08-09 10:00:00,0.0
2030-08-09 10:15:00,0.0
2030-08-09 10:30:00,0.0
2030-08-09 10:45:00,0.0
2030-08-09 11:00:00,0.0
2030-08-09 11:15:00,0.0
2030-08-09 11:30:00,0.0
2030-08-09 11:45:00,0.0
2030-08-09 12:00:00,0.0
2030-08-09 12:15:00,0.0
2030-08-09 12:30:00,0.0
2030-08-09 12:45:00,0.0
2030-08-09 13:00:00,0.0
2030-08-09 13:15:00,0.0
2030-08-09 13:30:00,0.0
2030-08-09 13:45:00,0.0
2030-08-09 14:00:00,0.0
2030-08-09 14:15:00,0.0
2030-08-09 14:30:00,0.0
2030-08-09 14:45:00,0.0
2030-08-09 15:00:00,0.0
2030-08-09 15:15:00,0.0
2030-08-09 15:30:00,0.0
2030-08-09 15:45:00,0.0
2030-08-09 16:00:00,0.0
2030-08-09 16:15:00,0.0
2030-08-09 16:30:00,0.0
2030-08-09 16:45:00,0.0
2030-08-09 17:00:00,0.0
2030-08-09 17:15:00,0.0
2030-08-09 17:30:00,0.0
2030-08-09 17:45:00,0.0
2030-08-09 18:00:00,0.0
2030-08-09 18:15:00,0.0
2030-08-09 18:30:00,0.0
2030-08-09 18:45:00,0.0
2030-08-09 19:00:00,0.0
2030-08-09 19:15:00,0.0
2030-08-09 19:30:00,0.0
2030-08-09 19:45:00,0.0
2030-08-09 20:00:00,0.0
2030-08-09 20:15:00,0.0
2030-08-09 20:30:00,0.0
2030-08-09 20:45:00,0.0
2030-08-09 21:00:00,0.0
2030-08-09 21:15:00,0.0
2030-08-09 21:30:00,0.0
2030-08-09 21:45:00,0.0
2030-08-09 22:00:00,0.0
2030-08-09 22:15:00,0.0
2030-08-09 22:30:00,0.0
2030-08-09 22:45:00,0.0
2030-08-09 23:00:00,0.0
2030-08-09 23:15:00,0.0
2030-08-09 23:30:00,0.0
2030-08-09 23:45:00,0.0
2030-08-10 00:00:00,0.0
2030-08-10 00:15:00,0.0
2030-08-10 00:30:00,0.0
2030-08-10 00:45:00,0.0
2030-08-10 01:00:00,0.0
2030-08-10 01:15:00,0.0
2030-08-10 01:30:00,0.0
2030-08-10 01:45:00,0.0
2030-08-10 02:00:00,0.0
2030-08-10 02:15:00,0.0
2030-08-10 02:30:00,0.0
2030-08-10 02:45:00,0.0
2030-08-10 03:00:00,0.0
2030-08-10 03:15:00,0.0
2030-08-10 03:30:00,0.0
2030-08-10 03:45:00,0.0
2030-08-10 04:00:00,0.0
2030-08-10 04:15:00,0.0
2030-08-10 04:30:00,0.0
2030-08-10 04:45:00,0.0
2030-08-10 05:00:00,0.0
2030-08-10 05:15:00,0.0
2030-08-10 05:30:00,0.0
2030-08-10 05:45:00,0.0
2030-08-10 06:00:00,0.0
2030-08-10 06:15:00,0.0
2030-08-10 06:30:00,0.0
2030-08-10 06:45:00,0.0
2030-08-10 07:00:00,0.0
2030-08-10 07:15:00,0.0
2030-08-10 07:30:00,0.0
2030-08-10 07:45:00,0.0
2030-08-10 08:00:00,0.0
2030-08-10 08:15:00,0.0
2030-08-10 08:30:00,0.0
2030-08-10 08:45:00,0.0
2030-08-10 09:00:00,0.0
2030-08-10 09:15:00,0.0
2030-08-10 09:30:00,0.0
2030-08-10 09:45:00,0.0
2030-08-10 10:00:00,0.0
2030-08-10 10:15:00,0.0
2030-08-10 10:30:00,0.0
2030-08-10 10:45:00,0.0
2030-08-10 11:00:00,0.0
2030-08-10 11:15:00,0.0
2030-08-10 11:30:00,0.0
2030-08-10 11:45:00,0.0
2030-08-10 12:00:00,0.0
2030-08-10 12:15:00,0.0
2030-08-10 12:30:00,0.0
2030-08-10 12:45:00,0.0
2030-08-10 13:00:00,0.0
2030-08-10 13:15:00,0.0
2030-08-10 13:30:00,0.0
2030-08-10 13:45:00,0.0
2030-08-10 14:00:00,0.0
2030-08-10 14:15:00,0.0
2030-08-10 14:30:00,0.0
2030-08-10 14:45:00,0.0
2030-08-10 15:00:00,0.0
2030-08-10 15:15:00,0.0
2030-08-10 15:30:00,0.0
2030-08-10 15:45:00,0.0
2030-08-10 16:00:00,0.0
2030-08-10 16:15:00,0.0
2030-08-10 16:30:00,0.0
2030-08-10 16:45:00,0.0
2030-08-10 17:00:00,0.0
2030-08-10 17:15:00,0.0
2030-08-10 17:30:00,0.0
2030-08-10 17:45:00,0.0
2030-08-10 18:00:00,0.0
2030-08-10 18:15:00,0.0
2030-08-10 18:30:00,0.0
2030-08-10 18:45:00,0.0
2030-08-10 19:00:00,0.0
2030-08-10 19:15:00,0.0
2030-08-10 19:30:00,0.0
2030-08-10 19:45:00,0.0
2030-08-10 20:00:00,0.0
2030-08-10 20:15:00,0.0
2030-08-10 20:30:00,0.0
2030-08-10 20:45:00,0.0
2030-08-10 21:00:00,0.0
2030-08-10 21:15:00,0.0
2030-08-10 21:30:00,0.0
2030-08-10 21:45:00,0.0
2030-08-10 22:00:00,0.0
2030-08-10 22:15:00,0.0
2030-08-10 22:30:00,0.0
2030-08-10 22:45:00,0.0
2030-08-10 23:00:00,0.0
2030-08-10 23:15:00,0.0
2030-08-10 23:30:00,0.0
2030-08-10 23:45:00,0.0
2030-08-11 00:00:00,0.0
2030-08-11 00:15:00,0.0
2030-08-11 00:30:00,0.0
2030-08-11 00:45:00,0.0
2030-08-11 01:00:00,0.0
2030-08-11 01:15:00,0.0
2030-08-11 01:30:00,0.0
2030-08-11 01:45:00,0.0
2030-08-11 02:00:00,0.0
2030-08-11 02:15:00,0.0
2030-08-11 02:30:00,0.0
2030-08-11 02:45:00,0.0
2030-08-11 03:00:00,0.0
2030-08-11 03:15:00,0.0
2030-08-11 03:30:00,0.0
2030-08-11 03:45:00,0.0
2030-08-11 04:00:00,0.0
2030-08-11 04:15:00,0.0
2030-08-11 04:30:00,0.0
2030-08-11 04:45:00,0.0
2030-08-11 05:00:00,0.0
2030-08-11 05:15:00,0.0
2030-08-11 05:30:00,0.0
2030-08-11 05:45:00,0.0
2030-08-11 06:00:00,0.0
2030-08-11 06:15:00,0.0
2030-08-11 06:30:00,0.0
2030-08-11 06:45:00,0.0
2030-08-11 07:00:00,0.0
2030-08-11 07:15:00,0.0
2030-08-11 07:30:00,0.0
2030-08-11 07:45:00,0.0
2030-08-11 08:00:00,0.0
2030-08-11 08:15:00,0.0
2030-08-11 08:30:00,0.0
2030-08-11 08:45:00,0.0
2030-08-11 09:00:00,0.0
2030-08-11 09:15:00,0.0
2030-08-11 09:30:00,0.0
2030-08-11 09:45:00,0.0
2030-08-11 10:00:00,0.0
2030-08-11 10:15:00,0.0
2030-08-11 10:30:00,0.0
2030-08-11 10:45:00,0.0
2030-08-11 11:00:00,0.0
2030-08-11 11:15:00,0.0
2030-08-11 11:30:00,0.0
2030-08-11 11:45:00,0.0
2030-08-11 12:00:00,0.0
2030-08-11 12:15:00,0.0
2030-08-11 12:30:00,0.0
2030-08-11 12:45:00,0.0
2030-08-11 13:00:00,0.0
2030-08-11 13:15:00,0.0
2030-08-11 13:30:00,0.0
2030-08-11 13:45:00,0.0
2030-08-11 14:00:00,0.0
2030-08-11 14:15:00,0.0
2030-08-11 14:30:00,0.0
2030-08-11 14:45:00,0.0
2030-08-11 15:00:00,0.0
2030-08-11 15:15:00,0.0
2030-08-11 15:30:00,0.0
2030-08-11 15:45:00,0.0
2030-08-11 16:00:00,0.0
2030-08-11 16:15:00,0.0
2030-08-11 16:30:00,0.0
2030-08-11 16:45:00,0.0
2030-08-11 17:00:00,0.0
2030-08-11 17:15:00,0.0
2030-08-11 17:30:00,0.0
2030-08-11 17:45:00,0.0
2030-08-11 18:00:00,0.0
2030-08-11 18:15:00,0.0
2030-08-11 18:30:00,0.0
2030-08-11 18:45:00,0.0
2030-08-11 19:00:00,0.0
2030-08-11 19:15:00,0.0
2030-08-11 19:30:00,0.0
2030-08-11 19:45:00,0.0
2030-08-11 20:00:00,0.0
2030-08-11 20:15:00,0.0
2030-08-11 20:30:00,0.0
2030-08-11 20:45:00,0.0
2030-08-11 21:00:00,0.0
2030-08-11 21:15:00,0.0
2030-08-11 21:30:00,0.0
2030-08-11 21:45:00,0.0
2030-08-11 22:00:00,0.0
2030-08-11 22:15:00,0.0
2030-08-11 22:30:00,0.0
2030-08-11 22:45:00,0.0
2030-08-11 23:00:00,0.0
2030-08-11 23:15:00,0.0
2030-08-11 23:30:00,0.0
2030-08-11 23:45:00,0.0
2030-08-12 00:00:00,0.0
2030-08-12 00:15:00,0.0
2030-08-12 00:30:00,0.0
2030-08-12 00:45:00,0.0
2030-08-12 01:00:00,0.0
2030-08-12 01:15:00,0.0
2030-08-12 01:30:00,0.0
2030-08-12 01:45:00,0.0
2030-08-12 02:00:00,0.0
2030-08-12 02:15:00,0.0
2030-08-12 02:30:00,0.0
2030-08-12 02:45:00,0.0
2030-08-12 03:00:00,0.0
2030-08-12 03:15:00,0.0
2030-08-12 03:30:00,0.0
2030-08-12 03:45:00,0.0
2030-08-12 04:00:00,0.0
2030-08-12 04:15:00,0.0
2030-08-12 04:30:00,0.0
2030-08-12 04:45:00,0.0
2030-08-12 05:00:00,0.0
2030-08-12 05:15:00,0.0
2030-08-12 05:30:00,0.0
2030-08-12 05:45:00,0.0
2030-08-12 06:00:00,0.0
2030-08-12 06:15:00,0.0
2030-08-12 06:30:00,0.0
2030-08-12 06:45:00,0.0
2030-08-12 07:00:00,0.0
2030-08-12 07:15:00,0.0
2030-08-12 07:30:00,0.0
2030-08-12 07:45:00,0.0
2030-08-12 08:00:00,0.0
2030-08-12 08:15:00,0.0
2030-08-12 08:30:00,0.0
2030-08-12 08:45:00,0.0
2030-08-12 09:00:00,0.0
2030-08-12 09:15:00,0.0
2030-08-12 09:30:00,0.0
2030-08-12 09:45:00,0.0
2030-08-12 10:00:00,0.0
2030-08-12 10:15:00,0.0
2030-08-12 10:30:00,0.0
2030-08-12 10:45:00,0.0
2030-08-12 11:00:00,0.0
2030-08-12 11:15:00,0.0
2030-08-12 11:30:00,0.0
2030-08-12 11:45:00,0.0
2030-08-12 12:00:00,0.0
2030-08-12 12:15:00,0.0
2030-08-12 12:30:00,0.0
2030-08-12 12:45:00,0.0
2030-08-12 13:00:00,0.0
2030-08-12 13:15:00,0.0
2030-08-12 13:30:00,0.0
2030-08-12 13:45:00,0.0
2030-08-12 14:00:00,0.0
2030-08-12 14:15:00,0.0
2030-08-12 14:30:00,0.0
2030-08-12 14:45:00,0.0
2030-08-12 15:00:00,0.0
2030-08-12 15:15:00,0.0
2030-08-12 15:30:00,0.0
2030-08-12 15:45:00,0.0
2030-08-12 16:00:00,0.0
2030-08-12 16:15:00,0.0
2030-08-12 16:30:00,0.0
2030-08-12 16:45:00,0.0
2030-08-12 17:00:00,0.0
2030-08-12 17:15:00,0.0
2030-08-12 17:30:00,0.0
2030-08-12 17:45:00,0.0
2030-08-12 18:00:00,0.0
2030-08-12 18:15:00,0.0
2030-08-12 18:30:00,0.0
2030-08-12 18:45:00,0.0
2030-08-12 19:00:00,0.0
2030-08-12 19:15:00,0.0
2030-08-12 19:30:00,0.0
2030-08-12 19:45:00,0.0
2030-08-12 20:00:00,0.0
2030-08-12 20:15:00,0.0
2030-08-12 20:30:00,0.0
2030-08-12 20:45:00,0.0
2030-08-12 21:00:00,0.0
2030-08-12 21:15:00,0.0
2030-08-12 21:30:00,0.0
2030-08-12 21:45:00,0.0
2030-08-12 22:00:00,0.0
2030-08-12 22:15:00,0.0
2030-08-12 22:30:00,0.0
2030-08-12 22:45:00,0.0
2030-08-12 23:00:00,0.0
2030-08-12 23:15:00,0.0
2030-08-12 23:30:00,0.0
2030-08-12 23:45:00,0.0
2030-08-13 00:00:00,0.0
2030-08-13 00:15:00,0.0
2030-08-13 00:30:00,0.0
2030-08-13 00:45:00,0.0
2030-08-13 01:00:00,0.0
2030-08-13 01:15:00,0.0
2030-08-13 01:30:00,0.0
2030-08-13 01:45:00,0.0
2030-08-13 02:00:00,0.0
2030-08-13 02:15:00,0.0
2030-08-13 02:30:00,0.0
2030-08-13 02:45:00,0.0
2030-08-13 03:00:00,0.0
2030-08-13 03:15:00,0.0
2030-08-13 03:30:00,0.0
2030-08-13 03:45:00,0.0
2030-08-13 04:00:00,0.0
2030-08-13 04:15:00,0.0
2030-08-13 04:30:00,0.0
2030-08-13 04:45:00,0.0
2030-08-13 05:00:00,0.0
2030-08-13 05:15:00,0.0
2030-08-13 05:30:00,0.0
2030-08-13 05:45:00,0.0
2030-08-13 06:00:00,0.0
2030-08-13 06:15:00,0.0
2030-08-13 06:30:00,0.0
2030-08-13 06:45:00,0.0
2030-08-13 07:00:00,0.0
2030-08-13 07:15:00,0.0
2030-08-13 07:30:00,0.0
2030-08-13 07:45:00,0.0
2030-08-13 08:00:00,0.0
2030-08-13 08:15:00,0.0
2030-08-13 08:30:00,0.0
2030-08-13 08:45:00,0.0
2030-08-13 09:00:00,0.0
2030-08-13 09:15:00,0.0
2030-08-13 09:30:00,0.0
2030-08-13 09:45:00,0.0
2030-08-13 10:00:00,0.0
2030-08-13 10:15:00,0.0
2030-08-13 10:30:00,0.0
2030-08-13 10:45:00,0.0
2030-08-13 11:00:00,0.0
2030-08-13 11:15:00,0.0
2030-08-13 11:30:00,0.0
2030-08-13 11:45:00,0.0
2030-08-13 12:00:00,0.0
2030-08-13 12:15:00,0.0
2030-08-13 12:30:00,0.0
2030-08-13 12:45:00,0.0
2030-08-13 13:00:00,0.0
2030-08-13 13:15:00,0.0
2030-08-13 13:30:00,0.0
2030-08-13 13:45:00,0.0
2030-08-13 14:00:00,0.0
2030-08-13 14:15:00,0.0
2030-08-13 14:30:00,0.0
2030-08-13 14:45:00,0.0
2030-08-13 15:00:00,0.0
2030-08-13 15:15:00,0.0
2030-08-13 15:30:00,0.0
2030-08-13 15:45:00,0.0
2030-08-13 16:00:00,0.0
2030-08-13 16:15:00,0.0
2030-08-13 16:30:00,0.0
2030-08-13 16:45:00,0.0
2030-08-13 17:00:00,0.0
2030-08-13 17:15:00,0.0
2030-08-13 17:30:00,0.0
2030-08-13 17:45:00,0.0
2030-08-13 18:00:00,0.0
2030-08-13 18:15:00,0.0
2030-08-13 18:30:00,0.0
2030-08-13 18:45:00,0.0
2030-08-13 19:00:00,0.0
2030-08-13 19:15:00,0.0
2030-08-13 19:30:00,0.0
2030-08-13 19:45:00,0.0
2030-08-13 20:00:00,0.0
2030-08-13 20:15:00,0.0
2030-08-13 20:30:00,0.0
2030-08-13 20:45:00,0.0
2030-08-13 21:00:00,0.0
2030-08-13 21:15:00,0.0
2030-08-13 21:30:00,0.0
2030-08-13 21:45:00,0.0
2030-08-13 22:00:00,0.0
2030-08-13 22:15:00,0.0
2030-08-13 22:30:00,0.0
2030-08-13 22:45:00,0.0
2030-08-13 23:00:00,0.0
2030-08-13 23:15:00,0.0
2030-08-13 23:30:00,0.0
2030-08-13 23:45:00,0.0
2030-08-14 00:00:00,0.0
2030-08-14 00:15:00,0.0
2030-08-14 00:30:00,0.0
2030-08-14 00:45:00,0.0
2030-08-14 01:00:00,0.0
2030-08-14 01:15:00,0.0
2030-08-14 01:30:00,0.0
2030-08-14 01:45:00,0.0
2030-08-14 02:00:00,0.0
2030-08-14 02:15:00,0.0
2030-08-14 02:30:00,0.0
2030-08-14 02:45:00,0.0
2030-08-14 03:00:00,0.0
2030-08-14 03:15:00,0.0
2030-08-14 03:30:00,0.0
2030-08-14 03:45:00,0.0
2030-08-14 04:00:00,0.0
2030-08-14 04:15:00,0.0
2030-08-14 04:30:00,0.0
2030-08-14 04:45:00,0.0
2030-08-14 05:00:00,0.0
2030-08-14 05:15:00,0.0
2030-08-14 05:30:00,0.0
2030-08-14 05:45:00,0.0
2030-08-14 06:00:00,0.0
2030-08-14 06:15:00,0.0
2030-08-14 06:30:00,0.0
2030-08-14 06:45:00,0.0
2030-08-14 07:00:00,0.0
2030-08-14 07:15:00,0.0
2030-08-14 07:30:00,0.0
2030-08-14 07:45:00,0.0
2030-08-14 08:00:00,0.0
2030-08-14 08:15:00,0.0
2030-08-14 08:30:00,0.0
2030-08-14 08:45:00,0.0
2030-08-14 09:00:00,0.0
2030-08-14 09:15:00,0.0
2030-08-14 09:30:00,0.0
2030-08-14 09:45:00,0.0
2030-08-14 10:00:00,0.0
2030-08-14 10:15:00,0.0
2030-08-14 10:30:00,0.0
2030-08-14 10:45:00,0.0
2030-08-14 11:00:00,0.0
2030-08-14 11:15:00,0.0
2030-08-14 11:30:00,0.0
2030-08-14 11:45:00,0.0
2030-08-14 12:00:00,0.0
2030-08-14 12:15:00,0.0
2030-08-14 12:30:00,0.0
2030-08-14 12:45:00,0.0
2030-08-14 13:00:00,0.0
2030-08-14 13:15:00,0.0
2030-08-14 13:30:00,0.0
2030-08-14 13:45:00,0.0
2030-08-14 14:00:00,0.0
2030-08-14 14:15:00,0.0
2030-08-14 14:30:00,0.0
2030-08-14 14:45:00,0.0
2030-08-14 15:00:00,0.0
2030-08-14 15:15:00,0.0
2030-08-14 15:30:00,0.0
2030-08-14 15:45:00,0.0
2030-08-14 16:00:00,0.0
2030-08-14 16:15:00,0.0
2030-08-14 16:30:00,0.0
2030-08-14 16:45:00,0.0
2030-08-14 17:00:00,0.0
2030-08-14 17:15:00,0.0
2030-08-14 17:30:00,0.0
2030-08-14 17:45:00,0.0
2030-08-14 18:00:00,0.0
2030-08-14 18:15:00,0.0
2030-08-14 18:30:00,0.0
2030-08-14 18:45:00,0.0
2030-08-14 19:00:00,0.0
2030-08-14 19:15:00,0.0
2030-08-14 19:30:00,0.0
2030-08-14 19:45:00,0.0
2030-08-14 20:00:00,0.0
2030-08-14 20:15:00,0.0
2030-08-14 20:30:00,0.0
2030-08-14 20:45:00,0.0
2030-08-14 21:00:00,0.0
2030-08-14 21:15:00,0.0
2030-08-14 21:30:00,0.0
2030-08-14 21:45:00,0.0
2030-08-14 22:00:00,0.0
2030-08-14 22:15:00,0.0
2030-08-14 22:30:00,0.0
2030-08-14 22:45:00,0.0
2030-08-14 23:00:00,0.0
2030-08-14 23:15:00,0.0
2030-08-14 23:30:00,0.0
2030-08-14 23:45:00,0.0
2030-08-15 00:00:00,0.0
2030-08-15 00:15:00,0.0
2030-08-15 00:30:00,0.0
2030-08-15 00:45:00,0.0
2030-08-15 01:00:00,0.0
2030-08-15 01:15:00,0.0
2030-08-15 01:30:00,0.0
2030-08-15 01:45:00,0.0
2030-08-15 02:00:00,0.0
2030-08-15 02:15:00,0.0
2030-08-15 02:30:00,0.0
2030-08-15 02:45:00,0.0
2030-08-15 03:00:00,0.0
2030-08-15 03:15:00,0.0
2030-08-15 03:30:00,0.0
2030-08-15 03:45:00,0.0
2030-08-15 04:00:00,0.0
2030-08-15 04:15:00,0.0
2030-08-15 04:30:00,0.0
2030-08-15 04:45:00,0.0
2030-08-15 05:00:00,0.0
2030-08-15 05:15:00,0.0
2030-08-15 05:30:00,0.0
2030-08-15 05:45:00,0.0
2030-08-15 06:00:00,0.0
2030-08-15 06:15:00,0.0
2030-08-15 06:30:00,0.0
2030-08-15 06:45:00,0.0
2030-08-15 07:00:00,0.0
2030-08-15 07:15:00,0.0
2030-08-15 07:30:00,0.0
2030-08-15 07:45:00,0.0
2030-08-15 08:00:00,0.0
2030-08-15 08:15:00,0.0
2030-08-15 08:30:00,0.0
2030-08-15 08:45:00,0.0
2030-08-15 09:00:00,0.0
2030-08-15 09:15:00,0.0
2030-08-15 09:30:00,0.0
2030-08-15 09:45:00,0.0
2030-08-15 10:00:00,0.0
2030-08-15 10:15:00,0.0
2030-08-15 10:30:00,0.0
2030-08-15 10:45:00,0.0
2030-08-15 11:00:00,0.0
2030-08-15 11:15:00,0.0
2030-08-15 11:30:00,0.0
2030-08-15 11:45:00,0.0
2030-08-15 12:00:00,0.0
2030-08-15 12:15:00,0.0
2030-08-15 12:30:00,0.0
2030-08-15 12:45:00,0.0
2030-08-15 13:00:00,0.0
2030-08-15 13:15:00,0.0
2030-08-15 13:30:00,0.0
2030-08-15 13:45:00,0.0
2030-08-15 14:00:00,0.0
2030-08-15 14:15:00,0.0
2030-08-15 14:30:00,0.0
2030-08-15 14:45:00,0.0
2030-08-15 15:00:00,0.0
2030-08-15 15:15:00,0.0
2030-08-15 15:30:00,0.0
2030-08-15 15:45:00,0.0
2030-08-15 16:00:00,0.0
2030-08-15 16:15:00,0.0
2030-08-15 16:30:00,0.0
2030-08-15 16:45:00,0.0
2030-08-15 17:00:00,0.0
2030-08-15 17:15:00,0.0
2030-08-15 17:30:00,0.0
2030-08-15 17:45:00,0.0
2030-08-15 18:00:00,0.0
2030-08-15 18:15:00,0.0
2030-08-15 18:30:00,0.0
2030-08-15 18:45:00,0.0
2030-08-15 19:00:00,0.0
2030-08-15 19:15:00,0.0
2030-08-15 19:30:00,0.0
2030-08-15 19:45:00,0.0
2030-08-15 20:00:00,0.0
2030-08-15 20:15:00,0.0
2030-08-15 20:30:00,0.0
2030-08-15 20:45:00,0.0
2030-08-15 21:00:00,0.0
2030-08-15 21:15:00,0.0
2030-08-15 21:30:00,0.0
2030-08-15 21:45:00,0.0
2030-08-15 22:00:00,0.0
2030-08-15 22:15:00,0.0
2030-08-15 22:30:00,0.0
2030-08-15 22:45:00,0.0
2030-08-15 23:00:00,0.0
2030-08-15 23:15:00,0.0
2030-08-15 23:30:00,0.0
2030-08-15 23:45:00,0.0
2030-08-16 00:00:00,0.0
2030-08-16 00:15:00,0.0
2030-08-16 00:30:00,0.0
2030-08-16 00:45:00,0.0
2030-08-16 01:00:00,0.0
2030-08-16 01:15:00,0.0
2030-08-16 01:30:00,0.0
2030-08-16 01:45:00,0.0
2030-08-16 02:00:00,0.0
2030-08-16 02:15:00,0.0
2030-08-16 02:30:00,0.0
2030-08-16 02:45:00,0.0
2030-08-16 03:00:00,0.0
2030-08-16 03:15:00,0.0
2030-08-16 03:30:00,0.0
2030-08-16 03:45:00,0.0
2030-08-16 04:00:00,0.0
2030-08-16 04:15:00,0.0
2030-08-16 04:30:00,0.0
2030-08-16 04:45:00,0.0
2030-08-16 05:00:00,0.0
2030-08-16 05:15:00,0.0
2030-08-16 05:30:00,0.0
2030-08-16 05:45:00,0.0
2030-08-16 06:00:00,0.0
2030-08-16 06:15:00,0.0
2030-08-16 06:30:00,0.0
2030-08-16 06:45:00,0.0
2030-08-16 07:00:00,0.0
2030-08-16 07:15:00,0.0
2030-08-16 07:30:00,0.0
2030-08-16 07:45:00,0.0
2030-08-16 08:00:00,0.0
2030-08-16 08:15:00,0.0
2030-08-16 08:30:00,0.0
2030-08-16 08:45:00,0.0
2030-08-16 09:00:00,0.0
2030-08-16 09:15:00,0.0
2030-08-16 09:30:00,0.0
2030-08-16 09:45:00,0.0
2030-08-16 10:00:00,0.0
2030-08-16 10:15:00,0.0
2030-08-16 10:30:00,0.0
2030-08-16 10:45:00,0.0
2030-08-16 11:00:00,0.0
2030-08-16 11:15:00,0.0
2030-08-16 11:30:00,0.0
2030-08-16 11:45:00,0.0
2030-08-16 12:00:00,0.0
2030-08-16 12:15:00,0.0
2030-08-16 12:30:00,0.0
2030-08-16 12:45:00,0.0
2030-08-16 13:00:00,0.0
2030-08-16 13:15:00,0.0
2030-08-16 13:30:00,0.0
2030-08-16 13:45:00,0.0
2030-08-16 14:00:00,0.0
2030-08-16 14:15:00,0.0
2030-08-16 14:30:00,0.0
2030-08-16 14:45:00,0.0
2030-08-16 15:00:00,0.0
2030-08-16 15:15:00,0.0
2030-08-16 15:30:00,0.0
2030-08-16 15:45:00,0.0
2030-08-16 16:00:00,0.0
2030-08-16 16:15:00,0.0
2030-08-16 16:30:00,0.0
2030-08-16 16:45:00,0.0
2030-08-16 17:00:00,0.0
2030-08-16 17:15:00,0.0
2030-08-16 17:30:00,0.0
2030-08-16 17:45:00,0.0
2030-08-16 18:00:00,0.0
2030-08-16 18:15:00,0.0
2030-08-16 18:30:00,0.0
2030-08-16 18:45:00,0.0
2030-08-16 19:00:00,0.0
2030-08-16 19:15:00,0.0
2030-08-16 19:30:00,0.0
2030-08-16 19:45:00,0.0
2030-08-16 20:00:00,0.0
2030-08-16 20:15:00,0.0
2030-08-16 20:30:00,0.0
2030-08-16 20:45:00,0.0
2030-08-16 21:00:00,0.0
2030-08-16 21:15:00,0.0
2030-08-16 21:30:00,0.0
2030-08-16 21:45:00,0.0
2030-08-16 22:00:00,0.0
2030-08-16 22:15:00,0.0
2030-08-16 22:30:00,0.0
2030-08-16 22:45:00,0.0
2030-08-16 23:00:00,0.0
2030-08-16 23:15:00,0.0
2030-08-16 23:30:00,0.0
2030-08-16 23:45:00,0.0
2030-08-17 00:00:00,0.0
2030-08-17 00:15:00,0.0
2030-08-17 00:30:00,0.0
2030-08-17 00:45:00,0.0
2030-08-17 01:00:00,0.0
2030-08-17 01:15:00,0.0
2030-08-17 01:30:00,0.0
2030-08-17 01:45:00,0.0
2030-08-17 02:00:00,0.0
2030-08-17 02:15:00,0.0
2030-08-17 02:30:00,0.0
2030-08-17 02:45:00,0.0
2030-08-17 03:00:00,0.0
2030-08-17 03:15:00,0.0
2030-08-17 03:30:00,0.0
2030-08-17 03:45:00,0.0
2030-08-17 04:00:00,0.0
2030-08-17 04:15:00,0.0
2030-08-17 04:30:00,0.0
2030-08-17 04:45:00,0.0
2030-08-17 05:00:00,0.0
2030-08-17 05:15:00,0.0
2030-08-17 05:30:00,0.0
2030-08-17 05:45:00,0.0
2030-08-17 06:00:00,0.0
2030-08-17 06:15:00,0.0
2030-08-17 06:30:00,0.0
2030-08-17 06:45:00,0.0
2030-08-17 07:00:00,0.0
2030-08-17 07:15:00,0.0
2030-08-17 07:30:00,0.0
2030-08-17 07:45:00,0.0
2030-08-17 08:00:00,0.0
2030-08-17 08:15:00,0.0
2030-08-17 08:30:00,0.0
2030-08-17 08:45:00,0.0
2030-08-17 09:00:00,0.0
2030-08-17 09:15:00,0.0
2030-08-17 09:30:00,0.0
2030-08-17 09:45:00,0.0
2030-08-17 10:00:00,0.0
2030-08-17 10:15:00,0.0
2030-08-17 10:30:00,0.0
2030-08-17 10:45:00,0.0
2030-08-17 11:00:00,0.0
2030-08-17 11:15:00,0.0
2030-08-17 11:30:00,0.0
2030-08-17 11:45:00,0.0
2030-08-17 12:00:00,0.0
2030-08-17 12:15:00,0.0
2030-08-17 12:30:00,0.0
2030-08-17 12:45:00,0.0
2030-08-17 13:00:00,0.0
2030-08-17 13:15:00,0.0
2030-08-17 13:30:00,0.0
2030-08-17 13:45:00,0.0
2030-08-17 14:00:00,0.0
2030-08-17 14:15:00,0.0
2030-08-17 14:30:00,0.0
2030-08-17 14:45:00,0.0
2030-08-17 15:00:00,0.0
2030-08-17 15:15:00,0.0
2030-08-17 15:30:00,0.0
2030-08-17 15:45:00,0.0
2030-08-17 16:00:00,0.0
2030-08-17 16:15:00,0.0
2030-08-17 16:30:00,0.0
2030-08-17 16:45:00,0.0
2030-08-17 17:00:00,0.0
2030-08-17 17:15:00,0.0
2030-08-17 17:30:00,0.0
2030-08-17 17:45:00,0.0
2030-08-17 18:00:00,0.0
2030-08-17 18:15:00,0.0
2030-08-17 18:30:00,0.0
2030-08-17 18:45:00,0.0
2030-08-17 19:00:00,0.0
2030-08-17 19:15:00,0.0
2030-08-17 19:30:00,0.0
2030-08-17 19:45:00,0.0
2030-08-17 20:00:00,0.0
2030-08-17 20:15:00,0.0
2030-08-17 20:30:00,0.0
2030-08-17 20:45:00,0.0
2030-08-17 21:00:00,0.0
2030-08-17 21:15:00,0.0
2030-08-17 21:30:00,0.0
2030-08-17 21:45:00,0.0
2030-08-17 22:00:00,0.0
2030-08-17 22:15:00,0.0
2030-08-17 22:30:00,0.0
2030-08-17 22:45:00,0.0
2030-08-17 23:00:00,0.0
2030-08-17 23:15:00,0.0
2030-08-17 23:30:00,0.0
2030-08-17 23:45:00,0.0
2030-08-18 00:00:00,0.0
2030-08-18 00:15:00,0.0
2030-08-18 00:30:00,0.0
2030-08-18 00:45:00,0.0
2030-08-18 01:00:00,0.0
2030-08-18 01:15:00,0.0
2030-08-18 01:30:00,0.0
2030-08-18 01:45:00,0.0
2030-08-18 02:00:00,0.0
2030-08-18 02:15:00,0.0
2030-08-18 02:30:00,0.0
2030-08-18 02:45:00,0.0
2030-08-18 03:00:00,0.0
2030-08-18 03:15:00,0.0
2030-08-18 03:30:00,0.0
2030-08-18 03:45:00,0.0
2030-08-18 04:00:00,0.0
2030-08-18 04:15:00,0.0
2030-08-18 04:30:00,0.0
2030-08-18 04:45:00,0.0
2030-08-18 05:00:00,0.0
2030-08-18 05:15:00,0.0
2030-08-18 05:30:00,0.0
2030-08-18 05:45:00,0.0
2030-08-18 06:00:00,0.0
2030-08-18 06:15:00,0.0
2030-08-18 06:30:00,0.0
2030-08-18 06:45:00,0.0
2030-08-18 07:00:00,0.0
2030-08-18 07:15:00,0.0
2030-08-18 07:30:00,0.0
2030-08-18 07:45:00,0.0
2030-08-18 08:00:00,0.0
2030-08-18 08:15:00,0.0
2030-08-18 08:30:00,0.0
2030-08-18 08:45:00,0.0
2030-08-18 09:00:00,0.0
2030-08-18 09:15:00,0.0
2030-08-18 09:30:00,0.0
2030-08-18 09:45:00,0.0
2030-08-18 10:00:00,0.0
2030-08-18 10:15:00,0.0
2030-08-18 10:30:00,0.0
2030-08-18 10:45:00,0.0
2030-08-18 11:00:00,0.0
2030-08-18 11:15:00,0.0
2030-08-18 11:30:00,0.0
2030-08-18 11:45:00,0.0
2030-08-18 12:00:00,0.0
2030-08-18 12:15:00,0.0
2030-08-18 12:30:00,0.0
2030-08-18 12:45:00,0.0
2030-08-18 13:00:00,0.0
2030-08-18 13:15:00,0.0
2030-08-18 13:30:00,0.0
2030-08-18 13:45:00,0.0
2030-08-18 14:00:00,0.0
2030-08-18 14:15:00,0.0
2030-08-18 14:30:00,0.0
2030-08-18 14:45:00,0.0
2030-08-18 15:00:00,0.0
2030-08-18 15:15:00,0.0
2030-08-18 15:30:00,0.0
2030-08-18 15:45:00,0.0
2030-08-18 16:00:00,0.0
2030-08-18 16:15:00,0.0
2030-08-18 16:30:00,0.0
2030-08-18 16:45:00,0.0
2030-08-18 17:00:00,0.0
2030-08-18 17:15:00,0.0
2030-08-18 17:30:00,0.0
2030-08-18 17:45:00,0.0
2030-08-18 18:00:00,0.0
2030-08-18 18:15:00,0.0
2030-08-18 18:30:00,0.0
2030-08-18 18:45:00,0.0
2030-08-18 19:00:00,0.0
2030-08-18 19:15:00,0.0
2030-08-18 19:30:00,0.0
2030-08-18 19:45:00,0.0
2030-08-18 20:00:00,0.0
2030-08-18 20:15:00,0.0
2030-08-18 20:30:00,0.0
2030-08-18 20:45:00,0.0
2030-08-18 21:00:00,0.0
2030-08-18 21:15:00,0.0
2030-08-18 21:30:00,0.0
2030-08-18 21:45:00,0.0
2030-08-18 22:00:00,0.0
2030-08-18 22:15:00,0.0
2030-08-18 22:30:00,0.0
2030-08-18 22:45:00,0.0
2030-08-18 23:00:00,0.0
2030-08-18 23:15:00,0.0
2030-08-18 23:30:00,0.0
2030-08-18 23:45:00,0.0
2030-08-19 00:00:00,0.0
2030-08-19 00:15:00,0.0
2030-08-19 00:30:00,0.0
2030-08-19 00:45:00,0.0
2030-08-19 01:00:00,0.0
2030-08-19 01:15:00,0.0
2030-08-19 01:30:00,0.0
2030-08-19 01:45:00,0.0
2030-08-19 02:00:00,0.0
2030-08-19 02:15:00,0.0
2030-08-19 02:30:00,0.0
2030-08-19 02:45:00,0.0
2030-08-19 03:00:00,0.0
2030-08-19 03:15:00,0.0
2030-08-19 03:30:00,0.0
2030-08-19 03:45:00,0.0
2030-08-19 04:00:00,0.0
2030-08-19 04:15:00,0.0
2030-08-19 04:30:00,0.0
2030-08-19 04:45:00,0.0
2030-08-19 05:00:00,0.0
2030-08-19 05:15:00,0.0
2030-08-19 05:30:00,0.0
2030-08-19 05:45:00,0.0
2030-08-19 06:00:00,0.0
2030-08-19 06:15:00,0.0
2030-08-19 06:30:00,0.0
2030-08-19 06:45:00,0.0
2030-08-19 07:00:00,0.0
2030-08-19 07:15:00,0.0
2030-08-19 07:30:00,0.0
2030-08-19 07:45:00,0.0
2030-08-19 08:00:00,0.0
2030-08-19 08:15:00,0.0
2030-08-19 08:30:00,0.0
2030-08-19 08:45:00,0.0
2030-08-19 09:00:00,0.0
2030-08-19 09:15:00,0.0
2030-08-19 09:30:00,0.0
2030-08-19 09:45:00,0.0
2030-08-19 10:00:00,0.0
2030-08-19 10:15:00,0.0
2030-08-19 10:30:00,0.0
2030-08-19 10:45:00,0.0
2030-08-19 11:00:00,0.0
2030-08-19 11:15:00,0.0
2030-08-19 11:30:00,0.0
2030-08-19 11:45:00,0.0
2030-08-19 12:00:00,0.0
2030-08-19 12:15:00,0.0
2030-08-19 12:30:00,0.0
2030-08-19 12:45:00,0.0
2030-08-19 13:00:00,0.0
2030-08-19 13:15:00,0.0
2030-08-19 13:30:00,0.0
2030-08-19 13:45:00,0.0
2030-08-19 14:00:00,0.0
2030-08-19 14:15:00,0.0
2030-08-19 14:30:00,0.0
2030-08-19 14:45:00,0.0
2030-08-19 15:00:00,0.0
2030-08-19 15:15:00,0.0
2030-08-19 15:30:00,0.0
2030-08-19 15:45:00,0.0
2030-08-19 16:00:00,0.0
2030-08-19 16:15:00,0.0
2030-08-19 16:30:00,0.0
2030-08-19 16:45:00,0.0
2030-08-19 17:00:00,0.0
2030-08-19 17:15:00,0.0
2030-08-19 17:30:00,0.0
2030-08-19 17:45:00,0.0
2030-08-19 18:00:00,0.0
2030-08-19 18:15:00,0.0
2030-08-19 18:30:00,0.0
2030-08-19 18:45:00,0.0
2030-08-19 19:00:00,0.0
2030-08-19 19:15:00,0.0
2030-08-19 19:30:00,0.0
2030-08-19 19:45:00,0.0
2030-08-19 20:00:00,0.0
2030-08-19 20:15:00,0.0
2030-08-19 20:30:00,0.0
2030-08-19 20:45:00,0.0
2030-08-19 21:00:00,0.0
2030-08-19 21:15:00,0.0
2030-08-19 21:30:00,0.0
2030-08-19 21:45:00,0.0
2030-08-19 22:00:00,0.0
2030-08-19 22:15:00,0.0
2030-08-19 22:30:00,0.0
2030-08-19 22:45:00,0.0
2030-08-19 23:00:00,0.0
2030-08-19 23:15:00,0.0
2030-08-19 23:30:00,0.0
2030-08-19 23:45:00,0.0
2030-08-20 00:00:00,0.0
2030-08-20 00:15:00,0.0
2030-08-20 00:30:00,0.0
2030-08-20 00:45:00,0.0
2030-08-20 01:00:00,0.0
2030-08-20 01:15:00,0.0
2030-08-20 01:30:00,0.0
2030-08-20 01:45:00,0.0
2030-08-20 02:00:00,0.0
2030-08-20 02:15:00,0.0
2030-08-20 02:30:00,0.0
2030-08-20 02:45:00,0.0
2030-08-20 03:00:00,0.0
2030-08-20 03:15:00,0.0
2030-08-20 03:30:00,0.0
2030-08-20 03:45:00,0.0
2030-08-20 04:00:00,0.0
2030-08-20 04:15:00,0.0
2030-08-20 04:30:00,0.0
2030-08-20 04:45:00,0.0
2030-08-20 05:00:00,0.0
2030-08-20 05:15:00,0.0
2030-08-20 05:30:00,0.0
2030-08-20 05:45:00,0.0
2030-08-20 06:00:00,0.0
2030-08-20 06:15:00,0.0
2030-08-20 06:30:00,0.0
2030-08-20 06:45:00,0.0
2030-08-20 07:00:00,0.0
2030-08-20 07:15:00,0.0
2030-08-20 07:30:00,0.0
2030-08-20 07:45:00,0.0
2030-08-20 08:00:00,0.0
2030-08-20 08:15:00,0.0
2030-08-20 08:30:00,0.0
2030-08-20 08:45:00,0.0
2030-08-20 09:00:00,0.0
2030-08-20 09:15:00,0.0
2030-08-20 09:30:00,0.0
2030-08-20 09:45:00,0.0
2030-08-20 10:00:00,0.0
2030-08-20 10:15:00,0.0
2030-08-20 10:30:00,0.0
2030-08-20 10:45:00,0.0
2030-08-20 11:00:00,0.0
2030-08-20 11:15:00,0.0
2030-08-20 11:30:00,0.0
2030-08-20 11:45:00,0.0
2030-08-20 12:00:00,0.0
2030-08-20 12:15:00,0.0
2030-08-20 12:30:00,0.0
2030-08-20 12:45:00,0.0
2030-08-20 13:00:00,0.0
2030-08-20 13:15:00,0.0
2030-08-20 13:30:00,0.0
2030-08-20 13:45:00,0.0
2030-08-20 14:00:00,0.0
2030-08-20 14:15:00,0.0
2030-08-20 14:30:00,0.0
2030-08-20 14:45:00,0.0
2030-08-20 15:00:00,0.0
2030-08-20 15:15:00,0.0
2030-08-20 15:30:00,0.0
2030-08-20 15:45:00,0.0
2030-08-20 16:00:00,0.0
2030-08-20 16:15:00,0.0
2030-08-20 16:30:00,0.0
2030-08-20 16:45:00,0.0
2030-08-20 17:00:00,0.0
2030-08-20 17:15:00,0.0
2030-08-20 17:30:00,0.0
2030-08-20 17:45:00,0.0
2030-08-20 18:00:00,0.0
2030-08-20 18:15:00,0.0
2030-08-20 18:30:00,0.0
2030-08-20 18:45:00,0.0
2030-08-20 19:00:00,0.0
2030-08-20 19:15:00,0.0
2030-08-20 19:30:00,0.0
2030-08-20 19:45:00,0.0
2030-08-20 20:00:00,0.0
2030-08-20 20:15:00,0.0
2030-08-20 20:30:00,0.0
2030-08-20 20:45:00,0.0
2030-08-20 21:00:00,0.0
2030-08-20 21:15:00,0.0
2030-08-20 21:30:00,0.0
2030-08-20 21:45:00,0.0
2030-08-20 22:00:00,0.0
2030-08-20 22:15:00,0.0
2030-08-20 22:30:00,0.0
2030-08-20 22:45:00,0.0
2030-08-20 23:00:00,0.0
2030-08-20 23:15:00,0.0
2030-08-20 23:30:00,0.0
2030-08-20 23:45:00,0.0
2030-08-21 00:00:00,0.0
2030-08-21 00:15:00,0.0
2030-08-21 00:30:00,0.0
2030-08-21 00:45:00,0.0
2030-08-21 01:00:00,0.0
2030-08-21 01:15:00,0.0
2030-08-21 01:30:00,0.0
2030-08-21 01:45:00,0.0
2030-08-21 02:00:00,0.0
2030-08-21 02:15:00,0.0
2030-08-21 02:30:00,0.0
2030-08-21 02:45:00,0.0
2030-08-21 03:00:00,0.0
2030-08-21 03:15:00,0.0
2030-08-21 03:30:00,0.0
2030-08-21 03:45:00,0.0
2030-08-21 04:00:00,0.0
2030-08-21 04:15:00,0.0
2030-08-21 04:30:00,0.0
2030-08-21 04:45:00,0.0
2030-08-21 05:00:00,0.0
2030-08-21 05:15:00,0.0
2030-08-21 05:30:00,0.0
2030-08-21 05:45:00,0.0
2030-08-21 06:00:00,0.0
2030-08-21 06:15:00,0.0
2030-08-21 06:30:00,0.0
2030-08-21 06:45:00,0.0
2030-08-21 07:00:00,0.0
2030-08-21 07:15:00,0.0
2030-08-21 07:30:00,0.0
2030-08-21 07:45:00,0.0
2030-08-21 08:00:00,0.0
2030-08-21 08:15:00,0.0
2030-08-21 08:30:00,0.0
2030-08-21 08:45:00,0.0
2030-08-21 09:00:00,0.0
2030-08-21 09:15:00,0.0
2030-08-21 09:30:00,0.0
2030-08-21 09:45:00,0.0
2030-08-21 10:00:00,0.0
2030-08-21 10:15:00,0.0
2030-08-21 10:30:00,0.0
2030-08-21 10:45:00,0.0
2030-08-21 11:00:00,0.0
2030-08-21 11:15:00,0.0
2030-08-21 11:30:00,0.0
2030-08-21 11:45:00,0.0
2030-08-21 12:00:00,0.0
2030-08-21 12:15:00,0.0
2030-08-21 12:30:00,0.0
2030-08-21 12:45:00,0.0
2030-08-21 13:00:00,0.0
2030-08-21 13:15:00,0.0
2030-08-21 13:30:00,0.0
2030-08-21 13:45:00,0.0
2030-08-21 14:00:00,0.0
2030-08-21 14:15:00,0.0
2030-08-21 14:30:00,0.0
2030-08-21 14:45:00,0.0
2030-08-21 15:00:00,0.0
2030-08-21 15:15:00,0.0
2030-08-21 15:30:00,0.0
2030-08-21 15:45:00,0.0
2030-08-21 16:00:00,0.0
2030-08-21 16:15:00,0.0
2030-08-21 16:30:00,0.0
2030-08-21 16:45:00,0.0
2030-08-21 17:00:00,0.0
2030-08-21 17:15:00,0.0
2030-08-21 17:30:00,0.0
2030-08-21 17:45:00,0.0
2030-08-21 18:00:00,0.0
2030-08-21 18:15:00,0.0
2030-08-21 18:30:00,0.0
2030-08-21 18:45:00,0.0
2030-08-21 19:00:00,0.0
2030-08-21 19:15:00,0.0
2030-08-21 19:30:00,0.0
2030-08-21 19:45:00,0.0
2030-08-21 20:00:00,0.0
2030-08-21 20:15:00,0.0
2030-08-21 20:30:00,0.0
2030-08-21 20:45:00,0.0
2030-08-21 21:00:00,0.0
2030-08-21 21:15:00,0.0
2030-08-21 21:30:00,0.0
2030-08-21 21:45:00,0.0
2030-08-21 22:00:00,0.0
2030-08-21 22:15:00,0.0
2030-08-21 22:30:00,0.0
2030-08-21 22:45:00,0.0
2030-08-21 23:00:00,0.0
2030-08-21 23:15:00,0.0
2030-08-21 23:30:00,0.0
2030-08-21 23:45:00,0.0
2030-08-22 00:00:00,0.0
2030-08-22 00:15:00,0.0
2030-08-22 00:30:00,0.0
2030-08-22 00:45:00,0.0
2030-08-22 01:00:00,0.0
2030-08-22 01:15:00,0.0
2030-08-22 01:30:00,0.0
2030-08-22 01:45:00,0.0
2030-08-22 02:00:00,0.0
2030-08-22 02:15:00,0.0
2030-08-22 02:30:00,0.0
2030-08-22 02:45:00,0.0
2030-08-22 03:00:00,0.0
2030-08-22 03:15:00,0.0
2030-08-22 03:30:00,0.0
2030-08-22 03:45:00,0.0
2030-08-22 04:00:00,0.0
2030-08-22 04:15:00,0.0
2030-08-22 04:30:00,0.0
2030-08-22 04:45:00,0.0
2030-08-22 05:00:00,0.0
2030-08-22 05:15:00,0.0
2030-08-22 05:30:00,0.0
2030-08-22 05:45:00,0.0
2030-08-22 06:00:00,0.0
2030-08-22 06:15:00,0.0
2030-08-22 06:30:00,0.0
2030-08-22 06:45:00,0.0
2030-08-22 07:00:00,0.0
2030-08-22 07:15:00,0.0
2030-08-22 07:30:00,0.0
2030-08-22 07:45:00,0.0
2030-08-22 08:00:00,0.0
2030-08-22 08:15:00,0.0
2030-08-22 08:30:00,0.0
2030-08-22 08:45:00,0.0
2030-08-22 09:00:00,0.0
2030-08-22 09:15:00,0.0
2030-08-22 09:30:00,0.0
2030-08-22 09:45:00,0.0
2030-08-22 10:00:00,0.0
2030-08-22 10:15:00,0.0
2030-08-22 10:30:00,0.0
2030-08-22 10:45:00,0.0
2030-08-22 11:00:00,0.0
2030-08-22 11:15:00,0.0
2030-08-22 11:30:00,0.0
2030-08-22 11:45:00,0.0
2030-08-22 12:00:00,0.0
2030-08-22 12:15:00,0.0
2030-08-22 12:30:00,0.0
2030-08-22 12:45:00,0.0
2030-08-22 13:00:00,0.0
2030-08-22 13:15:00,0.0
2030-08-22 13:30:00,0.0
2030-08-22 13:45:00,0.0
2030-08-22 14:00:00,0.0
2030-08-22 14:15:00,0.0
2030-08-22 14:30:00,0.0
2030-08-22 14:45:00,0.0
2030-08-22 15:00:00,0.0
2030-08-22 15:15:00,0.0
2030-08-22 15:30:00,0.0
2030-08-22 15:45:00,0.0
2030-08-22 16:00:00,0.0
2030-08-22 16:15:00,0.0
2030-08-22 16:30:00,0.0
2030-08-22 16:45:00,0.0
2030-08-22 17:00:00,0.0
2030-08-22 17:15:00,0.0
2030-08-22 17:30:00,0.0
2030-08-22 17:45:00,0.0
2030-08-22 18:00:00,0.0
2030-08-22 18:15:00,0.0
2030-08-22 18:30:00,0.0
2030-08-22 18:45:00,0.0
2030-08-22 19:00:00,0.0
2030-08-22 19:15:00,0.0
2030-08-22 19:30:00,0.0
2030-08-22 19:45:00,0.0
2030-08-22 20:00:00,0.0
2030-08-22 20:15:00,0.0
2030-08-22 20:30:00,0.0
2030-08-22 20:45:00,0.0
2030-08-22 21:00:00,0.0
2030-08-22 21:15:00,0.0
2030-08-22 21:30:00,0.0
2030-08-22 21:45:00,0.0
2030-08-22 22:00:00,0.0
2030-08-22 22:15:00,0.0
2030-08-22 22:30:00,0.0
2030-08-22 22:45:00,0.0
2030-08-22 23:00:00,0.0
2030-08-22 23:15:00,0.0
2030-08-22 23:30:00,0.0
2030-08-22 23:45:00,0.0
2030-08-23 00:00:00,0.0
2030-08-23 00:15:00,0.0
2030-08-23 00:30:00,0.0
2030-08-23 00:45:00,0.0
2030-08-23 01:00:00,0.0
2030-08-23 01:15:00,0.0
2030-08-23 01:30:00,0.0
2030-08-23 01:45:00,0.0
2030-08-23 02:00:00,0.0
2030-08-23 02:15:00,0.0
2030-08-23 02:30:00,0.0
2030-08-23 02:45:00,0.0
2030-08-23 03:00:00,0.0
2030-08-23 03:15:00,0.0
2030-08-23 03:30:00,0.0
2030-08-23 03:45:00,0.0
2030-08-23 04:00:00,0.0
2030-08-23 04:15:00,0.0
2030-08-23 04:30:00,0.0
2030-08-23 04:45:00,0.0
2030-08-23 05:00:00,0.0
2030-08-23 05:15:00,0.0
2030-08-23 05:30:00,0.0
2030-08-23 05:45:00,0.0
2030-08-23 06:00:00,0.0
2030-08-23 06:15:00,0.0
2030-08-23 06:30:00,0.0
2030-08-23 06:45:00,0.0
2030-08-23 07:00:00,0.0
2030-08-23 07:15:00,0.0
2030-08-23 07:30:00,0.0
2030-08-23 07:45:00,0.0
2030-08-23 08:00:00,0.0
2030-08-23 08:15:00,0.0
2030-08-23 08:30:00,0.0
2030-08-23 08:45:00,0.0
2030-08-23 09:00:00,0.0
2030-08-23 09:15:00,0.0
2030-08-23 09:30:00,0.0
2030-08-23 09:45:00,0.0
2030-08-23 10:00:00,0.0
2030-08-23 10:15:00,0.0
2030-08-23 10:30:00,0.0
2030-08-23 10:45:00,0.0
2030-08-23 11:00:00,0.0
2030-08-23 11:15:00,0.0
2030-08-23 11:30:00,0.0
2030-08-23 11:45:00,0.0
2030-08-23 12:00:00,0.0
2030-08-23 12:15:00,0.0
2030-08-23 12:30:00,0.0
2030-08-23 12:45:00,0.0
2030-08-23 13:00:00,0.0
2030-08-23 13:15:00,0.0
2030-08-23 13:30:00,0.0
2030-08-23 13:45:00,0.0
2030-08-23 14:00:00,0.0
2030-08-23 14:15:00,0.0
2030-08-23 14:30:00,0.0
2030-08-23 14:45:00,0.0
2030-08-23 15:00:00,0.0
2030-08-23 15:15:00,0.0
2030-08-23 15:30:00,0.0
2030-08-23 15:45:00,0.0
2030-08-23 16:00:00,0.0
2030-08-23 16:15:00,0.0
2030-08-23 16:30:00,0.0
2030-08-23 16:45:00,0.0
2030-08-23 17:00:00,0.0
2030-08-23 17:15:00,0.0
2030-08-23 17:30:00,0.0
2030-08-23 17:45:00,0.0
2030-08-23 18:00:00,0.0
2030-08-23 18:15:00,0.0
2030-08-23 18:30:00,0.0
2030-08-23 18:45:00,0.0
2030-08-23 19:00:00,0.0
2030-08-23 19:15:00,0.0
2030-08-23 19:30:00,0.0
2030-08-23 19:45:00,0.0
2030-08-23 20:00:00,0.0
2030-08-23 20:15:00,0.0
2030-08-23 20:30:00,0.0
2030-08-23 20:45:00,0.0
2030-08-23 21:00:00,0.0
2030-08-23 21:15:00,0.0
2030-08-23 21:30:00,0.0
2030-08-23 21:45:00,0.0
2030-08-23 22:00:00,0.0
2030-08-23 22:15:00,0.0
2030-08-23 22:30:00,0.0
2030-08-23 22:45:00,0.0
2030-08-23 23:00:00,0.0
2030-08-23 23:15:00,0.0
2030-08-23 23:30:00,0.0
2030-08-23 23:45:00,0.0
2030-08-24 00:00:00,0.0
2030-08-24 00:15:00,0.0
2030-08-24 00:30:00,0.0
2030-08-24 00:45:00,0.0
2030-08-24 01:00:00,0.0
2030-08-24 01:15:00,0.0
2030-08-24 01:30:00,0.0
2030-08-24 01:45:00,0.0
2030-08-24 02:00:00,0.0
2030-08-24 02:15:00,0.0
2030-08-24 02:30:00,0.0
2030-08-24 02:45:00,0.0
2030-08-24 03:00:00,0.0
2030-08-24 03:15:00,0.0
2030-08-24 03:30:00,0.0
2030-08-24 03:45:00,0.0
2030-08-24 04:00:00,0.0
2030-08-24 04:15:00,0.0
2030-08-24 04:30:00,0.0
2030-08-24 04:45:00,0.0
2030-08-24 05:00:00,0.0
2030-08-24 05:15:00,0.0
2030-08-24 05:30:00,0.0
2030-08-24 05:45:00,0.0
2030-08-24 06:00:00,0.0
2030-08-24 06:15:00,0.0
2030-08-24 06:30:00,0.0
2030-08-24 06:45:00,0.0
2030-08-24 07:00:00,0.0
2030-08-24 07:15:00,0.0
2030-08-24 07:30:00,0.0
2030-08-24 07:45:00,0.0
2030-08-24 08:00:00,0.0
2030-08-24 08:15:00,0.0
2030-08-24 08:30:00,0.0
2030-08-24 08:45:00,0.0
2030-08-24 09:00:00,0.0
2030-08-24 09:15:00,0.0
2030-08-24 09:30:00,0.0
2030-08-24 09:45:00,0.0
2030-08-24 10:00:00,0.0
2030-08-24 10:15:00,0.0
2030-08-24 10:30:00,0.0
2030-08-24 10:45:00,0.0
2030-08-24 11:00:00,0.0
2030-08-24 11:15:00,0.0
2030-08-24 11:30:00,0.0
2030-08-24 11:45:00,0.0
2030-08-24 12:00:00,0.0
2030-08-24 12:15:00,0.0
2030-08-24 12:30:00,0.0
2030-08-24 12:45:00,0.0
2030-08-24 13:00:00,0.0
2030-08-24 13:15:00,0.0
2030-08-24 13:30:00,0.0
2030-08-24 13:45:00,0.0
2030-08-24 14:00:00,0.0
2030-08-24 14:15:00,0.0
2030-08-24 14:30:00,0.0
2030-08-24 14:45:00,0.0
2030-08-24 15:00:00,0.0
2030-08-24 15:15:00,0.0
2030-08-24 15:30:00,0.0
2030-08-24 15:45:00,0.0
2030-08-24 16:00:00,0.0
2030-08-24 16:15:00,0.0
2030-08-24 16:30:00,0.0
2030-08-24 16:45:00,0.0
2030-08-24 17:00:00,0.0
2030-08-24 17:15:00,0.0
2030-08-24 17:30:00,0.0
2030-08-24 17:45:00,0.0
2030-08-24 18:00:00,0.0
2030-08-24 18:15:00,0.0
2030-08-24 18:30:00,0.0
2030-08-24 18:45:00,0.0
2030-08-24 19:00:00,0.0
2030-08-24 19:15:00,0.0
2030-08-24 19:30:00,0.0
2030-08-24 19:45:00,0.0
2030-08-24 20:00:00,0.0
2030-08-24 20:15:00,0.0
2030-08-24 20:30:00,0.0
2030-08-24 20:45:00,0.0
2030-08-24 21:00:00,0.0
2030-08-24 21:15:00,0.0
2030-08-24 21:30:00,0.0
2030-08-24 21:45:00,0.0
2030-08-24 22:00:00,0.0
2030-08-24 22:15:00,0.0
2030-08-24 22:30:00,0.0
2030-08-24 22:45:00,0.0
2030-08-24 23:00:00,0.0
2030-08-24 23:15:00,0.0
2030-08-24 23:30:00,0.0
2030-08-24 23:45:00,0.0
2030-08-25 00:00:00,0.0
2030-08-25 00:15:00,0.0
2030-08-25 00:30:00,0.0
2030-08-25 00:45:00,0.0
2030-08-25 01:00:00,0.0
2030-08-25 01:15:00,0.0
2030-08-25 01:30:00,0.0
2030-08-25 01:45:00,0.0
2030-08-25 02:00:00,0.0
2030-08-25 02:15:00,0.0
2030-08-25 02:30:00,0.0
2030-08-25 02:45:00,0.0
2030-08-25 03:00:00,0.0
2030-08-25 03:15:00,0.0
2030-08-25 03:30:00,0.0
2030-08-25 03:45:00,0.0
2030-08-25 04:00:00,0.0
2030-08-25 04:15:00,0.0
2030-08-25 04:30:00,0.0
2030-08-25 04:45:00,0.0
2030-08-25 05:00:00,0.0
2030-08-25 05:15:00,0.0
2030-08-25 05:30:00,0.0
2030-08-25 05:45:00,0.0
2030-08-25 06:00:00,0.0
2030-08-25 06:15:00,0.0
2030-08-25 06:30:00,0.0
2030-08-25 06:45:00,0.0
2030-08-25 07:00:00,0.0
2030-08-25 07:15:00,0.0
2030-08-25 07:30:00,0.0
2030-08-25 07:45:00,0.0
2030-08-25 08:00:00,0.0
2030-08-25 08:15:00,0.0
2030-08-25 08:30:00,0.0
2030-08-25 08:45:00,0.0
2030-08-25 09:00:00,0.0
2030-08-25 09:15:00,0.0
2030-08-25 09:30:00,0.0
2030-08-25 09:45:00,0.0
2030-08-25 10:00:00,0.0
2030-08-25 10:15:00,0.0
2030-08-25 10:30:00,0.0
2030-08-25 10:45:00,0.0
2030-08-25 11:00:00,0.0
2030-08-25 11:15:00,0.0
2030-08-25 11:30:00,0.0
2030-08-25 11:45:00,0.0
2030-08-25 12:00:00,0.0
2030-08-25 12:15:00,0.0
2030-08-25 12:30:00,0.0
2030-08-25 12:45:00,0.0
2030-08-25 13:00:00,0.0
2030-08-25 13:15:00,0.0
2030-08-25 13:30:00,0.0
2030-08-25 13:45:00,0.0
2030-08-25 14:00:00,0.0
2030-08-25 14:15:00,0.0
2030-08-25 14:30:00,0.0
2030-08-25 14:45:00,0.0
2030-08-25 15:00:00,0.0
2030-08-25 15:15:00,0.0
2030-08-25 15:30:00,0.0
2030-08-25 15:45:00,0.0
2030-08-25 16:00:00,0.0
2030-08-25 16:15:00,0.0
2030-08-25 16:30:00,0.0
2030-08-25 16:45:00,0.0
2030-08-25 17:00:00,0.0
2030-08-25 17:15:00,0.0
2030-08-25 17:30:00,0.0
2030-08-25 17:45:00,0.0
2030-08-25 18:00:00,0.0
2030-08-25 18:15:00,0.0
2030-08-25 18:30:00,0.0
2030-08-25 18:45:00,0.0
2030-08-25 19:00:00,0.0
2030-08-25 19:15:00,0.0
2030-08-25 19:30:00,0.0
2030-08-25 19:45:00,0.0
2030-08-25 20:00:00,0.0
2030-08-25 20:15:00,0.0
2030-08-25 20:30:00,0.0
2030-08-25 20:45:00,0.0
2030-08-25 21:00:00,0.0
2030-08-25 21:15:00,0.0
2030-08-25 21:30:00,0.0
2030-08-25 21:45:00,0.0
2030-08-25 22:00:00,0.0
2030-08-25 22:15:00,0.0
2030-08-25 22:30:00,0.0
2030-08-25 22:45:00,0.0
2030-08-25 23:00:00,0.0
2030-08-25 23:15:00,0.0
2030-08-25 23:30:00,0.0
2030-08-25 23:45:00,0.0
2030-08-26 00:00:00,0.0
2030-08-26 00:15:00,0.0
2030-08-26 00:30:00,0.0
2030-08-26 00:45:00,0.0
2030-08-26 01:00:00,0.0
2030-08-26 01:15:00,0.0
2030-08-26 01:30:00,0.0
2030-08-26 01:45:00,0.0
2030-08-26 02:00:00,0.0
2030-08-26 02:15:00,0.0
2030-08-26 02:30:00,0.0
2030-08-26 02:45:00,0.0
2030-08-26 03:00:00,0.0
2030-08-26 03:15:00,0.0
2030-08-26 03:30:00,0.0
2030-08-26 03:45:00,0.0
2030-08-26 04:00:00,0.0
2030-08-26 04:15:00,0.0
2030-08-26 04:30:00,0.0
2030-08-26 04:45:00,0.0
2030-08-26 05:00:00,0.0
2030-08-26 05:15:00,0.0
2030-08-26 05:30:00,0.0
2030-08-26 05:45:00,0.0
2030-08-26 06:00:00,0.0
2030-08-26 06:15:00,0.0
2030-08-26 06:30:00,0.0
2030-08-26 06:45:00,0.0
2030-08-26 07:00:00,0.0
2030-08-26 07:15:00,0.0
2030-08-26 07:30:00,0.0
2030-08-26 07:45:00,0.0
2030-08-26 08:00:00,0.0
2030-08-26 08:15:00,0.0
2030-08-26 08:30:00,0.0
2030-08-26 08:45:00,0.0
2030-08-26 09:00:00,0.0
2030-08-26 09:15:00,0.0
2030-08-26 09:30:00,0.0
2030-08-26 09:45:00,0.0
2030-08-26 10:00:00,0.0
2030-08-26 10:15:00,0.0
2030-08-26 10:30:00,0.0
2030-08-26 10:45:00,0.0
2030-08-26 11:00:00,0.0
2030-08-26 11:15:00,0.0
2030-08-26 11:30:00,0.0
2030-08-26 11:45:00,0.0
2030-08-26 12:00:00,0.0
2030-08-26 12:15:00,0.0
2030-08-26 12:30:00,0.0
2030-08-26 12:45:00,0.0
2030-08-26 13:00:00,0.0
2030-08-26 13:15:00,0.0
2030-08-26 13:30:00,0.0
2030-08-26 13:45:00,0.0
2030-08-26 14:00:00,0.0
2030-08-26 14:15:00,0.0
2030-08-26 14:30:00,0.0
2030-08-26 14:45:00,0.0
2030-08-26 15:00:00,0.0
2030-08-26 15:15:00,0.0
2030-08-26 15:30:00,0.0
2030-08-26 15:45:00,0.0
2030-08-26 16:00:00,0.0
2030-08-26 16:15:00,0.0
2030-08-26 16:30:00,0.0
2030-08-26 16:45:00,0.0
2030-08-26 17:00:00,0.0
2030-08-26 17:15:00,0.0
2030-08-26 17:30:00,0.0
2030-08-26 17:45:00,0.0
2030-08-26 18:00:00,0.0
2030-08-26 18:15:00,0.0
2030-08-26 18:30:00,0.0
2030-08-26 18:45:00,0.0
2030-08-26 19:00:00,0.0
2030-08-26 19:15:00,0.0
2030-08-26 19:30:00,0.0
2030-08-26 19:45:00,0.0
2030-08-26 20:00:00,0.0
2030-08-26 20:15:00,0.0
2030-08-26 20:30:00,0.0
2030-08-26 20:45:00,0.0
2030-08-26 21:00:00,0.0
2030-08-26 21:15:00,0.0
2030-08-26 21:30:00,0.0
2030-08-26 21:45:00,0.0
2030-08-26 22:00:00,0.0
2030-08-26 22:15:00,0.0
2030-08-26 22:30:00,0.0
2030-08-26 22:45:00,0.0
2030-08-26 23:00:00,0.0
2030-08-26 23:15:00,0.0
2030-08-26 23:30:00,0.0
2030-08-26 23:45:00,0.0
2030-08-27 00:00:00,0.0
2030-08-27 00:15:00,0.0
2030-08-27 00:30:00,0.0
2030-08-27 00:45:00,0.0
2030-08-27 01:00:00,0.0
2030-08-27 01:15:00,0.0
2030-08-27 01:30:00,0.0
2030-08-27 01:45:00,0.0
2030-08-27 02:00:00,0.0
2030-08-27 02:15:00,0.0
2030-08-27 02:30:00,0.0
2030-08-27 02:45:00,0.0
2030-08-27 03:00:00,0.0
2030-08-27 03:15:00,0.0
2030-08-27 03:30:00,0.0
2030-08-27 03:45:00,0.0
2030-08-27 04:00:00,0.0
2030-08-27 04:15:00,0.0
2030-08-27 04:30:00,0.0
2030-08-27 04:45:00,0.0
2030-08-27 05:00:00,0.0
2030-08-27 05:15:00,0.0
2030-08-27 05:30:00,0.0
2030-08-27 05:45:00,0.0
2030-08-27 06:00:00,0.0
2030-08-27 06:15:00,0.0
2030-08-27 06:30:00,0.0
2030-08-27 06:45:00,0.0
2030-08-27 07:00:00,0.0
2030-08-27 07:15:00,0.0
2030-08-27 07:30:00,0.0
2030-08-27 07:45:00,0.0
2030-08-27 08:00:00,0.0
2030-08-27 08:15:00,0.0
2030-08-27 08:30:00,0.0
2030-08-27 08:45:00,0.0
2030-08-27 09:00:00,0.0
2030-08-27 09:15:00,0.0
2030-08-27 09:30:00,0.0
2030-08-27 09:45:00,0.0
2030-08-27 10:00:00,0.0
2030-08-27 10:15:00,0.0
2030-08-27 10:30:00,0.0
2030-08-27 10:45:00,0.0
2030-08-27 11:00:00,0.0
2030-08-27 11:15:00,0.0
2030-08-27 11:30:00,0.0
2030-08-27 11:45:00,0.0
2030-08-27 12:00:00,0.0
2030-08-27 12:15:00,0.0
2030-08-27 12:30:00,0.0
2030-08-27 12:45:00,0.0
2030-08-27 13:00:00,0.0
2030-08-27 13:15:00,0.0
2030-08-27 13:30:00,0.0
2030-08-27 13:45:00,0.0
2030-08-27 14:00:00,0.0
2030-08-27 14:15:00,0.0
2030-08-27 14:30:00,0.0
2030-08-27 14:45:00,0.0
2030-08-27 15:00:00,0.0
2030-08-27 15:15:00,0.0
2030-08-27 15:30:00,0.0
2030-08-27 15:45:00,0.0
2030-08-27 16:00:00,0.0
2030-08-27 16:15:00,0.0
2030-08-27 16:30:00,0.0
2030-08-27 16:45:00,0.0
2030-08-27 17:00:00,0.0
2030-08-27 17:15:00,0.0
2030-08-27 17:30:00,0.0
2030-08-27 17:45:00,0.0
2030-08-27 18:00:00,0.0
2030-08-27 18:15:00,0.0
2030-08-27 18:30:00,0.0
2030-08-27 18:45:00,0.0
2030-08-27 19:00:00,0.0
2030-08-27 19:15:00,0.0
2030-08-27 19:30:00,0.0
2030-08-27 19:45:00,0.0
2030-08-27 20:00:00,0.0
2030-08-27 20:15:00,0.0
2030-08-27 20:30:00,0.0
2030-08-27 20:45:00,0.0
2030-08-27 21:00:00,0.0
2030-08-27 21:15:00,0.0
2030-08-27 21:30:00,0.0
2030-08-27 21:45:00,0.0
2030-08-27 22:00:00,0.0
2030-08-27 22:15:00,0.0
2030-08-27 22:30:00,0.0
2030-08-27 22:45:00,0.0
2030-08-27 23:00:00,0.0
2030-08-27 23:15:00,0.0
2030-08-27 23:30:00,0.0
2030-08-27 23:45:00,0.0
2030-08-28 00:00:00,0.0
2030-08-28 00:15:00,0.0
2030-08-28 00:30:00,0.0
2030-08-28 00:45:00,0.0
2030-08-28 01:00:00,0.0
2030-08-28 01:15:00,0.0
2030-08-28 01:30:00,0.0
2030-08-28 01:45:00,0.0
2030-08-28 02:00:00,0.0
2030-08-28 02:15:00,0.0
2030-08-28 02:30:00,0.0
2030-08-28 02:45:00,0.0
2030-08-28 03:00:00,0.0
2030-08-28 03:15:00,0.0
2030-08-28 03:30:00,0.0
2030-08-28 03:45:00,0.0
2030-08-28 04:00:00,0.0
2030-08-28 04:15:00,0.0
2030-08-28 04:30:00,0.0
2030-08-28 04:45:00,0.0
2030-08-28 05:00:00,0.0
2030-08-28 05:15:00,0.0
2030-08-28 05:30:00,0.0
2030-08-28 05:45:00,0.0
2030-08-28 06:00:00,0.0
2030-08-28 06:15:00,0.0
2030-08-28 06:30:00,0.0
2030-08-28 06:45:00,0.0
2030-08-28 07:00:00,0.0
2030-08-28 07:15:00,0.0
2030-08-28 07:30:00,0.0
2030-08-28 07:45:00,0.0
2030-08-28 08:00:00,0.0
2030-08-28 08:15:00,0.0
2030-08-28 08:30:00,0.0
2030-08-28 08:45:00,0.0
2030-08-28 09:00:00,0.0
2030-08-28 09:15:00,0.0
2030-08-28 09:30:00,0.0
2030-08-28 09:45:00,0.0
2030-08-28 10:00:00,0.0
2030-08-28 10:15:00,0.0
2030-08-28 10:30:00,0.0
2030-08-28 10:45:00,0.0
2030-08-28 11:00:00,0.0
2030-08-28 11:15:00,0.0
2030-08-28 11:30:00,0.0
2030-08-28 11:45:00,0.0
2030-08-28 12:00:00,0.0
2030-08-28 12:15:00,0.0
2030-08-28 12:30:00,0.0
2030-08-28 12:45:00,0.0
2030-08-28 13:00:00,0.0
2030-08-28 13:15:00,0.0
2030-08-28 13:30:00,0.0
2030-08-28 13:45:00,0.0
2030-08-28 14:00:00,0.0
2030-08-28 14:15:00,0.0
2030-08-28 14:30:00,0.0
2030-08-28 14:45:00,0.0
2030-08-28 15:00:00,0.0
2030-08-28 15:15:00,0.0
2030-08-28 15:30:00,0.0
2030-08-28 15:45:00,0.0
2030-08-28 16:00:00,0.0
2030-08-28 16:15:00,0.0
2030-08-28 16:30:00,0.0
2030-08-28 16:45:00,0.0
2030-08-28 17:00:00,0.0
2030-08-28 17:15:00,0.0
2030-08-28 17:30:00,0.0
2030-08-28 17:45:00,0.0
2030-08-28 18:00:00,0.0
2030-08-28 18:15:00,0.0
2030-08-28 18:30:00,0.0
2030-08-28 18:45:00,0.0
2030-08-28 19:00:00,0.0
2030-08-28 19:15:00,0.0
2030-08-28 19:30:00,0.0
2030-08-28 19:45:00,0.0
2030-08-28 20:00:00,0.0
2030-08-28 20:15:00,0.0
2030-08-28 20:30:00,0.0
2030-08-28 20:45:00,0.0
2030-08-28 21:00:00,0.0
2030-08-28 21:15:00,0.0
2030-08-28 21:30:00,0.0
2030-08-28 21:45:00,0.0
2030-08-28 22:00:00,0.0
2030-08-28 22:15:00,0.0
2030-08-28 22:30:00,0.0
2030-08-28 22:45:00,0.0
2030-08-28 23:00:00,0.0
2030-08-28 23:15:00,0.0
2030-08-28 23:30:00,0.0
2030-08-28 23:45:00,0.0
2030-08-29 00:00:00,0.0
2030-08-29 00:15:00,0.0
2030-08-29 00:30:00,0.0
2030-08-29 00:45:00,0.0
2030-08-29 01:00:00,0.0
2030-08-29 01:15:00,0.0
2030-08-29 01:30:00,0.0
2030-08-29 01:45:00,0.0
2030-08-29 02:00:00,0.0
2030-08-29 02:15:00,0.0
2030-08-29 02:30:00,0.0
2030-08-29 02:45:00,0.0
2030-08-29 03:00:00,0.0
2030-08-29 03:15:00,0.0
2030-08-29 03:30:00,0.0
2030-08-29 03:45:00,0.0
2030-08-29 04:00:00,0.0
2030-08-29 04:15:00,0.0
2030-08-29 04:30:00,0.0
2030-08-29 04:45:00,0.0
2030-08-29 05:00:00,0.0
2030-08-29 05:15:00,0.0
2030-08-29 05:30:00,0.0
2030-08-29 05:45:00,0.0
2030-08-29 06:00:00,0.0
2030-08-29 06:15:00,0.0
2030-08-29 06:30:00,0.0
2030-08-29 06:45:00,0.0
2030-08-29 07:00:00,0.0
2030-08-29 07:15:00,0.0
2030-08-29 07:30:00,0.0
2030-08-29 07:45:00,0.0
2030-08-29 08:00:00,0.0
2030-08-29 08:15:00,0.0
2030-08-29 08:30:00,0.0
2030-08-29 08:45:00,0.0
2030-08-29 09:00:00,0.0
2030-08-29 09:15:00,0.0
2030-08-29 09:30:00,0.0
2030-08-29 09:45:00,0.0
2030-08-29 10:00:00,0.0
2030-08-29 10:15:00,0.0
2030-08-29 10:30:00,0.0
2030-08-29 10:45:00,0.0
2030-08-29 11:00:00,0.0
2030-08-29 11:15:00,0.0
2030-08-29 11:30:00,0.0
2030-08-29 11:45:00,0.0
2030-08-29 12:00:00,0.0
2030-08-29 12:15:00,0.0
2030-08-29 12:30:00,0.0
2030-08-29 12:45:00,0.0
2030-08-29 13:00:00,0.0
2030-08-29 13:15:00,0.0
2030-08-29 13:30:00,0.0
2030-08-29 13:45:00,0.0
2030-08-29 14:00:00,0.0
2030-08-29 14:15:00,0.0
2030-08-29 14:30:00,0.0
2030-08-29 14:45:00,0.0
2030-08-29 15:00:00,0.0
2030-08-29 15:15:00,0.0
2030-08-29 15:30:00,0.0
2030-08-29 15:45:00,0.0
2030-08-29 16:00:00,0.0
2030-08-29 16:15:00,0.0
2030-08-29 16:30:00,0.0
2030-08-29 16:45:00,0.0
2030-08-29 17:00:00,0.0
2030-08-29 17:15:00,0.0
2030-08-29 17:30:00,0.0
2030-08-29 17:45:00,0.0
2030-08-29 18:00:00,0.0
2030-08-29 18:15:00,0.0
2030-08-29 18:30:00,0.0
2030-08-29 18:45:00,0.0
2030-08-29 19:00:00,0.0
2030-08-29 19:15:00,0.0
2030-08-29 19:30:00,0.0
2030-08-29 19:45:00,0.0
2030-08-29 20:00:00,0.0
2030-08-29 20:15:00,0.0
2030-08-29 20:30:00,0.0
2030-08-29 20:45:00,0.0
2030-08-29 21:00:00,0.0
2030-08-29 21:15:00,0.0
2030-08-29 21:30:00,0.0
2030-08-29 21:45:00,0.0
2030-08-29 22:00:00,0.0
2030-08-29 22:15:00,0.0
2030-08-29 22:30:00,0.0
2030-08-29 22:45:00,0.0
2030-08-29 23:00:00,0.0
2030-08-29 23:15:00,0.0
2030-08-29 23:30:00,0.0
2030-08-29 23:45:00,0.0
2030-08-30 00:00:00,0.0
2030-08-30 00:15:00,0.0
2030-08-30 00:30:00,0.0
2030-08-30 00:45:00,0.0
2030-08-30 01:00:00,0.0
2030-08-30 01:15:00,0.0
2030-08-30 01:30:00,0.0
2030-08-30 01:45:00,0.0
2030-08-30 02:00:00,0.0
2030-08-30 02:15:00,0.0
2030-08-30 02:30:00,0.0
2030-08-30 02:45:00,0.0
2030-08-30 03:00:00,0.0
2030-08-30 03:15:00,0.0
2030-08-30 03:30:00,0.0
2030-08-30 03:45:00,0.0
2030-08-30 04:00:00,0.0
2030-08-30 04:15:00,0.0
2030-08-30 04:30:00,0.0
2030-08-30 04:45:00,0.0
2030-08-30 05:00:00,0.0
2030-08-30 05:15:00,0.0
2030-08-30 05:30:00,0.0
2030-08-30 05:45:00,0.0
2030-08-30 06:00:00,0.0
2030-08-30 06:15:00,0.0
2030-08-30 06:30:00,0.0
2030-08-30 06:45:00,0.0
2030-08-30 07:00:00,0.0
2030-08-30 07:15:00,0.0
2030-08-30 07:30:00,0.0
2030-08-30 07:45:00,0.0
2030-08-30 08:00:00,0.0
2030-08-30 08:15:00,0.0
2030-08-30 08:30:00,0.0
2030-08-30 08:45:00,0.0
2030-08-30 09:00:00,0.0
2030-08-30 09:15:00,0.0
2030-08-30 09:30:00,0.0
2030-08-30 09:45:00,0.0
2030-08-30 10:00:00,0.0
2030-08-30 10:15:00,0.0
2030-08-30 10:30:00,0.0
2030-08-30 10:45:00,0.0
2030-08-30 11:00:00,0.0
2030-08-30 11:15:00,0.0
2030-08-30 11:30:00,0.0
2030-08-30 11:45:00,0.0
2030-08-30 12:00:00,0.0
2030-08-30 12:15:00,0.0
2030-08-30 12:30:00,0.0
2030-08-30 12:45:00,0.0
2030-08-30 13:00:00,0.0
2030-08-30 13:15:00,0.0
2030-08-30 13:30:00,0.0
2030-08-30 13:45:00,0.0
2030-08-30 14:00:00,0.0
2030-08-30 14:15:00,0.0
2030-08-30 14:30:00,0.0
2030-08-30 14:45:00,0.0
2030-08-30 15:00:00,0.0
2030-08-30 15:15:00,0.0
2030-08-30 15:30:00,0.0
2030-08-30 15:45:00,0.0
2030-08-30 16:00:00,0.0
2030-08-30 16:15:00,0.0
2030-08-30 16:30:00,0.0
2030-08-30 16:45:00,0.0
2030-08-30 17:00:00,0.0
2030-08-30 17:15:00,0.0
2030-08-30 17:30:00,0.0
2030-08-30 17:45:00,0.0
2030-08-30 18:00:00,0.0
2030-08-30 18:15:00,0.0
2030-08-30 18:30:00,0.0
2030-08-30 18:45:00,0.0
2030-08-30 19:00:00,0.0
2030-08-30 19:15:00,0.0
2030-08-30 19:30:00,0.0
2030-08-30 19:45:00,0.0
2030-08-30 20:00:00,0.0
2030-08-30 20:15:00,0.0
2030-08-30 20:30:00,0.0
2030-08-30 20:45:00,0.0
2030-08-30 21:00:00,0.0
2030-08-30 21:15:00,0.0
2030-08-30 21:30:00,0.0
2030-08-30 21:45:00,0.0
2030-08-30 22:00:00,0.0
2030-08-30 22:15:00,0.0
2030-08-30 22:30:00,0.0
2030-08-30 22:45:00,0.0
2030-08-30 23:00:00,0.0
2030-08-30 23:15:00,0.0
2030-08-30 23:30:00,0.0
2030-08-30 23:45:00,0.0
2030-08-31 00:00:00,0.0
2030-08-31 00:15:00,0.0
2030-08-31 00:30:00,0.0
2030-08-31 00:45:00,0.0
2030-08-31 01:00:00,0.0
2030-08-31 01:15:00,0.0
2030-08-31 01:30:00,0.0
2030-08-31 01:45:00,0.0
2030-08-31 02:00:00,0.0
2030-08-31 02:15:00,0.0
2030-08-31 02:30:00,0.0
2030-08-31 02:45:00,0.0
2030-08-31 03:00:00,0.0
2030-08-31 03:15:00,0.0
2030-08-31 03:30:00,0.0
2030-08-31 03:45:00,0.0
2030-08-31 04:00:00,0.0
2030-08-31 04:15:00,0.0
2030-08-31 04:30:00,0.0
2030-08-31 04:45:00,0.0
2030-08-31 05:00:00,0.0
2030-08-31 05:15:00,0.0
2030-08-31 05:30:00,0.0
2030-08-31 05:45:00,0.0
2030-08-31 06:00:00,0.0
2030-08-31 06:15:00,0.0
2030-08-31 06:30:00,0.0
2030-08-31 06:45:00,0.0
2030-08-31 07:00:00,0.0
2030-08-31 07:15:00,0.0
2030-08-31 07:30:00,0.0
2030-08-31 07:45:00,0.0
2030-08-31 08:00:00,0.0
2030-08-31 08:15:00,0.0
2030-08-31 08:30:00,0.0
2030-08-31 08:45:00,0.0
2030-08-31 09:00:00,0.0
2030-08-31 09:15:00,0.0
2030-08-31 09:30:00,0.0
2030-08-31 09:45:00,0.0
2030-08-31 10:00:00,0.0
2030-08-31 10:15:00,0.0
2030-08-31 10:30:00,0.0
2030-08-31 10:45:00,0.0
2030-08-31 11:00:00,0.0
2030-08-31 11:15:00,0.0
2030-08-31 11:30:00,0.0
2030-08-31 11:45:00,0.0
2030-08-31 12:00:00,0.0
2030-08-31 12:15:00,0.0
2030-08-31 12:30:00,0.0
2030-08-31 12:45:00,0.0
2030-08-31 13:00:00,0.0
2030-08-31 13:15:00,0.0
2030-08-31 13:30:00,0.0
2030-08-31 13:45:00,0.0
2030-08-31 14:00:00,0.0
2030-08-31 14:15:00,0.0
2030-08-31 14:30:00,0.0
2030-08-31 14:45:00,0.0
2030-08-31 15:00:00,0.0
2030-08-31 15:15:00,0.0
2030-08-31 15:30:00,0.0
2030-08-31 15:45:00,0.0
2030-08-31 16:00:00,0.0
2030-08-31 16:15:00,0.0
2030-08-31 16:30:00,0.0
2030-08-31 16:45:00,0.0
2030-08-31 17:00:00,0.0
2030-08-31 17:15:00,0.0
2030-08-31 17:30:00,0.0
2030-08-31 17:45:00,0.0
2030-08-31 18:00:00,0.0
2030-08-31 18:15:00,0.0
2030-08-31 18:30:00,0.0
2030-08-31 18:45:00,0.0
2030-08-31 19:00:00,0.0
2030-08-31 19:15:00,0.0
2030-08-31 19:30:00,0.0
2030-08-31 19:45:00,0.0
2030-08-31 20:00:00,0.0
2030-08-31 20:15:00,0.0
2030-08-31 20:30:00,0.0
2030-08-31 20:45:00,0.0
2030-08-31 21:00:00,0.0
2030-08-31 21:15:00,0.0
2030-08-31 21:30:00,0.0
2030-08-31 21:45:00,0.0
2030-08-31 22:00:00,0.0
2030-08-31 22:15:00,0.0
2030-08-31 22:30:00,0.0
2030-08-31 22:45:00,0.0
2030-08-31 23:00:00,0.0
2030-08-31 23:15:00,0.0
2030-08-31 23:30:00,0.0
2030-08-31 23:45:00,0.0
2030-09-01 00:00:00,0.0
2030-09-01 00:15:00,0.0
2030-09-01 00:30:00,0.0
2030-09-01 00:45:00,0.0
2030-09-01 01:00:00,0.0
2030-09-01 01:15:00,0.0
2030-09-01 01:30:00,0.0
2030-09-01 01:45:00,0.0
2030-09-01 02:00:00,0.0
2030-09-01 02:15:00,0.0
2030-09-01 02:30:00,0.0
2030-09-01 02:45:00,0.0
2030-09-01 03:00:00,0.0
2030-09-01 03:15:00,0.0
2030-09-01 03:30:00,0.0
2030-09-01 03:45:00,0.0
2030-09-01 04:00:00,0.0
2030-09-01 04:15:00,0.0
2030-09-01 04:30:00,0.0
2030-09-01 04:45:00,0.0
2030-09-01 05:00:00,0.0
2030-09-01 05:15:00,0.0
2030-09-01 05:30:00,0.0
2030-09-01 05:45:00,0.0
2030-09-01 06:00:00,0.0
2030-09-01 06:15:00,0.0
2030-09-01 06:30:00,0.0
2030-09-01 06:45:00,0.0
2030-09-01 07:00:00,0.0
2030-09-01 07:15:00,0.0
2030-09-01 07:30:00,0.0
2030-09-01 07:45:00,0.0
2030-09-01 08:00:00,0.0
2030-09-01 08:15:00,0.0
2030-09-01 08:30:00,0.0
2030-09-01 08:45:00,0.0
2030-09-01 09:00:00,0.0
2030-09-01 09:15:00,0.0
2030-09-01 09:30:00,0.0
2030-09-01 09:45:00,0.0
2030-09-01 10:00:00,0.0
2030-09-01 10:15:00,0.0
2030-09-01 10:30:00,0.0
2030-09-01 10:45:00,0.0
2030-09-01 11:00:00,0.0
2030-09-01 11:15:00,0.0
2030-09-01 11:30:00,0.0
2030-09-01 11:45:00,0.0
2030-09-01 12:00:00,0.0
2030-09-01 12:15:00,0.0
2030-09-01 12:30:00,0.0
2030-09-01 12:45:00,0.0
2030-09-01 13:00:00,0.0
2030-09-01 13:15:00,0.0
2030-09-01 13:30:00,0.0
2030-09-01 13:45:00,0.0
2030-09-01 14:00:00,0.0
2030-09-01 14:15:00,0.0
2030-09-01 14:30:00,0.0
2030-09-01 14:45:00,0.0
2030-09-01 15:00:00,0.0
2030-09-01 15:15:00,0.0
2030-09-01 15:30:00,0.0
2030-09-01 15:45:00,0.0
2030-09-01 16:00:00,0.0
2030-09-01 16:15:00,0.0
2030-09-01 16:30:00,0.0
2030-09-01 16:45:00,0.0
2030-09-01 17:00:00,0.0
2030-09-01 17:15:00,0.0
2030-09-01 17:30:00,0.0
2030-09-01 17:45:00,0.0
2030-09-01 18:00:00,0.0
2030-09-01 18:15:00,0.0
2030-09-01 18:30:00,0.0
2030-09-01 18:45:00,0.0
2030-09-01 19:00:00,0.0
2030-09-01 19:15:00,0.0
2030-09-01 19:30:00,0.0
2030-09-01 19:45:00,0.0
2030-09-01 20:00:00,0.0
2030-09-01 20:15:00,0.0
2030-09-01 20:30:00,0.0
2030-09-01 20:45:00,0.0
2030-09-01 21:00:00,0.0
2030-09-01 21:15:00,0.0
2030-09-01 21:30:00,0.0
2030-09-01 21:45:00,0.0
2030-09-01 22:00:00,0.0
2030-09-01 22:15:00,0.0
2030-09-01 22:30:00,0.0
2030-09-01 22:45:00,0.0
2030-09-01 23:00:00,0.0
2030-09-01 23:15:00,0.0
2030-09-01 23:30:00,0.0
2030-09-01 23:45:00,0.0
2030-09-02 00:00:00,0.0
2030-09-02 00:15:00,0.0
2030-09-02 00:30:00,0.0
2030-09-02 00:45:00,0.0
2030-09-02 01:00:00,0.0
2030-09-02 01:15:00,0.0
2030-09-02 01:30:00,0.0
2030-09-02 01:45:00,0.0
2030-09-02 02:00:00,0.0
2030-09-02 02:15:00,0.0
2030-09-02 02:30:00,0.0
2030-09-02 02:45:00,0.0
2030-09-02 03:00:00,0.0
2030-09-02 03:15:00,0.0
2030-09-02 03:30:00,0.0
2030-09-02 03:45:00,0.0
2030-09-02 04:00:00,0.0
2030-09-02 04:15:00,0.0
2030-09-02 04:30:00,0.0
2030-09-02 04:45:00,0.0
2030-09-02 05:00:00,0.0
2030-09-02 05:15:00,0.0
2030-09-02 05:30:00,0.0
2030-09-02 05:45:00,0.0
2030-09-02 06:00:00,0.0
2030-09-02 06:15:00,0.0
2030-09-02 06:30:00,0.0
2030-09-02 06:45:00,0.0
2030-09-02 07:00:00,0.0
2030-09-02 07:15:00,0.0
2030-09-02 07:30:00,0.0
2030-09-02 07:45:00,0.0
2030-09-02 08:00:00,0.0
2030-09-02 08:15:00,0.0
2030-09-02 08:30:00,0.0
2030-09-02 08:45:00,0.0
2030-09-02 09:00:00,0.0
2030-09-02 09:15:00,0.0
2030-09-02 09:30:00,0.0
2030-09-02 09:45:00,0.0
2030-09-02 10:00:00,0.0
2030-09-02 10:15:00,0.0
2030-09-02 10:30:00,0.0
2030-09-02 10:45:00,0.0
2030-09-02 11:00:00,0.0
2030-09-02 11:15:00,0.0
2030-09-02 11:30:00,0.0
2030-09-02 11:45:00,0.0
2030-09-02 12:00:00,0.0
2030-09-02 12:15:00,0.0
2030-09-02 12:30:00,0.0
2030-09-02 12:45:00,0.0
2030-09-02 13:00:00,0.0
2030-09-02 13:15:00,0.0
2030-09-02 13:30:00,0.0
2030-09-02 13:45:00,0.0
2030-09-02 14:00:00,0.0
2030-09-02 14:15:00,0.0
2030-09-02 14:30:00,0.0
2030-09-02 14:45:00,0.0
2030-09-02 15:00:00,0.0
2030-09-02 15:15:00,0.0
2030-09-02 15:30:00,0.0
2030-09-02 15:45:00,0.0
2030-09-02 16:00:00,0.0
2030-09-02 16:15:00,0.0
2030-09-02 16:30:00,0.0
2030-09-02 16:45:00,0.0
2030-09-02 17:00:00,0.0
2030-09-02 17:15:00,0.0
2030-09-02 17:30:00,0.0
2030-09-02 17:45:00,0.0
2030-09-02 18:00:00,0.0
2030-09-02 18:15:00,0.0
2030-09-02 18:30:00,0.0
2030-09-02 18:45:00,0.0
2030-09-02 19:00:00,0.0
2030-09-02 19:15:00,0.0
2030-09-02 19:30:00,0.0
2030-09-02 19:45:00,0.0
2030-09-02 20:00:00,0.0
2030-09-02 20:15:00,0.0
2030-09-02 20:30:00,0.0
2030-09-02 20:45:00,0.0
2030-09-02 21:00:00,0.0
2030-09-02 21:15:00,0.0
2030-09-02 21:30:00,0.0
2030-09-02 21:45:00,0.0
2030-09-02 22:00:00,0.0
2030-09-02 22:15:00,0.0
2030-09-02 22:30:00,0.0
2030-09-02 22:45:00,0.0
2030-09-02 23:00:00,0.0
2030-09-02 23:15:00,0.0
2030-09-02 23:30:00,0.0
2030-09-02 23:45:00,0.0
2030-09-03 00:00:00,0.0
2030-09-03 00:15:00,0.0
2030-09-03 00:30:00,0.0
2030-09-03 00:45:00,0.0
2030-09-03 01:00:00,0.0
2030-09-03 01:15:00,0.0
2030-09-03 01:30:00,0.0
2030-09-03 01:45:00,0.0
2030-09-03 02:00:00,0.0
2030-09-03 02:15:00,0.0
2030-09-03 02:30:00,0.0
2030-09-03 02:45:00,0.0
2030-09-03 03:00:00,0.0
2030-09-03 03:15:00,0.0
2030-09-03 03:30:00,0.0
2030-09-03 03:45:00,0.0
2030-09-03 04:00:00,0.0
2030-09-03 04:15:00,0.0
2030-09-03 04:30:00,0.0
2030-09-03 04:45:00,0.0
2030-09-03 05:00:00,0.0
2030-09-03 05:15:00,0.0
2030-09-03 05:30:00,0.0
2030-09-03 05:45:00,0.0
2030-09-03 06:00:00,0.0
2030-09-03 06:15:00,0.0
2030-09-03 06:30:00,0.0
2030-09-03 06:45:00,0.0
2030-09-03 07:00:00,0.0
2030-09-03 07:15:00,0.0
2030-09-03 07:30:00,0.0
2030-09-03 07:45:00,0.0
2030-09-03 08:00:00,0.0
2030-09-03 08:15:00,0.0
2030-09-03 08:30:00,0.0
2030-09-03 08:45:00,0.0
2030-09-03 09:00:00,0.0
2030-09-03 09:15:00,0.0
2030-09-03 09:30:00,0.0
2030-09-03 09:45:00,0.0
2030-09-03 10:00:00,0.0
2030-09-03 10:15:00,0.0
2030-09-03 10:30:00,0.0
2030-09-03 10:45:00,0.0
2030-09-03 11:00:00,0.0
2030-09-03 11:15:00,0.0
2030-09-03 11:30:00,0.0
2030-09-03 11:45:00,0.0
2030-09-03 12:00:00,0.0
2030-09-03 12:15:00,0.0
2030-09-03 12:30:00,0.0
2030-09-03 12:45:00,0.0
2030-09-03 13:00:00,0.0
2030-09-03 13:15:00,0.0
2030-09-03 13:30:00,0.0
2030-09-03 13:45:00,0.0
2030-09-03 14:00:00,0.0
2030-09-03 14:15:00,0.0
2030-09-03 14:30:00,0.0
2030-09-03 14:45:00,0.0
2030-09-03 15:00:00,0.0
2030-09-03 15:15:00,0.0
2030-09-03 15:30:00,0.0
2030-09-03 15:45:00,0.0
2030-09-03 16:00:00,0.0
2030-09-03 16:15:00,0.0
2030-09-03 16:30:00,0.0
2030-09-03 16:45:00,0.0
2030-09-03 17:00:00,0.0
2030-09-03 17:15:00,0.0
2030-09-03 17:30:00,0.0
2030-09-03 17:45:00,0.0
2030-09-03 18:00:00,0.0
2030-09-03 18:15:00,0.0
2030-09-03 18:30:00,0.0
2030-09-03 18:45:00,0.0
2030-09-03 19:00:00,0.0
2030-09-03 19:15:00,0.0
2030-09-03 19:30:00,0.0
2030-09-03 19:45:00,0.0
2030-09-03 20:00:00,0.0
2030-09-03 20:15:00,0.0
2030-09-03 20:30:00,0.0
2030-09-03 20:45:00,0.0
2030-09-03 21:00:00,0.0
2030-09-03 21:15:00,0.0
2030-09-03 21:30:00,0.0
2030-09-03 21:45:00,0.0
2030-09-03 22:00:00,0.0
2030-09-03 22:15:00,0.0
2030-09-03 22:30:00,0.0
2030-09-03 22:45:00,0.0
2030-09-03 23:00:00,0.0
2030-09-03 23:15:00,0.0
2030-09-03 23:30:00,0.0
2030-09-03 23:45:00,0.0
2030-09-04 00:00:00,0.0
2030-09-04 00:15:00,0.0
2030-09-04 00:30:00,0.0
2030-09-04 00:45:00,0.0
2030-09-04 01:00:00,0.0
2030-09-04 01:15:00,0.0
2030-09-04 01:30:00,0.0
2030-09-04 01:45:00,0.0
2030-09-04 02:00:00,0.0
2030-09-04 02:15:00,0.0
2030-09-04 02:30:00,0.0
2030-09-04 02:45:00,0.0
2030-09-04 03:00:00,0.0
2030-09-04 03:15:00,0.0
2030-09-04 03:30:00,0.0
2030-09-04 03:45:00,0.0
2030-09-04 04:00:00,0.0
2030-09-04 04:15:00,0.0
2030-09-04 04:30:00,0.0
2030-09-04 04:45:00,0.0
2030-09-04 05:00:00,0.0
2030-09-04 05:15:00,0.0
2030-09-04 05:30:00,0.0
2030-09-04 05:45:00,0.0
2030-09-04 06:00:00,0.0
2030-09-04 06:15:00,0.0
2030-09-04 06:30:00,0.0
2030-09-04 06:45:00,0.0
2030-09-04 07:00:00,0.0
2030-09-04 07:15:00,0.0
2030-09-04 07:30:00,0.0
2030-09-04 07:45:00,0.0
2030-09-04 08:00:00,0.0
2030-09-04 08:15:00,0.0
2030-09-04 08:30:00,0.0
2030-09-04 08:45:00,0.0
2030-09-04 09:00:00,0.0
2030-09-04 09:15:00,0.0
2030-09-04 09:30:00,0.0
2030-09-04 09:45:00,0.0
2030-09-04 10:00:00,0.0
2030-09-04 10:15:00,0.0
2030-09-04 10:30:00,0.0
2030-09-04 10:45:00,0.0
2030-09-04 11:00:00,0.0
2030-09-04 11:15:00,0.0
2030-09-04 11:30:00,0.0
2030-09-04 11:45:00,0.0
2030-09-04 12:00:00,0.0
2030-09-04 12:15:00,0.0
2030-09-04 12:30:00,0.0
2030-09-04 12:45:00,0.0
2030-09-04 13:00:00,0.0
2030-09-04 13:15:00,0.0
2030-09-04 13:30:00,0.0
2030-09-04 13:45:00,0.0
2030-09-04 14:00:00,0.0
2030-09-04 14:15:00,0.0
2030-09-04 14:30:00,0.0
2030-09-04 14:45:00,0.0
2030-09-04 15:00:00,0.0
2030-09-04 15:15:00,0.0
2030-09-04 15:30:00,0.0
2030-09-04 15:45:00,0.0
2030-09-04 16:00:00,0.0
2030-09-04 16:15:00,0.0
2030-09-04 16:30:00,0.0
2030-09-04 16:45:00,0.0
2030-09-04 17:00:00,0.0
2030-09-04 17:15:00,0.0
2030-09-04 17:30:00,0.0
2030-09-04 17:45:00,0.0
2030-09-04 18:00:00,0.0
2030-09-04 18:15:00,0.0
2030-09-04 18:30:00,0.0
2030-09-04 18:45:00,0.0
2030-09-04 19:00:00,0.0
2030-09-04 19:15:00,0.0
2030-09-04 19:30:00,0.0
2030-09-04 19:45:00,0.0
2030-09-04 20:00:00,0.0
2030-09-04 20:15:00,0.0
2030-09-04 20:30:00,0.0
2030-09-04 20:45:00,0.0
2030-09-04 21:00:00,0.0
2030-09-04 21:15:00,0.0
2030-09-04 21:30:00,0.0
2030-09-04 21:45:00,0.0
2030-09-04 22:00:00,0.0
2030-09-04 22:15:00,0.0
2030-09-04 22:30:00,0.0
2030-09-04 22:45:00,0.0
2030-09-04 23:00:00,0.0
2030-09-04 23:15:00,0.0
2030-09-04 23:30:00,0.0
2030-09-04 23:45:00,0.0
2030-09-05 00:00:00,0.0
2030-09-05 00:15:00,0.0
2030-09-05 00:30:00,0.0
2030-09-05 00:45:00,0.0
2030-09-05 01:00:00,0.0
2030-09-05 01:15:00,0.0
2030-09-05 01:30:00,0.0
2030-09-05 01:45:00,0.0
2030-09-05 02:00:00,0.0
2030-09-05 02:15:00,0.0
2030-09-05 02:30:00,0.0
2030-09-05 02:45:00,0.0
2030-09-05 03:00:00,0.0
2030-09-05 03:15:00,0.0
2030-09-05 03:30:00,0.0
2030-09-05 03:45:00,0.0
2030-09-05 04:00:00,0.0
2030-09-05 04:15:00,0.0
2030-09-05 04:30:00,0.0
2030-09-05 04:45:00,0.0
2030-09-05 05:00:00,0.0
2030-09-05 05:15:00,0.0
2030-09-05 05:30:00,0.0
2030-09-05 05:45:00,0.0
2030-09-05 06:00:00,0.0
2030-09-05 06:15:00,0.0
2030-09-05 06:30:00,0.0
2030-09-05 06:45:00,0.0
2030-09-05 07:00:00,0.0
2030-09-05 07:15:00,0.0
2030-09-05 07:30:00,0.0
2030-09-05 07:45:00,0.0
2030-09-05 08:00:00,0.0
2030-09-05 08:15:00,0.0
2030-09-05 08:30:00,0.0
2030-09-05 08:45:00,0.0
2030-09-05 09:00:00,0.0
2030-09-05 09:15:00,0.0
2030-09-05 09:30:00,0.0
2030-09-05 09:45:00,0.0
2030-09-05 10:00:00,0.0
2030-09-05 10:15:00,0.0
2030-09-05 10:30:00,0.0
2030-09-05 10:45:00,0.0
2030-09-05 11:00:00,0.0
2030-09-05 11:15:00,0.0
2030-09-05 11:30:00,0.0
2030-09-05 11:45:00,0.0
2030-09-05 12:00:00,0.0
2030-09-05 12:15:00,0.0
2030-09-05 12:30:00,0.0
2030-09-05 12:45:00,0.0
2030-09-05 13:00:00,0.0
2030-09-05 13:15:00,0.0
2030-09-05 13:30:00,0.0
2030-09-05 13:45:00,0.0
2030-09-05 14:00:00,0.0
2030-09-05 14:15:00,0.0
2030-09-05 14:30:00,0.0
2030-09-05 14:45:00,0.0
2030-09-05 15:00:00,0.0
2030-09-05 15:15:00,0.0
2030-09-05 15:30:00,0.0
2030-09-05 15:45:00,0.0
2030-09-05 16:00:00,0.0
2030-09-05 16:15:00,0.0
2030-09-05 16:30:00,0.0
2030-09-05 16:45:00,0.0
2030-09-05 17:00:00,0.0
2030-09-05 17:15:00,0.0
2030-09-05 17:30:00,0.0
2030-09-05 17:45:00,0.0
2030-09-05 18:00:00,0.0
2030-09-05 18:15:00,0.0
2030-09-05 18:30:00,0.0
2030-09-05 18:45:00,0.0
2030-09-05 19:00:00,0.0
2030-09-05 19:15:00,0.0
2030-09-05 19:30:00,0.0
2030-09-05 19:45:00,0.0
2030-09-05 20:00:00,0.0
2030-09-05 20:15:00,0.0
2030-09-05 20:30:00,0.0
2030-09-05 20:45:00,0.0
2030-09-05 21:00:00,0.0
2030-09-05 21:15:00,0.0
2030-09-05 21:30:00,0.0
2030-09-05 21:45:00,0.0
2030-09-05 22:00:00,0.0
2030-09-05 22:15:00,0.0
2030-09-05 22:30:00,0.0
2030-09-05 22:45:00,0.0
2030-09-05 23:00:00,0.0
2030-09-05 23:15:00,0.0
2030-09-05 23:30:00,0.0
2030-09-05 23:45:00,0.0
2030-09-06 00:00:00,0.0
2030-09-06 00:15:00,0.0
2030-09-06 00:30:00,0.0
2030-09-06 00:45:00,0.0
2030-09-06 01:00:00,0.0
2030-09-06 01:15:00,0.0
2030-09-06 01:30:00,0.0
2030-09-06 01:45:00,0.0
2030-09-06 02:00:00,0.0
2030-09-06 02:15:00,0.0
2030-09-06 02:30:00,0.0
2030-09-06 02:45:00,0.0
2030-09-06 03:00:00,0.0
2030-09-06 03:15:00,0.0
2030-09-06 03:30:00,0.0
2030-09-06 03:45:00,0.0
2030-09-06 04:00:00,0.0
2030-09-06 04:15:00,0.0
2030-09-06 04:30:00,0.0
2030-09-06 04:45:00,0.0
2030-09-06 05:00:00,0.0
2030-09-06 05:15:00,0.0
2030-09-06 05:30:00,0.0
2030-09-06 05:45:00,0.0
2030-09-06 06:00:00,0.0
2030-09-06 06:15:00,0.0
2030-09-06 06:30:00,0.0
2030-09-06 06:45:00,0.0
2030-09-06 07:00:00,0.0
2030-09-06 07:15:00,0.0
2030-09-06 07:30:00,0.0
2030-09-06 07:45:00,0.0
2030-09-06 08:00:00,0.0
2030-09-06 08:15:00,0.0
2030-09-06 08:30:00,0.0
2030-09-06 08:45:00,0.0
2030-09-06 09:00:00,0.0
2030-09-06 09:15:00,0.0
2030-09-06 09:30:00,0.0
2030-09-06 09:45:00,0.0
2030-09-06 10:00:00,0.0
2030-09-06 10:15:00,0.0
2030-09-06 10:30:00,0.0
2030-09-06 10:45:00,0.0
2030-09-06 11:00:00,0.0
2030-09-06 11:15:00,0.0
2030-09-06 11:30:00,0.0
2030-09-06 11:45:00,0.0
2030-09-06 12:00:00,0.0
2030-09-06 12:15:00,0.0
2030-09-06 12:30:00,0.0
2030-09-06 12:45:00,0.0
2030-09-06 13:00:00,0.0
2030-09-06 13:15:00,0.0
2030-09-06 13:30:00,0.0
2030-09-06 13:45:00,0.0
2030-09-06 14:00:00,0.0
2030-09-06 14:15:00,0.0
2030-09-06 14:30:00,0.0
2030-09-06 14:45:00,0.0
2030-09-06 15:00:00,0.0
2030-09-06 15:15:00,0.0
2030-09-06 15:30:00,0.0
2030-09-06 15:45:00,0.0
2030-09-06 16:00:00,0.0
2030-09-06 16:15:00,0.0
2030-09-06 16:30:00,0.0
2030-09-06 16:45:00,0.0
2030-09-06 17:00:00,0.0
2030-09-06 17:15:00,0.0
2030-09-06 17:30:00,0.0
2030-09-06 17:45:00,0.0
2030-09-06 18:00:00,0.0
2030-09-06 18:15:00,1089.7438593800089
2030-09-06 18:30:00,14011.772734497477
2030-09-06 18:45:00,13563.813540628125
2030-09-06 19:00:00,13355.224432753923
2030-09-06 19:15:00,13131.719689573423
2030-09-06 19:30:00,12456.913860333894
2030-09-06 19:45:00,11846.883943759263
2030-09-06 20:00:00,11280.034408687314
2030-09-06 20:15:00,10656.77017780722
2030-09-06 20:30:00,10702.834237631872
2030-09-06 20:45:00,10158.195336171528
2030-09-06 21:00:00,9127.0232366005
2030-09-06 21:15:00,8458.596893068756
2030-09-06 21:30:00,8181.704838698119
2030-09-06 21:45:00,7866.524197574017
2030-09-06 22:00:00,7770.753734651047
2030-09-06 22:15:00,7724.05817768057
2030-09-06 22:30:00,7442.1377897547245
2030-09-06 22:45:00,6950.784962364432
2030-09-06 23:00:00,6778.736623911875
2030-09-06 23:15:00,6730.642204441914
2030-09-06 23:30:00,6544.251258408842
2030-09-06 23:45:00,6145.914828063826
2030-09-07 00:00:00,5933.502199703184
2030-09-07 00:15:00,6170.7585718663395
2030-09-07 00:30:00,5780.873974746539
2030-09-07 00:45:00,5678.848108752927
2030-09-07 01:00:00,5430.111183158637
2030-09-07 01:15:00,5459.777602288263
2030-09-07 01:30:00,5709.407580390391
2030-09-07 01:45:00,5665.852035207879
2030-09-07 02:00:00,5445.342545844947
2030-09-07 02:15:00,5198.618318396617
2030-09-07 02:30:00,5914.1803113162605
2030-09-07 02:45:00,6242.313756987376
2030-09-07 03:00:00,6427.926141971105
2030-09-07 03:15:00,6465.9843621606515
2030-09-07 03:30:00,6521.307177398809
2030-09-07 03:45:00,6565.018605104064
2030-09-07 04:00:00,6716.0738084231
2030-09-07 04:15:00,6729.719791233264
2030-09-07 04:30:00,6697.173277867643
2030-09-07 04:45:00,6773.520682119051
2030-09-07 05:00:00,6963.588838307343
2030-09-07 05:15:00,7217.960710716116
2030-09-07 05:30:00,7551.656644377499
2030-09-07 05:45:00,7814.024661748559
2030-09-07 06:00:00,8587.76197049029
2030-09-07 06:15:00,9073.34552006206
2030-09-07 06:30:00,9025.5685330134
2030-09-07 06:45:00,9037.907257685069
2030-09-07 07:00:00,9127.740386455156
2030-09-07 07:15:00,8917.836710072841
2030-09-07 07:30:00,9056.038776129722
2030-09-07 07:45:00,8935.60355536455
2030-09-07 08:00:00,8921.694072771197
2030-09-07 08:15:00,8996.607902728641
2030-09-07 08:30:00,8744.003026668155
2030-09-07 08:45:00,8347.039821803424
2030-09-07 09:00:00,7811.992300823904
2030-09-07 09:15:00,7330.319128937788
2030-09-07 09:30:00,6774.456812477634
2030-09-07 09:45:00,6171.7822631706495
2030-09-07 10:00:00,5361.343167480831
2030-09-07 10:15:00,4882.040585852232
2030-09-07 10:30:00,4209.892853184469
2030-09-07 10:45:00,3352.520522154522
2030-09-07 11:00:00,2646.4820055512137
2030-09-07 11:15:00,1736.8139829309912
2030-09-07 11:30:00,1122.55202550576
2030-09-07 11:45:00,603.115786350565
2030-09-07 12:00:00,362.8758045906725
2030-09-07 12:15:00,0.0
2030-09-07 12:30:00,0.0
2030-09-07 12:45:00,0.0
2030-09-07 13:00:00,0.0
2030-09-07 13:15:00,0.0
2030-09-07 13:30:00,0.0
2030-09-07 13:45:00,0.0
2030-09-07 14:00:00,0.0
2030-09-07 14:15:00,0.0
2030-09-07 14:30:00,0.0
2030-09-07 14:45:00,0.0
2030-09-07 15:00:00,0.0
2030-09-07 15:15:00,0.0
2030-09-07 15:30:00,0.0
2030-09-07 15:45:00,0.0
2030-09-07 16:00:00,0.0
2030-09-07 16:15:00,0.0
2030-09-07 16:30:00,265.38873182712996
2030-09-07 16:45:00,4345.613699653517
2030-09-07 17:00:00,5319.615421735765
2030-09-07 17:15:00,5836.088917129582
2030-09-07 17:30:00,6001.571062344165
2030-09-07 17:45:00,6571.953481381155
2030-09-07 18:00:00,6819.716906445778
2030-09-07 18:15:00,6314.1457036873
2030-09-07 18:30:00,5531.5055673091665
2030-09-07 18:45:00,4733.1849996973815
2030-09-07 19:00:00,3929.7446739916413
2030-09-07 19:15:00,3662.460102464669
2030-09-07 19:30:00,2959.2241890909027
2030-09-07 19:45:00,2423.460008386446
2030-09-07 20:00:00,2122.4923291748673
2030-09-07 20:15:00,1729.79458723692
2030-09-07 20:30:00,1925.4791724095521
2030-09-07 20:45:00,1887.5402661954759
2030-09-07 21:00:00,1809.1906977582548
2030-09-07 21:15:00,1667.9919140933234
2030-09-07 21:30:00,1476.789167156403
2030-09-07 21:45:00,1226.1116214963586
2030-09-07 22:00:00,991.7412560405319
2030-09-07 22:15:00,1288.397582884434
2030-09-07 22:30:00,1949.898247437508
2030-09-07 22:45:00,2281.8688301454367
2030-09-07 23:00:00,2238.8954008090004
2030-09-07 23:15:00,2140.446814387058
2030-09-07 23:30:00,2083.6828174652455
2030-09-07 23:45:00,2082.8993367478542
2030-09-08 00:00:00,1971.9213456984453
2030-09-08 00:15:00,1797.1627224335134
2030-09-08 00:30:00,1770.300314919874
2030-09-08 00:45:00,1828.0201955244283
2030-09-08 01:00:00,1947.0147707447286
2030-09-08 01:15:00,1851.425443129201
2030-09-08 01:30:00,1925.3586382095255
2030-09-08 01:45:00,2543.0670237970844
2030-09-08 02:00:00,2631.055584538941
2030-09-08 02:15:00,2567.663892547538
2030-09-08 02:30:00,2807.3941253890425
2030-09-08 02:45:00,3195.6186245034205
2030-09-08 03:00:00,3490.1108540934765
2030-09-08 03:15:00,3561.5398773392517
2030-09-08 03:30:00,3731.529851882906
2030-09-08 03:45:00,3864.620720469513
2030-09-08 04:00:00,3916.06667468838
2030-09-08 04:15:00,3943.553100141051
2030-09-08 04:30:00,4099.110855322844
2030-09-08 04:45:00,4281.526774798582
2030-09-08 05:00:00,4750.05160871841
2030-09-08 05:15:00,5100.449505927989
2030-09-08 05:30:00,5524.148610477159
2030-09-08 05:45:00,6028.912295703554
2030-09-08 06:00:00,6817.7714695492905
2030-09-08 06:15:00,7014.416957362271
2030-09-08 06:30:00,6500.524728837492
2030-09-08 06:45:00,5324.610890510754
2030-09-08 07:00:00,4527.206628388449
2030-09-08 07:15:00,3913.7138701244075
2030-09-08 07:30:00,2868.846220969186
2030-09-08 07:45:00,1881.828146592925
2030-09-08 08:00:00,487.08715703092093
2030-09-08 08:15:00,0.0
2030-09-08 08:30:00,0.0
2030-09-08 08:45:00,0.0
2030-09-08 09:00:00,0.0
2030-09-08 09:15:00,0.0
2030-09-08 09:30:00,0.0
2030-09-08 09:45:00,0.0
2030-09-08 10:00:00,0.0
2030-09-08 10:15:00,0.0
2030-09-08 10:30:00,0.0
2030-09-08 10:45:00,0.0
2030-09-08 11:00:00,0.0
2030-09-08 11:15:00,0.0
2030-09-08 11:30:00,0.0
2030-09-08 11:45:00,0.0
2030-09-08 12:00:00,0.0
2030-09-08 12:15:00,0.0
2030-09-08 12:30:00,0.0
2030-09-08 12:45:00,0.0
2030-09-08 13:00:00,0.0
2030-09-08 13:15:00,0.0
2030-09-08 13:30:00,0.0
2030-09-08 13:45:00,0.0
2030-09-08 14:00:00,0.0
2030-09-08 14:15:00,0.0
2030-09-08 14:30:00,0.0
2030-09-08 14:45:00,0.0
2030-09-08 15:00:00,0.0
2030-09-08 15:15:00,0.0
2030-09-08 15:30:00,0.0
2030-09-08 15:45:00,0.0
2030-09-08 16:00:00,0.0
2030-09-08 16:15:00,0.0
2030-09-08 16:30:00,0.0
2030-09-08 16:45:00,0.0
2030-09-08 17:00:00,0.0
2030-09-08 17:15:00,0.0
2030-09-08 17:30:00,0.0
2030-09-08 17:45:00,0.0
2030-09-08 18:00:00,0.0
2030-09-08 18:15:00,0.0
2030-09-08 18:30:00,0.0
2030-09-08 18:45:00,0.0
2030-09-08 19:00:00,0.0
2030-09-08 19:15:00,0.0
2030-09-08 19:30:00,0.0
2030-09-08 19:45:00,0.0
2030-09-08 20:00:00,0.0
2030-09-08 20:15:00,0.0
2030-09-08 20:30:00,0.0
2030-09-08 20:45:00,0.0
2030-09-08 21:00:00,0.0
2030-09-08 21:15:00,0.0
2030-09-08 21:30:00,0.0
2030-09-08 21:45:00,0.0
2030-09-08 22:00:00,0.0
2030-09-08 22:15:00,2534.209108318104
2030-09-08 22:30:00,5801.767132728981
2030-09-08 22:45:00,5308.627249076171
2030-09-08 23:00:00,4640.442243936583
2030-09-08 23:15:00,4225.5723908028085
2030-09-08 23:30:00,3763.897128081755
2030-09-08 23:45:00,3455.90984390033
2030-09-09 00:00:00,3346.3700432183887
2030-09-09 00:15:00,3117.4056127170625
2030-09-09 00:30:00,3065.644835360372
2030-09-09 00:45:00,3081.3658824652666
2030-09-09 01:00:00,2735.6289010781347
2030-09-09 01:15:00,2564.2958565031076
2030-09-09 01:30:00,2774.356664099201
2030-09-09 01:45:00,2962.9758527768627
2030-09-09 02:00:00,2916.4346250351136
2030-09-09 02:15:00,3083.681861440142
2030-09-09 02:30:00,3524.1870189111214
2030-09-09 02:45:00,3303.3405067045624
2030-09-09 03:00:00,3229.432325790418
2030-09-09 03:15:00,3237.767785322585
2030-09-09 03:30:00,3129.785645807806
2030-09-09 03:45:00,3239.6711800806697
2030-09-09 04:00:00,3352.6245373830134
2030-09-09 04:15:00,3155.6194395646435
2030-09-09 04:30:00,3098.298554071451
2030-09-09 04:45:00,2970.0780303326155
2030-09-09 05:00:00,3116.3207980179286
2030-09-09 05:15:00,3173.7012787535605
2030-09-09 05:30:00,3325.779394924566
2030-09-09 05:45:00,3386.1433108072106
2030-09-09 06:00:00,3413.9031758714045
2030-09-09 06:15:00,3119.088009855772
2030-09-09 06:30:00,2320.689244238025
2030-09-09 06:45:00,1381.971379709703
2030-09-09 07:00:00,636.4168517356047
2030-09-09 07:15:00,0.0
2030-09-09 07:30:00,0.0
2030-09-09 07:45:00,0.0
2030-09-09 08:00:00,0.0
2030-09-09 08:15:00,0.0
2030-09-09 08:30:00,0.0
2030-09-09 08:45:00,0.0
2030-09-09 09:00:00,0.0
2030-09-09 09:15:00,0.0
2030-09-09 09:30:00,0.0
2030-09-09 09:45:00,0.0
2030-09-09 10:00:00,0.0
2030-09-09 10:15:00,0.0
2030-09-09 10:30:00,0.0
2030-09-09 10:45:00,0.0
2030-09-09 11:00:00,0.0
2030-09-09 11:15:00,0.0
2030-09-09 11:30:00,0.0
2030-09-09 11:45:00,0.0
2030-09-09 12:00:00,0.0
2030-09-09 12:15:00,0.0
2030-09-09 12:30:00,0.0
2030-09-09 12:45:00,0.0
2030-09-09 13:00:00,0.0
2030-09-09 13:15:00,0.0
2030-09-09 13:30:00,0.0
2030-09-09 13:45:00,0.0
2030-09-09 14:00:00,0.0
2030-09-09 14:15:00,0.0
2030-09-09 14:30:00,0.0
2030-09-09 14:45:00,0.0
2030-09-09 15:00:00,0.0
2030-09-09 15:15:00,0.0
2030-09-09 15:30:00,0.0
2030-09-09 15:45:00,0.0
2030-09-09 16:00:00,0.0
2030-09-09 16:15:00,0.0
2030-09-09 16:30:00,0.0
2030-09-09 16:45:00,0.0
2030-09-09 17:00:00,0.0
2030-09-09 17:15:00,0.0
2030-09-09 17:30:00,0.0
2030-09-09 17:45:00,0.0
2030-09-09 18:00:00,0.0
2030-09-09 18:15:00,0.0
2030-09-09 18:30:00,0.0
2030-09-09 18:45:00,0.0
2030-09-09 19:00:00,0.0
2030-09-09 19:15:00,0.0
2030-09-09 19:30:00,0.0
2030-09-09 19:45:00,0.0
2030-09-09 20:00:00,0.0
2030-09-09 20:15:00,0.0
2030-09-09 20:30:00,0.0
2030-09-09 20:45:00,0.0
2030-09-09 21:00:00,0.0
2030-09-09 21:15:00,0.0
2030-09-09 21:30:00,0.0
2030-09-09 21:45:00,0.0
2030-09-09 22:00:00,0.0
2030-09-09 22:15:00,0.0
2030-09-09 22:30:00,0.0
2030-09-09 22:45:00,0.0
2030-09-09 23:00:00,0.0
2030-09-09 23:15:00,0.0
2030-09-09 23:30:00,0.0
2030-09-09 23:45:00,0.0
2030-09-10 00:00:00,0.0
2030-09-10 00:15:00,0.0
2030-09-10 00:30:00,0.0
2030-09-10 00:45:00,0.0
2030-09-10 01:00:00,0.0
2030-09-10 01:15:00,0.0
2030-09-10 01:30:00,0.0
2030-09-10 01:45:00,0.0
2030-09-10 02:00:00,0.0
2030-09-10 02:15:00,0.0
2030-09-10 02:30:00,0.0
2030-09-10 02:45:00,0.0
2030-09-10 03:00:00,0.0
2030-09-10 03:15:00,0.0
2030-09-10 03:30:00,0.0
2030-09-10 03:45:00,0.0
2030-09-10 04:00:00,0.0
2030-09-10 04:15:00,0.0
2030-09-10 04:30:00,0.0
2030-09-10 04:45:00,0.0
2030-09-10 05:00:00,0.0
2030-09-10 05:15:00,0.0
2030-09-10 05:30:00,0.0
2030-09-10 05:45:00,0.0
2030-09-10 06:00:00,0.0
2030-09-10 06:15:00,0.0
2030-09-10 06:30:00,0.0
2030-09-10 06:45:00,0.0
2030-09-10 07:00:00,0.0
2030-09-10 07:15:00,0.0
2030-09-10 07:30:00,307.01556213866934
2030-09-10 07:45:00,0.0
2030-09-10 08:00:00,0.0
2030-09-10 08:15:00,0.0
2030-09-10 08:30:00,0.0
2030-09-10 08:45:00,0.0
2030-09-10 09:00:00,0.0
2030-09-10 09:15:00,0.0
2030-09-10 09:30:00,0.0
2030-09-10 09:45:00,0.0
2030-09-10 10:00:00,0.0
2030-09-10 10:15:00,0.0
2030-09-10 10:30:00,0.0
2030-09-10 10:45:00,0.0
2030-09-10 11:00:00,0.0
2030-09-10 11:15:00,0.0
2030-09-10 11:30:00,0.0
2030-09-10 11:45:00,0.0
2030-09-10 12:00:00,0.0
2030-09-10 12:15:00,0.0
2030-09-10 12:30:00,0.0
2030-09-10 12:45:00,0.0
2030-09-10 13:00:00,0.0
2030-09-10 13:15:00,0.0
2030-09-10 13:30:00,0.0
2030-09-10 13:45:00,0.0
2030-09-10 14:00:00,0.0
2030-09-10 14:15:00,0.0
2030-09-10 14:30:00,0.0
2030-09-10 14:45:00,0.0
2030-09-10 15:00:00,0.0
2030-09-10 15:15:00,0.0
2030-09-10 15:30:00,0.0
2030-09-10 15:45:00,0.0
2030-09-10 16:00:00,0.0
2030-09-10 16:15:00,0.0
2030-09-10 16:30:00,0.0
2030-09-10 16:45:00,0.0
2030-09-10 17:00:00,0.0
2030-09-10 17:15:00,0.0
2030-09-10 17:30:00,0.0
2030-09-10 17:45:00,0.0
2030-09-10 18:00:00,0.0
2030-09-10 18:15:00,0.0
2030-09-10 18:30:00,0.0
2030-09-10 18:45:00,0.0
2030-09-10 19:00:00,13051.146518914875
2030-09-10 19:15:00,14033.214317164104
2030-09-10 19:30:00,14072.240246451707
2030-09-10 19:45:00,14190.637308167035
2030-09-10 20:00:00,14392.682643396101
2030-09-10 20:15:00,14450.094061388121
2030-09-10 20:30:00,14285.257264501612
2030-09-10 20:45:00,13976.114556117209
2030-09-10 21:00:00,13936.626146041915
2030-09-10 21:15:00,13791.984100760616
2030-09-10 21:30:00,13579.82019735737
2030-09-10 21:45:00,13424.474741315384
2030-09-10 22:00:00,13261.965406547206
2030-09-10 22:15:00,12993.82462959797
2030-09-10 22:30:00,12660.986156573737
2030-09-10 22:45:00,12443.179508979705
2030-09-10 23:00:00,12082.827399752654
2030-09-10 23:15:00,11751.79757076551
2030-09-10 23:30:00,11468.410345645761
2030-09-10 23:45:00,11069.218067722268
2030-09-11 00:00:00,10479.971805258625
2030-09-11 00:15:00,10340.218899515785
2030-09-11 00:30:00,10096.831029615487
2030-09-11 00:45:00,9761.502387069424
2030-09-11 01:00:00,9189.635434277152
2030-09-11 01:15:00,8987.496716808513
2030-09-11 01:30:00,8582.764375674238
2030-09-11 01:45:00,8183.136833870038
2030-09-11 02:00:00,8020.6967696790725
2030-09-11 02:15:00,8012.825428238593
2030-09-11 02:30:00,7775.887504475801
2030-09-11 02:45:00,7861.533353212566
2030-09-11 03:00:00,7923.712384788477
2030-09-11 03:15:00,7663.351994534465
2030-09-11 03:30:00,7532.044108502123
2030-09-11 03:45:00,7492.308215179131
2030-09-11 04:00:00,7556.887446488104
2030-09-11 04:15:00,7646.866726806653
2030-09-11 04:30:00,8014.365954256454
2030-09-11 04:45:00,7920.414368041228
2030-09-11 05:00:00,8169.0086824695945
2030-09-11 05:15:00,8390.092472499102
2030-09-11 05:30:00,9159.74183792981
2030-09-11 05:45:00,10030.45139522404
2030-09-11 06:00:00,11250.491889158015
2030-09-11 06:15:00,11517.377408022814
2030-09-11 06:30:00,11205.813468566459
2030-09-11 06:45:00,10716.901023371312
2030-09-11 07:00:00,10303.806099706833
2030-09-11 07:15:00,9416.252142837282
2030-09-11 07:30:00,8405.482755169478
2030-09-11 07:45:00,7236.907436018784
2030-09-11 08:00:00,6019.918955367266
2030-09-11 08:15:00,5228.748126060949
2030-09-11 08:30:00,4109.037551351375
2030-09-11 08:45:00,2956.936290675003
2030-09-11 09:00:00,1605.6744409595667
2030-09-11 09:15:00,483.03253820908867
2030-09-11 09:30:00,0.0
2030-09-11 09:45:00,0.0
2030-09-11 10:00:00,0.0
2030-09-11 10:15:00,0.0
2030-09-11 10:30:00,0.0
2030-09-11 10:45:00,0.0
2030-09-11 11:00:00,0.0
2030-09-11 11:15:00,0.0
2030-09-11 11:30:00,0.0
2030-09-11 11:45:00,0.0
2030-09-11 12:00:00,0.0
2030-09-11 12:15:00,0.0
2030-09-11 12:30:00,0.0
2030-09-11 12:45:00,0.0
2030-09-11 13:00:00,0.0
2030-09-11 13:15:00,0.0
2030-09-11 13:30:00,0.0
2030-09-11 13:45:00,0.0
2030-09-11 14:00:00,0.0
2030-09-11 14:15:00,0.0
2030-09-11 14:30:00,0.0
2030-09-11 14:45:00,0.0
2030-09-11 15:00:00,0.0
2030-09-11 15:15:00,0.0
2030-09-11 15:30:00,0.0
2030-09-11 15:45:00,0.0
2030-09-11 16:00:00,0.0
2030-09-11 16:15:00,0.0
2030-09-11 16:30:00,0.0
2030-09-11 16:45:00,0.0
2030-09-11 17:00:00,0.0
2030-09-11 17:15:00,0.0
2030-09-11 17:30:00,0.0
2030-09-11 17:45:00,0.0
2030-09-11 18:00:00,0.0
2030-09-11 18:15:00,0.0
2030-09-11 18:30:00,0.0
2030-09-11 18:45:00,0.0
2030-09-11 19:00:00,0.0
2030-09-11 19:15:00,0.0
2030-09-11 19:30:00,0.0
2030-09-11 19:45:00,0.0
2030-09-11 20:00:00,0.0
2030-09-11 20:15:00,973.3101596621073
2030-09-11 20:30:00,11662.449562118176
2030-09-11 20:45:00,11263.211278834278
2030-09-11 21:00:00,10745.64020614501
2030-09-11 21:15:00,10355.847035490122
2030-09-11 21:30:00,9946.582126953945
2030-09-11 21:45:00,9700.422249906376
2030-09-11 22:00:00,9497.807905155902
2030-09-11 22:15:00,9287.242589415026
2030-09-11 22:30:00,9138.579337577805
2030-09-11 22:45:00,8831.53702576534
2030-09-11 23:00:00,8659.070553056492
2030-09-11 23:15:00,8687.893451471746
2030-09-11 23:30:00,8710.640744430624
2030-09-11 23:45:00,8720.987903239824
2030-09-12 00:00:00,8569.78847903888
2030-09-12 00:15:00,8568.500842148818
2030-09-12 00:30:00,8297.26891648076
2030-09-12 00:45:00,8244.347542838645
2030-09-12 01:00:00,7758.920435672936
2030-09-12 01:15:00,7662.739236711778
2030-09-12 01:30:00,7675.779457058136
2030-09-12 01:45:00,7645.319830751538
2030-09-12 02:00:00,7552.516577962558
2030-09-12 02:15:00,7714.879040589443
2030-09-12 02:30:00,7707.321718518796
2030-09-12 02:45:00,7745.058289112212
2030-09-12 03:00:00,7729.8250702618525
2030-09-12 03:15:00,7748.466163016179
2030-09-12 03:30:00,7717.913989787296
2030-09-12 03:45:00,7572.433496175434
2030-09-12 04:00:00,7631.055510540934
2030-09-12 04:15:00,7684.460662843377
2030-09-12 04:30:00,7548.871747453142
2030-09-12 04:45:00,7473.669815736278
2030-09-12 05:00:00,7800.7320673957975
2030-09-12 05:15:00,7759.892991497818
2030-09-12 05:30:00,7706.6563685459005
2030-09-12 05:45:00,7509.319891343408
2030-09-12 06:00:00,8352.299989058807
2030-09-12 06:15:00,8447.747731953306
2030-09-12 06:30:00,7697.3949770527615
2030-09-12 06:45:00,7215.983604764599
2030-09-12 07:00:00,6203.475967974737
2030-09-12 07:15:00,5133.7725666718125
2030-09-12 07:30:00,4115.131470146938
2030-09-12 07:45:00,2919.33314910025
2030-09-12 08:00:00,1412.0312599262652
2030-09-12 08:15:00,275.5031331284772
2030-09-12 08:30:00,0.0
2030-09-12 08:45:00,0.0
2030-09-12 09:00:00,0.0
2030-09-12 09:15:00,0.0
2030-09-12 09:30:00,0.0
2030-09-12 09:45:00,0.0
2030-09-12 10:00:00,0.0
2030-09-12 10:15:00,0.0
2030-09-12 10:30:00,0.0
2030-09-12 10:45:00,0.0
2030-09-12 11:00:00,0.0
2030-09-12 11:15:00,0.0
2030-09-12 11:30:00,0.0
2030-09-12 11:45:00,0.0
2030-09-12 12:00:00,0.0
2030-09-12 12:15:00,0.0
2030-09-12 12:30:00,0.0
2030-09-12 12:45:00,0.0
2030-09-12 13:00:00,0.0
2030-09-12 13:15:00,0.0
2030-09-12 13:30:00,0.0
2030-09-12 13:45:00,0.0
2030-09-12 14:00:00,0.0
2030-09-12 14:15:00,0.0
2030-09-12 14:30:00,0.0
2030-09-12 14:45:00,0.0
2030-09-12 15:00:00,0.0
2030-09-12 15:15:00,0.0
2030-09-12 15:30:00,0.0
2030-09-12 15:45:00,0.0
2030-09-12 16:00:00,0.0
2030-09-12 16:15:00,0.0
2030-09-12 16:30:00,0.0
2030-09-12 16:45:00,0.0
2030-09-12 17:00:00,0.0
2030-09-12 17:15:00,0.0
2030-09-12 17:30:00,0.0
2030-09-12 17:45:00,0.0
2030-09-12 18:00:00,0.0
2030-09-12 18:15:00,0.0
2030-09-12 18:30:00,0.0
2030-09-12 18:45:00,0.0
2030-09-12 19:00:00,0.0
2030-09-12 19:15:00,0.0
2030-09-12 19:30:00,0.0
2030-09-12 19:45:00,0.0
2030-09-12 20:00:00,0.0
2030-09-12 20:15:00,3495.9128968910372
2030-09-12 20:30:00,10242.698353591562
2030-09-12 20:45:00,10142.560880793271
2030-09-12 21:00:00,9728.364716563316
2030-09-12 21:15:00,9260.479823841877
2030-09-12 21:30:00,8728.80134477646
2030-09-12 21:45:00,8321.79979596096
2030-09-12 22:00:00,8003.152586391952
2030-09-12 22:15:00,7781.333760945101
2030-09-12 22:30:00,7647.866166299367
2030-09-12 22:45:00,7712.32909366073
2030-09-12 23:00:00,7655.396654007798
2030-09-12 23:15:00,7297.491709819427
2030-09-12 23:30:00,6808.2065118042465
2030-09-12 23:45:00,6536.594690648675
2030-09-13 00:00:00,6498.892772101668
2030-09-13 00:15:00,6066.745780364628
2030-09-13 00:30:00,5439.062128343321
2030-09-13 00:45:00,4759.022799588987
2030-09-13 01:00:00,3976.8654660187167
2030-09-13 01:15:00,3697.396788303664
2030-09-13 01:30:00,3445.415607330344
2030-09-13 01:45:00,3190.320749068551
2030-09-13 02:00:00,3099.648965721686
2030-09-13 02:15:00,2819.6202186376486
2030-09-13 02:30:00,3075.349025357771
2030-09-13 02:45:00,3730.906301530371
2030-09-13 03:00:00,3789.295000894801
2030-09-13 03:15:00,3857.527779588847
2030-09-13 03:30:00,3511.808377405363
2030-09-13 03:45:00,3294.6373762251915
2030-09-13 04:00:00,3780.1178002717697
2030-09-13 04:15:00,3732.6349984010703
2030-09-13 04:30:00,4041.1969746909217
2030-09-13 04:45:00,4247.232114297585
2030-09-13 05:00:00,4469.463474445371
2030-09-13 05:15:00,4561.84383774249
2030-09-13 05:30:00,4979.716823201314
2030-09-13 05:45:00,5560.044453064569
2030-09-13 06:00:00,6309.548954975833
2030-09-13 06:15:00,6483.162301581007
2030-09-13 06:30:00,6376.527695103334
2030-09-13 06:45:00,6084.01179159023
2030-09-13 07:00:00,5394.6944220196965
2030-09-13 07:15:00,4883.407261084731
2030-09-13 07:30:00,4322.98792155804
2030-09-13 07:45:00,3797.346575044139
2030-09-13 08:00:00,3092.860684092022
2030-09-13 08:15:00,2489.013163907457
2030-09-13 08:30:00,1843.3886213930746
2030-09-13 08:45:00,1280.1140881010215
2030-09-13 09:00:00,28.263647040694195
2030-09-13 09:15:00,0.0
2030-09-13 09:30:00,0.0
2030-09-13 09:45:00,0.0
2030-09-13 10:00:00,0.0
2030-09-13 10:15:00,0.0
2030-09-13 10:30:00,0.0
2030-09-13 10:45:00,0.0
2030-09-13 11:00:00,0.0
2030-09-13 11:15:00,0.0
2030-09-13 11:30:00,0.0
2030-09-13 11:45:00,0.0
2030-09-13 12:00:00,0.0
2030-09-13 12:15:00,0.0
2030-09-13 12:30:00,0.0
2030-09-13 12:45:00,0.0
2030-09-13 13:00:00,0.0
2030-09-13 13:15:00,0.0
2030-09-13 13:30:00,0.0
2030-09-13 13:45:00,0.0
2030-09-13 14:00:00,0.0
2030-09-13 14:15:00,0.0
2030-09-13 14:30:00,0.0
2030-09-13 14:45:00,0.0
2030-09-13 15:00:00,0.0
2030-09-13 15:15:00,0.0
2030-09-13 15:30:00,0.0
2030-09-13 15:45:00,0.0
2030-09-13 16:00:00,0.0
2030-09-13 16:15:00,0.0
2030-09-13 16:30:00,0.0
2030-09-13 16:45:00,0.0
2030-09-13 17:00:00,0.0
2030-09-13 17:15:00,0.0
2030-09-13 17:30:00,0.0
2030-09-13 17:45:00,0.0
2030-09-13 18:00:00,0.0
2030-09-13 18:15:00,0.0
2030-09-13 18:30:00,0.0
2030-09-13 18:45:00,4941.776786538045
2030-09-13 19:00:00,8215.064360780303
2030-09-13 19:15:00,8401.812551856612
2030-09-13 19:30:00,8838.21105835047
2030-09-13 19:45:00,9048.425873961743
2030-09-13 20:00:00,9356.859958460813
2030-09-13 20:15:00,9300.244903833616
2030-09-13 20:30:00,9244.683106743392
2030-09-13 20:45:00,9059.97816476738
2030-09-13 21:00:00,9127.747644919826
2030-09-13 21:15:00,9018.916369061222
2030-09-13 21:30:00,8870.590110727631
2030-09-13 21:45:00,8967.2763244538
2030-09-13 22:00:00,9084.868586559627
2030-09-13 22:15:00,9249.015260863642
2030-09-13 22:30:00,9337.042419401007
2030-09-13 22:45:00,9347.564924626971
2030-09-13 23:00:00,9302.232201263114
2030-09-13 23:15:00,9436.520769041748
2030-09-13 23:30:00,9402.181589134128
2030-09-13 23:45:00,9075.26730546375
2030-09-14 00:00:00,9005.376449709906
2030-09-14 00:15:00,9006.82731948872
2030-09-14 00:30:00,8898.437952076965
2030-09-14 00:45:00,8847.457768585049
2030-09-14 01:00:00,9000.16039088534
2030-09-14 01:15:00,8961.687992758714
2030-09-14 01:30:00,8912.211349120214
2030-09-14 01:45:00,8895.504983769162
2030-09-14 02:00:00,8990.797727555037
2030-09-14 02:15:00,9182.319125124239
2030-09-14 02:30:00,9330.09515421473
2030-09-14 02:45:00,9426.6978182924
2030-09-14 03:00:00,9504.653700662162
2030-09-14 03:15:00,9567.812033549366
2030-09-14 03:30:00,9559.141994593181
2030-09-14 03:45:00,9693.928841945319
2030-09-14 04:00:00,10062.044282762938
2030-09-14 04:15:00,10389.12665241271
2030-09-14 04:30:00,10670.930957011744
2030-09-14 04:45:00,10997.585593130942
2030-09-14 05:00:00,11296.621433969709
2030-09-14 05:15:00,11507.649098891921
2030-09-14 05:30:00,11839.807813646488
2030-09-14 05:45:00,12491.900895589795
2030-09-14 06:00:00,13603.404843130253
2030-09-14 06:15:00,14061.957764341234
2030-09-14 06:30:00,14115.110740621289
2030-09-14 06:45:00,14077.32060622095
2030-09-14 07:00:00,14153.954935025846
2030-09-14 07:15:00,13680.499716994475
2030-09-14 07:30:00,13117.65694323757
2030-09-14 07:45:00,12539.61132417095
2030-09-14 08:00:00,12140.635393849934
2030-09-14 08:15:00,11380.765259365246
2030-09-14 08:30:00,10638.63091481958
2030-09-14 08:45:00,9519.092657709669
2030-09-14 09:00:00,8536.036909596403
2030-09-14 09:15:00,7648.337586906542
2030-09-14 09:30:00,6969.821087516979
2030-09-14 09:45:00,5951.405795646482
2030-09-14 10:00:00,5023.833312719626
2030-09-14 10:15:00,4384.766383066075
2030-09-14 10:30:00,3776.1658017960726
2030-09-14 10:45:00,3267.0777143067608
2030-09-14 11:00:00,2757.1980451950913
2030-09-14 11:15:00,2666.6913751505635
2030-09-14 11:30:00,2615.234117273936
2030-09-14 11:45:00,2317.1914709054363
2030-09-14 12:00:00,1926.9293261207713
2030-09-14 12:15:00,2014.7172749190213
2030-09-14 12:30:00,2098.1571136398743
2030-09-14 12:45:00,2014.587654039562
2030-09-14 13:00:00,2407.1678547192314
2030-09-14 13:15:00,2491.401751511541
2030-09-14 13:30:00,2750.649234653767
2030-09-14 13:45:00,2976.730628628793
2030-09-14 14:00:00,3487.3590756979065
2030-09-14 14:15:00,4187.786699712429
2030-09-14 14:30:00,4852.342758331684
2030-09-14 14:45:00,5423.006432030119
2030-09-14 15:00:00,6323.161064215521
2030-09-14 15:15:00,7331.13597874006
2030-09-14 15:30:00,8061.824724694958
2030-09-14 15:45:00,8817.971117654171
2030-09-14 16:00:00,10048.994954905902
2030-09-14 16:15:00,11065.520121539608
2030-09-14 16:30:00,12262.271799989727
2030-09-14 16:45:00,13234.500058564641
2030-09-14 17:00:00,14563.730208663248
2030-09-14 17:15:00,15555.807508320471
2030-09-14 17:30:00,16506.57132547316
2030-09-14 17:45:00,17154.41875494207
2030-09-14 18:00:00,17635.103754414173
2030-09-14 18:15:00,17866.186836713696
2030-09-14 18:30:00,17860.010899207275
2030-09-14 18:45:00,17819.657497781624
2030-09-14 19:00:00,17800.70727790925
2030-09-14 19:15:00,17835.861848222256
2030-09-14 19:30:00,17785.759025070856
2030-09-14 19:45:00,17681.893437680104
2030-09-14 20:00:00,17561.942451593965
2030-09-14 20:15:00,17280.34879115969
2030-09-14 20:30:00,16905.46248406854
2030-09-14 20:45:00,16440.306596821254
2030-09-14 21:00:00,15891.172635171733
2030-09-14 21:15:00,15417.479857976894
2030-09-14 21:30:00,14863.12791837635
2030-09-14 21:45:00,14467.570621094164
2030-09-14 22:00:00,14010.04167248162
2030-09-14 22:15:00,13619.386668768297
2030-09-14 22:30:00,13279.180555783587
2030-09-14 22:45:00,12855.898389351969
2030-09-14 23:00:00,12318.129405069918
2030-09-14 23:15:00,12015.76671476708
2030-09-14 23:30:00,11701.769132024776
2030-09-14 23:45:00,11405.403763685208
2030-09-15 00:00:00,11143.387477435343
2030-09-15 00:15:00,11143.256597110323
2030-09-15 00:30:00,10989.780670579987
2030-09-15 00:45:00,10895.869968295936
2030-09-15 01:00:00,10954.865821076557
2030-09-15 01:15:00,11000.377287721545
2030-09-15 01:30:00,10951.698790938783
2030-09-15 01:45:00,10849.537485513585
2030-09-15 02:00:00,10674.029222779169
2030-09-15 02:15:00,10667.361409073612
2030-09-15 02:30:00,10647.292689659193
2030-09-15 02:45:00,10583.539257005956
2030-09-15 03:00:00,10708.92927704548
2030-09-15 03:15:00,10770.427879858156
2030-09-15 03:30:00,10843.68297135499
2030-09-15 03:45:00,10913.94797395002
2030-09-15 04:00:00,10930.575115574491
2030-09-15 04:15:00,10886.021952440555
2030-09-15 04:30:00,10922.278377094632
2030-09-15 04:45:00,11018.959379908662
2030-09-15 05:00:00,11361.71209835197
2030-09-15 05:15:00,11529.303789958514
2030-09-15 05:30:00,11844.775267898747
2030-09-15 05:45:00,12029.239828025602
2030-09-15 06:00:00,12583.405513466336
2030-09-15 06:15:00,12691.68633203822
2030-09-15 06:30:00,12652.451927167796
2030-09-15 06:45:00,12093.336512216843
2030-09-15 07:00:00,11451.486103886811
2030-09-15 07:15:00,10636.410690776076
2030-09-15 07:30:00,9792.22212684089
2030-09-15 07:45:00,8907.983968627681
2030-09-15 08:00:00,7924.280418426208
2030-09-15 08:15:00,7181.6438679882285
2030-09-15 08:30:00,6127.037530623347
2030-09-15 08:45:00,4927.262223349508
2030-09-15 09:00:00,3681.201439334229
2030-09-15 09:15:00,2444.0485904144407
2030-09-15 09:30:00,1015.5312365009995
2030-09-15 09:45:00,0.0
2030-09-15 10:00:00,0.0
2030-09-15 10:15:00,0.0
2030-09-15 10:30:00,0.0
2030-09-15 10:45:00,0.0
2030-09-15 11:00:00,0.0
2030-09-15 11:15:00,0.0
2030-09-15 11:30:00,0.0
2030-09-15 11:45:00,0.0
2030-09-15 12:00:00,0.0
2030-09-15 12:15:00,0.0
2030-09-15 12:30:00,0.0
2030-09-15 12:45:00,0.0
2030-09-15 13:00:00,0.0
2030-09-15 13:15:00,0.0
2030-09-15 13:30:00,0.0
2030-09-15 13:45:00,0.0
2030-09-15 14:00:00,0.0
2030-09-15 14:15:00,0.0
2030-09-15 14:30:00,0.0
2030-09-15 14:45:00,0.0
2030-09-15 15:00:00,0.0
2030-09-15 15:15:00,0.0
2030-09-15 15:30:00,0.0
2030-09-15 15:45:00,2150.3801702116034
2030-09-15 16:00:00,7320.860138796077
2030-09-15 16:15:00,8361.695730029185
2030-09-15 16:30:00,9312.264288354403
2030-09-15 16:45:00,10368.354474141088
2030-09-15 17:00:00,11692.603588984455
2030-09-15 17:15:00,12754.416720222172
2030-09-15 17:30:00,13669.244680542617
2030-09-15 17:45:00,14448.363856868365
2030-09-15 18:00:00,14768.609165348471
2030-09-15 18:15:00,14564.663364839249
2030-09-15 18:30:00,14355.114868981933
2030-09-15 18:45:00,14053.046555034502
2030-09-15 19:00:00,13428.75300159266
2030-09-15 19:15:00,12810.098546561307
2030-09-15 19:30:00,12264.672050567002
2030-09-15 19:45:00,11804.42111311264
2030-09-15 20:00:00,11270.851795915667
2030-09-15 20:15:00,10830.029965799287
2030-09-15 20:30:00,10333.135221692302
2030-09-15 20:45:00,9831.29997338013
2030-09-15 21:00:00,9272.60611206977
2030-09-15 21:15:00,8872.196353821644
2030-09-15 21:30:00,8505.225199580076
2030-09-15 21:45:00,8106.039279295655
2030-09-15 22:00:00,7714.981064039195
2030-09-15 22:15:00,7609.946562271842
2030-09-15 22:30:00,7479.487822120442
2030-09-15 22:45:00,7255.380979011858
2030-09-15 23:00:00,7127.869053476696
2030-09-15 23:15:00,6995.970160676417
2030-09-15 23:30:00,6958.129271729127
2030-09-15 23:45:00,6884.322937162979
2030-09-16 00:00:00,6568.411037088308
2030-09-16 00:15:00,6396.928321792408
2030-09-16 00:30:00,6441.55433400626
2030-09-16 00:45:00,6499.86051956106
2030-09-16 01:00:00,6051.815288429853
2030-09-16 01:15:00,5929.689683685949
2030-09-16 01:30:00,5749.346547281921
2030-09-16 01:45:00,5650.606371919574
2030-09-16 02:00:00,5349.191497178423
2030-09-16 02:15:00,5189.368737451478
2030-09-16 02:30:00,5017.290618148312
2030-09-16 02:45:00,4883.321139080608
2030-09-16 03:00:00,4904.366839304436
2030-09-16 03:15:00,4983.807058175047
2030-09-16 03:30:00,5092.810170788579
2030-09-16 03:45:00,5095.160781711301
2030-09-16 04:00:00,5208.842665957959
2030-09-16 04:15:00,5390.687417599072
2030-09-16 04:30:00,5424.418086533226
2030-09-16 04:45:00,5173.715649711657
2030-09-16 05:00:00,5507.126016096255
2030-09-16 05:15:00,5936.939640854773
2030-09-16 05:30:00,6245.619488719582
2030-09-16 05:45:00,6526.084856728691
2030-09-16 06:00:00,6596.458730777931
2030-09-16 06:15:00,6318.184608102654
2030-09-16 06:30:00,5635.087950485455
2030-09-16 06:45:00,4838.013383392656
2030-09-16 07:00:00,3629.377270836543
2030-09-16 07:15:00,2455.3528703455922
2030-09-16 07:30:00,1420.5078505778401
2030-09-16 07:45:00,505.59955683159023
2030-09-16 08:00:00,0.0
2030-09-16 08:15:00,0.0
2030-09-16 08:30:00,0.0
2030-09-16 08:45:00,0.0
2030-09-16 09:00:00,0.0
2030-09-16 09:15:00,0.0
2030-09-16 09:30:00,0.0
2030-09-16 09:45:00,0.0
2030-09-16 10:00:00,0.0
2030-09-16 10:15:00,0.0
2030-09-16 10:30:00,0.0
2030-09-16 10:45:00,0.0
2030-09-16 11:00:00,0.0
2030-09-16 11:15:00,0.0
2030-09-16 11:30:00,0.0
2030-09-16 11:45:00,0.0
2030-09-16 12:00:00,0.0
2030-09-16 12:15:00,0.0
2030-09-16 12:30:00,0.0
2030-09-16 12:45:00,0.0
2030-09-16 13:00:00,0.0
2030-09-16 13:15:00,0.0
2030-09-16 13:30:00,0.0
2030-09-16 13:45:00,0.0
2030-09-16 14:00:00,0.0
2030-09-16 14:15:00,0.0
2030-09-16 14:30:00,0.0
2030-09-16 14:45:00,0.0
2030-09-16 15:00:00,0.0
2030-09-16 15:15:00,0.0
2030-09-16 15:30:00,0.0
2030-09-16 15:45:00,0.0
2030-09-16 16:00:00,0.0
2030-09-16 16:15:00,0.0
2030-09-16 16:30:00,0.0
2030-09-16 16:45:00,0.0
2030-09-16 17:00:00,0.0
2030-09-16 17:15:00,0.0
2030-09-16 17:30:00,0.0
2030-09-16 17:45:00,0.0
2030-09-16 18:00:00,0.0
2030-09-16 18:15:00,0.0
2030-09-16 18:30:00,0.0
2030-09-16 18:45:00,0.0
2030-09-16 19:00:00,0.0
2030-09-16 19:15:00,0.0
2030-09-16 19:30:00,0.0
2030-09-16 19:45:00,0.0
2030-09-16 20:00:00,0.0
2030-09-16 20:15:00,0.0
2030-09-16 20:30:00,0.0
2030-09-16 20:45:00,0.0
2030-09-16 21:00:00,0.0
2030-09-16 21:15:00,0.0
2030-09-16 21:30:00,0.0
2030-09-16 21:45:00,0.0
2030-09-16 22:00:00,0.0
2030-09-16 22:15:00,0.0
2030-09-16 22:30:00,0.0
2030-09-16 22:45:00,0.0
2030-09-16 23:00:00,0.0
2030-09-16 23:15:00,0.0
2030-09-16 23:30:00,0.0
2030-09-16 23:45:00,0.0
2030-09-17 00:00:00,0.0
2030-09-17 00:15:00,0.0
2030-09-17 00:30:00,0.0
2030-09-17 00:45:00,0.0
2030-09-17 01:00:00,0.0
2030-09-17 01:15:00,0.0
2030-09-17 01:30:00,0.0
2030-09-17 01:45:00,0.0
2030-09-17 02:00:00,0.0
2030-09-17 02:15:00,0.0
2030-09-17 02:30:00,0.0
2030-09-17 02:45:00,0.0
2030-09-17 03:00:00,0.0
2030-09-17 03:15:00,0.0
2030-09-17 03:30:00,0.0
2030-09-17 03:45:00,0.0
2030-09-17 04:00:00,0.0
2030-09-17 04:15:00,0.0
2030-09-17 04:30:00,0.0
2030-09-17 04:45:00,0.0
2030-09-17 05:00:00,0.0
2030-09-17 05:15:00,0.0
2030-09-17 05:30:00,0.0
2030-09-17 05:45:00,0.0
2030-09-17 06:00:00,0.0
2030-09-17 06:15:00,0.0
2030-09-17 06:30:00,0.0
2030-09-17 06:45:00,0.0
2030-09-17 07:00:00,0.0
2030-09-17 07:15:00,0.0
2030-09-17 07:30:00,0.0
2030-09-17 07:45:00,0.0
2030-09-17 08:00:00,0.0
2030-09-17 08:15:00,0.0
2030-09-17 08:30:00,0.0
2030-09-17 08:45:00,0.0
2030-09-17 09:00:00,0.0
2030-09-17 09:15:00,0.0
2030-09-17 09:30:00,0.0
2030-09-17 09:45:00,0.0
2030-09-17 10:00:00,0.0
2030-09-17 10:15:00,0.0
2030-09-17 10:30:00,0.0
2030-09-17 10:45:00,0.0
2030-09-17 11:00:00,0.0
2030-09-17 11:15:00,0.0
2030-09-17 11:30:00,0.0
2030-09-17 11:45:00,0.0
2030-09-17 12:00:00,0.0
2030-09-17 12:15:00,0.0
2030-09-17 12:30:00,0.0
2030-09-17 12:45:00,0.0
2030-09-17 13:00:00,0.0
2030-09-17 13:15:00,0.0
2030-09-17 13:30:00,0.0
2030-09-17 13:45:00,0.0
2030-09-17 14:00:00,0.0
2030-09-17 14:15:00,0.0
2030-09-17 14:30:00,0.0
2030-09-17 14:45:00,0.0
2030-09-17 15:00:00,0.0
2030-09-17 15:15:00,0.0
2030-09-17 15:30:00,0.0
2030-09-17 15:45:00,0.0
2030-09-17 16:00:00,0.0
2030-09-17 16:15:00,0.0
2030-09-17 16:30:00,0.0
2030-09-17 16:45:00,0.0
2030-09-17 17:00:00,0.0
2030-09-17 17:15:00,0.0
2030-09-17 17:30:00,0.0
2030-09-17 17:45:00,0.0
2030-09-17 18:00:00,0.0
2030-09-17 18:15:00,0.0
2030-09-17 18:30:00,0.0
2030-09-17 18:45:00,0.0
2030-09-17 19:00:00,0.0
2030-09-17 19:15:00,0.0
2030-09-17 19:30:00,0.0
2030-09-17 19:45:00,0.0
2030-09-17 20:00:00,0.0
2030-09-17 20:15:00,0.0
2030-09-17 20:30:00,0.0
2030-09-17 20:45:00,0.0
2030-09-17 21:00:00,0.0
2030-09-17 21:15:00,0.0
2030-09-17 21:30:00,0.0
2030-09-17 21:45:00,0.0
2030-09-17 22:00:00,0.0
2030-09-17 22:15:00,0.0
2030-09-17 22:30:00,0.0
2030-09-17 22:45:00,0.0
2030-09-17 23:00:00,0.0
2030-09-17 23:15:00,0.0
2030-09-17 23:30:00,0.0
2030-09-17 23:45:00,0.0
2030-09-18 00:00:00,0.0
2030-09-18 00:15:00,0.0
2030-09-18 00:30:00,0.0
2030-09-18 00:45:00,0.0
2030-09-18 01:00:00,0.0
2030-09-18 01:15:00,0.0
2030-09-18 01:30:00,0.0
2030-09-18 01:45:00,0.0
2030-09-18 02:00:00,0.0
2030-09-18 02:15:00,0.0
2030-09-18 02:30:00,0.0
2030-09-18 02:45:00,0.0
2030-09-18 03:00:00,0.0
2030-09-18 03:15:00,0.0
2030-09-18 03:30:00,0.0
2030-09-18 03:45:00,0.0
2030-09-18 04:00:00,0.0
2030-09-18 04:15:00,0.0
2030-09-18 04:30:00,0.0
2030-09-18 04:45:00,0.0
2030-09-18 05:00:00,0.0
2030-09-18 05:15:00,0.0
2030-09-18 05:30:00,0.0
2030-09-18 05:45:00,0.0
2030-09-18 06:00:00,0.0
2030-09-18 06:15:00,0.0
2030-09-18 06:30:00,0.0
2030-09-18 06:45:00,0.0
2030-09-18 07:00:00,0.0
2030-09-18 07:15:00,0.0
2030-09-18 07:30:00,0.0
2030-09-18 07:45:00,0.0
2030-09-18 08:00:00,0.0
2030-09-18 08:15:00,0.0
2030-09-18 08:30:00,0.0
2030-09-18 08:45:00,0.0
2030-09-18 09:00:00,0.0
2030-09-18 09:15:00,0.0
2030-09-18 09:30:00,0.0
2030-09-18 09:45:00,0.0
2030-09-18 10:00:00,0.0
2030-09-18 10:15:00,0.0
2030-09-18 10:30:00,0.0
2030-09-18 10:45:00,0.0
2030-09-18 11:00:00,0.0
2030-09-18 11:15:00,0.0
2030-09-18 11:30:00,0.0
2030-09-18 11:45:00,0.0
2030-09-18 12:00:00,0.0
2030-09-18 12:15:00,0.0
2030-09-18 12:30:00,0.0
2030-09-18 12:45:00,0.0
2030-09-18 13:00:00,0.0
2030-09-18 13:15:00,0.0
2030-09-18 13:30:00,0.0
2030-09-18 13:45:00,0.0
2030-09-18 14:00:00,0.0
2030-09-18 14:15:00,0.0
2030-09-18 14:30:00,0.0
2030-09-18 14:45:00,0.0
2030-09-18 15:00:00,0.0
2030-09-18 15:15:00,0.0
2030-09-18 15:30:00,0.0
2030-09-18 15:45:00,0.0
2030-09-18 16:00:00,0.0
2030-09-18 16:15:00,0.0
2030-09-18 16:30:00,0.0
2030-09-18 16:45:00,0.0
2030-09-18 17:00:00,0.0
2030-09-18 17:15:00,0.0
2030-09-18 17:30:00,0.0
2030-09-18 17:45:00,0.0
2030-09-18 18:00:00,0.0
2030-09-18 18:15:00,0.0
2030-09-18 18:30:00,0.0
2030-09-18 18:45:00,0.0
2030-09-18 19:00:00,0.0
2030-09-18 19:15:00,0.0
2030-09-18 19:30:00,0.0
2030-09-18 19:45:00,0.0
2030-09-18 20:00:00,0.0
2030-09-18 20:15:00,0.0
2030-09-18 20:30:00,0.0
2030-09-18 20:45:00,0.0
2030-09-18 21:00:00,0.0
2030-09-18 21:15:00,0.0
2030-09-18 21:30:00,0.0
2030-09-18 21:45:00,0.0
2030-09-18 22:00:00,0.0
2030-09-18 22:15:00,0.0
2030-09-18 22:30:00,0.0
2030-09-18 22:45:00,0.0
2030-09-18 23:00:00,0.0
2030-09-18 23:15:00,0.0
2030-09-18 23:30:00,0.0
2030-09-18 23:45:00,0.0
2030-09-19 00:00:00,0.0
2030-09-19 00:15:00,0.0
2030-09-19 00:30:00,0.0
2030-09-19 00:45:00,0.0
2030-09-19 01:00:00,0.0
2030-09-19 01:15:00,0.0
2030-09-19 01:30:00,0.0
2030-09-19 01:45:00,0.0
2030-09-19 02:00:00,0.0
2030-09-19 02:15:00,0.0
2030-09-19 02:30:00,0.0
2030-09-19 02:45:00,0.0
2030-09-19 03:00:00,0.0
2030-09-19 03:15:00,0.0
2030-09-19 03:30:00,0.0
2030-09-19 03:45:00,0.0
2030-09-19 04:00:00,0.0
2030-09-19 04:15:00,0.0
2030-09-19 04:30:00,0.0
2030-09-19 04:45:00,0.0
2030-09-19 05:00:00,0.0
2030-09-19 05:15:00,0.0
2030-09-19 05:30:00,0.0
2030-09-19 05:45:00,0.0
2030-09-19 06:00:00,0.0
2030-09-19 06:15:00,0.0
2030-09-19 06:30:00,0.0
2030-09-19 06:45:00,0.0
2030-09-19 07:00:00,0.0
2030-09-19 07:15:00,0.0
2030-09-19 07:30:00,0.0
2030-09-19 07:45:00,0.0
2030-09-19 08:00:00,0.0
2030-09-19 08:15:00,0.0
2030-09-19 08:30:00,0.0
2030-09-19 08:45:00,0.0
2030-09-19 09:00:00,0.0
2030-09-19 09:15:00,0.0
2030-09-19 09:30:00,0.0
2030-09-19 09:45:00,0.0
2030-09-19 10:00:00,0.0
2030-09-19 10:15:00,0.0
2030-09-19 10:30:00,0.0
2030-09-19 10:45:00,0.0
2030-09-19 11:00:00,0.0
2030-09-19 11:15:00,0.0
2030-09-19 11:30:00,0.0
2030-09-19 11:45:00,0.0
2030-09-19 12:00:00,0.0
2030-09-19 12:15:00,0.0
2030-09-19 12:30:00,0.0
2030-09-19 12:45:00,0.0
2030-09-19 13:00:00,0.0
2030-09-19 13:15:00,0.0
2030-09-19 13:30:00,0.0
2030-09-19 13:45:00,0.0
2030-09-19 14:00:00,0.0
2030-09-19 14:15:00,0.0
2030-09-19 14:30:00,0.0
2030-09-19 14:45:00,0.0
2030-09-19 15:00:00,0.0
2030-09-19 15:15:00,0.0
2030-09-19 15:30:00,0.0
2030-09-19 15:45:00,0.0
2030-09-19 16:00:00,0.0
2030-09-19 16:15:00,0.0
2030-09-19 16:30:00,0.0
2030-09-19 16:45:00,0.0
2030-09-19 17:00:00,0.0
2030-09-19 17:15:00,0.0
2030-09-19 17:30:00,0.0
2030-09-19 17:45:00,0.0
2030-09-19 18:00:00,0.0
2030-09-19 18:15:00,0.0
2030-09-19 18:30:00,0.0
2030-09-19 18:45:00,0.0
2030-09-19 19:00:00,0.0
2030-09-19 19:15:00,0.0
2030-09-19 19:30:00,0.0
2030-09-19 19:45:00,0.0
2030-09-19 20:00:00,0.0
2030-09-19 20:15:00,0.0
2030-09-19 20:30:00,0.0
2030-09-19 20:45:00,0.0
2030-09-19 21:00:00,0.0
2030-09-19 21:15:00,0.0
2030-09-19 21:30:00,0.0
2030-09-19 21:45:00,0.0
2030-09-19 22:00:00,0.0
2030-09-19 22:15:00,0.0
2030-09-19 22:30:00,0.0
2030-09-19 22:45:00,0.0
2030-09-19 23:00:00,0.0
2030-09-19 23:15:00,0.0
2030-09-19 23:30:00,0.0
2030-09-19 23:45:00,0.0
2030-09-20 00:00:00,0.0
2030-09-20 00:15:00,0.0
2030-09-20 00:30:00,0.0
2030-09-20 00:45:00,0.0
2030-09-20 01:00:00,0.0
2030-09-20 01:15:00,0.0
2030-09-20 01:30:00,0.0
2030-09-20 01:45:00,0.0
2030-09-20 02:00:00,0.0
2030-09-20 02:15:00,0.0
2030-09-20 02:30:00,0.0
2030-09-20 02:45:00,0.0
2030-09-20 03:00:00,0.0
2030-09-20 03:15:00,0.0
2030-09-20 03:30:00,0.0
2030-09-20 03:45:00,0.0
2030-09-20 04:00:00,0.0
2030-09-20 04:15:00,0.0
2030-09-20 04:30:00,0.0
2030-09-20 04:45:00,0.0
2030-09-20 05:00:00,0.0
2030-09-20 05:15:00,0.0
2030-09-20 05:30:00,0.0
2030-09-20 05:45:00,0.0
2030-09-20 06:00:00,0.0
2030-09-20 06:15:00,0.0
2030-09-20 06:30:00,0.0
2030-09-20 06:45:00,0.0
2030-09-20 07:00:00,0.0
2030-09-20 07:15:00,0.0
2030-09-20 07:30:00,0.0
2030-09-20 07:45:00,0.0
2030-09-20 08:00:00,0.0
2030-09-20 08:15:00,0.0
2030-09-20 08:30:00,0.0
2030-09-20 08:45:00,0.0
2030-09-20 09:00:00,0.0
2030-09-20 09:15:00,0.0
2030-09-20 09:30:00,0.0
2030-09-20 09:45:00,0.0
2030-09-20 10:00:00,0.0
2030-09-20 10:15:00,0.0
2030-09-20 10:30:00,0.0
2030-09-20 10:45:00,0.0
2030-09-20 11:00:00,0.0
2030-09-20 11:15:00,0.0
2030-09-20 11:30:00,0.0
2030-09-20 11:45:00,0.0
2030-09-20 12:00:00,0.0
2030-09-20 12:15:00,0.0
2030-09-20 12:30:00,0.0
2030-09-20 12:45:00,0.0
2030-09-20 13:00:00,0.0
2030-09-20 13:15:00,0.0
2030-09-20 13:30:00,0.0
2030-09-20 13:45:00,0.0
2030-09-20 14:00:00,0.0
2030-09-20 14:15:00,0.0
2030-09-20 14:30:00,0.0
2030-09-20 14:45:00,0.0
2030-09-20 15:00:00,0.0
2030-09-20 15:15:00,0.0
2030-09-20 15:30:00,0.0
2030-09-20 15:45:00,0.0
2030-09-20 16:00:00,0.0
2030-09-20 16:15:00,0.0
2030-09-20 16:30:00,0.0
2030-09-20 16:45:00,0.0
2030-09-20 17:00:00,0.0
2030-09-20 17:15:00,0.0
2030-09-20 17:30:00,0.0
2030-09-20 17:45:00,0.0
2030-09-20 18:00:00,0.0
2030-09-20 18:15:00,0.0
2030-09-20 18:30:00,0.0
2030-09-20 18:45:00,0.0
2030-09-20 19:00:00,0.0
2030-09-20 19:15:00,0.0
2030-09-20 19:30:00,0.0
2030-09-20 19:45:00,0.0
2030-09-20 20:00:00,0.0
2030-09-20 20:15:00,0.0
2030-09-20 20:30:00,0.0
2030-09-20 20:45:00,0.0
2030-09-20 21:00:00,0.0
2030-09-20 21:15:00,0.0
2030-09-20 21:30:00,0.0
2030-09-20 21:45:00,0.0
2030-09-20 22:00:00,0.0
2030-09-20 22:15:00,0.0
2030-09-20 22:30:00,0.0
2030-09-20 22:45:00,0.0
2030-09-20 23:00:00,0.0
2030-09-20 23:15:00,0.0
2030-09-20 23:30:00,0.0
2030-09-20 23:45:00,0.0
2030-09-21 00:00:00,0.0
2030-09-21 00:15:00,0.0
2030-09-21 00:30:00,0.0
2030-09-21 00:45:00,0.0
2030-09-21 01:00:00,0.0
2030-09-21 01:15:00,0.0
2030-09-21 01:30:00,0.0
2030-09-21 01:45:00,0.0
2030-09-21 02:00:00,0.0
2030-09-21 02:15:00,0.0
2030-09-21 02:30:00,0.0
2030-09-21 02:45:00,0.0
2030-09-21 03:00:00,0.0
2030-09-21 03:15:00,0.0
2030-09-21 03:30:00,0.0
2030-09-21 03:45:00,0.0
2030-09-21 04:00:00,0.0
2030-09-21 04:15:00,0.0
2030-09-21 04:30:00,0.0
2030-09-21 04:45:00,0.0
2030-09-21 05:00:00,0.0
2030-09-21 05:15:00,0.0
2030-09-21 05:30:00,0.0
2030-09-21 05:45:00,0.0
2030-09-21 06:00:00,0.0
2030-09-21 06:15:00,0.0
2030-09-21 06:30:00,0.0
2030-09-21 06:45:00,0.0
2030-09-21 07:00:00,0.0
2030-09-21 07:15:00,0.0
2030-09-21 07:30:00,0.0
2030-09-21 07:45:00,0.0
2030-09-21 08:00:00,0.0
2030-09-21 08:15:00,0.0
2030-09-21 08:30:00,0.0
2030-09-21 08:45:00,0.0
2030-09-21 09:00:00,0.0
2030-09-21 09:15:00,0.0
2030-09-21 09:30:00,0.0
2030-09-21 09:45:00,0.0
2030-09-21 10:00:00,0.0
2030-09-21 10:15:00,0.0
2030-09-21 10:30:00,0.0
2030-09-21 10:45:00,0.0
2030-09-21 11:00:00,0.0
2030-09-21 11:15:00,0.0
2030-09-21 11:30:00,0.0
2030-09-21 11:45:00,0.0
2030-09-21 12:00:00,0.0
2030-09-21 12:15:00,0.0
2030-09-21 12:30:00,0.0
2030-09-21 12:45:00,0.0
2030-09-21 13:00:00,0.0
2030-09-21 13:15:00,0.0
2030-09-21 13:30:00,0.0
2030-09-21 13:45:00,0.0
2030-09-21 14:00:00,0.0
2030-09-21 14:15:00,0.0
2030-09-21 14:30:00,0.0
2030-09-21 14:45:00,0.0
2030-09-21 15:00:00,0.0
2030-09-21 15:15:00,0.0
2030-09-21 15:30:00,0.0
2030-09-21 15:45:00,0.0
2030-09-21 16:00:00,0.0
2030-09-21 16:15:00,0.0
2030-09-21 16:30:00,0.0
2030-09-21 16:45:00,0.0
2030-09-21 17:00:00,0.0
2030-09-21 17:15:00,0.0
2030-09-21 17:30:00,0.0
2030-09-21 17:45:00,0.0
2030-09-21 18:00:00,0.0
2030-09-21 18:15:00,0.0
2030-09-21 18:30:00,0.0
2030-09-21 18:45:00,0.0
2030-09-21 19:00:00,0.0
2030-09-21 19:15:00,0.0
2030-09-21 19:30:00,0.0
2030-09-21 19:45:00,0.0
2030-09-21 20:00:00,0.0
2030-09-21 20:15:00,0.0
2030-09-21 20:30:00,0.0
2030-09-21 20:45:00,0.0
2030-09-21 21:00:00,0.0
2030-09-21 21:15:00,0.0
2030-09-21 21:30:00,0.0
2030-09-21 21:45:00,0.0
2030-09-21 22:00:00,0.0
2030-09-21 22:15:00,0.0
2030-09-21 22:30:00,0.0
2030-09-21 22:45:00,0.0
2030-09-21 23:00:00,0.0
2030-09-21 23:15:00,0.0
2030-09-21 23:30:00,0.0
2030-09-21 23:45:00,0.0
2030-09-22 00:00:00,0.0
2030-09-22 00:15:00,0.0
2030-09-22 00:30:00,0.0
2030-09-22 00:45:00,0.0
2030-09-22 01:00:00,0.0
2030-09-22 01:15:00,0.0
2030-09-22 01:30:00,0.0
2030-09-22 01:45:00,0.0
2030-09-22 02:00:00,0.0
2030-09-22 02:15:00,0.0
2030-09-22 02:30:00,0.0
2030-09-22 02:45:00,0.0
2030-09-22 03:00:00,0.0
2030-09-22 03:15:00,0.0
2030-09-22 03:30:00,0.0
2030-09-22 03:45:00,0.0
2030-09-22 04:00:00,0.0
2030-09-22 04:15:00,0.0
2030-09-22 04:30:00,0.0
2030-09-22 04:45:00,0.0
2030-09-22 05:00:00,0.0
2030-09-22 05:15:00,0.0
2030-09-22 05:30:00,0.0
2030-09-22 05:45:00,0.0
2030-09-22 06:00:00,0.0
2030-09-22 06:15:00,0.0
2030-09-22 06:30:00,0.0
2030-09-22 06:45:00,0.0
2030-09-22 07:00:00,8634.844228254111
2030-09-22 07:15:00,8447.851447416066
2030-09-22 07:30:00,7408.461782063343
2030-09-22 07:45:00,6401.565608725345
2030-09-22 08:00:00,5416.651371641978
2030-09-22 08:15:00,4553.075447146961
2030-09-22 08:30:00,3687.660523233677
2030-09-22 08:45:00,2561.1640890270755
2030-09-22 09:00:00,1314.1903091990425
2030-09-22 09:15:00,318.13928339372796
2030-09-22 09:30:00,0.0
2030-09-22 09:45:00,0.0
2030-09-22 10:00:00,0.0
2030-09-22 10:15:00,0.0
2030-09-22 10:30:00,0.0
2030-09-22 10:45:00,0.0
2030-09-22 11:00:00,0.0
2030-09-22 11:15:00,0.0
2030-09-22 11:30:00,0.0
2030-09-22 11:45:00,0.0
2030-09-22 12:00:00,0.0
2030-09-22 12:15:00,0.0
2030-09-22 12:30:00,0.0
2030-09-22 12:45:00,0.0
2030-09-22 13:00:00,0.0
2030-09-22 13:15:00,0.0
2030-09-22 13:30:00,0.0
2030-09-22 13:45:00,0.0
2030-09-22 14:00:00,0.0
2030-09-22 14:15:00,0.0
2030-09-22 14:30:00,0.0
2030-09-22 14:45:00,0.0
2030-09-22 15:00:00,0.0
2030-09-22 15:15:00,0.0
2030-09-22 15:30:00,0.0
2030-09-22 15:45:00,0.0
2030-09-22 16:00:00,0.0
2030-09-22 16:15:00,0.0
2030-09-22 16:30:00,2047.7026320286313
2030-09-22 16:45:00,11333.694175495271
2030-09-22 17:00:00,12492.634969800292
2030-09-22 17:15:00,13262.253717002688
2030-09-22 17:30:00,13751.557216942514
2030-09-22 17:45:00,13998.846600761139
2030-09-22 18:00:00,13889.105066755175
2030-09-22 18:15:00,13692.682625157735
2030-09-22 18:30:00,13563.199650796723
2030-09-22 18:45:00,13501.509212053017
2030-09-22 19:00:00,13261.902349270458
2030-09-22 19:15:00,12836.863796620873
2030-09-22 19:30:00,12747.498450690819
2030-09-22 19:45:00,12673.570666028758
2030-09-22 20:00:00,12116.026560480826
2030-09-22 20:15:00,11685.311651211592
2030-09-22 20:30:00,11363.355043153926
2030-09-22 20:45:00,11091.720045457598
2030-09-22 21:00:00,10971.538615223813
2030-09-22 21:15:00,10443.507984362845
2030-09-22 21:30:00,9981.842142749218
2030-09-22 21:45:00,9332.218155584836
2030-09-22 22:00:00,8704.222066205983
2030-09-22 22:15:00,8002.907994225678
2030-09-22 22:30:00,7634.774935393543
2030-09-22 22:45:00,7310.648616193177
2030-09-22 23:00:00,6934.782689337846
2030-09-22 23:15:00,6533.314374750575
2030-09-22 23:30:00,6266.126261059644
2030-09-22 23:45:00,5881.174217762204
2030-09-23 00:00:00,5317.918081880169
2030-09-23 00:15:00,5014.3421529017905
2030-09-23 00:30:00,4767.7266150374835
2030-09-23 00:45:00,4551.471669392919
2030-09-23 01:00:00,3940.485379955202
2030-09-23 01:15:00,3507.4056215965866
2030-09-23 01:30:00,3212.0926296484377
2030-09-23 01:45:00,3102.6179759355946
2030-09-23 02:00:00,2886.1803513702253
2030-09-23 02:15:00,2727.674038972922
2030-09-23 02:30:00,2599.4867220981087
2030-09-23 02:45:00,2306.644694456514
2030-09-23 03:00:00,1960.4654383433044
2030-09-23 03:15:00,1568.2273116574816
2030-09-23 03:30:00,1267.4127594952497
2030-09-23 03:45:00,1006.3965182885695
2030-09-23 04:00:00,705.1989485130234
2030-09-23 04:15:00,556.175894917129
2030-09-23 04:30:00,373.0464826204643
2030-09-23 04:45:00,565.9021233180101
2030-09-23 05:00:00,614.0247526794483
2030-09-23 05:15:00,488.1790396629549
2030-09-23 05:30:00,623.3224249253271
2030-09-23 05:45:00,1039.196505242844
2030-09-23 06:00:00,1455.464103442775
2030-09-23 06:15:00,1535.097701184326
2030-09-23 06:30:00,1614.6721771319117
2030-09-23 06:45:00,1704.7164607889881
2030-09-23 07:00:00,1711.0035811705766
2030-09-23 07:15:00,1877.077097763764
2030-09-23 07:30:00,2127.9572705895243
2030-09-23 07:45:00,2393.9395701285994
2030-09-23 08:00:00,2749.2299238405067
2030-09-23 08:15:00,2821.0939256558304
2030-09-23 08:30:00,2647.9452500297884
2030-09-23 08:45:00,2259.1084828514704
2030-09-23 09:00:00,2057.148863417093
2030-09-23 09:15:00,1711.7193376674313
2030-09-23 09:30:00,1385.681933700589
2030-09-23 09:45:00,703.1352197500128
2030-09-23 10:00:00,82.5363400637907
2030-09-23 10:15:00,0.0
2030-09-23 10:30:00,0.0
2030-09-23 10:45:00,0.0
2030-09-23 11:00:00,0.0
2030-09-23 11:15:00,0.0
2030-09-23 11:30:00,0.0
2030-09-23 11:45:00,0.0
2030-09-23 12:00:00,0.0
2030-09-23 12:15:00,0.0
2030-09-23 12:30:00,0.0
2030-09-23 12:45:00,0.0
2030-09-23 13:00:00,0.0
2030-09-23 13:15:00,0.0
2030-09-23 13:30:00,0.0
2030-09-23 13:45:00,0.0
2030-09-23 14:00:00,0.0
2030-09-23 14:15:00,0.0
2030-09-23 14:30:00,0.0
2030-09-23 14:45:00,0.0
2030-09-23 15:00:00,0.0
2030-09-23 15:15:00,0.0
2030-09-23 15:30:00,0.0
2030-09-23 15:45:00,0.0
2030-09-23 16:00:00,0.0
2030-09-23 16:15:00,0.0
2030-09-23 16:30:00,0.0
2030-09-23 16:45:00,0.0
2030-09-23 17:00:00,0.0
2030-09-23 17:15:00,0.0
2030-09-23 17:30:00,0.0
2030-09-23 17:45:00,0.0
2030-09-23 18:00:00,0.0
2030-09-23 18:15:00,0.0
2030-09-23 18:30:00,0.0
2030-09-23 18:45:00,5837.453107723291
2030-09-23 19:00:00,6726.454096657868
2030-09-23 19:15:00,6579.905494407241
2030-09-23 19:30:00,6424.26871768638
2030-09-23 19:45:00,5846.922150698856
2030-09-23 20:00:00,5383.997236040064
2030-09-23 20:15:00,5017.101657956358
2030-09-23 20:30:00,4677.231915063829
2030-09-23 20:45:00,4354.386618177257
2030-09-23 21:00:00,3954.3902071519715
2030-09-23 21:15:00,3618.9400689909453
2030-09-23 21:30:00,3398.4549509549906
2030-09-23 21:45:00,3334.98855940097
2030-09-23 22:00:00,3433.9986695863136
2030-09-23 22:15:00,3425.6199569891396
2030-09-23 22:30:00,3439.3579904707603
2030-09-23 22:45:00,2907.3984600759395
2030-09-23 23:00:00,2281.9843438044627
2030-09-23 23:15:00,1406.8353848026945
2030-09-23 23:30:00,952.9370747905832
2030-09-23 23:45:00,535.3185636376784
2030-09-24 00:00:00,316.1880360955347
2030-09-24 00:15:00,715.7108601029886
2030-09-24 00:30:00,541.2417268877907
2030-09-24 00:45:00,373.94605842731653
2030-09-24 01:00:00,0.0
2030-09-24 01:15:00,0.0
2030-09-24 01:30:00,0.0
2030-09-24 01:45:00,0.0
2030-09-24 02:00:00,0.0
2030-09-24 02:15:00,0.0
2030-09-24 02:30:00,0.0
2030-09-24 02:45:00,0.0
2030-09-24 03:00:00,0.0
2030-09-24 03:15:00,0.0
2030-09-24 03:30:00,0.0
2030-09-24 03:45:00,0.0
2030-09-24 04:00:00,0.0
2030-09-24 04:15:00,0.0
2030-09-24 04:30:00,0.0
2030-09-24 04:45:00,0.0
2030-09-24 05:00:00,0.0
2030-09-24 05:15:00,0.0
2030-09-24 05:30:00,0.0
2030-09-24 05:45:00,301.27564551421347
2030-09-24 06:00:00,1513.793816609057
2030-09-24 06:15:00,1406.029804507607
2030-09-24 06:30:00,993.0463721156157
2030-09-24 06:45:00,362.91910752868716
2030-09-24 07:00:00,0.0
2030-09-24 07:15:00,0.0
2030-09-24 07:30:00,0.0
2030-09-24 07:45:00,0.0
2030-09-24 08:00:00,0.0
2030-09-24 08:15:00,0.0
2030-09-24 08:30:00,0.0
2030-09-24 08:45:00,0.0
2030-09-24 09:00:00,0.0
2030-09-24 09:15:00,0.0
2030-09-24 09:30:00,0.0
2030-09-24 09:45:00,0.0
2030-09-24 10:00:00,0.0
2030-09-24 10:15:00,0.0
2030-09-24 10:30:00,0.0
2030-09-24 10:45:00,0.0
2030-09-24 11:00:00,0.0
2030-09-24 11:15:00,0.0
2030-09-24 11:30:00,0.0
2030-09-24 11:45:00,0.0
2030-09-24 12:00:00,0.0
2030-09-24 12:15:00,0.0
2030-09-24 12:30:00,0.0
2030-09-24 12:45:00,0.0
2030-09-24 13:00:00,0.0
2030-09-24 13:15:00,0.0
2030-09-24 13:30:00,0.0
2030-09-24 13:45:00,0.0
2030-09-24 14:00:00,0.0
2030-09-24 14:15:00,0.0
2030-09-24 14:30:00,0.0
2030-09-24 14:45:00,0.0
2030-09-24 15:00:00,0.0
2030-09-24 15:15:00,0.0
2030-09-24 15:30:00,0.0
2030-09-24 15:45:00,0.0
2030-09-24 16:00:00,0.0
2030-09-24 16:15:00,0.0
2030-09-24 16:30:00,0.0
2030-09-24 16:45:00,0.0
2030-09-24 17:00:00,0.0
2030-09-24 17:15:00,0.0
2030-09-24 17:30:00,0.0
2030-09-24 17:45:00,0.0
2030-09-24 18:00:00,0.0
2030-09-24 18:15:00,0.0
2030-09-24 18:30:00,0.0
2030-09-24 18:45:00,0.0
2030-09-24 19:00:00,0.0
2030-09-24 19:15:00,0.0
2030-09-24 19:30:00,0.0
2030-09-24 19:45:00,0.0
2030-09-24 20:00:00,0.0
2030-09-24 20:15:00,0.0
2030-09-24 20:30:00,0.0
2030-09-24 20:45:00,0.0
2030-09-24 21:00:00,0.0
2030-09-24 21:15:00,0.0
2030-09-24 21:30:00,0.0
2030-09-24 21:45:00,0.0
2030-09-24 22:00:00,0.0
2030-09-24 22:15:00,0.0
2030-09-24 22:30:00,0.0
2030-09-24 22:45:00,0.0
2030-09-24 23:00:00,0.0
2030-09-24 23:15:00,0.0
2030-09-24 23:30:00,0.0
2030-09-24 23:45:00,0.0
2030-09-25 00:00:00,0.0
2030-09-25 00:15:00,0.0
2030-09-25 00:30:00,0.0
2030-09-25 00:45:00,0.0
2030-09-25 01:00:00,0.0
2030-09-25 01:15:00,0.0
2030-09-25 01:30:00,0.0
2030-09-25 01:45:00,0.0
2030-09-25 02:00:00,0.0
2030-09-25 02:15:00,0.0
2030-09-25 02:30:00,0.0
2030-09-25 02:45:00,0.0
2030-09-25 03:00:00,0.0
2030-09-25 03:15:00,0.0
2030-09-25 03:30:00,0.0
2030-09-25 03:45:00,0.0
2030-09-25 04:00:00,0.0
2030-09-25 04:15:00,0.0
2030-09-25 04:30:00,0.0
2030-09-25 04:45:00,0.0
2030-09-25 05:00:00,0.0
2030-09-25 05:15:00,0.0
2030-09-25 05:30:00,0.0
2030-09-25 05:45:00,0.0
2030-09-25 06:00:00,0.0
2030-09-25 06:15:00,0.0
2030-09-25 06:30:00,0.0
2030-09-25 06:45:00,0.0
2030-09-25 07:00:00,0.0
2030-09-25 07:15:00,0.0
2030-09-25 07:30:00,0.0
2030-09-25 07:45:00,0.0
2030-09-25 08:00:00,0.0
2030-09-25 08:15:00,0.0
2030-09-25 08:30:00,0.0
2030-09-25 08:45:00,0.0
2030-09-25 09:00:00,0.0
2030-09-25 09:15:00,0.0
2030-09-25 09:30:00,0.0
2030-09-25 09:45:00,0.0
2030-09-25 10:00:00,0.0
2030-09-25 10:15:00,0.0
2030-09-25 10:30:00,0.0
2030-09-25 10:45:00,0.0
2030-09-25 11:00:00,0.0
2030-09-25 11:15:00,0.0
2030-09-25 11:30:00,0.0
2030-09-25 11:45:00,0.0
2030-09-25 12:00:00,0.0
2030-09-25 12:15:00,0.0
2030-09-25 12:30:00,0.0
2030-09-25 12:45:00,0.0
2030-09-25 13:00:00,0.0
2030-09-25 13:15:00,0.0
2030-09-25 13:30:00,0.0
2030-09-25 13:45:00,0.0
2030-09-25 14:00:00,0.0
2030-09-25 14:15:00,0.0
2030-09-25 14:30:00,0.0
2030-09-25 14:45:00,0.0
2030-09-25 15:00:00,0.0
2030-09-25 15:15:00,0.0
2030-09-25 15:30:00,0.0
2030-09-25 15:45:00,0.0
2030-09-25 16:00:00,0.0
2030-09-25 16:15:00,0.0
2030-09-25 16:30:00,0.0
2030-09-25 16:45:00,0.0
2030-09-25 17:00:00,0.0
2030-09-25 17:15:00,0.0
2030-09-25 17:30:00,0.0
2030-09-25 17:45:00,0.0
2030-09-25 18:00:00,0.0
2030-09-25 18:15:00,0.0
2030-09-25 18:30:00,0.0
2030-09-25 18:45:00,0.0
2030-09-25 19:00:00,0.0
2030-09-25 19:15:00,0.0
2030-09-25 19:30:00,0.0
2030-09-25 19:45:00,0.0
2030-09-25 20:00:00,0.0
2030-09-25 20:15:00,0.0
2030-09-25 20:30:00,0.0
2030-09-25 20:45:00,0.0
2030-09-25 21:00:00,0.0
2030-09-25 21:15:00,0.0
2030-09-25 21:30:00,0.0
2030-09-25 21:45:00,0.0
2030-09-25 22:00:00,0.0
2030-09-25 22:15:00,0.0
2030-09-25 22:30:00,0.0
2030-09-25 22:45:00,0.0
2030-09-25 23:00:00,0.0
2030-09-25 23:15:00,0.0
2030-09-25 23:30:00,0.0
2030-09-25 23:45:00,0.0
2030-09-26 00:00:00,0.0
2030-09-26 00:15:00,0.0
2030-09-26 00:30:00,0.0
2030-09-26 00:45:00,0.0
2030-09-26 01:00:00,0.0
2030-09-26 01:15:00,0.0
2030-09-26 01:30:00,0.0
2030-09-26 01:45:00,0.0
2030-09-26 02:00:00,0.0
2030-09-26 02:15:00,0.0
2030-09-26 02:30:00,864.4573270624951
2030-09-26 02:45:00,11625.931042070628
2030-09-26 03:00:00,11804.813108239954
2030-09-26 03:15:00,11775.435470534581
2030-09-26 03:30:00,11704.283011980146
2030-09-26 03:45:00,11826.382979196085
2030-09-26 04:00:00,12038.854305785622
2030-09-26 04:15:00,12167.51236869254
2030-09-26 04:30:00,12251.87300531373
2030-09-26 04:45:00,12463.195821498219
2030-09-26 05:00:00,12915.619932593469
2030-09-26 05:15:00,13174.638362745349
2030-09-26 05:30:00,13540.398292456099
2030-09-26 05:45:00,14018.369311819522
2030-09-26 06:00:00,15092.624780851404
2030-09-26 06:15:00,15483.879069444205
2030-09-26 06:30:00,15459.993574226952
2030-09-26 06:45:00,14997.816223714452
2030-09-26 07:00:00,14239.953084011664
2030-09-26 07:15:00,13084.47050335088
2030-09-26 07:30:00,11970.742965507423
2030-09-26 07:45:00,10651.541765752234
2030-09-26 08:00:00,9387.134933462405
2030-09-26 08:15:00,7963.447381765058
2030-09-26 08:30:00,6510.445330343386
2030-09-26 08:45:00,5094.8297020757
2030-09-26 09:00:00,3779.8480500424303
2030-09-26 09:15:00,2317.1672260752093
2030-09-26 09:30:00,873.8434471970468
2030-09-26 09:45:00,0.0
2030-09-26 10:00:00,0.0
2030-09-26 10:15:00,0.0
2030-09-26 10:30:00,0.0
2030-09-26 10:45:00,0.0
2030-09-26 11:00:00,0.0
2030-09-26 11:15:00,0.0
2030-09-26 11:30:00,0.0
2030-09-26 11:45:00,0.0
2030-09-26 12:00:00,0.0
2030-09-26 12:15:00,0.0
2030-09-26 12:30:00,0.0
2030-09-26 12:45:00,0.0
2030-09-26 13:00:00,0.0
2030-09-26 13:15:00,0.0
2030-09-26 13:30:00,0.0
2030-09-26 13:45:00,0.0
2030-09-26 14:00:00,0.0
2030-09-26 14:15:00,0.0
2030-09-26 14:30:00,0.0
2030-09-26 14:45:00,0.0
2030-09-26 15:00:00,0.0
2030-09-26 15:15:00,0.0
2030-09-26 15:30:00,0.0
2030-09-26 15:45:00,0.0
2030-09-26 16:00:00,0.0
2030-09-26 16:15:00,0.0
2030-09-26 16:30:00,0.0
2030-09-26 16:45:00,0.0
2030-09-26 17:00:00,0.0
2030-09-26 17:15:00,0.0
2030-09-26 17:30:00,0.0
2030-09-26 17:45:00,0.0
2030-09-26 18:00:00,0.0
2030-09-26 18:15:00,0.0
2030-09-26 18:30:00,0.0
2030-09-26 18:45:00,0.0
2030-09-26 19:00:00,0.0
2030-09-26 19:15:00,0.0
2030-09-26 19:30:00,0.0
2030-09-26 19:45:00,0.0
2030-09-26 20:00:00,0.0
2030-09-26 20:15:00,0.0
2030-09-26 20:30:00,2404.7774728307922
2030-09-26 20:45:00,10198.910755032406
2030-09-26 21:00:00,9895.344029870841
2030-09-26 21:15:00,9569.171709749715
2030-09-26 21:30:00,9326.52492710519
2030-09-26 21:45:00,9102.761036254791
2030-09-26 22:00:00,8927.75279862295
2030-09-26 22:15:00,8797.785694107259
2030-09-26 22:30:00,8155.21688993715
2030-09-26 22:45:00,7895.210445336004
2030-09-26 23:00:00,6829.288796194423
2030-09-26 23:15:00,5903.620944511909
2030-09-26 23:30:00,5667.279281073554
2030-09-26 23:45:00,5483.804125718834
2030-09-27 00:00:00,5224.20518150424
2030-09-27 00:15:00,5276.827144117264
2030-09-27 00:30:00,5107.839653850375
2030-09-27 00:45:00,5097.794946513304
2030-09-27 01:00:00,4855.898879711558
2030-09-27 01:15:00,4714.426827461153
2030-09-27 01:30:00,4718.806540211586
2030-09-27 01:45:00,4437.891810145595
2030-09-27 02:00:00,3985.645189668936
2030-09-27 02:15:00,3863.377741544593
2030-09-27 02:30:00,3880.246236896308
2030-09-27 02:45:00,3837.853254443473
2030-09-27 03:00:00,3865.4452666654415
2030-09-27 03:15:00,3939.523382762687
2030-09-27 03:30:00,4078.5975685354497
2030-09-27 03:45:00,4242.64646317589
2030-09-27 04:00:00,4535.37257053748
2030-09-27 04:15:00,4711.855312265912
2030-09-27 04:30:00,4765.435261285971
2030-09-27 04:45:00,4993.217877852183
2030-09-27 05:00:00,5439.62524257274
2030-09-27 05:15:00,5636.747406275705
2030-09-27 05:30:00,5891.627055906387
2030-09-27 05:45:00,6737.743510995388
2030-09-27 06:00:00,8571.68217581336
2030-09-27 06:15:00,9382.503054255789
2030-09-27 06:30:00,9846.380399552312
2030-09-27 06:45:00,9854.83266308597
2030-09-27 07:00:00,9687.442669964188
2030-09-27 07:15:00,9311.772831153201
2030-09-27 07:30:00,8452.856043625048
2030-09-27 07:45:00,7351.560527483502
2030-09-27 08:00:00,6180.968770799853
2030-09-27 08:15:00,5048.199695730556
2030-09-27 08:30:00,3662.3036281596505
2030-09-27 08:45:00,2477.110229139693
2030-09-27 09:00:00,848.6889462357103
2030-09-27 09:15:00,0.0
2030-09-27 09:30:00,0.0
2030-09-27 09:45:00,0.0
2030-09-27 10:00:00,0.0
2030-09-27 10:15:00,0.0
2030-09-27 10:30:00,0.0
2030-09-27 10:45:00,0.0
2030-09-27 11:00:00,0.0
2030-09-27 11:15:00,0.0
2030-09-27 11:30:00,0.0
2030-09-27 11:45:00,0.0
2030-09-27 12:00:00,0.0
2030-09-27 12:15:00,0.0
2030-09-27 12:30:00,0.0
2030-09-27 12:45:00,0.0
2030-09-27 13:00:00,0.0
2030-09-27 13:15:00,0.0
2030-09-27 13:30:00,0.0
2030-09-27 13:45:00,0.0
2030-09-27 14:00:00,0.0
2030-09-27 14:15:00,0.0
2030-09-27 14:30:00,0.0
2030-09-27 14:45:00,0.0
2030-09-27 15:00:00,0.0
2030-09-27 15:15:00,0.0
2030-09-27 15:30:00,0.0
2030-09-27 15:45:00,0.0
2030-09-27 16:00:00,0.0
2030-09-27 16:15:00,0.0
2030-09-27 16:30:00,0.0
2030-09-27 16:45:00,0.0
2030-09-27 17:00:00,0.0
2030-09-27 17:15:00,0.0
2030-09-27 17:30:00,0.0
2030-09-27 17:45:00,0.0
2030-09-27 18:00:00,0.0
2030-09-27 18:15:00,0.0
2030-09-27 18:30:00,0.0
2030-09-27 18:45:00,0.0
2030-09-27 19:00:00,4836.0691448981215
2030-09-27 19:15:00,12944.62012540081
2030-09-27 19:30:00,12531.61200358526
2030-09-27 19:45:00,11758.577075295707
2030-09-27 20:00:00,10582.169204220389
2030-09-27 20:15:00,9623.678932042862
2030-09-27 20:30:00,8953.526470656125
2030-09-27 20:45:00,8503.420441855085
2030-09-27 21:00:00,7974.304573838377
2030-09-27 21:15:00,7458.14961968319
2030-09-27 21:30:00,7007.169125344171
2030-09-27 21:45:00,6587.424761411268
2030-09-27 22:00:00,5927.785769262806
2030-09-27 22:15:00,5385.690716232453
2030-09-27 22:30:00,4945.339269266666
2030-09-27 22:45:00,4326.965863841346
2030-09-27 23:00:00,4092.1089934752417
2030-09-27 23:15:00,3903.582858385962
2030-09-27 23:30:00,3707.6720081448075
2030-09-27 23:45:00,3443.1464964146944
2030-09-28 00:00:00,3283.0471728292578
2030-09-28 00:15:00,3444.300163831116
2030-09-28 00:30:00,3513.3839909982507
2030-09-28 00:45:00,3533.5337927274104
2030-09-28 01:00:00,3466.048644159051
2030-09-28 01:15:00,3391.732847777361
2030-09-28 01:30:00,3299.50977077019
2030-09-28 01:45:00,3349.9099943196634
2030-09-28 02:00:00,3381.8065226811486
2030-09-28 02:15:00,3564.4558885683073
2030-09-28 02:30:00,3807.644003690424
2030-09-28 02:45:00,3768.5260849944807
2030-09-28 03:00:00,4170.1394570753055
2030-09-28 03:15:00,4613.53385277569
2030-09-28 03:30:00,4759.4779510681965
2030-09-28 03:45:00,4900.597797431154
2030-09-28 04:00:00,4933.214143083091
2030-09-28 04:15:00,5243.015705918508
2030-09-28 04:30:00,5422.975213457161
2030-09-28 04:45:00,5740.603816258201
2030-09-28 05:00:00,6376.033675252949
2030-09-28 05:15:00,6834.44578533614
2030-09-28 05:30:00,7275.062022242339
2030-09-28 05:45:00,8021.095383925856
2030-09-28 06:00:00,9218.641139480635
2030-09-28 06:15:00,9952.154878338111
2030-09-28 06:30:00,10061.528683378949
2030-09-28 06:45:00,9744.362192336579
2030-09-28 07:00:00,9384.118413814063
2030-09-28 07:15:00,8850.228209241395
2030-09-28 07:30:00,7805.925765961834
2030-09-28 07:45:00,6978.185213464341
2030-09-28 08:00:00,6190.315807876317
2030-09-28 08:15:00,5390.300750441267
2030-09-28 08:30:00,4783.822552031699
2030-09-28 08:45:00,4099.80056856251
2030-09-28 09:00:00,3086.325290264791
2030-09-28 09:15:00,2251.90772710861
2030-09-28 09:30:00,1911.3970657688333
2030-09-28 09:45:00,1190.6003837529279
2030-09-28 10:00:00,732.2756568574114
2030-09-28 10:15:00,86.99029635290208
2030-09-28 10:30:00,0.0
2030-09-28 10:45:00,0.0
2030-09-28 11:00:00,0.0
2030-09-28 11:15:00,0.0
2030-09-28 11:30:00,0.0
2030-09-28 11:45:00,0.0
2030-09-28 12:00:00,0.0
2030-09-28 12:15:00,0.0
2030-09-28 12:30:00,0.0
2030-09-28 12:45:00,0.0
2030-09-28 13:00:00,0.0
2030-09-28 13:15:00,0.0
2030-09-28 13:30:00,0.0
2030-09-28 13:45:00,0.0
2030-09-28 14:00:00,0.0
2030-09-28 14:15:00,0.0
2030-09-28 14:30:00,0.0
2030-09-28 14:45:00,0.0
2030-09-28 15:00:00,213.6215168551007
2030-09-28 15:15:00,6675.4816878175225
2030-09-28 15:30:00,7791.005437822307
2030-09-28 15:45:00,9059.828682468165
2030-09-28 16:00:00,10557.96064821437
2030-09-28 16:15:00,11878.67318106849
2030-09-28 16:30:00,13122.031414677012
2030-09-28 16:45:00,14257.784308390554
2030-09-28 17:00:00,15864.518968721655
2030-09-28 17:15:00,16852.591282494595
2030-09-28 17:30:00,17484.81393051472
2030-09-28 17:45:00,17704.438385250465
2030-09-28 18:00:00,17890.476413468157
2030-09-28 18:15:00,17955.81695465496
2030-09-28 18:30:00,17962.13177107507
2030-09-28 18:45:00,18109.588691312987
2030-09-28 19:00:00,18207.462143849458
2030-09-28 19:15:00,18371.60706670348
2030-09-28 19:30:00,18502.225207431584
2030-09-28 19:45:00,18406.128772326785
2030-09-28 20:00:00,17828.00145559332
2030-09-28 20:15:00,17349.645353210253
2030-09-28 20:30:00,16785.349576168515
2030-09-28 20:45:00,16480.40952113751
2030-09-28 21:00:00,16114.387017327785
2030-09-28 21:15:00,15693.505539657868
2030-09-28 21:30:00,15169.660046961799
2030-09-28 21:45:00,14631.359687356478
2030-09-28 22:00:00,14050.579377025051
2030-09-28 22:15:00,13663.78366607699
2030-09-28 22:30:00,13142.364190184302
2030-09-28 22:45:00,12749.441462505343
2030-09-28 23:00:00,12250.953248891386
2030-09-28 23:15:00,11780.060595426774
2030-09-28 23:30:00,11446.79478136715
2030-09-28 23:45:00,11036.16041805208
2030-09-29 00:00:00,10614.683286329886
2030-09-29 00:15:00,10157.47416959128
2030-09-29 00:30:00,9849.620978558483
2030-09-29 00:45:00,9473.014270604403
2030-09-29 01:00:00,9272.388040668371
2030-09-29 01:15:00,8987.543929557172
2030-09-29 01:30:00,8742.438231784157
2030-09-29 01:45:00,8512.302922677029
2030-09-29 02:00:00,8296.549496426374
2030-09-29 02:15:00,8287.21206966375
2030-09-29 02:30:00,8388.912726229119
2030-09-29 02:45:00,8288.730935661273
2030-09-29 03:00:00,8171.520937968906
2030-09-29 03:15:00,8206.561290070818
2030-09-29 03:30:00,8174.500601951799
2030-09-29 03:45:00,8159.036747165961
2030-09-29 04:00:00,8188.075295768447
2030-09-29 04:15:00,8207.63210882524
2030-09-29 04:30:00,8396.558781214393
2030-09-29 04:45:00,8529.116189690176
2030-09-29 05:00:00,8874.347697093912
2030-09-29 05:15:00,8799.7591062168
2030-09-29 05:30:00,8979.743133194655
2030-09-29 05:45:00,9284.486033102738
2030-09-29 06:00:00,10208.212232101776
2030-09-29 06:15:00,10345.439474224479
2030-09-29 06:30:00,10011.17373908838
2030-09-29 06:45:00,9400.779284067223
2030-09-29 07:00:00,8745.666766769375
2030-09-29 07:15:00,7719.916541709688
2030-09-29 07:30:00,6253.272531282728
2030-09-29 07:45:00,4811.874379864668
2030-09-29 08:00:00,3468.5546928584627
2030-09-29 08:15:00,2009.1426419965865
2030-09-29 08:30:00,380.9045916653704
2030-09-29 08:45:00,0.0
2030-09-29 09:00:00,0.0
2030-09-29 09:15:00,0.0
2030-09-29 09:30:00,0.0
2030-09-29 09:45:00,0.0
2030-09-29 10:00:00,0.0
2030-09-29 10:15:00,0.0
2030-09-29 10:30:00,0.0
2030-09-29 10:45:00,0.0
2030-09-29 11:00:00,0.0
2030-09-29 11:15:00,0.0
2030-09-29 11:30:00,0.0
2030-09-29 11:45:00,0.0
2030-09-29 12:00:00,0.0
2030-09-29 12:15:00,0.0
2030-09-29 12:30:00,0.0
2030-09-29 12:45:00,0.0
2030-09-29 13:00:00,0.0
2030-09-29 13:15:00,0.0
2030-09-29 13:30:00,0.0
2030-09-29 13:45:00,0.0
2030-09-29 14:00:00,0.0
2030-09-29 14:15:00,0.0
2030-09-29 14:30:00,0.0
2030-09-29 14:45:00,0.0
2030-09-29 15:00:00,0.0
2030-09-29 15:15:00,0.0
2030-09-29 15:30:00,0.0
2030-09-29 15:45:00,0.0
2030-09-29 16:00:00,0.0
2030-09-29 16:15:00,0.0
2030-09-29 16:30:00,0.0
2030-09-29 16:45:00,0.0
2030-09-29 17:00:00,0.0
2030-09-29 17:15:00,0.0
2030-09-29 17:30:00,0.0
2030-09-29 17:45:00,0.0
2030-09-29 18:00:00,0.0
2030-09-29 18:15:00,0.0
2030-09-29 18:30:00,0.0
2030-09-29 18:45:00,0.0
2030-09-29 19:00:00,0.0
2030-09-29 19:15:00,0.0
2030-09-29 19:30:00,0.0
2030-09-29 19:45:00,0.0
2030-09-29 20:00:00,0.0
2030-09-29 20:15:00,0.0
2030-09-29 20:30:00,0.0
2030-09-29 20:45:00,0.0
2030-09-29 21:00:00,0.0
2030-09-29 21:15:00,0.0
2030-09-29 21:30:00,0.0
2030-09-29 21:45:00,0.0
2030-09-29 22:00:00,0.0
2030-09-29 22:15:00,0.0
2030-09-29 22:30:00,0.0
2030-09-29 22:45:00,0.0
2030-09-29 23:00:00,0.0
2030-09-29 23:15:00,0.0
2030-09-29 23:30:00,0.0
2030-09-29 23:45:00,0.0
2030-09-30 00:00:00,0.0
2030-09-30 00:15:00,0.0
2030-09-30 00:30:00,0.0
2030-09-30 00:45:00,0.0
2030-09-30 01:00:00,0.0
2030-09-30 01:15:00,0.0
2030-09-30 01:30:00,0.0
2030-09-30 01:45:00,0.0
2030-09-30 02:00:00,0.0
2030-09-30 02:15:00,0.0
2030-09-30 02:30:00,0.0
2030-09-30 02:45:00,645.4506512604294
2030-09-30 03:00:00,4658.972668879909
2030-09-30 03:15:00,4544.785535251511
2030-09-30 03:30:00,4661.7202859602
2030-09-30 03:45:00,4414.302164160696
2030-09-30 04:00:00,4283.708292582856
2030-09-30 04:15:00,4347.834749822194
2030-09-30 04:30:00,4575.268385639769
2030-09-30 04:45:00,4764.026201546465
2030-09-30 05:00:00,4973.4545833668235
2030-09-30 05:15:00,4922.797754712608
2030-09-30 05:30:00,4923.0193880574825
2030-09-30 05:45:00,4928.645501408875
2030-09-30 06:00:00,5217.783103369089
2030-09-30 06:15:00,5294.856987088931
2030-09-30 06:30:00,4842.704261132962
2030-09-30 06:45:00,4048.5638334954674
2030-09-30 07:00:00,3075.6782935430747
2030-09-30 07:15:00,1856.621137280301
2030-09-30 07:30:00,521.1048238042549
2030-09-30 07:45:00,0.0
2030-09-30 08:00:00,0.0
2030-09-30 08:15:00,0.0
2030-09-30 08:30:00,0.0
2030-09-30 08:45:00,0.0
2030-09-30 09:00:00,0.0
2030-09-30 09:15:00,0.0
2030-09-30 09:30:00,0.0
2030-09-30 09:45:00,0.0
2030-09-30 10:00:00,0.0
2030-09-30 10:15:00,0.0
2030-09-30 10:30:00,0.0
2030-09-30 10:45:00,0.0
2030-09-30 11:00:00,0.0
2030-09-30 11:15:00,0.0
2030-09-30 11:30:00,0.0
2030-09-30 11:45:00,0.0
2030-09-30 12:00:00,0.0
2030-09-30 12:15:00,0.0
2030-09-30 12:30:00,0.0
2030-09-30 12:45:00,0.0
2030-09-30 13:00:00,0.0
2030-09-30 13:15:00,0.0
2030-09-30 13:30:00,0.0
2030-09-30 13:45:00,0.0
2030-09-30 14:00:00,0.0
2030-09-30 14:15:00,0.0
2030-09-30 14:30:00,0.0
2030-09-30 14:45:00,0.0
2030-09-30 15:00:00,0.0
2030-09-30 15:15:00,0.0
2030-09-30 15:30:00,0.0
2030-09-30 15:45:00,0.0
2030-09-30 16:00:00,0.0
2030-09-30 16:15:00,0.0
2030-09-30 16:30:00,0.0
2030-09-30 16:45:00,0.0
2030-09-30 17:00:00,0.0
2030-09-30 17:15:00,0.0
2030-09-30 17:30:00,0.0
2030-09-30 17:45:00,0.0
2030-09-30 18:00:00,0.0
2030-09-30 18:15:00,0.0
2030-09-30 18:30:00,0.0
2030-09-30 18:45:00,0.0
2030-09-30 19:00:00,0.0
2030-09-30 19:15:00,0.0
2030-09-30 19:30:00,0.0
2030-09-30 19:45:00,0.0
2030-09-30 20:00:00,0.0
2030-09-30 20:15:00,0.0
2030-09-30 20:30:00,0.0
2030-09-30 20:45:00,0.0
2030-09-30 21:00:00,0.0
2030-09-30 21:15:00,0.0
2030-09-30 21:30:00,0.0
2030-09-30 21:45:00,0.0
2030-09-30 22:00:00,0.0
2030-09-30 22:15:00,0.0
2030-09-30 22:30:00,0.0
2030-09-30 22:45:00,0.0
2030-09-30 23:00:00,0.0
2030-09-30 23:15:00,0.0
2030-09-30 23:30:00,0.0
2030-09-30 23:45:00,0.0
2030-10-01 00:00:00,0.0
2030-10-01 00:15:00,0.0
2030-10-01 00:30:00,0.0
2030-10-01 00:45:00,0.0
2030-10-01 01:00:00,0.0
2030-10-01 01:15:00,0.0
2030-10-01 01:30:00,0.0
2030-10-01 01:45:00,0.0
2030-10-01 02:00:00,0.0
2030-10-01 02:15:00,0.0
2030-10-01 02:30:00,0.0
2030-10-01 02:45:00,0.0
2030-10-01 03:00:00,0.0
2030-10-01 03:15:00,0.0
2030-10-01 03:30:00,0.0
2030-10-01 03:45:00,0.0
2030-10-01 04:00:00,0.0
2030-10-01 04:15:00,0.0
2030-10-01 04:30:00,0.0
2030-10-01 04:45:00,0.0
2030-10-01 05:00:00,0.0
2030-10-01 05:15:00,0.0
2030-10-01 05:30:00,0.0
2030-10-01 05:45:00,0.0
2030-10-01 06:00:00,0.0
2030-10-01 06:15:00,0.0
2030-10-01 06:30:00,0.0
2030-10-01 06:45:00,0.0
2030-10-01 07:00:00,0.0
2030-10-01 07:15:00,0.0
2030-10-01 07:30:00,0.0
2030-10-01 07:45:00,0.0
2030-10-01 08:00:00,0.0
2030-10-01 08:15:00,0.0
2030-10-01 08:30:00,0.0
2030-10-01 08:45:00,0.0
2030-10-01 09:00:00,0.0
2030-10-01 09:15:00,0.0
2030-10-01 09:30:00,0.0
2030-10-01 09:45:00,0.0
2030-10-01 10:00:00,0.0
2030-10-01 10:15:00,0.0
2030-10-01 10:30:00,0.0
2030-10-01 10:45:00,0.0
2030-10-01 11:00:00,0.0
2030-10-01 11:15:00,0.0
2030-10-01 11:30:00,0.0
2030-10-01 11:45:00,0.0
2030-10-01 12:00:00,0.0
2030-10-01 12:15:00,0.0
2030-10-01 12:30:00,0.0
2030-10-01 12:45:00,0.0
2030-10-01 13:00:00,0.0
2030-10-01 13:15:00,0.0
2030-10-01 13:30:00,0.0
2030-10-01 13:45:00,0.0
2030-10-01 14:00:00,0.0
2030-10-01 14:15:00,0.0
2030-10-01 14:30:00,0.0
2030-10-01 14:45:00,0.0
2030-10-01 15:00:00,0.0
2030-10-01 15:15:00,0.0
2030-10-01 15:30:00,0.0
2030-10-01 15:45:00,0.0
2030-10-01 16:00:00,0.0
2030-10-01 16:15:00,0.0
2030-10-01 16:30:00,0.0
2030-10-01 16:45:00,0.0
2030-10-01 17:00:00,0.0
2030-10-01 17:15:00,0.0
2030-10-01 17:30:00,0.0
2030-10-01 17:45:00,0.0
2030-10-01 18:00:00,0.0
2030-10-01 18:15:00,0.0
2030-10-01 18:30:00,0.0
2030-10-01 18:45:00,0.0
2030-10-01 19:00:00,0.0
2030-10-01 19:15:00,0.0
2030-10-01 19:30:00,0.0
2030-10-01 19:45:00,0.0
2030-10-01 20:00:00,0.0
2030-10-01 20:15:00,0.0
2030-10-01 20:30:00,0.0
2030-10-01 20:45:00,0.0
2030-10-01 21:00:00,0.0
2030-10-01 21:15:00,0.0
2030-10-01 21:30:00,0.0
2030-10-01 21:45:00,0.0
2030-10-01 22:00:00,0.0
2030-10-01 22:15:00,0.0
2030-10-01 22:30:00,0.0
2030-10-01 22:45:00,0.0
2030-10-01 23:00:00,0.0
2030-10-01 23:15:00,0.0
2030-10-01 23:30:00,0.0
2030-10-01 23:45:00,0.0
2030-10-02 00:00:00,0.0
2030-10-02 00:15:00,0.0
2030-10-02 00:30:00,0.0
2030-10-02 00:45:00,0.0
2030-10-02 01:00:00,0.0
2030-10-02 01:15:00,0.0
2030-10-02 01:30:00,0.0
2030-10-02 01:45:00,0.0
2030-10-02 02:00:00,0.0
2030-10-02 02:15:00,0.0
2030-10-02 02:30:00,0.0
2030-10-02 02:45:00,0.0
2030-10-02 03:00:00,0.0
2030-10-02 03:15:00,0.0
2030-10-02 03:30:00,0.0
2030-10-02 03:45:00,0.0
2030-10-02 04:00:00,0.0
2030-10-02 04:15:00,0.0
2030-10-02 04:30:00,0.0
2030-10-02 04:45:00,0.0
2030-10-02 05:00:00,0.0
2030-10-02 05:15:00,0.0
2030-10-02 05:30:00,0.0
2030-10-02 05:45:00,0.0
2030-10-02 06:00:00,0.0
2030-10-02 06:15:00,0.0
2030-10-02 06:30:00,0.0
2030-10-02 06:45:00,0.0
2030-10-02 07:00:00,0.0
2030-10-02 07:15:00,0.0
2030-10-02 07:30:00,0.0
2030-10-02 07:45:00,0.0
2030-10-02 08:00:00,0.0
2030-10-02 08:15:00,0.0
2030-10-02 08:30:00,0.0
2030-10-02 08:45:00,0.0
2030-10-02 09:00:00,0.0
2030-10-02 09:15:00,0.0
2030-10-02 09:30:00,0.0
2030-10-02 09:45:00,0.0
2030-10-02 10:00:00,0.0
2030-10-02 10:15:00,0.0
2030-10-02 10:30:00,0.0
2030-10-02 10:45:00,0.0
2030-10-02 11:00:00,54.05790860925845
2030-10-02 11:15:00,1869.3146837934473
2030-10-02 11:30:00,1973.9700063340351
2030-10-02 11:45:00,2329.7515292491044
2030-10-02 12:00:00,2330.606399803957
2030-10-02 12:15:00,2314.2455833654967
2030-10-02 12:30:00,1925.5718921351108
2030-10-02 12:45:00,1539.3641770907634
2030-10-02 13:00:00,1288.023068775583
2030-10-02 13:15:00,919.9435390997387
2030-10-02 13:30:00,734.634924129492
2030-10-02 13:45:00,864.2779100832413
2030-10-02 14:00:00,1436.8945933218747
2030-10-02 14:15:00,1759.3665495164605
2030-10-02 14:30:00,2088.262160944312
2030-10-02 14:45:00,2965.5860795590925
2030-10-02 15:00:00,3427.681348744063
2030-10-02 15:15:00,3463.2184525692137
2030-10-02 15:30:00,3876.8748362854294
2030-10-02 15:45:00,4245.387351009056
2030-10-02 16:00:00,4839.821036039608
2030-10-02 16:15:00,5127.977426082496
2030-10-02 16:30:00,5414.9588983847825
2030-10-02 16:45:00,5933.092089927435
2030-10-02 17:00:00,6515.6961768086785
2030-10-02 17:15:00,6592.497347985151
2030-10-02 17:30:00,6728.1585569543695
2030-10-02 17:45:00,6665.758563474501
2030-10-02 18:00:00,6952.391250043684
2030-10-02 18:15:00,6905.721214288955
2030-10-02 18:30:00,6715.524062042903
2030-10-02 18:45:00,6548.175404724419
2030-10-02 19:00:00,6542.999609542592
2030-10-02 19:15:00,6770.849218563759
2030-10-02 19:30:00,6689.137135999892
2030-10-02 19:45:00,6368.482771504885
2030-10-02 20:00:00,5709.0134381261705
2030-10-02 20:15:00,5305.248254833699
2030-10-02 20:30:00,4870.649528867169
2030-10-02 20:45:00,4530.817156976504
2030-10-02 21:00:00,4183.547191970649
2030-10-02 21:15:00,3663.279589660109
2030-10-02 21:30:00,3174.4770198417355
2030-10-02 21:45:00,2773.444187902094
2030-10-02 22:00:00,2365.942702335584
2030-10-02 22:15:00,1856.798922860582
2030-10-02 22:30:00,1249.9544279489783
2030-10-02 22:45:00,751.5709425619898
2030-10-02 23:00:00,299.4043360034502
2030-10-02 23:15:00,0.0
2030-10-02 23:30:00,0.0
2030-10-02 23:45:00,0.0
2030-10-03 00:00:00,0.0
2030-10-03 00:15:00,0.0
2030-10-03 00:30:00,0.0
2030-10-03 00:45:00,0.0
2030-10-03 01:00:00,0.0
2030-10-03 01:15:00,0.0
2030-10-03 01:30:00,0.0
2030-10-03 01:45:00,0.0
2030-10-03 02:00:00,0.0
2030-10-03 02:15:00,0.0
2030-10-03 02:30:00,0.0
2030-10-03 02:45:00,0.0
2030-10-03 03:00:00,0.0
2030-10-03 03:15:00,0.0
2030-10-03 03:30:00,0.0
2030-10-03 03:45:00,0.0
2030-10-03 04:00:00,0.0
2030-10-03 04:15:00,0.0
2030-10-03 04:30:00,0.0
2030-10-03 04:45:00,0.0
2030-10-03 05:00:00,0.0
2030-10-03 05:15:00,0.0
2030-10-03 05:30:00,0.0
2030-10-03 05:45:00,0.0
2030-10-03 06:00:00,0.0
2030-10-03 06:15:00,0.0
2030-10-03 06:30:00,0.0
2030-10-03 06:45:00,0.0
2030-10-03 07:00:00,0.0
2030-10-03 07:15:00,0.0
2030-10-03 07:30:00,0.0
2030-10-03 07:45:00,0.0
2030-10-03 08:00:00,0.0
2030-10-03 08:15:00,0.0
2030-10-03 08:30:00,0.0
2030-10-03 08:45:00,0.0
2030-10-03 09:00:00,0.0
2030-10-03 09:15:00,0.0
2030-10-03 09:30:00,0.0
2030-10-03 09:45:00,0.0
2030-10-03 10:00:00,0.0
2030-10-03 10:15:00,0.0
2030-10-03 10:30:00,0.0
2030-10-03 10:45:00,0.0
2030-10-03 11:00:00,0.0
2030-10-03 11:15:00,0.0
2030-10-03 11:30:00,0.0
2030-10-03 11:45:00,0.0
2030-10-03 12:00:00,0.0
2030-10-03 12:15:00,0.0
2030-10-03 12:30:00,0.0
2030-10-03 12:45:00,0.0
2030-10-03 13:00:00,0.0
2030-10-03 13:15:00,0.0
2030-10-03 13:30:00,0.0
2030-10-03 13:45:00,0.0
2030-10-03 14:00:00,0.0
2030-10-03 14:15:00,0.0
2030-10-03 14:30:00,0.0
2030-10-03 14:45:00,0.0
2030-10-03 15:00:00,0.0
2030-10-03 15:15:00,0.0
2030-10-03 15:30:00,0.0
2030-10-03 15:45:00,0.0
2030-10-03 16:00:00,0.0
2030-10-03 16:15:00,0.0
2030-10-03 16:30:00,0.0
2030-10-03 16:45:00,0.0
2030-10-03 17:00:00,0.0
2030-10-03 17:15:00,0.0
2030-10-03 17:30:00,0.0
2030-10-03 17:45:00,0.0
2030-10-03 18:00:00,0.0
2030-10-03 18:15:00,0.0
2030-10-03 18:30:00,0.0
2030-10-03 18:45:00,0.0
2030-10-03 19:00:00,0.0
2030-10-03 19:15:00,0.0
2030-10-03 19:30:00,0.0
2030-10-03 19:45:00,0.0
2030-10-03 20:00:00,0.0
2030-10-03 20:15:00,0.0
2030-10-03 20:30:00,0.0
2030-10-03 20:45:00,0.0
2030-10-03 21:00:00,0.0
2030-10-03 21:15:00,0.0
2030-10-03 21:30:00,0.0
2030-10-03 21:45:00,0.0
2030-10-03 22:00:00,0.0
2030-10-03 22:15:00,0.0
2030-10-03 22:30:00,0.0
2030-10-03 22:45:00,0.0
2030-10-03 23:00:00,0.0
2030-10-03 23:15:00,0.0
2030-10-03 23:30:00,0.0
2030-10-03 23:45:00,0.0
2030-10-04 00:00:00,0.0
2030-10-04 00:15:00,0.0
2030-10-04 00:30:00,0.0
2030-10-04 00:45:00,0.0
2030-10-04 01:00:00,0.0
2030-10-04 01:15:00,0.0
2030-10-04 01:30:00,0.0
2030-10-04 01:45:00,0.0
2030-10-04 02:00:00,0.0
2030-10-04 02:15:00,0.0
2030-10-04 02:30:00,0.0
2030-10-04 02:45:00,0.0
2030-10-04 03:00:00,0.0
2030-10-04 03:15:00,0.0
2030-10-04 03:30:00,0.0
2030-10-04 03:45:00,0.0
2030-10-04 04:00:00,0.0
2030-10-04 04:15:00,0.0
2030-10-04 04:30:00,0.0
2030-10-04 04:45:00,0.0
2030-10-04 05:00:00,0.0
2030-10-04 05:15:00,0.0
2030-10-04 05:30:00,0.0
2030-10-04 05:45:00,0.0
2030-10-04 06:00:00,0.0
2030-10-04 06:15:00,0.0
2030-10-04 06:30:00,0.0
2030-10-04 06:45:00,0.0
2030-10-04 07:00:00,0.0
2030-10-04 07:15:00,0.0
2030-10-04 07:30:00,0.0
2030-10-04 07:45:00,0.0
2030-10-04 08:00:00,0.0
2030-10-04 08:15:00,0.0
2030-10-04 08:30:00,0.0
2030-10-04 08:45:00,0.0
2030-10-04 09:00:00,0.0
2030-10-04 09:15:00,0.0
2030-10-04 09:30:00,0.0
2030-10-04 09:45:00,0.0
2030-10-04 10:00:00,0.0
2030-10-04 10:15:00,0.0
2030-10-04 10:30:00,0.0
2030-10-04 10:45:00,0.0
2030-10-04 11:00:00,0.0
2030-10-04 11:15:00,0.0
2030-10-04 11:30:00,0.0
2030-10-04 11:45:00,0.0
2030-10-04 12:00:00,0.0
2030-10-04 12:15:00,0.0
2030-10-04 12:30:00,0.0
2030-10-04 12:45:00,0.0
2030-10-04 13:00:00,0.0
2030-10-04 13:15:00,0.0
2030-10-04 13:30:00,0.0
2030-10-04 13:45:00,0.0
2030-10-04 14:00:00,0.0
2030-10-04 14:15:00,0.0
2030-10-04 14:30:00,0.0
2030-10-04 14:45:00,0.0
2030-10-04 15:00:00,0.0
2030-10-04 15:15:00,0.0
2030-10-04 15:30:00,0.0
2030-10-04 15:45:00,0.0
2030-10-04 16:00:00,0.0
2030-10-04 16:15:00,0.0
2030-10-04 16:30:00,0.0
2030-10-04 16:45:00,0.0
2030-10-04 17:00:00,0.0
2030-10-04 17:15:00,0.0
2030-10-04 17:30:00,0.0
2030-10-04 17:45:00,0.0
2030-10-04 18:00:00,0.0
2030-10-04 18:15:00,0.0
2030-10-04 18:30:00,0.0
2030-10-04 18:45:00,0.0
2030-10-04 19:00:00,0.0
2030-10-04 19:15:00,0.0
2030-10-04 19:30:00,0.0
2030-10-04 19:45:00,0.0
2030-10-04 20:00:00,0.0
2030-10-04 20:15:00,0.0
2030-10-04 20:30:00,0.0
2030-10-04 20:45:00,0.0
2030-10-04 21:00:00,0.0
2030-10-04 21:15:00,0.0
2030-10-04 21:30:00,0.0
2030-10-04 21:45:00,0.0
2030-10-04 22:00:00,0.0
2030-10-04 22:15:00,0.0
2030-10-04 22:30:00,0.0
2030-10-04 22:45:00,0.0
2030-10-04 23:00:00,0.0
2030-10-04 23:15:00,0.0
2030-10-04 23:30:00,0.0
2030-10-04 23:45:00,0.0
2030-10-05 00:00:00,0.0
2030-10-05 00:15:00,0.0
2030-10-05 00:30:00,0.0
2030-10-05 00:45:00,0.0
2030-10-05 01:00:00,0.0
2030-10-05 01:15:00,0.0
2030-10-05 01:30:00,0.0
2030-10-05 01:45:00,0.0
2030-10-05 02:00:00,0.0
2030-10-05 02:15:00,0.0
2030-10-05 02:30:00,0.0
2030-10-05 02:45:00,0.0
2030-10-05 03:00:00,0.0
2030-10-05 03:15:00,0.0
2030-10-05 03:30:00,0.0
2030-10-05 03:45:00,0.0
2030-10-05 04:00:00,0.0
2030-10-05 04:15:00,0.0
2030-10-05 04:30:00,0.0
2030-10-05 04:45:00,0.0
2030-10-05 05:00:00,0.0
2030-10-05 05:15:00,0.0
2030-10-05 05:30:00,0.0
2030-10-05 05:45:00,0.0
2030-10-05 06:00:00,0.0
2030-10-05 06:15:00,0.0
2030-10-05 06:30:00,0.0
2030-10-05 06:45:00,0.0
2030-10-05 07:00:00,0.0
2030-10-05 07:15:00,0.0
2030-10-05 07:30:00,0.0
2030-10-05 07:45:00,0.0
2030-10-05 08:00:00,0.0
2030-10-05 08:15:00,0.0
2030-10-05 08:30:00,0.0
2030-10-05 08:45:00,0.0
2030-10-05 09:00:00,0.0
2030-10-05 09:15:00,0.0
2030-10-05 09:30:00,0.0
2030-10-05 09:45:00,0.0
2030-10-05 10:00:00,0.0
2030-10-05 10:15:00,0.0
2030-10-05 10:30:00,0.0
2030-10-05 10:45:00,0.0
2030-10-05 11:00:00,0.0
2030-10-05 11:15:00,0.0
2030-10-05 11:30:00,0.0
2030-10-05 11:45:00,0.0
2030-10-05 12:00:00,0.0
2030-10-05 12:15:00,0.0
2030-10-05 12:30:00,0.0
2030-10-05 12:45:00,0.0
2030-10-05 13:00:00,0.0
2030-10-05 13:15:00,0.0
2030-10-05 13:30:00,0.0
2030-10-05 13:45:00,0.0
2030-10-05 14:00:00,0.0
2030-10-05 14:15:00,0.0
2030-10-05 14:30:00,0.0
2030-10-05 14:45:00,0.0
2030-10-05 15:00:00,0.0
2030-10-05 15:15:00,0.0
2030-10-05 15:30:00,0.0
2030-10-05 15:45:00,0.0
2030-10-05 16:00:00,0.0
2030-10-05 16:15:00,0.0
2030-10-05 16:30:00,0.0
2030-10-05 16:45:00,0.0
2030-10-05 17:00:00,0.0
2030-10-05 17:15:00,0.0
2030-10-05 17:30:00,0.0
2030-10-05 17:45:00,0.0
2030-10-05 18:00:00,0.0
2030-10-05 18:15:00,0.0
2030-10-05 18:30:00,0.0
2030-10-05 18:45:00,0.0
2030-10-05 19:00:00,0.0
2030-10-05 19:15:00,0.0
2030-10-05 19:30:00,0.0
2030-10-05 19:45:00,0.0
2030-10-05 20:00:00,0.0
2030-10-05 20:15:00,0.0
2030-10-05 20:30:00,0.0
2030-10-05 20:45:00,0.0
2030-10-05 21:00:00,0.0
2030-10-05 21:15:00,0.0
2030-10-05 21:30:00,0.0
2030-10-05 21:45:00,0.0
2030-10-05 22:00:00,0.0
2030-10-05 22:15:00,0.0
2030-10-05 22:30:00,0.0
2030-10-05 22:45:00,0.0
2030-10-05 23:00:00,0.0
2030-10-05 23:15:00,0.0
2030-10-05 23:30:00,0.0
2030-10-05 23:45:00,0.0
2030-10-06 00:00:00,0.0
2030-10-06 00:15:00,0.0
2030-10-06 00:30:00,0.0
2030-10-06 00:45:00,0.0
2030-10-06 01:00:00,0.0
2030-10-06 01:15:00,0.0
2030-10-06 01:30:00,0.0
2030-10-06 01:45:00,0.0
2030-10-06 02:00:00,0.0
2030-10-06 02:15:00,0.0
2030-10-06 02:30:00,0.0
2030-10-06 02:45:00,0.0
2030-10-06 03:00:00,0.0
2030-10-06 03:15:00,0.0
2030-10-06 03:30:00,0.0
2030-10-06 03:45:00,0.0
2030-10-06 04:00:00,0.0
2030-10-06 04:15:00,0.0
2030-10-06 04:30:00,0.0
2030-10-06 04:45:00,0.0
2030-10-06 05:00:00,0.0
2030-10-06 05:15:00,0.0
2030-10-06 05:30:00,0.0
2030-10-06 05:45:00,0.0
2030-10-06 06:00:00,0.0
2030-10-06 06:15:00,0.0
2030-10-06 06:30:00,0.0
2030-10-06 06:45:00,0.0
2030-10-06 07:00:00,0.0
2030-10-06 07:15:00,0.0
2030-10-06 07:30:00,0.0
2030-10-06 07:45:00,0.0
2030-10-06 08:00:00,0.0
2030-10-06 08:15:00,0.0
2030-10-06 08:30:00,0.0
2030-10-06 08:45:00,0.0
2030-10-06 09:00:00,0.0
2030-10-06 09:15:00,0.0
2030-10-06 09:30:00,0.0
2030-10-06 09:45:00,0.0
2030-10-06 10:00:00,0.0
2030-10-06 10:15:00,0.0
2030-10-06 10:30:00,0.0
2030-10-06 10:45:00,0.0
2030-10-06 11:00:00,0.0
2030-10-06 11:15:00,0.0
2030-10-06 11:30:00,0.0
2030-10-06 11:45:00,0.0
2030-10-06 12:00:00,0.0
2030-10-06 12:15:00,0.0
2030-10-06 12:30:00,0.0
2030-10-06 12:45:00,0.0
2030-10-06 13:00:00,0.0
2030-10-06 13:15:00,0.0
2030-10-06 13:30:00,0.0
2030-10-06 13:45:00,0.0
2030-10-06 14:00:00,0.0
2030-10-06 14:15:00,0.0
2030-10-06 14:30:00,0.0
2030-10-06 14:45:00,0.0
2030-10-06 15:00:00,0.0
2030-10-06 15:15:00,0.0
2030-10-06 15:30:00,0.0
2030-10-06 15:45:00,0.0
2030-10-06 16:00:00,0.0
2030-10-06 16:15:00,0.0
2030-10-06 16:30:00,0.0
2030-10-06 16:45:00,0.0
2030-10-06 17:00:00,0.0
2030-10-06 17:15:00,0.0
2030-10-06 17:30:00,0.0
2030-10-06 17:45:00,0.0
2030-10-06 18:00:00,0.0
2030-10-06 18:15:00,0.0
2030-10-06 18:30:00,0.0
2030-10-06 18:45:00,0.0
2030-10-06 19:00:00,0.0
2030-10-06 19:15:00,0.0
2030-10-06 19:30:00,0.0
2030-10-06 19:45:00,0.0
2030-10-06 20:00:00,0.0
2030-10-06 20:15:00,0.0
2030-10-06 20:30:00,0.0
2030-10-06 20:45:00,0.0
2030-10-06 21:00:00,0.0
2030-10-06 21:15:00,0.0
2030-10-06 21:30:00,0.0
2030-10-06 21:45:00,0.0
2030-10-06 22:00:00,0.0
2030-10-06 22:15:00,0.0
2030-10-06 22:30:00,0.0
2030-10-06 22:45:00,0.0
2030-10-06 23:00:00,0.0
2030-10-06 23:15:00,0.0
2030-10-06 23:30:00,0.0
2030-10-06 23:45:00,0.0
2030-10-07 00:00:00,0.0
2030-10-07 00:15:00,0.0
2030-10-07 00:30:00,0.0
2030-10-07 00:45:00,0.0
2030-10-07 01:00:00,0.0
2030-10-07 01:15:00,0.0
2030-10-07 01:30:00,0.0
2030-10-07 01:45:00,0.0
2030-10-07 02:00:00,0.0
2030-10-07 02:15:00,0.0
2030-10-07 02:30:00,0.0
2030-10-07 02:45:00,0.0
2030-10-07 03:00:00,0.0
2030-10-07 03:15:00,0.0
2030-10-07 03:30:00,0.0
2030-10-07 03:45:00,0.0
2030-10-07 04:00:00,0.0
2030-10-07 04:15:00,0.0
2030-10-07 04:30:00,0.0
2030-10-07 04:45:00,0.0
2030-10-07 05:00:00,0.0
2030-10-07 05:15:00,0.0
2030-10-07 05:30:00,0.0
2030-10-07 05:45:00,0.0
2030-10-07 06:00:00,0.0
2030-10-07 06:15:00,0.0
2030-10-07 06:30:00,0.0
2030-10-07 06:45:00,0.0
2030-10-07 07:00:00,0.0
2030-10-07 07:15:00,0.0
2030-10-07 07:30:00,0.0
2030-10-07 07:45:00,0.0
2030-10-07 08:00:00,0.0
2030-10-07 08:15:00,0.0
2030-10-07 08:30:00,0.0
2030-10-07 08:45:00,0.0
2030-10-07 09:00:00,0.0
2030-10-07 09:15:00,0.0
2030-10-07 09:30:00,0.0
2030-10-07 09:45:00,0.0
2030-10-07 10:00:00,0.0
2030-10-07 10:15:00,0.0
2030-10-07 10:30:00,0.0
2030-10-07 10:45:00,0.0
2030-10-07 11:00:00,0.0
2030-10-07 11:15:00,0.0
2030-10-07 11:30:00,0.0
2030-10-07 11:45:00,0.0
2030-10-07 12:00:00,0.0
2030-10-07 12:15:00,0.0
2030-10-07 12:30:00,0.0
2030-10-07 12:45:00,0.0
2030-10-07 13:00:00,0.0
2030-10-07 13:15:00,0.0
2030-10-07 13:30:00,0.0
2030-10-07 13:45:00,0.0
2030-10-07 14:00:00,0.0
2030-10-07 14:15:00,0.0
2030-10-07 14:30:00,0.0
2030-10-07 14:45:00,0.0
2030-10-07 15:00:00,0.0
2030-10-07 15:15:00,0.0
2030-10-07 15:30:00,0.0
2030-10-07 15:45:00,0.0
2030-10-07 16:00:00,0.0
2030-10-07 16:15:00,0.0
2030-10-07 16:30:00,0.0
2030-10-07 16:45:00,0.0
2030-10-07 17:00:00,0.0
2030-10-07 17:15:00,0.0
2030-10-07 17:30:00,0.0
2030-10-07 17:45:00,0.0
2030-10-07 18:00:00,0.0
2030-10-07 18:15:00,0.0
2030-10-07 18:30:00,0.0
2030-10-07 18:45:00,0.0
2030-10-07 19:00:00,0.0
2030-10-07 19:15:00,0.0
2030-10-07 19:30:00,0.0
2030-10-07 19:45:00,0.0
2030-10-07 20:00:00,0.0
2030-10-07 20:15:00,0.0
2030-10-07 20:30:00,0.0
2030-10-07 20:45:00,0.0
2030-10-07 21:00:00,0.0
2030-10-07 21:15:00,0.0
2030-10-07 21:30:00,0.0
2030-10-07 21:45:00,0.0
2030-10-07 22:00:00,0.0
2030-10-07 22:15:00,0.0
2030-10-07 22:30:00,0.0
2030-10-07 22:45:00,0.0
2030-10-07 23:00:00,0.0
2030-10-07 23:15:00,0.0
2030-10-07 23:30:00,0.0
2030-10-07 23:45:00,0.0
2030-10-08 00:00:00,0.0
2030-10-08 00:15:00,0.0
2030-10-08 00:30:00,0.0
2030-10-08 00:45:00,0.0
2030-10-08 01:00:00,0.0
2030-10-08 01:15:00,0.0
2030-10-08 01:30:00,0.0
2030-10-08 01:45:00,0.0
2030-10-08 02:00:00,0.0
2030-10-08 02:15:00,0.0
2030-10-08 02:30:00,0.0
2030-10-08 02:45:00,0.0
2030-10-08 03:00:00,0.0
2030-10-08 03:15:00,0.0
2030-10-08 03:30:00,0.0
2030-10-08 03:45:00,0.0
2030-10-08 04:00:00,0.0
2030-10-08 04:15:00,0.0
2030-10-08 04:30:00,0.0
2030-10-08 04:45:00,0.0
2030-10-08 05:00:00,0.0
2030-10-08 05:15:00,0.0
2030-10-08 05:30:00,0.0
2030-10-08 05:45:00,0.0
2030-10-08 06:00:00,0.0
2030-10-08 06:15:00,0.0
2030-10-08 06:30:00,0.0
2030-10-08 06:45:00,0.0
2030-10-08 07:00:00,0.0
2030-10-08 07:15:00,0.0
2030-10-08 07:30:00,0.0
2030-10-08 07:45:00,0.0
2030-10-08 08:00:00,0.0
2030-10-08 08:15:00,0.0
2030-10-08 08:30:00,0.0
2030-10-08 08:45:00,0.0
2030-10-08 09:00:00,0.0
2030-10-08 09:15:00,0.0
2030-10-08 09:30:00,0.0
2030-10-08 09:45:00,0.0
2030-10-08 10:00:00,0.0
2030-10-08 10:15:00,0.0
2030-10-08 10:30:00,0.0
2030-10-08 10:45:00,0.0
2030-10-08 11:00:00,0.0
2030-10-08 11:15:00,0.0
2030-10-08 11:30:00,0.0
2030-10-08 11:45:00,0.0
2030-10-08 12:00:00,0.0
2030-10-08 12:15:00,0.0
2030-10-08 12:30:00,0.0
2030-10-08 12:45:00,0.0
2030-10-08 13:00:00,0.0
2030-10-08 13:15:00,0.0
2030-10-08 13:30:00,0.0
2030-10-08 13:45:00,0.0
2030-10-08 14:00:00,0.0
2030-10-08 14:15:00,0.0
2030-10-08 14:30:00,0.0
2030-10-08 14:45:00,0.0
2030-10-08 15:00:00,0.0
2030-10-08 15:15:00,0.0
2030-10-08 15:30:00,0.0
2030-10-08 15:45:00,0.0
2030-10-08 16:00:00,0.0
2030-10-08 16:15:00,0.0
2030-10-08 16:30:00,0.0
2030-10-08 16:45:00,0.0
2030-10-08 17:00:00,0.0
2030-10-08 17:15:00,0.0
2030-10-08 17:30:00,0.0
2030-10-08 17:45:00,0.0
2030-10-08 18:00:00,0.0
2030-10-08 18:15:00,0.0
2030-10-08 18:30:00,0.0
2030-10-08 18:45:00,0.0
2030-10-08 19:00:00,0.0
2030-10-08 19:15:00,0.0
2030-10-08 19:30:00,0.0
2030-10-08 19:45:00,0.0
2030-10-08 20:00:00,0.0
2030-10-08 20:15:00,0.0
2030-10-08 20:30:00,0.0
2030-10-08 20:45:00,0.0
2030-10-08 21:00:00,0.0
2030-10-08 21:15:00,0.0
2030-10-08 21:30:00,0.0
2030-10-08 21:45:00,0.0
2030-10-08 22:00:00,0.0
2030-10-08 22:15:00,0.0
2030-10-08 22:30:00,0.0
2030-10-08 22:45:00,0.0
2030-10-08 23:00:00,0.0
2030-10-08 23:15:00,0.0
2030-10-08 23:30:00,0.0
2030-10-08 23:45:00,0.0
2030-10-09 00:00:00,0.0
2030-10-09 00:15:00,0.0
2030-10-09 00:30:00,0.0
2030-10-09 00:45:00,0.0
2030-10-09 01:00:00,0.0
2030-10-09 01:15:00,0.0
2030-10-09 01:30:00,0.0
2030-10-09 01:45:00,0.0
2030-10-09 02:00:00,0.0
2030-10-09 02:15:00,0.0
2030-10-09 02:30:00,0.0
2030-10-09 02:45:00,0.0
2030-10-09 03:00:00,0.0
2030-10-09 03:15:00,0.0
2030-10-09 03:30:00,0.0
2030-10-09 03:45:00,0.0
2030-10-09 04:00:00,0.0
2030-10-09 04:15:00,0.0
2030-10-09 04:30:00,0.0
2030-10-09 04:45:00,0.0
2030-10-09 05:00:00,0.0
2030-10-09 05:15:00,0.0
2030-10-09 05:30:00,0.0
2030-10-09 05:45:00,0.0
2030-10-09 06:00:00,0.0
2030-10-09 06:15:00,0.0
2030-10-09 06:30:00,0.0
2030-10-09 06:45:00,0.0
2030-10-09 07:00:00,0.0
2030-10-09 07:15:00,0.0
2030-10-09 07:30:00,0.0
2030-10-09 07:45:00,0.0
2030-10-09 08:00:00,0.0
2030-10-09 08:15:00,0.0
2030-10-09 08:30:00,0.0
2030-10-09 08:45:00,0.0
2030-10-09 09:00:00,0.0
2030-10-09 09:15:00,0.0
2030-10-09 09:30:00,0.0
2030-10-09 09:45:00,0.0
2030-10-09 10:00:00,0.0
2030-10-09 10:15:00,0.0
2030-10-09 10:30:00,0.0
2030-10-09 10:45:00,0.0
2030-10-09 11:00:00,0.0
2030-10-09 11:15:00,0.0
2030-10-09 11:30:00,0.0
2030-10-09 11:45:00,0.0
2030-10-09 12:00:00,0.0
2030-10-09 12:15:00,0.0
2030-10-09 12:30:00,0.0
2030-10-09 12:45:00,0.0
2030-10-09 13:00:00,0.0
2030-10-09 13:15:00,0.0
2030-10-09 13:30:00,0.0
2030-10-09 13:45:00,0.0
2030-10-09 14:00:00,0.0
2030-10-09 14:15:00,0.0
2030-10-09 14:30:00,0.0
2030-10-09 14:45:00,0.0
2030-10-09 15:00:00,0.0
2030-10-09 15:15:00,0.0
2030-10-09 15:30:00,0.0
2030-10-09 15:45:00,0.0
2030-10-09 16:00:00,0.0
2030-10-09 16:15:00,0.0
2030-10-09 16:30:00,0.0
2030-10-09 16:45:00,0.0
2030-10-09 17:00:00,0.0
2030-10-09 17:15:00,0.0
2030-10-09 17:30:00,0.0
2030-10-09 17:45:00,0.0
2030-10-09 18:00:00,0.0
2030-10-09 18:15:00,0.0
2030-10-09 18:30:00,0.0
2030-10-09 18:45:00,0.0
2030-10-09 19:00:00,0.0
2030-10-09 19:15:00,0.0
2030-10-09 19:30:00,0.0
2030-10-09 19:45:00,0.0
2030-10-09 20:00:00,0.0
2030-10-09 20:15:00,0.0
2030-10-09 20:30:00,0.0
2030-10-09 20:45:00,0.0
2030-10-09 21:00:00,0.0
2030-10-09 21:15:00,0.0
2030-10-09 21:30:00,0.0
2030-10-09 21:45:00,0.0
2030-10-09 22:00:00,0.0
2030-10-09 22:15:00,0.0
2030-10-09 22:30:00,0.0
2030-10-09 22:45:00,0.0
2030-10-09 23:00:00,0.0
2030-10-09 23:15:00,0.0
2030-10-09 23:30:00,0.0
2030-10-09 23:45:00,0.0
2030-10-10 00:00:00,0.0
2030-10-10 00:15:00,0.0
2030-10-10 00:30:00,0.0
2030-10-10 00:45:00,0.0
2030-10-10 01:00:00,0.0
2030-10-10 01:15:00,0.0
2030-10-10 01:30:00,0.0
2030-10-10 01:45:00,0.0
2030-10-10 02:00:00,0.0
2030-10-10 02:15:00,0.0
2030-10-10 02:30:00,0.0
2030-10-10 02:45:00,0.0
2030-10-10 03:00:00,0.0
2030-10-10 03:15:00,0.0
2030-10-10 03:30:00,0.0
2030-10-10 03:45:00,0.0
2030-10-10 04:00:00,0.0
2030-10-10 04:15:00,0.0
2030-10-10 04:30:00,0.0
2030-10-10 04:45:00,0.0
2030-10-10 05:00:00,0.0
2030-10-10 05:15:00,0.0
2030-10-10 05:30:00,0.0
2030-10-10 05:45:00,0.0
2030-10-10 06:00:00,0.0
2030-10-10 06:15:00,0.0
2030-10-10 06:30:00,0.0
2030-10-10 06:45:00,0.0
2030-10-10 07:00:00,0.0
2030-10-10 07:15:00,0.0
2030-10-10 07:30:00,0.0
2030-10-10 07:45:00,0.0
2030-10-10 08:00:00,0.0
2030-10-10 08:15:00,0.0
2030-10-10 08:30:00,0.0
2030-10-10 08:45:00,0.0
2030-10-10 09:00:00,0.0
2030-10-10 09:15:00,0.0
2030-10-10 09:30:00,0.0
2030-10-10 09:45:00,0.0
2030-10-10 10:00:00,0.0
2030-10-10 10:15:00,0.0
2030-10-10 10:30:00,0.0
2030-10-10 10:45:00,0.0
2030-10-10 11:00:00,0.0
2030-10-10 11:15:00,0.0
2030-10-10 11:30:00,0.0
2030-10-10 11:45:00,0.0
2030-10-10 12:00:00,0.0
2030-10-10 12:15:00,0.0
2030-10-10 12:30:00,0.0
2030-10-10 12:45:00,0.0
2030-10-10 13:00:00,0.0
2030-10-10 13:15:00,0.0
2030-10-10 13:30:00,0.0
2030-10-10 13:45:00,0.0
2030-10-10 14:00:00,0.0
2030-10-10 14:15:00,0.0
2030-10-10 14:30:00,0.0
2030-10-10 14:45:00,0.0
2030-10-10 15:00:00,0.0
2030-10-10 15:15:00,0.0
2030-10-10 15:30:00,0.0
2030-10-10 15:45:00,0.0
2030-10-10 16:00:00,0.0
2030-10-10 16:15:00,0.0
2030-10-10 16:30:00,0.0
2030-10-10 16:45:00,0.0
2030-10-10 17:00:00,0.0
2030-10-10 17:15:00,0.0
2030-10-10 17:30:00,0.0
2030-10-10 17:45:00,0.0
2030-10-10 18:00:00,0.0
2030-10-10 18:15:00,0.0
2030-10-10 18:30:00,0.0
2030-10-10 18:45:00,0.0
2030-10-10 19:00:00,0.0
2030-10-10 19:15:00,0.0
2030-10-10 19:30:00,0.0
2030-10-10 19:45:00,0.0
2030-10-10 20:00:00,0.0
2030-10-10 20:15:00,0.0
2030-10-10 20:30:00,0.0
2030-10-10 20:45:00,0.0
2030-10-10 21:00:00,0.0
2030-10-10 21:15:00,0.0
2030-10-10 21:30:00,0.0
2030-10-10 21:45:00,0.0
2030-10-10 22:00:00,0.0
2030-10-10 22:15:00,0.0
2030-10-10 22:30:00,0.0
2030-10-10 22:45:00,0.0
2030-10-10 23:00:00,0.0
2030-10-10 23:15:00,0.0
2030-10-10 23:30:00,0.0
2030-10-10 23:45:00,0.0
2030-10-11 00:00:00,0.0
2030-10-11 00:15:00,0.0
2030-10-11 00:30:00,0.0
2030-10-11 00:45:00,0.0
2030-10-11 01:00:00,0.0
2030-10-11 01:15:00,0.0
2030-10-11 01:30:00,0.0
2030-10-11 01:45:00,0.0
2030-10-11 02:00:00,0.0
2030-10-11 02:15:00,0.0
2030-10-11 02:30:00,0.0
2030-10-11 02:45:00,0.0
2030-10-11 03:00:00,0.0
2030-10-11 03:15:00,0.0
2030-10-11 03:30:00,0.0
2030-10-11 03:45:00,0.0
2030-10-11 04:00:00,0.0
2030-10-11 04:15:00,0.0
2030-10-11 04:30:00,0.0
2030-10-11 04:45:00,0.0
2030-10-11 05:00:00,0.0
2030-10-11 05:15:00,0.0
2030-10-11 05:30:00,0.0
2030-10-11 05:45:00,0.0
2030-10-11 06:00:00,0.0
2030-10-11 06:15:00,0.0
2030-10-11 06:30:00,0.0
2030-10-11 06:45:00,0.0
2030-10-11 07:00:00,0.0
2030-10-11 07:15:00,0.0
2030-10-11 07:30:00,0.0
2030-10-11 07:45:00,0.0
2030-10-11 08:00:00,0.0
2030-10-11 08:15:00,0.0
2030-10-11 08:30:00,0.0
2030-10-11 08:45:00,0.0
2030-10-11 09:00:00,0.0
2030-10-11 09:15:00,0.0
2030-10-11 09:30:00,0.0
2030-10-11 09:45:00,0.0
2030-10-11 10:00:00,0.0
2030-10-11 10:15:00,0.0
2030-10-11 10:30:00,0.0
2030-10-11 10:45:00,0.0
2030-10-11 11:00:00,0.0
2030-10-11 11:15:00,0.0
2030-10-11 11:30:00,0.0
2030-10-11 11:45:00,0.0
2030-10-11 12:00:00,0.0
2030-10-11 12:15:00,0.0
2030-10-11 12:30:00,0.0
2030-10-11 12:45:00,0.0
2030-10-11 13:00:00,0.0
2030-10-11 13:15:00,0.0
2030-10-11 13:30:00,0.0
2030-10-11 13:45:00,0.0
2030-10-11 14:00:00,0.0
2030-10-11 14:15:00,0.0
2030-10-11 14:30:00,0.0
2030-10-11 14:45:00,0.0
2030-10-11 15:00:00,0.0
2030-10-11 15:15:00,0.0
2030-10-11 15:30:00,0.0
2030-10-11 15:45:00,0.0
2030-10-11 16:00:00,0.0
2030-10-11 16:15:00,0.0
2030-10-11 16:30:00,0.0
2030-10-11 16:45:00,0.0
2030-10-11 17:00:00,0.0
2030-10-11 17:15:00,0.0
2030-10-11 17:30:00,0.0
2030-10-11 17:45:00,0.0
2030-10-11 18:00:00,0.0
2030-10-11 18:15:00,0.0
2030-10-11 18:30:00,0.0
2030-10-11 18:45:00,0.0
2030-10-11 19:00:00,0.0
2030-10-11 19:15:00,0.0
2030-10-11 19:30:00,0.0
2030-10-11 19:45:00,0.0
2030-10-11 20:00:00,0.0
2030-10-11 20:15:00,0.0
2030-10-11 20:30:00,0.0
2030-10-11 20:45:00,0.0
2030-10-11 21:00:00,0.0
2030-10-11 21:15:00,0.0
2030-10-11 21:30:00,0.0
2030-10-11 21:45:00,0.0
2030-10-11 22:00:00,0.0
2030-10-11 22:15:00,0.0
2030-10-11 22:30:00,0.0
2030-10-11 22:45:00,0.0
2030-10-11 23:00:00,0.0
2030-10-11 23:15:00,0.0
2030-10-11 23:30:00,0.0
2030-10-11 23:45:00,0.0
2030-10-12 00:00:00,0.0
2030-10-12 00:15:00,0.0
2030-10-12 00:30:00,0.0
2030-10-12 00:45:00,0.0
2030-10-12 01:00:00,0.0
2030-10-12 01:15:00,0.0
2030-10-12 01:30:00,0.0
2030-10-12 01:45:00,0.0
2030-10-12 02:00:00,0.0
2030-10-12 02:15:00,0.0
2030-10-12 02:30:00,0.0
2030-10-12 02:45:00,0.0
2030-10-12 03:00:00,0.0
2030-10-12 03:15:00,0.0
2030-10-12 03:30:00,0.0
2030-10-12 03:45:00,0.0
2030-10-12 04:00:00,0.0
2030-10-12 04:15:00,0.0
2030-10-12 04:30:00,0.0
2030-10-12 04:45:00,0.0
2030-10-12 05:00:00,0.0
2030-10-12 05:15:00,0.0
2030-10-12 05:30:00,0.0
2030-10-12 05:45:00,0.0
2030-10-12 06:00:00,0.0
2030-10-12 06:15:00,0.0
2030-10-12 06:30:00,0.0
2030-10-12 06:45:00,0.0
2030-10-12 07:00:00,0.0
2030-10-12 07:15:00,0.0
2030-10-12 07:30:00,0.0
2030-10-12 07:45:00,0.0
2030-10-12 08:00:00,0.0
2030-10-12 08:15:00,0.0
2030-10-12 08:30:00,0.0
2030-10-12 08:45:00,0.0
2030-10-12 09:00:00,0.0
2030-10-12 09:15:00,0.0
2030-10-12 09:30:00,0.0
2030-10-12 09:45:00,0.0
2030-10-12 10:00:00,0.0
2030-10-12 10:15:00,0.0
2030-10-12 10:30:00,0.0
2030-10-12 10:45:00,0.0
2030-10-12 11:00:00,0.0
2030-10-12 11:15:00,0.0
2030-10-12 11:30:00,0.0
2030-10-12 11:45:00,0.0
2030-10-12 12:00:00,0.0
2030-10-12 12:15:00,0.0
2030-10-12 12:30:00,0.0
2030-10-12 12:45:00,0.0
2030-10-12 13:00:00,0.0
2030-10-12 13:15:00,0.0
2030-10-12 13:30:00,0.0
2030-10-12 13:45:00,0.0
2030-10-12 14:00:00,0.0
2030-10-12 14:15:00,0.0
2030-10-12 14:30:00,0.0
2030-10-12 14:45:00,0.0
2030-10-12 15:00:00,0.0
2030-10-12 15:15:00,0.0
2030-10-12 15:30:00,0.0
2030-10-12 15:45:00,0.0
2030-10-12 16:00:00,0.0
2030-10-12 16:15:00,0.0
2030-10-12 16:30:00,0.0
2030-10-12 16:45:00,0.0
2030-10-12 17:00:00,0.0
2030-10-12 17:15:00,0.0
2030-10-12 17:30:00,0.0
2030-10-12 17:45:00,0.0
2030-10-12 18:00:00,0.0
2030-10-12 18:15:00,0.0
2030-10-12 18:30:00,0.0
2030-10-12 18:45:00,0.0
2030-10-12 19:00:00,0.0
2030-10-12 19:15:00,0.0
2030-10-12 19:30:00,0.0
2030-10-12 19:45:00,0.0
2030-10-12 20:00:00,0.0
2030-10-12 20:15:00,0.0
2030-10-12 20:30:00,0.0
2030-10-12 20:45:00,0.0
2030-10-12 21:00:00,0.0
2030-10-12 21:15:00,0.0
2030-10-12 21:30:00,0.0
2030-10-12 21:45:00,0.0
2030-10-12 22:00:00,0.0
2030-10-12 22:15:00,0.0
2030-10-12 22:30:00,0.0
2030-10-12 22:45:00,0.0
2030-10-12 23:00:00,0.0
2030-10-12 23:15:00,0.0
2030-10-12 23:30:00,0.0
2030-10-12 23:45:00,0.0
2030-10-13 00:00:00,0.0
2030-10-13 00:15:00,0.0
2030-10-13 00:30:00,0.0
2030-10-13 00:45:00,0.0
2030-10-13 01:00:00,0.0
2030-10-13 01:15:00,0.0
2030-10-13 01:30:00,0.0
2030-10-13 01:45:00,0.0
2030-10-13 02:00:00,0.0
2030-10-13 02:15:00,0.0
2030-10-13 02:30:00,0.0
2030-10-13 02:45:00,0.0
2030-10-13 03:00:00,0.0
2030-10-13 03:15:00,0.0
2030-10-13 03:30:00,0.0
2030-10-13 03:45:00,0.0
2030-10-13 04:00:00,0.0
2030-10-13 04:15:00,0.0
2030-10-13 04:30:00,0.0
2030-10-13 04:45:00,0.0
2030-10-13 05:00:00,0.0
2030-10-13 05:15:00,0.0
2030-10-13 05:30:00,0.0
2030-10-13 05:45:00,0.0
2030-10-13 06:00:00,0.0
2030-10-13 06:15:00,0.0
2030-10-13 06:30:00,0.0
2030-10-13 06:45:00,0.0
2030-10-13 07:00:00,0.0
2030-10-13 07:15:00,0.0
2030-10-13 07:30:00,0.0
2030-10-13 07:45:00,0.0
2030-10-13 08:00:00,0.0
2030-10-13 08:15:00,0.0
2030-10-13 08:30:00,0.0
2030-10-13 08:45:00,0.0
2030-10-13 09:00:00,0.0
2030-10-13 09:15:00,0.0
2030-10-13 09:30:00,0.0
2030-10-13 09:45:00,0.0
2030-10-13 10:00:00,0.0
2030-10-13 10:15:00,0.0
2030-10-13 10:30:00,0.0
2030-10-13 10:45:00,0.0
2030-10-13 11:00:00,0.0
2030-10-13 11:15:00,0.0
2030-10-13 11:30:00,0.0
2030-10-13 11:45:00,0.0
2030-10-13 12:00:00,0.0
2030-10-13 12:15:00,0.0
2030-10-13 12:30:00,0.0
2030-10-13 12:45:00,0.0
2030-10-13 13:00:00,0.0
2030-10-13 13:15:00,0.0
2030-10-13 13:30:00,0.0
2030-10-13 13:45:00,0.0
2030-10-13 14:00:00,0.0
2030-10-13 14:15:00,0.0
2030-10-13 14:30:00,0.0
2030-10-13 14:45:00,0.0
2030-10-13 15:00:00,0.0
2030-10-13 15:15:00,0.0
2030-10-13 15:30:00,0.0
2030-10-13 15:45:00,0.0
2030-10-13 16:00:00,0.0
2030-10-13 16:15:00,0.0
2030-10-13 16:30:00,0.0
2030-10-13 16:45:00,0.0
2030-10-13 17:00:00,0.0
2030-10-13 17:15:00,0.0
2030-10-13 17:30:00,0.0
2030-10-13 17:45:00,0.0
2030-10-13 18:00:00,0.0
2030-10-13 18:15:00,0.0
2030-10-13 18:30:00,0.0
2030-10-13 18:45:00,0.0
2030-10-13 19:00:00,0.0
2030-10-13 19:15:00,0.0
2030-10-13 19:30:00,0.0
2030-10-13 19:45:00,0.0
2030-10-13 20:00:00,0.0
2030-10-13 20:15:00,0.0
2030-10-13 20:30:00,0.0
2030-10-13 20:45:00,0.0
2030-10-13 21:00:00,0.0
2030-10-13 21:15:00,0.0
2030-10-13 21:30:00,0.0
2030-10-13 21:45:00,0.0
2030-10-13 22:00:00,0.0
2030-10-13 22:15:00,0.0
2030-10-13 22:30:00,0.0
2030-10-13 22:45:00,0.0
2030-10-13 23:00:00,0.0
2030-10-13 23:15:00,0.0
2030-10-13 23:30:00,0.0
2030-10-13 23:45:00,0.0
2030-10-14 00:00:00,0.0
2030-10-14 00:15:00,0.0
2030-10-14 00:30:00,0.0
2030-10-14 00:45:00,0.0
2030-10-14 01:00:00,0.0
2030-10-14 01:15:00,0.0
2030-10-14 01:30:00,0.0
2030-10-14 01:45:00,0.0
2030-10-14 02:00:00,0.0
2030-10-14 02:15:00,0.0
2030-10-14 02:30:00,0.0
2030-10-14 02:45:00,0.0
2030-10-14 03:00:00,0.0
2030-10-14 03:15:00,0.0
2030-10-14 03:30:00,0.0
2030-10-14 03:45:00,0.0
2030-10-14 04:00:00,0.0
2030-10-14 04:15:00,0.0
2030-10-14 04:30:00,0.0
2030-10-14 04:45:00,0.0
2030-10-14 05:00:00,0.0
2030-10-14 05:15:00,0.0
2030-10-14 05:30:00,0.0
2030-10-14 05:45:00,0.0
2030-10-14 06:00:00,0.0
2030-10-14 06:15:00,0.0
2030-10-14 06:30:00,0.0
2030-10-14 06:45:00,0.0
2030-10-14 07:00:00,0.0
2030-10-14 07:15:00,0.0
2030-10-14 07:30:00,0.0
2030-10-14 07:45:00,0.0
2030-10-14 08:00:00,0.0
2030-10-14 08:15:00,0.0
2030-10-14 08:30:00,0.0
2030-10-14 08:45:00,0.0
2030-10-14 09:00:00,0.0
2030-10-14 09:15:00,0.0
2030-10-14 09:30:00,0.0
2030-10-14 09:45:00,0.0
2030-10-14 10:00:00,0.0
2030-10-14 10:15:00,0.0
2030-10-14 10:30:00,0.0
2030-10-14 10:45:00,0.0
2030-10-14 11:00:00,0.0
2030-10-14 11:15:00,0.0
2030-10-14 11:30:00,0.0
2030-10-14 11:45:00,0.0
2030-10-14 12:00:00,0.0
2030-10-14 12:15:00,0.0
2030-10-14 12:30:00,0.0
2030-10-14 12:45:00,0.0
2030-10-14 13:00:00,0.0
2030-10-14 13:15:00,0.0
2030-10-14 13:30:00,0.0
2030-10-14 13:45:00,0.0
2030-10-14 14:00:00,0.0
2030-10-14 14:15:00,0.0
2030-10-14 14:30:00,0.0
2030-10-14 14:45:00,0.0
2030-10-14 15:00:00,0.0
2030-10-14 15:15:00,0.0
2030-10-14 15:30:00,0.0
2030-10-14 15:45:00,0.0
2030-10-14 16:00:00,0.0
2030-10-14 16:15:00,0.0
2030-10-14 16:30:00,0.0
2030-10-14 16:45:00,0.0
2030-10-14 17:00:00,0.0
2030-10-14 17:15:00,0.0
2030-10-14 17:30:00,0.0
2030-10-14 17:45:00,0.0
2030-10-14 18:00:00,0.0
2030-10-14 18:15:00,0.0
2030-10-14 18:30:00,0.0
2030-10-14 18:45:00,0.0
2030-10-14 19:00:00,0.0
2030-10-14 19:15:00,0.0
2030-10-14 19:30:00,0.0
2030-10-14 19:45:00,0.0
2030-10-14 20:00:00,0.0
2030-10-14 20:15:00,0.0
2030-10-14 20:30:00,0.0
2030-10-14 20:45:00,0.0
2030-10-14 21:00:00,0.0
2030-10-14 21:15:00,0.0
2030-10-14 21:30:00,0.0
2030-10-14 21:45:00,0.0
2030-10-14 22:00:00,0.0
2030-10-14 22:15:00,0.0
2030-10-14 22:30:00,0.0
2030-10-14 22:45:00,0.0
2030-10-14 23:00:00,0.0
2030-10-14 23:15:00,0.0
2030-10-14 23:30:00,0.0
2030-10-14 23:45:00,0.0
2030-10-15 00:00:00,0.0
2030-10-15 00:15:00,0.0
2030-10-15 00:30:00,0.0
2030-10-15 00:45:00,0.0
2030-10-15 01:00:00,0.0
2030-10-15 01:15:00,0.0
2030-10-15 01:30:00,0.0
2030-10-15 01:45:00,0.0
2030-10-15 02:00:00,0.0
2030-10-15 02:15:00,0.0
2030-10-15 02:30:00,0.0
2030-10-15 02:45:00,0.0
2030-10-15 03:00:00,0.0
2030-10-15 03:15:00,0.0
2030-10-15 03:30:00,0.0
2030-10-15 03:45:00,0.0
2030-10-15 04:00:00,0.0
2030-10-15 04:15:00,0.0
2030-10-15 04:30:00,0.0
2030-10-15 04:45:00,0.0
2030-10-15 05:00:00,0.0
2030-10-15 05:15:00,0.0
2030-10-15 05:30:00,0.0
2030-10-15 05:45:00,0.0
2030-10-15 06:00:00,0.0
2030-10-15 06:15:00,0.0
2030-10-15 06:30:00,0.0
2030-10-15 06:45:00,0.0
2030-10-15 07:00:00,0.0
2030-10-15 07:15:00,0.0
2030-10-15 07:30:00,0.0
2030-10-15 07:45:00,0.0
2030-10-15 08:00:00,0.0
2030-10-15 08:15:00,0.0
2030-10-15 08:30:00,0.0
2030-10-15 08:45:00,0.0
2030-10-15 09:00:00,0.0
2030-10-15 09:15:00,0.0
2030-10-15 09:30:00,0.0
2030-10-15 09:45:00,0.0
2030-10-15 10:00:00,0.0
2030-10-15 10:15:00,0.0
2030-10-15 10:30:00,0.0
2030-10-15 10:45:00,0.0
2030-10-15 11:00:00,0.0
2030-10-15 11:15:00,0.0
2030-10-15 11:30:00,0.0
2030-10-15 11:45:00,0.0
2030-10-15 12:00:00,0.0
2030-10-15 12:15:00,0.0
2030-10-15 12:30:00,0.0
2030-10-15 12:45:00,0.0
2030-10-15 13:00:00,0.0
2030-10-15 13:15:00,0.0
2030-10-15 13:30:00,0.0
2030-10-15 13:45:00,0.0
2030-10-15 14:00:00,0.0
2030-10-15 14:15:00,0.0
2030-10-15 14:30:00,0.0
2030-10-15 14:45:00,0.0
2030-10-15 15:00:00,0.0
2030-10-15 15:15:00,0.0
2030-10-15 15:30:00,0.0
2030-10-15 15:45:00,0.0
2030-10-15 16:00:00,0.0
2030-10-15 16:15:00,0.0
2030-10-15 16:30:00,0.0
2030-10-15 16:45:00,0.0
2030-10-15 17:00:00,0.0
2030-10-15 17:15:00,0.0
2030-10-15 17:30:00,0.0
2030-10-15 17:45:00,0.0
2030-10-15 18:00:00,0.0
2030-10-15 18:15:00,0.0
2030-10-15 18:30:00,0.0
2030-10-15 18:45:00,0.0
2030-10-15 19:00:00,0.0
2030-10-15 19:15:00,0.0
2030-10-15 19:30:00,0.0
2030-10-15 19:45:00,0.0
2030-10-15 20:00:00,0.0
2030-10-15 20:15:00,0.0
2030-10-15 20:30:00,0.0
2030-10-15 20:45:00,0.0
2030-10-15 21:00:00,0.0
2030-10-15 21:15:00,0.0
2030-10-15 21:30:00,0.0
2030-10-15 21:45:00,0.0
2030-10-15 22:00:00,0.0
2030-10-15 22:15:00,0.0
2030-10-15 22:30:00,0.0
2030-10-15 22:45:00,0.0
2030-10-15 23:00:00,0.0
2030-10-15 23:15:00,0.0
2030-10-15 23:30:00,0.0
2030-10-15 23:45:00,0.0
2030-10-16 00:00:00,0.0
2030-10-16 00:15:00,0.0
2030-10-16 00:30:00,0.0
2030-10-16 00:45:00,0.0
2030-10-16 01:00:00,0.0
2030-10-16 01:15:00,0.0
2030-10-16 01:30:00,0.0
2030-10-16 01:45:00,0.0
2030-10-16 02:00:00,0.0
2030-10-16 02:15:00,0.0
2030-10-16 02:30:00,0.0
2030-10-16 02:45:00,0.0
2030-10-16 03:00:00,0.0
2030-10-16 03:15:00,0.0
2030-10-16 03:30:00,0.0
2030-10-16 03:45:00,0.0
2030-10-16 04:00:00,0.0
2030-10-16 04:15:00,0.0
2030-10-16 04:30:00,0.0
2030-10-16 04:45:00,0.0
2030-10-16 05:00:00,0.0
2030-10-16 05:15:00,0.0
2030-10-16 05:30:00,0.0
2030-10-16 05:45:00,0.0
2030-10-16 06:00:00,0.0
2030-10-16 06:15:00,0.0
2030-10-16 06:30:00,0.0
2030-10-16 06:45:00,0.0
2030-10-16 07:00:00,0.0
2030-10-16 07:15:00,0.0
2030-10-16 07:30:00,0.0
2030-10-16 07:45:00,0.0
2030-10-16 08:00:00,0.0
2030-10-16 08:15:00,0.0
2030-10-16 08:30:00,0.0
2030-10-16 08:45:00,0.0
2030-10-16 09:00:00,0.0
2030-10-16 09:15:00,0.0
2030-10-16 09:30:00,0.0
2030-10-16 09:45:00,0.0
2030-10-16 10:00:00,0.0
2030-10-16 10:15:00,0.0
2030-10-16 10:30:00,0.0
2030-10-16 10:45:00,0.0
2030-10-16 11:00:00,0.0
2030-10-16 11:15:00,0.0
2030-10-16 11:30:00,0.0
2030-10-16 11:45:00,0.0
2030-10-16 12:00:00,0.0
2030-10-16 12:15:00,0.0
2030-10-16 12:30:00,0.0
2030-10-16 12:45:00,0.0
2030-10-16 13:00:00,0.0
2030-10-16 13:15:00,0.0
2030-10-16 13:30:00,0.0
2030-10-16 13:45:00,0.0
2030-10-16 14:00:00,0.0
2030-10-16 14:15:00,0.0
2030-10-16 14:30:00,0.0
2030-10-16 14:45:00,0.0
2030-10-16 15:00:00,0.0
2030-10-16 15:15:00,0.0
2030-10-16 15:30:00,0.0
2030-10-16 15:45:00,0.0
2030-10-16 16:00:00,0.0
2030-10-16 16:15:00,0.0
2030-10-16 16:30:00,0.0
2030-10-16 16:45:00,0.0
2030-10-16 17:00:00,0.0
2030-10-16 17:15:00,0.0
2030-10-16 17:30:00,0.0
2030-10-16 17:45:00,0.0
2030-10-16 18:00:00,0.0
2030-10-16 18:15:00,0.0
2030-10-16 18:30:00,0.0
2030-10-16 18:45:00,0.0
2030-10-16 19:00:00,0.0
2030-10-16 19:15:00,0.0
2030-10-16 19:30:00,0.0
2030-10-16 19:45:00,0.0
2030-10-16 20:00:00,0.0
2030-10-16 20:15:00,0.0
2030-10-16 20:30:00,0.0
2030-10-16 20:45:00,0.0
2030-10-16 21:00:00,0.0
2030-10-16 21:15:00,0.0
2030-10-16 21:30:00,0.0
2030-10-16 21:45:00,0.0
2030-10-16 22:00:00,0.0
2030-10-16 22:15:00,0.0
2030-10-16 22:30:00,0.0
2030-10-16 22:45:00,0.0
2030-10-16 23:00:00,0.0
2030-10-16 23:15:00,0.0
2030-10-16 23:30:00,0.0
2030-10-16 23:45:00,0.0
2030-10-17 00:00:00,0.0
2030-10-17 00:15:00,0.0
2030-10-17 00:30:00,0.0
2030-10-17 00:45:00,0.0
2030-10-17 01:00:00,0.0
2030-10-17 01:15:00,0.0
2030-10-17 01:30:00,0.0
2030-10-17 01:45:00,0.0
2030-10-17 02:00:00,0.0
2030-10-17 02:15:00,0.0
2030-10-17 02:30:00,0.0
2030-10-17 02:45:00,0.0
2030-10-17 03:00:00,0.0
2030-10-17 03:15:00,0.0
2030-10-17 03:30:00,0.0
2030-10-17 03:45:00,0.0
2030-10-17 04:00:00,0.0
2030-10-17 04:15:00,0.0
2030-10-17 04:30:00,0.0
2030-10-17 04:45:00,0.0
2030-10-17 05:00:00,0.0
2030-10-17 05:15:00,0.0
2030-10-17 05:30:00,0.0
2030-10-17 05:45:00,0.0
2030-10-17 06:00:00,0.0
2030-10-17 06:15:00,0.0
2030-10-17 06:30:00,0.0
2030-10-17 06:45:00,0.0
2030-10-17 07:00:00,0.0
2030-10-17 07:15:00,0.0
2030-10-17 07:30:00,0.0
2030-10-17 07:45:00,0.0
2030-10-17 08:00:00,0.0
2030-10-17 08:15:00,0.0
2030-10-17 08:30:00,0.0
2030-10-17 08:45:00,0.0
2030-10-17 09:00:00,0.0
2030-10-17 09:15:00,0.0
2030-10-17 09:30:00,0.0
2030-10-17 09:45:00,0.0
2030-10-17 10:00:00,0.0
2030-10-17 10:15:00,0.0
2030-10-17 10:30:00,0.0
2030-10-17 10:45:00,0.0
2030-10-17 11:00:00,0.0
2030-10-17 11:15:00,0.0
2030-10-17 11:30:00,0.0
2030-10-17 11:45:00,0.0
2030-10-17 12:00:00,0.0
2030-10-17 12:15:00,0.0
2030-10-17 12:30:00,0.0
2030-10-17 12:45:00,0.0
2030-10-17 13:00:00,0.0
2030-10-17 13:15:00,0.0
2030-10-17 13:30:00,0.0
2030-10-17 13:45:00,0.0
2030-10-17 14:00:00,0.0
2030-10-17 14:15:00,0.0
2030-10-17 14:30:00,0.0
2030-10-17 14:45:00,0.0
2030-10-17 15:00:00,0.0
2030-10-17 15:15:00,0.0
2030-10-17 15:30:00,0.0
2030-10-17 15:45:00,0.0
2030-10-17 16:00:00,0.0
2030-10-17 16:15:00,0.0
2030-10-17 16:30:00,0.0
2030-10-17 16:45:00,0.0
2030-10-17 17:00:00,0.0
2030-10-17 17:15:00,0.0
2030-10-17 17:30:00,0.0
2030-10-17 17:45:00,0.0
2030-10-17 18:00:00,0.0
2030-10-17 18:15:00,0.0
2030-10-17 18:30:00,0.0
2030-10-17 18:45:00,0.0
2030-10-17 19:00:00,0.0
2030-10-17 19:15:00,0.0
2030-10-17 19:30:00,0.0
2030-10-17 19:45:00,0.0
2030-10-17 20:00:00,0.0
2030-10-17 20:15:00,0.0
2030-10-17 20:30:00,0.0
2030-10-17 20:45:00,0.0
2030-10-17 21:00:00,0.0
2030-10-17 21:15:00,0.0
2030-10-17 21:30:00,0.0
2030-10-17 21:45:00,0.0
2030-10-17 22:00:00,0.0
2030-10-17 22:15:00,0.0
2030-10-17 22:30:00,0.0
2030-10-17 22:45:00,0.0
2030-10-17 23:00:00,0.0
2030-10-17 23:15:00,0.0
2030-10-17 23:30:00,0.0
2030-10-17 23:45:00,0.0
2030-10-18 00:00:00,0.0
2030-10-18 00:15:00,0.0
2030-10-18 00:30:00,0.0
2030-10-18 00:45:00,0.0
2030-10-18 01:00:00,0.0
2030-10-18 01:15:00,0.0
2030-10-18 01:30:00,0.0
2030-10-18 01:45:00,0.0
2030-10-18 02:00:00,0.0
2030-10-18 02:15:00,0.0
2030-10-18 02:30:00,0.0
2030-10-18 02:45:00,0.0
2030-10-18 03:00:00,0.0
2030-10-18 03:15:00,0.0
2030-10-18 03:30:00,0.0
2030-10-18 03:45:00,0.0
2030-10-18 04:00:00,0.0
2030-10-18 04:15:00,0.0
2030-10-18 04:30:00,0.0
2030-10-18 04:45:00,0.0
2030-10-18 05:00:00,0.0
2030-10-18 05:15:00,0.0
2030-10-18 05:30:00,0.0
2030-10-18 05:45:00,0.0
2030-10-18 06:00:00,0.0
2030-10-18 06:15:00,0.0
2030-10-18 06:30:00,0.0
2030-10-18 06:45:00,0.0
2030-10-18 07:00:00,0.0
2030-10-18 07:15:00,0.0
2030-10-18 07:30:00,0.0
2030-10-18 07:45:00,0.0
2030-10-18 08:00:00,0.0
2030-10-18 08:15:00,0.0
2030-10-18 08:30:00,0.0
2030-10-18 08:45:00,0.0
2030-10-18 09:00:00,0.0
2030-10-18 09:15:00,0.0
2030-10-18 09:30:00,0.0
2030-10-18 09:45:00,0.0
2030-10-18 10:00:00,0.0
2030-10-18 10:15:00,0.0
2030-10-18 10:30:00,0.0
2030-10-18 10:45:00,0.0
2030-10-18 11:00:00,0.0
2030-10-18 11:15:00,0.0
2030-10-18 11:30:00,0.0
2030-10-18 11:45:00,0.0
2030-10-18 12:00:00,0.0
2030-10-18 12:15:00,0.0
2030-10-18 12:30:00,0.0
2030-10-18 12:45:00,0.0
2030-10-18 13:00:00,0.0
2030-10-18 13:15:00,0.0
2030-10-18 13:30:00,0.0
2030-10-18 13:45:00,0.0
2030-10-18 14:00:00,0.0
2030-10-18 14:15:00,0.0
2030-10-18 14:30:00,0.0
2030-10-18 14:45:00,0.0
2030-10-18 15:00:00,0.0
2030-10-18 15:15:00,0.0
2030-10-18 15:30:00,0.0
2030-10-18 15:45:00,0.0
2030-10-18 16:00:00,0.0
2030-10-18 16:15:00,0.0
2030-10-18 16:30:00,0.0
2030-10-18 16:45:00,0.0
2030-10-18 17:00:00,0.0
2030-10-18 17:15:00,0.0
2030-10-18 17:30:00,0.0
2030-10-18 17:45:00,0.0
2030-10-18 18:00:00,0.0
2030-10-18 18:15:00,0.0
2030-10-18 18:30:00,0.0
2030-10-18 18:45:00,0.0
2030-10-18 19:00:00,0.0
2030-10-18 19:15:00,0.0
2030-10-18 19:30:00,0.0
2030-10-18 19:45:00,0.0
2030-10-18 20:00:00,0.0
2030-10-18 20:15:00,0.0
2030-10-18 20:30:00,0.0
2030-10-18 20:45:00,0.0
2030-10-18 21:00:00,0.0
2030-10-18 21:15:00,0.0
2030-10-18 21:30:00,0.0
2030-10-18 21:45:00,0.0
2030-10-18 22:00:00,0.0
2030-10-18 22:15:00,0.0
2030-10-18 22:30:00,0.0
2030-10-18 22:45:00,0.0
2030-10-18 23:00:00,0.0
2030-10-18 23:15:00,0.0
2030-10-18 23:30:00,0.0
2030-10-18 23:45:00,0.0
2030-10-19 00:00:00,0.0
2030-10-19 00:15:00,0.0
2030-10-19 00:30:00,0.0
2030-10-19 00:45:00,0.0
2030-10-19 01:00:00,0.0
2030-10-19 01:15:00,0.0
2030-10-19 01:30:00,0.0
2030-10-19 01:45:00,0.0
2030-10-19 02:00:00,0.0
2030-10-19 02:15:00,0.0
2030-10-19 02:30:00,0.0
2030-10-19 02:45:00,0.0
2030-10-19 03:00:00,0.0
2030-10-19 03:15:00,0.0
2030-10-19 03:30:00,0.0
2030-10-19 03:45:00,0.0
2030-10-19 04:00:00,0.0
2030-10-19 04:15:00,0.0
2030-10-19 04:30:00,0.0
2030-10-19 04:45:00,0.0
2030-10-19 05:00:00,0.0
2030-10-19 05:15:00,0.0
2030-10-19 05:30:00,0.0
2030-10-19 05:45:00,0.0
2030-10-19 06:00:00,0.0
2030-10-19 06:15:00,0.0
2030-10-19 06:30:00,0.0
2030-10-19 06:45:00,0.0
2030-10-19 07:00:00,0.0
2030-10-19 07:15:00,0.0
2030-10-19 07:30:00,0.0
2030-10-19 07:45:00,0.0
2030-10-19 08:00:00,0.0
2030-10-19 08:15:00,0.0
2030-10-19 08:30:00,0.0
2030-10-19 08:45:00,0.0
2030-10-19 09:00:00,0.0
2030-10-19 09:15:00,0.0
2030-10-19 09:30:00,0.0
2030-10-19 09:45:00,0.0
2030-10-19 10:00:00,0.0
2030-10-19 10:15:00,0.0
2030-10-19 10:30:00,0.0
2030-10-19 10:45:00,0.0
2030-10-19 11:00:00,0.0
2030-10-19 11:15:00,0.0
2030-10-19 11:30:00,0.0
2030-10-19 11:45:00,0.0
2030-10-19 12:00:00,0.0
2030-10-19 12:15:00,0.0
2030-10-19 12:30:00,0.0
2030-10-19 12:45:00,0.0
2030-10-19 13:00:00,0.0
2030-10-19 13:15:00,0.0
2030-10-19 13:30:00,0.0
2030-10-19 13:45:00,0.0
2030-10-19 14:00:00,0.0
2030-10-19 14:15:00,0.0
2030-10-19 14:30:00,0.0
2030-10-19 14:45:00,0.0
2030-10-19 15:00:00,0.0
2030-10-19 15:15:00,0.0
2030-10-19 15:30:00,0.0
2030-10-19 15:45:00,0.0
2030-10-19 16:00:00,0.0
2030-10-19 16:15:00,0.0
2030-10-19 16:30:00,0.0
2030-10-19 16:45:00,0.0
2030-10-19 17:00:00,0.0
2030-10-19 17:15:00,0.0
2030-10-19 17:30:00,0.0
2030-10-19 17:45:00,0.0
2030-10-19 18:00:00,0.0
2030-10-19 18:15:00,0.0
2030-10-19 18:30:00,0.0
2030-10-19 18:45:00,0.0
2030-10-19 19:00:00,0.0
2030-10-19 19:15:00,0.0
2030-10-19 19:30:00,0.0
2030-10-19 19:45:00,0.0
2030-10-19 20:00:00,0.0
2030-10-19 20:15:00,0.0
2030-10-19 20:30:00,0.0
2030-10-19 20:45:00,0.0
2030-10-19 21:00:00,0.0
2030-10-19 21:15:00,0.0
2030-10-19 21:30:00,0.0
2030-10-19 21:45:00,0.0
2030-10-19 22:00:00,0.0
2030-10-19 22:15:00,0.0
2030-10-19 22:30:00,0.0
2030-10-19 22:45:00,0.0
2030-10-19 23:00:00,0.0
2030-10-19 23:15:00,0.0
2030-10-19 23:30:00,0.0
2030-10-19 23:45:00,0.0
2030-10-20 00:00:00,0.0
2030-10-20 00:15:00,0.0
2030-10-20 00:30:00,0.0
2030-10-20 00:45:00,0.0
2030-10-20 01:00:00,0.0
2030-10-20 01:15:00,0.0
2030-10-20 01:30:00,0.0
2030-10-20 01:45:00,0.0
2030-10-20 02:00:00,0.0
2030-10-20 02:15:00,0.0
2030-10-20 02:30:00,0.0
2030-10-20 02:45:00,0.0
2030-10-20 03:00:00,0.0
2030-10-20 03:15:00,0.0
2030-10-20 03:30:00,0.0
2030-10-20 03:45:00,0.0
2030-10-20 04:00:00,0.0
2030-10-20 04:15:00,0.0
2030-10-20 04:30:00,0.0
2030-10-20 04:45:00,0.0
2030-10-20 05:00:00,0.0
2030-10-20 05:15:00,0.0
2030-10-20 05:30:00,0.0
2030-10-20 05:45:00,0.0
2030-10-20 06:00:00,0.0
2030-10-20 06:15:00,0.0
2030-10-20 06:30:00,0.0
2030-10-20 06:45:00,0.0
2030-10-20 07:00:00,0.0
2030-10-20 07:15:00,0.0
2030-10-20 07:30:00,0.0
2030-10-20 07:45:00,0.0
2030-10-20 08:00:00,0.0
2030-10-20 08:15:00,0.0
2030-10-20 08:30:00,0.0
2030-10-20 08:45:00,0.0
2030-10-20 09:00:00,0.0
2030-10-20 09:15:00,0.0
2030-10-20 09:30:00,0.0
2030-10-20 09:45:00,0.0
2030-10-20 10:00:00,0.0
2030-10-20 10:15:00,0.0
2030-10-20 10:30:00,0.0
2030-10-20 10:45:00,0.0
2030-10-20 11:00:00,0.0
2030-10-20 11:15:00,0.0
2030-10-20 11:30:00,0.0
2030-10-20 11:45:00,0.0
2030-10-20 12:00:00,0.0
2030-10-20 12:15:00,0.0
2030-10-20 12:30:00,0.0
2030-10-20 12:45:00,0.0
2030-10-20 13:00:00,0.0
2030-10-20 13:15:00,0.0
2030-10-20 13:30:00,0.0
2030-10-20 13:45:00,0.0
2030-10-20 14:00:00,0.0
2030-10-20 14:15:00,0.0
2030-10-20 14:30:00,0.0
2030-10-20 14:45:00,0.0
2030-10-20 15:00:00,0.0
2030-10-20 15:15:00,0.0
2030-10-20 15:30:00,0.0
2030-10-20 15:45:00,0.0
2030-10-20 16:00:00,0.0
2030-10-20 16:15:00,0.0
2030-10-20 16:30:00,0.0
2030-10-20 16:45:00,0.0
2030-10-20 17:00:00,0.0
2030-10-20 17:15:00,0.0
2030-10-20 17:30:00,0.0
2030-10-20 17:45:00,0.0
2030-10-20 18:00:00,0.0
2030-10-20 18:15:00,0.0
2030-10-20 18:30:00,0.0
2030-10-20 18:45:00,0.0
2030-10-20 19:00:00,0.0
2030-10-20 19:15:00,0.0
2030-10-20 19:30:00,0.0
2030-10-20 19:45:00,0.0
2030-10-20 20:00:00,0.0
2030-10-20 20:15:00,0.0
2030-10-20 20:30:00,0.0
2030-10-20 20:45:00,0.0
2030-10-20 21:00:00,0.0
2030-10-20 21:15:00,0.0
2030-10-20 21:30:00,0.0
2030-10-20 21:45:00,0.0
2030-10-20 22:00:00,0.0
2030-10-20 22:15:00,0.0
2030-10-20 22:30:00,0.0
2030-10-20 22:45:00,0.0
2030-10-20 23:00:00,0.0
2030-10-20 23:15:00,0.0
2030-10-20 23:30:00,0.0
2030-10-20 23:45:00,0.0
2030-10-21 00:00:00,0.0
2030-10-21 00:15:00,0.0
2030-10-21 00:30:00,0.0
2030-10-21 00:45:00,0.0
2030-10-21 01:00:00,0.0
2030-10-21 01:15:00,0.0
2030-10-21 01:30:00,0.0
2030-10-21 01:45:00,0.0
2030-10-21 02:00:00,0.0
2030-10-21 02:15:00,0.0
2030-10-21 02:30:00,0.0
2030-10-21 02:45:00,0.0
2030-10-21 03:00:00,0.0
2030-10-21 03:15:00,0.0
2030-10-21 03:30:00,0.0
2030-10-21 03:45:00,0.0
2030-10-21 04:00:00,0.0
2030-10-21 04:15:00,0.0
2030-10-21 04:30:00,0.0
2030-10-21 04:45:00,0.0
2030-10-21 05:00:00,0.0
2030-10-21 05:15:00,0.0
2030-10-21 05:30:00,0.0
2030-10-21 05:45:00,0.0
2030-10-21 06:00:00,0.0
2030-10-21 06:15:00,0.0
2030-10-21 06:30:00,0.0
2030-10-21 06:45:00,0.0
2030-10-21 07:00:00,0.0
2030-10-21 07:15:00,0.0
2030-10-21 07:30:00,0.0
2030-10-21 07:45:00,0.0
2030-10-21 08:00:00,0.0
2030-10-21 08:15:00,0.0
2030-10-21 08:30:00,0.0
2030-10-21 08:45:00,0.0
2030-10-21 09:00:00,0.0
2030-10-21 09:15:00,0.0
2030-10-21 09:30:00,0.0
2030-10-21 09:45:00,0.0
2030-10-21 10:00:00,0.0
2030-10-21 10:15:00,0.0
2030-10-21 10:30:00,0.0
2030-10-21 10:45:00,0.0
2030-10-21 11:00:00,0.0
2030-10-21 11:15:00,0.0
2030-10-21 11:30:00,0.0
2030-10-21 11:45:00,0.0
2030-10-21 12:00:00,0.0
2030-10-21 12:15:00,0.0
2030-10-21 12:30:00,0.0
2030-10-21 12:45:00,0.0
2030-10-21 13:00:00,0.0
2030-10-21 13:15:00,0.0
2030-10-21 13:30:00,0.0
2030-10-21 13:45:00,0.0
2030-10-21 14:00:00,0.0
2030-10-21 14:15:00,0.0
2030-10-21 14:30:00,0.0
2030-10-21 14:45:00,0.0
2030-10-21 15:00:00,0.0
2030-10-21 15:15:00,0.0
2030-10-21 15:30:00,0.0
2030-10-21 15:45:00,0.0
2030-10-21 16:00:00,0.0
2030-10-21 16:15:00,0.0
2030-10-21 16:30:00,0.0
2030-10-21 16:45:00,0.0
2030-10-21 17:00:00,0.0
2030-10-21 17:15:00,0.0
2030-10-21 17:30:00,0.0
2030-10-21 17:45:00,0.0
2030-10-21 18:00:00,0.0
2030-10-21 18:15:00,0.0
2030-10-21 18:30:00,0.0
2030-10-21 18:45:00,0.0
2030-10-21 19:00:00,0.0
2030-10-21 19:15:00,0.0
2030-10-21 19:30:00,0.0
2030-10-21 19:45:00,0.0
2030-10-21 20:00:00,0.0
2030-10-21 20:15:00,0.0
2030-10-21 20:30:00,0.0
2030-10-21 20:45:00,0.0
2030-10-21 21:00:00,0.0
2030-10-21 21:15:00,0.0
2030-10-21 21:30:00,0.0
2030-10-21 21:45:00,0.0
2030-10-21 22:00:00,0.0
2030-10-21 22:15:00,0.0
2030-10-21 22:30:00,0.0
2030-10-21 22:45:00,0.0
2030-10-21 23:00:00,0.0
2030-10-21 23:15:00,0.0
2030-10-21 23:30:00,0.0
2030-10-21 23:45:00,0.0
2030-10-22 00:00:00,0.0
2030-10-22 00:15:00,0.0
2030-10-22 00:30:00,0.0
2030-10-22 00:45:00,0.0
2030-10-22 01:00:00,0.0
2030-10-22 01:15:00,0.0
2030-10-22 01:30:00,0.0
2030-10-22 01:45:00,0.0
2030-10-22 02:00:00,0.0
2030-10-22 02:15:00,0.0
2030-10-22 02:30:00,0.0
2030-10-22 02:45:00,0.0
2030-10-22 03:00:00,0.0
2030-10-22 03:15:00,0.0
2030-10-22 03:30:00,0.0
2030-10-22 03:45:00,0.0
2030-10-22 04:00:00,0.0
2030-10-22 04:15:00,0.0
2030-10-22 04:30:00,0.0
2030-10-22 04:45:00,0.0
2030-10-22 05:00:00,0.0
2030-10-22 05:15:00,0.0
2030-10-22 05:30:00,0.0
2030-10-22 05:45:00,0.0
2030-10-22 06:00:00,0.0
2030-10-22 06:15:00,0.0
2030-10-22 06:30:00,0.0
2030-10-22 06:45:00,0.0
2030-10-22 07:00:00,0.0
2030-10-22 07:15:00,0.0
2030-10-22 07:30:00,0.0
2030-10-22 07:45:00,0.0
2030-10-22 08:00:00,0.0
2030-10-22 08:15:00,0.0
2030-10-22 08:30:00,0.0
2030-10-22 08:45:00,0.0
2030-10-22 09:00:00,0.0
2030-10-22 09:15:00,0.0
2030-10-22 09:30:00,0.0
2030-10-22 09:45:00,0.0
2030-10-22 10:00:00,0.0
2030-10-22 10:15:00,0.0
2030-10-22 10:30:00,0.0
2030-10-22 10:45:00,0.0
2030-10-22 11:00:00,0.0
2030-10-22 11:15:00,0.0
2030-10-22 11:30:00,0.0
2030-10-22 11:45:00,0.0
2030-10-22 12:00:00,0.0
2030-10-22 12:15:00,0.0
2030-10-22 12:30:00,0.0
2030-10-22 12:45:00,0.0
2030-10-22 13:00:00,0.0
2030-10-22 13:15:00,0.0
2030-10-22 13:30:00,0.0
2030-10-22 13:45:00,0.0
2030-10-22 14:00:00,0.0
2030-10-22 14:15:00,0.0
2030-10-22 14:30:00,0.0
2030-10-22 14:45:00,0.0
2030-10-22 15:00:00,0.0
2030-10-22 15:15:00,0.0
2030-10-22 15:30:00,0.0
2030-10-22 15:45:00,0.0
2030-10-22 16:00:00,0.0
2030-10-22 16:15:00,0.0
2030-10-22 16:30:00,0.0
2030-10-22 16:45:00,0.0
2030-10-22 17:00:00,0.0
2030-10-22 17:15:00,0.0
2030-10-22 17:30:00,0.0
2030-10-22 17:45:00,0.0
2030-10-22 18:00:00,0.0
2030-10-22 18:15:00,0.0
2030-10-22 18:30:00,0.0
2030-10-22 18:45:00,0.0
2030-10-22 19:00:00,0.0
2030-10-22 19:15:00,0.0
2030-10-22 19:30:00,0.0
2030-10-22 19:45:00,0.0
2030-10-22 20:00:00,0.0
2030-10-22 20:15:00,0.0
2030-10-22 20:30:00,0.0
2030-10-22 20:45:00,0.0
2030-10-22 21:00:00,0.0
2030-10-22 21:15:00,0.0
2030-10-22 21:30:00,0.0
2030-10-22 21:45:00,0.0
2030-10-22 22:00:00,0.0
2030-10-22 22:15:00,0.0
2030-10-22 22:30:00,0.0
2030-10-22 22:45:00,0.0
2030-10-22 23:00:00,0.0
2030-10-22 23:15:00,0.0
2030-10-22 23:30:00,0.0
2030-10-22 23:45:00,0.0
2030-10-23 00:00:00,0.0
2030-10-23 00:15:00,0.0
2030-10-23 00:30:00,0.0
2030-10-23 00:45:00,0.0
2030-10-23 01:00:00,0.0
2030-10-23 01:15:00,0.0
2030-10-23 01:30:00,0.0
2030-10-23 01:45:00,0.0
2030-10-23 02:00:00,0.0
2030-10-23 02:15:00,0.0
2030-10-23 02:30:00,0.0
2030-10-23 02:45:00,0.0
2030-10-23 03:00:00,0.0
2030-10-23 03:15:00,0.0
2030-10-23 03:30:00,0.0
2030-10-23 03:45:00,0.0
2030-10-23 04:00:00,0.0
2030-10-23 04:15:00,0.0
2030-10-23 04:30:00,0.0
2030-10-23 04:45:00,0.0
2030-10-23 05:00:00,0.0
2030-10-23 05:15:00,0.0
2030-10-23 05:30:00,0.0
2030-10-23 05:45:00,0.0
2030-10-23 06:00:00,0.0
2030-10-23 06:15:00,0.0
2030-10-23 06:30:00,0.0
2030-10-23 06:45:00,0.0
2030-10-23 07:00:00,0.0
2030-10-23 07:15:00,0.0
2030-10-23 07:30:00,0.0
2030-10-23 07:45:00,0.0
2030-10-23 08:00:00,0.0
2030-10-23 08:15:00,0.0
2030-10-23 08:30:00,0.0
2030-10-23 08:45:00,0.0
2030-10-23 09:00:00,0.0
2030-10-23 09:15:00,0.0
2030-10-23 09:30:00,0.0
2030-10-23 09:45:00,0.0
2030-10-23 10:00:00,0.0
2030-10-23 10:15:00,0.0
2030-10-23 10:30:00,0.0
2030-10-23 10:45:00,0.0
2030-10-23 11:00:00,0.0
2030-10-23 11:15:00,0.0
2030-10-23 11:30:00,0.0
2030-10-23 11:45:00,0.0
2030-10-23 12:00:00,0.0
2030-10-23 12:15:00,0.0
2030-10-23 12:30:00,0.0
2030-10-23 12:45:00,0.0
2030-10-23 13:00:00,0.0
2030-10-23 13:15:00,0.0
2030-10-23 13:30:00,0.0
2030-10-23 13:45:00,0.0
2030-10-23 14:00:00,0.0
2030-10-23 14:15:00,0.0
2030-10-23 14:30:00,0.0
2030-10-23 14:45:00,0.0
2030-10-23 15:00:00,0.0
2030-10-23 15:15:00,0.0
2030-10-23 15:30:00,0.0
2030-10-23 15:45:00,0.0
2030-10-23 16:00:00,0.0
2030-10-23 16:15:00,0.0
2030-10-23 16:30:00,0.0
2030-10-23 16:45:00,0.0
2030-10-23 17:00:00,0.0
2030-10-23 17:15:00,0.0
2030-10-23 17:30:00,0.0
2030-10-23 17:45:00,0.0
2030-10-23 18:00:00,0.0
2030-10-23 18:15:00,0.0
2030-10-23 18:30:00,0.0
2030-10-23 18:45:00,0.0
2030-10-23 19:00:00,0.0
2030-10-23 19:15:00,0.0
2030-10-23 19:30:00,0.0
2030-10-23 19:45:00,0.0
2030-10-23 20:00:00,0.0
2030-10-23 20:15:00,0.0
2030-10-23 20:30:00,0.0
2030-10-23 20:45:00,0.0
2030-10-23 21:00:00,0.0
2030-10-23 21:15:00,0.0
2030-10-23 21:30:00,0.0
2030-10-23 21:45:00,0.0
2030-10-23 22:00:00,0.0
2030-10-23 22:15:00,0.0
2030-10-23 22:30:00,0.0
2030-10-23 22:45:00,0.0
2030-10-23 23:00:00,0.0
2030-10-23 23:15:00,0.0
2030-10-23 23:30:00,0.0
2030-10-23 23:45:00,0.0
2030-10-24 00:00:00,0.0
2030-10-24 00:15:00,0.0
2030-10-24 00:30:00,0.0
2030-10-24 00:45:00,0.0
2030-10-24 01:00:00,0.0
2030-10-24 01:15:00,0.0
2030-10-24 01:30:00,0.0
2030-10-24 01:45:00,0.0
2030-10-24 02:00:00,0.0
2030-10-24 02:15:00,0.0
2030-10-24 02:30:00,0.0
2030-10-24 02:45:00,0.0
2030-10-24 03:00:00,0.0
2030-10-24 03:15:00,0.0
2030-10-24 03:30:00,0.0
2030-10-24 03:45:00,0.0
2030-10-24 04:00:00,0.0
2030-10-24 04:15:00,0.0
2030-10-24 04:30:00,0.0
2030-10-24 04:45:00,0.0
2030-10-24 05:00:00,0.0
2030-10-24 05:15:00,0.0
2030-10-24 05:30:00,0.0
2030-10-24 05:45:00,0.0
2030-10-24 06:00:00,0.0
2030-10-24 06:15:00,0.0
2030-10-24 06:30:00,0.0
2030-10-24 06:45:00,0.0
2030-10-24 07:00:00,0.0
2030-10-24 07:15:00,0.0
2030-10-24 07:30:00,0.0
2030-10-24 07:45:00,0.0
2030-10-24 08:00:00,0.0
2030-10-24 08:15:00,0.0
2030-10-24 08:30:00,0.0
2030-10-24 08:45:00,0.0
2030-10-24 09:00:00,0.0
2030-10-24 09:15:00,0.0
2030-10-24 09:30:00,0.0
2030-10-24 09:45:00,0.0
2030-10-24 10:00:00,0.0
2030-10-24 10:15:00,0.0
2030-10-24 10:30:00,0.0
2030-10-24 10:45:00,0.0
2030-10-24 11:00:00,0.0
2030-10-24 11:15:00,0.0
2030-10-24 11:30:00,0.0
2030-10-24 11:45:00,0.0
2030-10-24 12:00:00,0.0
2030-10-24 12:15:00,0.0
2030-10-24 12:30:00,0.0
2030-10-24 12:45:00,0.0
2030-10-24 13:00:00,0.0
2030-10-24 13:15:00,0.0
2030-10-24 13:30:00,0.0
2030-10-24 13:45:00,0.0
2030-10-24 14:00:00,0.0
2030-10-24 14:15:00,0.0
2030-10-24 14:30:00,0.0
2030-10-24 14:45:00,0.0
2030-10-24 15:00:00,0.0
2030-10-24 15:15:00,0.0
2030-10-24 15:30:00,0.0
2030-10-24 15:45:00,0.0
2030-10-24 16:00:00,0.0
2030-10-24 16:15:00,0.0
2030-10-24 16:30:00,0.0
2030-10-24 16:45:00,0.0
2030-10-24 17:00:00,0.0
2030-10-24 17:15:00,0.0
2030-10-24 17:30:00,0.0
2030-10-24 17:45:00,0.0
2030-10-24 18:00:00,0.0
2030-10-24 18:15:00,0.0
2030-10-24 18:30:00,0.0
2030-10-24 18:45:00,0.0
2030-10-24 19:00:00,0.0
2030-10-24 19:15:00,0.0
2030-10-24 19:30:00,0.0
2030-10-24 19:45:00,0.0
2030-10-24 20:00:00,0.0
2030-10-24 20:15:00,0.0
2030-10-24 20:30:00,0.0
2030-10-24 20:45:00,0.0
2030-10-24 21:00:00,0.0
2030-10-24 21:15:00,0.0
2030-10-24 21:30:00,0.0
2030-10-24 21:45:00,0.0
2030-10-24 22:00:00,0.0
2030-10-24 22:15:00,0.0
2030-10-24 22:30:00,0.0
2030-10-24 22:45:00,0.0
2030-10-24 23:00:00,0.0
2030-10-24 23:15:00,0.0
2030-10-24 23:30:00,0.0
2030-10-24 23:45:00,0.0
2030-10-25 00:00:00,0.0
2030-10-25 00:15:00,0.0
2030-10-25 00:30:00,0.0
2030-10-25 00:45:00,0.0
2030-10-25 01:00:00,0.0
2030-10-25 01:15:00,0.0
2030-10-25 01:30:00,0.0
2030-10-25 01:45:00,0.0
2030-10-25 02:00:00,0.0
2030-10-25 02:15:00,0.0
2030-10-25 02:30:00,0.0
2030-10-25 02:45:00,0.0
2030-10-25 03:00:00,0.0
2030-10-25 03:15:00,0.0
2030-10-25 03:30:00,0.0
2030-10-25 03:45:00,0.0
2030-10-25 04:00:00,0.0
2030-10-25 04:15:00,0.0
2030-10-25 04:30:00,0.0
2030-10-25 04:45:00,0.0
2030-10-25 05:00:00,0.0
2030-10-25 05:15:00,0.0
2030-10-25 05:30:00,0.0
2030-10-25 05:45:00,0.0
2030-10-25 06:00:00,0.0
2030-10-25 06:15:00,0.0
2030-10-25 06:30:00,0.0
2030-10-25 06:45:00,0.0
2030-10-25 07:00:00,0.0
2030-10-25 07:15:00,0.0
2030-10-25 07:30:00,0.0
2030-10-25 07:45:00,0.0
2030-10-25 08:00:00,0.0
2030-10-25 08:15:00,0.0
2030-10-25 08:30:00,0.0
2030-10-25 08:45:00,0.0
2030-10-25 09:00:00,0.0
2030-10-25 09:15:00,0.0
2030-10-25 09:30:00,0.0
2030-10-25 09:45:00,0.0
2030-10-25 10:00:00,0.0
2030-10-25 10:15:00,0.0
2030-10-25 10:30:00,0.0
2030-10-25 10:45:00,0.0
2030-10-25 11:00:00,0.0
2030-10-25 11:15:00,0.0
2030-10-25 11:30:00,0.0
2030-10-25 11:45:00,0.0
2030-10-25 12:00:00,0.0
2030-10-25 12:15:00,0.0
2030-10-25 12:30:00,0.0
2030-10-25 12:45:00,0.0
2030-10-25 13:00:00,0.0
2030-10-25 13:15:00,0.0
2030-10-25 13:30:00,0.0
2030-10-25 13:45:00,0.0
2030-10-25 14:00:00,0.0
2030-10-25 14:15:00,0.0
2030-10-25 14:30:00,0.0
2030-10-25 14:45:00,0.0
2030-10-25 15:00:00,0.0
2030-10-25 15:15:00,0.0
2030-10-25 15:30:00,0.0
2030-10-25 15:45:00,0.0
2030-10-25 16:00:00,0.0
2030-10-25 16:15:00,0.0
2030-10-25 16:30:00,0.0
2030-10-25 16:45:00,0.0
2030-10-25 17:00:00,0.0
2030-10-25 17:15:00,0.0
2030-10-25 17:30:00,0.0
2030-10-25 17:45:00,0.0
2030-10-25 18:00:00,0.0
2030-10-25 18:15:00,0.0
2030-10-25 18:30:00,0.0
2030-10-25 18:45:00,0.0
2030-10-25 19:00:00,0.0
2030-10-25 19:15:00,0.0
2030-10-25 19:30:00,0.0
2030-10-25 19:45:00,0.0
2030-10-25 20:00:00,0.0
2030-10-25 20:15:00,0.0
2030-10-25 20:30:00,0.0
2030-10-25 20:45:00,0.0
2030-10-25 21:00:00,0.0
2030-10-25 21:15:00,0.0
2030-10-25 21:30:00,0.0
2030-10-25 21:45:00,0.0
2030-10-25 22:00:00,0.0
2030-10-25 22:15:00,0.0
2030-10-25 22:30:00,0.0
2030-10-25 22:45:00,0.0
2030-10-25 23:00:00,0.0
2030-10-25 23:15:00,0.0
2030-10-25 23:30:00,0.0
2030-10-25 23:45:00,0.0
2030-10-26 00:00:00,0.0
2030-10-26 00:15:00,0.0
2030-10-26 00:30:00,0.0
2030-10-26 00:45:00,0.0
2030-10-26 01:00:00,0.0
2030-10-26 01:15:00,0.0
2030-10-26 01:30:00,0.0
2030-10-26 01:45:00,0.0
2030-10-26 02:00:00,0.0
2030-10-26 02:15:00,0.0
2030-10-26 02:30:00,0.0
2030-10-26 02:45:00,0.0
2030-10-26 03:00:00,0.0
2030-10-26 03:15:00,0.0
2030-10-26 03:30:00,0.0
2030-10-26 03:45:00,0.0
2030-10-26 04:00:00,0.0
2030-10-26 04:15:00,0.0
2030-10-26 04:30:00,0.0
2030-10-26 04:45:00,0.0
2030-10-26 05:00:00,0.0
2030-10-26 05:15:00,0.0
2030-10-26 05:30:00,0.0
2030-10-26 05:45:00,0.0
2030-10-26 06:00:00,0.0
2030-10-26 06:15:00,0.0
2030-10-26 06:30:00,0.0
2030-10-26 06:45:00,0.0
2030-10-26 07:00:00,0.0
2030-10-26 07:15:00,0.0
2030-10-26 07:30:00,0.0
2030-10-26 07:45:00,0.0
2030-10-26 08:00:00,0.0
2030-10-26 08:15:00,0.0
2030-10-26 08:30:00,0.0
2030-10-26 08:45:00,0.0
2030-10-26 09:00:00,0.0
2030-10-26 09:15:00,0.0
2030-10-26 09:30:00,0.0
2030-10-26 09:45:00,0.0
2030-10-26 10:00:00,0.0
2030-10-26 10:15:00,0.0
2030-10-26 10:30:00,0.0
2030-10-26 10:45:00,0.0
2030-10-26 11:00:00,0.0
2030-10-26 11:15:00,0.0
2030-10-26 11:30:00,0.0
2030-10-26 11:45:00,0.0
2030-10-26 12:00:00,0.0
2030-10-26 12:15:00,0.0
2030-10-26 12:30:00,0.0
2030-10-26 12:45:00,0.0
2030-10-26 13:00:00,0.0
2030-10-26 13:15:00,0.0
2030-10-26 13:30:00,0.0
2030-10-26 13:45:00,0.0
2030-10-26 14:00:00,0.0
2030-10-26 14:15:00,0.0
2030-10-26 14:30:00,0.0
2030-10-26 14:45:00,0.0
2030-10-26 15:00:00,0.0
2030-10-26 15:15:00,0.0
2030-10-26 15:30:00,0.0
2030-10-26 15:45:00,0.0
2030-10-26 16:00:00,0.0
2030-10-26 16:15:00,0.0
2030-10-26 16:30:00,0.0
2030-10-26 16:45:00,0.0
2030-10-26 17:00:00,0.0
2030-10-26 17:15:00,0.0
2030-10-26 17:30:00,0.0
2030-10-26 17:45:00,0.0
2030-10-26 18:00:00,0.0
2030-10-26 18:15:00,0.0
2030-10-26 18:30:00,0.0
2030-10-26 18:45:00,0.0
2030-10-26 19:00:00,0.0
2030-10-26 19:15:00,0.0
2030-10-26 19:30:00,0.0
2030-10-26 19:45:00,0.0
2030-10-26 20:00:00,0.0
2030-10-26 20:15:00,0.0
2030-10-26 20:30:00,0.0
2030-10-26 20:45:00,0.0
2030-10-26 21:00:00,0.0
2030-10-26 21:15:00,0.0
2030-10-26 21:30:00,0.0
2030-10-26 21:45:00,0.0
2030-10-26 22:00:00,0.0
2030-10-26 22:15:00,0.0
2030-10-26 22:30:00,0.0
2030-10-26 22:45:00,0.0
2030-10-26 23:00:00,0.0
2030-10-26 23:15:00,0.0
2030-10-26 23:30:00,0.0
2030-10-26 23:45:00,0.0
2030-10-27 00:00:00,0.0
2030-10-27 00:15:00,0.0
2030-10-27 00:30:00,0.0
2030-10-27 00:45:00,0.0
2030-10-27 01:00:00,0.0
2030-10-27 01:15:00,0.0
2030-10-27 01:30:00,0.0
2030-10-27 01:45:00,0.0
2030-10-27 02:00:00,0.0
2030-10-27 02:15:00,0.0
2030-10-27 02:30:00,0.0
2030-10-27 02:45:00,0.0
2030-10-27 03:00:00,0.0
2030-10-27 03:15:00,0.0
2030-10-27 03:30:00,0.0
2030-10-27 03:45:00,0.0
2030-10-27 04:00:00,0.0
2030-10-27 04:15:00,0.0
2030-10-27 04:30:00,0.0
2030-10-27 04:45:00,0.0
2030-10-27 05:00:00,0.0
2030-10-27 05:15:00,0.0
2030-10-27 05:30:00,0.0
2030-10-27 05:45:00,0.0
2030-10-27 06:00:00,0.0
2030-10-27 06:15:00,0.0
2030-10-27 06:30:00,0.0
2030-10-27 06:45:00,0.0
2030-10-27 07:00:00,0.0
2030-10-27 07:15:00,0.0
2030-10-27 07:30:00,0.0
2030-10-27 07:45:00,0.0
2030-10-27 08:00:00,0.0
2030-10-27 08:15:00,0.0
2030-10-27 08:30:00,0.0
2030-10-27 08:45:00,0.0
2030-10-27 09:00:00,0.0
2030-10-27 09:15:00,0.0
2030-10-27 09:30:00,0.0
2030-10-27 09:45:00,0.0
2030-10-27 10:00:00,0.0
2030-10-27 10:15:00,0.0
2030-10-27 10:30:00,0.0
2030-10-27 10:45:00,0.0
2030-10-27 11:00:00,0.0
2030-10-27 11:15:00,0.0
2030-10-27 11:30:00,0.0
2030-10-27 11:45:00,0.0
2030-10-27 12:00:00,0.0
2030-10-27 12:15:00,0.0
2030-10-27 12:30:00,0.0
2030-10-27 12:45:00,0.0
2030-10-27 13:00:00,0.0
2030-10-27 13:15:00,0.0
2030-10-27 13:30:00,0.0
2030-10-27 13:45:00,0.0
2030-10-27 14:00:00,0.0
2030-10-27 14:15:00,0.0
2030-10-27 14:30:00,0.0
2030-10-27 14:45:00,0.0
2030-10-27 15:00:00,0.0
2030-10-27 15:15:00,0.0
2030-10-27 15:30:00,0.0
2030-10-27 15:45:00,0.0
2030-10-27 16:00:00,0.0
2030-10-27 16:15:00,0.0
2030-10-27 16:30:00,0.0
2030-10-27 16:45:00,0.0
2030-10-27 17:00:00,0.0
2030-10-27 17:15:00,0.0
2030-10-27 17:30:00,0.0
2030-10-27 17:45:00,0.0
2030-10-27 18:00:00,0.0
2030-10-27 18:15:00,0.0
2030-10-27 18:30:00,0.0
2030-10-27 18:45:00,0.0
2030-10-27 19:00:00,0.0
2030-10-27 19:15:00,0.0
2030-10-27 19:30:00,0.0
2030-10-27 19:45:00,0.0
2030-10-27 20:00:00,0.0
2030-10-27 20:15:00,0.0
2030-10-27 20:30:00,0.0
2030-10-27 20:45:00,0.0
2030-10-27 21:00:00,0.0
2030-10-27 21:15:00,0.0
2030-10-27 21:30:00,0.0
2030-10-27 21:45:00,0.0
2030-10-27 22:00:00,0.0
2030-10-27 22:15:00,0.0
2030-10-27 22:30:00,0.0
2030-10-27 22:45:00,0.0
2030-10-27 23:00:00,0.0
2030-10-27 23:15:00,0.0
2030-10-27 23:30:00,0.0
2030-10-27 23:45:00,0.0
2030-10-28 00:00:00,0.0
2030-10-28 00:15:00,0.0
2030-10-28 00:30:00,0.0
2030-10-28 00:45:00,0.0
2030-10-28 01:00:00,0.0
2030-10-28 01:15:00,0.0
2030-10-28 01:30:00,0.0
2030-10-28 01:45:00,0.0
2030-10-28 02:00:00,0.0
2030-10-28 02:15:00,0.0
2030-10-28 02:30:00,0.0
2030-10-28 02:45:00,0.0
2030-10-28 03:00:00,0.0
2030-10-28 03:15:00,0.0
2030-10-28 03:30:00,0.0
2030-10-28 03:45:00,0.0
2030-10-28 04:00:00,0.0
2030-10-28 04:15:00,0.0
2030-10-28 04:30:00,0.0
2030-10-28 04:45:00,0.0
2030-10-28 05:00:00,0.0
2030-10-28 05:15:00,0.0
2030-10-28 05:30:00,0.0
2030-10-28 05:45:00,0.0
2030-10-28 06:00:00,0.0
2030-10-28 06:15:00,0.0
2030-10-28 06:30:00,0.0
2030-10-28 06:45:00,0.0
2030-10-28 07:00:00,0.0
2030-10-28 07:15:00,0.0
2030-10-28 07:30:00,0.0
2030-10-28 07:45:00,0.0
2030-10-28 08:00:00,0.0
2030-10-28 08:15:00,0.0
2030-10-28 08:30:00,0.0
2030-10-28 08:45:00,0.0
2030-10-28 09:00:00,0.0
2030-10-28 09:15:00,0.0
2030-10-28 09:30:00,0.0
2030-10-28 09:45:00,0.0
2030-10-28 10:00:00,0.0
2030-10-28 10:15:00,0.0
2030-10-28 10:30:00,0.0
2030-10-28 10:45:00,0.0
2030-10-28 11:00:00,0.0
2030-10-28 11:15:00,0.0
2030-10-28 11:30:00,0.0
2030-10-28 11:45:00,0.0
2030-10-28 12:00:00,0.0
2030-10-28 12:15:00,0.0
2030-10-28 12:30:00,0.0
2030-10-28 12:45:00,0.0
2030-10-28 13:00:00,0.0
2030-10-28 13:15:00,0.0
2030-10-28 13:30:00,0.0
2030-10-28 13:45:00,0.0
2030-10-28 14:00:00,0.0
2030-10-28 14:15:00,0.0
2030-10-28 14:30:00,0.0
2030-10-28 14:45:00,0.0
2030-10-28 15:00:00,0.0
2030-10-28 15:15:00,0.0
2030-10-28 15:30:00,0.0
2030-10-28 15:45:00,0.0
2030-10-28 16:00:00,0.0
2030-10-28 16:15:00,0.0
2030-10-28 16:30:00,0.0
2030-10-28 16:45:00,0.0
2030-10-28 17:00:00,0.0
2030-10-28 17:15:00,0.0
2030-10-28 17:30:00,0.0
2030-10-28 17:45:00,0.0
2030-10-28 18:00:00,0.0
2030-10-28 18:15:00,0.0
2030-10-28 18:30:00,0.0
2030-10-28 18:45:00,0.0
2030-10-28 19:00:00,0.0
2030-10-28 19:15:00,0.0
2030-10-28 19:30:00,0.0
2030-10-28 19:45:00,0.0
2030-10-28 20:00:00,0.0
2030-10-28 20:15:00,0.0
2030-10-28 20:30:00,0.0
2030-10-28 20:45:00,0.0
2030-10-28 21:00:00,0.0
2030-10-28 21:15:00,0.0
2030-10-28 21:30:00,0.0
2030-10-28 21:45:00,0.0
2030-10-28 22:00:00,0.0
2030-10-28 22:15:00,0.0
2030-10-28 22:30:00,0.0
2030-10-28 22:45:00,0.0
2030-10-28 23:00:00,0.0
2030-10-28 23:15:00,0.0
2030-10-28 23:30:00,0.0
2030-10-28 23:45:00,0.0
2030-10-29 00:00:00,0.0
2030-10-29 00:15:00,0.0
2030-10-29 00:30:00,0.0
2030-10-29 00:45:00,0.0
2030-10-29 01:00:00,0.0
2030-10-29 01:15:00,0.0
2030-10-29 01:30:00,0.0
2030-10-29 01:45:00,0.0
2030-10-29 02:00:00,0.0
2030-10-29 02:15:00,0.0
2030-10-29 02:30:00,0.0
2030-10-29 02:45:00,0.0
2030-10-29 03:00:00,0.0
2030-10-29 03:15:00,0.0
2030-10-29 03:30:00,0.0
2030-10-29 03:45:00,0.0
2030-10-29 04:00:00,0.0
2030-10-29 04:15:00,0.0
2030-10-29 04:30:00,0.0
2030-10-29 04:45:00,0.0
2030-10-29 05:00:00,0.0
2030-10-29 05:15:00,0.0
2030-10-29 05:30:00,0.0
2030-10-29 05:45:00,0.0
2030-10-29 06:00:00,0.0
2030-10-29 06:15:00,0.0
2030-10-29 06:30:00,0.0
2030-10-29 06:45:00,0.0
2030-10-29 07:00:00,0.0
2030-10-29 07:15:00,0.0
2030-10-29 07:30:00,0.0
2030-10-29 07:45:00,0.0
2030-10-29 08:00:00,0.0
2030-10-29 08:15:00,0.0
2030-10-29 08:30:00,0.0
2030-10-29 08:45:00,0.0
2030-10-29 09:00:00,0.0
2030-10-29 09:15:00,0.0
2030-10-29 09:30:00,0.0
2030-10-29 09:45:00,0.0
2030-10-29 10:00:00,0.0
2030-10-29 10:15:00,0.0
2030-10-29 10:30:00,0.0
2030-10-29 10:45:00,0.0
2030-10-29 11:00:00,0.0
2030-10-29 11:15:00,0.0
2030-10-29 11:30:00,0.0
2030-10-29 11:45:00,0.0
2030-10-29 12:00:00,0.0
2030-10-29 12:15:00,0.0
2030-10-29 12:30:00,0.0
2030-10-29 12:45:00,0.0
2030-10-29 13:00:00,0.0
2030-10-29 13:15:00,0.0
2030-10-29 13:30:00,0.0
2030-10-29 13:45:00,0.0
2030-10-29 14:00:00,0.0
2030-10-29 14:15:00,0.0
2030-10-29 14:30:00,0.0
2030-10-29 14:45:00,0.0
2030-10-29 15:00:00,0.0
2030-10-29 15:15:00,0.0
2030-10-29 15:30:00,0.0
2030-10-29 15:45:00,0.0
2030-10-29 16:00:00,0.0
2030-10-29 16:15:00,0.0
2030-10-29 16:30:00,0.0
2030-10-29 16:45:00,0.0
2030-10-29 17:00:00,0.0
2030-10-29 17:15:00,0.0
2030-10-29 17:30:00,0.0
2030-10-29 17:45:00,0.0
2030-10-29 18:00:00,0.0
2030-10-29 18:15:00,0.0
2030-10-29 18:30:00,0.0
2030-10-29 18:45:00,0.0
2030-10-29 19:00:00,0.0
2030-10-29 19:15:00,0.0
2030-10-29 19:30:00,0.0
2030-10-29 19:45:00,0.0
2030-10-29 20:00:00,0.0
2030-10-29 20:15:00,0.0
2030-10-29 20:30:00,0.0
2030-10-29 20:45:00,0.0
2030-10-29 21:00:00,0.0
2030-10-29 21:15:00,0.0
2030-10-29 21:30:00,0.0
2030-10-29 21:45:00,0.0
2030-10-29 22:00:00,0.0
2030-10-29 22:15:00,0.0
2030-10-29 22:30:00,0.0
2030-10-29 22:45:00,0.0
2030-10-29 23:00:00,0.0
2030-10-29 23:15:00,0.0
2030-10-29 23:30:00,0.0
2030-10-29 23:45:00,0.0
2030-10-30 00:00:00,0.0
2030-10-30 00:15:00,0.0
2030-10-30 00:30:00,0.0
2030-10-30 00:45:00,0.0
2030-10-30 01:00:00,0.0
2030-10-30 01:15:00,0.0
2030-10-30 01:30:00,0.0
2030-10-30 01:45:00,0.0
2030-10-30 02:00:00,0.0
2030-10-30 02:15:00,0.0
2030-10-30 02:30:00,0.0
2030-10-30 02:45:00,0.0
2030-10-30 03:00:00,0.0
2030-10-30 03:15:00,0.0
2030-10-30 03:30:00,0.0
2030-10-30 03:45:00,0.0
2030-10-30 04:00:00,0.0
2030-10-30 04:15:00,0.0
2030-10-30 04:30:00,0.0
2030-10-30 04:45:00,0.0
2030-10-30 05:00:00,0.0
2030-10-30 05:15:00,0.0
2030-10-30 05:30:00,0.0
2030-10-30 05:45:00,0.0
2030-10-30 06:00:00,0.0
2030-10-30 06:15:00,0.0
2030-10-30 06:30:00,0.0
2030-10-30 06:45:00,0.0
2030-10-30 07:00:00,0.0
2030-10-30 07:15:00,0.0
2030-10-30 07:30:00,0.0
2030-10-30 07:45:00,0.0
2030-10-30 08:00:00,0.0
2030-10-30 08:15:00,0.0
2030-10-30 08:30:00,0.0
2030-10-30 08:45:00,0.0
2030-10-30 09:00:00,0.0
2030-10-30 09:15:00,0.0
2030-10-30 09:30:00,0.0
2030-10-30 09:45:00,0.0
2030-10-30 10:00:00,0.0
2030-10-30 10:15:00,0.0
2030-10-30 10:30:00,0.0
2030-10-30 10:45:00,0.0
2030-10-30 11:00:00,0.0
2030-10-30 11:15:00,0.0
2030-10-30 11:30:00,0.0
2030-10-30 11:45:00,0.0
2030-10-30 12:00:00,0.0
2030-10-30 12:15:00,0.0
2030-10-30 12:30:00,0.0
2030-10-30 12:45:00,0.0
2030-10-30 13:00:00,0.0
2030-10-30 13:15:00,0.0
2030-10-30 13:30:00,0.0
2030-10-30 13:45:00,0.0
2030-10-30 14:00:00,0.0
2030-10-30 14:15:00,0.0
2030-10-30 14:30:00,0.0
2030-10-30 14:45:00,0.0
2030-10-30 15:00:00,0.0
2030-10-30 15:15:00,0.0
2030-10-30 15:30:00,0.0
2030-10-30 15:45:00,0.0
2030-10-30 16:00:00,0.0
2030-10-30 16:15:00,0.0
2030-10-30 16:30:00,0.0
2030-10-30 16:45:00,0.0
2030-10-30 17:00:00,0.0
2030-10-30 17:15:00,0.0
2030-10-30 17:30:00,0.0
2030-10-30 17:45:00,0.0
2030-10-30 18:00:00,0.0
2030-10-30 18:15:00,0.0
2030-10-30 18:30:00,0.0
2030-10-30 18:45:00,0.0
2030-10-30 19:00:00,0.0
2030-10-30 19:15:00,0.0
2030-10-30 19:30:00,0.0
2030-10-30 19:45:00,0.0
2030-10-30 20:00:00,0.0
2030-10-30 20:15:00,0.0
2030-10-30 20:30:00,0.0
2030-10-30 20:45:00,0.0
2030-10-30 21:00:00,0.0
2030-10-30 21:15:00,0.0
2030-10-30 21:30:00,0.0
2030-10-30 21:45:00,0.0
2030-10-30 22:00:00,0.0
2030-10-30 22:15:00,0.0
2030-10-30 22:30:00,0.0
2030-10-30 22:45:00,0.0
2030-10-30 23:00:00,0.0
2030-10-30 23:15:00,0.0
2030-10-30 23:30:00,0.0
2030-10-30 23:45:00,0.0
2030-10-31 00:00:00,0.0
2030-10-31 00:15:00,0.0
2030-10-31 00:30:00,0.0
2030-10-31 00:45:00,0.0
2030-10-31 01:00:00,0.0
2030-10-31 01:15:00,0.0
2030-10-31 01:30:00,0.0
2030-10-31 01:45:00,0.0
2030-10-31 02:00:00,0.0
2030-10-31 02:15:00,0.0
2030-10-31 02:30:00,0.0
2030-10-31 02:45:00,0.0
2030-10-31 03:00:00,0.0
2030-10-31 03:15:00,0.0
2030-10-31 03:30:00,0.0
2030-10-31 03:45:00,0.0
2030-10-31 04:00:00,0.0
2030-10-31 04:15:00,0.0
2030-10-31 04:30:00,0.0
2030-10-31 04:45:00,0.0
2030-10-31 05:00:00,0.0
2030-10-31 05:15:00,0.0
2030-10-31 05:30:00,0.0
2030-10-31 05:45:00,0.0
2030-10-31 06:00:00,0.0
2030-10-31 06:15:00,0.0
2030-10-31 06:30:00,0.0
2030-10-31 06:45:00,0.0
2030-10-31 07:00:00,0.0
2030-10-31 07:15:00,0.0
2030-10-31 07:30:00,0.0
2030-10-31 07:45:00,0.0
2030-10-31 08:00:00,0.0
2030-10-31 08:15:00,0.0
2030-10-31 08:30:00,0.0
2030-10-31 08:45:00,0.0
2030-10-31 09:00:00,0.0
2030-10-31 09:15:00,0.0
2030-10-31 09:30:00,0.0
2030-10-31 09:45:00,0.0
2030-10-31 10:00:00,0.0
2030-10-31 10:15:00,0.0
2030-10-31 10:30:00,0.0
2030-10-31 10:45:00,0.0
2030-10-31 11:00:00,0.0
2030-10-31 11:15:00,0.0
2030-10-31 11:30:00,0.0
2030-10-31 11:45:00,0.0
2030-10-31 12:00:00,0.0
2030-10-31 12:15:00,0.0
2030-10-31 12:30:00,0.0
2030-10-31 12:45:00,0.0
2030-10-31 13:00:00,0.0
2030-10-31 13:15:00,0.0
2030-10-31 13:30:00,0.0
2030-10-31 13:45:00,0.0
2030-10-31 14:00:00,0.0
2030-10-31 14:15:00,0.0
2030-10-31 14:30:00,0.0
2030-10-31 14:45:00,0.0
2030-10-31 15:00:00,0.0
2030-10-31 15:15:00,0.0
2030-10-31 15:30:00,0.0
2030-10-31 15:45:00,0.0
2030-10-31 16:00:00,0.0
2030-10-31 16:15:00,0.0
2030-10-31 16:30:00,0.0
2030-10-31 16:45:00,0.0
2030-10-31 17:00:00,0.0
2030-10-31 17:15:00,0.0
2030-10-31 17:30:00,0.0
2030-10-31 17:45:00,0.0
2030-10-31 18:00:00,0.0
2030-10-31 18:15:00,0.0
2030-10-31 18:30:00,0.0
2030-10-31 18:45:00,0.0
2030-10-31 19:00:00,0.0
2030-10-31 19:15:00,0.0
2030-10-31 19:30:00,0.0
2030-10-31 19:45:00,0.0
2030-10-31 20:00:00,0.0
2030-10-31 20:15:00,0.0
2030-10-31 20:30:00,0.0
2030-10-31 20:45:00,0.0
2030-10-31 21:00:00,0.0
2030-10-31 21:15:00,0.0
2030-10-31 21:30:00,0.0
2030-10-31 21:45:00,0.0
2030-10-31 22:00:00,0.0
2030-10-31 22:15:00,0.0
2030-10-31 22:30:00,0.0
2030-10-31 22:45:00,0.0
2030-10-31 23:00:00,0.0
2030-10-31 23:15:00,0.0
2030-10-31 23:30:00,0.0
2030-10-31 23:45:00,0.0
2030-11-01 00:00:00,0.0
2030-11-01 00:15:00,0.0
2030-11-01 00:30:00,0.0
2030-11-01 00:45:00,0.0
2030-11-01 01:00:00,0.0
2030-11-01 01:15:00,0.0
2030-11-01 01:30:00,0.0
2030-11-01 01:45:00,0.0
2030-11-01 02:00:00,0.0
2030-11-01 02:15:00,0.0
2030-11-01 02:30:00,0.0
2030-11-01 02:45:00,0.0
2030-11-01 03:00:00,0.0
2030-11-01 03:15:00,0.0
2030-11-01 03:30:00,0.0
2030-11-01 03:45:00,0.0
2030-11-01 04:00:00,0.0
2030-11-01 04:15:00,0.0
2030-11-01 04:30:00,0.0
2030-11-01 04:45:00,0.0
2030-11-01 05:00:00,0.0
2030-11-01 05:15:00,0.0
2030-11-01 05:30:00,0.0
2030-11-01 05:45:00,0.0
2030-11-01 06:00:00,0.0
2030-11-01 06:15:00,0.0
2030-11-01 06:30:00,0.0
2030-11-01 06:45:00,0.0
2030-11-01 07:00:00,0.0
2030-11-01 07:15:00,0.0
2030-11-01 07:30:00,0.0
2030-11-01 07:45:00,0.0
2030-11-01 08:00:00,0.0
2030-11-01 08:15:00,0.0
2030-11-01 08:30:00,0.0
2030-11-01 08:45:00,0.0
2030-11-01 09:00:00,0.0
2030-11-01 09:15:00,0.0
2030-11-01 09:30:00,0.0
2030-11-01 09:45:00,0.0
2030-11-01 10:00:00,0.0
2030-11-01 10:15:00,0.0
2030-11-01 10:30:00,0.0
2030-11-01 10:45:00,0.0
2030-11-01 11:00:00,0.0
2030-11-01 11:15:00,0.0
2030-11-01 11:30:00,0.0
2030-11-01 11:45:00,0.0
2030-11-01 12:00:00,0.0
2030-11-01 12:15:00,0.0
2030-11-01 12:30:00,0.0
2030-11-01 12:45:00,0.0
2030-11-01 13:00:00,0.0
2030-11-01 13:15:00,0.0
2030-11-01 13:30:00,0.0
2030-11-01 13:45:00,0.0
2030-11-01 14:00:00,0.0
2030-11-01 14:15:00,0.0
2030-11-01 14:30:00,0.0
2030-11-01 14:45:00,0.0
2030-11-01 15:00:00,0.0
2030-11-01 15:15:00,0.0
2030-11-01 15:30:00,0.0
2030-11-01 15:45:00,0.0
2030-11-01 16:00:00,0.0
2030-11-01 16:15:00,0.0
2030-11-01 16:30:00,0.0
2030-11-01 16:45:00,0.0
2030-11-01 17:00:00,0.0
2030-11-01 17:15:00,0.0
2030-11-01 17:30:00,0.0
2030-11-01 17:45:00,0.0
2030-11-01 18:00:00,0.0
2030-11-01 18:15:00,0.0
2030-11-01 18:30:00,0.0
2030-11-01 18:45:00,0.0
2030-11-01 19:00:00,0.0
2030-11-01 19:15:00,0.0
2030-11-01 19:30:00,0.0
2030-11-01 19:45:00,0.0
2030-11-01 20:00:00,0.0
2030-11-01 20:15:00,0.0
2030-11-01 20:30:00,0.0
2030-11-01 20:45:00,0.0
2030-11-01 21:00:00,0.0
2030-11-01 21:15:00,0.0
2030-11-01 21:30:00,0.0
2030-11-01 21:45:00,0.0
2030-11-01 22:00:00,0.0
2030-11-01 22:15:00,0.0
2030-11-01 22:30:00,0.0
2030-11-01 22:45:00,0.0
2030-11-01 23:00:00,0.0
2030-11-01 23:15:00,0.0
2030-11-01 23:30:00,0.0
2030-11-01 23:45:00,0.0
2030-11-02 00:00:00,0.0
2030-11-02 00:15:00,0.0
2030-11-02 00:30:00,0.0
2030-11-02 00:45:00,0.0
2030-11-02 01:00:00,0.0
2030-11-02 01:15:00,0.0
2030-11-02 01:30:00,0.0
2030-11-02 01:45:00,0.0
2030-11-02 02:00:00,0.0
2030-11-02 02:15:00,0.0
2030-11-02 02:30:00,0.0
2030-11-02 02:45:00,0.0
2030-11-02 03:00:00,0.0
2030-11-02 03:15:00,0.0
2030-11-02 03:30:00,0.0
2030-11-02 03:45:00,0.0
2030-11-02 04:00:00,0.0
2030-11-02 04:15:00,0.0
2030-11-02 04:30:00,0.0
2030-11-02 04:45:00,0.0
2030-11-02 05:00:00,0.0
2030-11-02 05:15:00,0.0
2030-11-02 05:30:00,0.0
2030-11-02 05:45:00,0.0
2030-11-02 06:00:00,0.0
2030-11-02 06:15:00,0.0
2030-11-02 06:30:00,0.0
2030-11-02 06:45:00,0.0
2030-11-02 07:00:00,0.0
2030-11-02 07:15:00,0.0
2030-11-02 07:30:00,0.0
2030-11-02 07:45:00,0.0
2030-11-02 08:00:00,0.0
2030-11-02 08:15:00,0.0
2030-11-02 08:30:00,0.0
2030-11-02 08:45:00,0.0
2030-11-02 09:00:00,0.0
2030-11-02 09:15:00,0.0
2030-11-02 09:30:00,0.0
2030-11-02 09:45:00,0.0
2030-11-02 10:00:00,0.0
2030-11-02 10:15:00,0.0
2030-11-02 10:30:00,0.0
2030-11-02 10:45:00,0.0
2030-11-02 11:00:00,0.0
2030-11-02 11:15:00,0.0
2030-11-02 11:30:00,0.0
2030-11-02 11:45:00,0.0
2030-11-02 12:00:00,0.0
2030-11-02 12:15:00,0.0
2030-11-02 12:30:00,0.0
2030-11-02 12:45:00,0.0
2030-11-02 13:00:00,0.0
2030-11-02 13:15:00,0.0
2030-11-02 13:30:00,0.0
2030-11-02 13:45:00,0.0
2030-11-02 14:00:00,0.0
2030-11-02 14:15:00,0.0
2030-11-02 14:30:00,0.0
2030-11-02 14:45:00,0.0
2030-11-02 15:00:00,0.0
2030-11-02 15:15:00,0.0
2030-11-02 15:30:00,0.0
2030-11-02 15:45:00,0.0
2030-11-02 16:00:00,0.0
2030-11-02 16:15:00,0.0
2030-11-02 16:30:00,0.0
2030-11-02 16:45:00,0.0
2030-11-02 17:00:00,0.0
2030-11-02 17:15:00,0.0
2030-11-02 17:30:00,0.0
2030-11-02 17:45:00,0.0
2030-11-02 18:00:00,0.0
2030-11-02 18:15:00,0.0
2030-11-02 18:30:00,0.0
2030-11-02 18:45:00,0.0
2030-11-02 19:00:00,0.0
2030-11-02 19:15:00,0.0
2030-11-02 19:30:00,0.0
2030-11-02 19:45:00,0.0
2030-11-02 20:00:00,0.0
2030-11-02 20:15:00,0.0
2030-11-02 20:30:00,0.0
2030-11-02 20:45:00,0.0
2030-11-02 21:00:00,0.0
2030-11-02 21:15:00,0.0
2030-11-02 21:30:00,0.0
2030-11-02 21:45:00,0.0
2030-11-02 22:00:00,0.0
2030-11-02 22:15:00,0.0
2030-11-02 22:30:00,0.0
2030-11-02 22:45:00,0.0
2030-11-02 23:00:00,0.0
2030-11-02 23:15:00,0.0
2030-11-02 23:30:00,0.0
2030-11-02 23:45:00,0.0
2030-11-03 00:00:00,0.0
2030-11-03 00:15:00,0.0
2030-11-03 00:30:00,0.0
2030-11-03 00:45:00,0.0
2030-11-03 01:00:00,0.0
2030-11-03 01:15:00,0.0
2030-11-03 01:30:00,0.0
2030-11-03 01:45:00,0.0
2030-11-03 02:00:00,0.0
2030-11-03 02:15:00,0.0
2030-11-03 02:30:00,0.0
2030-11-03 02:45:00,0.0
2030-11-03 03:00:00,0.0
2030-11-03 03:15:00,0.0
2030-11-03 03:30:00,0.0
2030-11-03 03:45:00,0.0
2030-11-03 04:00:00,0.0
2030-11-03 04:15:00,0.0
2030-11-03 04:30:00,0.0
2030-11-03 04:45:00,0.0
2030-11-03 05:00:00,0.0
2030-11-03 05:15:00,0.0
2030-11-03 05:30:00,0.0
2030-11-03 05:45:00,0.0
2030-11-03 06:00:00,0.0
2030-11-03 06:15:00,0.0
2030-11-03 06:30:00,0.0
2030-11-03 06:45:00,0.0
2030-11-03 07:00:00,0.0
2030-11-03 07:15:00,0.0
2030-11-03 07:30:00,0.0
2030-11-03 07:45:00,0.0
2030-11-03 08:00:00,0.0
2030-11-03 08:15:00,0.0
2030-11-03 08:30:00,0.0
2030-11-03 08:45:00,0.0
2030-11-03 09:00:00,0.0
2030-11-03 09:15:00,0.0
2030-11-03 09:30:00,0.0
2030-11-03 09:45:00,0.0
2030-11-03 10:00:00,0.0
2030-11-03 10:15:00,0.0
2030-11-03 10:30:00,0.0
2030-11-03 10:45:00,0.0
2030-11-03 11:00:00,0.0
2030-11-03 11:15:00,0.0
2030-11-03 11:30:00,0.0
2030-11-03 11:45:00,0.0
2030-11-03 12:00:00,0.0
2030-11-03 12:15:00,0.0
2030-11-03 12:30:00,0.0
2030-11-03 12:45:00,0.0
2030-11-03 13:00:00,0.0
2030-11-03 13:15:00,0.0
2030-11-03 13:30:00,0.0
2030-11-03 13:45:00,0.0
2030-11-03 14:00:00,0.0
2030-11-03 14:15:00,0.0
2030-11-03 14:30:00,0.0
2030-11-03 14:45:00,0.0
2030-11-03 15:00:00,0.0
2030-11-03 15:15:00,0.0
2030-11-03 15:30:00,0.0
2030-11-03 15:45:00,0.0
2030-11-03 16:00:00,0.0
2030-11-03 16:15:00,0.0
2030-11-03 16:30:00,0.0
2030-11-03 16:45:00,0.0
2030-11-03 17:00:00,0.0
2030-11-03 17:15:00,0.0
2030-11-03 17:30:00,0.0
2030-11-03 17:45:00,0.0
2030-11-03 18:00:00,0.0
2030-11-03 18:15:00,0.0
2030-11-03 18:30:00,0.0
2030-11-03 18:45:00,0.0
2030-11-03 19:00:00,0.0
2030-11-03 19:15:00,0.0
2030-11-03 19:30:00,0.0
2030-11-03 19:45:00,0.0
2030-11-03 20:00:00,0.0
2030-11-03 20:15:00,0.0
2030-11-03 20:30:00,0.0
2030-11-03 20:45:00,0.0
2030-11-03 21:00:00,0.0
2030-11-03 21:15:00,0.0
2030-11-03 21:30:00,0.0
2030-11-03 21:45:00,0.0
2030-11-03 22:00:00,0.0
2030-11-03 22:15:00,0.0
2030-11-03 22:30:00,0.0
2030-11-03 22:45:00,0.0
2030-11-03 23:00:00,0.0
2030-11-03 23:15:00,0.0
2030-11-03 23:30:00,0.0
2030-11-03 23:45:00,0.0
2030-11-04 00:00:00,0.0
2030-11-04 00:15:00,0.0
2030-11-04 00:30:00,0.0
2030-11-04 00:45:00,0.0
2030-11-04 01:00:00,0.0
2030-11-04 01:15:00,0.0
2030-11-04 01:30:00,0.0
2030-11-04 01:45:00,0.0
2030-11-04 02:00:00,0.0
2030-11-04 02:15:00,0.0
2030-11-04 02:30:00,0.0
2030-11-04 02:45:00,0.0
2030-11-04 03:00:00,0.0
2030-11-04 03:15:00,0.0
2030-11-04 03:30:00,0.0
2030-11-04 03:45:00,0.0
2030-11-04 04:00:00,0.0
2030-11-04 04:15:00,0.0
2030-11-04 04:30:00,0.0
2030-11-04 04:45:00,0.0
2030-11-04 05:00:00,0.0
2030-11-04 05:15:00,0.0
2030-11-04 05:30:00,0.0
2030-11-04 05:45:00,0.0
2030-11-04 06:00:00,0.0
2030-11-04 06:15:00,0.0
2030-11-04 06:30:00,0.0
2030-11-04 06:45:00,0.0
2030-11-04 07:00:00,0.0
2030-11-04 07:15:00,0.0
2030-11-04 07:30:00,0.0
2030-11-04 07:45:00,0.0
2030-11-04 08:00:00,0.0
2030-11-04 08:15:00,0.0
2030-11-04 08:30:00,0.0
2030-11-04 08:45:00,0.0
2030-11-04 09:00:00,0.0
2030-11-04 09:15:00,0.0
2030-11-04 09:30:00,0.0
2030-11-04 09:45:00,0.0
2030-11-04 10:00:00,0.0
2030-11-04 10:15:00,0.0
2030-11-04 10:30:00,0.0
2030-11-04 10:45:00,0.0
2030-11-04 11:00:00,0.0
2030-11-04 11:15:00,0.0
2030-11-04 11:30:00,0.0
2030-11-04 11:45:00,0.0
2030-11-04 12:00:00,0.0
2030-11-04 12:15:00,0.0
2030-11-04 12:30:00,0.0
2030-11-04 12:45:00,0.0
2030-11-04 13:00:00,0.0
2030-11-04 13:15:00,0.0
2030-11-04 13:30:00,0.0
2030-11-04 13:45:00,0.0
2030-11-04 14:00:00,0.0
2030-11-04 14:15:00,0.0
2030-11-04 14:30:00,0.0
2030-11-04 14:45:00,0.0
2030-11-04 15:00:00,0.0
2030-11-04 15:15:00,0.0
2030-11-04 15:30:00,0.0
2030-11-04 15:45:00,0.0
2030-11-04 16:00:00,0.0
2030-11-04 16:15:00,0.0
2030-11-04 16:30:00,0.0
2030-11-04 16:45:00,0.0
2030-11-04 17:00:00,0.0
2030-11-04 17:15:00,0.0
2030-11-04 17:30:00,0.0
2030-11-04 17:45:00,0.0
2030-11-04 18:00:00,0.0
2030-11-04 18:15:00,0.0
2030-11-04 18:30:00,0.0
2030-11-04 18:45:00,0.0
2030-11-04 19:00:00,0.0
2030-11-04 19:15:00,0.0
2030-11-04 19:30:00,0.0
2030-11-04 19:45:00,0.0
2030-11-04 20:00:00,0.0
2030-11-04 20:15:00,0.0
2030-11-04 20:30:00,0.0
2030-11-04 20:45:00,0.0
2030-11-04 21:00:00,0.0
2030-11-04 21:15:00,0.0
2030-11-04 21:30:00,0.0
2030-11-04 21:45:00,0.0
2030-11-04 22:00:00,0.0
2030-11-04 22:15:00,0.0
2030-11-04 22:30:00,0.0
2030-11-04 22:45:00,0.0
2030-11-04 23:00:00,0.0
2030-11-04 23:15:00,0.0
2030-11-04 23:30:00,0.0
2030-11-04 23:45:00,0.0
2030-11-05 00:00:00,0.0
2030-11-05 00:15:00,0.0
2030-11-05 00:30:00,0.0
2030-11-05 00:45:00,0.0
2030-11-05 01:00:00,0.0
2030-11-05 01:15:00,0.0
2030-11-05 01:30:00,0.0
2030-11-05 01:45:00,0.0
2030-11-05 02:00:00,0.0
2030-11-05 02:15:00,0.0
2030-11-05 02:30:00,0.0
2030-11-05 02:45:00,0.0
2030-11-05 03:00:00,0.0
2030-11-05 03:15:00,0.0
2030-11-05 03:30:00,0.0
2030-11-05 03:45:00,0.0
2030-11-05 04:00:00,0.0
2030-11-05 04:15:00,0.0
2030-11-05 04:30:00,0.0
2030-11-05 04:45:00,0.0
2030-11-05 05:00:00,0.0
2030-11-05 05:15:00,0.0
2030-11-05 05:30:00,0.0
2030-11-05 05:45:00,0.0
2030-11-05 06:00:00,0.0
2030-11-05 06:15:00,0.0
2030-11-05 06:30:00,0.0
2030-11-05 06:45:00,0.0
2030-11-05 07:00:00,0.0
2030-11-05 07:15:00,0.0
2030-11-05 07:30:00,0.0
2030-11-05 07:45:00,0.0
2030-11-05 08:00:00,0.0
2030-11-05 08:15:00,0.0
2030-11-05 08:30:00,0.0
2030-11-05 08:45:00,0.0
2030-11-05 09:00:00,0.0
2030-11-05 09:15:00,0.0
2030-11-05 09:30:00,0.0
2030-11-05 09:45:00,0.0
2030-11-05 10:00:00,0.0
2030-11-05 10:15:00,0.0
2030-11-05 10:30:00,0.0
2030-11-05 10:45:00,0.0
2030-11-05 11:00:00,0.0
2030-11-05 11:15:00,0.0
2030-11-05 11:30:00,0.0
2030-11-05 11:45:00,0.0
2030-11-05 12:00:00,0.0
2030-11-05 12:15:00,0.0
2030-11-05 12:30:00,0.0
2030-11-05 12:45:00,0.0
2030-11-05 13:00:00,0.0
2030-11-05 13:15:00,0.0
2030-11-05 13:30:00,0.0
2030-11-05 13:45:00,0.0
2030-11-05 14:00:00,0.0
2030-11-05 14:15:00,0.0
2030-11-05 14:30:00,0.0
2030-11-05 14:45:00,0.0
2030-11-05 15:00:00,0.0
2030-11-05 15:15:00,0.0
2030-11-05 15:30:00,0.0
2030-11-05 15:45:00,0.0
2030-11-05 16:00:00,0.0
2030-11-05 16:15:00,0.0
2030-11-05 16:30:00,0.0
2030-11-05 16:45:00,0.0
2030-11-05 17:00:00,0.0
2030-11-05 17:15:00,0.0
2030-11-05 17:30:00,0.0
2030-11-05 17:45:00,0.0
2030-11-05 18:00:00,0.0
2030-11-05 18:15:00,0.0
2030-11-05 18:30:00,0.0
2030-11-05 18:45:00,0.0
2030-11-05 19:00:00,0.0
2030-11-05 19:15:00,0.0
2030-11-05 19:30:00,0.0
2030-11-05 19:45:00,0.0
2030-11-05 20:00:00,0.0
2030-11-05 20:15:00,0.0
2030-11-05 20:30:00,0.0
2030-11-05 20:45:00,0.0
2030-11-05 21:00:00,0.0
2030-11-05 21:15:00,0.0
2030-11-05 21:30:00,0.0
2030-11-05 21:45:00,0.0
2030-11-05 22:00:00,0.0
2030-11-05 22:15:00,0.0
2030-11-05 22:30:00,0.0
2030-11-05 22:45:00,0.0
2030-11-05 23:00:00,0.0
2030-11-05 23:15:00,0.0
2030-11-05 23:30:00,0.0
2030-11-05 23:45:00,0.0
2030-11-06 00:00:00,0.0
2030-11-06 00:15:00,0.0
2030-11-06 00:30:00,0.0
2030-11-06 00:45:00,0.0
2030-11-06 01:00:00,0.0
2030-11-06 01:15:00,0.0
2030-11-06 01:30:00,0.0
2030-11-06 01:45:00,0.0
2030-11-06 02:00:00,0.0
2030-11-06 02:15:00,0.0
2030-11-06 02:30:00,0.0
2030-11-06 02:45:00,0.0
2030-11-06 03:00:00,0.0
2030-11-06 03:15:00,0.0
2030-11-06 03:30:00,0.0
2030-11-06 03:45:00,0.0
2030-11-06 04:00:00,0.0
2030-11-06 04:15:00,0.0
2030-11-06 04:30:00,0.0
2030-11-06 04:45:00,0.0
2030-11-06 05:00:00,0.0
2030-11-06 05:15:00,0.0
2030-11-06 05:30:00,0.0
2030-11-06 05:45:00,0.0
2030-11-06 06:00:00,0.0
2030-11-06 06:15:00,0.0
2030-11-06 06:30:00,0.0
2030-11-06 06:45:00,0.0
2030-11-06 07:00:00,0.0
2030-11-06 07:15:00,0.0
2030-11-06 07:30:00,0.0
2030-11-06 07:45:00,0.0
2030-11-06 08:00:00,0.0
2030-11-06 08:15:00,0.0
2030-11-06 08:30:00,0.0
2030-11-06 08:45:00,0.0
2030-11-06 09:00:00,0.0
2030-11-06 09:15:00,0.0
2030-11-06 09:30:00,0.0
2030-11-06 09:45:00,0.0
2030-11-06 10:00:00,0.0
2030-11-06 10:15:00,0.0
2030-11-06 10:30:00,0.0
2030-11-06 10:45:00,0.0
2030-11-06 11:00:00,0.0
2030-11-06 11:15:00,0.0
2030-11-06 11:30:00,0.0
2030-11-06 11:45:00,0.0
2030-11-06 12:00:00,0.0
2030-11-06 12:15:00,0.0
2030-11-06 12:30:00,0.0
2030-11-06 12:45:00,0.0
2030-11-06 13:00:00,0.0
2030-11-06 13:15:00,0.0
2030-11-06 13:30:00,0.0
2030-11-06 13:45:00,0.0
2030-11-06 14:00:00,0.0
2030-11-06 14:15:00,0.0
2030-11-06 14:30:00,0.0
2030-11-06 14:45:00,0.0
2030-11-06 15:00:00,0.0
2030-11-06 15:15:00,0.0
2030-11-06 15:30:00,0.0
2030-11-06 15:45:00,0.0
2030-11-06 16:00:00,0.0
2030-11-06 16:15:00,0.0
2030-11-06 16:30:00,0.0
2030-11-06 16:45:00,0.0
2030-11-06 17:00:00,0.0
2030-11-06 17:15:00,0.0
2030-11-06 17:30:00,0.0
2030-11-06 17:45:00,0.0
2030-11-06 18:00:00,0.0
2030-11-06 18:15:00,0.0
2030-11-06 18:30:00,0.0
2030-11-06 18:45:00,0.0
2030-11-06 19:00:00,0.0
2030-11-06 19:15:00,0.0
2030-11-06 19:30:00,0.0
2030-11-06 19:45:00,0.0
2030-11-06 20:00:00,0.0
2030-11-06 20:15:00,0.0
2030-11-06 20:30:00,0.0
2030-11-06 20:45:00,0.0
2030-11-06 21:00:00,0.0
2030-11-06 21:15:00,0.0
2030-11-06 21:30:00,0.0
2030-11-06 21:45:00,0.0
2030-11-06 22:00:00,0.0
2030-11-06 22:15:00,0.0
2030-11-06 22:30:00,0.0
2030-11-06 22:45:00,0.0
2030-11-06 23:00:00,0.0
2030-11-06 23:15:00,0.0
2030-11-06 23:30:00,0.0
2030-11-06 23:45:00,0.0
2030-11-07 00:00:00,0.0
2030-11-07 00:15:00,0.0
2030-11-07 00:30:00,0.0
2030-11-07 00:45:00,0.0
2030-11-07 01:00:00,0.0
2030-11-07 01:15:00,0.0
2030-11-07 01:30:00,0.0
2030-11-07 01:45:00,0.0
2030-11-07 02:00:00,0.0
2030-11-07 02:15:00,0.0
2030-11-07 02:30:00,0.0
2030-11-07 02:45:00,0.0
2030-11-07 03:00:00,0.0
2030-11-07 03:15:00,0.0
2030-11-07 03:30:00,0.0
2030-11-07 03:45:00,0.0
2030-11-07 04:00:00,0.0
2030-11-07 04:15:00,0.0
2030-11-07 04:30:00,0.0
2030-11-07 04:45:00,0.0
2030-11-07 05:00:00,0.0
2030-11-07 05:15:00,0.0
2030-11-07 05:30:00,0.0
2030-11-07 05:45:00,0.0
2030-11-07 06:00:00,0.0
2030-11-07 06:15:00,0.0
2030-11-07 06:30:00,0.0
2030-11-07 06:45:00,0.0
2030-11-07 07:00:00,0.0
2030-11-07 07:15:00,0.0
2030-11-07 07:30:00,0.0
2030-11-07 07:45:00,0.0
2030-11-07 08:00:00,0.0
2030-11-07 08:15:00,0.0
2030-11-07 08:30:00,0.0
2030-11-07 08:45:00,0.0
2030-11-07 09:00:00,0.0
2030-11-07 09:15:00,0.0
2030-11-07 09:30:00,0.0
2030-11-07 09:45:00,0.0
2030-11-07 10:00:00,0.0
2030-11-07 10:15:00,0.0
2030-11-07 10:30:00,0.0
2030-11-07 10:45:00,0.0
2030-11-07 11:00:00,0.0
2030-11-07 11:15:00,0.0
2030-11-07 11:30:00,0.0
2030-11-07 11:45:00,0.0
2030-11-07 12:00:00,0.0
2030-11-07 12:15:00,0.0
2030-11-07 12:30:00,0.0
2030-11-07 12:45:00,0.0
2030-11-07 13:00:00,0.0
2030-11-07 13:15:00,0.0
2030-11-07 13:30:00,0.0
2030-11-07 13:45:00,0.0
2030-11-07 14:00:00,0.0
2030-11-07 14:15:00,0.0
2030-11-07 14:30:00,0.0
2030-11-07 14:45:00,0.0
2030-11-07 15:00:00,0.0
2030-11-07 15:15:00,0.0
2030-11-07 15:30:00,0.0
2030-11-07 15:45:00,0.0
2030-11-07 16:00:00,0.0
2030-11-07 16:15:00,0.0
2030-11-07 16:30:00,0.0
2030-11-07 16:45:00,0.0
2030-11-07 17:00:00,0.0
2030-11-07 17:15:00,0.0
2030-11-07 17:30:00,0.0
2030-11-07 17:45:00,0.0
2030-11-07 18:00:00,0.0
2030-11-07 18:15:00,0.0
2030-11-07 18:30:00,0.0
2030-11-07 18:45:00,0.0
2030-11-07 19:00:00,0.0
2030-11-07 19:15:00,0.0
2030-11-07 19:30:00,0.0
2030-11-07 19:45:00,0.0
2030-11-07 20:00:00,0.0
2030-11-07 20:15:00,0.0
2030-11-07 20:30:00,0.0
2030-11-07 20:45:00,0.0
2030-11-07 21:00:00,0.0
2030-11-07 21:15:00,0.0
2030-11-07 21:30:00,0.0
2030-11-07 21:45:00,0.0
2030-11-07 22:00:00,0.0
2030-11-07 22:15:00,0.0
2030-11-07 22:30:00,0.0
2030-11-07 22:45:00,0.0
2030-11-07 23:00:00,0.0
2030-11-07 23:15:00,0.0
2030-11-07 23:30:00,0.0
2030-11-07 23:45:00,0.0
2030-11-08 00:00:00,0.0
2030-11-08 00:15:00,0.0
2030-11-08 00:30:00,0.0
2030-11-08 00:45:00,0.0
2030-11-08 01:00:00,0.0
2030-11-08 01:15:00,0.0
2030-11-08 01:30:00,0.0
2030-11-08 01:45:00,0.0
2030-11-08 02:00:00,0.0
2030-11-08 02:15:00,0.0
2030-11-08 02:30:00,0.0
2030-11-08 02:45:00,0.0
2030-11-08 03:00:00,0.0
2030-11-08 03:15:00,0.0
2030-11-08 03:30:00,0.0
2030-11-08 03:45:00,0.0
2030-11-08 04:00:00,0.0
2030-11-08 04:15:00,0.0
2030-11-08 04:30:00,0.0
2030-11-08 04:45:00,0.0
2030-11-08 05:00:00,0.0
2030-11-08 05:15:00,0.0
2030-11-08 05:30:00,0.0
2030-11-08 05:45:00,0.0
2030-11-08 06:00:00,0.0
2030-11-08 06:15:00,0.0
2030-11-08 06:30:00,0.0
2030-11-08 06:45:00,0.0
2030-11-08 07:00:00,0.0
2030-11-08 07:15:00,0.0
2030-11-08 07:30:00,0.0
2030-11-08 07:45:00,0.0
2030-11-08 08:00:00,0.0
2030-11-08 08:15:00,0.0
2030-11-08 08:30:00,0.0
2030-11-08 08:45:00,0.0
2030-11-08 09:00:00,0.0
2030-11-08 09:15:00,0.0
2030-11-08 09:30:00,0.0
2030-11-08 09:45:00,0.0
2030-11-08 10:00:00,0.0
2030-11-08 10:15:00,0.0
2030-11-08 10:30:00,0.0
2030-11-08 10:45:00,0.0
2030-11-08 11:00:00,0.0
2030-11-08 11:15:00,0.0
2030-11-08 11:30:00,0.0
2030-11-08 11:45:00,0.0
2030-11-08 12:00:00,0.0
2030-11-08 12:15:00,0.0
2030-11-08 12:30:00,0.0
2030-11-08 12:45:00,0.0
2030-11-08 13:00:00,0.0
2030-11-08 13:15:00,0.0
2030-11-08 13:30:00,0.0
2030-11-08 13:45:00,0.0
2030-11-08 14:00:00,0.0
2030-11-08 14:15:00,0.0
2030-11-08 14:30:00,0.0
2030-11-08 14:45:00,0.0
2030-11-08 15:00:00,0.0
2030-11-08 15:15:00,0.0
2030-11-08 15:30:00,0.0
2030-11-08 15:45:00,0.0
2030-11-08 16:00:00,0.0
2030-11-08 16:15:00,0.0
2030-11-08 16:30:00,0.0
2030-11-08 16:45:00,0.0
2030-11-08 17:00:00,0.0
2030-11-08 17:15:00,0.0
2030-11-08 17:30:00,0.0
2030-11-08 17:45:00,0.0
2030-11-08 18:00:00,0.0
2030-11-08 18:15:00,0.0
2030-11-08 18:30:00,0.0
2030-11-08 18:45:00,0.0
2030-11-08 19:00:00,0.0
2030-11-08 19:15:00,0.0
2030-11-08 19:30:00,0.0
2030-11-08 19:45:00,0.0
2030-11-08 20:00:00,0.0
2030-11-08 20:15:00,0.0
2030-11-08 20:30:00,0.0
2030-11-08 20:45:00,0.0
2030-11-08 21:00:00,0.0
2030-11-08 21:15:00,0.0
2030-11-08 21:30:00,0.0
2030-11-08 21:45:00,0.0
2030-11-08 22:00:00,0.0
2030-11-08 22:15:00,0.0
2030-11-08 22:30:00,0.0
2030-11-08 22:45:00,0.0
2030-11-08 23:00:00,0.0
2030-11-08 23:15:00,0.0
2030-11-08 23:30:00,0.0
2030-11-08 23:45:00,0.0
2030-11-09 00:00:00,0.0
2030-11-09 00:15:00,0.0
2030-11-09 00:30:00,0.0
2030-11-09 00:45:00,0.0
2030-11-09 01:00:00,0.0
2030-11-09 01:15:00,0.0
2030-11-09 01:30:00,0.0
2030-11-09 01:45:00,0.0
2030-11-09 02:00:00,0.0
2030-11-09 02:15:00,0.0
2030-11-09 02:30:00,0.0
2030-11-09 02:45:00,0.0
2030-11-09 03:00:00,0.0
2030-11-09 03:15:00,0.0
2030-11-09 03:30:00,0.0
2030-11-09 03:45:00,0.0
2030-11-09 04:00:00,0.0
2030-11-09 04:15:00,0.0
2030-11-09 04:30:00,0.0
2030-11-09 04:45:00,0.0
2030-11-09 05:00:00,0.0
2030-11-09 05:15:00,0.0
2030-11-09 05:30:00,0.0
2030-11-09 05:45:00,0.0
2030-11-09 06:00:00,0.0
2030-11-09 06:15:00,0.0
2030-11-09 06:30:00,0.0
2030-11-09 06:45:00,0.0
2030-11-09 07:00:00,0.0
2030-11-09 07:15:00,0.0
2030-11-09 07:30:00,0.0
2030-11-09 07:45:00,0.0
2030-11-09 08:00:00,0.0
2030-11-09 08:15:00,0.0
2030-11-09 08:30:00,0.0
2030-11-09 08:45:00,0.0
2030-11-09 09:00:00,0.0
2030-11-09 09:15:00,0.0
2030-11-09 09:30:00,0.0
2030-11-09 09:45:00,0.0
2030-11-09 10:00:00,0.0
2030-11-09 10:15:00,0.0
2030-11-09 10:30:00,0.0
2030-11-09 10:45:00,0.0
2030-11-09 11:00:00,0.0
2030-11-09 11:15:00,0.0
2030-11-09 11:30:00,0.0
2030-11-09 11:45:00,0.0
2030-11-09 12:00:00,0.0
2030-11-09 12:15:00,0.0
2030-11-09 12:30:00,0.0
2030-11-09 12:45:00,0.0
2030-11-09 13:00:00,0.0
2030-11-09 13:15:00,0.0
2030-11-09 13:30:00,0.0
2030-11-09 13:45:00,0.0
2030-11-09 14:00:00,0.0
2030-11-09 14:15:00,0.0
2030-11-09 14:30:00,0.0
2030-11-09 14:45:00,0.0
2030-11-09 15:00:00,0.0
2030-11-09 15:15:00,0.0
2030-11-09 15:30:00,0.0
2030-11-09 15:45:00,0.0
2030-11-09 16:00:00,0.0
2030-11-09 16:15:00,0.0
2030-11-09 16:30:00,0.0
2030-11-09 16:45:00,0.0
2030-11-09 17:00:00,0.0
2030-11-09 17:15:00,0.0
2030-11-09 17:30:00,0.0
2030-11-09 17:45:00,0.0
2030-11-09 18:00:00,0.0
2030-11-09 18:15:00,0.0
2030-11-09 18:30:00,0.0
2030-11-09 18:45:00,0.0
2030-11-09 19:00:00,0.0
2030-11-09 19:15:00,0.0
2030-11-09 19:30:00,0.0
2030-11-09 19:45:00,0.0
2030-11-09 20:00:00,0.0
2030-11-09 20:15:00,0.0
2030-11-09 20:30:00,0.0
2030-11-09 20:45:00,0.0
2030-11-09 21:00:00,0.0
2030-11-09 21:15:00,0.0
2030-11-09 21:30:00,0.0
2030-11-09 21:45:00,0.0
2030-11-09 22:00:00,0.0
2030-11-09 22:15:00,0.0
2030-11-09 22:30:00,0.0
2030-11-09 22:45:00,0.0
2030-11-09 23:00:00,0.0
2030-11-09 23:15:00,0.0
2030-11-09 23:30:00,0.0
2030-11-09 23:45:00,0.0
2030-11-10 00:00:00,0.0
2030-11-10 00:15:00,0.0
2030-11-10 00:30:00,0.0
2030-11-10 00:45:00,0.0
2030-11-10 01:00:00,0.0
2030-11-10 01:15:00,0.0
2030-11-10 01:30:00,0.0
2030-11-10 01:45:00,0.0
2030-11-10 02:00:00,0.0
2030-11-10 02:15:00,0.0
2030-11-10 02:30:00,0.0
2030-11-10 02:45:00,0.0
2030-11-10 03:00:00,0.0
2030-11-10 03:15:00,0.0
2030-11-10 03:30:00,0.0
2030-11-10 03:45:00,0.0
2030-11-10 04:00:00,0.0
2030-11-10 04:15:00,0.0
2030-11-10 04:30:00,0.0
2030-11-10 04:45:00,0.0
2030-11-10 05:00:00,0.0
2030-11-10 05:15:00,0.0
2030-11-10 05:30:00,0.0
2030-11-10 05:45:00,0.0
2030-11-10 06:00:00,0.0
2030-11-10 06:15:00,0.0
2030-11-10 06:30:00,0.0
2030-11-10 06:45:00,0.0
2030-11-10 07:00:00,0.0
2030-11-10 07:15:00,0.0
2030-11-10 07:30:00,0.0
2030-11-10 07:45:00,0.0
2030-11-10 08:00:00,0.0
2030-11-10 08:15:00,0.0
2030-11-10 08:30:00,0.0
2030-11-10 08:45:00,0.0
2030-11-10 09:00:00,0.0
2030-11-10 09:15:00,0.0
2030-11-10 09:30:00,0.0
2030-11-10 09:45:00,0.0
2030-11-10 10:00:00,0.0
2030-11-10 10:15:00,0.0
2030-11-10 10:30:00,0.0
2030-11-10 10:45:00,0.0
2030-11-10 11:00:00,0.0
2030-11-10 11:15:00,0.0
2030-11-10 11:30:00,0.0
2030-11-10 11:45:00,0.0
2030-11-10 12:00:00,0.0
2030-11-10 12:15:00,0.0
2030-11-10 12:30:00,0.0
2030-11-10 12:45:00,0.0
2030-11-10 13:00:00,0.0
2030-11-10 13:15:00,0.0
2030-11-10 13:30:00,0.0
2030-11-10 13:45:00,0.0
2030-11-10 14:00:00,0.0
2030-11-10 14:15:00,0.0
2030-11-10 14:30:00,0.0
2030-11-10 14:45:00,0.0
2030-11-10 15:00:00,0.0
2030-11-10 15:15:00,0.0
2030-11-10 15:30:00,0.0
2030-11-10 15:45:00,0.0
2030-11-10 16:00:00,0.0
2030-11-10 16:15:00,0.0
2030-11-10 16:30:00,0.0
2030-11-10 16:45:00,0.0
2030-11-10 17:00:00,0.0
2030-11-10 17:15:00,0.0
2030-11-10 17:30:00,0.0
2030-11-10 17:45:00,0.0
2030-11-10 18:00:00,0.0
2030-11-10 18:15:00,0.0
2030-11-10 18:30:00,0.0
2030-11-10 18:45:00,0.0
2030-11-10 19:00:00,0.0
2030-11-10 19:15:00,0.0
2030-11-10 19:30:00,0.0
2030-11-10 19:45:00,0.0
2030-11-10 20:00:00,0.0
2030-11-10 20:15:00,0.0
2030-11-10 20:30:00,0.0
2030-11-10 20:45:00,0.0
2030-11-10 21:00:00,0.0
2030-11-10 21:15:00,0.0
2030-11-10 21:30:00,0.0
2030-11-10 21:45:00,0.0
2030-11-10 22:00:00,0.0
2030-11-10 22:15:00,0.0
2030-11-10 22:30:00,0.0
2030-11-10 22:45:00,0.0
2030-11-10 23:00:00,0.0
2030-11-10 23:15:00,0.0
2030-11-10 23:30:00,0.0
2030-11-10 23:45:00,0.0
2030-11-11 00:00:00,0.0
2030-11-11 00:15:00,0.0
2030-11-11 00:30:00,0.0
2030-11-11 00:45:00,0.0
2030-11-11 01:00:00,0.0
2030-11-11 01:15:00,0.0
2030-11-11 01:30:00,0.0
2030-11-11 01:45:00,0.0
2030-11-11 02:00:00,0.0
2030-11-11 02:15:00,0.0
2030-11-11 02:30:00,0.0
2030-11-11 02:45:00,0.0
2030-11-11 03:00:00,0.0
2030-11-11 03:15:00,0.0
2030-11-11 03:30:00,0.0
2030-11-11 03:45:00,0.0
2030-11-11 04:00:00,0.0
2030-11-11 04:15:00,0.0
2030-11-11 04:30:00,0.0
2030-11-11 04:45:00,0.0
2030-11-11 05:00:00,0.0
2030-11-11 05:15:00,0.0
2030-11-11 05:30:00,0.0
2030-11-11 05:45:00,0.0
2030-11-11 06:00:00,0.0
2030-11-11 06:15:00,0.0
2030-11-11 06:30:00,0.0
2030-11-11 06:45:00,0.0
2030-11-11 07:00:00,0.0
2030-11-11 07:15:00,0.0
2030-11-11 07:30:00,0.0
2030-11-11 07:45:00,0.0
2030-11-11 08:00:00,0.0
2030-11-11 08:15:00,0.0
2030-11-11 08:30:00,0.0
2030-11-11 08:45:00,0.0
2030-11-11 09:00:00,0.0
2030-11-11 09:15:00,0.0
2030-11-11 09:30:00,0.0
2030-11-11 09:45:00,0.0
2030-11-11 10:00:00,0.0
2030-11-11 10:15:00,0.0
2030-11-11 10:30:00,0.0
2030-11-11 10:45:00,0.0
2030-11-11 11:00:00,0.0
2030-11-11 11:15:00,0.0
2030-11-11 11:30:00,0.0
2030-11-11 11:45:00,0.0
2030-11-11 12:00:00,0.0
2030-11-11 12:15:00,0.0
2030-11-11 12:30:00,0.0
2030-11-11 12:45:00,0.0
2030-11-11 13:00:00,0.0
2030-11-11 13:15:00,0.0
2030-11-11 13:30:00,0.0
2030-11-11 13:45:00,0.0
2030-11-11 14:00:00,0.0
2030-11-11 14:15:00,0.0
2030-11-11 14:30:00,0.0
2030-11-11 14:45:00,0.0
2030-11-11 15:00:00,0.0
2030-11-11 15:15:00,0.0
2030-11-11 15:30:00,0.0
2030-11-11 15:45:00,0.0
2030-11-11 16:00:00,0.0
2030-11-11 16:15:00,0.0
2030-11-11 16:30:00,0.0
2030-11-11 16:45:00,0.0
2030-11-11 17:00:00,0.0
2030-11-11 17:15:00,0.0
2030-11-11 17:30:00,0.0
2030-11-11 17:45:00,0.0
2030-11-11 18:00:00,0.0
2030-11-11 18:15:00,0.0
2030-11-11 18:30:00,0.0
2030-11-11 18:45:00,0.0
2030-11-11 19:00:00,0.0
2030-11-11 19:15:00,0.0
2030-11-11 19:30:00,0.0
2030-11-11 19:45:00,0.0
2030-11-11 20:00:00,0.0
2030-11-11 20:15:00,0.0
2030-11-11 20:30:00,0.0
2030-11-11 20:45:00,0.0
2030-11-11 21:00:00,0.0
2030-11-11 21:15:00,0.0
2030-11-11 21:30:00,0.0
2030-11-11 21:45:00,0.0
2030-11-11 22:00:00,0.0
2030-11-11 22:15:00,0.0
2030-11-11 22:30:00,0.0
2030-11-11 22:45:00,0.0
2030-11-11 23:00:00,0.0
2030-11-11 23:15:00,0.0
2030-11-11 23:30:00,0.0
2030-11-11 23:45:00,0.0
2030-11-12 00:00:00,0.0
2030-11-12 00:15:00,0.0
2030-11-12 00:30:00,0.0
2030-11-12 00:45:00,0.0
2030-11-12 01:00:00,0.0
2030-11-12 01:15:00,0.0
2030-11-12 01:30:00,0.0
2030-11-12 01:45:00,0.0
2030-11-12 02:00:00,0.0
2030-11-12 02:15:00,0.0
2030-11-12 02:30:00,0.0
2030-11-12 02:45:00,0.0
2030-11-12 03:00:00,0.0
2030-11-12 03:15:00,0.0
2030-11-12 03:30:00,0.0
2030-11-12 03:45:00,0.0
2030-11-12 04:00:00,0.0
2030-11-12 04:15:00,0.0
2030-11-12 04:30:00,0.0
2030-11-12 04:45:00,0.0
2030-11-12 05:00:00,0.0
2030-11-12 05:15:00,0.0
2030-11-12 05:30:00,0.0
2030-11-12 05:45:00,0.0
2030-11-12 06:00:00,0.0
2030-11-12 06:15:00,0.0
2030-11-12 06:30:00,0.0
2030-11-12 06:45:00,0.0
2030-11-12 07:00:00,0.0
2030-11-12 07:15:00,0.0
2030-11-12 07:30:00,0.0
2030-11-12 07:45:00,0.0
2030-11-12 08:00:00,0.0
2030-11-12 08:15:00,0.0
2030-11-12 08:30:00,0.0
2030-11-12 08:45:00,0.0
2030-11-12 09:00:00,0.0
2030-11-12 09:15:00,0.0
2030-11-12 09:30:00,0.0
2030-11-12 09:45:00,0.0
2030-11-12 10:00:00,0.0
2030-11-12 10:15:00,0.0
2030-11-12 10:30:00,0.0
2030-11-12 10:45:00,0.0
2030-11-12 11:00:00,0.0
2030-11-12 11:15:00,0.0
2030-11-12 11:30:00,0.0
2030-11-12 11:45:00,0.0
2030-11-12 12:00:00,0.0
2030-11-12 12:15:00,0.0
2030-11-12 12:30:00,0.0
2030-11-12 12:45:00,0.0
2030-11-12 13:00:00,0.0
2030-11-12 13:15:00,0.0
2030-11-12 13:30:00,0.0
2030-11-12 13:45:00,0.0
2030-11-12 14:00:00,0.0
2030-11-12 14:15:00,0.0
2030-11-12 14:30:00,0.0
2030-11-12 14:45:00,0.0
2030-11-12 15:00:00,0.0
2030-11-12 15:15:00,0.0
2030-11-12 15:30:00,0.0
2030-11-12 15:45:00,0.0
2030-11-12 16:00:00,0.0
2030-11-12 16:15:00,0.0
2030-11-12 16:30:00,0.0
2030-11-12 16:45:00,0.0
2030-11-12 17:00:00,0.0
2030-11-12 17:15:00,0.0
2030-11-12 17:30:00,0.0
2030-11-12 17:45:00,0.0
2030-11-12 18:00:00,0.0
2030-11-12 18:15:00,0.0
2030-11-12 18:30:00,0.0
2030-11-12 18:45:00,0.0
2030-11-12 19:00:00,0.0
2030-11-12 19:15:00,0.0
2030-11-12 19:30:00,0.0
2030-11-12 19:45:00,0.0
2030-11-12 20:00:00,0.0
2030-11-12 20:15:00,0.0
2030-11-12 20:30:00,0.0
2030-11-12 20:45:00,0.0
2030-11-12 21:00:00,0.0
2030-11-12 21:15:00,0.0
2030-11-12 21:30:00,0.0
2030-11-12 21:45:00,0.0
2030-11-12 22:00:00,0.0
2030-11-12 22:15:00,0.0
2030-11-12 22:30:00,0.0
2030-11-12 22:45:00,0.0
2030-11-12 23:00:00,0.0
2030-11-12 23:15:00,0.0
2030-11-12 23:30:00,0.0
2030-11-12 23:45:00,0.0
2030-11-13 00:00:00,0.0
2030-11-13 00:15:00,0.0
2030-11-13 00:30:00,0.0
2030-11-13 00:45:00,0.0
2030-11-13 01:00:00,0.0
2030-11-13 01:15:00,0.0
2030-11-13 01:30:00,0.0
2030-11-13 01:45:00,0.0
2030-11-13 02:00:00,0.0
2030-11-13 02:15:00,0.0
2030-11-13 02:30:00,0.0
2030-11-13 02:45:00,0.0
2030-11-13 03:00:00,0.0
2030-11-13 03:15:00,0.0
2030-11-13 03:30:00,0.0
2030-11-13 03:45:00,0.0
2030-11-13 04:00:00,0.0
2030-11-13 04:15:00,0.0
2030-11-13 04:30:00,0.0
2030-11-13 04:45:00,0.0
2030-11-13 05:00:00,0.0
2030-11-13 05:15:00,0.0
2030-11-13 05:30:00,0.0
2030-11-13 05:45:00,0.0
2030-11-13 06:00:00,0.0
2030-11-13 06:15:00,0.0
2030-11-13 06:30:00,0.0
2030-11-13 06:45:00,0.0
2030-11-13 07:00:00,0.0
2030-11-13 07:15:00,0.0
2030-11-13 07:30:00,0.0
2030-11-13 07:45:00,0.0
2030-11-13 08:00:00,0.0
2030-11-13 08:15:00,0.0
2030-11-13 08:30:00,0.0
2030-11-13 08:45:00,0.0
2030-11-13 09:00:00,0.0
2030-11-13 09:15:00,0.0
2030-11-13 09:30:00,0.0
2030-11-13 09:45:00,0.0
2030-11-13 10:00:00,0.0
2030-11-13 10:15:00,0.0
2030-11-13 10:30:00,0.0
2030-11-13 10:45:00,0.0
2030-11-13 11:00:00,0.0
2030-11-13 11:15:00,0.0
2030-11-13 11:30:00,0.0
2030-11-13 11:45:00,0.0
2030-11-13 12:00:00,0.0
2030-11-13 12:15:00,0.0
2030-11-13 12:30:00,0.0
2030-11-13 12:45:00,0.0
2030-11-13 13:00:00,0.0
2030-11-13 13:15:00,0.0
2030-11-13 13:30:00,0.0
2030-11-13 13:45:00,0.0
2030-11-13 14:00:00,0.0
2030-11-13 14:15:00,0.0
2030-11-13 14:30:00,0.0
2030-11-13 14:45:00,0.0
2030-11-13 15:00:00,0.0
2030-11-13 15:15:00,0.0
2030-11-13 15:30:00,0.0
2030-11-13 15:45:00,0.0
2030-11-13 16:00:00,0.0
2030-11-13 16:15:00,0.0
2030-11-13 16:30:00,0.0
2030-11-13 16:45:00,0.0
2030-11-13 17:00:00,0.0
2030-11-13 17:15:00,0.0
2030-11-13 17:30:00,0.0
2030-11-13 17:45:00,0.0
2030-11-13 18:00:00,0.0
2030-11-13 18:15:00,0.0
2030-11-13 18:30:00,0.0
2030-11-13 18:45:00,0.0
2030-11-13 19:00:00,0.0
2030-11-13 19:15:00,0.0
2030-11-13 19:30:00,0.0
2030-11-13 19:45:00,0.0
2030-11-13 20:00:00,0.0
2030-11-13 20:15:00,0.0
2030-11-13 20:30:00,0.0
2030-11-13 20:45:00,0.0
2030-11-13 21:00:00,0.0
2030-11-13 21:15:00,0.0
2030-11-13 21:30:00,0.0
2030-11-13 21:45:00,0.0
2030-11-13 22:00:00,0.0
2030-11-13 22:15:00,0.0
2030-11-13 22:30:00,0.0
2030-11-13 22:45:00,0.0
2030-11-13 23:00:00,0.0
2030-11-13 23:15:00,0.0
2030-11-13 23:30:00,0.0
2030-11-13 23:45:00,0.0
2030-11-14 00:00:00,0.0
2030-11-14 00:15:00,0.0
2030-11-14 00:30:00,0.0
2030-11-14 00:45:00,0.0
2030-11-14 01:00:00,0.0
2030-11-14 01:15:00,0.0
2030-11-14 01:30:00,0.0
2030-11-14 01:45:00,0.0
2030-11-14 02:00:00,0.0
2030-11-14 02:15:00,0.0
2030-11-14 02:30:00,0.0
2030-11-14 02:45:00,0.0
2030-11-14 03:00:00,0.0
2030-11-14 03:15:00,0.0
2030-11-14 03:30:00,0.0
2030-11-14 03:45:00,0.0
2030-11-14 04:00:00,0.0
2030-11-14 04:15:00,0.0
2030-11-14 04:30:00,0.0
2030-11-14 04:45:00,0.0
2030-11-14 05:00:00,0.0
2030-11-14 05:15:00,0.0
2030-11-14 05:30:00,0.0
2030-11-14 05:45:00,0.0
2030-11-14 06:00:00,0.0
2030-11-14 06:15:00,0.0
2030-11-14 06:30:00,0.0
2030-11-14 06:45:00,0.0
2030-11-14 07:00:00,0.0
2030-11-14 07:15:00,0.0
2030-11-14 07:30:00,0.0
2030-11-14 07:45:00,0.0
2030-11-14 08:00:00,0.0
2030-11-14 08:15:00,0.0
2030-11-14 08:30:00,0.0
2030-11-14 08:45:00,0.0
2030-11-14 09:00:00,0.0
2030-11-14 09:15:00,0.0
2030-11-14 09:30:00,0.0
2030-11-14 09:45:00,0.0
2030-11-14 10:00:00,0.0
2030-11-14 10:15:00,0.0
2030-11-14 10:30:00,0.0
2030-11-14 10:45:00,0.0
2030-11-14 11:00:00,0.0
2030-11-14 11:15:00,0.0
2030-11-14 11:30:00,0.0
2030-11-14 11:45:00,0.0
2030-11-14 12:00:00,0.0
2030-11-14 12:15:00,0.0
2030-11-14 12:30:00,0.0
2030-11-14 12:45:00,0.0
2030-11-14 13:00:00,0.0
2030-11-14 13:15:00,0.0
2030-11-14 13:30:00,0.0
2030-11-14 13:45:00,0.0
2030-11-14 14:00:00,0.0
2030-11-14 14:15:00,0.0
2030-11-14 14:30:00,0.0
2030-11-14 14:45:00,0.0
2030-11-14 15:00:00,0.0
2030-11-14 15:15:00,0.0
2030-11-14 15:30:00,0.0
2030-11-14 15:45:00,0.0
2030-11-14 16:00:00,0.0
2030-11-14 16:15:00,0.0
2030-11-14 16:30:00,0.0
2030-11-14 16:45:00,0.0
2030-11-14 17:00:00,0.0
2030-11-14 17:15:00,0.0
2030-11-14 17:30:00,0.0
2030-11-14 17:45:00,0.0
2030-11-14 18:00:00,0.0
2030-11-14 18:15:00,0.0
2030-11-14 18:30:00,0.0
2030-11-14 18:45:00,0.0
2030-11-14 19:00:00,0.0
2030-11-14 19:15:00,0.0
2030-11-14 19:30:00,0.0
2030-11-14 19:45:00,0.0
2030-11-14 20:00:00,0.0
2030-11-14 20:15:00,0.0
2030-11-14 20:30:00,0.0
2030-11-14 20:45:00,0.0
2030-11-14 21:00:00,0.0
2030-11-14 21:15:00,0.0
2030-11-14 21:30:00,0.0
2030-11-14 21:45:00,0.0
2030-11-14 22:00:00,0.0
2030-11-14 22:15:00,0.0
2030-11-14 22:30:00,0.0
2030-11-14 22:45:00,0.0
2030-11-14 23:00:00,0.0
2030-11-14 23:15:00,0.0
2030-11-14 23:30:00,0.0
2030-11-14 23:45:00,0.0
2030-11-15 00:00:00,0.0
2030-11-15 00:15:00,0.0
2030-11-15 00:30:00,0.0
2030-11-15 00:45:00,0.0
2030-11-15 01:00:00,0.0
2030-11-15 01:15:00,0.0
2030-11-15 01:30:00,0.0
2030-11-15 01:45:00,0.0
2030-11-15 02:00:00,0.0
2030-11-15 02:15:00,0.0
2030-11-15 02:30:00,0.0
2030-11-15 02:45:00,0.0
2030-11-15 03:00:00,0.0
2030-11-15 03:15:00,0.0
2030-11-15 03:30:00,0.0
2030-11-15 03:45:00,0.0
2030-11-15 04:00:00,0.0
2030-11-15 04:15:00,0.0
2030-11-15 04:30:00,0.0
2030-11-15 04:45:00,0.0
2030-11-15 05:00:00,0.0
2030-11-15 05:15:00,0.0
2030-11-15 05:30:00,0.0
2030-11-15 05:45:00,0.0
2030-11-15 06:00:00,0.0
2030-11-15 06:15:00,0.0
2030-11-15 06:30:00,0.0
2030-11-15 06:45:00,0.0
2030-11-15 07:00:00,0.0
2030-11-15 07:15:00,0.0
2030-11-15 07:30:00,0.0
2030-11-15 07:45:00,0.0
2030-11-15 08:00:00,0.0
2030-11-15 08:15:00,0.0
2030-11-15 08:30:00,0.0
2030-11-15 08:45:00,0.0
2030-11-15 09:00:00,0.0
2030-11-15 09:15:00,0.0
2030-11-15 09:30:00,0.0
2030-11-15 09:45:00,0.0
2030-11-15 10:00:00,0.0
2030-11-15 10:15:00,0.0
2030-11-15 10:30:00,0.0
2030-11-15 10:45:00,0.0
2030-11-15 11:00:00,0.0
2030-11-15 11:15:00,0.0
2030-11-15 11:30:00,0.0
2030-11-15 11:45:00,0.0
2030-11-15 12:00:00,0.0
2030-11-15 12:15:00,0.0
2030-11-15 12:30:00,0.0
2030-11-15 12:45:00,0.0
2030-11-15 13:00:00,0.0
2030-11-15 13:15:00,0.0
2030-11-15 13:30:00,0.0
2030-11-15 13:45:00,0.0
2030-11-15 14:00:00,0.0
2030-11-15 14:15:00,0.0
2030-11-15 14:30:00,0.0
2030-11-15 14:45:00,0.0
2030-11-15 15:00:00,0.0
2030-11-15 15:15:00,0.0
2030-11-15 15:30:00,0.0
2030-11-15 15:45:00,0.0
2030-11-15 16:00:00,0.0
2030-11-15 16:15:00,0.0
2030-11-15 16:30:00,0.0
2030-11-15 16:45:00,0.0
2030-11-15 17:00:00,0.0
2030-11-15 17:15:00,0.0
2030-11-15 17:30:00,0.0
2030-11-15 17:45:00,0.0
2030-11-15 18:00:00,0.0
2030-11-15 18:15:00,0.0
2030-11-15 18:30:00,0.0
2030-11-15 18:45:00,0.0
2030-11-15 19:00:00,0.0
2030-11-15 19:15:00,0.0
2030-11-15 19:30:00,0.0
2030-11-15 19:45:00,0.0
2030-11-15 20:00:00,0.0
2030-11-15 20:15:00,0.0
2030-11-15 20:30:00,0.0
2030-11-15 20:45:00,0.0
2030-11-15 21:00:00,0.0
2030-11-15 21:15:00,0.0
2030-11-15 21:30:00,0.0
2030-11-15 21:45:00,0.0
2030-11-15 22:00:00,0.0
2030-11-15 22:15:00,0.0
2030-11-15 22:30:00,0.0
2030-11-15 22:45:00,0.0
2030-11-15 23:00:00,0.0
2030-11-15 23:15:00,0.0
2030-11-15 23:30:00,0.0
2030-11-15 23:45:00,0.0
2030-11-16 00:00:00,0.0
2030-11-16 00:15:00,0.0
2030-11-16 00:30:00,0.0
2030-11-16 00:45:00,0.0
2030-11-16 01:00:00,0.0
2030-11-16 01:15:00,0.0
2030-11-16 01:30:00,0.0
2030-11-16 01:45:00,0.0
2030-11-16 02:00:00,0.0
2030-11-16 02:15:00,0.0
2030-11-16 02:30:00,0.0
2030-11-16 02:45:00,0.0
2030-11-16 03:00:00,0.0
2030-11-16 03:15:00,0.0
2030-11-16 03:30:00,0.0
2030-11-16 03:45:00,0.0
2030-11-16 04:00:00,0.0
2030-11-16 04:15:00,0.0
2030-11-16 04:30:00,0.0
2030-11-16 04:45:00,0.0
2030-11-16 05:00:00,0.0
2030-11-16 05:15:00,0.0
2030-11-16 05:30:00,0.0
2030-11-16 05:45:00,0.0
2030-11-16 06:00:00,0.0
2030-11-16 06:15:00,0.0
2030-11-16 06:30:00,0.0
2030-11-16 06:45:00,0.0
2030-11-16 07:00:00,0.0
2030-11-16 07:15:00,0.0
2030-11-16 07:30:00,0.0
2030-11-16 07:45:00,0.0
2030-11-16 08:00:00,0.0
2030-11-16 08:15:00,0.0
2030-11-16 08:30:00,0.0
2030-11-16 08:45:00,0.0
2030-11-16 09:00:00,0.0
2030-11-16 09:15:00,0.0
2030-11-16 09:30:00,0.0
2030-11-16 09:45:00,0.0
2030-11-16 10:00:00,0.0
2030-11-16 10:15:00,0.0
2030-11-16 10:30:00,0.0
2030-11-16 10:45:00,0.0
2030-11-16 11:00:00,0.0
2030-11-16 11:15:00,0.0
2030-11-16 11:30:00,0.0
2030-11-16 11:45:00,0.0
2030-11-16 12:00:00,0.0
2030-11-16 12:15:00,0.0
2030-11-16 12:30:00,0.0
2030-11-16 12:45:00,0.0
2030-11-16 13:00:00,0.0
2030-11-16 13:15:00,0.0
2030-11-16 13:30:00,0.0
2030-11-16 13:45:00,0.0
2030-11-16 14:00:00,0.0
2030-11-16 14:15:00,0.0
2030-11-16 14:30:00,0.0
2030-11-16 14:45:00,0.0
2030-11-16 15:00:00,0.0
2030-11-16 15:15:00,0.0
2030-11-16 15:30:00,0.0
2030-11-16 15:45:00,0.0
2030-11-16 16:00:00,0.0
2030-11-16 16:15:00,0.0
2030-11-16 16:30:00,0.0
2030-11-16 16:45:00,0.0
2030-11-16 17:00:00,0.0
2030-11-16 17:15:00,0.0
2030-11-16 17:30:00,0.0
2030-11-16 17:45:00,0.0
2030-11-16 18:00:00,0.0
2030-11-16 18:15:00,0.0
2030-11-16 18:30:00,0.0
2030-11-16 18:45:00,0.0
2030-11-16 19:00:00,0.0
2030-11-16 19:15:00,0.0
2030-11-16 19:30:00,0.0
2030-11-16 19:45:00,0.0
2030-11-16 20:00:00,0.0
2030-11-16 20:15:00,0.0
2030-11-16 20:30:00,0.0
2030-11-16 20:45:00,0.0
2030-11-16 21:00:00,0.0
2030-11-16 21:15:00,0.0
2030-11-16 21:30:00,0.0
2030-11-16 21:45:00,0.0
2030-11-16 22:00:00,0.0
2030-11-16 22:15:00,0.0
2030-11-16 22:30:00,0.0
2030-11-16 22:45:00,0.0
2030-11-16 23:00:00,0.0
2030-11-16 23:15:00,0.0
2030-11-16 23:30:00,0.0
2030-11-16 23:45:00,0.0
2030-11-17 00:00:00,0.0
2030-11-17 00:15:00,0.0
2030-11-17 00:30:00,0.0
2030-11-17 00:45:00,0.0
2030-11-17 01:00:00,0.0
2030-11-17 01:15:00,0.0
2030-11-17 01:30:00,0.0
2030-11-17 01:45:00,0.0
2030-11-17 02:00:00,0.0
2030-11-17 02:15:00,0.0
2030-11-17 02:30:00,0.0
2030-11-17 02:45:00,0.0
2030-11-17 03:00:00,0.0
2030-11-17 03:15:00,0.0
2030-11-17 03:30:00,0.0
2030-11-17 03:45:00,0.0
2030-11-17 04:00:00,0.0
2030-11-17 04:15:00,0.0
2030-11-17 04:30:00,0.0
2030-11-17 04:45:00,0.0
2030-11-17 05:00:00,0.0
2030-11-17 05:15:00,0.0
2030-11-17 05:30:00,0.0
2030-11-17 05:45:00,0.0
2030-11-17 06:00:00,0.0
2030-11-17 06:15:00,0.0
2030-11-17 06:30:00,0.0
2030-11-17 06:45:00,0.0
2030-11-17 07:00:00,0.0
2030-11-17 07:15:00,0.0
2030-11-17 07:30:00,0.0
2030-11-17 07:45:00,0.0
2030-11-17 08:00:00,0.0
2030-11-17 08:15:00,0.0
2030-11-17 08:30:00,0.0
2030-11-17 08:45:00,0.0
2030-11-17 09:00:00,0.0
2030-11-17 09:15:00,0.0
2030-11-17 09:30:00,0.0
2030-11-17 09:45:00,0.0
2030-11-17 10:00:00,0.0
2030-11-17 10:15:00,0.0
2030-11-17 10:30:00,0.0
2030-11-17 10:45:00,0.0
2030-11-17 11:00:00,0.0
2030-11-17 11:15:00,0.0
2030-11-17 11:30:00,0.0
2030-11-17 11:45:00,0.0
2030-11-17 12:00:00,0.0
2030-11-17 12:15:00,0.0
2030-11-17 12:30:00,0.0
2030-11-17 12:45:00,0.0
2030-11-17 13:00:00,0.0
2030-11-17 13:15:00,0.0
2030-11-17 13:30:00,0.0
2030-11-17 13:45:00,0.0
2030-11-17 14:00:00,0.0
2030-11-17 14:15:00,0.0
2030-11-17 14:30:00,0.0
2030-11-17 14:45:00,0.0
2030-11-17 15:00:00,0.0
2030-11-17 15:15:00,0.0
2030-11-17 15:30:00,0.0
2030-11-17 15:45:00,0.0
2030-11-17 16:00:00,0.0
2030-11-17 16:15:00,0.0
2030-11-17 16:30:00,0.0
2030-11-17 16:45:00,0.0
2030-11-17 17:00:00,0.0
2030-11-17 17:15:00,0.0
2030-11-17 17:30:00,0.0
2030-11-17 17:45:00,0.0
2030-11-17 18:00:00,0.0
2030-11-17 18:15:00,0.0
2030-11-17 18:30:00,0.0
2030-11-17 18:45:00,0.0
2030-11-17 19:00:00,0.0
2030-11-17 19:15:00,0.0
2030-11-17 19:30:00,0.0
2030-11-17 19:45:00,0.0
2030-11-17 20:00:00,0.0
2030-11-17 20:15:00,0.0
2030-11-17 20:30:00,0.0
2030-11-17 20:45:00,0.0
2030-11-17 21:00:00,0.0
2030-11-17 21:15:00,0.0
2030-11-17 21:30:00,0.0
2030-11-17 21:45:00,0.0
2030-11-17 22:00:00,0.0
2030-11-17 22:15:00,0.0
2030-11-17 22:30:00,0.0
2030-11-17 22:45:00,0.0
2030-11-17 23:00:00,0.0
2030-11-17 23:15:00,0.0
2030-11-17 23:30:00,0.0
2030-11-17 23:45:00,0.0
2030-11-18 00:00:00,0.0
2030-11-18 00:15:00,0.0
2030-11-18 00:30:00,0.0
2030-11-18 00:45:00,0.0
2030-11-18 01:00:00,0.0
2030-11-18 01:15:00,0.0
2030-11-18 01:30:00,0.0
2030-11-18 01:45:00,0.0
2030-11-18 02:00:00,0.0
2030-11-18 02:15:00,0.0
2030-11-18 02:30:00,0.0
2030-11-18 02:45:00,0.0
2030-11-18 03:00:00,0.0
2030-11-18 03:15:00,0.0
2030-11-18 03:30:00,0.0
2030-11-18 03:45:00,0.0
2030-11-18 04:00:00,0.0
2030-11-18 04:15:00,0.0
2030-11-18 04:30:00,0.0
2030-11-18 04:45:00,0.0
2030-11-18 05:00:00,0.0
2030-11-18 05:15:00,0.0
2030-11-18 05:30:00,0.0
2030-11-18 05:45:00,0.0
2030-11-18 06:00:00,0.0
2030-11-18 06:15:00,0.0
2030-11-18 06:30:00,0.0
2030-11-18 06:45:00,0.0
2030-11-18 07:00:00,0.0
2030-11-18 07:15:00,0.0
2030-11-18 07:30:00,0.0
2030-11-18 07:45:00,0.0
2030-11-18 08:00:00,0.0
2030-11-18 08:15:00,0.0
2030-11-18 08:30:00,0.0
2030-11-18 08:45:00,0.0
2030-11-18 09:00:00,0.0
2030-11-18 09:15:00,0.0
2030-11-18 09:30:00,0.0
2030-11-18 09:45:00,0.0
2030-11-18 10:00:00,0.0
2030-11-18 10:15:00,0.0
2030-11-18 10:30:00,0.0
2030-11-18 10:45:00,0.0
2030-11-18 11:00:00,0.0
2030-11-18 11:15:00,0.0
2030-11-18 11:30:00,0.0
2030-11-18 11:45:00,0.0
2030-11-18 12:00:00,0.0
2030-11-18 12:15:00,0.0
2030-11-18 12:30:00,0.0
2030-11-18 12:45:00,0.0
2030-11-18 13:00:00,0.0
2030-11-18 13:15:00,0.0
2030-11-18 13:30:00,0.0
2030-11-18 13:45:00,0.0
2030-11-18 14:00:00,0.0
2030-11-18 14:15:00,0.0
2030-11-18 14:30:00,0.0
2030-11-18 14:45:00,0.0
2030-11-18 15:00:00,0.0
2030-11-18 15:15:00,0.0
2030-11-18 15:30:00,0.0
2030-11-18 15:45:00,0.0
2030-11-18 16:00:00,0.0
2030-11-18 16:15:00,0.0
2030-11-18 16:30:00,0.0
2030-11-18 16:45:00,0.0
2030-11-18 17:00:00,0.0
2030-11-18 17:15:00,0.0
2030-11-18 17:30:00,0.0
2030-11-18 17:45:00,0.0
2030-11-18 18:00:00,0.0
2030-11-18 18:15:00,0.0
2030-11-18 18:30:00,0.0
2030-11-18 18:45:00,0.0
2030-11-18 19:00:00,0.0
2030-11-18 19:15:00,0.0
2030-11-18 19:30:00,0.0
2030-11-18 19:45:00,0.0
2030-11-18 20:00:00,0.0
2030-11-18 20:15:00,0.0
2030-11-18 20:30:00,0.0
2030-11-18 20:45:00,0.0
2030-11-18 21:00:00,0.0
2030-11-18 21:15:00,0.0
2030-11-18 21:30:00,0.0
2030-11-18 21:45:00,0.0
2030-11-18 22:00:00,0.0
2030-11-18 22:15:00,0.0
2030-11-18 22:30:00,0.0
2030-11-18 22:45:00,0.0
2030-11-18 23:00:00,0.0
2030-11-18 23:15:00,0.0
2030-11-18 23:30:00,0.0
2030-11-18 23:45:00,0.0
2030-11-19 00:00:00,0.0
2030-11-19 00:15:00,0.0
2030-11-19 00:30:00,0.0
2030-11-19 00:45:00,0.0
2030-11-19 01:00:00,0.0
2030-11-19 01:15:00,0.0
2030-11-19 01:30:00,0.0
2030-11-19 01:45:00,0.0
2030-11-19 02:00:00,0.0
2030-11-19 02:15:00,0.0
2030-11-19 02:30:00,0.0
2030-11-19 02:45:00,0.0
2030-11-19 03:00:00,0.0
2030-11-19 03:15:00,0.0
2030-11-19 03:30:00,0.0
2030-11-19 03:45:00,0.0
2030-11-19 04:00:00,0.0
2030-11-19 04:15:00,0.0
2030-11-19 04:30:00,0.0
2030-11-19 04:45:00,0.0
2030-11-19 05:00:00,0.0
2030-11-19 05:15:00,0.0
2030-11-19 05:30:00,0.0
2030-11-19 05:45:00,0.0
2030-11-19 06:00:00,0.0
2030-11-19 06:15:00,0.0
2030-11-19 06:30:00,0.0
2030-11-19 06:45:00,0.0
2030-11-19 07:00:00,0.0
2030-11-19 07:15:00,0.0
2030-11-19 07:30:00,0.0
2030-11-19 07:45:00,0.0
2030-11-19 08:00:00,0.0
2030-11-19 08:15:00,0.0
2030-11-19 08:30:00,0.0
2030-11-19 08:45:00,0.0
2030-11-19 09:00:00,0.0
2030-11-19 09:15:00,0.0
2030-11-19 09:30:00,0.0
2030-11-19 09:45:00,0.0
2030-11-19 10:00:00,0.0
2030-11-19 10:15:00,0.0
2030-11-19 10:30:00,0.0
2030-11-19 10:45:00,0.0
2030-11-19 11:00:00,0.0
2030-11-19 11:15:00,0.0
2030-11-19 11:30:00,0.0
2030-11-19 11:45:00,0.0
2030-11-19 12:00:00,0.0
2030-11-19 12:15:00,0.0
2030-11-19 12:30:00,0.0
2030-11-19 12:45:00,0.0
2030-11-19 13:00:00,0.0
2030-11-19 13:15:00,0.0
2030-11-19 13:30:00,0.0
2030-11-19 13:45:00,0.0
2030-11-19 14:00:00,0.0
2030-11-19 14:15:00,0.0
2030-11-19 14:30:00,0.0
2030-11-19 14:45:00,0.0
2030-11-19 15:00:00,0.0
2030-11-19 15:15:00,0.0
2030-11-19 15:30:00,0.0
2030-11-19 15:45:00,0.0
2030-11-19 16:00:00,0.0
2030-11-19 16:15:00,0.0
2030-11-19 16:30:00,0.0
2030-11-19 16:45:00,0.0
2030-11-19 17:00:00,0.0
2030-11-19 17:15:00,0.0
2030-11-19 17:30:00,0.0
2030-11-19 17:45:00,0.0
2030-11-19 18:00:00,0.0
2030-11-19 18:15:00,0.0
2030-11-19 18:30:00,0.0
2030-11-19 18:45:00,0.0
2030-11-19 19:00:00,0.0
2030-11-19 19:15:00,0.0
2030-11-19 19:30:00,0.0
2030-11-19 19:45:00,0.0
2030-11-19 20:00:00,0.0
2030-11-19 20:15:00,0.0
2030-11-19 20:30:00,0.0
2030-11-19 20:45:00,0.0
2030-11-19 21:00:00,0.0
2030-11-19 21:15:00,0.0
2030-11-19 21:30:00,0.0
2030-11-19 21:45:00,0.0
2030-11-19 22:00:00,0.0
2030-11-19 22:15:00,0.0
2030-11-19 22:30:00,0.0
2030-11-19 22:45:00,0.0
2030-11-19 23:00:00,0.0
2030-11-19 23:15:00,0.0
2030-11-19 23:30:00,0.0
2030-11-19 23:45:00,0.0
2030-11-20 00:00:00,0.0
2030-11-20 00:15:00,0.0
2030-11-20 00:30:00,0.0
2030-11-20 00:45:00,0.0
2030-11-20 01:00:00,0.0
2030-11-20 01:15:00,0.0
2030-11-20 01:30:00,0.0
2030-11-20 01:45:00,0.0
2030-11-20 02:00:00,0.0
2030-11-20 02:15:00,0.0
2030-11-20 02:30:00,0.0
2030-11-20 02:45:00,0.0
2030-11-20 03:00:00,0.0
2030-11-20 03:15:00,0.0
2030-11-20 03:30:00,0.0
2030-11-20 03:45:00,0.0
2030-11-20 04:00:00,0.0
2030-11-20 04:15:00,0.0
2030-11-20 04:30:00,0.0
2030-11-20 04:45:00,0.0
2030-11-20 05:00:00,0.0
2030-11-20 05:15:00,0.0
2030-11-20 05:30:00,0.0
2030-11-20 05:45:00,0.0
2030-11-20 06:00:00,0.0
2030-11-20 06:15:00,0.0
2030-11-20 06:30:00,0.0
2030-11-20 06:45:00,0.0
2030-11-20 07:00:00,0.0
2030-11-20 07:15:00,0.0
2030-11-20 07:30:00,0.0
2030-11-20 07:45:00,0.0
2030-11-20 08:00:00,0.0
2030-11-20 08:15:00,0.0
2030-11-20 08:30:00,0.0
2030-11-20 08:45:00,0.0
2030-11-20 09:00:00,0.0
2030-11-20 09:15:00,0.0
2030-11-20 09:30:00,0.0
2030-11-20 09:45:00,0.0
2030-11-20 10:00:00,0.0
2030-11-20 10:15:00,0.0
2030-11-20 10:30:00,0.0
2030-11-20 10:45:00,0.0
2030-11-20 11:00:00,0.0
2030-11-20 11:15:00,0.0
2030-11-20 11:30:00,0.0
2030-11-20 11:45:00,0.0
2030-11-20 12:00:00,0.0
2030-11-20 12:15:00,0.0
2030-11-20 12:30:00,0.0
2030-11-20 12:45:00,0.0
2030-11-20 13:00:00,0.0
2030-11-20 13:15:00,0.0
2030-11-20 13:30:00,0.0
2030-11-20 13:45:00,0.0
2030-11-20 14:00:00,0.0
2030-11-20 14:15:00,0.0
2030-11-20 14:30:00,0.0
2030-11-20 14:45:00,0.0
2030-11-20 15:00:00,0.0
2030-11-20 15:15:00,0.0
2030-11-20 15:30:00,0.0
2030-11-20 15:45:00,0.0
2030-11-20 16:00:00,0.0
2030-11-20 16:15:00,0.0
2030-11-20 16:30:00,0.0
2030-11-20 16:45:00,0.0
2030-11-20 17:00:00,0.0
2030-11-20 17:15:00,0.0
2030-11-20 17:30:00,0.0
2030-11-20 17:45:00,0.0
2030-11-20 18:00:00,0.0
2030-11-20 18:15:00,0.0
2030-11-20 18:30:00,0.0
2030-11-20 18:45:00,0.0
2030-11-20 19:00:00,0.0
2030-11-20 19:15:00,0.0
2030-11-20 19:30:00,0.0
2030-11-20 19:45:00,0.0
2030-11-20 20:00:00,0.0
2030-11-20 20:15:00,0.0
2030-11-20 20:30:00,0.0
2030-11-20 20:45:00,0.0
2030-11-20 21:00:00,0.0
2030-11-20 21:15:00,0.0
2030-11-20 21:30:00,0.0
2030-11-20 21:45:00,0.0
2030-11-20 22:00:00,0.0
2030-11-20 22:15:00,0.0
2030-11-20 22:30:00,0.0
2030-11-20 22:45:00,0.0
2030-11-20 23:00:00,0.0
2030-11-20 23:15:00,0.0
2030-11-20 23:30:00,0.0
2030-11-20 23:45:00,0.0
2030-11-21 00:00:00,0.0
2030-11-21 00:15:00,0.0
2030-11-21 00:30:00,0.0
2030-11-21 00:45:00,0.0
2030-11-21 01:00:00,0.0
2030-11-21 01:15:00,0.0
2030-11-21 01:30:00,0.0
2030-11-21 01:45:00,0.0
2030-11-21 02:00:00,0.0
2030-11-21 02:15:00,0.0
2030-11-21 02:30:00,0.0
2030-11-21 02:45:00,0.0
2030-11-21 03:00:00,0.0
2030-11-21 03:15:00,0.0
2030-11-21 03:30:00,0.0
2030-11-21 03:45:00,0.0
2030-11-21 04:00:00,0.0
2030-11-21 04:15:00,0.0
2030-11-21 04:30:00,0.0
2030-11-21 04:45:00,0.0
2030-11-21 05:00:00,0.0
2030-11-21 05:15:00,0.0
2030-11-21 05:30:00,0.0
2030-11-21 05:45:00,0.0
2030-11-21 06:00:00,0.0
2030-11-21 06:15:00,0.0
2030-11-21 06:30:00,0.0
2030-11-21 06:45:00,0.0
2030-11-21 07:00:00,0.0
2030-11-21 07:15:00,0.0
2030-11-21 07:30:00,0.0
2030-11-21 07:45:00,0.0
2030-11-21 08:00:00,0.0
2030-11-21 08:15:00,0.0
2030-11-21 08:30:00,0.0
2030-11-21 08:45:00,0.0
2030-11-21 09:00:00,0.0
2030-11-21 09:15:00,0.0
2030-11-21 09:30:00,0.0
2030-11-21 09:45:00,0.0
2030-11-21 10:00:00,0.0
2030-11-21 10:15:00,0.0
2030-11-21 10:30:00,0.0
2030-11-21 10:45:00,0.0
2030-11-21 11:00:00,0.0
2030-11-21 11:15:00,0.0
2030-11-21 11:30:00,0.0
2030-11-21 11:45:00,0.0
2030-11-21 12:00:00,0.0
2030-11-21 12:15:00,0.0
2030-11-21 12:30:00,0.0
2030-11-21 12:45:00,0.0
2030-11-21 13:00:00,0.0
2030-11-21 13:15:00,0.0
2030-11-21 13:30:00,0.0
2030-11-21 13:45:00,0.0
2030-11-21 14:00:00,0.0
2030-11-21 14:15:00,0.0
2030-11-21 14:30:00,0.0
2030-11-21 14:45:00,0.0
2030-11-21 15:00:00,0.0
2030-11-21 15:15:00,0.0
2030-11-21 15:30:00,0.0
2030-11-21 15:45:00,0.0
2030-11-21 16:00:00,0.0
2030-11-21 16:15:00,0.0
2030-11-21 16:30:00,0.0
2030-11-21 16:45:00,0.0
2030-11-21 17:00:00,0.0
2030-11-21 17:15:00,0.0
2030-11-21 17:30:00,0.0
2030-11-21 17:45:00,0.0
2030-11-21 18:00:00,0.0
2030-11-21 18:15:00,0.0
2030-11-21 18:30:00,0.0
2030-11-21 18:45:00,0.0
2030-11-21 19:00:00,0.0
2030-11-21 19:15:00,0.0
2030-11-21 19:30:00,0.0
2030-11-21 19:45:00,0.0
2030-11-21 20:00:00,0.0
2030-11-21 20:15:00,0.0
2030-11-21 20:30:00,0.0
2030-11-21 20:45:00,0.0
2030-11-21 21:00:00,0.0
2030-11-21 21:15:00,0.0
2030-11-21 21:30:00,0.0
2030-11-21 21:45:00,0.0
2030-11-21 22:00:00,0.0
2030-11-21 22:15:00,0.0
2030-11-21 22:30:00,0.0
2030-11-21 22:45:00,0.0
2030-11-21 23:00:00,0.0
2030-11-21 23:15:00,0.0
2030-11-21 23:30:00,0.0
2030-11-21 23:45:00,0.0
2030-11-22 00:00:00,0.0
2030-11-22 00:15:00,0.0
2030-11-22 00:30:00,0.0
2030-11-22 00:45:00,0.0
2030-11-22 01:00:00,0.0
2030-11-22 01:15:00,0.0
2030-11-22 01:30:00,0.0
2030-11-22 01:45:00,0.0
2030-11-22 02:00:00,0.0
2030-11-22 02:15:00,0.0
2030-11-22 02:30:00,0.0
2030-11-22 02:45:00,0.0
2030-11-22 03:00:00,0.0
2030-11-22 03:15:00,0.0
2030-11-22 03:30:00,0.0
2030-11-22 03:45:00,0.0
2030-11-22 04:00:00,0.0
2030-11-22 04:15:00,0.0
2030-11-22 04:30:00,0.0
2030-11-22 04:45:00,0.0
2030-11-22 05:00:00,0.0
2030-11-22 05:15:00,0.0
2030-11-22 05:30:00,0.0
2030-11-22 05:45:00,0.0
2030-11-22 06:00:00,0.0
2030-11-22 06:15:00,0.0
2030-11-22 06:30:00,0.0
2030-11-22 06:45:00,0.0
2030-11-22 07:00:00,0.0
2030-11-22 07:15:00,0.0
2030-11-22 07:30:00,0.0
2030-11-22 07:45:00,0.0
2030-11-22 08:00:00,0.0
2030-11-22 08:15:00,0.0
2030-11-22 08:30:00,0.0
2030-11-22 08:45:00,0.0
2030-11-22 09:00:00,0.0
2030-11-22 09:15:00,0.0
2030-11-22 09:30:00,0.0
2030-11-22 09:45:00,0.0
2030-11-22 10:00:00,0.0
2030-11-22 10:15:00,0.0
2030-11-22 10:30:00,0.0
2030-11-22 10:45:00,0.0
2030-11-22 11:00:00,0.0
2030-11-22 11:15:00,0.0
2030-11-22 11:30:00,0.0
2030-11-22 11:45:00,0.0
2030-11-22 12:00:00,0.0
2030-11-22 12:15:00,0.0
2030-11-22 12:30:00,0.0
2030-11-22 12:45:00,0.0
2030-11-22 13:00:00,0.0
2030-11-22 13:15:00,0.0
2030-11-22 13:30:00,0.0
2030-11-22 13:45:00,0.0
2030-11-22 14:00:00,0.0
2030-11-22 14:15:00,0.0
2030-11-22 14:30:00,0.0
2030-11-22 14:45:00,0.0
2030-11-22 15:00:00,0.0
2030-11-22 15:15:00,0.0
2030-11-22 15:30:00,0.0
2030-11-22 15:45:00,0.0
2030-11-22 16:00:00,0.0
2030-11-22 16:15:00,0.0
2030-11-22 16:30:00,0.0
2030-11-22 16:45:00,0.0
2030-11-22 17:00:00,0.0
2030-11-22 17:15:00,0.0
2030-11-22 17:30:00,0.0
2030-11-22 17:45:00,0.0
2030-11-22 18:00:00,0.0
2030-11-22 18:15:00,0.0
2030-11-22 18:30:00,0.0
2030-11-22 18:45:00,0.0
2030-11-22 19:00:00,0.0
2030-11-22 19:15:00,0.0
2030-11-22 19:30:00,0.0
2030-11-22 19:45:00,0.0
2030-11-22 20:00:00,0.0
2030-11-22 20:15:00,0.0
2030-11-22 20:30:00,0.0
2030-11-22 20:45:00,0.0
2030-11-22 21:00:00,0.0
2030-11-22 21:15:00,0.0
2030-11-22 21:30:00,0.0
2030-11-22 21:45:00,0.0
2030-11-22 22:00:00,0.0
2030-11-22 22:15:00,0.0
2030-11-22 22:30:00,0.0
2030-11-22 22:45:00,0.0
2030-11-22 23:00:00,0.0
2030-11-22 23:15:00,0.0
2030-11-22 23:30:00,0.0
2030-11-22 23:45:00,0.0
2030-11-23 00:00:00,0.0
2030-11-23 00:15:00,0.0
2030-11-23 00:30:00,0.0
2030-11-23 00:45:00,0.0
2030-11-23 01:00:00,0.0
2030-11-23 01:15:00,0.0
2030-11-23 01:30:00,0.0
2030-11-23 01:45:00,0.0
2030-11-23 02:00:00,0.0
2030-11-23 02:15:00,0.0
2030-11-23 02:30:00,0.0
2030-11-23 02:45:00,0.0
2030-11-23 03:00:00,0.0
2030-11-23 03:15:00,0.0
2030-11-23 03:30:00,0.0
2030-11-23 03:45:00,0.0
2030-11-23 04:00:00,0.0
2030-11-23 04:15:00,0.0
2030-11-23 04:30:00,0.0
2030-11-23 04:45:00,0.0
2030-11-23 05:00:00,0.0
2030-11-23 05:15:00,0.0
2030-11-23 05:30:00,0.0
2030-11-23 05:45:00,0.0
2030-11-23 06:00:00,0.0
2030-11-23 06:15:00,0.0
2030-11-23 06:30:00,0.0
2030-11-23 06:45:00,0.0
2030-11-23 07:00:00,0.0
2030-11-23 07:15:00,0.0
2030-11-23 07:30:00,0.0
2030-11-23 07:45:00,0.0
2030-11-23 08:00:00,0.0
2030-11-23 08:15:00,0.0
2030-11-23 08:30:00,0.0
2030-11-23 08:45:00,0.0
2030-11-23 09:00:00,0.0
2030-11-23 09:15:00,0.0
2030-11-23 09:30:00,0.0
2030-11-23 09:45:00,0.0
2030-11-23 10:00:00,0.0
2030-11-23 10:15:00,0.0
2030-11-23 10:30:00,0.0
2030-11-23 10:45:00,0.0
2030-11-23 11:00:00,0.0
2030-11-23 11:15:00,0.0
2030-11-23 11:30:00,0.0
2030-11-23 11:45:00,0.0
2030-11-23 12:00:00,0.0
2030-11-23 12:15:00,0.0
2030-11-23 12:30:00,0.0
2030-11-23 12:45:00,0.0
2030-11-23 13:00:00,0.0
2030-11-23 13:15:00,0.0
2030-11-23 13:30:00,0.0
2030-11-23 13:45:00,0.0
2030-11-23 14:00:00,0.0
2030-11-23 14:15:00,0.0
2030-11-23 14:30:00,0.0
2030-11-23 14:45:00,0.0
2030-11-23 15:00:00,0.0
2030-11-23 15:15:00,0.0
2030-11-23 15:30:00,0.0
2030-11-23 15:45:00,0.0
2030-11-23 16:00:00,0.0
2030-11-23 16:15:00,0.0
2030-11-23 16:30:00,0.0
2030-11-23 16:45:00,0.0
2030-11-23 17:00:00,0.0
2030-11-23 17:15:00,0.0
2030-11-23 17:30:00,0.0
2030-11-23 17:45:00,0.0
2030-11-23 18:00:00,0.0
2030-11-23 18:15:00,0.0
2030-11-23 18:30:00,0.0
2030-11-23 18:45:00,0.0
2030-11-23 19:00:00,0.0
2030-11-23 19:15:00,0.0
2030-11-23 19:30:00,0.0
2030-11-23 19:45:00,0.0
2030-11-23 20:00:00,0.0
2030-11-23 20:15:00,0.0
2030-11-23 20:30:00,0.0
2030-11-23 20:45:00,0.0
2030-11-23 21:00:00,0.0
2030-11-23 21:15:00,0.0
2030-11-23 21:30:00,0.0
2030-11-23 21:45:00,0.0
2030-11-23 22:00:00,0.0
2030-11-23 22:15:00,0.0
2030-11-23 22:30:00,0.0
2030-11-23 22:45:00,0.0
2030-11-23 23:00:00,0.0
2030-11-23 23:15:00,0.0
2030-11-23 23:30:00,0.0
2030-11-23 23:45:00,0.0
2030-11-24 00:00:00,0.0
2030-11-24 00:15:00,0.0
2030-11-24 00:30:00,0.0
2030-11-24 00:45:00,0.0
2030-11-24 01:00:00,0.0
2030-11-24 01:15:00,0.0
2030-11-24 01:30:00,0.0
2030-11-24 01:45:00,0.0
2030-11-24 02:00:00,0.0
2030-11-24 02:15:00,0.0
2030-11-24 02:30:00,0.0
2030-11-24 02:45:00,0.0
2030-11-24 03:00:00,0.0
2030-11-24 03:15:00,0.0
2030-11-24 03:30:00,0.0
2030-11-24 03:45:00,0.0
2030-11-24 04:00:00,0.0
2030-11-24 04:15:00,0.0
2030-11-24 04:30:00,0.0
2030-11-24 04:45:00,0.0
2030-11-24 05:00:00,0.0
2030-11-24 05:15:00,0.0
2030-11-24 05:30:00,0.0
2030-11-24 05:45:00,0.0
2030-11-24 06:00:00,0.0
2030-11-24 06:15:00,0.0
2030-11-24 06:30:00,0.0
2030-11-24 06:45:00,0.0
2030-11-24 07:00:00,0.0
2030-11-24 07:15:00,0.0
2030-11-24 07:30:00,0.0
2030-11-24 07:45:00,0.0
2030-11-24 08:00:00,0.0
2030-11-24 08:15:00,0.0
2030-11-24 08:30:00,0.0
2030-11-24 08:45:00,0.0
2030-11-24 09:00:00,0.0
2030-11-24 09:15:00,0.0
2030-11-24 09:30:00,0.0
2030-11-24 09:45:00,0.0
2030-11-24 10:00:00,0.0
2030-11-24 10:15:00,0.0
2030-11-24 10:30:00,0.0
2030-11-24 10:45:00,0.0
2030-11-24 11:00:00,0.0
2030-11-24 11:15:00,0.0
2030-11-24 11:30:00,0.0
2030-11-24 11:45:00,0.0
2030-11-24 12:00:00,0.0
2030-11-24 12:15:00,0.0
2030-11-24 12:30:00,0.0
2030-11-24 12:45:00,0.0
2030-11-24 13:00:00,0.0
2030-11-24 13:15:00,0.0
2030-11-24 13:30:00,0.0
2030-11-24 13:45:00,0.0
2030-11-24 14:00:00,0.0
2030-11-24 14:15:00,0.0
2030-11-24 14:30:00,0.0
2030-11-24 14:45:00,0.0
2030-11-24 15:00:00,0.0
2030-11-24 15:15:00,0.0
2030-11-24 15:30:00,0.0
2030-11-24 15:45:00,0.0
2030-11-24 16:00:00,0.0
2030-11-24 16:15:00,0.0
2030-11-24 16:30:00,0.0
2030-11-24 16:45:00,0.0
2030-11-24 17:00:00,0.0
2030-11-24 17:15:00,0.0
2030-11-24 17:30:00,0.0
2030-11-24 17:45:00,0.0
2030-11-24 18:00:00,0.0
2030-11-24 18:15:00,0.0
2030-11-24 18:30:00,0.0
2030-11-24 18:45:00,0.0
2030-11-24 19:00:00,0.0
2030-11-24 19:15:00,0.0
2030-11-24 19:30:00,0.0
2030-11-24 19:45:00,0.0
2030-11-24 20:00:00,0.0
2030-11-24 20:15:00,0.0
2030-11-24 20:30:00,0.0
2030-11-24 20:45:00,0.0
2030-11-24 21:00:00,0.0
2030-11-24 21:15:00,0.0
2030-11-24 21:30:00,0.0
2030-11-24 21:45:00,0.0
2030-11-24 22:00:00,0.0
2030-11-24 22:15:00,0.0
2030-11-24 22:30:00,0.0
2030-11-24 22:45:00,0.0
2030-11-24 23:00:00,0.0
2030-11-24 23:15:00,0.0
2030-11-24 23:30:00,0.0
2030-11-24 23:45:00,0.0
2030-11-25 00:00:00,0.0
2030-11-25 00:15:00,0.0
2030-11-25 00:30:00,0.0
2030-11-25 00:45:00,0.0
2030-11-25 01:00:00,0.0
2030-11-25 01:15:00,0.0
2030-11-25 01:30:00,0.0
2030-11-25 01:45:00,0.0
2030-11-25 02:00:00,0.0
2030-11-25 02:15:00,0.0
2030-11-25 02:30:00,0.0
2030-11-25 02:45:00,0.0
2030-11-25 03:00:00,0.0
2030-11-25 03:15:00,0.0
2030-11-25 03:30:00,0.0
2030-11-25 03:45:00,0.0
2030-11-25 04:00:00,0.0
2030-11-25 04:15:00,0.0
2030-11-25 04:30:00,0.0
2030-11-25 04:45:00,0.0
2030-11-25 05:00:00,0.0
2030-11-25 05:15:00,0.0
2030-11-25 05:30:00,0.0
2030-11-25 05:45:00,0.0
2030-11-25 06:00:00,0.0
2030-11-25 06:15:00,0.0
2030-11-25 06:30:00,0.0
2030-11-25 06:45:00,0.0
2030-11-25 07:00:00,0.0
2030-11-25 07:15:00,0.0
2030-11-25 07:30:00,0.0
2030-11-25 07:45:00,0.0
2030-11-25 08:00:00,0.0
2030-11-25 08:15:00,0.0
2030-11-25 08:30:00,0.0
2030-11-25 08:45:00,0.0
2030-11-25 09:00:00,0.0
2030-11-25 09:15:00,0.0
2030-11-25 09:30:00,0.0
2030-11-25 09:45:00,0.0
2030-11-25 10:00:00,0.0
2030-11-25 10:15:00,0.0
2030-11-25 10:30:00,0.0
2030-11-25 10:45:00,0.0
2030-11-25 11:00:00,0.0
2030-11-25 11:15:00,0.0
2030-11-25 11:30:00,0.0
2030-11-25 11:45:00,0.0
2030-11-25 12:00:00,0.0
2030-11-25 12:15:00,0.0
2030-11-25 12:30:00,0.0
2030-11-25 12:45:00,0.0
2030-11-25 13:00:00,0.0
2030-11-25 13:15:00,0.0
2030-11-25 13:30:00,0.0
2030-11-25 13:45:00,0.0
2030-11-25 14:00:00,0.0
2030-11-25 14:15:00,0.0
2030-11-25 14:30:00,0.0
2030-11-25 14:45:00,0.0
2030-11-25 15:00:00,0.0
2030-11-25 15:15:00,0.0
2030-11-25 15:30:00,0.0
2030-11-25 15:45:00,0.0
2030-11-25 16:00:00,0.0
2030-11-25 16:15:00,0.0
2030-11-25 16:30:00,0.0
2030-11-25 16:45:00,0.0
2030-11-25 17:00:00,0.0
2030-11-25 17:15:00,0.0
2030-11-25 17:30:00,0.0
2030-11-25 17:45:00,0.0
2030-11-25 18:00:00,0.0
2030-11-25 18:15:00,0.0
2030-11-25 18:30:00,0.0
2030-11-25 18:45:00,0.0
2030-11-25 19:00:00,0.0
2030-11-25 19:15:00,0.0
2030-11-25 19:30:00,0.0
2030-11-25 19:45:00,0.0
2030-11-25 20:00:00,0.0
2030-11-25 20:15:00,0.0
2030-11-25 20:30:00,0.0
2030-11-25 20:45:00,0.0
2030-11-25 21:00:00,0.0
2030-11-25 21:15:00,0.0
2030-11-25 21:30:00,0.0
2030-11-25 21:45:00,0.0
2030-11-25 22:00:00,0.0
2030-11-25 22:15:00,0.0
2030-11-25 22:30:00,0.0
2030-11-25 22:45:00,0.0
2030-11-25 23:00:00,0.0
2030-11-25 23:15:00,0.0
2030-11-25 23:30:00,0.0
2030-11-25 23:45:00,0.0
2030-11-26 00:00:00,0.0
2030-11-26 00:15:00,0.0
2030-11-26 00:30:00,0.0
2030-11-26 00:45:00,0.0
2030-11-26 01:00:00,0.0
2030-11-26 01:15:00,0.0
2030-11-26 01:30:00,0.0
2030-11-26 01:45:00,0.0
2030-11-26 02:00:00,0.0
2030-11-26 02:15:00,0.0
2030-11-26 02:30:00,0.0
2030-11-26 02:45:00,0.0
2030-11-26 03:00:00,0.0
2030-11-26 03:15:00,0.0
2030-11-26 03:30:00,0.0
2030-11-26 03:45:00,0.0
2030-11-26 04:00:00,0.0
2030-11-26 04:15:00,0.0
2030-11-26 04:30:00,0.0
2030-11-26 04:45:00,0.0
2030-11-26 05:00:00,0.0
2030-11-26 05:15:00,0.0
2030-11-26 05:30:00,0.0
2030-11-26 05:45:00,0.0
2030-11-26 06:00:00,0.0
2030-11-26 06:15:00,0.0
2030-11-26 06:30:00,0.0
2030-11-26 06:45:00,0.0
2030-11-26 07:00:00,0.0
2030-11-26 07:15:00,0.0
2030-11-26 07:30:00,0.0
2030-11-26 07:45:00,0.0
2030-11-26 08:00:00,0.0
2030-11-26 08:15:00,0.0
2030-11-26 08:30:00,0.0
2030-11-26 08:45:00,0.0
2030-11-26 09:00:00,0.0
2030-11-26 09:15:00,0.0
2030-11-26 09:30:00,0.0
2030-11-26 09:45:00,0.0
2030-11-26 10:00:00,0.0
2030-11-26 10:15:00,0.0
2030-11-26 10:30:00,0.0
2030-11-26 10:45:00,0.0
2030-11-26 11:00:00,0.0
2030-11-26 11:15:00,0.0
2030-11-26 11:30:00,0.0
2030-11-26 11:45:00,0.0
2030-11-26 12:00:00,0.0
2030-11-26 12:15:00,0.0
2030-11-26 12:30:00,0.0
2030-11-26 12:45:00,0.0
2030-11-26 13:00:00,0.0
2030-11-26 13:15:00,0.0
2030-11-26 13:30:00,0.0
2030-11-26 13:45:00,0.0
2030-11-26 14:00:00,0.0
2030-11-26 14:15:00,0.0
2030-11-26 14:30:00,0.0
2030-11-26 14:45:00,0.0
2030-11-26 15:00:00,0.0
2030-11-26 15:15:00,0.0
2030-11-26 15:30:00,0.0
2030-11-26 15:45:00,0.0
2030-11-26 16:00:00,0.0
2030-11-26 16:15:00,0.0
2030-11-26 16:30:00,0.0
2030-11-26 16:45:00,0.0
2030-11-26 17:00:00,0.0
2030-11-26 17:15:00,0.0
2030-11-26 17:30:00,0.0
2030-11-26 17:45:00,0.0
2030-11-26 18:00:00,0.0
2030-11-26 18:15:00,0.0
2030-11-26 18:30:00,0.0
2030-11-26 18:45:00,0.0
2030-11-26 19:00:00,0.0
2030-11-26 19:15:00,0.0
2030-11-26 19:30:00,0.0
2030-11-26 19:45:00,0.0
2030-11-26 20:00:00,0.0
2030-11-26 20:15:00,0.0
2030-11-26 20:30:00,0.0
2030-11-26 20:45:00,0.0
2030-11-26 21:00:00,0.0
2030-11-26 21:15:00,0.0
2030-11-26 21:30:00,0.0
2030-11-26 21:45:00,0.0
2030-11-26 22:00:00,0.0
2030-11-26 22:15:00,0.0
2030-11-26 22:30:00,0.0
2030-11-26 22:45:00,0.0
2030-11-26 23:00:00,0.0
2030-11-26 23:15:00,0.0
2030-11-26 23:30:00,0.0
2030-11-26 23:45:00,0.0
2030-11-27 00:00:00,0.0
2030-11-27 00:15:00,0.0
2030-11-27 00:30:00,0.0
2030-11-27 00:45:00,0.0
2030-11-27 01:00:00,0.0
2030-11-27 01:15:00,0.0
2030-11-27 01:30:00,0.0
2030-11-27 01:45:00,0.0
2030-11-27 02:00:00,0.0
2030-11-27 02:15:00,0.0
2030-11-27 02:30:00,0.0
2030-11-27 02:45:00,0.0
2030-11-27 03:00:00,0.0
2030-11-27 03:15:00,0.0
2030-11-27 03:30:00,0.0
2030-11-27 03:45:00,0.0
2030-11-27 04:00:00,0.0
2030-11-27 04:15:00,0.0
2030-11-27 04:30:00,0.0
2030-11-27 04:45:00,0.0
2030-11-27 05:00:00,0.0
2030-11-27 05:15:00,0.0
2030-11-27 05:30:00,0.0
2030-11-27 05:45:00,0.0
2030-11-27 06:00:00,0.0
2030-11-27 06:15:00,0.0
2030-11-27 06:30:00,0.0
2030-11-27 06:45:00,0.0
2030-11-27 07:00:00,0.0
2030-11-27 07:15:00,0.0
2030-11-27 07:30:00,0.0
2030-11-27 07:45:00,0.0
2030-11-27 08:00:00,0.0
2030-11-27 08:15:00,0.0
2030-11-27 08:30:00,0.0
2030-11-27 08:45:00,0.0
2030-11-27 09:00:00,0.0
2030-11-27 09:15:00,0.0
2030-11-27 09:30:00,0.0
2030-11-27 09:45:00,0.0
2030-11-27 10:00:00,0.0
2030-11-27 10:15:00,0.0
2030-11-27 10:30:00,0.0
2030-11-27 10:45:00,0.0
2030-11-27 11:00:00,0.0
2030-11-27 11:15:00,0.0
2030-11-27 11:30:00,0.0
2030-11-27 11:45:00,0.0
2030-11-27 12:00:00,0.0
2030-11-27 12:15:00,0.0
2030-11-27 12:30:00,0.0
2030-11-27 12:45:00,0.0
2030-11-27 13:00:00,0.0
2030-11-27 13:15:00,0.0
2030-11-27 13:30:00,0.0
2030-11-27 13:45:00,0.0
2030-11-27 14:00:00,0.0
2030-11-27 14:15:00,0.0
2030-11-27 14:30:00,0.0
2030-11-27 14:45:00,0.0
2030-11-27 15:00:00,0.0
2030-11-27 15:15:00,0.0
2030-11-27 15:30:00,0.0
2030-11-27 15:45:00,0.0
2030-11-27 16:00:00,0.0
2030-11-27 16:15:00,0.0
2030-11-27 16:30:00,0.0
2030-11-27 16:45:00,0.0
2030-11-27 17:00:00,0.0
2030-11-27 17:15:00,0.0
2030-11-27 17:30:00,0.0
2030-11-27 17:45:00,0.0
2030-11-27 18:00:00,0.0
2030-11-27 18:15:00,0.0
2030-11-27 18:30:00,0.0
2030-11-27 18:45:00,0.0
2030-11-27 19:00:00,0.0
2030-11-27 19:15:00,0.0
2030-11-27 19:30:00,0.0
2030-11-27 19:45:00,0.0
2030-11-27 20:00:00,0.0
2030-11-27 20:15:00,0.0
2030-11-27 20:30:00,0.0
2030-11-27 20:45:00,0.0
2030-11-27 21:00:00,0.0
2030-11-27 21:15:00,0.0
2030-11-27 21:30:00,0.0
2030-11-27 21:45:00,0.0
2030-11-27 22:00:00,0.0
2030-11-27 22:15:00,0.0
2030-11-27 22:30:00,0.0
2030-11-27 22:45:00,0.0
2030-11-27 23:00:00,0.0
2030-11-27 23:15:00,0.0
2030-11-27 23:30:00,0.0
2030-11-27 23:45:00,0.0
2030-11-28 00:00:00,0.0
2030-11-28 00:15:00,0.0
2030-11-28 00:30:00,0.0
2030-11-28 00:45:00,0.0
2030-11-28 01:00:00,0.0
2030-11-28 01:15:00,0.0
2030-11-28 01:30:00,0.0
2030-11-28 01:45:00,0.0
2030-11-28 02:00:00,0.0
2030-11-28 02:15:00,0.0
2030-11-28 02:30:00,0.0
2030-11-28 02:45:00,0.0
2030-11-28 03:00:00,0.0
2030-11-28 03:15:00,0.0
2030-11-28 03:30:00,0.0
2030-11-28 03:45:00,0.0
2030-11-28 04:00:00,0.0
2030-11-28 04:15:00,0.0
2030-11-28 04:30:00,0.0
2030-11-28 04:45:00,0.0
2030-11-28 05:00:00,0.0
2030-11-28 05:15:00,0.0
2030-11-28 05:30:00,0.0
2030-11-28 05:45:00,0.0
2030-11-28 06:00:00,0.0
2030-11-28 06:15:00,0.0
2030-11-28 06:30:00,0.0
2030-11-28 06:45:00,0.0
2030-11-28 07:00:00,0.0
2030-11-28 07:15:00,0.0
2030-11-28 07:30:00,0.0
2030-11-28 07:45:00,0.0
2030-11-28 08:00:00,0.0
2030-11-28 08:15:00,0.0
2030-11-28 08:30:00,0.0
2030-11-28 08:45:00,0.0
2030-11-28 09:00:00,0.0
2030-11-28 09:15:00,0.0
2030-11-28 09:30:00,0.0
2030-11-28 09:45:00,0.0
2030-11-28 10:00:00,0.0
2030-11-28 10:15:00,0.0
2030-11-28 10:30:00,6033.817201427224
2030-11-28 10:45:00,7362.902221797824
2030-11-28 11:00:00,7023.796252153963
2030-11-28 11:15:00,7016.76313154088
2030-11-28 11:30:00,7014.169116551748
2030-11-28 11:45:00,7026.058597569914
2030-11-28 12:00:00,7009.50378352527
2030-11-28 12:15:00,7252.448767999387
2030-11-28 12:30:00,7573.361115437259
2030-11-28 12:45:00,8225.641932189443
2030-11-28 13:00:00,8896.575213257143
2030-11-28 13:15:00,9709.05328542497
2030-11-28 13:30:00,10389.571801547234
2030-11-28 13:45:00,11175.73391053893
2030-11-28 14:00:00,12179.596428219496
2030-11-28 14:15:00,13062.519507962515
2030-11-28 14:30:00,13982.648328014006
2030-11-28 14:45:00,14923.605075824447
2030-11-28 15:00:00,15968.442069060704
2030-11-28 15:15:00,16627.82241006614
2030-11-28 15:30:00,16900.583854706063
2030-11-28 15:45:00,17104.929611049563
2030-11-28 16:00:00,17361.77577188203
2030-11-28 16:15:00,17591.92804120126
2030-11-28 16:30:00,17483.415660761206
2030-11-28 16:45:00,17431.414431554833
2030-11-28 17:00:00,17448.773101735726
2030-11-28 17:15:00,17346.08060479991
2030-11-28 17:30:00,17236.896950145863
2030-11-28 17:45:00,17296.93763129089
2030-11-28 18:00:00,16998.005012204016
2030-11-28 18:15:00,16618.253367561723
2030-11-28 18:30:00,16261.614168705473
2030-11-28 18:45:00,15961.096817552067
2030-11-28 19:00:00,15690.901771185216
2030-11-28 19:15:00,15466.096428730132
2030-11-28 19:30:00,14915.215317003673
2030-11-28 19:45:00,14511.501613317812
2030-11-28 20:00:00,13949.691875695902
2030-11-28 20:15:00,13530.074475912816
2030-11-28 20:30:00,12863.995644727625
2030-11-28 20:45:00,12480.735195462014
2030-11-28 21:00:00,11886.608489540555
2030-11-28 21:15:00,11308.325202325854
2030-11-28 21:30:00,10785.754126392796
2030-11-28 21:45:00,10092.74522110292
2030-11-28 22:00:00,9701.866902405209
2030-11-28 22:15:00,9172.628331875054
2030-11-28 22:30:00,8543.550078432185
2030-11-28 22:45:00,8088.540183605459
2030-11-28 23:00:00,7596.864567281375
2030-11-28 23:15:00,7443.683869514061
2030-11-28 23:30:00,6986.320060441674
2030-11-28 23:45:00,6703.415616384202
2030-11-29 00:00:00,6317.599732993049
2030-11-29 00:15:00,5920.548200645209
2030-11-29 00:30:00,5580.696250554665
2030-11-29 00:45:00,5337.83591850377
2030-11-29 01:00:00,4815.395641407291
2030-11-29 01:15:00,4598.093609091407
2030-11-29 01:30:00,4501.741872066184
2030-11-29 01:45:00,4319.5927598003145
2030-11-29 02:00:00,4031.05087179572
2030-11-29 02:15:00,3958.8589323376273
2030-11-29 02:30:00,3913.7107295303576
2030-11-29 02:45:00,3861.9836635206048
2030-11-29 03:00:00,3657.891189461541
2030-11-29 03:15:00,3585.775708591631
2030-11-29 03:30:00,3508.339731593169
2030-11-29 03:45:00,3501.2793943544493
2030-11-29 04:00:00,3776.031547499515
2030-11-29 04:15:00,3705.312098446755
2030-11-29 04:30:00,3831.3079573062605
2030-11-29 04:45:00,4166.574056089121
2030-11-29 05:00:00,4407.926577948083
2030-11-29 05:15:00,4708.665784398327
2030-11-29 05:30:00,5046.727030883909
2030-11-29 05:45:00,5342.28342417075
2030-11-29 06:00:00,6395.159257820347
2030-11-29 06:15:00,6969.854117160165
2030-11-29 06:30:00,7373.946384117247
2030-11-29 06:45:00,7693.0904768538585
2030-11-29 07:00:00,8333.578213262821
2030-11-29 07:15:00,8696.96749274371
2030-11-29 07:30:00,8907.980022210955
2030-11-29 07:45:00,9231.832091006276
2030-11-29 08:00:00,9453.056295969978
2030-11-29 08:15:00,9207.235173325851
2030-11-29 08:30:00,8966.000428814306
2030-11-29 08:45:00,8656.529765170866
2030-11-29 09:00:00,8161.110312224813
2030-11-29 09:15:00,7866.974993308242
2030-11-29 09:30:00,7162.718178539006
2030-11-29 09:45:00,6625.005194013145
2030-11-29 10:00:00,6038.615544084929
2030-11-29 10:15:00,5599.597125328197
2030-11-29 10:30:00,5147.288584071925
2030-11-29 10:45:00,5005.136196548283
2030-11-29 11:00:00,5024.533399914439
2030-11-29 11:15:00,5044.466323431319
2030-11-29 11:30:00,4834.104675147191
2030-11-29 11:45:00,4950.148507033347
2030-11-29 12:00:00,5017.133466711835
2030-11-29 12:15:00,5246.734286607007
2030-11-29 12:30:00,5676.601449847723
2030-11-29 12:45:00,6037.0726751495895
2030-11-29 13:00:00,6875.008661272739
2030-11-29 13:15:00,7510.738018338074
2030-11-29 13:30:00,8271.325904312569
2030-11-29 13:45:00,8967.744056660342
2030-11-29 14:00:00,9871.306482228256
2030-11-29 14:15:00,10815.266898516082
2030-11-29 14:30:00,11650.862517414422
2030-11-29 14:45:00,12425.811183095084
2030-11-29 15:00:00,13297.980383784266
2030-11-29 15:15:00,13799.262098197098
2030-11-29 15:30:00,14266.831559872859
2030-11-29 15:45:00,14638.146764542304
2030-11-29 16:00:00,15024.617825692942
2030-11-29 16:15:00,15541.265901615785
2030-11-29 16:30:00,15769.350516818156
2030-11-29 16:45:00,16010.905696132217
2030-11-29 17:00:00,16262.750010219996
2030-11-29 17:15:00,16368.891504786467
2030-11-29 17:30:00,16537.91683114234
2030-11-29 17:45:00,16617.13032467991
2030-11-29 18:00:00,16570.47525482951
2030-11-29 18:15:00,16565.559488290975
2030-11-29 18:30:00,16576.86036673472
2030-11-29 18:45:00,16566.294464841383
2030-11-29 19:00:00,16608.692992467993
2030-11-29 19:15:00,16645.257057768093
2030-11-29 19:30:00,16553.80912192469
2030-11-29 19:45:00,16415.746521281955
2030-11-29 20:00:00,16219.550701046981
2030-11-29 20:15:00,16115.110518587668
2030-11-29 20:30:00,15986.19299157427
2030-11-29 20:45:00,15882.563770814659
2030-11-29 21:00:00,15848.353301765319
2030-11-29 21:15:00,15703.940157335463
2030-11-29 21:30:00,15477.84730070916
2030-11-29 21:45:00,15288.58675328036
2030-11-29 22:00:00,15224.816297925698
2030-11-29 22:15:00,15075.728881075018
2030-11-29 22:30:00,14884.630767544058
2030-11-29 22:45:00,14646.937177446449
2030-11-29 23:00:00,14530.021957689365
2030-11-29 23:15:00,14444.940249261159
2030-11-29 23:30:00,14293.001481874577
2030-11-29 23:45:00,14125.181924893135
2030-11-30 00:00:00,13987.96514576063
2030-11-30 00:15:00,13875.570492680692
2030-11-30 00:30:00,13726.89729913321
2030-11-30 00:45:00,13448.043285544823
2030-11-30 01:00:00,13305.228204042638
2030-11-30 01:15:00,13121.13656611454
2030-11-30 01:30:00,13122.504577108059
2030-11-30 01:45:00,13029.863303136191
2030-11-30 02:00:00,13019.853813260766
2030-11-30 02:15:00,13097.216051240004
2030-11-30 02:30:00,13007.085728731865
2030-11-30 02:45:00,12953.874926173441
2030-11-30 03:00:00,12833.597955247056
2030-11-30 03:15:00,12722.89142686647
2030-11-30 03:30:00,12724.505242128727
2030-11-30 03:45:00,12467.555992074764
2030-11-30 04:00:00,12519.947784748965
2030-11-30 04:15:00,12655.470909723004
2030-11-30 04:30:00,12879.912887797062
2030-11-30 04:45:00,12844.02604087126
2030-11-30 05:00:00,13012.099657609167
2030-11-30 05:15:00,12960.898178705987
2030-11-30 05:30:00,13350.958078577309
2030-11-30 05:45:00,13652.769884312467
2030-11-30 06:00:00,14587.247884637305
2030-11-30 06:15:00,15045.639442949165
2030-11-30 06:30:00,15221.09235138764
2030-11-30 06:45:00,15476.437001057773
2030-11-30 07:00:00,15949.732509314861
2030-11-30 07:15:00,16150.220104573458
2030-11-30 07:30:00,16256.688704477783
2030-11-30 07:45:00,16408.870997018174
2030-11-30 08:00:00,16635.643927842022
2030-11-30 08:15:00,16499.481090239497
2030-11-30 08:30:00,16256.164965899039
2030-11-30 08:45:00,15751.929209045735
2030-11-30 09:00:00,15233.48783642066
2030-11-30 09:15:00,14792.212444141072
2030-11-30 09:30:00,14435.52498769526
2030-11-30 09:45:00,13863.409726123939
2030-11-30 10:00:00,13476.46837775112
2030-11-30 10:15:00,13122.336335675494
2030-11-30 10:30:00,12761.645111028021
2030-11-30 10:45:00,12445.18244097685
2030-11-30 11:00:00,12269.834225129971
2030-11-30 11:15:00,12147.320764629872
2030-11-30 11:30:00,11973.815961990274
2030-11-30 11:45:00,11916.543455598581
2030-11-30 12:00:00,11784.10399345192
2030-11-30 12:15:00,11838.274965448301
2030-11-30 12:30:00,11976.811179611144
2030-11-30 12:45:00,12494.610147801406
2030-11-30 13:00:00,12819.06478146261
2030-11-30 13:15:00,12737.996818593321
2030-11-30 13:30:00,12667.557680140348
2030-11-30 13:45:00,12935.769553365097
2030-11-30 14:00:00,13521.713217727207
2030-11-30 14:15:00,13558.271430745419
2030-11-30 14:30:00,13517.55350988467
2030-11-30 14:45:00,13595.571671583088
2030-11-30 15:00:00,13334.84926148181
2030-11-30 15:15:00,13516.170902749769
2030-11-30 15:30:00,13570.410229730829
2030-11-30 15:45:00,13661.567645764317
2030-11-30 16:00:00,14035.107108947846
2030-11-30 16:15:00,14260.242698411506
2030-11-30 16:30:00,14398.068764675603
2030-11-30 16:45:00,14379.813597297656
2030-11-30 17:00:00,14234.168965360703
2030-11-30 17:15:00,14225.473150643173
2030-11-30 17:30:00,14558.86246168851
2030-11-30 17:45:00,14594.15985059633
2030-11-30 18:00:00,14948.437471577985
2030-11-30 18:15:00,15197.65314807073
2030-11-30 18:30:00,15256.289337463018
2030-11-30 18:45:00,15148.518371846803
2030-11-30 19:00:00,15090.856410185574
2030-11-30 19:15:00,15236.169049847322
2030-11-30 19:30:00,15360.745182045968
2030-11-30 19:45:00,15331.293504629462
2030-11-30 20:00:00,15356.488357189273
2030-11-30 20:15:00,15246.014245932569
2030-11-30 20:30:00,15309.362715745856
2030-11-30 20:45:00,15434.961746822926
2030-11-30 21:00:00,15240.525613985836
2030-11-30 21:15:00,15094.966945871478
2030-11-30 21:30:00,14687.822090674406
2030-11-30 21:45:00,14203.350182508006
2030-11-30 22:00:00,13977.684807718539
2030-11-30 22:15:00,13786.26501706037
2030-11-30 22:30:00,13439.305376850043
2030-11-30 22:45:00,13049.04153184501
2030-11-30 23:00:00,12567.806797877045
2030-11-30 23:15:00,12315.311301369986
2030-11-30 23:30:00,11866.951152024947
2030-11-30 23:45:00,11761.242839834907
2030-12-01 00:00:00,11712.008218243607
2030-12-01 00:15:00,11700.959588213093
2030-12-01 00:30:00,11783.4245337021
2030-12-01 00:45:00,11856.42044887393
2030-12-01 01:00:00,12062.159792986082
2030-12-01 01:15:00,12310.419531983587
2030-12-01 01:30:00,12328.250846526664
2030-12-01 01:45:00,11906.647329864049
2030-12-01 02:00:00,11579.103086079265
2030-12-01 02:15:00,11311.115002738332
2030-12-01 02:30:00,11021.441245324244
2030-12-01 02:45:00,11256.519016438448
2030-12-01 03:00:00,11214.318954169317
2030-12-01 03:15:00,11052.011611937978
2030-12-01 03:30:00,10826.577096031515
2030-12-01 03:45:00,10770.218564716768
2030-12-01 04:00:00,10502.649356444756
2030-12-01 04:15:00,10188.255267286171
2030-12-01 04:30:00,9997.455236241605
2030-12-01 04:45:00,10158.605146904607
2030-12-01 05:00:00,10385.423072245481
2030-12-01 05:15:00,10310.048839202493
2030-12-01 05:30:00,10159.16437347055
2030-12-01 05:45:00,10446.911834363356
2030-12-01 06:00:00,11248.687774821774
2030-12-01 06:15:00,11752.563450267062
2030-12-01 06:30:00,12492.346710497714
2030-12-01 06:45:00,12719.29081187311
2030-12-01 07:00:00,13387.230847115105
2030-12-01 07:15:00,14006.574029403217
2030-12-01 07:30:00,14268.003780307077
2030-12-01 07:45:00,14517.085888518675
2030-12-01 08:00:00,14767.57320073427
2030-12-01 08:15:00,14904.771381328166
2030-12-01 08:30:00,14460.04954774315
2030-12-01 08:45:00,14105.261273309416
2030-12-01 09:00:00,13456.203509479828
2030-12-01 09:15:00,13356.017832928415
2030-12-01 09:30:00,13191.379387486992
2030-12-01 09:45:00,13220.380608987814
2030-12-01 10:00:00,12916.401952645723
2030-12-01 10:15:00,12312.090537487415
2030-12-01 10:30:00,11930.381359283278
2030-12-01 10:45:00,11754.702556548655
2030-12-01 11:00:00,11345.427781479439
2030-12-01 11:15:00,11411.773210464657
2030-12-01 11:30:00,11573.949289082106
2030-12-01 11:45:00,11258.413590243274
2030-12-01 12:00:00,11401.843542148774
2030-12-01 12:15:00,11789.782885108647
2030-12-01 12:30:00,12077.20197251015
2030-12-01 12:45:00,12256.036500030337
2030-12-01 13:00:00,12749.542937295151
2030-12-01 13:15:00,13368.00677103718
2030-12-01 13:30:00,13791.562465017185
2030-12-01 13:45:00,13997.704759860493
2030-12-01 14:00:00,14559.846042554967
2030-12-01 14:15:00,14865.039066006433
2030-12-01 14:30:00,15426.997166536199
2030-12-01 14:45:00,16069.884528453305
2030-12-01 15:00:00,16554.760686804417
2030-12-01 15:15:00,16981.105969616325
2030-12-01 15:30:00,17346.718708982393
2030-12-01 15:45:00,17829.949170487016
2030-12-01 16:00:00,18311.09134345915
2030-12-01 16:15:00,18428.362519921924
2030-12-01 16:30:00,18424.81470871837
2030-12-01 16:45:00,18483.023683417367
2030-12-01 17:00:00,18553.502181747124
2030-12-01 17:15:00,18641.059354588964
2030-12-01 17:30:00,18723.230024397173
2030-12-01 17:45:00,18689.354143957975
2030-12-01 18:00:00,18510.01402271878
2030-12-01 18:15:00,18499.226021048133
2030-12-01 18:30:00,18524.371898454192
2030-12-01 18:45:00,18458.460440352323
2030-12-01 19:00:00,18433.65365379501
2030-12-01 19:15:00,18217.457163840234
2030-12-01 19:30:00,17955.098268923914
2030-12-01 19:45:00,17688.881698151832
2030-12-01 20:00:00,17395.695897529826
2030-12-01 20:15:00,17056.813241110758
2030-12-01 20:30:00,16856.3049823825
2030-12-01 20:45:00,16616.81236240707
2030-12-01 21:00:00,16344.087144674375
2030-12-01 21:15:00,16158.006595085897
2030-12-01 21:30:00,15880.12647317756
2030-12-01 21:45:00,15638.91553968373
2030-12-01 22:00:00,15608.258452041733
2030-12-01 22:15:00,15291.916888127253
2030-12-01 22:30:00,15103.460158898743
2030-12-01 22:45:00,14844.124782818406
2030-12-01 23:00:00,14601.369107020293
2030-12-01 23:15:00,14181.460550825315
2030-12-01 23:30:00,13872.154403983042
2030-12-01 23:45:00,13720.125425654664
2030-12-02 00:00:00,13494.013064380553
2030-12-02 00:15:00,13218.691843346398
2030-12-02 00:30:00,13183.093141577361
2030-12-02 00:45:00,13156.382789075467
2030-12-02 01:00:00,13096.684043205083
2030-12-02 01:15:00,12997.256949391358
2030-12-02 01:30:00,12920.814786786272
2030-12-02 01:45:00,12683.008924045094
2030-12-02 02:00:00,12451.708966377648
2030-12-02 02:15:00,12326.864644831498
2030-12-02 02:30:00,12314.037869202179
2030-12-02 02:45:00,12286.496826892622
2030-12-02 03:00:00,12205.20273770441
2030-12-02 03:15:00,12255.03471054141
2030-12-02 03:30:00,12238.57730150836
2030-12-02 03:45:00,12263.333208487707
2030-12-02 04:00:00,12357.346073693745
2030-12-02 04:15:00,12374.897456668214
2030-12-02 04:30:00,12423.550115659076
2030-12-02 04:45:00,12537.93244695321
2030-12-02 05:00:00,12664.883274403088
2030-12-02 05:15:00,12706.62470804856
2030-12-02 05:30:00,12810.887668157511
2030-12-02 05:45:00,13036.757872739614
2030-12-02 06:00:00,13225.650909717282
2030-12-02 06:15:00,13327.827403198095
2030-12-02 06:30:00,13402.719586839847
2030-12-02 06:45:00,13538.272063067132
2030-12-02 07:00:00,13971.903487198602
2030-12-02 07:15:00,14233.508713545252
2030-12-02 07:30:00,14518.387630602425
2030-12-02 07:45:00,14657.191560032163
2030-12-02 08:00:00,15020.208088821337
2030-12-02 08:15:00,15260.634809891086
2030-12-02 08:30:00,15368.822703550351
2030-12-02 08:45:00,15481.23834210214
2030-12-02 09:00:00,15709.695794743482
2030-12-02 09:15:00,15864.913020352935
2030-12-02 09:30:00,15882.544786842967
2030-12-02 09:45:00,15940.017295108835
2030-12-02 10:00:00,15822.37421763548
2030-12-02 10:15:00,15878.459509250228
2030-12-02 10:30:00,15880.140407840667
2030-12-02 10:45:00,15974.421111533655
2030-12-02 11:00:00,16070.996270481999
2030-12-02 11:15:00,16123.408020962288
2030-12-02 11:30:00,16035.046501335975
2030-12-02 11:45:00,15998.666826250255
2030-12-02 12:00:00,16156.454935585
2030-12-02 12:15:00,16410.61974389763
2030-12-02 12:30:00,16370.697825649844
2030-12-02 12:45:00,16249.28609232497
2030-12-02 13:00:00,16240.053882594735
2030-12-02 13:15:00,15992.563831692234
2030-12-02 13:30:00,15837.838298436938
2030-12-02 13:45:00,15863.804952026876
2030-12-02 14:00:00,16001.877020413023
2030-12-02 14:15:00,16000.287175194168
2030-12-02 14:30:00,16089.326712871587
2030-12-02 14:45:00,16090.400425371634
2030-12-02 15:00:00,16271.755745938068
2030-12-02 15:15:00,16116.61739841556
2030-12-02 15:30:00,16105.017869530486
2030-12-02 15:45:00,16120.190973299497
2030-12-02 16:00:00,16311.651841621277
2030-12-02 16:15:00,16258.964458580976
2030-12-02 16:30:00,16193.6389099808
2030-12-02 16:45:00,16192.217468109695
2030-12-02 17:00:00,16243.038590635113
2030-12-02 17:15:00,16032.52426332518
2030-12-02 17:30:00,15856.611521665256
2030-12-02 17:45:00,15599.829059968588
2030-12-02 18:00:00,15304.560728997096
2030-12-02 18:15:00,15032.735857890915
2030-12-02 18:30:00,14633.098330319968
2030-12-02 18:45:00,14213.35991747088
2030-12-02 19:00:00,13725.145657558123
2030-12-02 19:15:00,13352.464193948048
2030-12-02 19:30:00,12895.782833390233
2030-12-02 19:45:00,12795.937165032348
2030-12-02 20:00:00,12472.847826128893
2030-12-02 20:15:00,11939.104156861747
2030-12-02 20:30:00,11374.46856372707
2030-12-02 20:45:00,10841.078750063589
2030-12-02 21:00:00,10394.85727576265
2030-12-02 21:15:00,10010.10261242205
2030-12-02 21:30:00,9613.090174067438
2030-12-02 21:45:00,9157.768770942534
2030-12-02 22:00:00,9018.073495587669
2030-12-02 22:15:00,8576.155764586234
2030-12-02 22:30:00,8134.636455734362
2030-12-02 22:45:00,7816.555738831863
2030-12-02 23:00:00,7334.697793914838
2030-12-02 23:15:00,6909.500562283174
2030-12-02 23:30:00,6453.41743514729
2030-12-02 23:45:00,5757.750446746077
2030-12-03 00:00:00,4910.828579328214
2030-12-03 00:15:00,4676.256839844629
2030-12-03 00:30:00,4398.000663276678
2030-12-03 00:45:00,4177.5338823622515
2030-12-03 01:00:00,3954.0949388981808
2030-12-03 01:15:00,3539.267262234991
2030-12-03 01:30:00,3218.165700045747
2030-12-03 01:45:00,2943.8371893069707
2030-12-03 02:00:00,2639.9147436660605
2030-12-03 02:15:00,2543.8603455793036
2030-12-03 02:30:00,2418.9560396146353
2030-12-03 02:45:00,2424.383141704304
2030-12-03 03:00:00,2307.531450504155
2030-12-03 03:15:00,2415.5552571374283
2030-12-03 03:30:00,2625.2839068483318
2030-12-03 03:45:00,2930.26192904002
2030-12-03 04:00:00,2930.9561706479963
2030-12-03 04:15:00,3209.4465687040956
2030-12-03 04:30:00,3265.4806454640766
2030-12-03 04:45:00,3572.536096915306
2030-12-03 05:00:00,3583.344986400096
2030-12-03 05:15:00,3975.4838972119796
2030-12-03 05:30:00,4471.243066571133
2030-12-03 05:45:00,4761.134345975988
2030-12-03 06:00:00,4894.477774814744
2030-12-03 06:15:00,5133.793290345073
2030-12-03 06:30:00,5343.967182007073
2030-12-03 06:45:00,5671.799489680432
2030-12-03 07:00:00,6175.505866901249
2030-12-03 07:15:00,6487.219906949209
2030-12-03 07:30:00,6756.934508291135
2030-12-03 07:45:00,7242.67127323754
2030-12-03 08:00:00,7862.26161856514
2030-12-03 08:15:00,8077.826883709338
2030-12-03 08:30:00,8027.315723245922
2030-12-03 08:45:00,7979.99152471749
2030-12-03 09:00:00,7811.028265385932
2030-12-03 09:15:00,7400.296434946133
2030-12-03 09:30:00,7194.249030136703
2030-12-03 09:45:00,6872.587478416674
2030-12-03 10:00:00,6829.3711237617135
2030-12-03 10:15:00,6717.548419637249
2030-12-03 10:30:00,6448.716372747738
2030-12-03 10:45:00,5920.982311207752
2030-12-03 11:00:00,5743.684445536281
2030-12-03 11:15:00,5560.470730055265
2030-12-03 11:30:00,5229.341422446763
2030-12-03 11:45:00,4922.255630292209
2030-12-03 12:00:00,4658.343951232995
2030-12-03 12:15:00,4762.998981670529
2030-12-03 12:30:00,4798.9462287837705
2030-12-03 12:45:00,4962.6012060875
2030-12-03 13:00:00,4897.351394000954
2030-12-03 13:15:00,5167.459691506896
2030-12-03 13:30:00,5773.143466843339
2030-12-03 13:45:00,6462.337083305745
2030-12-03 14:00:00,7092.707075447226
2030-12-03 14:15:00,7748.7555872355515
2030-12-03 14:30:00,8258.867970248353
2030-12-03 14:45:00,8423.88826959773
2030-12-03 15:00:00,8457.137928177272
2030-12-03 15:15:00,7818.05310150446
2030-12-03 15:30:00,7266.527717260204
2030-12-03 15:45:00,7362.760575313787
2030-12-03 16:00:00,7276.704090421559
2030-12-03 16:15:00,7180.818439280629
2030-12-03 16:30:00,6898.016647502403
2030-12-03 16:45:00,6856.866898934952
2030-12-03 17:00:00,7020.841146064964
2030-12-03 17:15:00,7135.201388834463
2030-12-03 17:30:00,6931.7105563955865
2030-12-03 17:45:00,6633.348745118157
2030-12-03 18:00:00,6437.518012053919
2030-12-03 18:15:00,6190.965519179197
2030-12-03 18:30:00,6315.870674373837
2030-12-03 18:45:00,6077.235650546167
2030-12-03 19:00:00,5808.803920902119
2030-12-03 19:15:00,5482.34125614368
2030-12-03 19:30:00,5409.529950457716
2030-12-03 19:45:00,5404.797973408295
2030-12-03 20:00:00,4938.972473647078
2030-12-03 20:15:00,4674.9904898168825
2030-12-03 20:30:00,4397.27015807006
2030-12-03 20:45:00,4153.885630147222
2030-12-03 21:00:00,3956.1852275731617
2030-12-03 21:15:00,3906.531959412576
2030-12-03 21:30:00,3817.824226022556
2030-12-03 21:45:00,3619.7392193557553
2030-12-03 22:00:00,3812.2179906930705
2030-12-03 22:15:00,3597.619423824377
2030-12-03 22:30:00,3346.1998630273665
2030-12-03 22:45:00,3047.1795519677144
2030-12-03 23:00:00,2719.1830733769584
2030-12-03 23:15:00,2660.8649168747706
2030-12-03 23:30:00,2590.1669371097487
2030-12-03 23:45:00,2315.00776928752
2030-12-04 00:00:00,1830.1069601988693
2030-12-04 00:15:00,2009.0376703583424
2030-12-04 00:30:00,2245.0232454751167
2030-12-04 00:45:00,2183.180912601292
2030-12-04 01:00:00,2038.2269564209928
2030-12-04 01:15:00,1621.458387115239
2030-12-04 01:30:00,1410.3882672492618
2030-12-04 01:45:00,1388.001066187031
2030-12-04 02:00:00,1271.6530172418861
2030-12-04 02:15:00,1115.986632512162
2030-12-04 02:30:00,1152.280680257858
2030-12-04 02:45:00,1161.5307364577748
2030-12-04 03:00:00,1219.1630037398882
2030-12-04 03:15:00,1499.0306978473454
2030-12-04 03:30:00,1538.5813020591631
2030-12-04 03:45:00,1580.1356536208023
2030-12-04 04:00:00,1543.4428417270865
2030-12-04 04:15:00,1463.155905093241
2030-12-04 04:30:00,1638.8362887479925
2030-12-04 04:45:00,2065.876896260317
2030-12-04 05:00:00,2401.1082578709975
2030-12-04 05:15:00,2425.376131607045
2030-12-04 05:30:00,2623.7627941691753
2030-12-04 05:45:00,3080.5330635804567
2030-12-04 06:00:00,4033.0985833735867
2030-12-04 06:15:00,4772.950549095995
2030-12-04 06:30:00,5264.643773387346
2030-12-04 06:45:00,5844.565054926899
2030-12-04 07:00:00,6382.422763421211
2030-12-04 07:15:00,6786.628801252413
2030-12-04 07:30:00,6822.449696072876
2030-12-04 07:45:00,6959.334684339425
2030-12-04 08:00:00,7108.114163196249
2030-12-04 08:15:00,7131.1211204958345
2030-12-04 08:30:00,6983.481428178613
2030-12-04 08:45:00,6714.77669354773
2030-12-04 09:00:00,6467.616034945731
2030-12-04 09:15:00,6297.556762032484
2030-12-04 09:30:00,5986.831934597012
2030-12-04 09:45:00,5293.483106553878
2030-12-04 10:00:00,4534.215144955804
2030-12-04 10:15:00,3941.256626972343
2030-12-04 10:30:00,3401.1021879376713
2030-12-04 10:45:00,3034.9858282663517
2030-12-04 11:00:00,2243.349129666887
2030-12-04 11:15:00,1389.9898317993357
2030-12-04 11:30:00,947.0357309304018
2030-12-04 11:45:00,600.8440658391592
2030-12-04 12:00:00,284.32370309392354
2030-12-04 12:15:00,401.20070160816977
2030-12-04 12:30:00,629.8043291822396
2030-12-04 12:45:00,852.8558614044086
2030-12-04 13:00:00,1388.365563711046
2030-12-04 13:15:00,1760.6181178149163
2030-12-04 13:30:00,2080.767744186869
2030-12-04 13:45:00,2380.769380055226
2030-12-04 14:00:00,2880.4187389267936
2030-12-04 14:15:00,3436.009624090035
2030-12-04 14:30:00,3975.035006184309
2030-12-04 14:45:00,4522.954189918375
2030-12-04 15:00:00,5238.158429147177
2030-12-04 15:15:00,5557.544882926712
2030-12-04 15:30:00,5980.805846685027
2030-12-04 15:45:00,6177.255580705729
2030-12-04 16:00:00,6183.644028579358
2030-12-04 16:15:00,6439.27123667028
2030-12-04 16:30:00,6658.342759453797
2030-12-04 16:45:00,6903.886926172152
2030-12-04 17:00:00,7078.489468926644
2030-12-04 17:15:00,7249.478778673387
2030-12-04 17:30:00,7322.672722244326
2030-12-04 17:45:00,7221.016137165367
2030-12-04 18:00:00,6956.553496296878
2030-12-04 18:15:00,7037.242826640482
2030-12-04 18:30:00,7155.333650381504
2030-12-04 18:45:00,7345.1796410537245
2030-12-04 19:00:00,7451.607955719741
2030-12-04 19:15:00,7334.416169370626
2030-12-04 19:30:00,7303.149779651663
2030-12-04 19:45:00,7308.513516857343
2030-12-04 20:00:00,6752.473920980356
2030-12-04 20:15:00,6784.518666408341
2030-12-04 20:30:00,6657.02954078099
2030-12-04 20:45:00,6478.271296625091
2030-12-04 21:00:00,6010.592603243673
2030-12-04 21:15:00,5744.543977728572
2030-12-04 21:30:00,5616.636688090668
2030-12-04 21:45:00,5315.162503910786
2030-12-04 22:00:00,5383.811514279949
2030-12-04 22:15:00,5501.192000971125
2030-12-04 22:30:00,5774.195853153749
2030-12-04 22:45:00,5562.657702836323
2030-12-04 23:00:00,5567.023877286554
2030-12-04 23:15:00,5776.85678436771
2030-12-04 23:30:00,5594.984879688494
2030-12-04 23:45:00,5950.749055024773
2030-12-05 00:00:00,5841.405260932952
2030-12-05 00:15:00,5869.095333718133
2030-12-05 00:30:00,5883.458028767167
2030-12-05 00:45:00,5794.726811010427
2030-12-05 01:00:00,5550.412262149566
2030-12-05 01:15:00,5338.472286101836
2030-12-05 01:30:00,5477.537446912847
2030-12-05 01:45:00,5301.675645018193
2030-12-05 02:00:00,5209.9010970658055
2030-12-05 02:15:00,5525.382457429458
2030-12-05 02:30:00,5555.4751227064735
2030-12-05 02:45:00,5554.828714726491
2030-12-05 03:00:00,5478.01123488811
2030-12-05 03:15:00,5425.289533202216
2030-12-05 03:30:00,5489.578826582176
2030-12-05 03:45:00,5469.601585659677
2030-12-05 04:00:00,5779.539157079527
2030-12-05 04:15:00,5917.036870420097
2030-12-05 04:30:00,5890.193263577794
2030-12-05 04:45:00,6162.520245310581
2030-12-05 05:00:00,6832.519151420111
2030-12-05 05:15:00,7089.326661431847
2030-12-05 05:30:00,7197.156970718104
2030-12-05 05:45:00,7686.837319789065
2030-12-05 06:00:00,8683.348270009243
2030-12-05 06:15:00,9222.133175684914
2030-12-05 06:30:00,9872.769229994572
2030-12-05 06:45:00,10225.19331013708
2030-12-05 07:00:00,10627.338087617632
2030-12-05 07:15:00,10347.292084718727
2030-12-05 07:30:00,10550.862695162527
2030-12-05 07:45:00,10649.369914418186
2030-12-05 08:00:00,10655.281798910532
2030-12-05 08:15:00,10371.609115211282
2030-12-05 08:30:00,10083.171289040092
2030-12-05 08:45:00,9438.433340400908
2030-12-05 09:00:00,8998.138927021328
2030-12-05 09:15:00,8777.003060282575
2030-12-05 09:30:00,8363.110836386979
2030-12-05 09:45:00,7644.8405265512265
2030-12-05 10:00:00,6984.845842680443
2030-12-05 10:15:00,6516.387149128499
2030-12-05 10:30:00,6090.150269799593
2030-12-05 10:45:00,6018.75750648852
2030-12-05 11:00:00,5634.324557171316
2030-12-05 11:15:00,5393.663562139507
2030-12-05 11:30:00,5191.402397370108
2030-12-05 11:45:00,5680.418972755891
2030-12-05 12:00:00,5962.193668510281
2030-12-05 12:15:00,6141.645772762837
2030-12-05 12:30:00,6082.538408690598
2030-12-05 12:45:00,6262.786886641545
2030-12-05 13:00:00,6539.470607222818
2030-12-05 13:15:00,6816.965883134257
2030-12-05 13:30:00,7172.470988368965
2030-12-05 13:45:00,7688.463712793138
2030-12-05 14:00:00,8073.285800788795
2030-12-05 14:15:00,8269.97513385531
2030-12-05 14:30:00,8631.10779251924
2030-12-05 14:45:00,9218.214689556055
2030-12-05 15:00:00,9695.906795320107
2030-12-05 15:15:00,9874.334344191342
2030-12-05 15:30:00,10201.393500082679
2030-12-05 15:45:00,10469.159695244856
2030-12-05 16:00:00,10310.89994747499
2030-12-05 16:15:00,10135.668300726553
2030-12-05 16:30:00,10239.164565872095
2030-12-05 16:45:00,10305.676286269618
2030-12-05 17:00:00,10704.377834527784
2030-12-05 17:15:00,10990.066571218413
2030-12-05 17:30:00,11150.526091039334
2030-12-05 17:45:00,11153.323004531441
2030-12-05 18:00:00,10953.231512636135
2030-12-05 18:15:00,10991.374944572111
2030-12-05 18:30:00,10915.130204800034
2030-12-05 18:45:00,10420.74772191334
2030-12-05 19:00:00,10013.177807835189
2030-12-05 19:15:00,9618.04405460021
2030-12-05 19:30:00,9421.58844263829
2030-12-05 19:45:00,9255.145857063351
2030-12-05 20:00:00,8904.924937375263
2030-12-05 20:15:00,8564.904237975152
2030-12-05 20:30:00,8593.34172213592
2030-12-05 20:45:00,8749.66820399148
2030-12-05 21:00:00,8676.835145524376
2030-12-05 21:15:00,9043.079613783844
2030-12-05 21:30:00,9247.739317524269
2030-12-05 21:45:00,9974.85411287109
2030-12-05 22:00:00,10321.462789764078
2030-12-05 22:15:00,10549.10233656226
2030-12-05 22:30:00,10619.356511390199
2030-12-05 22:45:00,10699.624359256202
2030-12-05 23:00:00,10800.8514392964
2030-12-05 23:15:00,11052.738316915253
2030-12-05 23:30:00,10959.50152122684
2030-12-05 23:45:00,10852.774070563513
2030-12-06 00:00:00,10562.462458513754
2030-12-06 00:15:00,10570.190309512345
2030-12-06 00:30:00,10564.686239074832
2030-12-06 00:45:00,10371.985273824179
2030-12-06 01:00:00,10394.398787701455
2030-12-06 01:15:00,10652.367717745303
2030-12-06 01:30:00,10933.702322897192
2030-12-06 01:45:00,11053.022030919714
2030-12-06 02:00:00,11135.248336192722
2030-12-06 02:15:00,11253.210659140954
2030-12-06 02:30:00,11427.558232066822
2030-12-06 02:45:00,11525.858769466671
2030-12-06 03:00:00,11715.660479468026
2030-12-06 03:15:00,11796.75576265387
2030-12-06 03:30:00,11781.18718641338
2030-12-06 03:45:00,11663.73034987778
2030-12-06 04:00:00,11896.124263417129
2030-12-06 04:15:00,12084.028948152645
2030-12-06 04:30:00,12387.99171056365
2030-12-06 04:45:00,12442.013641484471
2030-12-06 05:00:00,12835.911838389018
2030-12-06 05:15:00,13032.12548746177
2030-12-06 05:30:00,13357.978252980149
2030-12-06 05:45:00,13989.417278704148
2030-12-06 06:00:00,14738.790664813423
2030-12-06 06:15:00,15262.88516404425
2030-12-06 06:30:00,15500.902803890156
2030-12-06 06:45:00,15819.66568040444
2030-12-06 07:00:00,16417.19165400864
2030-12-06 07:15:00,16548.22198685452
2030-12-06 07:30:00,16537.308183989157
2030-12-06 07:45:00,16363.68224988315
2030-12-06 08:00:00,16472.03626985256
2030-12-06 08:15:00,16466.883104910674
2030-12-06 08:30:00,16525.500725590813
2030-12-06 08:45:00,16602.78554994029
2030-12-06 09:00:00,16487.57336488109
2030-12-06 09:15:00,16726.723050462435
2030-12-06 09:30:00,16796.909784591968
2030-12-06 09:45:00,17000.602048200468
2030-12-06 10:00:00,16722.94714260508
2030-12-06 10:15:00,16781.99762341436
2030-12-06 10:30:00,16598.808615784386
2030-12-06 10:45:00,16638.70090168597
2030-12-06 11:00:00,16703.223294168783
2030-12-06 11:15:00,16741.88189734578
2030-12-06 11:30:00,16809.473082608438
2030-12-06 11:45:00,16666.53716906273
2030-12-06 12:00:00,16585.013479424728
2030-12-06 12:15:00,16400.100103336834
2030-12-06 12:30:00,16287.476731633342
2030-12-06 12:45:00,15994.60071726083
2030-12-06 13:00:00,15661.799281334603
2030-12-06 13:15:00,15437.212392209023
2030-12-06 13:30:00,15424.081370192904
2030-12-06 13:45:00,15201.419799438681
2030-12-06 14:00:00,15360.661094322519
2030-12-06 14:15:00,15320.066665678663
2030-12-06 14:30:00,15308.668873568498
2030-12-06 14:45:00,15234.48760637128
2030-12-06 15:00:00,15427.285154989568
2030-12-06 15:15:00,15293.116832020627
2030-12-06 15:30:00,15122.084435097802
2030-12-06 15:45:00,14978.446112180907
2030-12-06 16:00:00,14673.444122575209
2030-12-06 16:15:00,14206.675012228956
2030-12-06 16:30:00,13932.49523580496
2030-12-06 16:45:00,13910.031379595563
2030-12-06 17:00:00,14092.967473311772
2030-12-06 17:15:00,14073.613275674586
2030-12-06 17:30:00,14126.49646348511
2030-12-06 17:45:00,14219.185091900257
2030-12-06 18:00:00,14245.562385063
2030-12-06 18:15:00,14465.880149306466
2030-12-06 18:30:00,14561.456296278146
2030-12-06 18:45:00,14462.637527791998
2030-12-06 19:00:00,14239.39770727084
2030-12-06 19:15:00,14062.70196960157
2030-12-06 19:30:00,14297.13823768836
2030-12-06 19:45:00,14466.00271750202
2030-12-06 20:00:00,14343.324190953397
2030-12-06 20:15:00,14491.723331774849
2030-12-06 20:30:00,14749.471583549797
2030-12-06 20:45:00,14944.670855490533
2030-12-06 21:00:00,14799.892945316427
2030-12-06 21:15:00,14793.97951820301
2030-12-06 21:30:00,14786.164288410699
2030-12-06 21:45:00,14684.621782631328
2030-12-06 22:00:00,14481.847593354221
2030-12-06 22:15:00,14369.490103230093
2030-12-06 22:30:00,14133.97018249319
2030-12-06 22:45:00,13788.065151586312
2030-12-06 23:00:00,13393.826065952255
2030-12-06 23:15:00,13334.423867270209
2030-12-06 23:30:00,13369.376396321608
2030-12-06 23:45:00,13181.298830379998
2030-12-07 00:00:00,12695.76245289778
2030-12-07 00:15:00,12447.125399344273
2030-12-07 00:30:00,12201.152936018781
2030-12-07 00:45:00,12109.158258558691
2030-12-07 01:00:00,11993.425672319598
2030-12-07 01:15:00,11948.10577245389
2030-12-07 01:30:00,12014.779193843118
2030-12-07 01:45:00,12076.152927508503
2030-12-07 02:00:00,11899.127710254777
2030-12-07 02:15:00,11968.039474374658
2030-12-07 02:30:00,12116.43420270217
2030-12-07 02:45:00,12174.64406882783
2030-12-07 03:00:00,12198.21608798081
2030-12-07 03:15:00,11998.948654134374
2030-12-07 03:30:00,11983.109299112513
2030-12-07 03:45:00,11997.781050676367
2030-12-07 04:00:00,12264.976901716931
2030-12-07 04:15:00,12216.433253587595
2030-12-07 04:30:00,12315.828107124351
2030-12-07 04:45:00,12440.606636042383
2030-12-07 05:00:00,12778.693579052677
2030-12-07 05:15:00,12757.01006824535
2030-12-07 05:30:00,12917.90324851386
2030-12-07 05:45:00,13430.719858350152
2030-12-07 06:00:00,14402.245945771925
2030-12-07 06:15:00,14962.697027396993
2030-12-07 06:30:00,15125.60390836457
2030-12-07 06:45:00,15223.751117103868
2030-12-07 07:00:00,16166.873044891214
2030-12-07 07:15:00,16403.915608360257
2030-12-07 07:30:00,16756.07158792089
2030-12-07 07:45:00,16797.053723588284
2030-12-07 08:00:00,16999.81699624403
2030-12-07 08:15:00,17094.067489257373
2030-12-07 08:30:00,16973.653932446472
2030-12-07 08:45:00,16734.548291619474
2030-12-07 09:00:00,16549.582642553418
2030-12-07 09:15:00,16639.068326485212
2030-12-07 09:30:00,16698.587452207117
2030-12-07 09:45:00,16372.064086511062
2030-12-07 10:00:00,15773.460092960908
2030-12-07 10:15:00,15601.681760703317
2030-12-07 10:30:00,15293.473492607838
2030-12-07 10:45:00,14709.119705861864
2030-12-07 11:00:00,13807.237670584078
2030-12-07 11:15:00,13209.071541345143
2030-12-07 11:30:00,12801.73989917461
2030-12-07 11:45:00,12000.746566089441
2030-12-07 12:00:00,11825.738527620275
2030-12-07 12:15:00,11456.520598263836
2030-12-07 12:30:00,11454.73130661166
2030-12-07 12:45:00,11506.335640079371
2030-12-07 13:00:00,10973.997317579087
2030-12-07 13:15:00,11107.940551230035
2030-12-07 13:30:00,11039.359279670412
2030-12-07 13:45:00,11462.159186648405
2030-12-07 14:00:00,11695.542092952346
2030-12-07 14:15:00,11885.546903906781
2030-12-07 14:30:00,12124.106017084578
2030-12-07 14:45:00,12489.068268082234
2030-12-07 15:00:00,12490.287514009824
2030-12-07 15:15:00,12153.243918939199
2030-12-07 15:30:00,12503.757357076416
2030-12-07 15:45:00,12035.55526722197
2030-12-07 16:00:00,11650.084504021954
2030-12-07 16:15:00,11671.566870366558
2030-12-07 16:30:00,11674.613371508536
2030-12-07 16:45:00,11935.352395789065
2030-12-07 17:00:00,12200.286676883217
2030-12-07 17:15:00,11955.681902474476
2030-12-07 17:30:00,11539.413796261353
2030-12-07 17:45:00,11201.669254435112
2030-12-07 18:00:00,10748.132953929122
2030-12-07 18:15:00,10400.501993453712
2030-12-07 18:30:00,10083.751279687043
2030-12-07 18:45:00,9748.022085722889
2030-12-07 19:00:00,9142.28909714441
2030-12-07 19:15:00,8695.313868342171
2030-12-07 19:30:00,8576.817754894637
2030-12-07 19:45:00,8419.332919860397
2030-12-07 20:00:00,7611.071387466756
2030-12-07 20:15:00,7168.120225411856
2030-12-07 20:30:00,6711.368457232038
2030-12-07 20:45:00,6438.701260594011
2030-12-07 21:00:00,5928.712642358891
2030-12-07 21:15:00,5585.66624420613
2030-12-07 21:30:00,5265.425473078707
2030-12-07 21:45:00,4938.340897385395
2030-12-07 22:00:00,5042.012222486635
2030-12-07 22:15:00,4871.268736255366
2030-12-07 22:30:00,4739.899689012918
2030-12-07 22:45:00,4654.94960036968
2030-12-07 23:00:00,4564.312935576869
2030-12-07 23:15:00,4806.482754402208
2030-12-07 23:30:00,4949.339697123145
2030-12-07 23:45:00,4947.189795962111
2030-12-08 00:00:00,4416.037720531665
2030-12-08 00:15:00,4484.938745343385
2030-12-08 00:30:00,4757.777782002217
2030-12-08 00:45:00,4909.741541047253
2030-12-08 01:00:00,5106.673211935316
2030-12-08 01:15:00,5230.873213075563
2030-12-08 01:30:00,5455.260722234118
2030-12-08 01:45:00,5737.341100663176
2030-12-08 02:00:00,6099.177568492363
2030-12-08 02:15:00,6046.821730326405
2030-12-08 02:30:00,6043.068597919817
2030-12-08 02:45:00,6055.839328902979
2030-12-08 03:00:00,6038.389231747467
2030-12-08 03:15:00,5880.705648989018
2030-12-08 03:30:00,5876.44399240989
2030-12-08 03:45:00,5969.302036902969
2030-12-08 04:00:00,6266.728399316886
2030-12-08 04:15:00,6291.328536115296
2030-12-08 04:30:00,6197.56872966037
2030-12-08 04:45:00,6318.46528199189
2030-12-08 05:00:00,6814.528569062932
2030-12-08 05:15:00,6973.508642511728
2030-12-08 05:30:00,7013.477080296132
2030-12-08 05:45:00,7469.003317056338
2030-12-08 06:00:00,8552.352338466777
2030-12-08 06:15:00,9201.214544868988
2030-12-08 06:30:00,9593.369978745652
2030-12-08 06:45:00,10156.377716612242
2030-12-08 07:00:00,10683.224457830554
2030-12-08 07:15:00,11210.432243493755
2030-12-08 07:30:00,11661.832330119505
2030-12-08 07:45:00,11949.213101589872
2030-12-08 08:00:00,12446.57271980284
2030-12-08 08:15:00,12718.12803115187
2030-12-08 08:30:00,12592.883089851064
2030-12-08 08:45:00,12426.142092072587
2030-12-08 09:00:00,11977.640822764593
2030-12-08 09:15:00,11527.004635241989
2030-12-08 09:30:00,11122.046269735669
2030-12-08 09:45:00,10701.0778786094
2030-12-08 10:00:00,10529.27749797429
2030-12-08 10:15:00,10326.184013007934
2030-12-08 10:30:00,10208.198622541595
2030-12-08 10:45:00,10199.50107196867
2030-12-08 11:00:00,10287.164831855125
2030-12-08 11:15:00,10690.103878743887
2030-12-08 11:30:00,11314.162100834868
2030-12-08 11:45:00,11627.626247508604
2030-12-08 12:00:00,12103.45009567964
2030-12-08 12:15:00,12672.592491335952
2030-12-08 12:30:00,13336.617741717928
2030-12-08 12:45:00,13816.12677861899
2030-12-08 13:00:00,14082.17248742659
2030-12-08 13:15:00,14487.629027953662
2030-12-08 13:30:00,14646.295553611328
2030-12-08 13:45:00,14726.096312606489
2030-12-08 14:00:00,15064.285212614112
2030-12-08 14:15:00,15508.893278122365
2030-12-08 14:30:00,15736.69066556631
2030-12-08 14:45:00,15937.705218325053
2030-12-08 15:00:00,16276.504060909338
2030-12-08 15:15:00,16501.76604309804
2030-12-08 15:30:00,16642.924694815574
2030-12-08 15:45:00,16859.671365216305
2030-12-08 16:00:00,17128.16360857929
2030-12-08 16:15:00,17252.62139912523
2030-12-08 16:30:00,17399.789430812165
2030-12-08 16:45:00,17588.843241986564
2030-12-08 17:00:00,17784.50640211505
2030-12-08 17:15:00,17797.315726970155
2030-12-08 17:30:00,17663.860122251914
2030-12-08 17:45:00,17389.218370689745
2030-12-08 18:00:00,16987.603613695646
2030-12-08 18:15:00,16829.823924154614
2030-12-08 18:30:00,16796.647708695447
2030-12-08 18:45:00,16660.808412136234
2030-12-08 19:00:00,16554.253036323607
2030-12-08 19:15:00,16256.297338833843
2030-12-08 19:30:00,16102.231701299275
2030-12-08 19:45:00,15770.65494348546
2030-12-08 20:00:00,15255.154987889286
2030-12-08 20:15:00,14855.322283452477
2030-12-08 20:30:00,14330.855866001937
2030-12-08 20:45:00,13943.403578818292
2030-12-08 21:00:00,13577.894596374499
2030-12-08 21:15:00,13288.26700571906
2030-12-08 21:30:00,13132.029839509023
2030-12-08 21:45:00,12892.38326297824
2030-12-08 22:00:00,12662.818847361761
2030-12-08 22:15:00,12278.970938290728
2030-12-08 22:30:00,12053.715613424098
2030-12-08 22:45:00,11880.87237814517
2030-12-08 23:00:00,11435.84156266697
2030-12-08 23:15:00,10946.361926085316
2030-12-08 23:30:00,10444.255144925393
2030-12-08 23:45:00,10132.406323576488
2030-12-09 00:00:00,9519.965243066297
2030-12-09 00:15:00,9142.626976962636
2030-12-09 00:30:00,8805.227614218858
2030-12-09 00:45:00,8589.134490402845
2030-12-09 01:00:00,8298.218381184046
2030-12-09 01:15:00,8123.159176800489
2030-12-09 01:30:00,7882.551482998711
2030-12-09 01:45:00,7712.336610547121
2030-12-09 02:00:00,7432.3838081996955
2030-12-09 02:15:00,7299.577826924614
2030-12-09 02:30:00,7112.144393975598
2030-12-09 02:45:00,6763.694189199685
2030-12-09 03:00:00,6552.971602028119
2030-12-09 03:15:00,6278.766446538026
2030-12-09 03:30:00,5919.154236663733
2030-12-09 03:45:00,5738.035100661009
2030-12-09 04:00:00,5632.551911104323
2030-12-09 04:15:00,5395.764627592136
2030-12-09 04:30:00,5276.287996600182
2030-12-09 04:45:00,5336.381021249321
2030-12-09 05:00:00,5428.055993683165
2030-12-09 05:15:00,5658.8169626044455
2030-12-09 05:30:00,5885.888283964914
2030-12-09 05:45:00,5855.343668373898
2030-12-09 06:00:00,5838.263434810433
2030-12-09 06:15:00,5700.731738579376
2030-12-09 06:30:00,5686.155791901503
2030-12-09 06:45:00,6026.46159566835
2030-12-09 07:00:00,6381.04612860359
2030-12-09 07:15:00,6585.294958804872
2030-12-09 07:30:00,6840.989386767598
2030-12-09 07:45:00,6831.172177601415
2030-12-09 08:00:00,6909.261770007455
2030-12-09 08:15:00,7057.258553937001
2030-12-09 08:30:00,7097.398752229521
2030-12-09 08:45:00,6879.139952512136
2030-12-09 09:00:00,6886.198936431798
2030-12-09 09:15:00,6898.281147389072
2030-12-09 09:30:00,6954.115064543525
2030-12-09 09:45:00,6765.32364635848
2030-12-09 10:00:00,6363.315992674134
2030-12-09 10:15:00,5954.42173938483
2030-12-09 10:30:00,5578.234901930327
2030-12-09 10:45:00,5354.717900871927
2030-12-09 11:00:00,5402.589092816748
2030-12-09 11:15:00,5287.294836287649
2030-12-09 11:30:00,5249.93428787546
2030-12-09 11:45:00,5217.508900158524
2030-12-09 12:00:00,4870.434444604718
2030-12-09 12:15:00,4812.308086774834
2030-12-09 12:30:00,4816.37045077832
2030-12-09 12:45:00,4769.584376705348
2030-12-09 13:00:00,4609.143922672369
2030-12-09 13:15:00,4466.142156587939
2030-12-09 13:30:00,4450.775244347755
2030-12-09 13:45:00,4302.833085547611
2030-12-09 14:00:00,4284.933953706281
2030-12-09 14:15:00,3892.47985443984
2030-12-09 14:30:00,3679.616421992403
2030-12-09 14:45:00,3618.770777438527
2030-12-09 15:00:00,3621.835222762358
2030-12-09 15:15:00,3582.3881111796927
2030-12-09 15:30:00,3490.64808738007
2030-12-09 15:45:00,3148.071940600854
2030-12-09 16:00:00,2834.3426461279996
2030-12-09 16:15:00,2320.7223902135156
2030-12-09 16:30:00,2011.8052593185348
2030-12-09 16:45:00,1819.286550129349
2030-12-09 17:00:00,1803.0518171892727
2030-12-09 17:15:00,1639.5085860758045
2030-12-09 17:30:00,1255.4874659741145
2030-12-09 17:45:00,1021.3414601992918
2030-12-09 18:00:00,951.5199434002061
2030-12-09 18:15:00,734.1663014258083
2030-12-09 18:30:00,461.5574632029675
2030-12-09 18:45:00,83.21374282820034
2030-12-09 19:00:00,0.0
2030-12-09 19:15:00,0.0
2030-12-09 19:30:00,0.0
2030-12-09 19:45:00,0.0
2030-12-09 20:00:00,0.0
2030-12-09 20:15:00,0.0
2030-12-09 20:30:00,0.0
2030-12-09 20:45:00,0.0
2030-12-09 21:00:00,0.0
2030-12-09 21:15:00,0.0
2030-12-09 21:30:00,0.0
2030-12-09 21:45:00,0.0
2030-12-09 22:00:00,0.0
2030-12-09 22:15:00,0.0
2030-12-09 22:30:00,0.0
2030-12-09 22:45:00,0.0
2030-12-09 23:00:00,0.0
2030-12-09 23:15:00,0.0
2030-12-09 23:30:00,0.0
2030-12-09 23:45:00,0.0
2030-12-10 00:00:00,0.0
2030-12-10 00:15:00,0.0
2030-12-10 00:30:00,0.0
2030-12-10 00:45:00,0.0
2030-12-10 01:00:00,0.0
2030-12-10 01:15:00,0.0
2030-12-10 01:30:00,0.0
2030-12-10 01:45:00,0.0
2030-12-10 02:00:00,0.0
2030-12-10 02:15:00,0.0
2030-12-10 02:30:00,0.0
2030-12-10 02:45:00,0.0
2030-12-10 03:00:00,0.0
2030-12-10 03:15:00,0.0
2030-12-10 03:30:00,0.0
2030-12-10 03:45:00,0.0
2030-12-10 04:00:00,0.0
2030-12-10 04:15:00,0.0
2030-12-10 04:30:00,0.0
2030-12-10 04:45:00,0.0
2030-12-10 05:00:00,0.0
2030-12-10 05:15:00,0.0
2030-12-10 05:30:00,0.0
2030-12-10 05:45:00,0.0
2030-12-10 06:00:00,0.0
2030-12-10 06:15:00,0.0
2030-12-10 06:30:00,0.0
2030-12-10 06:45:00,0.0
2030-12-10 07:00:00,0.0
2030-12-10 07:15:00,0.0
2030-12-10 07:30:00,0.0
2030-12-10 07:45:00,0.0
2030-12-10 08:00:00,0.0
2030-12-10 08:15:00,0.0
2030-12-10 08:30:00,0.0
2030-12-10 08:45:00,0.0
2030-12-10 09:00:00,0.0
2030-12-10 09:15:00,0.0
2030-12-10 09:30:00,0.0
2030-12-10 09:45:00,0.0
2030-12-10 10:00:00,0.0
2030-12-10 10:15:00,0.0
2030-12-10 10:30:00,0.0
2030-12-10 10:45:00,0.0
2030-12-10 11:00:00,0.0
2030-12-10 11:15:00,0.0
2030-12-10 11:30:00,0.0
2030-12-10 11:45:00,0.0
2030-12-10 12:00:00,0.0
2030-12-10 12:15:00,0.0
2030-12-10 12:30:00,0.0
2030-12-10 12:45:00,0.0
2030-12-10 13:00:00,0.0
2030-12-10 13:15:00,0.0
2030-12-10 13:30:00,0.0
2030-12-10 13:45:00,0.0
2030-12-10 14:00:00,0.0
2030-12-10 14:15:00,0.0
2030-12-10 14:30:00,0.0
2030-12-10 14:45:00,0.0
2030-12-10 15:00:00,0.0
2030-12-10 15:15:00,0.0
2030-12-10 15:30:00,0.0
2030-12-10 15:45:00,0.0
2030-12-10 16:00:00,0.0
2030-12-10 16:15:00,0.0
2030-12-10 16:30:00,0.0
2030-12-10 16:45:00,0.0
2030-12-10 17:00:00,0.0
2030-12-10 17:15:00,0.0
2030-12-10 17:30:00,0.0
2030-12-10 17:45:00,0.0
2030-12-10 18:00:00,0.0
2030-12-10 18:15:00,0.0
2030-12-10 18:30:00,0.0
2030-12-10 18:45:00,0.0
2030-12-10 19:00:00,0.0
2030-12-10 19:15:00,0.0
2030-12-10 19:30:00,0.0
2030-12-10 19:45:00,0.0
2030-12-10 20:00:00,0.0
2030-12-10 20:15:00,0.0
2030-12-10 20:30:00,0.0
2030-12-10 20:45:00,0.0
2030-12-10 21:00:00,0.0
2030-12-10 21:15:00,0.0
2030-12-10 21:30:00,0.0
2030-12-10 21:45:00,0.0
2030-12-10 22:00:00,0.0
2030-12-10 22:15:00,0.0
2030-12-10 22:30:00,0.0
2030-12-10 22:45:00,0.0
2030-12-10 23:00:00,0.0
2030-12-10 23:15:00,0.0
2030-12-10 23:30:00,0.0
2030-12-10 23:45:00,0.0
2030-12-11 00:00:00,0.0
2030-12-11 00:15:00,0.0
2030-12-11 00:30:00,0.0
2030-12-11 00:45:00,0.0
2030-12-11 01:00:00,0.0
2030-12-11 01:15:00,0.0
2030-12-11 01:30:00,0.0
2030-12-11 01:45:00,0.0
2030-12-11 02:00:00,0.0
2030-12-11 02:15:00,0.0
2030-12-11 02:30:00,0.0
2030-12-11 02:45:00,0.0
2030-12-11 03:00:00,0.0
2030-12-11 03:15:00,0.0
2030-12-11 03:30:00,0.0
2030-12-11 03:45:00,0.0
2030-12-11 04:00:00,0.0
2030-12-11 04:15:00,0.0
2030-12-11 04:30:00,0.0
2030-12-11 04:45:00,0.0
2030-12-11 05:00:00,0.0
2030-12-11 05:15:00,0.0
2030-12-11 05:30:00,0.0
2030-12-11 05:45:00,0.0
2030-12-11 06:00:00,0.0
2030-12-11 06:15:00,0.0
2030-12-11 06:30:00,0.0
2030-12-11 06:45:00,0.0
2030-12-11 07:00:00,0.0
2030-12-11 07:15:00,0.0
2030-12-11 07:30:00,0.0
2030-12-11 07:45:00,0.0
2030-12-11 08:00:00,0.0
2030-12-11 08:15:00,0.0
2030-12-11 08:30:00,0.0
2030-12-11 08:45:00,0.0
2030-12-11 09:00:00,0.0
2030-12-11 09:15:00,0.0
2030-12-11 09:30:00,0.0
2030-12-11 09:45:00,0.0
2030-12-11 10:00:00,0.0
2030-12-11 10:15:00,0.0
2030-12-11 10:30:00,0.0
2030-12-11 10:45:00,0.0
2030-12-11 11:00:00,0.0
2030-12-11 11:15:00,0.0
2030-12-11 11:30:00,0.0
2030-12-11 11:45:00,0.0
2030-12-11 12:00:00,0.0
2030-12-11 12:15:00,0.0
2030-12-11 12:30:00,0.0
2030-12-11 12:45:00,0.0
2030-12-11 13:00:00,0.0
2030-12-11 13:15:00,0.0
2030-12-11 13:30:00,0.0
2030-12-11 13:45:00,0.0
2030-12-11 14:00:00,0.0
2030-12-11 14:15:00,0.0
2030-12-11 14:30:00,0.0
2030-12-11 14:45:00,0.0
2030-12-11 15:00:00,0.0
2030-12-11 15:15:00,0.0
2030-12-11 15:30:00,0.0
2030-12-11 15:45:00,0.0
2030-12-11 16:00:00,0.0
2030-12-11 16:15:00,0.0
2030-12-11 16:30:00,0.0
2030-12-11 16:45:00,0.0
2030-12-11 17:00:00,0.0
2030-12-11 17:15:00,0.0
2030-12-11 17:30:00,0.0
2030-12-11 17:45:00,0.0
2030-12-11 18:00:00,0.0
2030-12-11 18:15:00,0.0
2030-12-11 18:30:00,0.0
2030-12-11 18:45:00,0.0
2030-12-11 19:00:00,0.0
2030-12-11 19:15:00,0.0
2030-12-11 19:30:00,0.0
2030-12-11 19:45:00,0.0
2030-12-11 20:00:00,0.0
2030-12-11 20:15:00,0.0
2030-12-11 20:30:00,0.0
2030-12-11 20:45:00,0.0
2030-12-11 21:00:00,0.0
2030-12-11 21:15:00,0.0
2030-12-11 21:30:00,0.0
2030-12-11 21:45:00,0.0
2030-12-11 22:00:00,0.0
2030-12-11 22:15:00,0.0
2030-12-11 22:30:00,0.0
2030-12-11 22:45:00,0.0
2030-12-11 23:00:00,0.0
2030-12-11 23:15:00,0.0
2030-12-11 23:30:00,0.0
2030-12-11 23:45:00,0.0
2030-12-12 00:00:00,0.0
2030-12-12 00:15:00,0.0
2030-12-12 00:30:00,0.0
2030-12-12 00:45:00,0.0
2030-12-12 01:00:00,0.0
2030-12-12 01:15:00,0.0
2030-12-12 01:30:00,0.0
2030-12-12 01:45:00,0.0
2030-12-12 02:00:00,0.0
2030-12-12 02:15:00,0.0
2030-12-12 02:30:00,0.0
2030-12-12 02:45:00,0.0
2030-12-12 03:00:00,0.0
2030-12-12 03:15:00,0.0
2030-12-12 03:30:00,0.0
2030-12-12 03:45:00,0.0
2030-12-12 04:00:00,0.0
2030-12-12 04:15:00,0.0
2030-12-12 04:30:00,0.0
2030-12-12 04:45:00,0.0
2030-12-12 05:00:00,0.0
2030-12-12 05:15:00,0.0
2030-12-12 05:30:00,0.0
2030-12-12 05:45:00,0.0
2030-12-12 06:00:00,0.0
2030-12-12 06:15:00,0.0
2030-12-12 06:30:00,0.0
2030-12-12 06:45:00,0.0
2030-12-12 07:00:00,0.0
2030-12-12 07:15:00,0.0
2030-12-12 07:30:00,0.0
2030-12-12 07:45:00,0.0
2030-12-12 08:00:00,0.0
2030-12-12 08:15:00,0.0
2030-12-12 08:30:00,0.0
2030-12-12 08:45:00,0.0
2030-12-12 09:00:00,0.0
2030-12-12 09:15:00,0.0
2030-12-12 09:30:00,0.0
2030-12-12 09:45:00,0.0
2030-12-12 10:00:00,0.0
2030-12-12 10:15:00,0.0
2030-12-12 10:30:00,0.0
2030-12-12 10:45:00,0.0
2030-12-12 11:00:00,0.0
2030-12-12 11:15:00,0.0
2030-12-12 11:30:00,0.0
2030-12-12 11:45:00,0.0
2030-12-12 12:00:00,0.0
2030-12-12 12:15:00,0.0
2030-12-12 12:30:00,0.0
2030-12-12 12:45:00,0.0
2030-12-12 13:00:00,0.0
2030-12-12 13:15:00,0.0
2030-12-12 13:30:00,0.0
2030-12-12 13:45:00,0.0
2030-12-12 14:00:00,0.0
2030-12-12 14:15:00,0.0
2030-12-12 14:30:00,0.0
2030-12-12 14:45:00,0.0
2030-12-12 15:00:00,8402.187883223776
2030-12-12 15:15:00,16493.71334752665
2030-12-12 15:30:00,16745.373451265812
2030-12-12 15:45:00,16922.005980685608
2030-12-12 16:00:00,16960.233566312236
2030-12-12 16:15:00,17024.706037836528
2030-12-12 16:30:00,16936.08827910801
2030-12-12 16:45:00,16630.24447306194
2030-12-12 17:00:00,16424.48749534274
2030-12-12 17:15:00,16219.978814576574
2030-12-12 17:30:00,16128.946818707464
2030-12-12 17:45:00,16109.282819369984
2030-12-12 18:00:00,15731.818863733442
2030-12-12 18:15:00,15601.683008861171
2030-12-12 18:30:00,15254.477653265923
2030-12-12 18:45:00,15157.659968841432
2030-12-12 19:00:00,14775.854674547956
2030-12-12 19:15:00,14556.64604831494
2030-12-12 19:30:00,14384.423297136329
2030-12-12 19:45:00,13938.943481318893
2030-12-12 20:00:00,13556.213215252232
2030-12-12 20:15:00,13289.788027831837
2030-12-12 20:30:00,12874.606229652985
2030-12-12 20:45:00,12386.938016033477
2030-12-12 21:00:00,12115.981679830711
2030-12-12 21:15:00,11875.325753760626
2030-12-12 21:30:00,11557.471562824503
2030-12-12 21:45:00,11245.20539661447
2030-12-12 22:00:00,10949.797658914104
2030-12-12 22:15:00,10580.858544677752
2030-12-12 22:30:00,9820.304647706718
2030-12-12 22:45:00,9543.890769288413
2030-12-12 23:00:00,9247.961142685075
2030-12-12 23:15:00,8929.03677414499
2030-12-12 23:30:00,8649.706423228936
2030-12-12 23:45:00,8509.627258797918
2030-12-13 00:00:00,7481.7485553472725
2030-12-13 00:15:00,7110.0404819607265
2030-12-13 00:30:00,6821.858002056964
2030-12-13 00:45:00,6564.449993052951
2030-12-13 01:00:00,6461.387162002075
2030-12-13 01:15:00,6383.936552799578
2030-12-13 01:30:00,6110.928791118398
2030-12-13 01:45:00,6106.915693708426
2030-12-13 02:00:00,6051.405084476935
2030-12-13 02:15:00,6225.919406131743
2030-12-13 02:30:00,6341.544200400764
2030-12-13 02:45:00,6504.574410872128
2030-12-13 03:00:00,6530.251425308434
2030-12-13 03:15:00,6494.953108099115
2030-12-13 03:30:00,6416.0607260871
2030-12-13 03:45:00,6856.1089390099605
2030-12-13 04:00:00,7053.415047594859
2030-12-13 04:15:00,7186.714258478565
2030-12-13 04:30:00,7430.201144376668
2030-12-13 04:45:00,7717.59563617656
2030-12-13 05:00:00,8030.272806838557
2030-12-13 05:15:00,8445.19191168173
2030-12-13 05:30:00,9107.601272979999
2030-12-13 05:45:00,9706.494996358906
2030-12-13 06:00:00,10607.614642677414
2030-12-13 06:15:00,11538.290121397467
2030-12-13 06:30:00,12473.453848705904
2030-12-13 06:45:00,13274.493595337553
2030-12-13 07:00:00,14082.11022740982
2030-12-13 07:15:00,14477.783527628679
2030-12-13 07:30:00,14825.132308569599
2030-12-13 07:45:00,15119.505280304107
2030-12-13 08:00:00,15458.208305362774
2030-12-13 08:15:00,15460.960488428036
2030-12-13 08:30:00,15290.194032743897
2030-12-13 08:45:00,14931.646849902008
2030-12-13 09:00:00,14301.300837533458
2030-12-13 09:15:00,13874.82936960641
2030-12-13 09:30:00,13438.670518448404
2030-12-13 09:45:00,12949.309923161181
2030-12-13 10:00:00,12474.510963538214
2030-12-13 10:15:00,12123.5730517329
2030-12-13 10:30:00,11996.606474621605
2030-12-13 10:45:00,11903.95412025459
2030-12-13 11:00:00,11818.371432570511
2030-12-13 11:15:00,11874.175327430057
2030-12-13 11:30:00,11857.547048058355
2030-12-13 11:45:00,11827.215531786382
2030-12-13 12:00:00,11666.14965705238
2030-12-13 12:15:00,11704.406852198748
2030-12-13 12:30:00,11789.578861728569
2030-12-13 12:45:00,11846.933966713505
2030-12-13 13:00:00,11947.86369578034
2030-12-13 13:15:00,12224.360968605357
2030-12-13 13:30:00,12552.29945703388
2030-12-13 13:45:00,12843.203025010844
2030-12-13 14:00:00,13226.834424576755
2030-12-13 14:15:00,13627.769523406709
2030-12-13 14:30:00,13963.936728729277
2030-12-13 14:45:00,14189.586221570382
2030-12-13 15:00:00,14286.987001192125
2030-12-13 15:15:00,14416.841396161088
2030-12-13 15:30:00,14334.375845195154
2030-12-13 15:45:00,14169.288296466637
2030-12-13 16:00:00,14052.191416678634
2030-12-13 16:15:00,14195.331620324234
2030-12-13 16:30:00,14342.145418964841
2030-12-13 16:45:00,14423.334660119384
2030-12-13 17:00:00,14209.393735491965
2030-12-13 17:15:00,14037.63760808459
2030-12-13 17:30:00,13847.452404181151
2030-12-13 17:45:00,13450.236777804523
2030-12-13 18:00:00,12950.475628500668
2030-12-13 18:15:00,12417.823365205997
2030-12-13 18:30:00,11794.212992996385
2030-12-13 18:45:00,11529.976685771133
2030-12-13 19:00:00,11147.397201530277
2030-12-13 19:15:00,10558.014098322612
2030-12-13 19:30:00,10162.098042286656
2030-12-13 19:45:00,9790.262987210388
2030-12-13 20:00:00,9387.020043495162
2030-12-13 20:15:00,8620.254290019675
2030-12-13 20:30:00,8169.057204277742
2030-12-13 20:45:00,7569.1350684048775
2030-12-13 21:00:00,7059.099255799043
2030-12-13 21:15:00,6582.050685266238
2030-12-13 21:30:00,6474.433402686784
2030-12-13 21:45:00,6186.647163507152
2030-12-13 22:00:00,5939.834765141983
2030-12-13 22:15:00,5719.307781465199
2030-12-13 22:30:00,5389.441131913121
2030-12-13 22:45:00,5033.294871152784
2030-12-13 23:00:00,4759.208696404741
2030-12-13 23:15:00,4821.676426446147
2030-12-13 23:30:00,4723.53384608862
2030-12-13 23:45:00,4623.165604726142
2030-12-14 00:00:00,4417.9033510485515
2030-12-14 00:15:00,4750.870324070256
2030-12-14 00:30:00,4644.903448685995
2030-12-14 00:45:00,4599.641030034714
2030-12-14 01:00:00,4491.086254133235
2030-12-14 01:15:00,4003.3386017196535
2030-12-14 01:30:00,3949.970310114446
2030-12-14 01:45:00,3801.8263043495426
2030-12-14 02:00:00,3718.2331042370097
2030-12-14 02:15:00,3655.9477792628186
2030-12-14 02:30:00,4203.173023581679
2030-12-14 02:45:00,4239.885687121079
2030-12-14 03:00:00,4517.432052404036
2030-12-14 03:15:00,4511.9952180680975
2030-12-14 03:30:00,4706.711395386621
2030-12-14 03:45:00,4751.7627312786335
2030-12-14 04:00:00,5170.645591932835
2030-12-14 04:15:00,5355.375280804768
2030-12-14 04:30:00,5514.899644909354
2030-12-14 04:45:00,5803.122444961395
2030-12-14 05:00:00,6108.390160663497
2030-12-14 05:15:00,6405.40572826869
2030-12-14 05:30:00,6544.499723425266
2030-12-14 05:45:00,6774.962951028561
2030-12-14 06:00:00,7771.120560835723
2030-12-14 06:15:00,8511.272753387397
2030-12-14 06:30:00,8933.058140642777
2030-12-14 06:45:00,9316.903028763882
2030-12-14 07:00:00,10109.184514684772
2030-12-14 07:15:00,10652.734453312978
2030-12-14 07:30:00,11057.257411910754
2030-12-14 07:45:00,11345.318971379222
2030-12-14 08:00:00,11675.857662778419
2030-12-14 08:15:00,12072.516150572215
2030-12-14 08:30:00,12060.836595159662
2030-12-14 08:45:00,11950.627478212693
2030-12-14 09:00:00,11663.24703570266
2030-12-14 09:15:00,11628.852281641019
2030-12-14 09:30:00,11407.16112607498
2030-12-14 09:45:00,11143.364654455112
2030-12-14 10:00:00,11062.223335846851
2030-12-14 10:15:00,11068.024970543629
2030-12-14 10:30:00,10954.91476755204
2030-12-14 10:45:00,10570.515066148035
2030-12-14 11:00:00,10393.515098701233
2030-12-14 11:15:00,10419.385302675251
2030-12-14 11:30:00,10659.40916973584
2030-12-14 11:45:00,10774.092718803848
2030-12-14 12:00:00,10812.79078450691
2030-12-14 12:15:00,10664.30543251857
2030-12-14 12:30:00,10570.205838872163
2030-12-14 12:45:00,10472.73285287597
2030-12-14 13:00:00,10484.492382431763
2030-12-14 13:15:00,10364.610596698943
2030-12-14 13:30:00,10427.546650621569
2030-12-14 13:45:00,10426.080612931772
2030-12-14 14:00:00,10598.824686837257
2030-12-14 14:15:00,10587.698585550137
2030-12-14 14:30:00,10675.151124497846
2030-12-14 14:45:00,10720.247173361995
2030-12-14 15:00:00,10786.269527787139
2030-12-14 15:15:00,10709.449524108099
2030-12-14 15:30:00,10860.114800776004
2030-12-14 15:45:00,10863.717438711225
2030-12-14 16:00:00,11067.898659846906
2030-12-14 16:15:00,11305.844831829298
2030-12-14 16:30:00,11409.90337399602
2030-12-14 16:45:00,11286.232575931572
2030-12-14 17:00:00,11305.053363473646
2030-12-14 17:15:00,11348.699583452315
2030-12-14 17:30:00,11269.137071493178
2030-12-14 17:45:00,11311.89432262084
2030-12-14 18:00:00,11326.451130573241
2030-12-14 18:15:00,11286.389051354732
2030-12-14 18:30:00,11157.49099570863
2030-12-14 18:45:00,10973.17788580954
2030-12-14 19:00:00,10740.313242135237
2030-12-14 19:15:00,10603.085006137893
2030-12-14 19:30:00,10475.886599399113
2030-12-14 19:45:00,10411.137394700076
2030-12-14 20:00:00,10043.710423050552
2030-12-14 20:15:00,9208.573157823232
2030-12-14 20:30:00,8806.684658821789
2030-12-14 20:45:00,8452.756748576927
2030-12-14 21:00:00,8318.40436332794
2030-12-14 21:15:00,8062.72407508106
2030-12-14 21:30:00,7767.229796362239
2030-12-14 21:45:00,7695.9103508643075
2030-12-14 22:00:00,7445.287280673834
2030-12-14 22:15:00,7090.650813157543
2030-12-14 22:30:00,6672.017189577116
2030-12-14 22:45:00,6684.349179685754
2030-12-14 23:00:00,6539.14134723011
2030-12-14 23:15:00,6837.419013474311
2030-12-14 23:30:00,6966.655756602508
2030-12-14 23:45:00,6939.3618272759395
2030-12-15 00:00:00,6745.749808962306
2030-12-15 00:15:00,6371.16843027072
2030-12-15 00:30:00,5619.481185641134
2030-12-15 00:45:00,5131.131708228168
2030-12-15 01:00:00,4937.490911835885
2030-12-15 01:15:00,4757.053761228128
2030-12-15 01:30:00,4738.379789704044
2030-12-15 01:45:00,4475.930195593388
2030-12-15 02:00:00,4212.158042904253
2030-12-15 02:15:00,4406.812004579722
2030-12-15 02:30:00,4489.545849488257
2030-12-15 02:45:00,4704.399270428095
2030-12-15 03:00:00,4223.049014668504
2030-12-15 03:15:00,4110.6942944912225
2030-12-15 03:30:00,4194.92690046108
2030-12-15 03:45:00,4559.724302329438
2030-12-15 04:00:00,4475.278725495908
2030-12-15 04:15:00,4617.440365578184
2030-12-15 04:30:00,4438.045863034717
2030-12-15 04:45:00,3946.171247292732
2030-12-15 05:00:00,4145.35670901501
2030-12-15 05:15:00,4043.765588974842
2030-12-15 05:30:00,4033.925406639104
2030-12-15 05:45:00,4261.255617607851
2030-12-15 06:00:00,5279.826343295654
2030-12-15 06:15:00,6064.675684572952
2030-12-15 06:30:00,6633.13393568273
2030-12-15 06:45:00,7327.541044729693
2030-12-15 07:00:00,8089.991845121956
2030-12-15 07:15:00,8386.124982458641
2030-12-15 07:30:00,8946.133895587685
2030-12-15 07:45:00,9508.874005696714
2030-12-15 08:00:00,10221.077918896764
2030-12-15 08:15:00,10483.710433321301
2030-12-15 08:30:00,10706.11460790387
2030-12-15 08:45:00,10942.672692434615
2030-12-15 09:00:00,10675.895770867472
2030-12-15 09:15:00,10741.223480177898
2030-12-15 09:30:00,10925.968412866205
2030-12-15 09:45:00,11178.682941454645
2030-12-15 10:00:00,11374.463331191002
2030-12-15 10:15:00,11719.965226079818
2030-12-15 10:30:00,11843.313303577186
2030-12-15 10:45:00,11977.73754880318
2030-12-15 11:00:00,11878.047327087736
2030-12-15 11:15:00,12091.532681602142
2030-12-15 11:30:00,12179.720910561147
2030-12-15 11:45:00,12183.758759239621
2030-12-15 12:00:00,12080.06358597012
2030-12-15 12:15:00,12145.456646939376
2030-12-15 12:30:00,12022.617356785271
2030-12-15 12:45:00,12037.909953447295
2030-12-15 13:00:00,12278.958376674043
2030-12-15 13:15:00,12468.972028668046
2030-12-15 13:30:00,12726.708096328013
2030-12-15 13:45:00,12458.854138596545
2030-12-15 14:00:00,12508.552334848873
2030-12-15 14:15:00,12492.96861263261
2030-12-15 14:30:00,12747.845427809345
2030-12-15 14:45:00,13054.46323137686
2030-12-15 15:00:00,13542.563560488077
2030-12-15 15:15:00,13511.637032919429
2030-12-15 15:30:00,13423.614486643666
2030-12-15 15:45:00,13274.218668593121
2030-12-15 16:00:00,13583.086703471792
2030-12-15 16:15:00,13650.837116329738
2030-12-15 16:30:00,13794.260769602304
2030-12-15 16:45:00,13668.474290748418
2030-12-15 17:00:00,13394.878162468904
2030-12-15 17:15:00,13378.357000139566
2030-12-15 17:30:00,12989.79904648626
2030-12-15 17:45:00,12547.065413877166
2030-12-15 18:00:00,12216.165728807477
2030-12-15 18:15:00,12171.04168351696
2030-12-15 18:30:00,12138.29857060284
2030-12-15 18:45:00,11888.844982948527
2030-12-15 19:00:00,11455.43511522168
2030-12-15 19:15:00,11146.337433997978
2030-12-15 19:30:00,10770.508915733468
2030-12-15 19:45:00,10334.347724223251
2030-12-15 20:00:00,9747.572189439108
2030-12-15 20:15:00,9318.238001185713
2030-12-15 20:30:00,8956.902028176855
2030-12-15 20:45:00,8384.581875999007
2030-12-15 21:00:00,7853.9717046366895
2030-12-15 21:15:00,7139.8019588955285
2030-12-15 21:30:00,6646.627529396323
2030-12-15 21:45:00,5898.000993452581
2030-12-15 22:00:00,5424.722798479692
2030-12-15 22:15:00,4985.7735101437975
2030-12-15 22:30:00,4317.952554541207
2030-12-15 22:45:00,3957.8198302130368
2030-12-15 23:00:00,3762.892450893414
2030-12-15 23:15:00,3869.8101150276707
2030-12-15 23:30:00,3665.049152398504
2030-12-15 23:45:00,3427.0180273011792
2030-12-16 00:00:00,3015.8759279903607
2030-12-16 00:15:00,2951.237026384295
2030-12-16 00:30:00,2940.280718953136
2030-12-16 00:45:00,2986.562011578573
2030-12-16 01:00:00,2783.359846063395
2030-12-16 01:15:00,2751.420715045906
2030-12-16 01:30:00,2327.9129719579396
2030-12-16 01:45:00,2381.456509144855
2030-12-16 02:00:00,2218.9209152662843
2030-12-16 02:15:00,1955.8406914876723
2030-12-16 02:30:00,2026.617848832202
2030-12-16 02:45:00,2313.1564783355097
2030-12-16 03:00:00,2588.452532866817
2030-12-16 03:15:00,2627.512449867054
2030-12-16 03:30:00,2668.2847241679556
2030-12-16 03:45:00,2887.7815026111275
2030-12-16 04:00:00,3214.474233718509
2030-12-16 04:15:00,3173.0928927116092
2030-12-16 04:30:00,3257.9010962168613
2030-12-16 04:45:00,3280.708157404515
2030-12-16 05:00:00,3667.612172809031
2030-12-16 05:15:00,3621.543619856173
2030-12-16 05:30:00,3436.04291595675
2030-12-16 05:45:00,3479.978714314848
2030-12-16 06:00:00,3218.2575399700363
2030-12-16 06:15:00,3206.8017836198487
2030-12-16 06:30:00,2818.326666887904
2030-12-16 06:45:00,2484.018935218388
2030-12-16 07:00:00,2507.098854954136
2030-12-16 07:15:00,2654.7709335109685
2030-12-16 07:30:00,2613.101730782313
2030-12-16 07:45:00,2758.67385285234
2030-12-16 08:00:00,2585.228820445829
2030-12-16 08:15:00,2404.982063223717
2030-12-16 08:30:00,2266.082750585945
2030-12-16 08:45:00,1609.9618201668127
2030-12-16 09:00:00,1424.3598320144374
2030-12-16 09:15:00,1220.4526322307938
2030-12-16 09:30:00,981.6042216654641
2030-12-16 09:45:00,801.7297482616705
2030-12-16 10:00:00,1015.0529684958419
2030-12-16 10:15:00,1360.3285200877654
2030-12-16 10:30:00,1552.0121575489939
2030-12-16 10:45:00,1786.7023830649123
2030-12-16 11:00:00,1599.759710178303
2030-12-16 11:15:00,1500.0793462581532
2030-12-16 11:30:00,1452.0607276584851
2030-12-16 11:45:00,1546.916765865637
2030-12-16 12:00:00,1531.82356188407
2030-12-16 12:15:00,1124.3458308842892
2030-12-16 12:30:00,892.9166876076597
2030-12-16 12:45:00,937.4042345334528
2030-12-16 13:00:00,1159.7673071746067
2030-12-16 13:15:00,1394.7542946872563
2030-12-16 13:30:00,1223.0561750435372
2030-12-16 13:45:00,1236.2495714724937
2030-12-16 14:00:00,1278.0783999529049
2030-12-16 14:15:00,1226.3798106699141
2030-12-16 14:30:00,1249.6318390093838
2030-12-16 14:45:00,1366.531818777341
2030-12-16 15:00:00,1173.6487122056933
2030-12-16 15:15:00,771.2599917581574
2030-12-16 15:30:00,837.2831120524097
2030-12-16 15:45:00,838.6954239953848
2030-12-16 16:00:00,705.8413563134127
2030-12-16 16:15:00,309.68628438937594
2030-12-16 16:30:00,185.79243198832046
2030-12-16 16:45:00,259.9904875941502
2030-12-16 17:00:00,173.0994194707382
2030-12-16 17:15:00,0.2824869039868645
2030-12-16 17:30:00,0.0
2030-12-16 17:45:00,0.0
2030-12-16 18:00:00,0.0
2030-12-16 18:15:00,0.0
2030-12-16 18:30:00,0.0
2030-12-16 18:45:00,0.0
2030-12-16 19:00:00,0.0
2030-12-16 19:15:00,0.0
2030-12-16 19:30:00,0.0
2030-12-16 19:45:00,0.0
2030-12-16 20:00:00,0.0
2030-12-16 20:15:00,0.0
2030-12-16 20:30:00,0.0
2030-12-16 20:45:00,0.0
2030-12-16 21:00:00,0.0
2030-12-16 21:15:00,0.0
2030-12-16 21:30:00,0.0
2030-12-16 21:45:00,0.0
2030-12-16 22:00:00,0.0
2030-12-16 22:15:00,0.0
2030-12-16 22:30:00,0.0
2030-12-16 22:45:00,0.0
2030-12-16 23:00:00,0.0
2030-12-16 23:15:00,0.0
2030-12-16 23:30:00,0.0
2030-12-16 23:45:00,0.0
2030-12-17 00:00:00,0.0
2030-12-17 00:15:00,0.0
2030-12-17 00:30:00,0.0
2030-12-17 00:45:00,0.0
2030-12-17 01:00:00,0.0
2030-12-17 01:15:00,0.0
2030-12-17 01:30:00,0.0
2030-12-17 01:45:00,0.0
2030-12-17 02:00:00,0.0
2030-12-17 02:15:00,0.0
2030-12-17 02:30:00,0.0
2030-12-17 02:45:00,0.0
2030-12-17 03:00:00,0.0
2030-12-17 03:15:00,0.0
2030-12-17 03:30:00,0.0
2030-12-17 03:45:00,0.0
2030-12-17 04:00:00,0.0
2030-12-17 04:15:00,0.0
2030-12-17 04:30:00,0.0
2030-12-17 04:45:00,0.0
2030-12-17 05:00:00,0.0
2030-12-17 05:15:00,0.0
2030-12-17 05:30:00,0.0
2030-12-17 05:45:00,0.0
2030-12-17 06:00:00,0.0
2030-12-17 06:15:00,0.0
2030-12-17 06:30:00,0.0
2030-12-17 06:45:00,0.0
2030-12-17 07:00:00,0.0
2030-12-17 07:15:00,0.0
2030-12-17 07:30:00,0.0
2030-12-17 07:45:00,0.0
2030-12-17 08:00:00,0.0
2030-12-17 08:15:00,0.0
2030-12-17 08:30:00,0.0
2030-12-17 08:45:00,0.0
2030-12-17 09:00:00,0.0
2030-12-17 09:15:00,0.0
2030-12-17 09:30:00,0.0
2030-12-17 09:45:00,0.0
2030-12-17 10:00:00,0.0
2030-12-17 10:15:00,0.0
2030-12-17 10:30:00,0.0
2030-12-17 10:45:00,0.0
2030-12-17 11:00:00,0.0
2030-12-17 11:15:00,0.0
2030-12-17 11:30:00,0.0
2030-12-17 11:45:00,0.0
2030-12-17 12:00:00,0.0
2030-12-17 12:15:00,0.0
2030-12-17 12:30:00,0.0
2030-12-17 12:45:00,0.0
2030-12-17 13:00:00,0.0
2030-12-17 13:15:00,0.0
2030-12-17 13:30:00,0.0
2030-12-17 13:45:00,0.0
2030-12-17 14:00:00,0.0
2030-12-17 14:15:00,0.0
2030-12-17 14:30:00,0.0
2030-12-17 14:45:00,0.0
2030-12-17 15:00:00,0.0
2030-12-17 15:15:00,0.0
2030-12-17 15:30:00,0.0
2030-12-17 15:45:00,0.0
2030-12-17 16:00:00,0.0
2030-12-17 16:15:00,0.0
2030-12-17 16:30:00,0.0
2030-12-17 16:45:00,0.0
2030-12-17 17:00:00,0.0
2030-12-17 17:15:00,0.0
2030-12-17 17:30:00,0.0
2030-12-17 17:45:00,0.0
2030-12-17 18:00:00,0.0
2030-12-17 18:15:00,0.0
2030-12-17 18:30:00,0.0
2030-12-17 18:45:00,0.0
2030-12-17 19:00:00,0.0
2030-12-17 19:15:00,0.0
2030-12-17 19:30:00,0.0
2030-12-17 19:45:00,0.0
2030-12-17 20:00:00,0.0
2030-12-17 20:15:00,0.0
2030-12-17 20:30:00,0.0
2030-12-17 20:45:00,0.0
2030-12-17 21:00:00,0.0
2030-12-17 21:15:00,0.0
2030-12-17 21:30:00,0.0
2030-12-17 21:45:00,0.0
2030-12-17 22:00:00,0.0
2030-12-17 22:15:00,0.0
2030-12-17 22:30:00,0.0
2030-12-17 22:45:00,0.0
2030-12-17 23:00:00,0.0
2030-12-17 23:15:00,0.0
2030-12-17 23:30:00,0.0
2030-12-17 23:45:00,0.0
2030-12-18 00:00:00,0.0
2030-12-18 00:15:00,0.0
2030-12-18 00:30:00,0.0
2030-12-18 00:45:00,0.0
2030-12-18 01:00:00,0.0
2030-12-18 01:15:00,0.0
2030-12-18 01:30:00,0.0
2030-12-18 01:45:00,0.0
2030-12-18 02:00:00,0.0
2030-12-18 02:15:00,0.0
2030-12-18 02:30:00,0.0
2030-12-18 02:45:00,0.0
2030-12-18 03:00:00,0.0
2030-12-18 03:15:00,0.0
2030-12-18 03:30:00,0.0
2030-12-18 03:45:00,0.0
2030-12-18 04:00:00,0.0
2030-12-18 04:15:00,0.0
2030-12-18 04:30:00,0.0
2030-12-18 04:45:00,0.0
2030-12-18 05:00:00,0.0
2030-12-18 05:15:00,0.0
2030-12-18 05:30:00,0.0
2030-12-18 05:45:00,0.0
2030-12-18 06:00:00,0.0
2030-12-18 06:15:00,0.0
2030-12-18 06:30:00,0.0
2030-12-18 06:45:00,0.0
2030-12-18 07:00:00,0.0
2030-12-18 07:15:00,0.0
2030-12-18 07:30:00,0.0
2030-12-18 07:45:00,0.0
2030-12-18 08:00:00,0.0
2030-12-18 08:15:00,0.0
2030-12-18 08:30:00,0.0
2030-12-18 08:45:00,0.0
2030-12-18 09:00:00,0.0
2030-12-18 09:15:00,0.0
2030-12-18 09:30:00,0.0
2030-12-18 09:45:00,0.0
2030-12-18 10:00:00,0.0
2030-12-18 10:15:00,0.0
2030-12-18 10:30:00,0.0
2030-12-18 10:45:00,0.0
2030-12-18 11:00:00,0.0
2030-12-18 11:15:00,0.0
2030-12-18 11:30:00,0.0
2030-12-18 11:45:00,0.0
2030-12-18 12:00:00,0.0
2030-12-18 12:15:00,0.0
2030-12-18 12:30:00,0.0
2030-12-18 12:45:00,0.0
2030-12-18 13:00:00,0.0
2030-12-18 13:15:00,0.0
2030-12-18 13:30:00,0.0
2030-12-18 13:45:00,0.0
2030-12-18 14:00:00,0.0
2030-12-18 14:15:00,0.0
2030-12-18 14:30:00,0.0
2030-12-18 14:45:00,0.0
2030-12-18 15:00:00,0.0
2030-12-18 15:15:00,0.0
2030-12-18 15:30:00,0.0
2030-12-18 15:45:00,0.0
2030-12-18 16:00:00,0.0
2030-12-18 16:15:00,0.0
2030-12-18 16:30:00,0.0
2030-12-18 16:45:00,0.0
2030-12-18 17:00:00,0.0
2030-12-18 17:15:00,0.0
2030-12-18 17:30:00,0.0
2030-12-18 17:45:00,0.0
2030-12-18 18:00:00,0.0
2030-12-18 18:15:00,0.0
2030-12-18 18:30:00,0.0
2030-12-18 18:45:00,0.0
2030-12-18 19:00:00,0.0
2030-12-18 19:15:00,0.0
2030-12-18 19:30:00,0.0
2030-12-18 19:45:00,0.0
2030-12-18 20:00:00,0.0
2030-12-18 20:15:00,0.0
2030-12-18 20:30:00,0.0
2030-12-18 20:45:00,0.0
2030-12-18 21:00:00,0.0
2030-12-18 21:15:00,0.0
2030-12-18 21:30:00,0.0
2030-12-18 21:45:00,0.0
2030-12-18 22:00:00,0.0
2030-12-18 22:15:00,0.0
2030-12-18 22:30:00,0.0
2030-12-18 22:45:00,0.0
2030-12-18 23:00:00,0.0
2030-12-18 23:15:00,0.0
2030-12-18 23:30:00,0.0
2030-12-18 23:45:00,0.0
2030-12-19 00:00:00,0.0
2030-12-19 00:15:00,0.0
2030-12-19 00:30:00,0.0
2030-12-19 00:45:00,0.0
2030-12-19 01:00:00,0.0
2030-12-19 01:15:00,0.0
2030-12-19 01:30:00,0.0
2030-12-19 01:45:00,0.0
2030-12-19 02:00:00,0.0
2030-12-19 02:15:00,0.0
2030-12-19 02:30:00,0.0
2030-12-19 02:45:00,0.0
2030-12-19 03:00:00,0.0
2030-12-19 03:15:00,0.0
2030-12-19 03:30:00,0.0
2030-12-19 03:45:00,0.0
2030-12-19 04:00:00,0.0
2030-12-19 04:15:00,0.0
2030-12-19 04:30:00,0.0
2030-12-19 04:45:00,0.0
2030-12-19 05:00:00,0.0
2030-12-19 05:15:00,0.0
2030-12-19 05:30:00,0.0
2030-12-19 05:45:00,0.0
2030-12-19 06:00:00,0.0
2030-12-19 06:15:00,0.0
2030-12-19 06:30:00,0.0
2030-12-19 06:45:00,0.0
2030-12-19 07:00:00,0.0
2030-12-19 07:15:00,0.0
2030-12-19 07:30:00,0.0
2030-12-19 07:45:00,0.0
2030-12-19 08:00:00,0.0
2030-12-19 08:15:00,0.0
2030-12-19 08:30:00,0.0
2030-12-19 08:45:00,0.0
2030-12-19 09:00:00,0.0
2030-12-19 09:15:00,0.0
2030-12-19 09:30:00,0.0
2030-12-19 09:45:00,0.0
2030-12-19 10:00:00,0.0
2030-12-19 10:15:00,0.0
2030-12-19 10:30:00,0.0
2030-12-19 10:45:00,0.0
2030-12-19 11:00:00,0.0
2030-12-19 11:15:00,0.0
2030-12-19 11:30:00,0.0
2030-12-19 11:45:00,0.0
2030-12-19 12:00:00,0.0
2030-12-19 12:15:00,0.0
2030-12-19 12:30:00,0.0
2030-12-19 12:45:00,0.0
2030-12-19 13:00:00,0.0
2030-12-19 13:15:00,0.0
2030-12-19 13:30:00,0.0
2030-12-19 13:45:00,0.0
2030-12-19 14:00:00,0.0
2030-12-19 14:15:00,0.0
2030-12-19 14:30:00,0.0
2030-12-19 14:45:00,0.0
2030-12-19 15:00:00,0.0
2030-12-19 15:15:00,0.0
2030-12-19 15:30:00,0.0
2030-12-19 15:45:00,0.0
2030-12-19 16:00:00,0.0
2030-12-19 16:15:00,0.0
2030-12-19 16:30:00,0.0
2030-12-19 16:45:00,0.0
2030-12-19 17:00:00,0.0
2030-12-19 17:15:00,0.0
2030-12-19 17:30:00,0.0
2030-12-19 17:45:00,0.0
2030-12-19 18:00:00,0.0
2030-12-19 18:15:00,0.0
2030-12-19 18:30:00,0.0
2030-12-19 18:45:00,0.0
2030-12-19 19:00:00,0.0
2030-12-19 19:15:00,0.0
2030-12-19 19:30:00,0.0
2030-12-19 19:45:00,0.0
2030-12-19 20:00:00,0.0
2030-12-19 20:15:00,0.0
2030-12-19 20:30:00,0.0
2030-12-19 20:45:00,0.0
2030-12-19 21:00:00,0.0
2030-12-19 21:15:00,0.0
2030-12-19 21:30:00,0.0
2030-12-19 21:45:00,0.0
2030-12-19 22:00:00,0.0
2030-12-19 22:15:00,0.0
2030-12-19 22:30:00,0.0
2030-12-19 22:45:00,0.0
2030-12-19 23:00:00,0.0
2030-12-19 23:15:00,0.0
2030-12-19 23:30:00,0.0
2030-12-19 23:45:00,0.0
2030-12-20 00:00:00,0.0
2030-12-20 00:15:00,0.0
2030-12-20 00:30:00,0.0
2030-12-20 00:45:00,0.0
2030-12-20 01:00:00,0.0
2030-12-20 01:15:00,0.0
2030-12-20 01:30:00,0.0
2030-12-20 01:45:00,0.0
2030-12-20 02:00:00,0.0
2030-12-20 02:15:00,0.0
2030-12-20 02:30:00,0.0
2030-12-20 02:45:00,0.0
2030-12-20 03:00:00,0.0
2030-12-20 03:15:00,0.0
2030-12-20 03:30:00,0.0
2030-12-20 03:45:00,0.0
2030-12-20 04:00:00,0.0
2030-12-20 04:15:00,0.0
2030-12-20 04:30:00,0.0
2030-12-20 04:45:00,0.0
2030-12-20 05:00:00,0.0
2030-12-20 05:15:00,0.0
2030-12-20 05:30:00,0.0
2030-12-20 05:45:00,0.0
2030-12-20 06:00:00,0.0
2030-12-20 06:15:00,0.0
2030-12-20 06:30:00,0.0
2030-12-20 06:45:00,0.0
2030-12-20 07:00:00,0.0
2030-12-20 07:15:00,0.0
2030-12-20 07:30:00,0.0
2030-12-20 07:45:00,0.0
2030-12-20 08:00:00,0.0
2030-12-20 08:15:00,0.0
2030-12-20 08:30:00,0.0
2030-12-20 08:45:00,0.0
2030-12-20 09:00:00,0.0
2030-12-20 09:15:00,0.0
2030-12-20 09:30:00,0.0
2030-12-20 09:45:00,0.0
2030-12-20 10:00:00,0.0
2030-12-20 10:15:00,0.0
2030-12-20 10:30:00,0.0
2030-12-20 10:45:00,0.0
2030-12-20 11:00:00,0.0
2030-12-20 11:15:00,0.0
2030-12-20 11:30:00,0.0
2030-12-20 11:45:00,0.0
2030-12-20 12:00:00,0.0
2030-12-20 12:15:00,0.0
2030-12-20 12:30:00,0.0
2030-12-20 12:45:00,0.0
2030-12-20 13:00:00,0.0
2030-12-20 13:15:00,0.0
2030-12-20 13:30:00,0.0
2030-12-20 13:45:00,0.0
2030-12-20 14:00:00,0.0
2030-12-20 14:15:00,0.0
2030-12-20 14:30:00,0.0
2030-12-20 14:45:00,0.0
2030-12-20 15:00:00,0.0
2030-12-20 15:15:00,0.0
2030-12-20 15:30:00,0.0
2030-12-20 15:45:00,0.0
2030-12-20 16:00:00,0.0
2030-12-20 16:15:00,0.0
2030-12-20 16:30:00,0.0
2030-12-20 16:45:00,0.0
2030-12-20 17:00:00,0.0
2030-12-20 17:15:00,0.0
2030-12-20 17:30:00,0.0
2030-12-20 17:45:00,0.0
2030-12-20 18:00:00,0.0
2030-12-20 18:15:00,0.0
2030-12-20 18:30:00,0.0
2030-12-20 18:45:00,0.0
2030-12-20 19:00:00,0.0
2030-12-20 19:15:00,0.0
2030-12-20 19:30:00,0.0
2030-12-20 19:45:00,0.0
2030-12-20 20:00:00,0.0
2030-12-20 20:15:00,0.0
2030-12-20 20:30:00,0.0
2030-12-20 20:45:00,0.0
2030-12-20 21:00:00,0.0
2030-12-20 21:15:00,0.0
2030-12-20 21:30:00,0.0
2030-12-20 21:45:00,0.0
2030-12-20 22:00:00,0.0
2030-12-20 22:15:00,0.0
2030-12-20 22:30:00,0.0
2030-12-20 22:45:00,0.0
2030-12-20 23:00:00,0.0
2030-12-20 23:15:00,0.0
2030-12-20 23:30:00,0.0
2030-12-20 23:45:00,0.0
2030-12-21 00:00:00,0.0
2030-12-21 00:15:00,0.0
2030-12-21 00:30:00,0.0
2030-12-21 00:45:00,0.0
2030-12-21 01:00:00,0.0
2030-12-21 01:15:00,0.0
2030-12-21 01:30:00,0.0
2030-12-21 01:45:00,0.0
2030-12-21 02:00:00,0.0
2030-12-21 02:15:00,0.0
2030-12-21 02:30:00,0.0
2030-12-21 02:45:00,0.0
2030-12-21 03:00:00,0.0
2030-12-21 03:15:00,0.0
2030-12-21 03:30:00,0.0
2030-12-21 03:45:00,0.0
2030-12-21 04:00:00,0.0
2030-12-21 04:15:00,0.0
2030-12-21 04:30:00,0.0
2030-12-21 04:45:00,0.0
2030-12-21 05:00:00,0.0
2030-12-21 05:15:00,0.0
2030-12-21 05:30:00,0.0
2030-12-21 05:45:00,0.0
2030-12-21 06:00:00,0.0
2030-12-21 06:15:00,0.0
2030-12-21 06:30:00,0.0
2030-12-21 06:45:00,0.0
2030-12-21 07:00:00,0.0
2030-12-21 07:15:00,0.0
2030-12-21 07:30:00,0.0
2030-12-21 07:45:00,0.0
2030-12-21 08:00:00,0.0
2030-12-21 08:15:00,0.0
2030-12-21 08:30:00,0.0
2030-12-21 08:45:00,0.0
2030-12-21 09:00:00,0.0
2030-12-21 09:15:00,0.0
2030-12-21 09:30:00,0.0
2030-12-21 09:45:00,0.0
2030-12-21 10:00:00,0.0
2030-12-21 10:15:00,0.0
2030-12-21 10:30:00,0.0
2030-12-21 10:45:00,0.0
2030-12-21 11:00:00,0.0
2030-12-21 11:15:00,0.0
2030-12-21 11:30:00,0.0
2030-12-21 11:45:00,0.0
2030-12-21 12:00:00,0.0
2030-12-21 12:15:00,0.0
2030-12-21 12:30:00,0.0
2030-12-21 12:45:00,0.0
2030-12-21 13:00:00,0.0
2030-12-21 13:15:00,0.0
2030-12-21 13:30:00,0.0
2030-12-21 13:45:00,0.0
2030-12-21 14:00:00,0.0
2030-12-21 14:15:00,0.0
2030-12-21 14:30:00,0.0
2030-12-21 14:45:00,0.0
2030-12-21 15:00:00,0.0
2030-12-21 15:15:00,0.0
2030-12-21 15:30:00,0.0
2030-12-21 15:45:00,0.0
2030-12-21 16:00:00,0.0
2030-12-21 16:15:00,0.0
2030-12-21 16:30:00,0.0
2030-12-21 16:45:00,0.0
2030-12-21 17:00:00,0.0
2030-12-21 17:15:00,0.0
2030-12-21 17:30:00,0.0
2030-12-21 17:45:00,0.0
2030-12-21 18:00:00,0.0
2030-12-21 18:15:00,0.0
2030-12-21 18:30:00,0.0
2030-12-21 18:45:00,0.0
2030-12-21 19:00:00,0.0
2030-12-21 19:15:00,0.0
2030-12-21 19:30:00,0.0
2030-12-21 19:45:00,0.0
2030-12-21 20:00:00,0.0
2030-12-21 20:15:00,0.0
2030-12-21 20:30:00,0.0
2030-12-21 20:45:00,0.0
2030-12-21 21:00:00,0.0
2030-12-21 21:15:00,0.0
2030-12-21 21:30:00,0.0
2030-12-21 21:45:00,0.0
2030-12-21 22:00:00,0.0
2030-12-21 22:15:00,0.0
2030-12-21 22:30:00,0.0
2030-12-21 22:45:00,0.0
2030-12-21 23:00:00,0.0
2030-12-21 23:15:00,0.0
2030-12-21 23:30:00,0.0
2030-12-21 23:45:00,0.0
2030-12-22 00:00:00,0.0
2030-12-22 00:15:00,0.0
2030-12-22 00:30:00,0.0
2030-12-22 00:45:00,0.0
2030-12-22 01:00:00,0.0
2030-12-22 01:15:00,0.0
2030-12-22 01:30:00,0.0
2030-12-22 01:45:00,0.0
2030-12-22 02:00:00,0.0
2030-12-22 02:15:00,0.0
2030-12-22 02:30:00,0.0
2030-12-22 02:45:00,0.0
2030-12-22 03:00:00,0.0
2030-12-22 03:15:00,0.0
2030-12-22 03:30:00,0.0
2030-12-22 03:45:00,0.0
2030-12-22 04:00:00,0.0
2030-12-22 04:15:00,0.0
2030-12-22 04:30:00,0.0
2030-12-22 04:45:00,0.0
2030-12-22 05:00:00,0.0
2030-12-22 05:15:00,0.0
2030-12-22 05:30:00,0.0
2030-12-22 05:45:00,0.0
2030-12-22 06:00:00,0.0
2030-12-22 06:15:00,0.0
2030-12-22 06:30:00,0.0
2030-12-22 06:45:00,0.0
2030-12-22 07:00:00,0.0
2030-12-22 07:15:00,0.0
2030-12-22 07:30:00,0.0
2030-12-22 07:45:00,0.0
2030-12-22 08:00:00,0.0
2030-12-22 08:15:00,0.0
2030-12-22 08:30:00,0.0
2030-12-22 08:45:00,0.0
2030-12-22 09:00:00,0.0
2030-12-22 09:15:00,0.0
2030-12-22 09:30:00,0.0
2030-12-22 09:45:00,0.0
2030-12-22 10:00:00,0.0
2030-12-22 10:15:00,0.0
2030-12-22 10:30:00,0.0
2030-12-22 10:45:00,0.0
2030-12-22 11:00:00,0.0
2030-12-22 11:15:00,0.0
2030-12-22 11:30:00,0.0
2030-12-22 11:45:00,0.0
2030-12-22 12:00:00,0.0
2030-12-22 12:15:00,0.0
2030-12-22 12:30:00,0.0
2030-12-22 12:45:00,0.0
2030-12-22 13:00:00,0.0
2030-12-22 13:15:00,0.0
2030-12-22 13:30:00,0.0
2030-12-22 13:45:00,0.0
2030-12-22 14:00:00,0.0
2030-12-22 14:15:00,0.0
2030-12-22 14:30:00,0.0
2030-12-22 14:45:00,0.0
2030-12-22 15:00:00,0.0
2030-12-22 15:15:00,0.0
2030-12-22 15:30:00,0.0
2030-12-22 15:45:00,0.0
2030-12-22 16:00:00,0.0
2030-12-22 16:15:00,0.0
2030-12-22 16:30:00,0.0
2030-12-22 16:45:00,0.0
2030-12-22 17:00:00,0.0
2030-12-22 17:15:00,0.0
2030-12-22 17:30:00,0.0
2030-12-22 17:45:00,0.0
2030-12-22 18:00:00,0.0
2030-12-22 18:15:00,0.0
2030-12-22 18:30:00,0.0
2030-12-22 18:45:00,0.0
2030-12-22 19:00:00,0.0
2030-12-22 19:15:00,0.0
2030-12-22 19:30:00,0.0
2030-12-22 19:45:00,0.0
2030-12-22 20:00:00,0.0
2030-12-22 20:15:00,0.0
2030-12-22 20:30:00,0.0
2030-12-22 20:45:00,0.0
2030-12-22 21:00:00,0.0
2030-12-22 21:15:00,0.0
2030-12-22 21:30:00,0.0
2030-12-22 21:45:00,0.0
2030-12-22 22:00:00,0.0
2030-12-22 22:15:00,0.0
2030-12-22 22:30:00,0.0
2030-12-22 22:45:00,0.0
2030-12-22 23:00:00,0.0
2030-12-22 23:15:00,0.0
2030-12-22 23:30:00,0.0
2030-12-22 23:45:00,0.0
2030-12-23 00:00:00,0.0
2030-12-23 00:15:00,0.0
2030-12-23 00:30:00,0.0
2030-12-23 00:45:00,0.0
2030-12-23 01:00:00,0.0
2030-12-23 01:15:00,0.0
2030-12-23 01:30:00,0.0
2030-12-23 01:45:00,0.0
2030-12-23 02:00:00,0.0
2030-12-23 02:15:00,0.0
2030-12-23 02:30:00,0.0
2030-12-23 02:45:00,0.0
2030-12-23 03:00:00,0.0
2030-12-23 03:15:00,0.0
2030-12-23 03:30:00,0.0
2030-12-23 03:45:00,0.0
2030-12-23 04:00:00,0.0
2030-12-23 04:15:00,0.0
2030-12-23 04:30:00,0.0
2030-12-23 04:45:00,0.0
2030-12-23 05:00:00,0.0
2030-12-23 05:15:00,0.0
2030-12-23 05:30:00,0.0
2030-12-23 05:45:00,0.0
2030-12-23 06:00:00,0.0
2030-12-23 06:15:00,0.0
2030-12-23 06:30:00,0.0
2030-12-23 06:45:00,0.0
2030-12-23 07:00:00,0.0
2030-12-23 07:15:00,0.0
2030-12-23 07:30:00,0.0
2030-12-23 07:45:00,0.0
2030-12-23 08:00:00,0.0
2030-12-23 08:15:00,0.0
2030-12-23 08:30:00,0.0
2030-12-23 08:45:00,0.0
2030-12-23 09:00:00,0.0
2030-12-23 09:15:00,0.0
2030-12-23 09:30:00,0.0
2030-12-23 09:45:00,0.0
2030-12-23 10:00:00,0.0
2030-12-23 10:15:00,0.0
2030-12-23 10:30:00,0.0
2030-12-23 10:45:00,0.0
2030-12-23 11:00:00,0.0
2030-12-23 11:15:00,0.0
2030-12-23 11:30:00,0.0
2030-12-23 11:45:00,0.0
2030-12-23 12:00:00,0.0
2030-12-23 12:15:00,0.0
2030-12-23 12:30:00,0.0
2030-12-23 12:45:00,0.0
2030-12-23 13:00:00,0.0
2030-12-23 13:15:00,0.0
2030-12-23 13:30:00,0.0
2030-12-23 13:45:00,0.0
2030-12-23 14:00:00,0.0
2030-12-23 14:15:00,0.0
2030-12-23 14:30:00,0.0
2030-12-23 14:45:00,0.0
2030-12-23 15:00:00,0.0
2030-12-23 15:15:00,0.0
2030-12-23 15:30:00,0.0
2030-12-23 15:45:00,0.0
2030-12-23 16:00:00,0.0
2030-12-23 16:15:00,0.0
2030-12-23 16:30:00,0.0
2030-12-23 16:45:00,0.0
2030-12-23 17:00:00,0.0
2030-12-23 17:15:00,0.0
2030-12-23 17:30:00,0.0
2030-12-23 17:45:00,0.0
2030-12-23 18:00:00,0.0
2030-12-23 18:15:00,0.0
2030-12-23 18:30:00,0.0
2030-12-23 18:45:00,0.0
2030-12-23 19:00:00,0.0
2030-12-23 19:15:00,0.0
2030-12-23 19:30:00,0.0
2030-12-23 19:45:00,0.0
2030-12-23 20:00:00,0.0
2030-12-23 20:15:00,0.0
2030-12-23 20:30:00,0.0
2030-12-23 20:45:00,0.0
2030-12-23 21:00:00,0.0
2030-12-23 21:15:00,0.0
2030-12-23 21:30:00,0.0
2030-12-23 21:45:00,0.0
2030-12-23 22:00:00,0.0
2030-12-23 22:15:00,0.0
2030-12-23 22:30:00,0.0
2030-12-23 22:45:00,0.0
2030-12-23 23:00:00,0.0
2030-12-23 23:15:00,0.0
2030-12-23 23:30:00,0.0
2030-12-23 23:45:00,0.0
2030-12-24 00:00:00,0.0
2030-12-24 00:15:00,0.0
2030-12-24 00:30:00,0.0
2030-12-24 00:45:00,0.0
2030-12-24 01:00:00,0.0
2030-12-24 01:15:00,0.0
2030-12-24 01:30:00,0.0
2030-12-24 01:45:00,0.0
2030-12-24 02:00:00,0.0
2030-12-24 02:15:00,0.0
2030-12-24 02:30:00,0.0
2030-12-24 02:45:00,0.0
2030-12-24 03:00:00,0.0
2030-12-24 03:15:00,0.0
2030-12-24 03:30:00,0.0
2030-12-24 03:45:00,0.0
2030-12-24 04:00:00,0.0
2030-12-24 04:15:00,0.0
2030-12-24 04:30:00,0.0
2030-12-24 04:45:00,0.0
2030-12-24 05:00:00,0.0
2030-12-24 05:15:00,0.0
2030-12-24 05:30:00,0.0
2030-12-24 05:45:00,0.0
2030-12-24 06:00:00,0.0
2030-12-24 06:15:00,0.0
2030-12-24 06:30:00,0.0
2030-12-24 06:45:00,0.0
2030-12-24 07:00:00,0.0
2030-12-24 07:15:00,0.0
2030-12-24 07:30:00,0.0
2030-12-24 07:45:00,0.0
2030-12-24 08:00:00,0.0
2030-12-24 08:15:00,0.0
2030-12-24 08:30:00,0.0
2030-12-24 08:45:00,0.0
2030-12-24 09:00:00,0.0
2030-12-24 09:15:00,0.0
2030-12-24 09:30:00,0.0
2030-12-24 09:45:00,0.0
2030-12-24 10:00:00,0.0
2030-12-24 10:15:00,0.0
2030-12-24 10:30:00,0.0
2030-12-24 10:45:00,0.0
2030-12-24 11:00:00,0.0
2030-12-24 11:15:00,0.0
2030-12-24 11:30:00,0.0
2030-12-24 11:45:00,0.0
2030-12-24 12:00:00,0.0
2030-12-24 12:15:00,0.0
2030-12-24 12:30:00,0.0
2030-12-24 12:45:00,0.0
2030-12-24 13:00:00,0.0
2030-12-24 13:15:00,0.0
2030-12-24 13:30:00,0.0
2030-12-24 13:45:00,0.0
2030-12-24 14:00:00,0.0
2030-12-24 14:15:00,0.0
2030-12-24 14:30:00,0.0
2030-12-24 14:45:00,0.0
2030-12-24 15:00:00,0.0
2030-12-24 15:15:00,0.0
2030-12-24 15:30:00,0.0
2030-12-24 15:45:00,0.0
2030-12-24 16:00:00,0.0
2030-12-24 16:15:00,0.0
2030-12-24 16:30:00,0.0
2030-12-24 16:45:00,0.0
2030-12-24 17:00:00,0.0
2030-12-24 17:15:00,0.0
2030-12-24 17:30:00,0.0
2030-12-24 17:45:00,0.0
2030-12-24 18:00:00,0.0
2030-12-24 18:15:00,0.0
2030-12-24 18:30:00,0.0
2030-12-24 18:45:00,0.0
2030-12-24 19:00:00,0.0
2030-12-24 19:15:00,0.0
2030-12-24 19:30:00,0.0
2030-12-24 19:45:00,0.0
2030-12-24 20:00:00,0.0
2030-12-24 20:15:00,0.0
2030-12-24 20:30:00,0.0
2030-12-24 20:45:00,0.0
2030-12-24 21:00:00,0.0
2030-12-24 21:15:00,0.0
2030-12-24 21:30:00,0.0
2030-12-24 21:45:00,0.0
2030-12-24 22:00:00,0.0
2030-12-24 22:15:00,0.0
2030-12-24 22:30:00,0.0
2030-12-24 22:45:00,0.0
2030-12-24 23:00:00,0.0
2030-12-24 23:15:00,0.0
2030-12-24 23:30:00,0.0
2030-12-24 23:45:00,0.0
2030-12-25 00:00:00,0.0
2030-12-25 00:15:00,0.0
2030-12-25 00:30:00,0.0
2030-12-25 00:45:00,0.0
2030-12-25 01:00:00,0.0
2030-12-25 01:15:00,0.0
2030-12-25 01:30:00,0.0
2030-12-25 01:45:00,0.0
2030-12-25 02:00:00,0.0
2030-12-25 02:15:00,0.0
2030-12-25 02:30:00,0.0
2030-12-25 02:45:00,0.0
2030-12-25 03:00:00,0.0
2030-12-25 03:15:00,0.0
2030-12-25 03:30:00,0.0
2030-12-25 03:45:00,0.0
2030-12-25 04:00:00,0.0
2030-12-25 04:15:00,0.0
2030-12-25 04:30:00,0.0
2030-12-25 04:45:00,0.0
2030-12-25 05:00:00,0.0
2030-12-25 05:15:00,0.0
2030-12-25 05:30:00,0.0
2030-12-25 05:45:00,0.0
2030-12-25 06:00:00,0.0
2030-12-25 06:15:00,0.0
2030-12-25 06:30:00,0.0
2030-12-25 06:45:00,0.0
2030-12-25 07:00:00,0.0
2030-12-25 07:15:00,0.0
2030-12-25 07:30:00,0.0
2030-12-25 07:45:00,0.0
2030-12-25 08:00:00,0.0
2030-12-25 08:15:00,0.0
2030-12-25 08:30:00,0.0
2030-12-25 08:45:00,0.0
2030-12-25 09:00:00,0.0
2030-12-25 09:15:00,0.0
2030-12-25 09:30:00,0.0
2030-12-25 09:45:00,0.0
2030-12-25 10:00:00,0.0
2030-12-25 10:15:00,0.0
2030-12-25 10:30:00,0.0
2030-12-25 10:45:00,0.0
2030-12-25 11:00:00,0.0
2030-12-25 11:15:00,0.0
2030-12-25 11:30:00,0.0
2030-12-25 11:45:00,0.0
2030-12-25 12:00:00,0.0
2030-12-25 12:15:00,0.0
2030-12-25 12:30:00,0.0
2030-12-25 12:45:00,0.0
2030-12-25 13:00:00,0.0
2030-12-25 13:15:00,0.0
2030-12-25 13:30:00,0.0
2030-12-25 13:45:00,0.0
2030-12-25 14:00:00,0.0
2030-12-25 14:15:00,0.0
2030-12-25 14:30:00,0.0
2030-12-25 14:45:00,0.0
2030-12-25 15:00:00,0.0
2030-12-25 15:15:00,0.0
2030-12-25 15:30:00,0.0
2030-12-25 15:45:00,0.0
2030-12-25 16:00:00,0.0
2030-12-25 16:15:00,0.0
2030-12-25 16:30:00,0.0
2030-12-25 16:45:00,0.0
2030-12-25 17:00:00,0.0
2030-12-25 17:15:00,0.0
2030-12-25 17:30:00,0.0
2030-12-25 17:45:00,0.0
2030-12-25 18:00:00,0.0
2030-12-25 18:15:00,0.0
2030-12-25 18:30:00,0.0
2030-12-25 18:45:00,0.0
2030-12-25 19:00:00,0.0
2030-12-25 19:15:00,0.0
2030-12-25 19:30:00,0.0
2030-12-25 19:45:00,0.0
2030-12-25 20:00:00,0.0
2030-12-25 20:15:00,0.0
2030-12-25 20:30:00,0.0
2030-12-25 20:45:00,0.0
2030-12-25 21:00:00,0.0
2030-12-25 21:15:00,0.0
2030-12-25 21:30:00,0.0
2030-12-25 21:45:00,0.0
2030-12-25 22:00:00,0.0
2030-12-25 22:15:00,0.0
2030-12-25 22:30:00,0.0
2030-12-25 22:45:00,0.0
2030-12-25 23:00:00,0.0
2030-12-25 23:15:00,0.0
2030-12-25 23:30:00,0.0
2030-12-25 23:45:00,0.0
2030-12-26 00:00:00,0.0
2030-12-26 00:15:00,0.0
2030-12-26 00:30:00,0.0
2030-12-26 00:45:00,0.0
2030-12-26 01:00:00,0.0
2030-12-26 01:15:00,0.0
2030-12-26 01:30:00,0.0
2030-12-26 01:45:00,0.0
2030-12-26 02:00:00,0.0
2030-12-26 02:15:00,0.0
2030-12-26 02:30:00,0.0
2030-12-26 02:45:00,0.0
2030-12-26 03:00:00,0.0
2030-12-26 03:15:00,0.0
2030-12-26 03:30:00,0.0
2030-12-26 03:45:00,0.0
2030-12-26 04:00:00,0.0
2030-12-26 04:15:00,0.0
2030-12-26 04:30:00,0.0
2030-12-26 04:45:00,0.0
2030-12-26 05:00:00,0.0
2030-12-26 05:15:00,0.0
2030-12-26 05:30:00,0.0
2030-12-26 05:45:00,0.0
2030-12-26 06:00:00,0.0
2030-12-26 06:15:00,0.0
2030-12-26 06:30:00,0.0
2030-12-26 06:45:00,0.0
2030-12-26 07:00:00,0.0
2030-12-26 07:15:00,0.0
2030-12-26 07:30:00,0.0
2030-12-26 07:45:00,0.0
2030-12-26 08:00:00,0.0
2030-12-26 08:15:00,0.0
2030-12-26 08:30:00,0.0
2030-12-26 08:45:00,0.0
2030-12-26 09:00:00,0.0
2030-12-26 09:15:00,0.0
2030-12-26 09:30:00,0.0
2030-12-26 09:45:00,0.0
2030-12-26 10:00:00,0.0
2030-12-26 10:15:00,0.0
2030-12-26 10:30:00,0.0
2030-12-26 10:45:00,0.0
2030-12-26 11:00:00,0.0
2030-12-26 11:15:00,0.0
2030-12-26 11:30:00,0.0
2030-12-26 11:45:00,0.0
2030-12-26 12:00:00,0.0
2030-12-26 12:15:00,0.0
2030-12-26 12:30:00,0.0
2030-12-26 12:45:00,0.0
2030-12-26 13:00:00,0.0
2030-12-26 13:15:00,0.0
2030-12-26 13:30:00,0.0
2030-12-26 13:45:00,0.0
2030-12-26 14:00:00,0.0
2030-12-26 14:15:00,0.0
2030-12-26 14:30:00,0.0
2030-12-26 14:45:00,0.0
2030-12-26 15:00:00,0.0
2030-12-26 15:15:00,0.0
2030-12-26 15:30:00,0.0
2030-12-26 15:45:00,0.0
2030-12-26 16:00:00,0.0
2030-12-26 16:15:00,0.0
2030-12-26 16:30:00,0.0
2030-12-26 16:45:00,0.0
2030-12-26 17:00:00,0.0
2030-12-26 17:15:00,0.0
2030-12-26 17:30:00,0.0
2030-12-26 17:45:00,0.0
2030-12-26 18:00:00,0.0
2030-12-26 18:15:00,0.0
2030-12-26 18:30:00,0.0
2030-12-26 18:45:00,0.0
2030-12-26 19:00:00,0.0
2030-12-26 19:15:00,0.0
2030-12-26 19:30:00,0.0
2030-12-26 19:45:00,0.0
2030-12-26 20:00:00,0.0
2030-12-26 20:15:00,0.0
2030-12-26 20:30:00,0.0
2030-12-26 20:45:00,0.0
2030-12-26 21:00:00,0.0
2030-12-26 21:15:00,0.0
2030-12-26 21:30:00,0.0
2030-12-26 21:45:00,0.0
2030-12-26 22:00:00,0.0
2030-12-26 22:15:00,0.0
2030-12-26 22:30:00,0.0
2030-12-26 22:45:00,0.0
2030-12-26 23:00:00,0.0
2030-12-26 23:15:00,0.0
2030-12-26 23:30:00,0.0
2030-12-26 23:45:00,0.0
2030-12-27 00:00:00,0.0
2030-12-27 00:15:00,0.0
2030-12-27 00:30:00,0.0
2030-12-27 00:45:00,0.0
2030-12-27 01:00:00,0.0
2030-12-27 01:15:00,0.0
2030-12-27 01:30:00,0.0
2030-12-27 01:45:00,0.0
2030-12-27 02:00:00,0.0
2030-12-27 02:15:00,0.0
2030-12-27 02:30:00,0.0
2030-12-27 02:45:00,0.0
2030-12-27 03:00:00,0.0
2030-12-27 03:15:00,0.0
2030-12-27 03:30:00,0.0
2030-12-27 03:45:00,0.0
2030-12-27 04:00:00,0.0
2030-12-27 04:15:00,0.0
2030-12-27 04:30:00,0.0
2030-12-27 04:45:00,0.0
2030-12-27 05:00:00,0.0
2030-12-27 05:15:00,0.0
2030-12-27 05:30:00,0.0
2030-12-27 05:45:00,0.0
2030-12-27 06:00:00,0.0
2030-12-27 06:15:00,0.0
2030-12-27 06:30:00,0.0
2030-12-27 06:45:00,0.0
2030-12-27 07:00:00,0.0
2030-12-27 07:15:00,0.0
2030-12-27 07:30:00,0.0
2030-12-27 07:45:00,0.0
2030-12-27 08:00:00,0.0
2030-12-27 08:15:00,0.0
2030-12-27 08:30:00,0.0
2030-12-27 08:45:00,0.0
2030-12-27 09:00:00,0.0
2030-12-27 09:15:00,0.0
2030-12-27 09:30:00,0.0
2030-12-27 09:45:00,0.0
2030-12-27 10:00:00,0.0
2030-12-27 10:15:00,0.0
2030-12-27 10:30:00,0.0
2030-12-27 10:45:00,0.0
2030-12-27 11:00:00,0.0
2030-12-27 11:15:00,0.0
2030-12-27 11:30:00,0.0
2030-12-27 11:45:00,0.0
2030-12-27 12:00:00,0.0
2030-12-27 12:15:00,0.0
2030-12-27 12:30:00,0.0
2030-12-27 12:45:00,0.0
2030-12-27 13:00:00,0.0
2030-12-27 13:15:00,0.0
2030-12-27 13:30:00,0.0
2030-12-27 13:45:00,0.0
2030-12-27 14:00:00,0.0
2030-12-27 14:15:00,0.0
2030-12-27 14:30:00,0.0
2030-12-27 14:45:00,0.0
2030-12-27 15:00:00,0.0
2030-12-27 15:15:00,0.0
2030-12-27 15:30:00,0.0
2030-12-27 15:45:00,0.0
2030-12-27 16:00:00,0.0
2030-12-27 16:15:00,0.0
2030-12-27 16:30:00,0.0
2030-12-27 16:45:00,0.0
2030-12-27 17:00:00,0.0
2030-12-27 17:15:00,0.0
2030-12-27 17:30:00,0.0
2030-12-27 17:45:00,0.0
2030-12-27 18:00:00,0.0
2030-12-27 18:15:00,0.0
2030-12-27 18:30:00,0.0
2030-12-27 18:45:00,0.0
2030-12-27 19:00:00,0.0
2030-12-27 19:15:00,0.0
2030-12-27 19:30:00,0.0
2030-12-27 19:45:00,0.0
2030-12-27 20:00:00,0.0
2030-12-27 20:15:00,0.0
2030-12-27 20:30:00,0.0
2030-12-27 20:45:00,0.0
2030-12-27 21:00:00,0.0
2030-12-27 21:15:00,0.0
2030-12-27 21:30:00,0.0
2030-12-27 21:45:00,0.0
2030-12-27 22:00:00,0.0
2030-12-27 22:15:00,0.0
2030-12-27 22:30:00,0.0
2030-12-27 22:45:00,0.0
2030-12-27 23:00:00,0.0
2030-12-27 23:15:00,0.0
2030-12-27 23:30:00,0.0
2030-12-27 23:45:00,0.0
2030-12-28 00:00:00,0.0
2030-12-28 00:15:00,0.0
2030-12-28 00:30:00,0.0
2030-12-28 00:45:00,0.0
2030-12-28 01:00:00,0.0
2030-12-28 01:15:00,0.0
2030-12-28 01:30:00,0.0
2030-12-28 01:45:00,0.0
2030-12-28 02:00:00,0.0
2030-12-28 02:15:00,0.0
2030-12-28 02:30:00,0.0
2030-12-28 02:45:00,0.0
2030-12-28 03:00:00,0.0
2030-12-28 03:15:00,0.0
2030-12-28 03:30:00,0.0
2030-12-28 03:45:00,0.0
2030-12-28 04:00:00,0.0
2030-12-28 04:15:00,0.0
2030-12-28 04:30:00,0.0
2030-12-28 04:45:00,0.0
2030-12-28 05:00:00,0.0
2030-12-28 05:15:00,0.0
2030-12-28 05:30:00,0.0
2030-12-28 05:45:00,0.0
2030-12-28 06:00:00,0.0
2030-12-28 06:15:00,0.0
2030-12-28 06:30:00,0.0
2030-12-28 06:45:00,0.0
2030-12-28 07:00:00,0.0
2030-12-28 07:15:00,0.0
2030-12-28 07:30:00,0.0
2030-12-28 07:45:00,0.0
2030-12-28 08:00:00,0.0
2030-12-28 08:15:00,0.0
2030-12-28 08:30:00,0.0
2030-12-28 08:45:00,0.0
2030-12-28 09:00:00,0.0
2030-12-28 09:15:00,0.0
2030-12-28 09:30:00,0.0
2030-12-28 09:45:00,0.0
2030-12-28 10:00:00,0.0
2030-12-28 10:15:00,0.0
2030-12-28 10:30:00,0.0
2030-12-28 10:45:00,0.0
2030-12-28 11:00:00,0.0
2030-12-28 11:15:00,0.0
2030-12-28 11:30:00,0.0
2030-12-28 11:45:00,0.0
2030-12-28 12:00:00,0.0
2030-12-28 12:15:00,0.0
2030-12-28 12:30:00,0.0
2030-12-28 12:45:00,0.0
2030-12-28 13:00:00,0.0
2030-12-28 13:15:00,0.0
2030-12-28 13:30:00,0.0
2030-12-28 13:45:00,0.0
2030-12-28 14:00:00,0.0
2030-12-28 14:15:00,0.0
2030-12-28 14:30:00,0.0
2030-12-28 14:45:00,0.0
2030-12-28 15:00:00,0.0
2030-12-28 15:15:00,0.0
2030-12-28 15:30:00,0.0
2030-12-28 15:45:00,0.0
2030-12-28 16:00:00,0.0
2030-12-28 16:15:00,0.0
2030-12-28 16:30:00,0.0
2030-12-28 16:45:00,0.0
2030-12-28 17:00:00,0.0
2030-12-28 17:15:00,0.0
2030-12-28 17:30:00,0.0
2030-12-28 17:45:00,0.0
2030-12-28 18:00:00,0.0
2030-12-28 18:15:00,0.0
2030-12-28 18:30:00,0.0
2030-12-28 18:45:00,0.0
2030-12-28 19:00:00,0.0
2030-12-28 19:15:00,0.0
2030-12-28 19:30:00,0.0
2030-12-28 19:45:00,0.0
2030-12-28 20:00:00,0.0
2030-12-28 20:15:00,0.0
2030-12-28 20:30:00,0.0
2030-12-28 20:45:00,0.0
2030-12-28 21:00:00,0.0
2030-12-28 21:15:00,0.0
2030-12-28 21:30:00,0.0
2030-12-28 21:45:00,0.0
2030-12-28 22:00:00,0.0
2030-12-28 22:15:00,0.0
2030-12-28 22:30:00,0.0
2030-12-28 22:45:00,0.0
2030-12-28 23:00:00,0.0
2030-12-28 23:15:00,0.0
2030-12-28 23:30:00,0.0
2030-12-28 23:45:00,0.0
2030-12-29 00:00:00,0.0
2030-12-29 00:15:00,0.0
2030-12-29 00:30:00,0.0
2030-12-29 00:45:00,0.0
2030-12-29 01:00:00,0.0
2030-12-29 01:15:00,0.0
2030-12-29 01:30:00,0.0
2030-12-29 01:45:00,0.0
2030-12-29 02:00:00,0.0
2030-12-29 02:15:00,0.0
2030-12-29 02:30:00,0.0
2030-12-29 02:45:00,0.0
2030-12-29 03:00:00,0.0
2030-12-29 03:15:00,0.0
2030-12-29 03:30:00,0.0
2030-12-29 03:45:00,0.0
2030-12-29 04:00:00,0.0
2030-12-29 04:15:00,0.0
2030-12-29 04:30:00,0.0
2030-12-29 04:45:00,0.0
2030-12-29 05:00:00,0.0
2030-12-29 05:15:00,0.0
2030-12-29 05:30:00,0.0
2030-12-29 05:45:00,0.0
2030-12-29 06:00:00,0.0
2030-12-29 06:15:00,0.0
2030-12-29 06:30:00,0.0
2030-12-29 06:45:00,0.0
2030-12-29 07:00:00,0.0
2030-12-29 07:15:00,0.0
2030-12-29 07:30:00,0.0
2030-12-29 07:45:00,0.0
2030-12-29 08:00:00,0.0
2030-12-29 08:15:00,0.0
2030-12-29 08:30:00,0.0
2030-12-29 08:45:00,0.0
2030-12-29 09:00:00,0.0
2030-12-29 09:15:00,0.0
2030-12-29 09:30:00,0.0
2030-12-29 09:45:00,0.0
2030-12-29 10:00:00,0.0
2030-12-29 10:15:00,0.0
2030-12-29 10:30:00,0.0
2030-12-29 10:45:00,0.0
2030-12-29 11:00:00,0.0
2030-12-29 11:15:00,0.0
2030-12-29 11:30:00,0.0
2030-12-29 11:45:00,0.0
2030-12-29 12:00:00,0.0
2030-12-29 12:15:00,0.0
2030-12-29 12:30:00,0.0
2030-12-29 12:45:00,0.0
2030-12-29 13:00:00,0.0
2030-12-29 13:15:00,0.0
2030-12-29 13:30:00,0.0
2030-12-29 13:45:00,0.0
2030-12-29 14:00:00,0.0
2030-12-29 14:15:00,0.0
2030-12-29 14:30:00,0.0
2030-12-29 14:45:00,0.0
2030-12-29 15:00:00,0.0
2030-12-29 15:15:00,0.0
2030-12-29 15:30:00,0.0
2030-12-29 15:45:00,0.0
2030-12-29 16:00:00,0.0
2030-12-29 16:15:00,0.0
2030-12-29 16:30:00,0.0
2030-12-29 16:45:00,0.0
2030-12-29 17:00:00,0.0
2030-12-29 17:15:00,0.0
2030-12-29 17:30:00,0.0
2030-12-29 17:45:00,0.0
2030-12-29 18:00:00,0.0
2030-12-29 18:15:00,0.0
2030-12-29 18:30:00,0.0
2030-12-29 18:45:00,0.0
2030-12-29 19:00:00,0.0
2030-12-29 19:15:00,0.0
2030-12-29 19:30:00,0.0
2030-12-29 19:45:00,0.0
2030-12-29 20:00:00,0.0
2030-12-29 20:15:00,0.0
2030-12-29 20:30:00,0.0
2030-12-29 20:45:00,0.0
2030-12-29 21:00:00,0.0
2030-12-29 21:15:00,0.0
2030-12-29 21:30:00,0.0
2030-12-29 21:45:00,0.0
2030-12-29 22:00:00,0.0
2030-12-29 22:15:00,0.0
2030-12-29 22:30:00,0.0
2030-12-29 22:45:00,0.0
2030-12-29 23:00:00,0.0
2030-12-29 23:15:00,0.0
2030-12-29 23:30:00,0.0
2030-12-29 23:45:00,0.0
2030-12-30 00:00:00,0.0
2030-12-30 00:15:00,0.0
2030-12-30 00:30:00,0.0
2030-12-30 00:45:00,0.0
2030-12-30 01:00:00,0.0
2030-12-30 01:15:00,0.0
2030-12-30 01:30:00,0.0
2030-12-30 01:45:00,0.0
2030-12-30 02:00:00,0.0
2030-12-30 02:15:00,0.0
2030-12-30 02:30:00,0.0
2030-12-30 02:45:00,0.0
2030-12-30 03:00:00,0.0
2030-12-30 03:15:00,0.0
2030-12-30 03:30:00,0.0
2030-12-30 03:45:00,0.0
2030-12-30 04:00:00,0.0
2030-12-30 04:15:00,0.0
2030-12-30 04:30:00,0.0
2030-12-30 04:45:00,0.0
2030-12-30 05:00:00,0.0
2030-12-30 05:15:00,0.0
2030-12-30 05:30:00,0.0
2030-12-30 05:45:00,0.0
2030-12-30 06:00:00,0.0
2030-12-30 06:15:00,0.0
2030-12-30 06:30:00,0.0
2030-12-30 06:45:00,0.0
2030-12-30 07:00:00,0.0
2030-12-30 07:15:00,0.0
2030-12-30 07:30:00,0.0
2030-12-30 07:45:00,0.0
2030-12-30 08:00:00,0.0
2030-12-30 08:15:00,0.0
2030-12-30 08:30:00,0.0
2030-12-30 08:45:00,0.0
2030-12-30 09:00:00,0.0
2030-12-30 09:15:00,0.0
2030-12-30 09:30:00,0.0
2030-12-30 09:45:00,0.0
2030-12-30 10:00:00,0.0
2030-12-30 10:15:00,0.0
2030-12-30 10:30:00,0.0
2030-12-30 10:45:00,0.0
2030-12-30 11:00:00,0.0
2030-12-30 11:15:00,0.0
2030-12-30 11:30:00,0.0
2030-12-30 11:45:00,0.0
2030-12-30 12:00:00,0.0
2030-12-30 12:15:00,0.0
2030-12-30 12:30:00,0.0
2030-12-30 12:45:00,0.0
2030-12-30 13:00:00,0.0
2030-12-30 13:15:00,0.0
2030-12-30 13:30:00,0.0
2030-12-30 13:45:00,0.0
2030-12-30 14:00:00,0.0
2030-12-30 14:15:00,0.0
2030-12-30 14:30:00,0.0
2030-12-30 14:45:00,0.0
2030-12-30 15:00:00,0.0
2030-12-30 15:15:00,0.0
2030-12-30 15:30:00,0.0
2030-12-30 15:45:00,0.0
2030-12-30 16:00:00,0.0
2030-12-30 16:15:00,0.0
2030-12-30 16:30:00,0.0
2030-12-30 16:45:00,0.0
2030-12-30 17:00:00,0.0
2030-12-30 17:15:00,0.0
2030-12-30 17:30:00,0.0
2030-12-30 17:45:00,0.0
2030-12-30 18:00:00,0.0
2030-12-30 18:15:00,0.0
2030-12-30 18:30:00,0.0
2030-12-30 18:45:00,0.0
2030-12-30 19:00:00,0.0
2030-12-30 19:15:00,0.0
2030-12-30 19:30:00,0.0
2030-12-30 19:45:00,0.0
2030-12-30 20:00:00,0.0
2030-12-30 20:15:00,0.0
2030-12-30 20:30:00,0.0
2030-12-30 20:45:00,0.0
2030-12-30 21:00:00,0.0
2030-12-30 21:15:00,0.0
2030-12-30 21:30:00,0.0
2030-12-30 21:45:00,0.0
2030-12-30 22:00:00,0.0
2030-12-30 22:15:00,0.0
2030-12-30 22:30:00,0.0
2030-12-30 22:45:00,0.0
2030-12-30 23:00:00,0.0
2030-12-30 23:15:00,0.0
2030-12-30 23:30:00,0.0
2030-12-30 23:45:00,0.0
2030-12-31 00:00:00,0.0
2030-12-31 00:15:00,0.0
2030-12-31 00:30:00,0.0
2030-12-31 00:45:00,0.0
2030-12-31 01:00:00,0.0
2030-12-31 01:15:00,0.0
2030-12-31 01:30:00,0.0
2030-12-31 01:45:00,0.0
2030-12-31 02:00:00,0.0
2030-12-31 02:15:00,0.0
2030-12-31 02:30:00,0.0
2030-12-31 02:45:00,0.0
2030-12-31 03:00:00,0.0
2030-12-31 03:15:00,0.0
2030-12-31 03:30:00,0.0
2030-12-31 03:45:00,0.0
2030-12-31 04:00:00,0.0
2030-12-31 04:15:00,0.0
2030-12-31 04:30:00,0.0
2030-12-31 04:45:00,0.0
2030-12-31 05:00:00,0.0
2030-12-31 05:15:00,0.0
2030-12-31 05:30:00,0.0
2030-12-31 05:45:00,0.0
2030-12-31 06:00:00,0.0
2030-12-31 06:15:00,0.0
2030-12-31 06:30:00,0.0
2030-12-31 06:45:00,0.0
2030-12-31 07:00:00,0.0
2030-12-31 07:15:00,0.0
2030-12-31 07:30:00,0.0
2030-12-31 07:45:00,0.0
2030-12-31 08:00:00,0.0
2030-12-31 08:15:00,0.0
2030-12-31 08:30:00,0.0
2030-12-31 08:45:00,0.0
2030-12-31 09:00:00,0.0
2030-12-31 09:15:00,0.0
2030-12-31 09:30:00,0.0
2030-12-31 09:45:00,0.0
2030-12-31 10:00:00,0.0
2030-12-31 10:15:00,0.0
2030-12-31 10:30:00,0.0
2030-12-31 10:45:00,0.0
2030-12-31 11:00:00,0.0
2030-12-31 11:15:00,0.0
2030-12-31 11:30:00,0.0
2030-12-31 11:45:00,0.0
2030-12-31 12:00:00,0.0
2030-12-31 12:15:00,0.0
2030-12-31 12:30:00,0.0
2030-12-31 12:45:00,0.0
2030-12-31 13:00:00,0.0
2030-12-31 13:15:00,0.0
2030-12-31 13:30:00,0.0
2030-12-31 13:45:00,0.0
2030-12-31 14:00:00,0.0
2030-12-31 14:15:00,0.0
2030-12-31 14:30:00,0.0
2030-12-31 14:45:00,0.0
2030-12-31 15:00:00,0.0
2030-12-31 15:15:00,0.0
2030-12-31 15:30:00,0.0
2030-12-31 15:45:00,0.0
2030-12-31 16:00:00,0.0
2030-12-31 16:15:00,0.0
2030-12-31 16:30:00,0.0
2030-12-31 16:45:00,0.0
2030-12-31 17:00:00,0.0
2030-12-31 17:15:00,0.0
2030-12-31 17:30:00,0.0
2030-12-31 17:45:00,0.0
2030-12-31 18:00:00,0.0
2030-12-31 18:15:00,0.0
2030-12-31 18:30:00,0.0
2030-12-31 18:45:00,0.0
2030-12-31 19:00:00,0.0
2030-12-31 19:15:00,0.0
2030-12-31 19:30:00,0.0
2030-12-31 19:45:00,0.0
2030-12-31 20:00:00,0.0
2030-12-31 20:15:00,0.0
2030-12-31 20:30:00,0.0
2030-12-31 20:45:00,0.0
2030-12-31 21:00:00,0.0
2030-12-31 21:15:00,0.0
2030-12-31 21:30:00,0.0
2030-12-31 21:45:00,0.0
2030-12-31 22:00:00,0.0
2030-12-31 22:15:00,0.0
2030-12-31 22:30:00,0.0
2030-12-31 22:45:00,0.0
2030-12-31 23:00:00,0.0
2030-12-31 23:15:00,0.0
2030-12-31 23:30:00,0.0
2030-12-31 23:45:00,0.0
