Datum,Restenergiebedarf in MWh
2030-01-01 00:00:00,0.0
2030-01-01 00:15:00,0.0
2030-01-01 00:30:00,0.0
2030-01-01 00:45:00,0.0
2030-01-01 01:00:00,0.0
2030-01-01 01:15:00,0.0
2030-01-01 01:30:00,0.0
2030-01-01 01:45:00,0.0
2030-01-01 02:00:00,0.0
2030-01-01 02:15:00,0.0
2030-01-01 02:30:00,0.0
2030-01-01 02:45:00,0.0
2030-01-01 03:00:00,0.0
2030-01-01 03:15:00,0.0
2030-01-01 03:30:00,0.0
2030-01-01 03:45:00,0.0
2030-01-01 04:00:00,0.0
2030-01-01 04:15:00,0.0
2030-01-01 04:30:00,0.0
2030-01-01 04:45:00,0.0
2030-01-01 05:00:00,0.0
2030-01-01 05:15:00,0.0
2030-01-01 05:30:00,0.0
2030-01-01 05:45:00,0.0
2030-01-01 06:00:00,0.0
2030-01-01 06:15:00,0.0
2030-01-01 06:30:00,0.0
2030-01-01 06:45:00,0.0
2030-01-01 07:00:00,0.0
2030-01-01 07:15:00,0.0
2030-01-01 07:30:00,0.0
2030-01-01 07:45:00,0.0
2030-01-01 08:00:00,0.0
2030-01-01 08:15:00,0.0
2030-01-01 08:30:00,0.0
2030-01-01 08:45:00,0.0
2030-01-01 09:00:00,0.0
2030-01-01 09:15:00,0.0
2030-01-01 09:30:00,0.0
2030-01-01 09:45:00,0.0
2030-01-01 10:00:00,0.0
2030-01-01 10:15:00,0.0
2030-01-01 10:30:00,0.0
2030-01-01 10:45:00,0.0
2030-01-01 11:00:00,0.0
2030-01-01 11:15:00,0.0
2030-01-01 11:30:00,0.0
2030-01-01 11:45:00,0.0
2030-01-01 12:00:00,0.0
2030-01-01 12:15:00,0.0
2030-01-01 12:30:00,0.0
2030-01-01 12:45:00,0.0
2030-01-01 13:00:00,0.0
2030-01-01 13:15:00,0.0
2030-01-01 13:30:00,0.0
2030-01-01 13:45:00,0.0
2030-01-01 14:00:00,0.0
2030-01-01 14:15:00,0.0
2030-01-01 14:30:00,0.0
2030-01-01 14:45:00,0.0
2030-01-01 15:00:00,0.0
2030-01-01 15:15:00,0.0
2030-01-01 15:30:00,0.0
2030-01-01 15:45:00,0.0
2030-01-01 16:00:00,0.0
2030-01-01 16:15:00,0.0
2030-01-01 16:30:00,0.0
2030-01-01 16:45:00,0.0
2030-01-01 17:00:00,0.0
2030-01-01 17:15:00,0.0
2030-01-01 17:30:00,0.0
2030-01-01 17:45:00,0.0
2030-01-01 18:00:00,0.0
2030-01-01 18:15:00,0.0
2030-01-01 18:30:00,0.0
2030-01-01 18:45:00,0.0
2030-01-01 19:00:00,0.0
2030-01-01 19:15:00,0.0
2030-01-01 19:30:00,0.0
2030-01-01 19:45:00,0.0
2030-01-01 20:00:00,0.0
2030-01-01 20:15:00,0.0
2030-01-01 20:30:00,0.0
2030-01-01 20:45:00,0.0
2030-01-01 21:00:00,0.0
2030-01-01 21:15:00,0.0
2030-01-01 21:30:00,0.0
2030-01-01 21:45:00,0.0
2030-01-01 22:00:00,0.0
2030-01-01 22:15:00,0.0
2030-01-01 22:30:00,0.0
2030-01-01 22:45:00,0.0
2030-01-01 23:00:00,0.0
2030-01-01 23:15:00,0.0
2030-01-01 23:30:00,0.0
2030-01-01 23:45:00,0.0
2030-01-02 00:00:00,0.0
2030-01-02 00:15:00,0.0
2030-01-02 00:30:00,0.0
2030-01-02 00:45:00,0.0
2030-01-02 01:00:00,0.0
2030-01-02 01:15:00,0.0
2030-01-02 01:30:00,0.0
2030-01-02 01:45:00,0.0
2030-01-02 02:00:00,0.0
2030-01-02 02:15:00,0.0
2030-01-02 02:30:00,0.0
2030-01-02 02:45:00,0.0
2030-01-02 03:00:00,0.0
2030-01-02 03:15:00,0.0
2030-01-02 03:30:00,0.0
2030-01-02 03:45:00,0.0
2030-01-02 04:00:00,0.0
2030-01-02 04:15:00,0.0
2030-01-02 04:30:00,0.0
2030-01-02 04:45:00,0.0
2030-01-02 05:00:00,0.0
2030-01-02 05:15:00,0.0
2030-01-02 05:30:00,0.0
2030-01-02 05:45:00,0.0
2030-01-02 06:00:00,0.0
2030-01-02 06:15:00,0.0
2030-01-02 06:30:00,0.0
2030-01-02 06:45:00,0.0
2030-01-02 07:00:00,0.0
2030-01-02 07:15:00,0.0
2030-01-02 07:30:00,0.0
2030-01-02 07:45:00,0.0
2030-01-02 08:00:00,0.0
2030-01-02 08:15:00,0.0
2030-01-02 08:30:00,0.0
2030-01-02 08:45:00,0.0
2030-01-02 09:00:00,0.0
2030-01-02 09:15:00,0.0
2030-01-02 09:30:00,0.0
2030-01-02 09:45:00,0.0
2030-01-02 10:00:00,0.0
2030-01-02 10:15:00,0.0
2030-01-02 10:30:00,0.0
2030-01-02 10:45:00,0.0
2030-01-02 11:00:00,0.0
2030-01-02 11:15:00,0.0
2030-01-02 11:30:00,0.0
2030-01-02 11:45:00,0.0
2030-01-02 12:00:00,0.0
2030-01-02 12:15:00,0.0
2030-01-02 12:30:00,0.0
2030-01-02 12:45:00,0.0
2030-01-02 13:00:00,0.0
2030-01-02 13:15:00,0.0
2030-01-02 13:30:00,0.0
2030-01-02 13:45:00,0.0
2030-01-02 14:00:00,0.0
2030-01-02 14:15:00,0.0
2030-01-02 14:30:00,0.0
2030-01-02 14:45:00,0.0
2030-01-02 15:00:00,0.0
2030-01-02 15:15:00,0.0
2030-01-02 15:30:00,0.0
2030-01-02 15:45:00,0.0
2030-01-02 16:00:00,0.0
2030-01-02 16:15:00,0.0
2030-01-02 16:30:00,0.0
2030-01-02 16:45:00,0.0
2030-01-02 17:00:00,0.0
2030-01-02 17:15:00,0.0
2030-01-02 17:30:00,0.0
2030-01-02 17:45:00,0.0
2030-01-02 18:00:00,0.0
2030-01-02 18:15:00,0.0
2030-01-02 18:30:00,0.0
2030-01-02 18:45:00,0.0
2030-01-02 19:00:00,0.0
2030-01-02 19:15:00,0.0
2030-01-02 19:30:00,0.0
2030-01-02 19:45:00,0.0
2030-01-02 20:00:00,0.0
2030-01-02 20:15:00,0.0
2030-01-02 20:30:00,0.0
2030-01-02 20:45:00,0.0
2030-01-02 21:00:00,0.0
2030-01-02 21:15:00,0.0
2030-01-02 21:30:00,0.0
2030-01-02 21:45:00,0.0
2030-01-02 22:00:00,0.0
2030-01-02 22:15:00,0.0
2030-01-02 22:30:00,0.0
2030-01-02 22:45:00,0.0
2030-01-02 23:00:00,0.0
2030-01-02 23:15:00,0.0
2030-01-02 23:30:00,0.0
2030-01-02 23:45:00,0.0
2030-01-03 00:00:00,0.0
2030-01-03 00:15:00,0.0
2030-01-03 00:30:00,0.0
2030-01-03 00:45:00,0.0
2030-01-03 01:00:00,0.0
2030-01-03 01:15:00,0.0
2030-01-03 01:30:00,0.0
2030-01-03 01:45:00,0.0
2030-01-03 02:00:00,0.0
2030-01-03 02:15:00,0.0
2030-01-03 02:30:00,0.0
2030-01-03 02:45:00,0.0
2030-01-03 03:00:00,0.0
2030-01-03 03:15:00,0.0
2030-01-03 03:30:00,0.0
2030-01-03 03:45:00,0.0
2030-01-03 04:00:00,0.0
2030-01-03 04:15:00,0.0
2030-01-03 04:30:00,0.0
2030-01-03 04:45:00,0.0
2030-01-03 05:00:00,0.0
2030-01-03 05:15:00,0.0
2030-01-03 05:30:00,0.0
2030-01-03 05:45:00,0.0
2030-01-03 06:00:00,0.0
2030-01-03 06:15:00,0.0
2030-01-03 06:30:00,0.0
2030-01-03 06:45:00,0.0
2030-01-03 07:00:00,0.0
2030-01-03 07:15:00,0.0
2030-01-03 07:30:00,0.0
2030-01-03 07:45:00,0.0
2030-01-03 08:00:00,0.0
2030-01-03 08:15:00,0.0
2030-01-03 08:30:00,0.0
2030-01-03 08:45:00,0.0
2030-01-03 09:00:00,0.0
2030-01-03 09:15:00,0.0
2030-01-03 09:30:00,0.0
2030-01-03 09:45:00,0.0
2030-01-03 10:00:00,0.0
2030-01-03 10:15:00,0.0
2030-01-03 10:30:00,0.0
2030-01-03 10:45:00,0.0
2030-01-03 11:00:00,0.0
2030-01-03 11:15:00,0.0
2030-01-03 11:30:00,0.0
2030-01-03 11:45:00,0.0
2030-01-03 12:00:00,0.0
2030-01-03 12:15:00,0.0
2030-01-03 12:30:00,0.0
2030-01-03 12:45:00,0.0
2030-01-03 13:00:00,0.0
2030-01-03 13:15:00,0.0
2030-01-03 13:30:00,0.0
2030-01-03 13:45:00,0.0
2030-01-03 14:00:00,0.0
2030-01-03 14:15:00,0.0
2030-01-03 14:30:00,0.0
2030-01-03 14:45:00,0.0
2030-01-03 15:00:00,0.0
2030-01-03 15:15:00,0.0
2030-01-03 15:30:00,0.0
2030-01-03 15:45:00,0.0
2030-01-03 16:00:00,0.0
2030-01-03 16:15:00,0.0
2030-01-03 16:30:00,0.0
2030-01-03 16:45:00,0.0
2030-01-03 17:00:00,0.0
2030-01-03 17:15:00,0.0
2030-01-03 17:30:00,0.0
2030-01-03 17:45:00,0.0
2030-01-03 18:00:00,0.0
2030-01-03 18:15:00,0.0
2030-01-03 18:30:00,0.0
2030-01-03 18:45:00,0.0
2030-01-03 19:00:00,0.0
2030-01-03 19:15:00,0.0
2030-01-03 19:30:00,0.0
2030-01-03 19:45:00,0.0
2030-01-03 20:00:00,0.0
2030-01-03 20:15:00,0.0
2030-01-03 20:30:00,0.0
2030-01-03 20:45:00,0.0
2030-01-03 21:00:00,0.0
2030-01-03 21:15:00,0.0
2030-01-03 21:30:00,0.0
2030-01-03 21:45:00,0.0
2030-01-03 22:00:00,0.0
2030-01-03 22:15:00,0.0
2030-01-03 22:30:00,0.0
2030-01-03 22:45:00,0.0
2030-01-03 23:00:00,0.0
2030-01-03 23:15:00,0.0
2030-01-03 23:30:00,0.0
2030-01-03 23:45:00,0.0
2030-01-04 00:00:00,0.0
2030-01-04 00:15:00,0.0
2030-01-04 00:30:00,0.0
2030-01-04 00:45:00,0.0
2030-01-04 01:00:00,0.0
2030-01-04 01:15:00,0.0
2030-01-04 01:30:00,0.0
2030-01-04 01:45:00,0.0
2030-01-04 02:00:00,0.0
2030-01-04 02:15:00,0.0
2030-01-04 02:30:00,0.0
2030-01-04 02:45:00,0.0
2030-01-04 03:00:00,0.0
2030-01-04 03:15:00,0.0
2030-01-04 03:30:00,0.0
2030-01-04 03:45:00,0.0
2030-01-04 04:00:00,0.0
2030-01-04 04:15:00,0.0
2030-01-04 04:30:00,0.0
2030-01-04 04:45:00,0.0
2030-01-04 05:00:00,0.0
2030-01-04 05:15:00,0.0
2030-01-04 05:30:00,0.0
2030-01-04 05:45:00,0.0
2030-01-04 06:00:00,0.0
2030-01-04 06:15:00,0.0
2030-01-04 06:30:00,0.0
2030-01-04 06:45:00,0.0
2030-01-04 07:00:00,0.0
2030-01-04 07:15:00,0.0
2030-01-04 07:30:00,0.0
2030-01-04 07:45:00,0.0
2030-01-04 08:00:00,0.0
2030-01-04 08:15:00,0.0
2030-01-04 08:30:00,0.0
2030-01-04 08:45:00,0.0
2030-01-04 09:00:00,0.0
2030-01-04 09:15:00,0.0
2030-01-04 09:30:00,0.0
2030-01-04 09:45:00,0.0
2030-01-04 10:00:00,0.0
2030-01-04 10:15:00,0.0
2030-01-04 10:30:00,0.0
2030-01-04 10:45:00,0.0
2030-01-04 11:00:00,0.0
2030-01-04 11:15:00,0.0
2030-01-04 11:30:00,0.0
2030-01-04 11:45:00,0.0
2030-01-04 12:00:00,0.0
2030-01-04 12:15:00,0.0
2030-01-04 12:30:00,0.0
2030-01-04 12:45:00,0.0
2030-01-04 13:00:00,0.0
2030-01-04 13:15:00,0.0
2030-01-04 13:30:00,0.0
2030-01-04 13:45:00,0.0
2030-01-04 14:00:00,0.0
2030-01-04 14:15:00,0.0
2030-01-04 14:30:00,0.0
2030-01-04 14:45:00,0.0
2030-01-04 15:00:00,0.0
2030-01-04 15:15:00,0.0
2030-01-04 15:30:00,0.0
2030-01-04 15:45:00,0.0
2030-01-04 16:00:00,0.0
2030-01-04 16:15:00,0.0
2030-01-04 16:30:00,0.0
2030-01-04 16:45:00,0.0
2030-01-04 17:00:00,0.0
2030-01-04 17:15:00,0.0
2030-01-04 17:30:00,0.0
2030-01-04 17:45:00,0.0
2030-01-04 18:00:00,0.0
2030-01-04 18:15:00,0.0
2030-01-04 18:30:00,0.0
2030-01-04 18:45:00,0.0
2030-01-04 19:00:00,0.0
2030-01-04 19:15:00,0.0
2030-01-04 19:30:00,0.0
2030-01-04 19:45:00,0.0
2030-01-04 20:00:00,0.0
2030-01-04 20:15:00,0.0
2030-01-04 20:30:00,0.0
2030-01-04 20:45:00,0.0
2030-01-04 21:00:00,0.0
2030-01-04 21:15:00,0.0
2030-01-04 21:30:00,0.0
2030-01-04 21:45:00,0.0
2030-01-04 22:00:00,0.0
2030-01-04 22:15:00,0.0
2030-01-04 22:30:00,0.0
2030-01-04 22:45:00,0.0
2030-01-04 23:00:00,0.0
2030-01-04 23:15:00,0.0
2030-01-04 23:30:00,0.0
2030-01-04 23:45:00,0.0
2030-01-05 00:00:00,0.0
2030-01-05 00:15:00,0.0
2030-01-05 00:30:00,0.0
2030-01-05 00:45:00,0.0
2030-01-05 01:00:00,0.0
2030-01-05 01:15:00,0.0
2030-01-05 01:30:00,0.0
2030-01-05 01:45:00,0.0
2030-01-05 02:00:00,0.0
2030-01-05 02:15:00,0.0
2030-01-05 02:30:00,0.0
2030-01-05 02:45:00,0.0
2030-01-05 03:00:00,0.0
2030-01-05 03:15:00,0.0
2030-01-05 03:30:00,0.0
2030-01-05 03:45:00,0.0
2030-01-05 04:00:00,0.0
2030-01-05 04:15:00,0.0
2030-01-05 04:30:00,0.0
2030-01-05 04:45:00,0.0
2030-01-05 05:00:00,0.0
2030-01-05 05:15:00,0.0
2030-01-05 05:30:00,0.0
2030-01-05 05:45:00,0.0
2030-01-05 06:00:00,0.0
2030-01-05 06:15:00,0.0
2030-01-05 06:30:00,0.0
2030-01-05 06:45:00,0.0
2030-01-05 07:00:00,0.0
2030-01-05 07:15:00,0.0
2030-01-05 07:30:00,0.0
2030-01-05 07:45:00,0.0
2030-01-05 08:00:00,0.0
2030-01-05 08:15:00,0.0
2030-01-05 08:30:00,0.0
2030-01-05 08:45:00,0.0
2030-01-05 09:00:00,0.0
2030-01-05 09:15:00,0.0
2030-01-05 09:30:00,0.0
2030-01-05 09:45:00,0.0
2030-01-05 10:00:00,0.0
2030-01-05 10:15:00,0.0
2030-01-05 10:30:00,0.0
2030-01-05 10:45:00,0.0
2030-01-05 11:00:00,0.0
2030-01-05 11:15:00,0.0
2030-01-05 11:30:00,0.0
2030-01-05 11:45:00,0.0
2030-01-05 12:00:00,0.0
2030-01-05 12:15:00,0.0
2030-01-05 12:30:00,0.0
2030-01-05 12:45:00,0.0
2030-01-05 13:00:00,0.0
2030-01-05 13:15:00,0.0
2030-01-05 13:30:00,0.0
2030-01-05 13:45:00,0.0
2030-01-05 14:00:00,0.0
2030-01-05 14:15:00,0.0
2030-01-05 14:30:00,0.0
2030-01-05 14:45:00,0.0
2030-01-05 15:00:00,0.0
2030-01-05 15:15:00,0.0
2030-01-05 15:30:00,0.0
2030-01-05 15:45:00,0.0
2030-01-05 16:00:00,0.0
2030-01-05 16:15:00,0.0
2030-01-05 16:30:00,0.0
2030-01-05 16:45:00,0.0
2030-01-05 17:00:00,0.0
2030-01-05 17:15:00,0.0
2030-01-05 17:30:00,0.0
2030-01-05 17:45:00,0.0
2030-01-05 18:00:00,0.0
2030-01-05 18:15:00,0.0
2030-01-05 18:30:00,0.0
2030-01-05 18:45:00,0.0
2030-01-05 19:00:00,0.0
2030-01-05 19:15:00,0.0
2030-01-05 19:30:00,0.0
2030-01-05 19:45:00,0.0
2030-01-05 20:00:00,0.0
2030-01-05 20:15:00,0.0
2030-01-05 20:30:00,0.0
2030-01-05 20:45:00,0.0
2030-01-05 21:00:00,0.0
2030-01-05 21:15:00,0.0
2030-01-05 21:30:00,0.0
2030-01-05 21:45:00,0.0
2030-01-05 22:00:00,0.0
2030-01-05 22:15:00,0.0
2030-01-05 22:30:00,0.0
2030-01-05 22:45:00,0.0
2030-01-05 23:00:00,0.0
2030-01-05 23:15:00,0.0
2030-01-05 23:30:00,0.0
2030-01-05 23:45:00,0.0
2030-01-06 00:00:00,0.0
2030-01-06 00:15:00,0.0
2030-01-06 00:30:00,0.0
2030-01-06 00:45:00,0.0
2030-01-06 01:00:00,0.0
2030-01-06 01:15:00,0.0
2030-01-06 01:30:00,0.0
2030-01-06 01:45:00,0.0
2030-01-06 02:00:00,0.0
2030-01-06 02:15:00,0.0
2030-01-06 02:30:00,0.0
2030-01-06 02:45:00,0.0
2030-01-06 03:00:00,0.0
2030-01-06 03:15:00,0.0
2030-01-06 03:30:00,0.0
2030-01-06 03:45:00,0.0
2030-01-06 04:00:00,0.0
2030-01-06 04:15:00,0.0
2030-01-06 04:30:00,0.0
2030-01-06 04:45:00,0.0
2030-01-06 05:00:00,0.0
2030-01-06 05:15:00,0.0
2030-01-06 05:30:00,0.0
2030-01-06 05:45:00,0.0
2030-01-06 06:00:00,0.0
2030-01-06 06:15:00,0.0
2030-01-06 06:30:00,0.0
2030-01-06 06:45:00,0.0
2030-01-06 07:00:00,0.0
2030-01-06 07:15:00,0.0
2030-01-06 07:30:00,0.0
2030-01-06 07:45:00,0.0
2030-01-06 08:00:00,0.0
2030-01-06 08:15:00,0.0
2030-01-06 08:30:00,0.0
2030-01-06 08:45:00,0.0
2030-01-06 09:00:00,0.0
2030-01-06 09:15:00,0.0
2030-01-06 09:30:00,0.0
2030-01-06 09:45:00,0.0
2030-01-06 10:00:00,0.0
2030-01-06 10:15:00,0.0
2030-01-06 10:30:00,0.0
2030-01-06 10:45:00,0.0
2030-01-06 11:00:00,87.65388736253954
2030-01-06 11:15:00,163.96260569407968
2030-01-06 11:30:00,200.36314654485795
2030-01-06 11:45:00,212.33902707326342
2030-01-06 12:00:00,318.07343367913563
2030-01-06 12:15:00,339.8297374428803
2030-01-06 12:30:00,383.97563264756536
2030-01-06 12:45:00,232.88290903492452
2030-01-06 13:00:00,174.1866289987538
2030-01-06 13:15:00,86.26527248155071
2030-01-06 13:30:00,5.396080327820528
2030-01-06 13:45:00,0.0
2030-01-06 14:00:00,0.0
2030-01-06 14:15:00,0.0
2030-01-06 14:30:00,0.0
2030-01-06 14:45:00,0.0
2030-01-06 15:00:00,0.0
2030-01-06 15:15:00,0.0
2030-01-06 15:30:00,0.0
2030-01-06 15:45:00,0.0
2030-01-06 16:00:00,0.0
2030-01-06 16:15:00,0.0
2030-01-06 16:30:00,0.0
2030-01-06 16:45:00,0.0
2030-01-06 17:00:00,0.0
2030-01-06 17:15:00,0.0
2030-01-06 17:30:00,0.0
2030-01-06 17:45:00,0.0
2030-01-06 18:00:00,127.02568356981101
2030-01-06 18:15:00,45.58310391747909
2030-01-06 18:30:00,9.127471569050613
2030-01-06 18:45:00,0.0
2030-01-06 19:00:00,0.0
2030-01-06 19:15:00,0.0
2030-01-06 19:30:00,0.0
2030-01-06 19:45:00,0.0
2030-01-06 20:00:00,0.0
2030-01-06 20:15:00,0.0
2030-01-06 20:30:00,0.0
2030-01-06 20:45:00,0.0
2030-01-06 21:00:00,0.0
2030-01-06 21:15:00,0.0
2030-01-06 21:30:00,0.0
2030-01-06 21:45:00,0.0
2030-01-06 22:00:00,0.0
2030-01-06 22:15:00,0.0
2030-01-06 22:30:00,0.0
2030-01-06 22:45:00,0.0
2030-01-06 23:00:00,0.0
2030-01-06 23:15:00,0.0
2030-01-06 23:30:00,0.0
2030-01-06 23:45:00,0.0
2030-01-07 00:00:00,0.0
2030-01-07 00:15:00,0.0
2030-01-07 00:30:00,0.0
2030-01-07 00:45:00,0.0
2030-01-07 01:00:00,0.0
2030-01-07 01:15:00,0.0
2030-01-07 01:30:00,0.0
2030-01-07 01:45:00,0.0
2030-01-07 02:00:00,0.0
2030-01-07 02:15:00,0.0
2030-01-07 02:30:00,0.0
2030-01-07 02:45:00,0.0
2030-01-07 03:00:00,0.0
2030-01-07 03:15:00,0.0
2030-01-07 03:30:00,0.0
2030-01-07 03:45:00,0.0
2030-01-07 04:00:00,0.0
2030-01-07 04:15:00,0.0
2030-01-07 04:30:00,0.0
2030-01-07 04:45:00,0.0
2030-01-07 05:00:00,0.0
2030-01-07 05:15:00,0.0
2030-01-07 05:30:00,0.0
2030-01-07 05:45:00,0.0
2030-01-07 06:00:00,0.0
2030-01-07 06:15:00,0.0
2030-01-07 06:30:00,0.0
2030-01-07 06:45:00,0.0
2030-01-07 07:00:00,0.0
2030-01-07 07:15:00,0.0
2030-01-07 07:30:00,0.0
2030-01-07 07:45:00,0.0
2030-01-07 08:00:00,0.0
2030-01-07 08:15:00,0.0
2030-01-07 08:30:00,0.0
2030-01-07 08:45:00,0.0
2030-01-07 09:00:00,0.0
2030-01-07 09:15:00,0.0
2030-01-07 09:30:00,0.0
2030-01-07 09:45:00,0.0
2030-01-07 10:00:00,0.0
2030-01-07 10:15:00,0.0
2030-01-07 10:30:00,0.0
2030-01-07 10:45:00,0.0
2030-01-07 11:00:00,0.0
2030-01-07 11:15:00,0.0
2030-01-07 11:30:00,0.0
2030-01-07 11:45:00,0.0
2030-01-07 12:00:00,0.0
2030-01-07 12:15:00,0.0
2030-01-07 12:30:00,0.0
2030-01-07 12:45:00,0.0
2030-01-07 13:00:00,0.0
2030-01-07 13:15:00,0.0
2030-01-07 13:30:00,0.0
2030-01-07 13:45:00,0.0
2030-01-07 14:00:00,0.0
2030-01-07 14:15:00,0.0
2030-01-07 14:30:00,0.0
2030-01-07 14:45:00,0.0
2030-01-07 15:00:00,0.0
2030-01-07 15:15:00,0.0
2030-01-07 15:30:00,0.0
2030-01-07 15:45:00,0.0
2030-01-07 16:00:00,0.0
2030-01-07 16:15:00,0.0
2030-01-07 16:30:00,0.0
2030-01-07 16:45:00,0.0
2030-01-07 17:00:00,0.0
2030-01-07 17:15:00,0.0
2030-01-07 17:30:00,0.0
2030-01-07 17:45:00,0.0
2030-01-07 18:00:00,0.0
2030-01-07 18:15:00,0.0
2030-01-07 18:30:00,0.0
2030-01-07 18:45:00,0.0
2030-01-07 19:00:00,0.0
2030-01-07 19:15:00,0.0
2030-01-07 19:30:00,0.0
2030-01-07 19:45:00,0.0
2030-01-07 20:00:00,0.0
2030-01-07 20:15:00,0.0
2030-01-07 20:30:00,0.0
2030-01-07 20:45:00,0.0
2030-01-07 21:00:00,0.0
2030-01-07 21:15:00,0.0
2030-01-07 21:30:00,0.0
2030-01-07 21:45:00,0.0
2030-01-07 22:00:00,0.0
2030-01-07 22:15:00,0.0
2030-01-07 22:30:00,0.0
2030-01-07 22:45:00,0.0
2030-01-07 23:00:00,0.0
2030-01-07 23:15:00,0.0
2030-01-07 23:30:00,0.0
2030-01-07 23:45:00,0.0
2030-01-08 00:00:00,0.0
2030-01-08 00:15:00,0.0
2030-01-08 00:30:00,0.0
2030-01-08 00:45:00,0.0
2030-01-08 01:00:00,0.0
2030-01-08 01:15:00,0.0
2030-01-08 01:30:00,0.0
2030-01-08 01:45:00,0.0
2030-01-08 02:00:00,0.0
2030-01-08 02:15:00,0.0
2030-01-08 02:30:00,0.0
2030-01-08 02:45:00,0.0
2030-01-08 03:00:00,0.0
2030-01-08 03:15:00,0.0
2030-01-08 03:30:00,0.0
2030-01-08 03:45:00,0.0
2030-01-08 04:00:00,0.0
2030-01-08 04:15:00,0.0
2030-01-08 04:30:00,0.0
2030-01-08 04:45:00,0.0
2030-01-08 05:00:00,0.0
2030-01-08 05:15:00,0.0
2030-01-08 05:30:00,0.0
2030-01-08 05:45:00,0.0
2030-01-08 06:00:00,0.0
2030-01-08 06:15:00,0.0
2030-01-08 06:30:00,0.0
2030-01-08 06:45:00,0.0
2030-01-08 07:00:00,0.0
2030-01-08 07:15:00,0.0
2030-01-08 07:30:00,0.0
2030-01-08 07:45:00,0.0
2030-01-08 08:00:00,0.0
2030-01-08 08:15:00,0.0
2030-01-08 08:30:00,0.0
2030-01-08 08:45:00,0.0
2030-01-08 09:00:00,0.0
2030-01-08 09:15:00,0.0
2030-01-08 09:30:00,0.0
2030-01-08 09:45:00,0.0
2030-01-08 10:00:00,0.0
2030-01-08 10:15:00,0.0
2030-01-08 10:30:00,0.0
2030-01-08 10:45:00,0.0
2030-01-08 11:00:00,0.0
2030-01-08 11:15:00,0.0
2030-01-08 11:30:00,0.0
2030-01-08 11:45:00,0.0
2030-01-08 12:00:00,0.0
2030-01-08 12:15:00,0.0
2030-01-08 12:30:00,0.0
2030-01-08 12:45:00,0.0
2030-01-08 13:00:00,73.24947309555137
2030-01-08 13:15:00,0.0
2030-01-08 13:30:00,0.0
2030-01-08 13:45:00,0.0
2030-01-08 14:00:00,0.0
2030-01-08 14:15:00,0.0
2030-01-08 14:30:00,0.0
2030-01-08 14:45:00,0.0
2030-01-08 15:00:00,0.0
2030-01-08 15:15:00,0.0
2030-01-08 15:30:00,0.0
2030-01-08 15:45:00,0.0
2030-01-08 16:00:00,0.0
2030-01-08 16:15:00,0.0
2030-01-08 16:30:00,0.0
2030-01-08 16:45:00,0.0
2030-01-08 17:00:00,0.0
2030-01-08 17:15:00,0.0
2030-01-08 17:30:00,0.0
2030-01-08 17:45:00,0.0
2030-01-08 18:00:00,0.0
2030-01-08 18:15:00,0.0
2030-01-08 18:30:00,0.0
2030-01-08 18:45:00,0.0
2030-01-08 19:00:00,0.0
2030-01-08 19:15:00,0.0
2030-01-08 19:30:00,0.0
2030-01-08 19:45:00,0.0
2030-01-08 20:00:00,0.0
2030-01-08 20:15:00,0.0
2030-01-08 20:30:00,0.0
2030-01-08 20:45:00,0.0
2030-01-08 21:00:00,0.0
2030-01-08 21:15:00,0.0
2030-01-08 21:30:00,0.0
2030-01-08 21:45:00,0.0
2030-01-08 22:00:00,0.0
2030-01-08 22:15:00,0.0
2030-01-08 22:30:00,0.0
2030-01-08 22:45:00,0.0
2030-01-08 23:00:00,0.0
2030-01-08 23:15:00,0.0
2030-01-08 23:30:00,0.0
2030-01-08 23:45:00,0.0
2030-01-09 00:00:00,0.0
2030-01-09 00:15:00,0.0
2030-01-09 00:30:00,0.0
2030-01-09 00:45:00,0.0
2030-01-09 01:00:00,0.0
2030-01-09 01:15:00,0.0
2030-01-09 01:30:00,0.0
2030-01-09 01:45:00,0.0
2030-01-09 02:00:00,0.0
2030-01-09 02:15:00,0.0
2030-01-09 02:30:00,0.0
2030-01-09 02:45:00,0.0
2030-01-09 03:00:00,0.0
2030-01-09 03:15:00,0.0
2030-01-09 03:30:00,0.0
2030-01-09 03:45:00,0.0
2030-01-09 04:00:00,0.0
2030-01-09 04:15:00,0.0
2030-01-09 04:30:00,0.0
2030-01-09 04:45:00,0.0
2030-01-09 05:00:00,0.0
2030-01-09 05:15:00,0.0
2030-01-09 05:30:00,0.0
2030-01-09 05:45:00,0.0
2030-01-09 06:00:00,0.0
2030-01-09 06:15:00,0.0
2030-01-09 06:30:00,0.0
2030-01-09 06:45:00,0.0
2030-01-09 07:00:00,0.0
2030-01-09 07:15:00,0.0
2030-01-09 07:30:00,0.0
2030-01-09 07:45:00,73.9658636594686
2030-01-09 08:00:00,240.22895222307852
2030-01-09 08:15:00,319.0051511077527
2030-01-09 08:30:00,447.1184196307004
2030-01-09 08:45:00,455.99078576455577
2030-01-09 09:00:00,336.96379156237526
2030-01-09 09:15:00,374.86431219465703
2030-01-09 09:30:00,458.57905915685114
2030-01-09 09:45:00,406.03419575118824
2030-01-09 10:00:00,432.91078119286067
2030-01-09 10:15:00,440.26203932637145
2030-01-09 10:30:00,532.471140049307
2030-01-09 10:45:00,681.7730703071265
2030-01-09 11:00:00,910.3706673598354
2030-01-09 11:15:00,1193.4169418739311
2030-01-09 11:30:00,1343.7050089436616
2030-01-09 11:45:00,1368.8927154517587
2030-01-09 12:00:00,1444.45476474084
2030-01-09 12:15:00,1495.515107114692
2030-01-09 12:30:00,1534.151362154742
2030-01-09 12:45:00,1573.6356836749474
2030-01-09 13:00:00,1654.2324298036328
2030-01-09 13:15:00,1563.998158567656
2030-01-09 13:30:00,1547.0922344542305
2030-01-09 13:45:00,1460.4944319279275
2030-01-09 14:00:00,1321.9566553503537
2030-01-09 14:15:00,1282.7569908357636
2030-01-09 14:30:00,1000.0050102495024
2030-01-09 14:45:00,764.7593311887522
2030-01-09 15:00:00,680.0338411662378
2030-01-09 15:15:00,427.3332729035701
2030-01-09 15:30:00,62.77579948607308
2030-01-09 15:45:00,0.0
2030-01-09 16:00:00,0.0
2030-01-09 16:15:00,0.0
2030-01-09 16:30:00,0.0
2030-01-09 16:45:00,0.0
2030-01-09 17:00:00,0.0
2030-01-09 17:15:00,0.0
2030-01-09 17:30:00,0.0
2030-01-09 17:45:00,0.0
2030-01-09 18:00:00,0.0
2030-01-09 18:15:00,0.0
2030-01-09 18:30:00,0.0
2030-01-09 18:45:00,0.0
2030-01-09 19:00:00,0.0
2030-01-09 19:15:00,0.0
2030-01-09 19:30:00,0.0
2030-01-09 19:45:00,0.0
2030-01-09 20:00:00,0.0
2030-01-09 20:15:00,0.0
2030-01-09 20:30:00,0.0
2030-01-09 20:45:00,0.0
2030-01-09 21:00:00,0.0
2030-01-09 21:15:00,0.0
2030-01-09 21:30:00,0.0
2030-01-09 21:45:00,0.0
2030-01-09 22:00:00,0.0
2030-01-09 22:15:00,0.0
2030-01-09 22:30:00,0.0
2030-01-09 22:45:00,0.0
2030-01-09 23:00:00,0.0
2030-01-09 23:15:00,0.0
2030-01-09 23:30:00,0.0
2030-01-09 23:45:00,0.0
2030-01-10 00:00:00,0.0
2030-01-10 00:15:00,0.0
2030-01-10 00:30:00,0.0
2030-01-10 00:45:00,0.0
2030-01-10 01:00:00,0.0
2030-01-10 01:15:00,0.0
2030-01-10 01:30:00,0.0
2030-01-10 01:45:00,0.0
2030-01-10 02:00:00,0.0
2030-01-10 02:15:00,0.0
2030-01-10 02:30:00,0.0
2030-01-10 02:45:00,0.0
2030-01-10 03:00:00,0.0
2030-01-10 03:15:00,0.0
2030-01-10 03:30:00,0.0
2030-01-10 03:45:00,0.0
2030-01-10 04:00:00,0.0
2030-01-10 04:15:00,0.0
2030-01-10 04:30:00,0.0
2030-01-10 04:45:00,0.0
2030-01-10 05:00:00,0.0
2030-01-10 05:15:00,0.0
2030-01-10 05:30:00,0.0
2030-01-10 05:45:00,0.0
2030-01-10 06:00:00,0.0
2030-01-10 06:15:00,0.0
2030-01-10 06:30:00,0.0
2030-01-10 06:45:00,0.0
2030-01-10 07:00:00,0.0
2030-01-10 07:15:00,0.0
2030-01-10 07:30:00,0.0
2030-01-10 07:45:00,0.0
2030-01-10 08:00:00,0.0
2030-01-10 08:15:00,0.0
2030-01-10 08:30:00,0.0
2030-01-10 08:45:00,0.0
2030-01-10 09:00:00,0.0
2030-01-10 09:15:00,0.0
2030-01-10 09:30:00,0.0
2030-01-10 09:45:00,0.0
2030-01-10 10:00:00,0.0
2030-01-10 10:15:00,0.0
2030-01-10 10:30:00,0.0
2030-01-10 10:45:00,0.0
2030-01-10 11:00:00,0.0
2030-01-10 11:15:00,0.0
2030-01-10 11:30:00,0.0
2030-01-10 11:45:00,0.0
2030-01-10 12:00:00,0.0
2030-01-10 12:15:00,0.0
2030-01-10 12:30:00,0.0
2030-01-10 12:45:00,0.0
2030-01-10 13:00:00,0.0
2030-01-10 13:15:00,0.0
2030-01-10 13:30:00,0.0
2030-01-10 13:45:00,0.0
2030-01-10 14:00:00,0.0
2030-01-10 14:15:00,0.0
2030-01-10 14:30:00,0.0
2030-01-10 14:45:00,0.0
2030-01-10 15:00:00,0.0
2030-01-10 15:15:00,0.0
2030-01-10 15:30:00,0.0
2030-01-10 15:45:00,0.0
2030-01-10 16:00:00,0.0
2030-01-10 16:15:00,0.0
2030-01-10 16:30:00,0.0
2030-01-10 16:45:00,0.0
2030-01-10 17:00:00,0.0
2030-01-10 17:15:00,0.0
2030-01-10 17:30:00,0.0
2030-01-10 17:45:00,0.0
2030-01-10 18:00:00,0.0
2030-01-10 18:15:00,0.0
2030-01-10 18:30:00,0.0
2030-01-10 18:45:00,0.0
2030-01-10 19:00:00,0.0
2030-01-10 19:15:00,0.0
2030-01-10 19:30:00,0.0
2030-01-10 19:45:00,0.0
2030-01-10 20:00:00,0.0
2030-01-10 20:15:00,0.0
2030-01-10 20:30:00,0.0
2030-01-10 20:45:00,0.0
2030-01-10 21:00:00,0.0
2030-01-10 21:15:00,0.0
2030-01-10 21:30:00,0.0
2030-01-10 21:45:00,0.0
2030-01-10 22:00:00,0.0
2030-01-10 22:15:00,0.0
2030-01-10 22:30:00,0.0
2030-01-10 22:45:00,0.0
2030-01-10 23:00:00,0.0
2030-01-10 23:15:00,0.0
2030-01-10 23:30:00,0.0
2030-01-10 23:45:00,0.0
2030-01-11 00:00:00,0.0
2030-01-11 00:15:00,0.0
2030-01-11 00:30:00,0.0
2030-01-11 00:45:00,0.0
2030-01-11 01:00:00,0.0
2030-01-11 01:15:00,0.0
2030-01-11 01:30:00,0.0
2030-01-11 01:45:00,0.0
2030-01-11 02:00:00,0.0
2030-01-11 02:15:00,0.0
2030-01-11 02:30:00,0.0
2030-01-11 02:45:00,0.0
2030-01-11 03:00:00,0.0
2030-01-11 03:15:00,0.0
2030-01-11 03:30:00,0.0
2030-01-11 03:45:00,0.0
2030-01-11 04:00:00,0.0
2030-01-11 04:15:00,0.0
2030-01-11 04:30:00,0.0
2030-01-11 04:45:00,0.0
2030-01-11 05:00:00,0.0
2030-01-11 05:15:00,0.0
2030-01-11 05:30:00,0.0
2030-01-11 05:45:00,0.0
2030-01-11 06:00:00,0.0
2030-01-11 06:15:00,0.0
2030-01-11 06:30:00,0.0
2030-01-11 06:45:00,17.317927669781056
2030-01-11 07:00:00,417.3309562045906
2030-01-11 07:15:00,733.0568644113046
2030-01-11 07:30:00,891.018793194613
2030-01-11 07:45:00,1018.2463464997109
2030-01-11 08:00:00,1120.9995953380785
2030-01-11 08:15:00,1175.6236944332231
2030-01-11 08:30:00,1112.2182549654553
2030-01-11 08:45:00,1024.435157588443
2030-01-11 09:00:00,959.8007006604639
2030-01-11 09:15:00,918.6582138212052
2030-01-11 09:30:00,912.2792378825234
2030-01-11 09:45:00,922.6300881547213
2030-01-11 10:00:00,932.9569584885794
2030-01-11 10:15:00,864.6599256268491
2030-01-11 10:30:00,872.4613287563589
2030-01-11 10:45:00,979.9529619204659
2030-01-11 11:00:00,1037.507989284426
2030-01-11 11:15:00,1174.4016661782262
2030-01-11 11:30:00,1206.3490384676406
2030-01-11 11:45:00,1303.962290743153
2030-01-11 12:00:00,1237.5746220018827
2030-01-11 12:15:00,1242.0848354814734
2030-01-11 12:30:00,1371.9520233738713
2030-01-11 12:45:00,1448.7794740550198
2030-01-11 13:00:00,1346.7093433550071
2030-01-11 13:15:00,1194.9005749180233
2030-01-11 13:30:00,1115.2842093653435
2030-01-11 13:45:00,1014.6967787103513
2030-01-11 14:00:00,1015.8392902065607
2030-01-11 14:15:00,876.8654031033293
2030-01-11 14:30:00,749.5237770090353
2030-01-11 14:45:00,622.3603959371758
2030-01-11 15:00:00,448.1553118544416
2030-01-11 15:15:00,258.68700106618417
2030-01-11 15:30:00,95.93459868956052
2030-01-11 15:45:00,0.0
2030-01-11 16:00:00,0.0
2030-01-11 16:15:00,0.0
2030-01-11 16:30:00,0.0
2030-01-11 16:45:00,0.0
2030-01-11 17:00:00,223.32982411100056
2030-01-11 17:15:00,200.1353183884621
2030-01-11 17:30:00,98.35012915400694
2030-01-11 17:45:00,83.71263877960882
2030-01-11 18:00:00,0.0
2030-01-11 18:15:00,0.0
2030-01-11 18:30:00,0.0
2030-01-11 18:45:00,0.0
2030-01-11 19:00:00,0.0
2030-01-11 19:15:00,0.0
2030-01-11 19:30:00,0.0
2030-01-11 19:45:00,0.0
2030-01-11 20:00:00,0.0
2030-01-11 20:15:00,0.0
2030-01-11 20:30:00,0.0
2030-01-11 20:45:00,0.0
2030-01-11 21:00:00,0.0
2030-01-11 21:15:00,0.0
2030-01-11 21:30:00,0.0
2030-01-11 21:45:00,0.0
2030-01-11 22:00:00,0.0
2030-01-11 22:15:00,0.0
2030-01-11 22:30:00,0.0
2030-01-11 22:45:00,0.0
2030-01-11 23:00:00,0.0
2030-01-11 23:15:00,0.0
2030-01-11 23:30:00,0.0
2030-01-11 23:45:00,0.0
2030-01-12 00:00:00,0.0
2030-01-12 00:15:00,0.0
2030-01-12 00:30:00,0.0
2030-01-12 00:45:00,0.0
2030-01-12 01:00:00,0.0
2030-01-12 01:15:00,0.0
2030-01-12 01:30:00,0.0
2030-01-12 01:45:00,0.0
2030-01-12 02:00:00,0.0
2030-01-12 02:15:00,0.0
2030-01-12 02:30:00,0.0
2030-01-12 02:45:00,0.0
2030-01-12 03:00:00,0.0
2030-01-12 03:15:00,0.0
2030-01-12 03:30:00,0.0
2030-01-12 03:45:00,0.0
2030-01-12 04:00:00,0.0
2030-01-12 04:15:00,0.0
2030-01-12 04:30:00,0.0
2030-01-12 04:45:00,0.0
2030-01-12 05:00:00,0.0
2030-01-12 05:15:00,0.0
2030-01-12 05:30:00,0.0
2030-01-12 05:45:00,0.0
2030-01-12 06:00:00,0.0
2030-01-12 06:15:00,0.0
2030-01-12 06:30:00,0.0
2030-01-12 06:45:00,0.0
2030-01-12 07:00:00,0.0
2030-01-12 07:15:00,0.0
2030-01-12 07:30:00,0.0
2030-01-12 07:45:00,0.0
2030-01-12 08:00:00,0.0
2030-01-12 08:15:00,0.0
2030-01-12 08:30:00,0.0
2030-01-12 08:45:00,0.0
2030-01-12 09:00:00,0.0
2030-01-12 09:15:00,0.0
2030-01-12 09:30:00,0.0
2030-01-12 09:45:00,0.0
2030-01-12 10:00:00,0.0
2030-01-12 10:15:00,0.0
2030-01-12 10:30:00,0.0
2030-01-12 10:45:00,0.0
2030-01-12 11:00:00,0.0
2030-01-12 11:15:00,0.0
2030-01-12 11:30:00,0.0
2030-01-12 11:45:00,0.0
2030-01-12 12:00:00,0.0
2030-01-12 12:15:00,0.0
2030-01-12 12:30:00,0.0
2030-01-12 12:45:00,0.0
2030-01-12 13:00:00,0.0
2030-01-12 13:15:00,0.0
2030-01-12 13:30:00,0.0
2030-01-12 13:45:00,0.0
2030-01-12 14:00:00,0.0
2030-01-12 14:15:00,0.0
2030-01-12 14:30:00,0.0
2030-01-12 14:45:00,0.0
2030-01-12 15:00:00,0.0
2030-01-12 15:15:00,0.0
2030-01-12 15:30:00,0.0
2030-01-12 15:45:00,0.0
2030-01-12 16:00:00,0.0
2030-01-12 16:15:00,0.0
2030-01-12 16:30:00,0.0
2030-01-12 16:45:00,0.0
2030-01-12 17:00:00,0.0
2030-01-12 17:15:00,0.0
2030-01-12 17:30:00,0.0
2030-01-12 17:45:00,0.0
2030-01-12 18:00:00,0.0
2030-01-12 18:15:00,0.0
2030-01-12 18:30:00,0.0
2030-01-12 18:45:00,0.0
2030-01-12 19:00:00,0.0
2030-01-12 19:15:00,0.0
2030-01-12 19:30:00,0.0
2030-01-12 19:45:00,0.0
2030-01-12 20:00:00,0.0
2030-01-12 20:15:00,0.0
2030-01-12 20:30:00,0.0
2030-01-12 20:45:00,0.0
2030-01-12 21:00:00,0.0
2030-01-12 21:15:00,0.0
2030-01-12 21:30:00,0.0
2030-01-12 21:45:00,0.0
2030-01-12 22:00:00,0.0
2030-01-12 22:15:00,0.0
2030-01-12 22:30:00,0.0
2030-01-12 22:45:00,0.0
2030-01-12 23:00:00,0.0
2030-01-12 23:15:00,0.0
2030-01-12 23:30:00,0.0
2030-01-12 23:45:00,0.0
2030-01-13 00:00:00,0.0
2030-01-13 00:15:00,0.0
2030-01-13 00:30:00,0.0
2030-01-13 00:45:00,0.0
2030-01-13 01:00:00,0.0
2030-01-13 01:15:00,0.0
2030-01-13 01:30:00,0.0
2030-01-13 01:45:00,0.0
2030-01-13 02:00:00,0.0
2030-01-13 02:15:00,0.0
2030-01-13 02:30:00,0.0
2030-01-13 02:45:00,0.0
2030-01-13 03:00:00,0.0
2030-01-13 03:15:00,0.0
2030-01-13 03:30:00,0.0
2030-01-13 03:45:00,0.0
2030-01-13 04:00:00,0.0
2030-01-13 04:15:00,0.0
2030-01-13 04:30:00,0.0
2030-01-13 04:45:00,0.0
2030-01-13 05:00:00,0.0
2030-01-13 05:15:00,0.0
2030-01-13 05:30:00,0.0
2030-01-13 05:45:00,0.0
2030-01-13 06:00:00,0.0
2030-01-13 06:15:00,0.0
2030-01-13 06:30:00,0.0
2030-01-13 06:45:00,0.0
2030-01-13 07:00:00,0.0
2030-01-13 07:15:00,0.0
2030-01-13 07:30:00,0.0
2030-01-13 07:45:00,0.0
2030-01-13 08:00:00,0.0
2030-01-13 08:15:00,0.0
2030-01-13 08:30:00,0.0
2030-01-13 08:45:00,0.0
2030-01-13 09:00:00,0.0
2030-01-13 09:15:00,0.0
2030-01-13 09:30:00,0.0
2030-01-13 09:45:00,0.0
2030-01-13 10:00:00,0.0
2030-01-13 10:15:00,0.0
2030-01-13 10:30:00,0.0
2030-01-13 10:45:00,0.0
2030-01-13 11:00:00,0.0
2030-01-13 11:15:00,0.0
2030-01-13 11:30:00,0.0
2030-01-13 11:45:00,0.0
2030-01-13 12:00:00,0.0
2030-01-13 12:15:00,0.0
2030-01-13 12:30:00,0.0
2030-01-13 12:45:00,0.0
2030-01-13 13:00:00,0.0
2030-01-13 13:15:00,0.0
2030-01-13 13:30:00,0.0
2030-01-13 13:45:00,0.0
2030-01-13 14:00:00,0.0
2030-01-13 14:15:00,0.0
2030-01-13 14:30:00,0.0
2030-01-13 14:45:00,0.0
2030-01-13 15:00:00,0.0
2030-01-13 15:15:00,0.0
2030-01-13 15:30:00,0.0
2030-01-13 15:45:00,0.0
2030-01-13 16:00:00,0.0
2030-01-13 16:15:00,0.0
2030-01-13 16:30:00,0.0
2030-01-13 16:45:00,0.0
2030-01-13 17:00:00,0.0
2030-01-13 17:15:00,0.0
2030-01-13 17:30:00,0.0
2030-01-13 17:45:00,0.0
2030-01-13 18:00:00,0.0
2030-01-13 18:15:00,0.0
2030-01-13 18:30:00,0.0
2030-01-13 18:45:00,0.0
2030-01-13 19:00:00,0.0
2030-01-13 19:15:00,0.0
2030-01-13 19:30:00,0.0
2030-01-13 19:45:00,0.0
2030-01-13 20:00:00,0.0
2030-01-13 20:15:00,0.0
2030-01-13 20:30:00,0.0
2030-01-13 20:45:00,0.0
2030-01-13 21:00:00,0.0
2030-01-13 21:15:00,0.0
2030-01-13 21:30:00,0.0
2030-01-13 21:45:00,0.0
2030-01-13 22:00:00,0.0
2030-01-13 22:15:00,0.0
2030-01-13 22:30:00,0.0
2030-01-13 22:45:00,0.0
2030-01-13 23:00:00,0.0
2030-01-13 23:15:00,0.0
2030-01-13 23:30:00,0.0
2030-01-13 23:45:00,0.0
2030-01-14 00:00:00,0.0
2030-01-14 00:15:00,0.0
2030-01-14 00:30:00,0.0
2030-01-14 00:45:00,0.0
2030-01-14 01:00:00,0.0
2030-01-14 01:15:00,0.0
2030-01-14 01:30:00,0.0
2030-01-14 01:45:00,0.0
2030-01-14 02:00:00,0.0
2030-01-14 02:15:00,0.0
2030-01-14 02:30:00,0.0
2030-01-14 02:45:00,0.0
2030-01-14 03:00:00,0.0
2030-01-14 03:15:00,0.0
2030-01-14 03:30:00,0.0
2030-01-14 03:45:00,0.0
2030-01-14 04:00:00,0.0
2030-01-14 04:15:00,0.0
2030-01-14 04:30:00,0.0
2030-01-14 04:45:00,0.0
2030-01-14 05:00:00,0.0
2030-01-14 05:15:00,0.0
2030-01-14 05:30:00,0.0
2030-01-14 05:45:00,0.0
2030-01-14 06:00:00,0.0
2030-01-14 06:15:00,0.0
2030-01-14 06:30:00,0.0
2030-01-14 06:45:00,0.0
2030-01-14 07:00:00,0.0
2030-01-14 07:15:00,0.0
2030-01-14 07:30:00,0.0
2030-01-14 07:45:00,0.0
2030-01-14 08:00:00,0.0
2030-01-14 08:15:00,0.0
2030-01-14 08:30:00,0.0
2030-01-14 08:45:00,0.0
2030-01-14 09:00:00,0.0
2030-01-14 09:15:00,0.0
2030-01-14 09:30:00,0.0
2030-01-14 09:45:00,0.0
2030-01-14 10:00:00,0.0
2030-01-14 10:15:00,0.0
2030-01-14 10:30:00,0.0
2030-01-14 10:45:00,0.0
2030-01-14 11:00:00,0.0
2030-01-14 11:15:00,0.0
2030-01-14 11:30:00,0.0
2030-01-14 11:45:00,0.0
2030-01-14 12:00:00,0.0
2030-01-14 12:15:00,0.0
2030-01-14 12:30:00,0.0
2030-01-14 12:45:00,0.0
2030-01-14 13:00:00,0.0
2030-01-14 13:15:00,0.0
2030-01-14 13:30:00,0.0
2030-01-14 13:45:00,0.0
2030-01-14 14:00:00,0.0
2030-01-14 14:15:00,0.0
2030-01-14 14:30:00,0.0
2030-01-14 14:45:00,0.0
2030-01-14 15:00:00,0.0
2030-01-14 15:15:00,0.0
2030-01-14 15:30:00,0.0
2030-01-14 15:45:00,0.0
2030-01-14 16:00:00,0.0
2030-01-14 16:15:00,0.0
2030-01-14 16:30:00,0.0
2030-01-14 16:45:00,0.0
2030-01-14 17:00:00,0.0
2030-01-14 17:15:00,0.0
2030-01-14 17:30:00,0.0
2030-01-14 17:45:00,0.0
2030-01-14 18:00:00,0.0
2030-01-14 18:15:00,0.0
2030-01-14 18:30:00,0.0
2030-01-14 18:45:00,0.0
2030-01-14 19:00:00,0.0
2030-01-14 19:15:00,0.0
2030-01-14 19:30:00,0.0
2030-01-14 19:45:00,0.0
2030-01-14 20:00:00,0.0
2030-01-14 20:15:00,0.0
2030-01-14 20:30:00,0.0
2030-01-14 20:45:00,0.0
2030-01-14 21:00:00,0.0
2030-01-14 21:15:00,0.0
2030-01-14 21:30:00,0.0
2030-01-14 21:45:00,0.0
2030-01-14 22:00:00,0.0
2030-01-14 22:15:00,0.0
2030-01-14 22:30:00,0.0
2030-01-14 22:45:00,0.0
2030-01-14 23:00:00,0.0
2030-01-14 23:15:00,0.0
2030-01-14 23:30:00,0.0
2030-01-14 23:45:00,0.0
2030-01-15 00:00:00,0.0
2030-01-15 00:15:00,0.0
2030-01-15 00:30:00,0.0
2030-01-15 00:45:00,0.0
2030-01-15 01:00:00,0.0
2030-01-15 01:15:00,0.0
2030-01-15 01:30:00,0.0
2030-01-15 01:45:00,0.0
2030-01-15 02:00:00,0.0
2030-01-15 02:15:00,0.0
2030-01-15 02:30:00,0.0
2030-01-15 02:45:00,0.0
2030-01-15 03:00:00,0.0
2030-01-15 03:15:00,0.0
2030-01-15 03:30:00,0.0
2030-01-15 03:45:00,0.0
2030-01-15 04:00:00,0.0
2030-01-15 04:15:00,0.0
2030-01-15 04:30:00,0.0
2030-01-15 04:45:00,0.0
2030-01-15 05:00:00,0.0
2030-01-15 05:15:00,0.0
2030-01-15 05:30:00,0.0
2030-01-15 05:45:00,0.0
2030-01-15 06:00:00,0.0
2030-01-15 06:15:00,0.0
2030-01-15 06:30:00,0.0
2030-01-15 06:45:00,0.0
2030-01-15 07:00:00,0.0
2030-01-15 07:15:00,0.0
2030-01-15 07:30:00,0.0
2030-01-15 07:45:00,0.0
2030-01-15 08:00:00,0.0
2030-01-15 08:15:00,0.0
2030-01-15 08:30:00,0.0
2030-01-15 08:45:00,0.0
2030-01-15 09:00:00,0.0
2030-01-15 09:15:00,0.0
2030-01-15 09:30:00,0.0
2030-01-15 09:45:00,0.0
2030-01-15 10:00:00,0.0
2030-01-15 10:15:00,0.0
2030-01-15 10:30:00,0.0
2030-01-15 10:45:00,0.0
2030-01-15 11:00:00,0.0
2030-01-15 11:15:00,0.0
2030-01-15 11:30:00,0.0
2030-01-15 11:45:00,0.0
2030-01-15 12:00:00,0.0
2030-01-15 12:15:00,0.0
2030-01-15 12:30:00,0.0
2030-01-15 12:45:00,0.0
2030-01-15 13:00:00,0.0
2030-01-15 13:15:00,0.0
2030-01-15 13:30:00,0.0
2030-01-15 13:45:00,0.0
2030-01-15 14:00:00,0.0
2030-01-15 14:15:00,0.0
2030-01-15 14:30:00,0.0
2030-01-15 14:45:00,0.0
2030-01-15 15:00:00,0.0
2030-01-15 15:15:00,0.0
2030-01-15 15:30:00,0.0
2030-01-15 15:45:00,0.0
2030-01-15 16:00:00,0.0
2030-01-15 16:15:00,0.0
2030-01-15 16:30:00,0.0
2030-01-15 16:45:00,0.0
2030-01-15 17:00:00,0.0
2030-01-15 17:15:00,0.0
2030-01-15 17:30:00,0.0
2030-01-15 17:45:00,0.0
2030-01-15 18:00:00,0.0
2030-01-15 18:15:00,0.0
2030-01-15 18:30:00,0.0
2030-01-15 18:45:00,0.0
2030-01-15 19:00:00,0.0
2030-01-15 19:15:00,0.0
2030-01-15 19:30:00,0.0
2030-01-15 19:45:00,0.0
2030-01-15 20:00:00,0.0
2030-01-15 20:15:00,0.0
2030-01-15 20:30:00,0.0
2030-01-15 20:45:00,0.0
2030-01-15 21:00:00,0.0
2030-01-15 21:15:00,0.0
2030-01-15 21:30:00,0.0
2030-01-15 21:45:00,0.0
2030-01-15 22:00:00,0.0
2030-01-15 22:15:00,0.0
2030-01-15 22:30:00,0.0
2030-01-15 22:45:00,0.0
2030-01-15 23:00:00,0.0
2030-01-15 23:15:00,0.0
2030-01-15 23:30:00,0.0
2030-01-15 23:45:00,0.0
2030-01-16 00:00:00,0.0
2030-01-16 00:15:00,0.0
2030-01-16 00:30:00,0.0
2030-01-16 00:45:00,0.0
2030-01-16 01:00:00,0.0
2030-01-16 01:15:00,0.0
2030-01-16 01:30:00,0.0
2030-01-16 01:45:00,0.0
2030-01-16 02:00:00,0.0
2030-01-16 02:15:00,0.0
2030-01-16 02:30:00,0.0
2030-01-16 02:45:00,0.0
2030-01-16 03:00:00,0.0
2030-01-16 03:15:00,0.0
2030-01-16 03:30:00,0.0
2030-01-16 03:45:00,0.0
2030-01-16 04:00:00,0.0
2030-01-16 04:15:00,0.0
2030-01-16 04:30:00,0.0
2030-01-16 04:45:00,0.0
2030-01-16 05:00:00,0.0
2030-01-16 05:15:00,0.0
2030-01-16 05:30:00,0.0
2030-01-16 05:45:00,0.0
2030-01-16 06:00:00,0.0
2030-01-16 06:15:00,0.0
2030-01-16 06:30:00,126.4006272062179
2030-01-16 06:45:00,501.2346607488271
2030-01-16 07:00:00,974.5151625535582
2030-01-16 07:15:00,1208.955253432683
2030-01-16 07:30:00,1340.1303715233553
2030-01-16 07:45:00,1436.74528473777
2030-01-16 08:00:00,1637.9503048377956
2030-01-16 08:15:00,1728.7290958957747
2030-01-16 08:30:00,1736.3982993255522
2030-01-16 08:45:00,1761.301642592798
2030-01-16 09:00:00,1722.8891523007605
2030-01-16 09:15:00,1736.5356641893486
2030-01-16 09:30:00,1689.3813992306586
2030-01-16 09:45:00,1702.6283327917317
2030-01-16 10:00:00,1694.2495285322802
2030-01-16 10:15:00,1715.2502015292866
2030-01-16 10:30:00,1715.6975418074908
2030-01-16 10:45:00,1725.5230796762226
2030-01-16 11:00:00,1780.6494323242841
2030-01-16 11:15:00,1676.5246525400253
2030-01-16 11:30:00,1644.1340151171316
2030-01-16 11:45:00,1503.930703198841
2030-01-16 12:00:00,1358.5889213206392
2030-01-16 12:15:00,1227.6665128106433
2030-01-16 12:30:00,1171.5882289482615
2030-01-16 12:45:00,1033.0949419231274
2030-01-16 13:00:00,961.7545729924113
2030-01-16 13:15:00,794.4716360119364
2030-01-16 13:30:00,688.4424569770017
2030-01-16 13:45:00,537.1433394510132
2030-01-16 14:00:00,506.828777968487
2030-01-16 14:15:00,436.55732178713697
2030-01-16 14:30:00,352.8848731054168
2030-01-16 14:45:00,335.4796408880047
2030-01-16 15:00:00,474.47869122053453
2030-01-16 15:15:00,395.1411685248786
2030-01-16 15:30:00,456.51911439469586
2030-01-16 15:45:00,425.71796669040486
2030-01-16 16:00:00,476.353576797037
2030-01-16 16:15:00,576.08926680064
2030-01-16 16:30:00,639.0935993002859
2030-01-16 16:45:00,858.6555992536978
2030-01-16 17:00:00,1029.5338841833982
2030-01-16 17:15:00,1168.2237061775577
2030-01-16 17:30:00,1212.984501665338
2030-01-16 17:45:00,1163.4113647358645
2030-01-16 18:00:00,1236.2385138316386
2030-01-16 18:15:00,1273.5929218933434
2030-01-16 18:30:00,1267.9967946456727
2030-01-16 18:45:00,1191.6537158848187
2030-01-16 19:00:00,1138.1975790969373
2030-01-16 19:15:00,1047.0905174503532
2030-01-16 19:30:00,834.4106101398174
2030-01-16 19:45:00,527.7377318992349
2030-01-16 20:00:00,168.90412974528772
2030-01-16 20:15:00,0.0
2030-01-16 20:30:00,0.0
2030-01-16 20:45:00,0.0
2030-01-16 21:00:00,0.0
2030-01-16 21:15:00,0.0
2030-01-16 21:30:00,0.0
2030-01-16 21:45:00,0.0
2030-01-16 22:00:00,0.0
2030-01-16 22:15:00,0.0
2030-01-16 22:30:00,0.0
2030-01-16 22:45:00,0.0
2030-01-16 23:00:00,0.0
2030-01-16 23:15:00,0.0
2030-01-16 23:30:00,0.0
2030-01-16 23:45:00,0.0
2030-01-17 00:00:00,0.0
2030-01-17 00:15:00,0.0
2030-01-17 00:30:00,0.0
2030-01-17 00:45:00,0.0
2030-01-17 01:00:00,0.0
2030-01-17 01:15:00,0.0
2030-01-17 01:30:00,0.0
2030-01-17 01:45:00,0.0
2030-01-17 02:00:00,0.0
2030-01-17 02:15:00,0.0
2030-01-17 02:30:00,0.0
2030-01-17 02:45:00,0.0
2030-01-17 03:00:00,0.0
2030-01-17 03:15:00,0.0
2030-01-17 03:30:00,0.0
2030-01-17 03:45:00,0.0
2030-01-17 04:00:00,0.0
2030-01-17 04:15:00,0.0
2030-01-17 04:30:00,0.0
2030-01-17 04:45:00,0.0
2030-01-17 05:00:00,0.0
2030-01-17 05:15:00,0.0
2030-01-17 05:30:00,0.0
2030-01-17 05:45:00,0.0
2030-01-17 06:00:00,0.0
2030-01-17 06:15:00,0.0
2030-01-17 06:30:00,0.0
2030-01-17 06:45:00,1.9530620853984146
2030-01-17 07:00:00,594.1589670906214
2030-01-17 07:15:00,928.8022103004205
2030-01-17 07:30:00,1190.2949505717752
2030-01-17 07:45:00,1474.6466096722725
2030-01-17 08:00:00,1661.4775155349744
2030-01-17 08:15:00,1826.371147740916
2030-01-17 08:30:00,1865.6747985100956
2030-01-17 08:45:00,1905.9648357409897
2030-01-17 09:00:00,1874.1863577790918
2030-01-17 09:15:00,1953.928701808156
2030-01-17 09:30:00,2010.2363097377602
2030-01-17 09:45:00,2077.1617565231318
2030-01-17 10:00:00,2090.0375482371765
2030-01-17 10:15:00,2188.866268018528
2030-01-17 10:30:00,2208.817228751981
2030-01-17 10:45:00,2331.4321552506917
2030-01-17 11:00:00,2344.431972397573
2030-01-17 11:15:00,2499.4641325024786
2030-01-17 11:30:00,2502.9137785325165
2030-01-17 11:45:00,2487.9808598279487
2030-01-17 12:00:00,2525.8531981390097
2030-01-17 12:15:00,2469.210913959181
2030-01-17 12:30:00,2546.8631362425476
2030-01-17 12:45:00,2532.6182063711894
2030-01-17 13:00:00,2398.0148670369254
2030-01-17 13:15:00,2296.1448651110786
2030-01-17 13:30:00,2284.157678353775
2030-01-17 13:45:00,2243.169535552579
2030-01-17 14:00:00,2311.613475870279
2030-01-17 14:15:00,2288.951306625251
2030-01-17 14:30:00,2070.1142730788833
2030-01-17 14:45:00,1922.2449424186761
2030-01-17 15:00:00,1895.2177255866154
2030-01-17 15:15:00,1844.0184427845488
2030-01-17 15:30:00,1708.7648776613823
2030-01-17 15:45:00,1650.107886114998
2030-01-17 16:00:00,1597.9130593680002
2030-01-17 16:15:00,1686.8725716642803
2030-01-17 16:30:00,1818.4931606239952
2030-01-17 16:45:00,1960.2179402972579
2030-01-17 17:00:00,2356.21617888561
2030-01-17 17:15:00,2604.2247074149345
2030-01-17 17:30:00,2693.4040281770904
2030-01-17 17:45:00,2803.7663628703194
2030-01-17 18:00:00,2748.132716879076
2030-01-17 18:15:00,2611.6253631453546
2030-01-17 18:30:00,2583.5697664085437
2030-01-17 18:45:00,2524.294607339072
2030-01-17 19:00:00,2520.905963845078
2030-01-17 19:15:00,2440.5127966465643
2030-01-17 19:30:00,2323.656212806678
2030-01-17 19:45:00,2165.188513509729
2030-01-17 20:00:00,1943.7277786097147
2030-01-17 20:15:00,1659.1319219456145
2030-01-17 20:30:00,1513.8317901034861
2030-01-17 20:45:00,1209.6425647038177
2030-01-17 21:00:00,857.8506833842475
2030-01-17 21:15:00,701.0489028210213
2030-01-17 21:30:00,398.3260378250561
2030-01-17 21:45:00,109.60061832229985
2030-01-17 22:00:00,0.0
2030-01-17 22:15:00,0.0
2030-01-17 22:30:00,0.0
2030-01-17 22:45:00,0.0
2030-01-17 23:00:00,0.0
2030-01-17 23:15:00,0.0
2030-01-17 23:30:00,0.0
2030-01-17 23:45:00,0.0
2030-01-18 00:00:00,0.0
2030-01-18 00:15:00,0.0
2030-01-18 00:30:00,0.0
2030-01-18 00:45:00,0.0
2030-01-18 01:00:00,0.0
2030-01-18 01:15:00,0.0
2030-01-18 01:30:00,0.0
2030-01-18 01:45:00,0.0
2030-01-18 02:00:00,0.0
2030-01-18 02:15:00,0.0
2030-01-18 02:30:00,0.0
2030-01-18 02:45:00,0.0
2030-01-18 03:00:00,0.0
2030-01-18 03:15:00,0.0
2030-01-18 03:30:00,0.0
2030-01-18 03:45:00,0.0
2030-01-18 04:00:00,0.0
2030-01-18 04:15:00,0.0
2030-01-18 04:30:00,0.0
2030-01-18 04:45:00,0.0
2030-01-18 05:00:00,0.0
2030-01-18 05:15:00,0.0
2030-01-18 05:30:00,0.0
2030-01-18 05:45:00,0.0
2030-01-18 06:00:00,0.0
2030-01-18 06:15:00,269.42435178570486
2030-01-18 06:30:00,645.2625883861092
2030-01-18 06:45:00,962.3819629812915
2030-01-18 07:00:00,1430.7814316779077
2030-01-18 07:15:00,1706.454732113356
2030-01-18 07:30:00,1875.059887438205
2030-01-18 07:45:00,1992.638373046082
2030-01-18 08:00:00,2153.8706897407974
2030-01-18 08:15:00,2297.9454967264464
2030-01-18 08:30:00,2365.935594399947
2030-01-18 08:45:00,2354.308859404562
2030-01-18 09:00:00,2273.560193922298
2030-01-18 09:15:00,2510.5863640466778
2030-01-18 09:30:00,2567.0358879392516
2030-01-18 09:45:00,2498.1098377490543
2030-01-18 10:00:00,2520.323283502861
2030-01-18 10:15:00,2574.036574786198
2030-01-18 10:30:00,2722.7486163428184
2030-01-18 10:45:00,2819.8616631814384
2030-01-18 11:00:00,2776.4151448042667
2030-01-18 11:15:00,2826.4421556669495
2030-01-18 11:30:00,2846.4723041513917
2030-01-18 11:45:00,2903.076154957984
2030-01-18 12:00:00,2876.3810870182715
2030-01-18 12:15:00,3023.571823223745
2030-01-18 12:30:00,2947.169056877714
2030-01-18 12:45:00,2855.874393031043
2030-01-18 13:00:00,2836.7278772680766
2030-01-18 13:15:00,2823.9729530790755
2030-01-18 13:30:00,2738.1374567723287
2030-01-18 13:45:00,2534.2103465709115
2030-01-18 14:00:00,2507.1505693988656
2030-01-18 14:15:00,2551.638512801348
2030-01-18 14:30:00,2497.4127803767697
2030-01-18 14:45:00,2443.684496626509
2030-01-18 15:00:00,2451.7356638253623
2030-01-18 15:15:00,2326.532667145919
2030-01-18 15:30:00,2263.2136521585708
2030-01-18 15:45:00,2223.384644008491
2030-01-18 16:00:00,2232.2783994550155
2030-01-18 16:15:00,2172.250843626214
2030-01-18 16:30:00,2207.5405847023176
2030-01-18 16:45:00,2266.670334594546
2030-01-18 17:00:00,2462.0022007620464
2030-01-18 17:15:00,2591.9829930945234
2030-01-18 17:30:00,2661.826329339865
2030-01-18 17:45:00,2624.746261615086
2030-01-18 18:00:00,2529.4087305924877
2030-01-18 18:15:00,2389.32519366045
2030-01-18 18:30:00,2339.7903143917374
2030-01-18 18:45:00,2326.1906101712884
2030-01-18 19:00:00,2174.468828032339
2030-01-18 19:15:00,1999.4799272733235
2030-01-18 19:30:00,1840.749326407502
2030-01-18 19:45:00,1613.6770664176656
2030-01-18 20:00:00,1325.314028800778
2030-01-18 20:15:00,1168.059528361855
2030-01-18 20:30:00,1061.3172248932424
2030-01-18 20:45:00,877.579693345866
2030-01-18 21:00:00,819.5302508382774
2030-01-18 21:15:00,610.1735581047888
2030-01-18 21:30:00,407.3636461483875
2030-01-18 21:45:00,265.17237381131054
2030-01-18 22:00:00,158.71739987237743
2030-01-18 22:15:00,0.0
2030-01-18 22:30:00,0.0
2030-01-18 22:45:00,0.0
2030-01-18 23:00:00,0.0
2030-01-18 23:15:00,0.0
2030-01-18 23:30:00,0.0
2030-01-18 23:45:00,0.0
2030-01-19 00:00:00,0.0
2030-01-19 00:15:00,0.0
2030-01-19 00:30:00,0.0
2030-01-19 00:45:00,0.0
2030-01-19 01:00:00,0.0
2030-01-19 01:15:00,0.0
2030-01-19 01:30:00,0.0
2030-01-19 01:45:00,0.0
2030-01-19 02:00:00,0.0
2030-01-19 02:15:00,0.0
2030-01-19 02:30:00,0.0
2030-01-19 02:45:00,0.0
2030-01-19 03:00:00,0.0
2030-01-19 03:15:00,0.0
2030-01-19 03:30:00,0.0
2030-01-19 03:45:00,0.0
2030-01-19 04:00:00,0.0
2030-01-19 04:15:00,0.0
2030-01-19 04:30:00,0.0
2030-01-19 04:45:00,0.0
2030-01-19 05:00:00,0.0
2030-01-19 05:15:00,0.0
2030-01-19 05:30:00,0.0
2030-01-19 05:45:00,0.0
2030-01-19 06:00:00,0.0
2030-01-19 06:15:00,0.0
2030-01-19 06:30:00,191.6540879675049
2030-01-19 06:45:00,401.41818131584296
2030-01-19 07:00:00,767.0944436427562
2030-01-19 07:15:00,844.0477394077116
2030-01-19 07:30:00,932.8204260785242
2030-01-19 07:45:00,972.4558378601923
2030-01-19 08:00:00,1129.0128255860782
2030-01-19 08:15:00,1133.5658691820863
2030-01-19 08:30:00,1137.3070065494958
2030-01-19 08:45:00,1164.5805922243017
2030-01-19 09:00:00,1171.8555652188843
2030-01-19 09:15:00,1230.1988467638093
2030-01-19 09:30:00,1296.6533813811093
2030-01-19 09:45:00,1414.0683211792275
2030-01-19 10:00:00,1447.466106587639
2030-01-19 10:15:00,1557.159064329193
2030-01-19 10:30:00,1626.1163606879327
2030-01-19 10:45:00,1727.1221199192387
2030-01-19 11:00:00,1901.1169373641678
2030-01-19 11:15:00,2085.030823385574
2030-01-19 11:30:00,2173.494428638547
2030-01-19 11:45:00,2201.040213128146
2030-01-19 12:00:00,2116.5158523220853
2030-01-19 12:15:00,2103.3152439432306
2030-01-19 12:30:00,2191.785847615509
2030-01-19 12:45:00,2154.6457248857696
2030-01-19 13:00:00,2271.0837517992804
2030-01-19 13:15:00,2315.31737633
2030-01-19 13:30:00,2230.582486743706
2030-01-19 13:45:00,1966.0202327930056
2030-01-19 14:00:00,1853.3118295469576
2030-01-19 14:15:00,1788.2273581120571
2030-01-19 14:30:00,1689.339376510481
2030-01-19 14:45:00,1592.4724276821053
2030-01-19 15:00:00,1572.5036734899622
2030-01-19 15:15:00,1577.644362880179
2030-01-19 15:30:00,1581.1366667950606
2030-01-19 15:45:00,1452.5983780471997
2030-01-19 16:00:00,1536.3206798145766
2030-01-19 16:15:00,1466.381746717474
2030-01-19 16:30:00,1425.3553208955582
2030-01-19 16:45:00,1577.4035768879985
2030-01-19 17:00:00,1776.592689276251
2030-01-19 17:15:00,1880.334224573815
2030-01-19 17:30:00,1852.9081063019257
2030-01-19 17:45:00,1817.0930732438428
2030-01-19 18:00:00,1671.5848210091044
2030-01-19 18:15:00,1485.1566096889183
2030-01-19 18:30:00,1400.498016358426
2030-01-19 18:45:00,1314.0202597659409
2030-01-19 19:00:00,1187.3166521761377
2030-01-19 19:15:00,1060.6101187381464
2030-01-19 19:30:00,947.3605897437847
2030-01-19 19:45:00,784.9962896540092
2030-01-19 20:00:00,488.20805662195744
2030-01-19 20:15:00,166.81079759140994
2030-01-19 20:30:00,0.0
2030-01-19 20:45:00,0.0
2030-01-19 21:00:00,0.0
2030-01-19 21:15:00,0.0
2030-01-19 21:30:00,0.0
2030-01-19 21:45:00,0.0
2030-01-19 22:00:00,0.0
2030-01-19 22:15:00,0.0
2030-01-19 22:30:00,0.0
2030-01-19 22:45:00,0.0
2030-01-19 23:00:00,0.0
2030-01-19 23:15:00,0.0
2030-01-19 23:30:00,0.0
2030-01-19 23:45:00,0.0
2030-01-20 00:00:00,0.0
2030-01-20 00:15:00,0.0
2030-01-20 00:30:00,0.0
2030-01-20 00:45:00,0.0
2030-01-20 01:00:00,0.0
2030-01-20 01:15:00,0.0
2030-01-20 01:30:00,0.0
2030-01-20 01:45:00,0.0
2030-01-20 02:00:00,0.0
2030-01-20 02:15:00,0.0
2030-01-20 02:30:00,0.0
2030-01-20 02:45:00,0.0
2030-01-20 03:00:00,0.0
2030-01-20 03:15:00,0.0
2030-01-20 03:30:00,0.0
2030-01-20 03:45:00,0.0
2030-01-20 04:00:00,0.0
2030-01-20 04:15:00,0.0
2030-01-20 04:30:00,0.0
2030-01-20 04:45:00,0.0
2030-01-20 05:00:00,0.0
2030-01-20 05:15:00,0.0
2030-01-20 05:30:00,0.0
2030-01-20 05:45:00,0.0
2030-01-20 06:00:00,0.0
2030-01-20 06:15:00,0.0
2030-01-20 06:30:00,0.0
2030-01-20 06:45:00,0.0
2030-01-20 07:00:00,236.74649006246182
2030-01-20 07:15:00,565.5657168842699
2030-01-20 07:30:00,806.5953211563192
2030-01-20 07:45:00,994.6280583159078
2030-01-20 08:00:00,1155.993578916543
2030-01-20 08:15:00,1289.9894455433787
2030-01-20 08:30:00,1366.2215129939977
2030-01-20 08:45:00,1340.3093209388917
2030-01-20 09:00:00,1252.8343038598887
2030-01-20 09:15:00,1314.230012965938
2030-01-20 09:30:00,1480.474652737541
2030-01-20 09:45:00,1537.5492453012557
2030-01-20 10:00:00,1605.9019453208894
2030-01-20 10:15:00,1654.4890672177353
2030-01-20 10:30:00,1770.941105225651
2030-01-20 10:45:00,1875.9186611550504
2030-01-20 11:00:00,1875.6440803579771
2030-01-20 11:15:00,1926.9728125307756
2030-01-20 11:30:00,1935.9133242930402
2030-01-20 11:45:00,1896.045897506774
2030-01-20 12:00:00,1832.571331823483
2030-01-20 12:15:00,1835.0685082582531
2030-01-20 12:30:00,1831.3210473281106
2030-01-20 12:45:00,1782.6964917314035
2030-01-20 13:00:00,1737.2815378874802
2030-01-20 13:15:00,1638.4155575516252
2030-01-20 13:30:00,1454.923798390606
2030-01-20 13:45:00,1318.2322403872859
2030-01-20 14:00:00,1326.0939701782954
2030-01-20 14:15:00,1206.7374597625694
2030-01-20 14:30:00,1190.0986647636018
2030-01-20 14:45:00,1148.1979471612212
2030-01-20 15:00:00,1113.2882342169814
2030-01-20 15:15:00,1049.4945459421942
2030-01-20 15:30:00,1003.1435257268458
2030-01-20 15:45:00,941.4153094049034
2030-01-20 16:00:00,969.9790113875024
2030-01-20 16:15:00,981.113325821847
2030-01-20 16:30:00,1064.7488674500255
2030-01-20 16:45:00,1123.2213220342928
2030-01-20 17:00:00,1273.7876595010166
2030-01-20 17:15:00,1517.6416243198764
2030-01-20 17:30:00,1614.4143782454794
2030-01-20 17:45:00,1690.7714245061707
2030-01-20 18:00:00,1614.7202526602632
2030-01-20 18:15:00,1549.7816999217284
2030-01-20 18:30:00,1472.6799973174857
2030-01-20 18:45:00,1402.495130928688
2030-01-20 19:00:00,1320.249261274701
2030-01-20 19:15:00,1127.1313879820173
2030-01-20 19:30:00,976.6428486439909
2030-01-20 19:45:00,815.6826618550476
2030-01-20 20:00:00,540.1490875564104
2030-01-20 20:15:00,433.6239395292632
2030-01-20 20:30:00,255.65542152872695
2030-01-20 20:45:00,89.20306101043207
2030-01-20 21:00:00,0.0
2030-01-20 21:15:00,0.0
2030-01-20 21:30:00,0.0
2030-01-20 21:45:00,0.0
2030-01-20 22:00:00,0.0
2030-01-20 22:15:00,0.0
2030-01-20 22:30:00,0.0
2030-01-20 22:45:00,0.0
2030-01-20 23:00:00,0.0
2030-01-20 23:15:00,0.0
2030-01-20 23:30:00,0.0
2030-01-20 23:45:00,0.0
2030-01-21 00:00:00,0.0
2030-01-21 00:15:00,0.0
2030-01-21 00:30:00,0.0
2030-01-21 00:45:00,0.0
2030-01-21 01:00:00,0.0
2030-01-21 01:15:00,0.0
2030-01-21 01:30:00,0.0
2030-01-21 01:45:00,0.0
2030-01-21 02:00:00,0.0
2030-01-21 02:15:00,0.0
2030-01-21 02:30:00,0.0
2030-01-21 02:45:00,0.0
2030-01-21 03:00:00,0.0
2030-01-21 03:15:00,0.0
2030-01-21 03:30:00,0.0
2030-01-21 03:45:00,0.0
2030-01-21 04:00:00,0.0
2030-01-21 04:15:00,0.0
2030-01-21 04:30:00,0.0
2030-01-21 04:45:00,0.0
2030-01-21 05:00:00,0.0
2030-01-21 05:15:00,0.0
2030-01-21 05:30:00,0.0
2030-01-21 05:45:00,0.0
2030-01-21 06:00:00,0.0
2030-01-21 06:15:00,0.0
2030-01-21 06:30:00,0.0
2030-01-21 06:45:00,0.0
2030-01-21 07:00:00,0.0
2030-01-21 07:15:00,0.0
2030-01-21 07:30:00,0.0
2030-01-21 07:45:00,0.0
2030-01-21 08:00:00,0.0
2030-01-21 08:15:00,0.0
2030-01-21 08:30:00,0.0
2030-01-21 08:45:00,99.68965528821718
2030-01-21 09:00:00,372.8200330023392
2030-01-21 09:15:00,613.9220303397542
2030-01-21 09:30:00,726.4281298837523
2030-01-21 09:45:00,873.1483587385337
2030-01-21 10:00:00,1079.2031907189412
2030-01-21 10:15:00,1162.4009945263715
2030-01-21 10:30:00,1154.8655638888831
2030-01-21 10:45:00,1223.0561967169488
2030-01-21 11:00:00,1340.7380120816415
2030-01-21 11:15:00,1421.4092306230104
2030-01-21 11:30:00,1470.7903766065338
2030-01-21 11:45:00,1510.7882760453867
2030-01-21 12:00:00,1490.2775860822585
2030-01-21 12:15:00,1496.881785260195
2030-01-21 12:30:00,1367.3876151851891
2030-01-21 12:45:00,1340.2238242366766
2030-01-21 13:00:00,1286.5241023198541
2030-01-21 13:15:00,1219.5980921288283
2030-01-21 13:30:00,1184.8090965602623
2030-01-21 13:45:00,1143.5950266548407
2030-01-21 14:00:00,1080.4715006825718
2030-01-21 14:15:00,964.9524757543622
2030-01-21 14:30:00,1042.2849960991134
2030-01-21 14:45:00,969.0069245364757
2030-01-21 15:00:00,877.2757205327634
2030-01-21 15:15:00,825.392125034703
2030-01-21 15:30:00,765.8015692148729
2030-01-21 15:45:00,837.18037132889
2030-01-21 16:00:00,960.3719276218471
2030-01-21 16:15:00,975.0532860892945
2030-01-21 16:30:00,1064.8482110920504
2030-01-21 16:45:00,1178.2416457587115
2030-01-21 17:00:00,1365.7344655036031
2030-01-21 17:15:00,1475.488950799121
2030-01-21 17:30:00,1661.0884159329034
2030-01-21 17:45:00,1772.601552448068
2030-01-21 18:00:00,1707.3260212172518
2030-01-21 18:15:00,1567.6672444278847
2030-01-21 18:30:00,1459.8578165407707
2030-01-21 18:45:00,1310.6868705819834
2030-01-21 19:00:00,1160.0216782279058
2030-01-21 19:15:00,1001.1883945132868
2030-01-21 19:30:00,826.5393464152221
2030-01-21 19:45:00,560.4837392050977
2030-01-21 20:00:00,71.60331022746686
2030-01-21 20:15:00,0.0
2030-01-21 20:30:00,0.0
2030-01-21 20:45:00,0.0
2030-01-21 21:00:00,0.0
2030-01-21 21:15:00,0.0
2030-01-21 21:30:00,0.0
2030-01-21 21:45:00,0.0
2030-01-21 22:00:00,0.0
2030-01-21 22:15:00,0.0
2030-01-21 22:30:00,0.0
2030-01-21 22:45:00,0.0
2030-01-21 23:00:00,0.0
2030-01-21 23:15:00,0.0
2030-01-21 23:30:00,0.0
2030-01-21 23:45:00,0.0
2030-01-22 00:00:00,0.0
2030-01-22 00:15:00,0.0
2030-01-22 00:30:00,0.0
2030-01-22 00:45:00,0.0
2030-01-22 01:00:00,0.0
2030-01-22 01:15:00,0.0
2030-01-22 01:30:00,0.0
2030-01-22 01:45:00,0.0
2030-01-22 02:00:00,0.0
2030-01-22 02:15:00,0.0
2030-01-22 02:30:00,0.0
2030-01-22 02:45:00,0.0
2030-01-22 03:00:00,0.0
2030-01-22 03:15:00,0.0
2030-01-22 03:30:00,0.0
2030-01-22 03:45:00,0.0
2030-01-22 04:00:00,0.0
2030-01-22 04:15:00,0.0
2030-01-22 04:30:00,0.0
2030-01-22 04:45:00,0.0
2030-01-22 05:00:00,0.0
2030-01-22 05:15:00,0.0
2030-01-22 05:30:00,0.0
2030-01-22 05:45:00,0.0
2030-01-22 06:00:00,0.0
2030-01-22 06:15:00,0.0
2030-01-22 06:30:00,0.0
2030-01-22 06:45:00,0.0
2030-01-22 07:00:00,0.0
2030-01-22 07:15:00,0.0
2030-01-22 07:30:00,0.0
2030-01-22 07:45:00,0.0
2030-01-22 08:00:00,0.0
2030-01-22 08:15:00,0.0
2030-01-22 08:30:00,0.0
2030-01-22 08:45:00,0.0
2030-01-22 09:00:00,0.0
2030-01-22 09:15:00,0.0
2030-01-22 09:30:00,0.0
2030-01-22 09:45:00,0.0
2030-01-22 10:00:00,0.0
2030-01-22 10:15:00,0.0
2030-01-22 10:30:00,0.0
2030-01-22 10:45:00,0.0
2030-01-22 11:00:00,0.0
2030-01-22 11:15:00,0.0
2030-01-22 11:30:00,0.0
2030-01-22 11:45:00,0.0
2030-01-22 12:00:00,0.0
2030-01-22 12:15:00,0.0
2030-01-22 12:30:00,0.0
2030-01-22 12:45:00,0.0
2030-01-22 13:00:00,0.0
2030-01-22 13:15:00,0.0
2030-01-22 13:30:00,0.0
2030-01-22 13:45:00,0.0
2030-01-22 14:00:00,0.0
2030-01-22 14:15:00,0.0
2030-01-22 14:30:00,0.0
2030-01-22 14:45:00,0.0
2030-01-22 15:00:00,0.0
2030-01-22 15:15:00,0.0
2030-01-22 15:30:00,0.0
2030-01-22 15:45:00,0.0
2030-01-22 16:00:00,0.0
2030-01-22 16:15:00,0.0
2030-01-22 16:30:00,0.0
2030-01-22 16:45:00,0.0
2030-01-22 17:00:00,0.0
2030-01-22 17:15:00,0.0
2030-01-22 17:30:00,0.0
2030-01-22 17:45:00,0.0
2030-01-22 18:00:00,0.0
2030-01-22 18:15:00,0.0
2030-01-22 18:30:00,0.0
2030-01-22 18:45:00,0.0
2030-01-22 19:00:00,0.0
2030-01-22 19:15:00,0.0
2030-01-22 19:30:00,0.0
2030-01-22 19:45:00,0.0
2030-01-22 20:00:00,0.0
2030-01-22 20:15:00,0.0
2030-01-22 20:30:00,0.0
2030-01-22 20:45:00,0.0
2030-01-22 21:00:00,0.0
2030-01-22 21:15:00,0.0
2030-01-22 21:30:00,0.0
2030-01-22 21:45:00,0.0
2030-01-22 22:00:00,0.0
2030-01-22 22:15:00,0.0
2030-01-22 22:30:00,0.0
2030-01-22 22:45:00,0.0
2030-01-22 23:00:00,0.0
2030-01-22 23:15:00,0.0
2030-01-22 23:30:00,0.0
2030-01-22 23:45:00,0.0
2030-01-23 00:00:00,0.0
2030-01-23 00:15:00,0.0
2030-01-23 00:30:00,0.0
2030-01-23 00:45:00,0.0
2030-01-23 01:00:00,0.0
2030-01-23 01:15:00,0.0
2030-01-23 01:30:00,0.0
2030-01-23 01:45:00,0.0
2030-01-23 02:00:00,0.0
2030-01-23 02:15:00,0.0
2030-01-23 02:30:00,0.0
2030-01-23 02:45:00,0.0
2030-01-23 03:00:00,0.0
2030-01-23 03:15:00,0.0
2030-01-23 03:30:00,0.0
2030-01-23 03:45:00,0.0
2030-01-23 04:00:00,0.0
2030-01-23 04:15:00,0.0
2030-01-23 04:30:00,0.0
2030-01-23 04:45:00,0.0
2030-01-23 05:00:00,0.0
2030-01-23 05:15:00,0.0
2030-01-23 05:30:00,0.0
2030-01-23 05:45:00,0.0
2030-01-23 06:00:00,0.0
2030-01-23 06:15:00,0.0
2030-01-23 06:30:00,0.0
2030-01-23 06:45:00,0.0
2030-01-23 07:00:00,0.0
2030-01-23 07:15:00,0.0
2030-01-23 07:30:00,0.0
2030-01-23 07:45:00,0.0
2030-01-23 08:00:00,0.0
2030-01-23 08:15:00,0.0
2030-01-23 08:30:00,0.0
2030-01-23 08:45:00,0.0
2030-01-23 09:00:00,0.0
2030-01-23 09:15:00,0.0
2030-01-23 09:30:00,0.0
2030-01-23 09:45:00,0.0
2030-01-23 10:00:00,0.0
2030-01-23 10:15:00,0.0
2030-01-23 10:30:00,0.0
2030-01-23 10:45:00,0.0
2030-01-23 11:00:00,0.0
2030-01-23 11:15:00,0.0
2030-01-23 11:30:00,0.0
2030-01-23 11:45:00,0.0
2030-01-23 12:00:00,0.0
2030-01-23 12:15:00,0.0
2030-01-23 12:30:00,0.0
2030-01-23 12:45:00,0.0
2030-01-23 13:00:00,0.0
2030-01-23 13:15:00,0.0
2030-01-23 13:30:00,0.0
2030-01-23 13:45:00,0.0
2030-01-23 14:00:00,0.0
2030-01-23 14:15:00,0.0
2030-01-23 14:30:00,0.0
2030-01-23 14:45:00,0.0
2030-01-23 15:00:00,0.0
2030-01-23 15:15:00,0.0
2030-01-23 15:30:00,0.0
2030-01-23 15:45:00,0.0
2030-01-23 16:00:00,0.0
2030-01-23 16:15:00,0.0
2030-01-23 16:30:00,0.0
2030-01-23 16:45:00,0.0
2030-01-23 17:00:00,0.0
2030-01-23 17:15:00,0.0
2030-01-23 17:30:00,0.0
2030-01-23 17:45:00,0.0
2030-01-23 18:00:00,0.0
2030-01-23 18:15:00,0.0
2030-01-23 18:30:00,0.0
2030-01-23 18:45:00,0.0
2030-01-23 19:00:00,0.0
2030-01-23 19:15:00,0.0
2030-01-23 19:30:00,0.0
2030-01-23 19:45:00,0.0
2030-01-23 20:00:00,0.0
2030-01-23 20:15:00,0.0
2030-01-23 20:30:00,0.0
2030-01-23 20:45:00,0.0
2030-01-23 21:00:00,0.0
2030-01-23 21:15:00,0.0
2030-01-23 21:30:00,0.0
2030-01-23 21:45:00,0.0
2030-01-23 22:00:00,0.0
2030-01-23 22:15:00,0.0
2030-01-23 22:30:00,0.0
2030-01-23 22:45:00,0.0
2030-01-23 23:00:00,0.0
2030-01-23 23:15:00,0.0
2030-01-23 23:30:00,0.0
2030-01-23 23:45:00,0.0
2030-01-24 00:00:00,0.0
2030-01-24 00:15:00,0.0
2030-01-24 00:30:00,0.0
2030-01-24 00:45:00,0.0
2030-01-24 01:00:00,0.0
2030-01-24 01:15:00,0.0
2030-01-24 01:30:00,0.0
2030-01-24 01:45:00,0.0
2030-01-24 02:00:00,0.0
2030-01-24 02:15:00,0.0
2030-01-24 02:30:00,0.0
2030-01-24 02:45:00,0.0
2030-01-24 03:00:00,0.0
2030-01-24 03:15:00,0.0
2030-01-24 03:30:00,0.0
2030-01-24 03:45:00,0.0
2030-01-24 04:00:00,0.0
2030-01-24 04:15:00,0.0
2030-01-24 04:30:00,0.0
2030-01-24 04:45:00,0.0
2030-01-24 05:00:00,0.0
2030-01-24 05:15:00,0.0
2030-01-24 05:30:00,0.0
2030-01-24 05:45:00,0.0
2030-01-24 06:00:00,0.0
2030-01-24 06:15:00,0.0
2030-01-24 06:30:00,0.0
2030-01-24 06:45:00,0.0
2030-01-24 07:00:00,0.0
2030-01-24 07:15:00,0.0
2030-01-24 07:30:00,0.0
2030-01-24 07:45:00,0.0
2030-01-24 08:00:00,0.0
2030-01-24 08:15:00,0.0
2030-01-24 08:30:00,0.0
2030-01-24 08:45:00,0.0
2030-01-24 09:00:00,14.776894615133642
2030-01-24 09:15:00,38.50744331840542
2030-01-24 09:30:00,150.73661035605255
2030-01-24 09:45:00,203.6266211310085
2030-01-24 10:00:00,199.82951486294223
2030-01-24 10:15:00,229.51826419126337
2030-01-24 10:30:00,149.81273828827398
2030-01-24 10:45:00,301.23715859053664
2030-01-24 11:00:00,325.3772945189994
2030-01-24 11:15:00,386.60120824568185
2030-01-24 11:30:00,437.92995717985104
2030-01-24 11:45:00,506.59950233224663
2030-01-24 12:00:00,643.1043881941059
2030-01-24 12:15:00,614.2107430210344
2030-01-24 12:30:00,722.7572871958473
2030-01-24 12:45:00,710.3275557107045
2030-01-24 13:00:00,800.1209857821268
2030-01-24 13:15:00,647.1222970308263
2030-01-24 13:30:00,569.2646292146819
2030-01-24 13:45:00,298.974430192864
2030-01-24 14:00:00,171.48866745405212
2030-01-24 14:15:00,118.73063516508591
2030-01-24 14:30:00,79.75818346154847
2030-01-24 14:45:00,64.93199044639732
2030-01-24 15:00:00,59.52977947789623
2030-01-24 15:15:00,0.0
2030-01-24 15:30:00,0.0
2030-01-24 15:45:00,0.0
2030-01-24 16:00:00,0.0
2030-01-24 16:15:00,0.0
2030-01-24 16:30:00,0.0
2030-01-24 16:45:00,0.0
2030-01-24 17:00:00,0.0
2030-01-24 17:15:00,0.0
2030-01-24 17:30:00,0.0
2030-01-24 17:45:00,0.0
2030-01-24 18:00:00,0.0
2030-01-24 18:15:00,0.0
2030-01-24 18:30:00,0.0
2030-01-24 18:45:00,0.0
2030-01-24 19:00:00,0.0
2030-01-24 19:15:00,0.0
2030-01-24 19:30:00,0.0
2030-01-24 19:45:00,0.0
2030-01-24 20:00:00,0.0
2030-01-24 20:15:00,0.0
2030-01-24 20:30:00,0.0
2030-01-24 20:45:00,0.0
2030-01-24 21:00:00,0.0
2030-01-24 21:15:00,0.0
2030-01-24 21:30:00,0.0
2030-01-24 21:45:00,0.0
2030-01-24 22:00:00,0.0
2030-01-24 22:15:00,0.0
2030-01-24 22:30:00,0.0
2030-01-24 22:45:00,0.0
2030-01-24 23:00:00,0.0
2030-01-24 23:15:00,0.0
2030-01-24 23:30:00,0.0
2030-01-24 23:45:00,0.0
2030-01-25 00:00:00,0.0
2030-01-25 00:15:00,0.0
2030-01-25 00:30:00,0.0
2030-01-25 00:45:00,0.0
2030-01-25 01:00:00,0.0
2030-01-25 01:15:00,0.0
2030-01-25 01:30:00,0.0
2030-01-25 01:45:00,0.0
2030-01-25 02:00:00,0.0
2030-01-25 02:15:00,0.0
2030-01-25 02:30:00,0.0
2030-01-25 02:45:00,0.0
2030-01-25 03:00:00,0.0
2030-01-25 03:15:00,0.0
2030-01-25 03:30:00,0.0
2030-01-25 03:45:00,0.0
2030-01-25 04:00:00,0.0
2030-01-25 04:15:00,0.0
2030-01-25 04:30:00,0.0
2030-01-25 04:45:00,0.0
2030-01-25 05:00:00,0.0
2030-01-25 05:15:00,0.0
2030-01-25 05:30:00,0.0
2030-01-25 05:45:00,0.0
2030-01-25 06:00:00,0.0
2030-01-25 06:15:00,0.0
2030-01-25 06:30:00,0.0
2030-01-25 06:45:00,0.0
2030-01-25 07:00:00,0.0
2030-01-25 07:15:00,0.0
2030-01-25 07:30:00,0.0
2030-01-25 07:45:00,0.0
2030-01-25 08:00:00,0.0
2030-01-25 08:15:00,0.0
2030-01-25 08:30:00,0.0
2030-01-25 08:45:00,0.0
2030-01-25 09:00:00,0.0
2030-01-25 09:15:00,0.0
2030-01-25 09:30:00,0.0
2030-01-25 09:45:00,0.0
2030-01-25 10:00:00,0.0
2030-01-25 10:15:00,0.0
2030-01-25 10:30:00,7.516068139993877
2030-01-25 10:45:00,11.500608953996561
2030-01-25 11:00:00,157.18565878198024
2030-01-25 11:15:00,270.2589258414664
2030-01-25 11:30:00,349.64469412112885
2030-01-25 11:45:00,404.2973914606082
2030-01-25 12:00:00,515.0252475207653
2030-01-25 12:15:00,732.4149485745947
2030-01-25 12:30:00,734.8479000569168
2030-01-25 12:45:00,807.2284916444696
2030-01-25 13:00:00,963.5311045205672
2030-01-25 13:15:00,1008.8022685218111
2030-01-25 13:30:00,1047.8866133902047
2030-01-25 13:45:00,881.195989056263
2030-01-25 14:00:00,784.2211414317917
2030-01-25 14:15:00,635.3536684914743
2030-01-25 14:30:00,725.7852358318287
2030-01-25 14:45:00,674.3169595925392
2030-01-25 15:00:00,639.3114588419812
2030-01-25 15:15:00,565.7892664471001
2030-01-25 15:30:00,452.02238962362753
2030-01-25 15:45:00,273.30158962737914
2030-01-25 16:00:00,299.2319997769482
2030-01-25 16:15:00,163.04861874975177
2030-01-25 16:30:00,0.0
2030-01-25 16:45:00,0.0
2030-01-25 17:00:00,0.0
2030-01-25 17:15:00,0.0
2030-01-25 17:30:00,0.0
2030-01-25 17:45:00,0.0
2030-01-25 18:00:00,0.0
2030-01-25 18:15:00,0.0
2030-01-25 18:30:00,0.0
2030-01-25 18:45:00,0.0
2030-01-25 19:00:00,0.0
2030-01-25 19:15:00,0.0
2030-01-25 19:30:00,0.0
2030-01-25 19:45:00,0.0
2030-01-25 20:00:00,0.0
2030-01-25 20:15:00,0.0
2030-01-25 20:30:00,0.0
2030-01-25 20:45:00,0.0
2030-01-25 21:00:00,0.0
2030-01-25 21:15:00,0.0
2030-01-25 21:30:00,0.0
2030-01-25 21:45:00,0.0
2030-01-25 22:00:00,0.0
2030-01-25 22:15:00,0.0
2030-01-25 22:30:00,0.0
2030-01-25 22:45:00,0.0
2030-01-25 23:00:00,0.0
2030-01-25 23:15:00,0.0
2030-01-25 23:30:00,0.0
2030-01-25 23:45:00,0.0
2030-01-26 00:00:00,0.0
2030-01-26 00:15:00,0.0
2030-01-26 00:30:00,0.0
2030-01-26 00:45:00,0.0
2030-01-26 01:00:00,0.0
2030-01-26 01:15:00,0.0
2030-01-26 01:30:00,0.0
2030-01-26 01:45:00,0.0
2030-01-26 02:00:00,0.0
2030-01-26 02:15:00,0.0
2030-01-26 02:30:00,0.0
2030-01-26 02:45:00,0.0
2030-01-26 03:00:00,0.0
2030-01-26 03:15:00,0.0
2030-01-26 03:30:00,0.0
2030-01-26 03:45:00,0.0
2030-01-26 04:00:00,0.0
2030-01-26 04:15:00,0.0
2030-01-26 04:30:00,0.0
2030-01-26 04:45:00,0.0
2030-01-26 05:00:00,0.0
2030-01-26 05:15:00,0.0
2030-01-26 05:30:00,0.0
2030-01-26 05:45:00,0.0
2030-01-26 06:00:00,0.0
2030-01-26 06:15:00,0.0
2030-01-26 06:30:00,0.0
2030-01-26 06:45:00,0.0
2030-01-26 07:00:00,0.0
2030-01-26 07:15:00,0.0
2030-01-26 07:30:00,0.0
2030-01-26 07:45:00,0.0
2030-01-26 08:00:00,0.0
2030-01-26 08:15:00,0.0
2030-01-26 08:30:00,0.0
2030-01-26 08:45:00,0.0
2030-01-26 09:00:00,0.0
2030-01-26 09:15:00,0.0
2030-01-26 09:30:00,0.0
2030-01-26 09:45:00,0.0
2030-01-26 10:00:00,0.0
2030-01-26 10:15:00,0.0
2030-01-26 10:30:00,0.0
2030-01-26 10:45:00,0.0
2030-01-26 11:00:00,0.0
2030-01-26 11:15:00,0.0
2030-01-26 11:30:00,0.0
2030-01-26 11:45:00,0.0
2030-01-26 12:00:00,0.0
2030-01-26 12:15:00,0.0
2030-01-26 12:30:00,0.0
2030-01-26 12:45:00,0.0
2030-01-26 13:00:00,0.0
2030-01-26 13:15:00,0.0
2030-01-26 13:30:00,0.0
2030-01-26 13:45:00,0.0
2030-01-26 14:00:00,0.0
2030-01-26 14:15:00,0.0
2030-01-26 14:30:00,0.0
2030-01-26 14:45:00,0.0
2030-01-26 15:00:00,0.0
2030-01-26 15:15:00,0.0
2030-01-26 15:30:00,0.0
2030-01-26 15:45:00,0.0
2030-01-26 16:00:00,0.0
2030-01-26 16:15:00,0.0
2030-01-26 16:30:00,0.0
2030-01-26 16:45:00,0.0
2030-01-26 17:00:00,0.0
2030-01-26 17:15:00,0.0
2030-01-26 17:30:00,0.0
2030-01-26 17:45:00,0.0
2030-01-26 18:00:00,0.0
2030-01-26 18:15:00,0.0
2030-01-26 18:30:00,0.0
2030-01-26 18:45:00,0.0
2030-01-26 19:00:00,0.0
2030-01-26 19:15:00,0.0
2030-01-26 19:30:00,0.0
2030-01-26 19:45:00,0.0
2030-01-26 20:00:00,0.0
2030-01-26 20:15:00,0.0
2030-01-26 20:30:00,0.0
2030-01-26 20:45:00,0.0
2030-01-26 21:00:00,0.0
2030-01-26 21:15:00,0.0
2030-01-26 21:30:00,0.0
2030-01-26 21:45:00,0.0
2030-01-26 22:00:00,0.0
2030-01-26 22:15:00,0.0
2030-01-26 22:30:00,0.0
2030-01-26 22:45:00,0.0
2030-01-26 23:00:00,0.0
2030-01-26 23:15:00,0.0
2030-01-26 23:30:00,0.0
2030-01-26 23:45:00,0.0
2030-01-27 00:00:00,0.0
2030-01-27 00:15:00,0.0
2030-01-27 00:30:00,0.0
2030-01-27 00:45:00,0.0
2030-01-27 01:00:00,0.0
2030-01-27 01:15:00,0.0
2030-01-27 01:30:00,0.0
2030-01-27 01:45:00,0.0
2030-01-27 02:00:00,0.0
2030-01-27 02:15:00,0.0
2030-01-27 02:30:00,0.0
2030-01-27 02:45:00,0.0
2030-01-27 03:00:00,0.0
2030-01-27 03:15:00,0.0
2030-01-27 03:30:00,0.0
2030-01-27 03:45:00,0.0
2030-01-27 04:00:00,0.0
2030-01-27 04:15:00,0.0
2030-01-27 04:30:00,0.0
2030-01-27 04:45:00,0.0
2030-01-27 05:00:00,0.0
2030-01-27 05:15:00,0.0
2030-01-27 05:30:00,0.0
2030-01-27 05:45:00,0.0
2030-01-27 06:00:00,0.0
2030-01-27 06:15:00,0.0
2030-01-27 06:30:00,0.0
2030-01-27 06:45:00,0.0
2030-01-27 07:00:00,0.0
2030-01-27 07:15:00,0.0
2030-01-27 07:30:00,0.0
2030-01-27 07:45:00,0.0
2030-01-27 08:00:00,0.0
2030-01-27 08:15:00,0.0
2030-01-27 08:30:00,0.0
2030-01-27 08:45:00,0.0
2030-01-27 09:00:00,0.0
2030-01-27 09:15:00,0.0
2030-01-27 09:30:00,0.0
2030-01-27 09:45:00,0.0
2030-01-27 10:00:00,0.0
2030-01-27 10:15:00,0.0
2030-01-27 10:30:00,0.0
2030-01-27 10:45:00,0.0
2030-01-27 11:00:00,0.0
2030-01-27 11:15:00,0.0
2030-01-27 11:30:00,0.0
2030-01-27 11:45:00,0.0
2030-01-27 12:00:00,0.0
2030-01-27 12:15:00,0.0
2030-01-27 12:30:00,0.0
2030-01-27 12:45:00,0.0
2030-01-27 13:00:00,0.0
2030-01-27 13:15:00,0.0
2030-01-27 13:30:00,0.0
2030-01-27 13:45:00,0.0
2030-01-27 14:00:00,0.0
2030-01-27 14:15:00,0.0
2030-01-27 14:30:00,0.0
2030-01-27 14:45:00,0.0
2030-01-27 15:00:00,0.0
2030-01-27 15:15:00,0.0
2030-01-27 15:30:00,0.0
2030-01-27 15:45:00,0.0
2030-01-27 16:00:00,0.0
2030-01-27 16:15:00,0.0
2030-01-27 16:30:00,0.0
2030-01-27 16:45:00,0.0
2030-01-27 17:00:00,0.0
2030-01-27 17:15:00,0.0
2030-01-27 17:30:00,0.0
2030-01-27 17:45:00,0.0
2030-01-27 18:00:00,0.0
2030-01-27 18:15:00,0.0
2030-01-27 18:30:00,0.0
2030-01-27 18:45:00,0.0
2030-01-27 19:00:00,0.0
2030-01-27 19:15:00,0.0
2030-01-27 19:30:00,0.0
2030-01-27 19:45:00,0.0
2030-01-27 20:00:00,0.0
2030-01-27 20:15:00,0.0
2030-01-27 20:30:00,0.0
2030-01-27 20:45:00,0.0
2030-01-27 21:00:00,0.0
2030-01-27 21:15:00,0.0
2030-01-27 21:30:00,0.0
2030-01-27 21:45:00,0.0
2030-01-27 22:00:00,0.0
2030-01-27 22:15:00,0.0
2030-01-27 22:30:00,0.0
2030-01-27 22:45:00,0.0
2030-01-27 23:00:00,0.0
2030-01-27 23:15:00,0.0
2030-01-27 23:30:00,0.0
2030-01-27 23:45:00,0.0
2030-01-28 00:00:00,0.0
2030-01-28 00:15:00,0.0
2030-01-28 00:30:00,0.0
2030-01-28 00:45:00,0.0
2030-01-28 01:00:00,0.0
2030-01-28 01:15:00,0.0
2030-01-28 01:30:00,0.0
2030-01-28 01:45:00,0.0
2030-01-28 02:00:00,0.0
2030-01-28 02:15:00,0.0
2030-01-28 02:30:00,0.0
2030-01-28 02:45:00,0.0
2030-01-28 03:00:00,0.0
2030-01-28 03:15:00,0.0
2030-01-28 03:30:00,0.0
2030-01-28 03:45:00,0.0
2030-01-28 04:00:00,0.0
2030-01-28 04:15:00,0.0
2030-01-28 04:30:00,0.0
2030-01-28 04:45:00,0.0
2030-01-28 05:00:00,0.0
2030-01-28 05:15:00,0.0
2030-01-28 05:30:00,0.0
2030-01-28 05:45:00,0.0
2030-01-28 06:00:00,0.0
2030-01-28 06:15:00,0.0
2030-01-28 06:30:00,0.0
2030-01-28 06:45:00,0.0
2030-01-28 07:00:00,0.0
2030-01-28 07:15:00,0.0
2030-01-28 07:30:00,53.277216097432756
2030-01-28 07:45:00,0.0
2030-01-28 08:00:00,0.0
2030-01-28 08:15:00,0.0
2030-01-28 08:30:00,0.0
2030-01-28 08:45:00,0.0
2030-01-28 09:00:00,0.0
2030-01-28 09:15:00,0.0
2030-01-28 09:30:00,0.0
2030-01-28 09:45:00,0.0
2030-01-28 10:00:00,0.0
2030-01-28 10:15:00,0.0
2030-01-28 10:30:00,0.0
2030-01-28 10:45:00,0.0
2030-01-28 11:00:00,0.0
2030-01-28 11:15:00,0.0
2030-01-28 11:30:00,0.0
2030-01-28 11:45:00,0.0
2030-01-28 12:00:00,0.0
2030-01-28 12:15:00,0.0
2030-01-28 12:30:00,0.0
2030-01-28 12:45:00,0.0
2030-01-28 13:00:00,0.0
2030-01-28 13:15:00,0.0
2030-01-28 13:30:00,0.0
2030-01-28 13:45:00,0.0
2030-01-28 14:00:00,0.0
2030-01-28 14:15:00,0.0
2030-01-28 14:30:00,0.0
2030-01-28 14:45:00,0.0
2030-01-28 15:00:00,0.0
2030-01-28 15:15:00,0.0
2030-01-28 15:30:00,0.0
2030-01-28 15:45:00,0.0
2030-01-28 16:00:00,0.0
2030-01-28 16:15:00,0.0
2030-01-28 16:30:00,0.0
2030-01-28 16:45:00,0.0
2030-01-28 17:00:00,0.0
2030-01-28 17:15:00,0.0
2030-01-28 17:30:00,0.0
2030-01-28 17:45:00,0.0
2030-01-28 18:00:00,0.0
2030-01-28 18:15:00,0.0
2030-01-28 18:30:00,0.0
2030-01-28 18:45:00,0.0
2030-01-28 19:00:00,0.0
2030-01-28 19:15:00,0.0
2030-01-28 19:30:00,0.0
2030-01-28 19:45:00,0.0
2030-01-28 20:00:00,0.0
2030-01-28 20:15:00,0.0
2030-01-28 20:30:00,0.0
2030-01-28 20:45:00,0.0
2030-01-28 21:00:00,0.0
2030-01-28 21:15:00,0.0
2030-01-28 21:30:00,0.0
2030-01-28 21:45:00,0.0
2030-01-28 22:00:00,0.0
2030-01-28 22:15:00,0.0
2030-01-28 22:30:00,0.0
2030-01-28 22:45:00,0.0
2030-01-28 23:00:00,0.0
2030-01-28 23:15:00,0.0
2030-01-28 23:30:00,0.0
2030-01-28 23:45:00,0.0
2030-01-29 00:00:00,0.0
2030-01-29 00:15:00,0.0
2030-01-29 00:30:00,0.0
2030-01-29 00:45:00,0.0
2030-01-29 01:00:00,0.0
2030-01-29 01:15:00,0.0
2030-01-29 01:30:00,0.0
2030-01-29 01:45:00,0.0
2030-01-29 02:00:00,0.0
2030-01-29 02:15:00,0.0
2030-01-29 02:30:00,0.0
2030-01-29 02:45:00,0.0
2030-01-29 03:00:00,0.0
2030-01-29 03:15:00,0.0
2030-01-29 03:30:00,0.0
2030-01-29 03:45:00,0.0
2030-01-29 04:00:00,0.0
2030-01-29 04:15:00,0.0
2030-01-29 04:30:00,0.0
2030-01-29 04:45:00,0.0
2030-01-29 05:00:00,0.0
2030-01-29 05:15:00,0.0
2030-01-29 05:30:00,0.0
2030-01-29 05:45:00,0.0
2030-01-29 06:00:00,0.0
2030-01-29 06:15:00,0.0
2030-01-29 06:30:00,0.0
2030-01-29 06:45:00,0.0
2030-01-29 07:00:00,0.0
2030-01-29 07:15:00,0.0
2030-01-29 07:30:00,0.0
2030-01-29 07:45:00,0.0
2030-01-29 08:00:00,0.0
2030-01-29 08:15:00,0.0
2030-01-29 08:30:00,0.0
2030-01-29 08:45:00,0.0
2030-01-29 09:00:00,0.0
2030-01-29 09:15:00,0.0
2030-01-29 09:30:00,0.0
2030-01-29 09:45:00,0.0
2030-01-29 10:00:00,0.0
2030-01-29 10:15:00,0.0
2030-01-29 10:30:00,0.0
2030-01-29 10:45:00,0.0
2030-01-29 11:00:00,0.0
2030-01-29 11:15:00,0.0
2030-01-29 11:30:00,0.0
2030-01-29 11:45:00,0.0
2030-01-29 12:00:00,0.0
2030-01-29 12:15:00,0.0
2030-01-29 12:30:00,0.0
2030-01-29 12:45:00,0.0
2030-01-29 13:00:00,0.0
2030-01-29 13:15:00,0.0
2030-01-29 13:30:00,0.0
2030-01-29 13:45:00,0.0
2030-01-29 14:00:00,0.0
2030-01-29 14:15:00,0.0
2030-01-29 14:30:00,0.0
2030-01-29 14:45:00,0.0
2030-01-29 15:00:00,0.0
2030-01-29 15:15:00,0.0
2030-01-29 15:30:00,0.0
2030-01-29 15:45:00,0.0
2030-01-29 16:00:00,0.0
2030-01-29 16:15:00,0.0
2030-01-29 16:30:00,0.0
2030-01-29 16:45:00,0.0
2030-01-29 17:00:00,282.1985702019065
2030-01-29 17:15:00,0.0
2030-01-29 17:30:00,0.0
2030-01-29 17:45:00,0.0
2030-01-29 18:00:00,0.0
2030-01-29 18:15:00,0.0
2030-01-29 18:30:00,0.0
2030-01-29 18:45:00,0.0
2030-01-29 19:00:00,0.0
2030-01-29 19:15:00,0.0
2030-01-29 19:30:00,0.0
2030-01-29 19:45:00,0.0
2030-01-29 20:00:00,0.0
2030-01-29 20:15:00,0.0
2030-01-29 20:30:00,0.0
2030-01-29 20:45:00,0.0
2030-01-29 21:00:00,0.0
2030-01-29 21:15:00,0.0
2030-01-29 21:30:00,0.0
2030-01-29 21:45:00,0.0
2030-01-29 22:00:00,0.0
2030-01-29 22:15:00,0.0
2030-01-29 22:30:00,0.0
2030-01-29 22:45:00,0.0
2030-01-29 23:00:00,0.0
2030-01-29 23:15:00,0.0
2030-01-29 23:30:00,0.0
2030-01-29 23:45:00,0.0
2030-01-30 00:00:00,0.0
2030-01-30 00:15:00,0.0
2030-01-30 00:30:00,0.0
2030-01-30 00:45:00,0.0
2030-01-30 01:00:00,0.0
2030-01-30 01:15:00,0.0
2030-01-30 01:30:00,0.0
2030-01-30 01:45:00,0.0
2030-01-30 02:00:00,0.0
2030-01-30 02:15:00,25.177040615419173
2030-01-30 02:30:00,0.0
2030-01-30 02:45:00,0.0
2030-01-30 03:00:00,32.552432681632126
2030-01-30 03:15:00,0.0
2030-01-30 03:30:00,0.0
2030-01-30 03:45:00,0.0
2030-01-30 04:00:00,0.0
2030-01-30 04:15:00,0.0
2030-01-30 04:30:00,0.0
2030-01-30 04:45:00,0.0
2030-01-30 05:00:00,0.0
2030-01-30 05:15:00,0.0
2030-01-30 05:30:00,0.0
2030-01-30 05:45:00,0.0
2030-01-30 06:00:00,0.0
2030-01-30 06:15:00,0.0
2030-01-30 06:30:00,0.0
2030-01-30 06:45:00,0.0
2030-01-30 07:00:00,0.0
2030-01-30 07:15:00,0.0
2030-01-30 07:30:00,0.0
2030-01-30 07:45:00,0.0
2030-01-30 08:00:00,0.0
2030-01-30 08:15:00,0.0
2030-01-30 08:30:00,0.0
2030-01-30 08:45:00,0.0
2030-01-30 09:00:00,0.0
2030-01-30 09:15:00,0.0
2030-01-30 09:30:00,0.0
2030-01-30 09:45:00,0.0
2030-01-30 10:00:00,0.0
2030-01-30 10:15:00,0.0
2030-01-30 10:30:00,0.0
2030-01-30 10:45:00,0.0
2030-01-30 11:00:00,0.0
2030-01-30 11:15:00,0.0
2030-01-30 11:30:00,0.0
2030-01-30 11:45:00,0.0
2030-01-30 12:00:00,0.0
2030-01-30 12:15:00,0.0
2030-01-30 12:30:00,0.0
2030-01-30 12:45:00,0.0
2030-01-30 13:00:00,0.0
2030-01-30 13:15:00,0.0
2030-01-30 13:30:00,0.0
2030-01-30 13:45:00,0.0
2030-01-30 14:00:00,0.0
2030-01-30 14:15:00,0.0
2030-01-30 14:30:00,0.0
2030-01-30 14:45:00,0.0
2030-01-30 15:00:00,0.0
2030-01-30 15:15:00,0.0
2030-01-30 15:30:00,0.0
2030-01-30 15:45:00,0.0
2030-01-30 16:00:00,0.0
2030-01-30 16:15:00,0.0
2030-01-30 16:30:00,0.0
2030-01-30 16:45:00,0.0
2030-01-30 17:00:00,0.0
2030-01-30 17:15:00,0.0
2030-01-30 17:30:00,0.0
2030-01-30 17:45:00,0.0
2030-01-30 18:00:00,0.0
2030-01-30 18:15:00,0.0
2030-01-30 18:30:00,0.0
2030-01-30 18:45:00,0.0
2030-01-30 19:00:00,0.0
2030-01-30 19:15:00,0.0
2030-01-30 19:30:00,0.0
2030-01-30 19:45:00,0.0
2030-01-30 20:00:00,0.0
2030-01-30 20:15:00,0.0
2030-01-30 20:30:00,0.0
2030-01-30 20:45:00,0.0
2030-01-30 21:00:00,0.0
2030-01-30 21:15:00,0.0
2030-01-30 21:30:00,0.0
2030-01-30 21:45:00,0.0
2030-01-30 22:00:00,0.0
2030-01-30 22:15:00,0.0
2030-01-30 22:30:00,0.0
2030-01-30 22:45:00,0.0
2030-01-30 23:00:00,0.0
2030-01-30 23:15:00,0.0
2030-01-30 23:30:00,0.0
2030-01-30 23:45:00,0.0
2030-01-31 00:00:00,0.0
2030-01-31 00:15:00,0.0
2030-01-31 00:30:00,0.0
2030-01-31 00:45:00,0.0
2030-01-31 01:00:00,0.0
2030-01-31 01:15:00,0.0
2030-01-31 01:30:00,0.0
2030-01-31 01:45:00,0.0
2030-01-31 02:00:00,0.0
2030-01-31 02:15:00,0.0
2030-01-31 02:30:00,0.0
2030-01-31 02:45:00,0.0
2030-01-31 03:00:00,0.0
2030-01-31 03:15:00,0.0
2030-01-31 03:30:00,0.0
2030-01-31 03:45:00,0.0
2030-01-31 04:00:00,0.0
2030-01-31 04:15:00,0.0
2030-01-31 04:30:00,0.0
2030-01-31 04:45:00,0.0
2030-01-31 05:00:00,0.0
2030-01-31 05:15:00,0.0
2030-01-31 05:30:00,0.0
2030-01-31 05:45:00,0.0
2030-01-31 06:00:00,0.0
2030-01-31 06:15:00,0.0
2030-01-31 06:30:00,0.0
2030-01-31 06:45:00,0.0
2030-01-31 07:00:00,0.0
2030-01-31 07:15:00,0.0
2030-01-31 07:30:00,0.0
2030-01-31 07:45:00,0.0
2030-01-31 08:00:00,0.0
2030-01-31 08:15:00,0.0
2030-01-31 08:30:00,0.0
2030-01-31 08:45:00,0.0
2030-01-31 09:00:00,0.0
2030-01-31 09:15:00,0.0
2030-01-31 09:30:00,0.0
2030-01-31 09:45:00,0.0
2030-01-31 10:00:00,0.0
2030-01-31 10:15:00,0.0
2030-01-31 10:30:00,0.0
2030-01-31 10:45:00,0.0
2030-01-31 11:00:00,0.0
2030-01-31 11:15:00,0.0
2030-01-31 11:30:00,0.0
2030-01-31 11:45:00,0.0
2030-01-31 12:00:00,0.0
2030-01-31 12:15:00,0.0
2030-01-31 12:30:00,0.0
2030-01-31 12:45:00,0.0
2030-01-31 13:00:00,0.0
2030-01-31 13:15:00,0.0
2030-01-31 13:30:00,0.0
2030-01-31 13:45:00,0.0
2030-01-31 14:00:00,0.0
2030-01-31 14:15:00,0.0
2030-01-31 14:30:00,0.0
2030-01-31 14:45:00,0.0
2030-01-31 15:00:00,0.0
2030-01-31 15:15:00,0.0
2030-01-31 15:30:00,0.0
2030-01-31 15:45:00,0.0
2030-01-31 16:00:00,0.0
2030-01-31 16:15:00,0.0
2030-01-31 16:30:00,0.0
2030-01-31 16:45:00,0.0
2030-01-31 17:00:00,0.0
2030-01-31 17:15:00,0.0
2030-01-31 17:30:00,0.0
2030-01-31 17:45:00,0.0
2030-01-31 18:00:00,0.0
2030-01-31 18:15:00,0.0
2030-01-31 18:30:00,0.0
2030-01-31 18:45:00,0.0
2030-01-31 19:00:00,0.0
2030-01-31 19:15:00,0.0
2030-01-31 19:30:00,0.0
2030-01-31 19:45:00,0.0
2030-01-31 20:00:00,0.0
2030-01-31 20:15:00,0.0
2030-01-31 20:30:00,0.0
2030-01-31 20:45:00,0.0
2030-01-31 21:00:00,0.0
2030-01-31 21:15:00,0.0
2030-01-31 21:30:00,0.0
2030-01-31 21:45:00,0.0
2030-01-31 22:00:00,0.0
2030-01-31 22:15:00,0.0
2030-01-31 22:30:00,0.0
2030-01-31 22:45:00,0.0
2030-01-31 23:00:00,0.0
2030-01-31 23:15:00,0.0
2030-01-31 23:30:00,0.0
2030-01-31 23:45:00,0.0
2030-02-01 00:00:00,0.0
2030-02-01 00:15:00,0.0
2030-02-01 00:30:00,0.0
2030-02-01 00:45:00,0.0
2030-02-01 01:00:00,0.0
2030-02-01 01:15:00,0.0
2030-02-01 01:30:00,0.0
2030-02-01 01:45:00,0.0
2030-02-01 02:00:00,0.0
2030-02-01 02:15:00,0.0
2030-02-01 02:30:00,0.0
2030-02-01 02:45:00,0.0
2030-02-01 03:00:00,0.0
2030-02-01 03:15:00,0.0
2030-02-01 03:30:00,0.0
2030-02-01 03:45:00,0.0
2030-02-01 04:00:00,0.0
2030-02-01 04:15:00,0.0
2030-02-01 04:30:00,0.0
2030-02-01 04:45:00,0.0
2030-02-01 05:00:00,0.0
2030-02-01 05:15:00,0.0
2030-02-01 05:30:00,0.0
2030-02-01 05:45:00,0.0
2030-02-01 06:00:00,0.0
2030-02-01 06:15:00,0.0
2030-02-01 06:30:00,0.0
2030-02-01 06:45:00,0.0
2030-02-01 07:00:00,0.0
2030-02-01 07:15:00,0.0
2030-02-01 07:30:00,0.0
2030-02-01 07:45:00,0.0
2030-02-01 08:00:00,0.0
2030-02-01 08:15:00,0.0
2030-02-01 08:30:00,0.0
2030-02-01 08:45:00,0.0
2030-02-01 09:00:00,0.0
2030-02-01 09:15:00,0.0
2030-02-01 09:30:00,0.0
2030-02-01 09:45:00,0.0
2030-02-01 10:00:00,0.0
2030-02-01 10:15:00,0.0
2030-02-01 10:30:00,0.0
2030-02-01 10:45:00,0.0
2030-02-01 11:00:00,0.0
2030-02-01 11:15:00,0.0
2030-02-01 11:30:00,0.0
2030-02-01 11:45:00,0.0
2030-02-01 12:00:00,0.0
2030-02-01 12:15:00,0.0
2030-02-01 12:30:00,0.0
2030-02-01 12:45:00,0.0
2030-02-01 13:00:00,0.0
2030-02-01 13:15:00,0.0
2030-02-01 13:30:00,0.0
2030-02-01 13:45:00,0.0
2030-02-01 14:00:00,0.0
2030-02-01 14:15:00,0.0
2030-02-01 14:30:00,0.0
2030-02-01 14:45:00,0.0
2030-02-01 15:00:00,0.0
2030-02-01 15:15:00,0.0
2030-02-01 15:30:00,0.0
2030-02-01 15:45:00,0.0
2030-02-01 16:00:00,0.0
2030-02-01 16:15:00,0.0
2030-02-01 16:30:00,0.0
2030-02-01 16:45:00,0.0
2030-02-01 17:00:00,0.0
2030-02-01 17:15:00,0.0
2030-02-01 17:30:00,0.0
2030-02-01 17:45:00,0.0
2030-02-01 18:00:00,0.0
2030-02-01 18:15:00,0.0
2030-02-01 18:30:00,0.0
2030-02-01 18:45:00,0.0
2030-02-01 19:00:00,0.0
2030-02-01 19:15:00,0.0
2030-02-01 19:30:00,0.0
2030-02-01 19:45:00,0.0
2030-02-01 20:00:00,0.0
2030-02-01 20:15:00,0.0
2030-02-01 20:30:00,0.0
2030-02-01 20:45:00,0.0
2030-02-01 21:00:00,0.0
2030-02-01 21:15:00,0.0
2030-02-01 21:30:00,0.0
2030-02-01 21:45:00,0.0
2030-02-01 22:00:00,0.0
2030-02-01 22:15:00,0.0
2030-02-01 22:30:00,0.0
2030-02-01 22:45:00,0.0
2030-02-01 23:00:00,0.0
2030-02-01 23:15:00,0.0
2030-02-01 23:30:00,0.0
2030-02-01 23:45:00,0.0
2030-02-02 00:00:00,0.0
2030-02-02 00:15:00,0.0
2030-02-02 00:30:00,0.0
2030-02-02 00:45:00,0.0
2030-02-02 01:00:00,0.0
2030-02-02 01:15:00,0.0
2030-02-02 01:30:00,0.0
2030-02-02 01:45:00,0.0
2030-02-02 02:00:00,0.0
2030-02-02 02:15:00,0.0
2030-02-02 02:30:00,0.0
2030-02-02 02:45:00,0.0
2030-02-02 03:00:00,0.0
2030-02-02 03:15:00,0.0
2030-02-02 03:30:00,0.0
2030-02-02 03:45:00,0.0
2030-02-02 04:00:00,233.91030319186757
2030-02-02 04:15:00,0.0
2030-02-02 04:30:00,0.0
2030-02-02 04:45:00,0.0
2030-02-02 05:00:00,0.0
2030-02-02 05:15:00,0.0
2030-02-02 05:30:00,0.0
2030-02-02 05:45:00,0.0
2030-02-02 06:00:00,0.0
2030-02-02 06:15:00,0.0
2030-02-02 06:30:00,0.0
2030-02-02 06:45:00,0.0
2030-02-02 07:00:00,0.0
2030-02-02 07:15:00,0.0
2030-02-02 07:30:00,0.0
2030-02-02 07:45:00,0.0
2030-02-02 08:00:00,0.0
2030-02-02 08:15:00,0.0
2030-02-02 08:30:00,0.0
2030-02-02 08:45:00,0.0
2030-02-02 09:00:00,0.0
2030-02-02 09:15:00,0.0
2030-02-02 09:30:00,0.0
2030-02-02 09:45:00,0.0
2030-02-02 10:00:00,0.0
2030-02-02 10:15:00,0.0
2030-02-02 10:30:00,0.0
2030-02-02 10:45:00,0.0
2030-02-02 11:00:00,0.0
2030-02-02 11:15:00,0.0
2030-02-02 11:30:00,0.0
2030-02-02 11:45:00,0.0
2030-02-02 12:00:00,0.0
2030-02-02 12:15:00,0.0
2030-02-02 12:30:00,0.0
2030-02-02 12:45:00,0.0
2030-02-02 13:00:00,0.0
2030-02-02 13:15:00,0.0
2030-02-02 13:30:00,0.0
2030-02-02 13:45:00,0.0
2030-02-02 14:00:00,0.0
2030-02-02 14:15:00,0.0
2030-02-02 14:30:00,0.0
2030-02-02 14:45:00,0.0
2030-02-02 15:00:00,0.0
2030-02-02 15:15:00,0.0
2030-02-02 15:30:00,0.0
2030-02-02 15:45:00,0.0
2030-02-02 16:00:00,0.0
2030-02-02 16:15:00,0.0
2030-02-02 16:30:00,0.0
2030-02-02 16:45:00,0.0
2030-02-02 17:00:00,0.0
2030-02-02 17:15:00,0.0
2030-02-02 17:30:00,0.0
2030-02-02 17:45:00,0.0
2030-02-02 18:00:00,0.0
2030-02-02 18:15:00,0.0
2030-02-02 18:30:00,0.0
2030-02-02 18:45:00,0.0
2030-02-02 19:00:00,0.0
2030-02-02 19:15:00,0.0
2030-02-02 19:30:00,0.0
2030-02-02 19:45:00,0.0
2030-02-02 20:00:00,0.0
2030-02-02 20:15:00,0.0
2030-02-02 20:30:00,0.0
2030-02-02 20:45:00,0.0
2030-02-02 21:00:00,0.0
2030-02-02 21:15:00,0.0
2030-02-02 21:30:00,0.0
2030-02-02 21:45:00,0.0
2030-02-02 22:00:00,0.0
2030-02-02 22:15:00,0.0
2030-02-02 22:30:00,0.0
2030-02-02 22:45:00,0.0
2030-02-02 23:00:00,0.0
2030-02-02 23:15:00,0.0
2030-02-02 23:30:00,0.0
2030-02-02 23:45:00,0.0
2030-02-03 00:00:00,0.0
2030-02-03 00:15:00,0.0
2030-02-03 00:30:00,0.0
2030-02-03 00:45:00,0.0
2030-02-03 01:00:00,0.0
2030-02-03 01:15:00,0.0
2030-02-03 01:30:00,0.0
2030-02-03 01:45:00,0.0
2030-02-03 02:00:00,0.0
2030-02-03 02:15:00,0.0
2030-02-03 02:30:00,0.0
2030-02-03 02:45:00,0.0
2030-02-03 03:00:00,0.0
2030-02-03 03:15:00,0.0
2030-02-03 03:30:00,0.0
2030-02-03 03:45:00,0.0
2030-02-03 04:00:00,0.0
2030-02-03 04:15:00,0.0
2030-02-03 04:30:00,0.0
2030-02-03 04:45:00,0.0
2030-02-03 05:00:00,0.0
2030-02-03 05:15:00,0.0
2030-02-03 05:30:00,0.0
2030-02-03 05:45:00,0.0
2030-02-03 06:00:00,0.0
2030-02-03 06:15:00,0.0
2030-02-03 06:30:00,0.0
2030-02-03 06:45:00,0.0
2030-02-03 07:00:00,0.0
2030-02-03 07:15:00,0.0
2030-02-03 07:30:00,0.0
2030-02-03 07:45:00,0.0
2030-02-03 08:00:00,0.0
2030-02-03 08:15:00,0.0
2030-02-03 08:30:00,0.0
2030-02-03 08:45:00,0.0
2030-02-03 09:00:00,0.0
2030-02-03 09:15:00,0.0
2030-02-03 09:30:00,0.0
2030-02-03 09:45:00,0.0
2030-02-03 10:00:00,0.0
2030-02-03 10:15:00,0.0
2030-02-03 10:30:00,0.0
2030-02-03 10:45:00,0.0
2030-02-03 11:00:00,0.0
2030-02-03 11:15:00,0.0
2030-02-03 11:30:00,0.0
2030-02-03 11:45:00,0.0
2030-02-03 12:00:00,0.0
2030-02-03 12:15:00,0.0
2030-02-03 12:30:00,0.0
2030-02-03 12:45:00,0.0
2030-02-03 13:00:00,0.0
2030-02-03 13:15:00,0.0
2030-02-03 13:30:00,0.0
2030-02-03 13:45:00,0.0
2030-02-03 14:00:00,0.0
2030-02-03 14:15:00,0.0
2030-02-03 14:30:00,0.0
2030-02-03 14:45:00,0.0
2030-02-03 15:00:00,0.0
2030-02-03 15:15:00,0.0
2030-02-03 15:30:00,0.0
2030-02-03 15:45:00,0.0
2030-02-03 16:00:00,0.0
2030-02-03 16:15:00,0.0
2030-02-03 16:30:00,0.0
2030-02-03 16:45:00,0.0
2030-02-03 17:00:00,0.0
2030-02-03 17:15:00,0.0
2030-02-03 17:30:00,0.0
2030-02-03 17:45:00,0.0
2030-02-03 18:00:00,0.0
2030-02-03 18:15:00,0.0
2030-02-03 18:30:00,0.0
2030-02-03 18:45:00,0.0
2030-02-03 19:00:00,0.0
2030-02-03 19:15:00,0.0
2030-02-03 19:30:00,0.0
2030-02-03 19:45:00,0.0
2030-02-03 20:00:00,0.0
2030-02-03 20:15:00,0.0
2030-02-03 20:30:00,0.0
2030-02-03 20:45:00,0.0
2030-02-03 21:00:00,0.0
2030-02-03 21:15:00,0.0
2030-02-03 21:30:00,0.0
2030-02-03 21:45:00,0.0
2030-02-03 22:00:00,0.0
2030-02-03 22:15:00,0.0
2030-02-03 22:30:00,0.0
2030-02-03 22:45:00,0.0
2030-02-03 23:00:00,0.0
2030-02-03 23:15:00,0.0
2030-02-03 23:30:00,0.0
2030-02-03 23:45:00,0.0
2030-02-04 00:00:00,0.0
2030-02-04 00:15:00,0.0
2030-02-04 00:30:00,0.0
2030-02-04 00:45:00,0.0
2030-02-04 01:00:00,0.0
2030-02-04 01:15:00,0.0
2030-02-04 01:30:00,0.0
2030-02-04 01:45:00,0.0
2030-02-04 02:00:00,0.0
2030-02-04 02:15:00,0.0
2030-02-04 02:30:00,0.0
2030-02-04 02:45:00,0.0
2030-02-04 03:00:00,0.0
2030-02-04 03:15:00,0.0
2030-02-04 03:30:00,0.0
2030-02-04 03:45:00,0.0
2030-02-04 04:00:00,0.0
2030-02-04 04:15:00,0.0
2030-02-04 04:30:00,0.0
2030-02-04 04:45:00,0.0
2030-02-04 05:00:00,0.0
2030-02-04 05:15:00,0.0
2030-02-04 05:30:00,0.0
2030-02-04 05:45:00,0.0
2030-02-04 06:00:00,0.0
2030-02-04 06:15:00,0.0
2030-02-04 06:30:00,0.0
2030-02-04 06:45:00,0.0
2030-02-04 07:00:00,0.0
2030-02-04 07:15:00,0.0
2030-02-04 07:30:00,0.0
2030-02-04 07:45:00,0.0
2030-02-04 08:00:00,0.0
2030-02-04 08:15:00,0.0
2030-02-04 08:30:00,0.0
2030-02-04 08:45:00,0.0
2030-02-04 09:00:00,0.0
2030-02-04 09:15:00,0.0
2030-02-04 09:30:00,0.0
2030-02-04 09:45:00,0.0
2030-02-04 10:00:00,0.0
2030-02-04 10:15:00,0.0
2030-02-04 10:30:00,0.0
2030-02-04 10:45:00,0.0
2030-02-04 11:00:00,0.0
2030-02-04 11:15:00,0.0
2030-02-04 11:30:00,0.0
2030-02-04 11:45:00,0.0
2030-02-04 12:00:00,0.0
2030-02-04 12:15:00,0.0
2030-02-04 12:30:00,0.0
2030-02-04 12:45:00,0.0
2030-02-04 13:00:00,0.0
2030-02-04 13:15:00,0.0
2030-02-04 13:30:00,0.0
2030-02-04 13:45:00,0.0
2030-02-04 14:00:00,0.0
2030-02-04 14:15:00,0.0
2030-02-04 14:30:00,0.0
2030-02-04 14:45:00,0.0
2030-02-04 15:00:00,0.0
2030-02-04 15:15:00,0.0
2030-02-04 15:30:00,0.0
2030-02-04 15:45:00,0.0
2030-02-04 16:00:00,0.0
2030-02-04 16:15:00,0.0
2030-02-04 16:30:00,0.0
2030-02-04 16:45:00,0.0
2030-02-04 17:00:00,0.0
2030-02-04 17:15:00,0.0
2030-02-04 17:30:00,0.0
2030-02-04 17:45:00,0.0
2030-02-04 18:00:00,0.0
2030-02-04 18:15:00,0.0
2030-02-04 18:30:00,0.0
2030-02-04 18:45:00,0.0
2030-02-04 19:00:00,0.0
2030-02-04 19:15:00,0.0
2030-02-04 19:30:00,0.0
2030-02-04 19:45:00,0.0
2030-02-04 20:00:00,0.0
2030-02-04 20:15:00,0.0
2030-02-04 20:30:00,0.0
2030-02-04 20:45:00,0.0
2030-02-04 21:00:00,0.0
2030-02-04 21:15:00,0.0
2030-02-04 21:30:00,0.0
2030-02-04 21:45:00,0.0
2030-02-04 22:00:00,0.0
2030-02-04 22:15:00,0.0
2030-02-04 22:30:00,0.0
2030-02-04 22:45:00,0.0
2030-02-04 23:00:00,0.0
2030-02-04 23:15:00,0.0
2030-02-04 23:30:00,0.0
2030-02-04 23:45:00,0.0
2030-02-05 00:00:00,0.0
2030-02-05 00:15:00,0.0
2030-02-05 00:30:00,0.0
2030-02-05 00:45:00,0.0
2030-02-05 01:00:00,0.0
2030-02-05 01:15:00,0.0
2030-02-05 01:30:00,0.0
2030-02-05 01:45:00,0.0
2030-02-05 02:00:00,0.0
2030-02-05 02:15:00,0.0
2030-02-05 02:30:00,0.0
2030-02-05 02:45:00,0.0
2030-02-05 03:00:00,0.0
2030-02-05 03:15:00,0.0
2030-02-05 03:30:00,0.0
2030-02-05 03:45:00,0.0
2030-02-05 04:00:00,0.0
2030-02-05 04:15:00,0.0
2030-02-05 04:30:00,0.0
2030-02-05 04:45:00,0.0
2030-02-05 05:00:00,0.0
2030-02-05 05:15:00,0.0
2030-02-05 05:30:00,0.0
2030-02-05 05:45:00,0.0
2030-02-05 06:00:00,0.0
2030-02-05 06:15:00,0.0
2030-02-05 06:30:00,0.0
2030-02-05 06:45:00,0.0
2030-02-05 07:00:00,0.0
2030-02-05 07:15:00,0.0
2030-02-05 07:30:00,0.0
2030-02-05 07:45:00,0.0
2030-02-05 08:00:00,0.0
2030-02-05 08:15:00,0.0
2030-02-05 08:30:00,0.0
2030-02-05 08:45:00,0.0
2030-02-05 09:00:00,0.0
2030-02-05 09:15:00,0.0
2030-02-05 09:30:00,0.0
2030-02-05 09:45:00,0.0
2030-02-05 10:00:00,0.0
2030-02-05 10:15:00,0.0
2030-02-05 10:30:00,0.0
2030-02-05 10:45:00,0.0
2030-02-05 11:00:00,0.0
2030-02-05 11:15:00,0.0
2030-02-05 11:30:00,0.0
2030-02-05 11:45:00,0.0
2030-02-05 12:00:00,0.0
2030-02-05 12:15:00,0.0
2030-02-05 12:30:00,0.0
2030-02-05 12:45:00,0.0
2030-02-05 13:00:00,0.0
2030-02-05 13:15:00,0.0
2030-02-05 13:30:00,0.0
2030-02-05 13:45:00,0.0
2030-02-05 14:00:00,0.0
2030-02-05 14:15:00,0.0
2030-02-05 14:30:00,0.0
2030-02-05 14:45:00,0.0
2030-02-05 15:00:00,0.0
2030-02-05 15:15:00,0.0
2030-02-05 15:30:00,0.0
2030-02-05 15:45:00,0.0
2030-02-05 16:00:00,0.0
2030-02-05 16:15:00,0.0
2030-02-05 16:30:00,0.0
2030-02-05 16:45:00,0.0
2030-02-05 17:00:00,0.0
2030-02-05 17:15:00,0.0
2030-02-05 17:30:00,0.0
2030-02-05 17:45:00,0.0
2030-02-05 18:00:00,0.0
2030-02-05 18:15:00,0.0
2030-02-05 18:30:00,0.0
2030-02-05 18:45:00,0.0
2030-02-05 19:00:00,0.0
2030-02-05 19:15:00,0.0
2030-02-05 19:30:00,0.0
2030-02-05 19:45:00,0.0
2030-02-05 20:00:00,0.0
2030-02-05 20:15:00,0.0
2030-02-05 20:30:00,0.0
2030-02-05 20:45:00,0.0
2030-02-05 21:00:00,0.0
2030-02-05 21:15:00,0.0
2030-02-05 21:30:00,0.0
2030-02-05 21:45:00,0.0
2030-02-05 22:00:00,0.0
2030-02-05 22:15:00,0.0
2030-02-05 22:30:00,0.0
2030-02-05 22:45:00,0.0
2030-02-05 23:00:00,0.0
2030-02-05 23:15:00,0.0
2030-02-05 23:30:00,0.0
2030-02-05 23:45:00,0.0
2030-02-06 00:00:00,0.0
2030-02-06 00:15:00,0.0
2030-02-06 00:30:00,0.0
2030-02-06 00:45:00,0.0
2030-02-06 01:00:00,0.0
2030-02-06 01:15:00,0.0
2030-02-06 01:30:00,0.0
2030-02-06 01:45:00,0.0
2030-02-06 02:00:00,0.0
2030-02-06 02:15:00,0.0
2030-02-06 02:30:00,0.0
2030-02-06 02:45:00,0.0
2030-02-06 03:00:00,0.0
2030-02-06 03:15:00,0.0
2030-02-06 03:30:00,0.0
2030-02-06 03:45:00,0.0
2030-02-06 04:00:00,0.0
2030-02-06 04:15:00,0.0
2030-02-06 04:30:00,0.0
2030-02-06 04:45:00,0.0
2030-02-06 05:00:00,0.0
2030-02-06 05:15:00,0.0
2030-02-06 05:30:00,0.0
2030-02-06 05:45:00,0.0
2030-02-06 06:00:00,0.0
2030-02-06 06:15:00,0.0
2030-02-06 06:30:00,0.0
2030-02-06 06:45:00,0.0
2030-02-06 07:00:00,0.0
2030-02-06 07:15:00,0.0
2030-02-06 07:30:00,0.0
2030-02-06 07:45:00,0.0
2030-02-06 08:00:00,0.0
2030-02-06 08:15:00,0.0
2030-02-06 08:30:00,0.0
2030-02-06 08:45:00,0.0
2030-02-06 09:00:00,0.0
2030-02-06 09:15:00,0.0
2030-02-06 09:30:00,0.0
2030-02-06 09:45:00,0.0
2030-02-06 10:00:00,0.0
2030-02-06 10:15:00,0.0
2030-02-06 10:30:00,0.0
2030-02-06 10:45:00,0.0
2030-02-06 11:00:00,0.0
2030-02-06 11:15:00,0.0
2030-02-06 11:30:00,0.0
2030-02-06 11:45:00,0.0
2030-02-06 12:00:00,0.0
2030-02-06 12:15:00,0.0
2030-02-06 12:30:00,0.0
2030-02-06 12:45:00,0.0
2030-02-06 13:00:00,0.0
2030-02-06 13:15:00,0.0
2030-02-06 13:30:00,0.0
2030-02-06 13:45:00,0.0
2030-02-06 14:00:00,0.0
2030-02-06 14:15:00,0.0
2030-02-06 14:30:00,0.0
2030-02-06 14:45:00,0.0
2030-02-06 15:00:00,0.0
2030-02-06 15:15:00,0.0
2030-02-06 15:30:00,0.0
2030-02-06 15:45:00,0.0
2030-02-06 16:00:00,0.0
2030-02-06 16:15:00,0.0
2030-02-06 16:30:00,0.0
2030-02-06 16:45:00,0.0
2030-02-06 17:00:00,0.0
2030-02-06 17:15:00,0.0
2030-02-06 17:30:00,0.0
2030-02-06 17:45:00,0.0
2030-02-06 18:00:00,0.0
2030-02-06 18:15:00,0.0
2030-02-06 18:30:00,0.0
2030-02-06 18:45:00,0.0
2030-02-06 19:00:00,0.0
2030-02-06 19:15:00,0.0
2030-02-06 19:30:00,0.0
2030-02-06 19:45:00,0.0
2030-02-06 20:00:00,0.0
2030-02-06 20:15:00,0.0
2030-02-06 20:30:00,0.0
2030-02-06 20:45:00,0.0
2030-02-06 21:00:00,0.0
2030-02-06 21:15:00,0.0
2030-02-06 21:30:00,0.0
2030-02-06 21:45:00,0.0
2030-02-06 22:00:00,0.0
2030-02-06 22:15:00,0.0
2030-02-06 22:30:00,0.0
2030-02-06 22:45:00,0.0
2030-02-06 23:00:00,0.0
2030-02-06 23:15:00,0.0
2030-02-06 23:30:00,0.0
2030-02-06 23:45:00,0.0
2030-02-07 00:00:00,0.0
2030-02-07 00:15:00,0.0
2030-02-07 00:30:00,0.0
2030-02-07 00:45:00,0.0
2030-02-07 01:00:00,0.0
2030-02-07 01:15:00,0.0
2030-02-07 01:30:00,0.0
2030-02-07 01:45:00,0.0
2030-02-07 02:00:00,0.0
2030-02-07 02:15:00,0.0
2030-02-07 02:30:00,0.0
2030-02-07 02:45:00,0.0
2030-02-07 03:00:00,0.0
2030-02-07 03:15:00,0.0
2030-02-07 03:30:00,0.0
2030-02-07 03:45:00,0.0
2030-02-07 04:00:00,0.0
2030-02-07 04:15:00,0.0
2030-02-07 04:30:00,0.0
2030-02-07 04:45:00,0.0
2030-02-07 05:00:00,0.0
2030-02-07 05:15:00,0.0
2030-02-07 05:30:00,0.0
2030-02-07 05:45:00,0.0
2030-02-07 06:00:00,0.0
2030-02-07 06:15:00,0.0
2030-02-07 06:30:00,0.0
2030-02-07 06:45:00,0.0
2030-02-07 07:00:00,0.0
2030-02-07 07:15:00,0.0
2030-02-07 07:30:00,0.0
2030-02-07 07:45:00,0.0
2030-02-07 08:00:00,0.0
2030-02-07 08:15:00,0.0
2030-02-07 08:30:00,0.0
2030-02-07 08:45:00,0.0
2030-02-07 09:00:00,0.0
2030-02-07 09:15:00,0.0
2030-02-07 09:30:00,0.0
2030-02-07 09:45:00,0.0
2030-02-07 10:00:00,0.0
2030-02-07 10:15:00,0.0
2030-02-07 10:30:00,0.0
2030-02-07 10:45:00,0.0
2030-02-07 11:00:00,0.0
2030-02-07 11:15:00,0.0
2030-02-07 11:30:00,0.0
2030-02-07 11:45:00,0.0
2030-02-07 12:00:00,0.0
2030-02-07 12:15:00,0.0
2030-02-07 12:30:00,0.0
2030-02-07 12:45:00,0.0
2030-02-07 13:00:00,0.0
2030-02-07 13:15:00,0.0
2030-02-07 13:30:00,0.0
2030-02-07 13:45:00,0.0
2030-02-07 14:00:00,0.0
2030-02-07 14:15:00,0.0
2030-02-07 14:30:00,0.0
2030-02-07 14:45:00,0.0
2030-02-07 15:00:00,0.0
2030-02-07 15:15:00,0.0
2030-02-07 15:30:00,0.0
2030-02-07 15:45:00,0.0
2030-02-07 16:00:00,0.0
2030-02-07 16:15:00,0.0
2030-02-07 16:30:00,0.0
2030-02-07 16:45:00,0.0
2030-02-07 17:00:00,0.0
2030-02-07 17:15:00,0.0
2030-02-07 17:30:00,0.0
2030-02-07 17:45:00,0.0
2030-02-07 18:00:00,0.0
2030-02-07 18:15:00,0.0
2030-02-07 18:30:00,0.0
2030-02-07 18:45:00,0.0
2030-02-07 19:00:00,0.0
2030-02-07 19:15:00,0.0
2030-02-07 19:30:00,0.0
2030-02-07 19:45:00,0.0
2030-02-07 20:00:00,0.0
2030-02-07 20:15:00,0.0
2030-02-07 20:30:00,0.0
2030-02-07 20:45:00,0.0
2030-02-07 21:00:00,0.0
2030-02-07 21:15:00,0.0
2030-02-07 21:30:00,0.0
2030-02-07 21:45:00,0.0
2030-02-07 22:00:00,0.0
2030-02-07 22:15:00,0.0
2030-02-07 22:30:00,0.0
2030-02-07 22:45:00,0.0
2030-02-07 23:00:00,0.0
2030-02-07 23:15:00,0.0
2030-02-07 23:30:00,0.0
2030-02-07 23:45:00,0.0
2030-02-08 00:00:00,0.0
2030-02-08 00:15:00,0.0
2030-02-08 00:30:00,0.0
2030-02-08 00:45:00,0.0
2030-02-08 01:00:00,0.0
2030-02-08 01:15:00,0.0
2030-02-08 01:30:00,0.0
2030-02-08 01:45:00,0.0
2030-02-08 02:00:00,0.0
2030-02-08 02:15:00,0.0
2030-02-08 02:30:00,0.0
2030-02-08 02:45:00,0.0
2030-02-08 03:00:00,0.0
2030-02-08 03:15:00,0.0
2030-02-08 03:30:00,0.0
2030-02-08 03:45:00,0.0
2030-02-08 04:00:00,0.0
2030-02-08 04:15:00,0.0
2030-02-08 04:30:00,0.0
2030-02-08 04:45:00,0.0
2030-02-08 05:00:00,0.0
2030-02-08 05:15:00,0.0
2030-02-08 05:30:00,0.0
2030-02-08 05:45:00,0.0
2030-02-08 06:00:00,0.0
2030-02-08 06:15:00,0.0
2030-02-08 06:30:00,0.0
2030-02-08 06:45:00,0.0
2030-02-08 07:00:00,631.4218151880123
2030-02-08 07:15:00,0.0
2030-02-08 07:30:00,0.0
2030-02-08 07:45:00,0.0
2030-02-08 08:00:00,0.0
2030-02-08 08:15:00,0.0
2030-02-08 08:30:00,0.0
2030-02-08 08:45:00,0.0
2030-02-08 09:00:00,0.0
2030-02-08 09:15:00,0.0
2030-02-08 09:30:00,0.0
2030-02-08 09:45:00,0.0
2030-02-08 10:00:00,0.0
2030-02-08 10:15:00,0.0
2030-02-08 10:30:00,0.0
2030-02-08 10:45:00,0.0
2030-02-08 11:00:00,0.0
2030-02-08 11:15:00,0.0
2030-02-08 11:30:00,0.0
2030-02-08 11:45:00,0.0
2030-02-08 12:00:00,0.0
2030-02-08 12:15:00,0.0
2030-02-08 12:30:00,0.0
2030-02-08 12:45:00,0.0
2030-02-08 13:00:00,0.0
2030-02-08 13:15:00,0.0
2030-02-08 13:30:00,0.0
2030-02-08 13:45:00,0.0
2030-02-08 14:00:00,0.0
2030-02-08 14:15:00,0.0
2030-02-08 14:30:00,0.0
2030-02-08 14:45:00,0.0
2030-02-08 15:00:00,0.0
2030-02-08 15:15:00,0.0
2030-02-08 15:30:00,0.0
2030-02-08 15:45:00,0.0
2030-02-08 16:00:00,0.0
2030-02-08 16:15:00,0.0
2030-02-08 16:30:00,0.0
2030-02-08 16:45:00,0.0
2030-02-08 17:00:00,0.0
2030-02-08 17:15:00,0.0
2030-02-08 17:30:00,0.0
2030-02-08 17:45:00,0.0
2030-02-08 18:00:00,0.0
2030-02-08 18:15:00,0.0
2030-02-08 18:30:00,0.0
2030-02-08 18:45:00,0.0
2030-02-08 19:00:00,0.0
2030-02-08 19:15:00,0.0
2030-02-08 19:30:00,0.0
2030-02-08 19:45:00,0.0
2030-02-08 20:00:00,0.0
2030-02-08 20:15:00,0.0
2030-02-08 20:30:00,0.0
2030-02-08 20:45:00,0.0
2030-02-08 21:00:00,0.0
2030-02-08 21:15:00,0.0
2030-02-08 21:30:00,0.0
2030-02-08 21:45:00,0.0
2030-02-08 22:00:00,0.0
2030-02-08 22:15:00,0.0
2030-02-08 22:30:00,0.0
2030-02-08 22:45:00,0.0
2030-02-08 23:00:00,0.0
2030-02-08 23:15:00,0.0
2030-02-08 23:30:00,0.0
2030-02-08 23:45:00,0.0
2030-02-09 00:00:00,0.0
2030-02-09 00:15:00,0.0
2030-02-09 00:30:00,0.0
2030-02-09 00:45:00,0.0
2030-02-09 01:00:00,0.0
2030-02-09 01:15:00,0.0
2030-02-09 01:30:00,0.0
2030-02-09 01:45:00,0.0
2030-02-09 02:00:00,0.0
2030-02-09 02:15:00,0.0
2030-02-09 02:30:00,0.0
2030-02-09 02:45:00,0.0
2030-02-09 03:00:00,0.0
2030-02-09 03:15:00,0.0
2030-02-09 03:30:00,0.0
2030-02-09 03:45:00,0.0
2030-02-09 04:00:00,0.0
2030-02-09 04:15:00,0.0
2030-02-09 04:30:00,0.0
2030-02-09 04:45:00,0.0
2030-02-09 05:00:00,0.0
2030-02-09 05:15:00,0.0
2030-02-09 05:30:00,0.0
2030-02-09 05:45:00,0.0
2030-02-09 06:00:00,0.0
2030-02-09 06:15:00,0.0
2030-02-09 06:30:00,0.0
2030-02-09 06:45:00,0.0
2030-02-09 07:00:00,0.0
2030-02-09 07:15:00,0.0
2030-02-09 07:30:00,3839.9164106176595
2030-02-09 07:45:00,0.0
2030-02-09 08:00:00,0.0
2030-02-09 08:15:00,0.0
2030-02-09 08:30:00,0.0
2030-02-09 08:45:00,0.0
2030-02-09 09:00:00,0.0
2030-02-09 09:15:00,0.0
2030-02-09 09:30:00,0.0
2030-02-09 09:45:00,0.0
2030-02-09 10:00:00,0.0
2030-02-09 10:15:00,0.0
2030-02-09 10:30:00,0.0
2030-02-09 10:45:00,0.0
2030-02-09 11:00:00,0.0
2030-02-09 11:15:00,0.0
2030-02-09 11:30:00,0.0
2030-02-09 11:45:00,0.0
2030-02-09 12:00:00,0.0
2030-02-09 12:15:00,0.0
2030-02-09 12:30:00,0.0
2030-02-09 12:45:00,0.0
2030-02-09 13:00:00,0.0
2030-02-09 13:15:00,0.0
2030-02-09 13:30:00,0.0
2030-02-09 13:45:00,0.0
2030-02-09 14:00:00,0.0
2030-02-09 14:15:00,0.0
2030-02-09 14:30:00,0.0
2030-02-09 14:45:00,0.0
2030-02-09 15:00:00,0.0
2030-02-09 15:15:00,0.0
2030-02-09 15:30:00,0.0
2030-02-09 15:45:00,0.0
2030-02-09 16:00:00,0.0
2030-02-09 16:15:00,0.0
2030-02-09 16:30:00,0.0
2030-02-09 16:45:00,0.0
2030-02-09 17:00:00,0.0
2030-02-09 17:15:00,0.0
2030-02-09 17:30:00,0.0
2030-02-09 17:45:00,0.0
2030-02-09 18:00:00,0.0
2030-02-09 18:15:00,0.0
2030-02-09 18:30:00,0.0
2030-02-09 18:45:00,0.0
2030-02-09 19:00:00,0.0
2030-02-09 19:15:00,0.0
2030-02-09 19:30:00,0.0
2030-02-09 19:45:00,0.0
2030-02-09 20:00:00,0.0
2030-02-09 20:15:00,0.0
2030-02-09 20:30:00,0.0
2030-02-09 20:45:00,0.0
2030-02-09 21:00:00,0.0
2030-02-09 21:15:00,0.0
2030-02-09 21:30:00,0.0
2030-02-09 21:45:00,0.0
2030-02-09 22:00:00,0.0
2030-02-09 22:15:00,0.0
2030-02-09 22:30:00,0.0
2030-02-09 22:45:00,0.0
2030-02-09 23:00:00,0.0
2030-02-09 23:15:00,0.0
2030-02-09 23:30:00,0.0
2030-02-09 23:45:00,0.0
2030-02-10 00:00:00,0.0
2030-02-10 00:15:00,0.0
2030-02-10 00:30:00,0.0
2030-02-10 00:45:00,0.0
2030-02-10 01:00:00,0.0
2030-02-10 01:15:00,0.0
2030-02-10 01:30:00,0.0
2030-02-10 01:45:00,0.0
2030-02-10 02:00:00,0.0
2030-02-10 02:15:00,0.0
2030-02-10 02:30:00,0.0
2030-02-10 02:45:00,0.0
2030-02-10 03:00:00,0.0
2030-02-10 03:15:00,0.0
2030-02-10 03:30:00,0.0
2030-02-10 03:45:00,0.0
2030-02-10 04:00:00,0.0
2030-02-10 04:15:00,0.0
2030-02-10 04:30:00,0.0
2030-02-10 04:45:00,0.0
2030-02-10 05:00:00,0.0
2030-02-10 05:15:00,0.0
2030-02-10 05:30:00,0.0
2030-02-10 05:45:00,0.0
2030-02-10 06:00:00,0.0
2030-02-10 06:15:00,0.0
2030-02-10 06:30:00,0.0
2030-02-10 06:45:00,0.0
2030-02-10 07:00:00,0.0
2030-02-10 07:15:00,0.0
2030-02-10 07:30:00,0.0
2030-02-10 07:45:00,0.0
2030-02-10 08:00:00,0.0
2030-02-10 08:15:00,0.0
2030-02-10 08:30:00,0.0
2030-02-10 08:45:00,0.0
2030-02-10 09:00:00,0.0
2030-02-10 09:15:00,0.0
2030-02-10 09:30:00,0.0
2030-02-10 09:45:00,0.0
2030-02-10 10:00:00,0.0
2030-02-10 10:15:00,0.0
2030-02-10 10:30:00,0.0
2030-02-10 10:45:00,0.0
2030-02-10 11:00:00,0.0
2030-02-10 11:15:00,0.0
2030-02-10 11:30:00,0.0
2030-02-10 11:45:00,0.0
2030-02-10 12:00:00,0.0
2030-02-10 12:15:00,0.0
2030-02-10 12:30:00,0.0
2030-02-10 12:45:00,0.0
2030-02-10 13:00:00,0.0
2030-02-10 13:15:00,0.0
2030-02-10 13:30:00,0.0
2030-02-10 13:45:00,0.0
2030-02-10 14:00:00,0.0
2030-02-10 14:15:00,0.0
2030-02-10 14:30:00,0.0
2030-02-10 14:45:00,0.0
2030-02-10 15:00:00,0.0
2030-02-10 15:15:00,0.0
2030-02-10 15:30:00,0.0
2030-02-10 15:45:00,0.0
2030-02-10 16:00:00,0.0
2030-02-10 16:15:00,0.0
2030-02-10 16:30:00,0.0
2030-02-10 16:45:00,0.0
2030-02-10 17:00:00,0.0
2030-02-10 17:15:00,0.0
2030-02-10 17:30:00,0.0
2030-02-10 17:45:00,0.0
2030-02-10 18:00:00,0.0
2030-02-10 18:15:00,0.0
2030-02-10 18:30:00,0.0
2030-02-10 18:45:00,0.0
2030-02-10 19:00:00,0.0
2030-02-10 19:15:00,0.0
2030-02-10 19:30:00,0.0
2030-02-10 19:45:00,0.0
2030-02-10 20:00:00,0.0
2030-02-10 20:15:00,0.0
2030-02-10 20:30:00,0.0
2030-02-10 20:45:00,0.0
2030-02-10 21:00:00,0.0
2030-02-10 21:15:00,0.0
2030-02-10 21:30:00,0.0
2030-02-10 21:45:00,0.0
2030-02-10 22:00:00,0.0
2030-02-10 22:15:00,0.0
2030-02-10 22:30:00,0.0
2030-02-10 22:45:00,0.0
2030-02-10 23:00:00,0.0
2030-02-10 23:15:00,0.0
2030-02-10 23:30:00,0.0
2030-02-10 23:45:00,0.0
2030-02-11 00:00:00,0.0
2030-02-11 00:15:00,0.0
2030-02-11 00:30:00,0.0
2030-02-11 00:45:00,0.0
2030-02-11 01:00:00,0.0
2030-02-11 01:15:00,0.0
2030-02-11 01:30:00,0.0
2030-02-11 01:45:00,0.0
2030-02-11 02:00:00,0.0
2030-02-11 02:15:00,0.0
2030-02-11 02:30:00,0.0
2030-02-11 02:45:00,0.0
2030-02-11 03:00:00,0.0
2030-02-11 03:15:00,0.0
2030-02-11 03:30:00,0.0
2030-02-11 03:45:00,0.0
2030-02-11 04:00:00,0.0
2030-02-11 04:15:00,0.0
2030-02-11 04:30:00,0.0
2030-02-11 04:45:00,0.0
2030-02-11 05:00:00,0.0
2030-02-11 05:15:00,0.0
2030-02-11 05:30:00,0.0
2030-02-11 05:45:00,0.0
2030-02-11 06:00:00,0.0
2030-02-11 06:15:00,0.0
2030-02-11 06:30:00,0.0
2030-02-11 06:45:00,0.0
2030-02-11 07:00:00,0.0
2030-02-11 07:15:00,0.0
2030-02-11 07:30:00,0.0
2030-02-11 07:45:00,0.0
2030-02-11 08:00:00,0.0
2030-02-11 08:15:00,0.0
2030-02-11 08:30:00,0.0
2030-02-11 08:45:00,0.0
2030-02-11 09:00:00,0.0
2030-02-11 09:15:00,0.0
2030-02-11 09:30:00,0.0
2030-02-11 09:45:00,0.0
2030-02-11 10:00:00,0.0
2030-02-11 10:15:00,0.0
2030-02-11 10:30:00,0.0
2030-02-11 10:45:00,0.0
2030-02-11 11:00:00,0.0
2030-02-11 11:15:00,0.0
2030-02-11 11:30:00,0.0
2030-02-11 11:45:00,0.0
2030-02-11 12:00:00,0.0
2030-02-11 12:15:00,0.0
2030-02-11 12:30:00,0.0
2030-02-11 12:45:00,0.0
2030-02-11 13:00:00,0.0
2030-02-11 13:15:00,0.0
2030-02-11 13:30:00,0.0
2030-02-11 13:45:00,0.0
2030-02-11 14:00:00,0.0
2030-02-11 14:15:00,0.0
2030-02-11 14:30:00,0.0
2030-02-11 14:45:00,0.0
2030-02-11 15:00:00,0.0
2030-02-11 15:15:00,0.0
2030-02-11 15:30:00,0.0
2030-02-11 15:45:00,0.0
2030-02-11 16:00:00,0.0
2030-02-11 16:15:00,0.0
2030-02-11 16:30:00,0.0
2030-02-11 16:45:00,0.0
2030-02-11 17:00:00,0.0
2030-02-11 17:15:00,0.0
2030-02-11 17:30:00,0.0
2030-02-11 17:45:00,0.0
2030-02-11 18:00:00,0.0
2030-02-11 18:15:00,0.0
2030-02-11 18:30:00,0.0
2030-02-11 18:45:00,0.0
2030-02-11 19:00:00,0.0
2030-02-11 19:15:00,0.0
2030-02-11 19:30:00,0.0
2030-02-11 19:45:00,0.0
2030-02-11 20:00:00,0.0
2030-02-11 20:15:00,0.0
2030-02-11 20:30:00,0.0
2030-02-11 20:45:00,0.0
2030-02-11 21:00:00,0.0
2030-02-11 21:15:00,0.0
2030-02-11 21:30:00,0.0
2030-02-11 21:45:00,0.0
2030-02-11 22:00:00,0.0
2030-02-11 22:15:00,0.0
2030-02-11 22:30:00,0.0
2030-02-11 22:45:00,0.0
2030-02-11 23:00:00,0.0
2030-02-11 23:15:00,0.0
2030-02-11 23:30:00,0.0
2030-02-11 23:45:00,0.0
2030-02-12 00:00:00,0.0
2030-02-12 00:15:00,0.0
2030-02-12 00:30:00,0.0
2030-02-12 00:45:00,0.0
2030-02-12 01:00:00,0.0
2030-02-12 01:15:00,0.0
2030-02-12 01:30:00,0.0
2030-02-12 01:45:00,0.0
2030-02-12 02:00:00,0.0
2030-02-12 02:15:00,0.0
2030-02-12 02:30:00,0.0
2030-02-12 02:45:00,0.0
2030-02-12 03:00:00,0.0
2030-02-12 03:15:00,0.0
2030-02-12 03:30:00,0.0
2030-02-12 03:45:00,0.0
2030-02-12 04:00:00,0.0
2030-02-12 04:15:00,0.0
2030-02-12 04:30:00,0.0
2030-02-12 04:45:00,0.0
2030-02-12 05:00:00,0.0
2030-02-12 05:15:00,0.0
2030-02-12 05:30:00,0.0
2030-02-12 05:45:00,0.0
2030-02-12 06:00:00,0.0
2030-02-12 06:15:00,0.0
2030-02-12 06:30:00,0.0
2030-02-12 06:45:00,0.0
2030-02-12 07:00:00,0.0
2030-02-12 07:15:00,0.0
2030-02-12 07:30:00,0.0
2030-02-12 07:45:00,0.0
2030-02-12 08:00:00,0.0
2030-02-12 08:15:00,0.0
2030-02-12 08:30:00,0.0
2030-02-12 08:45:00,0.0
2030-02-12 09:00:00,0.0
2030-02-12 09:15:00,0.0
2030-02-12 09:30:00,0.0
2030-02-12 09:45:00,0.0
2030-02-12 10:00:00,0.0
2030-02-12 10:15:00,0.0
2030-02-12 10:30:00,0.0
2030-02-12 10:45:00,0.0
2030-02-12 11:00:00,0.0
2030-02-12 11:15:00,0.0
2030-02-12 11:30:00,0.0
2030-02-12 11:45:00,0.0
2030-02-12 12:00:00,0.0
2030-02-12 12:15:00,0.0
2030-02-12 12:30:00,0.0
2030-02-12 12:45:00,0.0
2030-02-12 13:00:00,0.0
2030-02-12 13:15:00,0.0
2030-02-12 13:30:00,0.0
2030-02-12 13:45:00,0.0
2030-02-12 14:00:00,0.0
2030-02-12 14:15:00,0.0
2030-02-12 14:30:00,0.0
2030-02-12 14:45:00,0.0
2030-02-12 15:00:00,0.0
2030-02-12 15:15:00,0.0
2030-02-12 15:30:00,0.0
2030-02-12 15:45:00,0.0
2030-02-12 16:00:00,0.0
2030-02-12 16:15:00,0.0
2030-02-12 16:30:00,0.0
2030-02-12 16:45:00,0.0
2030-02-12 17:00:00,0.0
2030-02-12 17:15:00,0.0
2030-02-12 17:30:00,0.0
2030-02-12 17:45:00,0.0
2030-02-12 18:00:00,0.0
2030-02-12 18:15:00,0.0
2030-02-12 18:30:00,0.0
2030-02-12 18:45:00,0.0
2030-02-12 19:00:00,0.0
2030-02-12 19:15:00,0.0
2030-02-12 19:30:00,0.0
2030-02-12 19:45:00,0.0
2030-02-12 20:00:00,0.0
2030-02-12 20:15:00,0.0
2030-02-12 20:30:00,0.0
2030-02-12 20:45:00,0.0
2030-02-12 21:00:00,0.0
2030-02-12 21:15:00,0.0
2030-02-12 21:30:00,0.0
2030-02-12 21:45:00,0.0
2030-02-12 22:00:00,0.0
2030-02-12 22:15:00,0.0
2030-02-12 22:30:00,0.0
2030-02-12 22:45:00,0.0
2030-02-12 23:00:00,0.0
2030-02-12 23:15:00,0.0
2030-02-12 23:30:00,0.0
2030-02-12 23:45:00,0.0
2030-02-13 00:00:00,0.0
2030-02-13 00:15:00,0.0
2030-02-13 00:30:00,0.0
2030-02-13 00:45:00,0.0
2030-02-13 01:00:00,0.0
2030-02-13 01:15:00,0.0
2030-02-13 01:30:00,0.0
2030-02-13 01:45:00,0.0
2030-02-13 02:00:00,0.0
2030-02-13 02:15:00,0.0
2030-02-13 02:30:00,0.0
2030-02-13 02:45:00,0.0
2030-02-13 03:00:00,0.0
2030-02-13 03:15:00,0.0
2030-02-13 03:30:00,0.0
2030-02-13 03:45:00,0.0
2030-02-13 04:00:00,0.0
2030-02-13 04:15:00,0.0
2030-02-13 04:30:00,0.0
2030-02-13 04:45:00,0.0
2030-02-13 05:00:00,0.0
2030-02-13 05:15:00,0.0
2030-02-13 05:30:00,0.0
2030-02-13 05:45:00,0.0
2030-02-13 06:00:00,0.0
2030-02-13 06:15:00,0.0
2030-02-13 06:30:00,92.39542150031957
2030-02-13 06:45:00,372.34218447707644
2030-02-13 07:00:00,774.0643711815355
2030-02-13 07:15:00,1026.1506023783586
2030-02-13 07:30:00,1176.1055276535044
2030-02-13 07:45:00,1343.4298238150259
2030-02-13 08:00:00,1583.6261317321714
2030-02-13 08:15:00,1685.7843726706033
2030-02-13 08:30:00,1719.7627096971628
2030-02-13 08:45:00,1736.689317143102
2030-02-13 09:00:00,1644.632001720849
2030-02-13 09:15:00,1752.3975319742167
2030-02-13 09:30:00,1877.0039466750477
2030-02-13 09:45:00,1934.1982769226015
2030-02-13 10:00:00,1878.3764701887903
2030-02-13 10:15:00,1906.553922142366
2030-02-13 10:30:00,1999.0454848836616
2030-02-13 10:45:00,2002.6248929453905
2030-02-13 11:00:00,1994.1985410167072
2030-02-13 11:15:00,2049.6896853051294
2030-02-13 11:30:00,2047.152922500245
2030-02-13 11:45:00,1964.3387178304474
2030-02-13 12:00:00,1880.5956674734152
2030-02-13 12:15:00,1765.7159435579724
2030-02-13 12:30:00,1795.5884578881924
2030-02-13 12:45:00,1629.8977225044218
2030-02-13 13:00:00,1553.7767186298825
2030-02-13 13:15:00,1364.9292670521863
2030-02-13 13:30:00,1138.9130015565715
2030-02-13 13:45:00,875.4120944006208
2030-02-13 14:00:00,778.5920308293862
2030-02-13 14:15:00,629.8498333331809
2030-02-13 14:30:00,453.7287828850258
2030-02-13 14:45:00,322.7175903286734
2030-02-13 15:00:00,189.46980347494173
2030-02-13 15:15:00,0.0
2030-02-13 15:30:00,0.0
2030-02-13 15:45:00,0.0
2030-02-13 16:00:00,0.0
2030-02-13 16:15:00,0.0
2030-02-13 16:30:00,0.0
2030-02-13 16:45:00,0.0
2030-02-13 17:00:00,0.0
2030-02-13 17:15:00,0.0
2030-02-13 17:30:00,0.0
2030-02-13 17:45:00,0.0
2030-02-13 18:00:00,0.0
2030-02-13 18:15:00,0.0
2030-02-13 18:30:00,0.0
2030-02-13 18:45:00,0.0
2030-02-13 19:00:00,0.0
2030-02-13 19:15:00,0.0
2030-02-13 19:30:00,0.0
2030-02-13 19:45:00,0.0
2030-02-13 20:00:00,0.0
2030-02-13 20:15:00,0.0
2030-02-13 20:30:00,0.0
2030-02-13 20:45:00,0.0
2030-02-13 21:00:00,0.0
2030-02-13 21:15:00,0.0
2030-02-13 21:30:00,0.0
2030-02-13 21:45:00,0.0
2030-02-13 22:00:00,0.0
2030-02-13 22:15:00,0.0
2030-02-13 22:30:00,0.0
2030-02-13 22:45:00,0.0
2030-02-13 23:00:00,0.0
2030-02-13 23:15:00,0.0
2030-02-13 23:30:00,0.0
2030-02-13 23:45:00,0.0
2030-02-14 00:00:00,0.0
2030-02-14 00:15:00,0.0
2030-02-14 00:30:00,0.0
2030-02-14 00:45:00,0.0
2030-02-14 01:00:00,0.0
2030-02-14 01:15:00,0.0
2030-02-14 01:30:00,0.0
2030-02-14 01:45:00,0.0
2030-02-14 02:00:00,0.0
2030-02-14 02:15:00,0.0
2030-02-14 02:30:00,0.0
2030-02-14 02:45:00,0.0
2030-02-14 03:00:00,0.0
2030-02-14 03:15:00,0.0
2030-02-14 03:30:00,0.0
2030-02-14 03:45:00,0.0
2030-02-14 04:00:00,0.0
2030-02-14 04:15:00,0.0
2030-02-14 04:30:00,0.0
2030-02-14 04:45:00,0.0
2030-02-14 05:00:00,0.0
2030-02-14 05:15:00,0.0
2030-02-14 05:30:00,0.0
2030-02-14 05:45:00,0.0
2030-02-14 06:00:00,0.0
2030-02-14 06:15:00,0.0
2030-02-14 06:30:00,0.0
2030-02-14 06:45:00,0.0
2030-02-14 07:00:00,0.0
2030-02-14 07:15:00,0.0
2030-02-14 07:30:00,0.0
2030-02-14 07:45:00,0.0
2030-02-14 08:00:00,0.0
2030-02-14 08:15:00,0.0
2030-02-14 08:30:00,0.0
2030-02-14 08:45:00,0.0
2030-02-14 09:00:00,0.0
2030-02-14 09:15:00,0.0
2030-02-14 09:30:00,0.0
2030-02-14 09:45:00,0.0
2030-02-14 10:00:00,0.0
2030-02-14 10:15:00,0.0
2030-02-14 10:30:00,0.0
2030-02-14 10:45:00,0.0
2030-02-14 11:00:00,0.0
2030-02-14 11:15:00,0.0
2030-02-14 11:30:00,0.0
2030-02-14 11:45:00,0.0
2030-02-14 12:00:00,0.0
2030-02-14 12:15:00,0.0
2030-02-14 12:30:00,0.0
2030-02-14 12:45:00,0.0
2030-02-14 13:00:00,0.0
2030-02-14 13:15:00,0.0
2030-02-14 13:30:00,0.0
2030-02-14 13:45:00,0.0
2030-02-14 14:00:00,0.0
2030-02-14 14:15:00,0.0
2030-02-14 14:30:00,0.0
2030-02-14 14:45:00,0.0
2030-02-14 15:00:00,0.0
2030-02-14 15:15:00,0.0
2030-02-14 15:30:00,0.0
2030-02-14 15:45:00,0.0
2030-02-14 16:00:00,0.0
2030-02-14 16:15:00,0.0
2030-02-14 16:30:00,0.0
2030-02-14 16:45:00,0.0
2030-02-14 17:00:00,0.0
2030-02-14 17:15:00,0.0
2030-02-14 17:30:00,0.0
2030-02-14 17:45:00,0.0
2030-02-14 18:00:00,0.0
2030-02-14 18:15:00,0.0
2030-02-14 18:30:00,0.0
2030-02-14 18:45:00,0.0
2030-02-14 19:00:00,0.0
2030-02-14 19:15:00,0.0
2030-02-14 19:30:00,0.0
2030-02-14 19:45:00,0.0
2030-02-14 20:00:00,0.0
2030-02-14 20:15:00,0.0
2030-02-14 20:30:00,0.0
2030-02-14 20:45:00,0.0
2030-02-14 21:00:00,0.0
2030-02-14 21:15:00,0.0
2030-02-14 21:30:00,0.0
2030-02-14 21:45:00,0.0
2030-02-14 22:00:00,0.0
2030-02-14 22:15:00,0.0
2030-02-14 22:30:00,0.0
2030-02-14 22:45:00,0.0
2030-02-14 23:00:00,0.0
2030-02-14 23:15:00,0.0
2030-02-14 23:30:00,0.0
2030-02-14 23:45:00,0.0
2030-02-15 00:00:00,0.0
2030-02-15 00:15:00,0.0
2030-02-15 00:30:00,0.0
2030-02-15 00:45:00,0.0
2030-02-15 01:00:00,0.0
2030-02-15 01:15:00,0.0
2030-02-15 01:30:00,0.0
2030-02-15 01:45:00,0.0
2030-02-15 02:00:00,0.0
2030-02-15 02:15:00,0.0
2030-02-15 02:30:00,0.0
2030-02-15 02:45:00,0.0
2030-02-15 03:00:00,0.0
2030-02-15 03:15:00,0.0
2030-02-15 03:30:00,0.0
2030-02-15 03:45:00,0.0
2030-02-15 04:00:00,0.0
2030-02-15 04:15:00,0.0
2030-02-15 04:30:00,0.0
2030-02-15 04:45:00,0.0
2030-02-15 05:00:00,0.0
2030-02-15 05:15:00,0.0
2030-02-15 05:30:00,0.0
2030-02-15 05:45:00,0.0
2030-02-15 06:00:00,0.0
2030-02-15 06:15:00,0.0
2030-02-15 06:30:00,0.0
2030-02-15 06:45:00,0.0
2030-02-15 07:00:00,0.0
2030-02-15 07:15:00,0.0
2030-02-15 07:30:00,0.0
2030-02-15 07:45:00,0.0
2030-02-15 08:00:00,0.0
2030-02-15 08:15:00,0.0
2030-02-15 08:30:00,0.0
2030-02-15 08:45:00,0.0
2030-02-15 09:00:00,0.0
2030-02-15 09:15:00,0.0
2030-02-15 09:30:00,0.0
2030-02-15 09:45:00,0.0
2030-02-15 10:00:00,0.0
2030-02-15 10:15:00,0.0
2030-02-15 10:30:00,0.0
2030-02-15 10:45:00,0.0
2030-02-15 11:00:00,0.0
2030-02-15 11:15:00,0.0
2030-02-15 11:30:00,0.0
2030-02-15 11:45:00,0.0
2030-02-15 12:00:00,0.0
2030-02-15 12:15:00,0.0
2030-02-15 12:30:00,0.0
2030-02-15 12:45:00,0.0
2030-02-15 13:00:00,0.0
2030-02-15 13:15:00,0.0
2030-02-15 13:30:00,0.0
2030-02-15 13:45:00,0.0
2030-02-15 14:00:00,0.0
2030-02-15 14:15:00,0.0
2030-02-15 14:30:00,0.0
2030-02-15 14:45:00,0.0
2030-02-15 15:00:00,0.0
2030-02-15 15:15:00,0.0
2030-02-15 15:30:00,0.0
2030-02-15 15:45:00,0.0
2030-02-15 16:00:00,0.0
2030-02-15 16:15:00,0.0
2030-02-15 16:30:00,0.0
2030-02-15 16:45:00,0.0
2030-02-15 17:00:00,0.0
2030-02-15 17:15:00,0.0
2030-02-15 17:30:00,0.0
2030-02-15 17:45:00,0.0
2030-02-15 18:00:00,0.0
2030-02-15 18:15:00,0.0
2030-02-15 18:30:00,0.0
2030-02-15 18:45:00,0.0
2030-02-15 19:00:00,0.0
2030-02-15 19:15:00,0.0
2030-02-15 19:30:00,0.0
2030-02-15 19:45:00,0.0
2030-02-15 20:00:00,0.0
2030-02-15 20:15:00,0.0
2030-02-15 20:30:00,0.0
2030-02-15 20:45:00,0.0
2030-02-15 21:00:00,0.0
2030-02-15 21:15:00,0.0
2030-02-15 21:30:00,0.0
2030-02-15 21:45:00,0.0
2030-02-15 22:00:00,0.0
2030-02-15 22:15:00,0.0
2030-02-15 22:30:00,0.0
2030-02-15 22:45:00,0.0
2030-02-15 23:00:00,0.0
2030-02-15 23:15:00,0.0
2030-02-15 23:30:00,0.0
2030-02-15 23:45:00,0.0
2030-02-16 00:00:00,0.0
2030-02-16 00:15:00,0.0
2030-02-16 00:30:00,0.0
2030-02-16 00:45:00,0.0
2030-02-16 01:00:00,0.0
2030-02-16 01:15:00,0.0
2030-02-16 01:30:00,0.0
2030-02-16 01:45:00,0.0
2030-02-16 02:00:00,0.0
2030-02-16 02:15:00,0.0
2030-02-16 02:30:00,0.0
2030-02-16 02:45:00,0.0
2030-02-16 03:00:00,0.0
2030-02-16 03:15:00,0.0
2030-02-16 03:30:00,0.0
2030-02-16 03:45:00,0.0
2030-02-16 04:00:00,0.0
2030-02-16 04:15:00,0.0
2030-02-16 04:30:00,0.0
2030-02-16 04:45:00,0.0
2030-02-16 05:00:00,0.0
2030-02-16 05:15:00,0.0
2030-02-16 05:30:00,0.0
2030-02-16 05:45:00,0.0
2030-02-16 06:00:00,0.0
2030-02-16 06:15:00,0.0
2030-02-16 06:30:00,243.0538925548426
2030-02-16 06:45:00,634.9450670846763
2030-02-16 07:00:00,1203.8674586249836
2030-02-16 07:15:00,1418.7603757442303
2030-02-16 07:30:00,1549.5674311891798
2030-02-16 07:45:00,1728.8977674686867
2030-02-16 08:00:00,2023.0466122752023
2030-02-16 08:15:00,2098.0982385013413
2030-02-16 08:30:00,2204.74358584101
2030-02-16 08:45:00,2233.095289089393
2030-02-16 09:00:00,2195.2693427427403
2030-02-16 09:15:00,2255.4086763020005
2030-02-16 09:30:00,2368.2348749238427
2030-02-16 09:45:00,2424.379624770674
2030-02-16 10:00:00,2471.3168550175033
2030-02-16 10:15:00,2428.4145508267648
2030-02-16 10:30:00,2372.6690767000346
2030-02-16 10:45:00,2319.4329514405217
2030-02-16 11:00:00,2340.8402837584927
2030-02-16 11:15:00,2420.681190431289
2030-02-16 11:30:00,2426.5675908050252
2030-02-16 11:45:00,2414.848269584263
2030-02-16 12:00:00,2336.240687769903
2030-02-16 12:15:00,2300.2670036910476
2030-02-16 12:30:00,2319.731011878388
2030-02-16 12:45:00,2340.548293314205
2030-02-16 13:00:00,2380.3675481214304
2030-02-16 13:15:00,2300.478108557025
2030-02-16 13:30:00,2161.6644028111095
2030-02-16 13:45:00,2098.107178729715
2030-02-16 14:00:00,2054.2227837336686
2030-02-16 14:15:00,1916.915257522569
2030-02-16 14:30:00,1761.9995750309354
2030-02-16 14:45:00,1679.495644087814
2030-02-16 15:00:00,1703.147148116981
2030-02-16 15:15:00,1646.9850656609196
2030-02-16 15:30:00,1591.8137347611173
2030-02-16 15:45:00,1545.441691471393
2030-02-16 16:00:00,1561.5514382742367
2030-02-16 16:15:00,1555.96730686531
2030-02-16 16:30:00,1645.0459530951994
2030-02-16 16:45:00,1681.4887122154323
2030-02-16 17:00:00,1774.4790684396612
2030-02-16 17:15:00,1878.3291381909748
2030-02-16 17:30:00,2016.7500312177472
2030-02-16 17:45:00,2211.9912532864128
2030-02-16 18:00:00,2301.487435189607
2030-02-16 18:15:00,2216.8761410202023
2030-02-16 18:30:00,2187.105396179286
2030-02-16 18:45:00,2109.1480131125154
2030-02-16 19:00:00,1947.6929198976868
2030-02-16 19:15:00,1641.0922351812296
2030-02-16 19:30:00,1293.9655480550973
2030-02-16 19:45:00,1058.7198368976078
2030-02-16 20:00:00,689.3978720202576
2030-02-16 20:15:00,481.80719294884693
2030-02-16 20:30:00,209.4103807179181
2030-02-16 20:45:00,0.0
2030-02-16 21:00:00,0.0
2030-02-16 21:15:00,0.0
2030-02-16 21:30:00,0.0
2030-02-16 21:45:00,0.0
2030-02-16 22:00:00,0.0
2030-02-16 22:15:00,0.0
2030-02-16 22:30:00,0.0
2030-02-16 22:45:00,0.0
2030-02-16 23:00:00,0.0
2030-02-16 23:15:00,0.0
2030-02-16 23:30:00,0.0
2030-02-16 23:45:00,0.0
2030-02-17 00:00:00,0.0
2030-02-17 00:15:00,0.0
2030-02-17 00:30:00,0.0
2030-02-17 00:45:00,0.0
2030-02-17 01:00:00,0.0
2030-02-17 01:15:00,0.0
2030-02-17 01:30:00,0.0
2030-02-17 01:45:00,0.0
2030-02-17 02:00:00,0.0
2030-02-17 02:15:00,0.0
2030-02-17 02:30:00,0.0
2030-02-17 02:45:00,0.0
2030-02-17 03:00:00,0.0
2030-02-17 03:15:00,0.0
2030-02-17 03:30:00,0.0
2030-02-17 03:45:00,0.0
2030-02-17 04:00:00,0.0
2030-02-17 04:15:00,0.0
2030-02-17 04:30:00,0.0
2030-02-17 04:45:00,0.0
2030-02-17 05:00:00,0.0
2030-02-17 05:15:00,0.0
2030-02-17 05:30:00,0.0
2030-02-17 05:45:00,0.0
2030-02-17 06:00:00,0.0
2030-02-17 06:15:00,0.0
2030-02-17 06:30:00,0.0
2030-02-17 06:45:00,0.0
2030-02-17 07:00:00,0.0
2030-02-17 07:15:00,0.0
2030-02-17 07:30:00,0.0
2030-02-17 07:45:00,0.0
2030-02-17 08:00:00,0.0
2030-02-17 08:15:00,0.0
2030-02-17 08:30:00,0.0
2030-02-17 08:45:00,32.42121950730143
2030-02-17 09:00:00,143.54807690910275
2030-02-17 09:15:00,282.1402236207414
2030-02-17 09:30:00,347.86571854455906
2030-02-17 09:45:00,486.325754703892
2030-02-17 10:00:00,619.9786417083524
2030-02-17 10:15:00,632.8507284072093
2030-02-17 10:30:00,698.863556890461
2030-02-17 10:45:00,705.4415195997626
2030-02-17 11:00:00,816.4717413036597
2030-02-17 11:15:00,933.1235000656234
2030-02-17 11:30:00,953.6238146206815
2030-02-17 11:45:00,731.0612003633178
2030-02-17 12:00:00,690.3366759603214
2030-02-17 12:15:00,672.2418250473202
2030-02-17 12:30:00,746.5410535073333
2030-02-17 12:45:00,772.4053590226085
2030-02-17 13:00:00,834.0097099951054
2030-02-17 13:15:00,707.6131405955857
2030-02-17 13:30:00,537.7499596584857
2030-02-17 13:45:00,504.0188744055031
2030-02-17 14:00:00,343.796247640752
2030-02-17 14:15:00,338.6109147614443
2030-02-17 14:30:00,231.44134179973116
2030-02-17 14:45:00,222.1527603542272
2030-02-17 15:00:00,264.77307135330193
2030-02-17 15:15:00,275.456776616149
2030-02-17 15:30:00,192.00431956658758
2030-02-17 15:45:00,199.85852911191978
2030-02-17 16:00:00,335.72379925011774
2030-02-17 16:15:00,406.9693011944837
2030-02-17 16:30:00,442.69183405469994
2030-02-17 16:45:00,524.42036752684
2030-02-17 17:00:00,593.2829198142608
2030-02-17 17:15:00,746.8770929244965
2030-02-17 17:30:00,993.8756740118879
2030-02-17 17:45:00,1171.2935516660873
2030-02-17 18:00:00,1491.9647065635618
2030-02-17 18:15:00,1506.6131810479292
2030-02-17 18:30:00,1518.9643965334853
2030-02-17 18:45:00,1512.921525001675
2030-02-17 19:00:00,1350.0179655812499
2030-02-17 19:15:00,1280.0960242733163
2030-02-17 19:30:00,1208.9352780852569
2030-02-17 19:45:00,1071.4116749017085
2030-02-17 20:00:00,805.7822642232895
2030-02-17 20:15:00,556.7371145375582
2030-02-17 20:30:00,352.7803510718768
2030-02-17 20:45:00,187.0585379861095
2030-02-17 21:00:00,17.559547690258114
2030-02-17 21:15:00,0.0
2030-02-17 21:30:00,0.0
2030-02-17 21:45:00,0.0
2030-02-17 22:00:00,0.0
2030-02-17 22:15:00,0.0
2030-02-17 22:30:00,0.0
2030-02-17 22:45:00,0.0
2030-02-17 23:00:00,0.0
2030-02-17 23:15:00,0.0
2030-02-17 23:30:00,0.0
2030-02-17 23:45:00,0.0
2030-02-18 00:00:00,0.0
2030-02-18 00:15:00,0.0
2030-02-18 00:30:00,0.0
2030-02-18 00:45:00,0.0
2030-02-18 01:00:00,0.0
2030-02-18 01:15:00,0.0
2030-02-18 01:30:00,0.0
2030-02-18 01:45:00,0.0
2030-02-18 02:00:00,0.0
2030-02-18 02:15:00,0.0
2030-02-18 02:30:00,0.0
2030-02-18 02:45:00,0.0
2030-02-18 03:00:00,0.0
2030-02-18 03:15:00,0.0
2030-02-18 03:30:00,0.0
2030-02-18 03:45:00,0.0
2030-02-18 04:00:00,0.0
2030-02-18 04:15:00,0.0
2030-02-18 04:30:00,0.0
2030-02-18 04:45:00,0.0
2030-02-18 05:00:00,0.0
2030-02-18 05:15:00,0.0
2030-02-18 05:30:00,0.0
2030-02-18 05:45:00,0.0
2030-02-18 06:00:00,0.0
2030-02-18 06:15:00,0.0
2030-02-18 06:30:00,0.0
2030-02-18 06:45:00,0.0
2030-02-18 07:00:00,0.0
2030-02-18 07:15:00,0.0
2030-02-18 07:30:00,0.0
2030-02-18 07:45:00,0.0
2030-02-18 08:00:00,0.0
2030-02-18 08:15:00,0.0
2030-02-18 08:30:00,0.0
2030-02-18 08:45:00,0.0
2030-02-18 09:00:00,0.0
2030-02-18 09:15:00,0.0
2030-02-18 09:30:00,0.0
2030-02-18 09:45:00,0.0
2030-02-18 10:00:00,0.0
2030-02-18 10:15:00,0.0
2030-02-18 10:30:00,0.0
2030-02-18 10:45:00,0.0
2030-02-18 11:00:00,0.0
2030-02-18 11:15:00,0.0
2030-02-18 11:30:00,55.36382280933685
2030-02-18 11:45:00,0.0
2030-02-18 12:00:00,0.0
2030-02-18 12:15:00,0.0
2030-02-18 12:30:00,0.0
2030-02-18 12:45:00,0.0
2030-02-18 13:00:00,0.0
2030-02-18 13:15:00,0.0
2030-02-18 13:30:00,0.0
2030-02-18 13:45:00,0.0
2030-02-18 14:00:00,0.0
2030-02-18 14:15:00,0.0
2030-02-18 14:30:00,0.0
2030-02-18 14:45:00,0.0
2030-02-18 15:00:00,0.0
2030-02-18 15:15:00,0.0
2030-02-18 15:30:00,0.0
2030-02-18 15:45:00,0.0
2030-02-18 16:00:00,0.0
2030-02-18 16:15:00,0.0
2030-02-18 16:30:00,0.0
2030-02-18 16:45:00,0.0
2030-02-18 17:00:00,0.0
2030-02-18 17:15:00,0.0
2030-02-18 17:30:00,0.0
2030-02-18 17:45:00,131.9269693316346
2030-02-18 18:00:00,348.6598202451678
2030-02-18 18:15:00,343.9708701242889
2030-02-18 18:30:00,211.657120086973
2030-02-18 18:45:00,87.53069659972971
2030-02-18 19:00:00,0.0
2030-02-18 19:15:00,0.0
2030-02-18 19:30:00,0.0
2030-02-18 19:45:00,0.0
2030-02-18 20:00:00,0.0
2030-02-18 20:15:00,0.0
2030-02-18 20:30:00,0.0
2030-02-18 20:45:00,0.0
2030-02-18 21:00:00,0.0
2030-02-18 21:15:00,0.0
2030-02-18 21:30:00,0.0
2030-02-18 21:45:00,0.0
2030-02-18 22:00:00,0.0
2030-02-18 22:15:00,0.0
2030-02-18 22:30:00,0.0
2030-02-18 22:45:00,0.0
2030-02-18 23:00:00,0.0
2030-02-18 23:15:00,0.0
2030-02-18 23:30:00,0.0
2030-02-18 23:45:00,0.0
2030-02-19 00:00:00,0.0
2030-02-19 00:15:00,0.0
2030-02-19 00:30:00,0.0
2030-02-19 00:45:00,0.0
2030-02-19 01:00:00,0.0
2030-02-19 01:15:00,0.0
2030-02-19 01:30:00,0.0
2030-02-19 01:45:00,0.0
2030-02-19 02:00:00,0.0
2030-02-19 02:15:00,0.0
2030-02-19 02:30:00,0.0
2030-02-19 02:45:00,0.0
2030-02-19 03:00:00,0.0
2030-02-19 03:15:00,0.0
2030-02-19 03:30:00,0.0
2030-02-19 03:45:00,0.0
2030-02-19 04:00:00,0.0
2030-02-19 04:15:00,0.0
2030-02-19 04:30:00,0.0
2030-02-19 04:45:00,0.0
2030-02-19 05:00:00,0.0
2030-02-19 05:15:00,0.0
2030-02-19 05:30:00,0.0
2030-02-19 05:45:00,0.0
2030-02-19 06:00:00,0.0
2030-02-19 06:15:00,0.0
2030-02-19 06:30:00,0.0
2030-02-19 06:45:00,0.0
2030-02-19 07:00:00,0.0
2030-02-19 07:15:00,0.0
2030-02-19 07:30:00,0.0
2030-02-19 07:45:00,0.0
2030-02-19 08:00:00,0.0
2030-02-19 08:15:00,0.0
2030-02-19 08:30:00,0.0
2030-02-19 08:45:00,0.0
2030-02-19 09:00:00,0.0
2030-02-19 09:15:00,0.0
2030-02-19 09:30:00,0.0
2030-02-19 09:45:00,0.0
2030-02-19 10:00:00,0.0
2030-02-19 10:15:00,0.0
2030-02-19 10:30:00,0.0
2030-02-19 10:45:00,0.0
2030-02-19 11:00:00,0.0
2030-02-19 11:15:00,0.0
2030-02-19 11:30:00,0.0
2030-02-19 11:45:00,0.0
2030-02-19 12:00:00,0.0
2030-02-19 12:15:00,0.0
2030-02-19 12:30:00,0.0
2030-02-19 12:45:00,0.0
2030-02-19 13:00:00,0.0
2030-02-19 13:15:00,0.0
2030-02-19 13:30:00,0.0
2030-02-19 13:45:00,0.0
2030-02-19 14:00:00,0.0
2030-02-19 14:15:00,0.0
2030-02-19 14:30:00,0.0
2030-02-19 14:45:00,0.0
2030-02-19 15:00:00,0.0
2030-02-19 15:15:00,0.0
2030-02-19 15:30:00,0.0
2030-02-19 15:45:00,0.0
2030-02-19 16:00:00,0.0
2030-02-19 16:15:00,0.0
2030-02-19 16:30:00,0.0
2030-02-19 16:45:00,0.0
2030-02-19 17:00:00,0.0
2030-02-19 17:15:00,0.0
2030-02-19 17:30:00,0.0
2030-02-19 17:45:00,0.0
2030-02-19 18:00:00,0.0
2030-02-19 18:15:00,0.0
2030-02-19 18:30:00,0.0
2030-02-19 18:45:00,0.0
2030-02-19 19:00:00,0.0
2030-02-19 19:15:00,0.0
2030-02-19 19:30:00,0.0
2030-02-19 19:45:00,0.0
2030-02-19 20:00:00,0.0
2030-02-19 20:15:00,0.0
2030-02-19 20:30:00,0.0
2030-02-19 20:45:00,0.0
2030-02-19 21:00:00,0.0
2030-02-19 21:15:00,0.0
2030-02-19 21:30:00,0.0
2030-02-19 21:45:00,0.0
2030-02-19 22:00:00,0.0
2030-02-19 22:15:00,0.0
2030-02-19 22:30:00,0.0
2030-02-19 22:45:00,0.0
2030-02-19 23:00:00,0.0
2030-02-19 23:15:00,0.0
2030-02-19 23:30:00,0.0
2030-02-19 23:45:00,0.0
2030-02-20 00:00:00,0.0
2030-02-20 00:15:00,0.0
2030-02-20 00:30:00,0.0
2030-02-20 00:45:00,0.0
2030-02-20 01:00:00,0.0
2030-02-20 01:15:00,0.0
2030-02-20 01:30:00,0.0
2030-02-20 01:45:00,0.0
2030-02-20 02:00:00,0.0
2030-02-20 02:15:00,0.0
2030-02-20 02:30:00,0.0
2030-02-20 02:45:00,0.0
2030-02-20 03:00:00,0.0
2030-02-20 03:15:00,0.0
2030-02-20 03:30:00,0.0
2030-02-20 03:45:00,0.0
2030-02-20 04:00:00,0.0
2030-02-20 04:15:00,0.0
2030-02-20 04:30:00,0.0
2030-02-20 04:45:00,0.0
2030-02-20 05:00:00,0.0
2030-02-20 05:15:00,0.0
2030-02-20 05:30:00,0.0
2030-02-20 05:45:00,0.0
2030-02-20 06:00:00,0.0
2030-02-20 06:15:00,0.0
2030-02-20 06:30:00,0.0
2030-02-20 06:45:00,0.0
2030-02-20 07:00:00,0.0
2030-02-20 07:15:00,0.0
2030-02-20 07:30:00,0.0
2030-02-20 07:45:00,0.0
2030-02-20 08:00:00,0.0
2030-02-20 08:15:00,0.0
2030-02-20 08:30:00,0.0
2030-02-20 08:45:00,0.0
2030-02-20 09:00:00,0.0
2030-02-20 09:15:00,0.0
2030-02-20 09:30:00,0.0
2030-02-20 09:45:00,0.0
2030-02-20 10:00:00,0.0
2030-02-20 10:15:00,0.0
2030-02-20 10:30:00,0.0
2030-02-20 10:45:00,0.0
2030-02-20 11:00:00,0.0
2030-02-20 11:15:00,0.0
2030-02-20 11:30:00,0.0
2030-02-20 11:45:00,0.0
2030-02-20 12:00:00,0.0
2030-02-20 12:15:00,0.0
2030-02-20 12:30:00,0.0
2030-02-20 12:45:00,0.0
2030-02-20 13:00:00,0.0
2030-02-20 13:15:00,0.0
2030-02-20 13:30:00,0.0
2030-02-20 13:45:00,0.0
2030-02-20 14:00:00,0.0
2030-02-20 14:15:00,0.0
2030-02-20 14:30:00,0.0
2030-02-20 14:45:00,0.0
2030-02-20 15:00:00,0.0
2030-02-20 15:15:00,0.0
2030-02-20 15:30:00,0.0
2030-02-20 15:45:00,0.0
2030-02-20 16:00:00,0.0
2030-02-20 16:15:00,0.0
2030-02-20 16:30:00,0.0
2030-02-20 16:45:00,0.0
2030-02-20 17:00:00,0.0
2030-02-20 17:15:00,0.0
2030-02-20 17:30:00,0.0
2030-02-20 17:45:00,0.0
2030-02-20 18:00:00,0.0
2030-02-20 18:15:00,0.0
2030-02-20 18:30:00,0.0
2030-02-20 18:45:00,0.0
2030-02-20 19:00:00,0.0
2030-02-20 19:15:00,0.0
2030-02-20 19:30:00,0.0
2030-02-20 19:45:00,0.0
2030-02-20 20:00:00,0.0
2030-02-20 20:15:00,0.0
2030-02-20 20:30:00,0.0
2030-02-20 20:45:00,0.0
2030-02-20 21:00:00,0.0
2030-02-20 21:15:00,0.0
2030-02-20 21:30:00,0.0
2030-02-20 21:45:00,0.0
2030-02-20 22:00:00,0.0
2030-02-20 22:15:00,0.0
2030-02-20 22:30:00,0.0
2030-02-20 22:45:00,0.0
2030-02-20 23:00:00,0.0
2030-02-20 23:15:00,0.0
2030-02-20 23:30:00,0.0
2030-02-20 23:45:00,0.0
2030-02-21 00:00:00,0.0
2030-02-21 00:15:00,0.0
2030-02-21 00:30:00,0.0
2030-02-21 00:45:00,0.0
2030-02-21 01:00:00,0.0
2030-02-21 01:15:00,0.0
2030-02-21 01:30:00,0.0
2030-02-21 01:45:00,0.0
2030-02-21 02:00:00,0.0
2030-02-21 02:15:00,0.0
2030-02-21 02:30:00,0.0
2030-02-21 02:45:00,0.0
2030-02-21 03:00:00,0.0
2030-02-21 03:15:00,0.0
2030-02-21 03:30:00,0.0
2030-02-21 03:45:00,0.0
2030-02-21 04:00:00,24.03582461289443
2030-02-21 04:15:00,0.0
2030-02-21 04:30:00,0.0
2030-02-21 04:45:00,0.0
2030-02-21 05:00:00,0.0
2030-02-21 05:15:00,0.0
2030-02-21 05:30:00,0.0
2030-02-21 05:45:00,0.0
2030-02-21 06:00:00,0.0
2030-02-21 06:15:00,0.0
2030-02-21 06:30:00,0.0
2030-02-21 06:45:00,0.0
2030-02-21 07:00:00,0.0
2030-02-21 07:15:00,0.0
2030-02-21 07:30:00,0.0
2030-02-21 07:45:00,0.0
2030-02-21 08:00:00,0.0
2030-02-21 08:15:00,0.0
2030-02-21 08:30:00,0.0
2030-02-21 08:45:00,0.0
2030-02-21 09:00:00,0.0
2030-02-21 09:15:00,0.0
2030-02-21 09:30:00,0.0
2030-02-21 09:45:00,0.0
2030-02-21 10:00:00,0.0
2030-02-21 10:15:00,0.0
2030-02-21 10:30:00,0.0
2030-02-21 10:45:00,0.0
2030-02-21 11:00:00,0.0
2030-02-21 11:15:00,0.0
2030-02-21 11:30:00,0.0
2030-02-21 11:45:00,0.0
2030-02-21 12:00:00,0.0
2030-02-21 12:15:00,0.0
2030-02-21 12:30:00,0.0
2030-02-21 12:45:00,0.0
2030-02-21 13:00:00,0.0
2030-02-21 13:15:00,0.0
2030-02-21 13:30:00,0.0
2030-02-21 13:45:00,0.0
2030-02-21 14:00:00,0.0
2030-02-21 14:15:00,0.0
2030-02-21 14:30:00,0.0
2030-02-21 14:45:00,0.0
2030-02-21 15:00:00,0.0
2030-02-21 15:15:00,0.0
2030-02-21 15:30:00,0.0
2030-02-21 15:45:00,0.0
2030-02-21 16:00:00,0.0
2030-02-21 16:15:00,0.0
2030-02-21 16:30:00,0.0
2030-02-21 16:45:00,0.0
2030-02-21 17:00:00,0.0
2030-02-21 17:15:00,0.0
2030-02-21 17:30:00,0.0
2030-02-21 17:45:00,0.0
2030-02-21 18:00:00,0.0
2030-02-21 18:15:00,0.0
2030-02-21 18:30:00,0.0
2030-02-21 18:45:00,0.0
2030-02-21 19:00:00,0.0
2030-02-21 19:15:00,0.0
2030-02-21 19:30:00,0.0
2030-02-21 19:45:00,0.0
2030-02-21 20:00:00,0.0
2030-02-21 20:15:00,0.0
2030-02-21 20:30:00,0.0
2030-02-21 20:45:00,0.0
2030-02-21 21:00:00,0.0
2030-02-21 21:15:00,0.0
2030-02-21 21:30:00,0.0
2030-02-21 21:45:00,0.0
2030-02-21 22:00:00,0.0
2030-02-21 22:15:00,0.0
2030-02-21 22:30:00,0.0
2030-02-21 22:45:00,0.0
2030-02-21 23:00:00,0.0
2030-02-21 23:15:00,0.0
2030-02-21 23:30:00,0.0
2030-02-21 23:45:00,0.0
2030-02-22 00:00:00,0.0
2030-02-22 00:15:00,0.0
2030-02-22 00:30:00,0.0
2030-02-22 00:45:00,0.0
2030-02-22 01:00:00,0.0
2030-02-22 01:15:00,0.0
2030-02-22 01:30:00,0.0
2030-02-22 01:45:00,0.0
2030-02-22 02:00:00,0.0
2030-02-22 02:15:00,0.0
2030-02-22 02:30:00,0.0
2030-02-22 02:45:00,0.0
2030-02-22 03:00:00,0.0
2030-02-22 03:15:00,0.0
2030-02-22 03:30:00,0.0
2030-02-22 03:45:00,0.0
2030-02-22 04:00:00,0.0
2030-02-22 04:15:00,-727.8276842666255
2030-02-22 04:30:00,-1179.8289053961416
2030-02-22 04:45:00,-941.4605267795268
2030-02-22 05:00:00,-569.4269474794837
2030-02-22 05:15:00,-387.8820423136149
2030-02-22 05:30:00,-9.175289591146793
2030-02-22 05:45:00,0.0
2030-02-22 06:00:00,0.0
2030-02-22 06:15:00,0.0
2030-02-22 06:30:00,0.0
2030-02-22 06:45:00,0.0
2030-02-22 07:00:00,0.0
2030-02-22 07:15:00,0.0
2030-02-22 07:30:00,0.0
2030-02-22 07:45:00,0.0
2030-02-22 08:00:00,0.0
2030-02-22 08:15:00,0.0
2030-02-22 08:30:00,0.0
2030-02-22 08:45:00,0.0
2030-02-22 09:00:00,0.0
2030-02-22 09:15:00,0.0
2030-02-22 09:30:00,955.7902311280177
2030-02-22 09:45:00,0.0
2030-02-22 10:00:00,0.0
2030-02-22 10:15:00,0.0
2030-02-22 10:30:00,0.0
2030-02-22 10:45:00,0.0
2030-02-22 11:00:00,0.0
2030-02-22 11:15:00,0.0
2030-02-22 11:30:00,0.0
2030-02-22 11:45:00,0.0
2030-02-22 12:00:00,0.0
2030-02-22 12:15:00,0.0
2030-02-22 12:30:00,0.0
2030-02-22 12:45:00,0.0
2030-02-22 13:00:00,0.0
2030-02-22 13:15:00,0.0
2030-02-22 13:30:00,0.0
2030-02-22 13:45:00,0.0
2030-02-22 14:00:00,0.0
2030-02-22 14:15:00,0.0
2030-02-22 14:30:00,0.0
2030-02-22 14:45:00,0.0
2030-02-22 15:00:00,0.0
2030-02-22 15:15:00,0.0
2030-02-22 15:30:00,0.0
2030-02-22 15:45:00,0.0
2030-02-22 16:00:00,0.0
2030-02-22 16:15:00,0.0
2030-02-22 16:30:00,0.0
2030-02-22 16:45:00,0.0
2030-02-22 17:00:00,0.0
2030-02-22 17:15:00,0.0
2030-02-22 17:30:00,0.0
2030-02-22 17:45:00,0.0
2030-02-22 18:00:00,0.0
2030-02-22 18:15:00,0.0
2030-02-22 18:30:00,0.0
2030-02-22 18:45:00,0.0
2030-02-22 19:00:00,0.0
2030-02-22 19:15:00,0.0
2030-02-22 19:30:00,0.0
2030-02-22 19:45:00,0.0
2030-02-22 20:00:00,0.0
2030-02-22 20:15:00,0.0
2030-02-22 20:30:00,0.0
2030-02-22 20:45:00,0.0
2030-02-22 21:00:00,0.0
2030-02-22 21:15:00,0.0
2030-02-22 21:30:00,0.0
2030-02-22 21:45:00,0.0
2030-02-22 22:00:00,0.0
2030-02-22 22:15:00,0.0
2030-02-22 22:30:00,0.0
2030-02-22 22:45:00,0.0
2030-02-22 23:00:00,0.0
2030-02-22 23:15:00,0.0
2030-02-22 23:30:00,0.0
2030-02-22 23:45:00,0.0
2030-02-23 00:00:00,0.0
2030-02-23 00:15:00,0.0
2030-02-23 00:30:00,0.0
2030-02-23 00:45:00,0.0
2030-02-23 01:00:00,0.0
2030-02-23 01:15:00,0.0
2030-02-23 01:30:00,0.0
2030-02-23 01:45:00,0.0
2030-02-23 02:00:00,0.0
2030-02-23 02:15:00,0.0
2030-02-23 02:30:00,0.0
2030-02-23 02:45:00,0.0
2030-02-23 03:00:00,0.0
2030-02-23 03:15:00,0.0
2030-02-23 03:30:00,0.0
2030-02-23 03:45:00,0.0
2030-02-23 04:00:00,0.0
2030-02-23 04:15:00,0.0
2030-02-23 04:30:00,0.0
2030-02-23 04:45:00,0.0
2030-02-23 05:00:00,0.0
2030-02-23 05:15:00,0.0
2030-02-23 05:30:00,0.0
2030-02-23 05:45:00,0.0
2030-02-23 06:00:00,0.0
2030-02-23 06:15:00,0.0
2030-02-23 06:30:00,0.0
2030-02-23 06:45:00,0.0
2030-02-23 07:00:00,0.0
2030-02-23 07:15:00,0.0
2030-02-23 07:30:00,0.0
2030-02-23 07:45:00,0.0
2030-02-23 08:00:00,0.0
2030-02-23 08:15:00,0.0
2030-02-23 08:30:00,0.0
2030-02-23 08:45:00,0.0
2030-02-23 09:00:00,0.0
2030-02-23 09:15:00,0.0
2030-02-23 09:30:00,0.0
2030-02-23 09:45:00,0.0
2030-02-23 10:00:00,0.0
2030-02-23 10:15:00,0.0
2030-02-23 10:30:00,0.0
2030-02-23 10:45:00,0.0
2030-02-23 11:00:00,0.0
2030-02-23 11:15:00,0.0
2030-02-23 11:30:00,0.0
2030-02-23 11:45:00,0.0
2030-02-23 12:00:00,0.0
2030-02-23 12:15:00,0.0
2030-02-23 12:30:00,0.0
2030-02-23 12:45:00,0.0
2030-02-23 13:00:00,0.0
2030-02-23 13:15:00,0.0
2030-02-23 13:30:00,0.0
2030-02-23 13:45:00,0.0
2030-02-23 14:00:00,0.0
2030-02-23 14:15:00,0.0
2030-02-23 14:30:00,0.0
2030-02-23 14:45:00,0.0
2030-02-23 15:00:00,0.0
2030-02-23 15:15:00,0.0
2030-02-23 15:30:00,0.0
2030-02-23 15:45:00,0.0
2030-02-23 16:00:00,0.0
2030-02-23 16:15:00,0.0
2030-02-23 16:30:00,0.0
2030-02-23 16:45:00,0.0
2030-02-23 17:00:00,0.0
2030-02-23 17:15:00,0.0
2030-02-23 17:30:00,0.0
2030-02-23 17:45:00,0.0
2030-02-23 18:00:00,0.0
2030-02-23 18:15:00,0.0
2030-02-23 18:30:00,0.0
2030-02-23 18:45:00,0.0
2030-02-23 19:00:00,0.0
2030-02-23 19:15:00,0.0
2030-02-23 19:30:00,0.0
2030-02-23 19:45:00,0.0
2030-02-23 20:00:00,0.0
2030-02-23 20:15:00,0.0
2030-02-23 20:30:00,0.0
2030-02-23 20:45:00,0.0
2030-02-23 21:00:00,0.0
2030-02-23 21:15:00,0.0
2030-02-23 21:30:00,0.0
2030-02-23 21:45:00,0.0
2030-02-23 22:00:00,0.0
2030-02-23 22:15:00,0.0
2030-02-23 22:30:00,0.0
2030-02-23 22:45:00,0.0
2030-02-23 23:00:00,0.0
2030-02-23 23:15:00,0.0
2030-02-23 23:30:00,0.0
2030-02-23 23:45:00,0.0
2030-02-24 00:00:00,0.0
2030-02-24 00:15:00,0.0
2030-02-24 00:30:00,0.0
2030-02-24 00:45:00,0.0
2030-02-24 01:00:00,0.0
2030-02-24 01:15:00,0.0
2030-02-24 01:30:00,0.0
2030-02-24 01:45:00,0.0
2030-02-24 02:00:00,0.0
2030-02-24 02:15:00,0.0
2030-02-24 02:30:00,0.0
2030-02-24 02:45:00,0.0
2030-02-24 03:00:00,0.0
2030-02-24 03:15:00,0.0
2030-02-24 03:30:00,0.0
2030-02-24 03:45:00,0.0
2030-02-24 04:00:00,0.0
2030-02-24 04:15:00,0.0
2030-02-24 04:30:00,0.0
2030-02-24 04:45:00,0.0
2030-02-24 05:00:00,0.0
2030-02-24 05:15:00,0.0
2030-02-24 05:30:00,0.0
2030-02-24 05:45:00,0.0
2030-02-24 06:00:00,0.0
2030-02-24 06:15:00,0.0
2030-02-24 06:30:00,0.0
2030-02-24 06:45:00,0.0
2030-02-24 07:00:00,0.0
2030-02-24 07:15:00,0.0
2030-02-24 07:30:00,0.0
2030-02-24 07:45:00,0.0
2030-02-24 08:00:00,0.0
2030-02-24 08:15:00,0.0
2030-02-24 08:30:00,0.0
2030-02-24 08:45:00,0.0
2030-02-24 09:00:00,0.0
2030-02-24 09:15:00,0.0
2030-02-24 09:30:00,0.0
2030-02-24 09:45:00,0.0
2030-02-24 10:00:00,0.0
2030-02-24 10:15:00,0.0
2030-02-24 10:30:00,0.0
2030-02-24 10:45:00,0.0
2030-02-24 11:00:00,0.0
2030-02-24 11:15:00,0.0
2030-02-24 11:30:00,0.0
2030-02-24 11:45:00,0.0
2030-02-24 12:00:00,0.0
2030-02-24 12:15:00,0.0
2030-02-24 12:30:00,0.0
2030-02-24 12:45:00,0.0
2030-02-24 13:00:00,0.0
2030-02-24 13:15:00,0.0
2030-02-24 13:30:00,0.0
2030-02-24 13:45:00,0.0
2030-02-24 14:00:00,0.0
2030-02-24 14:15:00,0.0
2030-02-24 14:30:00,0.0
2030-02-24 14:45:00,0.0
2030-02-24 15:00:00,0.0
2030-02-24 15:15:00,0.0
2030-02-24 15:30:00,0.0
2030-02-24 15:45:00,0.0
2030-02-24 16:00:00,0.0
2030-02-24 16:15:00,0.0
2030-02-24 16:30:00,0.0
2030-02-24 16:45:00,0.0
2030-02-24 17:00:00,0.0
2030-02-24 17:15:00,0.0
2030-02-24 17:30:00,0.0
2030-02-24 17:45:00,208.61186311148776
2030-02-24 18:00:00,494.7604423385219
2030-02-24 18:15:00,560.2616404985038
2030-02-24 18:30:00,553.456429915741
2030-02-24 18:45:00,399.93859984730625
2030-02-24 19:00:00,153.5081105865902
2030-02-24 19:15:00,0.0
2030-02-24 19:30:00,0.0
2030-02-24 19:45:00,0.0
2030-02-24 20:00:00,0.0
2030-02-24 20:15:00,0.0
2030-02-24 20:30:00,0.0
2030-02-24 20:45:00,0.0
2030-02-24 21:00:00,0.0
2030-02-24 21:15:00,0.0
2030-02-24 21:30:00,0.0
2030-02-24 21:45:00,0.0
2030-02-24 22:00:00,0.0
2030-02-24 22:15:00,0.0
2030-02-24 22:30:00,0.0
2030-02-24 22:45:00,0.0
2030-02-24 23:00:00,0.0
2030-02-24 23:15:00,0.0
2030-02-24 23:30:00,0.0
2030-02-24 23:45:00,0.0
2030-02-25 00:00:00,0.0
2030-02-25 00:15:00,0.0
2030-02-25 00:30:00,0.0
2030-02-25 00:45:00,0.0
2030-02-25 01:00:00,0.0
2030-02-25 01:15:00,0.0
2030-02-25 01:30:00,0.0
2030-02-25 01:45:00,0.0
2030-02-25 02:00:00,0.0
2030-02-25 02:15:00,0.0
2030-02-25 02:30:00,0.0
2030-02-25 02:45:00,0.0
2030-02-25 03:00:00,0.0
2030-02-25 03:15:00,0.0
2030-02-25 03:30:00,0.0
2030-02-25 03:45:00,0.0
2030-02-25 04:00:00,0.0
2030-02-25 04:15:00,0.0
2030-02-25 04:30:00,0.0
2030-02-25 04:45:00,0.0
2030-02-25 05:00:00,0.0
2030-02-25 05:15:00,0.0
2030-02-25 05:30:00,0.0
2030-02-25 05:45:00,0.0
2030-02-25 06:00:00,0.0
2030-02-25 06:15:00,0.0
2030-02-25 06:30:00,0.0
2030-02-25 06:45:00,0.0
2030-02-25 07:00:00,0.0
2030-02-25 07:15:00,0.0
2030-02-25 07:30:00,0.0
2030-02-25 07:45:00,0.0
2030-02-25 08:00:00,0.0
2030-02-25 08:15:00,0.0
2030-02-25 08:30:00,0.0
2030-02-25 08:45:00,0.0
2030-02-25 09:00:00,0.0
2030-02-25 09:15:00,0.0
2030-02-25 09:30:00,0.0
2030-02-25 09:45:00,0.0
2030-02-25 10:00:00,0.0
2030-02-25 10:15:00,0.0
2030-02-25 10:30:00,0.0
2030-02-25 10:45:00,0.0
2030-02-25 11:00:00,0.0
2030-02-25 11:15:00,0.0
2030-02-25 11:30:00,0.0
2030-02-25 11:45:00,0.0
2030-02-25 12:00:00,0.0
2030-02-25 12:15:00,0.0
2030-02-25 12:30:00,0.0
2030-02-25 12:45:00,0.0
2030-02-25 13:00:00,0.0
2030-02-25 13:15:00,0.0
2030-02-25 13:30:00,0.0
2030-02-25 13:45:00,0.0
2030-02-25 14:00:00,0.0
2030-02-25 14:15:00,0.0
2030-02-25 14:30:00,0.0
2030-02-25 14:45:00,0.0
2030-02-25 15:00:00,0.0
2030-02-25 15:15:00,0.0
2030-02-25 15:30:00,0.0
2030-02-25 15:45:00,0.0
2030-02-25 16:00:00,0.0
2030-02-25 16:15:00,0.0
2030-02-25 16:30:00,0.0
2030-02-25 16:45:00,0.0
2030-02-25 17:00:00,0.0
2030-02-25 17:15:00,0.0
2030-02-25 17:30:00,0.0
2030-02-25 17:45:00,0.0
2030-02-25 18:00:00,0.0
2030-02-25 18:15:00,0.0
2030-02-25 18:30:00,0.0
2030-02-25 18:45:00,0.0
2030-02-25 19:00:00,0.0
2030-02-25 19:15:00,0.0
2030-02-25 19:30:00,0.0
2030-02-25 19:45:00,0.0
2030-02-25 20:00:00,0.0
2030-02-25 20:15:00,0.0
2030-02-25 20:30:00,0.0
2030-02-25 20:45:00,0.0
2030-02-25 21:00:00,0.0
2030-02-25 21:15:00,0.0
2030-02-25 21:30:00,0.0
2030-02-25 21:45:00,0.0
2030-02-25 22:00:00,0.0
2030-02-25 22:15:00,0.0
2030-02-25 22:30:00,0.0
2030-02-25 22:45:00,0.0
2030-02-25 23:00:00,0.0
2030-02-25 23:15:00,0.0
2030-02-25 23:30:00,0.0
2030-02-25 23:45:00,0.0
2030-02-26 00:00:00,0.0
2030-02-26 00:15:00,0.0
2030-02-26 00:30:00,0.0
2030-02-26 00:45:00,0.0
2030-02-26 01:00:00,0.0
2030-02-26 01:15:00,0.0
2030-02-26 01:30:00,0.0
2030-02-26 01:45:00,0.0
2030-02-26 02:00:00,0.0
2030-02-26 02:15:00,0.0
2030-02-26 02:30:00,0.0
2030-02-26 02:45:00,0.0
2030-02-26 03:00:00,0.0
2030-02-26 03:15:00,0.0
2030-02-26 03:30:00,0.0
2030-02-26 03:45:00,0.0
2030-02-26 04:00:00,0.0
2030-02-26 04:15:00,0.0
2030-02-26 04:30:00,0.0
2030-02-26 04:45:00,0.0
2030-02-26 05:00:00,0.0
2030-02-26 05:15:00,0.0
2030-02-26 05:30:00,0.0
2030-02-26 05:45:00,0.0
2030-02-26 06:00:00,0.0
2030-02-26 06:15:00,0.0
2030-02-26 06:30:00,0.0
2030-02-26 06:45:00,0.0
2030-02-26 07:00:00,0.0
2030-02-26 07:15:00,0.0
2030-02-26 07:30:00,0.0
2030-02-26 07:45:00,0.0
2030-02-26 08:00:00,0.0
2030-02-26 08:15:00,0.0
2030-02-26 08:30:00,0.0
2030-02-26 08:45:00,0.0
2030-02-26 09:00:00,0.0
2030-02-26 09:15:00,0.0
2030-02-26 09:30:00,0.0
2030-02-26 09:45:00,0.0
2030-02-26 10:00:00,0.0
2030-02-26 10:15:00,0.0
2030-02-26 10:30:00,0.0
2030-02-26 10:45:00,0.0
2030-02-26 11:00:00,0.0
2030-02-26 11:15:00,0.0
2030-02-26 11:30:00,0.0
2030-02-26 11:45:00,0.0
2030-02-26 12:00:00,0.0
2030-02-26 12:15:00,0.0
2030-02-26 12:30:00,0.0
2030-02-26 12:45:00,0.0
2030-02-26 13:00:00,0.0
2030-02-26 13:15:00,0.0
2030-02-26 13:30:00,0.0
2030-02-26 13:45:00,0.0
2030-02-26 14:00:00,0.0
2030-02-26 14:15:00,0.0
2030-02-26 14:30:00,0.0
2030-02-26 14:45:00,0.0
2030-02-26 15:00:00,0.0
2030-02-26 15:15:00,0.0
2030-02-26 15:30:00,0.0
2030-02-26 15:45:00,0.0
2030-02-26 16:00:00,0.0
2030-02-26 16:15:00,0.0
2030-02-26 16:30:00,0.0
2030-02-26 16:45:00,0.0
2030-02-26 17:00:00,0.0
2030-02-26 17:15:00,0.0
2030-02-26 17:30:00,0.0
2030-02-26 17:45:00,0.0
2030-02-26 18:00:00,0.0
2030-02-26 18:15:00,0.0
2030-02-26 18:30:00,0.0
2030-02-26 18:45:00,0.0
2030-02-26 19:00:00,0.0
2030-02-26 19:15:00,0.0
2030-02-26 19:30:00,0.0
2030-02-26 19:45:00,0.0
2030-02-26 20:00:00,0.0
2030-02-26 20:15:00,0.0
2030-02-26 20:30:00,0.0
2030-02-26 20:45:00,0.0
2030-02-26 21:00:00,0.0
2030-02-26 21:15:00,0.0
2030-02-26 21:30:00,0.0
2030-02-26 21:45:00,0.0
2030-02-26 22:00:00,0.0
2030-02-26 22:15:00,0.0
2030-02-26 22:30:00,0.0
2030-02-26 22:45:00,0.0
2030-02-26 23:00:00,0.0
2030-02-26 23:15:00,0.0
2030-02-26 23:30:00,0.0
2030-02-26 23:45:00,0.0
2030-02-27 00:00:00,0.0
2030-02-27 00:15:00,0.0
2030-02-27 00:30:00,0.0
2030-02-27 00:45:00,0.0
2030-02-27 01:00:00,0.0
2030-02-27 01:15:00,0.0
2030-02-27 01:30:00,0.0
2030-02-27 01:45:00,0.0
2030-02-27 02:00:00,0.0
2030-02-27 02:15:00,0.0
2030-02-27 02:30:00,0.0
2030-02-27 02:45:00,0.0
2030-02-27 03:00:00,0.0
2030-02-27 03:15:00,0.0
2030-02-27 03:30:00,0.0
2030-02-27 03:45:00,0.0
2030-02-27 04:00:00,0.0
2030-02-27 04:15:00,0.0
2030-02-27 04:30:00,0.0
2030-02-27 04:45:00,0.0
2030-02-27 05:00:00,0.0
2030-02-27 05:15:00,0.0
2030-02-27 05:30:00,0.0
2030-02-27 05:45:00,0.0
2030-02-27 06:00:00,0.0
2030-02-27 06:15:00,0.0
2030-02-27 06:30:00,0.0
2030-02-27 06:45:00,0.0
2030-02-27 07:00:00,0.0
2030-02-27 07:15:00,0.0
2030-02-27 07:30:00,0.0
2030-02-27 07:45:00,0.0
2030-02-27 08:00:00,232.24320623877793
2030-02-27 08:15:00,376.33623408643325
2030-02-27 08:30:00,615.2446654898176
2030-02-27 08:45:00,800.3430522848157
2030-02-27 09:00:00,956.8905452780436
2030-02-27 09:15:00,1100.3715219532405
2030-02-27 09:30:00,1277.044331326877
2030-02-27 09:45:00,1350.7477767843156
2030-02-27 10:00:00,1462.39458028847
2030-02-27 10:15:00,1513.7006839309288
2030-02-27 10:30:00,1571.8953118889913
2030-02-27 10:45:00,1633.4022511418316
2030-02-27 11:00:00,1590.904657888006
2030-02-27 11:15:00,1588.4929719463562
2030-02-27 11:30:00,1532.4930349394654
2030-02-27 11:45:00,1385.8673758276964
2030-02-27 12:00:00,1247.4356196744811
2030-02-27 12:15:00,1089.312788316849
2030-02-27 12:30:00,1196.2878589644788
2030-02-27 12:45:00,1143.3657919311881
2030-02-27 13:00:00,1110.3845032115023
2030-02-27 13:15:00,952.5033508617544
2030-02-27 13:30:00,859.6895522320483
2030-02-27 13:45:00,713.5879984620478
2030-02-27 14:00:00,577.0224025548941
2030-02-27 14:15:00,466.0649398859023
2030-02-27 14:30:00,282.2758303783121
2030-02-27 14:45:00,139.7747468970083
2030-02-27 15:00:00,123.25726622596994
2030-02-27 15:15:00,0.0
2030-02-27 15:30:00,0.0
2030-02-27 15:45:00,0.0
2030-02-27 16:00:00,0.0
2030-02-27 16:15:00,0.0
2030-02-27 16:30:00,0.0
2030-02-27 16:45:00,0.0
2030-02-27 17:00:00,0.0
2030-02-27 17:15:00,41.5249524946521
2030-02-27 17:30:00,92.29816864000895
2030-02-27 17:45:00,187.94467268865083
2030-02-27 18:00:00,227.49342915519628
2030-02-27 18:15:00,183.19869377424402
2030-02-27 18:30:00,102.91188366467031
2030-02-27 18:45:00,0.0
2030-02-27 19:00:00,0.0
2030-02-27 19:15:00,0.0
2030-02-27 19:30:00,0.0
2030-02-27 19:45:00,0.0
2030-02-27 20:00:00,0.0
2030-02-27 20:15:00,0.0
2030-02-27 20:30:00,0.0
2030-02-27 20:45:00,0.0
2030-02-27 21:00:00,0.0
2030-02-27 21:15:00,0.0
2030-02-27 21:30:00,0.0
2030-02-27 21:45:00,0.0
2030-02-27 22:00:00,0.0
2030-02-27 22:15:00,0.0
2030-02-27 22:30:00,0.0
2030-02-27 22:45:00,0.0
2030-02-27 23:00:00,0.0
2030-02-27 23:15:00,0.0
2030-02-27 23:30:00,0.0
2030-02-27 23:45:00,0.0
2030-02-28 00:00:00,0.0
2030-02-28 00:15:00,0.0
2030-02-28 00:30:00,0.0
2030-02-28 00:45:00,0.0
2030-02-28 01:00:00,0.0
2030-02-28 01:15:00,0.0
2030-02-28 01:30:00,0.0
2030-02-28 01:45:00,0.0
2030-02-28 02:00:00,0.0
2030-02-28 02:15:00,0.0
2030-02-28 02:30:00,0.0
2030-02-28 02:45:00,0.0
2030-02-28 03:00:00,0.0
2030-02-28 03:15:00,0.0
2030-02-28 03:30:00,0.0
2030-02-28 03:45:00,0.0
2030-02-28 04:00:00,0.0
2030-02-28 04:15:00,0.0
2030-02-28 04:30:00,0.0
2030-02-28 04:45:00,0.0
2030-02-28 05:00:00,0.0
2030-02-28 05:15:00,0.0
2030-02-28 05:30:00,0.0
2030-02-28 05:45:00,0.0
2030-02-28 06:00:00,0.0
2030-02-28 06:15:00,0.0
2030-02-28 06:30:00,0.0
2030-02-28 06:45:00,0.0
2030-02-28 07:00:00,0.0
2030-02-28 07:15:00,0.0
2030-02-28 07:30:00,0.0
2030-02-28 07:45:00,0.0
2030-02-28 08:00:00,0.0
2030-02-28 08:15:00,0.0
2030-02-28 08:30:00,0.0
2030-02-28 08:45:00,0.0
2030-02-28 09:00:00,15.43263003134598
2030-02-28 09:15:00,171.66006438200566
2030-02-28 09:30:00,392.6497828708143
2030-02-28 09:45:00,344.3336728475515
2030-02-28 10:00:00,407.2600177251097
2030-02-28 10:15:00,456.88011514284335
2030-02-28 10:30:00,487.92054742742584
2030-02-28 10:45:00,545.4651889893175
2030-02-28 11:00:00,615.7849418360966
2030-02-28 11:15:00,516.1495723660519
2030-02-28 11:30:00,446.8333416094283
2030-02-28 11:45:00,405.13602688044557
2030-02-28 12:00:00,215.9769047799782
2030-02-28 12:15:00,145.89989998634155
2030-02-28 12:30:00,135.0092379569469
2030-02-28 12:45:00,29.477972173055605
2030-02-28 13:00:00,0.0
2030-02-28 13:15:00,0.0
2030-02-28 13:30:00,0.0
2030-02-28 13:45:00,0.0
2030-02-28 14:00:00,0.0
2030-02-28 14:15:00,0.0
2030-02-28 14:30:00,0.0
2030-02-28 14:45:00,0.0
2030-02-28 15:00:00,0.0
2030-02-28 15:15:00,0.0
2030-02-28 15:30:00,0.0
2030-02-28 15:45:00,0.0
2030-02-28 16:00:00,0.0
2030-02-28 16:15:00,0.0
2030-02-28 16:30:00,0.0
2030-02-28 16:45:00,0.0
2030-02-28 17:00:00,0.0
2030-02-28 17:15:00,0.0
2030-02-28 17:30:00,0.0
2030-02-28 17:45:00,0.0
2030-02-28 18:00:00,0.0
2030-02-28 18:15:00,0.0
2030-02-28 18:30:00,0.0
2030-02-28 18:45:00,0.0
2030-02-28 19:00:00,0.0
2030-02-28 19:15:00,0.0
2030-02-28 19:30:00,0.0
2030-02-28 19:45:00,0.0
2030-02-28 20:00:00,0.0
2030-02-28 20:15:00,0.0
2030-02-28 20:30:00,0.0
2030-02-28 20:45:00,0.0
2030-02-28 21:00:00,0.0
2030-02-28 21:15:00,0.0
2030-02-28 21:30:00,0.0
2030-02-28 21:45:00,0.0
2030-02-28 22:00:00,0.0
2030-02-28 22:15:00,0.0
2030-02-28 22:30:00,0.0
2030-02-28 22:45:00,0.0
2030-02-28 23:00:00,0.0
2030-02-28 23:15:00,0.0
2030-02-28 23:30:00,0.0
2030-02-28 23:45:00,0.0
2030-03-01 00:00:00,0.0
2030-03-01 00:15:00,0.0
2030-03-01 00:30:00,0.0
2030-03-01 00:45:00,0.0
2030-03-01 01:00:00,0.0
2030-03-01 01:15:00,0.0
2030-03-01 01:30:00,0.0
2030-03-01 01:45:00,0.0
2030-03-01 02:00:00,0.0
2030-03-01 02:15:00,0.0
2030-03-01 02:30:00,0.0
2030-03-01 02:45:00,0.0
2030-03-01 03:00:00,0.0
2030-03-01 03:15:00,0.0
2030-03-01 03:30:00,0.0
2030-03-01 03:45:00,0.0
2030-03-01 04:00:00,0.0
2030-03-01 04:15:00,0.0
2030-03-01 04:30:00,0.0
2030-03-01 04:45:00,0.0
2030-03-01 05:00:00,0.0
2030-03-01 05:15:00,0.0
2030-03-01 05:30:00,0.0
2030-03-01 05:45:00,0.0
2030-03-01 06:00:00,0.0
2030-03-01 06:15:00,0.0
2030-03-01 06:30:00,0.0
2030-03-01 06:45:00,0.0
2030-03-01 07:00:00,92.47562130922779
2030-03-01 07:15:00,333.51606452584383
2030-03-01 07:30:00,615.6463093446891
2030-03-01 07:45:00,850.3771849897839
2030-03-01 08:00:00,1173.8808753859175
2030-03-01 08:15:00,1380.2321750349074
2030-03-01 08:30:00,1491.5790614970483
2030-03-01 08:45:00,1505.8242134656084
2030-03-01 09:00:00,1439.6661965941294
2030-03-01 09:15:00,1680.1392956240034
2030-03-01 09:30:00,1757.1967051421998
2030-03-01 09:45:00,1415.4991547266509
2030-03-01 10:00:00,1249.5951132818282
2030-03-01 10:15:00,1251.5507524236637
2030-03-01 10:30:00,1162.791888207952
2030-03-01 10:45:00,1054.284818069962
2030-03-01 11:00:00,969.3934269792408
2030-03-01 11:15:00,957.6162740048694
2030-03-01 11:30:00,791.8115585121377
2030-03-01 11:45:00,599.4918248765862
2030-03-01 12:00:00,546.2919831288909
2030-03-01 12:15:00,441.4210034616244
2030-03-01 12:30:00,201.15657561908301
2030-03-01 12:45:00,153.82781834166417
2030-03-01 13:00:00,103.24451382556254
2030-03-01 13:15:00,0.0
2030-03-01 13:30:00,0.0
2030-03-01 13:45:00,0.0
2030-03-01 14:00:00,0.0
2030-03-01 14:15:00,0.0
2030-03-01 14:30:00,0.0
2030-03-01 14:45:00,0.0
2030-03-01 15:00:00,0.0
2030-03-01 15:15:00,0.0
2030-03-01 15:30:00,0.0
2030-03-01 15:45:00,0.0
2030-03-01 16:00:00,0.0
2030-03-01 16:15:00,0.0
2030-03-01 16:30:00,0.0
2030-03-01 16:45:00,0.0
2030-03-01 17:00:00,0.0
2030-03-01 17:15:00,0.0
2030-03-01 17:30:00,0.0
2030-03-01 17:45:00,0.0
2030-03-01 18:00:00,0.0
2030-03-01 18:15:00,0.0
2030-03-01 18:30:00,0.0
2030-03-01 18:45:00,0.0
2030-03-01 19:00:00,0.0
2030-03-01 19:15:00,0.0
2030-03-01 19:30:00,0.0
2030-03-01 19:45:00,0.0
2030-03-01 20:00:00,0.0
2030-03-01 20:15:00,0.0
2030-03-01 20:30:00,0.0
2030-03-01 20:45:00,0.0
2030-03-01 21:00:00,0.0
2030-03-01 21:15:00,0.0
2030-03-01 21:30:00,0.0
2030-03-01 21:45:00,0.0
2030-03-01 22:00:00,0.0
2030-03-01 22:15:00,0.0
2030-03-01 22:30:00,0.0
2030-03-01 22:45:00,0.0
2030-03-01 23:00:00,0.0
2030-03-01 23:15:00,0.0
2030-03-01 23:30:00,0.0
2030-03-01 23:45:00,0.0
2030-03-02 00:00:00,0.0
2030-03-02 00:15:00,0.0
2030-03-02 00:30:00,0.0
2030-03-02 00:45:00,0.0
2030-03-02 01:00:00,0.0
2030-03-02 01:15:00,0.0
2030-03-02 01:30:00,0.0
2030-03-02 01:45:00,0.0
2030-03-02 02:00:00,0.0
2030-03-02 02:15:00,0.0
2030-03-02 02:30:00,0.0
2030-03-02 02:45:00,0.0
2030-03-02 03:00:00,0.0
2030-03-02 03:15:00,0.0
2030-03-02 03:30:00,0.0
2030-03-02 03:45:00,0.0
2030-03-02 04:00:00,0.0
2030-03-02 04:15:00,0.0
2030-03-02 04:30:00,0.0
2030-03-02 04:45:00,0.0
2030-03-02 05:00:00,0.0
2030-03-02 05:15:00,0.0
2030-03-02 05:30:00,0.0
2030-03-02 05:45:00,0.0
2030-03-02 06:00:00,0.0
2030-03-02 06:15:00,0.0
2030-03-02 06:30:00,0.0
2030-03-02 06:45:00,0.0
2030-03-02 07:00:00,0.0
2030-03-02 07:15:00,0.0
2030-03-02 07:30:00,0.0
2030-03-02 07:45:00,0.0
2030-03-02 08:00:00,0.0
2030-03-02 08:15:00,0.0
2030-03-02 08:30:00,0.0
2030-03-02 08:45:00,0.0
2030-03-02 09:00:00,0.0
2030-03-02 09:15:00,0.0
2030-03-02 09:30:00,0.0
2030-03-02 09:45:00,0.0
2030-03-02 10:00:00,0.0
2030-03-02 10:15:00,0.0
2030-03-02 10:30:00,0.0
2030-03-02 10:45:00,0.0
2030-03-02 11:00:00,0.0
2030-03-02 11:15:00,0.0
2030-03-02 11:30:00,0.0
2030-03-02 11:45:00,0.0
2030-03-02 12:00:00,0.0
2030-03-02 12:15:00,0.0
2030-03-02 12:30:00,0.0
2030-03-02 12:45:00,0.0
2030-03-02 13:00:00,0.0
2030-03-02 13:15:00,0.0
2030-03-02 13:30:00,0.0
2030-03-02 13:45:00,0.0
2030-03-02 14:00:00,0.0
2030-03-02 14:15:00,0.0
2030-03-02 14:30:00,0.0
2030-03-02 14:45:00,0.0
2030-03-02 15:00:00,0.0
2030-03-02 15:15:00,0.0
2030-03-02 15:30:00,0.0
2030-03-02 15:45:00,0.0
2030-03-02 16:00:00,0.0
2030-03-02 16:15:00,0.0
2030-03-02 16:30:00,0.0
2030-03-02 16:45:00,0.0
2030-03-02 17:00:00,0.0
2030-03-02 17:15:00,0.0
2030-03-02 17:30:00,0.0
2030-03-02 17:45:00,0.0
2030-03-02 18:00:00,0.0
2030-03-02 18:15:00,0.0
2030-03-02 18:30:00,0.0
2030-03-02 18:45:00,0.0
2030-03-02 19:00:00,0.0
2030-03-02 19:15:00,0.0
2030-03-02 19:30:00,0.0
2030-03-02 19:45:00,0.0
2030-03-02 20:00:00,0.0
2030-03-02 20:15:00,0.0
2030-03-02 20:30:00,0.0
2030-03-02 20:45:00,0.0
2030-03-02 21:00:00,0.0
2030-03-02 21:15:00,0.0
2030-03-02 21:30:00,0.0
2030-03-02 21:45:00,0.0
2030-03-02 22:00:00,0.0
2030-03-02 22:15:00,0.0
2030-03-02 22:30:00,0.0
2030-03-02 22:45:00,0.0
2030-03-02 23:00:00,0.0
2030-03-02 23:15:00,0.0
2030-03-02 23:30:00,0.0
2030-03-02 23:45:00,0.0
2030-03-03 00:00:00,0.0
2030-03-03 00:15:00,0.0
2030-03-03 00:30:00,0.0
2030-03-03 00:45:00,0.0
2030-03-03 01:00:00,0.0
2030-03-03 01:15:00,0.0
2030-03-03 01:30:00,0.0
2030-03-03 01:45:00,0.0
2030-03-03 02:00:00,0.0
2030-03-03 02:15:00,0.0
2030-03-03 02:30:00,0.0
2030-03-03 02:45:00,0.0
2030-03-03 03:00:00,0.0
2030-03-03 03:15:00,0.0
2030-03-03 03:30:00,0.0
2030-03-03 03:45:00,0.0
2030-03-03 04:00:00,0.0
2030-03-03 04:15:00,0.0
2030-03-03 04:30:00,0.0
2030-03-03 04:45:00,0.0
2030-03-03 05:00:00,0.0
2030-03-03 05:15:00,0.0
2030-03-03 05:30:00,0.0
2030-03-03 05:45:00,0.0
2030-03-03 06:00:00,0.0
2030-03-03 06:15:00,0.0
2030-03-03 06:30:00,0.0
2030-03-03 06:45:00,0.0
2030-03-03 07:00:00,0.0
2030-03-03 07:15:00,0.0
2030-03-03 07:30:00,0.0
2030-03-03 07:45:00,0.0
2030-03-03 08:00:00,0.0
2030-03-03 08:15:00,0.0
2030-03-03 08:30:00,144.68264974780323
2030-03-03 08:45:00,275.45143618870134
2030-03-03 09:00:00,312.2723808329865
2030-03-03 09:15:00,550.6096994208274
2030-03-03 09:30:00,639.7981811900736
2030-03-03 09:45:00,873.1576855941712
2030-03-03 10:00:00,1048.4827548961402
2030-03-03 10:15:00,1345.6571482167183
2030-03-03 10:30:00,1481.6818293359847
2030-03-03 10:45:00,1508.909643223833
2030-03-03 11:00:00,1328.1325720749246
2030-03-03 11:15:00,1391.0466165617
2030-03-03 11:30:00,1403.9770628838032
2030-03-03 11:45:00,1447.4919187546438
2030-03-03 12:00:00,1394.8975844653833
2030-03-03 12:15:00,1429.0199081606988
2030-03-03 12:30:00,1580.8365267686604
2030-03-03 12:45:00,1617.7717329082188
2030-03-03 13:00:00,1380.7445437013012
2030-03-03 13:15:00,1388.1643443050289
2030-03-03 13:30:00,1236.1728730953146
2030-03-03 13:45:00,1159.5209418948216
2030-03-03 14:00:00,1136.628050139523
2030-03-03 14:15:00,1095.1217903245524
2030-03-03 14:30:00,990.3840021238211
2030-03-03 14:45:00,791.8459914597115
2030-03-03 15:00:00,792.5987809235594
2030-03-03 15:15:00,848.7461587877478
2030-03-03 15:30:00,687.0656361173424
2030-03-03 15:45:00,682.1798971168391
2030-03-03 16:00:00,802.288192720378
2030-03-03 16:15:00,682.4230447655391
2030-03-03 16:30:00,640.8006600948574
2030-03-03 16:45:00,693.669158047458
2030-03-03 17:00:00,855.7777486002269
2030-03-03 17:15:00,957.9939427291501
2030-03-03 17:30:00,1040.7327638539464
2030-03-03 17:45:00,1203.3173313434781
2030-03-03 18:00:00,1314.4054423308316
2030-03-03 18:15:00,1489.6273363033706
2030-03-03 18:30:00,1672.2950081672734
2030-03-03 18:45:00,1558.8293567439814
2030-03-03 19:00:00,1449.4928634846801
2030-03-03 19:15:00,1183.2042619189851
2030-03-03 19:30:00,1038.9034900059414
2030-03-03 19:45:00,757.5858140017481
2030-03-03 20:00:00,552.7579009619076
2030-03-03 20:15:00,375.45660255504663
2030-03-03 20:30:00,177.05446156523976
2030-03-03 20:45:00,0.0
2030-03-03 21:00:00,0.0
2030-03-03 21:15:00,0.0
2030-03-03 21:30:00,0.0
2030-03-03 21:45:00,0.0
2030-03-03 22:00:00,0.0
2030-03-03 22:15:00,0.0
2030-03-03 22:30:00,0.0
2030-03-03 22:45:00,0.0
2030-03-03 23:00:00,0.0
2030-03-03 23:15:00,0.0
2030-03-03 23:30:00,0.0
2030-03-03 23:45:00,0.0
2030-03-04 00:00:00,0.0
2030-03-04 00:15:00,0.0
2030-03-04 00:30:00,0.0
2030-03-04 00:45:00,0.0
2030-03-04 01:00:00,0.0
2030-03-04 01:15:00,0.0
2030-03-04 01:30:00,0.0
2030-03-04 01:45:00,0.0
2030-03-04 02:00:00,0.0
2030-03-04 02:15:00,0.0
2030-03-04 02:30:00,0.0
2030-03-04 02:45:00,0.0
2030-03-04 03:00:00,0.0
2030-03-04 03:15:00,0.0
2030-03-04 03:30:00,0.0
2030-03-04 03:45:00,0.0
2030-03-04 04:00:00,0.0
2030-03-04 04:15:00,0.0
2030-03-04 04:30:00,0.0
2030-03-04 04:45:00,0.0
2030-03-04 05:00:00,0.0
2030-03-04 05:15:00,0.0
2030-03-04 05:30:00,0.0
2030-03-04 05:45:00,0.0
2030-03-04 06:00:00,0.0
2030-03-04 06:15:00,0.0
2030-03-04 06:30:00,0.0
2030-03-04 06:45:00,0.0
2030-03-04 07:00:00,0.0
2030-03-04 07:15:00,0.0
2030-03-04 07:30:00,0.0
2030-03-04 07:45:00,0.0
2030-03-04 08:00:00,0.0
2030-03-04 08:15:00,0.0
2030-03-04 08:30:00,0.0
2030-03-04 08:45:00,0.0
2030-03-04 09:00:00,0.0
2030-03-04 09:15:00,0.0
2030-03-04 09:30:00,0.0
2030-03-04 09:45:00,0.0
2030-03-04 10:00:00,0.0
2030-03-04 10:15:00,0.0
2030-03-04 10:30:00,0.0
2030-03-04 10:45:00,0.0
2030-03-04 11:00:00,0.0
2030-03-04 11:15:00,0.0
2030-03-04 11:30:00,0.0
2030-03-04 11:45:00,0.0
2030-03-04 12:00:00,0.0
2030-03-04 12:15:00,0.0
2030-03-04 12:30:00,0.0
2030-03-04 12:45:00,0.0
2030-03-04 13:00:00,0.0
2030-03-04 13:15:00,0.0
2030-03-04 13:30:00,0.0
2030-03-04 13:45:00,0.0
2030-03-04 14:00:00,0.0
2030-03-04 14:15:00,0.0
2030-03-04 14:30:00,0.0
2030-03-04 14:45:00,0.0
2030-03-04 15:00:00,0.0
2030-03-04 15:15:00,0.0
2030-03-04 15:30:00,0.0
2030-03-04 15:45:00,0.0
2030-03-04 16:00:00,0.0
2030-03-04 16:15:00,0.0
2030-03-04 16:30:00,0.0
2030-03-04 16:45:00,0.0
2030-03-04 17:00:00,0.0
2030-03-04 17:15:00,0.0
2030-03-04 17:30:00,0.0
2030-03-04 17:45:00,0.0
2030-03-04 18:00:00,0.0
2030-03-04 18:15:00,0.0
2030-03-04 18:30:00,0.0
2030-03-04 18:45:00,0.0
2030-03-04 19:00:00,0.0
2030-03-04 19:15:00,0.0
2030-03-04 19:30:00,0.0
2030-03-04 19:45:00,0.0
2030-03-04 20:00:00,0.0
2030-03-04 20:15:00,0.0
2030-03-04 20:30:00,0.0
2030-03-04 20:45:00,0.0
2030-03-04 21:00:00,0.0
2030-03-04 21:15:00,0.0
2030-03-04 21:30:00,0.0
2030-03-04 21:45:00,0.0
2030-03-04 22:00:00,0.0
2030-03-04 22:15:00,0.0
2030-03-04 22:30:00,0.0
2030-03-04 22:45:00,0.0
2030-03-04 23:00:00,0.0
2030-03-04 23:15:00,0.0
2030-03-04 23:30:00,0.0
2030-03-04 23:45:00,0.0
2030-03-05 00:00:00,0.0
2030-03-05 00:15:00,0.0
2030-03-05 00:30:00,0.0
2030-03-05 00:45:00,0.0
2030-03-05 01:00:00,0.0
2030-03-05 01:15:00,0.0
2030-03-05 01:30:00,0.0
2030-03-05 01:45:00,0.0
2030-03-05 02:00:00,0.0
2030-03-05 02:15:00,0.0
2030-03-05 02:30:00,0.0
2030-03-05 02:45:00,0.0
2030-03-05 03:00:00,0.0
2030-03-05 03:15:00,0.0
2030-03-05 03:30:00,0.0
2030-03-05 03:45:00,0.0
2030-03-05 04:00:00,0.0
2030-03-05 04:15:00,0.0
2030-03-05 04:30:00,0.0
2030-03-05 04:45:00,0.0
2030-03-05 05:00:00,0.0
2030-03-05 05:15:00,0.0
2030-03-05 05:30:00,0.0
2030-03-05 05:45:00,0.0
2030-03-05 06:00:00,0.0
2030-03-05 06:15:00,0.0
2030-03-05 06:30:00,0.0
2030-03-05 06:45:00,0.0
2030-03-05 07:00:00,0.0
2030-03-05 07:15:00,0.0
2030-03-05 07:30:00,0.0
2030-03-05 07:45:00,0.0
2030-03-05 08:00:00,0.0
2030-03-05 08:15:00,0.0
2030-03-05 08:30:00,0.0
2030-03-05 08:45:00,0.0
2030-03-05 09:00:00,0.0
2030-03-05 09:15:00,0.0
2030-03-05 09:30:00,0.0
2030-03-05 09:45:00,0.0
2030-03-05 10:00:00,0.0
2030-03-05 10:15:00,0.0
2030-03-05 10:30:00,0.0
2030-03-05 10:45:00,0.0
2030-03-05 11:00:00,0.0
2030-03-05 11:15:00,0.0
2030-03-05 11:30:00,0.0
2030-03-05 11:45:00,0.0
2030-03-05 12:00:00,0.0
2030-03-05 12:15:00,0.0
2030-03-05 12:30:00,0.0
2030-03-05 12:45:00,0.0
2030-03-05 13:00:00,0.0
2030-03-05 13:15:00,0.0
2030-03-05 13:30:00,0.0
2030-03-05 13:45:00,0.0
2030-03-05 14:00:00,0.0
2030-03-05 14:15:00,0.0
2030-03-05 14:30:00,0.0
2030-03-05 14:45:00,0.0
2030-03-05 15:00:00,0.0
2030-03-05 15:15:00,0.0
2030-03-05 15:30:00,0.0
2030-03-05 15:45:00,0.0
2030-03-05 16:00:00,0.0
2030-03-05 16:15:00,0.0
2030-03-05 16:30:00,0.0
2030-03-05 16:45:00,0.0
2030-03-05 17:00:00,0.0
2030-03-05 17:15:00,0.0
2030-03-05 17:30:00,0.0
2030-03-05 17:45:00,0.0
2030-03-05 18:00:00,0.0
2030-03-05 18:15:00,0.0
2030-03-05 18:30:00,0.0
2030-03-05 18:45:00,0.0
2030-03-05 19:00:00,0.0
2030-03-05 19:15:00,0.0
2030-03-05 19:30:00,0.0
2030-03-05 19:45:00,0.0
2030-03-05 20:00:00,0.0
2030-03-05 20:15:00,0.0
2030-03-05 20:30:00,0.0
2030-03-05 20:45:00,0.0
2030-03-05 21:00:00,0.0
2030-03-05 21:15:00,0.0
2030-03-05 21:30:00,0.0
2030-03-05 21:45:00,0.0
2030-03-05 22:00:00,0.0
2030-03-05 22:15:00,0.0
2030-03-05 22:30:00,0.0
2030-03-05 22:45:00,0.0
2030-03-05 23:00:00,0.0
2030-03-05 23:15:00,0.0
2030-03-05 23:30:00,0.0
2030-03-05 23:45:00,0.0
2030-03-06 00:00:00,0.0
2030-03-06 00:15:00,0.0
2030-03-06 00:30:00,0.0
2030-03-06 00:45:00,0.0
2030-03-06 01:00:00,0.0
2030-03-06 01:15:00,0.0
2030-03-06 01:30:00,0.0
2030-03-06 01:45:00,0.0
2030-03-06 02:00:00,0.0
2030-03-06 02:15:00,0.0
2030-03-06 02:30:00,0.0
2030-03-06 02:45:00,0.0
2030-03-06 03:00:00,0.0
2030-03-06 03:15:00,0.0
2030-03-06 03:30:00,0.0
2030-03-06 03:45:00,0.0
2030-03-06 04:00:00,0.0
2030-03-06 04:15:00,0.0
2030-03-06 04:30:00,0.0
2030-03-06 04:45:00,0.0
2030-03-06 05:00:00,0.0
2030-03-06 05:15:00,0.0
2030-03-06 05:30:00,0.0
2030-03-06 05:45:00,0.0
2030-03-06 06:00:00,0.0
2030-03-06 06:15:00,0.0
2030-03-06 06:30:00,0.0
2030-03-06 06:45:00,0.0
2030-03-06 07:00:00,0.0
2030-03-06 07:15:00,0.0
2030-03-06 07:30:00,0.0
2030-03-06 07:45:00,34.550836086755226
2030-03-06 08:00:00,342.58356197400644
2030-03-06 08:15:00,597.4460187115874
2030-03-06 08:30:00,669.3867172474966
2030-03-06 08:45:00,604.807407278553
2030-03-06 09:00:00,615.616848174599
2030-03-06 09:15:00,649.5130506317146
2030-03-06 09:30:00,719.4952682130315
2030-03-06 09:45:00,650.0368461054913
2030-03-06 10:00:00,666.420909439752
2030-03-06 10:15:00,655.4105199210189
2030-03-06 10:30:00,660.7969444018727
2030-03-06 10:45:00,677.4702076702397
2030-03-06 11:00:00,626.7109784188196
2030-03-06 11:15:00,593.6369895193711
2030-03-06 11:30:00,544.9478392630845
2030-03-06 11:45:00,480.50895095829037
2030-03-06 12:00:00,305.13840320456075
2030-03-06 12:15:00,254.29527440016682
2030-03-06 12:30:00,201.302415908267
2030-03-06 12:45:00,187.27549388373154
2030-03-06 13:00:00,50.011555082053746
2030-03-06 13:15:00,73.62802229414774
2030-03-06 13:30:00,0.0
2030-03-06 13:45:00,0.0
2030-03-06 14:00:00,0.0
2030-03-06 14:15:00,0.0
2030-03-06 14:30:00,0.0
2030-03-06 14:45:00,0.0
2030-03-06 15:00:00,0.0
2030-03-06 15:15:00,0.0
2030-03-06 15:30:00,0.0
2030-03-06 15:45:00,0.0
2030-03-06 16:00:00,0.0
2030-03-06 16:15:00,0.0
2030-03-06 16:30:00,0.0
2030-03-06 16:45:00,0.0
2030-03-06 17:00:00,0.0
2030-03-06 17:15:00,0.0
2030-03-06 17:30:00,133.18015980608106
2030-03-06 17:45:00,243.58273910398202
2030-03-06 18:00:00,369.46009565467284
2030-03-06 18:15:00,602.3497480549358
2030-03-06 18:30:00,797.8415376304729
2030-03-06 18:45:00,832.3843961973798
2030-03-06 19:00:00,734.0285336903908
2030-03-06 19:15:00,553.2296418717433
2030-03-06 19:30:00,382.47621609452835
2030-03-06 19:45:00,152.15772160327833
2030-03-06 20:00:00,0.0
2030-03-06 20:15:00,0.0
2030-03-06 20:30:00,0.0
2030-03-06 20:45:00,0.0
2030-03-06 21:00:00,0.0
2030-03-06 21:15:00,0.0
2030-03-06 21:30:00,0.0
2030-03-06 21:45:00,0.0
2030-03-06 22:00:00,0.0
2030-03-06 22:15:00,0.0
2030-03-06 22:30:00,0.0
2030-03-06 22:45:00,0.0
2030-03-06 23:00:00,0.0
2030-03-06 23:15:00,0.0
2030-03-06 23:30:00,0.0
2030-03-06 23:45:00,0.0
2030-03-07 00:00:00,0.0
2030-03-07 00:15:00,0.0
2030-03-07 00:30:00,0.0
2030-03-07 00:45:00,0.0
2030-03-07 01:00:00,0.0
2030-03-07 01:15:00,0.0
2030-03-07 01:30:00,0.0
2030-03-07 01:45:00,0.0
2030-03-07 02:00:00,0.0
2030-03-07 02:15:00,0.0
2030-03-07 02:30:00,0.0
2030-03-07 02:45:00,0.0
2030-03-07 03:00:00,0.0
2030-03-07 03:15:00,0.0
2030-03-07 03:30:00,0.0
2030-03-07 03:45:00,0.0
2030-03-07 04:00:00,0.0
2030-03-07 04:15:00,0.0
2030-03-07 04:30:00,0.0
2030-03-07 04:45:00,0.0
2030-03-07 05:00:00,0.0
2030-03-07 05:15:00,0.0
2030-03-07 05:30:00,0.0
2030-03-07 05:45:00,0.0
2030-03-07 06:00:00,0.0
2030-03-07 06:15:00,0.0
2030-03-07 06:30:00,36.25482923427444
2030-03-07 06:45:00,320.61768454724006
2030-03-07 07:00:00,677.1878862116664
2030-03-07 07:15:00,900.8882516347767
2030-03-07 07:30:00,1062.4371434203003
2030-03-07 07:45:00,1231.388919617175
2030-03-07 08:00:00,1508.4095220150757
2030-03-07 08:15:00,1741.7944484524123
2030-03-07 08:30:00,1896.1253883881
2030-03-07 08:45:00,2014.640199562109
2030-03-07 09:00:00,2104.14277831403
2030-03-07 09:15:00,2331.871475427459
2030-03-07 09:30:00,2461.376571033412
2030-03-07 09:45:00,2623.8492137318244
2030-03-07 10:00:00,2549.541658679769
2030-03-07 10:15:00,2611.4380080181036
2030-03-07 10:30:00,2656.589181050811
2030-03-07 10:45:00,2692.173709399918
2030-03-07 11:00:00,2566.445393223039
2030-03-07 11:15:00,2608.5326063638295
2030-03-07 11:30:00,2535.1853605730175
2030-03-07 11:45:00,2603.1745107084425
2030-03-07 12:00:00,2531.3127254568353
2030-03-07 12:15:00,2386.637264283556
2030-03-07 12:30:00,2338.540265140051
2030-03-07 12:45:00,2275.7988900405035
2030-03-07 13:00:00,2376.567742538813
2030-03-07 13:15:00,2288.1752033722933
2030-03-07 13:30:00,2145.559191054086
2030-03-07 13:45:00,1924.879090952254
2030-03-07 14:00:00,1911.5944702886227
2030-03-07 14:15:00,1917.5036496243301
2030-03-07 14:30:00,1820.947811722839
2030-03-07 14:45:00,1792.4660167453458
2030-03-07 15:00:00,1929.7395337321705
2030-03-07 15:15:00,1873.631435416075
2030-03-07 15:30:00,1751.4874922131676
2030-03-07 15:45:00,1777.5741487912637
2030-03-07 16:00:00,1742.2454388125352
2030-03-07 16:15:00,1739.9013789836536
2030-03-07 16:30:00,1668.4897412390164
2030-03-07 16:45:00,1754.1305527264467
2030-03-07 17:00:00,1980.0586937809148
2030-03-07 17:15:00,2058.265169661916
2030-03-07 17:30:00,2159.392556321778
2030-03-07 17:45:00,2251.9338619415266
2030-03-07 18:00:00,2402.8233191203053
2030-03-07 18:15:00,2476.349356217175
2030-03-07 18:30:00,2636.7034383179143
2030-03-07 18:45:00,2690.0669850845115
2030-03-07 19:00:00,2782.293081432328
2030-03-07 19:15:00,2650.5099379826006
2030-03-07 19:30:00,2491.009478725782
2030-03-07 19:45:00,2319.0751787373556
2030-03-07 20:00:00,1981.9916361377
2030-03-07 20:15:00,1631.237519362894
2030-03-07 20:30:00,1403.4112035025973
2030-03-07 20:45:00,1202.8138404148704
2030-03-07 21:00:00,1024.1276662825476
2030-03-07 21:15:00,837.1128638780337
2030-03-07 21:30:00,581.1888888743961
2030-03-07 21:45:00,348.27093691189657
2030-03-07 22:00:00,340.2326054461482
2030-03-07 22:15:00,143.3754413290335
2030-03-07 22:30:00,0.0
2030-03-07 22:45:00,0.0
2030-03-07 23:00:00,0.0
2030-03-07 23:15:00,0.0
2030-03-07 23:30:00,0.0
2030-03-07 23:45:00,0.0
2030-03-08 00:00:00,0.0
2030-03-08 00:15:00,0.0
2030-03-08 00:30:00,0.0
2030-03-08 00:45:00,0.0
2030-03-08 01:00:00,0.0
2030-03-08 01:15:00,0.0
2030-03-08 01:30:00,0.0
2030-03-08 01:45:00,0.0
2030-03-08 02:00:00,0.0
2030-03-08 02:15:00,0.0
2030-03-08 02:30:00,0.0
2030-03-08 02:45:00,0.0
2030-03-08 03:00:00,0.0
2030-03-08 03:15:00,0.0
2030-03-08 03:30:00,0.0
2030-03-08 03:45:00,0.0
2030-03-08 04:00:00,0.0
2030-03-08 04:15:00,0.0
2030-03-08 04:30:00,0.0
2030-03-08 04:45:00,0.0
2030-03-08 05:00:00,0.0
2030-03-08 05:15:00,0.0
2030-03-08 05:30:00,0.0
2030-03-08 05:45:00,0.0
2030-03-08 06:00:00,0.0
2030-03-08 06:15:00,0.0
2030-03-08 06:30:00,107.37944801405683
2030-03-08 06:45:00,220.1145042597509
2030-03-08 07:00:00,564.4129990930505
2030-03-08 07:15:00,716.0917016362473
2030-03-08 07:30:00,930.0610520223636
2030-03-08 07:45:00,1033.7185002513052
2030-03-08 08:00:00,1217.2228246915984
2030-03-08 08:15:00,1375.7074743796202
2030-03-08 08:30:00,1496.304580380749
2030-03-08 08:45:00,1598.5294942975306
2030-03-08 09:00:00,1646.4426964199556
2030-03-08 09:15:00,1749.163651980205
2030-03-08 09:30:00,1891.9997515515042
2030-03-08 09:45:00,1941.0010163444513
2030-03-08 10:00:00,2065.915238879694
2030-03-08 10:15:00,2165.657792625867
2030-03-08 10:30:00,2229.492759994413
2030-03-08 10:45:00,2271.2306207705224
2030-03-08 11:00:00,2259.0873136783157
2030-03-08 11:15:00,2230.802650621885
2030-03-08 11:30:00,2167.3906142013966
2030-03-08 11:45:00,2068.8585867751863
2030-03-08 12:00:00,1941.4670940709111
2030-03-08 12:15:00,1814.853261716551
2030-03-08 12:30:00,1729.3223417650734
2030-03-08 12:45:00,1659.1966560640685
2030-03-08 13:00:00,1546.5220668507682
2030-03-08 13:15:00,1396.8402006583365
2030-03-08 13:30:00,1193.7621020946262
2030-03-08 13:45:00,939.0531314673135
2030-03-08 14:00:00,797.5747091123831
2030-03-08 14:15:00,776.581506106002
2030-03-08 14:30:00,603.8352464622149
2030-03-08 14:45:00,381.24118848112084
2030-03-08 15:00:00,365.6532805960778
2030-03-08 15:15:00,294.58583735224965
2030-03-08 15:30:00,195.35423863481628
2030-03-08 15:45:00,163.5288740452852
2030-03-08 16:00:00,149.74672162878778
2030-03-08 16:15:00,180.93068505801784
2030-03-08 16:30:00,194.53178875368394
2030-03-08 16:45:00,270.2762264520443
2030-03-08 17:00:00,518.1274448765907
2030-03-08 17:15:00,748.0966513228268
2030-03-08 17:30:00,862.8289783778891
2030-03-08 17:45:00,1039.0516382585738
2030-03-08 18:00:00,1170.1108310870095
2030-03-08 18:15:00,1224.9487849545858
2030-03-08 18:30:00,1338.4783880099421
2030-03-08 18:45:00,1317.3465109922072
2030-03-08 19:00:00,1288.997073808725
2030-03-08 19:15:00,1148.0161155777696
2030-03-08 19:30:00,991.1664652511827
2030-03-08 19:45:00,731.9771154963473
2030-03-08 20:00:00,332.6747079147299
2030-03-08 20:15:00,38.008666268451634
2030-03-08 20:30:00,0.0
2030-03-08 20:45:00,0.0
2030-03-08 21:00:00,0.0
2030-03-08 21:15:00,0.0
2030-03-08 21:30:00,0.0
2030-03-08 21:45:00,0.0
2030-03-08 22:00:00,0.0
2030-03-08 22:15:00,0.0
2030-03-08 22:30:00,0.0
2030-03-08 22:45:00,0.0
2030-03-08 23:00:00,0.0
2030-03-08 23:15:00,0.0
2030-03-08 23:30:00,0.0
2030-03-08 23:45:00,0.0
2030-03-09 00:00:00,0.0
2030-03-09 00:15:00,0.0
2030-03-09 00:30:00,0.0
2030-03-09 00:45:00,0.0
2030-03-09 01:00:00,0.0
2030-03-09 01:15:00,0.0
2030-03-09 01:30:00,0.0
2030-03-09 01:45:00,0.0
2030-03-09 02:00:00,0.0
2030-03-09 02:15:00,0.0
2030-03-09 02:30:00,0.0
2030-03-09 02:45:00,0.0
2030-03-09 03:00:00,0.0
2030-03-09 03:15:00,0.0
2030-03-09 03:30:00,0.0
2030-03-09 03:45:00,0.0
2030-03-09 04:00:00,0.0
2030-03-09 04:15:00,0.0
2030-03-09 04:30:00,0.0
2030-03-09 04:45:00,0.0
2030-03-09 05:00:00,0.0
2030-03-09 05:15:00,0.0
2030-03-09 05:30:00,0.0
2030-03-09 05:45:00,0.0
2030-03-09 06:00:00,0.0
2030-03-09 06:15:00,0.0
2030-03-09 06:30:00,0.0
2030-03-09 06:45:00,0.0
2030-03-09 07:00:00,0.0
2030-03-09 07:15:00,0.0
2030-03-09 07:30:00,0.0
2030-03-09 07:45:00,0.0
2030-03-09 08:00:00,0.0
2030-03-09 08:15:00,0.0
2030-03-09 08:30:00,0.0
2030-03-09 08:45:00,9.878455621195826
2030-03-09 09:00:00,37.35087726716483
2030-03-09 09:15:00,219.93599752764567
2030-03-09 09:30:00,363.7425528862623
2030-03-09 09:45:00,348.7613640010168
2030-03-09 10:00:00,273.4570647604869
2030-03-09 10:15:00,270.24566362587575
2030-03-09 10:30:00,234.2586215016163
2030-03-09 10:45:00,247.52380263075975
2030-03-09 11:00:00,45.11757802081593
2030-03-09 11:15:00,0.0
2030-03-09 11:30:00,0.0
2030-03-09 11:45:00,0.0
2030-03-09 12:00:00,0.0
2030-03-09 12:15:00,0.0
2030-03-09 12:30:00,0.0
2030-03-09 12:45:00,0.0
2030-03-09 13:00:00,0.0
2030-03-09 13:15:00,0.0
2030-03-09 13:30:00,0.0
2030-03-09 13:45:00,0.0
2030-03-09 14:00:00,0.0
2030-03-09 14:15:00,0.0
2030-03-09 14:30:00,0.0
2030-03-09 14:45:00,0.0
2030-03-09 15:00:00,0.0
2030-03-09 15:15:00,0.0
2030-03-09 15:30:00,0.0
2030-03-09 15:45:00,0.0
2030-03-09 16:00:00,0.0
2030-03-09 16:15:00,0.0
2030-03-09 16:30:00,0.0
2030-03-09 16:45:00,0.0
2030-03-09 17:00:00,0.0
2030-03-09 17:15:00,0.0
2030-03-09 17:30:00,0.0
2030-03-09 17:45:00,0.0
2030-03-09 18:00:00,0.0
2030-03-09 18:15:00,0.0
2030-03-09 18:30:00,0.0
2030-03-09 18:45:00,0.0
2030-03-09 19:00:00,0.0
2030-03-09 19:15:00,0.0
2030-03-09 19:30:00,0.0
2030-03-09 19:45:00,0.0
2030-03-09 20:00:00,0.0
2030-03-09 20:15:00,0.0
2030-03-09 20:30:00,0.0
2030-03-09 20:45:00,0.0
2030-03-09 21:00:00,0.0
2030-03-09 21:15:00,0.0
2030-03-09 21:30:00,0.0
2030-03-09 21:45:00,0.0
2030-03-09 22:00:00,0.0
2030-03-09 22:15:00,0.0
2030-03-09 22:30:00,0.0
2030-03-09 22:45:00,0.0
2030-03-09 23:00:00,0.0
2030-03-09 23:15:00,0.0
2030-03-09 23:30:00,0.0
2030-03-09 23:45:00,0.0
2030-03-10 00:00:00,0.0
2030-03-10 00:15:00,0.0
2030-03-10 00:30:00,0.0
2030-03-10 00:45:00,0.0
2030-03-10 01:00:00,0.0
2030-03-10 01:15:00,0.0
2030-03-10 01:30:00,0.0
2030-03-10 01:45:00,0.0
2030-03-10 02:00:00,0.0
2030-03-10 02:15:00,0.0
2030-03-10 02:30:00,0.0
2030-03-10 02:45:00,0.0
2030-03-10 03:00:00,0.0
2030-03-10 03:15:00,0.0
2030-03-10 03:30:00,0.0
2030-03-10 03:45:00,0.0
2030-03-10 04:00:00,0.0
2030-03-10 04:15:00,0.0
2030-03-10 04:30:00,0.0
2030-03-10 04:45:00,0.0
2030-03-10 05:00:00,0.0
2030-03-10 05:15:00,0.0
2030-03-10 05:30:00,0.0
2030-03-10 05:45:00,0.0
2030-03-10 06:00:00,0.0
2030-03-10 06:15:00,0.0
2030-03-10 06:30:00,0.0
2030-03-10 06:45:00,0.0
2030-03-10 07:00:00,0.0
2030-03-10 07:15:00,0.0
2030-03-10 07:30:00,0.0
2030-03-10 07:45:00,142.7981333794869
2030-03-10 08:00:00,363.87753293172864
2030-03-10 08:15:00,535.1047183736464
2030-03-10 08:30:00,702.6855299499584
2030-03-10 08:45:00,854.3811519984483
2030-03-10 09:00:00,912.9694083285067
2030-03-10 09:15:00,990.8502603325906
2030-03-10 09:30:00,1004.2033474613363
2030-03-10 09:45:00,1085.661470244926
2030-03-10 10:00:00,1146.124818489965
2030-03-10 10:15:00,1217.3578448401422
2030-03-10 10:30:00,1360.967671151544
2030-03-10 10:45:00,1374.717762961056
2030-03-10 11:00:00,1370.6012522612127
2030-03-10 11:15:00,1366.4594621942742
2030-03-10 11:30:00,1298.1460699149065
2030-03-10 11:45:00,1296.1368183882932
2030-03-10 12:00:00,1288.7906134681907
2030-03-10 12:15:00,1233.4459160372753
2030-03-10 12:30:00,1331.59234783582
2030-03-10 12:45:00,1340.057995845702
2030-03-10 13:00:00,1160.4732553080757
2030-03-10 13:15:00,1006.2118813359575
2030-03-10 13:30:00,850.7102670781987
2030-03-10 13:45:00,765.2040299647797
2030-03-10 14:00:00,666.9706050392597
2030-03-10 14:15:00,644.2784249930737
2030-03-10 14:30:00,575.6453618295309
2030-03-10 14:45:00,591.5438083769368
2030-03-10 15:00:00,591.0897136226904
2030-03-10 15:15:00,478.5057291353114
2030-03-10 15:30:00,521.7539826564043
2030-03-10 15:45:00,473.88490477194864
2030-03-10 16:00:00,462.5814560195504
2030-03-10 16:15:00,275.368002916126
2030-03-10 16:30:00,205.89641138898514
2030-03-10 16:45:00,251.9923471488437
2030-03-10 17:00:00,406.97833907357926
2030-03-10 17:15:00,493.114720368485
2030-03-10 17:30:00,584.572906204432
2030-03-10 17:45:00,699.1579637726081
2030-03-10 18:00:00,770.0112182097037
2030-03-10 18:15:00,855.2245172184757
2030-03-10 18:30:00,855.4935054042871
2030-03-10 18:45:00,857.4056412966274
2030-03-10 19:00:00,677.5920312042836
2030-03-10 19:15:00,469.84406282382406
2030-03-10 19:30:00,213.27686639263266
2030-03-10 19:45:00,0.0
2030-03-10 20:00:00,0.0
2030-03-10 20:15:00,0.0
2030-03-10 20:30:00,0.0
2030-03-10 20:45:00,0.0
2030-03-10 21:00:00,0.0
2030-03-10 21:15:00,0.0
2030-03-10 21:30:00,0.0
2030-03-10 21:45:00,0.0
2030-03-10 22:00:00,0.0
2030-03-10 22:15:00,0.0
2030-03-10 22:30:00,0.0
2030-03-10 22:45:00,0.0
2030-03-10 23:00:00,0.0
2030-03-10 23:15:00,0.0
2030-03-10 23:30:00,0.0
2030-03-10 23:45:00,0.0
2030-03-11 00:00:00,0.0
2030-03-11 00:15:00,0.0
2030-03-11 00:30:00,0.0
2030-03-11 00:45:00,0.0
2030-03-11 01:00:00,0.0
2030-03-11 01:15:00,0.0
2030-03-11 01:30:00,0.0
2030-03-11 01:45:00,0.0
2030-03-11 02:00:00,0.0
2030-03-11 02:15:00,0.0
2030-03-11 02:30:00,0.0
2030-03-11 02:45:00,0.0
2030-03-11 03:00:00,0.0
2030-03-11 03:15:00,0.0
2030-03-11 03:30:00,0.0
2030-03-11 03:45:00,0.0
2030-03-11 04:00:00,0.0
2030-03-11 04:15:00,0.0
2030-03-11 04:30:00,0.0
2030-03-11 04:45:00,0.0
2030-03-11 05:00:00,0.0
2030-03-11 05:15:00,0.0
2030-03-11 05:30:00,0.0
2030-03-11 05:45:00,0.0
2030-03-11 06:00:00,0.0
2030-03-11 06:15:00,0.0
2030-03-11 06:30:00,0.0
2030-03-11 06:45:00,0.0
2030-03-11 07:00:00,0.0
2030-03-11 07:15:00,0.0
2030-03-11 07:30:00,0.0
2030-03-11 07:45:00,0.0
2030-03-11 08:00:00,0.0
2030-03-11 08:15:00,0.0
2030-03-11 08:30:00,0.0
2030-03-11 08:45:00,0.0
2030-03-11 09:00:00,0.0
2030-03-11 09:15:00,0.0
2030-03-11 09:30:00,0.0
2030-03-11 09:45:00,0.0
2030-03-11 10:00:00,0.0
2030-03-11 10:15:00,0.0
2030-03-11 10:30:00,0.0
2030-03-11 10:45:00,0.0
2030-03-11 11:00:00,0.0
2030-03-11 11:15:00,0.0
2030-03-11 11:30:00,0.0
2030-03-11 11:45:00,0.0
2030-03-11 12:00:00,0.0
2030-03-11 12:15:00,0.0
2030-03-11 12:30:00,0.0
2030-03-11 12:45:00,0.0
2030-03-11 13:00:00,0.0
2030-03-11 13:15:00,0.0
2030-03-11 13:30:00,0.0
2030-03-11 13:45:00,0.0
2030-03-11 14:00:00,0.0
2030-03-11 14:15:00,0.0
2030-03-11 14:30:00,0.0
2030-03-11 14:45:00,0.0
2030-03-11 15:00:00,0.0
2030-03-11 15:15:00,0.0
2030-03-11 15:30:00,0.0
2030-03-11 15:45:00,0.0
2030-03-11 16:00:00,0.0
2030-03-11 16:15:00,0.0
2030-03-11 16:30:00,0.0
2030-03-11 16:45:00,0.0
2030-03-11 17:00:00,0.0
2030-03-11 17:15:00,0.0
2030-03-11 17:30:00,0.0
2030-03-11 17:45:00,0.0
2030-03-11 18:00:00,0.0
2030-03-11 18:15:00,0.0
2030-03-11 18:30:00,0.0
2030-03-11 18:45:00,0.0
2030-03-11 19:00:00,0.0
2030-03-11 19:15:00,0.0
2030-03-11 19:30:00,0.0
2030-03-11 19:45:00,0.0
2030-03-11 20:00:00,0.0
2030-03-11 20:15:00,0.0
2030-03-11 20:30:00,0.0
2030-03-11 20:45:00,0.0
2030-03-11 21:00:00,0.0
2030-03-11 21:15:00,0.0
2030-03-11 21:30:00,0.0
2030-03-11 21:45:00,0.0
2030-03-11 22:00:00,0.0
2030-03-11 22:15:00,0.0
2030-03-11 22:30:00,0.0
2030-03-11 22:45:00,0.0
2030-03-11 23:00:00,0.0
2030-03-11 23:15:00,0.0
2030-03-11 23:30:00,0.0
2030-03-11 23:45:00,0.0
2030-03-12 00:00:00,0.0
2030-03-12 00:15:00,0.0
2030-03-12 00:30:00,0.0
2030-03-12 00:45:00,0.0
2030-03-12 01:00:00,0.0
2030-03-12 01:15:00,0.0
2030-03-12 01:30:00,0.0
2030-03-12 01:45:00,0.0
2030-03-12 02:00:00,0.0
2030-03-12 02:15:00,0.0
2030-03-12 02:30:00,0.0
2030-03-12 02:45:00,0.0
2030-03-12 03:00:00,0.0
2030-03-12 03:15:00,0.0
2030-03-12 03:30:00,0.0
2030-03-12 03:45:00,0.0
2030-03-12 04:00:00,0.0
2030-03-12 04:15:00,0.0
2030-03-12 04:30:00,0.0
2030-03-12 04:45:00,0.0
2030-03-12 05:00:00,0.0
2030-03-12 05:15:00,0.0
2030-03-12 05:30:00,0.0
2030-03-12 05:45:00,0.0
2030-03-12 06:00:00,0.0
2030-03-12 06:15:00,0.0
2030-03-12 06:30:00,0.0
2030-03-12 06:45:00,0.0
2030-03-12 07:00:00,0.0
2030-03-12 07:15:00,0.0
2030-03-12 07:30:00,0.0
2030-03-12 07:45:00,0.0
2030-03-12 08:00:00,0.0
2030-03-12 08:15:00,0.0
2030-03-12 08:30:00,0.0
2030-03-12 08:45:00,0.0
2030-03-12 09:00:00,0.0
2030-03-12 09:15:00,0.0
2030-03-12 09:30:00,0.0
2030-03-12 09:45:00,0.0
2030-03-12 10:00:00,0.0
2030-03-12 10:15:00,0.0
2030-03-12 10:30:00,0.0
2030-03-12 10:45:00,0.0
2030-03-12 11:00:00,0.0
2030-03-12 11:15:00,0.0
2030-03-12 11:30:00,0.0
2030-03-12 11:45:00,0.0
2030-03-12 12:00:00,0.0
2030-03-12 12:15:00,0.0
2030-03-12 12:30:00,0.0
2030-03-12 12:45:00,0.0
2030-03-12 13:00:00,0.0
2030-03-12 13:15:00,0.0
2030-03-12 13:30:00,0.0
2030-03-12 13:45:00,0.0
2030-03-12 14:00:00,0.0
2030-03-12 14:15:00,0.0
2030-03-12 14:30:00,0.0
2030-03-12 14:45:00,0.0
2030-03-12 15:00:00,0.0
2030-03-12 15:15:00,0.0
2030-03-12 15:30:00,0.0
2030-03-12 15:45:00,0.0
2030-03-12 16:00:00,0.0
2030-03-12 16:15:00,0.0
2030-03-12 16:30:00,0.0
2030-03-12 16:45:00,0.0
2030-03-12 17:00:00,0.0
2030-03-12 17:15:00,0.0
2030-03-12 17:30:00,0.0
2030-03-12 17:45:00,0.0
2030-03-12 18:00:00,0.0
2030-03-12 18:15:00,0.0
2030-03-12 18:30:00,0.0
2030-03-12 18:45:00,0.0
2030-03-12 19:00:00,0.0
2030-03-12 19:15:00,0.0
2030-03-12 19:30:00,0.0
2030-03-12 19:45:00,0.0
2030-03-12 20:00:00,0.0
2030-03-12 20:15:00,0.0
2030-03-12 20:30:00,0.0
2030-03-12 20:45:00,0.0
2030-03-12 21:00:00,0.0
2030-03-12 21:15:00,0.0
2030-03-12 21:30:00,0.0
2030-03-12 21:45:00,0.0
2030-03-12 22:00:00,0.0
2030-03-12 22:15:00,0.0
2030-03-12 22:30:00,0.0
2030-03-12 22:45:00,0.0
2030-03-12 23:00:00,0.0
2030-03-12 23:15:00,0.0
2030-03-12 23:30:00,0.0
2030-03-12 23:45:00,0.0
2030-03-13 00:00:00,0.0
2030-03-13 00:15:00,0.0
2030-03-13 00:30:00,0.0
2030-03-13 00:45:00,0.0
2030-03-13 01:00:00,0.0
2030-03-13 01:15:00,0.0
2030-03-13 01:30:00,0.0
2030-03-13 01:45:00,0.0
2030-03-13 02:00:00,0.0
2030-03-13 02:15:00,0.0
2030-03-13 02:30:00,0.0
2030-03-13 02:45:00,0.0
2030-03-13 03:00:00,0.0
2030-03-13 03:15:00,0.0
2030-03-13 03:30:00,0.0
2030-03-13 03:45:00,0.0
2030-03-13 04:00:00,0.0
2030-03-13 04:15:00,0.0
2030-03-13 04:30:00,0.0
2030-03-13 04:45:00,0.0
2030-03-13 05:00:00,0.0
2030-03-13 05:15:00,0.0
2030-03-13 05:30:00,0.0
2030-03-13 05:45:00,0.0
2030-03-13 06:00:00,0.0
2030-03-13 06:15:00,0.0
2030-03-13 06:30:00,0.0
2030-03-13 06:45:00,0.0
2030-03-13 07:00:00,0.0
2030-03-13 07:15:00,0.0
2030-03-13 07:30:00,112.59115558164194
2030-03-13 07:45:00,363.3446374653031
2030-03-13 08:00:00,552.7073571107921
2030-03-13 08:15:00,699.1611332886987
2030-03-13 08:30:00,747.8782552566427
2030-03-13 08:45:00,791.7704398858004
2030-03-13 09:00:00,739.5243728521582
2030-03-13 09:15:00,798.6664490685507
2030-03-13 09:30:00,763.4553640679951
2030-03-13 09:45:00,934.9074962565301
2030-03-13 10:00:00,885.2194929252037
2030-03-13 10:15:00,887.3238442729762
2030-03-13 10:30:00,820.4141684338356
2030-03-13 10:45:00,971.4552794049723
2030-03-13 11:00:00,964.3424881920673
2030-03-13 11:15:00,1048.7503840509744
2030-03-13 11:30:00,1197.578202934741
2030-03-13 11:45:00,1147.5598336980765
2030-03-13 12:00:00,1230.0236261385962
2030-03-13 12:15:00,1348.72983027398
2030-03-13 12:30:00,1322.421593025203
2030-03-13 12:45:00,1459.7204230685675
2030-03-13 13:00:00,1323.515101521003
2030-03-13 13:15:00,1369.611129608118
2030-03-13 13:30:00,1289.8030282558102
2030-03-13 13:45:00,1006.9889137166501
2030-03-13 14:00:00,927.0756564967251
2030-03-13 14:15:00,710.9057457394429
2030-03-13 14:30:00,578.9634449637906
2030-03-13 14:45:00,468.0575097788005
2030-03-13 15:00:00,314.6660986384486
2030-03-13 15:15:00,294.55300848177285
2030-03-13 15:30:00,44.97164468545088
2030-03-13 15:45:00,0.0
2030-03-13 16:00:00,0.0
2030-03-13 16:15:00,0.0
2030-03-13 16:30:00,0.0
2030-03-13 16:45:00,0.0
2030-03-13 17:00:00,0.0
2030-03-13 17:15:00,0.0
2030-03-13 17:30:00,0.0
2030-03-13 17:45:00,0.0
2030-03-13 18:00:00,0.0
2030-03-13 18:15:00,0.0
2030-03-13 18:30:00,186.26933856844153
2030-03-13 18:45:00,124.65314296960787
2030-03-13 19:00:00,250.5626332869142
2030-03-13 19:15:00,130.0573260717665
2030-03-13 19:30:00,17.353058318545663
2030-03-13 19:45:00,0.0
2030-03-13 20:00:00,0.0
2030-03-13 20:15:00,0.0
2030-03-13 20:30:00,0.0
2030-03-13 20:45:00,0.0
2030-03-13 21:00:00,0.0
2030-03-13 21:15:00,0.0
2030-03-13 21:30:00,0.0
2030-03-13 21:45:00,0.0
2030-03-13 22:00:00,0.0
2030-03-13 22:15:00,0.0
2030-03-13 22:30:00,0.0
2030-03-13 22:45:00,0.0
2030-03-13 23:00:00,0.0
2030-03-13 23:15:00,0.0
2030-03-13 23:30:00,0.0
2030-03-13 23:45:00,0.0
2030-03-14 00:00:00,0.0
2030-03-14 00:15:00,0.0
2030-03-14 00:30:00,0.0
2030-03-14 00:45:00,0.0
2030-03-14 01:00:00,0.0
2030-03-14 01:15:00,0.0
2030-03-14 01:30:00,0.0
2030-03-14 01:45:00,0.0
2030-03-14 02:00:00,0.0
2030-03-14 02:15:00,0.0
2030-03-14 02:30:00,0.0
2030-03-14 02:45:00,0.0
2030-03-14 03:00:00,0.0
2030-03-14 03:15:00,0.0
2030-03-14 03:30:00,0.0
2030-03-14 03:45:00,0.0
2030-03-14 04:00:00,0.0
2030-03-14 04:15:00,0.0
2030-03-14 04:30:00,0.0
2030-03-14 04:45:00,0.0
2030-03-14 05:00:00,0.0
2030-03-14 05:15:00,0.0
2030-03-14 05:30:00,0.0
2030-03-14 05:45:00,0.0
2030-03-14 06:00:00,0.0
2030-03-14 06:15:00,0.0
2030-03-14 06:30:00,0.0
2030-03-14 06:45:00,0.0
2030-03-14 07:00:00,0.0
2030-03-14 07:15:00,31.313067715849684
2030-03-14 07:30:00,182.6807553045146
2030-03-14 07:45:00,519.077177996398
2030-03-14 08:00:00,699.5038012958539
2030-03-14 08:15:00,898.9644608435665
2030-03-14 08:30:00,1065.2472396703288
2030-03-14 08:45:00,1146.7261615294192
2030-03-14 09:00:00,1091.8843733810245
2030-03-14 09:15:00,1199.8498339994148
2030-03-14 09:30:00,1325.5839498058085
2030-03-14 09:45:00,1400.9385671937325
2030-03-14 10:00:00,1451.6029490525798
2030-03-14 10:15:00,1527.8683113965199
2030-03-14 10:30:00,1531.9712615634617
2030-03-14 10:45:00,1717.7897466284394
2030-03-14 11:00:00,1908.4906754149742
2030-03-14 11:15:00,2000.8189847687881
2030-03-14 11:30:00,2083.7389515128016
2030-03-14 11:45:00,2063.401234042658
2030-03-14 12:00:00,2093.970320912791
2030-03-14 12:15:00,2147.1287575137358
2030-03-14 12:30:00,2198.3856188176505
2030-03-14 12:45:00,2233.884876669894
2030-03-14 13:00:00,2095.5973723380666
2030-03-14 13:15:00,1961.7935066127648
2030-03-14 13:30:00,1882.2922050409743
2030-03-14 13:45:00,1728.8278895933545
2030-03-14 14:00:00,1656.7430319990563
2030-03-14 14:15:00,1586.1241912325495
2030-03-14 14:30:00,1375.0879730866636
2030-03-14 14:45:00,1309.45547956466
2030-03-14 15:00:00,1185.4732426519222
2030-03-14 15:15:00,1068.6853942547004
2030-03-14 15:30:00,872.411096698761
2030-03-14 15:45:00,897.6064667725113
2030-03-14 16:00:00,889.6905471515911
2030-03-14 16:15:00,857.8448139587326
2030-03-14 16:30:00,819.8112253958825
2030-03-14 16:45:00,839.1146761901509
2030-03-14 17:00:00,800.3416873760907
2030-03-14 17:15:00,771.2391935027008
2030-03-14 17:30:00,867.8488406290635
2030-03-14 17:45:00,1014.3528747830496
2030-03-14 18:00:00,947.9814559784645
2030-03-14 18:15:00,961.72395967167
2030-03-14 18:30:00,948.3458488273118
2030-03-14 18:45:00,981.6630522322121
2030-03-14 19:00:00,951.0674083539889
2030-03-14 19:15:00,820.0774647071685
2030-03-14 19:30:00,605.9923319638456
2030-03-14 19:45:00,440.6604429229701
2030-03-14 20:00:00,301.1208403103992
2030-03-14 20:15:00,125.78416108141028
2030-03-14 20:30:00,0.0
2030-03-14 20:45:00,0.0
2030-03-14 21:00:00,0.0
2030-03-14 21:15:00,0.0
2030-03-14 21:30:00,0.0
2030-03-14 21:45:00,0.0
2030-03-14 22:00:00,0.0
2030-03-14 22:15:00,0.0
2030-03-14 22:30:00,0.0
2030-03-14 22:45:00,0.0
2030-03-14 23:00:00,0.0
2030-03-14 23:15:00,0.0
2030-03-14 23:30:00,0.0
2030-03-14 23:45:00,0.0
2030-03-15 00:00:00,0.0
2030-03-15 00:15:00,0.0
2030-03-15 00:30:00,0.0
2030-03-15 00:45:00,0.0
2030-03-15 01:00:00,0.0
2030-03-15 01:15:00,0.0
2030-03-15 01:30:00,0.0
2030-03-15 01:45:00,0.0
2030-03-15 02:00:00,0.0
2030-03-15 02:15:00,0.0
2030-03-15 02:30:00,0.0
2030-03-15 02:45:00,0.0
2030-03-15 03:00:00,0.0
2030-03-15 03:15:00,0.0
2030-03-15 03:30:00,0.0
2030-03-15 03:45:00,0.0
2030-03-15 04:00:00,0.0
2030-03-15 04:15:00,0.0
2030-03-15 04:30:00,0.0
2030-03-15 04:45:00,0.0
2030-03-15 05:00:00,0.0
2030-03-15 05:15:00,0.0
2030-03-15 05:30:00,0.0
2030-03-15 05:45:00,0.0
2030-03-15 06:00:00,0.0
2030-03-15 06:15:00,0.0
2030-03-15 06:30:00,0.0
2030-03-15 06:45:00,0.0
2030-03-15 07:00:00,134.0899158312768
2030-03-15 07:15:00,247.1340111809077
2030-03-15 07:30:00,313.10132705430806
2030-03-15 07:45:00,507.3615988359852
2030-03-15 08:00:00,808.5580051514335
2030-03-15 08:15:00,947.0887050031997
2030-03-15 08:30:00,1041.2008887044194
2030-03-15 08:45:00,1086.779329730438
2030-03-15 09:00:00,1015.0457257794624
2030-03-15 09:15:00,1047.9342941893265
2030-03-15 09:30:00,1026.929309291958
2030-03-15 09:45:00,1164.4454715295979
2030-03-15 10:00:00,1065.4684832291023
2030-03-15 10:15:00,970.4596829766524
2030-03-15 10:30:00,898.1828437677341
2030-03-15 10:45:00,879.0939761046138
2030-03-15 11:00:00,744.697826792577
2030-03-15 11:15:00,805.4209939828088
2030-03-15 11:30:00,661.9621464006232
2030-03-15 11:45:00,639.4342698743294
2030-03-15 12:00:00,595.5637805426086
2030-03-15 12:15:00,434.22262040357236
2030-03-15 12:30:00,340.10497610913444
2030-03-15 12:45:00,180.3642330676921
2030-03-15 13:00:00,152.50574384860374
2030-03-15 13:15:00,26.663654892592604
2030-03-15 13:30:00,0.0
2030-03-15 13:45:00,0.0
2030-03-15 14:00:00,0.0
2030-03-15 14:15:00,0.0
2030-03-15 14:30:00,0.0
2030-03-15 14:45:00,0.0
2030-03-15 15:00:00,0.0
2030-03-15 15:15:00,0.0
2030-03-15 15:30:00,0.0
2030-03-15 15:45:00,0.0
2030-03-15 16:00:00,0.0
2030-03-15 16:15:00,0.0
2030-03-15 16:30:00,0.0
2030-03-15 16:45:00,0.0
2030-03-15 17:00:00,0.0
2030-03-15 17:15:00,0.0
2030-03-15 17:30:00,0.0
2030-03-15 17:45:00,0.0
2030-03-15 18:00:00,0.0
2030-03-15 18:15:00,0.0
2030-03-15 18:30:00,0.0
2030-03-15 18:45:00,0.0
2030-03-15 19:00:00,0.0
2030-03-15 19:15:00,0.0
2030-03-15 19:30:00,0.0
2030-03-15 19:45:00,0.0
2030-03-15 20:00:00,0.0
2030-03-15 20:15:00,0.0
2030-03-15 20:30:00,0.0
2030-03-15 20:45:00,0.0
2030-03-15 21:00:00,0.0
2030-03-15 21:15:00,0.0
2030-03-15 21:30:00,0.0
2030-03-15 21:45:00,0.0
2030-03-15 22:00:00,0.0
2030-03-15 22:15:00,0.0
2030-03-15 22:30:00,0.0
2030-03-15 22:45:00,0.0
2030-03-15 23:00:00,0.0
2030-03-15 23:15:00,0.0
2030-03-15 23:30:00,0.0
2030-03-15 23:45:00,0.0
2030-03-16 00:00:00,0.0
2030-03-16 00:15:00,0.0
2030-03-16 00:30:00,0.0
2030-03-16 00:45:00,0.0
2030-03-16 01:00:00,0.0
2030-03-16 01:15:00,0.0
2030-03-16 01:30:00,0.0
2030-03-16 01:45:00,0.0
2030-03-16 02:00:00,0.0
2030-03-16 02:15:00,0.0
2030-03-16 02:30:00,0.0
2030-03-16 02:45:00,0.0
2030-03-16 03:00:00,0.0
2030-03-16 03:15:00,0.0
2030-03-16 03:30:00,0.0
2030-03-16 03:45:00,0.0
2030-03-16 04:00:00,0.0
2030-03-16 04:15:00,0.0
2030-03-16 04:30:00,0.0
2030-03-16 04:45:00,0.0
2030-03-16 05:00:00,0.0
2030-03-16 05:15:00,0.0
2030-03-16 05:30:00,0.0
2030-03-16 05:45:00,0.0
2030-03-16 06:00:00,0.0
2030-03-16 06:15:00,0.0
2030-03-16 06:30:00,0.0
2030-03-16 06:45:00,0.0
2030-03-16 07:00:00,0.0
2030-03-16 07:15:00,0.0
2030-03-16 07:30:00,0.0
2030-03-16 07:45:00,0.0
2030-03-16 08:00:00,0.0
2030-03-16 08:15:00,0.0
2030-03-16 08:30:00,0.0
2030-03-16 08:45:00,0.0
2030-03-16 09:00:00,0.0
2030-03-16 09:15:00,0.0
2030-03-16 09:30:00,0.0
2030-03-16 09:45:00,0.0
2030-03-16 10:00:00,0.0
2030-03-16 10:15:00,0.0
2030-03-16 10:30:00,0.0
2030-03-16 10:45:00,0.0
2030-03-16 11:00:00,0.0
2030-03-16 11:15:00,0.0
2030-03-16 11:30:00,0.0
2030-03-16 11:45:00,0.0
2030-03-16 12:00:00,0.0
2030-03-16 12:15:00,0.0
2030-03-16 12:30:00,0.0
2030-03-16 12:45:00,0.0
2030-03-16 13:00:00,0.0
2030-03-16 13:15:00,0.0
2030-03-16 13:30:00,0.0
2030-03-16 13:45:00,0.0
2030-03-16 14:00:00,0.0
2030-03-16 14:15:00,0.0
2030-03-16 14:30:00,0.0
2030-03-16 14:45:00,0.0
2030-03-16 15:00:00,0.0
2030-03-16 15:15:00,0.0
2030-03-16 15:30:00,0.0
2030-03-16 15:45:00,0.0
2030-03-16 16:00:00,0.0
2030-03-16 16:15:00,0.0
2030-03-16 16:30:00,0.0
2030-03-16 16:45:00,0.0
2030-03-16 17:00:00,0.0
2030-03-16 17:15:00,0.0
2030-03-16 17:30:00,0.0
2030-03-16 17:45:00,0.0
2030-03-16 18:00:00,0.0
2030-03-16 18:15:00,0.0
2030-03-16 18:30:00,0.0
2030-03-16 18:45:00,0.0
2030-03-16 19:00:00,0.0
2030-03-16 19:15:00,0.0
2030-03-16 19:30:00,0.0
2030-03-16 19:45:00,0.0
2030-03-16 20:00:00,0.0
2030-03-16 20:15:00,0.0
2030-03-16 20:30:00,0.0
2030-03-16 20:45:00,0.0
2030-03-16 21:00:00,0.0
2030-03-16 21:15:00,0.0
2030-03-16 21:30:00,0.0
2030-03-16 21:45:00,0.0
2030-03-16 22:00:00,0.0
2030-03-16 22:15:00,0.0
2030-03-16 22:30:00,0.0
2030-03-16 22:45:00,0.0
2030-03-16 23:00:00,0.0
2030-03-16 23:15:00,0.0
2030-03-16 23:30:00,0.0
2030-03-16 23:45:00,0.0
2030-03-17 00:00:00,0.0
2030-03-17 00:15:00,0.0
2030-03-17 00:30:00,0.0
2030-03-17 00:45:00,0.0
2030-03-17 01:00:00,0.0
2030-03-17 01:15:00,0.0
2030-03-17 01:30:00,0.0
2030-03-17 01:45:00,0.0
2030-03-17 02:00:00,0.0
2030-03-17 02:15:00,0.0
2030-03-17 02:30:00,0.0
2030-03-17 02:45:00,0.0
2030-03-17 03:00:00,0.0
2030-03-17 03:15:00,0.0
2030-03-17 03:30:00,0.0
2030-03-17 03:45:00,0.0
2030-03-17 04:00:00,0.0
2030-03-17 04:15:00,0.0
2030-03-17 04:30:00,0.0
2030-03-17 04:45:00,0.0
2030-03-17 05:00:00,0.0
2030-03-17 05:15:00,0.0
2030-03-17 05:30:00,0.0
2030-03-17 05:45:00,0.0
2030-03-17 06:00:00,0.0
2030-03-17 06:15:00,0.0
2030-03-17 06:30:00,0.0
2030-03-17 06:45:00,166.6813974038305
2030-03-17 07:00:00,551.1226103906047
2030-03-17 07:15:00,763.0415024193226
2030-03-17 07:30:00,957.372681929568
2030-03-17 07:45:00,1343.9628763657256
2030-03-17 08:00:00,1595.1527924544134
2030-03-17 08:15:00,1795.0420124566062
2030-03-17 08:30:00,2071.3403444631113
2030-03-17 08:45:00,2263.5789258001478
2030-03-17 09:00:00,2186.684680215096
2030-03-17 09:15:00,2316.8026540354094
2030-03-17 09:30:00,2351.5414920571093
2030-03-17 09:45:00,2433.6469556354477
2030-03-17 10:00:00,2365.386632859263
2030-03-17 10:15:00,2324.3444167741764
2030-03-17 10:30:00,2311.296933114285
2030-03-17 10:45:00,2231.893096666343
2030-03-17 11:00:00,1885.2349357289604
2030-03-17 11:15:00,1890.716708699856
2030-03-17 11:30:00,1824.874301719592
2030-03-17 11:45:00,1763.8920009807553
2030-03-17 12:00:00,1587.8087056621334
2030-03-17 12:15:00,1640.1339817449752
2030-03-17 12:30:00,1606.7784420039352
2030-03-17 12:45:00,1524.3786850247998
2030-03-17 13:00:00,1624.3039253541556
2030-03-17 13:15:00,1510.8724598079389
2030-03-17 13:30:00,1427.7454823144017
2030-03-17 13:45:00,1224.5490826329715
2030-03-17 14:00:00,1074.3026016107397
2030-03-17 14:15:00,971.2416722693088
2030-03-17 14:30:00,739.8888160143415
2030-03-17 14:45:00,622.9276633020072
2030-03-17 15:00:00,986.685169160286
2030-03-17 15:15:00,863.865176829233
2030-03-17 15:30:00,766.5327261449056
2030-03-17 15:45:00,702.7996828660507
2030-03-17 16:00:00,624.8596657122434
2030-03-17 16:15:00,494.4013695617068
2030-03-17 16:30:00,516.4477232975914
2030-03-17 16:45:00,483.76565782688886
2030-03-17 17:00:00,627.4349116499143
2030-03-17 17:15:00,648.3851353769442
2030-03-17 17:30:00,600.3393417290354
2030-03-17 17:45:00,644.7620929130608
2030-03-17 18:00:00,652.2049098546013
2030-03-17 18:15:00,675.1285456617043
2030-03-17 18:30:00,798.5895605587884
2030-03-17 18:45:00,891.8602591587714
2030-03-17 19:00:00,887.4138958018139
2030-03-17 19:15:00,638.62640657474
2030-03-17 19:30:00,396.31521245283875
2030-03-17 19:45:00,148.97272523771062
2030-03-17 20:00:00,0.0
2030-03-17 20:15:00,0.0
2030-03-17 20:30:00,0.0
2030-03-17 20:45:00,0.0
2030-03-17 21:00:00,0.0
2030-03-17 21:15:00,0.0
2030-03-17 21:30:00,0.0
2030-03-17 21:45:00,0.0
2030-03-17 22:00:00,0.0
2030-03-17 22:15:00,0.0
2030-03-17 22:30:00,0.0
2030-03-17 22:45:00,0.0
2030-03-17 23:00:00,0.0
2030-03-17 23:15:00,0.0
2030-03-17 23:30:00,0.0
2030-03-17 23:45:00,0.0
2030-03-18 00:00:00,0.0
2030-03-18 00:15:00,0.0
2030-03-18 00:30:00,0.0
2030-03-18 00:45:00,0.0
2030-03-18 01:00:00,0.0
2030-03-18 01:15:00,0.0
2030-03-18 01:30:00,0.0
2030-03-18 01:45:00,0.0
2030-03-18 02:00:00,0.0
2030-03-18 02:15:00,0.0
2030-03-18 02:30:00,0.0
2030-03-18 02:45:00,0.0
2030-03-18 03:00:00,0.0
2030-03-18 03:15:00,0.0
2030-03-18 03:30:00,0.0
2030-03-18 03:45:00,0.0
2030-03-18 04:00:00,0.0
2030-03-18 04:15:00,0.0
2030-03-18 04:30:00,0.0
2030-03-18 04:45:00,0.0
2030-03-18 05:00:00,0.0
2030-03-18 05:15:00,0.0
2030-03-18 05:30:00,0.0
2030-03-18 05:45:00,0.0
2030-03-18 06:00:00,0.0
2030-03-18 06:15:00,0.0
2030-03-18 06:30:00,0.0
2030-03-18 06:45:00,0.0
2030-03-18 07:00:00,0.0
2030-03-18 07:15:00,0.0
2030-03-18 07:30:00,0.0
2030-03-18 07:45:00,0.0
2030-03-18 08:00:00,0.0
2030-03-18 08:15:00,0.0
2030-03-18 08:30:00,0.0
2030-03-18 08:45:00,0.0
2030-03-18 09:00:00,0.0
2030-03-18 09:15:00,0.0
2030-03-18 09:30:00,0.0
2030-03-18 09:45:00,0.0
2030-03-18 10:00:00,0.0
2030-03-18 10:15:00,0.0
2030-03-18 10:30:00,0.0
2030-03-18 10:45:00,0.0
2030-03-18 11:00:00,0.0
2030-03-18 11:15:00,0.0
2030-03-18 11:30:00,0.0
2030-03-18 11:45:00,0.0
2030-03-18 12:00:00,0.0
2030-03-18 12:15:00,0.0
2030-03-18 12:30:00,0.0
2030-03-18 12:45:00,0.0
2030-03-18 13:00:00,0.0
2030-03-18 13:15:00,0.0
2030-03-18 13:30:00,0.0
2030-03-18 13:45:00,0.0
2030-03-18 14:00:00,0.0
2030-03-18 14:15:00,0.0
2030-03-18 14:30:00,0.0
2030-03-18 14:45:00,0.0
2030-03-18 15:00:00,0.0
2030-03-18 15:15:00,0.0
2030-03-18 15:30:00,0.0
2030-03-18 15:45:00,0.0
2030-03-18 16:00:00,0.0
2030-03-18 16:15:00,0.0
2030-03-18 16:30:00,0.0
2030-03-18 16:45:00,0.0
2030-03-18 17:00:00,0.0
2030-03-18 17:15:00,0.0
2030-03-18 17:30:00,0.0
2030-03-18 17:45:00,0.0
2030-03-18 18:00:00,0.0
2030-03-18 18:15:00,0.0
2030-03-18 18:30:00,0.0
2030-03-18 18:45:00,0.0
2030-03-18 19:00:00,0.0
2030-03-18 19:15:00,0.0
2030-03-18 19:30:00,0.0
2030-03-18 19:45:00,0.0
2030-03-18 20:00:00,0.0
2030-03-18 20:15:00,0.0
2030-03-18 20:30:00,0.0
2030-03-18 20:45:00,0.0
2030-03-18 21:00:00,0.0
2030-03-18 21:15:00,0.0
2030-03-18 21:30:00,0.0
2030-03-18 21:45:00,0.0
2030-03-18 22:00:00,0.0
2030-03-18 22:15:00,0.0
2030-03-18 22:30:00,0.0
2030-03-18 22:45:00,0.0
2030-03-18 23:00:00,0.0
2030-03-18 23:15:00,0.0
2030-03-18 23:30:00,0.0
2030-03-18 23:45:00,0.0
2030-03-19 00:00:00,0.0
2030-03-19 00:15:00,0.0
2030-03-19 00:30:00,0.0
2030-03-19 00:45:00,0.0
2030-03-19 01:00:00,0.0
2030-03-19 01:15:00,0.0
2030-03-19 01:30:00,0.0
2030-03-19 01:45:00,0.0
2030-03-19 02:00:00,0.0
2030-03-19 02:15:00,0.0
2030-03-19 02:30:00,0.0
2030-03-19 02:45:00,0.0
2030-03-19 03:00:00,0.0
2030-03-19 03:15:00,0.0
2030-03-19 03:30:00,0.0
2030-03-19 03:45:00,0.0
2030-03-19 04:00:00,0.0
2030-03-19 04:15:00,0.0
2030-03-19 04:30:00,0.0
2030-03-19 04:45:00,0.0
2030-03-19 05:00:00,0.0
2030-03-19 05:15:00,0.0
2030-03-19 05:30:00,0.0
2030-03-19 05:45:00,0.0
2030-03-19 06:00:00,0.0
2030-03-19 06:15:00,0.0
2030-03-19 06:30:00,0.0
2030-03-19 06:45:00,0.0
2030-03-19 07:00:00,0.0
2030-03-19 07:15:00,0.0
2030-03-19 07:30:00,0.0
2030-03-19 07:45:00,0.0
2030-03-19 08:00:00,0.0
2030-03-19 08:15:00,0.0
2030-03-19 08:30:00,0.0
2030-03-19 08:45:00,0.0
2030-03-19 09:00:00,0.0
2030-03-19 09:15:00,0.0
2030-03-19 09:30:00,0.0
2030-03-19 09:45:00,0.0
2030-03-19 10:00:00,0.0
2030-03-19 10:15:00,0.0
2030-03-19 10:30:00,0.0
2030-03-19 10:45:00,0.0
2030-03-19 11:00:00,0.0
2030-03-19 11:15:00,0.0
2030-03-19 11:30:00,0.0
2030-03-19 11:45:00,0.0
2030-03-19 12:00:00,0.0
2030-03-19 12:15:00,0.0
2030-03-19 12:30:00,0.0
2030-03-19 12:45:00,0.0
2030-03-19 13:00:00,0.0
2030-03-19 13:15:00,0.0
2030-03-19 13:30:00,0.0
2030-03-19 13:45:00,0.0
2030-03-19 14:00:00,0.0
2030-03-19 14:15:00,0.0
2030-03-19 14:30:00,0.0
2030-03-19 14:45:00,0.0
2030-03-19 15:00:00,0.0
2030-03-19 15:15:00,0.0
2030-03-19 15:30:00,0.0
2030-03-19 15:45:00,0.0
2030-03-19 16:00:00,0.0
2030-03-19 16:15:00,0.0
2030-03-19 16:30:00,0.0
2030-03-19 16:45:00,0.0
2030-03-19 17:00:00,0.0
2030-03-19 17:15:00,0.0
2030-03-19 17:30:00,0.0
2030-03-19 17:45:00,0.0
2030-03-19 18:00:00,0.0
2030-03-19 18:15:00,0.0
2030-03-19 18:30:00,0.0
2030-03-19 18:45:00,0.0
2030-03-19 19:00:00,0.0
2030-03-19 19:15:00,0.0
2030-03-19 19:30:00,0.0
2030-03-19 19:45:00,0.0
2030-03-19 20:00:00,0.0
2030-03-19 20:15:00,0.0
2030-03-19 20:30:00,0.0
2030-03-19 20:45:00,0.0
2030-03-19 21:00:00,0.0
2030-03-19 21:15:00,0.0
2030-03-19 21:30:00,0.0
2030-03-19 21:45:00,0.0
2030-03-19 22:00:00,0.0
2030-03-19 22:15:00,0.0
2030-03-19 22:30:00,0.0
2030-03-19 22:45:00,0.0
2030-03-19 23:00:00,0.0
2030-03-19 23:15:00,0.0
2030-03-19 23:30:00,0.0
2030-03-19 23:45:00,0.0
2030-03-20 00:00:00,0.0
2030-03-20 00:15:00,0.0
2030-03-20 00:30:00,0.0
2030-03-20 00:45:00,0.0
2030-03-20 01:00:00,0.0
2030-03-20 01:15:00,0.0
2030-03-20 01:30:00,0.0
2030-03-20 01:45:00,0.0
2030-03-20 02:00:00,0.0
2030-03-20 02:15:00,0.0
2030-03-20 02:30:00,0.0
2030-03-20 02:45:00,0.0
2030-03-20 03:00:00,0.0
2030-03-20 03:15:00,0.0
2030-03-20 03:30:00,0.0
2030-03-20 03:45:00,0.0
2030-03-20 04:00:00,0.0
2030-03-20 04:15:00,0.0
2030-03-20 04:30:00,0.0
2030-03-20 04:45:00,0.0
2030-03-20 05:00:00,0.0
2030-03-20 05:15:00,0.0
2030-03-20 05:30:00,0.0
2030-03-20 05:45:00,0.0
2030-03-20 06:00:00,0.0
2030-03-20 06:15:00,0.0
2030-03-20 06:30:00,0.0
2030-03-20 06:45:00,0.0
2030-03-20 07:00:00,0.0
2030-03-20 07:15:00,0.0
2030-03-20 07:30:00,0.0
2030-03-20 07:45:00,0.0
2030-03-20 08:00:00,0.0
2030-03-20 08:15:00,0.0
2030-03-20 08:30:00,0.0
2030-03-20 08:45:00,0.0
2030-03-20 09:00:00,0.0
2030-03-20 09:15:00,0.0
2030-03-20 09:30:00,0.0
2030-03-20 09:45:00,0.0
2030-03-20 10:00:00,0.0
2030-03-20 10:15:00,0.0
2030-03-20 10:30:00,0.0
2030-03-20 10:45:00,0.0
2030-03-20 11:00:00,0.0
2030-03-20 11:15:00,0.0
2030-03-20 11:30:00,0.0
2030-03-20 11:45:00,0.0
2030-03-20 12:00:00,0.0
2030-03-20 12:15:00,0.0
2030-03-20 12:30:00,0.0
2030-03-20 12:45:00,0.0
2030-03-20 13:00:00,0.0
2030-03-20 13:15:00,0.0
2030-03-20 13:30:00,0.0
2030-03-20 13:45:00,0.0
2030-03-20 14:00:00,0.0
2030-03-20 14:15:00,0.0
2030-03-20 14:30:00,0.0
2030-03-20 14:45:00,0.0
2030-03-20 15:00:00,0.0
2030-03-20 15:15:00,0.0
2030-03-20 15:30:00,0.0
2030-03-20 15:45:00,0.0
2030-03-20 16:00:00,0.0
2030-03-20 16:15:00,0.0
2030-03-20 16:30:00,0.0
2030-03-20 16:45:00,0.0
2030-03-20 17:00:00,0.0
2030-03-20 17:15:00,0.0
2030-03-20 17:30:00,0.0
2030-03-20 17:45:00,0.0
2030-03-20 18:00:00,0.0
2030-03-20 18:15:00,0.0
2030-03-20 18:30:00,0.0
2030-03-20 18:45:00,0.0
2030-03-20 19:00:00,0.0
2030-03-20 19:15:00,0.0
2030-03-20 19:30:00,0.0
2030-03-20 19:45:00,0.0
2030-03-20 20:00:00,0.0
2030-03-20 20:15:00,0.0
2030-03-20 20:30:00,0.0
2030-03-20 20:45:00,0.0
2030-03-20 21:00:00,0.0
2030-03-20 21:15:00,0.0
2030-03-20 21:30:00,0.0
2030-03-20 21:45:00,0.0
2030-03-20 22:00:00,0.0
2030-03-20 22:15:00,0.0
2030-03-20 22:30:00,0.0
2030-03-20 22:45:00,0.0
2030-03-20 23:00:00,0.0
2030-03-20 23:15:00,0.0
2030-03-20 23:30:00,0.0
2030-03-20 23:45:00,0.0
2030-03-21 00:00:00,0.0
2030-03-21 00:15:00,0.0
2030-03-21 00:30:00,0.0
2030-03-21 00:45:00,0.0
2030-03-21 01:00:00,0.0
2030-03-21 01:15:00,0.0
2030-03-21 01:30:00,0.0
2030-03-21 01:45:00,0.0
2030-03-21 02:00:00,0.0
2030-03-21 02:15:00,0.0
2030-03-21 02:30:00,0.0
2030-03-21 02:45:00,0.0
2030-03-21 03:00:00,0.0
2030-03-21 03:15:00,0.0
2030-03-21 03:30:00,0.0
2030-03-21 03:45:00,0.0
2030-03-21 04:00:00,0.0
2030-03-21 04:15:00,0.0
2030-03-21 04:30:00,0.0
2030-03-21 04:45:00,0.0
2030-03-21 05:00:00,0.0
2030-03-21 05:15:00,0.0
2030-03-21 05:30:00,0.0
2030-03-21 05:45:00,0.0
2030-03-21 06:00:00,0.0
2030-03-21 06:15:00,0.0
2030-03-21 06:30:00,0.0
2030-03-21 06:45:00,0.0
2030-03-21 07:00:00,0.0
2030-03-21 07:15:00,0.0
2030-03-21 07:30:00,0.0
2030-03-21 07:45:00,0.0
2030-03-21 08:00:00,0.0
2030-03-21 08:15:00,0.0
2030-03-21 08:30:00,0.0
2030-03-21 08:45:00,0.0
2030-03-21 09:00:00,0.0
2030-03-21 09:15:00,0.0
2030-03-21 09:30:00,0.0
2030-03-21 09:45:00,0.0
2030-03-21 10:00:00,0.0
2030-03-21 10:15:00,0.0
2030-03-21 10:30:00,0.0
2030-03-21 10:45:00,0.0
2030-03-21 11:00:00,0.0
2030-03-21 11:15:00,0.0
2030-03-21 11:30:00,0.0
2030-03-21 11:45:00,0.0
2030-03-21 12:00:00,0.0
2030-03-21 12:15:00,0.0
2030-03-21 12:30:00,0.0
2030-03-21 12:45:00,0.0
2030-03-21 13:00:00,0.0
2030-03-21 13:15:00,0.0
2030-03-21 13:30:00,0.0
2030-03-21 13:45:00,0.0
2030-03-21 14:00:00,0.0
2030-03-21 14:15:00,0.0
2030-03-21 14:30:00,0.0
2030-03-21 14:45:00,0.0
2030-03-21 15:00:00,0.0
2030-03-21 15:15:00,0.0
2030-03-21 15:30:00,0.0
2030-03-21 15:45:00,0.0
2030-03-21 16:00:00,0.0
2030-03-21 16:15:00,0.0
2030-03-21 16:30:00,0.0
2030-03-21 16:45:00,0.0
2030-03-21 17:00:00,0.0
2030-03-21 17:15:00,0.0
2030-03-21 17:30:00,0.0
2030-03-21 17:45:00,0.0
2030-03-21 18:00:00,0.0
2030-03-21 18:15:00,0.0
2030-03-21 18:30:00,0.0
2030-03-21 18:45:00,0.0
2030-03-21 19:00:00,0.0
2030-03-21 19:15:00,0.0
2030-03-21 19:30:00,0.0
2030-03-21 19:45:00,0.0
2030-03-21 20:00:00,0.0
2030-03-21 20:15:00,0.0
2030-03-21 20:30:00,0.0
2030-03-21 20:45:00,0.0
2030-03-21 21:00:00,0.0
2030-03-21 21:15:00,0.0
2030-03-21 21:30:00,0.0
2030-03-21 21:45:00,0.0
2030-03-21 22:00:00,0.0
2030-03-21 22:15:00,0.0
2030-03-21 22:30:00,0.0
2030-03-21 22:45:00,0.0
2030-03-21 23:00:00,0.0
2030-03-21 23:15:00,0.0
2030-03-21 23:30:00,0.0
2030-03-21 23:45:00,0.0
2030-03-22 00:00:00,0.0
2030-03-22 00:15:00,0.0
2030-03-22 00:30:00,0.0
2030-03-22 00:45:00,0.0
2030-03-22 01:00:00,0.0
2030-03-22 01:15:00,0.0
2030-03-22 01:30:00,0.0
2030-03-22 01:45:00,0.0
2030-03-22 02:00:00,0.0
2030-03-22 02:15:00,0.0
2030-03-22 02:30:00,0.0
2030-03-22 02:45:00,0.0
2030-03-22 03:00:00,0.0
2030-03-22 03:15:00,0.0
2030-03-22 03:30:00,0.0
2030-03-22 03:45:00,0.0
2030-03-22 04:00:00,0.0
2030-03-22 04:15:00,0.0
2030-03-22 04:30:00,0.0
2030-03-22 04:45:00,0.0
2030-03-22 05:00:00,0.0
2030-03-22 05:15:00,0.0
2030-03-22 05:30:00,0.0
2030-03-22 05:45:00,0.0
2030-03-22 06:00:00,0.0
2030-03-22 06:15:00,0.0
2030-03-22 06:30:00,0.0
2030-03-22 06:45:00,0.0
2030-03-22 07:00:00,0.0
2030-03-22 07:15:00,0.0
2030-03-22 07:30:00,0.0
2030-03-22 07:45:00,0.0
2030-03-22 08:00:00,0.0
2030-03-22 08:15:00,0.0
2030-03-22 08:30:00,0.0
2030-03-22 08:45:00,0.0
2030-03-22 09:00:00,0.0
2030-03-22 09:15:00,0.0
2030-03-22 09:30:00,0.0
2030-03-22 09:45:00,0.0
2030-03-22 10:00:00,0.0
2030-03-22 10:15:00,0.0
2030-03-22 10:30:00,0.0
2030-03-22 10:45:00,0.0
2030-03-22 11:00:00,0.0
2030-03-22 11:15:00,0.0
2030-03-22 11:30:00,0.0
2030-03-22 11:45:00,0.0
2030-03-22 12:00:00,0.0
2030-03-22 12:15:00,0.0
2030-03-22 12:30:00,0.0
2030-03-22 12:45:00,0.0
2030-03-22 13:00:00,0.0
2030-03-22 13:15:00,0.0
2030-03-22 13:30:00,21.715326615503727
2030-03-22 13:45:00,0.0
2030-03-22 14:00:00,0.0
2030-03-22 14:15:00,0.0
2030-03-22 14:30:00,0.0
2030-03-22 14:45:00,0.0
2030-03-22 15:00:00,0.0
2030-03-22 15:15:00,0.0
2030-03-22 15:30:00,0.0
2030-03-22 15:45:00,0.0
2030-03-22 16:00:00,0.0
2030-03-22 16:15:00,0.0
2030-03-22 16:30:00,0.0
2030-03-22 16:45:00,0.0
2030-03-22 17:00:00,79.35655687112376
2030-03-22 17:15:00,159.73431463009365
2030-03-22 17:30:00,357.20938644172566
2030-03-22 17:45:00,628.4421376962418
2030-03-22 18:00:00,978.948373066236
2030-03-22 18:15:00,989.0224702578489
2030-03-22 18:30:00,1265.0226801419776
2030-03-22 18:45:00,1446.929384700572
2030-03-22 19:00:00,1533.3879534799125
2030-03-22 19:15:00,1360.4082053818129
2030-03-22 19:30:00,1323.4566557012477
2030-03-22 19:45:00,1172.0534707397765
2030-03-22 20:00:00,938.452538269954
2030-03-22 20:15:00,621.7874583115863
2030-03-22 20:30:00,397.77019521310103
2030-03-22 20:45:00,157.17747188923386
2030-03-22 21:00:00,0.0
2030-03-22 21:15:00,0.0
2030-03-22 21:30:00,0.0
2030-03-22 21:45:00,0.0
2030-03-22 22:00:00,0.0
2030-03-22 22:15:00,0.0
2030-03-22 22:30:00,0.0
2030-03-22 22:45:00,0.0
2030-03-22 23:00:00,0.0
2030-03-22 23:15:00,0.0
2030-03-22 23:30:00,0.0
2030-03-22 23:45:00,0.0
2030-03-23 00:00:00,0.0
2030-03-23 00:15:00,0.0
2030-03-23 00:30:00,0.0
2030-03-23 00:45:00,0.0
2030-03-23 01:00:00,0.0
2030-03-23 01:15:00,0.0
2030-03-23 01:30:00,0.0
2030-03-23 01:45:00,0.0
2030-03-23 02:00:00,0.0
2030-03-23 02:15:00,0.0
2030-03-23 02:30:00,0.0
2030-03-23 02:45:00,0.0
2030-03-23 03:00:00,0.0
2030-03-23 03:15:00,0.0
2030-03-23 03:30:00,0.0
2030-03-23 03:45:00,0.0
2030-03-23 04:00:00,0.0
2030-03-23 04:15:00,0.0
2030-03-23 04:30:00,0.0
2030-03-23 04:45:00,0.0
2030-03-23 05:00:00,0.0
2030-03-23 05:15:00,0.0
2030-03-23 05:30:00,0.0
2030-03-23 05:45:00,0.0
2030-03-23 06:00:00,0.0
2030-03-23 06:15:00,0.0
2030-03-23 06:30:00,0.0
2030-03-23 06:45:00,0.0
2030-03-23 07:00:00,0.0
2030-03-23 07:15:00,0.0
2030-03-23 07:30:00,62.0549666902225
2030-03-23 07:45:00,187.20857929174963
2030-03-23 08:00:00,194.44695702188983
2030-03-23 08:15:00,159.78002981405552
2030-03-23 08:30:00,207.0462333282885
2030-03-23 08:45:00,92.85994151372688
2030-03-23 09:00:00,0.0
2030-03-23 09:15:00,0.0
2030-03-23 09:30:00,0.0
2030-03-23 09:45:00,64.77336555624788
2030-03-23 10:00:00,203.94625860670203
2030-03-23 10:15:00,252.62652853592954
2030-03-23 10:30:00,340.3411705936778
2030-03-23 10:45:00,459.5140810916564
2030-03-23 11:00:00,373.3254553929728
2030-03-23 11:15:00,411.04955669987066
2030-03-23 11:30:00,329.226493792612
2030-03-23 11:45:00,249.4176152867476
2030-03-23 12:00:00,414.6913893508281
2030-03-23 12:15:00,331.16472646182956
2030-03-23 12:30:00,306.57239992922405
2030-03-23 12:45:00,194.73075701027665
2030-03-23 13:00:00,292.80984581710436
2030-03-23 13:15:00,168.78576616111968
2030-03-23 13:30:00,0.0
2030-03-23 13:45:00,0.0
2030-03-23 14:00:00,0.0
2030-03-23 14:15:00,0.0
2030-03-23 14:30:00,0.0
2030-03-23 14:45:00,0.0
2030-03-23 15:00:00,0.0
2030-03-23 15:15:00,0.0
2030-03-23 15:30:00,0.0
2030-03-23 15:45:00,0.0
2030-03-23 16:00:00,0.0
2030-03-23 16:15:00,0.0
2030-03-23 16:30:00,0.0
2030-03-23 16:45:00,0.0
2030-03-23 17:00:00,0.0
2030-03-23 17:15:00,0.0
2030-03-23 17:30:00,0.0
2030-03-23 17:45:00,0.0
2030-03-23 18:00:00,139.95717547771346
2030-03-23 18:15:00,224.3261496914165
2030-03-23 18:30:00,379.25166347197955
2030-03-23 18:45:00,517.7273673584168
2030-03-23 19:00:00,557.5971632348228
2030-03-23 19:15:00,442.8791501903488
2030-03-23 19:30:00,402.5849755860272
2030-03-23 19:45:00,292.3049895110453
2030-03-23 20:00:00,0.0
2030-03-23 20:15:00,0.0
2030-03-23 20:30:00,0.0
2030-03-23 20:45:00,0.0
2030-03-23 21:00:00,0.0
2030-03-23 21:15:00,0.0
2030-03-23 21:30:00,0.0
2030-03-23 21:45:00,0.0
2030-03-23 22:00:00,0.0
2030-03-23 22:15:00,0.0
2030-03-23 22:30:00,0.0
2030-03-23 22:45:00,0.0
2030-03-23 23:00:00,0.0
2030-03-23 23:15:00,0.0
2030-03-23 23:30:00,0.0
2030-03-23 23:45:00,0.0
2030-03-24 00:00:00,0.0
2030-03-24 00:15:00,0.0
2030-03-24 00:30:00,0.0
2030-03-24 00:45:00,0.0
2030-03-24 01:00:00,0.0
2030-03-24 01:15:00,0.0
2030-03-24 01:30:00,0.0
2030-03-24 01:45:00,0.0
2030-03-24 02:00:00,0.0
2030-03-24 02:15:00,0.0
2030-03-24 02:30:00,0.0
2030-03-24 02:45:00,0.0
2030-03-24 03:00:00,0.0
2030-03-24 03:15:00,0.0
2030-03-24 03:30:00,0.0
2030-03-24 03:45:00,0.0
2030-03-24 04:00:00,0.0
2030-03-24 04:15:00,0.0
2030-03-24 04:30:00,0.0
2030-03-24 04:45:00,0.0
2030-03-24 05:00:00,0.0
2030-03-24 05:15:00,0.0
2030-03-24 05:30:00,0.0
2030-03-24 05:45:00,0.0
2030-03-24 06:00:00,0.0
2030-03-24 06:15:00,0.0
2030-03-24 06:30:00,242.48838344931937
2030-03-24 06:45:00,499.86979318204976
2030-03-24 07:00:00,891.9193548091771
2030-03-24 07:15:00,1226.0258409602266
2030-03-24 07:30:00,1406.4118134102573
2030-03-24 07:45:00,1773.2796541567004
2030-03-24 08:00:00,1964.6694098176104
2030-03-24 08:15:00,2192.8913442803987
2030-03-24 08:30:00,2293.9100547031394
2030-03-24 08:45:00,2439.316689262978
2030-03-24 09:00:00,2390.572809352787
2030-03-24 09:15:00,2417.786994640386
2030-03-24 09:30:00,2567.813080827098
2030-03-24 09:45:00,2629.0934901509954
2030-03-24 10:00:00,2508.3004598723855
2030-03-24 10:15:00,2626.8226521901815
2030-03-24 10:30:00,2696.4304093740175
2030-03-24 10:45:00,2569.434706429178
2030-03-24 11:00:00,2563.191567442016
2030-03-24 11:15:00,2563.281374036831
2030-03-24 11:30:00,2562.6998512024893
2030-03-24 11:45:00,2405.251635468823
2030-03-24 12:00:00,2204.4479802895985
2030-03-24 12:15:00,2036.4175083782102
2030-03-24 12:30:00,1909.4963821571873
2030-03-24 12:45:00,1913.2010249912
2030-03-24 13:00:00,1752.1107099332767
2030-03-24 13:15:00,1548.898576984766
2030-03-24 13:30:00,1363.80562796089
2030-03-24 13:45:00,1126.7379583832844
2030-03-24 14:00:00,1072.5410560119271
2030-03-24 14:15:00,920.7633934369624
2030-03-24 14:30:00,843.2339001335276
2030-03-24 14:45:00,719.171459083087
2030-03-24 15:00:00,621.0966273091763
2030-03-24 15:15:00,640.6872983524809
2030-03-24 15:30:00,604.6404471692113
2030-03-24 15:45:00,554.2235645229794
2030-03-24 16:00:00,511.43214904013803
2030-03-24 16:15:00,507.48784726957274
2030-03-24 16:30:00,518.3134657567189
2030-03-24 16:45:00,475.83170259234066
2030-03-24 17:00:00,587.6426097727872
2030-03-24 17:15:00,602.3498083976992
2030-03-24 17:30:00,766.1431851398884
2030-03-24 17:45:00,888.8010199544078
2030-03-24 18:00:00,943.0464244397463
2030-03-24 18:15:00,965.6109782108961
2030-03-24 18:30:00,1016.9807630676332
2030-03-24 18:45:00,887.3387293211199
2030-03-24 19:00:00,939.4209845154674
2030-03-24 19:15:00,935.1934612190908
2030-03-24 19:30:00,963.5134560371844
2030-03-24 19:45:00,715.6142626719666
2030-03-24 20:00:00,219.66228720845902
2030-03-24 20:15:00,0.0
2030-03-24 20:30:00,0.0
2030-03-24 20:45:00,0.0
2030-03-24 21:00:00,0.0
2030-03-24 21:15:00,0.0
2030-03-24 21:30:00,0.0
2030-03-24 21:45:00,0.0
2030-03-24 22:00:00,0.0
2030-03-24 22:15:00,0.0
2030-03-24 22:30:00,0.0
2030-03-24 22:45:00,0.0
2030-03-24 23:00:00,0.0
2030-03-24 23:15:00,0.0
2030-03-24 23:30:00,0.0
2030-03-24 23:45:00,0.0
2030-03-25 00:00:00,0.0
2030-03-25 00:15:00,0.0
2030-03-25 00:30:00,0.0
2030-03-25 00:45:00,0.0
2030-03-25 01:00:00,0.0
2030-03-25 01:15:00,0.0
2030-03-25 01:30:00,0.0
2030-03-25 01:45:00,0.0
2030-03-25 02:00:00,0.0
2030-03-25 02:15:00,0.0
2030-03-25 02:30:00,0.0
2030-03-25 02:45:00,0.0
2030-03-25 03:00:00,0.0
2030-03-25 03:15:00,0.0
2030-03-25 03:30:00,0.0
2030-03-25 03:45:00,0.0
2030-03-25 04:00:00,0.0
2030-03-25 04:15:00,0.0
2030-03-25 04:30:00,0.0
2030-03-25 04:45:00,0.0
2030-03-25 05:00:00,0.0
2030-03-25 05:15:00,0.0
2030-03-25 05:30:00,0.0
2030-03-25 05:45:00,0.0
2030-03-25 06:00:00,0.0
2030-03-25 06:15:00,0.0
2030-03-25 06:30:00,0.0
2030-03-25 06:45:00,0.0
2030-03-25 07:00:00,0.0
2030-03-25 07:15:00,0.0
2030-03-25 07:30:00,0.0
2030-03-25 07:45:00,0.0
2030-03-25 08:00:00,0.0
2030-03-25 08:15:00,0.0
2030-03-25 08:30:00,0.0
2030-03-25 08:45:00,0.0
2030-03-25 09:00:00,0.0
2030-03-25 09:15:00,0.0
2030-03-25 09:30:00,0.0
2030-03-25 09:45:00,0.0
2030-03-25 10:00:00,0.0
2030-03-25 10:15:00,0.0
2030-03-25 10:30:00,0.0
2030-03-25 10:45:00,0.0
2030-03-25 11:00:00,0.0
2030-03-25 11:15:00,0.0
2030-03-25 11:30:00,0.0
2030-03-25 11:45:00,0.0
2030-03-25 12:00:00,0.0
2030-03-25 12:15:00,0.0
2030-03-25 12:30:00,0.0
2030-03-25 12:45:00,0.0
2030-03-25 13:00:00,0.0
2030-03-25 13:15:00,0.0
2030-03-25 13:30:00,0.0
2030-03-25 13:45:00,0.0
2030-03-25 14:00:00,0.0
2030-03-25 14:15:00,0.0
2030-03-25 14:30:00,0.0
2030-03-25 14:45:00,0.0
2030-03-25 15:00:00,0.0
2030-03-25 15:15:00,0.0
2030-03-25 15:30:00,0.0
2030-03-25 15:45:00,0.0
2030-03-25 16:00:00,0.0
2030-03-25 16:15:00,0.0
2030-03-25 16:30:00,0.0
2030-03-25 16:45:00,0.0
2030-03-25 17:00:00,0.0
2030-03-25 17:15:00,0.0
2030-03-25 17:30:00,0.0
2030-03-25 17:45:00,0.0
2030-03-25 18:00:00,0.0
2030-03-25 18:15:00,0.0
2030-03-25 18:30:00,0.0
2030-03-25 18:45:00,0.0
2030-03-25 19:00:00,0.0
2030-03-25 19:15:00,0.0
2030-03-25 19:30:00,0.0
2030-03-25 19:45:00,0.0
2030-03-25 20:00:00,0.0
2030-03-25 20:15:00,0.0
2030-03-25 20:30:00,0.0
2030-03-25 20:45:00,0.0
2030-03-25 21:00:00,0.0
2030-03-25 21:15:00,0.0
2030-03-25 21:30:00,0.0
2030-03-25 21:45:00,0.0
2030-03-25 22:00:00,0.0
2030-03-25 22:15:00,0.0
2030-03-25 22:30:00,0.0
2030-03-25 22:45:00,0.0
2030-03-25 23:00:00,0.0
2030-03-25 23:15:00,0.0
2030-03-25 23:30:00,0.0
2030-03-25 23:45:00,0.0
2030-03-26 00:00:00,0.0
2030-03-26 00:15:00,0.0
2030-03-26 00:30:00,0.0
2030-03-26 00:45:00,0.0
2030-03-26 01:00:00,0.0
2030-03-26 01:15:00,0.0
2030-03-26 01:30:00,0.0
2030-03-26 01:45:00,0.0
2030-03-26 03:00:00,0.0
2030-03-26 03:15:00,0.0
2030-03-26 03:30:00,0.0
2030-03-26 03:45:00,0.0
2030-03-26 04:00:00,0.0
2030-03-26 04:15:00,0.0
2030-03-26 04:30:00,0.0
2030-03-26 04:45:00,0.0
2030-03-26 05:00:00,0.0
2030-03-26 05:15:00,0.0
2030-03-26 05:30:00,0.0
2030-03-26 05:45:00,0.0
2030-03-26 06:00:00,0.0
2030-03-26 06:15:00,0.0
2030-03-26 06:30:00,0.0
2030-03-26 06:45:00,0.0
2030-03-26 07:00:00,0.0
2030-03-26 07:15:00,0.0
2030-03-26 07:30:00,0.0
2030-03-26 07:45:00,0.0
2030-03-26 08:00:00,0.0
2030-03-26 08:15:00,0.0
2030-03-26 08:30:00,0.0
2030-03-26 08:45:00,0.0
2030-03-26 09:00:00,0.0
2030-03-26 09:15:00,0.0
2030-03-26 09:30:00,0.0
2030-03-26 09:45:00,0.0
2030-03-26 10:00:00,0.0
2030-03-26 10:15:00,0.0
2030-03-26 10:30:00,0.0
2030-03-26 10:45:00,0.0
2030-03-26 11:00:00,0.0
2030-03-26 11:15:00,0.0
2030-03-26 11:30:00,0.0
2030-03-26 11:45:00,0.0
2030-03-26 12:00:00,0.0
2030-03-26 12:15:00,0.0
2030-03-26 12:30:00,0.0
2030-03-26 12:45:00,0.0
2030-03-26 13:00:00,0.0
2030-03-26 13:15:00,0.0
2030-03-26 13:30:00,0.0
2030-03-26 13:45:00,0.0
2030-03-26 14:00:00,0.0
2030-03-26 14:15:00,0.0
2030-03-26 14:30:00,0.0
2030-03-26 14:45:00,0.0
2030-03-26 15:00:00,0.0
2030-03-26 15:15:00,0.0
2030-03-26 15:30:00,0.0
2030-03-26 15:45:00,0.0
2030-03-26 16:00:00,0.0
2030-03-26 16:15:00,0.0
2030-03-26 16:30:00,0.0
2030-03-26 16:45:00,0.0
2030-03-26 17:00:00,0.0
2030-03-26 17:15:00,0.0
2030-03-26 17:30:00,0.0
2030-03-26 17:45:00,0.0
2030-03-26 18:00:00,0.0
2030-03-26 18:15:00,0.0
2030-03-26 18:30:00,0.0
2030-03-26 18:45:00,0.0
2030-03-26 19:00:00,0.0
2030-03-26 19:15:00,0.0
2030-03-26 19:30:00,0.0
2030-03-26 19:45:00,0.0
2030-03-26 20:00:00,0.0
2030-03-26 20:15:00,0.0
2030-03-26 20:30:00,0.0
2030-03-26 20:45:00,0.0
2030-03-26 21:00:00,0.0
2030-03-26 21:15:00,0.0
2030-03-26 21:30:00,0.0
2030-03-26 21:45:00,0.0
2030-03-26 22:00:00,0.0
2030-03-26 22:15:00,0.0
2030-03-26 22:30:00,0.0
2030-03-26 22:45:00,0.0
2030-03-26 23:00:00,0.0
2030-03-26 23:15:00,0.0
2030-03-26 23:30:00,0.0
2030-03-26 23:45:00,0.0
2030-03-27 00:00:00,0.0
2030-03-27 00:15:00,0.0
2030-03-27 00:30:00,0.0
2030-03-27 00:45:00,0.0
2030-03-27 01:00:00,0.0
2030-03-27 01:15:00,0.0
2030-03-27 01:30:00,0.0
2030-03-27 01:45:00,0.0
2030-03-27 02:00:00,0.0
2030-03-27 02:15:00,0.0
2030-03-27 02:30:00,0.0
2030-03-27 02:45:00,0.0
2030-03-27 03:00:00,0.0
2030-03-27 03:15:00,0.0
2030-03-27 03:30:00,0.0
2030-03-27 03:45:00,0.0
2030-03-27 04:00:00,0.0
2030-03-27 04:15:00,0.0
2030-03-27 04:30:00,0.0
2030-03-27 04:45:00,0.0
2030-03-27 05:00:00,0.0
2030-03-27 05:15:00,0.0
2030-03-27 05:30:00,0.0
2030-03-27 05:45:00,0.0
2030-03-27 06:00:00,0.0
2030-03-27 06:15:00,0.0
2030-03-27 06:30:00,0.0
2030-03-27 06:45:00,0.0
2030-03-27 07:00:00,0.0
2030-03-27 07:15:00,0.0
2030-03-27 07:30:00,0.0
2030-03-27 07:45:00,0.0
2030-03-27 08:00:00,0.0
2030-03-27 08:15:00,0.0
2030-03-27 08:30:00,0.0
2030-03-27 08:45:00,0.0
2030-03-27 09:00:00,0.0
2030-03-27 09:15:00,0.0
2030-03-27 09:30:00,0.0
2030-03-27 09:45:00,0.0
2030-03-27 10:00:00,0.0
2030-03-27 10:15:00,0.0
2030-03-27 10:30:00,0.0
2030-03-27 10:45:00,0.0
2030-03-27 11:00:00,0.0
2030-03-27 11:15:00,0.0
2030-03-27 11:30:00,0.0
2030-03-27 11:45:00,0.0
2030-03-27 12:00:00,0.0
2030-03-27 12:15:00,0.0
2030-03-27 12:30:00,0.0
2030-03-27 12:45:00,0.0
2030-03-27 13:00:00,0.0
2030-03-27 13:15:00,0.0
2030-03-27 13:30:00,0.0
2030-03-27 13:45:00,0.0
2030-03-27 14:00:00,0.0
2030-03-27 14:15:00,0.0
2030-03-27 14:30:00,0.0
2030-03-27 14:45:00,0.0
2030-03-27 15:00:00,0.0
2030-03-27 15:15:00,0.0
2030-03-27 15:30:00,0.0
2030-03-27 15:45:00,0.0
2030-03-27 16:00:00,0.0
2030-03-27 16:15:00,0.0
2030-03-27 16:30:00,0.0
2030-03-27 16:45:00,0.0
2030-03-27 17:00:00,0.0
2030-03-27 17:15:00,0.0
2030-03-27 17:30:00,0.0
2030-03-27 17:45:00,0.0
2030-03-27 18:00:00,0.0
2030-03-27 18:15:00,0.0
2030-03-27 18:30:00,0.0
2030-03-27 18:45:00,0.0
2030-03-27 19:00:00,0.0
2030-03-27 19:15:00,0.0
2030-03-27 19:30:00,0.0
2030-03-27 19:45:00,0.0
2030-03-27 20:00:00,0.0
2030-03-27 20:15:00,0.0
2030-03-27 20:30:00,0.0
2030-03-27 20:45:00,0.0
2030-03-27 21:00:00,0.0
2030-03-27 21:15:00,0.0
2030-03-27 21:30:00,0.0
2030-03-27 21:45:00,0.0
2030-03-27 22:00:00,0.0
2030-03-27 22:15:00,0.0
2030-03-27 22:30:00,0.0
2030-03-27 22:45:00,0.0
2030-03-27 23:00:00,0.0
2030-03-27 23:15:00,0.0
2030-03-27 23:30:00,0.0
2030-03-27 23:45:00,0.0
2030-03-28 00:00:00,0.0
2030-03-28 00:15:00,0.0
2030-03-28 00:30:00,0.0
2030-03-28 00:45:00,0.0
2030-03-28 01:00:00,0.0
2030-03-28 01:15:00,0.0
2030-03-28 01:30:00,0.0
2030-03-28 01:45:00,0.0
2030-03-28 02:00:00,0.0
2030-03-28 02:15:00,0.0
2030-03-28 02:30:00,0.0
2030-03-28 02:45:00,0.0
2030-03-28 03:00:00,0.0
2030-03-28 03:15:00,0.0
2030-03-28 03:30:00,0.0
2030-03-28 03:45:00,0.0
2030-03-28 04:00:00,0.0
2030-03-28 04:15:00,0.0
2030-03-28 04:30:00,0.0
2030-03-28 04:45:00,0.0
2030-03-28 05:00:00,0.0
2030-03-28 05:15:00,0.0
2030-03-28 05:30:00,0.0
2030-03-28 05:45:00,0.0
2030-03-28 06:00:00,0.0
2030-03-28 06:15:00,0.0
2030-03-28 06:30:00,0.0
2030-03-28 06:45:00,0.0
2030-03-28 07:00:00,0.0
2030-03-28 07:15:00,0.0
2030-03-28 07:30:00,0.0
2030-03-28 07:45:00,0.0
2030-03-28 08:00:00,0.0
2030-03-28 08:15:00,0.0
2030-03-28 08:30:00,0.0
2030-03-28 08:45:00,0.0
2030-03-28 09:00:00,0.0
2030-03-28 09:15:00,0.0
2030-03-28 09:30:00,0.0
2030-03-28 09:45:00,0.0
2030-03-28 10:00:00,0.0
2030-03-28 10:15:00,0.0
2030-03-28 10:30:00,0.0
2030-03-28 10:45:00,0.0
2030-03-28 11:00:00,0.0
2030-03-28 11:15:00,0.0
2030-03-28 11:30:00,0.0
2030-03-28 11:45:00,0.0
2030-03-28 12:00:00,0.0
2030-03-28 12:15:00,0.0
2030-03-28 12:30:00,0.0
2030-03-28 12:45:00,0.0
2030-03-28 13:00:00,0.0
2030-03-28 13:15:00,0.0
2030-03-28 13:30:00,0.0
2030-03-28 13:45:00,0.0
2030-03-28 14:00:00,0.0
2030-03-28 14:15:00,0.0
2030-03-28 14:30:00,0.0
2030-03-28 14:45:00,0.0
2030-03-28 15:00:00,0.0
2030-03-28 15:15:00,0.0
2030-03-28 15:30:00,0.0
2030-03-28 15:45:00,0.0
2030-03-28 16:00:00,0.0
2030-03-28 16:15:00,0.0
2030-03-28 16:30:00,0.0
2030-03-28 16:45:00,0.0
2030-03-28 17:00:00,0.0
2030-03-28 17:15:00,0.0
2030-03-28 17:30:00,0.0
2030-03-28 17:45:00,0.0
2030-03-28 18:00:00,0.0
2030-03-28 18:15:00,0.0
2030-03-28 18:30:00,0.0
2030-03-28 18:45:00,0.0
2030-03-28 19:00:00,0.0
2030-03-28 19:15:00,0.0
2030-03-28 19:30:00,0.0
2030-03-28 19:45:00,0.0
2030-03-28 20:00:00,0.0
2030-03-28 20:15:00,0.0
2030-03-28 20:30:00,0.0
2030-03-28 20:45:00,0.0
2030-03-28 21:00:00,0.0
2030-03-28 21:15:00,0.0
2030-03-28 21:30:00,0.0
2030-03-28 21:45:00,0.0
2030-03-28 22:00:00,0.0
2030-03-28 22:15:00,0.0
2030-03-28 22:30:00,0.0
2030-03-28 22:45:00,0.0
2030-03-28 23:00:00,0.0
2030-03-28 23:15:00,0.0
2030-03-28 23:30:00,0.0
2030-03-28 23:45:00,0.0
2030-03-29 00:00:00,0.0
2030-03-29 00:15:00,0.0
2030-03-29 00:30:00,0.0
2030-03-29 00:45:00,0.0
2030-03-29 01:00:00,0.0
2030-03-29 01:15:00,0.0
2030-03-29 01:30:00,0.0
2030-03-29 01:45:00,0.0
2030-03-29 02:00:00,0.0
2030-03-29 02:15:00,0.0
2030-03-29 02:30:00,0.0
2030-03-29 02:45:00,0.0
2030-03-29 03:00:00,0.0
2030-03-29 03:15:00,0.0
2030-03-29 03:30:00,0.0
2030-03-29 03:45:00,0.0
2030-03-29 04:00:00,0.0
2030-03-29 04:15:00,0.0
2030-03-29 04:30:00,0.0
2030-03-29 04:45:00,0.0
2030-03-29 05:00:00,0.0
2030-03-29 05:15:00,0.0
2030-03-29 05:30:00,0.0
2030-03-29 05:45:00,0.0
2030-03-29 06:00:00,0.0
2030-03-29 06:15:00,0.0
2030-03-29 06:30:00,0.0
2030-03-29 06:45:00,0.0
2030-03-29 07:00:00,0.0
2030-03-29 07:15:00,0.0
2030-03-29 07:30:00,0.0
2030-03-29 07:45:00,0.0
2030-03-29 08:00:00,0.0
2030-03-29 08:15:00,0.0
2030-03-29 08:30:00,0.0
2030-03-29 08:45:00,0.0
2030-03-29 09:00:00,0.0
2030-03-29 09:15:00,0.0
2030-03-29 09:30:00,0.0
2030-03-29 09:45:00,0.0
2030-03-29 10:00:00,0.0
2030-03-29 10:15:00,0.0
2030-03-29 10:30:00,0.0
2030-03-29 10:45:00,0.0
2030-03-29 11:00:00,0.0
2030-03-29 11:15:00,0.0
2030-03-29 11:30:00,0.0
2030-03-29 11:45:00,0.0
2030-03-29 12:00:00,0.0
2030-03-29 12:15:00,0.0
2030-03-29 12:30:00,0.0
2030-03-29 12:45:00,0.0
2030-03-29 13:00:00,0.0
2030-03-29 13:15:00,0.0
2030-03-29 13:30:00,0.0
2030-03-29 13:45:00,0.0
2030-03-29 14:00:00,0.0
2030-03-29 14:15:00,0.0
2030-03-29 14:30:00,0.0
2030-03-29 14:45:00,0.0
2030-03-29 15:00:00,0.0
2030-03-29 15:15:00,0.0
2030-03-29 15:30:00,0.0
2030-03-29 15:45:00,0.0
2030-03-29 16:00:00,0.0
2030-03-29 16:15:00,0.0
2030-03-29 16:30:00,0.0
2030-03-29 16:45:00,0.0
2030-03-29 17:00:00,0.0
2030-03-29 17:15:00,0.0
2030-03-29 17:30:00,0.0
2030-03-29 17:45:00,0.0
2030-03-29 18:00:00,0.0
2030-03-29 18:15:00,0.0
2030-03-29 18:30:00,0.0
2030-03-29 18:45:00,0.0
2030-03-29 19:00:00,0.0
2030-03-29 19:15:00,0.0
2030-03-29 19:30:00,0.0
2030-03-29 19:45:00,0.0
2030-03-29 20:00:00,0.0
2030-03-29 20:15:00,0.0
2030-03-29 20:30:00,0.0
2030-03-29 20:45:00,0.0
2030-03-29 21:00:00,0.0
2030-03-29 21:15:00,0.0
2030-03-29 21:30:00,0.0
2030-03-29 21:45:00,0.0
2030-03-29 22:00:00,0.0
2030-03-29 22:15:00,0.0
2030-03-29 22:30:00,0.0
2030-03-29 22:45:00,0.0
2030-03-29 23:00:00,0.0
2030-03-29 23:15:00,0.0
2030-03-29 23:30:00,0.0
2030-03-29 23:45:00,0.0
2030-03-30 00:00:00,0.0
2030-03-30 00:15:00,0.0
2030-03-30 00:30:00,0.0
2030-03-30 00:45:00,0.0
2030-03-30 01:00:00,0.0
2030-03-30 01:15:00,0.0
2030-03-30 01:30:00,0.0
2030-03-30 01:45:00,0.0
2030-03-30 02:00:00,0.0
2030-03-30 02:15:00,0.0
2030-03-30 02:30:00,0.0
2030-03-30 02:45:00,0.0
2030-03-30 03:00:00,0.0
2030-03-30 03:15:00,0.0
2030-03-30 03:30:00,0.0
2030-03-30 03:45:00,0.0
2030-03-30 04:00:00,0.0
2030-03-30 04:15:00,0.0
2030-03-30 04:30:00,0.0
2030-03-30 04:45:00,0.0
2030-03-30 05:00:00,0.0
2030-03-30 05:15:00,0.0
2030-03-30 05:30:00,0.0
2030-03-30 05:45:00,0.0
2030-03-30 06:00:00,0.0
2030-03-30 06:15:00,0.0
2030-03-30 06:30:00,0.0
2030-03-30 06:45:00,0.0
2030-03-30 07:00:00,0.0
2030-03-30 07:15:00,0.0
2030-03-30 07:30:00,0.0
2030-03-30 07:45:00,0.0
2030-03-30 08:00:00,0.0
2030-03-30 08:15:00,0.0
2030-03-30 08:30:00,0.0
2030-03-30 08:45:00,0.0
2030-03-30 09:00:00,0.0
2030-03-30 09:15:00,0.0
2030-03-30 09:30:00,0.0
2030-03-30 09:45:00,0.0
2030-03-30 10:00:00,0.0
2030-03-30 10:15:00,0.0
2030-03-30 10:30:00,0.0
2030-03-30 10:45:00,0.0
2030-03-30 11:00:00,0.0
2030-03-30 11:15:00,0.0
2030-03-30 11:30:00,0.0
2030-03-30 11:45:00,0.0
2030-03-30 12:00:00,0.0
2030-03-30 12:15:00,0.0
2030-03-30 12:30:00,0.0
2030-03-30 12:45:00,0.0
2030-03-30 13:00:00,0.0
2030-03-30 13:15:00,0.0
2030-03-30 13:30:00,0.0
2030-03-30 13:45:00,0.0
2030-03-30 14:00:00,0.0
2030-03-30 14:15:00,0.0
2030-03-30 14:30:00,0.0
2030-03-30 14:45:00,0.0
2030-03-30 15:00:00,0.0
2030-03-30 15:15:00,0.0
2030-03-30 15:30:00,0.0
2030-03-30 15:45:00,0.0
2030-03-30 16:00:00,0.0
2030-03-30 16:15:00,0.0
2030-03-30 16:30:00,0.0
2030-03-30 16:45:00,0.0
2030-03-30 17:00:00,0.0
2030-03-30 17:15:00,0.0
2030-03-30 17:30:00,0.0
2030-03-30 17:45:00,0.0
2030-03-30 18:00:00,0.0
2030-03-30 18:15:00,0.0
2030-03-30 18:30:00,0.0
2030-03-30 18:45:00,0.0
2030-03-30 19:00:00,0.0
2030-03-30 19:15:00,0.0
2030-03-30 19:30:00,0.0
2030-03-30 19:45:00,0.0
2030-03-30 20:00:00,0.0
2030-03-30 20:15:00,0.0
2030-03-30 20:30:00,0.0
2030-03-30 20:45:00,0.0
2030-03-30 21:00:00,0.0
2030-03-30 21:15:00,0.0
2030-03-30 21:30:00,0.0
2030-03-30 21:45:00,0.0
2030-03-30 22:00:00,0.0
2030-03-30 22:15:00,0.0
2030-03-30 22:30:00,0.0
2030-03-30 22:45:00,0.0
2030-03-30 23:00:00,0.0
2030-03-30 23:15:00,0.0
2030-03-30 23:30:00,0.0
2030-03-30 23:45:00,0.0
2030-03-31 00:00:00,0.0
2030-03-31 00:15:00,0.0
2030-03-31 00:30:00,0.0
2030-03-31 00:45:00,0.0
2030-03-31 01:00:00,0.0
2030-03-31 01:15:00,0.0
2030-03-31 01:30:00,0.0
2030-03-31 01:45:00,0.0
2030-03-31 02:00:00,0.0
2030-03-31 02:15:00,0.0
2030-03-31 02:30:00,0.0
2030-03-31 02:45:00,0.0
2030-03-31 03:00:00,0.0
2030-03-31 03:15:00,0.0
2030-03-31 03:30:00,0.0
2030-03-31 03:45:00,0.0
2030-03-31 04:00:00,0.0
2030-03-31 04:15:00,0.0
2030-03-31 04:30:00,0.0
2030-03-31 04:45:00,0.0
2030-03-31 05:00:00,0.0
2030-03-31 05:15:00,0.0
2030-03-31 05:30:00,0.0
2030-03-31 05:45:00,0.0
2030-03-31 06:00:00,0.0
2030-03-31 06:15:00,0.0
2030-03-31 06:30:00,0.0
2030-03-31 06:45:00,0.0
2030-03-31 07:00:00,0.0
2030-03-31 07:15:00,0.0
2030-03-31 07:30:00,146.42069769819864
2030-03-31 07:45:00,421.0689010529495
2030-03-31 08:00:00,689.0220321153174
2030-03-31 08:15:00,786.4473624461389
2030-03-31 08:30:00,972.1223030307701
2030-03-31 08:45:00,992.8145607169699
2030-03-31 09:00:00,961.6725079833377
2030-03-31 09:15:00,961.8550610296443
2030-03-31 09:30:00,967.4323590496078
2030-03-31 09:45:00,1040.1925114410005
2030-03-31 10:00:00,1093.45559142813
2030-03-31 10:15:00,1169.5247003619643
2030-03-31 10:30:00,1110.674109405103
2030-03-31 10:45:00,1173.9381774769827
2030-03-31 11:00:00,1094.2421054378174
2030-03-31 11:15:00,1138.4377621651947
2030-03-31 11:30:00,1022.7319664230909
2030-03-31 11:45:00,876.4633633442463
2030-03-31 12:00:00,791.811019295119
2030-03-31 12:15:00,851.0019962650986
2030-03-31 12:30:00,961.7655552365504
2030-03-31 12:45:00,945.3547936178657
2030-03-31 13:00:00,679.5962712564942
2030-03-31 13:15:00,422.88095903720387
2030-03-31 13:30:00,226.92119700865078
2030-03-31 13:45:00,0.0
2030-03-31 14:00:00,0.0
2030-03-31 14:15:00,0.0
2030-03-31 14:30:00,0.0
2030-03-31 14:45:00,0.0
2030-03-31 15:00:00,0.0
2030-03-31 15:15:00,0.0
2030-03-31 15:30:00,0.0
2030-03-31 15:45:00,0.0
2030-03-31 16:00:00,0.0
2030-03-31 16:15:00,0.0
2030-03-31 16:30:00,0.0
2030-03-31 16:45:00,0.0
2030-03-31 17:00:00,0.0
2030-03-31 17:15:00,0.0
2030-03-31 17:30:00,0.0
2030-03-31 17:45:00,0.0
2030-03-31 18:00:00,0.0
2030-03-31 18:15:00,0.0
2030-03-31 18:30:00,0.0
2030-03-31 18:45:00,0.0
2030-03-31 19:00:00,0.0
2030-03-31 19:15:00,0.0
2030-03-31 19:30:00,0.0
2030-03-31 19:45:00,0.0
2030-03-31 20:00:00,0.0
2030-03-31 20:15:00,0.0
2030-03-31 20:30:00,0.0
2030-03-31 20:45:00,0.0
2030-03-31 21:00:00,0.0
2030-03-31 21:15:00,0.0
2030-03-31 21:30:00,0.0
2030-03-31 21:45:00,0.0
2030-03-31 22:00:00,0.0
2030-03-31 22:15:00,0.0
2030-03-31 22:30:00,0.0
2030-03-31 22:45:00,0.0
2030-03-31 23:00:00,0.0
2030-03-31 23:15:00,0.0
2030-03-31 23:30:00,0.0
2030-03-31 23:45:00,0.0
2030-04-01 00:00:00,0.0
2030-04-01 00:15:00,0.0
2030-04-01 00:30:00,0.0
2030-04-01 00:45:00,0.0
2030-04-01 01:00:00,0.0
2030-04-01 01:15:00,0.0
2030-04-01 01:30:00,0.0
2030-04-01 01:45:00,0.0
2030-04-01 02:00:00,0.0
2030-04-01 02:15:00,0.0
2030-04-01 02:30:00,0.0
2030-04-01 02:45:00,0.0
2030-04-01 03:00:00,0.0
2030-04-01 03:15:00,0.0
2030-04-01 03:30:00,0.0
2030-04-01 03:45:00,0.0
2030-04-01 04:00:00,0.0
2030-04-01 04:15:00,0.0
2030-04-01 04:30:00,0.0
2030-04-01 04:45:00,0.0
2030-04-01 05:00:00,0.0
2030-04-01 05:15:00,0.0
2030-04-01 05:30:00,0.0
2030-04-01 05:45:00,0.0
2030-04-01 06:00:00,0.0
2030-04-01 06:15:00,0.0
2030-04-01 06:30:00,0.0
2030-04-01 06:45:00,0.0
2030-04-01 07:00:00,0.0
2030-04-01 07:15:00,0.0
2030-04-01 07:30:00,0.0
2030-04-01 07:45:00,0.0
2030-04-01 08:00:00,0.0
2030-04-01 08:15:00,0.0
2030-04-01 08:30:00,0.0
2030-04-01 08:45:00,0.0
2030-04-01 09:00:00,0.0
2030-04-01 09:15:00,0.0
2030-04-01 09:30:00,0.0
2030-04-01 09:45:00,0.0
2030-04-01 10:00:00,0.0
2030-04-01 10:15:00,0.0
2030-04-01 10:30:00,0.0
2030-04-01 10:45:00,0.0
2030-04-01 11:00:00,0.0
2030-04-01 11:15:00,0.0
2030-04-01 11:30:00,0.0
2030-04-01 11:45:00,0.0
2030-04-01 12:00:00,0.0
2030-04-01 12:15:00,0.0
2030-04-01 12:30:00,0.0
2030-04-01 12:45:00,0.0
2030-04-01 13:00:00,0.0
2030-04-01 13:15:00,0.0
2030-04-01 13:30:00,0.0
2030-04-01 13:45:00,0.0
2030-04-01 14:00:00,0.0
2030-04-01 14:15:00,0.0
2030-04-01 14:30:00,0.0
2030-04-01 14:45:00,0.0
2030-04-01 15:00:00,0.0
2030-04-01 15:15:00,0.0
2030-04-01 15:30:00,0.0
2030-04-01 15:45:00,0.0
2030-04-01 16:00:00,0.0
2030-04-01 16:15:00,0.0
2030-04-01 16:30:00,0.0
2030-04-01 16:45:00,0.0
2030-04-01 17:00:00,0.0
2030-04-01 17:15:00,0.0
2030-04-01 17:30:00,0.0
2030-04-01 17:45:00,0.0
2030-04-01 18:00:00,0.0
2030-04-01 18:15:00,0.0
2030-04-01 18:30:00,0.0
2030-04-01 18:45:00,0.0
2030-04-01 19:00:00,0.0
2030-04-01 19:15:00,0.0
2030-04-01 19:30:00,0.0
2030-04-01 19:45:00,0.0
2030-04-01 20:00:00,0.0
2030-04-01 20:15:00,0.0
2030-04-01 20:30:00,0.0
2030-04-01 20:45:00,0.0
2030-04-01 21:00:00,0.0
2030-04-01 21:15:00,0.0
2030-04-01 21:30:00,0.0
2030-04-01 21:45:00,0.0
2030-04-01 22:00:00,0.0
2030-04-01 22:15:00,0.0
2030-04-01 22:30:00,0.0
2030-04-01 22:45:00,0.0
2030-04-01 23:00:00,0.0
2030-04-01 23:15:00,0.0
2030-04-01 23:30:00,0.0
2030-04-01 23:45:00,0.0
2030-04-02 00:00:00,0.0
2030-04-02 00:15:00,0.0
2030-04-02 00:30:00,0.0
2030-04-02 00:45:00,0.0
2030-04-02 01:00:00,0.0
2030-04-02 01:15:00,0.0
2030-04-02 01:30:00,0.0
2030-04-02 01:45:00,0.0
2030-04-02 02:00:00,0.0
2030-04-02 02:15:00,0.0
2030-04-02 02:30:00,0.0
2030-04-02 02:45:00,0.0
2030-04-02 03:00:00,0.0
2030-04-02 03:15:00,0.0
2030-04-02 03:30:00,0.0
2030-04-02 03:45:00,0.0
2030-04-02 04:00:00,0.0
2030-04-02 04:15:00,0.0
2030-04-02 04:30:00,0.0
2030-04-02 04:45:00,0.0
2030-04-02 05:00:00,0.0
2030-04-02 05:15:00,0.0
2030-04-02 05:30:00,0.0
2030-04-02 05:45:00,0.0
2030-04-02 06:00:00,0.0
2030-04-02 06:15:00,0.0
2030-04-02 06:30:00,0.0
2030-04-02 06:45:00,0.0
2030-04-02 07:00:00,0.0
2030-04-02 07:15:00,0.0
2030-04-02 07:30:00,0.0
2030-04-02 07:45:00,0.0
2030-04-02 08:00:00,0.0
2030-04-02 08:15:00,0.0
2030-04-02 08:30:00,0.0
2030-04-02 08:45:00,0.0
2030-04-02 09:00:00,0.0
2030-04-02 09:15:00,0.0
2030-04-02 09:30:00,0.0
2030-04-02 09:45:00,0.0
2030-04-02 10:00:00,0.0
2030-04-02 10:15:00,0.0
2030-04-02 10:30:00,0.0
2030-04-02 10:45:00,0.0
2030-04-02 11:00:00,0.0
2030-04-02 11:15:00,0.0
2030-04-02 11:30:00,0.0
2030-04-02 11:45:00,0.0
2030-04-02 12:00:00,0.0
2030-04-02 12:15:00,0.0
2030-04-02 12:30:00,0.0
2030-04-02 12:45:00,0.0
2030-04-02 13:00:00,0.0
2030-04-02 13:15:00,0.0
2030-04-02 13:30:00,0.0
2030-04-02 13:45:00,0.0
2030-04-02 14:00:00,0.0
2030-04-02 14:15:00,0.0
2030-04-02 14:30:00,0.0
2030-04-02 14:45:00,0.0
2030-04-02 15:00:00,0.0
2030-04-02 15:15:00,0.0
2030-04-02 15:30:00,0.0
2030-04-02 15:45:00,0.0
2030-04-02 16:00:00,0.0
2030-04-02 16:15:00,0.0
2030-04-02 16:30:00,0.0
2030-04-02 16:45:00,0.0
2030-04-02 17:00:00,0.0
2030-04-02 17:15:00,0.0
2030-04-02 17:30:00,0.0
2030-04-02 17:45:00,0.0
2030-04-02 18:00:00,0.0
2030-04-02 18:15:00,0.0
2030-04-02 18:30:00,0.0
2030-04-02 18:45:00,0.0
2030-04-02 19:00:00,0.0
2030-04-02 19:15:00,0.0
2030-04-02 19:30:00,0.0
2030-04-02 19:45:00,0.0
2030-04-02 20:00:00,0.0
2030-04-02 20:15:00,0.0
2030-04-02 20:30:00,0.0
2030-04-02 20:45:00,0.0
2030-04-02 21:00:00,0.0
2030-04-02 21:15:00,0.0
2030-04-02 21:30:00,0.0
2030-04-02 21:45:00,0.0
2030-04-02 22:00:00,0.0
2030-04-02 22:15:00,0.0
2030-04-02 22:30:00,0.0
2030-04-02 22:45:00,0.0
2030-04-02 23:00:00,0.0
2030-04-02 23:15:00,0.0
2030-04-02 23:30:00,0.0
2030-04-02 23:45:00,0.0
2030-04-03 00:00:00,0.0
2030-04-03 00:15:00,0.0
2030-04-03 00:30:00,0.0
2030-04-03 00:45:00,0.0
2030-04-03 01:00:00,0.0
2030-04-03 01:15:00,0.0
2030-04-03 01:30:00,0.0
2030-04-03 01:45:00,0.0
2030-04-03 02:00:00,0.0
2030-04-03 02:15:00,0.0
2030-04-03 02:30:00,0.0
2030-04-03 02:45:00,0.0
2030-04-03 03:00:00,0.0
2030-04-03 03:15:00,0.0
2030-04-03 03:30:00,0.0
2030-04-03 03:45:00,0.0
2030-04-03 04:00:00,0.0
2030-04-03 04:15:00,0.0
2030-04-03 04:30:00,0.0
2030-04-03 04:45:00,0.0
2030-04-03 05:00:00,0.0
2030-04-03 05:15:00,0.0
2030-04-03 05:30:00,0.0
2030-04-03 05:45:00,0.0
2030-04-03 06:00:00,0.0
2030-04-03 06:15:00,0.0
2030-04-03 06:30:00,0.0
2030-04-03 06:45:00,0.0
2030-04-03 07:00:00,0.0
2030-04-03 07:15:00,0.0
2030-04-03 07:30:00,0.0
2030-04-03 07:45:00,0.0
2030-04-03 08:00:00,0.0
2030-04-03 08:15:00,134.7296923301492
2030-04-03 08:30:00,427.1865051364257
2030-04-03 08:45:00,605.9730608223344
2030-04-03 09:00:00,769.3499195786208
2030-04-03 09:15:00,1025.1350543806911
2030-04-03 09:30:00,1178.6818805712428
2030-04-03 09:45:00,1161.7111035465023
2030-04-03 10:00:00,1026.7258245143203
2030-04-03 10:15:00,1099.402300586149
2030-04-03 10:30:00,1145.317364701179
2030-04-03 10:45:00,1063.4972794761252
2030-04-03 11:00:00,1133.090839183522
2030-04-03 11:15:00,1092.3493741441835
2030-04-03 11:30:00,1114.7911386028718
2030-04-03 11:45:00,1056.860638892138
2030-04-03 12:00:00,1009.0226418616367
2030-04-03 12:15:00,825.4644119851637
2030-04-03 12:30:00,768.6244534725374
2030-04-03 12:45:00,720.2230704633512
2030-04-03 13:00:00,702.2801022521617
2030-04-03 13:15:00,642.2848403864991
2030-04-03 13:30:00,589.5125664036004
2030-04-03 13:45:00,313.7845957538484
2030-04-03 14:00:00,230.48194058237277
2030-04-03 14:15:00,226.20156633971965
2030-04-03 14:30:00,218.11643913339685
2030-04-03 14:45:00,169.9298976874852
2030-04-03 15:00:00,299.94787370203267
2030-04-03 15:15:00,240.81807523309544
2030-04-03 15:30:00,260.46159588472074
2030-04-03 15:45:00,167.58495235102964
2030-04-03 16:00:00,189.29371500227717
2030-04-03 16:15:00,113.56583154093096
2030-04-03 16:30:00,170.28396134388822
2030-04-03 16:45:00,246.90482118697582
2030-04-03 17:00:00,403.2211734527027
2030-04-03 17:15:00,424.3533123645775
2030-04-03 17:30:00,423.5265717214297
2030-04-03 17:45:00,467.88007657968956
2030-04-03 18:00:00,553.7858625070567
2030-04-03 18:15:00,518.6571371395476
2030-04-03 18:30:00,540.2120904438016
2030-04-03 18:45:00,555.5787290112494
2030-04-03 19:00:00,830.8155603914001
2030-04-03 19:15:00,807.0068394517475
2030-04-03 19:30:00,875.561200987886
2030-04-03 19:45:00,738.9549973563717
2030-04-03 20:00:00,567.085499238141
2030-04-03 20:15:00,401.7016823389331
2030-04-03 20:30:00,215.8590027360624
2030-04-03 20:45:00,0.0
2030-04-03 21:00:00,0.0
2030-04-03 21:15:00,0.0
2030-04-03 21:30:00,0.0
2030-04-03 21:45:00,0.0
2030-04-03 22:00:00,0.0
2030-04-03 22:15:00,0.0
2030-04-03 22:30:00,0.0
2030-04-03 22:45:00,0.0
2030-04-03 23:00:00,0.0
2030-04-03 23:15:00,0.0
2030-04-03 23:30:00,0.0
2030-04-03 23:45:00,0.0
2030-04-04 00:00:00,0.0
2030-04-04 00:15:00,0.0
2030-04-04 00:30:00,0.0
2030-04-04 00:45:00,0.0
2030-04-04 01:00:00,0.0
2030-04-04 01:15:00,0.0
2030-04-04 01:30:00,0.0
2030-04-04 01:45:00,0.0
2030-04-04 02:00:00,0.0
2030-04-04 02:15:00,0.0
2030-04-04 02:30:00,0.0
2030-04-04 02:45:00,0.0
2030-04-04 03:00:00,0.0
2030-04-04 03:15:00,0.0
2030-04-04 03:30:00,0.0
2030-04-04 03:45:00,0.0
2030-04-04 04:00:00,0.0
2030-04-04 04:15:00,0.0
2030-04-04 04:30:00,0.0
2030-04-04 04:45:00,0.0
2030-04-04 05:00:00,0.0
2030-04-04 05:15:00,0.0
2030-04-04 05:30:00,0.0
2030-04-04 05:45:00,0.0
2030-04-04 06:00:00,0.0
2030-04-04 06:15:00,0.0
2030-04-04 06:30:00,0.0
2030-04-04 06:45:00,0.0
2030-04-04 07:00:00,0.0
2030-04-04 07:15:00,0.0
2030-04-04 07:30:00,0.0
2030-04-04 07:45:00,0.0
2030-04-04 08:00:00,0.0
2030-04-04 08:15:00,0.0
2030-04-04 08:30:00,0.0
2030-04-04 08:45:00,0.0
2030-04-04 09:00:00,0.0
2030-04-04 09:15:00,0.0
2030-04-04 09:30:00,0.0
2030-04-04 09:45:00,0.0
2030-04-04 10:00:00,0.0
2030-04-04 10:15:00,0.0
2030-04-04 10:30:00,0.0
2030-04-04 10:45:00,0.0
2030-04-04 11:00:00,0.0
2030-04-04 11:15:00,0.0
2030-04-04 11:30:00,0.0
2030-04-04 11:45:00,0.0
2030-04-04 12:00:00,0.0
2030-04-04 12:15:00,0.0
2030-04-04 12:30:00,0.0
2030-04-04 12:45:00,0.0
2030-04-04 13:00:00,0.0
2030-04-04 13:15:00,0.0
2030-04-04 13:30:00,0.0
2030-04-04 13:45:00,0.0
2030-04-04 14:00:00,0.0
2030-04-04 14:15:00,0.0
2030-04-04 14:30:00,0.0
2030-04-04 14:45:00,0.0
2030-04-04 15:00:00,0.0
2030-04-04 15:15:00,0.0
2030-04-04 15:30:00,0.0
2030-04-04 15:45:00,0.0
2030-04-04 16:00:00,0.0
2030-04-04 16:15:00,0.0
2030-04-04 16:30:00,0.0
2030-04-04 16:45:00,0.0
2030-04-04 17:00:00,0.0
2030-04-04 17:15:00,0.0
2030-04-04 17:30:00,0.0
2030-04-04 17:45:00,0.0
2030-04-04 18:00:00,0.0
2030-04-04 18:15:00,0.0
2030-04-04 18:30:00,140.76528828224218
2030-04-04 18:45:00,223.2260781666373
2030-04-04 19:00:00,348.6789293323345
2030-04-04 19:15:00,449.27010694035016
2030-04-04 19:30:00,616.8373894989545
2030-04-04 19:45:00,632.7137849195042
2030-04-04 20:00:00,668.476078424952
2030-04-04 20:15:00,686.8349727526711
2030-04-04 20:30:00,617.9313482367979
2030-04-04 20:45:00,434.8796044513547
2030-04-04 21:00:00,284.63394467343096
2030-04-04 21:15:00,79.35101388657131
2030-04-04 21:30:00,0.0
2030-04-04 21:45:00,0.0
2030-04-04 22:00:00,0.0
2030-04-04 22:15:00,0.0
2030-04-04 22:30:00,0.0
2030-04-04 22:45:00,0.0
2030-04-04 23:00:00,0.0
2030-04-04 23:15:00,0.0
2030-04-04 23:30:00,0.0
2030-04-04 23:45:00,0.0
2030-04-05 00:00:00,0.0
2030-04-05 00:15:00,0.0
2030-04-05 00:30:00,0.0
2030-04-05 00:45:00,0.0
2030-04-05 01:00:00,0.0
2030-04-05 01:15:00,0.0
2030-04-05 01:30:00,0.0
2030-04-05 01:45:00,0.0
2030-04-05 02:00:00,0.0
2030-04-05 02:15:00,0.0
2030-04-05 02:30:00,0.0
2030-04-05 02:45:00,0.0
2030-04-05 03:00:00,0.0
2030-04-05 03:15:00,0.0
2030-04-05 03:30:00,0.0
2030-04-05 03:45:00,0.0
2030-04-05 04:00:00,0.0
2030-04-05 04:15:00,0.0
2030-04-05 04:30:00,0.0
2030-04-05 04:45:00,0.0
2030-04-05 05:00:00,0.0
2030-04-05 05:15:00,0.0
2030-04-05 05:30:00,0.0
2030-04-05 05:45:00,0.0
2030-04-05 06:00:00,0.0
2030-04-05 06:15:00,0.0
2030-04-05 06:30:00,0.0
2030-04-05 06:45:00,0.0
2030-04-05 07:00:00,0.0
2030-04-05 07:15:00,345.14416346176586
2030-04-05 07:30:00,608.7434137099153
2030-04-05 07:45:00,794.6882602360893
2030-04-05 08:00:00,937.7286524212886
2030-04-05 08:15:00,1098.2406586782708
2030-04-05 08:30:00,1250.0676729146835
2030-04-05 08:45:00,1391.2602080271608
2030-04-05 09:00:00,1430.7487530880626
2030-04-05 09:15:00,1411.5800688760773
2030-04-05 09:30:00,1451.950707443808
2030-04-05 09:45:00,1495.779910647163
2030-04-05 10:00:00,1521.9277756346746
2030-04-05 10:15:00,1516.7946806152322
2030-04-05 10:30:00,1555.6033134713052
2030-04-05 10:45:00,1520.4477263219815
2030-04-05 11:00:00,1472.16528526408
2030-04-05 11:15:00,1365.4682782996897
2030-04-05 11:30:00,1369.580979748156
2030-04-05 11:45:00,1218.5880971561455
2030-04-05 12:00:00,1018.0005591247664
2030-04-05 12:15:00,828.0113826022189
2030-04-05 12:30:00,755.0604806770971
2030-04-05 12:45:00,528.8715529037272
2030-04-05 13:00:00,352.83579886452935
2030-04-05 13:15:00,185.305858185322
2030-04-05 13:30:00,141.74357982191395
2030-04-05 13:45:00,0.0
2030-04-05 14:00:00,0.0
2030-04-05 14:15:00,0.0
2030-04-05 14:30:00,0.0
2030-04-05 14:45:00,0.0
2030-04-05 15:00:00,0.0
2030-04-05 15:15:00,0.0
2030-04-05 15:30:00,0.0
2030-04-05 15:45:00,0.0
2030-04-05 16:00:00,0.0
2030-04-05 16:15:00,0.0
2030-04-05 16:30:00,0.0
2030-04-05 16:45:00,0.0
2030-04-05 17:00:00,0.0
2030-04-05 17:15:00,0.0
2030-04-05 17:30:00,0.0
2030-04-05 17:45:00,0.0
2030-04-05 18:00:00,0.0
2030-04-05 18:15:00,0.0
2030-04-05 18:30:00,0.0
2030-04-05 18:45:00,0.0
2030-04-05 19:00:00,0.0
2030-04-05 19:15:00,0.0
2030-04-05 19:30:00,0.0
2030-04-05 19:45:00,0.0
2030-04-05 20:00:00,0.0
2030-04-05 20:15:00,0.0
2030-04-05 20:30:00,0.0
2030-04-05 20:45:00,0.0
2030-04-05 21:00:00,0.0
2030-04-05 21:15:00,0.0
2030-04-05 21:30:00,0.0
2030-04-05 21:45:00,0.0
2030-04-05 22:00:00,0.0
2030-04-05 22:15:00,0.0
2030-04-05 22:30:00,0.0
2030-04-05 22:45:00,0.0
2030-04-05 23:00:00,0.0
2030-04-05 23:15:00,0.0
2030-04-05 23:30:00,0.0
2030-04-05 23:45:00,0.0
2030-04-06 00:00:00,0.0
2030-04-06 00:15:00,0.0
2030-04-06 00:30:00,0.0
2030-04-06 00:45:00,0.0
2030-04-06 01:00:00,0.0
2030-04-06 01:15:00,0.0
2030-04-06 01:30:00,0.0
2030-04-06 01:45:00,0.0
2030-04-06 02:00:00,0.0
2030-04-06 02:15:00,0.0
2030-04-06 02:30:00,0.0
2030-04-06 02:45:00,0.0
2030-04-06 03:00:00,0.0
2030-04-06 03:15:00,0.0
2030-04-06 03:30:00,0.0
2030-04-06 03:45:00,0.0
2030-04-06 04:00:00,0.0
2030-04-06 04:15:00,0.0
2030-04-06 04:30:00,0.0
2030-04-06 04:45:00,0.0
2030-04-06 05:00:00,0.0
2030-04-06 05:15:00,0.0
2030-04-06 05:30:00,0.0
2030-04-06 05:45:00,0.0
2030-04-06 06:00:00,0.0
2030-04-06 06:15:00,0.0
2030-04-06 06:30:00,0.0
2030-04-06 06:45:00,0.0
2030-04-06 07:00:00,0.0
2030-04-06 07:15:00,0.0
2030-04-06 07:30:00,0.0
2030-04-06 07:45:00,0.0
2030-04-06 08:00:00,0.0
2030-04-06 08:15:00,0.0
2030-04-06 08:30:00,0.0
2030-04-06 08:45:00,0.0
2030-04-06 09:00:00,0.0
2030-04-06 09:15:00,0.0
2030-04-06 09:30:00,0.0
2030-04-06 09:45:00,0.0
2030-04-06 10:00:00,0.0
2030-04-06 10:15:00,0.0
2030-04-06 10:30:00,0.0
2030-04-06 10:45:00,0.0
2030-04-06 11:00:00,0.0
2030-04-06 11:15:00,0.0
2030-04-06 11:30:00,0.0
2030-04-06 11:45:00,0.0
2030-04-06 12:00:00,0.0
2030-04-06 12:15:00,0.0
2030-04-06 12:30:00,0.0
2030-04-06 12:45:00,0.0
2030-04-06 13:00:00,0.0
2030-04-06 13:15:00,0.0
2030-04-06 13:30:00,0.0
2030-04-06 13:45:00,0.0
2030-04-06 14:00:00,0.0
2030-04-06 14:15:00,0.0
2030-04-06 14:30:00,0.0
2030-04-06 14:45:00,0.0
2030-04-06 15:00:00,0.0
2030-04-06 15:15:00,0.0
2030-04-06 15:30:00,0.0
2030-04-06 15:45:00,0.0
2030-04-06 16:00:00,0.0
2030-04-06 16:15:00,0.0
2030-04-06 16:30:00,0.0
2030-04-06 16:45:00,0.0
2030-04-06 17:00:00,0.0
2030-04-06 17:15:00,0.0
2030-04-06 17:30:00,0.0
2030-04-06 17:45:00,0.0
2030-04-06 18:00:00,0.0
2030-04-06 18:15:00,0.0
2030-04-06 18:30:00,0.0
2030-04-06 18:45:00,0.0
2030-04-06 19:00:00,0.0
2030-04-06 19:15:00,0.0
2030-04-06 19:30:00,0.0
2030-04-06 19:45:00,0.0
2030-04-06 20:00:00,0.0
2030-04-06 20:15:00,0.0
2030-04-06 20:30:00,0.0
2030-04-06 20:45:00,0.0
2030-04-06 21:00:00,0.0
2030-04-06 21:15:00,0.0
2030-04-06 21:30:00,0.0
2030-04-06 21:45:00,0.0
2030-04-06 22:00:00,0.0
2030-04-06 22:15:00,0.0
2030-04-06 22:30:00,0.0
2030-04-06 22:45:00,0.0
2030-04-06 23:00:00,0.0
2030-04-06 23:15:00,0.0
2030-04-06 23:30:00,0.0
2030-04-06 23:45:00,0.0
2030-04-07 00:00:00,0.0
2030-04-07 00:15:00,0.0
2030-04-07 00:30:00,0.0
2030-04-07 00:45:00,0.0
2030-04-07 01:00:00,0.0
2030-04-07 01:15:00,0.0
2030-04-07 01:30:00,0.0
2030-04-07 01:45:00,0.0
2030-04-07 02:00:00,0.0
2030-04-07 02:15:00,0.0
2030-04-07 02:30:00,0.0
2030-04-07 02:45:00,0.0
2030-04-07 03:00:00,0.0
2030-04-07 03:15:00,0.0
2030-04-07 03:30:00,0.0
2030-04-07 03:45:00,0.0
2030-04-07 04:00:00,0.0
2030-04-07 04:15:00,0.0
2030-04-07 04:30:00,0.0
2030-04-07 04:45:00,0.0
2030-04-07 05:00:00,0.0
2030-04-07 05:15:00,0.0
2030-04-07 05:30:00,0.0
2030-04-07 05:45:00,0.0
2030-04-07 06:00:00,0.0
2030-04-07 06:15:00,0.0
2030-04-07 06:30:00,0.0
2030-04-07 06:45:00,0.0
2030-04-07 07:00:00,0.0
2030-04-07 07:15:00,0.0
2030-04-07 07:30:00,0.0
2030-04-07 07:45:00,0.0
2030-04-07 08:00:00,0.0
2030-04-07 08:15:00,0.0
2030-04-07 08:30:00,0.0
2030-04-07 08:45:00,0.0
2030-04-07 09:00:00,0.0
2030-04-07 09:15:00,0.0
2030-04-07 09:30:00,0.0
2030-04-07 09:45:00,0.0
2030-04-07 10:00:00,0.0
2030-04-07 10:15:00,0.0
2030-04-07 10:30:00,0.0
2030-04-07 10:45:00,0.0
2030-04-07 11:00:00,0.0
2030-04-07 11:15:00,0.0
2030-04-07 11:30:00,0.0
2030-04-07 11:45:00,0.0
2030-04-07 12:00:00,0.0
2030-04-07 12:15:00,0.0
2030-04-07 12:30:00,0.0
2030-04-07 12:45:00,0.0
2030-04-07 13:00:00,0.0
2030-04-07 13:15:00,0.0
2030-04-07 13:30:00,0.0
2030-04-07 13:45:00,0.0
2030-04-07 14:00:00,0.0
2030-04-07 14:15:00,0.0
2030-04-07 14:30:00,0.0
2030-04-07 14:45:00,0.0
2030-04-07 15:00:00,0.0
2030-04-07 15:15:00,0.0
2030-04-07 15:30:00,0.0
2030-04-07 15:45:00,0.0
2030-04-07 16:00:00,0.0
2030-04-07 16:15:00,0.0
2030-04-07 16:30:00,0.0
2030-04-07 16:45:00,0.0
2030-04-07 17:00:00,0.0
2030-04-07 17:15:00,0.0
2030-04-07 17:30:00,0.0
2030-04-07 17:45:00,0.0
2030-04-07 18:00:00,0.0
2030-04-07 18:15:00,0.0
2030-04-07 18:30:00,0.0
2030-04-07 18:45:00,0.0
2030-04-07 19:00:00,0.0
2030-04-07 19:15:00,0.0
2030-04-07 19:30:00,0.0
2030-04-07 19:45:00,0.0
2030-04-07 20:00:00,0.0
2030-04-07 20:15:00,0.0
2030-04-07 20:30:00,0.0
2030-04-07 20:45:00,0.0
2030-04-07 21:00:00,0.0
2030-04-07 21:15:00,0.0
2030-04-07 21:30:00,0.0
2030-04-07 21:45:00,0.0
2030-04-07 22:00:00,0.0
2030-04-07 22:15:00,0.0
2030-04-07 22:30:00,0.0
2030-04-07 22:45:00,0.0
2030-04-07 23:00:00,0.0
2030-04-07 23:15:00,0.0
2030-04-07 23:30:00,0.0
2030-04-07 23:45:00,0.0
2030-04-08 00:00:00,0.0
2030-04-08 00:15:00,0.0
2030-04-08 00:30:00,0.0
2030-04-08 00:45:00,0.0
2030-04-08 01:00:00,0.0
2030-04-08 01:15:00,0.0
2030-04-08 01:30:00,0.0
2030-04-08 01:45:00,0.0
2030-04-08 02:00:00,0.0
2030-04-08 02:15:00,0.0
2030-04-08 02:30:00,0.0
2030-04-08 02:45:00,0.0
2030-04-08 03:00:00,0.0
2030-04-08 03:15:00,0.0
2030-04-08 03:30:00,0.0
2030-04-08 03:45:00,0.0
2030-04-08 04:00:00,0.0
2030-04-08 04:15:00,0.0
2030-04-08 04:30:00,0.0
2030-04-08 04:45:00,0.0
2030-04-08 05:00:00,0.0
2030-04-08 05:15:00,0.0
2030-04-08 05:30:00,0.0
2030-04-08 05:45:00,0.0
2030-04-08 06:00:00,0.0
2030-04-08 06:15:00,0.0
2030-04-08 06:30:00,0.0
2030-04-08 06:45:00,0.0
2030-04-08 07:00:00,0.0
2030-04-08 07:15:00,0.0
2030-04-08 07:30:00,0.0
2030-04-08 07:45:00,0.0
2030-04-08 08:00:00,0.0
2030-04-08 08:15:00,0.0
2030-04-08 08:30:00,0.0
2030-04-08 08:45:00,0.0
2030-04-08 09:00:00,0.0
2030-04-08 09:15:00,0.0
2030-04-08 09:30:00,0.0
2030-04-08 09:45:00,0.0
2030-04-08 10:00:00,0.0
2030-04-08 10:15:00,0.0
2030-04-08 10:30:00,0.0
2030-04-08 10:45:00,0.0
2030-04-08 11:00:00,0.0
2030-04-08 11:15:00,0.0
2030-04-08 11:30:00,0.0
2030-04-08 11:45:00,0.0
2030-04-08 12:00:00,0.0
2030-04-08 12:15:00,0.0
2030-04-08 12:30:00,0.0
2030-04-08 12:45:00,0.0
2030-04-08 13:00:00,0.0
2030-04-08 13:15:00,0.0
2030-04-08 13:30:00,0.0
2030-04-08 13:45:00,0.0
2030-04-08 14:00:00,0.0
2030-04-08 14:15:00,0.0
2030-04-08 14:30:00,0.0
2030-04-08 14:45:00,0.0
2030-04-08 15:00:00,0.0
2030-04-08 15:15:00,0.0
2030-04-08 15:30:00,0.0
2030-04-08 15:45:00,0.0
2030-04-08 16:00:00,0.0
2030-04-08 16:15:00,0.0
2030-04-08 16:30:00,0.0
2030-04-08 16:45:00,0.0
2030-04-08 17:00:00,0.0
2030-04-08 17:15:00,0.0
2030-04-08 17:30:00,0.0
2030-04-08 17:45:00,0.0
2030-04-08 18:00:00,0.0
2030-04-08 18:15:00,0.0
2030-04-08 18:30:00,0.0
2030-04-08 18:45:00,0.0
2030-04-08 19:00:00,0.0
2030-04-08 19:15:00,0.0
2030-04-08 19:30:00,0.0
2030-04-08 19:45:00,0.0
2030-04-08 20:00:00,0.0
2030-04-08 20:15:00,0.0
2030-04-08 20:30:00,0.0
2030-04-08 20:45:00,0.0
2030-04-08 21:00:00,0.0
2030-04-08 21:15:00,0.0
2030-04-08 21:30:00,0.0
2030-04-08 21:45:00,0.0
2030-04-08 22:00:00,0.0
2030-04-08 22:15:00,0.0
2030-04-08 22:30:00,0.0
2030-04-08 22:45:00,0.0
2030-04-08 23:00:00,0.0
2030-04-08 23:15:00,0.0
2030-04-08 23:30:00,0.0
2030-04-08 23:45:00,0.0
2030-04-09 00:00:00,0.0
2030-04-09 00:15:00,0.0
2030-04-09 00:30:00,0.0
2030-04-09 00:45:00,0.0
2030-04-09 01:00:00,0.0
2030-04-09 01:15:00,0.0
2030-04-09 01:30:00,0.0
2030-04-09 01:45:00,0.0
2030-04-09 02:00:00,0.0
2030-04-09 02:15:00,0.0
2030-04-09 02:30:00,0.0
2030-04-09 02:45:00,0.0
2030-04-09 03:00:00,0.0
2030-04-09 03:15:00,0.0
2030-04-09 03:30:00,0.0
2030-04-09 03:45:00,0.0
2030-04-09 04:00:00,0.0
2030-04-09 04:15:00,0.0
2030-04-09 04:30:00,0.0
2030-04-09 04:45:00,0.0
2030-04-09 05:00:00,0.0
2030-04-09 05:15:00,0.0
2030-04-09 05:30:00,0.0
2030-04-09 05:45:00,0.0
2030-04-09 06:00:00,0.0
2030-04-09 06:15:00,0.0
2030-04-09 06:30:00,0.0
2030-04-09 06:45:00,0.0
2030-04-09 07:00:00,0.0
2030-04-09 07:15:00,0.0
2030-04-09 07:30:00,0.0
2030-04-09 07:45:00,0.0
2030-04-09 08:00:00,0.0
2030-04-09 08:15:00,0.0
2030-04-09 08:30:00,0.0
2030-04-09 08:45:00,0.0
2030-04-09 09:00:00,0.0
2030-04-09 09:15:00,0.0
2030-04-09 09:30:00,0.0
2030-04-09 09:45:00,0.0
2030-04-09 10:00:00,0.0
2030-04-09 10:15:00,0.0
2030-04-09 10:30:00,0.0
2030-04-09 10:45:00,0.0
2030-04-09 11:00:00,0.0
2030-04-09 11:15:00,0.0
2030-04-09 11:30:00,0.0
2030-04-09 11:45:00,0.0
2030-04-09 12:00:00,0.0
2030-04-09 12:15:00,0.0
2030-04-09 12:30:00,0.0
2030-04-09 12:45:00,0.0
2030-04-09 13:00:00,0.0
2030-04-09 13:15:00,0.0
2030-04-09 13:30:00,0.0
2030-04-09 13:45:00,0.0
2030-04-09 14:00:00,0.0
2030-04-09 14:15:00,0.0
2030-04-09 14:30:00,0.0
2030-04-09 14:45:00,0.0
2030-04-09 15:00:00,0.0
2030-04-09 15:15:00,0.0
2030-04-09 15:30:00,0.0
2030-04-09 15:45:00,0.0
2030-04-09 16:00:00,0.0
2030-04-09 16:15:00,0.0
2030-04-09 16:30:00,0.0
2030-04-09 16:45:00,0.0
2030-04-09 17:00:00,0.0
2030-04-09 17:15:00,0.0
2030-04-09 17:30:00,0.0
2030-04-09 17:45:00,0.0
2030-04-09 18:00:00,0.0
2030-04-09 18:15:00,0.0
2030-04-09 18:30:00,0.0
2030-04-09 18:45:00,0.0
2030-04-09 19:00:00,0.0
2030-04-09 19:15:00,0.0
2030-04-09 19:30:00,0.0
2030-04-09 19:45:00,0.0
2030-04-09 20:00:00,0.0
2030-04-09 20:15:00,0.0
2030-04-09 20:30:00,0.0
2030-04-09 20:45:00,0.0
2030-04-09 21:00:00,0.0
2030-04-09 21:15:00,0.0
2030-04-09 21:30:00,0.0
2030-04-09 21:45:00,0.0
2030-04-09 22:00:00,0.0
2030-04-09 22:15:00,0.0
2030-04-09 22:30:00,0.0
2030-04-09 22:45:00,0.0
2030-04-09 23:00:00,0.0
2030-04-09 23:15:00,0.0
2030-04-09 23:30:00,0.0
2030-04-09 23:45:00,0.0
2030-04-10 00:00:00,0.0
2030-04-10 00:15:00,0.0
2030-04-10 00:30:00,0.0
2030-04-10 00:45:00,0.0
2030-04-10 01:00:00,0.0
2030-04-10 01:15:00,0.0
2030-04-10 01:30:00,0.0
2030-04-10 01:45:00,0.0
2030-04-10 02:00:00,0.0
2030-04-10 02:15:00,0.0
2030-04-10 02:30:00,0.0
2030-04-10 02:45:00,0.0
2030-04-10 03:00:00,0.0
2030-04-10 03:15:00,0.0
2030-04-10 03:30:00,0.0
2030-04-10 03:45:00,0.0
2030-04-10 04:00:00,0.0
2030-04-10 04:15:00,0.0
2030-04-10 04:30:00,0.0
2030-04-10 04:45:00,0.0
2030-04-10 05:00:00,0.0
2030-04-10 05:15:00,0.0
2030-04-10 05:30:00,0.0
2030-04-10 05:45:00,0.0
2030-04-10 06:00:00,0.0
2030-04-10 06:15:00,0.0
2030-04-10 06:30:00,0.0
2030-04-10 06:45:00,0.0
2030-04-10 07:00:00,0.0
2030-04-10 07:15:00,0.0
2030-04-10 07:30:00,0.0
2030-04-10 07:45:00,0.0
2030-04-10 08:00:00,0.0
2030-04-10 08:15:00,0.0
2030-04-10 08:30:00,0.0
2030-04-10 08:45:00,0.0
2030-04-10 09:00:00,0.0
2030-04-10 09:15:00,0.0
2030-04-10 09:30:00,0.0
2030-04-10 09:45:00,0.0
2030-04-10 10:00:00,0.0
2030-04-10 10:15:00,0.0
2030-04-10 10:30:00,0.0
2030-04-10 10:45:00,0.0
2030-04-10 11:00:00,0.0
2030-04-10 11:15:00,0.0
2030-04-10 11:30:00,0.0
2030-04-10 11:45:00,0.0
2030-04-10 12:00:00,0.0
2030-04-10 12:15:00,0.0
2030-04-10 12:30:00,0.0
2030-04-10 12:45:00,0.0
2030-04-10 13:00:00,0.0
2030-04-10 13:15:00,0.0
2030-04-10 13:30:00,0.0
2030-04-10 13:45:00,0.0
2030-04-10 14:00:00,0.0
2030-04-10 14:15:00,0.0
2030-04-10 14:30:00,0.0
2030-04-10 14:45:00,0.0
2030-04-10 15:00:00,0.0
2030-04-10 15:15:00,0.0
2030-04-10 15:30:00,0.0
2030-04-10 15:45:00,0.0
2030-04-10 16:00:00,0.0
2030-04-10 16:15:00,0.0
2030-04-10 16:30:00,0.0
2030-04-10 16:45:00,0.0
2030-04-10 17:00:00,0.0
2030-04-10 17:15:00,0.0
2030-04-10 17:30:00,0.0
2030-04-10 17:45:00,0.0
2030-04-10 18:00:00,0.0
2030-04-10 18:15:00,0.0
2030-04-10 18:30:00,0.0
2030-04-10 18:45:00,0.0
2030-04-10 19:00:00,0.0
2030-04-10 19:15:00,0.0
2030-04-10 19:30:00,0.0
2030-04-10 19:45:00,0.0
2030-04-10 20:00:00,0.0
2030-04-10 20:15:00,0.0
2030-04-10 20:30:00,0.0
2030-04-10 20:45:00,0.0
2030-04-10 21:00:00,0.0
2030-04-10 21:15:00,0.0
2030-04-10 21:30:00,0.0
2030-04-10 21:45:00,0.0
2030-04-10 22:00:00,0.0
2030-04-10 22:15:00,0.0
2030-04-10 22:30:00,0.0
2030-04-10 22:45:00,0.0
2030-04-10 23:00:00,0.0
2030-04-10 23:15:00,0.0
2030-04-10 23:30:00,0.0
2030-04-10 23:45:00,0.0
2030-04-11 00:00:00,0.0
2030-04-11 00:15:00,0.0
2030-04-11 00:30:00,0.0
2030-04-11 00:45:00,0.0
2030-04-11 01:00:00,0.0
2030-04-11 01:15:00,0.0
2030-04-11 01:30:00,0.0
2030-04-11 01:45:00,0.0
2030-04-11 02:00:00,0.0
2030-04-11 02:15:00,0.0
2030-04-11 02:30:00,0.0
2030-04-11 02:45:00,0.0
2030-04-11 03:00:00,0.0
2030-04-11 03:15:00,0.0
2030-04-11 03:30:00,0.0
2030-04-11 03:45:00,0.0
2030-04-11 04:00:00,0.0
2030-04-11 04:15:00,0.0
2030-04-11 04:30:00,0.0
2030-04-11 04:45:00,0.0
2030-04-11 05:00:00,0.0
2030-04-11 05:15:00,0.0
2030-04-11 05:30:00,0.0
2030-04-11 05:45:00,0.0
2030-04-11 06:00:00,0.0
2030-04-11 06:15:00,0.0
2030-04-11 06:30:00,0.0
2030-04-11 06:45:00,0.0
2030-04-11 07:00:00,0.0
2030-04-11 07:15:00,0.0
2030-04-11 07:30:00,0.0
2030-04-11 07:45:00,0.0
2030-04-11 08:00:00,0.0
2030-04-11 08:15:00,0.0
2030-04-11 08:30:00,0.0
2030-04-11 08:45:00,0.0
2030-04-11 09:00:00,0.0
2030-04-11 09:15:00,0.0
2030-04-11 09:30:00,0.0
2030-04-11 09:45:00,0.0
2030-04-11 10:00:00,0.0
2030-04-11 10:15:00,0.0
2030-04-11 10:30:00,0.0
2030-04-11 10:45:00,0.0
2030-04-11 11:00:00,0.0
2030-04-11 11:15:00,0.0
2030-04-11 11:30:00,0.0
2030-04-11 11:45:00,0.0
2030-04-11 12:00:00,0.0
2030-04-11 12:15:00,0.0
2030-04-11 12:30:00,0.0
2030-04-11 12:45:00,0.0
2030-04-11 13:00:00,0.0
2030-04-11 13:15:00,0.0
2030-04-11 13:30:00,0.0
2030-04-11 13:45:00,0.0
2030-04-11 14:00:00,0.0
2030-04-11 14:15:00,0.0
2030-04-11 14:30:00,0.0
2030-04-11 14:45:00,0.0
2030-04-11 15:00:00,0.0
2030-04-11 15:15:00,0.0
2030-04-11 15:30:00,0.0
2030-04-11 15:45:00,0.0
2030-04-11 16:00:00,0.0
2030-04-11 16:15:00,0.0
2030-04-11 16:30:00,0.0
2030-04-11 16:45:00,0.0
2030-04-11 17:00:00,0.0
2030-04-11 17:15:00,0.0
2030-04-11 17:30:00,0.0
2030-04-11 17:45:00,0.0
2030-04-11 18:00:00,0.0
2030-04-11 18:15:00,0.0
2030-04-11 18:30:00,0.0
2030-04-11 18:45:00,0.0
2030-04-11 19:00:00,0.0
2030-04-11 19:15:00,0.0
2030-04-11 19:30:00,0.0
2030-04-11 19:45:00,0.0
2030-04-11 20:00:00,0.0
2030-04-11 20:15:00,0.0
2030-04-11 20:30:00,0.0
2030-04-11 20:45:00,0.0
2030-04-11 21:00:00,0.0
2030-04-11 21:15:00,0.0
2030-04-11 21:30:00,0.0
2030-04-11 21:45:00,0.0
2030-04-11 22:00:00,0.0
2030-04-11 22:15:00,0.0
2030-04-11 22:30:00,0.0
2030-04-11 22:45:00,0.0
2030-04-11 23:00:00,0.0
2030-04-11 23:15:00,0.0
2030-04-11 23:30:00,0.0
2030-04-11 23:45:00,0.0
2030-04-12 00:00:00,0.0
2030-04-12 00:15:00,0.0
2030-04-12 00:30:00,0.0
2030-04-12 00:45:00,0.0
2030-04-12 01:00:00,0.0
2030-04-12 01:15:00,0.0
2030-04-12 01:30:00,0.0
2030-04-12 01:45:00,0.0
2030-04-12 02:00:00,0.0
2030-04-12 02:15:00,0.0
2030-04-12 02:30:00,0.0
2030-04-12 02:45:00,0.0
2030-04-12 03:00:00,0.0
2030-04-12 03:15:00,0.0
2030-04-12 03:30:00,0.0
2030-04-12 03:45:00,0.0
2030-04-12 04:00:00,0.0
2030-04-12 04:15:00,0.0
2030-04-12 04:30:00,0.0
2030-04-12 04:45:00,0.0
2030-04-12 05:00:00,0.0
2030-04-12 05:15:00,0.0
2030-04-12 05:30:00,0.0
2030-04-12 05:45:00,0.0
2030-04-12 06:00:00,0.0
2030-04-12 06:15:00,0.0
2030-04-12 06:30:00,0.0
2030-04-12 06:45:00,0.0
2030-04-12 07:00:00,0.0
2030-04-12 07:15:00,0.0
2030-04-12 07:30:00,0.0
2030-04-12 07:45:00,0.0
2030-04-12 08:00:00,103.20001565257007
2030-04-12 08:15:00,312.5234563522845
2030-04-12 08:30:00,386.94777004743446
2030-04-12 08:45:00,463.16317206450185
2030-04-12 09:00:00,417.7073568226151
2030-04-12 09:15:00,632.8858073322372
2030-04-12 09:30:00,785.8283755625107
2030-04-12 09:45:00,940.5602353379472
2030-04-12 10:00:00,1077.1873447744802
2030-04-12 10:15:00,1218.2456150640392
2030-04-12 10:30:00,1275.2430014276833
2030-04-12 10:45:00,1370.8294363393306
2030-04-12 11:00:00,1556.5745630650545
2030-04-12 11:15:00,1567.3502204121378
2030-04-12 11:30:00,1744.2179691121419
2030-04-12 11:45:00,1678.7524842187631
2030-04-12 12:00:00,1563.2672747438664
2030-04-12 12:15:00,1394.8193873040618
2030-04-12 12:30:00,1434.8405142575612
2030-04-12 12:45:00,1392.9965246601005
2030-04-12 13:00:00,1323.2720334050373
2030-04-12 13:15:00,1201.1774941046224
2030-04-12 13:30:00,962.1060193718367
2030-04-12 13:45:00,744.5857208447997
2030-04-12 14:00:00,633.9754324246132
2030-04-12 14:15:00,497.9824002502519
2030-04-12 14:30:00,283.77382805377965
2030-04-12 14:45:00,244.5483121397665
2030-04-12 15:00:00,184.23547374023474
2030-04-12 15:15:00,83.9646183404002
2030-04-12 15:30:00,0.0
2030-04-12 15:45:00,0.0
2030-04-12 16:00:00,0.0
2030-04-12 16:15:00,0.0
2030-04-12 16:30:00,0.0
2030-04-12 16:45:00,0.0
2030-04-12 17:00:00,0.0
2030-04-12 17:15:00,0.0
2030-04-12 17:30:00,0.0
2030-04-12 17:45:00,0.0
2030-04-12 18:00:00,0.0
2030-04-12 18:15:00,0.0
2030-04-12 18:30:00,0.0
2030-04-12 18:45:00,0.0
2030-04-12 19:00:00,0.0
2030-04-12 19:15:00,0.0
2030-04-12 19:30:00,0.0
2030-04-12 19:45:00,0.0
2030-04-12 20:00:00,0.0
2030-04-12 20:15:00,0.0
2030-04-12 20:30:00,0.0
2030-04-12 20:45:00,0.0
2030-04-12 21:00:00,0.0
2030-04-12 21:15:00,0.0
2030-04-12 21:30:00,0.0
2030-04-12 21:45:00,0.0
2030-04-12 22:00:00,0.0
2030-04-12 22:15:00,0.0
2030-04-12 22:30:00,0.0
2030-04-12 22:45:00,0.0
2030-04-12 23:00:00,0.0
2030-04-12 23:15:00,0.0
2030-04-12 23:30:00,0.0
2030-04-12 23:45:00,0.0
2030-04-13 00:00:00,0.0
2030-04-13 00:15:00,0.0
2030-04-13 00:30:00,0.0
2030-04-13 00:45:00,0.0
2030-04-13 01:00:00,0.0
2030-04-13 01:15:00,0.0
2030-04-13 01:30:00,0.0
2030-04-13 01:45:00,0.0
2030-04-13 02:00:00,0.0
2030-04-13 02:15:00,0.0
2030-04-13 02:30:00,0.0
2030-04-13 02:45:00,0.0
2030-04-13 03:00:00,0.0
2030-04-13 03:15:00,0.0
2030-04-13 03:30:00,0.0
2030-04-13 03:45:00,0.0
2030-04-13 04:00:00,0.0
2030-04-13 04:15:00,0.0
2030-04-13 04:30:00,0.0
2030-04-13 04:45:00,0.0
2030-04-13 05:00:00,0.0
2030-04-13 05:15:00,0.0
2030-04-13 05:30:00,0.0
2030-04-13 05:45:00,0.0
2030-04-13 06:00:00,0.0
2030-04-13 06:15:00,0.0
2030-04-13 06:30:00,0.0
2030-04-13 06:45:00,0.0
2030-04-13 07:00:00,0.0
2030-04-13 07:15:00,0.0
2030-04-13 07:30:00,0.0
2030-04-13 07:45:00,188.5003038653631
2030-04-13 08:00:00,496.05680173462315
2030-04-13 08:15:00,817.9239325983217
2030-04-13 08:30:00,977.1262809183863
2030-04-13 08:45:00,932.651136835897
2030-04-13 09:00:00,1009.742367424964
2030-04-13 09:15:00,1133.926494836789
2030-04-13 09:30:00,1248.7587801521659
2030-04-13 09:45:00,1291.3359075997523
2030-04-13 10:00:00,1464.434989827796
2030-04-13 10:15:00,1640.9379891698482
2030-04-13 10:30:00,1656.8100754927182
2030-04-13 10:45:00,1735.5080022324928
2030-04-13 11:00:00,1548.441618529474
2030-04-13 11:15:00,1499.1418572025705
2030-04-13 11:30:00,1601.2443481627088
2030-04-13 11:45:00,1386.4373184041215
2030-04-13 12:00:00,1274.4084967845247
2030-04-13 12:15:00,1224.3365068423554
2030-04-13 12:30:00,1136.6964302009874
2030-04-13 12:45:00,1151.1517087811462
2030-04-13 13:00:00,1081.0100769420624
2030-04-13 13:15:00,936.0701736815518
2030-04-13 13:30:00,705.2143567346357
2030-04-13 13:45:00,446.7567883578904
2030-04-13 14:00:00,130.73130455906357
2030-04-13 14:15:00,45.735156839606134
2030-04-13 14:30:00,0.0
2030-04-13 14:45:00,0.0
2030-04-13 15:00:00,0.0
2030-04-13 15:15:00,0.0
2030-04-13 15:30:00,0.0
2030-04-13 15:45:00,0.0
2030-04-13 16:00:00,0.0
2030-04-13 16:15:00,0.0
2030-04-13 16:30:00,0.0
2030-04-13 16:45:00,0.0
2030-04-13 17:00:00,0.0
2030-04-13 17:15:00,0.0
2030-04-13 17:30:00,0.0
2030-04-13 17:45:00,0.0
2030-04-13 18:00:00,0.0
2030-04-13 18:15:00,0.0
2030-04-13 18:30:00,0.0
2030-04-13 18:45:00,0.0
2030-04-13 19:00:00,0.0
2030-04-13 19:15:00,0.0
2030-04-13 19:30:00,0.0
2030-04-13 19:45:00,0.0
2030-04-13 20:00:00,0.0
2030-04-13 20:15:00,0.0
2030-04-13 20:30:00,0.0
2030-04-13 20:45:00,0.0
2030-04-13 21:00:00,0.0
2030-04-13 21:15:00,0.0
2030-04-13 21:30:00,0.0
2030-04-13 21:45:00,0.0
2030-04-13 22:00:00,0.0
2030-04-13 22:15:00,0.0
2030-04-13 22:30:00,0.0
2030-04-13 22:45:00,0.0
2030-04-13 23:00:00,0.0
2030-04-13 23:15:00,0.0
2030-04-13 23:30:00,0.0
2030-04-13 23:45:00,0.0
2030-04-14 00:00:00,0.0
2030-04-14 00:15:00,0.0
2030-04-14 00:30:00,0.0
2030-04-14 00:45:00,0.0
2030-04-14 01:00:00,0.0
2030-04-14 01:15:00,0.0
2030-04-14 01:30:00,0.0
2030-04-14 01:45:00,0.0
2030-04-14 02:00:00,0.0
2030-04-14 02:15:00,0.0
2030-04-14 02:30:00,0.0
2030-04-14 02:45:00,0.0
2030-04-14 03:00:00,0.0
2030-04-14 03:15:00,0.0
2030-04-14 03:30:00,0.0
2030-04-14 03:45:00,0.0
2030-04-14 04:00:00,0.0
2030-04-14 04:15:00,0.0
2030-04-14 04:30:00,0.0
2030-04-14 04:45:00,0.0
2030-04-14 05:00:00,0.0
2030-04-14 05:15:00,0.0
2030-04-14 05:30:00,0.0
2030-04-14 05:45:00,0.0
2030-04-14 06:00:00,0.0
2030-04-14 06:15:00,0.0
2030-04-14 06:30:00,0.0
2030-04-14 06:45:00,0.0
2030-04-14 07:00:00,0.0
2030-04-14 07:15:00,0.0
2030-04-14 07:30:00,0.0
2030-04-14 07:45:00,0.0
2030-04-14 08:00:00,0.0
2030-04-14 08:15:00,0.0
2030-04-14 08:30:00,0.0
2030-04-14 08:45:00,0.0
2030-04-14 09:00:00,34.77263856288846
2030-04-14 09:15:00,127.9230185747765
2030-04-14 09:30:00,173.1291141586771
2030-04-14 09:45:00,110.45674563624198
2030-04-14 10:00:00,111.64232871867353
2030-04-14 10:15:00,200.522205576719
2030-04-14 10:30:00,53.200087084762345
2030-04-14 10:45:00,152.01139541745215
2030-04-14 11:00:00,164.03010452405215
2030-04-14 11:15:00,226.18748520486952
2030-04-14 11:30:00,116.95752583534886
2030-04-14 11:45:00,59.32729371712776
2030-04-14 12:00:00,35.95904478200646
2030-04-14 12:15:00,35.26511760465473
2030-04-14 12:30:00,3.834172157005014
2030-04-14 12:45:00,0.0
2030-04-14 13:00:00,0.0
2030-04-14 13:15:00,0.0
2030-04-14 13:30:00,0.0
2030-04-14 13:45:00,0.0
2030-04-14 14:00:00,0.0
2030-04-14 14:15:00,0.0
2030-04-14 14:30:00,0.0
2030-04-14 14:45:00,0.0
2030-04-14 15:00:00,0.0
2030-04-14 15:15:00,0.0
2030-04-14 15:30:00,0.0
2030-04-14 15:45:00,0.0
2030-04-14 16:00:00,0.0
2030-04-14 16:15:00,0.0
2030-04-14 16:30:00,0.0
2030-04-14 16:45:00,0.0
2030-04-14 17:00:00,0.0
2030-04-14 17:15:00,0.0
2030-04-14 17:30:00,0.0
2030-04-14 17:45:00,0.0
2030-04-14 18:00:00,0.0
2030-04-14 18:15:00,0.0
2030-04-14 18:30:00,0.0
2030-04-14 18:45:00,0.0
2030-04-14 19:00:00,0.0
2030-04-14 19:15:00,0.0
2030-04-14 19:30:00,0.0
2030-04-14 19:45:00,0.0
2030-04-14 20:00:00,0.0
2030-04-14 20:15:00,0.0
2030-04-14 20:30:00,0.0
2030-04-14 20:45:00,0.0
2030-04-14 21:00:00,0.0
2030-04-14 21:15:00,0.0
2030-04-14 21:30:00,0.0
2030-04-14 21:45:00,0.0
2030-04-14 22:00:00,0.0
2030-04-14 22:15:00,0.0
2030-04-14 22:30:00,0.0
2030-04-14 22:45:00,0.0
2030-04-14 23:00:00,0.0
2030-04-14 23:15:00,0.0
2030-04-14 23:30:00,0.0
2030-04-14 23:45:00,0.0
2030-04-15 00:00:00,0.0
2030-04-15 00:15:00,0.0
2030-04-15 00:30:00,0.0
2030-04-15 00:45:00,0.0
2030-04-15 01:00:00,0.0
2030-04-15 01:15:00,0.0
2030-04-15 01:30:00,0.0
2030-04-15 01:45:00,0.0
2030-04-15 02:00:00,0.0
2030-04-15 02:15:00,0.0
2030-04-15 02:30:00,0.0
2030-04-15 02:45:00,0.0
2030-04-15 03:00:00,0.0
2030-04-15 03:15:00,0.0
2030-04-15 03:30:00,0.0
2030-04-15 03:45:00,0.0
2030-04-15 04:00:00,0.0
2030-04-15 04:15:00,0.0
2030-04-15 04:30:00,0.0
2030-04-15 04:45:00,0.0
2030-04-15 05:00:00,0.0
2030-04-15 05:15:00,0.0
2030-04-15 05:30:00,0.0
2030-04-15 05:45:00,0.0
2030-04-15 06:00:00,0.0
2030-04-15 06:15:00,0.0
2030-04-15 06:30:00,0.0
2030-04-15 06:45:00,0.0
2030-04-15 07:00:00,0.0
2030-04-15 07:15:00,0.0
2030-04-15 07:30:00,0.0
2030-04-15 07:45:00,0.0
2030-04-15 08:00:00,0.0
2030-04-15 08:15:00,0.0
2030-04-15 08:30:00,0.0
2030-04-15 08:45:00,0.0
2030-04-15 09:00:00,0.0
2030-04-15 09:15:00,0.0
2030-04-15 09:30:00,0.0
2030-04-15 09:45:00,0.0
2030-04-15 10:00:00,0.0
2030-04-15 10:15:00,0.0
2030-04-15 10:30:00,0.0
2030-04-15 10:45:00,0.0
2030-04-15 11:00:00,0.0
2030-04-15 11:15:00,0.0
2030-04-15 11:30:00,0.0
2030-04-15 11:45:00,0.0
2030-04-15 12:00:00,0.0
2030-04-15 12:15:00,0.0
2030-04-15 12:30:00,0.0
2030-04-15 12:45:00,0.0
2030-04-15 13:00:00,0.0
2030-04-15 13:15:00,0.0
2030-04-15 13:30:00,0.0
2030-04-15 13:45:00,0.0
2030-04-15 14:00:00,0.0
2030-04-15 14:15:00,0.0
2030-04-15 14:30:00,0.0
2030-04-15 14:45:00,0.0
2030-04-15 15:00:00,0.0
2030-04-15 15:15:00,0.0
2030-04-15 15:30:00,0.0
2030-04-15 15:45:00,0.0
2030-04-15 16:00:00,0.0
2030-04-15 16:15:00,0.0
2030-04-15 16:30:00,0.0
2030-04-15 16:45:00,0.0
2030-04-15 17:00:00,0.0
2030-04-15 17:15:00,0.0
2030-04-15 17:30:00,0.0
2030-04-15 17:45:00,0.0
2030-04-15 18:00:00,0.0
2030-04-15 18:15:00,0.0
2030-04-15 18:30:00,0.0
2030-04-15 18:45:00,0.0
2030-04-15 19:00:00,0.0
2030-04-15 19:15:00,0.0
2030-04-15 19:30:00,0.0
2030-04-15 19:45:00,0.0
2030-04-15 20:00:00,0.0
2030-04-15 20:15:00,0.0
2030-04-15 20:30:00,0.0
2030-04-15 20:45:00,0.0
2030-04-15 21:00:00,0.0
2030-04-15 21:15:00,0.0
2030-04-15 21:30:00,0.0
2030-04-15 21:45:00,0.0
2030-04-15 22:00:00,0.0
2030-04-15 22:15:00,0.0
2030-04-15 22:30:00,0.0
2030-04-15 22:45:00,0.0
2030-04-15 23:00:00,0.0
2030-04-15 23:15:00,0.0
2030-04-15 23:30:00,0.0
2030-04-15 23:45:00,0.0
2030-04-16 00:00:00,0.0
2030-04-16 00:15:00,0.0
2030-04-16 00:30:00,0.0
2030-04-16 00:45:00,0.0
2030-04-16 01:00:00,0.0
2030-04-16 01:15:00,0.0
2030-04-16 01:30:00,0.0
2030-04-16 01:45:00,0.0
2030-04-16 02:00:00,0.0
2030-04-16 02:15:00,0.0
2030-04-16 02:30:00,0.0
2030-04-16 02:45:00,0.0
2030-04-16 03:00:00,0.0
2030-04-16 03:15:00,0.0
2030-04-16 03:30:00,0.0
2030-04-16 03:45:00,0.0
2030-04-16 04:00:00,0.0
2030-04-16 04:15:00,0.0
2030-04-16 04:30:00,0.0
2030-04-16 04:45:00,0.0
2030-04-16 05:00:00,0.0
2030-04-16 05:15:00,0.0
2030-04-16 05:30:00,0.0
2030-04-16 05:45:00,0.0
2030-04-16 06:00:00,0.0
2030-04-16 06:15:00,0.0
2030-04-16 06:30:00,0.0
2030-04-16 06:45:00,0.0
2030-04-16 07:00:00,0.0
2030-04-16 07:15:00,0.0
2030-04-16 07:30:00,0.0
2030-04-16 07:45:00,0.0
2030-04-16 08:00:00,0.0
2030-04-16 08:15:00,0.0
2030-04-16 08:30:00,0.0
2030-04-16 08:45:00,0.0
2030-04-16 09:00:00,0.0
2030-04-16 09:15:00,0.0
2030-04-16 09:30:00,0.0
2030-04-16 09:45:00,0.0
2030-04-16 10:00:00,0.0
2030-04-16 10:15:00,0.0
2030-04-16 10:30:00,0.0
2030-04-16 10:45:00,0.0
2030-04-16 11:00:00,0.0
2030-04-16 11:15:00,0.0
2030-04-16 11:30:00,0.0
2030-04-16 11:45:00,0.0
2030-04-16 12:00:00,0.0
2030-04-16 12:15:00,0.0
2030-04-16 12:30:00,0.0
2030-04-16 12:45:00,0.0
2030-04-16 13:00:00,0.0
2030-04-16 13:15:00,0.0
2030-04-16 13:30:00,0.0
2030-04-16 13:45:00,0.0
2030-04-16 14:00:00,0.0
2030-04-16 14:15:00,0.0
2030-04-16 14:30:00,0.0
2030-04-16 14:45:00,0.0
2030-04-16 15:00:00,0.0
2030-04-16 15:15:00,0.0
2030-04-16 15:30:00,0.0
2030-04-16 15:45:00,0.0
2030-04-16 16:00:00,0.0
2030-04-16 16:15:00,0.0
2030-04-16 16:30:00,0.0
2030-04-16 16:45:00,0.0
2030-04-16 17:00:00,0.0
2030-04-16 17:15:00,0.0
2030-04-16 17:30:00,0.0
2030-04-16 17:45:00,0.0
2030-04-16 18:00:00,0.0
2030-04-16 18:15:00,0.0
2030-04-16 18:30:00,0.0
2030-04-16 18:45:00,0.0
2030-04-16 19:00:00,0.0
2030-04-16 19:15:00,0.0
2030-04-16 19:30:00,0.0
2030-04-16 19:45:00,0.0
2030-04-16 20:00:00,0.0
2030-04-16 20:15:00,0.0
2030-04-16 20:30:00,0.0
2030-04-16 20:45:00,0.0
2030-04-16 21:00:00,0.0
2030-04-16 21:15:00,0.0
2030-04-16 21:30:00,0.0
2030-04-16 21:45:00,0.0
2030-04-16 22:00:00,0.0
2030-04-16 22:15:00,0.0
2030-04-16 22:30:00,0.0
2030-04-16 22:45:00,0.0
2030-04-16 23:00:00,0.0
2030-04-16 23:15:00,0.0
2030-04-16 23:30:00,0.0
2030-04-16 23:45:00,0.0
2030-04-17 00:00:00,0.0
2030-04-17 00:15:00,0.0
2030-04-17 00:30:00,0.0
2030-04-17 00:45:00,0.0
2030-04-17 01:00:00,0.0
2030-04-17 01:15:00,0.0
2030-04-17 01:30:00,0.0
2030-04-17 01:45:00,0.0
2030-04-17 02:00:00,0.0
2030-04-17 02:15:00,0.0
2030-04-17 02:30:00,0.0
2030-04-17 02:45:00,0.0
2030-04-17 03:00:00,0.0
2030-04-17 03:15:00,0.0
2030-04-17 03:30:00,0.0
2030-04-17 03:45:00,0.0
2030-04-17 04:00:00,0.0
2030-04-17 04:15:00,0.0
2030-04-17 04:30:00,0.0
2030-04-17 04:45:00,0.0
2030-04-17 05:00:00,0.0
2030-04-17 05:15:00,0.0
2030-04-17 05:30:00,0.0
2030-04-17 05:45:00,0.0
2030-04-17 06:00:00,0.0
2030-04-17 06:15:00,0.0
2030-04-17 06:30:00,0.0
2030-04-17 06:45:00,0.0
2030-04-17 07:00:00,0.0
2030-04-17 07:15:00,0.0
2030-04-17 07:30:00,0.0
2030-04-17 07:45:00,0.0
2030-04-17 08:00:00,0.0
2030-04-17 08:15:00,0.0
2030-04-17 08:30:00,0.0
2030-04-17 08:45:00,0.0
2030-04-17 09:00:00,0.0
2030-04-17 09:15:00,0.0
2030-04-17 09:30:00,0.0
2030-04-17 09:45:00,0.0
2030-04-17 10:00:00,0.0
2030-04-17 10:15:00,0.0
2030-04-17 10:30:00,0.0
2030-04-17 10:45:00,0.0
2030-04-17 11:00:00,0.0
2030-04-17 11:15:00,0.0
2030-04-17 11:30:00,0.0
2030-04-17 11:45:00,0.0
2030-04-17 12:00:00,0.0
2030-04-17 12:15:00,0.0
2030-04-17 12:30:00,0.0
2030-04-17 12:45:00,0.0
2030-04-17 13:00:00,0.0
2030-04-17 13:15:00,0.0
2030-04-17 13:30:00,0.0
2030-04-17 13:45:00,0.0
2030-04-17 14:00:00,0.0
2030-04-17 14:15:00,0.0
2030-04-17 14:30:00,0.0
2030-04-17 14:45:00,0.0
2030-04-17 15:00:00,0.0
2030-04-17 15:15:00,0.0
2030-04-17 15:30:00,0.0
2030-04-17 15:45:00,0.0
2030-04-17 16:00:00,0.0
2030-04-17 16:15:00,0.0
2030-04-17 16:30:00,0.0
2030-04-17 16:45:00,0.0
2030-04-17 17:00:00,0.0
2030-04-17 17:15:00,0.0
2030-04-17 17:30:00,0.0
2030-04-17 17:45:00,0.0
2030-04-17 18:00:00,0.0
2030-04-17 18:15:00,0.0
2030-04-17 18:30:00,0.0
2030-04-17 18:45:00,0.0
2030-04-17 19:00:00,0.0
2030-04-17 19:15:00,0.0
2030-04-17 19:30:00,0.0
2030-04-17 19:45:00,0.0
2030-04-17 20:00:00,0.0
2030-04-17 20:15:00,0.0
2030-04-17 20:30:00,0.0
2030-04-17 20:45:00,0.0
2030-04-17 21:00:00,0.0
2030-04-17 21:15:00,0.0
2030-04-17 21:30:00,0.0
2030-04-17 21:45:00,0.0
2030-04-17 22:00:00,0.0
2030-04-17 22:15:00,0.0
2030-04-17 22:30:00,0.0
2030-04-17 22:45:00,0.0
2030-04-17 23:00:00,0.0
2030-04-17 23:15:00,0.0
2030-04-17 23:30:00,0.0
2030-04-17 23:45:00,0.0
2030-04-18 00:00:00,0.0
2030-04-18 00:15:00,0.0
2030-04-18 00:30:00,0.0
2030-04-18 00:45:00,0.0
2030-04-18 01:00:00,0.0
2030-04-18 01:15:00,0.0
2030-04-18 01:30:00,0.0
2030-04-18 01:45:00,0.0
2030-04-18 02:00:00,0.0
2030-04-18 02:15:00,0.0
2030-04-18 02:30:00,0.0
2030-04-18 02:45:00,0.0
2030-04-18 03:00:00,0.0
2030-04-18 03:15:00,0.0
2030-04-18 03:30:00,0.0
2030-04-18 03:45:00,0.0
2030-04-18 04:00:00,0.0
2030-04-18 04:15:00,0.0
2030-04-18 04:30:00,0.0
2030-04-18 04:45:00,0.0
2030-04-18 05:00:00,0.0
2030-04-18 05:15:00,0.0
2030-04-18 05:30:00,0.0
2030-04-18 05:45:00,0.0
2030-04-18 06:00:00,0.0
2030-04-18 06:15:00,0.0
2030-04-18 06:30:00,0.0
2030-04-18 06:45:00,0.0
2030-04-18 07:00:00,0.0
2030-04-18 07:15:00,0.0
2030-04-18 07:30:00,0.0
2030-04-18 07:45:00,0.0
2030-04-18 08:00:00,0.0
2030-04-18 08:15:00,0.0
2030-04-18 08:30:00,0.0
2030-04-18 08:45:00,0.0
2030-04-18 09:00:00,0.0
2030-04-18 09:15:00,0.0
2030-04-18 09:30:00,0.0
2030-04-18 09:45:00,0.0
2030-04-18 10:00:00,0.0
2030-04-18 10:15:00,0.0
2030-04-18 10:30:00,0.0
2030-04-18 10:45:00,0.0
2030-04-18 11:00:00,0.0
2030-04-18 11:15:00,0.0
2030-04-18 11:30:00,0.0
2030-04-18 11:45:00,0.0
2030-04-18 12:00:00,0.0
2030-04-18 12:15:00,0.0
2030-04-18 12:30:00,0.0
2030-04-18 12:45:00,0.0
2030-04-18 13:00:00,0.0
2030-04-18 13:15:00,0.0
2030-04-18 13:30:00,0.0
2030-04-18 13:45:00,0.0
2030-04-18 14:00:00,0.0
2030-04-18 14:15:00,0.0
2030-04-18 14:30:00,0.0
2030-04-18 14:45:00,0.0
2030-04-18 15:00:00,0.0
2030-04-18 15:15:00,0.0
2030-04-18 15:30:00,0.0
2030-04-18 15:45:00,0.0
2030-04-18 16:00:00,0.0
2030-04-18 16:15:00,0.0
2030-04-18 16:30:00,0.0
2030-04-18 16:45:00,0.0
2030-04-18 17:00:00,0.0
2030-04-18 17:15:00,0.0
2030-04-18 17:30:00,0.0
2030-04-18 17:45:00,0.0
2030-04-18 18:00:00,0.0
2030-04-18 18:15:00,0.0
2030-04-18 18:30:00,0.0
2030-04-18 18:45:00,0.0
2030-04-18 19:00:00,0.0
2030-04-18 19:15:00,0.0
2030-04-18 19:30:00,0.0
2030-04-18 19:45:00,0.0
2030-04-18 20:00:00,0.0
2030-04-18 20:15:00,0.0
2030-04-18 20:30:00,0.0
2030-04-18 20:45:00,0.0
2030-04-18 21:00:00,0.0
2030-04-18 21:15:00,0.0
2030-04-18 21:30:00,0.0
2030-04-18 21:45:00,0.0
2030-04-18 22:00:00,0.0
2030-04-18 22:15:00,0.0
2030-04-18 22:30:00,0.0
2030-04-18 22:45:00,0.0
2030-04-18 23:00:00,0.0
2030-04-18 23:15:00,0.0
2030-04-18 23:30:00,0.0
2030-04-18 23:45:00,0.0
2030-04-19 00:00:00,0.0
2030-04-19 00:15:00,0.0
2030-04-19 00:30:00,0.0
2030-04-19 00:45:00,0.0
2030-04-19 01:00:00,0.0
2030-04-19 01:15:00,0.0
2030-04-19 01:30:00,0.0
2030-04-19 01:45:00,0.0
2030-04-19 02:00:00,0.0
2030-04-19 02:15:00,0.0
2030-04-19 02:30:00,0.0
2030-04-19 02:45:00,0.0
2030-04-19 03:00:00,0.0
2030-04-19 03:15:00,0.0
2030-04-19 03:30:00,0.0
2030-04-19 03:45:00,0.0
2030-04-19 04:00:00,0.0
2030-04-19 04:15:00,0.0
2030-04-19 04:30:00,0.0
2030-04-19 04:45:00,0.0
2030-04-19 05:00:00,0.0
2030-04-19 05:15:00,0.0
2030-04-19 05:30:00,0.0
2030-04-19 05:45:00,0.0
2030-04-19 06:00:00,0.0
2030-04-19 06:15:00,0.0
2030-04-19 06:30:00,0.0
2030-04-19 06:45:00,0.0
2030-04-19 07:00:00,0.0
2030-04-19 07:15:00,0.0
2030-04-19 07:30:00,0.0
2030-04-19 07:45:00,0.0
2030-04-19 08:00:00,0.0
2030-04-19 08:15:00,0.0
2030-04-19 08:30:00,0.0
2030-04-19 08:45:00,0.0
2030-04-19 09:00:00,0.0
2030-04-19 09:15:00,0.0
2030-04-19 09:30:00,0.0
2030-04-19 09:45:00,0.0
2030-04-19 10:00:00,0.0
2030-04-19 10:15:00,0.0
2030-04-19 10:30:00,0.0
2030-04-19 10:45:00,0.0
2030-04-19 11:00:00,0.0
2030-04-19 11:15:00,0.0
2030-04-19 11:30:00,0.0
2030-04-19 11:45:00,0.0
2030-04-19 12:00:00,0.0
2030-04-19 12:15:00,0.0
2030-04-19 12:30:00,0.0
2030-04-19 12:45:00,0.0
2030-04-19 13:00:00,0.0
2030-04-19 13:15:00,0.0
2030-04-19 13:30:00,0.0
2030-04-19 13:45:00,0.0
2030-04-19 14:00:00,0.0
2030-04-19 14:15:00,0.0
2030-04-19 14:30:00,0.0
2030-04-19 14:45:00,0.0
2030-04-19 15:00:00,0.0
2030-04-19 15:15:00,0.0
2030-04-19 15:30:00,0.0
2030-04-19 15:45:00,0.0
2030-04-19 16:00:00,0.0
2030-04-19 16:15:00,0.0
2030-04-19 16:30:00,0.0
2030-04-19 16:45:00,0.0
2030-04-19 17:00:00,0.0
2030-04-19 17:15:00,0.0
2030-04-19 17:30:00,0.0
2030-04-19 17:45:00,0.0
2030-04-19 18:00:00,0.0
2030-04-19 18:15:00,0.0
2030-04-19 18:30:00,0.0
2030-04-19 18:45:00,0.0
2030-04-19 19:00:00,0.0
2030-04-19 19:15:00,0.0
2030-04-19 19:30:00,0.0
2030-04-19 19:45:00,0.0
2030-04-19 20:00:00,0.0
2030-04-19 20:15:00,0.0
2030-04-19 20:30:00,0.0
2030-04-19 20:45:00,0.0
2030-04-19 21:00:00,0.0
2030-04-19 21:15:00,0.0
2030-04-19 21:30:00,0.0
2030-04-19 21:45:00,0.0
2030-04-19 22:00:00,0.0
2030-04-19 22:15:00,0.0
2030-04-19 22:30:00,0.0
2030-04-19 22:45:00,0.0
2030-04-19 23:00:00,0.0
2030-04-19 23:15:00,0.0
2030-04-19 23:30:00,0.0
2030-04-19 23:45:00,0.0
2030-04-20 00:00:00,0.0
2030-04-20 00:15:00,0.0
2030-04-20 00:30:00,0.0
2030-04-20 00:45:00,0.0
2030-04-20 01:00:00,0.0
2030-04-20 01:15:00,0.0
2030-04-20 01:30:00,0.0
2030-04-20 01:45:00,0.0
2030-04-20 02:00:00,0.0
2030-04-20 02:15:00,0.0
2030-04-20 02:30:00,0.0
2030-04-20 02:45:00,0.0
2030-04-20 03:00:00,0.0
2030-04-20 03:15:00,0.0
2030-04-20 03:30:00,0.0
2030-04-20 03:45:00,0.0
2030-04-20 04:00:00,0.0
2030-04-20 04:15:00,0.0
2030-04-20 04:30:00,0.0
2030-04-20 04:45:00,0.0
2030-04-20 05:00:00,0.0
2030-04-20 05:15:00,0.0
2030-04-20 05:30:00,0.0
2030-04-20 05:45:00,0.0
2030-04-20 06:00:00,0.0
2030-04-20 06:15:00,0.0
2030-04-20 06:30:00,0.0
2030-04-20 06:45:00,0.0
2030-04-20 07:00:00,0.0
2030-04-20 07:15:00,0.0
2030-04-20 07:30:00,0.0
2030-04-20 07:45:00,0.0
2030-04-20 08:00:00,0.0
2030-04-20 08:15:00,0.0
2030-04-20 08:30:00,0.0
2030-04-20 08:45:00,0.0
2030-04-20 09:00:00,0.0
2030-04-20 09:15:00,0.0
2030-04-20 09:30:00,0.0
2030-04-20 09:45:00,0.0
2030-04-20 10:00:00,0.0
2030-04-20 10:15:00,0.0
2030-04-20 10:30:00,0.0
2030-04-20 10:45:00,0.0
2030-04-20 11:00:00,0.0
2030-04-20 11:15:00,0.0
2030-04-20 11:30:00,0.0
2030-04-20 11:45:00,0.0
2030-04-20 12:00:00,0.0
2030-04-20 12:15:00,0.0
2030-04-20 12:30:00,0.0
2030-04-20 12:45:00,0.0
2030-04-20 13:00:00,0.0
2030-04-20 13:15:00,0.0
2030-04-20 13:30:00,0.0
2030-04-20 13:45:00,0.0
2030-04-20 14:00:00,0.0
2030-04-20 14:15:00,0.0
2030-04-20 14:30:00,0.0
2030-04-20 14:45:00,0.0
2030-04-20 15:00:00,0.0
2030-04-20 15:15:00,0.0
2030-04-20 15:30:00,0.0
2030-04-20 15:45:00,0.0
2030-04-20 16:00:00,0.0
2030-04-20 16:15:00,0.0
2030-04-20 16:30:00,0.0
2030-04-20 16:45:00,0.0
2030-04-20 17:00:00,0.0
2030-04-20 17:15:00,0.0
2030-04-20 17:30:00,0.0
2030-04-20 17:45:00,0.0
2030-04-20 18:00:00,0.0
2030-04-20 18:15:00,0.0
2030-04-20 18:30:00,0.0
2030-04-20 18:45:00,0.0
2030-04-20 19:00:00,0.0
2030-04-20 19:15:00,0.0
2030-04-20 19:30:00,0.0
2030-04-20 19:45:00,0.0
2030-04-20 20:00:00,0.0
2030-04-20 20:15:00,0.0
2030-04-20 20:30:00,0.0
2030-04-20 20:45:00,0.0
2030-04-20 21:00:00,0.0
2030-04-20 21:15:00,0.0
2030-04-20 21:30:00,0.0
2030-04-20 21:45:00,0.0
2030-04-20 22:00:00,0.0
2030-04-20 22:15:00,0.0
2030-04-20 22:30:00,0.0
2030-04-20 22:45:00,0.0
2030-04-20 23:00:00,0.0
2030-04-20 23:15:00,0.0
2030-04-20 23:30:00,0.0
2030-04-20 23:45:00,0.0
2030-04-21 00:00:00,0.0
2030-04-21 00:15:00,0.0
2030-04-21 00:30:00,0.0
2030-04-21 00:45:00,0.0
2030-04-21 01:00:00,0.0
2030-04-21 01:15:00,0.0
2030-04-21 01:30:00,0.0
2030-04-21 01:45:00,0.0
2030-04-21 02:00:00,0.0
2030-04-21 02:15:00,0.0
2030-04-21 02:30:00,0.0
2030-04-21 02:45:00,0.0
2030-04-21 03:00:00,0.0
2030-04-21 03:15:00,0.0
2030-04-21 03:30:00,0.0
2030-04-21 03:45:00,0.0
2030-04-21 04:00:00,0.0
2030-04-21 04:15:00,0.0
2030-04-21 04:30:00,0.0
2030-04-21 04:45:00,0.0
2030-04-21 05:00:00,0.0
2030-04-21 05:15:00,0.0
2030-04-21 05:30:00,0.0
2030-04-21 05:45:00,0.0
2030-04-21 06:00:00,0.0
2030-04-21 06:15:00,0.0
2030-04-21 06:30:00,0.0
2030-04-21 06:45:00,0.0
2030-04-21 07:00:00,0.0
2030-04-21 07:15:00,0.0
2030-04-21 07:30:00,129.64745484448758
2030-04-21 07:45:00,333.86401791966637
2030-04-21 08:00:00,348.2543072107037
2030-04-21 08:15:00,524.7108252475064
2030-04-21 08:30:00,546.3124367825621
2030-04-21 08:45:00,472.87458259951745
2030-04-21 09:00:00,307.4934116366094
2030-04-21 09:15:00,431.53421203934886
2030-04-21 09:30:00,474.46211096339175
2030-04-21 09:45:00,368.0883348436073
2030-04-21 10:00:00,179.3920776661671
2030-04-21 10:15:00,124.85179334189525
2030-04-21 10:30:00,167.28300025647695
2030-04-21 10:45:00,71.09856502517869
2030-04-21 11:00:00,143.17984823059487
2030-04-21 11:15:00,152.74776502003442
2030-04-21 11:30:00,264.6688422207517
2030-04-21 11:45:00,116.56357804901927
2030-04-21 12:00:00,67.21899088692226
2030-04-21 12:15:00,22.47297330678157
2030-04-21 12:30:00,16.639313883400973
2030-04-21 12:45:00,0.0
2030-04-21 13:00:00,0.0
2030-04-21 13:15:00,0.0
2030-04-21 13:30:00,0.0
2030-04-21 13:45:00,0.0
2030-04-21 14:00:00,0.0
2030-04-21 14:15:00,0.0
2030-04-21 14:30:00,0.0
2030-04-21 14:45:00,0.0
2030-04-21 15:00:00,0.0
2030-04-21 15:15:00,0.0
2030-04-21 15:30:00,0.0
2030-04-21 15:45:00,0.0
2030-04-21 16:00:00,0.0
2030-04-21 16:15:00,0.0
2030-04-21 16:30:00,0.0
2030-04-21 16:45:00,0.0
2030-04-21 17:00:00,0.0
2030-04-21 17:15:00,0.0
2030-04-21 17:30:00,0.0
2030-04-21 17:45:00,0.0
2030-04-21 18:00:00,0.0
2030-04-21 18:15:00,0.0
2030-04-21 18:30:00,0.0
2030-04-21 18:45:00,0.0
2030-04-21 19:00:00,0.0
2030-04-21 19:15:00,0.0
2030-04-21 19:30:00,0.0
2030-04-21 19:45:00,0.0
2030-04-21 20:00:00,0.0
2030-04-21 20:15:00,0.0
2030-04-21 20:30:00,0.0
2030-04-21 20:45:00,0.0
2030-04-21 21:00:00,0.0
2030-04-21 21:15:00,0.0
2030-04-21 21:30:00,0.0
2030-04-21 21:45:00,0.0
2030-04-21 22:00:00,0.0
2030-04-21 22:15:00,0.0
2030-04-21 22:30:00,0.0
2030-04-21 22:45:00,0.0
2030-04-21 23:00:00,0.0
2030-04-21 23:15:00,0.0
2030-04-21 23:30:00,0.0
2030-04-21 23:45:00,0.0
2030-04-22 00:00:00,0.0
2030-04-22 00:15:00,0.0
2030-04-22 00:30:00,0.0
2030-04-22 00:45:00,0.0
2030-04-22 01:00:00,0.0
2030-04-22 01:15:00,0.0
2030-04-22 01:30:00,0.0
2030-04-22 01:45:00,0.0
2030-04-22 02:00:00,0.0
2030-04-22 02:15:00,0.0
2030-04-22 02:30:00,0.0
2030-04-22 02:45:00,0.0
2030-04-22 03:00:00,0.0
2030-04-22 03:15:00,0.0
2030-04-22 03:30:00,0.0
2030-04-22 03:45:00,0.0
2030-04-22 04:00:00,0.0
2030-04-22 04:15:00,0.0
2030-04-22 04:30:00,0.0
2030-04-22 04:45:00,0.0
2030-04-22 05:00:00,0.0
2030-04-22 05:15:00,0.0
2030-04-22 05:30:00,0.0
2030-04-22 05:45:00,0.0
2030-04-22 06:00:00,0.0
2030-04-22 06:15:00,0.0
2030-04-22 06:30:00,0.0
2030-04-22 06:45:00,0.0
2030-04-22 07:00:00,0.0
2030-04-22 07:15:00,0.0
2030-04-22 07:30:00,0.0
2030-04-22 07:45:00,0.0
2030-04-22 08:00:00,0.0
2030-04-22 08:15:00,0.0
2030-04-22 08:30:00,0.0
2030-04-22 08:45:00,0.0
2030-04-22 09:00:00,0.0
2030-04-22 09:15:00,0.0
2030-04-22 09:30:00,0.0
2030-04-22 09:45:00,0.0
2030-04-22 10:00:00,0.0
2030-04-22 10:15:00,0.0
2030-04-22 10:30:00,0.0
2030-04-22 10:45:00,0.0
2030-04-22 11:00:00,0.0
2030-04-22 11:15:00,0.0
2030-04-22 11:30:00,0.0
2030-04-22 11:45:00,0.0
2030-04-22 12:00:00,0.0
2030-04-22 12:15:00,0.0
2030-04-22 12:30:00,0.0
2030-04-22 12:45:00,0.0
2030-04-22 13:00:00,0.0
2030-04-22 13:15:00,0.0
2030-04-22 13:30:00,0.0
2030-04-22 13:45:00,0.0
2030-04-22 14:00:00,0.0
2030-04-22 14:15:00,0.0
2030-04-22 14:30:00,0.0
2030-04-22 14:45:00,0.0
2030-04-22 15:00:00,0.0
2030-04-22 15:15:00,0.0
2030-04-22 15:30:00,0.0
2030-04-22 15:45:00,0.0
2030-04-22 16:00:00,0.0
2030-04-22 16:15:00,0.0
2030-04-22 16:30:00,0.0
2030-04-22 16:45:00,0.0
2030-04-22 17:00:00,0.0
2030-04-22 17:15:00,0.0
2030-04-22 17:30:00,0.0
2030-04-22 17:45:00,0.0
2030-04-22 18:00:00,0.0
2030-04-22 18:15:00,0.0
2030-04-22 18:30:00,0.0
2030-04-22 18:45:00,0.0
2030-04-22 19:00:00,0.0
2030-04-22 19:15:00,0.0
2030-04-22 19:30:00,0.0
2030-04-22 19:45:00,0.0
2030-04-22 20:00:00,0.0
2030-04-22 20:15:00,0.0
2030-04-22 20:30:00,0.0
2030-04-22 20:45:00,0.0
2030-04-22 21:00:00,0.0
2030-04-22 21:15:00,0.0
2030-04-22 21:30:00,0.0
2030-04-22 21:45:00,0.0
2030-04-22 22:00:00,0.0
2030-04-22 22:15:00,0.0
2030-04-22 22:30:00,0.0
2030-04-22 22:45:00,0.0
2030-04-22 23:00:00,0.0
2030-04-22 23:15:00,0.0
2030-04-22 23:30:00,0.0
2030-04-22 23:45:00,0.0
2030-04-23 00:00:00,0.0
2030-04-23 00:15:00,0.0
2030-04-23 00:30:00,0.0
2030-04-23 00:45:00,0.0
2030-04-23 01:00:00,0.0
2030-04-23 01:15:00,0.0
2030-04-23 01:30:00,0.0
2030-04-23 01:45:00,0.0
2030-04-23 02:00:00,0.0
2030-04-23 02:15:00,0.0
2030-04-23 02:30:00,0.0
2030-04-23 02:45:00,0.0
2030-04-23 03:00:00,0.0
2030-04-23 03:15:00,0.0
2030-04-23 03:30:00,0.0
2030-04-23 03:45:00,0.0
2030-04-23 04:00:00,0.0
2030-04-23 04:15:00,0.0
2030-04-23 04:30:00,0.0
2030-04-23 04:45:00,0.0
2030-04-23 05:00:00,0.0
2030-04-23 05:15:00,0.0
2030-04-23 05:30:00,0.0
2030-04-23 05:45:00,0.0
2030-04-23 06:00:00,0.0
2030-04-23 06:15:00,0.0
2030-04-23 06:30:00,0.0
2030-04-23 06:45:00,0.0
2030-04-23 07:00:00,0.0
2030-04-23 07:15:00,0.0
2030-04-23 07:30:00,0.0
2030-04-23 07:45:00,0.0
2030-04-23 08:00:00,0.0
2030-04-23 08:15:00,0.0
2030-04-23 08:30:00,0.0
2030-04-23 08:45:00,0.0
2030-04-23 09:00:00,0.0
2030-04-23 09:15:00,0.0
2030-04-23 09:30:00,0.0
2030-04-23 09:45:00,0.0
2030-04-23 10:00:00,0.0
2030-04-23 10:15:00,0.0
2030-04-23 10:30:00,0.0
2030-04-23 10:45:00,0.0
2030-04-23 11:00:00,0.0
2030-04-23 11:15:00,0.0
2030-04-23 11:30:00,0.0
2030-04-23 11:45:00,0.0
2030-04-23 12:00:00,0.0
2030-04-23 12:15:00,0.0
2030-04-23 12:30:00,0.0
2030-04-23 12:45:00,0.0
2030-04-23 13:00:00,0.0
2030-04-23 13:15:00,0.0
2030-04-23 13:30:00,0.0
2030-04-23 13:45:00,0.0
2030-04-23 14:00:00,0.0
2030-04-23 14:15:00,0.0
2030-04-23 14:30:00,0.0
2030-04-23 14:45:00,0.0
2030-04-23 15:00:00,0.0
2030-04-23 15:15:00,0.0
2030-04-23 15:30:00,0.0
2030-04-23 15:45:00,0.0
2030-04-23 16:00:00,0.0
2030-04-23 16:15:00,0.0
2030-04-23 16:30:00,0.0
2030-04-23 16:45:00,0.0
2030-04-23 17:00:00,0.0
2030-04-23 17:15:00,0.0
2030-04-23 17:30:00,0.0
2030-04-23 17:45:00,0.0
2030-04-23 18:00:00,0.0
2030-04-23 18:15:00,0.0
2030-04-23 18:30:00,0.0
2030-04-23 18:45:00,0.0
2030-04-23 19:00:00,0.0
2030-04-23 19:15:00,0.0
2030-04-23 19:30:00,0.0
2030-04-23 19:45:00,0.0
2030-04-23 20:00:00,0.0
2030-04-23 20:15:00,0.0
2030-04-23 20:30:00,0.0
2030-04-23 20:45:00,0.0
2030-04-23 21:00:00,0.0
2030-04-23 21:15:00,0.0
2030-04-23 21:30:00,0.0
2030-04-23 21:45:00,0.0
2030-04-23 22:00:00,0.0
2030-04-23 22:15:00,0.0
2030-04-23 22:30:00,0.0
2030-04-23 22:45:00,0.0
2030-04-23 23:00:00,0.0
2030-04-23 23:15:00,0.0
2030-04-23 23:30:00,0.0
2030-04-23 23:45:00,0.0
2030-04-24 00:00:00,0.0
2030-04-24 00:15:00,0.0
2030-04-24 00:30:00,0.0
2030-04-24 00:45:00,0.0
2030-04-24 01:00:00,0.0
2030-04-24 01:15:00,0.0
2030-04-24 01:30:00,0.0
2030-04-24 01:45:00,0.0
2030-04-24 02:00:00,0.0
2030-04-24 02:15:00,0.0
2030-04-24 02:30:00,0.0
2030-04-24 02:45:00,0.0
2030-04-24 03:00:00,0.0
2030-04-24 03:15:00,0.0
2030-04-24 03:30:00,0.0
2030-04-24 03:45:00,0.0
2030-04-24 04:00:00,0.0
2030-04-24 04:15:00,0.0
2030-04-24 04:30:00,0.0
2030-04-24 04:45:00,0.0
2030-04-24 05:00:00,0.0
2030-04-24 05:15:00,0.0
2030-04-24 05:30:00,0.0
2030-04-24 05:45:00,0.0
2030-04-24 06:00:00,0.0
2030-04-24 06:15:00,0.0
2030-04-24 06:30:00,0.0
2030-04-24 06:45:00,0.0
2030-04-24 07:00:00,0.0
2030-04-24 07:15:00,0.0
2030-04-24 07:30:00,0.0
2030-04-24 07:45:00,0.0
2030-04-24 08:00:00,0.0
2030-04-24 08:15:00,0.0
2030-04-24 08:30:00,0.0
2030-04-24 08:45:00,0.0
2030-04-24 09:00:00,0.0
2030-04-24 09:15:00,0.0
2030-04-24 09:30:00,0.0
2030-04-24 09:45:00,0.0
2030-04-24 10:00:00,0.0
2030-04-24 10:15:00,0.0
2030-04-24 10:30:00,0.0
2030-04-24 10:45:00,0.0
2030-04-24 11:00:00,0.0
2030-04-24 11:15:00,0.0
2030-04-24 11:30:00,0.0
2030-04-24 11:45:00,0.0
2030-04-24 12:00:00,0.0
2030-04-24 12:15:00,0.0
2030-04-24 12:30:00,0.0
2030-04-24 12:45:00,0.0
2030-04-24 13:00:00,0.0
2030-04-24 13:15:00,0.0
2030-04-24 13:30:00,0.0
2030-04-24 13:45:00,0.0
2030-04-24 14:00:00,0.0
2030-04-24 14:15:00,0.0
2030-04-24 14:30:00,0.0
2030-04-24 14:45:00,0.0
2030-04-24 15:00:00,0.0
2030-04-24 15:15:00,0.0
2030-04-24 15:30:00,0.0
2030-04-24 15:45:00,0.0
2030-04-24 16:00:00,0.0
2030-04-24 16:15:00,0.0
2030-04-24 16:30:00,0.0
2030-04-24 16:45:00,0.0
2030-04-24 17:00:00,0.0
2030-04-24 17:15:00,0.0
2030-04-24 17:30:00,0.0
2030-04-24 17:45:00,0.0
2030-04-24 18:00:00,0.0
2030-04-24 18:15:00,0.0
2030-04-24 18:30:00,0.0
2030-04-24 18:45:00,0.0
2030-04-24 19:00:00,0.0
2030-04-24 19:15:00,0.0
2030-04-24 19:30:00,0.0
2030-04-24 19:45:00,0.0
2030-04-24 20:00:00,0.0
2030-04-24 20:15:00,0.0
2030-04-24 20:30:00,0.0
2030-04-24 20:45:00,0.0
2030-04-24 21:00:00,0.0
2030-04-24 21:15:00,0.0
2030-04-24 21:30:00,0.0
2030-04-24 21:45:00,0.0
2030-04-24 22:00:00,0.0
2030-04-24 22:15:00,0.0
2030-04-24 22:30:00,0.0
2030-04-24 22:45:00,0.0
2030-04-24 23:00:00,0.0
2030-04-24 23:15:00,0.0
2030-04-24 23:30:00,0.0
2030-04-24 23:45:00,0.0
2030-04-25 00:00:00,0.0
2030-04-25 00:15:00,0.0
2030-04-25 00:30:00,0.0
2030-04-25 00:45:00,0.0
2030-04-25 01:00:00,0.0
2030-04-25 01:15:00,0.0
2030-04-25 01:30:00,0.0
2030-04-25 01:45:00,0.0
2030-04-25 02:00:00,0.0
2030-04-25 02:15:00,0.0
2030-04-25 02:30:00,0.0
2030-04-25 02:45:00,0.0
2030-04-25 03:00:00,0.0
2030-04-25 03:15:00,0.0
2030-04-25 03:30:00,0.0
2030-04-25 03:45:00,0.0
2030-04-25 04:00:00,0.0
2030-04-25 04:15:00,0.0
2030-04-25 04:30:00,0.0
2030-04-25 04:45:00,0.0
2030-04-25 05:00:00,0.0
2030-04-25 05:15:00,0.0
2030-04-25 05:30:00,0.0
2030-04-25 05:45:00,0.0
2030-04-25 06:00:00,0.0
2030-04-25 06:15:00,0.0
2030-04-25 06:30:00,0.0
2030-04-25 06:45:00,0.0
2030-04-25 07:00:00,0.0
2030-04-25 07:15:00,0.0
2030-04-25 07:30:00,0.0
2030-04-25 07:45:00,0.0
2030-04-25 08:00:00,0.0
2030-04-25 08:15:00,0.0
2030-04-25 08:30:00,0.0
2030-04-25 08:45:00,0.0
2030-04-25 09:00:00,0.0
2030-04-25 09:15:00,0.0
2030-04-25 09:30:00,0.0
2030-04-25 09:45:00,0.0
2030-04-25 10:00:00,0.0
2030-04-25 10:15:00,0.0
2030-04-25 10:30:00,0.0
2030-04-25 10:45:00,0.0
2030-04-25 11:00:00,0.0
2030-04-25 11:15:00,0.0
2030-04-25 11:30:00,0.0
2030-04-25 11:45:00,0.0
2030-04-25 12:00:00,0.0
2030-04-25 12:15:00,0.0
2030-04-25 12:30:00,0.0
2030-04-25 12:45:00,0.0
2030-04-25 13:00:00,0.0
2030-04-25 13:15:00,0.0
2030-04-25 13:30:00,0.0
2030-04-25 13:45:00,0.0
2030-04-25 14:00:00,0.0
2030-04-25 14:15:00,0.0
2030-04-25 14:30:00,0.0
2030-04-25 14:45:00,0.0
2030-04-25 15:00:00,0.0
2030-04-25 15:15:00,0.0
2030-04-25 15:30:00,0.0
2030-04-25 15:45:00,0.0
2030-04-25 16:00:00,0.0
2030-04-25 16:15:00,0.0
2030-04-25 16:30:00,0.0
2030-04-25 16:45:00,0.0
2030-04-25 17:00:00,0.0
2030-04-25 17:15:00,0.0
2030-04-25 17:30:00,0.0
2030-04-25 17:45:00,0.0
2030-04-25 18:00:00,0.0
2030-04-25 18:15:00,0.0
2030-04-25 18:30:00,0.0
2030-04-25 18:45:00,0.0
2030-04-25 19:00:00,0.0
2030-04-25 19:15:00,0.0
2030-04-25 19:30:00,0.0
2030-04-25 19:45:00,0.0
2030-04-25 20:00:00,0.0
2030-04-25 20:15:00,0.0
2030-04-25 20:30:00,0.0
2030-04-25 20:45:00,0.0
2030-04-25 21:00:00,0.0
2030-04-25 21:15:00,0.0
2030-04-25 21:30:00,0.0
2030-04-25 21:45:00,0.0
2030-04-25 22:00:00,0.0
2030-04-25 22:15:00,0.0
2030-04-25 22:30:00,0.0
2030-04-25 22:45:00,0.0
2030-04-25 23:00:00,0.0
2030-04-25 23:15:00,0.0
2030-04-25 23:30:00,0.0
2030-04-25 23:45:00,0.0
2030-04-26 00:00:00,0.0
2030-04-26 00:15:00,0.0
2030-04-26 00:30:00,0.0
2030-04-26 00:45:00,0.0
2030-04-26 01:00:00,0.0
2030-04-26 01:15:00,0.0
2030-04-26 01:30:00,0.0
2030-04-26 01:45:00,0.0
2030-04-26 02:00:00,0.0
2030-04-26 02:15:00,0.0
2030-04-26 02:30:00,0.0
2030-04-26 02:45:00,0.0
2030-04-26 03:00:00,0.0
2030-04-26 03:15:00,0.0
2030-04-26 03:30:00,0.0
2030-04-26 03:45:00,0.0
2030-04-26 04:00:00,0.0
2030-04-26 04:15:00,0.0
2030-04-26 04:30:00,0.0
2030-04-26 04:45:00,0.0
2030-04-26 05:00:00,0.0
2030-04-26 05:15:00,0.0
2030-04-26 05:30:00,0.0
2030-04-26 05:45:00,0.0
2030-04-26 06:00:00,0.0
2030-04-26 06:15:00,0.0
2030-04-26 06:30:00,0.0
2030-04-26 06:45:00,0.0
2030-04-26 07:00:00,0.0
2030-04-26 07:15:00,0.0
2030-04-26 07:30:00,0.0
2030-04-26 07:45:00,0.0
2030-04-26 08:00:00,0.0
2030-04-26 08:15:00,0.0
2030-04-26 08:30:00,0.0
2030-04-26 08:45:00,0.0
2030-04-26 09:00:00,0.0
2030-04-26 09:15:00,0.0
2030-04-26 09:30:00,0.0
2030-04-26 09:45:00,0.0
2030-04-26 10:00:00,0.0
2030-04-26 10:15:00,0.0
2030-04-26 10:30:00,0.0
2030-04-26 10:45:00,0.0
2030-04-26 11:00:00,0.0
2030-04-26 11:15:00,0.0
2030-04-26 11:30:00,0.0
2030-04-26 11:45:00,0.0
2030-04-26 12:00:00,0.0
2030-04-26 12:15:00,0.0
2030-04-26 12:30:00,0.0
2030-04-26 12:45:00,0.0
2030-04-26 13:00:00,0.0
2030-04-26 13:15:00,0.0
2030-04-26 13:30:00,0.0
2030-04-26 13:45:00,0.0
2030-04-26 14:00:00,0.0
2030-04-26 14:15:00,0.0
2030-04-26 14:30:00,0.0
2030-04-26 14:45:00,0.0
2030-04-26 15:00:00,0.0
2030-04-26 15:15:00,0.0
2030-04-26 15:30:00,0.0
2030-04-26 15:45:00,0.0
2030-04-26 16:00:00,0.0
2030-04-26 16:15:00,0.0
2030-04-26 16:30:00,0.0
2030-04-26 16:45:00,0.0
2030-04-26 17:00:00,0.0
2030-04-26 17:15:00,0.0
2030-04-26 17:30:00,0.0
2030-04-26 17:45:00,0.0
2030-04-26 18:00:00,0.0
2030-04-26 18:15:00,0.0
2030-04-26 18:30:00,0.0
2030-04-26 18:45:00,0.0
2030-04-26 19:00:00,0.0
2030-04-26 19:15:00,0.0
2030-04-26 19:30:00,0.0
2030-04-26 19:45:00,0.0
2030-04-26 20:00:00,0.0
2030-04-26 20:15:00,0.0
2030-04-26 20:30:00,0.0
2030-04-26 20:45:00,0.0
2030-04-26 21:00:00,0.0
2030-04-26 21:15:00,0.0
2030-04-26 21:30:00,0.0
2030-04-26 21:45:00,0.0
2030-04-26 22:00:00,0.0
2030-04-26 22:15:00,0.0
2030-04-26 22:30:00,0.0
2030-04-26 22:45:00,0.0
2030-04-26 23:00:00,0.0
2030-04-26 23:15:00,0.0
2030-04-26 23:30:00,0.0
2030-04-26 23:45:00,0.0
2030-04-27 00:00:00,0.0
2030-04-27 00:15:00,0.0
2030-04-27 00:30:00,0.0
2030-04-27 00:45:00,0.0
2030-04-27 01:00:00,0.0
2030-04-27 01:15:00,0.0
2030-04-27 01:30:00,0.0
2030-04-27 01:45:00,0.0
2030-04-27 02:00:00,0.0
2030-04-27 02:15:00,0.0
2030-04-27 02:30:00,0.0
2030-04-27 02:45:00,0.0
2030-04-27 03:00:00,0.0
2030-04-27 03:15:00,0.0
2030-04-27 03:30:00,0.0
2030-04-27 03:45:00,0.0
2030-04-27 04:00:00,0.0
2030-04-27 04:15:00,0.0
2030-04-27 04:30:00,0.0
2030-04-27 04:45:00,0.0
2030-04-27 05:00:00,0.0
2030-04-27 05:15:00,0.0
2030-04-27 05:30:00,0.0
2030-04-27 05:45:00,0.0
2030-04-27 06:00:00,0.0
2030-04-27 06:15:00,0.0
2030-04-27 06:30:00,0.0
2030-04-27 06:45:00,0.0
2030-04-27 07:00:00,0.0
2030-04-27 07:15:00,0.0
2030-04-27 07:30:00,0.0
2030-04-27 07:45:00,0.0
2030-04-27 08:00:00,0.0
2030-04-27 08:15:00,0.0
2030-04-27 08:30:00,0.0
2030-04-27 08:45:00,0.0
2030-04-27 09:00:00,0.0
2030-04-27 09:15:00,0.0
2030-04-27 09:30:00,0.0
2030-04-27 09:45:00,0.0
2030-04-27 10:00:00,0.0
2030-04-27 10:15:00,0.0
2030-04-27 10:30:00,0.0
2030-04-27 10:45:00,0.0
2030-04-27 11:00:00,0.0
2030-04-27 11:15:00,0.0
2030-04-27 11:30:00,0.0
2030-04-27 11:45:00,0.0
2030-04-27 12:00:00,0.0
2030-04-27 12:15:00,0.0
2030-04-27 12:30:00,0.0
2030-04-27 12:45:00,0.0
2030-04-27 13:00:00,0.0
2030-04-27 13:15:00,0.0
2030-04-27 13:30:00,0.0
2030-04-27 13:45:00,0.0
2030-04-27 14:00:00,0.0
2030-04-27 14:15:00,0.0
2030-04-27 14:30:00,0.0
2030-04-27 14:45:00,0.0
2030-04-27 15:00:00,0.0
2030-04-27 15:15:00,0.0
2030-04-27 15:30:00,0.0
2030-04-27 15:45:00,0.0
2030-04-27 16:00:00,0.0
2030-04-27 16:15:00,0.0
2030-04-27 16:30:00,0.0
2030-04-27 16:45:00,0.0
2030-04-27 17:00:00,0.0
2030-04-27 17:15:00,0.0
2030-04-27 17:30:00,0.0
2030-04-27 17:45:00,0.0
2030-04-27 18:00:00,0.0
2030-04-27 18:15:00,0.0
2030-04-27 18:30:00,0.0
2030-04-27 18:45:00,0.0
2030-04-27 19:00:00,0.0
2030-04-27 19:15:00,0.0
2030-04-27 19:30:00,0.0
2030-04-27 19:45:00,0.0
2030-04-27 20:00:00,0.0
2030-04-27 20:15:00,0.0
2030-04-27 20:30:00,0.0
2030-04-27 20:45:00,0.0
2030-04-27 21:00:00,0.0
2030-04-27 21:15:00,0.0
2030-04-27 21:30:00,0.0
2030-04-27 21:45:00,0.0
2030-04-27 22:00:00,0.0
2030-04-27 22:15:00,0.0
2030-04-27 22:30:00,0.0
2030-04-27 22:45:00,0.0
2030-04-27 23:00:00,0.0
2030-04-27 23:15:00,0.0
2030-04-27 23:30:00,0.0
2030-04-27 23:45:00,0.0
2030-04-28 00:00:00,0.0
2030-04-28 00:15:00,0.0
2030-04-28 00:30:00,0.0
2030-04-28 00:45:00,0.0
2030-04-28 01:00:00,0.0
2030-04-28 01:15:00,0.0
2030-04-28 01:30:00,0.0
2030-04-28 01:45:00,0.0
2030-04-28 02:00:00,0.0
2030-04-28 02:15:00,0.0
2030-04-28 02:30:00,0.0
2030-04-28 02:45:00,0.0
2030-04-28 03:00:00,0.0
2030-04-28 03:15:00,0.0
2030-04-28 03:30:00,0.0
2030-04-28 03:45:00,0.0
2030-04-28 04:00:00,0.0
2030-04-28 04:15:00,0.0
2030-04-28 04:30:00,0.0
2030-04-28 04:45:00,0.0
2030-04-28 05:00:00,0.0
2030-04-28 05:15:00,0.0
2030-04-28 05:30:00,0.0
2030-04-28 05:45:00,0.0
2030-04-28 06:00:00,0.0
2030-04-28 06:15:00,0.0
2030-04-28 06:30:00,0.0
2030-04-28 06:45:00,0.0
2030-04-28 07:00:00,0.0
2030-04-28 07:15:00,0.0
2030-04-28 07:30:00,0.0
2030-04-28 07:45:00,0.0
2030-04-28 08:00:00,0.0
2030-04-28 08:15:00,0.0
2030-04-28 08:30:00,0.0
2030-04-28 08:45:00,0.0
2030-04-28 09:00:00,0.0
2030-04-28 09:15:00,0.0
2030-04-28 09:30:00,0.0
2030-04-28 09:45:00,0.0
2030-04-28 10:00:00,0.0
2030-04-28 10:15:00,0.0
2030-04-28 10:30:00,0.0
2030-04-28 10:45:00,0.0
2030-04-28 11:00:00,0.0
2030-04-28 11:15:00,0.0
2030-04-28 11:30:00,0.0
2030-04-28 11:45:00,0.0
2030-04-28 12:00:00,0.0
2030-04-28 12:15:00,0.0
2030-04-28 12:30:00,0.0
2030-04-28 12:45:00,0.0
2030-04-28 13:00:00,0.0
2030-04-28 13:15:00,0.0
2030-04-28 13:30:00,0.0
2030-04-28 13:45:00,0.0
2030-04-28 14:00:00,0.0
2030-04-28 14:15:00,0.0
2030-04-28 14:30:00,0.0
2030-04-28 14:45:00,0.0
2030-04-28 15:00:00,0.0
2030-04-28 15:15:00,0.0
2030-04-28 15:30:00,0.0
2030-04-28 15:45:00,0.0
2030-04-28 16:00:00,0.0
2030-04-28 16:15:00,0.0
2030-04-28 16:30:00,0.0
2030-04-28 16:45:00,0.0
2030-04-28 17:00:00,0.0
2030-04-28 17:15:00,0.0
2030-04-28 17:30:00,0.0
2030-04-28 17:45:00,0.0
2030-04-28 18:00:00,0.0
2030-04-28 18:15:00,0.0
2030-04-28 18:30:00,0.0
2030-04-28 18:45:00,0.0
2030-04-28 19:00:00,0.0
2030-04-28 19:15:00,0.0
2030-04-28 19:30:00,0.0
2030-04-28 19:45:00,0.0
2030-04-28 20:00:00,0.0
2030-04-28 20:15:00,0.0
2030-04-28 20:30:00,0.0
2030-04-28 20:45:00,0.0
2030-04-28 21:00:00,0.0
2030-04-28 21:15:00,0.0
2030-04-28 21:30:00,0.0
2030-04-28 21:45:00,0.0
2030-04-28 22:00:00,0.0
2030-04-28 22:15:00,0.0
2030-04-28 22:30:00,0.0
2030-04-28 22:45:00,0.0
2030-04-28 23:00:00,0.0
2030-04-28 23:15:00,0.0
2030-04-28 23:30:00,0.0
2030-04-28 23:45:00,0.0
2030-04-29 00:00:00,0.0
2030-04-29 00:15:00,0.0
2030-04-29 00:30:00,0.0
2030-04-29 00:45:00,0.0
2030-04-29 01:00:00,0.0
2030-04-29 01:15:00,0.0
2030-04-29 01:30:00,0.0
2030-04-29 01:45:00,0.0
2030-04-29 02:00:00,0.0
2030-04-29 02:15:00,0.0
2030-04-29 02:30:00,0.0
2030-04-29 02:45:00,0.0
2030-04-29 03:00:00,0.0
2030-04-29 03:15:00,0.0
2030-04-29 03:30:00,0.0
2030-04-29 03:45:00,0.0
2030-04-29 04:00:00,0.0
2030-04-29 04:15:00,0.0
2030-04-29 04:30:00,0.0
2030-04-29 04:45:00,0.0
2030-04-29 05:00:00,0.0
2030-04-29 05:15:00,0.0
2030-04-29 05:30:00,0.0
2030-04-29 05:45:00,0.0
2030-04-29 06:00:00,0.0
2030-04-29 06:15:00,0.0
2030-04-29 06:30:00,0.0
2030-04-29 06:45:00,0.0
2030-04-29 07:00:00,0.0
2030-04-29 07:15:00,0.0
2030-04-29 07:30:00,0.0
2030-04-29 07:45:00,0.0
2030-04-29 08:00:00,0.0
2030-04-29 08:15:00,0.0
2030-04-29 08:30:00,0.0
2030-04-29 08:45:00,0.0
2030-04-29 09:00:00,0.0
2030-04-29 09:15:00,0.0
2030-04-29 09:30:00,0.0
2030-04-29 09:45:00,0.0
2030-04-29 10:00:00,0.0
2030-04-29 10:15:00,0.0
2030-04-29 10:30:00,0.0
2030-04-29 10:45:00,0.0
2030-04-29 11:00:00,0.0
2030-04-29 11:15:00,0.0
2030-04-29 11:30:00,0.0
2030-04-29 11:45:00,0.0
2030-04-29 12:00:00,0.0
2030-04-29 12:15:00,0.0
2030-04-29 12:30:00,0.0
2030-04-29 12:45:00,0.0
2030-04-29 13:00:00,0.0
2030-04-29 13:15:00,0.0
2030-04-29 13:30:00,0.0
2030-04-29 13:45:00,0.0
2030-04-29 14:00:00,0.0
2030-04-29 14:15:00,0.0
2030-04-29 14:30:00,0.0
2030-04-29 14:45:00,0.0
2030-04-29 15:00:00,0.0
2030-04-29 15:15:00,0.0
2030-04-29 15:30:00,0.0
2030-04-29 15:45:00,0.0
2030-04-29 16:00:00,0.0
2030-04-29 16:15:00,0.0
2030-04-29 16:30:00,0.0
2030-04-29 16:45:00,0.0
2030-04-29 17:00:00,0.0
2030-04-29 17:15:00,0.0
2030-04-29 17:30:00,0.0
2030-04-29 17:45:00,0.0
2030-04-29 18:00:00,0.0
2030-04-29 18:15:00,0.0
2030-04-29 18:30:00,0.0
2030-04-29 18:45:00,0.0
2030-04-29 19:00:00,0.0
2030-04-29 19:15:00,0.0
2030-04-29 19:30:00,0.0
2030-04-29 19:45:00,0.0
2030-04-29 20:00:00,0.0
2030-04-29 20:15:00,0.0
2030-04-29 20:30:00,0.0
2030-04-29 20:45:00,0.0
2030-04-29 21:00:00,0.0
2030-04-29 21:15:00,0.0
2030-04-29 21:30:00,0.0
2030-04-29 21:45:00,0.0
2030-04-29 22:00:00,0.0
2030-04-29 22:15:00,0.0
2030-04-29 22:30:00,0.0
2030-04-29 22:45:00,0.0
2030-04-29 23:00:00,0.0
2030-04-29 23:15:00,0.0
2030-04-29 23:30:00,0.0
2030-04-29 23:45:00,0.0
2030-04-30 00:00:00,0.0
2030-04-30 00:15:00,0.0
2030-04-30 00:30:00,0.0
2030-04-30 00:45:00,0.0
2030-04-30 01:00:00,0.0
2030-04-30 01:15:00,0.0
2030-04-30 01:30:00,0.0
2030-04-30 01:45:00,0.0
2030-04-30 02:00:00,0.0
2030-04-30 02:15:00,0.0
2030-04-30 02:30:00,0.0
2030-04-30 02:45:00,0.0
2030-04-30 03:00:00,0.0
2030-04-30 03:15:00,0.0
2030-04-30 03:30:00,0.0
2030-04-30 03:45:00,0.0
2030-04-30 04:00:00,0.0
2030-04-30 04:15:00,0.0
2030-04-30 04:30:00,0.0
2030-04-30 04:45:00,0.0
2030-04-30 05:00:00,0.0
2030-04-30 05:15:00,0.0
2030-04-30 05:30:00,0.0
2030-04-30 05:45:00,0.0
2030-04-30 06:00:00,0.0
2030-04-30 06:15:00,0.0
2030-04-30 06:30:00,0.0
2030-04-30 06:45:00,0.0
2030-04-30 07:00:00,0.0
2030-04-30 07:15:00,0.0
2030-04-30 07:30:00,0.0
2030-04-30 07:45:00,0.0
2030-04-30 08:00:00,0.0
2030-04-30 08:15:00,0.0
2030-04-30 08:30:00,0.0
2030-04-30 08:45:00,0.0
2030-04-30 09:00:00,0.0
2030-04-30 09:15:00,0.0
2030-04-30 09:30:00,0.0
2030-04-30 09:45:00,0.0
2030-04-30 10:00:00,0.0
2030-04-30 10:15:00,0.0
2030-04-30 10:30:00,0.0
2030-04-30 10:45:00,0.0
2030-04-30 11:00:00,0.0
2030-04-30 11:15:00,0.0
2030-04-30 11:30:00,0.0
2030-04-30 11:45:00,0.0
2030-04-30 12:00:00,0.0
2030-04-30 12:15:00,0.0
2030-04-30 12:30:00,0.0
2030-04-30 12:45:00,0.0
2030-04-30 13:00:00,0.0
2030-04-30 13:15:00,0.0
2030-04-30 13:30:00,0.0
2030-04-30 13:45:00,0.0
2030-04-30 14:00:00,0.0
2030-04-30 14:15:00,0.0
2030-04-30 14:30:00,0.0
2030-04-30 14:45:00,0.0
2030-04-30 15:00:00,0.0
2030-04-30 15:15:00,0.0
2030-04-30 15:30:00,0.0
2030-04-30 15:45:00,0.0
2030-04-30 16:00:00,0.0
2030-04-30 16:15:00,0.0
2030-04-30 16:30:00,0.0
2030-04-30 16:45:00,0.0
2030-04-30 17:00:00,0.0
2030-04-30 17:15:00,0.0
2030-04-30 17:30:00,0.0
2030-04-30 17:45:00,0.0
2030-04-30 18:00:00,0.0
2030-04-30 18:15:00,0.0
2030-04-30 18:30:00,0.0
2030-04-30 18:45:00,0.0
2030-04-30 19:00:00,0.0
2030-04-30 19:15:00,0.0
2030-04-30 19:30:00,0.0
2030-04-30 19:45:00,0.0
2030-04-30 20:00:00,0.0
2030-04-30 20:15:00,0.0
2030-04-30 20:30:00,0.0
2030-04-30 20:45:00,0.0
2030-04-30 21:00:00,0.0
2030-04-30 21:15:00,0.0
2030-04-30 21:30:00,0.0
2030-04-30 21:45:00,0.0
2030-04-30 22:00:00,0.0
2030-04-30 22:15:00,0.0
2030-04-30 22:30:00,0.0
2030-04-30 22:45:00,0.0
2030-04-30 23:00:00,0.0
2030-04-30 23:15:00,0.0
2030-04-30 23:30:00,0.0
2030-04-30 23:45:00,0.0
2030-05-01 00:00:00,0.0
2030-05-01 00:15:00,0.0
2030-05-01 00:30:00,0.0
2030-05-01 00:45:00,0.0
2030-05-01 01:00:00,0.0
2030-05-01 01:15:00,0.0
2030-05-01 01:30:00,0.0
2030-05-01 01:45:00,0.0
2030-05-01 02:00:00,0.0
2030-05-01 02:15:00,0.0
2030-05-01 02:30:00,0.0
2030-05-01 02:45:00,0.0
2030-05-01 03:00:00,0.0
2030-05-01 03:15:00,0.0
2030-05-01 03:30:00,0.0
2030-05-01 03:45:00,0.0
2030-05-01 04:00:00,0.0
2030-05-01 04:15:00,0.0
2030-05-01 04:30:00,0.0
2030-05-01 04:45:00,0.0
2030-05-01 05:00:00,0.0
2030-05-01 05:15:00,0.0
2030-05-01 05:30:00,0.0
2030-05-01 05:45:00,0.0
2030-05-01 06:00:00,0.0
2030-05-01 06:15:00,0.0
2030-05-01 06:30:00,0.0
2030-05-01 06:45:00,0.0
2030-05-01 07:00:00,0.0
2030-05-01 07:15:00,0.0
2030-05-01 07:30:00,0.0
2030-05-01 07:45:00,0.0
2030-05-01 08:00:00,0.0
2030-05-01 08:15:00,0.0
2030-05-01 08:30:00,0.0
2030-05-01 08:45:00,0.0
2030-05-01 09:00:00,0.0
2030-05-01 09:15:00,0.0
2030-05-01 09:30:00,0.0
2030-05-01 09:45:00,0.0
2030-05-01 10:00:00,0.0
2030-05-01 10:15:00,0.0
2030-05-01 10:30:00,0.0
2030-05-01 10:45:00,0.0
2030-05-01 11:00:00,0.0
2030-05-01 11:15:00,0.0
2030-05-01 11:30:00,0.0
2030-05-01 11:45:00,0.0
2030-05-01 12:00:00,0.0
2030-05-01 12:15:00,0.0
2030-05-01 12:30:00,0.0
2030-05-01 12:45:00,0.0
2030-05-01 13:00:00,0.0
2030-05-01 13:15:00,0.0
2030-05-01 13:30:00,0.0
2030-05-01 13:45:00,0.0
2030-05-01 14:00:00,0.0
2030-05-01 14:15:00,0.0
2030-05-01 14:30:00,0.0
2030-05-01 14:45:00,0.0
2030-05-01 15:00:00,0.0
2030-05-01 15:15:00,0.0
2030-05-01 15:30:00,0.0
2030-05-01 15:45:00,0.0
2030-05-01 16:00:00,0.0
2030-05-01 16:15:00,0.0
2030-05-01 16:30:00,0.0
2030-05-01 16:45:00,0.0
2030-05-01 17:00:00,0.0
2030-05-01 17:15:00,0.0
2030-05-01 17:30:00,0.0
2030-05-01 17:45:00,0.0
2030-05-01 18:00:00,0.0
2030-05-01 18:15:00,0.0
2030-05-01 18:30:00,0.0
2030-05-01 18:45:00,0.0
2030-05-01 19:00:00,0.0
2030-05-01 19:15:00,0.0
2030-05-01 19:30:00,0.0
2030-05-01 19:45:00,0.0
2030-05-01 20:00:00,0.0
2030-05-01 20:15:00,0.0
2030-05-01 20:30:00,0.0
2030-05-01 20:45:00,0.0
2030-05-01 21:00:00,0.0
2030-05-01 21:15:00,0.0
2030-05-01 21:30:00,0.0
2030-05-01 21:45:00,0.0
2030-05-01 22:00:00,0.0
2030-05-01 22:15:00,0.0
2030-05-01 22:30:00,0.0
2030-05-01 22:45:00,0.0
2030-05-01 23:00:00,0.0
2030-05-01 23:15:00,0.0
2030-05-01 23:30:00,0.0
2030-05-01 23:45:00,0.0
2030-05-02 00:00:00,0.0
2030-05-02 00:15:00,0.0
2030-05-02 00:30:00,0.0
2030-05-02 00:45:00,0.0
2030-05-02 01:00:00,0.0
2030-05-02 01:15:00,0.0
2030-05-02 01:30:00,0.0
2030-05-02 01:45:00,0.0
2030-05-02 02:00:00,0.0
2030-05-02 02:15:00,0.0
2030-05-02 02:30:00,0.0
2030-05-02 02:45:00,0.0
2030-05-02 03:00:00,0.0
2030-05-02 03:15:00,0.0
2030-05-02 03:30:00,0.0
2030-05-02 03:45:00,0.0
2030-05-02 04:00:00,0.0
2030-05-02 04:15:00,0.0
2030-05-02 04:30:00,0.0
2030-05-02 04:45:00,0.0
2030-05-02 05:00:00,0.0
2030-05-02 05:15:00,0.0
2030-05-02 05:30:00,0.0
2030-05-02 05:45:00,0.0
2030-05-02 06:00:00,0.0
2030-05-02 06:15:00,0.0
2030-05-02 06:30:00,0.0
2030-05-02 06:45:00,0.0
2030-05-02 07:00:00,0.0
2030-05-02 07:15:00,340.21959598206195
2030-05-02 07:30:00,648.2776424864369
2030-05-02 07:45:00,946.1467010195302
2030-05-02 08:00:00,1151.4035609223938
2030-05-02 08:15:00,1313.4673820756361
2030-05-02 08:30:00,1438.1023491358428
2030-05-02 08:45:00,1412.5641273208093
2030-05-02 09:00:00,1396.5189533956582
2030-05-02 09:15:00,1444.3522776340233
2030-05-02 09:30:00,1492.9143706424893
2030-05-02 09:45:00,1580.5939739247842
2030-05-02 10:00:00,1467.912709679871
2030-05-02 10:15:00,1572.9707751691712
2030-05-02 10:30:00,1641.6781159277452
2030-05-02 10:45:00,1694.7083164648611
2030-05-02 11:00:00,1714.9646013271195
2030-05-02 11:15:00,1800.0399818069818
2030-05-02 11:30:00,1825.8280401013872
2030-05-02 11:45:00,1736.035556928433
2030-05-02 12:00:00,1467.3066504297421
2030-05-02 12:15:00,1429.4040244059215
2030-05-02 12:30:00,1282.6081700528175
2030-05-02 12:45:00,1226.6711669675442
2030-05-02 13:00:00,1236.5915853979204
2030-05-02 13:15:00,1059.427590530213
2030-05-02 13:30:00,960.4685759834592
2030-05-02 13:45:00,869.3483989683446
2030-05-02 14:00:00,696.3970162434362
2030-05-02 14:15:00,672.4187801469379
2030-05-02 14:30:00,588.7725464958821
2030-05-02 14:45:00,506.49441249617666
2030-05-02 15:00:00,420.25351702262014
2030-05-02 15:15:00,412.72077534339405
2030-05-02 15:30:00,494.92715247541673
2030-05-02 15:45:00,430.21779079147746
2030-05-02 16:00:00,229.86999872656452
2030-05-02 16:15:00,80.0433417833483
2030-05-02 16:30:00,0.2908478091176221
2030-05-02 16:45:00,14.25328439993973
2030-05-02 17:00:00,91.20841221076444
2030-05-02 17:15:00,148.56141716861748
2030-05-02 17:30:00,263.6269648048619
2030-05-02 17:45:00,303.9569920521699
2030-05-02 18:00:00,360.249066505643
2030-05-02 18:15:00,364.2953490594591
2030-05-02 18:30:00,355.05037450396594
2030-05-02 18:45:00,448.6643424849681
2030-05-02 19:00:00,431.6308142708949
2030-05-02 19:15:00,289.56279557044945
2030-05-02 19:30:00,141.1181744942951
2030-05-02 19:45:00,0.0
2030-05-02 20:00:00,0.0
2030-05-02 20:15:00,0.0
2030-05-02 20:30:00,0.0
2030-05-02 20:45:00,0.0
2030-05-02 21:00:00,0.0
2030-05-02 21:15:00,0.0
2030-05-02 21:30:00,0.0
2030-05-02 21:45:00,0.0
2030-05-02 22:00:00,0.0
2030-05-02 22:15:00,0.0
2030-05-02 22:30:00,0.0
2030-05-02 22:45:00,0.0
2030-05-02 23:00:00,0.0
2030-05-02 23:15:00,0.0
2030-05-02 23:30:00,0.0
2030-05-02 23:45:00,0.0
2030-05-03 00:00:00,0.0
2030-05-03 00:15:00,0.0
2030-05-03 00:30:00,0.0
2030-05-03 00:45:00,0.0
2030-05-03 01:00:00,0.0
2030-05-03 01:15:00,0.0
2030-05-03 01:30:00,0.0
2030-05-03 01:45:00,0.0
2030-05-03 02:00:00,0.0
2030-05-03 02:15:00,0.0
2030-05-03 02:30:00,0.0
2030-05-03 02:45:00,0.0
2030-05-03 03:00:00,0.0
2030-05-03 03:15:00,0.0
2030-05-03 03:30:00,0.0
2030-05-03 03:45:00,0.0
2030-05-03 04:00:00,0.0
2030-05-03 04:15:00,0.0
2030-05-03 04:30:00,0.0
2030-05-03 04:45:00,0.0
2030-05-03 05:00:00,0.0
2030-05-03 05:15:00,0.0
2030-05-03 05:30:00,0.0
2030-05-03 05:45:00,0.0
2030-05-03 06:00:00,0.0
2030-05-03 06:15:00,0.0
2030-05-03 06:30:00,0.0
2030-05-03 06:45:00,0.0
2030-05-03 07:00:00,0.0
2030-05-03 07:15:00,0.0
2030-05-03 07:30:00,0.0
2030-05-03 07:45:00,0.0
2030-05-03 08:00:00,0.0
2030-05-03 08:15:00,0.0
2030-05-03 08:30:00,0.0
2030-05-03 08:45:00,0.0
2030-05-03 09:00:00,0.0
2030-05-03 09:15:00,0.0
2030-05-03 09:30:00,0.0
2030-05-03 09:45:00,0.0
2030-05-03 10:00:00,0.0
2030-05-03 10:15:00,0.0
2030-05-03 10:30:00,0.0
2030-05-03 10:45:00,0.0
2030-05-03 11:00:00,0.0
2030-05-03 11:15:00,0.0
2030-05-03 11:30:00,0.0
2030-05-03 11:45:00,0.0
2030-05-03 12:00:00,0.0
2030-05-03 12:15:00,0.0
2030-05-03 12:30:00,0.0
2030-05-03 12:45:00,0.0
2030-05-03 13:00:00,0.0
2030-05-03 13:15:00,0.0
2030-05-03 13:30:00,0.0
2030-05-03 13:45:00,0.0
2030-05-03 14:00:00,0.0
2030-05-03 14:15:00,0.0
2030-05-03 14:30:00,0.0
2030-05-03 14:45:00,0.0
2030-05-03 15:00:00,0.0
2030-05-03 15:15:00,0.0
2030-05-03 15:30:00,0.0
2030-05-03 15:45:00,0.0
2030-05-03 16:00:00,0.0
2030-05-03 16:15:00,0.0
2030-05-03 16:30:00,0.0
2030-05-03 16:45:00,0.0
2030-05-03 17:00:00,0.0
2030-05-03 17:15:00,0.0
2030-05-03 17:30:00,0.0
2030-05-03 17:45:00,0.0
2030-05-03 18:00:00,0.0
2030-05-03 18:15:00,0.0
2030-05-03 18:30:00,0.0
2030-05-03 18:45:00,0.0
2030-05-03 19:00:00,0.0
2030-05-03 19:15:00,0.0
2030-05-03 19:30:00,0.0
2030-05-03 19:45:00,0.0
2030-05-03 20:00:00,0.0
2030-05-03 20:15:00,0.0
2030-05-03 20:30:00,0.0
2030-05-03 20:45:00,0.0
2030-05-03 21:00:00,0.0
2030-05-03 21:15:00,0.0
2030-05-03 21:30:00,0.0
2030-05-03 21:45:00,0.0
2030-05-03 22:00:00,0.0
2030-05-03 22:15:00,0.0
2030-05-03 22:30:00,0.0
2030-05-03 22:45:00,0.0
2030-05-03 23:00:00,0.0
2030-05-03 23:15:00,0.0
2030-05-03 23:30:00,0.0
2030-05-03 23:45:00,0.0
2030-05-04 00:00:00,0.0
2030-05-04 00:15:00,0.0
2030-05-04 00:30:00,0.0
2030-05-04 00:45:00,0.0
2030-05-04 01:00:00,0.0
2030-05-04 01:15:00,0.0
2030-05-04 01:30:00,0.0
2030-05-04 01:45:00,0.0
2030-05-04 02:00:00,0.0
2030-05-04 02:15:00,0.0
2030-05-04 02:30:00,0.0
2030-05-04 02:45:00,0.0
2030-05-04 03:00:00,0.0
2030-05-04 03:15:00,0.0
2030-05-04 03:30:00,0.0
2030-05-04 03:45:00,0.0
2030-05-04 04:00:00,0.0
2030-05-04 04:15:00,0.0
2030-05-04 04:30:00,0.0
2030-05-04 04:45:00,0.0
2030-05-04 05:00:00,0.0
2030-05-04 05:15:00,0.0
2030-05-04 05:30:00,0.0
2030-05-04 05:45:00,0.0
2030-05-04 06:00:00,0.0
2030-05-04 06:15:00,0.0
2030-05-04 06:30:00,0.0
2030-05-04 06:45:00,0.0
2030-05-04 07:00:00,0.0
2030-05-04 07:15:00,0.0
2030-05-04 07:30:00,0.0
2030-05-04 07:45:00,0.0
2030-05-04 08:00:00,0.0
2030-05-04 08:15:00,0.0
2030-05-04 08:30:00,0.0
2030-05-04 08:45:00,0.0
2030-05-04 09:00:00,0.0
2030-05-04 09:15:00,0.0
2030-05-04 09:30:00,0.0
2030-05-04 09:45:00,0.0
2030-05-04 10:00:00,0.0
2030-05-04 10:15:00,0.0
2030-05-04 10:30:00,0.0
2030-05-04 10:45:00,0.0
2030-05-04 11:00:00,0.0
2030-05-04 11:15:00,0.0
2030-05-04 11:30:00,0.0
2030-05-04 11:45:00,0.0
2030-05-04 12:00:00,0.0
2030-05-04 12:15:00,0.0
2030-05-04 12:30:00,0.0
2030-05-04 12:45:00,0.0
2030-05-04 13:00:00,0.0
2030-05-04 13:15:00,0.0
2030-05-04 13:30:00,0.0
2030-05-04 13:45:00,0.0
2030-05-04 14:00:00,0.0
2030-05-04 14:15:00,0.0
2030-05-04 14:30:00,0.0
2030-05-04 14:45:00,0.0
2030-05-04 15:00:00,0.0
2030-05-04 15:15:00,0.0
2030-05-04 15:30:00,0.0
2030-05-04 15:45:00,0.0
2030-05-04 16:00:00,0.0
2030-05-04 16:15:00,0.0
2030-05-04 16:30:00,0.0
2030-05-04 16:45:00,0.0
2030-05-04 17:00:00,0.0
2030-05-04 17:15:00,0.0
2030-05-04 17:30:00,0.0
2030-05-04 17:45:00,0.0
2030-05-04 18:00:00,15.502633726453496
2030-05-04 18:15:00,117.39272686730146
2030-05-04 18:30:00,115.12870365453273
2030-05-04 18:45:00,243.44502033107347
2030-05-04 19:00:00,398.6528842186417
2030-05-04 19:15:00,336.5091002345689
2030-05-04 19:30:00,369.3712192004805
2030-05-04 19:45:00,264.6881633737521
2030-05-04 20:00:00,110.64357436240243
2030-05-04 20:15:00,0.0
2030-05-04 20:30:00,0.0
2030-05-04 20:45:00,0.0
2030-05-04 21:00:00,0.0
2030-05-04 21:15:00,0.0
2030-05-04 21:30:00,0.0
2030-05-04 21:45:00,0.0
2030-05-04 22:00:00,0.0
2030-05-04 22:15:00,0.0
2030-05-04 22:30:00,0.0
2030-05-04 22:45:00,0.0
2030-05-04 23:00:00,0.0
2030-05-04 23:15:00,0.0
2030-05-04 23:30:00,0.0
2030-05-04 23:45:00,0.0
2030-05-05 00:00:00,0.0
2030-05-05 00:15:00,0.0
2030-05-05 00:30:00,0.0
2030-05-05 00:45:00,0.0
2030-05-05 01:00:00,0.0
2030-05-05 01:15:00,0.0
2030-05-05 01:30:00,0.0
2030-05-05 01:45:00,0.0
2030-05-05 02:00:00,0.0
2030-05-05 02:15:00,0.0
2030-05-05 02:30:00,0.0
2030-05-05 02:45:00,0.0
2030-05-05 03:00:00,0.0
2030-05-05 03:15:00,0.0
2030-05-05 03:30:00,0.0
2030-05-05 03:45:00,0.0
2030-05-05 04:00:00,0.0
2030-05-05 04:15:00,0.0
2030-05-05 04:30:00,0.0
2030-05-05 04:45:00,0.0
2030-05-05 05:00:00,0.0
2030-05-05 05:15:00,0.0
2030-05-05 05:30:00,0.0
2030-05-05 05:45:00,0.0
2030-05-05 06:00:00,0.0
2030-05-05 06:15:00,0.0
2030-05-05 06:30:00,0.0
2030-05-05 06:45:00,0.0
2030-05-05 07:00:00,0.0
2030-05-05 07:15:00,0.0
2030-05-05 07:30:00,0.0
2030-05-05 07:45:00,79.66918840752624
2030-05-05 08:00:00,327.0113241745894
2030-05-05 08:15:00,515.4245526308514
2030-05-05 08:30:00,471.02126180376763
2030-05-05 08:45:00,351.7976984289526
2030-05-05 09:00:00,123.42947744591402
2030-05-05 09:15:00,152.1728366026182
2030-05-05 09:30:00,142.03681305040482
2030-05-05 09:45:00,37.12208972967892
2030-05-05 10:00:00,0.0
2030-05-05 10:15:00,0.0
2030-05-05 10:30:00,0.0
2030-05-05 10:45:00,0.0
2030-05-05 11:00:00,0.0
2030-05-05 11:15:00,0.0
2030-05-05 11:30:00,0.0
2030-05-05 11:45:00,0.0
2030-05-05 12:00:00,0.0
2030-05-05 12:15:00,0.0
2030-05-05 12:30:00,0.0
2030-05-05 12:45:00,0.0
2030-05-05 13:00:00,0.0
2030-05-05 13:15:00,0.0
2030-05-05 13:30:00,0.0
2030-05-05 13:45:00,0.0
2030-05-05 14:00:00,0.0
2030-05-05 14:15:00,0.0
2030-05-05 14:30:00,0.0
2030-05-05 14:45:00,0.0
2030-05-05 15:00:00,0.0
2030-05-05 15:15:00,0.0
2030-05-05 15:30:00,0.0
2030-05-05 15:45:00,0.0
2030-05-05 16:00:00,0.0
2030-05-05 16:15:00,0.0
2030-05-05 16:30:00,0.0
2030-05-05 16:45:00,0.0
2030-05-05 17:00:00,0.0
2030-05-05 17:15:00,0.0
2030-05-05 17:30:00,0.0
2030-05-05 17:45:00,0.0
2030-05-05 18:00:00,0.0
2030-05-05 18:15:00,0.0
2030-05-05 18:30:00,0.0
2030-05-05 18:45:00,0.0
2030-05-05 19:00:00,0.0
2030-05-05 19:15:00,0.0
2030-05-05 19:30:00,0.0
2030-05-05 19:45:00,0.0
2030-05-05 20:00:00,0.0
2030-05-05 20:15:00,0.0
2030-05-05 20:30:00,0.0
2030-05-05 20:45:00,0.0
2030-05-05 21:00:00,0.0
2030-05-05 21:15:00,0.0
2030-05-05 21:30:00,0.0
2030-05-05 21:45:00,0.0
2030-05-05 22:00:00,0.0
2030-05-05 22:15:00,0.0
2030-05-05 22:30:00,0.0
2030-05-05 22:45:00,0.0
2030-05-05 23:00:00,0.0
2030-05-05 23:15:00,0.0
2030-05-05 23:30:00,0.0
2030-05-05 23:45:00,0.0
2030-05-06 00:00:00,0.0
2030-05-06 00:15:00,0.0
2030-05-06 00:30:00,0.0
2030-05-06 00:45:00,0.0
2030-05-06 01:00:00,0.0
2030-05-06 01:15:00,0.0
2030-05-06 01:30:00,0.0
2030-05-06 01:45:00,0.0
2030-05-06 02:00:00,0.0
2030-05-06 02:15:00,0.0
2030-05-06 02:30:00,0.0
2030-05-06 02:45:00,0.0
2030-05-06 03:00:00,0.0
2030-05-06 03:15:00,0.0
2030-05-06 03:30:00,0.0
2030-05-06 03:45:00,0.0
2030-05-06 04:00:00,0.0
2030-05-06 04:15:00,0.0
2030-05-06 04:30:00,0.0
2030-05-06 04:45:00,0.0
2030-05-06 05:00:00,0.0
2030-05-06 05:15:00,0.0
2030-05-06 05:30:00,0.0
2030-05-06 05:45:00,0.0
2030-05-06 06:00:00,0.0
2030-05-06 06:15:00,0.0
2030-05-06 06:30:00,0.0
2030-05-06 06:45:00,0.0
2030-05-06 07:00:00,0.0
2030-05-06 07:15:00,0.0
2030-05-06 07:30:00,0.0
2030-05-06 07:45:00,0.0
2030-05-06 08:00:00,0.0
2030-05-06 08:15:00,0.0
2030-05-06 08:30:00,0.0
2030-05-06 08:45:00,0.0
2030-05-06 09:00:00,0.0
2030-05-06 09:15:00,0.0
2030-05-06 09:30:00,0.0
2030-05-06 09:45:00,0.0
2030-05-06 10:00:00,0.0
2030-05-06 10:15:00,0.0
2030-05-06 10:30:00,0.0
2030-05-06 10:45:00,0.0
2030-05-06 11:00:00,0.0
2030-05-06 11:15:00,0.0
2030-05-06 11:30:00,0.0
2030-05-06 11:45:00,0.0
2030-05-06 12:00:00,0.0
2030-05-06 12:15:00,0.0
2030-05-06 12:30:00,0.0
2030-05-06 12:45:00,0.0
2030-05-06 13:00:00,0.0
2030-05-06 13:15:00,0.0
2030-05-06 13:30:00,0.0
2030-05-06 13:45:00,0.0
2030-05-06 14:00:00,0.0
2030-05-06 14:15:00,0.0
2030-05-06 14:30:00,0.0
2030-05-06 14:45:00,0.0
2030-05-06 15:00:00,0.0
2030-05-06 15:15:00,0.0
2030-05-06 15:30:00,0.0
2030-05-06 15:45:00,0.0
2030-05-06 16:00:00,0.0
2030-05-06 16:15:00,0.0
2030-05-06 16:30:00,0.0
2030-05-06 16:45:00,0.0
2030-05-06 17:00:00,0.0
2030-05-06 17:15:00,0.0
2030-05-06 17:30:00,0.0
2030-05-06 17:45:00,0.0
2030-05-06 18:00:00,0.0
2030-05-06 18:15:00,0.0
2030-05-06 18:30:00,0.0
2030-05-06 18:45:00,0.0
2030-05-06 19:00:00,0.0
2030-05-06 19:15:00,0.0
2030-05-06 19:30:00,0.0
2030-05-06 19:45:00,0.0
2030-05-06 20:00:00,0.0
2030-05-06 20:15:00,0.0
2030-05-06 20:30:00,0.0
2030-05-06 20:45:00,0.0
2030-05-06 21:00:00,0.0
2030-05-06 21:15:00,0.0
2030-05-06 21:30:00,0.0
2030-05-06 21:45:00,0.0
2030-05-06 22:00:00,0.0
2030-05-06 22:15:00,0.0
2030-05-06 22:30:00,0.0
2030-05-06 22:45:00,0.0
2030-05-06 23:00:00,0.0
2030-05-06 23:15:00,0.0
2030-05-06 23:30:00,0.0
2030-05-06 23:45:00,0.0
2030-05-07 00:00:00,0.0
2030-05-07 00:15:00,0.0
2030-05-07 00:30:00,0.0
2030-05-07 00:45:00,0.0
2030-05-07 01:00:00,0.0
2030-05-07 01:15:00,0.0
2030-05-07 01:30:00,0.0
2030-05-07 01:45:00,0.0
2030-05-07 02:00:00,0.0
2030-05-07 02:15:00,0.0
2030-05-07 02:30:00,0.0
2030-05-07 02:45:00,0.0
2030-05-07 03:00:00,0.0
2030-05-07 03:15:00,0.0
2030-05-07 03:30:00,0.0
2030-05-07 03:45:00,0.0
2030-05-07 04:00:00,0.0
2030-05-07 04:15:00,0.0
2030-05-07 04:30:00,0.0
2030-05-07 04:45:00,0.0
2030-05-07 05:00:00,0.0
2030-05-07 05:15:00,0.0
2030-05-07 05:30:00,0.0
2030-05-07 05:45:00,0.0
2030-05-07 06:00:00,0.0
2030-05-07 06:15:00,0.0
2030-05-07 06:30:00,0.0
2030-05-07 06:45:00,0.0
2030-05-07 07:00:00,0.0
2030-05-07 07:15:00,0.0
2030-05-07 07:30:00,0.0
2030-05-07 07:45:00,0.0
2030-05-07 08:00:00,0.0
2030-05-07 08:15:00,0.0
2030-05-07 08:30:00,0.0
2030-05-07 08:45:00,0.0
2030-05-07 09:00:00,0.0
2030-05-07 09:15:00,0.0
2030-05-07 09:30:00,0.0
2030-05-07 09:45:00,0.0
2030-05-07 10:00:00,0.0
2030-05-07 10:15:00,0.0
2030-05-07 10:30:00,0.0
2030-05-07 10:45:00,0.0
2030-05-07 11:00:00,0.0
2030-05-07 11:15:00,0.0
2030-05-07 11:30:00,0.0
2030-05-07 11:45:00,0.0
2030-05-07 12:00:00,0.0
2030-05-07 12:15:00,0.0
2030-05-07 12:30:00,0.0
2030-05-07 12:45:00,0.0
2030-05-07 13:00:00,0.0
2030-05-07 13:15:00,0.0
2030-05-07 13:30:00,0.0
2030-05-07 13:45:00,0.0
2030-05-07 14:00:00,0.0
2030-05-07 14:15:00,0.0
2030-05-07 14:30:00,0.0
2030-05-07 14:45:00,0.0
2030-05-07 15:00:00,0.0
2030-05-07 15:15:00,0.0
2030-05-07 15:30:00,0.0
2030-05-07 15:45:00,0.0
2030-05-07 16:00:00,0.0
2030-05-07 16:15:00,0.0
2030-05-07 16:30:00,0.0
2030-05-07 16:45:00,0.0
2030-05-07 17:00:00,0.0
2030-05-07 17:15:00,0.0
2030-05-07 17:30:00,0.0
2030-05-07 17:45:00,0.0
2030-05-07 18:00:00,0.0
2030-05-07 18:15:00,0.0
2030-05-07 18:30:00,0.0
2030-05-07 18:45:00,0.0
2030-05-07 19:00:00,0.0
2030-05-07 19:15:00,0.0
2030-05-07 19:30:00,0.0
2030-05-07 19:45:00,0.0
2030-05-07 20:00:00,0.0
2030-05-07 20:15:00,0.0
2030-05-07 20:30:00,0.0
2030-05-07 20:45:00,0.0
2030-05-07 21:00:00,0.0
2030-05-07 21:15:00,0.0
2030-05-07 21:30:00,0.0
2030-05-07 21:45:00,0.0
2030-05-07 22:00:00,0.0
2030-05-07 22:15:00,0.0
2030-05-07 22:30:00,0.0
2030-05-07 22:45:00,0.0
2030-05-07 23:00:00,0.0
2030-05-07 23:15:00,0.0
2030-05-07 23:30:00,0.0
2030-05-07 23:45:00,0.0
2030-05-08 00:00:00,0.0
2030-05-08 00:15:00,0.0
2030-05-08 00:30:00,0.0
2030-05-08 00:45:00,0.0
2030-05-08 01:00:00,0.0
2030-05-08 01:15:00,0.0
2030-05-08 01:30:00,0.0
2030-05-08 01:45:00,0.0
2030-05-08 02:00:00,0.0
2030-05-08 02:15:00,0.0
2030-05-08 02:30:00,0.0
2030-05-08 02:45:00,0.0
2030-05-08 03:00:00,0.0
2030-05-08 03:15:00,0.0
2030-05-08 03:30:00,0.0
2030-05-08 03:45:00,0.0
2030-05-08 04:00:00,0.0
2030-05-08 04:15:00,0.0
2030-05-08 04:30:00,0.0
2030-05-08 04:45:00,0.0
2030-05-08 05:00:00,0.0
2030-05-08 05:15:00,0.0
2030-05-08 05:30:00,0.0
2030-05-08 05:45:00,0.0
2030-05-08 06:00:00,0.0
2030-05-08 06:15:00,0.0
2030-05-08 06:30:00,0.0
2030-05-08 06:45:00,0.0
2030-05-08 07:00:00,0.0
2030-05-08 07:15:00,0.0
2030-05-08 07:30:00,0.0
2030-05-08 07:45:00,0.0
2030-05-08 08:00:00,0.0
2030-05-08 08:15:00,0.0
2030-05-08 08:30:00,0.0
2030-05-08 08:45:00,0.0
2030-05-08 09:00:00,0.0
2030-05-08 09:15:00,0.0
2030-05-08 09:30:00,0.0
2030-05-08 09:45:00,0.0
2030-05-08 10:00:00,0.0
2030-05-08 10:15:00,0.0
2030-05-08 10:30:00,0.0
2030-05-08 10:45:00,0.0
2030-05-08 11:00:00,0.0
2030-05-08 11:15:00,0.0
2030-05-08 11:30:00,0.0
2030-05-08 11:45:00,0.0
2030-05-08 12:00:00,0.0
2030-05-08 12:15:00,0.0
2030-05-08 12:30:00,0.0
2030-05-08 12:45:00,0.0
2030-05-08 13:00:00,0.0
2030-05-08 13:15:00,0.0
2030-05-08 13:30:00,0.0
2030-05-08 13:45:00,0.0
2030-05-08 14:00:00,0.0
2030-05-08 14:15:00,0.0
2030-05-08 14:30:00,0.0
2030-05-08 14:45:00,0.0
2030-05-08 15:00:00,0.0
2030-05-08 15:15:00,0.0
2030-05-08 15:30:00,0.0
2030-05-08 15:45:00,0.0
2030-05-08 16:00:00,0.0
2030-05-08 16:15:00,0.0
2030-05-08 16:30:00,0.0
2030-05-08 16:45:00,0.0
2030-05-08 17:00:00,0.0
2030-05-08 17:15:00,0.0
2030-05-08 17:30:00,0.0
2030-05-08 17:45:00,0.0
2030-05-08 18:00:00,0.0
2030-05-08 18:15:00,0.0
2030-05-08 18:30:00,0.0
2030-05-08 18:45:00,0.0
2030-05-08 19:00:00,0.0
2030-05-08 19:15:00,0.0
2030-05-08 19:30:00,0.0
2030-05-08 19:45:00,0.0
2030-05-08 20:00:00,0.0
2030-05-08 20:15:00,0.0
2030-05-08 20:30:00,0.0
2030-05-08 20:45:00,0.0
2030-05-08 21:00:00,0.0
2030-05-08 21:15:00,0.0
2030-05-08 21:30:00,0.0
2030-05-08 21:45:00,0.0
2030-05-08 22:00:00,0.0
2030-05-08 22:15:00,0.0
2030-05-08 22:30:00,0.0
2030-05-08 22:45:00,0.0
2030-05-08 23:00:00,0.0
2030-05-08 23:15:00,0.0
2030-05-08 23:30:00,0.0
2030-05-08 23:45:00,0.0
2030-05-09 00:00:00,0.0
2030-05-09 00:15:00,0.0
2030-05-09 00:30:00,0.0
2030-05-09 00:45:00,0.0
2030-05-09 01:00:00,0.0
2030-05-09 01:15:00,0.0
2030-05-09 01:30:00,0.0
2030-05-09 01:45:00,0.0
2030-05-09 02:00:00,0.0
2030-05-09 02:15:00,0.0
2030-05-09 02:30:00,0.0
2030-05-09 02:45:00,0.0
2030-05-09 03:00:00,0.0
2030-05-09 03:15:00,0.0
2030-05-09 03:30:00,0.0
2030-05-09 03:45:00,0.0
2030-05-09 04:00:00,0.0
2030-05-09 04:15:00,0.0
2030-05-09 04:30:00,0.0
2030-05-09 04:45:00,0.0
2030-05-09 05:00:00,0.0
2030-05-09 05:15:00,0.0
2030-05-09 05:30:00,0.0
2030-05-09 05:45:00,0.0
2030-05-09 06:00:00,0.0
2030-05-09 06:15:00,0.0
2030-05-09 06:30:00,0.0
2030-05-09 06:45:00,0.0
2030-05-09 07:00:00,0.0
2030-05-09 07:15:00,0.0
2030-05-09 07:30:00,0.0
2030-05-09 07:45:00,0.0
2030-05-09 08:00:00,0.0
2030-05-09 08:15:00,0.0
2030-05-09 08:30:00,0.0
2030-05-09 08:45:00,0.0
2030-05-09 09:00:00,0.0
2030-05-09 09:15:00,0.0
2030-05-09 09:30:00,0.0
2030-05-09 09:45:00,0.0
2030-05-09 10:00:00,0.0
2030-05-09 10:15:00,0.0
2030-05-09 10:30:00,0.0
2030-05-09 10:45:00,0.0
2030-05-09 11:00:00,0.0
2030-05-09 11:15:00,0.0
2030-05-09 11:30:00,0.0
2030-05-09 11:45:00,0.0
2030-05-09 12:00:00,0.0
2030-05-09 12:15:00,0.0
2030-05-09 12:30:00,0.0
2030-05-09 12:45:00,0.0
2030-05-09 13:00:00,0.0
2030-05-09 13:15:00,0.0
2030-05-09 13:30:00,0.0
2030-05-09 13:45:00,0.0
2030-05-09 14:00:00,0.0
2030-05-09 14:15:00,0.0
2030-05-09 14:30:00,0.0
2030-05-09 14:45:00,0.0
2030-05-09 15:00:00,0.0
2030-05-09 15:15:00,0.0
2030-05-09 15:30:00,0.0
2030-05-09 15:45:00,0.0
2030-05-09 16:00:00,0.0
2030-05-09 16:15:00,0.0
2030-05-09 16:30:00,0.0
2030-05-09 16:45:00,0.0
2030-05-09 17:00:00,0.0
2030-05-09 17:15:00,0.0
2030-05-09 17:30:00,0.0
2030-05-09 17:45:00,0.0
2030-05-09 18:00:00,0.0
2030-05-09 18:15:00,0.0
2030-05-09 18:30:00,0.0
2030-05-09 18:45:00,0.0
2030-05-09 19:00:00,0.0
2030-05-09 19:15:00,0.0
2030-05-09 19:30:00,0.0
2030-05-09 19:45:00,0.0
2030-05-09 20:00:00,0.0
2030-05-09 20:15:00,0.0
2030-05-09 20:30:00,0.0
2030-05-09 20:45:00,0.0
2030-05-09 21:00:00,0.0
2030-05-09 21:15:00,0.0
2030-05-09 21:30:00,0.0
2030-05-09 21:45:00,0.0
2030-05-09 22:00:00,0.0
2030-05-09 22:15:00,0.0
2030-05-09 22:30:00,0.0
2030-05-09 22:45:00,0.0
2030-05-09 23:00:00,0.0
2030-05-09 23:15:00,0.0
2030-05-09 23:30:00,0.0
2030-05-09 23:45:00,0.0
2030-05-10 00:00:00,0.0
2030-05-10 00:15:00,0.0
2030-05-10 00:30:00,0.0
2030-05-10 00:45:00,0.0
2030-05-10 01:00:00,0.0
2030-05-10 01:15:00,0.0
2030-05-10 01:30:00,0.0
2030-05-10 01:45:00,0.0
2030-05-10 02:00:00,0.0
2030-05-10 02:15:00,0.0
2030-05-10 02:30:00,0.0
2030-05-10 02:45:00,0.0
2030-05-10 03:00:00,0.0
2030-05-10 03:15:00,0.0
2030-05-10 03:30:00,0.0
2030-05-10 03:45:00,0.0
2030-05-10 04:00:00,0.0
2030-05-10 04:15:00,0.0
2030-05-10 04:30:00,0.0
2030-05-10 04:45:00,0.0
2030-05-10 05:00:00,0.0
2030-05-10 05:15:00,0.0
2030-05-10 05:30:00,0.0
2030-05-10 05:45:00,0.0
2030-05-10 06:00:00,0.0
2030-05-10 06:15:00,0.0
2030-05-10 06:30:00,0.0
2030-05-10 06:45:00,0.0
2030-05-10 07:00:00,0.0
2030-05-10 07:15:00,0.0
2030-05-10 07:30:00,0.0
2030-05-10 07:45:00,0.0
2030-05-10 08:00:00,0.0
2030-05-10 08:15:00,0.0
2030-05-10 08:30:00,0.0
2030-05-10 08:45:00,0.0
2030-05-10 09:00:00,0.0
2030-05-10 09:15:00,0.0
2030-05-10 09:30:00,0.0
2030-05-10 09:45:00,0.0
2030-05-10 10:00:00,0.0
2030-05-10 10:15:00,0.0
2030-05-10 10:30:00,0.0
2030-05-10 10:45:00,0.0
2030-05-10 11:00:00,0.0
2030-05-10 11:15:00,0.0
2030-05-10 11:30:00,0.0
2030-05-10 11:45:00,0.0
2030-05-10 12:00:00,0.0
2030-05-10 12:15:00,0.0
2030-05-10 12:30:00,0.0
2030-05-10 12:45:00,0.0
2030-05-10 13:00:00,0.0
2030-05-10 13:15:00,0.0
2030-05-10 13:30:00,0.0
2030-05-10 13:45:00,0.0
2030-05-10 14:00:00,0.0
2030-05-10 14:15:00,0.0
2030-05-10 14:30:00,0.0
2030-05-10 14:45:00,0.0
2030-05-10 15:00:00,0.0
2030-05-10 15:15:00,0.0
2030-05-10 15:30:00,0.0
2030-05-10 15:45:00,0.0
2030-05-10 16:00:00,0.0
2030-05-10 16:15:00,0.0
2030-05-10 16:30:00,0.0
2030-05-10 16:45:00,0.0
2030-05-10 17:00:00,0.0
2030-05-10 17:15:00,0.0
2030-05-10 17:30:00,0.0
2030-05-10 17:45:00,0.0
2030-05-10 18:00:00,0.0
2030-05-10 18:15:00,0.0
2030-05-10 18:30:00,0.0
2030-05-10 18:45:00,0.0
2030-05-10 19:00:00,0.0
2030-05-10 19:15:00,0.0
2030-05-10 19:30:00,0.0
2030-05-10 19:45:00,0.0
2030-05-10 20:00:00,0.0
2030-05-10 20:15:00,0.0
2030-05-10 20:30:00,0.0
2030-05-10 20:45:00,0.0
2030-05-10 21:00:00,0.0
2030-05-10 21:15:00,0.0
2030-05-10 21:30:00,0.0
2030-05-10 21:45:00,0.0
2030-05-10 22:00:00,0.0
2030-05-10 22:15:00,0.0
2030-05-10 22:30:00,0.0
2030-05-10 22:45:00,0.0
2030-05-10 23:00:00,0.0
2030-05-10 23:15:00,0.0
2030-05-10 23:30:00,0.0
2030-05-10 23:45:00,0.0
2030-05-11 00:00:00,0.0
2030-05-11 00:15:00,0.0
2030-05-11 00:30:00,0.0
2030-05-11 00:45:00,0.0
2030-05-11 01:00:00,0.0
2030-05-11 01:15:00,0.0
2030-05-11 01:30:00,0.0
2030-05-11 01:45:00,0.0
2030-05-11 02:00:00,0.0
2030-05-11 02:15:00,0.0
2030-05-11 02:30:00,0.0
2030-05-11 02:45:00,0.0
2030-05-11 03:00:00,0.0
2030-05-11 03:15:00,0.0
2030-05-11 03:30:00,0.0
2030-05-11 03:45:00,0.0
2030-05-11 04:00:00,0.0
2030-05-11 04:15:00,0.0
2030-05-11 04:30:00,0.0
2030-05-11 04:45:00,0.0
2030-05-11 05:00:00,0.0
2030-05-11 05:15:00,0.0
2030-05-11 05:30:00,0.0
2030-05-11 05:45:00,0.0
2030-05-11 06:00:00,0.0
2030-05-11 06:15:00,0.0
2030-05-11 06:30:00,0.0
2030-05-11 06:45:00,0.0
2030-05-11 07:00:00,0.0
2030-05-11 07:15:00,0.0
2030-05-11 07:30:00,0.0
2030-05-11 07:45:00,0.0
2030-05-11 08:00:00,0.0
2030-05-11 08:15:00,0.0
2030-05-11 08:30:00,0.0
2030-05-11 08:45:00,0.0
2030-05-11 09:00:00,0.0
2030-05-11 09:15:00,0.0
2030-05-11 09:30:00,0.0
2030-05-11 09:45:00,0.0
2030-05-11 10:00:00,0.0
2030-05-11 10:15:00,0.0
2030-05-11 10:30:00,0.0
2030-05-11 10:45:00,0.0
2030-05-11 11:00:00,0.0
2030-05-11 11:15:00,0.0
2030-05-11 11:30:00,0.0
2030-05-11 11:45:00,0.0
2030-05-11 12:00:00,0.0
2030-05-11 12:15:00,0.0
2030-05-11 12:30:00,0.0
2030-05-11 12:45:00,0.0
2030-05-11 13:00:00,0.0
2030-05-11 13:15:00,0.0
2030-05-11 13:30:00,0.0
2030-05-11 13:45:00,0.0
2030-05-11 14:00:00,0.0
2030-05-11 14:15:00,0.0
2030-05-11 14:30:00,0.0
2030-05-11 14:45:00,0.0
2030-05-11 15:00:00,0.0
2030-05-11 15:15:00,0.0
2030-05-11 15:30:00,0.0
2030-05-11 15:45:00,0.0
2030-05-11 16:00:00,0.0
2030-05-11 16:15:00,0.0
2030-05-11 16:30:00,0.0
2030-05-11 16:45:00,0.0
2030-05-11 17:00:00,0.0
2030-05-11 17:15:00,0.0
2030-05-11 17:30:00,0.0
2030-05-11 17:45:00,0.0
2030-05-11 18:00:00,0.0
2030-05-11 18:15:00,0.0
2030-05-11 18:30:00,0.0
2030-05-11 18:45:00,0.0
2030-05-11 19:00:00,0.0
2030-05-11 19:15:00,0.0
2030-05-11 19:30:00,0.0
2030-05-11 19:45:00,0.0
2030-05-11 20:00:00,0.0
2030-05-11 20:15:00,0.0
2030-05-11 20:30:00,0.0
2030-05-11 20:45:00,0.0
2030-05-11 21:00:00,0.0
2030-05-11 21:15:00,0.0
2030-05-11 21:30:00,0.0
2030-05-11 21:45:00,0.0
2030-05-11 22:00:00,0.0
2030-05-11 22:15:00,0.0
2030-05-11 22:30:00,0.0
2030-05-11 22:45:00,0.0
2030-05-11 23:00:00,0.0
2030-05-11 23:15:00,0.0
2030-05-11 23:30:00,0.0
2030-05-11 23:45:00,0.0
2030-05-12 00:00:00,0.0
2030-05-12 00:15:00,0.0
2030-05-12 00:30:00,0.0
2030-05-12 00:45:00,0.0
2030-05-12 01:00:00,0.0
2030-05-12 01:15:00,0.0
2030-05-12 01:30:00,0.0
2030-05-12 01:45:00,0.0
2030-05-12 02:00:00,0.0
2030-05-12 02:15:00,0.0
2030-05-12 02:30:00,0.0
2030-05-12 02:45:00,0.0
2030-05-12 03:00:00,0.0
2030-05-12 03:15:00,0.0
2030-05-12 03:30:00,0.0
2030-05-12 03:45:00,0.0
2030-05-12 04:00:00,0.0
2030-05-12 04:15:00,0.0
2030-05-12 04:30:00,0.0
2030-05-12 04:45:00,0.0
2030-05-12 05:00:00,0.0
2030-05-12 05:15:00,0.0
2030-05-12 05:30:00,0.0
2030-05-12 05:45:00,0.0
2030-05-12 06:00:00,0.0
2030-05-12 06:15:00,0.0
2030-05-12 06:30:00,0.0
2030-05-12 06:45:00,0.0
2030-05-12 07:00:00,0.0
2030-05-12 07:15:00,0.0
2030-05-12 07:30:00,0.0
2030-05-12 07:45:00,0.0
2030-05-12 08:00:00,0.0
2030-05-12 08:15:00,0.0
2030-05-12 08:30:00,0.0
2030-05-12 08:45:00,0.0
2030-05-12 09:00:00,0.0
2030-05-12 09:15:00,0.0
2030-05-12 09:30:00,0.0
2030-05-12 09:45:00,0.0
2030-05-12 10:00:00,0.0
2030-05-12 10:15:00,0.0
2030-05-12 10:30:00,0.0
2030-05-12 10:45:00,0.0
2030-05-12 11:00:00,0.0
2030-05-12 11:15:00,0.0
2030-05-12 11:30:00,0.0
2030-05-12 11:45:00,0.0
2030-05-12 12:00:00,0.0
2030-05-12 12:15:00,0.0
2030-05-12 12:30:00,0.0
2030-05-12 12:45:00,0.0
2030-05-12 13:00:00,0.0
2030-05-12 13:15:00,0.0
2030-05-12 13:30:00,0.0
2030-05-12 13:45:00,0.0
2030-05-12 14:00:00,0.0
2030-05-12 14:15:00,0.0
2030-05-12 14:30:00,0.0
2030-05-12 14:45:00,0.0
2030-05-12 15:00:00,0.0
2030-05-12 15:15:00,0.0
2030-05-12 15:30:00,0.0
2030-05-12 15:45:00,0.0
2030-05-12 16:00:00,0.0
2030-05-12 16:15:00,0.0
2030-05-12 16:30:00,0.0
2030-05-12 16:45:00,0.0
2030-05-12 17:00:00,0.0
2030-05-12 17:15:00,0.0
2030-05-12 17:30:00,0.0
2030-05-12 17:45:00,0.0
2030-05-12 18:00:00,0.0
2030-05-12 18:15:00,0.0
2030-05-12 18:30:00,0.0
2030-05-12 18:45:00,0.0
2030-05-12 19:00:00,0.0
2030-05-12 19:15:00,0.0
2030-05-12 19:30:00,0.0
2030-05-12 19:45:00,0.0
2030-05-12 20:00:00,0.0
2030-05-12 20:15:00,0.0
2030-05-12 20:30:00,0.0
2030-05-12 20:45:00,0.0
2030-05-12 21:00:00,0.0
2030-05-12 21:15:00,0.0
2030-05-12 21:30:00,0.0
2030-05-12 21:45:00,0.0
2030-05-12 22:00:00,0.0
2030-05-12 22:15:00,0.0
2030-05-12 22:30:00,0.0
2030-05-12 22:45:00,0.0
2030-05-12 23:00:00,0.0
2030-05-12 23:15:00,0.0
2030-05-12 23:30:00,0.0
2030-05-12 23:45:00,0.0
2030-05-13 00:00:00,0.0
2030-05-13 00:15:00,0.0
2030-05-13 00:30:00,0.0
2030-05-13 00:45:00,0.0
2030-05-13 01:00:00,0.0
2030-05-13 01:15:00,0.0
2030-05-13 01:30:00,0.0
2030-05-13 01:45:00,0.0
2030-05-13 02:00:00,0.0
2030-05-13 02:15:00,0.0
2030-05-13 02:30:00,0.0
2030-05-13 02:45:00,0.0
2030-05-13 03:00:00,0.0
2030-05-13 03:15:00,0.0
2030-05-13 03:30:00,0.0
2030-05-13 03:45:00,0.0
2030-05-13 04:00:00,0.0
2030-05-13 04:15:00,0.0
2030-05-13 04:30:00,0.0
2030-05-13 04:45:00,0.0
2030-05-13 05:00:00,0.0
2030-05-13 05:15:00,0.0
2030-05-13 05:30:00,0.0
2030-05-13 05:45:00,0.0
2030-05-13 06:00:00,0.0
2030-05-13 06:15:00,0.0
2030-05-13 06:30:00,0.0
2030-05-13 06:45:00,0.0
2030-05-13 07:00:00,0.0
2030-05-13 07:15:00,0.0
2030-05-13 07:30:00,0.0
2030-05-13 07:45:00,0.0
2030-05-13 08:00:00,0.0
2030-05-13 08:15:00,0.0
2030-05-13 08:30:00,0.0
2030-05-13 08:45:00,0.0
2030-05-13 09:00:00,0.0
2030-05-13 09:15:00,0.0
2030-05-13 09:30:00,0.0
2030-05-13 09:45:00,0.0
2030-05-13 10:00:00,0.0
2030-05-13 10:15:00,0.0
2030-05-13 10:30:00,0.0
2030-05-13 10:45:00,0.0
2030-05-13 11:00:00,0.0
2030-05-13 11:15:00,0.0
2030-05-13 11:30:00,0.0
2030-05-13 11:45:00,0.0
2030-05-13 12:00:00,0.0
2030-05-13 12:15:00,0.0
2030-05-13 12:30:00,0.0
2030-05-13 12:45:00,0.0
2030-05-13 13:00:00,0.0
2030-05-13 13:15:00,0.0
2030-05-13 13:30:00,0.0
2030-05-13 13:45:00,0.0
2030-05-13 14:00:00,0.0
2030-05-13 14:15:00,0.0
2030-05-13 14:30:00,0.0
2030-05-13 14:45:00,0.0
2030-05-13 15:00:00,0.0
2030-05-13 15:15:00,0.0
2030-05-13 15:30:00,0.0
2030-05-13 15:45:00,0.0
2030-05-13 16:00:00,0.0
2030-05-13 16:15:00,0.0
2030-05-13 16:30:00,0.0
2030-05-13 16:45:00,0.0
2030-05-13 17:00:00,0.0
2030-05-13 17:15:00,0.0
2030-05-13 17:30:00,0.0
2030-05-13 17:45:00,0.0
2030-05-13 18:00:00,0.0
2030-05-13 18:15:00,0.0
2030-05-13 18:30:00,0.0
2030-05-13 18:45:00,0.0
2030-05-13 19:00:00,0.0
2030-05-13 19:15:00,0.0
2030-05-13 19:30:00,0.0
2030-05-13 19:45:00,0.0
2030-05-13 20:00:00,0.0
2030-05-13 20:15:00,0.0
2030-05-13 20:30:00,0.0
2030-05-13 20:45:00,0.0
2030-05-13 21:00:00,0.0
2030-05-13 21:15:00,0.0
2030-05-13 21:30:00,0.0
2030-05-13 21:45:00,0.0
2030-05-13 22:00:00,0.0
2030-05-13 22:15:00,0.0
2030-05-13 22:30:00,0.0
2030-05-13 22:45:00,0.0
2030-05-13 23:00:00,0.0
2030-05-13 23:15:00,0.0
2030-05-13 23:30:00,0.0
2030-05-13 23:45:00,0.0
2030-05-14 00:00:00,0.0
2030-05-14 00:15:00,0.0
2030-05-14 00:30:00,0.0
2030-05-14 00:45:00,0.0
2030-05-14 01:00:00,0.0
2030-05-14 01:15:00,0.0
2030-05-14 01:30:00,0.0
2030-05-14 01:45:00,0.0
2030-05-14 02:00:00,0.0
2030-05-14 02:15:00,0.0
2030-05-14 02:30:00,0.0
2030-05-14 02:45:00,0.0
2030-05-14 03:00:00,0.0
2030-05-14 03:15:00,0.0
2030-05-14 03:30:00,0.0
2030-05-14 03:45:00,0.0
2030-05-14 04:00:00,0.0
2030-05-14 04:15:00,0.0
2030-05-14 04:30:00,0.0
2030-05-14 04:45:00,0.0
2030-05-14 05:00:00,0.0
2030-05-14 05:15:00,0.0
2030-05-14 05:30:00,0.0
2030-05-14 05:45:00,0.0
2030-05-14 06:00:00,0.0
2030-05-14 06:15:00,0.0
2030-05-14 06:30:00,0.0
2030-05-14 06:45:00,0.0
2030-05-14 07:00:00,0.0
2030-05-14 07:15:00,0.0
2030-05-14 07:30:00,0.0
2030-05-14 07:45:00,0.0
2030-05-14 08:00:00,0.0
2030-05-14 08:15:00,0.0
2030-05-14 08:30:00,0.0
2030-05-14 08:45:00,0.0
2030-05-14 09:00:00,0.0
2030-05-14 09:15:00,0.0
2030-05-14 09:30:00,0.0
2030-05-14 09:45:00,0.0
2030-05-14 10:00:00,0.0
2030-05-14 10:15:00,0.0
2030-05-14 10:30:00,0.0
2030-05-14 10:45:00,0.0
2030-05-14 11:00:00,0.0
2030-05-14 11:15:00,0.0
2030-05-14 11:30:00,0.0
2030-05-14 11:45:00,0.0
2030-05-14 12:00:00,0.0
2030-05-14 12:15:00,0.0
2030-05-14 12:30:00,0.0
2030-05-14 12:45:00,0.0
2030-05-14 13:00:00,0.0
2030-05-14 13:15:00,0.0
2030-05-14 13:30:00,0.0
2030-05-14 13:45:00,0.0
2030-05-14 14:00:00,0.0
2030-05-14 14:15:00,0.0
2030-05-14 14:30:00,0.0
2030-05-14 14:45:00,0.0
2030-05-14 15:00:00,0.0
2030-05-14 15:15:00,0.0
2030-05-14 15:30:00,0.0
2030-05-14 15:45:00,0.0
2030-05-14 16:00:00,0.0
2030-05-14 16:15:00,0.0
2030-05-14 16:30:00,0.0
2030-05-14 16:45:00,0.0
2030-05-14 17:00:00,0.0
2030-05-14 17:15:00,0.0
2030-05-14 17:30:00,0.0
2030-05-14 17:45:00,0.0
2030-05-14 18:00:00,0.0
2030-05-14 18:15:00,0.0
2030-05-14 18:30:00,0.0
2030-05-14 18:45:00,0.0
2030-05-14 19:00:00,0.0
2030-05-14 19:15:00,0.0
2030-05-14 19:30:00,0.0
2030-05-14 19:45:00,0.0
2030-05-14 20:00:00,0.0
2030-05-14 20:15:00,0.0
2030-05-14 20:30:00,0.0
2030-05-14 20:45:00,0.0
2030-05-14 21:00:00,0.0
2030-05-14 21:15:00,0.0
2030-05-14 21:30:00,0.0
2030-05-14 21:45:00,0.0
2030-05-14 22:00:00,0.0
2030-05-14 22:15:00,0.0
2030-05-14 22:30:00,0.0
2030-05-14 22:45:00,0.0
2030-05-14 23:00:00,0.0
2030-05-14 23:15:00,0.0
2030-05-14 23:30:00,0.0
2030-05-14 23:45:00,0.0
2030-05-15 00:00:00,0.0
2030-05-15 00:15:00,0.0
2030-05-15 00:30:00,0.0
2030-05-15 00:45:00,0.0
2030-05-15 01:00:00,0.0
2030-05-15 01:15:00,0.0
2030-05-15 01:30:00,0.0
2030-05-15 01:45:00,0.0
2030-05-15 02:00:00,0.0
2030-05-15 02:15:00,0.0
2030-05-15 02:30:00,0.0
2030-05-15 02:45:00,0.0
2030-05-15 03:00:00,0.0
2030-05-15 03:15:00,0.0
2030-05-15 03:30:00,0.0
2030-05-15 03:45:00,0.0
2030-05-15 04:00:00,0.0
2030-05-15 04:15:00,0.0
2030-05-15 04:30:00,0.0
2030-05-15 04:45:00,0.0
2030-05-15 05:00:00,0.0
2030-05-15 05:15:00,0.0
2030-05-15 05:30:00,0.0
2030-05-15 05:45:00,0.0
2030-05-15 06:00:00,0.0
2030-05-15 06:15:00,0.0
2030-05-15 06:30:00,0.0
2030-05-15 06:45:00,0.0
2030-05-15 07:00:00,0.0
2030-05-15 07:15:00,0.0
2030-05-15 07:30:00,0.0
2030-05-15 07:45:00,0.0
2030-05-15 08:00:00,0.0
2030-05-15 08:15:00,0.0
2030-05-15 08:30:00,0.0
2030-05-15 08:45:00,0.0
2030-05-15 09:00:00,0.0
2030-05-15 09:15:00,0.0
2030-05-15 09:30:00,0.0
2030-05-15 09:45:00,0.0
2030-05-15 10:00:00,0.0
2030-05-15 10:15:00,0.0
2030-05-15 10:30:00,0.0
2030-05-15 10:45:00,0.0
2030-05-15 11:00:00,0.0
2030-05-15 11:15:00,0.0
2030-05-15 11:30:00,0.0
2030-05-15 11:45:00,0.0
2030-05-15 12:00:00,0.0
2030-05-15 12:15:00,0.0
2030-05-15 12:30:00,0.0
2030-05-15 12:45:00,0.0
2030-05-15 13:00:00,0.0
2030-05-15 13:15:00,0.0
2030-05-15 13:30:00,0.0
2030-05-15 13:45:00,0.0
2030-05-15 14:00:00,0.0
2030-05-15 14:15:00,0.0
2030-05-15 14:30:00,0.0
2030-05-15 14:45:00,0.0
2030-05-15 15:00:00,0.0
2030-05-15 15:15:00,0.0
2030-05-15 15:30:00,0.0
2030-05-15 15:45:00,0.0
2030-05-15 16:00:00,0.0
2030-05-15 16:15:00,0.0
2030-05-15 16:30:00,0.0
2030-05-15 16:45:00,0.0
2030-05-15 17:00:00,0.0
2030-05-15 17:15:00,0.0
2030-05-15 17:30:00,0.0
2030-05-15 17:45:00,0.0
2030-05-15 18:00:00,0.0
2030-05-15 18:15:00,0.0
2030-05-15 18:30:00,0.0
2030-05-15 18:45:00,0.0
2030-05-15 19:00:00,0.0
2030-05-15 19:15:00,0.0
2030-05-15 19:30:00,0.0
2030-05-15 19:45:00,0.0
2030-05-15 20:00:00,0.0
2030-05-15 20:15:00,0.0
2030-05-15 20:30:00,0.0
2030-05-15 20:45:00,0.0
2030-05-15 21:00:00,0.0
2030-05-15 21:15:00,0.0
2030-05-15 21:30:00,0.0
2030-05-15 21:45:00,0.0
2030-05-15 22:00:00,0.0
2030-05-15 22:15:00,0.0
2030-05-15 22:30:00,0.0
2030-05-15 22:45:00,0.0
2030-05-15 23:00:00,0.0
2030-05-15 23:15:00,0.0
2030-05-15 23:30:00,0.0
2030-05-15 23:45:00,0.0
2030-05-16 00:00:00,0.0
2030-05-16 00:15:00,0.0
2030-05-16 00:30:00,0.0
2030-05-16 00:45:00,0.0
2030-05-16 01:00:00,0.0
2030-05-16 01:15:00,0.0
2030-05-16 01:30:00,0.0
2030-05-16 01:45:00,0.0
2030-05-16 02:00:00,0.0
2030-05-16 02:15:00,0.0
2030-05-16 02:30:00,0.0
2030-05-16 02:45:00,0.0
2030-05-16 03:00:00,0.0
2030-05-16 03:15:00,0.0
2030-05-16 03:30:00,0.0
2030-05-16 03:45:00,0.0
2030-05-16 04:00:00,0.0
2030-05-16 04:15:00,0.0
2030-05-16 04:30:00,0.0
2030-05-16 04:45:00,0.0
2030-05-16 05:00:00,0.0
2030-05-16 05:15:00,0.0
2030-05-16 05:30:00,0.0
2030-05-16 05:45:00,0.0
2030-05-16 06:00:00,0.0
2030-05-16 06:15:00,0.0
2030-05-16 06:30:00,0.0
2030-05-16 06:45:00,0.0
2030-05-16 07:00:00,0.0
2030-05-16 07:15:00,0.0
2030-05-16 07:30:00,0.0
2030-05-16 07:45:00,0.0
2030-05-16 08:00:00,0.0
2030-05-16 08:15:00,0.0
2030-05-16 08:30:00,0.0
2030-05-16 08:45:00,0.0
2030-05-16 09:00:00,0.0
2030-05-16 09:15:00,0.0
2030-05-16 09:30:00,0.0
2030-05-16 09:45:00,0.0
2030-05-16 10:00:00,0.0
2030-05-16 10:15:00,0.0
2030-05-16 10:30:00,0.0
2030-05-16 10:45:00,0.0
2030-05-16 11:00:00,0.0
2030-05-16 11:15:00,0.0
2030-05-16 11:30:00,0.0
2030-05-16 11:45:00,0.0
2030-05-16 12:00:00,0.0
2030-05-16 12:15:00,0.0
2030-05-16 12:30:00,0.0
2030-05-16 12:45:00,0.0
2030-05-16 13:00:00,0.0
2030-05-16 13:15:00,0.0
2030-05-16 13:30:00,0.0
2030-05-16 13:45:00,0.0
2030-05-16 14:00:00,0.0
2030-05-16 14:15:00,0.0
2030-05-16 14:30:00,0.0
2030-05-16 14:45:00,0.0
2030-05-16 15:00:00,0.0
2030-05-16 15:15:00,0.0
2030-05-16 15:30:00,0.0
2030-05-16 15:45:00,0.0
2030-05-16 16:00:00,0.0
2030-05-16 16:15:00,0.0
2030-05-16 16:30:00,0.0
2030-05-16 16:45:00,0.0
2030-05-16 17:00:00,0.0
2030-05-16 17:15:00,0.0
2030-05-16 17:30:00,0.0
2030-05-16 17:45:00,0.0
2030-05-16 18:00:00,0.0
2030-05-16 18:15:00,0.0
2030-05-16 18:30:00,0.0
2030-05-16 18:45:00,0.0
2030-05-16 19:00:00,0.0
2030-05-16 19:15:00,0.0
2030-05-16 19:30:00,0.0
2030-05-16 19:45:00,0.0
2030-05-16 20:00:00,0.0
2030-05-16 20:15:00,0.0
2030-05-16 20:30:00,0.0
2030-05-16 20:45:00,0.0
2030-05-16 21:00:00,0.0
2030-05-16 21:15:00,0.0
2030-05-16 21:30:00,0.0
2030-05-16 21:45:00,0.0
2030-05-16 22:00:00,0.0
2030-05-16 22:15:00,0.0
2030-05-16 22:30:00,0.0
2030-05-16 22:45:00,0.0
2030-05-16 23:00:00,0.0
2030-05-16 23:15:00,0.0
2030-05-16 23:30:00,0.0
2030-05-16 23:45:00,0.0
2030-05-17 00:00:00,0.0
2030-05-17 00:15:00,0.0
2030-05-17 00:30:00,0.0
2030-05-17 00:45:00,0.0
2030-05-17 01:00:00,0.0
2030-05-17 01:15:00,0.0
2030-05-17 01:30:00,0.0
2030-05-17 01:45:00,0.0
2030-05-17 02:00:00,0.0
2030-05-17 02:15:00,0.0
2030-05-17 02:30:00,0.0
2030-05-17 02:45:00,0.0
2030-05-17 03:00:00,0.0
2030-05-17 03:15:00,0.0
2030-05-17 03:30:00,0.0
2030-05-17 03:45:00,0.0
2030-05-17 04:00:00,0.0
2030-05-17 04:15:00,0.0
2030-05-17 04:30:00,0.0
2030-05-17 04:45:00,0.0
2030-05-17 05:00:00,0.0
2030-05-17 05:15:00,0.0
2030-05-17 05:30:00,0.0
2030-05-17 05:45:00,0.0
2030-05-17 06:00:00,0.0
2030-05-17 06:15:00,0.0
2030-05-17 06:30:00,0.0
2030-05-17 06:45:00,0.0
2030-05-17 07:00:00,0.0
2030-05-17 07:15:00,0.0
2030-05-17 07:30:00,0.0
2030-05-17 07:45:00,0.0
2030-05-17 08:00:00,0.0
2030-05-17 08:15:00,0.0
2030-05-17 08:30:00,0.0
2030-05-17 08:45:00,0.0
2030-05-17 09:00:00,0.0
2030-05-17 09:15:00,0.0
2030-05-17 09:30:00,0.0
2030-05-17 09:45:00,0.0
2030-05-17 10:00:00,0.0
2030-05-17 10:15:00,0.0
2030-05-17 10:30:00,0.0
2030-05-17 10:45:00,0.0
2030-05-17 11:00:00,0.0
2030-05-17 11:15:00,0.0
2030-05-17 11:30:00,0.0
2030-05-17 11:45:00,0.0
2030-05-17 12:00:00,0.0
2030-05-17 12:15:00,0.0
2030-05-17 12:30:00,0.0
2030-05-17 12:45:00,0.0
2030-05-17 13:00:00,0.0
2030-05-17 13:15:00,0.0
2030-05-17 13:30:00,0.0
2030-05-17 13:45:00,0.0
2030-05-17 14:00:00,0.0
2030-05-17 14:15:00,0.0
2030-05-17 14:30:00,0.0
2030-05-17 14:45:00,0.0
2030-05-17 15:00:00,0.0
2030-05-17 15:15:00,0.0
2030-05-17 15:30:00,0.0
2030-05-17 15:45:00,0.0
2030-05-17 16:00:00,0.0
2030-05-17 16:15:00,0.0
2030-05-17 16:30:00,0.0
2030-05-17 16:45:00,0.0
2030-05-17 17:00:00,0.0
2030-05-17 17:15:00,0.0
2030-05-17 17:30:00,0.0
2030-05-17 17:45:00,0.0
2030-05-17 18:00:00,0.0
2030-05-17 18:15:00,0.0
2030-05-17 18:30:00,0.0
2030-05-17 18:45:00,0.0
2030-05-17 19:00:00,0.0
2030-05-17 19:15:00,0.0
2030-05-17 19:30:00,0.0
2030-05-17 19:45:00,0.0
2030-05-17 20:00:00,0.0
2030-05-17 20:15:00,0.0
2030-05-17 20:30:00,0.0
2030-05-17 20:45:00,0.0
2030-05-17 21:00:00,0.0
2030-05-17 21:15:00,0.0
2030-05-17 21:30:00,0.0
2030-05-17 21:45:00,0.0
2030-05-17 22:00:00,0.0
2030-05-17 22:15:00,0.0
2030-05-17 22:30:00,0.0
2030-05-17 22:45:00,0.0
2030-05-17 23:00:00,0.0
2030-05-17 23:15:00,0.0
2030-05-17 23:30:00,0.0
2030-05-17 23:45:00,0.0
2030-05-18 00:00:00,0.0
2030-05-18 00:15:00,0.0
2030-05-18 00:30:00,0.0
2030-05-18 00:45:00,0.0
2030-05-18 01:00:00,0.0
2030-05-18 01:15:00,0.0
2030-05-18 01:30:00,0.0
2030-05-18 01:45:00,0.0
2030-05-18 02:00:00,0.0
2030-05-18 02:15:00,0.0
2030-05-18 02:30:00,0.0
2030-05-18 02:45:00,0.0
2030-05-18 03:00:00,0.0
2030-05-18 03:15:00,0.0
2030-05-18 03:30:00,0.0
2030-05-18 03:45:00,0.0
2030-05-18 04:00:00,0.0
2030-05-18 04:15:00,0.0
2030-05-18 04:30:00,0.0
2030-05-18 04:45:00,0.0
2030-05-18 05:00:00,0.0
2030-05-18 05:15:00,0.0
2030-05-18 05:30:00,0.0
2030-05-18 05:45:00,0.0
2030-05-18 06:00:00,0.0
2030-05-18 06:15:00,0.0
2030-05-18 06:30:00,0.0
2030-05-18 06:45:00,0.0
2030-05-18 07:00:00,0.0
2030-05-18 07:15:00,0.0
2030-05-18 07:30:00,0.0
2030-05-18 07:45:00,0.0
2030-05-18 08:00:00,0.0
2030-05-18 08:15:00,0.0
2030-05-18 08:30:00,0.0
2030-05-18 08:45:00,0.0
2030-05-18 09:00:00,0.0
2030-05-18 09:15:00,0.0
2030-05-18 09:30:00,0.0
2030-05-18 09:45:00,0.0
2030-05-18 10:00:00,0.0
2030-05-18 10:15:00,0.0
2030-05-18 10:30:00,0.0
2030-05-18 10:45:00,0.0
2030-05-18 11:00:00,0.0
2030-05-18 11:15:00,0.0
2030-05-18 11:30:00,0.0
2030-05-18 11:45:00,0.0
2030-05-18 12:00:00,0.0
2030-05-18 12:15:00,0.0
2030-05-18 12:30:00,0.0
2030-05-18 12:45:00,0.0
2030-05-18 13:00:00,0.0
2030-05-18 13:15:00,0.0
2030-05-18 13:30:00,0.0
2030-05-18 13:45:00,0.0
2030-05-18 14:00:00,0.0
2030-05-18 14:15:00,0.0
2030-05-18 14:30:00,0.0
2030-05-18 14:45:00,0.0
2030-05-18 15:00:00,0.0
2030-05-18 15:15:00,0.0
2030-05-18 15:30:00,0.0
2030-05-18 15:45:00,0.0
2030-05-18 16:00:00,0.0
2030-05-18 16:15:00,0.0
2030-05-18 16:30:00,0.0
2030-05-18 16:45:00,0.0
2030-05-18 17:00:00,0.0
2030-05-18 17:15:00,0.0
2030-05-18 17:30:00,0.0
2030-05-18 17:45:00,0.0
2030-05-18 18:00:00,0.0
2030-05-18 18:15:00,0.0
2030-05-18 18:30:00,0.0
2030-05-18 18:45:00,0.0
2030-05-18 19:00:00,0.0
2030-05-18 19:15:00,0.0
2030-05-18 19:30:00,0.0
2030-05-18 19:45:00,0.0
2030-05-18 20:00:00,0.0
2030-05-18 20:15:00,0.0
2030-05-18 20:30:00,0.0
2030-05-18 20:45:00,0.0
2030-05-18 21:00:00,0.0
2030-05-18 21:15:00,0.0
2030-05-18 21:30:00,0.0
2030-05-18 21:45:00,0.0
2030-05-18 22:00:00,0.0
2030-05-18 22:15:00,0.0
2030-05-18 22:30:00,0.0
2030-05-18 22:45:00,0.0
2030-05-18 23:00:00,0.0
2030-05-18 23:15:00,0.0
2030-05-18 23:30:00,0.0
2030-05-18 23:45:00,0.0
2030-05-19 00:00:00,0.0
2030-05-19 00:15:00,0.0
2030-05-19 00:30:00,0.0
2030-05-19 00:45:00,0.0
2030-05-19 01:00:00,0.0
2030-05-19 01:15:00,0.0
2030-05-19 01:30:00,0.0
2030-05-19 01:45:00,0.0
2030-05-19 02:00:00,0.0
2030-05-19 02:15:00,0.0
2030-05-19 02:30:00,0.0
2030-05-19 02:45:00,0.0
2030-05-19 03:00:00,0.0
2030-05-19 03:15:00,0.0
2030-05-19 03:30:00,0.0
2030-05-19 03:45:00,0.0
2030-05-19 04:00:00,0.0
2030-05-19 04:15:00,0.0
2030-05-19 04:30:00,0.0
2030-05-19 04:45:00,0.0
2030-05-19 05:00:00,0.0
2030-05-19 05:15:00,0.0
2030-05-19 05:30:00,0.0
2030-05-19 05:45:00,0.0
2030-05-19 06:00:00,0.0
2030-05-19 06:15:00,0.0
2030-05-19 06:30:00,0.0
2030-05-19 06:45:00,0.0
2030-05-19 07:00:00,0.0
2030-05-19 07:15:00,0.0
2030-05-19 07:30:00,0.0
2030-05-19 07:45:00,0.0
2030-05-19 08:00:00,0.0
2030-05-19 08:15:00,0.0
2030-05-19 08:30:00,0.0
2030-05-19 08:45:00,0.0
2030-05-19 09:00:00,0.0
2030-05-19 09:15:00,0.0
2030-05-19 09:30:00,0.0
2030-05-19 09:45:00,0.0
2030-05-19 10:00:00,0.0
2030-05-19 10:15:00,0.0
2030-05-19 10:30:00,0.0
2030-05-19 10:45:00,0.0
2030-05-19 11:00:00,0.0
2030-05-19 11:15:00,0.0
2030-05-19 11:30:00,0.0
2030-05-19 11:45:00,0.0
2030-05-19 12:00:00,0.0
2030-05-19 12:15:00,0.0
2030-05-19 12:30:00,0.0
2030-05-19 12:45:00,0.0
2030-05-19 13:00:00,0.0
2030-05-19 13:15:00,0.0
2030-05-19 13:30:00,0.0
2030-05-19 13:45:00,0.0
2030-05-19 14:00:00,0.0
2030-05-19 14:15:00,0.0
2030-05-19 14:30:00,0.0
2030-05-19 14:45:00,0.0
2030-05-19 15:00:00,0.0
2030-05-19 15:15:00,0.0
2030-05-19 15:30:00,0.0
2030-05-19 15:45:00,0.0
2030-05-19 16:00:00,0.0
2030-05-19 16:15:00,0.0
2030-05-19 16:30:00,0.0
2030-05-19 16:45:00,0.0
2030-05-19 17:00:00,0.0
2030-05-19 17:15:00,0.0
2030-05-19 17:30:00,0.0
2030-05-19 17:45:00,0.0
2030-05-19 18:00:00,0.0
2030-05-19 18:15:00,0.0
2030-05-19 18:30:00,0.0
2030-05-19 18:45:00,0.0
2030-05-19 19:00:00,0.0
2030-05-19 19:15:00,0.0
2030-05-19 19:30:00,0.0
2030-05-19 19:45:00,0.0
2030-05-19 20:00:00,0.0
2030-05-19 20:15:00,0.0
2030-05-19 20:30:00,0.0
2030-05-19 20:45:00,0.0
2030-05-19 21:00:00,0.0
2030-05-19 21:15:00,0.0
2030-05-19 21:30:00,0.0
2030-05-19 21:45:00,0.0
2030-05-19 22:00:00,0.0
2030-05-19 22:15:00,0.0
2030-05-19 22:30:00,0.0
2030-05-19 22:45:00,0.0
2030-05-19 23:00:00,0.0
2030-05-19 23:15:00,0.0
2030-05-19 23:30:00,0.0
2030-05-19 23:45:00,0.0
2030-05-20 00:00:00,0.0
2030-05-20 00:15:00,0.0
2030-05-20 00:30:00,0.0
2030-05-20 00:45:00,0.0
2030-05-20 01:00:00,0.0
2030-05-20 01:15:00,0.0
2030-05-20 01:30:00,0.0
2030-05-20 01:45:00,0.0
2030-05-20 02:00:00,0.0
2030-05-20 02:15:00,0.0
2030-05-20 02:30:00,0.0
2030-05-20 02:45:00,0.0
2030-05-20 03:00:00,0.0
2030-05-20 03:15:00,0.0
2030-05-20 03:30:00,0.0
2030-05-20 03:45:00,0.0
2030-05-20 04:00:00,0.0
2030-05-20 04:15:00,0.0
2030-05-20 04:30:00,0.0
2030-05-20 04:45:00,0.0
2030-05-20 05:00:00,0.0
2030-05-20 05:15:00,0.0
2030-05-20 05:30:00,0.0
2030-05-20 05:45:00,0.0
2030-05-20 06:00:00,0.0
2030-05-20 06:15:00,0.0
2030-05-20 06:30:00,0.0
2030-05-20 06:45:00,0.0
2030-05-20 07:00:00,0.0
2030-05-20 07:15:00,0.0
2030-05-20 07:30:00,0.0
2030-05-20 07:45:00,0.0
2030-05-20 08:00:00,0.0
2030-05-20 08:15:00,0.0
2030-05-20 08:30:00,0.0
2030-05-20 08:45:00,0.0
2030-05-20 09:00:00,0.0
2030-05-20 09:15:00,0.0
2030-05-20 09:30:00,0.0
2030-05-20 09:45:00,0.0
2030-05-20 10:00:00,0.0
2030-05-20 10:15:00,0.0
2030-05-20 10:30:00,0.0
2030-05-20 10:45:00,0.0
2030-05-20 11:00:00,0.0
2030-05-20 11:15:00,0.0
2030-05-20 11:30:00,0.0
2030-05-20 11:45:00,0.0
2030-05-20 12:00:00,0.0
2030-05-20 12:15:00,0.0
2030-05-20 12:30:00,0.0
2030-05-20 12:45:00,0.0
2030-05-20 13:00:00,0.0
2030-05-20 13:15:00,0.0
2030-05-20 13:30:00,0.0
2030-05-20 13:45:00,0.0
2030-05-20 14:00:00,0.0
2030-05-20 14:15:00,0.0
2030-05-20 14:30:00,0.0
2030-05-20 14:45:00,0.0
2030-05-20 15:00:00,0.0
2030-05-20 15:15:00,0.0
2030-05-20 15:30:00,0.0
2030-05-20 15:45:00,0.0
2030-05-20 16:00:00,0.0
2030-05-20 16:15:00,0.0
2030-05-20 16:30:00,0.0
2030-05-20 16:45:00,0.0
2030-05-20 17:00:00,0.0
2030-05-20 17:15:00,0.0
2030-05-20 17:30:00,0.0
2030-05-20 17:45:00,0.0
2030-05-20 18:00:00,0.0
2030-05-20 18:15:00,0.0
2030-05-20 18:30:00,0.0
2030-05-20 18:45:00,0.0
2030-05-20 19:00:00,0.0
2030-05-20 19:15:00,0.0
2030-05-20 19:30:00,0.0
2030-05-20 19:45:00,0.0
2030-05-20 20:00:00,0.0
2030-05-20 20:15:00,0.0
2030-05-20 20:30:00,0.0
2030-05-20 20:45:00,0.0
2030-05-20 21:00:00,0.0
2030-05-20 21:15:00,0.0
2030-05-20 21:30:00,0.0
2030-05-20 21:45:00,0.0
2030-05-20 22:00:00,0.0
2030-05-20 22:15:00,0.0
2030-05-20 22:30:00,0.0
2030-05-20 22:45:00,0.0
2030-05-20 23:00:00,0.0
2030-05-20 23:15:00,0.0
2030-05-20 23:30:00,0.0
2030-05-20 23:45:00,0.0
2030-05-21 00:00:00,0.0
2030-05-21 00:15:00,0.0
2030-05-21 00:30:00,0.0
2030-05-21 00:45:00,0.0
2030-05-21 01:00:00,0.0
2030-05-21 01:15:00,0.0
2030-05-21 01:30:00,0.0
2030-05-21 01:45:00,0.0
2030-05-21 02:00:00,0.0
2030-05-21 02:15:00,0.0
2030-05-21 02:30:00,0.0
2030-05-21 02:45:00,0.0
2030-05-21 03:00:00,0.0
2030-05-21 03:15:00,0.0
2030-05-21 03:30:00,0.0
2030-05-21 03:45:00,0.0
2030-05-21 04:00:00,0.0
2030-05-21 04:15:00,0.0
2030-05-21 04:30:00,0.0
2030-05-21 04:45:00,0.0
2030-05-21 05:00:00,0.0
2030-05-21 05:15:00,0.0
2030-05-21 05:30:00,0.0
2030-05-21 05:45:00,0.0
2030-05-21 06:00:00,0.0
2030-05-21 06:15:00,0.0
2030-05-21 06:30:00,0.0
2030-05-21 06:45:00,0.0
2030-05-21 07:00:00,0.0
2030-05-21 07:15:00,0.0
2030-05-21 07:30:00,0.0
2030-05-21 07:45:00,0.0
2030-05-21 08:00:00,0.0
2030-05-21 08:15:00,0.0
2030-05-21 08:30:00,0.0
2030-05-21 08:45:00,0.0
2030-05-21 09:00:00,0.0
2030-05-21 09:15:00,0.0
2030-05-21 09:30:00,0.0
2030-05-21 09:45:00,0.0
2030-05-21 10:00:00,0.0
2030-05-21 10:15:00,0.0
2030-05-21 10:30:00,0.0
2030-05-21 10:45:00,0.0
2030-05-21 11:00:00,0.0
2030-05-21 11:15:00,0.0
2030-05-21 11:30:00,0.0
2030-05-21 11:45:00,0.0
2030-05-21 12:00:00,0.0
2030-05-21 12:15:00,0.0
2030-05-21 12:30:00,0.0
2030-05-21 12:45:00,0.0
2030-05-21 13:00:00,0.0
2030-05-21 13:15:00,0.0
2030-05-21 13:30:00,0.0
2030-05-21 13:45:00,0.0
2030-05-21 14:00:00,0.0
2030-05-21 14:15:00,0.0
2030-05-21 14:30:00,0.0
2030-05-21 14:45:00,0.0
2030-05-21 15:00:00,0.0
2030-05-21 15:15:00,0.0
2030-05-21 15:30:00,0.0
2030-05-21 15:45:00,0.0
2030-05-21 16:00:00,0.0
2030-05-21 16:15:00,0.0
2030-05-21 16:30:00,0.0
2030-05-21 16:45:00,0.0
2030-05-21 17:00:00,0.0
2030-05-21 17:15:00,0.0
2030-05-21 17:30:00,0.0
2030-05-21 17:45:00,0.0
2030-05-21 18:00:00,0.0
2030-05-21 18:15:00,0.0
2030-05-21 18:30:00,0.0
2030-05-21 18:45:00,0.0
2030-05-21 19:00:00,0.0
2030-05-21 19:15:00,0.0
2030-05-21 19:30:00,0.0
2030-05-21 19:45:00,0.0
2030-05-21 20:00:00,0.0
2030-05-21 20:15:00,0.0
2030-05-21 20:30:00,0.0
2030-05-21 20:45:00,0.0
2030-05-21 21:00:00,0.0
2030-05-21 21:15:00,0.0
2030-05-21 21:30:00,0.0
2030-05-21 21:45:00,0.0
2030-05-21 22:00:00,0.0
2030-05-21 22:15:00,0.0
2030-05-21 22:30:00,0.0
2030-05-21 22:45:00,0.0
2030-05-21 23:00:00,0.0
2030-05-21 23:15:00,0.0
2030-05-21 23:30:00,0.0
2030-05-21 23:45:00,0.0
2030-05-22 00:00:00,0.0
2030-05-22 00:15:00,0.0
2030-05-22 00:30:00,0.0
2030-05-22 00:45:00,0.0
2030-05-22 01:00:00,0.0
2030-05-22 01:15:00,0.0
2030-05-22 01:30:00,0.0
2030-05-22 01:45:00,0.0
2030-05-22 02:00:00,0.0
2030-05-22 02:15:00,0.0
2030-05-22 02:30:00,0.0
2030-05-22 02:45:00,0.0
2030-05-22 03:00:00,0.0
2030-05-22 03:15:00,0.0
2030-05-22 03:30:00,0.0
2030-05-22 03:45:00,0.0
2030-05-22 04:00:00,0.0
2030-05-22 04:15:00,0.0
2030-05-22 04:30:00,0.0
2030-05-22 04:45:00,0.0
2030-05-22 05:00:00,0.0
2030-05-22 05:15:00,0.0
2030-05-22 05:30:00,0.0
2030-05-22 05:45:00,0.0
2030-05-22 06:00:00,0.0
2030-05-22 06:15:00,0.0
2030-05-22 06:30:00,0.0
2030-05-22 06:45:00,0.0
2030-05-22 07:00:00,0.0
2030-05-22 07:15:00,0.0
2030-05-22 07:30:00,0.0
2030-05-22 07:45:00,0.0
2030-05-22 08:00:00,0.0
2030-05-22 08:15:00,0.0
2030-05-22 08:30:00,0.0
2030-05-22 08:45:00,0.0
2030-05-22 09:00:00,0.0
2030-05-22 09:15:00,0.0
2030-05-22 09:30:00,0.0
2030-05-22 09:45:00,0.0
2030-05-22 10:00:00,0.0
2030-05-22 10:15:00,0.0
2030-05-22 10:30:00,0.0
2030-05-22 10:45:00,0.0
2030-05-22 11:00:00,0.0
2030-05-22 11:15:00,0.0
2030-05-22 11:30:00,0.0
2030-05-22 11:45:00,0.0
2030-05-22 12:00:00,0.0
2030-05-22 12:15:00,0.0
2030-05-22 12:30:00,0.0
2030-05-22 12:45:00,0.0
2030-05-22 13:00:00,0.0
2030-05-22 13:15:00,0.0
2030-05-22 13:30:00,0.0
2030-05-22 13:45:00,0.0
2030-05-22 14:00:00,0.0
2030-05-22 14:15:00,0.0
2030-05-22 14:30:00,0.0
2030-05-22 14:45:00,0.0
2030-05-22 15:00:00,0.0
2030-05-22 15:15:00,0.0
2030-05-22 15:30:00,0.0
2030-05-22 15:45:00,0.0
2030-05-22 16:00:00,0.0
2030-05-22 16:15:00,0.0
2030-05-22 16:30:00,0.0
2030-05-22 16:45:00,0.0
2030-05-22 17:00:00,0.0
2030-05-22 17:15:00,0.0
2030-05-22 17:30:00,0.0
2030-05-22 17:45:00,0.0
2030-05-22 18:00:00,0.0
2030-05-22 18:15:00,0.0
2030-05-22 18:30:00,0.0
2030-05-22 18:45:00,0.0
2030-05-22 19:00:00,0.0
2030-05-22 19:15:00,0.0
2030-05-22 19:30:00,0.0
2030-05-22 19:45:00,0.0
2030-05-22 20:00:00,0.0
2030-05-22 20:15:00,0.0
2030-05-22 20:30:00,0.0
2030-05-22 20:45:00,0.0
2030-05-22 21:00:00,0.0
2030-05-22 21:15:00,0.0
2030-05-22 21:30:00,0.0
2030-05-22 21:45:00,0.0
2030-05-22 22:00:00,0.0
2030-05-22 22:15:00,0.0
2030-05-22 22:30:00,0.0
2030-05-22 22:45:00,0.0
2030-05-22 23:00:00,0.0
2030-05-22 23:15:00,0.0
2030-05-22 23:30:00,0.0
2030-05-22 23:45:00,0.0
2030-05-23 00:00:00,0.0
2030-05-23 00:15:00,0.0
2030-05-23 00:30:00,0.0
2030-05-23 00:45:00,0.0
2030-05-23 01:00:00,0.0
2030-05-23 01:15:00,0.0
2030-05-23 01:30:00,0.0
2030-05-23 01:45:00,0.0
2030-05-23 02:00:00,0.0
2030-05-23 02:15:00,0.0
2030-05-23 02:30:00,0.0
2030-05-23 02:45:00,0.0
2030-05-23 03:00:00,0.0
2030-05-23 03:15:00,0.0
2030-05-23 03:30:00,0.0
2030-05-23 03:45:00,0.0
2030-05-23 04:00:00,0.0
2030-05-23 04:15:00,0.0
2030-05-23 04:30:00,0.0
2030-05-23 04:45:00,0.0
2030-05-23 05:00:00,0.0
2030-05-23 05:15:00,0.0
2030-05-23 05:30:00,0.0
2030-05-23 05:45:00,0.0
2030-05-23 06:00:00,0.0
2030-05-23 06:15:00,0.0
2030-05-23 06:30:00,0.0
2030-05-23 06:45:00,0.0
2030-05-23 07:00:00,0.0
2030-05-23 07:15:00,0.0
2030-05-23 07:30:00,0.0
2030-05-23 07:45:00,0.0
2030-05-23 08:00:00,0.0
2030-05-23 08:15:00,0.0
2030-05-23 08:30:00,106.32775120921178
2030-05-23 08:45:00,149.9965329772058
2030-05-23 09:00:00,86.86414356521345
2030-05-23 09:15:00,212.54822796266308
2030-05-23 09:30:00,446.0833406840484
2030-05-23 09:45:00,560.7210282776196
2030-05-23 10:00:00,489.53095273179497
2030-05-23 10:15:00,497.45360251789134
2030-05-23 10:30:00,753.5557871767323
2030-05-23 10:45:00,762.2757463228336
2030-05-23 11:00:00,763.5106519204237
2030-05-23 11:15:00,853.300482190898
2030-05-23 11:30:00,837.2958575560187
2030-05-23 11:45:00,811.5652034127343
2030-05-23 12:00:00,641.4275742627706
2030-05-23 12:15:00,688.4554852821857
2030-05-23 12:30:00,516.4066796228581
2030-05-23 12:45:00,472.78783498168923
2030-05-23 13:00:00,340.03863241621184
2030-05-23 13:15:00,217.90431712374266
2030-05-23 13:30:00,0.0
2030-05-23 13:45:00,0.0
2030-05-23 14:00:00,0.0
2030-05-23 14:15:00,0.0
2030-05-23 14:30:00,0.0
2030-05-23 14:45:00,0.0
2030-05-23 15:00:00,0.0
2030-05-23 15:15:00,0.0
2030-05-23 15:30:00,0.0
2030-05-23 15:45:00,0.0
2030-05-23 16:00:00,0.0
2030-05-23 16:15:00,0.0
2030-05-23 16:30:00,0.0
2030-05-23 16:45:00,0.0
2030-05-23 17:00:00,0.0
2030-05-23 17:15:00,0.0
2030-05-23 17:30:00,0.0
2030-05-23 17:45:00,0.0
2030-05-23 18:00:00,0.0
2030-05-23 18:15:00,0.0
2030-05-23 18:30:00,0.0
2030-05-23 18:45:00,0.0
2030-05-23 19:00:00,0.0
2030-05-23 19:15:00,0.0
2030-05-23 19:30:00,0.0
2030-05-23 19:45:00,0.0
2030-05-23 20:00:00,0.0
2030-05-23 20:15:00,0.0
2030-05-23 20:30:00,0.0
2030-05-23 20:45:00,0.0
2030-05-23 21:00:00,0.0
2030-05-23 21:15:00,0.0
2030-05-23 21:30:00,0.0
2030-05-23 21:45:00,0.0
2030-05-23 22:00:00,0.0
2030-05-23 22:15:00,0.0
2030-05-23 22:30:00,0.0
2030-05-23 22:45:00,0.0
2030-05-23 23:00:00,0.0
2030-05-23 23:15:00,0.0
2030-05-23 23:30:00,0.0
2030-05-23 23:45:00,0.0
2030-05-24 00:00:00,0.0
2030-05-24 00:15:00,0.0
2030-05-24 00:30:00,0.0
2030-05-24 00:45:00,0.0
2030-05-24 01:00:00,0.0
2030-05-24 01:15:00,0.0
2030-05-24 01:30:00,0.0
2030-05-24 01:45:00,0.0
2030-05-24 02:00:00,0.0
2030-05-24 02:15:00,0.0
2030-05-24 02:30:00,0.0
2030-05-24 02:45:00,0.0
2030-05-24 03:00:00,0.0
2030-05-24 03:15:00,0.0
2030-05-24 03:30:00,0.0
2030-05-24 03:45:00,0.0
2030-05-24 04:00:00,0.0
2030-05-24 04:15:00,0.0
2030-05-24 04:30:00,0.0
2030-05-24 04:45:00,0.0
2030-05-24 05:00:00,0.0
2030-05-24 05:15:00,0.0
2030-05-24 05:30:00,0.0
2030-05-24 05:45:00,0.0
2030-05-24 06:00:00,0.0
2030-05-24 06:15:00,0.0
2030-05-24 06:30:00,0.0
2030-05-24 06:45:00,0.0
2030-05-24 07:00:00,0.0
2030-05-24 07:15:00,0.0
2030-05-24 07:30:00,0.0
2030-05-24 07:45:00,0.0
2030-05-24 08:00:00,0.0
2030-05-24 08:15:00,0.0
2030-05-24 08:30:00,0.0
2030-05-24 08:45:00,0.0
2030-05-24 09:00:00,0.0
2030-05-24 09:15:00,0.0
2030-05-24 09:30:00,0.0
2030-05-24 09:45:00,0.0
2030-05-24 10:00:00,0.0
2030-05-24 10:15:00,0.0
2030-05-24 10:30:00,0.0
2030-05-24 10:45:00,0.0
2030-05-24 11:00:00,0.0
2030-05-24 11:15:00,0.0
2030-05-24 11:30:00,0.0
2030-05-24 11:45:00,0.0
2030-05-24 12:00:00,0.0
2030-05-24 12:15:00,0.0
2030-05-24 12:30:00,0.0
2030-05-24 12:45:00,0.0
2030-05-24 13:00:00,0.0
2030-05-24 13:15:00,0.0
2030-05-24 13:30:00,0.0
2030-05-24 13:45:00,0.0
2030-05-24 14:00:00,0.0
2030-05-24 14:15:00,0.0
2030-05-24 14:30:00,0.0
2030-05-24 14:45:00,0.0
2030-05-24 15:00:00,0.0
2030-05-24 15:15:00,0.0
2030-05-24 15:30:00,0.0
2030-05-24 15:45:00,0.0
2030-05-24 16:00:00,0.0
2030-05-24 16:15:00,0.0
2030-05-24 16:30:00,0.0
2030-05-24 16:45:00,0.0
2030-05-24 17:00:00,0.0
2030-05-24 17:15:00,0.0
2030-05-24 17:30:00,0.0
2030-05-24 17:45:00,0.0
2030-05-24 18:00:00,0.0
2030-05-24 18:15:00,0.0
2030-05-24 18:30:00,0.0
2030-05-24 18:45:00,0.0
2030-05-24 19:00:00,0.0
2030-05-24 19:15:00,0.0
2030-05-24 19:30:00,0.0
2030-05-24 19:45:00,0.0
2030-05-24 20:00:00,0.0
2030-05-24 20:15:00,0.0
2030-05-24 20:30:00,0.0
2030-05-24 20:45:00,0.0
2030-05-24 21:00:00,0.0
2030-05-24 21:15:00,0.0
2030-05-24 21:30:00,0.0
2030-05-24 21:45:00,0.0
2030-05-24 22:00:00,0.0
2030-05-24 22:15:00,0.0
2030-05-24 22:30:00,0.0
2030-05-24 22:45:00,0.0
2030-05-24 23:00:00,0.0
2030-05-24 23:15:00,0.0
2030-05-24 23:30:00,0.0
2030-05-24 23:45:00,0.0
2030-05-25 00:00:00,0.0
2030-05-25 00:15:00,0.0
2030-05-25 00:30:00,0.0
2030-05-25 00:45:00,0.0
2030-05-25 01:00:00,0.0
2030-05-25 01:15:00,0.0
2030-05-25 01:30:00,0.0
2030-05-25 01:45:00,0.0
2030-05-25 02:00:00,0.0
2030-05-25 02:15:00,0.0
2030-05-25 02:30:00,0.0
2030-05-25 02:45:00,0.0
2030-05-25 03:00:00,0.0
2030-05-25 03:15:00,0.0
2030-05-25 03:30:00,0.0
2030-05-25 03:45:00,0.0
2030-05-25 04:00:00,0.0
2030-05-25 04:15:00,0.0
2030-05-25 04:30:00,0.0
2030-05-25 04:45:00,0.0
2030-05-25 05:00:00,0.0
2030-05-25 05:15:00,0.0
2030-05-25 05:30:00,0.0
2030-05-25 05:45:00,0.0
2030-05-25 06:00:00,0.0
2030-05-25 06:15:00,0.0
2030-05-25 06:30:00,0.0
2030-05-25 06:45:00,0.0
2030-05-25 07:00:00,0.0
2030-05-25 07:15:00,0.0
2030-05-25 07:30:00,125.98165172131849
2030-05-25 07:45:00,369.97743964996334
2030-05-25 08:00:00,557.1324757635921
2030-05-25 08:15:00,813.4870271466461
2030-05-25 08:30:00,875.58391480924
2030-05-25 08:45:00,946.3329634483853
2030-05-25 09:00:00,802.6863734597155
2030-05-25 09:15:00,873.4072526013351
2030-05-25 09:30:00,973.5375059811267
2030-05-25 09:45:00,1055.8740948899049
2030-05-25 10:00:00,1027.4649808910508
2030-05-25 10:15:00,1052.2988815511653
2030-05-25 10:30:00,1159.2538258973582
2030-05-25 10:45:00,1295.7562018419685
2030-05-25 11:00:00,1186.5947952835777
2030-05-25 11:15:00,1283.365903535927
2030-05-25 11:30:00,1302.5558691983788
2030-05-25 11:45:00,1367.812470211531
2030-05-25 12:00:00,1173.2474495190218
2030-05-25 12:15:00,1143.1895217382116
2030-05-25 12:30:00,1120.3812630050525
2030-05-25 12:45:00,1014.4202192082557
2030-05-25 13:00:00,1147.6341037128223
2030-05-25 13:15:00,989.2571127085012
2030-05-25 13:30:00,894.9375323529493
2030-05-25 13:45:00,780.6245389173491
2030-05-25 14:00:00,702.4562834962817
2030-05-25 14:15:00,602.9928088485212
2030-05-25 14:30:00,542.0028092971625
2030-05-25 14:45:00,518.636631176536
2030-05-25 15:00:00,519.3913034824109
2030-05-25 15:15:00,409.27638468015175
2030-05-25 15:30:00,307.283065257805
2030-05-25 15:45:00,211.16851121016407
2030-05-25 16:00:00,218.4113750327706
2030-05-25 16:15:00,179.76657071843147
2030-05-25 16:30:00,104.52448720635766
2030-05-25 16:45:00,15.774844349973137
2030-05-25 17:00:00,136.23345048085503
2030-05-25 17:15:00,39.06784604375389
2030-05-25 17:30:00,77.23327711963793
2030-05-25 17:45:00,54.018397672964056
2030-05-25 18:00:00,155.86439411242463
2030-05-25 18:15:00,191.73311046347226
2030-05-25 18:30:00,314.58300491094997
2030-05-25 18:45:00,312.6715763497159
2030-05-25 19:00:00,392.8586479607329
2030-05-25 19:15:00,365.62905159091315
2030-05-25 19:30:00,294.39450458613646
2030-05-25 19:45:00,102.67653403827899
2030-05-25 20:00:00,0.0
2030-05-25 20:15:00,0.0
2030-05-25 20:30:00,0.0
2030-05-25 20:45:00,0.0
2030-05-25 21:00:00,0.0
2030-05-25 21:15:00,0.0
2030-05-25 21:30:00,0.0
2030-05-25 21:45:00,0.0
2030-05-25 22:00:00,0.0
2030-05-25 22:15:00,0.0
2030-05-25 22:30:00,0.0
2030-05-25 22:45:00,0.0
2030-05-25 23:00:00,0.0
2030-05-25 23:15:00,0.0
2030-05-25 23:30:00,0.0
2030-05-25 23:45:00,0.0
2030-05-26 00:00:00,0.0
2030-05-26 00:15:00,0.0
2030-05-26 00:30:00,0.0
2030-05-26 00:45:00,0.0
2030-05-26 01:00:00,0.0
2030-05-26 01:15:00,0.0
2030-05-26 01:30:00,0.0
2030-05-26 01:45:00,0.0
2030-05-26 02:00:00,0.0
2030-05-26 02:15:00,0.0
2030-05-26 02:30:00,0.0
2030-05-26 02:45:00,0.0
2030-05-26 03:00:00,0.0
2030-05-26 03:15:00,0.0
2030-05-26 03:30:00,0.0
2030-05-26 03:45:00,0.0
2030-05-26 04:00:00,0.0
2030-05-26 04:15:00,0.0
2030-05-26 04:30:00,0.0
2030-05-26 04:45:00,0.0
2030-05-26 05:00:00,0.0
2030-05-26 05:15:00,0.0
2030-05-26 05:30:00,0.0
2030-05-26 05:45:00,0.0
2030-05-26 06:00:00,0.0
2030-05-26 06:15:00,0.0
2030-05-26 06:30:00,0.0
2030-05-26 06:45:00,0.0
2030-05-26 07:00:00,0.0
2030-05-26 07:15:00,0.0
2030-05-26 07:30:00,25.45067442846812
2030-05-26 07:45:00,212.18065105575442
2030-05-26 08:00:00,483.60337648447603
2030-05-26 08:15:00,633.707523506815
2030-05-26 08:30:00,715.5450721559937
2030-05-26 08:45:00,694.4050838325002
2030-05-26 09:00:00,680.0017878415929
2030-05-26 09:15:00,680.7220859334848
2030-05-26 09:30:00,619.7981078560806
2030-05-26 09:45:00,582.1615876561373
2030-05-26 10:00:00,617.3049453130188
2030-05-26 10:15:00,606.4589348793452
2030-05-26 10:30:00,710.4784816706524
2030-05-26 10:45:00,709.6551981079501
2030-05-26 11:00:00,734.7663479281928
2030-05-26 11:15:00,767.2692121781147
2030-05-26 11:30:00,693.21392161312
2030-05-26 11:45:00,667.1480605893812
2030-05-26 12:00:00,400.65521232420906
2030-05-26 12:15:00,357.8038846589916
2030-05-26 12:30:00,319.4408934949679
2030-05-26 12:45:00,215.54730049382124
2030-05-26 13:00:00,137.48625428546802
2030-05-26 13:15:00,5.2154146248904
2030-05-26 13:30:00,0.0
2030-05-26 13:45:00,0.0
2030-05-26 14:00:00,0.0
2030-05-26 14:15:00,0.0
2030-05-26 14:30:00,0.0
2030-05-26 14:45:00,0.0
2030-05-26 15:00:00,0.0
2030-05-26 15:15:00,0.0
2030-05-26 15:30:00,0.0
2030-05-26 15:45:00,0.0
2030-05-26 16:00:00,0.0
2030-05-26 16:15:00,0.0
2030-05-26 16:30:00,0.0
2030-05-26 16:45:00,0.0
2030-05-26 17:00:00,0.0
2030-05-26 17:15:00,0.0
2030-05-26 17:30:00,0.0
2030-05-26 17:45:00,0.0
2030-05-26 18:00:00,0.0
2030-05-26 18:15:00,0.0
2030-05-26 18:30:00,0.0
2030-05-26 18:45:00,0.0
2030-05-26 19:00:00,0.0
2030-05-26 19:15:00,0.0
2030-05-26 19:30:00,0.0
2030-05-26 19:45:00,0.0
2030-05-26 20:00:00,0.0
2030-05-26 20:15:00,0.0
2030-05-26 20:30:00,0.0
2030-05-26 20:45:00,0.0
2030-05-26 21:00:00,0.0
2030-05-26 21:15:00,0.0
2030-05-26 21:30:00,0.0
2030-05-26 21:45:00,0.0
2030-05-26 22:00:00,0.0
2030-05-26 22:15:00,0.0
2030-05-26 22:30:00,0.0
2030-05-26 22:45:00,0.0
2030-05-26 23:00:00,0.0
2030-05-26 23:15:00,0.0
2030-05-26 23:30:00,0.0
2030-05-26 23:45:00,0.0
2030-05-27 00:00:00,0.0
2030-05-27 00:15:00,0.0
2030-05-27 00:30:00,0.0
2030-05-27 00:45:00,0.0
2030-05-27 01:00:00,0.0
2030-05-27 01:15:00,0.0
2030-05-27 01:30:00,0.0
2030-05-27 01:45:00,0.0
2030-05-27 02:00:00,0.0
2030-05-27 02:15:00,0.0
2030-05-27 02:30:00,0.0
2030-05-27 02:45:00,0.0
2030-05-27 03:00:00,0.0
2030-05-27 03:15:00,0.0
2030-05-27 03:30:00,0.0
2030-05-27 03:45:00,0.0
2030-05-27 04:00:00,0.0
2030-05-27 04:15:00,0.0
2030-05-27 04:30:00,0.0
2030-05-27 04:45:00,0.0
2030-05-27 05:00:00,0.0
2030-05-27 05:15:00,0.0
2030-05-27 05:30:00,0.0
2030-05-27 05:45:00,0.0
2030-05-27 06:00:00,0.0
2030-05-27 06:15:00,0.0
2030-05-27 06:30:00,0.0
2030-05-27 06:45:00,0.0
2030-05-27 07:00:00,0.0
2030-05-27 07:15:00,0.0
2030-05-27 07:30:00,0.0
2030-05-27 07:45:00,0.0
2030-05-27 08:00:00,0.0
2030-05-27 08:15:00,0.0
2030-05-27 08:30:00,0.0
2030-05-27 08:45:00,0.0
2030-05-27 09:00:00,0.0
2030-05-27 09:15:00,0.0
2030-05-27 09:30:00,0.0
2030-05-27 09:45:00,0.0
2030-05-27 10:00:00,0.0
2030-05-27 10:15:00,0.0
2030-05-27 10:30:00,0.0
2030-05-27 10:45:00,0.0
2030-05-27 11:00:00,0.0
2030-05-27 11:15:00,0.0
2030-05-27 11:30:00,0.0
2030-05-27 11:45:00,0.0
2030-05-27 12:00:00,0.0
2030-05-27 12:15:00,0.0
2030-05-27 12:30:00,0.0
2030-05-27 12:45:00,0.0
2030-05-27 13:00:00,0.0
2030-05-27 13:15:00,0.0
2030-05-27 13:30:00,0.0
2030-05-27 13:45:00,0.0
2030-05-27 14:00:00,0.0
2030-05-27 14:15:00,0.0
2030-05-27 14:30:00,0.0
2030-05-27 14:45:00,0.0
2030-05-27 15:00:00,0.0
2030-05-27 15:15:00,0.0
2030-05-27 15:30:00,0.0
2030-05-27 15:45:00,0.0
2030-05-27 16:00:00,0.0
2030-05-27 16:15:00,0.0
2030-05-27 16:30:00,0.0
2030-05-27 16:45:00,0.0
2030-05-27 17:00:00,0.0
2030-05-27 17:15:00,0.0
2030-05-27 17:30:00,0.0
2030-05-27 17:45:00,0.0
2030-05-27 18:00:00,0.0
2030-05-27 18:15:00,0.0
2030-05-27 18:30:00,0.0
2030-05-27 18:45:00,0.0
2030-05-27 19:00:00,0.0
2030-05-27 19:15:00,0.0
2030-05-27 19:30:00,0.0
2030-05-27 19:45:00,0.0
2030-05-27 20:00:00,0.0
2030-05-27 20:15:00,0.0
2030-05-27 20:30:00,0.0
2030-05-27 20:45:00,0.0
2030-05-27 21:00:00,0.0
2030-05-27 21:15:00,0.0
2030-05-27 21:30:00,0.0
2030-05-27 21:45:00,0.0
2030-05-27 22:00:00,0.0
2030-05-27 22:15:00,0.0
2030-05-27 22:30:00,0.0
2030-05-27 22:45:00,0.0
2030-05-27 23:00:00,0.0
2030-05-27 23:15:00,0.0
2030-05-27 23:30:00,0.0
2030-05-27 23:45:00,0.0
2030-05-28 00:00:00,0.0
2030-05-28 00:15:00,0.0
2030-05-28 00:30:00,0.0
2030-05-28 00:45:00,0.0
2030-05-28 01:00:00,0.0
2030-05-28 01:15:00,0.0
2030-05-28 01:30:00,0.0
2030-05-28 01:45:00,0.0
2030-05-28 02:00:00,0.0
2030-05-28 02:15:00,0.0
2030-05-28 02:30:00,0.0
2030-05-28 02:45:00,0.0
2030-05-28 03:00:00,0.0
2030-05-28 03:15:00,0.0
2030-05-28 03:30:00,0.0
2030-05-28 03:45:00,0.0
2030-05-28 04:00:00,0.0
2030-05-28 04:15:00,0.0
2030-05-28 04:30:00,0.0
2030-05-28 04:45:00,0.0
2030-05-28 05:00:00,0.0
2030-05-28 05:15:00,0.0
2030-05-28 05:30:00,0.0
2030-05-28 05:45:00,0.0
2030-05-28 06:00:00,0.0
2030-05-28 06:15:00,0.0
2030-05-28 06:30:00,0.0
2030-05-28 06:45:00,0.0
2030-05-28 07:00:00,0.0
2030-05-28 07:15:00,0.0
2030-05-28 07:30:00,0.0
2030-05-28 07:45:00,0.0
2030-05-28 08:00:00,0.0
2030-05-28 08:15:00,0.0
2030-05-28 08:30:00,0.0
2030-05-28 08:45:00,0.0
2030-05-28 09:00:00,0.0
2030-05-28 09:15:00,0.0
2030-05-28 09:30:00,0.0
2030-05-28 09:45:00,0.0
2030-05-28 10:00:00,0.0
2030-05-28 10:15:00,0.0
2030-05-28 10:30:00,0.0
2030-05-28 10:45:00,0.0
2030-05-28 11:00:00,0.0
2030-05-28 11:15:00,0.0
2030-05-28 11:30:00,0.0
2030-05-28 11:45:00,0.0
2030-05-28 12:00:00,0.0
2030-05-28 12:15:00,0.0
2030-05-28 12:30:00,0.0
2030-05-28 12:45:00,0.0
2030-05-28 13:00:00,0.0
2030-05-28 13:15:00,0.0
2030-05-28 13:30:00,0.0
2030-05-28 13:45:00,0.0
2030-05-28 14:00:00,0.0
2030-05-28 14:15:00,0.0
2030-05-28 14:30:00,0.0
2030-05-28 14:45:00,0.0
2030-05-28 15:00:00,0.0
2030-05-28 15:15:00,0.0
2030-05-28 15:30:00,0.0
2030-05-28 15:45:00,0.0
2030-05-28 16:00:00,0.0
2030-05-28 16:15:00,0.0
2030-05-28 16:30:00,0.0
2030-05-28 16:45:00,0.0
2030-05-28 17:00:00,0.0
2030-05-28 17:15:00,0.0
2030-05-28 17:30:00,0.0
2030-05-28 17:45:00,0.0
2030-05-28 18:00:00,0.0
2030-05-28 18:15:00,0.0
2030-05-28 18:30:00,0.0
2030-05-28 18:45:00,0.0
2030-05-28 19:00:00,0.0
2030-05-28 19:15:00,0.0
2030-05-28 19:30:00,0.0
2030-05-28 19:45:00,0.0
2030-05-28 20:00:00,0.0
2030-05-28 20:15:00,0.0
2030-05-28 20:30:00,0.0
2030-05-28 20:45:00,0.0
2030-05-28 21:00:00,0.0
2030-05-28 21:15:00,0.0
2030-05-28 21:30:00,0.0
2030-05-28 21:45:00,0.0
2030-05-28 22:00:00,0.0
2030-05-28 22:15:00,0.0
2030-05-28 22:30:00,0.0
2030-05-28 22:45:00,0.0
2030-05-28 23:00:00,0.0
2030-05-28 23:15:00,0.0
2030-05-28 23:30:00,0.0
2030-05-28 23:45:00,0.0
2030-05-29 00:00:00,0.0
2030-05-29 00:15:00,0.0
2030-05-29 00:30:00,0.0
2030-05-29 00:45:00,0.0
2030-05-29 01:00:00,0.0
2030-05-29 01:15:00,0.0
2030-05-29 01:30:00,0.0
2030-05-29 01:45:00,0.0
2030-05-29 02:00:00,0.0
2030-05-29 02:15:00,0.0
2030-05-29 02:30:00,0.0
2030-05-29 02:45:00,0.0
2030-05-29 03:00:00,0.0
2030-05-29 03:15:00,0.0
2030-05-29 03:30:00,0.0
2030-05-29 03:45:00,0.0
2030-05-29 04:00:00,0.0
2030-05-29 04:15:00,0.0
2030-05-29 04:30:00,0.0
2030-05-29 04:45:00,0.0
2030-05-29 05:00:00,0.0
2030-05-29 05:15:00,0.0
2030-05-29 05:30:00,0.0
2030-05-29 05:45:00,0.0
2030-05-29 06:00:00,0.0
2030-05-29 06:15:00,0.0
2030-05-29 06:30:00,0.0
2030-05-29 06:45:00,0.0
2030-05-29 07:00:00,0.0
2030-05-29 07:15:00,0.0
2030-05-29 07:30:00,0.0
2030-05-29 07:45:00,0.0
2030-05-29 08:00:00,0.0
2030-05-29 08:15:00,0.0
2030-05-29 08:30:00,0.0
2030-05-29 08:45:00,0.0
2030-05-29 09:00:00,0.0
2030-05-29 09:15:00,0.0
2030-05-29 09:30:00,0.0
2030-05-29 09:45:00,0.0
2030-05-29 10:00:00,0.0
2030-05-29 10:15:00,0.0
2030-05-29 10:30:00,0.0
2030-05-29 10:45:00,0.0
2030-05-29 11:00:00,0.0
2030-05-29 11:15:00,0.0
2030-05-29 11:30:00,0.0
2030-05-29 11:45:00,0.0
2030-05-29 12:00:00,0.0
2030-05-29 12:15:00,0.0
2030-05-29 12:30:00,0.0
2030-05-29 12:45:00,0.0
2030-05-29 13:00:00,0.0
2030-05-29 13:15:00,0.0
2030-05-29 13:30:00,0.0
2030-05-29 13:45:00,0.0
2030-05-29 14:00:00,0.0
2030-05-29 14:15:00,0.0
2030-05-29 14:30:00,0.0
2030-05-29 14:45:00,0.0
2030-05-29 15:00:00,0.0
2030-05-29 15:15:00,0.0
2030-05-29 15:30:00,0.0
2030-05-29 15:45:00,0.0
2030-05-29 16:00:00,0.0
2030-05-29 16:15:00,0.0
2030-05-29 16:30:00,0.0
2030-05-29 16:45:00,0.0
2030-05-29 17:00:00,0.0
2030-05-29 17:15:00,0.0
2030-05-29 17:30:00,0.0
2030-05-29 17:45:00,0.0
2030-05-29 18:00:00,0.0
2030-05-29 18:15:00,0.0
2030-05-29 18:30:00,0.0
2030-05-29 18:45:00,0.0
2030-05-29 19:00:00,0.0
2030-05-29 19:15:00,0.0
2030-05-29 19:30:00,0.0
2030-05-29 19:45:00,0.0
2030-05-29 20:00:00,0.0
2030-05-29 20:15:00,0.0
2030-05-29 20:30:00,0.0
2030-05-29 20:45:00,0.0
2030-05-29 21:00:00,0.0
2030-05-29 21:15:00,0.0
2030-05-29 21:30:00,0.0
2030-05-29 21:45:00,0.0
2030-05-29 22:00:00,0.0
2030-05-29 22:15:00,0.0
2030-05-29 22:30:00,0.0
2030-05-29 22:45:00,0.0
2030-05-29 23:00:00,0.0
2030-05-29 23:15:00,0.0
2030-05-29 23:30:00,0.0
2030-05-29 23:45:00,0.0
2030-05-30 00:00:00,0.0
2030-05-30 00:15:00,0.0
2030-05-30 00:30:00,0.0
2030-05-30 00:45:00,0.0
2030-05-30 01:00:00,0.0
2030-05-30 01:15:00,0.0
2030-05-30 01:30:00,0.0
2030-05-30 01:45:00,0.0
2030-05-30 02:00:00,0.0
2030-05-30 02:15:00,0.0
2030-05-30 02:30:00,0.0
2030-05-30 02:45:00,0.0
2030-05-30 03:00:00,0.0
2030-05-30 03:15:00,0.0
2030-05-30 03:30:00,0.0
2030-05-30 03:45:00,0.0
2030-05-30 04:00:00,0.0
2030-05-30 04:15:00,0.0
2030-05-30 04:30:00,0.0
2030-05-30 04:45:00,0.0
2030-05-30 05:00:00,0.0
2030-05-30 05:15:00,0.0
2030-05-30 05:30:00,0.0
2030-05-30 05:45:00,0.0
2030-05-30 06:00:00,0.0
2030-05-30 06:15:00,0.0
2030-05-30 06:30:00,0.0
2030-05-30 06:45:00,0.0
2030-05-30 07:00:00,0.0
2030-05-30 07:15:00,0.0
2030-05-30 07:30:00,0.0
2030-05-30 07:45:00,0.0
2030-05-30 08:00:00,0.0
2030-05-30 08:15:00,0.0
2030-05-30 08:30:00,0.0
2030-05-30 08:45:00,0.0
2030-05-30 09:00:00,0.0
2030-05-30 09:15:00,0.0
2030-05-30 09:30:00,0.0
2030-05-30 09:45:00,0.0
2030-05-30 10:00:00,0.0
2030-05-30 10:15:00,0.0
2030-05-30 10:30:00,0.0
2030-05-30 10:45:00,0.0
2030-05-30 11:00:00,0.0
2030-05-30 11:15:00,0.0
2030-05-30 11:30:00,0.0
2030-05-30 11:45:00,0.0
2030-05-30 12:00:00,0.0
2030-05-30 12:15:00,0.0
2030-05-30 12:30:00,0.0
2030-05-30 12:45:00,0.0
2030-05-30 13:00:00,0.0
2030-05-30 13:15:00,0.0
2030-05-30 13:30:00,0.0
2030-05-30 13:45:00,0.0
2030-05-30 14:00:00,0.0
2030-05-30 14:15:00,0.0
2030-05-30 14:30:00,0.0
2030-05-30 14:45:00,0.0
2030-05-30 15:00:00,0.0
2030-05-30 15:15:00,0.0
2030-05-30 15:30:00,0.0
2030-05-30 15:45:00,0.0
2030-05-30 16:00:00,0.0
2030-05-30 16:15:00,0.0
2030-05-30 16:30:00,0.0
2030-05-30 16:45:00,0.0
2030-05-30 17:00:00,0.0
2030-05-30 17:15:00,0.0
2030-05-30 17:30:00,0.0
2030-05-30 17:45:00,0.0
2030-05-30 18:00:00,0.0
2030-05-30 18:15:00,0.0
2030-05-30 18:30:00,0.0
2030-05-30 18:45:00,0.0
2030-05-30 19:00:00,0.0
2030-05-30 19:15:00,0.0
2030-05-30 19:30:00,0.0
2030-05-30 19:45:00,0.0
2030-05-30 20:00:00,0.0
2030-05-30 20:15:00,0.0
2030-05-30 20:30:00,0.0
2030-05-30 20:45:00,0.0
2030-05-30 21:00:00,0.0
2030-05-30 21:15:00,0.0
2030-05-30 21:30:00,0.0
2030-05-30 21:45:00,0.0
2030-05-30 22:00:00,0.0
2030-05-30 22:15:00,0.0
2030-05-30 22:30:00,0.0
2030-05-30 22:45:00,0.0
2030-05-30 23:00:00,0.0
2030-05-30 23:15:00,0.0
2030-05-30 23:30:00,0.0
2030-05-30 23:45:00,0.0
2030-05-31 00:00:00,0.0
2030-05-31 00:15:00,0.0
2030-05-31 00:30:00,0.0
2030-05-31 00:45:00,0.0
2030-05-31 01:00:00,0.0
2030-05-31 01:15:00,0.0
2030-05-31 01:30:00,0.0
2030-05-31 01:45:00,0.0
2030-05-31 02:00:00,0.0
2030-05-31 02:15:00,0.0
2030-05-31 02:30:00,0.0
2030-05-31 02:45:00,0.0
2030-05-31 03:00:00,0.0
2030-05-31 03:15:00,0.0
2030-05-31 03:30:00,0.0
2030-05-31 03:45:00,0.0
2030-05-31 04:00:00,0.0
2030-05-31 04:15:00,0.0
2030-05-31 04:30:00,0.0
2030-05-31 04:45:00,0.0
2030-05-31 05:00:00,0.0
2030-05-31 05:15:00,0.0
2030-05-31 05:30:00,0.0
2030-05-31 05:45:00,0.0
2030-05-31 06:00:00,0.0
2030-05-31 06:15:00,0.0
2030-05-31 06:30:00,0.0
2030-05-31 06:45:00,0.0
2030-05-31 07:00:00,0.0
2030-05-31 07:15:00,0.0
2030-05-31 07:30:00,0.0
2030-05-31 07:45:00,0.0
2030-05-31 08:00:00,0.0
2030-05-31 08:15:00,0.0
2030-05-31 08:30:00,0.0
2030-05-31 08:45:00,0.0
2030-05-31 09:00:00,0.0
2030-05-31 09:15:00,0.0
2030-05-31 09:30:00,0.0
2030-05-31 09:45:00,0.0
2030-05-31 10:00:00,0.0
2030-05-31 10:15:00,0.0
2030-05-31 10:30:00,0.0
2030-05-31 10:45:00,0.0
2030-05-31 11:00:00,0.0
2030-05-31 11:15:00,0.0
2030-05-31 11:30:00,0.0
2030-05-31 11:45:00,0.0
2030-05-31 12:00:00,0.0
2030-05-31 12:15:00,0.0
2030-05-31 12:30:00,0.0
2030-05-31 12:45:00,0.0
2030-05-31 13:00:00,0.0
2030-05-31 13:15:00,0.0
2030-05-31 13:30:00,0.0
2030-05-31 13:45:00,0.0
2030-05-31 14:00:00,0.0
2030-05-31 14:15:00,0.0
2030-05-31 14:30:00,0.0
2030-05-31 14:45:00,0.0
2030-05-31 15:00:00,0.0
2030-05-31 15:15:00,0.0
2030-05-31 15:30:00,0.0
2030-05-31 15:45:00,0.0
2030-05-31 16:00:00,0.0
2030-05-31 16:15:00,0.0
2030-05-31 16:30:00,0.0
2030-05-31 16:45:00,0.0
2030-05-31 17:00:00,0.0
2030-05-31 17:15:00,0.0
2030-05-31 17:30:00,0.0
2030-05-31 17:45:00,0.0
2030-05-31 18:00:00,0.0
2030-05-31 18:15:00,0.0
2030-05-31 18:30:00,0.0
2030-05-31 18:45:00,0.0
2030-05-31 19:00:00,0.0
2030-05-31 19:15:00,0.0
2030-05-31 19:30:00,0.0
2030-05-31 19:45:00,0.0
2030-05-31 20:00:00,0.0
2030-05-31 20:15:00,0.0
2030-05-31 20:30:00,0.0
2030-05-31 20:45:00,0.0
2030-05-31 21:00:00,0.0
2030-05-31 21:15:00,0.0
2030-05-31 21:30:00,0.0
2030-05-31 21:45:00,0.0
2030-05-31 22:00:00,0.0
2030-05-31 22:15:00,0.0
2030-05-31 22:30:00,0.0
2030-05-31 22:45:00,0.0
2030-05-31 23:00:00,0.0
2030-05-31 23:15:00,0.0
2030-05-31 23:30:00,0.0
2030-05-31 23:45:00,0.0
2030-06-01 00:00:00,0.0
2030-06-01 00:15:00,0.0
2030-06-01 00:30:00,0.0
2030-06-01 00:45:00,0.0
2030-06-01 01:00:00,0.0
2030-06-01 01:15:00,0.0
2030-06-01 01:30:00,0.0
2030-06-01 01:45:00,0.0
2030-06-01 02:00:00,0.0
2030-06-01 02:15:00,0.0
2030-06-01 02:30:00,0.0
2030-06-01 02:45:00,0.0
2030-06-01 03:00:00,0.0
2030-06-01 03:15:00,0.0
2030-06-01 03:30:00,0.0
2030-06-01 03:45:00,0.0
2030-06-01 04:00:00,0.0
2030-06-01 04:15:00,0.0
2030-06-01 04:30:00,0.0
2030-06-01 04:45:00,0.0
2030-06-01 05:00:00,0.0
2030-06-01 05:15:00,0.0
2030-06-01 05:30:00,0.0
2030-06-01 05:45:00,0.0
2030-06-01 06:00:00,0.0
2030-06-01 06:15:00,0.0
2030-06-01 06:30:00,0.0
2030-06-01 06:45:00,0.0
2030-06-01 07:00:00,0.0
2030-06-01 07:15:00,0.0
2030-06-01 07:30:00,0.0
2030-06-01 07:45:00,0.0
2030-06-01 08:00:00,0.0
2030-06-01 08:15:00,0.0
2030-06-01 08:30:00,0.0
2030-06-01 08:45:00,0.0
2030-06-01 09:00:00,0.0
2030-06-01 09:15:00,0.0
2030-06-01 09:30:00,0.0
2030-06-01 09:45:00,0.0
2030-06-01 10:00:00,0.0
2030-06-01 10:15:00,0.0
2030-06-01 10:30:00,0.0
2030-06-01 10:45:00,0.0
2030-06-01 11:00:00,0.0
2030-06-01 11:15:00,0.0
2030-06-01 11:30:00,0.0
2030-06-01 11:45:00,0.0
2030-06-01 12:00:00,0.0
2030-06-01 12:15:00,0.0
2030-06-01 12:30:00,0.0
2030-06-01 12:45:00,0.0
2030-06-01 13:00:00,0.0
2030-06-01 13:15:00,0.0
2030-06-01 13:30:00,0.0
2030-06-01 13:45:00,0.0
2030-06-01 14:00:00,0.0
2030-06-01 14:15:00,0.0
2030-06-01 14:30:00,0.0
2030-06-01 14:45:00,0.0
2030-06-01 15:00:00,0.0
2030-06-01 15:15:00,0.0
2030-06-01 15:30:00,0.0
2030-06-01 15:45:00,0.0
2030-06-01 16:00:00,0.0
2030-06-01 16:15:00,0.0
2030-06-01 16:30:00,0.0
2030-06-01 16:45:00,0.0
2030-06-01 17:00:00,0.0
2030-06-01 17:15:00,0.0
2030-06-01 17:30:00,0.0
2030-06-01 17:45:00,0.0
2030-06-01 18:00:00,0.0
2030-06-01 18:15:00,0.0
2030-06-01 18:30:00,0.0
2030-06-01 18:45:00,0.0
2030-06-01 19:00:00,0.0
2030-06-01 19:15:00,0.0
2030-06-01 19:30:00,0.0
2030-06-01 19:45:00,0.0
2030-06-01 20:00:00,0.0
2030-06-01 20:15:00,0.0
2030-06-01 20:30:00,0.0
2030-06-01 20:45:00,0.0
2030-06-01 21:00:00,0.0
2030-06-01 21:15:00,0.0
2030-06-01 21:30:00,0.0
2030-06-01 21:45:00,0.0
2030-06-01 22:00:00,0.0
2030-06-01 22:15:00,0.0
2030-06-01 22:30:00,0.0
2030-06-01 22:45:00,0.0
2030-06-01 23:00:00,0.0
2030-06-01 23:15:00,0.0
2030-06-01 23:30:00,0.0
2030-06-01 23:45:00,0.0
2030-06-02 00:00:00,0.0
2030-06-02 00:15:00,0.0
2030-06-02 00:30:00,0.0
2030-06-02 00:45:00,0.0
2030-06-02 01:00:00,0.0
2030-06-02 01:15:00,0.0
2030-06-02 01:30:00,0.0
2030-06-02 01:45:00,0.0
2030-06-02 02:00:00,0.0
2030-06-02 02:15:00,0.0
2030-06-02 02:30:00,0.0
2030-06-02 02:45:00,0.0
2030-06-02 03:00:00,0.0
2030-06-02 03:15:00,0.0
2030-06-02 03:30:00,0.0
2030-06-02 03:45:00,0.0
2030-06-02 04:00:00,0.0
2030-06-02 04:15:00,0.0
2030-06-02 04:30:00,0.0
2030-06-02 04:45:00,0.0
2030-06-02 05:00:00,0.0
2030-06-02 05:15:00,0.0
2030-06-02 05:30:00,0.0
2030-06-02 05:45:00,0.0
2030-06-02 06:00:00,0.0
2030-06-02 06:15:00,0.0
2030-06-02 06:30:00,0.0
2030-06-02 06:45:00,0.0
2030-06-02 07:00:00,0.0
2030-06-02 07:15:00,0.0
2030-06-02 07:30:00,0.0
2030-06-02 07:45:00,0.0
2030-06-02 08:00:00,0.0
2030-06-02 08:15:00,0.0
2030-06-02 08:30:00,0.0
2030-06-02 08:45:00,0.0
2030-06-02 09:00:00,0.0
2030-06-02 09:15:00,0.0
2030-06-02 09:30:00,0.0
2030-06-02 09:45:00,0.0
2030-06-02 10:00:00,0.0
2030-06-02 10:15:00,0.0
2030-06-02 10:30:00,0.0
2030-06-02 10:45:00,0.0
2030-06-02 11:00:00,0.0
2030-06-02 11:15:00,0.0
2030-06-02 11:30:00,0.0
2030-06-02 11:45:00,0.0
2030-06-02 12:00:00,0.0
2030-06-02 12:15:00,0.0
2030-06-02 12:30:00,0.0
2030-06-02 12:45:00,0.0
2030-06-02 13:00:00,0.0
2030-06-02 13:15:00,0.0
2030-06-02 13:30:00,0.0
2030-06-02 13:45:00,0.0
2030-06-02 14:00:00,0.0
2030-06-02 14:15:00,0.0
2030-06-02 14:30:00,0.0
2030-06-02 14:45:00,0.0
2030-06-02 15:00:00,0.0
2030-06-02 15:15:00,0.0
2030-06-02 15:30:00,0.0
2030-06-02 15:45:00,0.0
2030-06-02 16:00:00,0.0
2030-06-02 16:15:00,0.0
2030-06-02 16:30:00,0.0
2030-06-02 16:45:00,0.0
2030-06-02 17:00:00,0.0
2030-06-02 17:15:00,0.0
2030-06-02 17:30:00,0.0
2030-06-02 17:45:00,0.0
2030-06-02 18:00:00,0.0
2030-06-02 18:15:00,0.0
2030-06-02 18:30:00,0.0
2030-06-02 18:45:00,0.0
2030-06-02 19:00:00,0.0
2030-06-02 19:15:00,0.0
2030-06-02 19:30:00,0.0
2030-06-02 19:45:00,0.0
2030-06-02 20:00:00,0.0
2030-06-02 20:15:00,0.0
2030-06-02 20:30:00,0.0
2030-06-02 20:45:00,0.0
2030-06-02 21:00:00,0.0
2030-06-02 21:15:00,0.0
2030-06-02 21:30:00,0.0
2030-06-02 21:45:00,0.0
2030-06-02 22:00:00,0.0
2030-06-02 22:15:00,0.0
2030-06-02 22:30:00,0.0
2030-06-02 22:45:00,0.0
2030-06-02 23:00:00,0.0
2030-06-02 23:15:00,0.0
2030-06-02 23:30:00,0.0
2030-06-02 23:45:00,0.0
2030-06-03 00:00:00,0.0
2030-06-03 00:15:00,0.0
2030-06-03 00:30:00,0.0
2030-06-03 00:45:00,0.0
2030-06-03 01:00:00,0.0
2030-06-03 01:15:00,0.0
2030-06-03 01:30:00,0.0
2030-06-03 01:45:00,0.0
2030-06-03 02:00:00,0.0
2030-06-03 02:15:00,0.0
2030-06-03 02:30:00,0.0
2030-06-03 02:45:00,0.0
2030-06-03 03:00:00,0.0
2030-06-03 03:15:00,0.0
2030-06-03 03:30:00,0.0
2030-06-03 03:45:00,0.0
2030-06-03 04:00:00,0.0
2030-06-03 04:15:00,0.0
2030-06-03 04:30:00,0.0
2030-06-03 04:45:00,0.0
2030-06-03 05:00:00,0.0
2030-06-03 05:15:00,0.0
2030-06-03 05:30:00,0.0
2030-06-03 05:45:00,0.0
2030-06-03 06:00:00,0.0
2030-06-03 06:15:00,0.0
2030-06-03 06:30:00,0.0
2030-06-03 06:45:00,0.0
2030-06-03 07:00:00,0.0
2030-06-03 07:15:00,0.0
2030-06-03 07:30:00,0.0
2030-06-03 07:45:00,0.0
2030-06-03 08:00:00,0.0
2030-06-03 08:15:00,0.0
2030-06-03 08:30:00,0.0
2030-06-03 08:45:00,0.0
2030-06-03 09:00:00,0.0
2030-06-03 09:15:00,0.0
2030-06-03 09:30:00,0.0
2030-06-03 09:45:00,0.0
2030-06-03 10:00:00,0.0
2030-06-03 10:15:00,0.0
2030-06-03 10:30:00,0.0
2030-06-03 10:45:00,0.0
2030-06-03 11:00:00,0.0
2030-06-03 11:15:00,0.0
2030-06-03 11:30:00,0.0
2030-06-03 11:45:00,0.0
2030-06-03 12:00:00,0.0
2030-06-03 12:15:00,0.0
2030-06-03 12:30:00,0.0
2030-06-03 12:45:00,0.0
2030-06-03 13:00:00,0.0
2030-06-03 13:15:00,0.0
2030-06-03 13:30:00,0.0
2030-06-03 13:45:00,0.0
2030-06-03 14:00:00,0.0
2030-06-03 14:15:00,0.0
2030-06-03 14:30:00,0.0
2030-06-03 14:45:00,0.0
2030-06-03 15:00:00,0.0
2030-06-03 15:15:00,0.0
2030-06-03 15:30:00,0.0
2030-06-03 15:45:00,0.0
2030-06-03 16:00:00,0.0
2030-06-03 16:15:00,0.0
2030-06-03 16:30:00,0.0
2030-06-03 16:45:00,0.0
2030-06-03 17:00:00,0.0
2030-06-03 17:15:00,0.0
2030-06-03 17:30:00,0.0
2030-06-03 17:45:00,0.0
2030-06-03 18:00:00,0.0
2030-06-03 18:15:00,0.0
2030-06-03 18:30:00,0.0
2030-06-03 18:45:00,0.0
2030-06-03 19:00:00,0.0
2030-06-03 19:15:00,0.0
2030-06-03 19:30:00,0.0
2030-06-03 19:45:00,0.0
2030-06-03 20:00:00,0.0
2030-06-03 20:15:00,0.0
2030-06-03 20:30:00,0.0
2030-06-03 20:45:00,0.0
2030-06-03 21:00:00,0.0
2030-06-03 21:15:00,0.0
2030-06-03 21:30:00,0.0
2030-06-03 21:45:00,0.0
2030-06-03 22:00:00,0.0
2030-06-03 22:15:00,0.0
2030-06-03 22:30:00,0.0
2030-06-03 22:45:00,0.0
2030-06-03 23:00:00,0.0
2030-06-03 23:15:00,0.0
2030-06-03 23:30:00,0.0
2030-06-03 23:45:00,0.0
2030-06-04 00:00:00,0.0
2030-06-04 00:15:00,0.0
2030-06-04 00:30:00,0.0
2030-06-04 00:45:00,0.0
2030-06-04 01:00:00,0.0
2030-06-04 01:15:00,0.0
2030-06-04 01:30:00,0.0
2030-06-04 01:45:00,0.0
2030-06-04 02:00:00,0.0
2030-06-04 02:15:00,0.0
2030-06-04 02:30:00,0.0
2030-06-04 02:45:00,0.0
2030-06-04 03:00:00,0.0
2030-06-04 03:15:00,0.0
2030-06-04 03:30:00,0.0
2030-06-04 03:45:00,0.0
2030-06-04 04:00:00,0.0
2030-06-04 04:15:00,0.0
2030-06-04 04:30:00,0.0
2030-06-04 04:45:00,0.0
2030-06-04 05:00:00,0.0
2030-06-04 05:15:00,0.0
2030-06-04 05:30:00,0.0
2030-06-04 05:45:00,0.0
2030-06-04 06:00:00,0.0
2030-06-04 06:15:00,0.0
2030-06-04 06:30:00,0.0
2030-06-04 06:45:00,0.0
2030-06-04 07:00:00,0.0
2030-06-04 07:15:00,0.0
2030-06-04 07:30:00,0.0
2030-06-04 07:45:00,0.0
2030-06-04 08:00:00,0.0
2030-06-04 08:15:00,0.0
2030-06-04 08:30:00,0.0
2030-06-04 08:45:00,0.0
2030-06-04 09:00:00,0.0
2030-06-04 09:15:00,0.0
2030-06-04 09:30:00,0.0
2030-06-04 09:45:00,0.0
2030-06-04 10:00:00,0.0
2030-06-04 10:15:00,0.0
2030-06-04 10:30:00,0.0
2030-06-04 10:45:00,0.0
2030-06-04 11:00:00,0.0
2030-06-04 11:15:00,0.0
2030-06-04 11:30:00,0.0
2030-06-04 11:45:00,0.0
2030-06-04 12:00:00,0.0
2030-06-04 12:15:00,0.0
2030-06-04 12:30:00,0.0
2030-06-04 12:45:00,0.0
2030-06-04 13:00:00,0.0
2030-06-04 13:15:00,0.0
2030-06-04 13:30:00,0.0
2030-06-04 13:45:00,0.0
2030-06-04 14:00:00,0.0
2030-06-04 14:15:00,0.0
2030-06-04 14:30:00,0.0
2030-06-04 14:45:00,0.0
2030-06-04 15:00:00,0.0
2030-06-04 15:15:00,0.0
2030-06-04 15:30:00,0.0
2030-06-04 15:45:00,0.0
2030-06-04 16:00:00,0.0
2030-06-04 16:15:00,0.0
2030-06-04 16:30:00,0.0
2030-06-04 16:45:00,0.0
2030-06-04 17:00:00,0.0
2030-06-04 17:15:00,0.0
2030-06-04 17:30:00,0.0
2030-06-04 17:45:00,0.0
2030-06-04 18:00:00,0.0
2030-06-04 18:15:00,0.0
2030-06-04 18:30:00,0.0
2030-06-04 18:45:00,0.0
2030-06-04 19:00:00,0.0
2030-06-04 19:15:00,0.0
2030-06-04 19:30:00,0.0
2030-06-04 19:45:00,0.0
2030-06-04 20:00:00,0.0
2030-06-04 20:15:00,0.0
2030-06-04 20:30:00,0.0
2030-06-04 20:45:00,0.0
2030-06-04 21:00:00,0.0
2030-06-04 21:15:00,0.0
2030-06-04 21:30:00,0.0
2030-06-04 21:45:00,0.0
2030-06-04 22:00:00,0.0
2030-06-04 22:15:00,0.0
2030-06-04 22:30:00,0.0
2030-06-04 22:45:00,0.0
2030-06-04 23:00:00,0.0
2030-06-04 23:15:00,0.0
2030-06-04 23:30:00,0.0
2030-06-04 23:45:00,0.0
2030-06-05 00:00:00,0.0
2030-06-05 00:15:00,0.0
2030-06-05 00:30:00,0.0
2030-06-05 00:45:00,0.0
2030-06-05 01:00:00,0.0
2030-06-05 01:15:00,0.0
2030-06-05 01:30:00,0.0
2030-06-05 01:45:00,0.0
2030-06-05 02:00:00,0.0
2030-06-05 02:15:00,0.0
2030-06-05 02:30:00,0.0
2030-06-05 02:45:00,0.0
2030-06-05 03:00:00,0.0
2030-06-05 03:15:00,0.0
2030-06-05 03:30:00,0.0
2030-06-05 03:45:00,0.0
2030-06-05 04:00:00,0.0
2030-06-05 04:15:00,0.0
2030-06-05 04:30:00,0.0
2030-06-05 04:45:00,0.0
2030-06-05 05:00:00,0.0
2030-06-05 05:15:00,0.0
2030-06-05 05:30:00,0.0
2030-06-05 05:45:00,0.0
2030-06-05 06:00:00,0.0
2030-06-05 06:15:00,0.0
2030-06-05 06:30:00,0.0
2030-06-05 06:45:00,0.0
2030-06-05 07:00:00,0.0
2030-06-05 07:15:00,0.0
2030-06-05 07:30:00,0.0
2030-06-05 07:45:00,0.0
2030-06-05 08:00:00,0.0
2030-06-05 08:15:00,0.0
2030-06-05 08:30:00,32.367151884443956
2030-06-05 08:45:00,16.4433719564895
2030-06-05 09:00:00,0.0
2030-06-05 09:15:00,28.939972299576766
2030-06-05 09:30:00,172.30942337636952
2030-06-05 09:45:00,270.89839611636125
2030-06-05 10:00:00,103.09785010159976
2030-06-05 10:15:00,220.33132733255843
2030-06-05 10:30:00,285.95336788842906
2030-06-05 10:45:00,375.9881945605339
2030-06-05 11:00:00,373.53016106800715
2030-06-05 11:15:00,437.36253502768886
2030-06-05 11:30:00,487.0254847759352
2030-06-05 11:45:00,506.9078435811589
2030-06-05 12:00:00,382.87157913643387
2030-06-05 12:15:00,248.18127915295554
2030-06-05 12:30:00,198.4780285130273
2030-06-05 12:45:00,190.61051440153096
2030-06-05 13:00:00,145.12271231738305
2030-06-05 13:15:00,46.10660386514792
2030-06-05 13:30:00,0.0
2030-06-05 13:45:00,0.0
2030-06-05 14:00:00,0.0
2030-06-05 14:15:00,0.0
2030-06-05 14:30:00,0.0
2030-06-05 14:45:00,0.0
2030-06-05 15:00:00,0.0
2030-06-05 15:15:00,0.0
2030-06-05 15:30:00,0.0
2030-06-05 15:45:00,0.0
2030-06-05 16:00:00,0.0
2030-06-05 16:15:00,0.0
2030-06-05 16:30:00,0.0
2030-06-05 16:45:00,0.0
2030-06-05 17:00:00,0.0
2030-06-05 17:15:00,0.0
2030-06-05 17:30:00,0.0
2030-06-05 17:45:00,0.0
2030-06-05 18:00:00,0.0
2030-06-05 18:15:00,0.0
2030-06-05 18:30:00,0.0
2030-06-05 18:45:00,0.0
2030-06-05 19:00:00,0.0
2030-06-05 19:15:00,0.0
2030-06-05 19:30:00,0.0
2030-06-05 19:45:00,0.0
2030-06-05 20:00:00,0.0
2030-06-05 20:15:00,0.0
2030-06-05 20:30:00,0.0
2030-06-05 20:45:00,0.0
2030-06-05 21:00:00,0.0
2030-06-05 21:15:00,0.0
2030-06-05 21:30:00,0.0
2030-06-05 21:45:00,0.0
2030-06-05 22:00:00,0.0
2030-06-05 22:15:00,0.0
2030-06-05 22:30:00,0.0
2030-06-05 22:45:00,0.0
2030-06-05 23:00:00,0.0
2030-06-05 23:15:00,0.0
2030-06-05 23:30:00,0.0
2030-06-05 23:45:00,0.0
2030-06-06 00:00:00,0.0
2030-06-06 00:15:00,0.0
2030-06-06 00:30:00,0.0
2030-06-06 00:45:00,0.0
2030-06-06 01:00:00,0.0
2030-06-06 01:15:00,0.0
2030-06-06 01:30:00,0.0
2030-06-06 01:45:00,0.0
2030-06-06 02:00:00,0.0
2030-06-06 02:15:00,0.0
2030-06-06 02:30:00,0.0
2030-06-06 02:45:00,0.0
2030-06-06 03:00:00,0.0
2030-06-06 03:15:00,0.0
2030-06-06 03:30:00,0.0
2030-06-06 03:45:00,0.0
2030-06-06 04:00:00,0.0
2030-06-06 04:15:00,0.0
2030-06-06 04:30:00,0.0
2030-06-06 04:45:00,0.0
2030-06-06 05:00:00,0.0
2030-06-06 05:15:00,0.0
2030-06-06 05:30:00,0.0
2030-06-06 05:45:00,0.0
2030-06-06 06:00:00,0.0
2030-06-06 06:15:00,0.0
2030-06-06 06:30:00,0.0
2030-06-06 06:45:00,0.0
2030-06-06 07:00:00,0.0
2030-06-06 07:15:00,0.0
2030-06-06 07:30:00,0.0
2030-06-06 07:45:00,0.0
2030-06-06 08:00:00,0.0
2030-06-06 08:15:00,0.0
2030-06-06 08:30:00,137.03586973371057
2030-06-06 08:45:00,252.52177449364535
2030-06-06 09:00:00,152.10899108809826
2030-06-06 09:15:00,241.47852456914552
2030-06-06 09:30:00,289.3751645660941
2030-06-06 09:45:00,255.33677630174498
2030-06-06 10:00:00,170.56508302934526
2030-06-06 10:15:00,152.14807261524584
2030-06-06 10:30:00,235.76364454437135
2030-06-06 10:45:00,194.49415588709962
2030-06-06 11:00:00,247.7195253669488
2030-06-06 11:15:00,147.49822763487646
2030-06-06 11:30:00,246.91742826581685
2030-06-06 11:45:00,274.8350844278539
2030-06-06 12:00:00,193.36737733104565
2030-06-06 12:15:00,101.09892906385176
2030-06-06 12:30:00,125.36928088050445
2030-06-06 12:45:00,157.787622199814
2030-06-06 13:00:00,99.62645903656812
2030-06-06 13:15:00,69.64081138860456
2030-06-06 13:30:00,0.0
2030-06-06 13:45:00,0.0
2030-06-06 14:00:00,0.0
2030-06-06 14:15:00,0.0
2030-06-06 14:30:00,0.0
2030-06-06 14:45:00,0.0
2030-06-06 15:00:00,0.0
2030-06-06 15:15:00,0.0
2030-06-06 15:30:00,0.0
2030-06-06 15:45:00,0.0
2030-06-06 16:00:00,0.0
2030-06-06 16:15:00,0.0
2030-06-06 16:30:00,0.0
2030-06-06 16:45:00,0.0
2030-06-06 17:00:00,0.0
2030-06-06 17:15:00,0.0
2030-06-06 17:30:00,0.0
2030-06-06 17:45:00,0.0
2030-06-06 18:00:00,0.0
2030-06-06 18:15:00,0.0
2030-06-06 18:30:00,0.0
2030-06-06 18:45:00,0.0
2030-06-06 19:00:00,0.0
2030-06-06 19:15:00,0.0
2030-06-06 19:30:00,0.0
2030-06-06 19:45:00,0.0
2030-06-06 20:00:00,0.0
2030-06-06 20:15:00,0.0
2030-06-06 20:30:00,0.0
2030-06-06 20:45:00,0.0
2030-06-06 21:00:00,0.0
2030-06-06 21:15:00,0.0
2030-06-06 21:30:00,0.0
2030-06-06 21:45:00,0.0
2030-06-06 22:00:00,0.0
2030-06-06 22:15:00,0.0
2030-06-06 22:30:00,0.0
2030-06-06 22:45:00,0.0
2030-06-06 23:00:00,0.0
2030-06-06 23:15:00,0.0
2030-06-06 23:30:00,0.0
2030-06-06 23:45:00,0.0
2030-06-07 00:00:00,0.0
2030-06-07 00:15:00,0.0
2030-06-07 00:30:00,0.0
2030-06-07 00:45:00,0.0
2030-06-07 01:00:00,0.0
2030-06-07 01:15:00,0.0
2030-06-07 01:30:00,0.0
2030-06-07 01:45:00,0.0
2030-06-07 02:00:00,0.0
2030-06-07 02:15:00,0.0
2030-06-07 02:30:00,0.0
2030-06-07 02:45:00,0.0
2030-06-07 03:00:00,0.0
2030-06-07 03:15:00,0.0
2030-06-07 03:30:00,0.0
2030-06-07 03:45:00,0.0
2030-06-07 04:00:00,0.0
2030-06-07 04:15:00,0.0
2030-06-07 04:30:00,0.0
2030-06-07 04:45:00,0.0
2030-06-07 05:00:00,0.0
2030-06-07 05:15:00,0.0
2030-06-07 05:30:00,0.0
2030-06-07 05:45:00,0.0
2030-06-07 06:00:00,0.0
2030-06-07 06:15:00,0.0
2030-06-07 06:30:00,0.0
2030-06-07 06:45:00,0.0
2030-06-07 07:00:00,0.0
2030-06-07 07:15:00,0.0
2030-06-07 07:30:00,0.0
2030-06-07 07:45:00,0.0
2030-06-07 08:00:00,51.689819764200365
2030-06-07 08:15:00,231.91317461053404
2030-06-07 08:30:00,428.4998401926932
2030-06-07 08:45:00,510.3844959265971
2030-06-07 09:00:00,449.60724574923734
2030-06-07 09:15:00,590.8678217761717
2030-06-07 09:30:00,708.7667081791351
2030-06-07 09:45:00,723.9691347834996
2030-06-07 10:00:00,689.5253074735429
2030-06-07 10:15:00,700.345223551878
2030-06-07 10:30:00,808.2168830495702
2030-06-07 10:45:00,839.6685889848122
2030-06-07 11:00:00,851.8896865216611
2030-06-07 11:15:00,891.7185506271962
2030-06-07 11:30:00,965.2658891805804
2030-06-07 11:45:00,896.1450233670948
2030-06-07 12:00:00,831.1303072194078
2030-06-07 12:15:00,881.2853980798354
2030-06-07 12:30:00,767.8750445461646
2030-06-07 12:45:00,698.8432848364282
2030-06-07 13:00:00,602.9730579587194
2030-06-07 13:15:00,512.4124755442608
2030-06-07 13:30:00,276.8121224794522
2030-06-07 13:45:00,154.5457633669539
2030-06-07 14:00:00,19.117827974943793
2030-06-07 14:15:00,0.0
2030-06-07 14:30:00,0.0
2030-06-07 14:45:00,0.0
2030-06-07 15:00:00,0.0
2030-06-07 15:15:00,0.0
2030-06-07 15:30:00,0.0
2030-06-07 15:45:00,0.0
2030-06-07 16:00:00,0.0
2030-06-07 16:15:00,0.0
2030-06-07 16:30:00,0.0
2030-06-07 16:45:00,0.0
2030-06-07 17:00:00,0.0
2030-06-07 17:15:00,0.0
2030-06-07 17:30:00,0.0
2030-06-07 17:45:00,0.0
2030-06-07 18:00:00,0.0
2030-06-07 18:15:00,0.0
2030-06-07 18:30:00,0.0
2030-06-07 18:45:00,0.0
2030-06-07 19:00:00,0.0
2030-06-07 19:15:00,0.0
2030-06-07 19:30:00,0.0
2030-06-07 19:45:00,0.0
2030-06-07 20:00:00,0.0
2030-06-07 20:15:00,0.0
2030-06-07 20:30:00,0.0
2030-06-07 20:45:00,0.0
2030-06-07 21:00:00,0.0
2030-06-07 21:15:00,0.0
2030-06-07 21:30:00,0.0
2030-06-07 21:45:00,0.0
2030-06-07 22:00:00,0.0
2030-06-07 22:15:00,0.0
2030-06-07 22:30:00,0.0
2030-06-07 22:45:00,0.0
2030-06-07 23:00:00,0.0
2030-06-07 23:15:00,0.0
2030-06-07 23:30:00,0.0
2030-06-07 23:45:00,0.0
2030-06-08 00:00:00,0.0
2030-06-08 00:15:00,0.0
2030-06-08 00:30:00,0.0
2030-06-08 00:45:00,0.0
2030-06-08 01:00:00,0.0
2030-06-08 01:15:00,0.0
2030-06-08 01:30:00,0.0
2030-06-08 01:45:00,0.0
2030-06-08 02:00:00,0.0
2030-06-08 02:15:00,0.0
2030-06-08 02:30:00,0.0
2030-06-08 02:45:00,0.0
2030-06-08 03:00:00,0.0
2030-06-08 03:15:00,0.0
2030-06-08 03:30:00,0.0
2030-06-08 03:45:00,0.0
2030-06-08 04:00:00,0.0
2030-06-08 04:15:00,0.0
2030-06-08 04:30:00,0.0
2030-06-08 04:45:00,0.0
2030-06-08 05:00:00,0.0
2030-06-08 05:15:00,0.0
2030-06-08 05:30:00,0.0
2030-06-08 05:45:00,0.0
2030-06-08 06:00:00,0.0
2030-06-08 06:15:00,0.0
2030-06-08 06:30:00,0.0
2030-06-08 06:45:00,0.0
2030-06-08 07:00:00,0.0
2030-06-08 07:15:00,0.0
2030-06-08 07:30:00,0.0
2030-06-08 07:45:00,0.0
2030-06-08 08:00:00,0.0
2030-06-08 08:15:00,0.0
2030-06-08 08:30:00,0.0
2030-06-08 08:45:00,0.0
2030-06-08 09:00:00,0.0
2030-06-08 09:15:00,0.0
2030-06-08 09:30:00,0.0
2030-06-08 09:45:00,0.0
2030-06-08 10:00:00,0.0
2030-06-08 10:15:00,0.0
2030-06-08 10:30:00,0.0
2030-06-08 10:45:00,0.0
2030-06-08 11:00:00,0.0
2030-06-08 11:15:00,0.0
2030-06-08 11:30:00,0.0
2030-06-08 11:45:00,0.0
2030-06-08 12:00:00,0.0
2030-06-08 12:15:00,0.0
2030-06-08 12:30:00,0.0
2030-06-08 12:45:00,0.0
2030-06-08 13:00:00,0.0
2030-06-08 13:15:00,0.0
2030-06-08 13:30:00,0.0
2030-06-08 13:45:00,0.0
2030-06-08 14:00:00,0.0
2030-06-08 14:15:00,0.0
2030-06-08 14:30:00,0.0
2030-06-08 14:45:00,0.0
2030-06-08 15:00:00,0.0
2030-06-08 15:15:00,0.0
2030-06-08 15:30:00,0.0
2030-06-08 15:45:00,0.0
2030-06-08 16:00:00,0.0
2030-06-08 16:15:00,0.0
2030-06-08 16:30:00,0.0
2030-06-08 16:45:00,0.0
2030-06-08 17:00:00,0.0
2030-06-08 17:15:00,0.0
2030-06-08 17:30:00,0.0
2030-06-08 17:45:00,0.0
2030-06-08 18:00:00,0.0
2030-06-08 18:15:00,0.0
2030-06-08 18:30:00,0.0
2030-06-08 18:45:00,0.0
2030-06-08 19:00:00,0.0
2030-06-08 19:15:00,0.0
2030-06-08 19:30:00,0.0
2030-06-08 19:45:00,0.0
2030-06-08 20:00:00,0.0
2030-06-08 20:15:00,0.0
2030-06-08 20:30:00,0.0
2030-06-08 20:45:00,0.0
2030-06-08 21:00:00,0.0
2030-06-08 21:15:00,0.0
2030-06-08 21:30:00,0.0
2030-06-08 21:45:00,0.0
2030-06-08 22:00:00,0.0
2030-06-08 22:15:00,0.0
2030-06-08 22:30:00,0.0
2030-06-08 22:45:00,0.0
2030-06-08 23:00:00,0.0
2030-06-08 23:15:00,0.0
2030-06-08 23:30:00,0.0
2030-06-08 23:45:00,0.0
2030-06-09 00:00:00,0.0
2030-06-09 00:15:00,0.0
2030-06-09 00:30:00,0.0
2030-06-09 00:45:00,0.0
2030-06-09 01:00:00,0.0
2030-06-09 01:15:00,0.0
2030-06-09 01:30:00,0.0
2030-06-09 01:45:00,0.0
2030-06-09 02:00:00,0.0
2030-06-09 02:15:00,0.0
2030-06-09 02:30:00,0.0
2030-06-09 02:45:00,0.0
2030-06-09 03:00:00,0.0
2030-06-09 03:15:00,0.0
2030-06-09 03:30:00,0.0
2030-06-09 03:45:00,0.0
2030-06-09 04:00:00,0.0
2030-06-09 04:15:00,0.0
2030-06-09 04:30:00,0.0
2030-06-09 04:45:00,0.0
2030-06-09 05:00:00,0.0
2030-06-09 05:15:00,0.0
2030-06-09 05:30:00,0.0
2030-06-09 05:45:00,0.0
2030-06-09 06:00:00,0.0
2030-06-09 06:15:00,0.0
2030-06-09 06:30:00,0.0
2030-06-09 06:45:00,0.0
2030-06-09 07:00:00,0.0
2030-06-09 07:15:00,0.0
2030-06-09 07:30:00,0.0
2030-06-09 07:45:00,0.0
2030-06-09 08:00:00,0.0
2030-06-09 08:15:00,0.0
2030-06-09 08:30:00,0.0
2030-06-09 08:45:00,0.0
2030-06-09 09:00:00,0.0
2030-06-09 09:15:00,0.0
2030-06-09 09:30:00,0.0
2030-06-09 09:45:00,0.0
2030-06-09 10:00:00,0.0
2030-06-09 10:15:00,0.0
2030-06-09 10:30:00,0.0
2030-06-09 10:45:00,0.0
2030-06-09 11:00:00,0.0
2030-06-09 11:15:00,0.0
2030-06-09 11:30:00,0.0
2030-06-09 11:45:00,0.0
2030-06-09 12:00:00,0.0
2030-06-09 12:15:00,0.0
2030-06-09 12:30:00,0.0
2030-06-09 12:45:00,0.0
2030-06-09 13:00:00,0.0
2030-06-09 13:15:00,0.0
2030-06-09 13:30:00,0.0
2030-06-09 13:45:00,0.0
2030-06-09 14:00:00,0.0
2030-06-09 14:15:00,0.0
2030-06-09 14:30:00,0.0
2030-06-09 14:45:00,0.0
2030-06-09 15:00:00,0.0
2030-06-09 15:15:00,0.0
2030-06-09 15:30:00,0.0
2030-06-09 15:45:00,0.0
2030-06-09 16:00:00,0.0
2030-06-09 16:15:00,0.0
2030-06-09 16:30:00,0.0
2030-06-09 16:45:00,0.0
2030-06-09 17:00:00,0.0
2030-06-09 17:15:00,0.0
2030-06-09 17:30:00,0.0
2030-06-09 17:45:00,0.0
2030-06-09 18:00:00,0.0
2030-06-09 18:15:00,0.0
2030-06-09 18:30:00,0.0
2030-06-09 18:45:00,0.0
2030-06-09 19:00:00,0.0
2030-06-09 19:15:00,0.0
2030-06-09 19:30:00,0.0
2030-06-09 19:45:00,0.0
2030-06-09 20:00:00,0.0
2030-06-09 20:15:00,0.0
2030-06-09 20:30:00,0.0
2030-06-09 20:45:00,0.0
2030-06-09 21:00:00,0.0
2030-06-09 21:15:00,0.0
2030-06-09 21:30:00,0.0
2030-06-09 21:45:00,0.0
2030-06-09 22:00:00,0.0
2030-06-09 22:15:00,0.0
2030-06-09 22:30:00,0.0
2030-06-09 22:45:00,0.0
2030-06-09 23:00:00,0.0
2030-06-09 23:15:00,0.0
2030-06-09 23:30:00,0.0
2030-06-09 23:45:00,0.0
2030-06-10 00:00:00,0.0
2030-06-10 00:15:00,0.0
2030-06-10 00:30:00,0.0
2030-06-10 00:45:00,0.0
2030-06-10 01:00:00,0.0
2030-06-10 01:15:00,0.0
2030-06-10 01:30:00,0.0
2030-06-10 01:45:00,0.0
2030-06-10 02:00:00,0.0
2030-06-10 02:15:00,0.0
2030-06-10 02:30:00,0.0
2030-06-10 02:45:00,0.0
2030-06-10 03:00:00,0.0
2030-06-10 03:15:00,0.0
2030-06-10 03:30:00,0.0
2030-06-10 03:45:00,0.0
2030-06-10 04:00:00,0.0
2030-06-10 04:15:00,0.0
2030-06-10 04:30:00,0.0
2030-06-10 04:45:00,0.0
2030-06-10 05:00:00,0.0
2030-06-10 05:15:00,0.0
2030-06-10 05:30:00,0.0
2030-06-10 05:45:00,0.0
2030-06-10 06:00:00,0.0
2030-06-10 06:15:00,0.0
2030-06-10 06:30:00,0.0
2030-06-10 06:45:00,0.0
2030-06-10 07:00:00,0.0
2030-06-10 07:15:00,0.0
2030-06-10 07:30:00,0.0
2030-06-10 07:45:00,0.0
2030-06-10 08:00:00,0.0
2030-06-10 08:15:00,0.0
2030-06-10 08:30:00,0.0
2030-06-10 08:45:00,0.0
2030-06-10 09:00:00,0.0
2030-06-10 09:15:00,0.0
2030-06-10 09:30:00,0.0
2030-06-10 09:45:00,0.0
2030-06-10 10:00:00,0.0
2030-06-10 10:15:00,0.0
2030-06-10 10:30:00,0.0
2030-06-10 10:45:00,0.0
2030-06-10 11:00:00,0.0
2030-06-10 11:15:00,0.0
2030-06-10 11:30:00,0.0
2030-06-10 11:45:00,0.0
2030-06-10 12:00:00,0.0
2030-06-10 12:15:00,0.0
2030-06-10 12:30:00,0.0
2030-06-10 12:45:00,0.0
2030-06-10 13:00:00,0.0
2030-06-10 13:15:00,0.0
2030-06-10 13:30:00,0.0
2030-06-10 13:45:00,0.0
2030-06-10 14:00:00,0.0
2030-06-10 14:15:00,0.0
2030-06-10 14:30:00,0.0
2030-06-10 14:45:00,0.0
2030-06-10 15:00:00,0.0
2030-06-10 15:15:00,0.0
2030-06-10 15:30:00,0.0
2030-06-10 15:45:00,0.0
2030-06-10 16:00:00,0.0
2030-06-10 16:15:00,0.0
2030-06-10 16:30:00,0.0
2030-06-10 16:45:00,0.0
2030-06-10 17:00:00,0.0
2030-06-10 17:15:00,0.0
2030-06-10 17:30:00,0.0
2030-06-10 17:45:00,0.0
2030-06-10 18:00:00,0.0
2030-06-10 18:15:00,0.0
2030-06-10 18:30:00,0.0
2030-06-10 18:45:00,0.0
2030-06-10 19:00:00,0.0
2030-06-10 19:15:00,0.0
2030-06-10 19:30:00,0.0
2030-06-10 19:45:00,0.0
2030-06-10 20:00:00,0.0
2030-06-10 20:15:00,0.0
2030-06-10 20:30:00,0.0
2030-06-10 20:45:00,0.0
2030-06-10 21:00:00,0.0
2030-06-10 21:15:00,0.0
2030-06-10 21:30:00,0.0
2030-06-10 21:45:00,0.0
2030-06-10 22:00:00,0.0
2030-06-10 22:15:00,0.0
2030-06-10 22:30:00,0.0
2030-06-10 22:45:00,0.0
2030-06-10 23:00:00,0.0
2030-06-10 23:15:00,0.0
2030-06-10 23:30:00,0.0
2030-06-10 23:45:00,0.0
2030-06-11 00:00:00,0.0
2030-06-11 00:15:00,0.0
2030-06-11 00:30:00,0.0
2030-06-11 00:45:00,0.0
2030-06-11 01:00:00,0.0
2030-06-11 01:15:00,0.0
2030-06-11 01:30:00,0.0
2030-06-11 01:45:00,0.0
2030-06-11 02:00:00,0.0
2030-06-11 02:15:00,0.0
2030-06-11 02:30:00,0.0
2030-06-11 02:45:00,0.0
2030-06-11 03:00:00,0.0
2030-06-11 03:15:00,0.0
2030-06-11 03:30:00,0.0
2030-06-11 03:45:00,0.0
2030-06-11 04:00:00,0.0
2030-06-11 04:15:00,0.0
2030-06-11 04:30:00,0.0
2030-06-11 04:45:00,0.0
2030-06-11 05:00:00,0.0
2030-06-11 05:15:00,0.0
2030-06-11 05:30:00,0.0
2030-06-11 05:45:00,0.0
2030-06-11 06:00:00,0.0
2030-06-11 06:15:00,0.0
2030-06-11 06:30:00,0.0
2030-06-11 06:45:00,0.0
2030-06-11 07:00:00,0.0
2030-06-11 07:15:00,0.0
2030-06-11 07:30:00,0.0
2030-06-11 07:45:00,0.0
2030-06-11 08:00:00,0.0
2030-06-11 08:15:00,0.0
2030-06-11 08:30:00,0.0
2030-06-11 08:45:00,0.0
2030-06-11 09:00:00,0.0
2030-06-11 09:15:00,0.0
2030-06-11 09:30:00,0.0
2030-06-11 09:45:00,0.0
2030-06-11 10:00:00,0.0
2030-06-11 10:15:00,0.0
2030-06-11 10:30:00,0.0
2030-06-11 10:45:00,0.0
2030-06-11 11:00:00,0.0
2030-06-11 11:15:00,0.0
2030-06-11 11:30:00,0.0
2030-06-11 11:45:00,0.0
2030-06-11 12:00:00,0.0
2030-06-11 12:15:00,0.0
2030-06-11 12:30:00,0.0
2030-06-11 12:45:00,0.0
2030-06-11 13:00:00,0.0
2030-06-11 13:15:00,0.0
2030-06-11 13:30:00,0.0
2030-06-11 13:45:00,0.0
2030-06-11 14:00:00,0.0
2030-06-11 14:15:00,0.0
2030-06-11 14:30:00,0.0
2030-06-11 14:45:00,0.0
2030-06-11 15:00:00,0.0
2030-06-11 15:15:00,0.0
2030-06-11 15:30:00,0.0
2030-06-11 15:45:00,0.0
2030-06-11 16:00:00,0.0
2030-06-11 16:15:00,0.0
2030-06-11 16:30:00,0.0
2030-06-11 16:45:00,0.0
2030-06-11 17:00:00,0.0
2030-06-11 17:15:00,0.0
2030-06-11 17:30:00,0.0
2030-06-11 17:45:00,0.0
2030-06-11 18:00:00,0.0
2030-06-11 18:15:00,0.0
2030-06-11 18:30:00,0.0
2030-06-11 18:45:00,0.0
2030-06-11 19:00:00,0.0
2030-06-11 19:15:00,0.0
2030-06-11 19:30:00,0.0
2030-06-11 19:45:00,0.0
2030-06-11 20:00:00,0.0
2030-06-11 20:15:00,0.0
2030-06-11 20:30:00,0.0
2030-06-11 20:45:00,0.0
2030-06-11 21:00:00,0.0
2030-06-11 21:15:00,0.0
2030-06-11 21:30:00,0.0
2030-06-11 21:45:00,0.0
2030-06-11 22:00:00,0.0
2030-06-11 22:15:00,0.0
2030-06-11 22:30:00,0.0
2030-06-11 22:45:00,0.0
2030-06-11 23:00:00,0.0
2030-06-11 23:15:00,0.0
2030-06-11 23:30:00,0.0
2030-06-11 23:45:00,0.0
2030-06-12 00:00:00,0.0
2030-06-12 00:15:00,0.0
2030-06-12 00:30:00,0.0
2030-06-12 00:45:00,0.0
2030-06-12 01:00:00,0.0
2030-06-12 01:15:00,0.0
2030-06-12 01:30:00,0.0
2030-06-12 01:45:00,0.0
2030-06-12 02:00:00,0.0
2030-06-12 02:15:00,0.0
2030-06-12 02:30:00,0.0
2030-06-12 02:45:00,0.0
2030-06-12 03:00:00,0.0
2030-06-12 03:15:00,0.0
2030-06-12 03:30:00,0.0
2030-06-12 03:45:00,0.0
2030-06-12 04:00:00,0.0
2030-06-12 04:15:00,0.0
2030-06-12 04:30:00,0.0
2030-06-12 04:45:00,0.0
2030-06-12 05:00:00,0.0
2030-06-12 05:15:00,0.0
2030-06-12 05:30:00,0.0
2030-06-12 05:45:00,0.0
2030-06-12 06:00:00,0.0
2030-06-12 06:15:00,0.0
2030-06-12 06:30:00,0.0
2030-06-12 06:45:00,0.0
2030-06-12 07:00:00,0.0
2030-06-12 07:15:00,0.0
2030-06-12 07:30:00,0.0
2030-06-12 07:45:00,37.817436633329635
2030-06-12 08:00:00,135.76959528066254
2030-06-12 08:15:00,351.30474173749826
2030-06-12 08:30:00,579.4777310198551
2030-06-12 08:45:00,636.8343546151118
2030-06-12 09:00:00,486.6745338306064
2030-06-12 09:15:00,535.7722690469018
2030-06-12 09:30:00,642.9326948877715
2030-06-12 09:45:00,757.6542030875389
2030-06-12 10:00:00,663.2418798695289
2030-06-12 10:15:00,786.6255811197261
2030-06-12 10:30:00,803.7541141526635
2030-06-12 10:45:00,810.9853517107622
2030-06-12 11:00:00,844.6997957291442
2030-06-12 11:15:00,946.3136627908043
2030-06-12 11:30:00,1060.7150134137519
2030-06-12 11:45:00,1038.209026659999
2030-06-12 12:00:00,903.6272565535182
2030-06-12 12:15:00,830.8121583753309
2030-06-12 12:30:00,795.110165632399
2030-06-12 12:45:00,882.6250993983213
2030-06-12 13:00:00,775.9290829543497
2030-06-12 13:15:00,654.6883796524744
2030-06-12 13:30:00,634.3515038239711
2030-06-12 13:45:00,455.1611711636324
2030-06-12 14:00:00,321.40647235628603
2030-06-12 14:15:00,326.7161441906901
2030-06-12 14:30:00,267.62524706178556
2030-06-12 14:45:00,173.48086092157791
2030-06-12 15:00:00,165.03516922266863
2030-06-12 15:15:00,31.781229888692906
2030-06-12 15:30:00,0.0
2030-06-12 15:45:00,0.0
2030-06-12 16:00:00,0.0
2030-06-12 16:15:00,0.0
2030-06-12 16:30:00,0.0
2030-06-12 16:45:00,0.0
2030-06-12 17:00:00,0.0
2030-06-12 17:15:00,0.0
2030-06-12 17:30:00,0.0
2030-06-12 17:45:00,0.0
2030-06-12 18:00:00,0.0
2030-06-12 18:15:00,0.0
2030-06-12 18:30:00,0.0
2030-06-12 18:45:00,0.0
2030-06-12 19:00:00,0.0
2030-06-12 19:15:00,0.0
2030-06-12 19:30:00,0.0
2030-06-12 19:45:00,0.0
2030-06-12 20:00:00,0.0
2030-06-12 20:15:00,0.0
2030-06-12 20:30:00,0.0
2030-06-12 20:45:00,0.0
2030-06-12 21:00:00,0.0
2030-06-12 21:15:00,0.0
2030-06-12 21:30:00,0.0
2030-06-12 21:45:00,0.0
2030-06-12 22:00:00,0.0
2030-06-12 22:15:00,0.0
2030-06-12 22:30:00,0.0
2030-06-12 22:45:00,0.0
2030-06-12 23:00:00,0.0
2030-06-12 23:15:00,0.0
2030-06-12 23:30:00,0.0
2030-06-12 23:45:00,0.0
2030-06-13 00:00:00,0.0
2030-06-13 00:15:00,0.0
2030-06-13 00:30:00,0.0
2030-06-13 00:45:00,0.0
2030-06-13 01:00:00,0.0
2030-06-13 01:15:00,0.0
2030-06-13 01:30:00,0.0
2030-06-13 01:45:00,0.0
2030-06-13 02:00:00,0.0
2030-06-13 02:15:00,0.0
2030-06-13 02:30:00,0.0
2030-06-13 02:45:00,0.0
2030-06-13 03:00:00,0.0
2030-06-13 03:15:00,0.0
2030-06-13 03:30:00,0.0
2030-06-13 03:45:00,0.0
2030-06-13 04:00:00,0.0
2030-06-13 04:15:00,0.0
2030-06-13 04:30:00,0.0
2030-06-13 04:45:00,0.0
2030-06-13 05:00:00,0.0
2030-06-13 05:15:00,0.0
2030-06-13 05:30:00,0.0
2030-06-13 05:45:00,0.0
2030-06-13 06:00:00,0.0
2030-06-13 06:15:00,0.0
2030-06-13 06:30:00,0.0
2030-06-13 06:45:00,0.0
2030-06-13 07:00:00,0.0
2030-06-13 07:15:00,0.0
2030-06-13 07:30:00,0.0
2030-06-13 07:45:00,0.0
2030-06-13 08:00:00,0.0
2030-06-13 08:15:00,122.40956523008208
2030-06-13 08:30:00,181.73669761854762
2030-06-13 08:45:00,10.740757579425917
2030-06-13 09:00:00,0.0
2030-06-13 09:15:00,82.91975275681398
2030-06-13 09:30:00,96.66678818291803
2030-06-13 09:45:00,18.234508415733217
2030-06-13 10:00:00,24.52079491000768
2030-06-13 10:15:00,0.0
2030-06-13 10:30:00,0.0
2030-06-13 10:45:00,0.0
2030-06-13 11:00:00,0.0
2030-06-13 11:15:00,0.0
2030-06-13 11:30:00,0.0
2030-06-13 11:45:00,0.0
2030-06-13 12:00:00,0.0
2030-06-13 12:15:00,0.0
2030-06-13 12:30:00,0.0
2030-06-13 12:45:00,0.0
2030-06-13 13:00:00,0.0
2030-06-13 13:15:00,0.0
2030-06-13 13:30:00,0.0
2030-06-13 13:45:00,0.0
2030-06-13 14:00:00,0.0
2030-06-13 14:15:00,0.0
2030-06-13 14:30:00,0.0
2030-06-13 14:45:00,0.0
2030-06-13 15:00:00,0.0
2030-06-13 15:15:00,0.0
2030-06-13 15:30:00,0.0
2030-06-13 15:45:00,0.0
2030-06-13 16:00:00,0.0
2030-06-13 16:15:00,0.0
2030-06-13 16:30:00,0.0
2030-06-13 16:45:00,0.0
2030-06-13 17:00:00,0.0
2030-06-13 17:15:00,0.0
2030-06-13 17:30:00,0.0
2030-06-13 17:45:00,0.0
2030-06-13 18:00:00,0.0
2030-06-13 18:15:00,0.0
2030-06-13 18:30:00,0.0
2030-06-13 18:45:00,0.0
2030-06-13 19:00:00,0.0
2030-06-13 19:15:00,0.0
2030-06-13 19:30:00,0.0
2030-06-13 19:45:00,0.0
2030-06-13 20:00:00,0.0
2030-06-13 20:15:00,0.0
2030-06-13 20:30:00,0.0
2030-06-13 20:45:00,0.0
2030-06-13 21:00:00,0.0
2030-06-13 21:15:00,0.0
2030-06-13 21:30:00,0.0
2030-06-13 21:45:00,0.0
2030-06-13 22:00:00,0.0
2030-06-13 22:15:00,0.0
2030-06-13 22:30:00,0.0
2030-06-13 22:45:00,0.0
2030-06-13 23:00:00,0.0
2030-06-13 23:15:00,0.0
2030-06-13 23:30:00,0.0
2030-06-13 23:45:00,0.0
2030-06-14 00:00:00,0.0
2030-06-14 00:15:00,0.0
2030-06-14 00:30:00,0.0
2030-06-14 00:45:00,0.0
2030-06-14 01:00:00,0.0
2030-06-14 01:15:00,0.0
2030-06-14 01:30:00,0.0
2030-06-14 01:45:00,0.0
2030-06-14 02:00:00,0.0
2030-06-14 02:15:00,0.0
2030-06-14 02:30:00,0.0
2030-06-14 02:45:00,0.0
2030-06-14 03:00:00,0.0
2030-06-14 03:15:00,0.0
2030-06-14 03:30:00,0.0
2030-06-14 03:45:00,0.0
2030-06-14 04:00:00,0.0
2030-06-14 04:15:00,0.0
2030-06-14 04:30:00,0.0
2030-06-14 04:45:00,0.0
2030-06-14 05:00:00,0.0
2030-06-14 05:15:00,0.0
2030-06-14 05:30:00,0.0
2030-06-14 05:45:00,0.0
2030-06-14 06:00:00,0.0
2030-06-14 06:15:00,0.0
2030-06-14 06:30:00,0.0
2030-06-14 06:45:00,0.0
2030-06-14 07:00:00,0.0
2030-06-14 07:15:00,0.0
2030-06-14 07:30:00,0.0
2030-06-14 07:45:00,0.0
2030-06-14 08:00:00,0.0
2030-06-14 08:15:00,168.4889396409344
2030-06-14 08:30:00,222.6519726206261
2030-06-14 08:45:00,220.67759398384442
2030-06-14 09:00:00,117.59324626904527
2030-06-14 09:15:00,172.54018203394298
2030-06-14 09:30:00,396.2626428170588
2030-06-14 09:45:00,313.24632522186585
2030-06-14 10:00:00,265.44455669337003
2030-06-14 10:15:00,277.6111730720986
2030-06-14 10:30:00,403.4792407138284
2030-06-14 10:45:00,457.4984390720274
2030-06-14 11:00:00,452.0650147528431
2030-06-14 11:15:00,542.3352059191675
2030-06-14 11:30:00,621.0935600395296
2030-06-14 11:45:00,584.2098717040681
2030-06-14 12:00:00,442.1864329270611
2030-06-14 12:15:00,398.7450610020078
2030-06-14 12:30:00,271.78164782655404
2030-06-14 12:45:00,265.3784841129491
2030-06-14 13:00:00,269.1591999951088
2030-06-14 13:15:00,235.45904248147417
2030-06-14 13:30:00,182.1305215988159
2030-06-14 13:45:00,25.669081025687774
2030-06-14 14:00:00,0.0
2030-06-14 14:15:00,0.0
2030-06-14 14:30:00,0.0
2030-06-14 14:45:00,0.0
2030-06-14 15:00:00,0.0
2030-06-14 15:15:00,0.0
2030-06-14 15:30:00,0.0
2030-06-14 15:45:00,0.0
2030-06-14 16:00:00,0.0
2030-06-14 16:15:00,0.0
2030-06-14 16:30:00,0.0
2030-06-14 16:45:00,0.0
2030-06-14 17:00:00,0.0
2030-06-14 17:15:00,0.0
2030-06-14 17:30:00,0.0
2030-06-14 17:45:00,0.0
2030-06-14 18:00:00,0.0
2030-06-14 18:15:00,0.0
2030-06-14 18:30:00,0.0
2030-06-14 18:45:00,0.0
2030-06-14 19:00:00,0.0
2030-06-14 19:15:00,0.0
2030-06-14 19:30:00,0.0
2030-06-14 19:45:00,0.0
2030-06-14 20:00:00,0.0
2030-06-14 20:15:00,0.0
2030-06-14 20:30:00,0.0
2030-06-14 20:45:00,0.0
2030-06-14 21:00:00,0.0
2030-06-14 21:15:00,0.0
2030-06-14 21:30:00,0.0
2030-06-14 21:45:00,0.0
2030-06-14 22:00:00,0.0
2030-06-14 22:15:00,0.0
2030-06-14 22:30:00,0.0
2030-06-14 22:45:00,0.0
2030-06-14 23:00:00,0.0
2030-06-14 23:15:00,0.0
2030-06-14 23:30:00,0.0
2030-06-14 23:45:00,0.0
2030-06-15 00:00:00,0.0
2030-06-15 00:15:00,0.0
2030-06-15 00:30:00,0.0
2030-06-15 00:45:00,0.0
2030-06-15 01:00:00,0.0
2030-06-15 01:15:00,0.0
2030-06-15 01:30:00,0.0
2030-06-15 01:45:00,0.0
2030-06-15 02:00:00,0.0
2030-06-15 02:15:00,0.0
2030-06-15 02:30:00,0.0
2030-06-15 02:45:00,0.0
2030-06-15 03:00:00,0.0
2030-06-15 03:15:00,0.0
2030-06-15 03:30:00,0.0
2030-06-15 03:45:00,0.0
2030-06-15 04:00:00,0.0
2030-06-15 04:15:00,0.0
2030-06-15 04:30:00,0.0
2030-06-15 04:45:00,0.0
2030-06-15 05:00:00,0.0
2030-06-15 05:15:00,0.0
2030-06-15 05:30:00,0.0
2030-06-15 05:45:00,0.0
2030-06-15 06:00:00,0.0
2030-06-15 06:15:00,0.0
2030-06-15 06:30:00,0.0
2030-06-15 06:45:00,0.0
2030-06-15 07:00:00,0.0
2030-06-15 07:15:00,0.0
2030-06-15 07:30:00,0.0
2030-06-15 07:45:00,0.0
2030-06-15 08:00:00,0.0
2030-06-15 08:15:00,27.27724018626759
2030-06-15 08:30:00,163.50743551180494
2030-06-15 08:45:00,161.33923062952636
2030-06-15 09:00:00,4.912676133320929
2030-06-15 09:15:00,229.19026864401712
2030-06-15 09:30:00,431.03810505518777
2030-06-15 09:45:00,373.56002509921564
2030-06-15 10:00:00,326.6611997857708
2030-06-15 10:15:00,319.5361042641107
2030-06-15 10:30:00,424.45195148515995
2030-06-15 10:45:00,440.0948541202433
2030-06-15 11:00:00,416.9053291582859
2030-06-15 11:15:00,400.3617716005501
2030-06-15 11:30:00,469.0396715379866
2030-06-15 11:45:00,421.69178537581683
2030-06-15 12:00:00,341.51957077700536
2030-06-15 12:15:00,305.8040124609488
2030-06-15 12:30:00,244.3913735692804
2030-06-15 12:45:00,183.75156817358766
2030-06-15 13:00:00,111.64058049004598
2030-06-15 13:15:00,80.02813668033377
2030-06-15 13:30:00,0.0
2030-06-15 13:45:00,0.0
2030-06-15 14:00:00,0.0
2030-06-15 14:15:00,0.0
2030-06-15 14:30:00,0.0
2030-06-15 14:45:00,0.0
2030-06-15 15:00:00,0.0
2030-06-15 15:15:00,0.0
2030-06-15 15:30:00,0.0
2030-06-15 15:45:00,0.0
2030-06-15 16:00:00,0.0
2030-06-15 16:15:00,0.0
2030-06-15 16:30:00,0.0
2030-06-15 16:45:00,0.0
2030-06-15 17:00:00,0.0
2030-06-15 17:15:00,0.0
2030-06-15 17:30:00,0.0
2030-06-15 17:45:00,0.0
2030-06-15 18:00:00,0.0
2030-06-15 18:15:00,0.0
2030-06-15 18:30:00,0.0
2030-06-15 18:45:00,0.0
2030-06-15 19:00:00,0.0
2030-06-15 19:15:00,0.0
2030-06-15 19:30:00,0.0
2030-06-15 19:45:00,0.0
2030-06-15 20:00:00,0.0
2030-06-15 20:15:00,0.0
2030-06-15 20:30:00,0.0
2030-06-15 20:45:00,0.0
2030-06-15 21:00:00,0.0
2030-06-15 21:15:00,0.0
2030-06-15 21:30:00,0.0
2030-06-15 21:45:00,0.0
2030-06-15 22:00:00,0.0
2030-06-15 22:15:00,0.0
2030-06-15 22:30:00,0.0
2030-06-15 22:45:00,0.0
2030-06-15 23:00:00,0.0
2030-06-15 23:15:00,0.0
2030-06-15 23:30:00,0.0
2030-06-15 23:45:00,0.0
2030-06-16 00:00:00,0.0
2030-06-16 00:15:00,0.0
2030-06-16 00:30:00,0.0
2030-06-16 00:45:00,0.0
2030-06-16 01:00:00,0.0
2030-06-16 01:15:00,0.0
2030-06-16 01:30:00,0.0
2030-06-16 01:45:00,0.0
2030-06-16 02:00:00,0.0
2030-06-16 02:15:00,0.0
2030-06-16 02:30:00,0.0
2030-06-16 02:45:00,0.0
2030-06-16 03:00:00,0.0
2030-06-16 03:15:00,0.0
2030-06-16 03:30:00,0.0
2030-06-16 03:45:00,0.0
2030-06-16 04:00:00,0.0
2030-06-16 04:15:00,0.0
2030-06-16 04:30:00,0.0
2030-06-16 04:45:00,0.0
2030-06-16 05:00:00,0.0
2030-06-16 05:15:00,0.0
2030-06-16 05:30:00,0.0
2030-06-16 05:45:00,0.0
2030-06-16 06:00:00,0.0
2030-06-16 06:15:00,0.0
2030-06-16 06:30:00,0.0
2030-06-16 06:45:00,0.0
2030-06-16 07:00:00,0.0
2030-06-16 07:15:00,0.0
2030-06-16 07:30:00,0.0
2030-06-16 07:45:00,0.0
2030-06-16 08:00:00,123.2088427887029
2030-06-16 08:15:00,294.76391741461885
2030-06-16 08:30:00,501.9123748840957
2030-06-16 08:45:00,497.666941131014
2030-06-16 09:00:00,333.18099144507505
2030-06-16 09:15:00,368.0969651632349
2030-06-16 09:30:00,476.8067101396791
2030-06-16 09:45:00,491.69519932898584
2030-06-16 10:00:00,382.5069921640443
2030-06-16 10:15:00,397.8343028359832
2030-06-16 10:30:00,443.5671277938309
2030-06-16 10:45:00,466.4696188091948
2030-06-16 11:00:00,462.411992212923
2030-06-16 11:15:00,572.7883185461524
2030-06-16 11:30:00,726.7277867056291
2030-06-16 11:45:00,677.3092583792368
2030-06-16 12:00:00,586.2199967706001
2030-06-16 12:15:00,573.8951815990713
2030-06-16 12:30:00,597.8799587924805
2030-06-16 12:45:00,778.945560416756
2030-06-16 13:00:00,703.164561708636
2030-06-16 13:15:00,578.1518067149736
2030-06-16 13:30:00,428.13156115882884
2030-06-16 13:45:00,395.29593155884686
2030-06-16 14:00:00,268.0479549869815
2030-06-16 14:15:00,259.08155706135585
2030-06-16 14:30:00,133.86312347085004
2030-06-16 14:45:00,166.87255580656347
2030-06-16 15:00:00,222.32430745676356
2030-06-16 15:15:00,158.6943687519106
2030-06-16 15:30:00,157.5574427005995
2030-06-16 15:45:00,59.967670288622685
2030-06-16 16:00:00,95.04872021086521
2030-06-16 16:15:00,23.89540988659428
2030-06-16 16:30:00,0.0
2030-06-16 16:45:00,0.0
2030-06-16 17:00:00,5.257542819321316
2030-06-16 17:15:00,0.0
2030-06-16 17:30:00,0.0
2030-06-16 17:45:00,0.0
2030-06-16 18:00:00,0.0
2030-06-16 18:15:00,0.0
2030-06-16 18:30:00,0.0
2030-06-16 18:45:00,0.0
2030-06-16 19:00:00,0.0
2030-06-16 19:15:00,0.0
2030-06-16 19:30:00,0.0
2030-06-16 19:45:00,0.0
2030-06-16 20:00:00,0.0
2030-06-16 20:15:00,0.0
2030-06-16 20:30:00,0.0
2030-06-16 20:45:00,0.0
2030-06-16 21:00:00,0.0
2030-06-16 21:15:00,0.0
2030-06-16 21:30:00,0.0
2030-06-16 21:45:00,0.0
2030-06-16 22:00:00,0.0
2030-06-16 22:15:00,0.0
2030-06-16 22:30:00,0.0
2030-06-16 22:45:00,0.0
2030-06-16 23:00:00,0.0
2030-06-16 23:15:00,0.0
2030-06-16 23:30:00,0.0
2030-06-16 23:45:00,0.0
2030-06-17 00:00:00,0.0
2030-06-17 00:15:00,0.0
2030-06-17 00:30:00,0.0
2030-06-17 00:45:00,0.0
2030-06-17 01:00:00,0.0
2030-06-17 01:15:00,0.0
2030-06-17 01:30:00,0.0
2030-06-17 01:45:00,0.0
2030-06-17 02:00:00,0.0
2030-06-17 02:15:00,0.0
2030-06-17 02:30:00,0.0
2030-06-17 02:45:00,0.0
2030-06-17 03:00:00,0.0
2030-06-17 03:15:00,0.0
2030-06-17 03:30:00,0.0
2030-06-17 03:45:00,0.0
2030-06-17 04:00:00,0.0
2030-06-17 04:15:00,0.0
2030-06-17 04:30:00,0.0
2030-06-17 04:45:00,0.0
2030-06-17 05:00:00,0.0
2030-06-17 05:15:00,0.0
2030-06-17 05:30:00,0.0
2030-06-17 05:45:00,0.0
2030-06-17 06:00:00,0.0
2030-06-17 06:15:00,0.0
2030-06-17 06:30:00,0.0
2030-06-17 06:45:00,0.0
2030-06-17 07:00:00,0.0
2030-06-17 07:15:00,0.0
2030-06-17 07:30:00,0.0
2030-06-17 07:45:00,0.0
2030-06-17 08:00:00,0.0
2030-06-17 08:15:00,0.0
2030-06-17 08:30:00,0.0
2030-06-17 08:45:00,0.0
2030-06-17 09:00:00,0.0
2030-06-17 09:15:00,0.0
2030-06-17 09:30:00,0.0
2030-06-17 09:45:00,0.0
2030-06-17 10:00:00,0.0
2030-06-17 10:15:00,0.0
2030-06-17 10:30:00,0.0
2030-06-17 10:45:00,0.0
2030-06-17 11:00:00,0.0
2030-06-17 11:15:00,0.0
2030-06-17 11:30:00,0.0
2030-06-17 11:45:00,0.0
2030-06-17 12:00:00,0.0
2030-06-17 12:15:00,0.0
2030-06-17 12:30:00,0.0
2030-06-17 12:45:00,0.0
2030-06-17 13:00:00,0.0
2030-06-17 13:15:00,0.0
2030-06-17 13:30:00,0.0
2030-06-17 13:45:00,0.0
2030-06-17 14:00:00,0.0
2030-06-17 14:15:00,0.0
2030-06-17 14:30:00,0.0
2030-06-17 14:45:00,0.0
2030-06-17 15:00:00,0.0
2030-06-17 15:15:00,0.0
2030-06-17 15:30:00,0.0
2030-06-17 15:45:00,0.0
2030-06-17 16:00:00,0.0
2030-06-17 16:15:00,0.0
2030-06-17 16:30:00,0.0
2030-06-17 16:45:00,0.0
2030-06-17 17:00:00,0.0
2030-06-17 17:15:00,0.0
2030-06-17 17:30:00,0.0
2030-06-17 17:45:00,0.0
2030-06-17 18:00:00,0.0
2030-06-17 18:15:00,0.0
2030-06-17 18:30:00,0.0
2030-06-17 18:45:00,0.0
2030-06-17 19:00:00,0.0
2030-06-17 19:15:00,0.0
2030-06-17 19:30:00,0.0
2030-06-17 19:45:00,0.0
2030-06-17 20:00:00,0.0
2030-06-17 20:15:00,0.0
2030-06-17 20:30:00,0.0
2030-06-17 20:45:00,0.0
2030-06-17 21:00:00,0.0
2030-06-17 21:15:00,0.0
2030-06-17 21:30:00,0.0
2030-06-17 21:45:00,0.0
2030-06-17 22:00:00,0.0
2030-06-17 22:15:00,0.0
2030-06-17 22:30:00,0.0
2030-06-17 22:45:00,0.0
2030-06-17 23:00:00,0.0
2030-06-17 23:15:00,0.0
2030-06-17 23:30:00,0.0
2030-06-17 23:45:00,0.0
2030-06-18 00:00:00,0.0
2030-06-18 00:15:00,0.0
2030-06-18 00:30:00,0.0
2030-06-18 00:45:00,0.0
2030-06-18 01:00:00,0.0
2030-06-18 01:15:00,0.0
2030-06-18 01:30:00,0.0
2030-06-18 01:45:00,0.0
2030-06-18 02:00:00,0.0
2030-06-18 02:15:00,0.0
2030-06-18 02:30:00,0.0
2030-06-18 02:45:00,0.0
2030-06-18 03:00:00,0.0
2030-06-18 03:15:00,0.0
2030-06-18 03:30:00,0.0
2030-06-18 03:45:00,0.0
2030-06-18 04:00:00,0.0
2030-06-18 04:15:00,0.0
2030-06-18 04:30:00,0.0
2030-06-18 04:45:00,0.0
2030-06-18 05:00:00,0.0
2030-06-18 05:15:00,0.0
2030-06-18 05:30:00,0.0
2030-06-18 05:45:00,0.0
2030-06-18 06:00:00,0.0
2030-06-18 06:15:00,0.0
2030-06-18 06:30:00,0.0
2030-06-18 06:45:00,0.0
2030-06-18 07:00:00,0.0
2030-06-18 07:15:00,0.0
2030-06-18 07:30:00,0.0
2030-06-18 07:45:00,0.0
2030-06-18 08:00:00,0.0
2030-06-18 08:15:00,0.0
2030-06-18 08:30:00,0.0
2030-06-18 08:45:00,0.0
2030-06-18 09:00:00,0.0
2030-06-18 09:15:00,0.0
2030-06-18 09:30:00,0.0
2030-06-18 09:45:00,0.0
2030-06-18 10:00:00,0.0
2030-06-18 10:15:00,0.0
2030-06-18 10:30:00,0.0
2030-06-18 10:45:00,0.0
2030-06-18 11:00:00,0.0
2030-06-18 11:15:00,0.0
2030-06-18 11:30:00,0.0
2030-06-18 11:45:00,0.0
2030-06-18 12:00:00,0.0
2030-06-18 12:15:00,0.0
2030-06-18 12:30:00,0.0
2030-06-18 12:45:00,0.0
2030-06-18 13:00:00,0.0
2030-06-18 13:15:00,0.0
2030-06-18 13:30:00,0.0
2030-06-18 13:45:00,0.0
2030-06-18 14:00:00,0.0
2030-06-18 14:15:00,0.0
2030-06-18 14:30:00,0.0
2030-06-18 14:45:00,0.0
2030-06-18 15:00:00,0.0
2030-06-18 15:15:00,0.0
2030-06-18 15:30:00,0.0
2030-06-18 15:45:00,0.0
2030-06-18 16:00:00,0.0
2030-06-18 16:15:00,0.0
2030-06-18 16:30:00,0.0
2030-06-18 16:45:00,0.0
2030-06-18 17:00:00,0.0
2030-06-18 17:15:00,0.0
2030-06-18 17:30:00,0.0
2030-06-18 17:45:00,0.0
2030-06-18 18:00:00,0.0
2030-06-18 18:15:00,0.0
2030-06-18 18:30:00,0.0
2030-06-18 18:45:00,0.0
2030-06-18 19:00:00,0.0
2030-06-18 19:15:00,0.0
2030-06-18 19:30:00,0.0
2030-06-18 19:45:00,0.0
2030-06-18 20:00:00,0.0
2030-06-18 20:15:00,0.0
2030-06-18 20:30:00,0.0
2030-06-18 20:45:00,0.0
2030-06-18 21:00:00,0.0
2030-06-18 21:15:00,0.0
2030-06-18 21:30:00,0.0
2030-06-18 21:45:00,0.0
2030-06-18 22:00:00,0.0
2030-06-18 22:15:00,0.0
2030-06-18 22:30:00,0.0
2030-06-18 22:45:00,0.0
2030-06-18 23:00:00,0.0
2030-06-18 23:15:00,0.0
2030-06-18 23:30:00,0.0
2030-06-18 23:45:00,0.0
2030-06-19 00:00:00,0.0
2030-06-19 00:15:00,0.0
2030-06-19 00:30:00,0.0
2030-06-19 00:45:00,0.0
2030-06-19 01:00:00,0.0
2030-06-19 01:15:00,0.0
2030-06-19 01:30:00,0.0
2030-06-19 01:45:00,0.0
2030-06-19 02:00:00,0.0
2030-06-19 02:15:00,0.0
2030-06-19 02:30:00,0.0
2030-06-19 02:45:00,0.0
2030-06-19 03:00:00,0.0
2030-06-19 03:15:00,0.0
2030-06-19 03:30:00,0.0
2030-06-19 03:45:00,0.0
2030-06-19 04:00:00,0.0
2030-06-19 04:15:00,0.0
2030-06-19 04:30:00,0.0
2030-06-19 04:45:00,0.0
2030-06-19 05:00:00,0.0
2030-06-19 05:15:00,0.0
2030-06-19 05:30:00,0.0
2030-06-19 05:45:00,0.0
2030-06-19 06:00:00,0.0
2030-06-19 06:15:00,0.0
2030-06-19 06:30:00,0.0
2030-06-19 06:45:00,0.0
2030-06-19 07:00:00,0.0
2030-06-19 07:15:00,0.0
2030-06-19 07:30:00,0.0
2030-06-19 07:45:00,0.0
2030-06-19 08:00:00,0.0
2030-06-19 08:15:00,0.0
2030-06-19 08:30:00,0.0
2030-06-19 08:45:00,0.0
2030-06-19 09:00:00,0.0
2030-06-19 09:15:00,0.0
2030-06-19 09:30:00,0.0
2030-06-19 09:45:00,0.0
2030-06-19 10:00:00,0.0
2030-06-19 10:15:00,0.0
2030-06-19 10:30:00,0.0
2030-06-19 10:45:00,0.0
2030-06-19 11:00:00,0.0
2030-06-19 11:15:00,0.0
2030-06-19 11:30:00,0.0
2030-06-19 11:45:00,0.0
2030-06-19 12:00:00,0.0
2030-06-19 12:15:00,0.0
2030-06-19 12:30:00,0.0
2030-06-19 12:45:00,0.0
2030-06-19 13:00:00,0.0
2030-06-19 13:15:00,0.0
2030-06-19 13:30:00,0.0
2030-06-19 13:45:00,0.0
2030-06-19 14:00:00,0.0
2030-06-19 14:15:00,0.0
2030-06-19 14:30:00,0.0
2030-06-19 14:45:00,0.0
2030-06-19 15:00:00,0.0
2030-06-19 15:15:00,0.0
2030-06-19 15:30:00,0.0
2030-06-19 15:45:00,0.0
2030-06-19 16:00:00,0.0
2030-06-19 16:15:00,0.0
2030-06-19 16:30:00,0.0
2030-06-19 16:45:00,0.0
2030-06-19 17:00:00,0.0
2030-06-19 17:15:00,0.0
2030-06-19 17:30:00,0.0
2030-06-19 17:45:00,0.0
2030-06-19 18:00:00,0.0
2030-06-19 18:15:00,0.0
2030-06-19 18:30:00,0.0
2030-06-19 18:45:00,0.0
2030-06-19 19:00:00,0.0
2030-06-19 19:15:00,0.0
2030-06-19 19:30:00,0.0
2030-06-19 19:45:00,0.0
2030-06-19 20:00:00,0.0
2030-06-19 20:15:00,0.0
2030-06-19 20:30:00,0.0
2030-06-19 20:45:00,0.0
2030-06-19 21:00:00,0.0
2030-06-19 21:15:00,0.0
2030-06-19 21:30:00,0.0
2030-06-19 21:45:00,0.0
2030-06-19 22:00:00,0.0
2030-06-19 22:15:00,0.0
2030-06-19 22:30:00,0.0
2030-06-19 22:45:00,0.0
2030-06-19 23:00:00,0.0
2030-06-19 23:15:00,0.0
2030-06-19 23:30:00,0.0
2030-06-19 23:45:00,0.0
2030-06-20 00:00:00,0.0
2030-06-20 00:15:00,0.0
2030-06-20 00:30:00,0.0
2030-06-20 00:45:00,0.0
2030-06-20 01:00:00,0.0
2030-06-20 01:15:00,0.0
2030-06-20 01:30:00,0.0
2030-06-20 01:45:00,0.0
2030-06-20 02:00:00,0.0
2030-06-20 02:15:00,0.0
2030-06-20 02:30:00,0.0
2030-06-20 02:45:00,0.0
2030-06-20 03:00:00,0.0
2030-06-20 03:15:00,0.0
2030-06-20 03:30:00,0.0
2030-06-20 03:45:00,0.0
2030-06-20 04:00:00,0.0
2030-06-20 04:15:00,0.0
2030-06-20 04:30:00,0.0
2030-06-20 04:45:00,0.0
2030-06-20 05:00:00,0.0
2030-06-20 05:15:00,0.0
2030-06-20 05:30:00,0.0
2030-06-20 05:45:00,0.0
2030-06-20 06:00:00,0.0
2030-06-20 06:15:00,0.0
2030-06-20 06:30:00,0.0
2030-06-20 06:45:00,0.0
2030-06-20 07:00:00,0.0
2030-06-20 07:15:00,0.0
2030-06-20 07:30:00,0.0
2030-06-20 07:45:00,0.0
2030-06-20 08:00:00,0.0
2030-06-20 08:15:00,0.0
2030-06-20 08:30:00,0.0
2030-06-20 08:45:00,0.0
2030-06-20 09:00:00,0.0
2030-06-20 09:15:00,0.0
2030-06-20 09:30:00,0.0
2030-06-20 09:45:00,0.0
2030-06-20 10:00:00,0.0
2030-06-20 10:15:00,0.0
2030-06-20 10:30:00,0.0
2030-06-20 10:45:00,0.0
2030-06-20 11:00:00,0.0
2030-06-20 11:15:00,0.0
2030-06-20 11:30:00,0.0
2030-06-20 11:45:00,0.0
2030-06-20 12:00:00,0.0
2030-06-20 12:15:00,0.0
2030-06-20 12:30:00,0.0
2030-06-20 12:45:00,0.0
2030-06-20 13:00:00,0.0
2030-06-20 13:15:00,0.0
2030-06-20 13:30:00,0.0
2030-06-20 13:45:00,0.0
2030-06-20 14:00:00,0.0
2030-06-20 14:15:00,0.0
2030-06-20 14:30:00,0.0
2030-06-20 14:45:00,0.0
2030-06-20 15:00:00,0.0
2030-06-20 15:15:00,0.0
2030-06-20 15:30:00,0.0
2030-06-20 15:45:00,0.0
2030-06-20 16:00:00,0.0
2030-06-20 16:15:00,0.0
2030-06-20 16:30:00,0.0
2030-06-20 16:45:00,0.0
2030-06-20 17:00:00,0.0
2030-06-20 17:15:00,0.0
2030-06-20 17:30:00,0.0
2030-06-20 17:45:00,0.0
2030-06-20 18:00:00,0.0
2030-06-20 18:15:00,0.0
2030-06-20 18:30:00,0.0
2030-06-20 18:45:00,0.0
2030-06-20 19:00:00,0.0
2030-06-20 19:15:00,0.0
2030-06-20 19:30:00,0.0
2030-06-20 19:45:00,0.0
2030-06-20 20:00:00,0.0
2030-06-20 20:15:00,0.0
2030-06-20 20:30:00,0.0
2030-06-20 20:45:00,0.0
2030-06-20 21:00:00,0.0
2030-06-20 21:15:00,0.0
2030-06-20 21:30:00,0.0
2030-06-20 21:45:00,0.0
2030-06-20 22:00:00,0.0
2030-06-20 22:15:00,0.0
2030-06-20 22:30:00,0.0
2030-06-20 22:45:00,0.0
2030-06-20 23:00:00,0.0
2030-06-20 23:15:00,0.0
2030-06-20 23:30:00,0.0
2030-06-20 23:45:00,0.0
2030-06-21 00:00:00,0.0
2030-06-21 00:15:00,0.0
2030-06-21 00:30:00,0.0
2030-06-21 00:45:00,0.0
2030-06-21 01:00:00,0.0
2030-06-21 01:15:00,0.0
2030-06-21 01:30:00,0.0
2030-06-21 01:45:00,0.0
2030-06-21 02:00:00,0.0
2030-06-21 02:15:00,0.0
2030-06-21 02:30:00,0.0
2030-06-21 02:45:00,0.0
2030-06-21 03:00:00,0.0
2030-06-21 03:15:00,0.0
2030-06-21 03:30:00,0.0
2030-06-21 03:45:00,0.0
2030-06-21 04:00:00,0.0
2030-06-21 04:15:00,0.0
2030-06-21 04:30:00,0.0
2030-06-21 04:45:00,0.0
2030-06-21 05:00:00,0.0
2030-06-21 05:15:00,0.0
2030-06-21 05:30:00,0.0
2030-06-21 05:45:00,0.0
2030-06-21 06:00:00,0.0
2030-06-21 06:15:00,0.0
2030-06-21 06:30:00,0.0
2030-06-21 06:45:00,0.0
2030-06-21 07:00:00,0.0
2030-06-21 07:15:00,0.0
2030-06-21 07:30:00,0.0
2030-06-21 07:45:00,0.0
2030-06-21 08:00:00,0.0
2030-06-21 08:15:00,0.0
2030-06-21 08:30:00,0.0
2030-06-21 08:45:00,0.0
2030-06-21 09:00:00,0.0
2030-06-21 09:15:00,0.0
2030-06-21 09:30:00,0.0
2030-06-21 09:45:00,0.0
2030-06-21 10:00:00,0.0
2030-06-21 10:15:00,0.0
2030-06-21 10:30:00,67.9508901604022
2030-06-21 10:45:00,189.35701834858446
2030-06-21 11:00:00,259.79617255958874
2030-06-21 11:15:00,478.50158943949646
2030-06-21 11:30:00,675.412437640538
2030-06-21 11:45:00,763.4877256145282
2030-06-21 12:00:00,720.2963074780873
2030-06-21 12:15:00,742.4122370967325
2030-06-21 12:30:00,799.8231457417533
2030-06-21 12:45:00,652.8789453689296
2030-06-21 13:00:00,721.8180199037015
2030-06-21 13:15:00,521.6699466238279
2030-06-21 13:30:00,535.1997630406604
2030-06-21 13:45:00,376.23106028712937
2030-06-21 14:00:00,387.78171238755385
2030-06-21 14:15:00,454.32941718374605
2030-06-21 14:30:00,461.33691171844293
2030-06-21 14:45:00,532.795682881635
2030-06-21 15:00:00,658.8825507993297
2030-06-21 15:15:00,716.2878231406394
2030-06-21 15:30:00,628.4329463749291
2030-06-21 15:45:00,627.8384955618094
2030-06-21 16:00:00,546.5934567539098
2030-06-21 16:15:00,405.1562219255993
2030-06-21 16:30:00,363.15882769200834
2030-06-21 16:45:00,328.3313314694078
2030-06-21 17:00:00,516.8521839885689
2030-06-21 17:15:00,490.6344778085986
2030-06-21 17:30:00,539.5627091769256
2030-06-21 17:45:00,397.39172791450983
2030-06-21 18:00:00,455.4952964058466
2030-06-21 18:15:00,391.48727823694753
2030-06-21 18:30:00,441.0763621133319
2030-06-21 18:45:00,314.6044583146322
2030-06-21 19:00:00,437.9826070709496
2030-06-21 19:15:00,284.17628101364426
2030-06-21 19:30:00,207.77168634951158
2030-06-21 19:45:00,69.29917690968432
2030-06-21 20:00:00,0.0
2030-06-21 20:15:00,0.0
2030-06-21 20:30:00,0.0
2030-06-21 20:45:00,0.0
2030-06-21 21:00:00,0.0
2030-06-21 21:15:00,0.0
2030-06-21 21:30:00,0.0
2030-06-21 21:45:00,0.0
2030-06-21 22:00:00,0.0
2030-06-21 22:15:00,0.0
2030-06-21 22:30:00,0.0
2030-06-21 22:45:00,0.0
2030-06-21 23:00:00,0.0
2030-06-21 23:15:00,0.0
2030-06-21 23:30:00,0.0
2030-06-21 23:45:00,0.0
2030-06-22 00:00:00,0.0
2030-06-22 00:15:00,0.0
2030-06-22 00:30:00,0.0
2030-06-22 00:45:00,0.0
2030-06-22 01:00:00,0.0
2030-06-22 01:15:00,0.0
2030-06-22 01:30:00,0.0
2030-06-22 01:45:00,0.0
2030-06-22 02:00:00,0.0
2030-06-22 02:15:00,0.0
2030-06-22 02:30:00,0.0
2030-06-22 02:45:00,0.0
2030-06-22 03:00:00,0.0
2030-06-22 03:15:00,0.0
2030-06-22 03:30:00,0.0
2030-06-22 03:45:00,0.0
2030-06-22 04:00:00,0.0
2030-06-22 04:15:00,0.0
2030-06-22 04:30:00,0.0
2030-06-22 04:45:00,0.0
2030-06-22 05:00:00,0.0
2030-06-22 05:15:00,0.0
2030-06-22 05:30:00,0.0
2030-06-22 05:45:00,0.0
2030-06-22 06:00:00,0.0
2030-06-22 06:15:00,0.0
2030-06-22 06:30:00,0.0
2030-06-22 06:45:00,0.0
2030-06-22 07:00:00,0.0
2030-06-22 07:15:00,0.0
2030-06-22 07:30:00,19.243403704134835
2030-06-22 07:45:00,266.6556415881405
2030-06-22 08:00:00,399.7486616588794
2030-06-22 08:15:00,735.7591100124027
2030-06-22 08:30:00,877.0787241985236
2030-06-22 08:45:00,895.6678465902805
2030-06-22 09:00:00,817.5711784312043
2030-06-22 09:15:00,896.8581193704904
2030-06-22 09:30:00,956.4756031380293
2030-06-22 09:45:00,916.6794749182081
2030-06-22 10:00:00,752.8184084302702
2030-06-22 10:15:00,746.3069402137189
2030-06-22 10:30:00,862.8548763295585
2030-06-22 10:45:00,999.8042198874391
2030-06-22 11:00:00,1059.2625377696531
2030-06-22 11:15:00,1048.2007352733235
2030-06-22 11:30:00,1078.8635461987033
2030-06-22 11:45:00,1099.2738203819936
2030-06-22 12:00:00,994.676818826938
2030-06-22 12:15:00,952.699366586925
2030-06-22 12:30:00,1043.1414369105132
2030-06-22 12:45:00,1155.05381396566
2030-06-22 13:00:00,1171.982551115816
2030-06-22 13:15:00,1140.3648822480736
2030-06-22 13:30:00,1059.6973821255124
2030-06-22 13:45:00,935.178281388673
2030-06-22 14:00:00,956.8384388604281
2030-06-22 14:15:00,1017.7035905135272
2030-06-22 14:30:00,974.2565465404186
2030-06-22 14:45:00,964.4147590605935
2030-06-22 15:00:00,1088.0606086471143
2030-06-22 15:15:00,1047.868304176951
2030-06-22 15:30:00,870.3635552843189
2030-06-22 15:45:00,759.3050210132296
2030-06-22 16:00:00,824.3024934763234
2030-06-22 16:15:00,840.1765152229236
2030-06-22 16:30:00,795.1631665957466
2030-06-22 16:45:00,809.0005497102138
2030-06-22 17:00:00,1002.8844900261174
2030-06-22 17:15:00,1126.482725657268
2030-06-22 17:30:00,1135.5837469396756
2030-06-22 17:45:00,1096.7864667429458
2030-06-22 18:00:00,1181.7338102345093
2030-06-22 18:15:00,1049.1045436629956
2030-06-22 18:30:00,1096.0626112941882
2030-06-22 18:45:00,1106.711747789759
2030-06-22 19:00:00,1160.848610901854
2030-06-22 19:15:00,933.2719137739296
2030-06-22 19:30:00,836.8685113355896
2030-06-22 19:45:00,632.0386817129274
2030-06-22 20:00:00,378.7982592271037
2030-06-22 20:15:00,123.22932421366204
2030-06-22 20:30:00,0.0
2030-06-22 20:45:00,0.0
2030-06-22 21:00:00,0.0
2030-06-22 21:15:00,0.0
2030-06-22 21:30:00,0.0
2030-06-22 21:45:00,0.0
2030-06-22 22:00:00,0.0
2030-06-22 22:15:00,0.0
2030-06-22 22:30:00,0.0
2030-06-22 22:45:00,0.0
2030-06-22 23:00:00,0.0
2030-06-22 23:15:00,0.0
2030-06-22 23:30:00,0.0
2030-06-22 23:45:00,0.0
2030-06-23 00:00:00,0.0
2030-06-23 00:15:00,0.0
2030-06-23 00:30:00,0.0
2030-06-23 00:45:00,0.0
2030-06-23 01:00:00,0.0
2030-06-23 01:15:00,0.0
2030-06-23 01:30:00,0.0
2030-06-23 01:45:00,0.0
2030-06-23 02:00:00,0.0
2030-06-23 02:15:00,0.0
2030-06-23 02:30:00,0.0
2030-06-23 02:45:00,0.0
2030-06-23 03:00:00,0.0
2030-06-23 03:15:00,0.0
2030-06-23 03:30:00,0.0
2030-06-23 03:45:00,0.0
2030-06-23 04:00:00,0.0
2030-06-23 04:15:00,0.0
2030-06-23 04:30:00,0.0
2030-06-23 04:45:00,0.0
2030-06-23 05:00:00,0.0
2030-06-23 05:15:00,0.0
2030-06-23 05:30:00,0.0
2030-06-23 05:45:00,0.0
2030-06-23 06:00:00,0.0
2030-06-23 06:15:00,0.0
2030-06-23 06:30:00,0.0
2030-06-23 06:45:00,0.0
2030-06-23 07:00:00,0.0
2030-06-23 07:15:00,0.0
2030-06-23 07:30:00,0.0
2030-06-23 07:45:00,0.0
2030-06-23 08:00:00,0.0
2030-06-23 08:15:00,0.0
2030-06-23 08:30:00,0.0
2030-06-23 08:45:00,0.0
2030-06-23 09:00:00,0.0
2030-06-23 09:15:00,0.0
2030-06-23 09:30:00,0.0
2030-06-23 09:45:00,0.0
2030-06-23 10:00:00,0.0
2030-06-23 10:15:00,0.0
2030-06-23 10:30:00,0.0
2030-06-23 10:45:00,0.0
2030-06-23 11:00:00,0.0
2030-06-23 11:15:00,0.0
2030-06-23 11:30:00,0.0
2030-06-23 11:45:00,0.0
2030-06-23 12:00:00,0.0
2030-06-23 12:15:00,0.0
2030-06-23 12:30:00,0.0
2030-06-23 12:45:00,0.0
2030-06-23 13:00:00,0.0
2030-06-23 13:15:00,0.0
2030-06-23 13:30:00,0.0
2030-06-23 13:45:00,0.0
2030-06-23 14:00:00,0.0
2030-06-23 14:15:00,0.0
2030-06-23 14:30:00,0.0
2030-06-23 14:45:00,0.0
2030-06-23 15:00:00,0.0
2030-06-23 15:15:00,0.0
2030-06-23 15:30:00,0.0
2030-06-23 15:45:00,0.0
2030-06-23 16:00:00,0.0
2030-06-23 16:15:00,0.0
2030-06-23 16:30:00,0.0
2030-06-23 16:45:00,0.0
2030-06-23 17:00:00,0.0
2030-06-23 17:15:00,0.0
2030-06-23 17:30:00,0.0
2030-06-23 17:45:00,0.0
2030-06-23 18:00:00,0.0
2030-06-23 18:15:00,0.0
2030-06-23 18:30:00,0.0
2030-06-23 18:45:00,0.0
2030-06-23 19:00:00,0.0
2030-06-23 19:15:00,0.0
2030-06-23 19:30:00,0.0
2030-06-23 19:45:00,0.0
2030-06-23 20:00:00,0.0
2030-06-23 20:15:00,0.0
2030-06-23 20:30:00,0.0
2030-06-23 20:45:00,0.0
2030-06-23 21:00:00,0.0
2030-06-23 21:15:00,0.0
2030-06-23 21:30:00,0.0
2030-06-23 21:45:00,0.0
2030-06-23 22:00:00,0.0
2030-06-23 22:15:00,0.0
2030-06-23 22:30:00,0.0
2030-06-23 22:45:00,0.0
2030-06-23 23:00:00,0.0
2030-06-23 23:15:00,0.0
2030-06-23 23:30:00,0.0
2030-06-23 23:45:00,0.0
2030-06-24 00:00:00,0.0
2030-06-24 00:15:00,0.0
2030-06-24 00:30:00,0.0
2030-06-24 00:45:00,0.0
2030-06-24 01:00:00,0.0
2030-06-24 01:15:00,0.0
2030-06-24 01:30:00,0.0
2030-06-24 01:45:00,0.0
2030-06-24 02:00:00,0.0
2030-06-24 02:15:00,0.0
2030-06-24 02:30:00,0.0
2030-06-24 02:45:00,0.0
2030-06-24 03:00:00,0.0
2030-06-24 03:15:00,0.0
2030-06-24 03:30:00,0.0
2030-06-24 03:45:00,0.0
2030-06-24 04:00:00,0.0
2030-06-24 04:15:00,0.0
2030-06-24 04:30:00,0.0
2030-06-24 04:45:00,0.0
2030-06-24 05:00:00,0.0
2030-06-24 05:15:00,0.0
2030-06-24 05:30:00,0.0
2030-06-24 05:45:00,0.0
2030-06-24 06:00:00,0.0
2030-06-24 06:15:00,0.0
2030-06-24 06:30:00,0.0
2030-06-24 06:45:00,0.0
2030-06-24 07:00:00,0.0
2030-06-24 07:15:00,0.0
2030-06-24 07:30:00,0.0
2030-06-24 07:45:00,0.0
2030-06-24 08:00:00,0.0
2030-06-24 08:15:00,0.0
2030-06-24 08:30:00,0.0
2030-06-24 08:45:00,0.0
2030-06-24 09:00:00,0.0
2030-06-24 09:15:00,0.0
2030-06-24 09:30:00,0.0
2030-06-24 09:45:00,0.0
2030-06-24 10:00:00,0.0
2030-06-24 10:15:00,0.0
2030-06-24 10:30:00,0.0
2030-06-24 10:45:00,0.0
2030-06-24 11:00:00,0.0
2030-06-24 11:15:00,0.0
2030-06-24 11:30:00,0.0
2030-06-24 11:45:00,0.0
2030-06-24 12:00:00,0.0
2030-06-24 12:15:00,0.0
2030-06-24 12:30:00,0.0
2030-06-24 12:45:00,0.0
2030-06-24 13:00:00,0.0
2030-06-24 13:15:00,0.0
2030-06-24 13:30:00,0.0
2030-06-24 13:45:00,0.0
2030-06-24 14:00:00,0.0
2030-06-24 14:15:00,0.0
2030-06-24 14:30:00,0.0
2030-06-24 14:45:00,0.0
2030-06-24 15:00:00,0.0
2030-06-24 15:15:00,0.0
2030-06-24 15:30:00,0.0
2030-06-24 15:45:00,0.0
2030-06-24 16:00:00,0.0
2030-06-24 16:15:00,0.0
2030-06-24 16:30:00,0.0
2030-06-24 16:45:00,0.0
2030-06-24 17:00:00,0.0
2030-06-24 17:15:00,0.0
2030-06-24 17:30:00,0.0
2030-06-24 17:45:00,0.0
2030-06-24 18:00:00,0.0
2030-06-24 18:15:00,0.0
2030-06-24 18:30:00,0.0
2030-06-24 18:45:00,0.0
2030-06-24 19:00:00,0.0
2030-06-24 19:15:00,0.0
2030-06-24 19:30:00,0.0
2030-06-24 19:45:00,0.0
2030-06-24 20:00:00,0.0
2030-06-24 20:15:00,0.0
2030-06-24 20:30:00,0.0
2030-06-24 20:45:00,0.0
2030-06-24 21:00:00,0.0
2030-06-24 21:15:00,0.0
2030-06-24 21:30:00,0.0
2030-06-24 21:45:00,0.0
2030-06-24 22:00:00,0.0
2030-06-24 22:15:00,0.0
2030-06-24 22:30:00,0.0
2030-06-24 22:45:00,0.0
2030-06-24 23:00:00,0.0
2030-06-24 23:15:00,0.0
2030-06-24 23:30:00,0.0
2030-06-24 23:45:00,0.0
2030-06-25 00:00:00,0.0
2030-06-25 00:15:00,0.0
2030-06-25 00:30:00,0.0
2030-06-25 00:45:00,0.0
2030-06-25 01:00:00,0.0
2030-06-25 01:15:00,0.0
2030-06-25 01:30:00,0.0
2030-06-25 01:45:00,0.0
2030-06-25 02:00:00,0.0
2030-06-25 02:15:00,0.0
2030-06-25 02:30:00,0.0
2030-06-25 02:45:00,0.0
2030-06-25 03:00:00,0.0
2030-06-25 03:15:00,0.0
2030-06-25 03:30:00,0.0
2030-06-25 03:45:00,0.0
2030-06-25 04:00:00,0.0
2030-06-25 04:15:00,0.0
2030-06-25 04:30:00,0.0
2030-06-25 04:45:00,0.0
2030-06-25 05:00:00,0.0
2030-06-25 05:15:00,0.0
2030-06-25 05:30:00,0.0
2030-06-25 05:45:00,0.0
2030-06-25 06:00:00,0.0
2030-06-25 06:15:00,0.0
2030-06-25 06:30:00,0.0
2030-06-25 06:45:00,0.0
2030-06-25 07:00:00,0.0
2030-06-25 07:15:00,0.0
2030-06-25 07:30:00,0.0
2030-06-25 07:45:00,0.0
2030-06-25 08:00:00,0.0
2030-06-25 08:15:00,0.0
2030-06-25 08:30:00,0.0
2030-06-25 08:45:00,0.0
2030-06-25 09:00:00,0.0
2030-06-25 09:15:00,0.0
2030-06-25 09:30:00,0.0
2030-06-25 09:45:00,0.0
2030-06-25 10:00:00,0.0
2030-06-25 10:15:00,0.0
2030-06-25 10:30:00,0.0
2030-06-25 10:45:00,0.0
2030-06-25 11:00:00,0.0
2030-06-25 11:15:00,0.0
2030-06-25 11:30:00,0.0
2030-06-25 11:45:00,0.0
2030-06-25 12:00:00,0.0
2030-06-25 12:15:00,0.0
2030-06-25 12:30:00,0.0
2030-06-25 12:45:00,0.0
2030-06-25 13:00:00,0.0
2030-06-25 13:15:00,0.0
2030-06-25 13:30:00,0.0
2030-06-25 13:45:00,0.0
2030-06-25 14:00:00,0.0
2030-06-25 14:15:00,0.0
2030-06-25 14:30:00,0.0
2030-06-25 14:45:00,0.0
2030-06-25 15:00:00,0.0
2030-06-25 15:15:00,0.0
2030-06-25 15:30:00,0.0
2030-06-25 15:45:00,0.0
2030-06-25 16:00:00,0.0
2030-06-25 16:15:00,0.0
2030-06-25 16:30:00,0.0
2030-06-25 16:45:00,0.0
2030-06-25 17:00:00,0.0
2030-06-25 17:15:00,0.0
2030-06-25 17:30:00,0.0
2030-06-25 17:45:00,0.0
2030-06-25 18:00:00,0.0
2030-06-25 18:15:00,0.0
2030-06-25 18:30:00,0.0
2030-06-25 18:45:00,0.0
2030-06-25 19:00:00,0.0
2030-06-25 19:15:00,0.0
2030-06-25 19:30:00,0.0
2030-06-25 19:45:00,0.0
2030-06-25 20:00:00,0.0
2030-06-25 20:15:00,0.0
2030-06-25 20:30:00,0.0
2030-06-25 20:45:00,0.0
2030-06-25 21:00:00,0.0
2030-06-25 21:15:00,0.0
2030-06-25 21:30:00,0.0
2030-06-25 21:45:00,0.0
2030-06-25 22:00:00,0.0
2030-06-25 22:15:00,0.0
2030-06-25 22:30:00,0.0
2030-06-25 22:45:00,0.0
2030-06-25 23:00:00,0.0
2030-06-25 23:15:00,0.0
2030-06-25 23:30:00,0.0
2030-06-25 23:45:00,0.0
2030-06-26 00:00:00,0.0
2030-06-26 00:15:00,0.0
2030-06-26 00:30:00,0.0
2030-06-26 00:45:00,0.0
2030-06-26 01:00:00,0.0
2030-06-26 01:15:00,0.0
2030-06-26 01:30:00,0.0
2030-06-26 01:45:00,0.0
2030-06-26 02:00:00,0.0
2030-06-26 02:15:00,0.0
2030-06-26 02:30:00,0.0
2030-06-26 02:45:00,0.0
2030-06-26 03:00:00,0.0
2030-06-26 03:15:00,0.0
2030-06-26 03:30:00,0.0
2030-06-26 03:45:00,0.0
2030-06-26 04:00:00,0.0
2030-06-26 04:15:00,0.0
2030-06-26 04:30:00,0.0
2030-06-26 04:45:00,0.0
2030-06-26 05:00:00,0.0
2030-06-26 05:15:00,0.0
2030-06-26 05:30:00,0.0
2030-06-26 05:45:00,0.0
2030-06-26 06:00:00,0.0
2030-06-26 06:15:00,0.0
2030-06-26 06:30:00,0.0
2030-06-26 06:45:00,0.0
2030-06-26 07:00:00,0.0
2030-06-26 07:15:00,0.0
2030-06-26 07:30:00,0.0
2030-06-26 07:45:00,0.0
2030-06-26 08:00:00,0.0
2030-06-26 08:15:00,0.0
2030-06-26 08:30:00,0.0
2030-06-26 08:45:00,0.0
2030-06-26 09:00:00,0.0
2030-06-26 09:15:00,0.0
2030-06-26 09:30:00,0.0
2030-06-26 09:45:00,0.0
2030-06-26 10:00:00,0.0
2030-06-26 10:15:00,0.0
2030-06-26 10:30:00,0.0
2030-06-26 10:45:00,0.0
2030-06-26 11:00:00,0.0
2030-06-26 11:15:00,0.0
2030-06-26 11:30:00,0.0
2030-06-26 11:45:00,0.0
2030-06-26 12:00:00,0.0
2030-06-26 12:15:00,0.0
2030-06-26 12:30:00,0.0
2030-06-26 12:45:00,0.0
2030-06-26 13:00:00,0.0
2030-06-26 13:15:00,0.0
2030-06-26 13:30:00,0.0
2030-06-26 13:45:00,0.0
2030-06-26 14:00:00,0.0
2030-06-26 14:15:00,0.0
2030-06-26 14:30:00,0.0
2030-06-26 14:45:00,0.0
2030-06-26 15:00:00,0.0
2030-06-26 15:15:00,0.0
2030-06-26 15:30:00,0.0
2030-06-26 15:45:00,0.0
2030-06-26 16:00:00,0.0
2030-06-26 16:15:00,0.0
2030-06-26 16:30:00,0.0
2030-06-26 16:45:00,0.0
2030-06-26 17:00:00,0.0
2030-06-26 17:15:00,0.0
2030-06-26 17:30:00,0.0
2030-06-26 17:45:00,0.0
2030-06-26 18:00:00,0.0
2030-06-26 18:15:00,0.0
2030-06-26 18:30:00,0.0
2030-06-26 18:45:00,0.0
2030-06-26 19:00:00,3.1030152591229125
2030-06-26 19:15:00,0.0
2030-06-26 19:30:00,0.0
2030-06-26 19:45:00,0.0
2030-06-26 20:00:00,0.0
2030-06-26 20:15:00,0.0
2030-06-26 20:30:00,0.0
2030-06-26 20:45:00,0.0
2030-06-26 21:00:00,0.0
2030-06-26 21:15:00,0.0
2030-06-26 21:30:00,0.0
2030-06-26 21:45:00,0.0
2030-06-26 22:00:00,0.0
2030-06-26 22:15:00,0.0
2030-06-26 22:30:00,0.0
2030-06-26 22:45:00,0.0
2030-06-26 23:00:00,0.0
2030-06-26 23:15:00,0.0
2030-06-26 23:30:00,0.0
2030-06-26 23:45:00,0.0
2030-06-27 00:00:00,0.0
2030-06-27 00:15:00,0.0
2030-06-27 00:30:00,0.0
2030-06-27 00:45:00,0.0
2030-06-27 01:00:00,0.0
2030-06-27 01:15:00,0.0
2030-06-27 01:30:00,0.0
2030-06-27 01:45:00,0.0
2030-06-27 02:00:00,0.0
2030-06-27 02:15:00,0.0
2030-06-27 02:30:00,0.0
2030-06-27 02:45:00,0.0
2030-06-27 03:00:00,0.0
2030-06-27 03:15:00,0.0
2030-06-27 03:30:00,0.0
2030-06-27 03:45:00,0.0
2030-06-27 04:00:00,0.0
2030-06-27 04:15:00,0.0
2030-06-27 04:30:00,0.0
2030-06-27 04:45:00,0.0
2030-06-27 05:00:00,0.0
2030-06-27 05:15:00,0.0
2030-06-27 05:30:00,0.0
2030-06-27 05:45:00,0.0
2030-06-27 06:00:00,0.0
2030-06-27 06:15:00,0.0
2030-06-27 06:30:00,0.0
2030-06-27 06:45:00,0.0
2030-06-27 07:00:00,0.0
2030-06-27 07:15:00,0.0
2030-06-27 07:30:00,0.0
2030-06-27 07:45:00,0.0
2030-06-27 08:00:00,0.0
2030-06-27 08:15:00,0.0
2030-06-27 08:30:00,0.0
2030-06-27 08:45:00,0.0
2030-06-27 09:00:00,0.0
2030-06-27 09:15:00,0.0
2030-06-27 09:30:00,0.0
2030-06-27 09:45:00,0.0
2030-06-27 10:00:00,0.0
2030-06-27 10:15:00,0.0
2030-06-27 10:30:00,0.0
2030-06-27 10:45:00,0.0
2030-06-27 11:00:00,0.0
2030-06-27 11:15:00,0.0
2030-06-27 11:30:00,0.0
2030-06-27 11:45:00,0.0
2030-06-27 12:00:00,0.0
2030-06-27 12:15:00,0.0
2030-06-27 12:30:00,0.0
2030-06-27 12:45:00,0.0
2030-06-27 13:00:00,0.0
2030-06-27 13:15:00,0.0
2030-06-27 13:30:00,0.0
2030-06-27 13:45:00,0.0
2030-06-27 14:00:00,0.0
2030-06-27 14:15:00,0.0
2030-06-27 14:30:00,0.0
2030-06-27 14:45:00,0.0
2030-06-27 15:00:00,0.0
2030-06-27 15:15:00,0.0
2030-06-27 15:30:00,0.0
2030-06-27 15:45:00,0.0
2030-06-27 16:00:00,0.0
2030-06-27 16:15:00,0.0
2030-06-27 16:30:00,0.0
2030-06-27 16:45:00,0.0
2030-06-27 17:00:00,0.0
2030-06-27 17:15:00,0.0
2030-06-27 17:30:00,0.0
2030-06-27 17:45:00,0.0
2030-06-27 18:00:00,0.0
2030-06-27 18:15:00,0.0
2030-06-27 18:30:00,0.0
2030-06-27 18:45:00,0.0
2030-06-27 19:00:00,0.0
2030-06-27 19:15:00,0.0
2030-06-27 19:30:00,0.0
2030-06-27 19:45:00,0.0
2030-06-27 20:00:00,0.0
2030-06-27 20:15:00,0.0
2030-06-27 20:30:00,0.0
2030-06-27 20:45:00,0.0
2030-06-27 21:00:00,0.0
2030-06-27 21:15:00,0.0
2030-06-27 21:30:00,0.0
2030-06-27 21:45:00,0.0
2030-06-27 22:00:00,0.0
2030-06-27 22:15:00,0.0
2030-06-27 22:30:00,0.0
2030-06-27 22:45:00,0.0
2030-06-27 23:00:00,0.0
2030-06-27 23:15:00,0.0
2030-06-27 23:30:00,0.0
2030-06-27 23:45:00,0.0
2030-06-28 00:00:00,0.0
2030-06-28 00:15:00,0.0
2030-06-28 00:30:00,0.0
2030-06-28 00:45:00,0.0
2030-06-28 01:00:00,0.0
2030-06-28 01:15:00,0.0
2030-06-28 01:30:00,0.0
2030-06-28 01:45:00,0.0
2030-06-28 02:00:00,0.0
2030-06-28 02:15:00,0.0
2030-06-28 02:30:00,0.0
2030-06-28 02:45:00,0.0
2030-06-28 03:00:00,0.0
2030-06-28 03:15:00,0.0
2030-06-28 03:30:00,0.0
2030-06-28 03:45:00,0.0
2030-06-28 04:00:00,0.0
2030-06-28 04:15:00,0.0
2030-06-28 04:30:00,0.0
2030-06-28 04:45:00,0.0
2030-06-28 05:00:00,0.0
2030-06-28 05:15:00,0.0
2030-06-28 05:30:00,0.0
2030-06-28 05:45:00,0.0
2030-06-28 06:00:00,0.0
2030-06-28 06:15:00,0.0
2030-06-28 06:30:00,0.0
2030-06-28 06:45:00,0.0
2030-06-28 07:00:00,0.0
2030-06-28 07:15:00,130.2428632668816
2030-06-28 07:30:00,291.94872445991496
2030-06-28 07:45:00,465.4084850011168
2030-06-28 08:00:00,573.477612697432
2030-06-28 08:15:00,706.8473185040039
2030-06-28 08:30:00,821.8162823516923
2030-06-28 08:45:00,767.1232036001784
2030-06-28 09:00:00,500.14839557080995
2030-06-28 09:15:00,628.7283142524939
2030-06-28 09:30:00,702.4351251053631
2030-06-28 09:45:00,636.4285261244404
2030-06-28 10:00:00,677.6120985594243
2030-06-28 10:15:00,666.9612105871674
2030-06-28 10:30:00,622.6511573310818
2030-06-28 10:45:00,577.8074962582396
2030-06-28 11:00:00,700.0789825599859
2030-06-28 11:15:00,764.9507096117595
2030-06-28 11:30:00,798.0060771267708
2030-06-28 11:45:00,803.7013949987322
2030-06-28 12:00:00,708.7799969495827
2030-06-28 12:15:00,637.0956602672177
2030-06-28 12:30:00,644.0551441554107
2030-06-28 12:45:00,595.873509228295
2030-06-28 13:00:00,453.3192181070099
2030-06-28 13:15:00,484.9884443022238
2030-06-28 13:30:00,334.14299195456624
2030-06-28 13:45:00,165.05863392546416
2030-06-28 14:00:00,154.84529566878882
2030-06-28 14:15:00,199.7210761534152
2030-06-28 14:30:00,153.32328289334146
2030-06-28 14:45:00,236.4954432564955
2030-06-28 15:00:00,117.6136630920646
2030-06-28 15:15:00,0.0
2030-06-28 15:30:00,0.0
2030-06-28 15:45:00,0.0
2030-06-28 16:00:00,0.0
2030-06-28 16:15:00,0.0
2030-06-28 16:30:00,0.0
2030-06-28 16:45:00,0.0
2030-06-28 17:00:00,0.0
2030-06-28 17:15:00,0.0
2030-06-28 17:30:00,0.0
2030-06-28 17:45:00,0.0
2030-06-28 18:00:00,0.0
2030-06-28 18:15:00,0.0
2030-06-28 18:30:00,0.0
2030-06-28 18:45:00,0.0
2030-06-28 19:00:00,0.0
2030-06-28 19:15:00,0.0
2030-06-28 19:30:00,0.0
2030-06-28 19:45:00,0.0
2030-06-28 20:00:00,0.0
2030-06-28 20:15:00,0.0
2030-06-28 20:30:00,0.0
2030-06-28 20:45:00,0.0
2030-06-28 21:00:00,0.0
2030-06-28 21:15:00,0.0
2030-06-28 21:30:00,0.0
2030-06-28 21:45:00,0.0
2030-06-28 22:00:00,0.0
2030-06-28 22:15:00,0.0
2030-06-28 22:30:00,0.0
2030-06-28 22:45:00,0.0
2030-06-28 23:00:00,0.0
2030-06-28 23:15:00,0.0
2030-06-28 23:30:00,0.0
2030-06-28 23:45:00,0.0
2030-06-29 00:00:00,0.0
2030-06-29 00:15:00,0.0
2030-06-29 00:30:00,0.0
2030-06-29 00:45:00,0.0
2030-06-29 01:00:00,0.0
2030-06-29 01:15:00,0.0
2030-06-29 01:30:00,0.0
2030-06-29 01:45:00,0.0
2030-06-29 02:00:00,0.0
2030-06-29 02:15:00,0.0
2030-06-29 02:30:00,0.0
2030-06-29 02:45:00,0.0
2030-06-29 03:00:00,0.0
2030-06-29 03:15:00,0.0
2030-06-29 03:30:00,0.0
2030-06-29 03:45:00,0.0
2030-06-29 04:00:00,0.0
2030-06-29 04:15:00,0.0
2030-06-29 04:30:00,0.0
2030-06-29 04:45:00,0.0
2030-06-29 05:00:00,0.0
2030-06-29 05:15:00,0.0
2030-06-29 05:30:00,0.0
2030-06-29 05:45:00,0.0
2030-06-29 06:00:00,0.0
2030-06-29 06:15:00,0.0
2030-06-29 06:30:00,0.0
2030-06-29 06:45:00,0.0
2030-06-29 07:00:00,0.0
2030-06-29 07:15:00,0.0
2030-06-29 07:30:00,0.0
2030-06-29 07:45:00,0.0
2030-06-29 08:00:00,0.0
2030-06-29 08:15:00,0.0
2030-06-29 08:30:00,0.0
2030-06-29 08:45:00,0.0
2030-06-29 09:00:00,0.0
2030-06-29 09:15:00,0.0
2030-06-29 09:30:00,0.0
2030-06-29 09:45:00,0.0
2030-06-29 10:00:00,0.0
2030-06-29 10:15:00,0.0
2030-06-29 10:30:00,0.0
2030-06-29 10:45:00,0.0
2030-06-29 11:00:00,0.0
2030-06-29 11:15:00,0.0
2030-06-29 11:30:00,0.0
2030-06-29 11:45:00,0.0
2030-06-29 12:00:00,0.0
2030-06-29 12:15:00,0.0
2030-06-29 12:30:00,0.0
2030-06-29 12:45:00,0.0
2030-06-29 13:00:00,0.0
2030-06-29 13:15:00,0.0
2030-06-29 13:30:00,0.0
2030-06-29 13:45:00,0.0
2030-06-29 14:00:00,0.0
2030-06-29 14:15:00,0.0
2030-06-29 14:30:00,0.0
2030-06-29 14:45:00,0.0
2030-06-29 15:00:00,0.0
2030-06-29 15:15:00,0.0
2030-06-29 15:30:00,0.0
2030-06-29 15:45:00,0.0
2030-06-29 16:00:00,0.0
2030-06-29 16:15:00,0.0
2030-06-29 16:30:00,0.0
2030-06-29 16:45:00,0.0
2030-06-29 17:00:00,0.0
2030-06-29 17:15:00,0.0
2030-06-29 17:30:00,0.0
2030-06-29 17:45:00,0.0
2030-06-29 18:00:00,0.0
2030-06-29 18:15:00,0.0
2030-06-29 18:30:00,0.0
2030-06-29 18:45:00,0.0
2030-06-29 19:00:00,0.0
2030-06-29 19:15:00,0.0
2030-06-29 19:30:00,0.0
2030-06-29 19:45:00,0.0
2030-06-29 20:00:00,0.0
2030-06-29 20:15:00,0.0
2030-06-29 20:30:00,0.0
2030-06-29 20:45:00,0.0
2030-06-29 21:00:00,0.0
2030-06-29 21:15:00,0.0
2030-06-29 21:30:00,0.0
2030-06-29 21:45:00,0.0
2030-06-29 22:00:00,0.0
2030-06-29 22:15:00,0.0
2030-06-29 22:30:00,0.0
2030-06-29 22:45:00,0.0
2030-06-29 23:00:00,0.0
2030-06-29 23:15:00,0.0
2030-06-29 23:30:00,0.0
2030-06-29 23:45:00,0.0
2030-06-30 00:00:00,0.0
2030-06-30 00:15:00,0.0
2030-06-30 00:30:00,0.0
2030-06-30 00:45:00,0.0
2030-06-30 01:00:00,0.0
2030-06-30 01:15:00,0.0
2030-06-30 01:30:00,0.0
2030-06-30 01:45:00,0.0
2030-06-30 02:00:00,0.0
2030-06-30 02:15:00,0.0
2030-06-30 02:30:00,0.0
2030-06-30 02:45:00,0.0
2030-06-30 03:00:00,0.0
2030-06-30 03:15:00,0.0
2030-06-30 03:30:00,0.0
2030-06-30 03:45:00,0.0
2030-06-30 04:00:00,0.0
2030-06-30 04:15:00,0.0
2030-06-30 04:30:00,0.0
2030-06-30 04:45:00,0.0
2030-06-30 05:00:00,0.0
2030-06-30 05:15:00,0.0
2030-06-30 05:30:00,0.0
2030-06-30 05:45:00,0.0
2030-06-30 06:00:00,0.0
2030-06-30 06:15:00,0.0
2030-06-30 06:30:00,0.0
2030-06-30 06:45:00,0.0
2030-06-30 07:00:00,0.0
2030-06-30 07:15:00,0.0
2030-06-30 07:30:00,0.0
2030-06-30 07:45:00,0.0
2030-06-30 08:00:00,0.0
2030-06-30 08:15:00,0.0
2030-06-30 08:30:00,0.0
2030-06-30 08:45:00,0.0
2030-06-30 09:00:00,0.0
2030-06-30 09:15:00,0.0
2030-06-30 09:30:00,0.0
2030-06-30 09:45:00,0.0
2030-06-30 10:00:00,0.0
2030-06-30 10:15:00,0.0
2030-06-30 10:30:00,0.0
2030-06-30 10:45:00,0.0
2030-06-30 11:00:00,0.0
2030-06-30 11:15:00,0.0
2030-06-30 11:30:00,0.0
2030-06-30 11:45:00,0.0
2030-06-30 12:00:00,0.0
2030-06-30 12:15:00,0.0
2030-06-30 12:30:00,0.0
2030-06-30 12:45:00,0.0
2030-06-30 13:00:00,0.0
2030-06-30 13:15:00,0.0
2030-06-30 13:30:00,0.0
2030-06-30 13:45:00,0.0
2030-06-30 14:00:00,0.0
2030-06-30 14:15:00,0.0
2030-06-30 14:30:00,0.0
2030-06-30 14:45:00,0.0
2030-06-30 15:00:00,0.0
2030-06-30 15:15:00,0.0
2030-06-30 15:30:00,0.0
2030-06-30 15:45:00,0.0
2030-06-30 16:00:00,0.0
2030-06-30 16:15:00,0.0
2030-06-30 16:30:00,0.0
2030-06-30 16:45:00,0.0
2030-06-30 17:00:00,0.0
2030-06-30 17:15:00,0.0
2030-06-30 17:30:00,0.0
2030-06-30 17:45:00,0.0
2030-06-30 18:00:00,0.0
2030-06-30 18:15:00,0.0
2030-06-30 18:30:00,0.0
2030-06-30 18:45:00,0.0
2030-06-30 19:00:00,0.0
2030-06-30 19:15:00,0.0
2030-06-30 19:30:00,0.0
2030-06-30 19:45:00,0.0
2030-06-30 20:00:00,0.0
2030-06-30 20:15:00,0.0
2030-06-30 20:30:00,0.0
2030-06-30 20:45:00,0.0
2030-06-30 21:00:00,0.0
2030-06-30 21:15:00,0.0
2030-06-30 21:30:00,0.0
2030-06-30 21:45:00,0.0
2030-06-30 22:00:00,0.0
2030-06-30 22:15:00,0.0
2030-06-30 22:30:00,0.0
2030-06-30 22:45:00,0.0
2030-06-30 23:00:00,0.0
2030-06-30 23:15:00,0.0
2030-06-30 23:30:00,0.0
2030-06-30 23:45:00,0.0
2030-07-01 00:00:00,0.0
2030-07-01 00:15:00,0.0
2030-07-01 00:30:00,0.0
2030-07-01 00:45:00,0.0
2030-07-01 01:00:00,0.0
2030-07-01 01:15:00,0.0
2030-07-01 01:30:00,0.0
2030-07-01 01:45:00,0.0
2030-07-01 02:00:00,0.0
2030-07-01 02:15:00,0.0
2030-07-01 02:30:00,0.0
2030-07-01 02:45:00,0.0
2030-07-01 03:00:00,0.0
2030-07-01 03:15:00,0.0
2030-07-01 03:30:00,0.0
2030-07-01 03:45:00,0.0
2030-07-01 04:00:00,0.0
2030-07-01 04:15:00,0.0
2030-07-01 04:30:00,0.0
2030-07-01 04:45:00,0.0
2030-07-01 05:00:00,0.0
2030-07-01 05:15:00,0.0
2030-07-01 05:30:00,0.0
2030-07-01 05:45:00,0.0
2030-07-01 06:00:00,0.0
2030-07-01 06:15:00,0.0
2030-07-01 06:30:00,0.0
2030-07-01 06:45:00,0.0
2030-07-01 07:00:00,0.0
2030-07-01 07:15:00,0.0
2030-07-01 07:30:00,0.0
2030-07-01 07:45:00,0.0
2030-07-01 08:00:00,0.0
2030-07-01 08:15:00,0.0
2030-07-01 08:30:00,0.0
2030-07-01 08:45:00,0.0
2030-07-01 09:00:00,0.0
2030-07-01 09:15:00,0.0
2030-07-01 09:30:00,0.0
2030-07-01 09:45:00,0.0
2030-07-01 10:00:00,0.0
2030-07-01 10:15:00,0.0
2030-07-01 10:30:00,0.0
2030-07-01 10:45:00,0.0
2030-07-01 11:00:00,0.0
2030-07-01 11:15:00,0.0
2030-07-01 11:30:00,0.0
2030-07-01 11:45:00,0.0
2030-07-01 12:00:00,0.0
2030-07-01 12:15:00,0.0
2030-07-01 12:30:00,0.0
2030-07-01 12:45:00,0.0
2030-07-01 13:00:00,0.0
2030-07-01 13:15:00,0.0
2030-07-01 13:30:00,0.0
2030-07-01 13:45:00,0.0
2030-07-01 14:00:00,0.0
2030-07-01 14:15:00,0.0
2030-07-01 14:30:00,0.0
2030-07-01 14:45:00,0.0
2030-07-01 15:00:00,0.0
2030-07-01 15:15:00,0.0
2030-07-01 15:30:00,0.0
2030-07-01 15:45:00,0.0
2030-07-01 16:00:00,0.0
2030-07-01 16:15:00,0.0
2030-07-01 16:30:00,0.0
2030-07-01 16:45:00,0.0
2030-07-01 17:00:00,0.0
2030-07-01 17:15:00,0.0
2030-07-01 17:30:00,0.0
2030-07-01 17:45:00,0.0
2030-07-01 18:00:00,0.0
2030-07-01 18:15:00,0.0
2030-07-01 18:30:00,0.0
2030-07-01 18:45:00,0.0
2030-07-01 19:00:00,0.0
2030-07-01 19:15:00,0.0
2030-07-01 19:30:00,0.0
2030-07-01 19:45:00,0.0
2030-07-01 20:00:00,0.0
2030-07-01 20:15:00,0.0
2030-07-01 20:30:00,0.0
2030-07-01 20:45:00,0.0
2030-07-01 21:00:00,0.0
2030-07-01 21:15:00,0.0
2030-07-01 21:30:00,0.0
2030-07-01 21:45:00,0.0
2030-07-01 22:00:00,0.0
2030-07-01 22:15:00,0.0
2030-07-01 22:30:00,0.0
2030-07-01 22:45:00,0.0
2030-07-01 23:00:00,0.0
2030-07-01 23:15:00,0.0
2030-07-01 23:30:00,0.0
2030-07-01 23:45:00,0.0
2030-07-02 00:00:00,0.0
2030-07-02 00:15:00,0.0
2030-07-02 00:30:00,0.0
2030-07-02 00:45:00,0.0
2030-07-02 01:00:00,0.0
2030-07-02 01:15:00,0.0
2030-07-02 01:30:00,0.0
2030-07-02 01:45:00,0.0
2030-07-02 02:00:00,0.0
2030-07-02 02:15:00,0.0
2030-07-02 02:30:00,0.0
2030-07-02 02:45:00,0.0
2030-07-02 03:00:00,0.0
2030-07-02 03:15:00,0.0
2030-07-02 03:30:00,0.0
2030-07-02 03:45:00,0.0
2030-07-02 04:00:00,0.0
2030-07-02 04:15:00,0.0
2030-07-02 04:30:00,0.0
2030-07-02 04:45:00,0.0
2030-07-02 05:00:00,0.0
2030-07-02 05:15:00,0.0
2030-07-02 05:30:00,0.0
2030-07-02 05:45:00,0.0
2030-07-02 06:00:00,0.0
2030-07-02 06:15:00,0.0
2030-07-02 06:30:00,0.0
2030-07-02 06:45:00,0.0
2030-07-02 07:00:00,0.0
2030-07-02 07:15:00,0.0
2030-07-02 07:30:00,0.0
2030-07-02 07:45:00,0.0
2030-07-02 08:00:00,0.0
2030-07-02 08:15:00,0.0
2030-07-02 08:30:00,0.0
2030-07-02 08:45:00,0.0
2030-07-02 09:00:00,0.0
2030-07-02 09:15:00,0.0
2030-07-02 09:30:00,0.0
2030-07-02 09:45:00,0.0
2030-07-02 10:00:00,0.0
2030-07-02 10:15:00,0.0
2030-07-02 10:30:00,0.0
2030-07-02 10:45:00,0.0
2030-07-02 11:00:00,0.0
2030-07-02 11:15:00,0.0
2030-07-02 11:30:00,0.0
2030-07-02 11:45:00,0.0
2030-07-02 12:00:00,0.0
2030-07-02 12:15:00,0.0
2030-07-02 12:30:00,0.0
2030-07-02 12:45:00,0.0
2030-07-02 13:00:00,0.0
2030-07-02 13:15:00,0.0
2030-07-02 13:30:00,0.0
2030-07-02 13:45:00,0.0
2030-07-02 14:00:00,0.0
2030-07-02 14:15:00,0.0
2030-07-02 14:30:00,0.0
2030-07-02 14:45:00,0.0
2030-07-02 15:00:00,0.0
2030-07-02 15:15:00,0.0
2030-07-02 15:30:00,0.0
2030-07-02 15:45:00,0.0
2030-07-02 16:00:00,0.0
2030-07-02 16:15:00,0.0
2030-07-02 16:30:00,0.0
2030-07-02 16:45:00,0.0
2030-07-02 17:00:00,0.0
2030-07-02 17:15:00,0.0
2030-07-02 17:30:00,0.0
2030-07-02 17:45:00,0.0
2030-07-02 18:00:00,0.0
2030-07-02 18:15:00,0.0
2030-07-02 18:30:00,0.0
2030-07-02 18:45:00,0.0
2030-07-02 19:00:00,0.0
2030-07-02 19:15:00,0.0
2030-07-02 19:30:00,0.0
2030-07-02 19:45:00,0.0
2030-07-02 20:00:00,0.0
2030-07-02 20:15:00,0.0
2030-07-02 20:30:00,0.0
2030-07-02 20:45:00,0.0
2030-07-02 21:00:00,0.0
2030-07-02 21:15:00,0.0
2030-07-02 21:30:00,0.0
2030-07-02 21:45:00,0.0
2030-07-02 22:00:00,0.0
2030-07-02 22:15:00,0.0
2030-07-02 22:30:00,0.0
2030-07-02 22:45:00,0.0
2030-07-02 23:00:00,0.0
2030-07-02 23:15:00,0.0
2030-07-02 23:30:00,0.0
2030-07-02 23:45:00,0.0
2030-07-03 00:00:00,0.0
2030-07-03 00:15:00,0.0
2030-07-03 00:30:00,0.0
2030-07-03 00:45:00,0.0
2030-07-03 01:00:00,0.0
2030-07-03 01:15:00,0.0
2030-07-03 01:30:00,0.0
2030-07-03 01:45:00,0.0
2030-07-03 02:00:00,0.0
2030-07-03 02:15:00,0.0
2030-07-03 02:30:00,0.0
2030-07-03 02:45:00,0.0
2030-07-03 03:00:00,0.0
2030-07-03 03:15:00,0.0
2030-07-03 03:30:00,0.0
2030-07-03 03:45:00,0.0
2030-07-03 04:00:00,0.0
2030-07-03 04:15:00,0.0
2030-07-03 04:30:00,0.0
2030-07-03 04:45:00,0.0
2030-07-03 05:00:00,0.0
2030-07-03 05:15:00,0.0
2030-07-03 05:30:00,0.0
2030-07-03 05:45:00,0.0
2030-07-03 06:00:00,0.0
2030-07-03 06:15:00,0.0
2030-07-03 06:30:00,0.0
2030-07-03 06:45:00,0.0
2030-07-03 07:00:00,0.0
2030-07-03 07:15:00,0.0
2030-07-03 07:30:00,0.0
2030-07-03 07:45:00,0.0
2030-07-03 08:00:00,0.0
2030-07-03 08:15:00,0.0
2030-07-03 08:30:00,0.0
2030-07-03 08:45:00,0.0
2030-07-03 09:00:00,0.0
2030-07-03 09:15:00,0.0
2030-07-03 09:30:00,0.0
2030-07-03 09:45:00,0.0
2030-07-03 10:00:00,0.0
2030-07-03 10:15:00,0.0
2030-07-03 10:30:00,0.0
2030-07-03 10:45:00,0.0
2030-07-03 11:00:00,0.0
2030-07-03 11:15:00,0.0
2030-07-03 11:30:00,0.0
2030-07-03 11:45:00,0.0
2030-07-03 12:00:00,0.0
2030-07-03 12:15:00,0.0
2030-07-03 12:30:00,0.0
2030-07-03 12:45:00,0.0
2030-07-03 13:00:00,0.0
2030-07-03 13:15:00,0.0
2030-07-03 13:30:00,0.0
2030-07-03 13:45:00,0.0
2030-07-03 14:00:00,0.0
2030-07-03 14:15:00,0.0
2030-07-03 14:30:00,0.0
2030-07-03 14:45:00,0.0
2030-07-03 15:00:00,0.0
2030-07-03 15:15:00,0.0
2030-07-03 15:30:00,0.0
2030-07-03 15:45:00,0.0
2030-07-03 16:00:00,0.0
2030-07-03 16:15:00,0.0
2030-07-03 16:30:00,0.0
2030-07-03 16:45:00,0.0
2030-07-03 17:00:00,0.0
2030-07-03 17:15:00,0.0
2030-07-03 17:30:00,0.0
2030-07-03 17:45:00,0.0
2030-07-03 18:00:00,0.0
2030-07-03 18:15:00,0.0
2030-07-03 18:30:00,0.0
2030-07-03 18:45:00,0.0
2030-07-03 19:00:00,0.0
2030-07-03 19:15:00,0.0
2030-07-03 19:30:00,0.0
2030-07-03 19:45:00,0.0
2030-07-03 20:00:00,0.0
2030-07-03 20:15:00,0.0
2030-07-03 20:30:00,0.0
2030-07-03 20:45:00,0.0
2030-07-03 21:00:00,0.0
2030-07-03 21:15:00,0.0
2030-07-03 21:30:00,0.0
2030-07-03 21:45:00,0.0
2030-07-03 22:00:00,0.0
2030-07-03 22:15:00,0.0
2030-07-03 22:30:00,0.0
2030-07-03 22:45:00,0.0
2030-07-03 23:00:00,0.0
2030-07-03 23:15:00,0.0
2030-07-03 23:30:00,0.0
2030-07-03 23:45:00,0.0
2030-07-04 00:00:00,0.0
2030-07-04 00:15:00,0.0
2030-07-04 00:30:00,0.0
2030-07-04 00:45:00,0.0
2030-07-04 01:00:00,0.0
2030-07-04 01:15:00,0.0
2030-07-04 01:30:00,0.0
2030-07-04 01:45:00,0.0
2030-07-04 02:00:00,0.0
2030-07-04 02:15:00,0.0
2030-07-04 02:30:00,0.0
2030-07-04 02:45:00,0.0
2030-07-04 03:00:00,0.0
2030-07-04 03:15:00,0.0
2030-07-04 03:30:00,0.0
2030-07-04 03:45:00,0.0
2030-07-04 04:00:00,0.0
2030-07-04 04:15:00,0.0
2030-07-04 04:30:00,0.0
2030-07-04 04:45:00,0.0
2030-07-04 05:00:00,0.0
2030-07-04 05:15:00,0.0
2030-07-04 05:30:00,0.0
2030-07-04 05:45:00,0.0
2030-07-04 06:00:00,0.0
2030-07-04 06:15:00,0.0
2030-07-04 06:30:00,0.0
2030-07-04 06:45:00,0.0
2030-07-04 07:00:00,0.0
2030-07-04 07:15:00,0.0
2030-07-04 07:30:00,0.8341209940845147
2030-07-04 07:45:00,188.0417612155361
2030-07-04 08:00:00,94.01539694454368
2030-07-04 08:15:00,295.9870495474952
2030-07-04 08:30:00,460.51680183621284
2030-07-04 08:45:00,447.7183713677132
2030-07-04 09:00:00,338.21213641422037
2030-07-04 09:15:00,420.64656188135996
2030-07-04 09:30:00,412.63948953433646
2030-07-04 09:45:00,613.2970906939336
2030-07-04 10:00:00,495.28555806492295
2030-07-04 10:15:00,543.8903152876774
2030-07-04 10:30:00,608.0376019988689
2030-07-04 10:45:00,546.483280673212
2030-07-04 11:00:00,719.1821648800469
2030-07-04 11:15:00,733.1474433826334
2030-07-04 11:30:00,718.1058624667876
2030-07-04 11:45:00,699.7658231157038
2030-07-04 12:00:00,453.7523022285277
2030-07-04 12:15:00,304.5633632249519
2030-07-04 12:30:00,186.16919793908528
2030-07-04 12:45:00,203.53925554744637
2030-07-04 13:00:00,293.06256600774213
2030-07-04 13:15:00,302.3774689391994
2030-07-04 13:30:00,211.17615080271935
2030-07-04 13:45:00,107.59565963833302
2030-07-04 14:00:00,200.48619301899816
2030-07-04 14:15:00,181.67070682111444
2030-07-04 14:30:00,39.03802486753193
2030-07-04 14:45:00,0.0
2030-07-04 15:00:00,142.82183526259723
2030-07-04 15:15:00,199.79642181011877
2030-07-04 15:30:00,221.8682945078126
2030-07-04 15:45:00,115.12071556376395
2030-07-04 16:00:00,367.1212360634836
2030-07-04 16:15:00,406.62007316605377
2030-07-04 16:30:00,441.6527277521873
2030-07-04 16:45:00,406.9367784776914
2030-07-04 17:00:00,579.99341349524
2030-07-04 17:15:00,651.498524159415
2030-07-04 17:30:00,582.5417672763178
2030-07-04 17:45:00,810.4185915275812
2030-07-04 18:00:00,898.1684676766508
2030-07-04 18:15:00,846.335130344878
2030-07-04 18:30:00,744.1785667044915
2030-07-04 18:45:00,844.5161621138723
2030-07-04 19:00:00,905.6571878296108
2030-07-04 19:15:00,739.1715569068292
2030-07-04 19:30:00,617.9853976457307
2030-07-04 19:45:00,490.6875698749882
2030-07-04 20:00:00,392.51246601350795
2030-07-04 20:15:00,210.12680391064532
2030-07-04 20:30:00,0.0
2030-07-04 20:45:00,0.0
2030-07-04 21:00:00,0.0
2030-07-04 21:15:00,0.0
2030-07-04 21:30:00,0.0
2030-07-04 21:45:00,0.0
2030-07-04 22:00:00,0.0
2030-07-04 22:15:00,0.0
2030-07-04 22:30:00,0.0
2030-07-04 22:45:00,0.0
2030-07-04 23:00:00,0.0
2030-07-04 23:15:00,0.0
2030-07-04 23:30:00,0.0
2030-07-04 23:45:00,0.0
2030-07-05 00:00:00,0.0
2030-07-05 00:15:00,0.0
2030-07-05 00:30:00,0.0
2030-07-05 00:45:00,0.0
2030-07-05 01:00:00,0.0
2030-07-05 01:15:00,0.0
2030-07-05 01:30:00,0.0
2030-07-05 01:45:00,0.0
2030-07-05 02:00:00,0.0
2030-07-05 02:15:00,0.0
2030-07-05 02:30:00,0.0
2030-07-05 02:45:00,0.0
2030-07-05 03:00:00,0.0
2030-07-05 03:15:00,0.0
2030-07-05 03:30:00,0.0
2030-07-05 03:45:00,0.0
2030-07-05 04:00:00,0.0
2030-07-05 04:15:00,0.0
2030-07-05 04:30:00,0.0
2030-07-05 04:45:00,0.0
2030-07-05 05:00:00,0.0
2030-07-05 05:15:00,0.0
2030-07-05 05:30:00,0.0
2030-07-05 05:45:00,0.0
2030-07-05 06:00:00,0.0
2030-07-05 06:15:00,0.0
2030-07-05 06:30:00,0.0
2030-07-05 06:45:00,0.0
2030-07-05 07:00:00,0.0
2030-07-05 07:15:00,0.0
2030-07-05 07:30:00,0.0
2030-07-05 07:45:00,170.08958304459884
2030-07-05 08:00:00,122.39211414981764
2030-07-05 08:15:00,145.75545730761223
2030-07-05 08:30:00,70.34729338197758
2030-07-05 08:45:00,36.29578553696592
2030-07-05 09:00:00,0.0
2030-07-05 09:15:00,0.0
2030-07-05 09:30:00,0.0
2030-07-05 09:45:00,0.0
2030-07-05 10:00:00,0.0
2030-07-05 10:15:00,0.0
2030-07-05 10:30:00,0.0
2030-07-05 10:45:00,0.0
2030-07-05 11:00:00,0.0
2030-07-05 11:15:00,0.0
2030-07-05 11:30:00,0.0
2030-07-05 11:45:00,0.0
2030-07-05 12:00:00,0.0
2030-07-05 12:15:00,0.0
2030-07-05 12:30:00,0.0
2030-07-05 12:45:00,0.0
2030-07-05 13:00:00,0.0
2030-07-05 13:15:00,0.0
2030-07-05 13:30:00,0.0
2030-07-05 13:45:00,0.0
2030-07-05 14:00:00,0.0
2030-07-05 14:15:00,0.0
2030-07-05 14:30:00,0.0
2030-07-05 14:45:00,0.0
2030-07-05 15:00:00,0.0
2030-07-05 15:15:00,0.0
2030-07-05 15:30:00,0.0
2030-07-05 15:45:00,0.0
2030-07-05 16:00:00,0.0
2030-07-05 16:15:00,0.0
2030-07-05 16:30:00,0.0
2030-07-05 16:45:00,0.0
2030-07-05 17:00:00,0.0
2030-07-05 17:15:00,0.0
2030-07-05 17:30:00,0.0
2030-07-05 17:45:00,0.0
2030-07-05 18:00:00,0.0
2030-07-05 18:15:00,0.0
2030-07-05 18:30:00,0.0
2030-07-05 18:45:00,0.0
2030-07-05 19:00:00,0.0
2030-07-05 19:15:00,0.0
2030-07-05 19:30:00,0.0
2030-07-05 19:45:00,0.0
2030-07-05 20:00:00,0.0
2030-07-05 20:15:00,0.0
2030-07-05 20:30:00,0.0
2030-07-05 20:45:00,0.0
2030-07-05 21:00:00,0.0
2030-07-05 21:15:00,0.0
2030-07-05 21:30:00,0.0
2030-07-05 21:45:00,0.0
2030-07-05 22:00:00,0.0
2030-07-05 22:15:00,0.0
2030-07-05 22:30:00,0.0
2030-07-05 22:45:00,0.0
2030-07-05 23:00:00,0.0
2030-07-05 23:15:00,0.0
2030-07-05 23:30:00,0.0
2030-07-05 23:45:00,0.0
2030-07-06 00:00:00,0.0
2030-07-06 00:15:00,0.0
2030-07-06 00:30:00,0.0
2030-07-06 00:45:00,0.0
2030-07-06 01:00:00,0.0
2030-07-06 01:15:00,0.0
2030-07-06 01:30:00,0.0
2030-07-06 01:45:00,0.0
2030-07-06 02:00:00,0.0
2030-07-06 02:15:00,0.0
2030-07-06 02:30:00,0.0
2030-07-06 02:45:00,0.0
2030-07-06 03:00:00,0.0
2030-07-06 03:15:00,0.0
2030-07-06 03:30:00,0.0
2030-07-06 03:45:00,0.0
2030-07-06 04:00:00,0.0
2030-07-06 04:15:00,0.0
2030-07-06 04:30:00,0.0
2030-07-06 04:45:00,0.0
2030-07-06 05:00:00,0.0
2030-07-06 05:15:00,0.0
2030-07-06 05:30:00,0.0
2030-07-06 05:45:00,0.0
2030-07-06 06:00:00,0.0
2030-07-06 06:15:00,0.0
2030-07-06 06:30:00,0.0
2030-07-06 06:45:00,0.0
2030-07-06 07:00:00,0.0
2030-07-06 07:15:00,0.0
2030-07-06 07:30:00,0.0
2030-07-06 07:45:00,0.0
2030-07-06 08:00:00,0.0
2030-07-06 08:15:00,0.0
2030-07-06 08:30:00,0.0
2030-07-06 08:45:00,0.0
2030-07-06 09:00:00,0.0
2030-07-06 09:15:00,0.0
2030-07-06 09:30:00,0.0
2030-07-06 09:45:00,0.0
2030-07-06 10:00:00,0.0
2030-07-06 10:15:00,0.0
2030-07-06 10:30:00,0.0
2030-07-06 10:45:00,0.0
2030-07-06 11:00:00,0.0
2030-07-06 11:15:00,0.0
2030-07-06 11:30:00,0.0
2030-07-06 11:45:00,0.0
2030-07-06 12:00:00,0.0
2030-07-06 12:15:00,0.0
2030-07-06 12:30:00,0.0
2030-07-06 12:45:00,0.0
2030-07-06 13:00:00,0.0
2030-07-06 13:15:00,0.0
2030-07-06 13:30:00,0.0
2030-07-06 13:45:00,0.0
2030-07-06 14:00:00,0.0
2030-07-06 14:15:00,0.0
2030-07-06 14:30:00,0.0
2030-07-06 14:45:00,0.0
2030-07-06 15:00:00,0.0
2030-07-06 15:15:00,0.0
2030-07-06 15:30:00,0.0
2030-07-06 15:45:00,0.0
2030-07-06 16:00:00,0.0
2030-07-06 16:15:00,0.0
2030-07-06 16:30:00,0.0
2030-07-06 16:45:00,0.0
2030-07-06 17:00:00,0.0
2030-07-06 17:15:00,0.0
2030-07-06 17:30:00,0.0
2030-07-06 17:45:00,0.0
2030-07-06 18:00:00,0.0
2030-07-06 18:15:00,0.0
2030-07-06 18:30:00,0.0
2030-07-06 18:45:00,0.0
2030-07-06 19:00:00,0.0
2030-07-06 19:15:00,0.0
2030-07-06 19:30:00,0.0
2030-07-06 19:45:00,0.0
2030-07-06 20:00:00,0.0
2030-07-06 20:15:00,0.0
2030-07-06 20:30:00,0.0
2030-07-06 20:45:00,0.0
2030-07-06 21:00:00,0.0
2030-07-06 21:15:00,0.0
2030-07-06 21:30:00,0.0
2030-07-06 21:45:00,0.0
2030-07-06 22:00:00,0.0
2030-07-06 22:15:00,0.0
2030-07-06 22:30:00,0.0
2030-07-06 22:45:00,0.0
2030-07-06 23:00:00,0.0
2030-07-06 23:15:00,0.0
2030-07-06 23:30:00,0.0
2030-07-06 23:45:00,0.0
2030-07-07 00:00:00,0.0
2030-07-07 00:15:00,0.0
2030-07-07 00:30:00,0.0
2030-07-07 00:45:00,0.0
2030-07-07 01:00:00,0.0
2030-07-07 01:15:00,0.0
2030-07-07 01:30:00,0.0
2030-07-07 01:45:00,0.0
2030-07-07 02:00:00,0.0
2030-07-07 02:15:00,0.0
2030-07-07 02:30:00,0.0
2030-07-07 02:45:00,0.0
2030-07-07 03:00:00,0.0
2030-07-07 03:15:00,0.0
2030-07-07 03:30:00,0.0
2030-07-07 03:45:00,0.0
2030-07-07 04:00:00,0.0
2030-07-07 04:15:00,0.0
2030-07-07 04:30:00,0.0
2030-07-07 04:45:00,0.0
2030-07-07 05:00:00,0.0
2030-07-07 05:15:00,0.0
2030-07-07 05:30:00,0.0
2030-07-07 05:45:00,0.0
2030-07-07 06:00:00,0.0
2030-07-07 06:15:00,0.0
2030-07-07 06:30:00,0.0
2030-07-07 06:45:00,0.0
2030-07-07 07:00:00,0.0
2030-07-07 07:15:00,0.0
2030-07-07 07:30:00,0.0
2030-07-07 07:45:00,0.0
2030-07-07 08:00:00,0.0
2030-07-07 08:15:00,0.0
2030-07-07 08:30:00,0.0
2030-07-07 08:45:00,0.0
2030-07-07 09:00:00,0.0
2030-07-07 09:15:00,0.0
2030-07-07 09:30:00,0.0
2030-07-07 09:45:00,0.0
2030-07-07 10:00:00,0.0
2030-07-07 10:15:00,0.0
2030-07-07 10:30:00,0.0
2030-07-07 10:45:00,0.0
2030-07-07 11:00:00,0.0
2030-07-07 11:15:00,0.0
2030-07-07 11:30:00,0.0
2030-07-07 11:45:00,0.0
2030-07-07 12:00:00,0.0
2030-07-07 12:15:00,0.0
2030-07-07 12:30:00,0.0
2030-07-07 12:45:00,0.0
2030-07-07 13:00:00,0.0
2030-07-07 13:15:00,0.0
2030-07-07 13:30:00,0.0
2030-07-07 13:45:00,0.0
2030-07-07 14:00:00,0.0
2030-07-07 14:15:00,0.0
2030-07-07 14:30:00,0.0
2030-07-07 14:45:00,0.0
2030-07-07 15:00:00,0.0
2030-07-07 15:15:00,0.0
2030-07-07 15:30:00,0.0
2030-07-07 15:45:00,0.0
2030-07-07 16:00:00,0.0
2030-07-07 16:15:00,0.0
2030-07-07 16:30:00,0.0
2030-07-07 16:45:00,0.0
2030-07-07 17:00:00,0.0
2030-07-07 17:15:00,0.0
2030-07-07 17:30:00,0.0
2030-07-07 17:45:00,0.0
2030-07-07 18:00:00,0.0
2030-07-07 18:15:00,0.0
2030-07-07 18:30:00,0.0
2030-07-07 18:45:00,0.0
2030-07-07 19:00:00,0.0
2030-07-07 19:15:00,0.0
2030-07-07 19:30:00,0.0
2030-07-07 19:45:00,0.0
2030-07-07 20:00:00,0.0
2030-07-07 20:15:00,0.0
2030-07-07 20:30:00,0.0
2030-07-07 20:45:00,0.0
2030-07-07 21:00:00,0.0
2030-07-07 21:15:00,0.0
2030-07-07 21:30:00,0.0
2030-07-07 21:45:00,0.0
2030-07-07 22:00:00,0.0
2030-07-07 22:15:00,0.0
2030-07-07 22:30:00,0.0
2030-07-07 22:45:00,0.0
2030-07-07 23:00:00,0.0
2030-07-07 23:15:00,0.0
2030-07-07 23:30:00,0.0
2030-07-07 23:45:00,0.0
2030-07-08 00:00:00,0.0
2030-07-08 00:15:00,0.0
2030-07-08 00:30:00,0.0
2030-07-08 00:45:00,0.0
2030-07-08 01:00:00,0.0
2030-07-08 01:15:00,0.0
2030-07-08 01:30:00,0.0
2030-07-08 01:45:00,0.0
2030-07-08 02:00:00,0.0
2030-07-08 02:15:00,0.0
2030-07-08 02:30:00,0.0
2030-07-08 02:45:00,0.0
2030-07-08 03:00:00,0.0
2030-07-08 03:15:00,0.0
2030-07-08 03:30:00,0.0
2030-07-08 03:45:00,0.0
2030-07-08 04:00:00,0.0
2030-07-08 04:15:00,0.0
2030-07-08 04:30:00,0.0
2030-07-08 04:45:00,0.0
2030-07-08 05:00:00,0.0
2030-07-08 05:15:00,0.0
2030-07-08 05:30:00,0.0
2030-07-08 05:45:00,0.0
2030-07-08 06:00:00,0.0
2030-07-08 06:15:00,0.0
2030-07-08 06:30:00,0.0
2030-07-08 06:45:00,0.0
2030-07-08 07:00:00,0.0
2030-07-08 07:15:00,0.0
2030-07-08 07:30:00,0.0
2030-07-08 07:45:00,0.0
2030-07-08 08:00:00,0.0
2030-07-08 08:15:00,0.0
2030-07-08 08:30:00,0.0
2030-07-08 08:45:00,0.0
2030-07-08 09:00:00,0.0
2030-07-08 09:15:00,0.0
2030-07-08 09:30:00,0.0
2030-07-08 09:45:00,0.0
2030-07-08 10:00:00,0.0
2030-07-08 10:15:00,0.0
2030-07-08 10:30:00,0.0
2030-07-08 10:45:00,0.0
2030-07-08 11:00:00,0.0
2030-07-08 11:15:00,0.0
2030-07-08 11:30:00,0.0
2030-07-08 11:45:00,0.0
2030-07-08 12:00:00,0.0
2030-07-08 12:15:00,0.0
2030-07-08 12:30:00,0.0
2030-07-08 12:45:00,0.0
2030-07-08 13:00:00,0.0
2030-07-08 13:15:00,0.0
2030-07-08 13:30:00,0.0
2030-07-08 13:45:00,0.0
2030-07-08 14:00:00,0.0
2030-07-08 14:15:00,0.0
2030-07-08 14:30:00,0.0
2030-07-08 14:45:00,0.0
2030-07-08 15:00:00,0.0
2030-07-08 15:15:00,0.0
2030-07-08 15:30:00,0.0
2030-07-08 15:45:00,0.0
2030-07-08 16:00:00,0.0
2030-07-08 16:15:00,0.0
2030-07-08 16:30:00,0.0
2030-07-08 16:45:00,0.0
2030-07-08 17:00:00,0.0
2030-07-08 17:15:00,0.0
2030-07-08 17:30:00,0.0
2030-07-08 17:45:00,0.0
2030-07-08 18:00:00,0.0
2030-07-08 18:15:00,0.0
2030-07-08 18:30:00,0.0
2030-07-08 18:45:00,0.0
2030-07-08 19:00:00,0.0
2030-07-08 19:15:00,0.0
2030-07-08 19:30:00,0.0
2030-07-08 19:45:00,0.0
2030-07-08 20:00:00,0.0
2030-07-08 20:15:00,0.0
2030-07-08 20:30:00,0.0
2030-07-08 20:45:00,0.0
2030-07-08 21:00:00,0.0
2030-07-08 21:15:00,0.0
2030-07-08 21:30:00,0.0
2030-07-08 21:45:00,0.0
2030-07-08 22:00:00,0.0
2030-07-08 22:15:00,0.0
2030-07-08 22:30:00,0.0
2030-07-08 22:45:00,0.0
2030-07-08 23:00:00,0.0
2030-07-08 23:15:00,0.0
2030-07-08 23:30:00,0.0
2030-07-08 23:45:00,0.0
2030-07-09 00:00:00,0.0
2030-07-09 00:15:00,0.0
2030-07-09 00:30:00,0.0
2030-07-09 00:45:00,0.0
2030-07-09 01:00:00,0.0
2030-07-09 01:15:00,0.0
2030-07-09 01:30:00,0.0
2030-07-09 01:45:00,0.0
2030-07-09 02:00:00,0.0
2030-07-09 02:15:00,0.0
2030-07-09 02:30:00,0.0
2030-07-09 02:45:00,0.0
2030-07-09 03:00:00,0.0
2030-07-09 03:15:00,0.0
2030-07-09 03:30:00,0.0
2030-07-09 03:45:00,0.0
2030-07-09 04:00:00,0.0
2030-07-09 04:15:00,0.0
2030-07-09 04:30:00,0.0
2030-07-09 04:45:00,0.0
2030-07-09 05:00:00,0.0
2030-07-09 05:15:00,0.0
2030-07-09 05:30:00,0.0
2030-07-09 05:45:00,0.0
2030-07-09 06:00:00,0.0
2030-07-09 06:15:00,0.0
2030-07-09 06:30:00,0.0
2030-07-09 06:45:00,0.0
2030-07-09 07:00:00,0.0
2030-07-09 07:15:00,0.0
2030-07-09 07:30:00,0.0
2030-07-09 07:45:00,0.0
2030-07-09 08:00:00,0.0
2030-07-09 08:15:00,0.0
2030-07-09 08:30:00,0.0
2030-07-09 08:45:00,0.0
2030-07-09 09:00:00,0.0
2030-07-09 09:15:00,0.0
2030-07-09 09:30:00,0.0
2030-07-09 09:45:00,0.0
2030-07-09 10:00:00,0.0
2030-07-09 10:15:00,0.0
2030-07-09 10:30:00,0.0
2030-07-09 10:45:00,0.0
2030-07-09 11:00:00,0.0
2030-07-09 11:15:00,0.0
2030-07-09 11:30:00,0.0
2030-07-09 11:45:00,0.0
2030-07-09 12:00:00,0.0
2030-07-09 12:15:00,0.0
2030-07-09 12:30:00,0.0
2030-07-09 12:45:00,0.0
2030-07-09 13:00:00,0.0
2030-07-09 13:15:00,0.0
2030-07-09 13:30:00,0.0
2030-07-09 13:45:00,0.0
2030-07-09 14:00:00,0.0
2030-07-09 14:15:00,0.0
2030-07-09 14:30:00,0.0
2030-07-09 14:45:00,0.0
2030-07-09 15:00:00,0.0
2030-07-09 15:15:00,0.0
2030-07-09 15:30:00,0.0
2030-07-09 15:45:00,0.0
2030-07-09 16:00:00,0.0
2030-07-09 16:15:00,0.0
2030-07-09 16:30:00,0.0
2030-07-09 16:45:00,0.0
2030-07-09 17:00:00,0.0
2030-07-09 17:15:00,0.0
2030-07-09 17:30:00,0.0
2030-07-09 17:45:00,0.0
2030-07-09 18:00:00,0.0
2030-07-09 18:15:00,0.0
2030-07-09 18:30:00,0.0
2030-07-09 18:45:00,0.0
2030-07-09 19:00:00,0.0
2030-07-09 19:15:00,0.0
2030-07-09 19:30:00,0.0
2030-07-09 19:45:00,0.0
2030-07-09 20:00:00,0.0
2030-07-09 20:15:00,0.0
2030-07-09 20:30:00,0.0
2030-07-09 20:45:00,0.0
2030-07-09 21:00:00,0.0
2030-07-09 21:15:00,0.0
2030-07-09 21:30:00,0.0
2030-07-09 21:45:00,0.0
2030-07-09 22:00:00,0.0
2030-07-09 22:15:00,0.0
2030-07-09 22:30:00,0.0
2030-07-09 22:45:00,0.0
2030-07-09 23:00:00,0.0
2030-07-09 23:15:00,0.0
2030-07-09 23:30:00,0.0
2030-07-09 23:45:00,0.0
2030-07-10 00:00:00,0.0
2030-07-10 00:15:00,0.0
2030-07-10 00:30:00,0.0
2030-07-10 00:45:00,0.0
2030-07-10 01:00:00,0.0
2030-07-10 01:15:00,0.0
2030-07-10 01:30:00,0.0
2030-07-10 01:45:00,0.0
2030-07-10 02:00:00,0.0
2030-07-10 02:15:00,0.0
2030-07-10 02:30:00,0.0
2030-07-10 02:45:00,0.0
2030-07-10 03:00:00,0.0
2030-07-10 03:15:00,0.0
2030-07-10 03:30:00,0.0
2030-07-10 03:45:00,0.0
2030-07-10 04:00:00,0.0
2030-07-10 04:15:00,0.0
2030-07-10 04:30:00,0.0
2030-07-10 04:45:00,0.0
2030-07-10 05:00:00,0.0
2030-07-10 05:15:00,0.0
2030-07-10 05:30:00,0.0
2030-07-10 05:45:00,0.0
2030-07-10 06:00:00,0.0
2030-07-10 06:15:00,0.0
2030-07-10 06:30:00,0.0
2030-07-10 06:45:00,0.0
2030-07-10 07:00:00,0.0
2030-07-10 07:15:00,0.0
2030-07-10 07:30:00,0.0
2030-07-10 07:45:00,0.0
2030-07-10 08:00:00,0.0
2030-07-10 08:15:00,0.0
2030-07-10 08:30:00,0.0
2030-07-10 08:45:00,0.0
2030-07-10 09:00:00,0.0
2030-07-10 09:15:00,0.0
2030-07-10 09:30:00,0.0
2030-07-10 09:45:00,0.0
2030-07-10 10:00:00,0.0
2030-07-10 10:15:00,0.0
2030-07-10 10:30:00,0.0
2030-07-10 10:45:00,0.0
2030-07-10 11:00:00,0.0
2030-07-10 11:15:00,0.0
2030-07-10 11:30:00,0.0
2030-07-10 11:45:00,0.0
2030-07-10 12:00:00,0.0
2030-07-10 12:15:00,0.0
2030-07-10 12:30:00,0.0
2030-07-10 12:45:00,0.0
2030-07-10 13:00:00,0.0
2030-07-10 13:15:00,0.0
2030-07-10 13:30:00,0.0
2030-07-10 13:45:00,0.0
2030-07-10 14:00:00,0.0
2030-07-10 14:15:00,0.0
2030-07-10 14:30:00,0.0
2030-07-10 14:45:00,0.0
2030-07-10 15:00:00,0.0
2030-07-10 15:15:00,0.0
2030-07-10 15:30:00,0.0
2030-07-10 15:45:00,0.0
2030-07-10 16:00:00,0.0
2030-07-10 16:15:00,0.0
2030-07-10 16:30:00,0.0
2030-07-10 16:45:00,0.0
2030-07-10 17:00:00,0.0
2030-07-10 17:15:00,0.0
2030-07-10 17:30:00,0.0
2030-07-10 17:45:00,0.0
2030-07-10 18:00:00,0.0
2030-07-10 18:15:00,0.0
2030-07-10 18:30:00,0.0
2030-07-10 18:45:00,0.0
2030-07-10 19:00:00,0.0
2030-07-10 19:15:00,0.0
2030-07-10 19:30:00,0.0
2030-07-10 19:45:00,0.0
2030-07-10 20:00:00,0.0
2030-07-10 20:15:00,0.0
2030-07-10 20:30:00,0.0
2030-07-10 20:45:00,0.0
2030-07-10 21:00:00,0.0
2030-07-10 21:15:00,0.0
2030-07-10 21:30:00,0.0
2030-07-10 21:45:00,0.0
2030-07-10 22:00:00,0.0
2030-07-10 22:15:00,0.0
2030-07-10 22:30:00,0.0
2030-07-10 22:45:00,0.0
2030-07-10 23:00:00,0.0
2030-07-10 23:15:00,0.0
2030-07-10 23:30:00,0.0
2030-07-10 23:45:00,0.0
2030-07-11 00:00:00,0.0
2030-07-11 00:15:00,0.0
2030-07-11 00:30:00,0.0
2030-07-11 00:45:00,0.0
2030-07-11 01:00:00,0.0
2030-07-11 01:15:00,0.0
2030-07-11 01:30:00,0.0
2030-07-11 01:45:00,0.0
2030-07-11 02:00:00,0.0
2030-07-11 02:15:00,0.0
2030-07-11 02:30:00,0.0
2030-07-11 02:45:00,0.0
2030-07-11 03:00:00,0.0
2030-07-11 03:15:00,0.0
2030-07-11 03:30:00,0.0
2030-07-11 03:45:00,0.0
2030-07-11 04:00:00,0.0
2030-07-11 04:15:00,0.0
2030-07-11 04:30:00,0.0
2030-07-11 04:45:00,0.0
2030-07-11 05:00:00,0.0
2030-07-11 05:15:00,0.0
2030-07-11 05:30:00,0.0
2030-07-11 05:45:00,0.0
2030-07-11 06:00:00,0.0
2030-07-11 06:15:00,0.0
2030-07-11 06:30:00,0.0
2030-07-11 06:45:00,0.0
2030-07-11 07:00:00,0.0
2030-07-11 07:15:00,0.0
2030-07-11 07:30:00,0.0
2030-07-11 07:45:00,0.0
2030-07-11 08:00:00,0.0
2030-07-11 08:15:00,0.0
2030-07-11 08:30:00,0.0
2030-07-11 08:45:00,0.0
2030-07-11 09:00:00,0.0
2030-07-11 09:15:00,0.0
2030-07-11 09:30:00,0.0
2030-07-11 09:45:00,0.0
2030-07-11 10:00:00,0.0
2030-07-11 10:15:00,0.0
2030-07-11 10:30:00,0.0
2030-07-11 10:45:00,0.0
2030-07-11 11:00:00,0.0
2030-07-11 11:15:00,0.0
2030-07-11 11:30:00,0.0
2030-07-11 11:45:00,0.0
2030-07-11 12:00:00,0.0
2030-07-11 12:15:00,0.0
2030-07-11 12:30:00,0.0
2030-07-11 12:45:00,0.0
2030-07-11 13:00:00,0.0
2030-07-11 13:15:00,0.0
2030-07-11 13:30:00,0.0
2030-07-11 13:45:00,0.0
2030-07-11 14:00:00,0.0
2030-07-11 14:15:00,0.0
2030-07-11 14:30:00,0.0
2030-07-11 14:45:00,0.0
2030-07-11 15:00:00,0.0
2030-07-11 15:15:00,0.0
2030-07-11 15:30:00,0.0
2030-07-11 15:45:00,0.0
2030-07-11 16:00:00,0.0
2030-07-11 16:15:00,0.0
2030-07-11 16:30:00,0.0
2030-07-11 16:45:00,0.0
2030-07-11 17:00:00,0.0
2030-07-11 17:15:00,0.0
2030-07-11 17:30:00,0.0
2030-07-11 17:45:00,0.0
2030-07-11 18:00:00,0.0
2030-07-11 18:15:00,0.0
2030-07-11 18:30:00,0.0
2030-07-11 18:45:00,0.0
2030-07-11 19:00:00,0.0
2030-07-11 19:15:00,0.0
2030-07-11 19:30:00,0.0
2030-07-11 19:45:00,0.0
2030-07-11 20:00:00,0.0
2030-07-11 20:15:00,0.0
2030-07-11 20:30:00,0.0
2030-07-11 20:45:00,0.0
2030-07-11 21:00:00,0.0
2030-07-11 21:15:00,0.0
2030-07-11 21:30:00,0.0
2030-07-11 21:45:00,0.0
2030-07-11 22:00:00,0.0
2030-07-11 22:15:00,0.0
2030-07-11 22:30:00,0.0
2030-07-11 22:45:00,0.0
2030-07-11 23:00:00,0.0
2030-07-11 23:15:00,0.0
2030-07-11 23:30:00,0.0
2030-07-11 23:45:00,0.0
2030-07-12 00:00:00,0.0
2030-07-12 00:15:00,0.0
2030-07-12 00:30:00,0.0
2030-07-12 00:45:00,0.0
2030-07-12 01:00:00,0.0
2030-07-12 01:15:00,0.0
2030-07-12 01:30:00,0.0
2030-07-12 01:45:00,0.0
2030-07-12 02:00:00,0.0
2030-07-12 02:15:00,0.0
2030-07-12 02:30:00,0.0
2030-07-12 02:45:00,0.0
2030-07-12 03:00:00,0.0
2030-07-12 03:15:00,0.0
2030-07-12 03:30:00,0.0
2030-07-12 03:45:00,0.0
2030-07-12 04:00:00,0.0
2030-07-12 04:15:00,0.0
2030-07-12 04:30:00,0.0
2030-07-12 04:45:00,0.0
2030-07-12 05:00:00,0.0
2030-07-12 05:15:00,0.0
2030-07-12 05:30:00,0.0
2030-07-12 05:45:00,0.0
2030-07-12 06:00:00,0.0
2030-07-12 06:15:00,0.0
2030-07-12 06:30:00,0.0
2030-07-12 06:45:00,0.0
2030-07-12 07:00:00,0.0
2030-07-12 07:15:00,0.0
2030-07-12 07:30:00,0.0
2030-07-12 07:45:00,0.0
2030-07-12 08:00:00,0.0
2030-07-12 08:15:00,0.0
2030-07-12 08:30:00,0.0
2030-07-12 08:45:00,0.0
2030-07-12 09:00:00,0.0
2030-07-12 09:15:00,0.0
2030-07-12 09:30:00,0.0
2030-07-12 09:45:00,0.0
2030-07-12 10:00:00,0.0
2030-07-12 10:15:00,0.0
2030-07-12 10:30:00,0.0
2030-07-12 10:45:00,0.0
2030-07-12 11:00:00,0.0
2030-07-12 11:15:00,0.0
2030-07-12 11:30:00,0.0
2030-07-12 11:45:00,0.0
2030-07-12 12:00:00,0.0
2030-07-12 12:15:00,0.0
2030-07-12 12:30:00,0.0
2030-07-12 12:45:00,0.0
2030-07-12 13:00:00,0.0
2030-07-12 13:15:00,0.0
2030-07-12 13:30:00,0.0
2030-07-12 13:45:00,0.0
2030-07-12 14:00:00,0.0
2030-07-12 14:15:00,0.0
2030-07-12 14:30:00,0.0
2030-07-12 14:45:00,0.0
2030-07-12 15:00:00,0.0
2030-07-12 15:15:00,0.0
2030-07-12 15:30:00,0.0
2030-07-12 15:45:00,0.0
2030-07-12 16:00:00,0.0
2030-07-12 16:15:00,0.0
2030-07-12 16:30:00,0.0
2030-07-12 16:45:00,0.0
2030-07-12 17:00:00,0.0
2030-07-12 17:15:00,0.0
2030-07-12 17:30:00,0.0
2030-07-12 17:45:00,0.0
2030-07-12 18:00:00,0.0
2030-07-12 18:15:00,0.0
2030-07-12 18:30:00,0.0
2030-07-12 18:45:00,0.0
2030-07-12 19:00:00,0.0
2030-07-12 19:15:00,0.0
2030-07-12 19:30:00,0.0
2030-07-12 19:45:00,0.0
2030-07-12 20:00:00,0.0
2030-07-12 20:15:00,0.0
2030-07-12 20:30:00,0.0
2030-07-12 20:45:00,0.0
2030-07-12 21:00:00,0.0
2030-07-12 21:15:00,0.0
2030-07-12 21:30:00,0.0
2030-07-12 21:45:00,0.0
2030-07-12 22:00:00,0.0
2030-07-12 22:15:00,0.0
2030-07-12 22:30:00,0.0
2030-07-12 22:45:00,0.0
2030-07-12 23:00:00,0.0
2030-07-12 23:15:00,0.0
2030-07-12 23:30:00,0.0
2030-07-12 23:45:00,0.0
2030-07-13 00:00:00,0.0
2030-07-13 00:15:00,0.0
2030-07-13 00:30:00,0.0
2030-07-13 00:45:00,0.0
2030-07-13 01:00:00,0.0
2030-07-13 01:15:00,0.0
2030-07-13 01:30:00,0.0
2030-07-13 01:45:00,0.0
2030-07-13 02:00:00,0.0
2030-07-13 02:15:00,0.0
2030-07-13 02:30:00,0.0
2030-07-13 02:45:00,0.0
2030-07-13 03:00:00,0.0
2030-07-13 03:15:00,0.0
2030-07-13 03:30:00,0.0
2030-07-13 03:45:00,0.0
2030-07-13 04:00:00,0.0
2030-07-13 04:15:00,0.0
2030-07-13 04:30:00,0.0
2030-07-13 04:45:00,0.0
2030-07-13 05:00:00,0.0
2030-07-13 05:15:00,0.0
2030-07-13 05:30:00,0.0
2030-07-13 05:45:00,0.0
2030-07-13 06:00:00,0.0
2030-07-13 06:15:00,0.0
2030-07-13 06:30:00,0.0
2030-07-13 06:45:00,0.0
2030-07-13 07:00:00,0.0
2030-07-13 07:15:00,0.0
2030-07-13 07:30:00,0.0
2030-07-13 07:45:00,96.88606086497384
2030-07-13 08:00:00,272.33300629518817
2030-07-13 08:15:00,507.02356643568055
2030-07-13 08:30:00,564.8676650510606
2030-07-13 08:45:00,707.5790570848403
2030-07-13 09:00:00,530.1221228455652
2030-07-13 09:15:00,659.3585805546973
2030-07-13 09:30:00,804.1103889132064
2030-07-13 09:45:00,788.3628294023001
2030-07-13 10:00:00,811.0284923990785
2030-07-13 10:15:00,811.3796616881846
2030-07-13 10:30:00,844.8427478310041
2030-07-13 10:45:00,775.2265408814783
2030-07-13 11:00:00,993.800866581505
2030-07-13 11:15:00,857.7916789725168
2030-07-13 11:30:00,836.7249812824775
2030-07-13 11:45:00,776.5578476100181
2030-07-13 12:00:00,473.24826997433047
2030-07-13 12:15:00,456.94468661328574
2030-07-13 12:30:00,415.95343651138865
2030-07-13 12:45:00,473.09947630781244
2030-07-13 13:00:00,487.35475667092214
2030-07-13 13:15:00,359.1791855190313
2030-07-13 13:30:00,345.0875794574058
2030-07-13 13:45:00,97.64803991256849
2030-07-13 14:00:00,134.89634016958553
2030-07-13 14:15:00,166.04410014053065
2030-07-13 14:30:00,135.66467434664446
2030-07-13 14:45:00,0.0
2030-07-13 15:00:00,0.0
2030-07-13 15:15:00,0.0
2030-07-13 15:30:00,0.0
2030-07-13 15:45:00,0.0
2030-07-13 16:00:00,0.0
2030-07-13 16:15:00,0.0
2030-07-13 16:30:00,0.0
2030-07-13 16:45:00,0.0
2030-07-13 17:00:00,0.0
2030-07-13 17:15:00,0.0
2030-07-13 17:30:00,0.0
2030-07-13 17:45:00,0.0
2030-07-13 18:00:00,0.0
2030-07-13 18:15:00,0.0
2030-07-13 18:30:00,0.0
2030-07-13 18:45:00,0.0
2030-07-13 19:00:00,0.0
2030-07-13 19:15:00,0.0
2030-07-13 19:30:00,0.0
2030-07-13 19:45:00,0.0
2030-07-13 20:00:00,0.0
2030-07-13 20:15:00,0.0
2030-07-13 20:30:00,0.0
2030-07-13 20:45:00,0.0
2030-07-13 21:00:00,0.0
2030-07-13 21:15:00,0.0
2030-07-13 21:30:00,0.0
2030-07-13 21:45:00,0.0
2030-07-13 22:00:00,0.0
2030-07-13 22:15:00,0.0
2030-07-13 22:30:00,0.0
2030-07-13 22:45:00,0.0
2030-07-13 23:00:00,0.0
2030-07-13 23:15:00,0.0
2030-07-13 23:30:00,0.0
2030-07-13 23:45:00,0.0
2030-07-14 00:00:00,0.0
2030-07-14 00:15:00,0.0
2030-07-14 00:30:00,0.0
2030-07-14 00:45:00,0.0
2030-07-14 01:00:00,0.0
2030-07-14 01:15:00,0.0
2030-07-14 01:30:00,0.0
2030-07-14 01:45:00,0.0
2030-07-14 02:00:00,0.0
2030-07-14 02:15:00,0.0
2030-07-14 02:30:00,0.0
2030-07-14 02:45:00,0.0
2030-07-14 03:00:00,0.0
2030-07-14 03:15:00,0.0
2030-07-14 03:30:00,0.0
2030-07-14 03:45:00,0.0
2030-07-14 04:00:00,0.0
2030-07-14 04:15:00,0.0
2030-07-14 04:30:00,0.0
2030-07-14 04:45:00,0.0
2030-07-14 05:00:00,0.0
2030-07-14 05:15:00,0.0
2030-07-14 05:30:00,0.0
2030-07-14 05:45:00,0.0
2030-07-14 06:00:00,0.0
2030-07-14 06:15:00,0.0
2030-07-14 06:30:00,0.0
2030-07-14 06:45:00,0.0
2030-07-14 07:00:00,0.0
2030-07-14 07:15:00,0.0
2030-07-14 07:30:00,0.0
2030-07-14 07:45:00,0.0
2030-07-14 08:00:00,0.0
2030-07-14 08:15:00,0.0
2030-07-14 08:30:00,0.0
2030-07-14 08:45:00,0.0
2030-07-14 09:00:00,0.0
2030-07-14 09:15:00,0.0
2030-07-14 09:30:00,0.0
2030-07-14 09:45:00,0.0
2030-07-14 10:00:00,0.0
2030-07-14 10:15:00,0.0
2030-07-14 10:30:00,0.0
2030-07-14 10:45:00,0.0
2030-07-14 11:00:00,0.0
2030-07-14 11:15:00,0.0
2030-07-14 11:30:00,0.0
2030-07-14 11:45:00,0.0
2030-07-14 12:00:00,0.0
2030-07-14 12:15:00,0.0
2030-07-14 12:30:00,0.0
2030-07-14 12:45:00,0.0
2030-07-14 13:00:00,0.0
2030-07-14 13:15:00,0.0
2030-07-14 13:30:00,0.0
2030-07-14 13:45:00,0.0
2030-07-14 14:00:00,0.0
2030-07-14 14:15:00,0.0
2030-07-14 14:30:00,0.0
2030-07-14 14:45:00,0.0
2030-07-14 15:00:00,0.0
2030-07-14 15:15:00,0.0
2030-07-14 15:30:00,0.0
2030-07-14 15:45:00,0.0
2030-07-14 16:00:00,0.0
2030-07-14 16:15:00,0.0
2030-07-14 16:30:00,0.0
2030-07-14 16:45:00,0.0
2030-07-14 17:00:00,0.0
2030-07-14 17:15:00,0.0
2030-07-14 17:30:00,0.0
2030-07-14 17:45:00,0.0
2030-07-14 18:00:00,0.0
2030-07-14 18:15:00,0.0
2030-07-14 18:30:00,0.0
2030-07-14 18:45:00,0.0
2030-07-14 19:00:00,0.0
2030-07-14 19:15:00,0.0
2030-07-14 19:30:00,0.0
2030-07-14 19:45:00,0.0
2030-07-14 20:00:00,0.0
2030-07-14 20:15:00,0.0
2030-07-14 20:30:00,0.0
2030-07-14 20:45:00,0.0
2030-07-14 21:00:00,0.0
2030-07-14 21:15:00,0.0
2030-07-14 21:30:00,0.0
2030-07-14 21:45:00,0.0
2030-07-14 22:00:00,0.0
2030-07-14 22:15:00,0.0
2030-07-14 22:30:00,0.0
2030-07-14 22:45:00,0.0
2030-07-14 23:00:00,0.0
2030-07-14 23:15:00,0.0
2030-07-14 23:30:00,0.0
2030-07-14 23:45:00,0.0
2030-07-15 00:00:00,0.0
2030-07-15 00:15:00,0.0
2030-07-15 00:30:00,0.0
2030-07-15 00:45:00,0.0
2030-07-15 01:00:00,0.0
2030-07-15 01:15:00,0.0
2030-07-15 01:30:00,0.0
2030-07-15 01:45:00,0.0
2030-07-15 02:00:00,0.0
2030-07-15 02:15:00,0.0
2030-07-15 02:30:00,0.0
2030-07-15 02:45:00,0.0
2030-07-15 03:00:00,0.0
2030-07-15 03:15:00,0.0
2030-07-15 03:30:00,0.0
2030-07-15 03:45:00,0.0
2030-07-15 04:00:00,0.0
2030-07-15 04:15:00,0.0
2030-07-15 04:30:00,0.0
2030-07-15 04:45:00,0.0
2030-07-15 05:00:00,0.0
2030-07-15 05:15:00,0.0
2030-07-15 05:30:00,0.0
2030-07-15 05:45:00,0.0
2030-07-15 06:00:00,0.0
2030-07-15 06:15:00,0.0
2030-07-15 06:30:00,0.0
2030-07-15 06:45:00,0.0
2030-07-15 07:00:00,0.0
2030-07-15 07:15:00,0.0
2030-07-15 07:30:00,0.0
2030-07-15 07:45:00,0.0
2030-07-15 08:00:00,0.0
2030-07-15 08:15:00,0.0
2030-07-15 08:30:00,0.0
2030-07-15 08:45:00,0.0
2030-07-15 09:00:00,0.0
2030-07-15 09:15:00,0.0
2030-07-15 09:30:00,0.0
2030-07-15 09:45:00,0.0
2030-07-15 10:00:00,0.0
2030-07-15 10:15:00,0.0
2030-07-15 10:30:00,0.0
2030-07-15 10:45:00,0.0
2030-07-15 11:00:00,0.0
2030-07-15 11:15:00,0.0
2030-07-15 11:30:00,0.0
2030-07-15 11:45:00,0.0
2030-07-15 12:00:00,0.0
2030-07-15 12:15:00,0.0
2030-07-15 12:30:00,0.0
2030-07-15 12:45:00,0.0
2030-07-15 13:00:00,0.0
2030-07-15 13:15:00,0.0
2030-07-15 13:30:00,0.0
2030-07-15 13:45:00,0.0
2030-07-15 14:00:00,0.0
2030-07-15 14:15:00,0.0
2030-07-15 14:30:00,0.0
2030-07-15 14:45:00,0.0
2030-07-15 15:00:00,0.0
2030-07-15 15:15:00,0.0
2030-07-15 15:30:00,0.0
2030-07-15 15:45:00,0.0
2030-07-15 16:00:00,0.0
2030-07-15 16:15:00,0.0
2030-07-15 16:30:00,0.0
2030-07-15 16:45:00,0.0
2030-07-15 17:00:00,0.0
2030-07-15 17:15:00,0.0
2030-07-15 17:30:00,0.0
2030-07-15 17:45:00,0.0
2030-07-15 18:00:00,0.0
2030-07-15 18:15:00,0.0
2030-07-15 18:30:00,0.0
2030-07-15 18:45:00,0.0
2030-07-15 19:00:00,0.0
2030-07-15 19:15:00,0.0
2030-07-15 19:30:00,0.0
2030-07-15 19:45:00,0.0
2030-07-15 20:00:00,0.0
2030-07-15 20:15:00,0.0
2030-07-15 20:30:00,0.0
2030-07-15 20:45:00,0.0
2030-07-15 21:00:00,0.0
2030-07-15 21:15:00,0.0
2030-07-15 21:30:00,0.0
2030-07-15 21:45:00,0.0
2030-07-15 22:00:00,0.0
2030-07-15 22:15:00,0.0
2030-07-15 22:30:00,0.0
2030-07-15 22:45:00,0.0
2030-07-15 23:00:00,0.0
2030-07-15 23:15:00,0.0
2030-07-15 23:30:00,0.0
2030-07-15 23:45:00,0.0
2030-07-16 00:00:00,0.0
2030-07-16 00:15:00,0.0
2030-07-16 00:30:00,0.0
2030-07-16 00:45:00,0.0
2030-07-16 01:00:00,0.0
2030-07-16 01:15:00,0.0
2030-07-16 01:30:00,0.0
2030-07-16 01:45:00,0.0
2030-07-16 02:00:00,0.0
2030-07-16 02:15:00,0.0
2030-07-16 02:30:00,0.0
2030-07-16 02:45:00,0.0
2030-07-16 03:00:00,0.0
2030-07-16 03:15:00,0.0
2030-07-16 03:30:00,0.0
2030-07-16 03:45:00,0.0
2030-07-16 04:00:00,0.0
2030-07-16 04:15:00,0.0
2030-07-16 04:30:00,0.0
2030-07-16 04:45:00,0.0
2030-07-16 05:00:00,0.0
2030-07-16 05:15:00,0.0
2030-07-16 05:30:00,0.0
2030-07-16 05:45:00,0.0
2030-07-16 06:00:00,0.0
2030-07-16 06:15:00,0.0
2030-07-16 06:30:00,0.0
2030-07-16 06:45:00,0.0
2030-07-16 07:00:00,0.0
2030-07-16 07:15:00,0.0
2030-07-16 07:30:00,0.0
2030-07-16 07:45:00,0.0
2030-07-16 08:00:00,0.0
2030-07-16 08:15:00,0.0
2030-07-16 08:30:00,0.0
2030-07-16 08:45:00,0.0
2030-07-16 09:00:00,0.0
2030-07-16 09:15:00,0.0
2030-07-16 09:30:00,0.0
2030-07-16 09:45:00,0.0
2030-07-16 10:00:00,0.0
2030-07-16 10:15:00,0.0
2030-07-16 10:30:00,0.0
2030-07-16 10:45:00,0.0
2030-07-16 11:00:00,0.0
2030-07-16 11:15:00,0.0
2030-07-16 11:30:00,0.0
2030-07-16 11:45:00,0.0
2030-07-16 12:00:00,0.0
2030-07-16 12:15:00,0.0
2030-07-16 12:30:00,0.0
2030-07-16 12:45:00,0.0
2030-07-16 13:00:00,0.0
2030-07-16 13:15:00,0.0
2030-07-16 13:30:00,0.0
2030-07-16 13:45:00,0.0
2030-07-16 14:00:00,0.0
2030-07-16 14:15:00,0.0
2030-07-16 14:30:00,0.0
2030-07-16 14:45:00,0.0
2030-07-16 15:00:00,0.0
2030-07-16 15:15:00,0.0
2030-07-16 15:30:00,0.0
2030-07-16 15:45:00,0.0
2030-07-16 16:00:00,0.0
2030-07-16 16:15:00,0.0
2030-07-16 16:30:00,0.0
2030-07-16 16:45:00,0.0
2030-07-16 17:00:00,0.0
2030-07-16 17:15:00,0.0
2030-07-16 17:30:00,0.0
2030-07-16 17:45:00,0.0
2030-07-16 18:00:00,0.0
2030-07-16 18:15:00,0.0
2030-07-16 18:30:00,0.0
2030-07-16 18:45:00,0.0
2030-07-16 19:00:00,0.0
2030-07-16 19:15:00,0.0
2030-07-16 19:30:00,0.0
2030-07-16 19:45:00,0.0
2030-07-16 20:00:00,0.0
2030-07-16 20:15:00,0.0
2030-07-16 20:30:00,0.0
2030-07-16 20:45:00,0.0
2030-07-16 21:00:00,0.0
2030-07-16 21:15:00,0.0
2030-07-16 21:30:00,0.0
2030-07-16 21:45:00,0.0
2030-07-16 22:00:00,0.0
2030-07-16 22:15:00,0.0
2030-07-16 22:30:00,0.0
2030-07-16 22:45:00,0.0
2030-07-16 23:00:00,0.0
2030-07-16 23:15:00,0.0
2030-07-16 23:30:00,0.0
2030-07-16 23:45:00,0.0
2030-07-17 00:00:00,0.0
2030-07-17 00:15:00,0.0
2030-07-17 00:30:00,0.0
2030-07-17 00:45:00,0.0
2030-07-17 01:00:00,0.0
2030-07-17 01:15:00,0.0
2030-07-17 01:30:00,0.0
2030-07-17 01:45:00,0.0
2030-07-17 02:00:00,0.0
2030-07-17 02:15:00,0.0
2030-07-17 02:30:00,0.0
2030-07-17 02:45:00,0.0
2030-07-17 03:00:00,0.0
2030-07-17 03:15:00,0.0
2030-07-17 03:30:00,0.0
2030-07-17 03:45:00,0.0
2030-07-17 04:00:00,0.0
2030-07-17 04:15:00,0.0
2030-07-17 04:30:00,0.0
2030-07-17 04:45:00,0.0
2030-07-17 05:00:00,0.0
2030-07-17 05:15:00,0.0
2030-07-17 05:30:00,0.0
2030-07-17 05:45:00,0.0
2030-07-17 06:00:00,0.0
2030-07-17 06:15:00,0.0
2030-07-17 06:30:00,0.0
2030-07-17 06:45:00,0.0
2030-07-17 07:00:00,0.0
2030-07-17 07:15:00,0.0
2030-07-17 07:30:00,0.0
2030-07-17 07:45:00,0.0
2030-07-17 08:00:00,0.0
2030-07-17 08:15:00,0.0
2030-07-17 08:30:00,0.0
2030-07-17 08:45:00,0.0
2030-07-17 09:00:00,0.0
2030-07-17 09:15:00,0.0
2030-07-17 09:30:00,0.0
2030-07-17 09:45:00,0.0
2030-07-17 10:00:00,0.0
2030-07-17 10:15:00,0.0
2030-07-17 10:30:00,0.0
2030-07-17 10:45:00,0.0
2030-07-17 11:00:00,0.0
2030-07-17 11:15:00,0.0
2030-07-17 11:30:00,0.0
2030-07-17 11:45:00,0.0
2030-07-17 12:00:00,0.0
2030-07-17 12:15:00,0.0
2030-07-17 12:30:00,0.0
2030-07-17 12:45:00,0.0
2030-07-17 13:00:00,0.0
2030-07-17 13:15:00,0.0
2030-07-17 13:30:00,0.0
2030-07-17 13:45:00,0.0
2030-07-17 14:00:00,0.0
2030-07-17 14:15:00,0.0
2030-07-17 14:30:00,0.0
2030-07-17 14:45:00,0.0
2030-07-17 15:00:00,0.0
2030-07-17 15:15:00,0.0
2030-07-17 15:30:00,0.0
2030-07-17 15:45:00,0.0
2030-07-17 16:00:00,0.0
2030-07-17 16:15:00,0.0
2030-07-17 16:30:00,0.0
2030-07-17 16:45:00,0.0
2030-07-17 17:00:00,0.0
2030-07-17 17:15:00,0.0
2030-07-17 17:30:00,0.0
2030-07-17 17:45:00,0.0
2030-07-17 18:00:00,0.0
2030-07-17 18:15:00,0.0
2030-07-17 18:30:00,0.0
2030-07-17 18:45:00,0.0
2030-07-17 19:00:00,0.0
2030-07-17 19:15:00,0.0
2030-07-17 19:30:00,0.0
2030-07-17 19:45:00,0.0
2030-07-17 20:00:00,0.0
2030-07-17 20:15:00,0.0
2030-07-17 20:30:00,0.0
2030-07-17 20:45:00,0.0
2030-07-17 21:00:00,0.0
2030-07-17 21:15:00,0.0
2030-07-17 21:30:00,0.0
2030-07-17 21:45:00,0.0
2030-07-17 22:00:00,0.0
2030-07-17 22:15:00,0.0
2030-07-17 22:30:00,0.0
2030-07-17 22:45:00,0.0
2030-07-17 23:00:00,0.0
2030-07-17 23:15:00,0.0
2030-07-17 23:30:00,0.0
2030-07-17 23:45:00,0.0
2030-07-18 00:00:00,0.0
2030-07-18 00:15:00,0.0
2030-07-18 00:30:00,0.0
2030-07-18 00:45:00,0.0
2030-07-18 01:00:00,0.0
2030-07-18 01:15:00,0.0
2030-07-18 01:30:00,0.0
2030-07-18 01:45:00,0.0
2030-07-18 02:00:00,0.0
2030-07-18 02:15:00,0.0
2030-07-18 02:30:00,0.0
2030-07-18 02:45:00,0.0
2030-07-18 03:00:00,0.0
2030-07-18 03:15:00,0.0
2030-07-18 03:30:00,0.0
2030-07-18 03:45:00,0.0
2030-07-18 04:00:00,0.0
2030-07-18 04:15:00,0.0
2030-07-18 04:30:00,0.0
2030-07-18 04:45:00,0.0
2030-07-18 05:00:00,0.0
2030-07-18 05:15:00,0.0
2030-07-18 05:30:00,0.0
2030-07-18 05:45:00,0.0
2030-07-18 06:00:00,0.0
2030-07-18 06:15:00,0.0
2030-07-18 06:30:00,0.0
2030-07-18 06:45:00,0.0
2030-07-18 07:00:00,0.0
2030-07-18 07:15:00,0.0
2030-07-18 07:30:00,0.0
2030-07-18 07:45:00,0.0
2030-07-18 08:00:00,0.0
2030-07-18 08:15:00,0.0
2030-07-18 08:30:00,0.0
2030-07-18 08:45:00,0.0
2030-07-18 09:00:00,0.0
2030-07-18 09:15:00,0.0
2030-07-18 09:30:00,0.0
2030-07-18 09:45:00,0.0
2030-07-18 10:00:00,0.0
2030-07-18 10:15:00,0.0
2030-07-18 10:30:00,0.0
2030-07-18 10:45:00,0.0
2030-07-18 11:00:00,0.0
2030-07-18 11:15:00,0.0
2030-07-18 11:30:00,0.0
2030-07-18 11:45:00,0.0
2030-07-18 12:00:00,0.0
2030-07-18 12:15:00,0.0
2030-07-18 12:30:00,0.0
2030-07-18 12:45:00,0.0
2030-07-18 13:00:00,0.0
2030-07-18 13:15:00,0.0
2030-07-18 13:30:00,0.0
2030-07-18 13:45:00,0.0
2030-07-18 14:00:00,0.0
2030-07-18 14:15:00,0.0
2030-07-18 14:30:00,0.0
2030-07-18 14:45:00,0.0
2030-07-18 15:00:00,0.0
2030-07-18 15:15:00,0.0
2030-07-18 15:30:00,0.0
2030-07-18 15:45:00,0.0
2030-07-18 16:00:00,0.0
2030-07-18 16:15:00,0.0
2030-07-18 16:30:00,0.0
2030-07-18 16:45:00,0.0
2030-07-18 17:00:00,0.0
2030-07-18 17:15:00,0.0
2030-07-18 17:30:00,0.0
2030-07-18 17:45:00,0.0
2030-07-18 18:00:00,0.0
2030-07-18 18:15:00,0.0
2030-07-18 18:30:00,0.0
2030-07-18 18:45:00,0.0
2030-07-18 19:00:00,0.0
2030-07-18 19:15:00,0.0
2030-07-18 19:30:00,0.0
2030-07-18 19:45:00,0.0
2030-07-18 20:00:00,0.0
2030-07-18 20:15:00,0.0
2030-07-18 20:30:00,0.0
2030-07-18 20:45:00,0.0
2030-07-18 21:00:00,0.0
2030-07-18 21:15:00,0.0
2030-07-18 21:30:00,0.0
2030-07-18 21:45:00,0.0
2030-07-18 22:00:00,0.0
2030-07-18 22:15:00,0.0
2030-07-18 22:30:00,0.0
2030-07-18 22:45:00,0.0
2030-07-18 23:00:00,0.0
2030-07-18 23:15:00,0.0
2030-07-18 23:30:00,0.0
2030-07-18 23:45:00,0.0
2030-07-19 00:00:00,0.0
2030-07-19 00:15:00,0.0
2030-07-19 00:30:00,0.0
2030-07-19 00:45:00,0.0
2030-07-19 01:00:00,0.0
2030-07-19 01:15:00,0.0
2030-07-19 01:30:00,0.0
2030-07-19 01:45:00,0.0
2030-07-19 02:00:00,0.0
2030-07-19 02:15:00,0.0
2030-07-19 02:30:00,0.0
2030-07-19 02:45:00,0.0
2030-07-19 03:00:00,0.0
2030-07-19 03:15:00,0.0
2030-07-19 03:30:00,0.0
2030-07-19 03:45:00,0.0
2030-07-19 04:00:00,0.0
2030-07-19 04:15:00,0.0
2030-07-19 04:30:00,0.0
2030-07-19 04:45:00,0.0
2030-07-19 05:00:00,0.0
2030-07-19 05:15:00,0.0
2030-07-19 05:30:00,0.0
2030-07-19 05:45:00,0.0
2030-07-19 06:00:00,0.0
2030-07-19 06:15:00,0.0
2030-07-19 06:30:00,0.0
2030-07-19 06:45:00,0.0
2030-07-19 07:00:00,0.0
2030-07-19 07:15:00,0.0
2030-07-19 07:30:00,0.0
2030-07-19 07:45:00,0.0
2030-07-19 08:00:00,0.0
2030-07-19 08:15:00,160.375290316244
2030-07-19 08:30:00,323.51586980274624
2030-07-19 08:45:00,317.4699697871947
2030-07-19 09:00:00,152.4559985668675
2030-07-19 09:15:00,228.50966986214735
2030-07-19 09:30:00,356.3299267190778
2030-07-19 09:45:00,401.55254889927164
2030-07-19 10:00:00,428.3701311473087
2030-07-19 10:15:00,484.1588655562264
2030-07-19 10:30:00,566.5062797759128
2030-07-19 10:45:00,670.4540005630697
2030-07-19 11:00:00,615.6920251060219
2030-07-19 11:15:00,554.4786392591286
2030-07-19 11:30:00,532.9967597170689
2030-07-19 11:45:00,481.1022227284666
2030-07-19 12:00:00,423.06387147188616
2030-07-19 12:15:00,401.8340382513579
2030-07-19 12:30:00,388.32537598435374
2030-07-19 12:45:00,365.78757549957845
2030-07-19 13:00:00,337.84935337091883
2030-07-19 13:15:00,213.643060229002
2030-07-19 13:30:00,67.03081215532984
2030-07-19 13:45:00,0.0
2030-07-19 14:00:00,0.0
2030-07-19 14:15:00,0.0
2030-07-19 14:30:00,0.0
2030-07-19 14:45:00,0.0
2030-07-19 15:00:00,0.0
2030-07-19 15:15:00,0.0
2030-07-19 15:30:00,0.0
2030-07-19 15:45:00,0.0
2030-07-19 16:00:00,0.0
2030-07-19 16:15:00,0.0
2030-07-19 16:30:00,0.0
2030-07-19 16:45:00,0.0
2030-07-19 17:00:00,0.0
2030-07-19 17:15:00,0.0
2030-07-19 17:30:00,0.0
2030-07-19 17:45:00,0.0
2030-07-19 18:00:00,0.0
2030-07-19 18:15:00,0.0
2030-07-19 18:30:00,0.0
2030-07-19 18:45:00,0.0
2030-07-19 19:00:00,0.0
2030-07-19 19:15:00,0.0
2030-07-19 19:30:00,0.0
2030-07-19 19:45:00,0.0
2030-07-19 20:00:00,0.0
2030-07-19 20:15:00,0.0
2030-07-19 20:30:00,0.0
2030-07-19 20:45:00,0.0
2030-07-19 21:00:00,0.0
2030-07-19 21:15:00,0.0
2030-07-19 21:30:00,0.0
2030-07-19 21:45:00,0.0
2030-07-19 22:00:00,0.0
2030-07-19 22:15:00,0.0
2030-07-19 22:30:00,0.0
2030-07-19 22:45:00,0.0
2030-07-19 23:00:00,0.0
2030-07-19 23:15:00,0.0
2030-07-19 23:30:00,0.0
2030-07-19 23:45:00,0.0
2030-07-20 00:00:00,0.0
2030-07-20 00:15:00,0.0
2030-07-20 00:30:00,0.0
2030-07-20 00:45:00,0.0
2030-07-20 01:00:00,0.0
2030-07-20 01:15:00,0.0
2030-07-20 01:30:00,0.0
2030-07-20 01:45:00,0.0
2030-07-20 02:00:00,0.0
2030-07-20 02:15:00,0.0
2030-07-20 02:30:00,0.0
2030-07-20 02:45:00,0.0
2030-07-20 03:00:00,0.0
2030-07-20 03:15:00,0.0
2030-07-20 03:30:00,0.0
2030-07-20 03:45:00,0.0
2030-07-20 04:00:00,0.0
2030-07-20 04:15:00,0.0
2030-07-20 04:30:00,0.0
2030-07-20 04:45:00,0.0
2030-07-20 05:00:00,0.0
2030-07-20 05:15:00,0.0
2030-07-20 05:30:00,0.0
2030-07-20 05:45:00,0.0
2030-07-20 06:00:00,0.0
2030-07-20 06:15:00,0.0
2030-07-20 06:30:00,0.0
2030-07-20 06:45:00,0.0
2030-07-20 07:00:00,0.0
2030-07-20 07:15:00,0.0
2030-07-20 07:30:00,0.0
2030-07-20 07:45:00,0.0
2030-07-20 08:00:00,0.0
2030-07-20 08:15:00,0.0
2030-07-20 08:30:00,134.48571397759042
2030-07-20 08:45:00,214.64990990307524
2030-07-20 09:00:00,240.42818362354228
2030-07-20 09:15:00,317.86903072273526
2030-07-20 09:30:00,330.9135612120426
2030-07-20 09:45:00,378.7760883809515
2030-07-20 10:00:00,262.0370486222746
2030-07-20 10:15:00,284.21671600217087
2030-07-20 10:30:00,240.06094140455025
2030-07-20 10:45:00,336.02837465673656
2030-07-20 11:00:00,362.1482910715931
2030-07-20 11:15:00,425.3118071326917
2030-07-20 11:30:00,540.8221512204291
2030-07-20 11:45:00,492.13323864259473
2030-07-20 12:00:00,563.6924179769085
2030-07-20 12:15:00,473.2551232564092
2030-07-20 12:30:00,457.8826846803422
2030-07-20 12:45:00,353.52058960866634
2030-07-20 13:00:00,255.9289414723171
2030-07-20 13:15:00,115.42848131833671
2030-07-20 13:30:00,0.0
2030-07-20 13:45:00,0.0
2030-07-20 14:00:00,0.0
2030-07-20 14:15:00,0.0
2030-07-20 14:30:00,0.0
2030-07-20 14:45:00,0.0
2030-07-20 15:00:00,0.0
2030-07-20 15:15:00,0.0
2030-07-20 15:30:00,0.0
2030-07-20 15:45:00,0.0
2030-07-20 16:00:00,0.0
2030-07-20 16:15:00,0.0
2030-07-20 16:30:00,0.0
2030-07-20 16:45:00,0.0
2030-07-20 17:00:00,0.0
2030-07-20 17:15:00,0.0
2030-07-20 17:30:00,0.0
2030-07-20 17:45:00,0.0
2030-07-20 18:00:00,0.0
2030-07-20 18:15:00,0.0
2030-07-20 18:30:00,0.0
2030-07-20 18:45:00,0.0
2030-07-20 19:00:00,0.0
2030-07-20 19:15:00,0.0
2030-07-20 19:30:00,0.0
2030-07-20 19:45:00,0.0
2030-07-20 20:00:00,0.0
2030-07-20 20:15:00,0.0
2030-07-20 20:30:00,0.0
2030-07-20 20:45:00,0.0
2030-07-20 21:00:00,0.0
2030-07-20 21:15:00,0.0
2030-07-20 21:30:00,0.0
2030-07-20 21:45:00,0.0
2030-07-20 22:00:00,0.0
2030-07-20 22:15:00,0.0
2030-07-20 22:30:00,0.0
2030-07-20 22:45:00,0.0
2030-07-20 23:00:00,0.0
2030-07-20 23:15:00,0.0
2030-07-20 23:30:00,0.0
2030-07-20 23:45:00,0.0
2030-07-21 00:00:00,0.0
2030-07-21 00:15:00,0.0
2030-07-21 00:30:00,0.0
2030-07-21 00:45:00,0.0
2030-07-21 01:00:00,0.0
2030-07-21 01:15:00,0.0
2030-07-21 01:30:00,0.0
2030-07-21 01:45:00,0.0
2030-07-21 02:00:00,0.0
2030-07-21 02:15:00,0.0
2030-07-21 02:30:00,0.0
2030-07-21 02:45:00,0.0
2030-07-21 03:00:00,0.0
2030-07-21 03:15:00,0.0
2030-07-21 03:30:00,0.0
2030-07-21 03:45:00,0.0
2030-07-21 04:00:00,0.0
2030-07-21 04:15:00,0.0
2030-07-21 04:30:00,0.0
2030-07-21 04:45:00,0.0
2030-07-21 05:00:00,0.0
2030-07-21 05:15:00,0.0
2030-07-21 05:30:00,0.0
2030-07-21 05:45:00,0.0
2030-07-21 06:00:00,0.0
2030-07-21 06:15:00,0.0
2030-07-21 06:30:00,0.0
2030-07-21 06:45:00,0.0
2030-07-21 07:00:00,0.0
2030-07-21 07:15:00,0.0
2030-07-21 07:30:00,0.0
2030-07-21 07:45:00,0.0
2030-07-21 08:00:00,0.0
2030-07-21 08:15:00,0.0
2030-07-21 08:30:00,0.0
2030-07-21 08:45:00,0.0
2030-07-21 09:00:00,0.0
2030-07-21 09:15:00,0.0
2030-07-21 09:30:00,0.0
2030-07-21 09:45:00,0.0
2030-07-21 10:00:00,0.0
2030-07-21 10:15:00,0.0
2030-07-21 10:30:00,0.0
2030-07-21 10:45:00,0.0
2030-07-21 11:00:00,0.0
2030-07-21 11:15:00,0.0
2030-07-21 11:30:00,0.0
2030-07-21 11:45:00,0.0
2030-07-21 12:00:00,0.0
2030-07-21 12:15:00,0.0
2030-07-21 12:30:00,0.0
2030-07-21 12:45:00,0.0
2030-07-21 13:00:00,0.0
2030-07-21 13:15:00,0.0
2030-07-21 13:30:00,0.0
2030-07-21 13:45:00,0.0
2030-07-21 14:00:00,0.0
2030-07-21 14:15:00,0.0
2030-07-21 14:30:00,0.0
2030-07-21 14:45:00,0.0
2030-07-21 15:00:00,0.0
2030-07-21 15:15:00,0.0
2030-07-21 15:30:00,0.0
2030-07-21 15:45:00,0.0
2030-07-21 16:00:00,0.0
2030-07-21 16:15:00,0.0
2030-07-21 16:30:00,0.0
2030-07-21 16:45:00,0.0
2030-07-21 17:00:00,0.0
2030-07-21 17:15:00,0.0
2030-07-21 17:30:00,0.0
2030-07-21 17:45:00,0.0
2030-07-21 18:00:00,0.0
2030-07-21 18:15:00,0.0
2030-07-21 18:30:00,0.0
2030-07-21 18:45:00,0.0
2030-07-21 19:00:00,0.0
2030-07-21 19:15:00,0.0
2030-07-21 19:30:00,0.0
2030-07-21 19:45:00,0.0
2030-07-21 20:00:00,0.0
2030-07-21 20:15:00,0.0
2030-07-21 20:30:00,0.0
2030-07-21 20:45:00,0.0
2030-07-21 21:00:00,0.0
2030-07-21 21:15:00,0.0
2030-07-21 21:30:00,0.0
2030-07-21 21:45:00,0.0
2030-07-21 22:00:00,0.0
2030-07-21 22:15:00,0.0
2030-07-21 22:30:00,0.0
2030-07-21 22:45:00,0.0
2030-07-21 23:00:00,0.0
2030-07-21 23:15:00,0.0
2030-07-21 23:30:00,0.0
2030-07-21 23:45:00,0.0
2030-07-22 00:00:00,0.0
2030-07-22 00:15:00,0.0
2030-07-22 00:30:00,0.0
2030-07-22 00:45:00,0.0
2030-07-22 01:00:00,0.0
2030-07-22 01:15:00,0.0
2030-07-22 01:30:00,0.0
2030-07-22 01:45:00,0.0
2030-07-22 02:00:00,0.0
2030-07-22 02:15:00,0.0
2030-07-22 02:30:00,0.0
2030-07-22 02:45:00,0.0
2030-07-22 03:00:00,0.0
2030-07-22 03:15:00,0.0
2030-07-22 03:30:00,0.0
2030-07-22 03:45:00,0.0
2030-07-22 04:00:00,0.0
2030-07-22 04:15:00,0.0
2030-07-22 04:30:00,0.0
2030-07-22 04:45:00,0.0
2030-07-22 05:00:00,0.0
2030-07-22 05:15:00,0.0
2030-07-22 05:30:00,0.0
2030-07-22 05:45:00,0.0
2030-07-22 06:00:00,0.0
2030-07-22 06:15:00,0.0
2030-07-22 06:30:00,0.0
2030-07-22 06:45:00,0.0
2030-07-22 07:00:00,0.0
2030-07-22 07:15:00,0.0
2030-07-22 07:30:00,0.0
2030-07-22 07:45:00,0.0
2030-07-22 08:00:00,0.0
2030-07-22 08:15:00,0.0
2030-07-22 08:30:00,0.0
2030-07-22 08:45:00,0.0
2030-07-22 09:00:00,0.0
2030-07-22 09:15:00,0.0
2030-07-22 09:30:00,0.0
2030-07-22 09:45:00,0.0
2030-07-22 10:00:00,0.0
2030-07-22 10:15:00,0.0
2030-07-22 10:30:00,0.0
2030-07-22 10:45:00,0.0
2030-07-22 11:00:00,0.0
2030-07-22 11:15:00,0.0
2030-07-22 11:30:00,0.0
2030-07-22 11:45:00,0.0
2030-07-22 12:00:00,0.0
2030-07-22 12:15:00,0.0
2030-07-22 12:30:00,0.0
2030-07-22 12:45:00,0.0
2030-07-22 13:00:00,0.0
2030-07-22 13:15:00,0.0
2030-07-22 13:30:00,0.0
2030-07-22 13:45:00,0.0
2030-07-22 14:00:00,0.0
2030-07-22 14:15:00,0.0
2030-07-22 14:30:00,0.0
2030-07-22 14:45:00,0.0
2030-07-22 15:00:00,0.0
2030-07-22 15:15:00,0.0
2030-07-22 15:30:00,0.0
2030-07-22 15:45:00,0.0
2030-07-22 16:00:00,0.0
2030-07-22 16:15:00,0.0
2030-07-22 16:30:00,0.0
2030-07-22 16:45:00,0.0
2030-07-22 17:00:00,0.0
2030-07-22 17:15:00,0.0
2030-07-22 17:30:00,0.0
2030-07-22 17:45:00,0.0
2030-07-22 18:00:00,0.0
2030-07-22 18:15:00,0.0
2030-07-22 18:30:00,0.0
2030-07-22 18:45:00,0.0
2030-07-22 19:00:00,0.0
2030-07-22 19:15:00,0.0
2030-07-22 19:30:00,0.0
2030-07-22 19:45:00,0.0
2030-07-22 20:00:00,0.0
2030-07-22 20:15:00,0.0
2030-07-22 20:30:00,0.0
2030-07-22 20:45:00,0.0
2030-07-22 21:00:00,0.0
2030-07-22 21:15:00,0.0
2030-07-22 21:30:00,0.0
2030-07-22 21:45:00,0.0
2030-07-22 22:00:00,0.0
2030-07-22 22:15:00,0.0
2030-07-22 22:30:00,0.0
2030-07-22 22:45:00,0.0
2030-07-22 23:00:00,0.0
2030-07-22 23:15:00,0.0
2030-07-22 23:30:00,0.0
2030-07-22 23:45:00,0.0
2030-07-23 00:00:00,0.0
2030-07-23 00:15:00,0.0
2030-07-23 00:30:00,0.0
2030-07-23 00:45:00,0.0
2030-07-23 01:00:00,0.0
2030-07-23 01:15:00,0.0
2030-07-23 01:30:00,0.0
2030-07-23 01:45:00,0.0
2030-07-23 02:00:00,0.0
2030-07-23 02:15:00,0.0
2030-07-23 02:30:00,0.0
2030-07-23 02:45:00,0.0
2030-07-23 03:00:00,0.0
2030-07-23 03:15:00,0.0
2030-07-23 03:30:00,0.0
2030-07-23 03:45:00,0.0
2030-07-23 04:00:00,0.0
2030-07-23 04:15:00,0.0
2030-07-23 04:30:00,0.0
2030-07-23 04:45:00,0.0
2030-07-23 05:00:00,0.0
2030-07-23 05:15:00,0.0
2030-07-23 05:30:00,0.0
2030-07-23 05:45:00,0.0
2030-07-23 06:00:00,0.0
2030-07-23 06:15:00,0.0
2030-07-23 06:30:00,0.0
2030-07-23 06:45:00,0.0
2030-07-23 07:00:00,0.0
2030-07-23 07:15:00,0.0
2030-07-23 07:30:00,0.0
2030-07-23 07:45:00,0.0
2030-07-23 08:00:00,0.0
2030-07-23 08:15:00,0.0
2030-07-23 08:30:00,0.0
2030-07-23 08:45:00,0.0
2030-07-23 09:00:00,0.0
2030-07-23 09:15:00,0.0
2030-07-23 09:30:00,0.0
2030-07-23 09:45:00,0.0
2030-07-23 10:00:00,0.0
2030-07-23 10:15:00,0.0
2030-07-23 10:30:00,0.0
2030-07-23 10:45:00,0.0
2030-07-23 11:00:00,0.0
2030-07-23 11:15:00,0.0
2030-07-23 11:30:00,0.0
2030-07-23 11:45:00,0.0
2030-07-23 12:00:00,0.0
2030-07-23 12:15:00,0.0
2030-07-23 12:30:00,0.0
2030-07-23 12:45:00,0.0
2030-07-23 13:00:00,0.0
2030-07-23 13:15:00,0.0
2030-07-23 13:30:00,0.0
2030-07-23 13:45:00,0.0
2030-07-23 14:00:00,0.0
2030-07-23 14:15:00,0.0
2030-07-23 14:30:00,0.0
2030-07-23 14:45:00,0.0
2030-07-23 15:00:00,0.0
2030-07-23 15:15:00,0.0
2030-07-23 15:30:00,0.0
2030-07-23 15:45:00,0.0
2030-07-23 16:00:00,0.0
2030-07-23 16:15:00,0.0
2030-07-23 16:30:00,0.0
2030-07-23 16:45:00,0.0
2030-07-23 17:00:00,0.0
2030-07-23 17:15:00,0.0
2030-07-23 17:30:00,0.0
2030-07-23 17:45:00,0.0
2030-07-23 18:00:00,0.0
2030-07-23 18:15:00,0.0
2030-07-23 18:30:00,0.0
2030-07-23 18:45:00,0.0
2030-07-23 19:00:00,0.0
2030-07-23 19:15:00,0.0
2030-07-23 19:30:00,0.0
2030-07-23 19:45:00,0.0
2030-07-23 20:00:00,0.0
2030-07-23 20:15:00,0.0
2030-07-23 20:30:00,0.0
2030-07-23 20:45:00,0.0
2030-07-23 21:00:00,0.0
2030-07-23 21:15:00,0.0
2030-07-23 21:30:00,0.0
2030-07-23 21:45:00,0.0
2030-07-23 22:00:00,0.0
2030-07-23 22:15:00,0.0
2030-07-23 22:30:00,0.0
2030-07-23 22:45:00,0.0
2030-07-23 23:00:00,0.0
2030-07-23 23:15:00,0.0
2030-07-23 23:30:00,0.0
2030-07-23 23:45:00,0.0
2030-07-24 00:00:00,0.0
2030-07-24 00:15:00,0.0
2030-07-24 00:30:00,0.0
2030-07-24 00:45:00,0.0
2030-07-24 01:00:00,0.0
2030-07-24 01:15:00,0.0
2030-07-24 01:30:00,0.0
2030-07-24 01:45:00,0.0
2030-07-24 02:00:00,0.0
2030-07-24 02:15:00,0.0
2030-07-24 02:30:00,0.0
2030-07-24 02:45:00,0.0
2030-07-24 03:00:00,0.0
2030-07-24 03:15:00,0.0
2030-07-24 03:30:00,0.0
2030-07-24 03:45:00,0.0
2030-07-24 04:00:00,0.0
2030-07-24 04:15:00,0.0
2030-07-24 04:30:00,0.0
2030-07-24 04:45:00,0.0
2030-07-24 05:00:00,0.0
2030-07-24 05:15:00,0.0
2030-07-24 05:30:00,0.0
2030-07-24 05:45:00,0.0
2030-07-24 06:00:00,0.0
2030-07-24 06:15:00,0.0
2030-07-24 06:30:00,0.0
2030-07-24 06:45:00,0.0
2030-07-24 07:00:00,0.0
2030-07-24 07:15:00,0.0
2030-07-24 07:30:00,10.844622230728419
2030-07-24 07:45:00,293.4384402433152
2030-07-24 08:00:00,467.16354523892005
2030-07-24 08:15:00,751.8894570033463
2030-07-24 08:30:00,980.1612875644314
2030-07-24 08:45:00,1151.9056767497877
2030-07-24 09:00:00,1234.932675396598
2030-07-24 09:15:00,1368.4622042649225
2030-07-24 09:30:00,1532.6986217115045
2030-07-24 09:45:00,1645.7793392133644
2030-07-24 10:00:00,1741.370624419731
2030-07-24 10:15:00,1749.4541103988067
2030-07-24 10:30:00,1868.7720240279632
2030-07-24 10:45:00,1797.2494329596684
2030-07-24 11:00:00,1960.2141544469578
2030-07-24 11:15:00,2040.7486211514552
2030-07-24 11:30:00,2132.4041034799993
2030-07-24 11:45:00,2015.5419593724982
2030-07-24 12:00:00,1724.5189524233938
2030-07-24 12:15:00,1695.8787009409607
2030-07-24 12:30:00,1702.8386525631722
2030-07-24 12:45:00,1717.676466091796
2030-07-24 13:00:00,1578.964563711077
2030-07-24 13:15:00,1499.3959256089256
2030-07-24 13:30:00,1399.4963869306612
2030-07-24 13:45:00,1262.2360494101285
2030-07-24 14:00:00,1194.3561875224332
2030-07-24 14:15:00,1100.4237773398054
2030-07-24 14:30:00,956.2361275830099
2030-07-24 14:45:00,760.3728829639986
2030-07-24 15:00:00,540.2377844332132
2030-07-24 15:15:00,293.8028474154562
2030-07-24 15:30:00,0.0
2030-07-24 15:45:00,0.0
2030-07-24 16:00:00,7.85369399614865
2030-07-24 16:15:00,0.0
2030-07-24 16:30:00,0.0
2030-07-24 16:45:00,0.0
2030-07-24 17:00:00,0.0
2030-07-24 17:15:00,0.0
2030-07-24 17:30:00,0.0
2030-07-24 17:45:00,0.0
2030-07-24 18:00:00,0.0
2030-07-24 18:15:00,0.0
2030-07-24 18:30:00,0.0
2030-07-24 18:45:00,0.0
2030-07-24 19:00:00,0.0
2030-07-24 19:15:00,0.0
2030-07-24 19:30:00,0.0
2030-07-24 19:45:00,0.0
2030-07-24 20:00:00,0.0
2030-07-24 20:15:00,0.0
2030-07-24 20:30:00,0.0
2030-07-24 20:45:00,0.0
2030-07-24 21:00:00,0.0
2030-07-24 21:15:00,0.0
2030-07-24 21:30:00,0.0
2030-07-24 21:45:00,0.0
2030-07-24 22:00:00,0.0
2030-07-24 22:15:00,0.0
2030-07-24 22:30:00,0.0
2030-07-24 22:45:00,0.0
2030-07-24 23:00:00,0.0
2030-07-24 23:15:00,0.0
2030-07-24 23:30:00,0.0
2030-07-24 23:45:00,0.0
2030-07-25 00:00:00,0.0
2030-07-25 00:15:00,0.0
2030-07-25 00:30:00,0.0
2030-07-25 00:45:00,0.0
2030-07-25 01:00:00,0.0
2030-07-25 01:15:00,0.0
2030-07-25 01:30:00,0.0
2030-07-25 01:45:00,0.0
2030-07-25 02:00:00,0.0
2030-07-25 02:15:00,0.0
2030-07-25 02:30:00,0.0
2030-07-25 02:45:00,0.0
2030-07-25 03:00:00,0.0
2030-07-25 03:15:00,0.0
2030-07-25 03:30:00,0.0
2030-07-25 03:45:00,0.0
2030-07-25 04:00:00,0.0
2030-07-25 04:15:00,0.0
2030-07-25 04:30:00,0.0
2030-07-25 04:45:00,0.0
2030-07-25 05:00:00,0.0
2030-07-25 05:15:00,0.0
2030-07-25 05:30:00,0.0
2030-07-25 05:45:00,0.0
2030-07-25 06:00:00,0.0
2030-07-25 06:15:00,0.0
2030-07-25 06:30:00,0.0
2030-07-25 06:45:00,0.0
2030-07-25 07:00:00,0.0
2030-07-25 07:15:00,0.0
2030-07-25 07:30:00,0.0
2030-07-25 07:45:00,0.0
2030-07-25 08:00:00,0.0
2030-07-25 08:15:00,0.0
2030-07-25 08:30:00,0.0
2030-07-25 08:45:00,110.0232900706851
2030-07-25 09:00:00,59.587403832776545
2030-07-25 09:15:00,246.42040849545447
2030-07-25 09:30:00,458.35469260013997
2030-07-25 09:45:00,654.8496101200908
2030-07-25 10:00:00,750.0420507028975
2030-07-25 10:15:00,714.9039294610666
2030-07-25 10:30:00,726.0724965388181
2030-07-25 10:45:00,847.4712666682171
2030-07-25 11:00:00,915.5514026078836
2030-07-25 11:15:00,919.4920676138718
2030-07-25 11:30:00,760.8615382799762
2030-07-25 11:45:00,650.3697198664631
2030-07-25 12:00:00,453.4449963877014
2030-07-25 12:15:00,301.1430653905227
2030-07-25 12:30:00,209.06581217865823
2030-07-25 12:45:00,73.49687537093996
2030-07-25 13:00:00,0.0
2030-07-25 13:15:00,0.0
2030-07-25 13:30:00,0.0
2030-07-25 13:45:00,0.0
2030-07-25 14:00:00,0.0
2030-07-25 14:15:00,0.0
2030-07-25 14:30:00,0.0
2030-07-25 14:45:00,0.0
2030-07-25 15:00:00,0.0
2030-07-25 15:15:00,0.0
2030-07-25 15:30:00,0.0
2030-07-25 15:45:00,0.0
2030-07-25 16:00:00,0.0
2030-07-25 16:15:00,0.0
2030-07-25 16:30:00,0.0
2030-07-25 16:45:00,0.0
2030-07-25 17:00:00,0.0
2030-07-25 17:15:00,0.0
2030-07-25 17:30:00,0.0
2030-07-25 17:45:00,0.0
2030-07-25 18:00:00,0.0
2030-07-25 18:15:00,0.0
2030-07-25 18:30:00,0.0
2030-07-25 18:45:00,0.0
2030-07-25 19:00:00,0.0
2030-07-25 19:15:00,0.0
2030-07-25 19:30:00,0.0
2030-07-25 19:45:00,0.0
2030-07-25 20:00:00,0.0
2030-07-25 20:15:00,0.0
2030-07-25 20:30:00,0.0
2030-07-25 20:45:00,0.0
2030-07-25 21:00:00,0.0
2030-07-25 21:15:00,0.0
2030-07-25 21:30:00,0.0
2030-07-25 21:45:00,0.0
2030-07-25 22:00:00,0.0
2030-07-25 22:15:00,0.0
2030-07-25 22:30:00,0.0
2030-07-25 22:45:00,0.0
2030-07-25 23:00:00,0.0
2030-07-25 23:15:00,0.0
2030-07-25 23:30:00,0.0
2030-07-25 23:45:00,0.0
2030-07-26 00:00:00,0.0
2030-07-26 00:15:00,0.0
2030-07-26 00:30:00,0.0
2030-07-26 00:45:00,0.0
2030-07-26 01:00:00,0.0
2030-07-26 01:15:00,0.0
2030-07-26 01:30:00,0.0
2030-07-26 01:45:00,0.0
2030-07-26 02:00:00,0.0
2030-07-26 02:15:00,0.0
2030-07-26 02:30:00,0.0
2030-07-26 02:45:00,0.0
2030-07-26 03:00:00,0.0
2030-07-26 03:15:00,0.0
2030-07-26 03:30:00,0.0
2030-07-26 03:45:00,0.0
2030-07-26 04:00:00,0.0
2030-07-26 04:15:00,0.0
2030-07-26 04:30:00,0.0
2030-07-26 04:45:00,0.0
2030-07-26 05:00:00,0.0
2030-07-26 05:15:00,0.0
2030-07-26 05:30:00,0.0
2030-07-26 05:45:00,0.0
2030-07-26 06:00:00,0.0
2030-07-26 06:15:00,0.0
2030-07-26 06:30:00,0.0
2030-07-26 06:45:00,0.0
2030-07-26 07:00:00,0.0
2030-07-26 07:15:00,0.0
2030-07-26 07:30:00,0.0
2030-07-26 07:45:00,0.0
2030-07-26 08:00:00,0.0
2030-07-26 08:15:00,0.0
2030-07-26 08:30:00,0.0
2030-07-26 08:45:00,0.0
2030-07-26 09:00:00,0.0
2030-07-26 09:15:00,0.0
2030-07-26 09:30:00,0.0
2030-07-26 09:45:00,0.0
2030-07-26 10:00:00,0.0
2030-07-26 10:15:00,2.4894796715434495
2030-07-26 10:30:00,215.37691748858197
2030-07-26 10:45:00,279.99142561170083
2030-07-26 11:00:00,203.9344038617637
2030-07-26 11:15:00,187.80579420914364
2030-07-26 11:30:00,158.50472707637346
2030-07-26 11:45:00,201.97835262736407
2030-07-26 12:00:00,262.15363773256104
2030-07-26 12:15:00,200.00984732459256
2030-07-26 12:30:00,280.69304859535623
2030-07-26 12:45:00,381.30857102020127
2030-07-26 13:00:00,63.58978341583497
2030-07-26 13:15:00,0.0
2030-07-26 13:30:00,0.0
2030-07-26 13:45:00,0.0
2030-07-26 14:00:00,0.0
2030-07-26 14:15:00,0.0
2030-07-26 14:30:00,0.0
2030-07-26 14:45:00,0.0
2030-07-26 15:00:00,0.0
2030-07-26 15:15:00,0.0
2030-07-26 15:30:00,0.0
2030-07-26 15:45:00,0.0
2030-07-26 16:00:00,0.0
2030-07-26 16:15:00,0.0
2030-07-26 16:30:00,0.0
2030-07-26 16:45:00,0.0
2030-07-26 17:00:00,0.0
2030-07-26 17:15:00,0.0
2030-07-26 17:30:00,0.0
2030-07-26 17:45:00,0.0
2030-07-26 18:00:00,0.0
2030-07-26 18:15:00,0.0
2030-07-26 18:30:00,0.0
2030-07-26 18:45:00,0.0
2030-07-26 19:00:00,0.0
2030-07-26 19:15:00,0.0
2030-07-26 19:30:00,0.0
2030-07-26 19:45:00,0.0
2030-07-26 20:00:00,0.0
2030-07-26 20:15:00,0.0
2030-07-26 20:30:00,0.0
2030-07-26 20:45:00,0.0
2030-07-26 21:00:00,0.0
2030-07-26 21:15:00,0.0
2030-07-26 21:30:00,0.0
2030-07-26 21:45:00,0.0
2030-07-26 22:00:00,0.0
2030-07-26 22:15:00,0.0
2030-07-26 22:30:00,0.0
2030-07-26 22:45:00,0.0
2030-07-26 23:00:00,0.0
2030-07-26 23:15:00,0.0
2030-07-26 23:30:00,0.0
2030-07-26 23:45:00,0.0
2030-07-27 00:00:00,0.0
2030-07-27 00:15:00,0.0
2030-07-27 00:30:00,0.0
2030-07-27 00:45:00,0.0
2030-07-27 01:00:00,0.0
2030-07-27 01:15:00,0.0
2030-07-27 01:30:00,0.0
2030-07-27 01:45:00,0.0
2030-07-27 02:00:00,0.0
2030-07-27 02:15:00,0.0
2030-07-27 02:30:00,0.0
2030-07-27 02:45:00,0.0
2030-07-27 03:00:00,0.0
2030-07-27 03:15:00,0.0
2030-07-27 03:30:00,0.0
2030-07-27 03:45:00,0.0
2030-07-27 04:00:00,0.0
2030-07-27 04:15:00,0.0
2030-07-27 04:30:00,0.0
2030-07-27 04:45:00,0.0
2030-07-27 05:00:00,0.0
2030-07-27 05:15:00,0.0
2030-07-27 05:30:00,0.0
2030-07-27 05:45:00,0.0
2030-07-27 06:00:00,0.0
2030-07-27 06:15:00,0.0
2030-07-27 06:30:00,0.0
2030-07-27 06:45:00,0.0
2030-07-27 07:00:00,0.0
2030-07-27 07:15:00,0.0
2030-07-27 07:30:00,0.0
2030-07-27 07:45:00,0.0
2030-07-27 08:00:00,0.0
2030-07-27 08:15:00,0.0
2030-07-27 08:30:00,0.0
2030-07-27 08:45:00,0.0
2030-07-27 09:00:00,0.0
2030-07-27 09:15:00,0.0
2030-07-27 09:30:00,0.0
2030-07-27 09:45:00,0.0
2030-07-27 10:00:00,0.0
2030-07-27 10:15:00,0.0
2030-07-27 10:30:00,0.0
2030-07-27 10:45:00,0.0
2030-07-27 11:00:00,31.1872087498341
2030-07-27 11:15:00,110.6764800146575
2030-07-27 11:30:00,163.9022110530168
2030-07-27 11:45:00,201.37485099950754
2030-07-27 12:00:00,0.0
2030-07-27 12:15:00,0.0
2030-07-27 12:30:00,0.0
2030-07-27 12:45:00,0.0
2030-07-27 13:00:00,0.0
2030-07-27 13:15:00,0.0
2030-07-27 13:30:00,0.0
2030-07-27 13:45:00,0.0
2030-07-27 14:00:00,0.0
2030-07-27 14:15:00,0.0
2030-07-27 14:30:00,0.0
2030-07-27 14:45:00,0.0
2030-07-27 15:00:00,0.0
2030-07-27 15:15:00,0.0
2030-07-27 15:30:00,0.0
2030-07-27 15:45:00,0.0
2030-07-27 16:00:00,0.0
2030-07-27 16:15:00,0.0
2030-07-27 16:30:00,0.0
2030-07-27 16:45:00,0.0
2030-07-27 17:00:00,0.0
2030-07-27 17:15:00,0.0
2030-07-27 17:30:00,0.0
2030-07-27 17:45:00,0.0
2030-07-27 18:00:00,0.0
2030-07-27 18:15:00,0.0
2030-07-27 18:30:00,0.0
2030-07-27 18:45:00,0.0
2030-07-27 19:00:00,0.0
2030-07-27 19:15:00,0.0
2030-07-27 19:30:00,0.0
2030-07-27 19:45:00,0.0
2030-07-27 20:00:00,0.0
2030-07-27 20:15:00,0.0
2030-07-27 20:30:00,0.0
2030-07-27 20:45:00,0.0
2030-07-27 21:00:00,0.0
2030-07-27 21:15:00,0.0
2030-07-27 21:30:00,0.0
2030-07-27 21:45:00,0.0
2030-07-27 22:00:00,0.0
2030-07-27 22:15:00,0.0
2030-07-27 22:30:00,0.0
2030-07-27 22:45:00,0.0
2030-07-27 23:00:00,0.0
2030-07-27 23:15:00,0.0
2030-07-27 23:30:00,0.0
2030-07-27 23:45:00,0.0
2030-07-28 00:00:00,0.0
2030-07-28 00:15:00,0.0
2030-07-28 00:30:00,0.0
2030-07-28 00:45:00,0.0
2030-07-28 01:00:00,0.0
2030-07-28 01:15:00,0.0
2030-07-28 01:30:00,0.0
2030-07-28 01:45:00,0.0
2030-07-28 02:00:00,0.0
2030-07-28 02:15:00,0.0
2030-07-28 02:30:00,0.0
2030-07-28 02:45:00,0.0
2030-07-28 03:00:00,0.0
2030-07-28 03:15:00,0.0
2030-07-28 03:30:00,0.0
2030-07-28 03:45:00,0.0
2030-07-28 04:00:00,0.0
2030-07-28 04:15:00,0.0
2030-07-28 04:30:00,0.0
2030-07-28 04:45:00,0.0
2030-07-28 05:00:00,0.0
2030-07-28 05:15:00,0.0
2030-07-28 05:30:00,0.0
2030-07-28 05:45:00,0.0
2030-07-28 06:00:00,0.0
2030-07-28 06:15:00,0.0
2030-07-28 06:30:00,0.0
2030-07-28 06:45:00,0.0
2030-07-28 07:00:00,0.0
2030-07-28 07:15:00,0.0
2030-07-28 07:30:00,0.0
2030-07-28 07:45:00,0.0
2030-07-28 08:00:00,0.0
2030-07-28 08:15:00,0.0
2030-07-28 08:30:00,0.0
2030-07-28 08:45:00,0.0
2030-07-28 09:00:00,0.0
2030-07-28 09:15:00,0.0
2030-07-28 09:30:00,0.0
2030-07-28 09:45:00,0.0
2030-07-28 10:00:00,0.0
2030-07-28 10:15:00,0.0
2030-07-28 10:30:00,0.0
2030-07-28 10:45:00,0.0
2030-07-28 11:00:00,0.0
2030-07-28 11:15:00,0.0
2030-07-28 11:30:00,0.0
2030-07-28 11:45:00,0.0
2030-07-28 12:00:00,0.0
2030-07-28 12:15:00,0.0
2030-07-28 12:30:00,0.0
2030-07-28 12:45:00,0.0
2030-07-28 13:00:00,0.0
2030-07-28 13:15:00,0.0
2030-07-28 13:30:00,0.0
2030-07-28 13:45:00,0.0
2030-07-28 14:00:00,0.0
2030-07-28 14:15:00,0.0
2030-07-28 14:30:00,0.0
2030-07-28 14:45:00,0.0
2030-07-28 15:00:00,0.0
2030-07-28 15:15:00,0.0
2030-07-28 15:30:00,0.0
2030-07-28 15:45:00,0.0
2030-07-28 16:00:00,0.0
2030-07-28 16:15:00,0.0
2030-07-28 16:30:00,0.0
2030-07-28 16:45:00,0.0
2030-07-28 17:00:00,0.0
2030-07-28 17:15:00,0.0
2030-07-28 17:30:00,0.0
2030-07-28 17:45:00,0.0
2030-07-28 18:00:00,0.0
2030-07-28 18:15:00,0.0
2030-07-28 18:30:00,0.0
2030-07-28 18:45:00,0.0
2030-07-28 19:00:00,0.0
2030-07-28 19:15:00,0.0
2030-07-28 19:30:00,0.0
2030-07-28 19:45:00,0.0
2030-07-28 20:00:00,0.0
2030-07-28 20:15:00,0.0
2030-07-28 20:30:00,0.0
2030-07-28 20:45:00,0.0
2030-07-28 21:00:00,0.0
2030-07-28 21:15:00,0.0
2030-07-28 21:30:00,0.0
2030-07-28 21:45:00,0.0
2030-07-28 22:00:00,0.0
2030-07-28 22:15:00,0.0
2030-07-28 22:30:00,0.0
2030-07-28 22:45:00,0.0
2030-07-28 23:00:00,0.0
2030-07-28 23:15:00,0.0
2030-07-28 23:30:00,0.0
2030-07-28 23:45:00,0.0
2030-07-29 00:00:00,0.0
2030-07-29 00:15:00,0.0
2030-07-29 00:30:00,0.0
2030-07-29 00:45:00,0.0
2030-07-29 01:00:00,0.0
2030-07-29 01:15:00,0.0
2030-07-29 01:30:00,0.0
2030-07-29 01:45:00,0.0
2030-07-29 02:00:00,0.0
2030-07-29 02:15:00,0.0
2030-07-29 02:30:00,0.0
2030-07-29 02:45:00,0.0
2030-07-29 03:00:00,0.0
2030-07-29 03:15:00,0.0
2030-07-29 03:30:00,0.0
2030-07-29 03:45:00,0.0
2030-07-29 04:00:00,0.0
2030-07-29 04:15:00,0.0
2030-07-29 04:30:00,0.0
2030-07-29 04:45:00,0.0
2030-07-29 05:00:00,0.0
2030-07-29 05:15:00,0.0
2030-07-29 05:30:00,0.0
2030-07-29 05:45:00,0.0
2030-07-29 06:00:00,0.0
2030-07-29 06:15:00,0.0
2030-07-29 06:30:00,0.0
2030-07-29 06:45:00,0.0
2030-07-29 07:00:00,0.0
2030-07-29 07:15:00,0.0
2030-07-29 07:30:00,0.0
2030-07-29 07:45:00,0.0
2030-07-29 08:00:00,0.0
2030-07-29 08:15:00,0.0
2030-07-29 08:30:00,0.0
2030-07-29 08:45:00,0.0
2030-07-29 09:00:00,0.0
2030-07-29 09:15:00,0.0
2030-07-29 09:30:00,0.0
2030-07-29 09:45:00,0.0
2030-07-29 10:00:00,0.0
2030-07-29 10:15:00,0.0
2030-07-29 10:30:00,0.0
2030-07-29 10:45:00,0.0
2030-07-29 11:00:00,0.0
2030-07-29 11:15:00,0.0
2030-07-29 11:30:00,0.0
2030-07-29 11:45:00,0.0
2030-07-29 12:00:00,0.0
2030-07-29 12:15:00,0.0
2030-07-29 12:30:00,0.0
2030-07-29 12:45:00,0.0
2030-07-29 13:00:00,0.0
2030-07-29 13:15:00,0.0
2030-07-29 13:30:00,0.0
2030-07-29 13:45:00,0.0
2030-07-29 14:00:00,0.0
2030-07-29 14:15:00,0.0
2030-07-29 14:30:00,0.0
2030-07-29 14:45:00,0.0
2030-07-29 15:00:00,0.0
2030-07-29 15:15:00,0.0
2030-07-29 15:30:00,0.0
2030-07-29 15:45:00,0.0
2030-07-29 16:00:00,0.0
2030-07-29 16:15:00,0.0
2030-07-29 16:30:00,0.0
2030-07-29 16:45:00,0.0
2030-07-29 17:00:00,0.0
2030-07-29 17:15:00,0.0
2030-07-29 17:30:00,0.0
2030-07-29 17:45:00,0.0
2030-07-29 18:00:00,0.0
2030-07-29 18:15:00,0.0
2030-07-29 18:30:00,0.0
2030-07-29 18:45:00,0.0
2030-07-29 19:00:00,0.0
2030-07-29 19:15:00,0.0
2030-07-29 19:30:00,0.0
2030-07-29 19:45:00,0.0
2030-07-29 20:00:00,0.0
2030-07-29 20:15:00,0.0
2030-07-29 20:30:00,0.0
2030-07-29 20:45:00,0.0
2030-07-29 21:00:00,0.0
2030-07-29 21:15:00,0.0
2030-07-29 21:30:00,0.0
2030-07-29 21:45:00,0.0
2030-07-29 22:00:00,0.0
2030-07-29 22:15:00,0.0
2030-07-29 22:30:00,0.0
2030-07-29 22:45:00,0.0
2030-07-29 23:00:00,0.0
2030-07-29 23:15:00,0.0
2030-07-29 23:30:00,0.0
2030-07-29 23:45:00,0.0
2030-07-30 00:00:00,0.0
2030-07-30 00:15:00,0.0
2030-07-30 00:30:00,0.0
2030-07-30 00:45:00,0.0
2030-07-30 01:00:00,0.0
2030-07-30 01:15:00,0.0
2030-07-30 01:30:00,0.0
2030-07-30 01:45:00,0.0
2030-07-30 02:00:00,0.0
2030-07-30 02:15:00,0.0
2030-07-30 02:30:00,0.0
2030-07-30 02:45:00,0.0
2030-07-30 03:00:00,0.0
2030-07-30 03:15:00,0.0
2030-07-30 03:30:00,0.0
2030-07-30 03:45:00,0.0
2030-07-30 04:00:00,0.0
2030-07-30 04:15:00,0.0
2030-07-30 04:30:00,0.0
2030-07-30 04:45:00,0.0
2030-07-30 05:00:00,0.0
2030-07-30 05:15:00,0.0
2030-07-30 05:30:00,0.0
2030-07-30 05:45:00,0.0
2030-07-30 06:00:00,0.0
2030-07-30 06:15:00,0.0
2030-07-30 06:30:00,0.0
2030-07-30 06:45:00,0.0
2030-07-30 07:00:00,0.0
2030-07-30 07:15:00,0.0
2030-07-30 07:30:00,0.0
2030-07-30 07:45:00,0.0
2030-07-30 08:00:00,0.0
2030-07-30 08:15:00,0.0
2030-07-30 08:30:00,0.0
2030-07-30 08:45:00,0.0
2030-07-30 09:00:00,0.0
2030-07-30 09:15:00,0.0
2030-07-30 09:30:00,0.0
2030-07-30 09:45:00,0.0
2030-07-30 10:00:00,0.0
2030-07-30 10:15:00,0.0
2030-07-30 10:30:00,0.0
2030-07-30 10:45:00,0.0
2030-07-30 11:00:00,0.0
2030-07-30 11:15:00,0.0
2030-07-30 11:30:00,0.0
2030-07-30 11:45:00,0.0
2030-07-30 12:00:00,0.0
2030-07-30 12:15:00,0.0
2030-07-30 12:30:00,0.0
2030-07-30 12:45:00,0.0
2030-07-30 13:00:00,0.0
2030-07-30 13:15:00,0.0
2030-07-30 13:30:00,0.0
2030-07-30 13:45:00,0.0
2030-07-30 14:00:00,0.0
2030-07-30 14:15:00,0.0
2030-07-30 14:30:00,0.0
2030-07-30 14:45:00,0.0
2030-07-30 15:00:00,0.0
2030-07-30 15:15:00,0.0
2030-07-30 15:30:00,0.0
2030-07-30 15:45:00,0.0
2030-07-30 16:00:00,0.0
2030-07-30 16:15:00,0.0
2030-07-30 16:30:00,0.0
2030-07-30 16:45:00,0.0
2030-07-30 17:00:00,0.0
2030-07-30 17:15:00,0.0
2030-07-30 17:30:00,0.0
2030-07-30 17:45:00,0.0
2030-07-30 18:00:00,0.0
2030-07-30 18:15:00,0.0
2030-07-30 18:30:00,0.0
2030-07-30 18:45:00,0.0
2030-07-30 19:00:00,0.0
2030-07-30 19:15:00,0.0
2030-07-30 19:30:00,0.0
2030-07-30 19:45:00,0.0
2030-07-30 20:00:00,0.0
2030-07-30 20:15:00,0.0
2030-07-30 20:30:00,0.0
2030-07-30 20:45:00,0.0
2030-07-30 21:00:00,0.0
2030-07-30 21:15:00,0.0
2030-07-30 21:30:00,0.0
2030-07-30 21:45:00,0.0
2030-07-30 22:00:00,0.0
2030-07-30 22:15:00,0.0
2030-07-30 22:30:00,0.0
2030-07-30 22:45:00,0.0
2030-07-30 23:00:00,0.0
2030-07-30 23:15:00,0.0
2030-07-30 23:30:00,0.0
2030-07-30 23:45:00,0.0
2030-07-31 00:00:00,0.0
2030-07-31 00:15:00,0.0
2030-07-31 00:30:00,0.0
2030-07-31 00:45:00,0.0
2030-07-31 01:00:00,0.0
2030-07-31 01:15:00,0.0
2030-07-31 01:30:00,0.0
2030-07-31 01:45:00,0.0
2030-07-31 02:00:00,0.0
2030-07-31 02:15:00,0.0
2030-07-31 02:30:00,0.0
2030-07-31 02:45:00,0.0
2030-07-31 03:00:00,0.0
2030-07-31 03:15:00,0.0
2030-07-31 03:30:00,0.0
2030-07-31 03:45:00,0.0
2030-07-31 04:00:00,0.0
2030-07-31 04:15:00,0.0
2030-07-31 04:30:00,0.0
2030-07-31 04:45:00,0.0
2030-07-31 05:00:00,0.0
2030-07-31 05:15:00,0.0
2030-07-31 05:30:00,0.0
2030-07-31 05:45:00,0.0
2030-07-31 06:00:00,0.0
2030-07-31 06:15:00,0.0
2030-07-31 06:30:00,0.0
2030-07-31 06:45:00,0.0
2030-07-31 07:00:00,0.0
2030-07-31 07:15:00,0.0
2030-07-31 07:30:00,0.0
2030-07-31 07:45:00,0.0
2030-07-31 08:00:00,0.0
2030-07-31 08:15:00,0.0
2030-07-31 08:30:00,0.0
2030-07-31 08:45:00,0.0
2030-07-31 09:00:00,0.0
2030-07-31 09:15:00,0.0
2030-07-31 09:30:00,0.0
2030-07-31 09:45:00,0.0
2030-07-31 10:00:00,0.0
2030-07-31 10:15:00,0.0
2030-07-31 10:30:00,0.0
2030-07-31 10:45:00,0.0
2030-07-31 11:00:00,38.333595644091474
2030-07-31 11:15:00,65.70701703635132
2030-07-31 11:30:00,198.90068123169294
2030-07-31 11:45:00,261.9898549460049
2030-07-31 12:00:00,208.98766417177285
2030-07-31 12:15:00,181.6964949436442
2030-07-31 12:30:00,99.25905754856649
2030-07-31 12:45:00,116.7050047977391
2030-07-31 13:00:00,148.65566479679364
2030-07-31 13:15:00,98.63815815240378
2030-07-31 13:30:00,0.0
2030-07-31 13:45:00,0.0
2030-07-31 14:00:00,0.0
2030-07-31 14:15:00,0.0
2030-07-31 14:30:00,0.0
2030-07-31 14:45:00,0.0
2030-07-31 15:00:00,0.0
2030-07-31 15:15:00,0.0
2030-07-31 15:30:00,0.0
2030-07-31 15:45:00,0.0
2030-07-31 16:00:00,0.0
2030-07-31 16:15:00,0.0
2030-07-31 16:30:00,0.0
2030-07-31 16:45:00,0.0
2030-07-31 17:00:00,0.0
2030-07-31 17:15:00,0.0
2030-07-31 17:30:00,0.0
2030-07-31 17:45:00,0.0
2030-07-31 18:00:00,0.0
2030-07-31 18:15:00,0.0
2030-07-31 18:30:00,0.0
2030-07-31 18:45:00,0.0
2030-07-31 19:00:00,0.0
2030-07-31 19:15:00,0.0
2030-07-31 19:30:00,0.0
2030-07-31 19:45:00,0.0
2030-07-31 20:00:00,0.0
2030-07-31 20:15:00,0.0
2030-07-31 20:30:00,0.0
2030-07-31 20:45:00,0.0
2030-07-31 21:00:00,0.0
2030-07-31 21:15:00,0.0
2030-07-31 21:30:00,0.0
2030-07-31 21:45:00,0.0
2030-07-31 22:00:00,0.0
2030-07-31 22:15:00,0.0
2030-07-31 22:30:00,0.0
2030-07-31 22:45:00,0.0
2030-07-31 23:00:00,0.0
2030-07-31 23:15:00,0.0
2030-07-31 23:30:00,0.0
2030-07-31 23:45:00,0.0
2030-08-01 00:00:00,0.0
2030-08-01 00:15:00,0.0
2030-08-01 00:30:00,0.0
2030-08-01 00:45:00,0.0
2030-08-01 01:00:00,0.0
2030-08-01 01:15:00,0.0
2030-08-01 01:30:00,0.0
2030-08-01 01:45:00,0.0
2030-08-01 02:00:00,0.0
2030-08-01 02:15:00,0.0
2030-08-01 02:30:00,0.0
2030-08-01 02:45:00,0.0
2030-08-01 03:00:00,0.0
2030-08-01 03:15:00,0.0
2030-08-01 03:30:00,0.0
2030-08-01 03:45:00,0.0
2030-08-01 04:00:00,0.0
2030-08-01 04:15:00,0.0
2030-08-01 04:30:00,0.0
2030-08-01 04:45:00,0.0
2030-08-01 05:00:00,0.0
2030-08-01 05:15:00,0.0
2030-08-01 05:30:00,0.0
2030-08-01 05:45:00,0.0
2030-08-01 06:00:00,0.0
2030-08-01 06:15:00,0.0
2030-08-01 06:30:00,0.0
2030-08-01 06:45:00,0.0
2030-08-01 07:00:00,0.0
2030-08-01 07:15:00,0.0
2030-08-01 07:30:00,0.0
2030-08-01 07:45:00,0.0
2030-08-01 08:00:00,0.0
2030-08-01 08:15:00,0.0
2030-08-01 08:30:00,0.0
2030-08-01 08:45:00,0.0
2030-08-01 09:00:00,0.0
2030-08-01 09:15:00,0.0
2030-08-01 09:30:00,0.0
2030-08-01 09:45:00,0.0
2030-08-01 10:00:00,0.0
2030-08-01 10:15:00,0.0
2030-08-01 10:30:00,0.0
2030-08-01 10:45:00,0.0
2030-08-01 11:00:00,0.0
2030-08-01 11:15:00,0.0
2030-08-01 11:30:00,0.0
2030-08-01 11:45:00,0.0
2030-08-01 12:00:00,0.0
2030-08-01 12:15:00,0.0
2030-08-01 12:30:00,0.0
2030-08-01 12:45:00,0.0
2030-08-01 13:00:00,0.0
2030-08-01 13:15:00,0.0
2030-08-01 13:30:00,0.0
2030-08-01 13:45:00,0.0
2030-08-01 14:00:00,0.0
2030-08-01 14:15:00,0.0
2030-08-01 14:30:00,0.0
2030-08-01 14:45:00,0.0
2030-08-01 15:00:00,0.0
2030-08-01 15:15:00,0.0
2030-08-01 15:30:00,0.0
2030-08-01 15:45:00,0.0
2030-08-01 16:00:00,0.0
2030-08-01 16:15:00,0.0
2030-08-01 16:30:00,0.0
2030-08-01 16:45:00,0.0
2030-08-01 17:00:00,0.0
2030-08-01 17:15:00,0.0
2030-08-01 17:30:00,0.0
2030-08-01 17:45:00,0.0
2030-08-01 18:00:00,0.0
2030-08-01 18:15:00,0.0
2030-08-01 18:30:00,0.0
2030-08-01 18:45:00,0.0
2030-08-01 19:00:00,0.0
2030-08-01 19:15:00,0.0
2030-08-01 19:30:00,0.0
2030-08-01 19:45:00,0.0
2030-08-01 20:00:00,0.0
2030-08-01 20:15:00,0.0
2030-08-01 20:30:00,0.0
2030-08-01 20:45:00,0.0
2030-08-01 21:00:00,0.0
2030-08-01 21:15:00,0.0
2030-08-01 21:30:00,0.0
2030-08-01 21:45:00,0.0
2030-08-01 22:00:00,0.0
2030-08-01 22:15:00,0.0
2030-08-01 22:30:00,0.0
2030-08-01 22:45:00,0.0
2030-08-01 23:00:00,0.0
2030-08-01 23:15:00,0.0
2030-08-01 23:30:00,0.0
2030-08-01 23:45:00,0.0
2030-08-02 00:00:00,0.0
2030-08-02 00:15:00,0.0
2030-08-02 00:30:00,0.0
2030-08-02 00:45:00,0.0
2030-08-02 01:00:00,0.0
2030-08-02 01:15:00,0.0
2030-08-02 01:30:00,0.0
2030-08-02 01:45:00,0.0
2030-08-02 02:00:00,0.0
2030-08-02 02:15:00,0.0
2030-08-02 02:30:00,0.0
2030-08-02 02:45:00,0.0
2030-08-02 03:00:00,0.0
2030-08-02 03:15:00,0.0
2030-08-02 03:30:00,0.0
2030-08-02 03:45:00,0.0
2030-08-02 04:00:00,0.0
2030-08-02 04:15:00,0.0
2030-08-02 04:30:00,0.0
2030-08-02 04:45:00,0.0
2030-08-02 05:00:00,0.0
2030-08-02 05:15:00,0.0
2030-08-02 05:30:00,0.0
2030-08-02 05:45:00,0.0
2030-08-02 06:00:00,0.0
2030-08-02 06:15:00,0.0
2030-08-02 06:30:00,0.0
2030-08-02 06:45:00,0.0
2030-08-02 07:00:00,0.0
2030-08-02 07:15:00,0.0
2030-08-02 07:30:00,0.0
2030-08-02 07:45:00,0.0
2030-08-02 08:00:00,0.0
2030-08-02 08:15:00,0.0
2030-08-02 08:30:00,0.0
2030-08-02 08:45:00,0.0
2030-08-02 09:00:00,0.0
2030-08-02 09:15:00,0.0
2030-08-02 09:30:00,10.579357743745277
2030-08-02 09:45:00,94.9833183557912
2030-08-02 10:00:00,106.70858559647058
2030-08-02 10:15:00,116.74117631830086
2030-08-02 10:30:00,204.03280288478345
2030-08-02 10:45:00,270.0364356934515
2030-08-02 11:00:00,344.0136284686305
2030-08-02 11:15:00,405.2503809796508
2030-08-02 11:30:00,421.25424011075665
2030-08-02 11:45:00,521.0255775143305
2030-08-02 12:00:00,213.3972113796808
2030-08-02 12:15:00,160.43003170993325
2030-08-02 12:30:00,166.37408582741045
2030-08-02 12:45:00,189.66043315365096
2030-08-02 13:00:00,155.7093235452703
2030-08-02 13:15:00,107.2926212149141
2030-08-02 13:30:00,0.0
2030-08-02 13:45:00,0.0
2030-08-02 14:00:00,0.0
2030-08-02 14:15:00,0.0
2030-08-02 14:30:00,0.0
2030-08-02 14:45:00,0.0
2030-08-02 15:00:00,0.0
2030-08-02 15:15:00,0.0
2030-08-02 15:30:00,0.0
2030-08-02 15:45:00,0.0
2030-08-02 16:00:00,0.0
2030-08-02 16:15:00,0.0
2030-08-02 16:30:00,0.0
2030-08-02 16:45:00,0.0
2030-08-02 17:00:00,0.0
2030-08-02 17:15:00,0.0
2030-08-02 17:30:00,0.0
2030-08-02 17:45:00,0.0
2030-08-02 18:00:00,0.0
2030-08-02 18:15:00,0.0
2030-08-02 18:30:00,0.0
2030-08-02 18:45:00,0.0
2030-08-02 19:00:00,0.0
2030-08-02 19:15:00,0.0
2030-08-02 19:30:00,0.0
2030-08-02 19:45:00,0.0
2030-08-02 20:00:00,0.0
2030-08-02 20:15:00,0.0
2030-08-02 20:30:00,0.0
2030-08-02 20:45:00,0.0
2030-08-02 21:00:00,0.0
2030-08-02 21:15:00,0.0
2030-08-02 21:30:00,0.0
2030-08-02 21:45:00,0.0
2030-08-02 22:00:00,0.0
2030-08-02 22:15:00,0.0
2030-08-02 22:30:00,0.0
2030-08-02 22:45:00,0.0
2030-08-02 23:00:00,0.0
2030-08-02 23:15:00,0.0
2030-08-02 23:30:00,0.0
2030-08-02 23:45:00,0.0
2030-08-03 00:00:00,0.0
2030-08-03 00:15:00,0.0
2030-08-03 00:30:00,0.0
2030-08-03 00:45:00,0.0
2030-08-03 01:00:00,0.0
2030-08-03 01:15:00,0.0
2030-08-03 01:30:00,0.0
2030-08-03 01:45:00,0.0
2030-08-03 02:00:00,0.0
2030-08-03 02:15:00,0.0
2030-08-03 02:30:00,0.0
2030-08-03 02:45:00,0.0
2030-08-03 03:00:00,0.0
2030-08-03 03:15:00,0.0
2030-08-03 03:30:00,0.0
2030-08-03 03:45:00,0.0
2030-08-03 04:00:00,0.0
2030-08-03 04:15:00,0.0
2030-08-03 04:30:00,0.0
2030-08-03 04:45:00,0.0
2030-08-03 05:00:00,0.0
2030-08-03 05:15:00,0.0
2030-08-03 05:30:00,0.0
2030-08-03 05:45:00,0.0
2030-08-03 06:00:00,0.0
2030-08-03 06:15:00,0.0
2030-08-03 06:30:00,0.0
2030-08-03 06:45:00,0.0
2030-08-03 07:00:00,0.0
2030-08-03 07:15:00,0.0
2030-08-03 07:30:00,0.0
2030-08-03 07:45:00,0.0
2030-08-03 08:00:00,0.0
2030-08-03 08:15:00,0.0
2030-08-03 08:30:00,0.0
2030-08-03 08:45:00,0.0
2030-08-03 09:00:00,0.0
2030-08-03 09:15:00,0.0
2030-08-03 09:30:00,0.0
2030-08-03 09:45:00,0.0
2030-08-03 10:00:00,0.0
2030-08-03 10:15:00,0.0
2030-08-03 10:30:00,0.0
2030-08-03 10:45:00,0.0
2030-08-03 11:00:00,0.0
2030-08-03 11:15:00,0.0
2030-08-03 11:30:00,0.0
2030-08-03 11:45:00,0.0
2030-08-03 12:00:00,0.0
2030-08-03 12:15:00,0.0
2030-08-03 12:30:00,0.0
2030-08-03 12:45:00,0.0
2030-08-03 13:00:00,0.0
2030-08-03 13:15:00,0.0
2030-08-03 13:30:00,0.0
2030-08-03 13:45:00,0.0
2030-08-03 14:00:00,0.0
2030-08-03 14:15:00,0.0
2030-08-03 14:30:00,0.0
2030-08-03 14:45:00,0.0
2030-08-03 15:00:00,0.0
2030-08-03 15:15:00,0.0
2030-08-03 15:30:00,0.0
2030-08-03 15:45:00,0.0
2030-08-03 16:00:00,0.0
2030-08-03 16:15:00,0.0
2030-08-03 16:30:00,0.0
2030-08-03 16:45:00,0.0
2030-08-03 17:00:00,0.0
2030-08-03 17:15:00,0.0
2030-08-03 17:30:00,0.0
2030-08-03 17:45:00,0.0
2030-08-03 18:00:00,0.0
2030-08-03 18:15:00,0.0
2030-08-03 18:30:00,0.0
2030-08-03 18:45:00,0.0
2030-08-03 19:00:00,0.0
2030-08-03 19:15:00,0.0
2030-08-03 19:30:00,0.0
2030-08-03 19:45:00,0.0
2030-08-03 20:00:00,0.0
2030-08-03 20:15:00,0.0
2030-08-03 20:30:00,0.0
2030-08-03 20:45:00,0.0
2030-08-03 21:00:00,0.0
2030-08-03 21:15:00,0.0
2030-08-03 21:30:00,0.0
2030-08-03 21:45:00,0.0
2030-08-03 22:00:00,0.0
2030-08-03 22:15:00,0.0
2030-08-03 22:30:00,0.0
2030-08-03 22:45:00,0.0
2030-08-03 23:00:00,0.0
2030-08-03 23:15:00,0.0
2030-08-03 23:30:00,0.0
2030-08-03 23:45:00,0.0
2030-08-04 00:00:00,0.0
2030-08-04 00:15:00,0.0
2030-08-04 00:30:00,0.0
2030-08-04 00:45:00,0.0
2030-08-04 01:00:00,0.0
2030-08-04 01:15:00,0.0
2030-08-04 01:30:00,0.0
2030-08-04 01:45:00,0.0
2030-08-04 02:00:00,0.0
2030-08-04 02:15:00,0.0
2030-08-04 02:30:00,0.0
2030-08-04 02:45:00,0.0
2030-08-04 03:00:00,0.0
2030-08-04 03:15:00,0.0
2030-08-04 03:30:00,0.0
2030-08-04 03:45:00,0.0
2030-08-04 04:00:00,0.0
2030-08-04 04:15:00,0.0
2030-08-04 04:30:00,0.0
2030-08-04 04:45:00,0.0
2030-08-04 05:00:00,0.0
2030-08-04 05:15:00,0.0
2030-08-04 05:30:00,0.0
2030-08-04 05:45:00,0.0
2030-08-04 06:00:00,0.0
2030-08-04 06:15:00,0.0
2030-08-04 06:30:00,0.0
2030-08-04 06:45:00,0.0
2030-08-04 07:00:00,0.0
2030-08-04 07:15:00,0.0
2030-08-04 07:30:00,0.0
2030-08-04 07:45:00,0.0
2030-08-04 08:00:00,0.0
2030-08-04 08:15:00,0.0
2030-08-04 08:30:00,0.0
2030-08-04 08:45:00,0.0
2030-08-04 09:00:00,0.0
2030-08-04 09:15:00,0.0
2030-08-04 09:30:00,0.0
2030-08-04 09:45:00,0.0
2030-08-04 10:00:00,0.0
2030-08-04 10:15:00,0.0
2030-08-04 10:30:00,0.0
2030-08-04 10:45:00,0.0
2030-08-04 11:00:00,0.0
2030-08-04 11:15:00,0.0
2030-08-04 11:30:00,0.0
2030-08-04 11:45:00,0.0
2030-08-04 12:00:00,0.0
2030-08-04 12:15:00,0.0
2030-08-04 12:30:00,0.0
2030-08-04 12:45:00,0.0
2030-08-04 13:00:00,0.0
2030-08-04 13:15:00,0.0
2030-08-04 13:30:00,0.0
2030-08-04 13:45:00,0.0
2030-08-04 14:00:00,0.0
2030-08-04 14:15:00,0.0
2030-08-04 14:30:00,0.0
2030-08-04 14:45:00,0.0
2030-08-04 15:00:00,0.0
2030-08-04 15:15:00,0.0
2030-08-04 15:30:00,0.0
2030-08-04 15:45:00,0.0
2030-08-04 16:00:00,0.0
2030-08-04 16:15:00,0.0
2030-08-04 16:30:00,0.0
2030-08-04 16:45:00,0.0
2030-08-04 17:00:00,0.0
2030-08-04 17:15:00,0.0
2030-08-04 17:30:00,0.0
2030-08-04 17:45:00,0.0
2030-08-04 18:00:00,0.0
2030-08-04 18:15:00,0.0
2030-08-04 18:30:00,0.0
2030-08-04 18:45:00,0.0
2030-08-04 19:00:00,0.0
2030-08-04 19:15:00,0.0
2030-08-04 19:30:00,0.0
2030-08-04 19:45:00,0.0
2030-08-04 20:00:00,0.0
2030-08-04 20:15:00,0.0
2030-08-04 20:30:00,0.0
2030-08-04 20:45:00,0.0
2030-08-04 21:00:00,0.0
2030-08-04 21:15:00,0.0
2030-08-04 21:30:00,0.0
2030-08-04 21:45:00,0.0
2030-08-04 22:00:00,0.0
2030-08-04 22:15:00,0.0
2030-08-04 22:30:00,0.0
2030-08-04 22:45:00,0.0
2030-08-04 23:00:00,0.0
2030-08-04 23:15:00,0.0
2030-08-04 23:30:00,0.0
2030-08-04 23:45:00,0.0
2030-08-05 00:00:00,0.0
2030-08-05 00:15:00,0.0
2030-08-05 00:30:00,0.0
2030-08-05 00:45:00,0.0
2030-08-05 01:00:00,0.0
2030-08-05 01:15:00,0.0
2030-08-05 01:30:00,0.0
2030-08-05 01:45:00,0.0
2030-08-05 02:00:00,0.0
2030-08-05 02:15:00,0.0
2030-08-05 02:30:00,0.0
2030-08-05 02:45:00,0.0
2030-08-05 03:00:00,0.0
2030-08-05 03:15:00,0.0
2030-08-05 03:30:00,0.0
2030-08-05 03:45:00,0.0
2030-08-05 04:00:00,0.0
2030-08-05 04:15:00,0.0
2030-08-05 04:30:00,0.0
2030-08-05 04:45:00,0.0
2030-08-05 05:00:00,0.0
2030-08-05 05:15:00,0.0
2030-08-05 05:30:00,0.0
2030-08-05 05:45:00,0.0
2030-08-05 06:00:00,0.0
2030-08-05 06:15:00,0.0
2030-08-05 06:30:00,0.0
2030-08-05 06:45:00,0.0
2030-08-05 07:00:00,0.0
2030-08-05 07:15:00,0.0
2030-08-05 07:30:00,0.0
2030-08-05 07:45:00,0.0
2030-08-05 08:00:00,0.0
2030-08-05 08:15:00,0.0
2030-08-05 08:30:00,0.0
2030-08-05 08:45:00,0.0
2030-08-05 09:00:00,0.0
2030-08-05 09:15:00,0.0
2030-08-05 09:30:00,0.0
2030-08-05 09:45:00,0.0
2030-08-05 10:00:00,0.0
2030-08-05 10:15:00,0.0
2030-08-05 10:30:00,0.0
2030-08-05 10:45:00,0.0
2030-08-05 11:00:00,0.0
2030-08-05 11:15:00,0.0
2030-08-05 11:30:00,0.0
2030-08-05 11:45:00,0.0
2030-08-05 12:00:00,0.0
2030-08-05 12:15:00,0.0
2030-08-05 12:30:00,0.0
2030-08-05 12:45:00,0.0
2030-08-05 13:00:00,0.0
2030-08-05 13:15:00,0.0
2030-08-05 13:30:00,0.0
2030-08-05 13:45:00,0.0
2030-08-05 14:00:00,0.0
2030-08-05 14:15:00,0.0
2030-08-05 14:30:00,0.0
2030-08-05 14:45:00,0.0
2030-08-05 15:00:00,0.0
2030-08-05 15:15:00,0.0
2030-08-05 15:30:00,0.0
2030-08-05 15:45:00,0.0
2030-08-05 16:00:00,0.0
2030-08-05 16:15:00,0.0
2030-08-05 16:30:00,0.0
2030-08-05 16:45:00,0.0
2030-08-05 17:00:00,0.0
2030-08-05 17:15:00,0.0
2030-08-05 17:30:00,0.0
2030-08-05 17:45:00,0.0
2030-08-05 18:00:00,0.0
2030-08-05 18:15:00,0.0
2030-08-05 18:30:00,0.0
2030-08-05 18:45:00,0.0
2030-08-05 19:00:00,0.0
2030-08-05 19:15:00,0.0
2030-08-05 19:30:00,0.0
2030-08-05 19:45:00,0.0
2030-08-05 20:00:00,0.0
2030-08-05 20:15:00,0.0
2030-08-05 20:30:00,0.0
2030-08-05 20:45:00,0.0
2030-08-05 21:00:00,0.0
2030-08-05 21:15:00,0.0
2030-08-05 21:30:00,0.0
2030-08-05 21:45:00,0.0
2030-08-05 22:00:00,0.0
2030-08-05 22:15:00,0.0
2030-08-05 22:30:00,0.0
2030-08-05 22:45:00,0.0
2030-08-05 23:00:00,0.0
2030-08-05 23:15:00,0.0
2030-08-05 23:30:00,0.0
2030-08-05 23:45:00,0.0
2030-08-06 00:00:00,0.0
2030-08-06 00:15:00,0.0
2030-08-06 00:30:00,0.0
2030-08-06 00:45:00,0.0
2030-08-06 01:00:00,0.0
2030-08-06 01:15:00,0.0
2030-08-06 01:30:00,0.0
2030-08-06 01:45:00,0.0
2030-08-06 02:00:00,0.0
2030-08-06 02:15:00,0.0
2030-08-06 02:30:00,0.0
2030-08-06 02:45:00,0.0
2030-08-06 03:00:00,0.0
2030-08-06 03:15:00,0.0
2030-08-06 03:30:00,0.0
2030-08-06 03:45:00,0.0
2030-08-06 04:00:00,0.0
2030-08-06 04:15:00,0.0
2030-08-06 04:30:00,0.0
2030-08-06 04:45:00,0.0
2030-08-06 05:00:00,0.0
2030-08-06 05:15:00,0.0
2030-08-06 05:30:00,0.0
2030-08-06 05:45:00,0.0
2030-08-06 06:00:00,0.0
2030-08-06 06:15:00,0.0
2030-08-06 06:30:00,0.0
2030-08-06 06:45:00,0.0
2030-08-06 07:00:00,0.0
2030-08-06 07:15:00,0.0
2030-08-06 07:30:00,0.0
2030-08-06 07:45:00,0.0
2030-08-06 08:00:00,0.0
2030-08-06 08:15:00,0.0
2030-08-06 08:30:00,0.0
2030-08-06 08:45:00,0.0
2030-08-06 09:00:00,0.0
2030-08-06 09:15:00,0.0
2030-08-06 09:30:00,0.0
2030-08-06 09:45:00,0.0
2030-08-06 10:00:00,0.0
2030-08-06 10:15:00,0.0
2030-08-06 10:30:00,0.0
2030-08-06 10:45:00,0.0
2030-08-06 11:00:00,0.0
2030-08-06 11:15:00,0.0
2030-08-06 11:30:00,0.0
2030-08-06 11:45:00,0.0
2030-08-06 12:00:00,0.0
2030-08-06 12:15:00,0.0
2030-08-06 12:30:00,0.0
2030-08-06 12:45:00,0.0
2030-08-06 13:00:00,0.0
2030-08-06 13:15:00,0.0
2030-08-06 13:30:00,0.0
2030-08-06 13:45:00,0.0
2030-08-06 14:00:00,0.0
2030-08-06 14:15:00,0.0
2030-08-06 14:30:00,0.0
2030-08-06 14:45:00,0.0
2030-08-06 15:00:00,0.0
2030-08-06 15:15:00,0.0
2030-08-06 15:30:00,0.0
2030-08-06 15:45:00,0.0
2030-08-06 16:00:00,0.0
2030-08-06 16:15:00,0.0
2030-08-06 16:30:00,0.0
2030-08-06 16:45:00,0.0
2030-08-06 17:00:00,0.0
2030-08-06 17:15:00,0.0
2030-08-06 17:30:00,0.0
2030-08-06 17:45:00,0.0
2030-08-06 18:00:00,0.0
2030-08-06 18:15:00,0.0
2030-08-06 18:30:00,0.0
2030-08-06 18:45:00,0.0
2030-08-06 19:00:00,0.0
2030-08-06 19:15:00,0.0
2030-08-06 19:30:00,0.0
2030-08-06 19:45:00,0.0
2030-08-06 20:00:00,0.0
2030-08-06 20:15:00,0.0
2030-08-06 20:30:00,0.0
2030-08-06 20:45:00,0.0
2030-08-06 21:00:00,0.0
2030-08-06 21:15:00,0.0
2030-08-06 21:30:00,0.0
2030-08-06 21:45:00,0.0
2030-08-06 22:00:00,0.0
2030-08-06 22:15:00,0.0
2030-08-06 22:30:00,0.0
2030-08-06 22:45:00,0.0
2030-08-06 23:00:00,0.0
2030-08-06 23:15:00,0.0
2030-08-06 23:30:00,0.0
2030-08-06 23:45:00,0.0
2030-08-07 00:00:00,0.0
2030-08-07 00:15:00,0.0
2030-08-07 00:30:00,0.0
2030-08-07 00:45:00,0.0
2030-08-07 01:00:00,0.0
2030-08-07 01:15:00,0.0
2030-08-07 01:30:00,0.0
2030-08-07 01:45:00,0.0
2030-08-07 02:00:00,0.0
2030-08-07 02:15:00,0.0
2030-08-07 02:30:00,0.0
2030-08-07 02:45:00,0.0
2030-08-07 03:00:00,0.0
2030-08-07 03:15:00,0.0
2030-08-07 03:30:00,0.0
2030-08-07 03:45:00,0.0
2030-08-07 04:00:00,0.0
2030-08-07 04:15:00,0.0
2030-08-07 04:30:00,0.0
2030-08-07 04:45:00,0.0
2030-08-07 05:00:00,0.0
2030-08-07 05:15:00,0.0
2030-08-07 05:30:00,0.0
2030-08-07 05:45:00,0.0
2030-08-07 06:00:00,0.0
2030-08-07 06:15:00,0.0
2030-08-07 06:30:00,0.0
2030-08-07 06:45:00,0.0
2030-08-07 07:00:00,0.0
2030-08-07 07:15:00,0.0
2030-08-07 07:30:00,0.0
2030-08-07 07:45:00,0.0
2030-08-07 08:00:00,0.0
2030-08-07 08:15:00,0.0
2030-08-07 08:30:00,0.0
2030-08-07 08:45:00,0.0
2030-08-07 09:00:00,0.0
2030-08-07 09:15:00,0.0
2030-08-07 09:30:00,0.0
2030-08-07 09:45:00,0.0
2030-08-07 10:00:00,0.0
2030-08-07 10:15:00,0.0
2030-08-07 10:30:00,0.0
2030-08-07 10:45:00,0.0
2030-08-07 11:00:00,0.0
2030-08-07 11:15:00,0.0
2030-08-07 11:30:00,0.0
2030-08-07 11:45:00,0.0
2030-08-07 12:00:00,0.0
2030-08-07 12:15:00,0.0
2030-08-07 12:30:00,0.0
2030-08-07 12:45:00,0.0
2030-08-07 13:00:00,0.0
2030-08-07 13:15:00,0.0
2030-08-07 13:30:00,0.0
2030-08-07 13:45:00,0.0
2030-08-07 14:00:00,0.0
2030-08-07 14:15:00,0.0
2030-08-07 14:30:00,0.0
2030-08-07 14:45:00,0.0
2030-08-07 15:00:00,0.0
2030-08-07 15:15:00,0.0
2030-08-07 15:30:00,0.0
2030-08-07 15:45:00,0.0
2030-08-07 16:00:00,0.0
2030-08-07 16:15:00,0.0
2030-08-07 16:30:00,0.0
2030-08-07 16:45:00,0.0
2030-08-07 17:00:00,0.0
2030-08-07 17:15:00,0.0
2030-08-07 17:30:00,0.0
2030-08-07 17:45:00,0.0
2030-08-07 18:00:00,0.0
2030-08-07 18:15:00,0.0
2030-08-07 18:30:00,0.0
2030-08-07 18:45:00,0.0
2030-08-07 19:00:00,0.0
2030-08-07 19:15:00,0.0
2030-08-07 19:30:00,0.0
2030-08-07 19:45:00,0.0
2030-08-07 20:00:00,0.0
2030-08-07 20:15:00,0.0
2030-08-07 20:30:00,0.0
2030-08-07 20:45:00,0.0
2030-08-07 21:00:00,0.0
2030-08-07 21:15:00,0.0
2030-08-07 21:30:00,0.0
2030-08-07 21:45:00,0.0
2030-08-07 22:00:00,0.0
2030-08-07 22:15:00,0.0
2030-08-07 22:30:00,0.0
2030-08-07 22:45:00,0.0
2030-08-07 23:00:00,0.0
2030-08-07 23:15:00,0.0
2030-08-07 23:30:00,0.0
2030-08-07 23:45:00,0.0
2030-08-08 00:00:00,0.0
2030-08-08 00:15:00,0.0
2030-08-08 00:30:00,0.0
2030-08-08 00:45:00,0.0
2030-08-08 01:00:00,0.0
2030-08-08 01:15:00,0.0
2030-08-08 01:30:00,0.0
2030-08-08 01:45:00,0.0
2030-08-08 02:00:00,0.0
2030-08-08 02:15:00,0.0
2030-08-08 02:30:00,0.0
2030-08-08 02:45:00,0.0
2030-08-08 03:00:00,0.0
2030-08-08 03:15:00,0.0
2030-08-08 03:30:00,0.0
2030-08-08 03:45:00,0.0
2030-08-08 04:00:00,0.0
2030-08-08 04:15:00,0.0
2030-08-08 04:30:00,0.0
2030-08-08 04:45:00,0.0
2030-08-08 05:00:00,0.0
2030-08-08 05:15:00,0.0
2030-08-08 05:30:00,0.0
2030-08-08 05:45:00,0.0
2030-08-08 06:00:00,0.0
2030-08-08 06:15:00,0.0
2030-08-08 06:30:00,0.0
2030-08-08 06:45:00,0.0
2030-08-08 07:00:00,0.0
2030-08-08 07:15:00,0.0
2030-08-08 07:30:00,0.0
2030-08-08 07:45:00,0.0
2030-08-08 08:00:00,0.0
2030-08-08 08:15:00,0.0
2030-08-08 08:30:00,0.0
2030-08-08 08:45:00,0.0
2030-08-08 09:00:00,0.0
2030-08-08 09:15:00,0.0
2030-08-08 09:30:00,0.0
2030-08-08 09:45:00,0.0
2030-08-08 10:00:00,0.0
2030-08-08 10:15:00,0.0
2030-08-08 10:30:00,0.0
2030-08-08 10:45:00,0.0
2030-08-08 11:00:00,0.0
2030-08-08 11:15:00,0.0
2030-08-08 11:30:00,0.0
2030-08-08 11:45:00,0.0
2030-08-08 12:00:00,0.0
2030-08-08 12:15:00,0.0
2030-08-08 12:30:00,0.0
2030-08-08 12:45:00,0.0
2030-08-08 13:00:00,0.0
2030-08-08 13:15:00,0.0
2030-08-08 13:30:00,0.0
2030-08-08 13:45:00,0.0
2030-08-08 14:00:00,0.0
2030-08-08 14:15:00,0.0
2030-08-08 14:30:00,0.0
2030-08-08 14:45:00,0.0
2030-08-08 15:00:00,0.0
2030-08-08 15:15:00,0.0
2030-08-08 15:30:00,0.0
2030-08-08 15:45:00,0.0
2030-08-08 16:00:00,0.0
2030-08-08 16:15:00,0.0
2030-08-08 16:30:00,0.0
2030-08-08 16:45:00,0.0
2030-08-08 17:00:00,0.0
2030-08-08 17:15:00,0.0
2030-08-08 17:30:00,0.0
2030-08-08 17:45:00,0.0
2030-08-08 18:00:00,0.0
2030-08-08 18:15:00,0.0
2030-08-08 18:30:00,0.0
2030-08-08 18:45:00,0.0
2030-08-08 19:00:00,0.0
2030-08-08 19:15:00,0.0
2030-08-08 19:30:00,0.0
2030-08-08 19:45:00,0.0
2030-08-08 20:00:00,0.0
2030-08-08 20:15:00,0.0
2030-08-08 20:30:00,0.0
2030-08-08 20:45:00,0.0
2030-08-08 21:00:00,0.0
2030-08-08 21:15:00,0.0
2030-08-08 21:30:00,0.0
2030-08-08 21:45:00,0.0
2030-08-08 22:00:00,0.0
2030-08-08 22:15:00,0.0
2030-08-08 22:30:00,0.0
2030-08-08 22:45:00,0.0
2030-08-08 23:00:00,0.0
2030-08-08 23:15:00,0.0
2030-08-08 23:30:00,0.0
2030-08-08 23:45:00,0.0
2030-08-09 00:00:00,0.0
2030-08-09 00:15:00,0.0
2030-08-09 00:30:00,0.0
2030-08-09 00:45:00,0.0
2030-08-09 01:00:00,0.0
2030-08-09 01:15:00,0.0
2030-08-09 01:30:00,0.0
2030-08-09 01:45:00,0.0
2030-08-09 02:00:00,0.0
2030-08-09 02:15:00,0.0
2030-08-09 02:30:00,0.0
2030-08-09 02:45:00,0.0
2030-08-09 03:00:00,0.0
2030-08-09 03:15:00,0.0
2030-08-09 03:30:00,0.0
2030-08-09 03:45:00,0.0
2030-08-09 04:00:00,0.0
2030-08-09 04:15:00,0.0
2030-08-09 04:30:00,0.0
2030-08-09 04:45:00,0.0
2030-08-09 05:00:00,0.0
2030-08-09 05:15:00,0.0
2030-08-09 05:30:00,0.0
2030-08-09 05:45:00,0.0
2030-08-09 06:00:00,0.0
2030-08-09 06:15:00,0.0
2030-08-09 06:30:00,0.0
2030-08-09 06:45:00,0.0
2030-08-09 07:00:00,0.0
2030-08-09 07:15:00,0.0
2030-08-09 07:30:00,0.0
2030-08-09 07:45:00,0.0
2030-08-09 08:00:00,0.0
2030-08-09 08:15:00,0.0
2030-08-09 08:30:00,0.0
2030-08-09 08:45:00,0.0
2030-08-09 09:00:00,0.0
2030-08-09 09:15:00,0.0
2030-08-09 09:30:00,0.0
2030-08-09 09:45:00,0.0
2030-08-09 10:00:00,0.0
2030-08-09 10:15:00,0.0
2030-08-09 10:30:00,0.0
2030-08-09 10:45:00,0.0
2030-08-09 11:00:00,0.0
2030-08-09 11:15:00,0.0
2030-08-09 11:30:00,0.0
2030-08-09 11:45:00,0.0
2030-08-09 12:00:00,0.0
2030-08-09 12:15:00,0.0
2030-08-09 12:30:00,0.0
2030-08-09 12:45:00,0.0
2030-08-09 13:00:00,0.0
2030-08-09 13:15:00,0.0
2030-08-09 13:30:00,0.0
2030-08-09 13:45:00,0.0
2030-08-09 14:00:00,0.0
2030-08-09 14:15:00,0.0
2030-08-09 14:30:00,0.0
2030-08-09 14:45:00,0.0
2030-08-09 15:00:00,0.0
2030-08-09 15:15:00,0.0
2030-08-09 15:30:00,0.0
2030-08-09 15:45:00,0.0
2030-08-09 16:00:00,0.0
2030-08-09 16:15:00,0.0
2030-08-09 16:30:00,0.0
2030-08-09 16:45:00,0.0
2030-08-09 17:00:00,0.0
2030-08-09 17:15:00,0.0
2030-08-09 17:30:00,0.0
2030-08-09 17:45:00,0.0
2030-08-09 18:00:00,0.0
2030-08-09 18:15:00,0.0
2030-08-09 18:30:00,0.0
2030-08-09 18:45:00,0.0
2030-08-09 19:00:00,0.0
2030-08-09 19:15:00,0.0
2030-08-09 19:30:00,0.0
2030-08-09 19:45:00,0.0
2030-08-09 20:00:00,0.0
2030-08-09 20:15:00,0.0
2030-08-09 20:30:00,0.0
2030-08-09 20:45:00,0.0
2030-08-09 21:00:00,0.0
2030-08-09 21:15:00,0.0
2030-08-09 21:30:00,0.0
2030-08-09 21:45:00,0.0
2030-08-09 22:00:00,0.0
2030-08-09 22:15:00,0.0
2030-08-09 22:30:00,0.0
2030-08-09 22:45:00,0.0
2030-08-09 23:00:00,0.0
2030-08-09 23:15:00,0.0
2030-08-09 23:30:00,0.0
2030-08-09 23:45:00,0.0
2030-08-10 00:00:00,0.0
2030-08-10 00:15:00,0.0
2030-08-10 00:30:00,0.0
2030-08-10 00:45:00,0.0
2030-08-10 01:00:00,0.0
2030-08-10 01:15:00,0.0
2030-08-10 01:30:00,0.0
2030-08-10 01:45:00,0.0
2030-08-10 02:00:00,0.0
2030-08-10 02:15:00,0.0
2030-08-10 02:30:00,0.0
2030-08-10 02:45:00,0.0
2030-08-10 03:00:00,0.0
2030-08-10 03:15:00,0.0
2030-08-10 03:30:00,0.0
2030-08-10 03:45:00,0.0
2030-08-10 04:00:00,0.0
2030-08-10 04:15:00,0.0
2030-08-10 04:30:00,0.0
2030-08-10 04:45:00,0.0
2030-08-10 05:00:00,0.0
2030-08-10 05:15:00,0.0
2030-08-10 05:30:00,0.0
2030-08-10 05:45:00,0.0
2030-08-10 06:00:00,0.0
2030-08-10 06:15:00,0.0
2030-08-10 06:30:00,0.0
2030-08-10 06:45:00,0.0
2030-08-10 07:00:00,0.0
2030-08-10 07:15:00,0.0
2030-08-10 07:30:00,0.0
2030-08-10 07:45:00,0.0
2030-08-10 08:00:00,0.0
2030-08-10 08:15:00,0.0
2030-08-10 08:30:00,0.0
2030-08-10 08:45:00,0.0
2030-08-10 09:00:00,0.0
2030-08-10 09:15:00,0.0
2030-08-10 09:30:00,0.0
2030-08-10 09:45:00,0.0
2030-08-10 10:00:00,0.0
2030-08-10 10:15:00,0.0
2030-08-10 10:30:00,0.0
2030-08-10 10:45:00,0.0
2030-08-10 11:00:00,0.0
2030-08-10 11:15:00,0.0
2030-08-10 11:30:00,0.0
2030-08-10 11:45:00,0.0
2030-08-10 12:00:00,0.0
2030-08-10 12:15:00,0.0
2030-08-10 12:30:00,0.0
2030-08-10 12:45:00,0.0
2030-08-10 13:00:00,0.0
2030-08-10 13:15:00,0.0
2030-08-10 13:30:00,0.0
2030-08-10 13:45:00,0.0
2030-08-10 14:00:00,0.0
2030-08-10 14:15:00,0.0
2030-08-10 14:30:00,0.0
2030-08-10 14:45:00,0.0
2030-08-10 15:00:00,0.0
2030-08-10 15:15:00,0.0
2030-08-10 15:30:00,0.0
2030-08-10 15:45:00,0.0
2030-08-10 16:00:00,0.0
2030-08-10 16:15:00,0.0
2030-08-10 16:30:00,0.0
2030-08-10 16:45:00,0.0
2030-08-10 17:00:00,0.0
2030-08-10 17:15:00,0.0
2030-08-10 17:30:00,0.0
2030-08-10 17:45:00,0.0
2030-08-10 18:00:00,0.0
2030-08-10 18:15:00,0.0
2030-08-10 18:30:00,0.0
2030-08-10 18:45:00,0.0
2030-08-10 19:00:00,0.0
2030-08-10 19:15:00,0.0
2030-08-10 19:30:00,0.0
2030-08-10 19:45:00,0.0
2030-08-10 20:00:00,0.0
2030-08-10 20:15:00,0.0
2030-08-10 20:30:00,0.0
2030-08-10 20:45:00,0.0
2030-08-10 21:00:00,0.0
2030-08-10 21:15:00,0.0
2030-08-10 21:30:00,0.0
2030-08-10 21:45:00,0.0
2030-08-10 22:00:00,0.0
2030-08-10 22:15:00,0.0
2030-08-10 22:30:00,0.0
2030-08-10 22:45:00,0.0
2030-08-10 23:00:00,0.0
2030-08-10 23:15:00,0.0
2030-08-10 23:30:00,0.0
2030-08-10 23:45:00,0.0
2030-08-11 00:00:00,0.0
2030-08-11 00:15:00,0.0
2030-08-11 00:30:00,0.0
2030-08-11 00:45:00,0.0
2030-08-11 01:00:00,0.0
2030-08-11 01:15:00,0.0
2030-08-11 01:30:00,0.0
2030-08-11 01:45:00,0.0
2030-08-11 02:00:00,0.0
2030-08-11 02:15:00,0.0
2030-08-11 02:30:00,0.0
2030-08-11 02:45:00,0.0
2030-08-11 03:00:00,0.0
2030-08-11 03:15:00,0.0
2030-08-11 03:30:00,0.0
2030-08-11 03:45:00,0.0
2030-08-11 04:00:00,0.0
2030-08-11 04:15:00,0.0
2030-08-11 04:30:00,0.0
2030-08-11 04:45:00,0.0
2030-08-11 05:00:00,0.0
2030-08-11 05:15:00,0.0
2030-08-11 05:30:00,0.0
2030-08-11 05:45:00,0.0
2030-08-11 06:00:00,0.0
2030-08-11 06:15:00,0.0
2030-08-11 06:30:00,0.0
2030-08-11 06:45:00,0.0
2030-08-11 07:00:00,0.0
2030-08-11 07:15:00,0.0
2030-08-11 07:30:00,0.0
2030-08-11 07:45:00,0.0
2030-08-11 08:00:00,0.0
2030-08-11 08:15:00,0.0
2030-08-11 08:30:00,0.0
2030-08-11 08:45:00,0.0
2030-08-11 09:00:00,0.0
2030-08-11 09:15:00,0.0
2030-08-11 09:30:00,0.0
2030-08-11 09:45:00,0.0
2030-08-11 10:00:00,0.0
2030-08-11 10:15:00,0.0
2030-08-11 10:30:00,0.0
2030-08-11 10:45:00,0.0
2030-08-11 11:00:00,0.0
2030-08-11 11:15:00,0.0
2030-08-11 11:30:00,0.0
2030-08-11 11:45:00,0.0
2030-08-11 12:00:00,0.0
2030-08-11 12:15:00,0.0
2030-08-11 12:30:00,0.0
2030-08-11 12:45:00,0.0
2030-08-11 13:00:00,0.0
2030-08-11 13:15:00,0.0
2030-08-11 13:30:00,0.0
2030-08-11 13:45:00,0.0
2030-08-11 14:00:00,0.0
2030-08-11 14:15:00,0.0
2030-08-11 14:30:00,0.0
2030-08-11 14:45:00,0.0
2030-08-11 15:00:00,0.0
2030-08-11 15:15:00,0.0
2030-08-11 15:30:00,0.0
2030-08-11 15:45:00,0.0
2030-08-11 16:00:00,0.0
2030-08-11 16:15:00,0.0
2030-08-11 16:30:00,0.0
2030-08-11 16:45:00,0.0
2030-08-11 17:00:00,0.0
2030-08-11 17:15:00,0.0
2030-08-11 17:30:00,0.0
2030-08-11 17:45:00,0.0
2030-08-11 18:00:00,0.0
2030-08-11 18:15:00,0.0
2030-08-11 18:30:00,0.0
2030-08-11 18:45:00,0.0
2030-08-11 19:00:00,0.0
2030-08-11 19:15:00,0.0
2030-08-11 19:30:00,0.0
2030-08-11 19:45:00,0.0
2030-08-11 20:00:00,0.0
2030-08-11 20:15:00,0.0
2030-08-11 20:30:00,0.0
2030-08-11 20:45:00,0.0
2030-08-11 21:00:00,0.0
2030-08-11 21:15:00,0.0
2030-08-11 21:30:00,0.0
2030-08-11 21:45:00,0.0
2030-08-11 22:00:00,0.0
2030-08-11 22:15:00,0.0
2030-08-11 22:30:00,0.0
2030-08-11 22:45:00,0.0
2030-08-11 23:00:00,0.0
2030-08-11 23:15:00,0.0
2030-08-11 23:30:00,0.0
2030-08-11 23:45:00,0.0
2030-08-12 00:00:00,0.0
2030-08-12 00:15:00,0.0
2030-08-12 00:30:00,0.0
2030-08-12 00:45:00,0.0
2030-08-12 01:00:00,0.0
2030-08-12 01:15:00,0.0
2030-08-12 01:30:00,0.0
2030-08-12 01:45:00,0.0
2030-08-12 02:00:00,0.0
2030-08-12 02:15:00,0.0
2030-08-12 02:30:00,0.0
2030-08-12 02:45:00,0.0
2030-08-12 03:00:00,0.0
2030-08-12 03:15:00,0.0
2030-08-12 03:30:00,0.0
2030-08-12 03:45:00,0.0
2030-08-12 04:00:00,0.0
2030-08-12 04:15:00,0.0
2030-08-12 04:30:00,0.0
2030-08-12 04:45:00,0.0
2030-08-12 05:00:00,0.0
2030-08-12 05:15:00,0.0
2030-08-12 05:30:00,0.0
2030-08-12 05:45:00,0.0
2030-08-12 06:00:00,0.0
2030-08-12 06:15:00,0.0
2030-08-12 06:30:00,0.0
2030-08-12 06:45:00,0.0
2030-08-12 07:00:00,0.0
2030-08-12 07:15:00,0.0
2030-08-12 07:30:00,0.0
2030-08-12 07:45:00,0.0
2030-08-12 08:00:00,0.0
2030-08-12 08:15:00,0.0
2030-08-12 08:30:00,0.0
2030-08-12 08:45:00,0.0
2030-08-12 09:00:00,0.0
2030-08-12 09:15:00,0.0
2030-08-12 09:30:00,0.0
2030-08-12 09:45:00,0.0
2030-08-12 10:00:00,0.0
2030-08-12 10:15:00,0.0
2030-08-12 10:30:00,0.0
2030-08-12 10:45:00,0.0
2030-08-12 11:00:00,0.0
2030-08-12 11:15:00,0.0
2030-08-12 11:30:00,0.0
2030-08-12 11:45:00,0.0
2030-08-12 12:00:00,0.0
2030-08-12 12:15:00,0.0
2030-08-12 12:30:00,0.0
2030-08-12 12:45:00,0.0
2030-08-12 13:00:00,0.0
2030-08-12 13:15:00,0.0
2030-08-12 13:30:00,0.0
2030-08-12 13:45:00,0.0
2030-08-12 14:00:00,0.0
2030-08-12 14:15:00,0.0
2030-08-12 14:30:00,0.0
2030-08-12 14:45:00,0.0
2030-08-12 15:00:00,0.0
2030-08-12 15:15:00,0.0
2030-08-12 15:30:00,0.0
2030-08-12 15:45:00,0.0
2030-08-12 16:00:00,0.0
2030-08-12 16:15:00,0.0
2030-08-12 16:30:00,0.0
2030-08-12 16:45:00,0.0
2030-08-12 17:00:00,0.0
2030-08-12 17:15:00,0.0
2030-08-12 17:30:00,0.0
2030-08-12 17:45:00,0.0
2030-08-12 18:00:00,0.0
2030-08-12 18:15:00,0.0
2030-08-12 18:30:00,0.0
2030-08-12 18:45:00,0.0
2030-08-12 19:00:00,0.0
2030-08-12 19:15:00,0.0
2030-08-12 19:30:00,0.0
2030-08-12 19:45:00,0.0
2030-08-12 20:00:00,0.0
2030-08-12 20:15:00,0.0
2030-08-12 20:30:00,0.0
2030-08-12 20:45:00,0.0
2030-08-12 21:00:00,0.0
2030-08-12 21:15:00,0.0
2030-08-12 21:30:00,0.0
2030-08-12 21:45:00,0.0
2030-08-12 22:00:00,0.0
2030-08-12 22:15:00,0.0
2030-08-12 22:30:00,0.0
2030-08-12 22:45:00,0.0
2030-08-12 23:00:00,0.0
2030-08-12 23:15:00,0.0
2030-08-12 23:30:00,0.0
2030-08-12 23:45:00,0.0
2030-08-13 00:00:00,0.0
2030-08-13 00:15:00,0.0
2030-08-13 00:30:00,0.0
2030-08-13 00:45:00,0.0
2030-08-13 01:00:00,0.0
2030-08-13 01:15:00,0.0
2030-08-13 01:30:00,0.0
2030-08-13 01:45:00,0.0
2030-08-13 02:00:00,0.0
2030-08-13 02:15:00,0.0
2030-08-13 02:30:00,0.0
2030-08-13 02:45:00,0.0
2030-08-13 03:00:00,0.0
2030-08-13 03:15:00,0.0
2030-08-13 03:30:00,0.0
2030-08-13 03:45:00,0.0
2030-08-13 04:00:00,0.0
2030-08-13 04:15:00,0.0
2030-08-13 04:30:00,0.0
2030-08-13 04:45:00,0.0
2030-08-13 05:00:00,0.0
2030-08-13 05:15:00,0.0
2030-08-13 05:30:00,0.0
2030-08-13 05:45:00,0.0
2030-08-13 06:00:00,0.0
2030-08-13 06:15:00,0.0
2030-08-13 06:30:00,0.0
2030-08-13 06:45:00,0.0
2030-08-13 07:00:00,0.0
2030-08-13 07:15:00,0.0
2030-08-13 07:30:00,0.0
2030-08-13 07:45:00,0.0
2030-08-13 08:00:00,0.0
2030-08-13 08:15:00,0.0
2030-08-13 08:30:00,0.0
2030-08-13 08:45:00,0.0
2030-08-13 09:00:00,0.0
2030-08-13 09:15:00,0.0
2030-08-13 09:30:00,0.0
2030-08-13 09:45:00,0.0
2030-08-13 10:00:00,0.0
2030-08-13 10:15:00,0.0
2030-08-13 10:30:00,0.0
2030-08-13 10:45:00,0.0
2030-08-13 11:00:00,0.0
2030-08-13 11:15:00,0.0
2030-08-13 11:30:00,0.0
2030-08-13 11:45:00,0.0
2030-08-13 12:00:00,0.0
2030-08-13 12:15:00,0.0
2030-08-13 12:30:00,0.0
2030-08-13 12:45:00,0.0
2030-08-13 13:00:00,0.0
2030-08-13 13:15:00,0.0
2030-08-13 13:30:00,0.0
2030-08-13 13:45:00,0.0
2030-08-13 14:00:00,0.0
2030-08-13 14:15:00,0.0
2030-08-13 14:30:00,0.0
2030-08-13 14:45:00,0.0
2030-08-13 15:00:00,0.0
2030-08-13 15:15:00,0.0
2030-08-13 15:30:00,0.0
2030-08-13 15:45:00,0.0
2030-08-13 16:00:00,0.0
2030-08-13 16:15:00,0.0
2030-08-13 16:30:00,0.0
2030-08-13 16:45:00,0.0
2030-08-13 17:00:00,0.0
2030-08-13 17:15:00,0.0
2030-08-13 17:30:00,0.0
2030-08-13 17:45:00,0.0
2030-08-13 18:00:00,0.0
2030-08-13 18:15:00,0.0
2030-08-13 18:30:00,0.0
2030-08-13 18:45:00,0.0
2030-08-13 19:00:00,0.0
2030-08-13 19:15:00,0.0
2030-08-13 19:30:00,0.0
2030-08-13 19:45:00,0.0
2030-08-13 20:00:00,0.0
2030-08-13 20:15:00,0.0
2030-08-13 20:30:00,0.0
2030-08-13 20:45:00,0.0
2030-08-13 21:00:00,0.0
2030-08-13 21:15:00,0.0
2030-08-13 21:30:00,0.0
2030-08-13 21:45:00,0.0
2030-08-13 22:00:00,0.0
2030-08-13 22:15:00,0.0
2030-08-13 22:30:00,0.0
2030-08-13 22:45:00,0.0
2030-08-13 23:00:00,0.0
2030-08-13 23:15:00,0.0
2030-08-13 23:30:00,0.0
2030-08-13 23:45:00,0.0
2030-08-14 00:00:00,0.0
2030-08-14 00:15:00,0.0
2030-08-14 00:30:00,0.0
2030-08-14 00:45:00,0.0
2030-08-14 01:00:00,0.0
2030-08-14 01:15:00,0.0
2030-08-14 01:30:00,0.0
2030-08-14 01:45:00,0.0
2030-08-14 02:00:00,0.0
2030-08-14 02:15:00,0.0
2030-08-14 02:30:00,0.0
2030-08-14 02:45:00,0.0
2030-08-14 03:00:00,0.0
2030-08-14 03:15:00,0.0
2030-08-14 03:30:00,0.0
2030-08-14 03:45:00,0.0
2030-08-14 04:00:00,0.0
2030-08-14 04:15:00,0.0
2030-08-14 04:30:00,0.0
2030-08-14 04:45:00,0.0
2030-08-14 05:00:00,0.0
2030-08-14 05:15:00,0.0
2030-08-14 05:30:00,0.0
2030-08-14 05:45:00,0.0
2030-08-14 06:00:00,0.0
2030-08-14 06:15:00,0.0
2030-08-14 06:30:00,0.0
2030-08-14 06:45:00,0.0
2030-08-14 07:00:00,0.0
2030-08-14 07:15:00,0.0
2030-08-14 07:30:00,0.0
2030-08-14 07:45:00,0.0
2030-08-14 08:00:00,0.0
2030-08-14 08:15:00,0.0
2030-08-14 08:30:00,0.0
2030-08-14 08:45:00,0.0
2030-08-14 09:00:00,0.0
2030-08-14 09:15:00,0.0
2030-08-14 09:30:00,0.0
2030-08-14 09:45:00,0.0
2030-08-14 10:00:00,0.0
2030-08-14 10:15:00,0.0
2030-08-14 10:30:00,0.0
2030-08-14 10:45:00,0.0
2030-08-14 11:00:00,0.0
2030-08-14 11:15:00,0.0
2030-08-14 11:30:00,0.0
2030-08-14 11:45:00,0.0
2030-08-14 12:00:00,0.0
2030-08-14 12:15:00,0.0
2030-08-14 12:30:00,0.0
2030-08-14 12:45:00,0.0
2030-08-14 13:00:00,0.0
2030-08-14 13:15:00,0.0
2030-08-14 13:30:00,0.0
2030-08-14 13:45:00,0.0
2030-08-14 14:00:00,0.0
2030-08-14 14:15:00,0.0
2030-08-14 14:30:00,0.0
2030-08-14 14:45:00,0.0
2030-08-14 15:00:00,0.0
2030-08-14 15:15:00,0.0
2030-08-14 15:30:00,0.0
2030-08-14 15:45:00,0.0
2030-08-14 16:00:00,0.0
2030-08-14 16:15:00,0.0
2030-08-14 16:30:00,0.0
2030-08-14 16:45:00,0.0
2030-08-14 17:00:00,0.0
2030-08-14 17:15:00,0.0
2030-08-14 17:30:00,0.0
2030-08-14 17:45:00,0.0
2030-08-14 18:00:00,0.0
2030-08-14 18:15:00,0.0
2030-08-14 18:30:00,0.0
2030-08-14 18:45:00,0.0
2030-08-14 19:00:00,0.0
2030-08-14 19:15:00,0.0
2030-08-14 19:30:00,0.0
2030-08-14 19:45:00,0.0
2030-08-14 20:00:00,0.0
2030-08-14 20:15:00,0.0
2030-08-14 20:30:00,0.0
2030-08-14 20:45:00,0.0
2030-08-14 21:00:00,0.0
2030-08-14 21:15:00,0.0
2030-08-14 21:30:00,0.0
2030-08-14 21:45:00,0.0
2030-08-14 22:00:00,0.0
2030-08-14 22:15:00,0.0
2030-08-14 22:30:00,0.0
2030-08-14 22:45:00,0.0
2030-08-14 23:00:00,0.0
2030-08-14 23:15:00,0.0
2030-08-14 23:30:00,0.0
2030-08-14 23:45:00,0.0
2030-08-15 00:00:00,0.0
2030-08-15 00:15:00,0.0
2030-08-15 00:30:00,0.0
2030-08-15 00:45:00,0.0
2030-08-15 01:00:00,0.0
2030-08-15 01:15:00,0.0
2030-08-15 01:30:00,0.0
2030-08-15 01:45:00,0.0
2030-08-15 02:00:00,0.0
2030-08-15 02:15:00,0.0
2030-08-15 02:30:00,0.0
2030-08-15 02:45:00,0.0
2030-08-15 03:00:00,0.0
2030-08-15 03:15:00,0.0
2030-08-15 03:30:00,0.0
2030-08-15 03:45:00,0.0
2030-08-15 04:00:00,0.0
2030-08-15 04:15:00,0.0
2030-08-15 04:30:00,0.0
2030-08-15 04:45:00,0.0
2030-08-15 05:00:00,0.0
2030-08-15 05:15:00,0.0
2030-08-15 05:30:00,0.0
2030-08-15 05:45:00,0.0
2030-08-15 06:00:00,0.0
2030-08-15 06:15:00,0.0
2030-08-15 06:30:00,0.0
2030-08-15 06:45:00,0.0
2030-08-15 07:00:00,0.0
2030-08-15 07:15:00,0.0
2030-08-15 07:30:00,0.0
2030-08-15 07:45:00,0.0
2030-08-15 08:00:00,0.0
2030-08-15 08:15:00,0.0
2030-08-15 08:30:00,0.0
2030-08-15 08:45:00,0.0
2030-08-15 09:00:00,0.0
2030-08-15 09:15:00,0.0
2030-08-15 09:30:00,0.0
2030-08-15 09:45:00,0.0
2030-08-15 10:00:00,0.0
2030-08-15 10:15:00,27.585876960389214
2030-08-15 10:30:00,162.93780721890653
2030-08-15 10:45:00,290.0830335458868
2030-08-15 11:00:00,378.8047888976762
2030-08-15 11:15:00,445.5264790618894
2030-08-15 11:30:00,410.1197500689359
2030-08-15 11:45:00,415.08599819469237
2030-08-15 12:00:00,219.6381107834477
2030-08-15 12:15:00,144.8712064058509
2030-08-15 12:30:00,241.00076889917545
2030-08-15 12:45:00,179.675702681825
2030-08-15 13:00:00,41.05594502194435
2030-08-15 13:15:00,25.90596355452726
2030-08-15 13:30:00,0.0
2030-08-15 13:45:00,0.0
2030-08-15 14:00:00,0.0
2030-08-15 14:15:00,0.0
2030-08-15 14:30:00,0.0
2030-08-15 14:45:00,0.0
2030-08-15 15:00:00,0.0
2030-08-15 15:15:00,0.0
2030-08-15 15:30:00,0.0
2030-08-15 15:45:00,0.0
2030-08-15 16:00:00,0.0
2030-08-15 16:15:00,0.0
2030-08-15 16:30:00,0.0
2030-08-15 16:45:00,0.0
2030-08-15 17:00:00,0.0
2030-08-15 17:15:00,0.0
2030-08-15 17:30:00,0.0
2030-08-15 17:45:00,0.0
2030-08-15 18:00:00,0.0
2030-08-15 18:15:00,0.0
2030-08-15 18:30:00,0.0
2030-08-15 18:45:00,0.0
2030-08-15 19:00:00,0.0
2030-08-15 19:15:00,0.0
2030-08-15 19:30:00,0.0
2030-08-15 19:45:00,0.0
2030-08-15 20:00:00,0.0
2030-08-15 20:15:00,0.0
2030-08-15 20:30:00,0.0
2030-08-15 20:45:00,0.0
2030-08-15 21:00:00,0.0
2030-08-15 21:15:00,0.0
2030-08-15 21:30:00,0.0
2030-08-15 21:45:00,0.0
2030-08-15 22:00:00,0.0
2030-08-15 22:15:00,0.0
2030-08-15 22:30:00,0.0
2030-08-15 22:45:00,0.0
2030-08-15 23:00:00,0.0
2030-08-15 23:15:00,0.0
2030-08-15 23:30:00,0.0
2030-08-15 23:45:00,0.0
2030-08-16 00:00:00,0.0
2030-08-16 00:15:00,0.0
2030-08-16 00:30:00,0.0
2030-08-16 00:45:00,0.0
2030-08-16 01:00:00,0.0
2030-08-16 01:15:00,0.0
2030-08-16 01:30:00,0.0
2030-08-16 01:45:00,0.0
2030-08-16 02:00:00,0.0
2030-08-16 02:15:00,0.0
2030-08-16 02:30:00,0.0
2030-08-16 02:45:00,0.0
2030-08-16 03:00:00,0.0
2030-08-16 03:15:00,0.0
2030-08-16 03:30:00,0.0
2030-08-16 03:45:00,0.0
2030-08-16 04:00:00,0.0
2030-08-16 04:15:00,0.0
2030-08-16 04:30:00,0.0
2030-08-16 04:45:00,0.0
2030-08-16 05:00:00,0.0
2030-08-16 05:15:00,0.0
2030-08-16 05:30:00,0.0
2030-08-16 05:45:00,0.0
2030-08-16 06:00:00,0.0
2030-08-16 06:15:00,0.0
2030-08-16 06:30:00,0.0
2030-08-16 06:45:00,0.0
2030-08-16 07:00:00,0.0
2030-08-16 07:15:00,0.0
2030-08-16 07:30:00,0.0
2030-08-16 07:45:00,0.0
2030-08-16 08:00:00,0.0
2030-08-16 08:15:00,156.8456814711717
2030-08-16 08:30:00,285.47091808588266
2030-08-16 08:45:00,335.2918840467446
2030-08-16 09:00:00,258.04853622309565
2030-08-16 09:15:00,413.214651966362
2030-08-16 09:30:00,518.6919450568166
2030-08-16 09:45:00,502.06067097615596
2030-08-16 10:00:00,379.93813904487797
2030-08-16 10:15:00,363.79642693019014
2030-08-16 10:30:00,378.09354749800696
2030-08-16 10:45:00,338.41031393099183
2030-08-16 11:00:00,408.76302745084104
2030-08-16 11:15:00,415.73356681519726
2030-08-16 11:30:00,401.13676909581955
2030-08-16 11:45:00,394.8541539523576
2030-08-16 12:00:00,203.05981322853222
2030-08-16 12:15:00,132.7948688992783
2030-08-16 12:30:00,0.0
2030-08-16 12:45:00,0.0
2030-08-16 13:00:00,0.0
2030-08-16 13:15:00,0.0
2030-08-16 13:30:00,0.0
2030-08-16 13:45:00,0.0
2030-08-16 14:00:00,0.0
2030-08-16 14:15:00,0.0
2030-08-16 14:30:00,0.0
2030-08-16 14:45:00,0.0
2030-08-16 15:00:00,0.0
2030-08-16 15:15:00,0.0
2030-08-16 15:30:00,0.0
2030-08-16 15:45:00,0.0
2030-08-16 16:00:00,0.0
2030-08-16 16:15:00,0.0
2030-08-16 16:30:00,0.0
2030-08-16 16:45:00,0.0
2030-08-16 17:00:00,0.0
2030-08-16 17:15:00,0.0
2030-08-16 17:30:00,0.0
2030-08-16 17:45:00,0.0
2030-08-16 18:00:00,0.0
2030-08-16 18:15:00,0.0
2030-08-16 18:30:00,0.0
2030-08-16 18:45:00,0.0
2030-08-16 19:00:00,0.0
2030-08-16 19:15:00,0.0
2030-08-16 19:30:00,0.0
2030-08-16 19:45:00,0.0
2030-08-16 20:00:00,0.0
2030-08-16 20:15:00,0.0
2030-08-16 20:30:00,0.0
2030-08-16 20:45:00,0.0
2030-08-16 21:00:00,0.0
2030-08-16 21:15:00,0.0
2030-08-16 21:30:00,0.0
2030-08-16 21:45:00,0.0
2030-08-16 22:00:00,0.0
2030-08-16 22:15:00,0.0
2030-08-16 22:30:00,0.0
2030-08-16 22:45:00,0.0
2030-08-16 23:00:00,0.0
2030-08-16 23:15:00,0.0
2030-08-16 23:30:00,0.0
2030-08-16 23:45:00,0.0
2030-08-17 00:00:00,0.0
2030-08-17 00:15:00,0.0
2030-08-17 00:30:00,0.0
2030-08-17 00:45:00,0.0
2030-08-17 01:00:00,0.0
2030-08-17 01:15:00,0.0
2030-08-17 01:30:00,0.0
2030-08-17 01:45:00,0.0
2030-08-17 02:00:00,0.0
2030-08-17 02:15:00,0.0
2030-08-17 02:30:00,0.0
2030-08-17 02:45:00,0.0
2030-08-17 03:00:00,0.0
2030-08-17 03:15:00,0.0
2030-08-17 03:30:00,0.0
2030-08-17 03:45:00,0.0
2030-08-17 04:00:00,0.0
2030-08-17 04:15:00,0.0
2030-08-17 04:30:00,0.0
2030-08-17 04:45:00,0.0
2030-08-17 05:00:00,0.0
2030-08-17 05:15:00,0.0
2030-08-17 05:30:00,0.0
2030-08-17 05:45:00,0.0
2030-08-17 06:00:00,0.0
2030-08-17 06:15:00,0.0
2030-08-17 06:30:00,0.0
2030-08-17 06:45:00,0.0
2030-08-17 07:00:00,0.0
2030-08-17 07:15:00,0.0
2030-08-17 07:30:00,0.0
2030-08-17 07:45:00,0.0
2030-08-17 08:00:00,0.0
2030-08-17 08:15:00,128.94185138045577
2030-08-17 08:30:00,290.4540415723168
2030-08-17 08:45:00,363.0294142261064
2030-08-17 09:00:00,434.89792180382574
2030-08-17 09:15:00,490.0330780882796
2030-08-17 09:30:00,674.1934201506065
2030-08-17 09:45:00,737.5991178210716
2030-08-17 10:00:00,712.8893011722466
2030-08-17 10:15:00,732.9711474811647
2030-08-17 10:30:00,866.6374810541674
2030-08-17 10:45:00,895.410762404299
2030-08-17 11:00:00,911.9805466849793
2030-08-17 11:15:00,993.4181928926992
2030-08-17 11:30:00,1072.1216984933671
2030-08-17 11:45:00,1181.399795254276
2030-08-17 12:00:00,1073.5147608444076
2030-08-17 12:15:00,1009.3962259800901
2030-08-17 12:30:00,920.411663581388
2030-08-17 12:45:00,865.0939827654202
2030-08-17 13:00:00,794.015091886442
2030-08-17 13:15:00,665.0443152083444
2030-08-17 13:30:00,594.8164152752652
2030-08-17 13:45:00,504.552734369925
2030-08-17 14:00:00,416.87971987420497
2030-08-17 14:15:00,318.2135582436458
2030-08-17 14:30:00,163.94836782134553
2030-08-17 14:45:00,126.58410266925057
2030-08-17 15:00:00,84.1163643150212
2030-08-17 15:15:00,0.0
2030-08-17 15:30:00,0.0
2030-08-17 15:45:00,0.0
2030-08-17 16:00:00,0.0
2030-08-17 16:15:00,0.0
2030-08-17 16:30:00,0.0
2030-08-17 16:45:00,0.0
2030-08-17 17:00:00,0.0
2030-08-17 17:15:00,0.0
2030-08-17 17:30:00,0.0
2030-08-17 17:45:00,0.0
2030-08-17 18:00:00,0.0
2030-08-17 18:15:00,0.0
2030-08-17 18:30:00,0.0
2030-08-17 18:45:00,0.0
2030-08-17 19:00:00,0.0
2030-08-17 19:15:00,0.0
2030-08-17 19:30:00,0.0
2030-08-17 19:45:00,0.0
2030-08-17 20:00:00,0.0
2030-08-17 20:15:00,0.0
2030-08-17 20:30:00,0.0
2030-08-17 20:45:00,0.0
2030-08-17 21:00:00,0.0
2030-08-17 21:15:00,0.0
2030-08-17 21:30:00,0.0
2030-08-17 21:45:00,0.0
2030-08-17 22:00:00,0.0
2030-08-17 22:15:00,0.0
2030-08-17 22:30:00,0.0
2030-08-17 22:45:00,0.0
2030-08-17 23:00:00,0.0
2030-08-17 23:15:00,0.0
2030-08-17 23:30:00,0.0
2030-08-17 23:45:00,0.0
2030-08-18 00:00:00,0.0
2030-08-18 00:15:00,0.0
2030-08-18 00:30:00,0.0
2030-08-18 00:45:00,0.0
2030-08-18 01:00:00,0.0
2030-08-18 01:15:00,0.0
2030-08-18 01:30:00,0.0
2030-08-18 01:45:00,0.0
2030-08-18 02:00:00,0.0
2030-08-18 02:15:00,0.0
2030-08-18 02:30:00,0.0
2030-08-18 02:45:00,0.0
2030-08-18 03:00:00,0.0
2030-08-18 03:15:00,0.0
2030-08-18 03:30:00,0.0
2030-08-18 03:45:00,0.0
2030-08-18 04:00:00,0.0
2030-08-18 04:15:00,0.0
2030-08-18 04:30:00,0.0
2030-08-18 04:45:00,0.0
2030-08-18 05:00:00,0.0
2030-08-18 05:15:00,0.0
2030-08-18 05:30:00,0.0
2030-08-18 05:45:00,0.0
2030-08-18 06:00:00,0.0
2030-08-18 06:15:00,0.0
2030-08-18 06:30:00,0.0
2030-08-18 06:45:00,0.0
2030-08-18 07:00:00,0.0
2030-08-18 07:15:00,0.0
2030-08-18 07:30:00,0.0
2030-08-18 07:45:00,0.0
2030-08-18 08:00:00,0.0
2030-08-18 08:15:00,0.0
2030-08-18 08:30:00,0.0
2030-08-18 08:45:00,0.0
2030-08-18 09:00:00,20.537307869784854
2030-08-18 09:15:00,97.12711959430817
2030-08-18 09:30:00,343.4288165322487
2030-08-18 09:45:00,516.5352750793809
2030-08-18 10:00:00,491.13049192237304
2030-08-18 10:15:00,502.6163342792079
2030-08-18 10:30:00,565.7271953684813
2030-08-18 10:45:00,593.1326555645937
2030-08-18 11:00:00,631.4131688301277
2030-08-18 11:15:00,784.3808111675207
2030-08-18 11:30:00,765.9092926091434
2030-08-18 11:45:00,694.162654819389
2030-08-18 12:00:00,484.52981096049916
2030-08-18 12:15:00,300.03633928627823
2030-08-18 12:30:00,307.87119107918807
2030-08-18 12:45:00,157.615400916
2030-08-18 13:00:00,90.96806973676576
2030-08-18 13:15:00,0.0
2030-08-18 13:30:00,0.0
2030-08-18 13:45:00,0.0
2030-08-18 14:00:00,0.0
2030-08-18 14:15:00,0.0
2030-08-18 14:30:00,0.0
2030-08-18 14:45:00,0.0
2030-08-18 15:00:00,0.0
2030-08-18 15:15:00,0.0
2030-08-18 15:30:00,0.0
2030-08-18 15:45:00,0.0
2030-08-18 16:00:00,0.0
2030-08-18 16:15:00,0.0
2030-08-18 16:30:00,0.0
2030-08-18 16:45:00,0.0
2030-08-18 17:00:00,0.0
2030-08-18 17:15:00,0.0
2030-08-18 17:30:00,0.0
2030-08-18 17:45:00,0.0
2030-08-18 18:00:00,0.0
2030-08-18 18:15:00,0.0
2030-08-18 18:30:00,0.0
2030-08-18 18:45:00,0.0
2030-08-18 19:00:00,0.0
2030-08-18 19:15:00,0.0
2030-08-18 19:30:00,0.0
2030-08-18 19:45:00,0.0
2030-08-18 20:00:00,0.0
2030-08-18 20:15:00,0.0
2030-08-18 20:30:00,0.0
2030-08-18 20:45:00,0.0
2030-08-18 21:00:00,0.0
2030-08-18 21:15:00,0.0
2030-08-18 21:30:00,0.0
2030-08-18 21:45:00,0.0
2030-08-18 22:00:00,0.0
2030-08-18 22:15:00,0.0
2030-08-18 22:30:00,0.0
2030-08-18 22:45:00,0.0
2030-08-18 23:00:00,0.0
2030-08-18 23:15:00,0.0
2030-08-18 23:30:00,0.0
2030-08-18 23:45:00,0.0
2030-08-19 00:00:00,0.0
2030-08-19 00:15:00,0.0
2030-08-19 00:30:00,0.0
2030-08-19 00:45:00,0.0
2030-08-19 01:00:00,0.0
2030-08-19 01:15:00,0.0
2030-08-19 01:30:00,0.0
2030-08-19 01:45:00,0.0
2030-08-19 02:00:00,0.0
2030-08-19 02:15:00,0.0
2030-08-19 02:30:00,0.0
2030-08-19 02:45:00,0.0
2030-08-19 03:00:00,0.0
2030-08-19 03:15:00,0.0
2030-08-19 03:30:00,0.0
2030-08-19 03:45:00,0.0
2030-08-19 04:00:00,0.0
2030-08-19 04:15:00,0.0
2030-08-19 04:30:00,0.0
2030-08-19 04:45:00,0.0
2030-08-19 05:00:00,0.0
2030-08-19 05:15:00,0.0
2030-08-19 05:30:00,0.0
2030-08-19 05:45:00,0.0
2030-08-19 06:00:00,0.0
2030-08-19 06:15:00,0.0
2030-08-19 06:30:00,0.0
2030-08-19 06:45:00,0.0
2030-08-19 07:00:00,0.0
2030-08-19 07:15:00,0.0
2030-08-19 07:30:00,0.0
2030-08-19 07:45:00,0.0
2030-08-19 08:00:00,0.0
2030-08-19 08:15:00,0.0
2030-08-19 08:30:00,0.0
2030-08-19 08:45:00,0.0
2030-08-19 09:00:00,0.0
2030-08-19 09:15:00,0.0
2030-08-19 09:30:00,0.0
2030-08-19 09:45:00,0.0
2030-08-19 10:00:00,0.0
2030-08-19 10:15:00,0.0
2030-08-19 10:30:00,0.0
2030-08-19 10:45:00,0.0
2030-08-19 11:00:00,0.0
2030-08-19 11:15:00,0.0
2030-08-19 11:30:00,0.0
2030-08-19 11:45:00,0.0
2030-08-19 12:00:00,0.0
2030-08-19 12:15:00,0.0
2030-08-19 12:30:00,0.0
2030-08-19 12:45:00,0.0
2030-08-19 13:00:00,0.0
2030-08-19 13:15:00,0.0
2030-08-19 13:30:00,0.0
2030-08-19 13:45:00,0.0
2030-08-19 14:00:00,0.0
2030-08-19 14:15:00,0.0
2030-08-19 14:30:00,0.0
2030-08-19 14:45:00,0.0
2030-08-19 15:00:00,0.0
2030-08-19 15:15:00,0.0
2030-08-19 15:30:00,0.0
2030-08-19 15:45:00,0.0
2030-08-19 16:00:00,0.0
2030-08-19 16:15:00,0.0
2030-08-19 16:30:00,0.0
2030-08-19 16:45:00,0.0
2030-08-19 17:00:00,0.0
2030-08-19 17:15:00,0.0
2030-08-19 17:30:00,0.0
2030-08-19 17:45:00,0.0
2030-08-19 18:00:00,0.0
2030-08-19 18:15:00,0.0
2030-08-19 18:30:00,0.0
2030-08-19 18:45:00,0.0
2030-08-19 19:00:00,0.0
2030-08-19 19:15:00,0.0
2030-08-19 19:30:00,0.0
2030-08-19 19:45:00,0.0
2030-08-19 20:00:00,0.0
2030-08-19 20:15:00,0.0
2030-08-19 20:30:00,0.0
2030-08-19 20:45:00,0.0
2030-08-19 21:00:00,0.0
2030-08-19 21:15:00,0.0
2030-08-19 21:30:00,0.0
2030-08-19 21:45:00,0.0
2030-08-19 22:00:00,0.0
2030-08-19 22:15:00,0.0
2030-08-19 22:30:00,0.0
2030-08-19 22:45:00,0.0
2030-08-19 23:00:00,0.0
2030-08-19 23:15:00,0.0
2030-08-19 23:30:00,0.0
2030-08-19 23:45:00,0.0
2030-08-20 00:00:00,0.0
2030-08-20 00:15:00,0.0
2030-08-20 00:30:00,0.0
2030-08-20 00:45:00,0.0
2030-08-20 01:00:00,0.0
2030-08-20 01:15:00,0.0
2030-08-20 01:30:00,0.0
2030-08-20 01:45:00,0.0
2030-08-20 02:00:00,0.0
2030-08-20 02:15:00,0.0
2030-08-20 02:30:00,0.0
2030-08-20 02:45:00,0.0
2030-08-20 03:00:00,0.0
2030-08-20 03:15:00,0.0
2030-08-20 03:30:00,0.0
2030-08-20 03:45:00,0.0
2030-08-20 04:00:00,0.0
2030-08-20 04:15:00,0.0
2030-08-20 04:30:00,0.0
2030-08-20 04:45:00,0.0
2030-08-20 05:00:00,0.0
2030-08-20 05:15:00,0.0
2030-08-20 05:30:00,0.0
2030-08-20 05:45:00,0.0
2030-08-20 06:00:00,0.0
2030-08-20 06:15:00,0.0
2030-08-20 06:30:00,0.0
2030-08-20 06:45:00,0.0
2030-08-20 07:00:00,0.0
2030-08-20 07:15:00,0.0
2030-08-20 07:30:00,0.0
2030-08-20 07:45:00,0.0
2030-08-20 08:00:00,0.0
2030-08-20 08:15:00,0.0
2030-08-20 08:30:00,0.0
2030-08-20 08:45:00,0.0
2030-08-20 09:00:00,0.0
2030-08-20 09:15:00,0.0
2030-08-20 09:30:00,0.0
2030-08-20 09:45:00,0.0
2030-08-20 10:00:00,0.0
2030-08-20 10:15:00,0.0
2030-08-20 10:30:00,0.0
2030-08-20 10:45:00,0.0
2030-08-20 11:00:00,0.0
2030-08-20 11:15:00,0.0
2030-08-20 11:30:00,0.0
2030-08-20 11:45:00,0.0
2030-08-20 12:00:00,0.0
2030-08-20 12:15:00,0.0
2030-08-20 12:30:00,0.0
2030-08-20 12:45:00,0.0
2030-08-20 13:00:00,0.0
2030-08-20 13:15:00,0.0
2030-08-20 13:30:00,0.0
2030-08-20 13:45:00,0.0
2030-08-20 14:00:00,0.0
2030-08-20 14:15:00,0.0
2030-08-20 14:30:00,0.0
2030-08-20 14:45:00,0.0
2030-08-20 15:00:00,0.0
2030-08-20 15:15:00,0.0
2030-08-20 15:30:00,0.0
2030-08-20 15:45:00,0.0
2030-08-20 16:00:00,0.0
2030-08-20 16:15:00,0.0
2030-08-20 16:30:00,0.0
2030-08-20 16:45:00,0.0
2030-08-20 17:00:00,0.0
2030-08-20 17:15:00,0.0
2030-08-20 17:30:00,0.0
2030-08-20 17:45:00,0.0
2030-08-20 18:00:00,0.0
2030-08-20 18:15:00,0.0
2030-08-20 18:30:00,0.0
2030-08-20 18:45:00,0.0
2030-08-20 19:00:00,0.0
2030-08-20 19:15:00,0.0
2030-08-20 19:30:00,0.0
2030-08-20 19:45:00,0.0
2030-08-20 20:00:00,0.0
2030-08-20 20:15:00,0.0
2030-08-20 20:30:00,0.0
2030-08-20 20:45:00,0.0
2030-08-20 21:00:00,0.0
2030-08-20 21:15:00,0.0
2030-08-20 21:30:00,0.0
2030-08-20 21:45:00,0.0
2030-08-20 22:00:00,0.0
2030-08-20 22:15:00,0.0
2030-08-20 22:30:00,0.0
2030-08-20 22:45:00,0.0
2030-08-20 23:00:00,0.0
2030-08-20 23:15:00,0.0
2030-08-20 23:30:00,0.0
2030-08-20 23:45:00,0.0
2030-08-21 00:00:00,0.0
2030-08-21 00:15:00,0.0
2030-08-21 00:30:00,0.0
2030-08-21 00:45:00,0.0
2030-08-21 01:00:00,0.0
2030-08-21 01:15:00,0.0
2030-08-21 01:30:00,0.0
2030-08-21 01:45:00,0.0
2030-08-21 02:00:00,0.0
2030-08-21 02:15:00,0.0
2030-08-21 02:30:00,0.0
2030-08-21 02:45:00,0.0
2030-08-21 03:00:00,0.0
2030-08-21 03:15:00,0.0
2030-08-21 03:30:00,0.0
2030-08-21 03:45:00,0.0
2030-08-21 04:00:00,0.0
2030-08-21 04:15:00,0.0
2030-08-21 04:30:00,0.0
2030-08-21 04:45:00,0.0
2030-08-21 05:00:00,0.0
2030-08-21 05:15:00,0.0
2030-08-21 05:30:00,0.0
2030-08-21 05:45:00,0.0
2030-08-21 06:00:00,0.0
2030-08-21 06:15:00,0.0
2030-08-21 06:30:00,0.0
2030-08-21 06:45:00,0.0
2030-08-21 07:00:00,0.0
2030-08-21 07:15:00,0.0
2030-08-21 07:30:00,0.0
2030-08-21 07:45:00,0.0
2030-08-21 08:00:00,0.0
2030-08-21 08:15:00,0.0
2030-08-21 08:30:00,0.0
2030-08-21 08:45:00,0.0
2030-08-21 09:00:00,0.0
2030-08-21 09:15:00,0.0
2030-08-21 09:30:00,0.0
2030-08-21 09:45:00,0.0
2030-08-21 10:00:00,0.0
2030-08-21 10:15:00,0.0
2030-08-21 10:30:00,0.0
2030-08-21 10:45:00,0.0
2030-08-21 11:00:00,0.0
2030-08-21 11:15:00,0.0
2030-08-21 11:30:00,0.0
2030-08-21 11:45:00,0.0
2030-08-21 12:00:00,0.0
2030-08-21 12:15:00,0.0
2030-08-21 12:30:00,0.0
2030-08-21 12:45:00,0.0
2030-08-21 13:00:00,0.0
2030-08-21 13:15:00,0.0
2030-08-21 13:30:00,0.0
2030-08-21 13:45:00,0.0
2030-08-21 14:00:00,0.0
2030-08-21 14:15:00,0.0
2030-08-21 14:30:00,0.0
2030-08-21 14:45:00,0.0
2030-08-21 15:00:00,0.0
2030-08-21 15:15:00,0.0
2030-08-21 15:30:00,0.0
2030-08-21 15:45:00,0.0
2030-08-21 16:00:00,0.0
2030-08-21 16:15:00,0.0
2030-08-21 16:30:00,0.0
2030-08-21 16:45:00,0.0
2030-08-21 17:00:00,0.0
2030-08-21 17:15:00,0.0
2030-08-21 17:30:00,0.0
2030-08-21 17:45:00,0.0
2030-08-21 18:00:00,0.0
2030-08-21 18:15:00,0.0
2030-08-21 18:30:00,0.0
2030-08-21 18:45:00,0.0
2030-08-21 19:00:00,0.0
2030-08-21 19:15:00,0.0
2030-08-21 19:30:00,0.0
2030-08-21 19:45:00,0.0
2030-08-21 20:00:00,0.0
2030-08-21 20:15:00,0.0
2030-08-21 20:30:00,0.0
2030-08-21 20:45:00,0.0
2030-08-21 21:00:00,0.0
2030-08-21 21:15:00,0.0
2030-08-21 21:30:00,0.0
2030-08-21 21:45:00,0.0
2030-08-21 22:00:00,0.0
2030-08-21 22:15:00,0.0
2030-08-21 22:30:00,0.0
2030-08-21 22:45:00,0.0
2030-08-21 23:00:00,0.0
2030-08-21 23:15:00,0.0
2030-08-21 23:30:00,0.0
2030-08-21 23:45:00,0.0
2030-08-22 00:00:00,0.0
2030-08-22 00:15:00,0.0
2030-08-22 00:30:00,0.0
2030-08-22 00:45:00,0.0
2030-08-22 01:00:00,0.0
2030-08-22 01:15:00,0.0
2030-08-22 01:30:00,0.0
2030-08-22 01:45:00,0.0
2030-08-22 02:00:00,0.0
2030-08-22 02:15:00,0.0
2030-08-22 02:30:00,0.0
2030-08-22 02:45:00,0.0
2030-08-22 03:00:00,0.0
2030-08-22 03:15:00,0.0
2030-08-22 03:30:00,0.0
2030-08-22 03:45:00,0.0
2030-08-22 04:00:00,0.0
2030-08-22 04:15:00,0.0
2030-08-22 04:30:00,0.0
2030-08-22 04:45:00,0.0
2030-08-22 05:00:00,0.0
2030-08-22 05:15:00,0.0
2030-08-22 05:30:00,0.0
2030-08-22 05:45:00,0.0
2030-08-22 06:00:00,0.0
2030-08-22 06:15:00,0.0
2030-08-22 06:30:00,0.0
2030-08-22 06:45:00,0.0
2030-08-22 07:00:00,0.0
2030-08-22 07:15:00,0.0
2030-08-22 07:30:00,0.0
2030-08-22 07:45:00,0.0
2030-08-22 08:00:00,0.0
2030-08-22 08:15:00,0.0
2030-08-22 08:30:00,0.0
2030-08-22 08:45:00,0.0
2030-08-22 09:00:00,0.0
2030-08-22 09:15:00,0.0
2030-08-22 09:30:00,0.0
2030-08-22 09:45:00,0.0
2030-08-22 10:00:00,0.0
2030-08-22 10:15:00,0.0
2030-08-22 10:30:00,0.0
2030-08-22 10:45:00,0.0
2030-08-22 11:00:00,0.0
2030-08-22 11:15:00,0.0
2030-08-22 11:30:00,0.0
2030-08-22 11:45:00,0.0
2030-08-22 12:00:00,0.0
2030-08-22 12:15:00,0.0
2030-08-22 12:30:00,0.0
2030-08-22 12:45:00,0.0
2030-08-22 13:00:00,0.0
2030-08-22 13:15:00,0.0
2030-08-22 13:30:00,0.0
2030-08-22 13:45:00,0.0
2030-08-22 14:00:00,0.0
2030-08-22 14:15:00,0.0
2030-08-22 14:30:00,0.0
2030-08-22 14:45:00,0.0
2030-08-22 15:00:00,0.0
2030-08-22 15:15:00,0.0
2030-08-22 15:30:00,0.0
2030-08-22 15:45:00,0.0
2030-08-22 16:00:00,0.0
2030-08-22 16:15:00,0.0
2030-08-22 16:30:00,0.0
2030-08-22 16:45:00,0.0
2030-08-22 17:00:00,0.0
2030-08-22 17:15:00,0.0
2030-08-22 17:30:00,0.0
2030-08-22 17:45:00,0.0
2030-08-22 18:00:00,0.0
2030-08-22 18:15:00,0.0
2030-08-22 18:30:00,0.0
2030-08-22 18:45:00,0.0
2030-08-22 19:00:00,0.0
2030-08-22 19:15:00,0.0
2030-08-22 19:30:00,0.0
2030-08-22 19:45:00,0.0
2030-08-22 20:00:00,0.0
2030-08-22 20:15:00,0.0
2030-08-22 20:30:00,0.0
2030-08-22 20:45:00,0.0
2030-08-22 21:00:00,0.0
2030-08-22 21:15:00,0.0
2030-08-22 21:30:00,0.0
2030-08-22 21:45:00,0.0
2030-08-22 22:00:00,0.0
2030-08-22 22:15:00,0.0
2030-08-22 22:30:00,0.0
2030-08-22 22:45:00,0.0
2030-08-22 23:00:00,0.0
2030-08-22 23:15:00,0.0
2030-08-22 23:30:00,0.0
2030-08-22 23:45:00,0.0
2030-08-23 00:00:00,0.0
2030-08-23 00:15:00,0.0
2030-08-23 00:30:00,0.0
2030-08-23 00:45:00,0.0
2030-08-23 01:00:00,0.0
2030-08-23 01:15:00,0.0
2030-08-23 01:30:00,0.0
2030-08-23 01:45:00,0.0
2030-08-23 02:00:00,0.0
2030-08-23 02:15:00,0.0
2030-08-23 02:30:00,0.0
2030-08-23 02:45:00,0.0
2030-08-23 03:00:00,0.0
2030-08-23 03:15:00,0.0
2030-08-23 03:30:00,0.0
2030-08-23 03:45:00,0.0
2030-08-23 04:00:00,0.0
2030-08-23 04:15:00,0.0
2030-08-23 04:30:00,0.0
2030-08-23 04:45:00,0.0
2030-08-23 05:00:00,0.0
2030-08-23 05:15:00,0.0
2030-08-23 05:30:00,0.0
2030-08-23 05:45:00,0.0
2030-08-23 06:00:00,0.0
2030-08-23 06:15:00,0.0
2030-08-23 06:30:00,0.0
2030-08-23 06:45:00,0.0
2030-08-23 07:00:00,0.0
2030-08-23 07:15:00,0.0
2030-08-23 07:30:00,0.0
2030-08-23 07:45:00,0.0
2030-08-23 08:00:00,0.0
2030-08-23 08:15:00,0.0
2030-08-23 08:30:00,0.0
2030-08-23 08:45:00,0.0
2030-08-23 09:00:00,0.0
2030-08-23 09:15:00,0.0
2030-08-23 09:30:00,0.0
2030-08-23 09:45:00,0.0
2030-08-23 10:00:00,0.0
2030-08-23 10:15:00,0.0
2030-08-23 10:30:00,0.0
2030-08-23 10:45:00,0.0
2030-08-23 11:00:00,0.0
2030-08-23 11:15:00,0.0
2030-08-23 11:30:00,0.0
2030-08-23 11:45:00,0.0
2030-08-23 12:00:00,0.0
2030-08-23 12:15:00,0.0
2030-08-23 12:30:00,0.0
2030-08-23 12:45:00,0.0
2030-08-23 13:00:00,0.0
2030-08-23 13:15:00,0.0
2030-08-23 13:30:00,0.0
2030-08-23 13:45:00,0.0
2030-08-23 14:00:00,0.0
2030-08-23 14:15:00,0.0
2030-08-23 14:30:00,0.0
2030-08-23 14:45:00,0.0
2030-08-23 15:00:00,0.0
2030-08-23 15:15:00,0.0
2030-08-23 15:30:00,0.0
2030-08-23 15:45:00,0.0
2030-08-23 16:00:00,0.0
2030-08-23 16:15:00,0.0
2030-08-23 16:30:00,0.0
2030-08-23 16:45:00,0.0
2030-08-23 17:00:00,0.0
2030-08-23 17:15:00,0.0
2030-08-23 17:30:00,0.0
2030-08-23 17:45:00,0.0
2030-08-23 18:00:00,0.0
2030-08-23 18:15:00,0.0
2030-08-23 18:30:00,0.0
2030-08-23 18:45:00,0.0
2030-08-23 19:00:00,0.0
2030-08-23 19:15:00,0.0
2030-08-23 19:30:00,0.0
2030-08-23 19:45:00,0.0
2030-08-23 20:00:00,0.0
2030-08-23 20:15:00,0.0
2030-08-23 20:30:00,0.0
2030-08-23 20:45:00,0.0
2030-08-23 21:00:00,0.0
2030-08-23 21:15:00,0.0
2030-08-23 21:30:00,0.0
2030-08-23 21:45:00,0.0
2030-08-23 22:00:00,0.0
2030-08-23 22:15:00,0.0
2030-08-23 22:30:00,0.0
2030-08-23 22:45:00,0.0
2030-08-23 23:00:00,0.0
2030-08-23 23:15:00,0.0
2030-08-23 23:30:00,0.0
2030-08-23 23:45:00,0.0
2030-08-24 00:00:00,0.0
2030-08-24 00:15:00,0.0
2030-08-24 00:30:00,0.0
2030-08-24 00:45:00,0.0
2030-08-24 01:00:00,0.0
2030-08-24 01:15:00,0.0
2030-08-24 01:30:00,0.0
2030-08-24 01:45:00,0.0
2030-08-24 02:00:00,0.0
2030-08-24 02:15:00,0.0
2030-08-24 02:30:00,0.0
2030-08-24 02:45:00,0.0
2030-08-24 03:00:00,0.0
2030-08-24 03:15:00,0.0
2030-08-24 03:30:00,0.0
2030-08-24 03:45:00,0.0
2030-08-24 04:00:00,0.0
2030-08-24 04:15:00,0.0
2030-08-24 04:30:00,0.0
2030-08-24 04:45:00,0.0
2030-08-24 05:00:00,0.0
2030-08-24 05:15:00,0.0
2030-08-24 05:30:00,0.0
2030-08-24 05:45:00,0.0
2030-08-24 06:00:00,0.0
2030-08-24 06:15:00,0.0
2030-08-24 06:30:00,0.0
2030-08-24 06:45:00,0.0
2030-08-24 07:00:00,0.0
2030-08-24 07:15:00,0.0
2030-08-24 07:30:00,0.0
2030-08-24 07:45:00,0.0
2030-08-24 08:00:00,0.0
2030-08-24 08:15:00,0.0
2030-08-24 08:30:00,0.0
2030-08-24 08:45:00,0.0
2030-08-24 09:00:00,0.0
2030-08-24 09:15:00,30.089575373844127
2030-08-24 09:30:00,132.3608154067697
2030-08-24 09:45:00,184.2241286309236
2030-08-24 10:00:00,108.9678059929247
2030-08-24 10:15:00,138.99141777604382
2030-08-24 10:30:00,162.07815666644092
2030-08-24 10:45:00,290.827145670115
2030-08-24 11:00:00,298.32137306556615
2030-08-24 11:15:00,353.9341566813873
2030-08-24 11:30:00,463.79168038600073
2030-08-24 11:45:00,579.2784971967176
2030-08-24 12:00:00,598.1717463049608
2030-08-24 12:15:00,655.6953586172967
2030-08-24 12:30:00,750.0741254843833
2030-08-24 12:45:00,902.3885954916514
2030-08-24 13:00:00,933.2831738342411
2030-08-24 13:15:00,865.1568308985225
2030-08-24 13:30:00,596.8833316388918
2030-08-24 13:45:00,650.7058544659321
2030-08-24 14:00:00,824.7896250172089
2030-08-24 14:15:00,796.4112200134805
2030-08-24 14:30:00,524.925598469239
2030-08-24 14:45:00,159.54080389139926
2030-08-24 15:00:00,249.15324173042973
2030-08-24 15:15:00,332.0064015332264
2030-08-24 15:30:00,0.0
2030-08-24 15:45:00,0.0
2030-08-24 16:00:00,0.0
2030-08-24 16:15:00,0.0
2030-08-24 16:30:00,0.0
2030-08-24 16:45:00,0.0
2030-08-24 17:00:00,0.0
2030-08-24 17:15:00,0.0
2030-08-24 17:30:00,0.0
2030-08-24 17:45:00,0.0
2030-08-24 18:00:00,0.0
2030-08-24 18:15:00,0.0
2030-08-24 18:30:00,0.0
2030-08-24 18:45:00,0.0
2030-08-24 19:00:00,0.0
2030-08-24 19:15:00,0.0
2030-08-24 19:30:00,0.0
2030-08-24 19:45:00,0.0
2030-08-24 20:00:00,0.0
2030-08-24 20:15:00,0.0
2030-08-24 20:30:00,0.0
2030-08-24 20:45:00,0.0
2030-08-24 21:00:00,0.0
2030-08-24 21:15:00,0.0
2030-08-24 21:30:00,0.0
2030-08-24 21:45:00,0.0
2030-08-24 22:00:00,0.0
2030-08-24 22:15:00,0.0
2030-08-24 22:30:00,0.0
2030-08-24 22:45:00,0.0
2030-08-24 23:00:00,0.0
2030-08-24 23:15:00,0.0
2030-08-24 23:30:00,0.0
2030-08-24 23:45:00,0.0
2030-08-25 00:00:00,0.0
2030-08-25 00:15:00,0.0
2030-08-25 00:30:00,0.0
2030-08-25 00:45:00,0.0
2030-08-25 01:00:00,0.0
2030-08-25 01:15:00,0.0
2030-08-25 01:30:00,0.0
2030-08-25 01:45:00,0.0
2030-08-25 02:00:00,0.0
2030-08-25 02:15:00,0.0
2030-08-25 02:30:00,0.0
2030-08-25 02:45:00,0.0
2030-08-25 03:00:00,0.0
2030-08-25 03:15:00,0.0
2030-08-25 03:30:00,0.0
2030-08-25 03:45:00,0.0
2030-08-25 04:00:00,0.0
2030-08-25 04:15:00,0.0
2030-08-25 04:30:00,0.0
2030-08-25 04:45:00,0.0
2030-08-25 05:00:00,0.0
2030-08-25 05:15:00,0.0
2030-08-25 05:30:00,0.0
2030-08-25 05:45:00,0.0
2030-08-25 06:00:00,0.0
2030-08-25 06:15:00,0.0
2030-08-25 06:30:00,0.0
2030-08-25 06:45:00,0.0
2030-08-25 07:00:00,0.0
2030-08-25 07:15:00,0.0
2030-08-25 07:30:00,0.0
2030-08-25 07:45:00,0.0
2030-08-25 08:00:00,0.0
2030-08-25 08:15:00,0.0
2030-08-25 08:30:00,0.0
2030-08-25 08:45:00,0.0
2030-08-25 09:00:00,0.0
2030-08-25 09:15:00,0.0
2030-08-25 09:30:00,0.0
2030-08-25 09:45:00,0.0
2030-08-25 10:00:00,0.0
2030-08-25 10:15:00,0.0
2030-08-25 10:30:00,0.0
2030-08-25 10:45:00,0.0
2030-08-25 11:00:00,0.0
2030-08-25 11:15:00,0.0
2030-08-25 11:30:00,0.0
2030-08-25 11:45:00,0.0
2030-08-25 12:00:00,0.0
2030-08-25 12:15:00,0.0
2030-08-25 12:30:00,0.0
2030-08-25 12:45:00,0.0
2030-08-25 13:00:00,0.0
2030-08-25 13:15:00,0.0
2030-08-25 13:30:00,0.0
2030-08-25 13:45:00,0.0
2030-08-25 14:00:00,0.0
2030-08-25 14:15:00,0.0
2030-08-25 14:30:00,0.0
2030-08-25 14:45:00,0.0
2030-08-25 15:00:00,0.0
2030-08-25 15:15:00,0.0
2030-08-25 15:30:00,0.0
2030-08-25 15:45:00,0.0
2030-08-25 16:00:00,0.0
2030-08-25 16:15:00,0.0
2030-08-25 16:30:00,0.0
2030-08-25 16:45:00,0.0
2030-08-25 17:00:00,0.0
2030-08-25 17:15:00,0.0
2030-08-25 17:30:00,0.0
2030-08-25 17:45:00,0.0
2030-08-25 18:00:00,0.0
2030-08-25 18:15:00,0.0
2030-08-25 18:30:00,0.0
2030-08-25 18:45:00,0.0
2030-08-25 19:00:00,0.0
2030-08-25 19:15:00,0.0
2030-08-25 19:30:00,0.0
2030-08-25 19:45:00,0.0
2030-08-25 20:00:00,0.0
2030-08-25 20:15:00,0.0
2030-08-25 20:30:00,0.0
2030-08-25 20:45:00,0.0
2030-08-25 21:00:00,0.0
2030-08-25 21:15:00,0.0
2030-08-25 21:30:00,0.0
2030-08-25 21:45:00,0.0
2030-08-25 22:00:00,0.0
2030-08-25 22:15:00,0.0
2030-08-25 22:30:00,0.0
2030-08-25 22:45:00,0.0
2030-08-25 23:00:00,0.0
2030-08-25 23:15:00,0.0
2030-08-25 23:30:00,0.0
2030-08-25 23:45:00,0.0
2030-08-26 00:00:00,0.0
2030-08-26 00:15:00,0.0
2030-08-26 00:30:00,0.0
2030-08-26 00:45:00,0.0
2030-08-26 01:00:00,0.0
2030-08-26 01:15:00,0.0
2030-08-26 01:30:00,0.0
2030-08-26 01:45:00,0.0
2030-08-26 02:00:00,0.0
2030-08-26 02:15:00,0.0
2030-08-26 02:30:00,0.0
2030-08-26 02:45:00,0.0
2030-08-26 03:00:00,0.0
2030-08-26 03:15:00,0.0
2030-08-26 03:30:00,0.0
2030-08-26 03:45:00,0.0
2030-08-26 04:00:00,0.0
2030-08-26 04:15:00,0.0
2030-08-26 04:30:00,0.0
2030-08-26 04:45:00,0.0
2030-08-26 05:00:00,0.0
2030-08-26 05:15:00,0.0
2030-08-26 05:30:00,0.0
2030-08-26 05:45:00,0.0
2030-08-26 06:00:00,0.0
2030-08-26 06:15:00,0.0
2030-08-26 06:30:00,0.0
2030-08-26 06:45:00,0.0
2030-08-26 07:00:00,0.0
2030-08-26 07:15:00,0.0
2030-08-26 07:30:00,0.0
2030-08-26 07:45:00,0.0
2030-08-26 08:00:00,0.0
2030-08-26 08:15:00,0.0
2030-08-26 08:30:00,0.0
2030-08-26 08:45:00,0.0
2030-08-26 09:00:00,0.0
2030-08-26 09:15:00,0.0
2030-08-26 09:30:00,0.0
2030-08-26 09:45:00,0.0
2030-08-26 10:00:00,0.0
2030-08-26 10:15:00,0.0
2030-08-26 10:30:00,0.0
2030-08-26 10:45:00,0.0
2030-08-26 11:00:00,0.0
2030-08-26 11:15:00,0.0
2030-08-26 11:30:00,0.0
2030-08-26 11:45:00,0.0
2030-08-26 12:00:00,0.0
2030-08-26 12:15:00,0.0
2030-08-26 12:30:00,0.0
2030-08-26 12:45:00,0.0
2030-08-26 13:00:00,0.0
2030-08-26 13:15:00,0.0
2030-08-26 13:30:00,0.0
2030-08-26 13:45:00,0.0
2030-08-26 14:00:00,0.0
2030-08-26 14:15:00,0.0
2030-08-26 14:30:00,0.0
2030-08-26 14:45:00,0.0
2030-08-26 15:00:00,0.0
2030-08-26 15:15:00,0.0
2030-08-26 15:30:00,0.0
2030-08-26 15:45:00,0.0
2030-08-26 16:00:00,0.0
2030-08-26 16:15:00,0.0
2030-08-26 16:30:00,0.0
2030-08-26 16:45:00,0.0
2030-08-26 17:00:00,0.0
2030-08-26 17:15:00,0.0
2030-08-26 17:30:00,0.0
2030-08-26 17:45:00,0.0
2030-08-26 18:00:00,0.0
2030-08-26 18:15:00,0.0
2030-08-26 18:30:00,0.0
2030-08-26 18:45:00,0.0
2030-08-26 19:00:00,0.0
2030-08-26 19:15:00,0.0
2030-08-26 19:30:00,0.0
2030-08-26 19:45:00,0.0
2030-08-26 20:00:00,0.0
2030-08-26 20:15:00,0.0
2030-08-26 20:30:00,0.0
2030-08-26 20:45:00,0.0
2030-08-26 21:00:00,0.0
2030-08-26 21:15:00,0.0
2030-08-26 21:30:00,0.0
2030-08-26 21:45:00,0.0
2030-08-26 22:00:00,0.0
2030-08-26 22:15:00,0.0
2030-08-26 22:30:00,0.0
2030-08-26 22:45:00,0.0
2030-08-26 23:00:00,0.0
2030-08-26 23:15:00,0.0
2030-08-26 23:30:00,0.0
2030-08-26 23:45:00,0.0
2030-08-27 00:00:00,0.0
2030-08-27 00:15:00,0.0
2030-08-27 00:30:00,0.0
2030-08-27 00:45:00,0.0
2030-08-27 01:00:00,0.0
2030-08-27 01:15:00,0.0
2030-08-27 01:30:00,0.0
2030-08-27 01:45:00,0.0
2030-08-27 02:00:00,0.0
2030-08-27 02:15:00,0.0
2030-08-27 02:30:00,0.0
2030-08-27 02:45:00,0.0
2030-08-27 03:00:00,0.0
2030-08-27 03:15:00,0.0
2030-08-27 03:30:00,0.0
2030-08-27 03:45:00,0.0
2030-08-27 04:00:00,0.0
2030-08-27 04:15:00,0.0
2030-08-27 04:30:00,0.0
2030-08-27 04:45:00,0.0
2030-08-27 05:00:00,0.0
2030-08-27 05:15:00,0.0
2030-08-27 05:30:00,0.0
2030-08-27 05:45:00,0.0
2030-08-27 06:00:00,0.0
2030-08-27 06:15:00,0.0
2030-08-27 06:30:00,0.0
2030-08-27 06:45:00,0.0
2030-08-27 07:00:00,0.0
2030-08-27 07:15:00,0.0
2030-08-27 07:30:00,0.0
2030-08-27 07:45:00,0.0
2030-08-27 08:00:00,0.0
2030-08-27 08:15:00,0.0
2030-08-27 08:30:00,0.0
2030-08-27 08:45:00,0.0
2030-08-27 09:00:00,0.0
2030-08-27 09:15:00,0.0
2030-08-27 09:30:00,0.0
2030-08-27 09:45:00,0.0
2030-08-27 10:00:00,0.0
2030-08-27 10:15:00,0.0
2030-08-27 10:30:00,0.0
2030-08-27 10:45:00,0.0
2030-08-27 11:00:00,0.0
2030-08-27 11:15:00,0.0
2030-08-27 11:30:00,0.0
2030-08-27 11:45:00,0.0
2030-08-27 12:00:00,0.0
2030-08-27 12:15:00,0.0
2030-08-27 12:30:00,0.0
2030-08-27 12:45:00,0.0
2030-08-27 13:00:00,0.0
2030-08-27 13:15:00,0.0
2030-08-27 13:30:00,0.0
2030-08-27 13:45:00,0.0
2030-08-27 14:00:00,0.0
2030-08-27 14:15:00,0.0
2030-08-27 14:30:00,0.0
2030-08-27 14:45:00,0.0
2030-08-27 15:00:00,0.0
2030-08-27 15:15:00,0.0
2030-08-27 15:30:00,0.0
2030-08-27 15:45:00,0.0
2030-08-27 16:00:00,0.0
2030-08-27 16:15:00,0.0
2030-08-27 16:30:00,0.0
2030-08-27 16:45:00,0.0
2030-08-27 17:00:00,0.0
2030-08-27 17:15:00,0.0
2030-08-27 17:30:00,0.0
2030-08-27 17:45:00,0.0
2030-08-27 18:00:00,0.0
2030-08-27 18:15:00,0.0
2030-08-27 18:30:00,0.0
2030-08-27 18:45:00,0.0
2030-08-27 19:00:00,0.0
2030-08-27 19:15:00,0.0
2030-08-27 19:30:00,0.0
2030-08-27 19:45:00,0.0
2030-08-27 20:00:00,0.0
2030-08-27 20:15:00,0.0
2030-08-27 20:30:00,0.0
2030-08-27 20:45:00,0.0
2030-08-27 21:00:00,0.0
2030-08-27 21:15:00,0.0
2030-08-27 21:30:00,0.0
2030-08-27 21:45:00,0.0
2030-08-27 22:00:00,0.0
2030-08-27 22:15:00,0.0
2030-08-27 22:30:00,0.0
2030-08-27 22:45:00,0.0
2030-08-27 23:00:00,0.0
2030-08-27 23:15:00,0.0
2030-08-27 23:30:00,0.0
2030-08-27 23:45:00,0.0
2030-08-28 00:00:00,0.0
2030-08-28 00:15:00,0.0
2030-08-28 00:30:00,0.0
2030-08-28 00:45:00,0.0
2030-08-28 01:00:00,0.0
2030-08-28 01:15:00,0.0
2030-08-28 01:30:00,0.0
2030-08-28 01:45:00,0.0
2030-08-28 02:00:00,0.0
2030-08-28 02:15:00,0.0
2030-08-28 02:30:00,0.0
2030-08-28 02:45:00,0.0
2030-08-28 03:00:00,0.0
2030-08-28 03:15:00,0.0
2030-08-28 03:30:00,0.0
2030-08-28 03:45:00,0.0
2030-08-28 04:00:00,0.0
2030-08-28 04:15:00,0.0
2030-08-28 04:30:00,0.0
2030-08-28 04:45:00,0.0
2030-08-28 05:00:00,0.0
2030-08-28 05:15:00,0.0
2030-08-28 05:30:00,0.0
2030-08-28 05:45:00,0.0
2030-08-28 06:00:00,0.0
2030-08-28 06:15:00,0.0
2030-08-28 06:30:00,0.0
2030-08-28 06:45:00,0.0
2030-08-28 07:00:00,0.0
2030-08-28 07:15:00,0.0
2030-08-28 07:30:00,0.0
2030-08-28 07:45:00,0.0
2030-08-28 08:00:00,0.0
2030-08-28 08:15:00,0.0
2030-08-28 08:30:00,0.0
2030-08-28 08:45:00,0.0
2030-08-28 09:00:00,0.0
2030-08-28 09:15:00,0.0
2030-08-28 09:30:00,0.0
2030-08-28 09:45:00,0.0
2030-08-28 10:00:00,0.0
2030-08-28 10:15:00,0.0
2030-08-28 10:30:00,0.0
2030-08-28 10:45:00,0.0
2030-08-28 11:00:00,0.0
2030-08-28 11:15:00,0.0
2030-08-28 11:30:00,0.0
2030-08-28 11:45:00,0.0
2030-08-28 12:00:00,0.0
2030-08-28 12:15:00,0.0
2030-08-28 12:30:00,0.0
2030-08-28 12:45:00,0.0
2030-08-28 13:00:00,0.0
2030-08-28 13:15:00,0.0
2030-08-28 13:30:00,0.0
2030-08-28 13:45:00,0.0
2030-08-28 14:00:00,0.0
2030-08-28 14:15:00,0.0
2030-08-28 14:30:00,0.0
2030-08-28 14:45:00,0.0
2030-08-28 15:00:00,0.0
2030-08-28 15:15:00,0.0
2030-08-28 15:30:00,0.0
2030-08-28 15:45:00,0.0
2030-08-28 16:00:00,0.0
2030-08-28 16:15:00,0.0
2030-08-28 16:30:00,0.0
2030-08-28 16:45:00,0.0
2030-08-28 17:00:00,0.0
2030-08-28 17:15:00,0.0
2030-08-28 17:30:00,0.0
2030-08-28 17:45:00,0.0
2030-08-28 18:00:00,0.0
2030-08-28 18:15:00,0.0
2030-08-28 18:30:00,0.0
2030-08-28 18:45:00,0.0
2030-08-28 19:00:00,0.0
2030-08-28 19:15:00,0.0
2030-08-28 19:30:00,0.0
2030-08-28 19:45:00,0.0
2030-08-28 20:00:00,0.0
2030-08-28 20:15:00,0.0
2030-08-28 20:30:00,0.0
2030-08-28 20:45:00,0.0
2030-08-28 21:00:00,0.0
2030-08-28 21:15:00,0.0
2030-08-28 21:30:00,0.0
2030-08-28 21:45:00,0.0
2030-08-28 22:00:00,0.0
2030-08-28 22:15:00,0.0
2030-08-28 22:30:00,0.0
2030-08-28 22:45:00,0.0
2030-08-28 23:00:00,0.0
2030-08-28 23:15:00,0.0
2030-08-28 23:30:00,0.0
2030-08-28 23:45:00,0.0
2030-08-29 00:00:00,0.0
2030-08-29 00:15:00,0.0
2030-08-29 00:30:00,0.0
2030-08-29 00:45:00,0.0
2030-08-29 01:00:00,0.0
2030-08-29 01:15:00,0.0
2030-08-29 01:30:00,0.0
2030-08-29 01:45:00,0.0
2030-08-29 02:00:00,0.0
2030-08-29 02:15:00,0.0
2030-08-29 02:30:00,0.0
2030-08-29 02:45:00,0.0
2030-08-29 03:00:00,0.0
2030-08-29 03:15:00,0.0
2030-08-29 03:30:00,0.0
2030-08-29 03:45:00,0.0
2030-08-29 04:00:00,0.0
2030-08-29 04:15:00,0.0
2030-08-29 04:30:00,0.0
2030-08-29 04:45:00,0.0
2030-08-29 05:00:00,0.0
2030-08-29 05:15:00,0.0
2030-08-29 05:30:00,0.0
2030-08-29 05:45:00,0.0
2030-08-29 06:00:00,0.0
2030-08-29 06:15:00,0.0
2030-08-29 06:30:00,0.0
2030-08-29 06:45:00,0.0
2030-08-29 07:00:00,0.0
2030-08-29 07:15:00,0.0
2030-08-29 07:30:00,0.0
2030-08-29 07:45:00,0.0
2030-08-29 08:00:00,0.0
2030-08-29 08:15:00,0.0
2030-08-29 08:30:00,0.0
2030-08-29 08:45:00,0.0
2030-08-29 09:00:00,0.0
2030-08-29 09:15:00,0.0
2030-08-29 09:30:00,0.0
2030-08-29 09:45:00,0.0
2030-08-29 10:00:00,0.0
2030-08-29 10:15:00,0.0
2030-08-29 10:30:00,0.0
2030-08-29 10:45:00,0.0
2030-08-29 11:00:00,0.0
2030-08-29 11:15:00,0.0
2030-08-29 11:30:00,0.0
2030-08-29 11:45:00,0.0
2030-08-29 12:00:00,0.0
2030-08-29 12:15:00,0.0
2030-08-29 12:30:00,0.0
2030-08-29 12:45:00,0.0
2030-08-29 13:00:00,0.0
2030-08-29 13:15:00,0.0
2030-08-29 13:30:00,0.0
2030-08-29 13:45:00,0.0
2030-08-29 14:00:00,0.0
2030-08-29 14:15:00,0.0
2030-08-29 14:30:00,0.0
2030-08-29 14:45:00,0.0
2030-08-29 15:00:00,0.0
2030-08-29 15:15:00,0.0
2030-08-29 15:30:00,0.0
2030-08-29 15:45:00,0.0
2030-08-29 16:00:00,0.0
2030-08-29 16:15:00,0.0
2030-08-29 16:30:00,0.0
2030-08-29 16:45:00,0.0
2030-08-29 17:00:00,0.0
2030-08-29 17:15:00,0.0
2030-08-29 17:30:00,0.0
2030-08-29 17:45:00,0.0
2030-08-29 18:00:00,0.0
2030-08-29 18:15:00,0.0
2030-08-29 18:30:00,0.0
2030-08-29 18:45:00,0.0
2030-08-29 19:00:00,0.0
2030-08-29 19:15:00,0.0
2030-08-29 19:30:00,0.0
2030-08-29 19:45:00,0.0
2030-08-29 20:00:00,0.0
2030-08-29 20:15:00,0.0
2030-08-29 20:30:00,0.0
2030-08-29 20:45:00,0.0
2030-08-29 21:00:00,0.0
2030-08-29 21:15:00,0.0
2030-08-29 21:30:00,0.0
2030-08-29 21:45:00,0.0
2030-08-29 22:00:00,0.0
2030-08-29 22:15:00,0.0
2030-08-29 22:30:00,0.0
2030-08-29 22:45:00,0.0
2030-08-29 23:00:00,0.0
2030-08-29 23:15:00,0.0
2030-08-29 23:30:00,0.0
2030-08-29 23:45:00,0.0
2030-08-30 00:00:00,0.0
2030-08-30 00:15:00,0.0
2030-08-30 00:30:00,0.0
2030-08-30 00:45:00,0.0
2030-08-30 01:00:00,0.0
2030-08-30 01:15:00,0.0
2030-08-30 01:30:00,0.0
2030-08-30 01:45:00,0.0
2030-08-30 02:00:00,0.0
2030-08-30 02:15:00,0.0
2030-08-30 02:30:00,0.0
2030-08-30 02:45:00,0.0
2030-08-30 03:00:00,0.0
2030-08-30 03:15:00,0.0
2030-08-30 03:30:00,0.0
2030-08-30 03:45:00,0.0
2030-08-30 04:00:00,0.0
2030-08-30 04:15:00,0.0
2030-08-30 04:30:00,0.0
2030-08-30 04:45:00,0.0
2030-08-30 05:00:00,0.0
2030-08-30 05:15:00,0.0
2030-08-30 05:30:00,0.0
2030-08-30 05:45:00,0.0
2030-08-30 06:00:00,0.0
2030-08-30 06:15:00,0.0
2030-08-30 06:30:00,0.0
2030-08-30 06:45:00,0.0
2030-08-30 07:00:00,0.0
2030-08-30 07:15:00,0.0
2030-08-30 07:30:00,0.0
2030-08-30 07:45:00,0.0
2030-08-30 08:00:00,0.0
2030-08-30 08:15:00,36.5101527391198
2030-08-30 08:30:00,53.745027228051185
2030-08-30 08:45:00,83.43577561235725
2030-08-30 09:00:00,57.03754667243629
2030-08-30 09:15:00,19.173976749814756
2030-08-30 09:30:00,91.30726310568934
2030-08-30 09:45:00,72.8351149256323
2030-08-30 10:00:00,63.982671838022725
2030-08-30 10:15:00,91.90846033501475
2030-08-30 10:30:00,112.98435293440707
2030-08-30 10:45:00,259.54771573802645
2030-08-30 11:00:00,364.35871697542643
2030-08-30 11:15:00,305.13256601125977
2030-08-30 11:30:00,419.96919302407514
2030-08-30 11:45:00,429.45718206441234
2030-08-30 12:00:00,447.5611456296283
2030-08-30 12:15:00,302.49963417356776
2030-08-30 12:30:00,136.53801340084283
2030-08-30 12:45:00,87.76586081798996
2030-08-30 13:00:00,56.127357204859436
2030-08-30 13:15:00,0.0
2030-08-30 13:30:00,0.0
2030-08-30 13:45:00,0.0
2030-08-30 14:00:00,0.0
2030-08-30 14:15:00,0.0
2030-08-30 14:30:00,0.0
2030-08-30 14:45:00,0.0
2030-08-30 15:00:00,0.0
2030-08-30 15:15:00,0.0
2030-08-30 15:30:00,0.0
2030-08-30 15:45:00,0.0
2030-08-30 16:00:00,0.0
2030-08-30 16:15:00,0.0
2030-08-30 16:30:00,0.0
2030-08-30 16:45:00,0.0
2030-08-30 17:00:00,0.0
2030-08-30 17:15:00,0.0
2030-08-30 17:30:00,0.0
2030-08-30 17:45:00,0.0
2030-08-30 18:00:00,0.0
2030-08-30 18:15:00,0.0
2030-08-30 18:30:00,0.0
2030-08-30 18:45:00,0.0
2030-08-30 19:00:00,0.0
2030-08-30 19:15:00,0.0
2030-08-30 19:30:00,0.0
2030-08-30 19:45:00,0.0
2030-08-30 20:00:00,0.0
2030-08-30 20:15:00,0.0
2030-08-30 20:30:00,0.0
2030-08-30 20:45:00,0.0
2030-08-30 21:00:00,0.0
2030-08-30 21:15:00,0.0
2030-08-30 21:30:00,0.0
2030-08-30 21:45:00,0.0
2030-08-30 22:00:00,0.0
2030-08-30 22:15:00,0.0
2030-08-30 22:30:00,0.0
2030-08-30 22:45:00,0.0
2030-08-30 23:00:00,0.0
2030-08-30 23:15:00,0.0
2030-08-30 23:30:00,0.0
2030-08-30 23:45:00,0.0
2030-08-31 00:00:00,0.0
2030-08-31 00:15:00,0.0
2030-08-31 00:30:00,0.0
2030-08-31 00:45:00,0.0
2030-08-31 01:00:00,0.0
2030-08-31 01:15:00,0.0
2030-08-31 01:30:00,0.0
2030-08-31 01:45:00,0.0
2030-08-31 02:00:00,0.0
2030-08-31 02:15:00,0.0
2030-08-31 02:30:00,0.0
2030-08-31 02:45:00,0.0
2030-08-31 03:00:00,0.0
2030-08-31 03:15:00,0.0
2030-08-31 03:30:00,0.0
2030-08-31 03:45:00,0.0
2030-08-31 04:00:00,0.0
2030-08-31 04:15:00,0.0
2030-08-31 04:30:00,0.0
2030-08-31 04:45:00,0.0
2030-08-31 05:00:00,0.0
2030-08-31 05:15:00,0.0
2030-08-31 05:30:00,0.0
2030-08-31 05:45:00,0.0
2030-08-31 06:00:00,0.0
2030-08-31 06:15:00,0.0
2030-08-31 06:30:00,0.0
2030-08-31 06:45:00,0.0
2030-08-31 07:00:00,0.0
2030-08-31 07:15:00,0.0
2030-08-31 07:30:00,0.0
2030-08-31 07:45:00,0.0
2030-08-31 08:00:00,0.0
2030-08-31 08:15:00,0.0
2030-08-31 08:30:00,170.01327638955263
2030-08-31 08:45:00,317.5769860665205
2030-08-31 09:00:00,403.6388237868705
2030-08-31 09:15:00,620.4429782472089
2030-08-31 09:30:00,665.4730823806822
2030-08-31 09:45:00,554.2464217030047
2030-08-31 10:00:00,467.0813424967546
2030-08-31 10:15:00,430.1012031280625
2030-08-31 10:30:00,488.1473295268588
2030-08-31 10:45:00,450.24059595806466
2030-08-31 11:00:00,348.1116735925716
2030-08-31 11:15:00,360.21582964744266
2030-08-31 11:30:00,549.3918945353544
2030-08-31 11:45:00,602.9301851445289
2030-08-31 12:00:00,363.38665063544977
2030-08-31 12:15:00,421.76468518290494
2030-08-31 12:30:00,467.5732757601454
2030-08-31 12:45:00,338.55580661856584
2030-08-31 13:00:00,377.7878821685281
2030-08-31 13:15:00,170.67082156808465
2030-08-31 13:30:00,0.0
2030-08-31 13:45:00,0.0
2030-08-31 14:00:00,0.0
2030-08-31 14:15:00,0.0
2030-08-31 14:30:00,0.0
2030-08-31 14:45:00,0.0
2030-08-31 15:00:00,0.0
2030-08-31 15:15:00,0.0
2030-08-31 15:30:00,0.0
2030-08-31 15:45:00,0.0
2030-08-31 16:00:00,0.0
2030-08-31 16:15:00,0.0
2030-08-31 16:30:00,0.0
2030-08-31 16:45:00,0.0
2030-08-31 17:00:00,0.0
2030-08-31 17:15:00,0.0
2030-08-31 17:30:00,0.0
2030-08-31 17:45:00,0.0
2030-08-31 18:00:00,0.0
2030-08-31 18:15:00,0.0
2030-08-31 18:30:00,0.0
2030-08-31 18:45:00,0.0
2030-08-31 19:00:00,0.0
2030-08-31 19:15:00,0.0
2030-08-31 19:30:00,0.0
2030-08-31 19:45:00,0.0
2030-08-31 20:00:00,0.0
2030-08-31 20:15:00,0.0
2030-08-31 20:30:00,0.0
2030-08-31 20:45:00,0.0
2030-08-31 21:00:00,0.0
2030-08-31 21:15:00,0.0
2030-08-31 21:30:00,0.0
2030-08-31 21:45:00,0.0
2030-08-31 22:00:00,0.0
2030-08-31 22:15:00,0.0
2030-08-31 22:30:00,0.0
2030-08-31 22:45:00,0.0
2030-08-31 23:00:00,0.0
2030-08-31 23:15:00,0.0
2030-08-31 23:30:00,0.0
2030-08-31 23:45:00,0.0
2030-09-01 00:00:00,0.0
2030-09-01 00:15:00,0.0
2030-09-01 00:30:00,0.0
2030-09-01 00:45:00,0.0
2030-09-01 01:00:00,0.0
2030-09-01 01:15:00,0.0
2030-09-01 01:30:00,0.0
2030-09-01 01:45:00,0.0
2030-09-01 02:00:00,0.0
2030-09-01 02:15:00,0.0
2030-09-01 02:30:00,0.0
2030-09-01 02:45:00,0.0
2030-09-01 03:00:00,0.0
2030-09-01 03:15:00,0.0
2030-09-01 03:30:00,0.0
2030-09-01 03:45:00,0.0
2030-09-01 04:00:00,0.0
2030-09-01 04:15:00,0.0
2030-09-01 04:30:00,0.0
2030-09-01 04:45:00,0.0
2030-09-01 05:00:00,0.0
2030-09-01 05:15:00,0.0
2030-09-01 05:30:00,0.0
2030-09-01 05:45:00,0.0
2030-09-01 06:00:00,0.0
2030-09-01 06:15:00,0.0
2030-09-01 06:30:00,0.0
2030-09-01 06:45:00,0.0
2030-09-01 07:00:00,0.0
2030-09-01 07:15:00,0.0
2030-09-01 07:30:00,0.0
2030-09-01 07:45:00,0.0
2030-09-01 08:00:00,0.0
2030-09-01 08:15:00,0.0
2030-09-01 08:30:00,0.0
2030-09-01 08:45:00,0.0
2030-09-01 09:00:00,0.0
2030-09-01 09:15:00,0.0
2030-09-01 09:30:00,0.0
2030-09-01 09:45:00,0.0
2030-09-01 10:00:00,0.0
2030-09-01 10:15:00,0.0
2030-09-01 10:30:00,0.0
2030-09-01 10:45:00,0.0
2030-09-01 11:00:00,0.0
2030-09-01 11:15:00,0.0
2030-09-01 11:30:00,0.0
2030-09-01 11:45:00,0.0
2030-09-01 12:00:00,0.0
2030-09-01 12:15:00,0.0
2030-09-01 12:30:00,0.0
2030-09-01 12:45:00,0.0
2030-09-01 13:00:00,0.0
2030-09-01 13:15:00,0.0
2030-09-01 13:30:00,0.0
2030-09-01 13:45:00,0.0
2030-09-01 14:00:00,0.0
2030-09-01 14:15:00,0.0
2030-09-01 14:30:00,0.0
2030-09-01 14:45:00,0.0
2030-09-01 15:00:00,0.0
2030-09-01 15:15:00,0.0
2030-09-01 15:30:00,0.0
2030-09-01 15:45:00,0.0
2030-09-01 16:00:00,0.0
2030-09-01 16:15:00,0.0
2030-09-01 16:30:00,0.0
2030-09-01 16:45:00,0.0
2030-09-01 17:00:00,0.0
2030-09-01 17:15:00,0.0
2030-09-01 17:30:00,0.0
2030-09-01 17:45:00,0.0
2030-09-01 18:00:00,0.0
2030-09-01 18:15:00,0.0
2030-09-01 18:30:00,0.0
2030-09-01 18:45:00,0.0
2030-09-01 19:00:00,0.0
2030-09-01 19:15:00,0.0
2030-09-01 19:30:00,0.0
2030-09-01 19:45:00,0.0
2030-09-01 20:00:00,0.0
2030-09-01 20:15:00,0.0
2030-09-01 20:30:00,0.0
2030-09-01 20:45:00,0.0
2030-09-01 21:00:00,0.0
2030-09-01 21:15:00,0.0
2030-09-01 21:30:00,0.0
2030-09-01 21:45:00,0.0
2030-09-01 22:00:00,0.0
2030-09-01 22:15:00,0.0
2030-09-01 22:30:00,0.0
2030-09-01 22:45:00,0.0
2030-09-01 23:00:00,0.0
2030-09-01 23:15:00,0.0
2030-09-01 23:30:00,0.0
2030-09-01 23:45:00,0.0
2030-09-02 00:00:00,0.0
2030-09-02 00:15:00,0.0
2030-09-02 00:30:00,0.0
2030-09-02 00:45:00,0.0
2030-09-02 01:00:00,0.0
2030-09-02 01:15:00,0.0
2030-09-02 01:30:00,0.0
2030-09-02 01:45:00,0.0
2030-09-02 02:00:00,0.0
2030-09-02 02:15:00,0.0
2030-09-02 02:30:00,0.0
2030-09-02 02:45:00,0.0
2030-09-02 03:00:00,0.0
2030-09-02 03:15:00,0.0
2030-09-02 03:30:00,0.0
2030-09-02 03:45:00,0.0
2030-09-02 04:00:00,0.0
2030-09-02 04:15:00,0.0
2030-09-02 04:30:00,0.0
2030-09-02 04:45:00,0.0
2030-09-02 05:00:00,0.0
2030-09-02 05:15:00,0.0
2030-09-02 05:30:00,0.0
2030-09-02 05:45:00,0.0
2030-09-02 06:00:00,0.0
2030-09-02 06:15:00,0.0
2030-09-02 06:30:00,0.0
2030-09-02 06:45:00,0.0
2030-09-02 07:00:00,0.0
2030-09-02 07:15:00,0.0
2030-09-02 07:30:00,0.0
2030-09-02 07:45:00,0.0
2030-09-02 08:00:00,0.0
2030-09-02 08:15:00,0.0
2030-09-02 08:30:00,0.0
2030-09-02 08:45:00,0.0
2030-09-02 09:00:00,0.0
2030-09-02 09:15:00,0.0
2030-09-02 09:30:00,0.0
2030-09-02 09:45:00,0.0
2030-09-02 10:00:00,0.0
2030-09-02 10:15:00,0.0
2030-09-02 10:30:00,0.0
2030-09-02 10:45:00,0.0
2030-09-02 11:00:00,0.0
2030-09-02 11:15:00,0.0
2030-09-02 11:30:00,0.0
2030-09-02 11:45:00,0.0
2030-09-02 12:00:00,0.0
2030-09-02 12:15:00,0.0
2030-09-02 12:30:00,0.0
2030-09-02 12:45:00,0.0
2030-09-02 13:00:00,0.0
2030-09-02 13:15:00,0.0
2030-09-02 13:30:00,0.0
2030-09-02 13:45:00,0.0
2030-09-02 14:00:00,0.0
2030-09-02 14:15:00,0.0
2030-09-02 14:30:00,0.0
2030-09-02 14:45:00,0.0
2030-09-02 15:00:00,0.0
2030-09-02 15:15:00,0.0
2030-09-02 15:30:00,0.0
2030-09-02 15:45:00,0.0
2030-09-02 16:00:00,0.0
2030-09-02 16:15:00,0.0
2030-09-02 16:30:00,0.0
2030-09-02 16:45:00,0.0
2030-09-02 17:00:00,0.0
2030-09-02 17:15:00,0.0
2030-09-02 17:30:00,0.0
2030-09-02 17:45:00,0.0
2030-09-02 18:00:00,0.0
2030-09-02 18:15:00,0.0
2030-09-02 18:30:00,0.0
2030-09-02 18:45:00,0.0
2030-09-02 19:00:00,0.0
2030-09-02 19:15:00,0.0
2030-09-02 19:30:00,0.0
2030-09-02 19:45:00,0.0
2030-09-02 20:00:00,0.0
2030-09-02 20:15:00,0.0
2030-09-02 20:30:00,0.0
2030-09-02 20:45:00,0.0
2030-09-02 21:00:00,0.0
2030-09-02 21:15:00,0.0
2030-09-02 21:30:00,0.0
2030-09-02 21:45:00,0.0
2030-09-02 22:00:00,0.0
2030-09-02 22:15:00,0.0
2030-09-02 22:30:00,0.0
2030-09-02 22:45:00,0.0
2030-09-02 23:00:00,0.0
2030-09-02 23:15:00,0.0
2030-09-02 23:30:00,0.0
2030-09-02 23:45:00,0.0
2030-09-03 00:00:00,0.0
2030-09-03 00:15:00,0.0
2030-09-03 00:30:00,0.0
2030-09-03 00:45:00,0.0
2030-09-03 01:00:00,0.0
2030-09-03 01:15:00,0.0
2030-09-03 01:30:00,0.0
2030-09-03 01:45:00,0.0
2030-09-03 02:00:00,0.0
2030-09-03 02:15:00,0.0
2030-09-03 02:30:00,0.0
2030-09-03 02:45:00,0.0
2030-09-03 03:00:00,0.0
2030-09-03 03:15:00,0.0
2030-09-03 03:30:00,0.0
2030-09-03 03:45:00,0.0
2030-09-03 04:00:00,0.0
2030-09-03 04:15:00,0.0
2030-09-03 04:30:00,0.0
2030-09-03 04:45:00,0.0
2030-09-03 05:00:00,0.0
2030-09-03 05:15:00,0.0
2030-09-03 05:30:00,0.0
2030-09-03 05:45:00,0.0
2030-09-03 06:00:00,0.0
2030-09-03 06:15:00,0.0
2030-09-03 06:30:00,0.0
2030-09-03 06:45:00,0.0
2030-09-03 07:00:00,0.0
2030-09-03 07:15:00,0.0
2030-09-03 07:30:00,0.0
2030-09-03 07:45:00,0.0
2030-09-03 08:00:00,0.0
2030-09-03 08:15:00,0.0
2030-09-03 08:30:00,0.0
2030-09-03 08:45:00,0.0
2030-09-03 09:00:00,0.0
2030-09-03 09:15:00,0.0
2030-09-03 09:30:00,0.0
2030-09-03 09:45:00,0.0
2030-09-03 10:00:00,0.0
2030-09-03 10:15:00,0.0
2030-09-03 10:30:00,0.0
2030-09-03 10:45:00,0.0
2030-09-03 11:00:00,0.0
2030-09-03 11:15:00,0.0
2030-09-03 11:30:00,0.0
2030-09-03 11:45:00,0.0
2030-09-03 12:00:00,0.0
2030-09-03 12:15:00,0.0
2030-09-03 12:30:00,0.0
2030-09-03 12:45:00,0.0
2030-09-03 13:00:00,0.0
2030-09-03 13:15:00,0.0
2030-09-03 13:30:00,0.0
2030-09-03 13:45:00,0.0
2030-09-03 14:00:00,0.0
2030-09-03 14:15:00,0.0
2030-09-03 14:30:00,0.0
2030-09-03 14:45:00,0.0
2030-09-03 15:00:00,0.0
2030-09-03 15:15:00,0.0
2030-09-03 15:30:00,0.0
2030-09-03 15:45:00,0.0
2030-09-03 16:00:00,0.0
2030-09-03 16:15:00,0.0
2030-09-03 16:30:00,0.0
2030-09-03 16:45:00,0.0
2030-09-03 17:00:00,0.0
2030-09-03 17:15:00,0.0
2030-09-03 17:30:00,0.0
2030-09-03 17:45:00,0.0
2030-09-03 18:00:00,0.0
2030-09-03 18:15:00,0.0
2030-09-03 18:30:00,0.0
2030-09-03 18:45:00,0.0
2030-09-03 19:00:00,0.0
2030-09-03 19:15:00,0.0
2030-09-03 19:30:00,0.0
2030-09-03 19:45:00,0.0
2030-09-03 20:00:00,0.0
2030-09-03 20:15:00,0.0
2030-09-03 20:30:00,0.0
2030-09-03 20:45:00,0.0
2030-09-03 21:00:00,0.0
2030-09-03 21:15:00,0.0
2030-09-03 21:30:00,0.0
2030-09-03 21:45:00,0.0
2030-09-03 22:00:00,0.0
2030-09-03 22:15:00,0.0
2030-09-03 22:30:00,0.0
2030-09-03 22:45:00,0.0
2030-09-03 23:00:00,0.0
2030-09-03 23:15:00,0.0
2030-09-03 23:30:00,0.0
2030-09-03 23:45:00,0.0
2030-09-04 00:00:00,0.0
2030-09-04 00:15:00,0.0
2030-09-04 00:30:00,0.0
2030-09-04 00:45:00,0.0
2030-09-04 01:00:00,0.0
2030-09-04 01:15:00,0.0
2030-09-04 01:30:00,0.0
2030-09-04 01:45:00,0.0
2030-09-04 02:00:00,0.0
2030-09-04 02:15:00,0.0
2030-09-04 02:30:00,0.0
2030-09-04 02:45:00,0.0
2030-09-04 03:00:00,0.0
2030-09-04 03:15:00,0.0
2030-09-04 03:30:00,0.0
2030-09-04 03:45:00,0.0
2030-09-04 04:00:00,0.0
2030-09-04 04:15:00,0.0
2030-09-04 04:30:00,0.0
2030-09-04 04:45:00,0.0
2030-09-04 05:00:00,0.0
2030-09-04 05:15:00,0.0
2030-09-04 05:30:00,0.0
2030-09-04 05:45:00,0.0
2030-09-04 06:00:00,0.0
2030-09-04 06:15:00,0.0
2030-09-04 06:30:00,0.0
2030-09-04 06:45:00,0.0
2030-09-04 07:00:00,0.0
2030-09-04 07:15:00,0.0
2030-09-04 07:30:00,0.0
2030-09-04 07:45:00,0.0
2030-09-04 08:00:00,0.0
2030-09-04 08:15:00,0.0
2030-09-04 08:30:00,0.0
2030-09-04 08:45:00,0.0
2030-09-04 09:00:00,0.0
2030-09-04 09:15:00,0.0
2030-09-04 09:30:00,0.0
2030-09-04 09:45:00,0.0
2030-09-04 10:00:00,0.0
2030-09-04 10:15:00,0.0
2030-09-04 10:30:00,0.0
2030-09-04 10:45:00,0.0
2030-09-04 11:00:00,0.0
2030-09-04 11:15:00,0.0
2030-09-04 11:30:00,0.0
2030-09-04 11:45:00,0.0
2030-09-04 12:00:00,0.0
2030-09-04 12:15:00,0.0
2030-09-04 12:30:00,0.0
2030-09-04 12:45:00,0.0
2030-09-04 13:00:00,0.0
2030-09-04 13:15:00,0.0
2030-09-04 13:30:00,0.0
2030-09-04 13:45:00,0.0
2030-09-04 14:00:00,0.0
2030-09-04 14:15:00,0.0
2030-09-04 14:30:00,0.0
2030-09-04 14:45:00,0.0
2030-09-04 15:00:00,0.0
2030-09-04 15:15:00,0.0
2030-09-04 15:30:00,0.0
2030-09-04 15:45:00,0.0
2030-09-04 16:00:00,0.0
2030-09-04 16:15:00,0.0
2030-09-04 16:30:00,0.0
2030-09-04 16:45:00,0.0
2030-09-04 17:00:00,0.0
2030-09-04 17:15:00,0.0
2030-09-04 17:30:00,0.0
2030-09-04 17:45:00,0.0
2030-09-04 18:00:00,0.0
2030-09-04 18:15:00,0.0
2030-09-04 18:30:00,0.0
2030-09-04 18:45:00,0.0
2030-09-04 19:00:00,0.0
2030-09-04 19:15:00,0.0
2030-09-04 19:30:00,0.0
2030-09-04 19:45:00,0.0
2030-09-04 20:00:00,0.0
2030-09-04 20:15:00,0.0
2030-09-04 20:30:00,0.0
2030-09-04 20:45:00,0.0
2030-09-04 21:00:00,0.0
2030-09-04 21:15:00,0.0
2030-09-04 21:30:00,0.0
2030-09-04 21:45:00,0.0
2030-09-04 22:00:00,0.0
2030-09-04 22:15:00,0.0
2030-09-04 22:30:00,0.0
2030-09-04 22:45:00,0.0
2030-09-04 23:00:00,0.0
2030-09-04 23:15:00,0.0
2030-09-04 23:30:00,0.0
2030-09-04 23:45:00,0.0
2030-09-05 00:00:00,0.0
2030-09-05 00:15:00,0.0
2030-09-05 00:30:00,0.0
2030-09-05 00:45:00,0.0
2030-09-05 01:00:00,0.0
2030-09-05 01:15:00,0.0
2030-09-05 01:30:00,0.0
2030-09-05 01:45:00,0.0
2030-09-05 02:00:00,0.0
2030-09-05 02:15:00,0.0
2030-09-05 02:30:00,0.0
2030-09-05 02:45:00,0.0
2030-09-05 03:00:00,0.0
2030-09-05 03:15:00,0.0
2030-09-05 03:30:00,0.0
2030-09-05 03:45:00,0.0
2030-09-05 04:00:00,0.0
2030-09-05 04:15:00,0.0
2030-09-05 04:30:00,0.0
2030-09-05 04:45:00,0.0
2030-09-05 05:00:00,0.0
2030-09-05 05:15:00,0.0
2030-09-05 05:30:00,0.0
2030-09-05 05:45:00,0.0
2030-09-05 06:00:00,0.0
2030-09-05 06:15:00,0.0
2030-09-05 06:30:00,0.0
2030-09-05 06:45:00,0.0
2030-09-05 07:00:00,0.0
2030-09-05 07:15:00,0.0
2030-09-05 07:30:00,0.0
2030-09-05 07:45:00,0.0
2030-09-05 08:00:00,0.0
2030-09-05 08:15:00,0.0
2030-09-05 08:30:00,0.0
2030-09-05 08:45:00,0.0
2030-09-05 09:00:00,0.0
2030-09-05 09:15:00,0.0
2030-09-05 09:30:00,0.0
2030-09-05 09:45:00,0.0
2030-09-05 10:00:00,0.0
2030-09-05 10:15:00,0.0
2030-09-05 10:30:00,0.0
2030-09-05 10:45:00,0.0
2030-09-05 11:00:00,0.0
2030-09-05 11:15:00,0.0
2030-09-05 11:30:00,0.0
2030-09-05 11:45:00,0.0
2030-09-05 12:00:00,0.0
2030-09-05 12:15:00,0.0
2030-09-05 12:30:00,0.0
2030-09-05 12:45:00,0.0
2030-09-05 13:00:00,0.0
2030-09-05 13:15:00,0.0
2030-09-05 13:30:00,0.0
2030-09-05 13:45:00,0.0
2030-09-05 14:00:00,0.0
2030-09-05 14:15:00,0.0
2030-09-05 14:30:00,0.0
2030-09-05 14:45:00,0.0
2030-09-05 15:00:00,0.0
2030-09-05 15:15:00,0.0
2030-09-05 15:30:00,0.0
2030-09-05 15:45:00,0.0
2030-09-05 16:00:00,0.0
2030-09-05 16:15:00,0.0
2030-09-05 16:30:00,0.0
2030-09-05 16:45:00,0.0
2030-09-05 17:00:00,0.0
2030-09-05 17:15:00,0.0
2030-09-05 17:30:00,0.0
2030-09-05 17:45:00,0.0
2030-09-05 18:00:00,0.0
2030-09-05 18:15:00,0.0
2030-09-05 18:30:00,0.0
2030-09-05 18:45:00,0.0
2030-09-05 19:00:00,0.0
2030-09-05 19:15:00,0.0
2030-09-05 19:30:00,0.0
2030-09-05 19:45:00,0.0
2030-09-05 20:00:00,0.0
2030-09-05 20:15:00,0.0
2030-09-05 20:30:00,0.0
2030-09-05 20:45:00,0.0
2030-09-05 21:00:00,0.0
2030-09-05 21:15:00,0.0
2030-09-05 21:30:00,0.0
2030-09-05 21:45:00,0.0
2030-09-05 22:00:00,0.0
2030-09-05 22:15:00,0.0
2030-09-05 22:30:00,0.0
2030-09-05 22:45:00,0.0
2030-09-05 23:00:00,0.0
2030-09-05 23:15:00,0.0
2030-09-05 23:30:00,0.0
2030-09-05 23:45:00,0.0
2030-09-06 00:00:00,0.0
2030-09-06 00:15:00,0.0
2030-09-06 00:30:00,0.0
2030-09-06 00:45:00,0.0
2030-09-06 01:00:00,0.0
2030-09-06 01:15:00,0.0
2030-09-06 01:30:00,0.0
2030-09-06 01:45:00,0.0
2030-09-06 02:00:00,0.0
2030-09-06 02:15:00,0.0
2030-09-06 02:30:00,0.0
2030-09-06 02:45:00,0.0
2030-09-06 03:00:00,0.0
2030-09-06 03:15:00,0.0
2030-09-06 03:30:00,0.0
2030-09-06 03:45:00,0.0
2030-09-06 04:00:00,0.0
2030-09-06 04:15:00,0.0
2030-09-06 04:30:00,0.0
2030-09-06 04:45:00,0.0
2030-09-06 05:00:00,0.0
2030-09-06 05:15:00,0.0
2030-09-06 05:30:00,0.0
2030-09-06 05:45:00,0.0
2030-09-06 06:00:00,0.0
2030-09-06 06:15:00,0.0
2030-09-06 06:30:00,0.0
2030-09-06 06:45:00,0.0
2030-09-06 07:00:00,0.0
2030-09-06 07:15:00,0.0
2030-09-06 07:30:00,0.0
2030-09-06 07:45:00,0.0
2030-09-06 08:00:00,0.0
2030-09-06 08:15:00,0.0
2030-09-06 08:30:00,163.11876687317272
2030-09-06 08:45:00,189.82267892214077
2030-09-06 09:00:00,86.17877822690753
2030-09-06 09:15:00,147.7725728372552
2030-09-06 09:30:00,275.58474711189047
2030-09-06 09:45:00,193.9645589519896
2030-09-06 10:00:00,0.0
2030-09-06 10:15:00,0.0
2030-09-06 10:30:00,0.0
2030-09-06 10:45:00,0.0
2030-09-06 11:00:00,0.0
2030-09-06 11:15:00,129.50858679964767
2030-09-06 11:30:00,163.89812273776624
2030-09-06 11:45:00,0.0
2030-09-06 12:00:00,0.0
2030-09-06 12:15:00,0.0
2030-09-06 12:30:00,0.0
2030-09-06 12:45:00,0.0
2030-09-06 13:00:00,0.0
2030-09-06 13:15:00,0.0
2030-09-06 13:30:00,0.0
2030-09-06 13:45:00,0.0
2030-09-06 14:00:00,0.0
2030-09-06 14:15:00,0.0
2030-09-06 14:30:00,0.0
2030-09-06 14:45:00,0.0
2030-09-06 15:00:00,0.0
2030-09-06 15:15:00,0.0
2030-09-06 15:30:00,0.0
2030-09-06 15:45:00,0.0
2030-09-06 16:00:00,0.0
2030-09-06 16:15:00,0.0
2030-09-06 16:30:00,0.0
2030-09-06 16:45:00,0.0
2030-09-06 17:00:00,0.0
2030-09-06 17:15:00,0.0
2030-09-06 17:30:00,0.0
2030-09-06 17:45:00,0.0
2030-09-06 18:00:00,0.0
2030-09-06 18:15:00,0.0
2030-09-06 18:30:00,0.0
2030-09-06 18:45:00,0.0
2030-09-06 19:00:00,0.0
2030-09-06 19:15:00,0.0
2030-09-06 19:30:00,0.0
2030-09-06 19:45:00,0.0
2030-09-06 20:00:00,0.0
2030-09-06 20:15:00,0.0
2030-09-06 20:30:00,0.0
2030-09-06 20:45:00,0.0
2030-09-06 21:00:00,0.0
2030-09-06 21:15:00,0.0
2030-09-06 21:30:00,0.0
2030-09-06 21:45:00,0.0
2030-09-06 22:00:00,0.0
2030-09-06 22:15:00,0.0
2030-09-06 22:30:00,0.0
2030-09-06 22:45:00,0.0
2030-09-06 23:00:00,0.0
2030-09-06 23:15:00,0.0
2030-09-06 23:30:00,0.0
2030-09-06 23:45:00,0.0
2030-09-07 00:00:00,0.0
2030-09-07 00:15:00,0.0
2030-09-07 00:30:00,0.0
2030-09-07 00:45:00,0.0
2030-09-07 01:00:00,0.0
2030-09-07 01:15:00,0.0
2030-09-07 01:30:00,0.0
2030-09-07 01:45:00,0.0
2030-09-07 02:00:00,0.0
2030-09-07 02:15:00,0.0
2030-09-07 02:30:00,0.0
2030-09-07 02:45:00,0.0
2030-09-07 03:00:00,0.0
2030-09-07 03:15:00,0.0
2030-09-07 03:30:00,0.0
2030-09-07 03:45:00,0.0
2030-09-07 04:00:00,0.0
2030-09-07 04:15:00,0.0
2030-09-07 04:30:00,0.0
2030-09-07 04:45:00,0.0
2030-09-07 05:00:00,0.0
2030-09-07 05:15:00,0.0
2030-09-07 05:30:00,0.0
2030-09-07 05:45:00,0.0
2030-09-07 06:00:00,0.0
2030-09-07 06:15:00,0.0
2030-09-07 06:30:00,0.0
2030-09-07 06:45:00,0.0
2030-09-07 07:00:00,0.0
2030-09-07 07:15:00,0.0
2030-09-07 07:30:00,0.0
2030-09-07 07:45:00,0.0
2030-09-07 08:00:00,0.0
2030-09-07 08:15:00,274.4699649590548
2030-09-07 08:30:00,481.5795448912977
2030-09-07 08:45:00,639.2216215423941
2030-09-07 09:00:00,677.4969102617615
2030-09-07 09:15:00,879.5594623028155
2030-09-07 09:30:00,816.5724790590793
2030-09-07 09:45:00,893.690849445913
2030-09-07 10:00:00,791.0573322834862
2030-09-07 10:15:00,759.4092172890032
2030-09-07 10:30:00,843.9927410647233
2030-09-07 10:45:00,961.9372462754818
2030-09-07 11:00:00,966.2417773059042
2030-09-07 11:15:00,975.6700093494692
2030-09-07 11:30:00,1027.3803047193069
2030-09-07 11:45:00,1011.6962952958129
2030-09-07 12:00:00,958.104728062166
2030-09-07 12:15:00,924.619544112642
2030-09-07 12:30:00,862.3738860560534
2030-09-07 12:45:00,874.6186570285536
2030-09-07 13:00:00,844.712883401513
2030-09-07 13:15:00,649.0602259978114
2030-09-07 13:30:00,506.77639258254567
2030-09-07 13:45:00,403.3348780333108
2030-09-07 14:00:00,338.7214087199118
2030-09-07 14:15:00,288.6649998128978
2030-09-07 14:30:00,227.68698193327873
2030-09-07 14:45:00,184.20926063007755
2030-09-07 15:00:00,115.10450337765542
2030-09-07 15:15:00,3.563248300957639
2030-09-07 15:30:00,32.32138482229857
2030-09-07 15:45:00,0.0
2030-09-07 16:00:00,0.0
2030-09-07 16:15:00,0.0
2030-09-07 16:30:00,0.0
2030-09-07 16:45:00,0.0
2030-09-07 17:00:00,0.0
2030-09-07 17:15:00,0.0
2030-09-07 17:30:00,0.0
2030-09-07 17:45:00,0.0
2030-09-07 18:00:00,0.0
2030-09-07 18:15:00,0.0
2030-09-07 18:30:00,0.0
2030-09-07 18:45:00,0.0
2030-09-07 19:00:00,0.0
2030-09-07 19:15:00,0.0
2030-09-07 19:30:00,0.0
2030-09-07 19:45:00,0.0
2030-09-07 20:00:00,0.0
2030-09-07 20:15:00,0.0
2030-09-07 20:30:00,0.0
2030-09-07 20:45:00,0.0
2030-09-07 21:00:00,0.0
2030-09-07 21:15:00,0.0
2030-09-07 21:30:00,0.0
2030-09-07 21:45:00,0.0
2030-09-07 22:00:00,0.0
2030-09-07 22:15:00,0.0
2030-09-07 22:30:00,0.0
2030-09-07 22:45:00,0.0
2030-09-07 23:00:00,0.0
2030-09-07 23:15:00,0.0
2030-09-07 23:30:00,0.0
2030-09-07 23:45:00,0.0
2030-09-08 00:00:00,0.0
2030-09-08 00:15:00,0.0
2030-09-08 00:30:00,0.0
2030-09-08 00:45:00,0.0
2030-09-08 01:00:00,0.0
2030-09-08 01:15:00,0.0
2030-09-08 01:30:00,0.0
2030-09-08 01:45:00,0.0
2030-09-08 02:00:00,0.0
2030-09-08 02:15:00,0.0
2030-09-08 02:30:00,0.0
2030-09-08 02:45:00,0.0
2030-09-08 03:00:00,0.0
2030-09-08 03:15:00,0.0
2030-09-08 03:30:00,0.0
2030-09-08 03:45:00,0.0
2030-09-08 04:00:00,0.0
2030-09-08 04:15:00,0.0
2030-09-08 04:30:00,0.0
2030-09-08 04:45:00,0.0
2030-09-08 05:00:00,0.0
2030-09-08 05:15:00,0.0
2030-09-08 05:30:00,0.0
2030-09-08 05:45:00,0.0
2030-09-08 06:00:00,0.0
2030-09-08 06:15:00,0.0
2030-09-08 06:30:00,0.0
2030-09-08 06:45:00,0.0
2030-09-08 07:00:00,0.0
2030-09-08 07:15:00,0.0
2030-09-08 07:30:00,0.0
2030-09-08 07:45:00,0.0
2030-09-08 08:00:00,0.0
2030-09-08 08:15:00,0.0
2030-09-08 08:30:00,226.16597243010256
2030-09-08 08:45:00,432.69139357666245
2030-09-08 09:00:00,379.8572650406968
2030-09-08 09:15:00,489.0467218994381
2030-09-08 09:30:00,554.2423246604012
2030-09-08 09:45:00,500.1873494907559
2030-09-08 10:00:00,477.7484050391504
2030-09-08 10:15:00,474.29858966410393
2030-09-08 10:30:00,501.6027258137947
2030-09-08 10:45:00,524.0254370102302
2030-09-08 11:00:00,411.9911016389324
2030-09-08 11:15:00,442.60395406116913
2030-09-08 11:30:00,388.2758994390988
2030-09-08 11:45:00,412.19983107695407
2030-09-08 12:00:00,268.47812935462207
2030-09-08 12:15:00,108.50923600206625
2030-09-08 12:30:00,0.0
2030-09-08 12:45:00,0.0
2030-09-08 13:00:00,0.0
2030-09-08 13:15:00,0.0
2030-09-08 13:30:00,0.0
2030-09-08 13:45:00,0.0
2030-09-08 14:00:00,0.0
2030-09-08 14:15:00,0.0
2030-09-08 14:30:00,0.0
2030-09-08 14:45:00,0.0
2030-09-08 15:00:00,0.0
2030-09-08 15:15:00,0.0
2030-09-08 15:30:00,0.0
2030-09-08 15:45:00,0.0
2030-09-08 16:00:00,0.0
2030-09-08 16:15:00,0.0
2030-09-08 16:30:00,0.0
2030-09-08 16:45:00,0.0
2030-09-08 17:00:00,0.0
2030-09-08 17:15:00,0.0
2030-09-08 17:30:00,0.0
2030-09-08 17:45:00,0.0
2030-09-08 18:00:00,0.0
2030-09-08 18:15:00,0.0
2030-09-08 18:30:00,0.0
2030-09-08 18:45:00,0.0
2030-09-08 19:00:00,0.0
2030-09-08 19:15:00,0.0
2030-09-08 19:30:00,0.0
2030-09-08 19:45:00,0.0
2030-09-08 20:00:00,0.0
2030-09-08 20:15:00,0.0
2030-09-08 20:30:00,0.0
2030-09-08 20:45:00,0.0
2030-09-08 21:00:00,0.0
2030-09-08 21:15:00,0.0
2030-09-08 21:30:00,0.0
2030-09-08 21:45:00,0.0
2030-09-08 22:00:00,0.0
2030-09-08 22:15:00,0.0
2030-09-08 22:30:00,0.0
2030-09-08 22:45:00,0.0
2030-09-08 23:00:00,0.0
2030-09-08 23:15:00,0.0
2030-09-08 23:30:00,0.0
2030-09-08 23:45:00,0.0
2030-09-09 00:00:00,0.0
2030-09-09 00:15:00,0.0
2030-09-09 00:30:00,0.0
2030-09-09 00:45:00,0.0
2030-09-09 01:00:00,0.0
2030-09-09 01:15:00,0.0
2030-09-09 01:30:00,0.0
2030-09-09 01:45:00,0.0
2030-09-09 02:00:00,0.0
2030-09-09 02:15:00,0.0
2030-09-09 02:30:00,0.0
2030-09-09 02:45:00,0.0
2030-09-09 03:00:00,0.0
2030-09-09 03:15:00,0.0
2030-09-09 03:30:00,0.0
2030-09-09 03:45:00,0.0
2030-09-09 04:00:00,0.0
2030-09-09 04:15:00,0.0
2030-09-09 04:30:00,0.0
2030-09-09 04:45:00,0.0
2030-09-09 05:00:00,0.0
2030-09-09 05:15:00,0.0
2030-09-09 05:30:00,0.0
2030-09-09 05:45:00,0.0
2030-09-09 06:00:00,0.0
2030-09-09 06:15:00,0.0
2030-09-09 06:30:00,0.0
2030-09-09 06:45:00,0.0
2030-09-09 07:00:00,0.0
2030-09-09 07:15:00,0.0
2030-09-09 07:30:00,0.0
2030-09-09 07:45:00,0.0
2030-09-09 08:00:00,0.0
2030-09-09 08:15:00,0.0
2030-09-09 08:30:00,0.0
2030-09-09 08:45:00,0.0
2030-09-09 09:00:00,0.0
2030-09-09 09:15:00,0.0
2030-09-09 09:30:00,0.0
2030-09-09 09:45:00,0.0
2030-09-09 10:00:00,0.0
2030-09-09 10:15:00,0.0
2030-09-09 10:30:00,0.0
2030-09-09 10:45:00,0.0
2030-09-09 11:00:00,0.0
2030-09-09 11:15:00,0.0
2030-09-09 11:30:00,0.0
2030-09-09 11:45:00,0.0
2030-09-09 12:00:00,0.0
2030-09-09 12:15:00,0.0
2030-09-09 12:30:00,0.0
2030-09-09 12:45:00,0.0
2030-09-09 13:00:00,0.0
2030-09-09 13:15:00,0.0
2030-09-09 13:30:00,0.0
2030-09-09 13:45:00,0.0
2030-09-09 14:00:00,0.0
2030-09-09 14:15:00,0.0
2030-09-09 14:30:00,0.0
2030-09-09 14:45:00,0.0
2030-09-09 15:00:00,0.0
2030-09-09 15:15:00,0.0
2030-09-09 15:30:00,0.0
2030-09-09 15:45:00,0.0
2030-09-09 16:00:00,0.0
2030-09-09 16:15:00,0.0
2030-09-09 16:30:00,0.0
2030-09-09 16:45:00,0.0
2030-09-09 17:00:00,0.0
2030-09-09 17:15:00,0.0
2030-09-09 17:30:00,0.0
2030-09-09 17:45:00,0.0
2030-09-09 18:00:00,0.0
2030-09-09 18:15:00,0.0
2030-09-09 18:30:00,0.0
2030-09-09 18:45:00,0.0
2030-09-09 19:00:00,0.0
2030-09-09 19:15:00,0.0
2030-09-09 19:30:00,0.0
2030-09-09 19:45:00,0.0
2030-09-09 20:00:00,0.0
2030-09-09 20:15:00,0.0
2030-09-09 20:30:00,0.0
2030-09-09 20:45:00,0.0
2030-09-09 21:00:00,0.0
2030-09-09 21:15:00,0.0
2030-09-09 21:30:00,0.0
2030-09-09 21:45:00,0.0
2030-09-09 22:00:00,0.0
2030-09-09 22:15:00,0.0
2030-09-09 22:30:00,0.0
2030-09-09 22:45:00,0.0
2030-09-09 23:00:00,0.0
2030-09-09 23:15:00,0.0
2030-09-09 23:30:00,0.0
2030-09-09 23:45:00,0.0
2030-09-10 00:00:00,0.0
2030-09-10 00:15:00,0.0
2030-09-10 00:30:00,0.0
2030-09-10 00:45:00,0.0
2030-09-10 01:00:00,0.0
2030-09-10 01:15:00,0.0
2030-09-10 01:30:00,0.0
2030-09-10 01:45:00,0.0
2030-09-10 02:00:00,0.0
2030-09-10 02:15:00,0.0
2030-09-10 02:30:00,0.0
2030-09-10 02:45:00,0.0
2030-09-10 03:00:00,0.0
2030-09-10 03:15:00,0.0
2030-09-10 03:30:00,0.0
2030-09-10 03:45:00,0.0
2030-09-10 04:00:00,0.0
2030-09-10 04:15:00,0.0
2030-09-10 04:30:00,0.0
2030-09-10 04:45:00,0.0
2030-09-10 05:00:00,0.0
2030-09-10 05:15:00,0.0
2030-09-10 05:30:00,0.0
2030-09-10 05:45:00,0.0
2030-09-10 06:00:00,0.0
2030-09-10 06:15:00,0.0
2030-09-10 06:30:00,0.0
2030-09-10 06:45:00,0.0
2030-09-10 07:00:00,0.0
2030-09-10 07:15:00,0.0
2030-09-10 07:30:00,0.0
2030-09-10 07:45:00,0.0
2030-09-10 08:00:00,0.0
2030-09-10 08:15:00,0.0
2030-09-10 08:30:00,0.0
2030-09-10 08:45:00,0.0
2030-09-10 09:00:00,0.0
2030-09-10 09:15:00,0.0
2030-09-10 09:30:00,0.0
2030-09-10 09:45:00,0.0
2030-09-10 10:00:00,0.0
2030-09-10 10:15:00,0.0
2030-09-10 10:30:00,0.0
2030-09-10 10:45:00,0.0
2030-09-10 11:00:00,0.0
2030-09-10 11:15:00,0.0
2030-09-10 11:30:00,0.0
2030-09-10 11:45:00,0.0
2030-09-10 12:00:00,0.0
2030-09-10 12:15:00,0.0
2030-09-10 12:30:00,0.0
2030-09-10 12:45:00,0.0
2030-09-10 13:00:00,0.0
2030-09-10 13:15:00,0.0
2030-09-10 13:30:00,0.0
2030-09-10 13:45:00,0.0
2030-09-10 14:00:00,0.0
2030-09-10 14:15:00,0.0
2030-09-10 14:30:00,0.0
2030-09-10 14:45:00,0.0
2030-09-10 15:00:00,0.0
2030-09-10 15:15:00,0.0
2030-09-10 15:30:00,0.0
2030-09-10 15:45:00,0.0
2030-09-10 16:00:00,0.0
2030-09-10 16:15:00,0.0
2030-09-10 16:30:00,0.0
2030-09-10 16:45:00,0.0
2030-09-10 17:00:00,0.0
2030-09-10 17:15:00,0.0
2030-09-10 17:30:00,0.0
2030-09-10 17:45:00,0.0
2030-09-10 18:00:00,0.0
2030-09-10 18:15:00,0.0
2030-09-10 18:30:00,0.0
2030-09-10 18:45:00,0.0
2030-09-10 19:00:00,0.0
2030-09-10 19:15:00,0.0
2030-09-10 19:30:00,0.0
2030-09-10 19:45:00,0.0
2030-09-10 20:00:00,0.0
2030-09-10 20:15:00,0.0
2030-09-10 20:30:00,0.0
2030-09-10 20:45:00,0.0
2030-09-10 21:00:00,0.0
2030-09-10 21:15:00,0.0
2030-09-10 21:30:00,0.0
2030-09-10 21:45:00,0.0
2030-09-10 22:00:00,0.0
2030-09-10 22:15:00,0.0
2030-09-10 22:30:00,0.0
2030-09-10 22:45:00,0.0
2030-09-10 23:00:00,0.0
2030-09-10 23:15:00,0.0
2030-09-10 23:30:00,0.0
2030-09-10 23:45:00,0.0
2030-09-11 00:00:00,0.0
2030-09-11 00:15:00,0.0
2030-09-11 00:30:00,0.0
2030-09-11 00:45:00,0.0
2030-09-11 01:00:00,0.0
2030-09-11 01:15:00,0.0
2030-09-11 01:30:00,0.0
2030-09-11 01:45:00,0.0
2030-09-11 02:00:00,0.0
2030-09-11 02:15:00,0.0
2030-09-11 02:30:00,0.0
2030-09-11 02:45:00,0.0
2030-09-11 03:00:00,0.0
2030-09-11 03:15:00,0.0
2030-09-11 03:30:00,0.0
2030-09-11 03:45:00,0.0
2030-09-11 04:00:00,0.0
2030-09-11 04:15:00,0.0
2030-09-11 04:30:00,0.0
2030-09-11 04:45:00,0.0
2030-09-11 05:00:00,0.0
2030-09-11 05:15:00,0.0
2030-09-11 05:30:00,0.0
2030-09-11 05:45:00,0.0
2030-09-11 06:00:00,0.0
2030-09-11 06:15:00,0.0
2030-09-11 06:30:00,0.0
2030-09-11 06:45:00,0.0
2030-09-11 07:00:00,0.0
2030-09-11 07:15:00,0.0
2030-09-11 07:30:00,0.0
2030-09-11 07:45:00,0.0
2030-09-11 08:00:00,0.0
2030-09-11 08:15:00,0.0
2030-09-11 08:30:00,0.0
2030-09-11 08:45:00,0.0
2030-09-11 09:00:00,0.0
2030-09-11 09:15:00,173.42319448614398
2030-09-11 09:30:00,328.99653504506387
2030-09-11 09:45:00,449.86716397767304
2030-09-11 10:00:00,374.31999280540003
2030-09-11 10:15:00,489.72833534626625
2030-09-11 10:30:00,663.9467807017445
2030-09-11 10:45:00,742.186640716569
2030-09-11 11:00:00,776.9189484687522
2030-09-11 11:15:00,726.9763511592246
2030-09-11 11:30:00,680.9199962810417
2030-09-11 11:45:00,655.6107097750319
2030-09-11 12:00:00,576.3859595900321
2030-09-11 12:15:00,395.99465236698234
2030-09-11 12:30:00,380.4941199622426
2030-09-11 12:45:00,378.77593822365816
2030-09-11 13:00:00,515.5559349967189
2030-09-11 13:15:00,414.75835902978724
2030-09-11 13:30:00,322.49060247365014
2030-09-11 13:45:00,223.66633975696277
2030-09-11 14:00:00,189.18645368926445
2030-09-11 14:15:00,236.04231119259202
2030-09-11 14:30:00,205.82457700541272
2030-09-11 14:45:00,262.7320324714419
2030-09-11 15:00:00,259.82512672503435
2030-09-11 15:15:00,212.67878063630997
2030-09-11 15:30:00,129.35669286501434
2030-09-11 15:45:00,128.25141764096043
2030-09-11 16:00:00,261.11281276957016
2030-09-11 16:15:00,154.0659896856705
2030-09-11 16:30:00,73.30313951753851
2030-09-11 16:45:00,61.458438581652445
2030-09-11 17:00:00,142.47757990484388
2030-09-11 17:15:00,147.56680812004197
2030-09-11 17:30:00,231.08835099210046
2030-09-11 17:45:00,197.5661424924274
2030-09-11 18:00:00,94.0679456081034
2030-09-11 18:15:00,104.55704246546884
2030-09-11 18:30:00,25.454521800733346
2030-09-11 18:45:00,0.0
2030-09-11 19:00:00,0.0
2030-09-11 19:15:00,0.0
2030-09-11 19:30:00,0.0
2030-09-11 19:45:00,0.0
2030-09-11 20:00:00,0.0
2030-09-11 20:15:00,0.0
2030-09-11 20:30:00,0.0
2030-09-11 20:45:00,0.0
2030-09-11 21:00:00,0.0
2030-09-11 21:15:00,0.0
2030-09-11 21:30:00,0.0
2030-09-11 21:45:00,0.0
2030-09-11 22:00:00,0.0
2030-09-11 22:15:00,0.0
2030-09-11 22:30:00,0.0
2030-09-11 22:45:00,0.0
2030-09-11 23:00:00,0.0
2030-09-11 23:15:00,0.0
2030-09-11 23:30:00,0.0
2030-09-11 23:45:00,0.0
2030-09-12 00:00:00,0.0
2030-09-12 00:15:00,0.0
2030-09-12 00:30:00,0.0
2030-09-12 00:45:00,0.0
2030-09-12 01:00:00,0.0
2030-09-12 01:15:00,0.0
2030-09-12 01:30:00,0.0
2030-09-12 01:45:00,0.0
2030-09-12 02:00:00,0.0
2030-09-12 02:15:00,0.0
2030-09-12 02:30:00,0.0
2030-09-12 02:45:00,0.0
2030-09-12 03:00:00,0.0
2030-09-12 03:15:00,0.0
2030-09-12 03:30:00,0.0
2030-09-12 03:45:00,0.0
2030-09-12 04:00:00,0.0
2030-09-12 04:15:00,0.0
2030-09-12 04:30:00,0.0
2030-09-12 04:45:00,0.0
2030-09-12 05:00:00,0.0
2030-09-12 05:15:00,0.0
2030-09-12 05:30:00,0.0
2030-09-12 05:45:00,0.0
2030-09-12 06:00:00,0.0
2030-09-12 06:15:00,0.0
2030-09-12 06:30:00,0.0
2030-09-12 06:45:00,0.0
2030-09-12 07:00:00,0.0
2030-09-12 07:15:00,0.0
2030-09-12 07:30:00,0.0
2030-09-12 07:45:00,183.85662559432603
2030-09-12 08:00:00,369.3102432857704
2030-09-12 08:15:00,580.0670072371577
2030-09-12 08:30:00,725.2097643303478
2030-09-12 08:45:00,869.9420205694005
2030-09-12 09:00:00,853.1565585832686
2030-09-12 09:15:00,1043.4088273848301
2030-09-12 09:30:00,1094.184306575824
2030-09-12 09:45:00,1138.7589620582112
2030-09-12 10:00:00,1197.5928227291151
2030-09-12 10:15:00,1178.4967905317862
2030-09-12 10:30:00,1271.9627685199775
2030-09-12 10:45:00,1201.0501498543454
2030-09-12 11:00:00,1241.7095355964284
2030-09-12 11:15:00,1251.8927884999903
2030-09-12 11:30:00,1284.9811741275334
2030-09-12 11:45:00,1315.9000785033804
2030-09-12 12:00:00,1113.8011672303965
2030-09-12 12:15:00,997.7915327534374
2030-09-12 12:30:00,862.376716347495
2030-09-12 12:45:00,805.2213582385593
2030-09-12 13:00:00,683.0330252722688
2030-09-12 13:15:00,528.3105916470922
2030-09-12 13:30:00,424.8900557954403
2030-09-12 13:45:00,293.45091918612525
2030-09-12 14:00:00,198.9688293622603
2030-09-12 14:15:00,135.24852631513204
2030-09-12 14:30:00,209.1107686711075
2030-09-12 14:45:00,271.884629781136
2030-09-12 15:00:00,284.30567014334883
2030-09-12 15:15:00,171.2382077240036
2030-09-12 15:30:00,0.26440927882504184
2030-09-12 15:45:00,0.0
2030-09-12 16:00:00,0.0
2030-09-12 16:15:00,0.0
2030-09-12 16:30:00,0.0
2030-09-12 16:45:00,0.0
2030-09-12 17:00:00,0.0
2030-09-12 17:15:00,0.0
2030-09-12 17:30:00,107.2353990684569
2030-09-12 17:45:00,63.33892176567497
2030-09-12 18:00:00,0.0
2030-09-12 18:15:00,0.0
2030-09-12 18:30:00,0.0
2030-09-12 18:45:00,0.0
2030-09-12 19:00:00,0.0
2030-09-12 19:15:00,0.0
2030-09-12 19:30:00,0.0
2030-09-12 19:45:00,0.0
2030-09-12 20:00:00,0.0
2030-09-12 20:15:00,0.0
2030-09-12 20:30:00,0.0
2030-09-12 20:45:00,0.0
2030-09-12 21:00:00,0.0
2030-09-12 21:15:00,0.0
2030-09-12 21:30:00,0.0
2030-09-12 21:45:00,0.0
2030-09-12 22:00:00,0.0
2030-09-12 22:15:00,0.0
2030-09-12 22:30:00,0.0
2030-09-12 22:45:00,0.0
2030-09-12 23:00:00,0.0
2030-09-12 23:15:00,0.0
2030-09-12 23:30:00,0.0
2030-09-12 23:45:00,0.0
2030-09-13 00:00:00,0.0
2030-09-13 00:15:00,0.0
2030-09-13 00:30:00,0.0
2030-09-13 00:45:00,0.0
2030-09-13 01:00:00,0.0
2030-09-13 01:15:00,0.0
2030-09-13 01:30:00,0.0
2030-09-13 01:45:00,0.0
2030-09-13 02:00:00,0.0
2030-09-13 02:15:00,0.0
2030-09-13 02:30:00,0.0
2030-09-13 02:45:00,0.0
2030-09-13 03:00:00,0.0
2030-09-13 03:15:00,0.0
2030-09-13 03:30:00,0.0
2030-09-13 03:45:00,0.0
2030-09-13 04:00:00,0.0
2030-09-13 04:15:00,0.0
2030-09-13 04:30:00,0.0
2030-09-13 04:45:00,0.0
2030-09-13 05:00:00,0.0
2030-09-13 05:15:00,0.0
2030-09-13 05:30:00,0.0
2030-09-13 05:45:00,0.0
2030-09-13 06:00:00,0.0
2030-09-13 06:15:00,0.0
2030-09-13 06:30:00,0.0
2030-09-13 06:45:00,0.0
2030-09-13 07:00:00,0.0
2030-09-13 07:15:00,0.0
2030-09-13 07:30:00,0.0
2030-09-13 07:45:00,0.0
2030-09-13 08:00:00,225.99821444779627
2030-09-13 08:15:00,649.7263056276315
2030-09-13 08:30:00,885.1877007354888
2030-09-13 08:45:00,1159.3829597533968
2030-09-13 09:00:00,1192.3727911329297
2030-09-13 09:15:00,1416.4024878426135
2030-09-13 09:30:00,1546.6885634556493
2030-09-13 09:45:00,1577.875141102475
2030-09-13 10:00:00,1489.1470312917045
2030-09-13 10:15:00,1408.8151904580845
2030-09-13 10:30:00,1280.0383399519706
2030-09-13 10:45:00,1150.8692054341009
2030-09-13 11:00:00,994.8204181633955
2030-09-13 11:15:00,983.4063856948578
2030-09-13 11:30:00,943.0508610085708
2030-09-13 11:45:00,897.1781093866157
2030-09-13 12:00:00,721.8058453607155
2030-09-13 12:15:00,544.9435894222333
2030-09-13 12:30:00,424.2896774560759
2030-09-13 12:45:00,542.0856890944397
2030-09-13 13:00:00,496.09387953778787
2030-09-13 13:15:00,465.36243687989736
2030-09-13 13:30:00,373.32024510266456
2030-09-13 13:45:00,119.13199087650173
2030-09-13 14:00:00,50.188982161478634
2030-09-13 14:15:00,31.831235225185083
2030-09-13 14:30:00,0.0
2030-09-13 14:45:00,0.0
2030-09-13 15:00:00,0.0
2030-09-13 15:15:00,0.0
2030-09-13 15:30:00,0.0
2030-09-13 15:45:00,0.0
2030-09-13 16:00:00,0.0
2030-09-13 16:15:00,0.0
2030-09-13 16:30:00,0.0
2030-09-13 16:45:00,0.0
2030-09-13 17:00:00,0.0
2030-09-13 17:15:00,0.0
2030-09-13 17:30:00,0.0
2030-09-13 17:45:00,0.0
2030-09-13 18:00:00,0.0
2030-09-13 18:15:00,0.0
2030-09-13 18:30:00,0.0
2030-09-13 18:45:00,0.0
2030-09-13 19:00:00,0.0
2030-09-13 19:15:00,0.0
2030-09-13 19:30:00,0.0
2030-09-13 19:45:00,0.0
2030-09-13 20:00:00,0.0
2030-09-13 20:15:00,0.0
2030-09-13 20:30:00,0.0
2030-09-13 20:45:00,0.0
2030-09-13 21:00:00,0.0
2030-09-13 21:15:00,0.0
2030-09-13 21:30:00,0.0
2030-09-13 21:45:00,0.0
2030-09-13 22:00:00,0.0
2030-09-13 22:15:00,0.0
2030-09-13 22:30:00,0.0
2030-09-13 22:45:00,0.0
2030-09-13 23:00:00,0.0
2030-09-13 23:15:00,0.0
2030-09-13 23:30:00,0.0
2030-09-13 23:45:00,0.0
2030-09-14 00:00:00,0.0
2030-09-14 00:15:00,0.0
2030-09-14 00:30:00,0.0
2030-09-14 00:45:00,0.0
2030-09-14 01:00:00,0.0
2030-09-14 01:15:00,0.0
2030-09-14 01:30:00,0.0
2030-09-14 01:45:00,0.0
2030-09-14 02:00:00,0.0
2030-09-14 02:15:00,0.0
2030-09-14 02:30:00,0.0
2030-09-14 02:45:00,0.0
2030-09-14 03:00:00,0.0
2030-09-14 03:15:00,0.0
2030-09-14 03:30:00,0.0
2030-09-14 03:45:00,0.0
2030-09-14 04:00:00,0.0
2030-09-14 04:15:00,0.0
2030-09-14 04:30:00,0.0
2030-09-14 04:45:00,0.0
2030-09-14 05:00:00,0.0
2030-09-14 05:15:00,0.0
2030-09-14 05:30:00,0.0
2030-09-14 05:45:00,0.0
2030-09-14 06:00:00,0.0
2030-09-14 06:15:00,0.0
2030-09-14 06:30:00,0.0
2030-09-14 06:45:00,0.0
2030-09-14 07:00:00,0.0
2030-09-14 07:15:00,0.0
2030-09-14 07:30:00,0.0
2030-09-14 07:45:00,0.0
2030-09-14 08:00:00,0.0
2030-09-14 08:15:00,0.0
2030-09-14 08:30:00,0.0
2030-09-14 08:45:00,97.96922113796063
2030-09-14 09:00:00,245.80599160785823
2030-09-14 09:15:00,377.57319951538375
2030-09-14 09:30:00,583.6324407201446
2030-09-14 09:45:00,520.5462832999274
2030-09-14 10:00:00,422.58864632395125
2030-09-14 10:15:00,421.2166124984251
2030-09-14 10:30:00,450.51497190369264
2030-09-14 10:45:00,363.7481582242581
2030-09-14 11:00:00,70.21759947500686
2030-09-14 11:15:00,135.21975802377165
2030-09-14 11:30:00,75.98183416791835
2030-09-14 11:45:00,0.0
2030-09-14 12:00:00,0.0
2030-09-14 12:15:00,0.0
2030-09-14 12:30:00,0.0
2030-09-14 12:45:00,0.0
2030-09-14 13:00:00,0.0
2030-09-14 13:15:00,0.0
2030-09-14 13:30:00,0.0
2030-09-14 13:45:00,0.0
2030-09-14 14:00:00,0.0
2030-09-14 14:15:00,0.0
2030-09-14 14:30:00,0.0
2030-09-14 14:45:00,0.0
2030-09-14 15:00:00,0.0
2030-09-14 15:15:00,0.0
2030-09-14 15:30:00,0.0
2030-09-14 15:45:00,0.0
2030-09-14 16:00:00,0.0
2030-09-14 16:15:00,0.0
2030-09-14 16:30:00,0.0
2030-09-14 16:45:00,0.0
2030-09-14 17:00:00,0.0
2030-09-14 17:15:00,0.0
2030-09-14 17:30:00,0.0
2030-09-14 17:45:00,0.0
2030-09-14 18:00:00,0.0
2030-09-14 18:15:00,0.0
2030-09-14 18:30:00,0.0
2030-09-14 18:45:00,0.0
2030-09-14 19:00:00,0.0
2030-09-14 19:15:00,0.0
2030-09-14 19:30:00,0.0
2030-09-14 19:45:00,0.0
2030-09-14 20:00:00,0.0
2030-09-14 20:15:00,0.0
2030-09-14 20:30:00,0.0
2030-09-14 20:45:00,0.0
2030-09-14 21:00:00,0.0
2030-09-14 21:15:00,0.0
2030-09-14 21:30:00,0.0
2030-09-14 21:45:00,0.0
2030-09-14 22:00:00,0.0
2030-09-14 22:15:00,0.0
2030-09-14 22:30:00,0.0
2030-09-14 22:45:00,0.0
2030-09-14 23:00:00,0.0
2030-09-14 23:15:00,0.0
2030-09-14 23:30:00,0.0
2030-09-14 23:45:00,0.0
2030-09-15 00:00:00,0.0
2030-09-15 00:15:00,0.0
2030-09-15 00:30:00,0.0
2030-09-15 00:45:00,0.0
2030-09-15 01:00:00,0.0
2030-09-15 01:15:00,0.0
2030-09-15 01:30:00,0.0
2030-09-15 01:45:00,0.0
2030-09-15 02:00:00,0.0
2030-09-15 02:15:00,0.0
2030-09-15 02:30:00,0.0
2030-09-15 02:45:00,0.0
2030-09-15 03:00:00,0.0
2030-09-15 03:15:00,0.0
2030-09-15 03:30:00,0.0
2030-09-15 03:45:00,0.0
2030-09-15 04:00:00,0.0
2030-09-15 04:15:00,0.0
2030-09-15 04:30:00,0.0
2030-09-15 04:45:00,0.0
2030-09-15 05:00:00,0.0
2030-09-15 05:15:00,0.0
2030-09-15 05:30:00,0.0
2030-09-15 05:45:00,0.0
2030-09-15 06:00:00,0.0
2030-09-15 06:15:00,0.0
2030-09-15 06:30:00,0.0
2030-09-15 06:45:00,0.0
2030-09-15 07:00:00,0.0
2030-09-15 07:15:00,0.0
2030-09-15 07:30:00,0.0
2030-09-15 07:45:00,0.0
2030-09-15 08:00:00,0.0
2030-09-15 08:15:00,0.0
2030-09-15 08:30:00,0.0
2030-09-15 08:45:00,0.0
2030-09-15 09:00:00,0.0
2030-09-15 09:15:00,0.0
2030-09-15 09:30:00,0.0
2030-09-15 09:45:00,0.0
2030-09-15 10:00:00,0.0
2030-09-15 10:15:00,0.0
2030-09-15 10:30:00,0.0
2030-09-15 10:45:00,0.0
2030-09-15 11:00:00,0.0
2030-09-15 11:15:00,0.0
2030-09-15 11:30:00,0.0
2030-09-15 11:45:00,0.0
2030-09-15 12:00:00,0.0
2030-09-15 12:15:00,0.0
2030-09-15 12:30:00,0.0
2030-09-15 12:45:00,0.0
2030-09-15 13:00:00,0.0
2030-09-15 13:15:00,0.0
2030-09-15 13:30:00,0.0
2030-09-15 13:45:00,0.0
2030-09-15 14:00:00,0.0
2030-09-15 14:15:00,0.0
2030-09-15 14:30:00,0.0
2030-09-15 14:45:00,0.0
2030-09-15 15:00:00,0.0
2030-09-15 15:15:00,0.0
2030-09-15 15:30:00,0.0
2030-09-15 15:45:00,0.0
2030-09-15 16:00:00,0.0
2030-09-15 16:15:00,0.0
2030-09-15 16:30:00,0.0
2030-09-15 16:45:00,0.0
2030-09-15 17:00:00,0.0
2030-09-15 17:15:00,0.0
2030-09-15 17:30:00,0.0
2030-09-15 17:45:00,0.0
2030-09-15 18:00:00,0.0
2030-09-15 18:15:00,0.0
2030-09-15 18:30:00,0.0
2030-09-15 18:45:00,0.0
2030-09-15 19:00:00,0.0
2030-09-15 19:15:00,0.0
2030-09-15 19:30:00,0.0
2030-09-15 19:45:00,0.0
2030-09-15 20:00:00,0.0
2030-09-15 20:15:00,0.0
2030-09-15 20:30:00,0.0
2030-09-15 20:45:00,0.0
2030-09-15 21:00:00,0.0
2030-09-15 21:15:00,0.0
2030-09-15 21:30:00,0.0
2030-09-15 21:45:00,0.0
2030-09-15 22:00:00,0.0
2030-09-15 22:15:00,0.0
2030-09-15 22:30:00,0.0
2030-09-15 22:45:00,0.0
2030-09-15 23:00:00,0.0
2030-09-15 23:15:00,0.0
2030-09-15 23:30:00,0.0
2030-09-15 23:45:00,0.0
2030-09-16 00:00:00,0.0
2030-09-16 00:15:00,0.0
2030-09-16 00:30:00,0.0
2030-09-16 00:45:00,0.0
2030-09-16 01:00:00,0.0
2030-09-16 01:15:00,0.0
2030-09-16 01:30:00,0.0
2030-09-16 01:45:00,0.0
2030-09-16 02:00:00,0.0
2030-09-16 02:15:00,0.0
2030-09-16 02:30:00,0.0
2030-09-16 02:45:00,0.0
2030-09-16 03:00:00,0.0
2030-09-16 03:15:00,0.0
2030-09-16 03:30:00,0.0
2030-09-16 03:45:00,0.0
2030-09-16 04:00:00,0.0
2030-09-16 04:15:00,0.0
2030-09-16 04:30:00,0.0
2030-09-16 04:45:00,0.0
2030-09-16 05:00:00,0.0
2030-09-16 05:15:00,0.0
2030-09-16 05:30:00,0.0
2030-09-16 05:45:00,0.0
2030-09-16 06:00:00,0.0
2030-09-16 06:15:00,0.0
2030-09-16 06:30:00,0.0
2030-09-16 06:45:00,0.0
2030-09-16 07:00:00,0.0
2030-09-16 07:15:00,0.0
2030-09-16 07:30:00,0.0
2030-09-16 07:45:00,0.0
2030-09-16 08:00:00,0.0
2030-09-16 08:15:00,0.0
2030-09-16 08:30:00,0.0
2030-09-16 08:45:00,0.0
2030-09-16 09:00:00,0.0
2030-09-16 09:15:00,0.0
2030-09-16 09:30:00,0.0
2030-09-16 09:45:00,0.0
2030-09-16 10:00:00,0.0
2030-09-16 10:15:00,0.0
2030-09-16 10:30:00,0.0
2030-09-16 10:45:00,0.0
2030-09-16 11:00:00,0.0
2030-09-16 11:15:00,0.0
2030-09-16 11:30:00,0.0
2030-09-16 11:45:00,0.0
2030-09-16 12:00:00,0.0
2030-09-16 12:15:00,0.0
2030-09-16 12:30:00,0.0
2030-09-16 12:45:00,0.0
2030-09-16 13:00:00,0.0
2030-09-16 13:15:00,0.0
2030-09-16 13:30:00,0.0
2030-09-16 13:45:00,0.0
2030-09-16 14:00:00,0.0
2030-09-16 14:15:00,0.0
2030-09-16 14:30:00,0.0
2030-09-16 14:45:00,0.0
2030-09-16 15:00:00,0.0
2030-09-16 15:15:00,0.0
2030-09-16 15:30:00,0.0
2030-09-16 15:45:00,0.0
2030-09-16 16:00:00,0.0
2030-09-16 16:15:00,0.0
2030-09-16 16:30:00,0.0
2030-09-16 16:45:00,0.0
2030-09-16 17:00:00,0.0
2030-09-16 17:15:00,0.0
2030-09-16 17:30:00,0.0
2030-09-16 17:45:00,0.0
2030-09-16 18:00:00,0.0
2030-09-16 18:15:00,0.0
2030-09-16 18:30:00,0.0
2030-09-16 18:45:00,0.0
2030-09-16 19:00:00,0.0
2030-09-16 19:15:00,0.0
2030-09-16 19:30:00,0.0
2030-09-16 19:45:00,0.0
2030-09-16 20:00:00,0.0
2030-09-16 20:15:00,0.0
2030-09-16 20:30:00,0.0
2030-09-16 20:45:00,0.0
2030-09-16 21:00:00,0.0
2030-09-16 21:15:00,0.0
2030-09-16 21:30:00,0.0
2030-09-16 21:45:00,0.0
2030-09-16 22:00:00,0.0
2030-09-16 22:15:00,0.0
2030-09-16 22:30:00,0.0
2030-09-16 22:45:00,0.0
2030-09-16 23:00:00,0.0
2030-09-16 23:15:00,0.0
2030-09-16 23:30:00,0.0
2030-09-16 23:45:00,0.0
2030-09-17 00:00:00,0.0
2030-09-17 00:15:00,0.0
2030-09-17 00:30:00,0.0
2030-09-17 00:45:00,0.0
2030-09-17 01:00:00,0.0
2030-09-17 01:15:00,0.0
2030-09-17 01:30:00,0.0
2030-09-17 01:45:00,0.0
2030-09-17 02:00:00,0.0
2030-09-17 02:15:00,0.0
2030-09-17 02:30:00,0.0
2030-09-17 02:45:00,0.0
2030-09-17 03:00:00,0.0
2030-09-17 03:15:00,0.0
2030-09-17 03:30:00,0.0
2030-09-17 03:45:00,0.0
2030-09-17 04:00:00,0.0
2030-09-17 04:15:00,0.0
2030-09-17 04:30:00,0.0
2030-09-17 04:45:00,0.0
2030-09-17 05:00:00,0.0
2030-09-17 05:15:00,0.0
2030-09-17 05:30:00,0.0
2030-09-17 05:45:00,0.0
2030-09-17 06:00:00,0.0
2030-09-17 06:15:00,0.0
2030-09-17 06:30:00,0.0
2030-09-17 06:45:00,0.0
2030-09-17 07:00:00,0.0
2030-09-17 07:15:00,0.0
2030-09-17 07:30:00,0.0
2030-09-17 07:45:00,0.0
2030-09-17 08:00:00,0.0
2030-09-17 08:15:00,0.0
2030-09-17 08:30:00,0.0
2030-09-17 08:45:00,0.0
2030-09-17 09:00:00,0.0
2030-09-17 09:15:00,0.0
2030-09-17 09:30:00,0.0
2030-09-17 09:45:00,0.0
2030-09-17 10:00:00,0.0
2030-09-17 10:15:00,0.0
2030-09-17 10:30:00,0.0
2030-09-17 10:45:00,0.0
2030-09-17 11:00:00,0.0
2030-09-17 11:15:00,0.0
2030-09-17 11:30:00,0.0
2030-09-17 11:45:00,0.0
2030-09-17 12:00:00,0.0
2030-09-17 12:15:00,0.0
2030-09-17 12:30:00,0.0
2030-09-17 12:45:00,0.0
2030-09-17 13:00:00,0.0
2030-09-17 13:15:00,0.0
2030-09-17 13:30:00,0.0
2030-09-17 13:45:00,0.0
2030-09-17 14:00:00,0.0
2030-09-17 14:15:00,0.0
2030-09-17 14:30:00,0.0
2030-09-17 14:45:00,0.0
2030-09-17 15:00:00,0.0
2030-09-17 15:15:00,0.0
2030-09-17 15:30:00,0.0
2030-09-17 15:45:00,0.0
2030-09-17 16:00:00,0.0
2030-09-17 16:15:00,0.0
2030-09-17 16:30:00,0.0
2030-09-17 16:45:00,0.0
2030-09-17 17:00:00,0.0
2030-09-17 17:15:00,0.0
2030-09-17 17:30:00,0.0
2030-09-17 17:45:00,0.0
2030-09-17 18:00:00,0.0
2030-09-17 18:15:00,0.0
2030-09-17 18:30:00,0.0
2030-09-17 18:45:00,0.0
2030-09-17 19:00:00,0.0
2030-09-17 19:15:00,0.0
2030-09-17 19:30:00,0.0
2030-09-17 19:45:00,0.0
2030-09-17 20:00:00,0.0
2030-09-17 20:15:00,0.0
2030-09-17 20:30:00,0.0
2030-09-17 20:45:00,0.0
2030-09-17 21:00:00,0.0
2030-09-17 21:15:00,0.0
2030-09-17 21:30:00,0.0
2030-09-17 21:45:00,0.0
2030-09-17 22:00:00,0.0
2030-09-17 22:15:00,0.0
2030-09-17 22:30:00,0.0
2030-09-17 22:45:00,0.0
2030-09-17 23:00:00,0.0
2030-09-17 23:15:00,0.0
2030-09-17 23:30:00,0.0
2030-09-17 23:45:00,0.0
2030-09-18 00:00:00,0.0
2030-09-18 00:15:00,0.0
2030-09-18 00:30:00,0.0
2030-09-18 00:45:00,0.0
2030-09-18 01:00:00,0.0
2030-09-18 01:15:00,0.0
2030-09-18 01:30:00,0.0
2030-09-18 01:45:00,0.0
2030-09-18 02:00:00,0.0
2030-09-18 02:15:00,0.0
2030-09-18 02:30:00,0.0
2030-09-18 02:45:00,0.0
2030-09-18 03:00:00,0.0
2030-09-18 03:15:00,0.0
2030-09-18 03:30:00,0.0
2030-09-18 03:45:00,0.0
2030-09-18 04:00:00,0.0
2030-09-18 04:15:00,0.0
2030-09-18 04:30:00,0.0
2030-09-18 04:45:00,0.0
2030-09-18 05:00:00,0.0
2030-09-18 05:15:00,0.0
2030-09-18 05:30:00,0.0
2030-09-18 05:45:00,0.0
2030-09-18 06:00:00,0.0
2030-09-18 06:15:00,0.0
2030-09-18 06:30:00,0.0
2030-09-18 06:45:00,0.0
2030-09-18 07:00:00,0.0
2030-09-18 07:15:00,0.0
2030-09-18 07:30:00,0.0
2030-09-18 07:45:00,0.0
2030-09-18 08:00:00,0.0
2030-09-18 08:15:00,0.0
2030-09-18 08:30:00,0.0
2030-09-18 08:45:00,0.0
2030-09-18 09:00:00,0.0
2030-09-18 09:15:00,0.0
2030-09-18 09:30:00,0.0
2030-09-18 09:45:00,0.0
2030-09-18 10:00:00,0.0
2030-09-18 10:15:00,0.0
2030-09-18 10:30:00,0.0
2030-09-18 10:45:00,0.0
2030-09-18 11:00:00,0.0
2030-09-18 11:15:00,0.0
2030-09-18 11:30:00,0.0
2030-09-18 11:45:00,0.0
2030-09-18 12:00:00,0.0
2030-09-18 12:15:00,0.0
2030-09-18 12:30:00,0.0
2030-09-18 12:45:00,0.0
2030-09-18 13:00:00,0.0
2030-09-18 13:15:00,0.0
2030-09-18 13:30:00,0.0
2030-09-18 13:45:00,0.0
2030-09-18 14:00:00,0.0
2030-09-18 14:15:00,0.0
2030-09-18 14:30:00,0.0
2030-09-18 14:45:00,0.0
2030-09-18 15:00:00,0.0
2030-09-18 15:15:00,0.0
2030-09-18 15:30:00,0.0
2030-09-18 15:45:00,0.0
2030-09-18 16:00:00,0.0
2030-09-18 16:15:00,0.0
2030-09-18 16:30:00,0.0
2030-09-18 16:45:00,0.0
2030-09-18 17:00:00,0.0
2030-09-18 17:15:00,0.0
2030-09-18 17:30:00,0.0
2030-09-18 17:45:00,0.0
2030-09-18 18:00:00,0.0
2030-09-18 18:15:00,0.0
2030-09-18 18:30:00,0.0
2030-09-18 18:45:00,0.0
2030-09-18 19:00:00,0.0
2030-09-18 19:15:00,0.0
2030-09-18 19:30:00,0.0
2030-09-18 19:45:00,0.0
2030-09-18 20:00:00,0.0
2030-09-18 20:15:00,0.0
2030-09-18 20:30:00,0.0
2030-09-18 20:45:00,0.0
2030-09-18 21:00:00,0.0
2030-09-18 21:15:00,0.0
2030-09-18 21:30:00,0.0
2030-09-18 21:45:00,0.0
2030-09-18 22:00:00,0.0
2030-09-18 22:15:00,0.0
2030-09-18 22:30:00,0.0
2030-09-18 22:45:00,0.0
2030-09-18 23:00:00,0.0
2030-09-18 23:15:00,0.0
2030-09-18 23:30:00,0.0
2030-09-18 23:45:00,0.0
2030-09-19 00:00:00,0.0
2030-09-19 00:15:00,0.0
2030-09-19 00:30:00,0.0
2030-09-19 00:45:00,0.0
2030-09-19 01:00:00,0.0
2030-09-19 01:15:00,0.0
2030-09-19 01:30:00,0.0
2030-09-19 01:45:00,0.0
2030-09-19 02:00:00,0.0
2030-09-19 02:15:00,0.0
2030-09-19 02:30:00,0.0
2030-09-19 02:45:00,0.0
2030-09-19 03:00:00,0.0
2030-09-19 03:15:00,0.0
2030-09-19 03:30:00,0.0
2030-09-19 03:45:00,0.0
2030-09-19 04:00:00,0.0
2030-09-19 04:15:00,0.0
2030-09-19 04:30:00,0.0
2030-09-19 04:45:00,0.0
2030-09-19 05:00:00,0.0
2030-09-19 05:15:00,0.0
2030-09-19 05:30:00,0.0
2030-09-19 05:45:00,0.0
2030-09-19 06:00:00,0.0
2030-09-19 06:15:00,0.0
2030-09-19 06:30:00,0.0
2030-09-19 06:45:00,0.0
2030-09-19 07:00:00,0.0
2030-09-19 07:15:00,0.0
2030-09-19 07:30:00,0.0
2030-09-19 07:45:00,103.45855047731857
2030-09-19 08:00:00,334.3072227152661
2030-09-19 08:15:00,559.2212349250367
2030-09-19 08:30:00,741.9084516226067
2030-09-19 08:45:00,705.3678322837077
2030-09-19 09:00:00,594.3663986646243
2030-09-19 09:15:00,724.9843919234845
2030-09-19 09:30:00,801.2153834876135
2030-09-19 09:45:00,826.8610055583013
2030-09-19 10:00:00,771.8878727817173
2030-09-19 10:15:00,866.3768392083621
2030-09-19 10:30:00,906.0225133337262
2030-09-19 10:45:00,894.6076661234383
2030-09-19 11:00:00,788.1967960527327
2030-09-19 11:15:00,940.7055944415897
2030-09-19 11:30:00,811.5905437243855
2030-09-19 11:45:00,695.48334763823
2030-09-19 12:00:00,565.4907732389383
2030-09-19 12:15:00,602.9086328419398
2030-09-19 12:30:00,626.0519859561518
2030-09-19 12:45:00,579.5462795265921
2030-09-19 13:00:00,378.1049592156851
2030-09-19 13:15:00,293.36298166059896
2030-09-19 13:30:00,11.073443569392111
2030-09-19 13:45:00,0.0
2030-09-19 14:00:00,0.0
2030-09-19 14:15:00,0.0
2030-09-19 14:30:00,0.0
2030-09-19 14:45:00,0.0
2030-09-19 15:00:00,0.0
2030-09-19 15:15:00,0.0
2030-09-19 15:30:00,0.0
2030-09-19 15:45:00,0.0
2030-09-19 16:00:00,0.0
2030-09-19 16:15:00,0.0
2030-09-19 16:30:00,0.0
2030-09-19 16:45:00,0.0
2030-09-19 17:00:00,0.0
2030-09-19 17:15:00,0.0
2030-09-19 17:30:00,0.0
2030-09-19 17:45:00,0.0
2030-09-19 18:00:00,0.0
2030-09-19 18:15:00,0.0
2030-09-19 18:30:00,0.0
2030-09-19 18:45:00,0.0
2030-09-19 19:00:00,0.0
2030-09-19 19:15:00,0.0
2030-09-19 19:30:00,0.0
2030-09-19 19:45:00,0.0
2030-09-19 20:00:00,0.0
2030-09-19 20:15:00,0.0
2030-09-19 20:30:00,0.0
2030-09-19 20:45:00,0.0
2030-09-19 21:00:00,0.0
2030-09-19 21:15:00,0.0
2030-09-19 21:30:00,0.0
2030-09-19 21:45:00,0.0
2030-09-19 22:00:00,0.0
2030-09-19 22:15:00,0.0
2030-09-19 22:30:00,0.0
2030-09-19 22:45:00,0.0
2030-09-19 23:00:00,0.0
2030-09-19 23:15:00,0.0
2030-09-19 23:30:00,0.0
2030-09-19 23:45:00,0.0
2030-09-20 00:00:00,0.0
2030-09-20 00:15:00,0.0
2030-09-20 00:30:00,0.0
2030-09-20 00:45:00,0.0
2030-09-20 01:00:00,0.0
2030-09-20 01:15:00,0.0
2030-09-20 01:30:00,0.0
2030-09-20 01:45:00,0.0
2030-09-20 02:00:00,0.0
2030-09-20 02:15:00,0.0
2030-09-20 02:30:00,0.0
2030-09-20 02:45:00,0.0
2030-09-20 03:00:00,0.0
2030-09-20 03:15:00,0.0
2030-09-20 03:30:00,0.0
2030-09-20 03:45:00,0.0
2030-09-20 04:00:00,0.0
2030-09-20 04:15:00,0.0
2030-09-20 04:30:00,0.0
2030-09-20 04:45:00,0.0
2030-09-20 05:00:00,0.0
2030-09-20 05:15:00,0.0
2030-09-20 05:30:00,0.0
2030-09-20 05:45:00,0.0
2030-09-20 06:00:00,0.0
2030-09-20 06:15:00,0.0
2030-09-20 06:30:00,0.0
2030-09-20 06:45:00,0.0
2030-09-20 07:00:00,0.0
2030-09-20 07:15:00,0.0
2030-09-20 07:30:00,0.0
2030-09-20 07:45:00,245.00403848645692
2030-09-20 08:00:00,508.4315354769242
2030-09-20 08:15:00,473.1531958286323
2030-09-20 08:30:00,570.1475985927154
2030-09-20 08:45:00,640.6501751611431
2030-09-20 09:00:00,751.4361684420037
2030-09-20 09:15:00,830.0646037778424
2030-09-20 09:30:00,927.4135962571199
2030-09-20 09:45:00,969.547440151131
2030-09-20 10:00:00,825.5585483104314
2030-09-20 10:15:00,926.8971125960779
2030-09-20 10:30:00,884.7793276247758
2030-09-20 10:45:00,918.562872188726
2030-09-20 11:00:00,968.900538550206
2030-09-20 11:15:00,926.3473441167607
2030-09-20 11:30:00,928.1733458616181
2030-09-20 11:45:00,843.1967644647266
2030-09-20 12:00:00,667.9652808748706
2030-09-20 12:15:00,562.2304403014314
2030-09-20 12:30:00,514.0700482081738
2030-09-20 12:45:00,482.2097429603018
2030-09-20 13:00:00,475.43442432855045
2030-09-20 13:15:00,419.2140369832123
2030-09-20 13:30:00,334.659507951199
2030-09-20 13:45:00,200.87398753070192
2030-09-20 14:00:00,127.7174472583265
2030-09-20 14:15:00,148.5055168210747
2030-09-20 14:30:00,113.43937105031182
2030-09-20 14:45:00,64.67134949931278
2030-09-20 15:00:00,13.449030793297425
2030-09-20 15:15:00,0.0
2030-09-20 15:30:00,0.0
2030-09-20 15:45:00,0.0
2030-09-20 16:00:00,0.0
2030-09-20 16:15:00,0.0
2030-09-20 16:30:00,0.0
2030-09-20 16:45:00,0.0
2030-09-20 17:00:00,0.0
2030-09-20 17:15:00,21.82595885019873
2030-09-20 17:30:00,84.14042934177633
2030-09-20 17:45:00,168.06711154921322
2030-09-20 18:00:00,306.04813832535365
2030-09-20 18:15:00,376.0351894817177
2030-09-20 18:30:00,488.25729961399884
2030-09-20 18:45:00,596.2435509140669
2030-09-20 19:00:00,646.485954606027
2030-09-20 19:15:00,713.9054947206241
2030-09-20 19:30:00,858.0766970391505
2030-09-20 19:45:00,881.5277591289996
2030-09-20 20:00:00,694.5270935074004
2030-09-20 20:15:00,444.5790492277192
2030-09-20 20:30:00,249.63026797026578
2030-09-20 20:45:00,0.0
2030-09-20 21:00:00,0.0
2030-09-20 21:15:00,0.0
2030-09-20 21:30:00,0.0
2030-09-20 21:45:00,0.0
2030-09-20 22:00:00,0.0
2030-09-20 22:15:00,0.0
2030-09-20 22:30:00,0.0
2030-09-20 22:45:00,0.0
2030-09-20 23:00:00,0.0
2030-09-20 23:15:00,0.0
2030-09-20 23:30:00,0.0
2030-09-20 23:45:00,0.0
2030-09-21 00:00:00,0.0
2030-09-21 00:15:00,0.0
2030-09-21 00:30:00,0.0
2030-09-21 00:45:00,0.0
2030-09-21 01:00:00,0.0
2030-09-21 01:15:00,0.0
2030-09-21 01:30:00,0.0
2030-09-21 01:45:00,0.0
2030-09-21 02:00:00,0.0
2030-09-21 02:15:00,0.0
2030-09-21 02:30:00,0.0
2030-09-21 02:45:00,0.0
2030-09-21 03:00:00,0.0
2030-09-21 03:15:00,0.0
2030-09-21 03:30:00,0.0
2030-09-21 03:45:00,0.0
2030-09-21 04:00:00,0.0
2030-09-21 04:15:00,0.0
2030-09-21 04:30:00,0.0
2030-09-21 04:45:00,0.0
2030-09-21 05:00:00,0.0
2030-09-21 05:15:00,0.0
2030-09-21 05:30:00,0.0
2030-09-21 05:45:00,0.0
2030-09-21 06:00:00,0.0
2030-09-21 06:15:00,0.0
2030-09-21 06:30:00,0.0
2030-09-21 06:45:00,0.0
2030-09-21 07:00:00,224.21676521521113
2030-09-21 07:15:00,398.67072169164385
2030-09-21 07:30:00,524.4067279811625
2030-09-21 07:45:00,695.767536448946
2030-09-21 08:00:00,862.1767360892809
2030-09-21 08:15:00,1018.2369321943552
2030-09-21 08:30:00,1128.7647498152983
2030-09-21 08:45:00,1180.4374693114332
2030-09-21 09:00:00,1161.235182992501
2030-09-21 09:15:00,1274.0002066959496
2030-09-21 09:30:00,1283.3256251929724
2030-09-21 09:45:00,1323.3520928954167
2030-09-21 10:00:00,1270.372517460164
2030-09-21 10:15:00,1374.619359566188
2030-09-21 10:30:00,1449.960719679908
2030-09-21 10:45:00,1382.0488061494543
2030-09-21 11:00:00,1372.8370763475978
2030-09-21 11:15:00,1351.0229161792304
2030-09-21 11:30:00,1334.3862023912898
2030-09-21 11:45:00,1234.627860202998
2030-09-21 12:00:00,1125.9307655376124
2030-09-21 12:15:00,1189.278822409644
2030-09-21 12:30:00,1115.771609907153
2030-09-21 12:45:00,1210.502762857741
2030-09-21 13:00:00,1300.1351262718235
2030-09-21 13:15:00,1152.187683102864
2030-09-21 13:30:00,1048.6583304077576
2030-09-21 13:45:00,832.6771172752142
2030-09-21 14:00:00,787.118512529034
2030-09-21 14:15:00,767.3488360547399
2030-09-21 14:30:00,575.0070937123764
2030-09-21 14:45:00,479.40032850530224
2030-09-21 15:00:00,579.8179701725421
2030-09-21 15:15:00,660.8964880366166
2030-09-21 15:30:00,561.3010821506632
2030-09-21 15:45:00,310.8183866103918
2030-09-21 16:00:00,430.1049534969188
2030-09-21 16:15:00,398.187157921584
2030-09-21 16:30:00,436.8276622302383
2030-09-21 16:45:00,358.68387311057086
2030-09-21 17:00:00,448.2875767048881
2030-09-21 17:15:00,421.3354665782099
2030-09-21 17:30:00,494.61921875236294
2030-09-21 17:45:00,441.77693371762143
2030-09-21 18:00:00,270.7864272036604
2030-09-21 18:15:00,42.44373045850625
2030-09-21 18:30:00,0.0
2030-09-21 18:45:00,0.0
2030-09-21 19:00:00,0.0
2030-09-21 19:15:00,138.54800459234684
2030-09-21 19:30:00,172.94981459219343
2030-09-21 19:45:00,134.43509024183186
2030-09-21 20:00:00,0.0
2030-09-21 20:15:00,0.0
2030-09-21 20:30:00,0.0
2030-09-21 20:45:00,0.0
2030-09-21 21:00:00,0.0
2030-09-21 21:15:00,0.0
2030-09-21 21:30:00,0.0
2030-09-21 21:45:00,0.0
2030-09-21 22:00:00,0.0
2030-09-21 22:15:00,0.0
2030-09-21 22:30:00,0.0
2030-09-21 22:45:00,0.0
2030-09-21 23:00:00,0.0
2030-09-21 23:15:00,0.0
2030-09-21 23:30:00,0.0
2030-09-21 23:45:00,0.0
2030-09-22 00:00:00,0.0
2030-09-22 00:15:00,0.0
2030-09-22 00:30:00,0.0
2030-09-22 00:45:00,0.0
2030-09-22 01:00:00,0.0
2030-09-22 01:15:00,0.0
2030-09-22 01:30:00,0.0
2030-09-22 01:45:00,0.0
2030-09-22 02:00:00,0.0
2030-09-22 02:15:00,0.0
2030-09-22 02:30:00,0.0
2030-09-22 02:45:00,0.0
2030-09-22 03:00:00,0.0
2030-09-22 03:15:00,0.0
2030-09-22 03:30:00,0.0
2030-09-22 03:45:00,0.0
2030-09-22 04:00:00,0.0
2030-09-22 04:15:00,0.0
2030-09-22 04:30:00,0.0
2030-09-22 04:45:00,0.0
2030-09-22 05:00:00,0.0
2030-09-22 05:15:00,0.0
2030-09-22 05:30:00,0.0
2030-09-22 05:45:00,0.0
2030-09-22 06:00:00,0.0
2030-09-22 06:15:00,0.0
2030-09-22 06:30:00,0.0
2030-09-22 06:45:00,0.0
2030-09-22 07:00:00,0.0
2030-09-22 07:15:00,0.0
2030-09-22 07:30:00,0.0
2030-09-22 07:45:00,0.0
2030-09-22 08:00:00,0.0
2030-09-22 08:15:00,129.5878273960043
2030-09-22 08:30:00,401.73457508537103
2030-09-22 08:45:00,507.964958360546
2030-09-22 09:00:00,530.341737887069
2030-09-22 09:15:00,569.369741199509
2030-09-22 09:30:00,759.3246001775478
2030-09-22 09:45:00,773.5582190909354
2030-09-22 10:00:00,738.6395512870658
2030-09-22 10:15:00,802.6953524403125
2030-09-22 10:30:00,910.611685235599
2030-09-22 10:45:00,1190.2399125807879
2030-09-22 11:00:00,1263.3663757857867
2030-09-22 11:15:00,1212.5146966264674
2030-09-22 11:30:00,1193.6015670803827
2030-09-22 11:45:00,1266.426468615893
2030-09-22 12:00:00,1189.303732070177
2030-09-22 12:15:00,1152.7230727503156
2030-09-22 12:30:00,1271.196059593667
2030-09-22 12:45:00,1348.42795057056
2030-09-22 13:00:00,1274.7827018909138
2030-09-22 13:15:00,1110.82799980671
2030-09-22 13:30:00,900.2361689231566
2030-09-22 13:45:00,684.8692278659382
2030-09-22 14:00:00,475.98101522104116
2030-09-22 14:15:00,427.86727045155567
2030-09-22 14:30:00,414.36282099643176
2030-09-22 14:45:00,399.0436827747817
2030-09-22 15:00:00,525.3512368601168
2030-09-22 15:15:00,506.5941469842219
2030-09-22 15:30:00,414.61854547127405
2030-09-22 15:45:00,254.49188285844502
2030-09-22 16:00:00,277.2034444846686
2030-09-22 16:15:00,192.30164680358757
2030-09-22 16:30:00,219.48382855825366
2030-09-22 16:45:00,227.62453379681574
2030-09-22 17:00:00,366.0284625966269
2030-09-22 17:15:00,428.6427406300136
2030-09-22 17:30:00,433.7704301341055
2030-09-22 17:45:00,475.76720703728097
2030-09-22 18:00:00,448.8204251595889
2030-09-22 18:15:00,364.23101645175484
2030-09-22 18:30:00,323.78355251265384
2030-09-22 18:45:00,402.63957678008774
2030-09-22 19:00:00,331.8431138011965
2030-09-22 19:15:00,223.87687878403085
2030-09-22 19:30:00,230.16630833744057
2030-09-22 19:45:00,183.36825627980033
2030-09-22 20:00:00,0.0
2030-09-22 20:15:00,0.0
2030-09-22 20:30:00,0.0
2030-09-22 20:45:00,0.0
2030-09-22 21:00:00,0.0
2030-09-22 21:15:00,0.0
2030-09-22 21:30:00,0.0
2030-09-22 21:45:00,0.0
2030-09-22 22:00:00,0.0
2030-09-22 22:15:00,0.0
2030-09-22 22:30:00,0.0
2030-09-22 22:45:00,0.0
2030-09-22 23:00:00,0.0
2030-09-22 23:15:00,0.0
2030-09-22 23:30:00,0.0
2030-09-22 23:45:00,0.0
2030-09-23 00:00:00,0.0
2030-09-23 00:15:00,0.0
2030-09-23 00:30:00,0.0
2030-09-23 00:45:00,0.0
2030-09-23 01:00:00,0.0
2030-09-23 01:15:00,0.0
2030-09-23 01:30:00,0.0
2030-09-23 01:45:00,0.0
2030-09-23 02:00:00,0.0
2030-09-23 02:15:00,0.0
2030-09-23 02:30:00,0.0
2030-09-23 02:45:00,0.0
2030-09-23 03:00:00,0.0
2030-09-23 03:15:00,0.0
2030-09-23 03:30:00,0.0
2030-09-23 03:45:00,0.0
2030-09-23 04:00:00,0.0
2030-09-23 04:15:00,0.0
2030-09-23 04:30:00,0.0
2030-09-23 04:45:00,0.0
2030-09-23 05:00:00,0.0
2030-09-23 05:15:00,0.0
2030-09-23 05:30:00,0.0
2030-09-23 05:45:00,0.0
2030-09-23 06:00:00,0.0
2030-09-23 06:15:00,0.0
2030-09-23 06:30:00,0.0
2030-09-23 06:45:00,0.0
2030-09-23 07:00:00,0.0
2030-09-23 07:15:00,0.0
2030-09-23 07:30:00,0.0
2030-09-23 07:45:00,0.0
2030-09-23 08:00:00,0.0
2030-09-23 08:15:00,0.0
2030-09-23 08:30:00,0.0
2030-09-23 08:45:00,0.0
2030-09-23 09:00:00,0.0
2030-09-23 09:15:00,0.0
2030-09-23 09:30:00,0.0
2030-09-23 09:45:00,0.0
2030-09-23 10:00:00,0.0
2030-09-23 10:15:00,0.0
2030-09-23 10:30:00,0.0
2030-09-23 10:45:00,0.0
2030-09-23 11:00:00,0.0
2030-09-23 11:15:00,0.0
2030-09-23 11:30:00,0.0
2030-09-23 11:45:00,0.0
2030-09-23 12:00:00,0.0
2030-09-23 12:15:00,0.0
2030-09-23 12:30:00,0.0
2030-09-23 12:45:00,0.0
2030-09-23 13:00:00,0.0
2030-09-23 13:15:00,0.0
2030-09-23 13:30:00,0.0
2030-09-23 13:45:00,0.0
2030-09-23 14:00:00,0.0
2030-09-23 14:15:00,0.0
2030-09-23 14:30:00,0.0
2030-09-23 14:45:00,0.0
2030-09-23 15:00:00,0.0
2030-09-23 15:15:00,0.0
2030-09-23 15:30:00,0.0
2030-09-23 15:45:00,0.0
2030-09-23 16:00:00,0.0
2030-09-23 16:15:00,0.0
2030-09-23 16:30:00,0.0
2030-09-23 16:45:00,0.0
2030-09-23 17:00:00,0.0
2030-09-23 17:15:00,0.0
2030-09-23 17:30:00,0.0
2030-09-23 17:45:00,0.0
2030-09-23 18:00:00,0.0
2030-09-23 18:15:00,0.0
2030-09-23 18:30:00,0.0
2030-09-23 18:45:00,0.0
2030-09-23 19:00:00,0.0
2030-09-23 19:15:00,0.0
2030-09-23 19:30:00,0.0
2030-09-23 19:45:00,0.0
2030-09-23 20:00:00,0.0
2030-09-23 20:15:00,0.0
2030-09-23 20:30:00,0.0
2030-09-23 20:45:00,0.0
2030-09-23 21:00:00,0.0
2030-09-23 21:15:00,0.0
2030-09-23 21:30:00,0.0
2030-09-23 21:45:00,0.0
2030-09-23 22:00:00,0.0
2030-09-23 22:15:00,0.0
2030-09-23 22:30:00,0.0
2030-09-23 22:45:00,0.0
2030-09-23 23:00:00,0.0
2030-09-23 23:15:00,0.0
2030-09-23 23:30:00,0.0
2030-09-23 23:45:00,0.0
2030-09-24 00:00:00,0.0
2030-09-24 00:15:00,0.0
2030-09-24 00:30:00,0.0
2030-09-24 00:45:00,0.0
2030-09-24 01:00:00,0.0
2030-09-24 01:15:00,0.0
2030-09-24 01:30:00,0.0
2030-09-24 01:45:00,0.0
2030-09-24 02:00:00,0.0
2030-09-24 02:15:00,0.0
2030-09-24 02:30:00,0.0
2030-09-24 02:45:00,0.0
2030-09-24 03:00:00,0.0
2030-09-24 03:15:00,0.0
2030-09-24 03:30:00,0.0
2030-09-24 03:45:00,0.0
2030-09-24 04:00:00,0.0
2030-09-24 04:15:00,0.0
2030-09-24 04:30:00,0.0
2030-09-24 04:45:00,0.0
2030-09-24 05:00:00,0.0
2030-09-24 05:15:00,0.0
2030-09-24 05:30:00,0.0
2030-09-24 05:45:00,0.0
2030-09-24 06:00:00,0.0
2030-09-24 06:15:00,0.0
2030-09-24 06:30:00,0.0
2030-09-24 06:45:00,0.0
2030-09-24 07:00:00,0.0
2030-09-24 07:15:00,0.0
2030-09-24 07:30:00,0.0
2030-09-24 07:45:00,0.0
2030-09-24 08:00:00,0.0
2030-09-24 08:15:00,0.0
2030-09-24 08:30:00,0.0
2030-09-24 08:45:00,0.0
2030-09-24 09:00:00,0.0
2030-09-24 09:15:00,0.0
2030-09-24 09:30:00,0.0
2030-09-24 09:45:00,0.0
2030-09-24 10:00:00,0.0
2030-09-24 10:15:00,0.0
2030-09-24 10:30:00,0.0
2030-09-24 10:45:00,0.0
2030-09-24 11:00:00,0.0
2030-09-24 11:15:00,0.0
2030-09-24 11:30:00,0.0
2030-09-24 11:45:00,0.0
2030-09-24 12:00:00,0.0
2030-09-24 12:15:00,0.0
2030-09-24 12:30:00,0.0
2030-09-24 12:45:00,0.0
2030-09-24 13:00:00,0.0
2030-09-24 13:15:00,0.0
2030-09-24 13:30:00,0.0
2030-09-24 13:45:00,0.0
2030-09-24 14:00:00,0.0
2030-09-24 14:15:00,0.0
2030-09-24 14:30:00,0.0
2030-09-24 14:45:00,0.0
2030-09-24 15:00:00,0.0
2030-09-24 15:15:00,0.0
2030-09-24 15:30:00,0.0
2030-09-24 15:45:00,0.0
2030-09-24 16:00:00,0.0
2030-09-24 16:15:00,0.0
2030-09-24 16:30:00,0.0
2030-09-24 16:45:00,0.0
2030-09-24 17:00:00,0.0
2030-09-24 17:15:00,0.0
2030-09-24 17:30:00,0.0
2030-09-24 17:45:00,0.0
2030-09-24 18:00:00,0.0
2030-09-24 18:15:00,0.0
2030-09-24 18:30:00,0.0
2030-09-24 18:45:00,0.0
2030-09-24 19:00:00,0.0
2030-09-24 19:15:00,0.0
2030-09-24 19:30:00,0.0
2030-09-24 19:45:00,0.0
2030-09-24 20:00:00,0.0
2030-09-24 20:15:00,0.0
2030-09-24 20:30:00,0.0
2030-09-24 20:45:00,0.0
2030-09-24 21:00:00,0.0
2030-09-24 21:15:00,0.0
2030-09-24 21:30:00,0.0
2030-09-24 21:45:00,0.0
2030-09-24 22:00:00,0.0
2030-09-24 22:15:00,0.0
2030-09-24 22:30:00,0.0
2030-09-24 22:45:00,0.0
2030-09-24 23:00:00,0.0
2030-09-24 23:15:00,0.0
2030-09-24 23:30:00,0.0
2030-09-24 23:45:00,0.0
2030-09-25 00:00:00,0.0
2030-09-25 00:15:00,0.0
2030-09-25 00:30:00,0.0
2030-09-25 00:45:00,0.0
2030-09-25 01:00:00,0.0
2030-09-25 01:15:00,0.0
2030-09-25 01:30:00,0.0
2030-09-25 01:45:00,0.0
2030-09-25 02:00:00,0.0
2030-09-25 02:15:00,0.0
2030-09-25 02:30:00,0.0
2030-09-25 02:45:00,0.0
2030-09-25 03:00:00,0.0
2030-09-25 03:15:00,0.0
2030-09-25 03:30:00,0.0
2030-09-25 03:45:00,0.0
2030-09-25 04:00:00,0.0
2030-09-25 04:15:00,0.0
2030-09-25 04:30:00,0.0
2030-09-25 04:45:00,0.0
2030-09-25 05:00:00,0.0
2030-09-25 05:15:00,0.0
2030-09-25 05:30:00,0.0
2030-09-25 05:45:00,0.0
2030-09-25 06:00:00,0.0
2030-09-25 06:15:00,0.0
2030-09-25 06:30:00,0.0
2030-09-25 06:45:00,0.0
2030-09-25 07:00:00,0.0
2030-09-25 07:15:00,0.0
2030-09-25 07:30:00,0.0
2030-09-25 07:45:00,0.0
2030-09-25 08:00:00,0.0
2030-09-25 08:15:00,0.0
2030-09-25 08:30:00,0.0
2030-09-25 08:45:00,0.0
2030-09-25 09:00:00,0.0
2030-09-25 09:15:00,0.0
2030-09-25 09:30:00,0.0
2030-09-25 09:45:00,0.0
2030-09-25 10:00:00,0.0
2030-09-25 10:15:00,0.0
2030-09-25 10:30:00,0.0
2030-09-25 10:45:00,0.0
2030-09-25 11:00:00,0.0
2030-09-25 11:15:00,0.0
2030-09-25 11:30:00,0.0
2030-09-25 11:45:00,0.0
2030-09-25 12:00:00,0.0
2030-09-25 12:15:00,0.0
2030-09-25 12:30:00,0.0
2030-09-25 12:45:00,0.0
2030-09-25 13:00:00,0.0
2030-09-25 13:15:00,0.0
2030-09-25 13:30:00,0.0
2030-09-25 13:45:00,0.0
2030-09-25 14:00:00,0.0
2030-09-25 14:15:00,0.0
2030-09-25 14:30:00,0.0
2030-09-25 14:45:00,0.0
2030-09-25 15:00:00,0.0
2030-09-25 15:15:00,0.0
2030-09-25 15:30:00,0.0
2030-09-25 15:45:00,0.0
2030-09-25 16:00:00,0.0
2030-09-25 16:15:00,0.0
2030-09-25 16:30:00,0.0
2030-09-25 16:45:00,0.0
2030-09-25 17:00:00,0.0
2030-09-25 17:15:00,0.0
2030-09-25 17:30:00,0.0
2030-09-25 17:45:00,0.0
2030-09-25 18:00:00,0.0
2030-09-25 18:15:00,0.0
2030-09-25 18:30:00,0.0
2030-09-25 18:45:00,0.0
2030-09-25 19:00:00,0.0
2030-09-25 19:15:00,0.0
2030-09-25 19:30:00,0.0
2030-09-25 19:45:00,0.0
2030-09-25 20:00:00,0.0
2030-09-25 20:15:00,0.0
2030-09-25 20:30:00,0.0
2030-09-25 20:45:00,0.0
2030-09-25 21:00:00,0.0
2030-09-25 21:15:00,0.0
2030-09-25 21:30:00,0.0
2030-09-25 21:45:00,0.0
2030-09-25 22:00:00,0.0
2030-09-25 22:15:00,0.0
2030-09-25 22:30:00,0.0
2030-09-25 22:45:00,0.0
2030-09-25 23:00:00,0.0
2030-09-25 23:15:00,0.0
2030-09-25 23:30:00,0.0
2030-09-25 23:45:00,0.0
2030-09-26 00:00:00,0.0
2030-09-26 00:15:00,0.0
2030-09-26 00:30:00,0.0
2030-09-26 00:45:00,0.0
2030-09-26 01:00:00,0.0
2030-09-26 01:15:00,0.0
2030-09-26 01:30:00,0.0
2030-09-26 01:45:00,0.0
2030-09-26 02:00:00,0.0
2030-09-26 02:15:00,0.0
2030-09-26 02:30:00,0.0
2030-09-26 02:45:00,0.0
2030-09-26 03:00:00,0.0
2030-09-26 03:15:00,0.0
2030-09-26 03:30:00,0.0
2030-09-26 03:45:00,0.0
2030-09-26 04:00:00,0.0
2030-09-26 04:15:00,0.0
2030-09-26 04:30:00,0.0
2030-09-26 04:45:00,0.0
2030-09-26 05:00:00,0.0
2030-09-26 05:15:00,0.0
2030-09-26 05:30:00,0.0
2030-09-26 05:45:00,0.0
2030-09-26 06:00:00,0.0
2030-09-26 06:15:00,0.0
2030-09-26 06:30:00,0.0
2030-09-26 06:45:00,0.0
2030-09-26 07:00:00,0.0
2030-09-26 07:15:00,0.0
2030-09-26 07:30:00,47.31030400697273
2030-09-26 07:45:00,265.7036088084078
2030-09-26 08:00:00,480.81977577312136
2030-09-26 08:15:00,710.9457244442383
2030-09-26 08:30:00,936.9277075006976
2030-09-26 08:45:00,1056.1076196317772
2030-09-26 09:00:00,1132.3906446286674
2030-09-26 09:15:00,1204.1408204783293
2030-09-26 09:30:00,1152.6776954656234
2030-09-26 09:45:00,1151.4256725665127
2030-09-26 10:00:00,1144.5471124295254
2030-09-26 10:15:00,1030.8278372827663
2030-09-26 10:30:00,988.8636425461518
2030-09-26 10:45:00,1016.7488002269056
2030-09-26 11:00:00,1002.5109861792371
2030-09-26 11:15:00,1019.0708999742346
2030-09-26 11:30:00,1014.5161432149671
2030-09-26 11:45:00,1005.4755903124897
2030-09-26 12:00:00,836.2066482845185
2030-09-26 12:15:00,617.8442033691063
2030-09-26 12:30:00,587.0847763817892
2030-09-26 12:45:00,525.6718900852757
2030-09-26 13:00:00,388.379261036991
2030-09-26 13:15:00,387.62415416439035
2030-09-26 13:30:00,289.58411828810495
2030-09-26 13:45:00,331.0099061381079
2030-09-26 14:00:00,292.2536841922938
2030-09-26 14:15:00,323.885118114551
2030-09-26 14:30:00,298.42748194377236
2030-09-26 14:45:00,281.80382746717623
2030-09-26 15:00:00,365.730702149689
2030-09-26 15:15:00,276.85765635953067
2030-09-26 15:30:00,309.9041010212786
2030-09-26 15:45:00,289.28625229870886
2030-09-26 16:00:00,322.6069900458806
2030-09-26 16:15:00,223.76039893913185
2030-09-26 16:30:00,137.62249089575198
2030-09-26 16:45:00,77.8196747646034
2030-09-26 17:00:00,357.7860985291027
2030-09-26 17:15:00,369.71308732212674
2030-09-26 17:30:00,447.4408560054326
2030-09-26 17:45:00,411.523574476676
2030-09-26 18:00:00,436.65509483858114
2030-09-26 18:15:00,362.59253431946127
2030-09-26 18:30:00,311.31255964653974
2030-09-26 18:45:00,354.6064394679961
2030-09-26 19:00:00,401.26510752897957
2030-09-26 19:15:00,478.97185047363564
2030-09-26 19:30:00,668.1972587336313
2030-09-26 19:45:00,629.8798951359513
2030-09-26 20:00:00,313.2303012004468
2030-09-26 20:15:00,104.12918102637195
2030-09-26 20:30:00,0.0
2030-09-26 20:45:00,0.0
2030-09-26 21:00:00,0.0
2030-09-26 21:15:00,0.0
2030-09-26 21:30:00,0.0
2030-09-26 21:45:00,0.0
2030-09-26 22:00:00,0.0
2030-09-26 22:15:00,0.0
2030-09-26 22:30:00,0.0
2030-09-26 22:45:00,0.0
2030-09-26 23:00:00,0.0
2030-09-26 23:15:00,0.0
2030-09-26 23:30:00,0.0
2030-09-26 23:45:00,0.0
2030-09-27 00:00:00,0.0
2030-09-27 00:15:00,0.0
2030-09-27 00:30:00,0.0
2030-09-27 00:45:00,0.0
2030-09-27 01:00:00,0.0
2030-09-27 01:15:00,0.0
2030-09-27 01:30:00,0.0
2030-09-27 01:45:00,0.0
2030-09-27 02:00:00,0.0
2030-09-27 02:15:00,0.0
2030-09-27 02:30:00,0.0
2030-09-27 02:45:00,0.0
2030-09-27 03:00:00,0.0
2030-09-27 03:15:00,0.0
2030-09-27 03:30:00,0.0
2030-09-27 03:45:00,0.0
2030-09-27 04:00:00,0.0
2030-09-27 04:15:00,0.0
2030-09-27 04:30:00,0.0
2030-09-27 04:45:00,0.0
2030-09-27 05:00:00,0.0
2030-09-27 05:15:00,0.0
2030-09-27 05:30:00,0.0
2030-09-27 05:45:00,0.0
2030-09-27 06:00:00,0.0
2030-09-27 06:15:00,0.0
2030-09-27 06:30:00,0.0
2030-09-27 06:45:00,236.7843099777001
2030-09-27 07:00:00,497.57387069119795
2030-09-27 07:15:00,664.8334108076051
2030-09-27 07:30:00,919.039142128102
2030-09-27 07:45:00,1064.1006141858416
2030-09-27 08:00:00,1142.7555778320711
2030-09-27 08:15:00,1282.1720031470122
2030-09-27 08:30:00,1364.3396940215644
2030-09-27 08:45:00,1457.8220134813619
2030-09-27 09:00:00,1376.7496780794318
2030-09-27 09:15:00,1525.478288444814
2030-09-27 09:30:00,1513.0014979955267
2030-09-27 09:45:00,1507.7719171411172
2030-09-27 10:00:00,1331.4015159084993
2030-09-27 10:15:00,1336.699392784678
2030-09-27 10:30:00,1371.4955813465058
2030-09-27 10:45:00,1438.3944894106553
2030-09-27 11:00:00,1268.4533023993517
2030-09-27 11:15:00,1217.0213095946674
2030-09-27 11:30:00,1129.147651908459
2030-09-27 11:45:00,1020.865898484979
2030-09-27 12:00:00,982.3927772358347
2030-09-27 12:15:00,865.7598619612454
2030-09-27 12:30:00,819.961107731533
2030-09-27 12:45:00,755.2521517824534
2030-09-27 13:00:00,580.0848656060152
2030-09-27 13:15:00,436.55808053825604
2030-09-27 13:30:00,284.8162733910376
2030-09-27 13:45:00,163.048252695462
2030-09-27 14:00:00,171.15250578907944
2030-09-27 14:15:00,0.0
2030-09-27 14:30:00,0.0
2030-09-27 14:45:00,0.0
2030-09-27 15:00:00,0.0
2030-09-27 15:15:00,0.0
2030-09-27 15:30:00,0.0
2030-09-27 15:45:00,0.0
2030-09-27 16:00:00,0.0
2030-09-27 16:15:00,0.0
2030-09-27 16:30:00,0.0
2030-09-27 16:45:00,0.0
2030-09-27 17:00:00,183.7211423222907
2030-09-27 17:15:00,142.28926939358644
2030-09-27 17:30:00,206.17834085768482
2030-09-27 17:45:00,184.65625513278428
2030-09-27 18:00:00,142.71221634583708
2030-09-27 18:15:00,40.41534298058468
2030-09-27 18:30:00,18.235668170356803
2030-09-27 18:45:00,77.51816243288704
2030-09-27 19:00:00,114.86676611666007
2030-09-27 19:15:00,185.98795403126496
2030-09-27 19:30:00,209.19777506107857
2030-09-27 19:45:00,43.08789226864792
2030-09-27 20:00:00,0.0
2030-09-27 20:15:00,0.0
2030-09-27 20:30:00,0.0
2030-09-27 20:45:00,0.0
2030-09-27 21:00:00,0.0
2030-09-27 21:15:00,0.0
2030-09-27 21:30:00,0.0
2030-09-27 21:45:00,0.0
2030-09-27 22:00:00,0.0
2030-09-27 22:15:00,0.0
2030-09-27 22:30:00,0.0
2030-09-27 22:45:00,0.0
2030-09-27 23:00:00,0.0
2030-09-27 23:15:00,0.0
2030-09-27 23:30:00,0.0
2030-09-27 23:45:00,0.0
2030-09-28 00:00:00,0.0
2030-09-28 00:15:00,0.0
2030-09-28 00:30:00,0.0
2030-09-28 00:45:00,0.0
2030-09-28 01:00:00,0.0
2030-09-28 01:15:00,0.0
2030-09-28 01:30:00,0.0
2030-09-28 01:45:00,0.0
2030-09-28 02:00:00,0.0
2030-09-28 02:15:00,0.0
2030-09-28 02:30:00,0.0
2030-09-28 02:45:00,0.0
2030-09-28 03:00:00,0.0
2030-09-28 03:15:00,0.0
2030-09-28 03:30:00,0.0
2030-09-28 03:45:00,0.0
2030-09-28 04:00:00,0.0
2030-09-28 04:15:00,0.0
2030-09-28 04:30:00,0.0
2030-09-28 04:45:00,0.0
2030-09-28 05:00:00,0.0
2030-09-28 05:15:00,0.0
2030-09-28 05:30:00,0.0
2030-09-28 05:45:00,0.0
2030-09-28 06:00:00,0.0
2030-09-28 06:15:00,0.0
2030-09-28 06:30:00,0.0
2030-09-28 06:45:00,0.0
2030-09-28 07:00:00,0.0
2030-09-28 07:15:00,0.0
2030-09-28 07:30:00,0.0
2030-09-28 07:45:00,0.0
2030-09-28 08:00:00,0.0
2030-09-28 08:15:00,0.0
2030-09-28 08:30:00,0.0
2030-09-28 08:45:00,0.0
2030-09-28 09:00:00,0.0
2030-09-28 09:15:00,0.0
2030-09-28 09:30:00,0.0
2030-09-28 09:45:00,0.0
2030-09-28 10:00:00,0.0
2030-09-28 10:15:00,0.0
2030-09-28 10:30:00,0.0
2030-09-28 10:45:00,0.0
2030-09-28 11:00:00,0.0
2030-09-28 11:15:00,0.0
2030-09-28 11:30:00,0.0
2030-09-28 11:45:00,0.0
2030-09-28 12:00:00,0.0
2030-09-28 12:15:00,0.0
2030-09-28 12:30:00,0.0
2030-09-28 12:45:00,0.0
2030-09-28 13:00:00,0.0
2030-09-28 13:15:00,0.0
2030-09-28 13:30:00,0.0
2030-09-28 13:45:00,0.0
2030-09-28 14:00:00,0.0
2030-09-28 14:15:00,0.0
2030-09-28 14:30:00,0.0
2030-09-28 14:45:00,0.0
2030-09-28 15:00:00,0.0
2030-09-28 15:15:00,0.0
2030-09-28 15:30:00,0.0
2030-09-28 15:45:00,0.0
2030-09-28 16:00:00,0.0
2030-09-28 16:15:00,0.0
2030-09-28 16:30:00,0.0
2030-09-28 16:45:00,0.0
2030-09-28 17:00:00,0.0
2030-09-28 17:15:00,0.0
2030-09-28 17:30:00,0.0
2030-09-28 17:45:00,0.0
2030-09-28 18:00:00,0.0
2030-09-28 18:15:00,0.0
2030-09-28 18:30:00,0.0
2030-09-28 18:45:00,0.0
2030-09-28 19:00:00,0.0
2030-09-28 19:15:00,0.0
2030-09-28 19:30:00,0.0
2030-09-28 19:45:00,0.0
2030-09-28 20:00:00,0.0
2030-09-28 20:15:00,0.0
2030-09-28 20:30:00,0.0
2030-09-28 20:45:00,0.0
2030-09-28 21:00:00,0.0
2030-09-28 21:15:00,0.0
2030-09-28 21:30:00,0.0
2030-09-28 21:45:00,0.0
2030-09-28 22:00:00,0.0
2030-09-28 22:15:00,0.0
2030-09-28 22:30:00,0.0
2030-09-28 22:45:00,0.0
2030-09-28 23:00:00,0.0
2030-09-28 23:15:00,0.0
2030-09-28 23:30:00,0.0
2030-09-28 23:45:00,0.0
2030-09-29 00:00:00,0.0
2030-09-29 00:15:00,0.0
2030-09-29 00:30:00,0.0
2030-09-29 00:45:00,0.0
2030-09-29 01:00:00,0.0
2030-09-29 01:15:00,0.0
2030-09-29 01:30:00,0.0
2030-09-29 01:45:00,0.0
2030-09-29 02:00:00,0.0
2030-09-29 02:15:00,0.0
2030-09-29 02:30:00,0.0
2030-09-29 02:45:00,0.0
2030-09-29 03:00:00,0.0
2030-09-29 03:15:00,0.0
2030-09-29 03:30:00,0.0
2030-09-29 03:45:00,0.0
2030-09-29 04:00:00,0.0
2030-09-29 04:15:00,0.0
2030-09-29 04:30:00,0.0
2030-09-29 04:45:00,0.0
2030-09-29 05:00:00,0.0
2030-09-29 05:15:00,0.0
2030-09-29 05:30:00,0.0
2030-09-29 05:45:00,0.0
2030-09-29 06:00:00,0.0
2030-09-29 06:15:00,0.0
2030-09-29 06:30:00,0.0
2030-09-29 06:45:00,0.0
2030-09-29 07:00:00,0.0
2030-09-29 07:15:00,0.0
2030-09-29 07:30:00,0.0
2030-09-29 07:45:00,0.0
2030-09-29 08:00:00,0.0
2030-09-29 08:15:00,0.0
2030-09-29 08:30:00,0.0
2030-09-29 08:45:00,0.0
2030-09-29 09:00:00,0.0
2030-09-29 09:15:00,0.0
2030-09-29 09:30:00,0.0
2030-09-29 09:45:00,0.0
2030-09-29 10:00:00,0.0
2030-09-29 10:15:00,0.0
2030-09-29 10:30:00,0.0
2030-09-29 10:45:00,0.0
2030-09-29 11:00:00,0.0
2030-09-29 11:15:00,0.0
2030-09-29 11:30:00,0.0
2030-09-29 11:45:00,0.0
2030-09-29 12:00:00,0.0
2030-09-29 12:15:00,0.0
2030-09-29 12:30:00,0.0
2030-09-29 12:45:00,0.0
2030-09-29 13:00:00,0.0
2030-09-29 13:15:00,0.0
2030-09-29 13:30:00,0.0
2030-09-29 13:45:00,0.0
2030-09-29 14:00:00,0.0
2030-09-29 14:15:00,0.0
2030-09-29 14:30:00,0.0
2030-09-29 14:45:00,0.0
2030-09-29 15:00:00,0.0
2030-09-29 15:15:00,0.0
2030-09-29 15:30:00,0.0
2030-09-29 15:45:00,0.0
2030-09-29 16:00:00,0.0
2030-09-29 16:15:00,0.0
2030-09-29 16:30:00,0.0
2030-09-29 16:45:00,0.0
2030-09-29 17:00:00,0.0
2030-09-29 17:15:00,0.0
2030-09-29 17:30:00,0.0
2030-09-29 17:45:00,0.0
2030-09-29 18:00:00,0.0
2030-09-29 18:15:00,0.0
2030-09-29 18:30:00,0.0
2030-09-29 18:45:00,0.0
2030-09-29 19:00:00,0.0
2030-09-29 19:15:00,0.0
2030-09-29 19:30:00,0.0
2030-09-29 19:45:00,0.0
2030-09-29 20:00:00,0.0
2030-09-29 20:15:00,0.0
2030-09-29 20:30:00,0.0
2030-09-29 20:45:00,0.0
2030-09-29 21:00:00,0.0
2030-09-29 21:15:00,0.0
2030-09-29 21:30:00,0.0
2030-09-29 21:45:00,0.0
2030-09-29 22:00:00,0.0
2030-09-29 22:15:00,0.0
2030-09-29 22:30:00,0.0
2030-09-29 22:45:00,0.0
2030-09-29 23:00:00,0.0
2030-09-29 23:15:00,0.0
2030-09-29 23:30:00,0.0
2030-09-29 23:45:00,0.0
2030-09-30 00:00:00,0.0
2030-09-30 00:15:00,0.0
2030-09-30 00:30:00,0.0
2030-09-30 00:45:00,0.0
2030-09-30 01:00:00,0.0
2030-09-30 01:15:00,0.0
2030-09-30 01:30:00,0.0
2030-09-30 01:45:00,0.0
2030-09-30 02:00:00,0.0
2030-09-30 02:15:00,0.0
2030-09-30 02:30:00,0.0
2030-09-30 02:45:00,0.0
2030-09-30 03:00:00,0.0
2030-09-30 03:15:00,0.0
2030-09-30 03:30:00,0.0
2030-09-30 03:45:00,0.0
2030-09-30 04:00:00,0.0
2030-09-30 04:15:00,0.0
2030-09-30 04:30:00,0.0
2030-09-30 04:45:00,0.0
2030-09-30 05:00:00,0.0
2030-09-30 05:15:00,0.0
2030-09-30 05:30:00,0.0
2030-09-30 05:45:00,0.0
2030-09-30 06:00:00,0.0
2030-09-30 06:15:00,0.0
2030-09-30 06:30:00,0.0
2030-09-30 06:45:00,0.0
2030-09-30 07:00:00,0.0
2030-09-30 07:15:00,0.0
2030-09-30 07:30:00,0.0
2030-09-30 07:45:00,0.0
2030-09-30 08:00:00,0.0
2030-09-30 08:15:00,0.0
2030-09-30 08:30:00,0.0
2030-09-30 08:45:00,0.0
2030-09-30 09:00:00,0.0
2030-09-30 09:15:00,0.0
2030-09-30 09:30:00,0.0
2030-09-30 09:45:00,0.0
2030-09-30 10:00:00,0.0
2030-09-30 10:15:00,0.0
2030-09-30 10:30:00,0.0
2030-09-30 10:45:00,0.0
2030-09-30 11:00:00,0.0
2030-09-30 11:15:00,0.0
2030-09-30 11:30:00,0.0
2030-09-30 11:45:00,0.0
2030-09-30 12:00:00,0.0
2030-09-30 12:15:00,0.0
2030-09-30 12:30:00,0.0
2030-09-30 12:45:00,0.0
2030-09-30 13:00:00,0.0
2030-09-30 13:15:00,0.0
2030-09-30 13:30:00,0.0
2030-09-30 13:45:00,0.0
2030-09-30 14:00:00,0.0
2030-09-30 14:15:00,0.0
2030-09-30 14:30:00,0.0
2030-09-30 14:45:00,0.0
2030-09-30 15:00:00,0.0
2030-09-30 15:15:00,0.0
2030-09-30 15:30:00,0.0
2030-09-30 15:45:00,0.0
2030-09-30 16:00:00,0.0
2030-09-30 16:15:00,0.0
2030-09-30 16:30:00,0.0
2030-09-30 16:45:00,0.0
2030-09-30 17:00:00,0.0
2030-09-30 17:15:00,0.0
2030-09-30 17:30:00,0.0
2030-09-30 17:45:00,0.0
2030-09-30 18:00:00,0.0
2030-09-30 18:15:00,0.0
2030-09-30 18:30:00,0.0
2030-09-30 18:45:00,0.0
2030-09-30 19:00:00,0.0
2030-09-30 19:15:00,0.0
2030-09-30 19:30:00,0.0
2030-09-30 19:45:00,0.0
2030-09-30 20:00:00,0.0
2030-09-30 20:15:00,0.0
2030-09-30 20:30:00,0.0
2030-09-30 20:45:00,0.0
2030-09-30 21:00:00,0.0
2030-09-30 21:15:00,0.0
2030-09-30 21:30:00,0.0
2030-09-30 21:45:00,0.0
2030-09-30 22:00:00,0.0
2030-09-30 22:15:00,0.0
2030-09-30 22:30:00,0.0
2030-09-30 22:45:00,0.0
2030-09-30 23:00:00,0.0
2030-09-30 23:15:00,0.0
2030-09-30 23:30:00,0.0
2030-09-30 23:45:00,0.0
2030-10-01 00:00:00,0.0
2030-10-01 00:15:00,0.0
2030-10-01 00:30:00,0.0
2030-10-01 00:45:00,0.0
2030-10-01 01:00:00,0.0
2030-10-01 01:15:00,0.0
2030-10-01 01:30:00,0.0
2030-10-01 01:45:00,0.0
2030-10-01 02:00:00,0.0
2030-10-01 02:15:00,0.0
2030-10-01 02:30:00,0.0
2030-10-01 02:45:00,0.0
2030-10-01 03:00:00,0.0
2030-10-01 03:15:00,0.0
2030-10-01 03:30:00,0.0
2030-10-01 03:45:00,0.0
2030-10-01 04:00:00,0.0
2030-10-01 04:15:00,0.0
2030-10-01 04:30:00,0.0
2030-10-01 04:45:00,0.0
2030-10-01 05:00:00,0.0
2030-10-01 05:15:00,0.0
2030-10-01 05:30:00,0.0
2030-10-01 05:45:00,0.0
2030-10-01 06:00:00,0.0
2030-10-01 06:15:00,0.0
2030-10-01 06:30:00,0.0
2030-10-01 06:45:00,0.0
2030-10-01 07:00:00,0.0
2030-10-01 07:15:00,0.0
2030-10-01 07:30:00,0.0
2030-10-01 07:45:00,0.0
2030-10-01 08:00:00,0.0
2030-10-01 08:15:00,0.0
2030-10-01 08:30:00,0.0
2030-10-01 08:45:00,0.0
2030-10-01 09:00:00,0.0
2030-10-01 09:15:00,0.0
2030-10-01 09:30:00,0.0
2030-10-01 09:45:00,0.0
2030-10-01 10:00:00,0.0
2030-10-01 10:15:00,0.0
2030-10-01 10:30:00,0.0
2030-10-01 10:45:00,0.0
2030-10-01 11:00:00,0.0
2030-10-01 11:15:00,0.0
2030-10-01 11:30:00,0.0
2030-10-01 11:45:00,0.0
2030-10-01 12:00:00,0.0
2030-10-01 12:15:00,0.0
2030-10-01 12:30:00,0.0
2030-10-01 12:45:00,0.0
2030-10-01 13:00:00,0.0
2030-10-01 13:15:00,0.0
2030-10-01 13:30:00,0.0
2030-10-01 13:45:00,0.0
2030-10-01 14:00:00,0.0
2030-10-01 14:15:00,0.0
2030-10-01 14:30:00,0.0
2030-10-01 14:45:00,0.0
2030-10-01 15:00:00,0.0
2030-10-01 15:15:00,0.0
2030-10-01 15:30:00,0.0
2030-10-01 15:45:00,0.0
2030-10-01 16:00:00,0.0
2030-10-01 16:15:00,0.0
2030-10-01 16:30:00,0.0
2030-10-01 16:45:00,0.0
2030-10-01 17:00:00,0.0
2030-10-01 17:15:00,0.0
2030-10-01 17:30:00,0.0
2030-10-01 17:45:00,0.0
2030-10-01 18:00:00,0.0
2030-10-01 18:15:00,0.0
2030-10-01 18:30:00,0.0
2030-10-01 18:45:00,0.0
2030-10-01 19:00:00,0.0
2030-10-01 19:15:00,0.0
2030-10-01 19:30:00,0.0
2030-10-01 19:45:00,0.0
2030-10-01 20:00:00,0.0
2030-10-01 20:15:00,0.0
2030-10-01 20:30:00,0.0
2030-10-01 20:45:00,0.0
2030-10-01 21:00:00,0.0
2030-10-01 21:15:00,0.0
2030-10-01 21:30:00,0.0
2030-10-01 21:45:00,0.0
2030-10-01 22:00:00,0.0
2030-10-01 22:15:00,0.0
2030-10-01 22:30:00,0.0
2030-10-01 22:45:00,0.0
2030-10-01 23:00:00,0.0
2030-10-01 23:15:00,0.0
2030-10-01 23:30:00,0.0
2030-10-01 23:45:00,0.0
2030-10-02 00:00:00,0.0
2030-10-02 00:15:00,0.0
2030-10-02 00:30:00,0.0
2030-10-02 00:45:00,0.0
2030-10-02 01:00:00,0.0
2030-10-02 01:15:00,0.0
2030-10-02 01:30:00,0.0
2030-10-02 01:45:00,0.0
2030-10-02 02:00:00,0.0
2030-10-02 02:15:00,0.0
2030-10-02 02:30:00,0.0
2030-10-02 02:45:00,0.0
2030-10-02 03:00:00,0.0
2030-10-02 03:15:00,0.0
2030-10-02 03:30:00,0.0
2030-10-02 03:45:00,0.0
2030-10-02 04:00:00,0.0
2030-10-02 04:15:00,0.0
2030-10-02 04:30:00,0.0
2030-10-02 04:45:00,0.0
2030-10-02 05:00:00,0.0
2030-10-02 05:15:00,0.0
2030-10-02 05:30:00,0.0
2030-10-02 05:45:00,0.0
2030-10-02 06:00:00,0.0
2030-10-02 06:15:00,0.0
2030-10-02 06:30:00,0.0
2030-10-02 06:45:00,0.0
2030-10-02 07:00:00,0.0
2030-10-02 07:15:00,0.0
2030-10-02 07:30:00,0.0
2030-10-02 07:45:00,0.0
2030-10-02 08:00:00,0.0
2030-10-02 08:15:00,0.0
2030-10-02 08:30:00,0.0
2030-10-02 08:45:00,0.0
2030-10-02 09:00:00,0.0
2030-10-02 09:15:00,0.0
2030-10-02 09:30:00,0.0
2030-10-02 09:45:00,0.0
2030-10-02 10:00:00,0.0
2030-10-02 10:15:00,0.0
2030-10-02 10:30:00,0.0
2030-10-02 10:45:00,0.0
2030-10-02 11:00:00,0.0
2030-10-02 11:15:00,0.0
2030-10-02 11:30:00,0.0
2030-10-02 11:45:00,0.0
2030-10-02 12:00:00,0.0
2030-10-02 12:15:00,0.0
2030-10-02 12:30:00,0.0
2030-10-02 12:45:00,0.0
2030-10-02 13:00:00,0.0
2030-10-02 13:15:00,0.0
2030-10-02 13:30:00,0.0
2030-10-02 13:45:00,0.0
2030-10-02 14:00:00,0.0
2030-10-02 14:15:00,0.0
2030-10-02 14:30:00,0.0
2030-10-02 14:45:00,0.0
2030-10-02 15:00:00,0.0
2030-10-02 15:15:00,0.0
2030-10-02 15:30:00,0.0
2030-10-02 15:45:00,0.0
2030-10-02 16:00:00,0.0
2030-10-02 16:15:00,0.0
2030-10-02 16:30:00,0.0
2030-10-02 16:45:00,0.0
2030-10-02 17:00:00,0.0
2030-10-02 17:15:00,0.0
2030-10-02 17:30:00,0.0
2030-10-02 17:45:00,0.0
2030-10-02 18:00:00,0.0
2030-10-02 18:15:00,0.0
2030-10-02 18:30:00,0.0
2030-10-02 18:45:00,0.0
2030-10-02 19:00:00,0.0
2030-10-02 19:15:00,0.0
2030-10-02 19:30:00,0.0
2030-10-02 19:45:00,0.0
2030-10-02 20:00:00,0.0
2030-10-02 20:15:00,0.0
2030-10-02 20:30:00,0.0
2030-10-02 20:45:00,0.0
2030-10-02 21:00:00,0.0
2030-10-02 21:15:00,0.0
2030-10-02 21:30:00,0.0
2030-10-02 21:45:00,0.0
2030-10-02 22:00:00,0.0
2030-10-02 22:15:00,0.0
2030-10-02 22:30:00,0.0
2030-10-02 22:45:00,0.0
2030-10-02 23:00:00,0.0
2030-10-02 23:15:00,0.0
2030-10-02 23:30:00,0.0
2030-10-02 23:45:00,0.0
2030-10-03 00:00:00,0.0
2030-10-03 00:15:00,0.0
2030-10-03 00:30:00,0.0
2030-10-03 00:45:00,0.0
2030-10-03 01:00:00,0.0
2030-10-03 01:15:00,0.0
2030-10-03 01:30:00,0.0
2030-10-03 01:45:00,0.0
2030-10-03 02:00:00,0.0
2030-10-03 02:15:00,0.0
2030-10-03 02:30:00,0.0
2030-10-03 02:45:00,0.0
2030-10-03 03:00:00,0.0
2030-10-03 03:15:00,0.0
2030-10-03 03:30:00,0.0
2030-10-03 03:45:00,0.0
2030-10-03 04:00:00,0.0
2030-10-03 04:15:00,0.0
2030-10-03 04:30:00,0.0
2030-10-03 04:45:00,0.0
2030-10-03 05:00:00,0.0
2030-10-03 05:15:00,0.0
2030-10-03 05:30:00,0.0
2030-10-03 05:45:00,0.0
2030-10-03 06:00:00,0.0
2030-10-03 06:15:00,0.0
2030-10-03 06:30:00,0.0
2030-10-03 06:45:00,0.0
2030-10-03 07:00:00,0.0
2030-10-03 07:15:00,0.0
2030-10-03 07:30:00,0.0
2030-10-03 07:45:00,0.0
2030-10-03 08:00:00,0.0
2030-10-03 08:15:00,0.0
2030-10-03 08:30:00,0.0
2030-10-03 08:45:00,0.0
2030-10-03 09:00:00,0.0
2030-10-03 09:15:00,0.0
2030-10-03 09:30:00,0.0
2030-10-03 09:45:00,0.0
2030-10-03 10:00:00,0.0
2030-10-03 10:15:00,0.0
2030-10-03 10:30:00,0.0
2030-10-03 10:45:00,0.0
2030-10-03 11:00:00,0.0
2030-10-03 11:15:00,0.0
2030-10-03 11:30:00,0.0
2030-10-03 11:45:00,0.0
2030-10-03 12:00:00,0.0
2030-10-03 12:15:00,0.0
2030-10-03 12:30:00,0.0
2030-10-03 12:45:00,0.0
2030-10-03 13:00:00,0.0
2030-10-03 13:15:00,0.0
2030-10-03 13:30:00,0.0
2030-10-03 13:45:00,0.0
2030-10-03 14:00:00,0.0
2030-10-03 14:15:00,0.0
2030-10-03 14:30:00,0.0
2030-10-03 14:45:00,0.0
2030-10-03 15:00:00,0.0
2030-10-03 15:15:00,0.0
2030-10-03 15:30:00,0.0
2030-10-03 15:45:00,0.0
2030-10-03 16:00:00,0.0
2030-10-03 16:15:00,0.0
2030-10-03 16:30:00,0.0
2030-10-03 16:45:00,0.0
2030-10-03 17:00:00,0.0
2030-10-03 17:15:00,0.0
2030-10-03 17:30:00,0.0
2030-10-03 17:45:00,0.0
2030-10-03 18:00:00,0.0
2030-10-03 18:15:00,0.0
2030-10-03 18:30:00,0.0
2030-10-03 18:45:00,0.0
2030-10-03 19:00:00,0.0
2030-10-03 19:15:00,0.0
2030-10-03 19:30:00,0.0
2030-10-03 19:45:00,0.0
2030-10-03 20:00:00,0.0
2030-10-03 20:15:00,0.0
2030-10-03 20:30:00,0.0
2030-10-03 20:45:00,0.0
2030-10-03 21:00:00,0.0
2030-10-03 21:15:00,0.0
2030-10-03 21:30:00,0.0
2030-10-03 21:45:00,0.0
2030-10-03 22:00:00,0.0
2030-10-03 22:15:00,0.0
2030-10-03 22:30:00,0.0
2030-10-03 22:45:00,0.0
2030-10-03 23:00:00,0.0
2030-10-03 23:15:00,0.0
2030-10-03 23:30:00,0.0
2030-10-03 23:45:00,0.0
2030-10-04 00:00:00,0.0
2030-10-04 00:15:00,0.0
2030-10-04 00:30:00,0.0
2030-10-04 00:45:00,0.0
2030-10-04 01:00:00,0.0
2030-10-04 01:15:00,0.0
2030-10-04 01:30:00,0.0
2030-10-04 01:45:00,0.0
2030-10-04 02:00:00,0.0
2030-10-04 02:15:00,0.0
2030-10-04 02:30:00,0.0
2030-10-04 02:45:00,0.0
2030-10-04 03:00:00,0.0
2030-10-04 03:15:00,0.0
2030-10-04 03:30:00,0.0
2030-10-04 03:45:00,0.0
2030-10-04 04:00:00,0.0
2030-10-04 04:15:00,0.0
2030-10-04 04:30:00,0.0
2030-10-04 04:45:00,0.0
2030-10-04 05:00:00,0.0
2030-10-04 05:15:00,0.0
2030-10-04 05:30:00,0.0
2030-10-04 05:45:00,0.0
2030-10-04 06:00:00,0.0
2030-10-04 06:15:00,0.0
2030-10-04 06:30:00,0.0
2030-10-04 06:45:00,0.0
2030-10-04 07:00:00,0.0
2030-10-04 07:15:00,0.0
2030-10-04 07:30:00,0.0
2030-10-04 07:45:00,0.0
2030-10-04 08:00:00,0.0
2030-10-04 08:15:00,0.0
2030-10-04 08:30:00,0.0
2030-10-04 08:45:00,0.0
2030-10-04 09:00:00,0.0
2030-10-04 09:15:00,0.0
2030-10-04 09:30:00,0.0
2030-10-04 09:45:00,0.0
2030-10-04 10:00:00,0.0
2030-10-04 10:15:00,0.0
2030-10-04 10:30:00,0.0
2030-10-04 10:45:00,0.0
2030-10-04 11:00:00,0.0
2030-10-04 11:15:00,0.0
2030-10-04 11:30:00,0.0
2030-10-04 11:45:00,0.0
2030-10-04 12:00:00,0.0
2030-10-04 12:15:00,0.0
2030-10-04 12:30:00,0.0
2030-10-04 12:45:00,0.0
2030-10-04 13:00:00,0.0
2030-10-04 13:15:00,0.0
2030-10-04 13:30:00,0.0
2030-10-04 13:45:00,0.0
2030-10-04 14:00:00,0.0
2030-10-04 14:15:00,0.0
2030-10-04 14:30:00,0.0
2030-10-04 14:45:00,0.0
2030-10-04 15:00:00,0.0
2030-10-04 15:15:00,0.0
2030-10-04 15:30:00,0.0
2030-10-04 15:45:00,0.0
2030-10-04 16:00:00,0.0
2030-10-04 16:15:00,0.0
2030-10-04 16:30:00,0.0
2030-10-04 16:45:00,0.0
2030-10-04 17:00:00,0.0
2030-10-04 17:15:00,0.0
2030-10-04 17:30:00,0.0
2030-10-04 17:45:00,0.0
2030-10-04 18:00:00,0.0
2030-10-04 18:15:00,0.0
2030-10-04 18:30:00,0.0
2030-10-04 18:45:00,0.0
2030-10-04 19:00:00,0.0
2030-10-04 19:15:00,0.0
2030-10-04 19:30:00,0.0
2030-10-04 19:45:00,0.0
2030-10-04 20:00:00,0.0
2030-10-04 20:15:00,0.0
2030-10-04 20:30:00,0.0
2030-10-04 20:45:00,0.0
2030-10-04 21:00:00,0.0
2030-10-04 21:15:00,0.0
2030-10-04 21:30:00,0.0
2030-10-04 21:45:00,0.0
2030-10-04 22:00:00,0.0
2030-10-04 22:15:00,0.0
2030-10-04 22:30:00,0.0
2030-10-04 22:45:00,0.0
2030-10-04 23:00:00,0.0
2030-10-04 23:15:00,0.0
2030-10-04 23:30:00,0.0
2030-10-04 23:45:00,0.0
2030-10-05 00:00:00,0.0
2030-10-05 00:15:00,0.0
2030-10-05 00:30:00,0.0
2030-10-05 00:45:00,0.0
2030-10-05 01:00:00,0.0
2030-10-05 01:15:00,0.0
2030-10-05 01:30:00,0.0
2030-10-05 01:45:00,0.0
2030-10-05 02:00:00,0.0
2030-10-05 02:15:00,0.0
2030-10-05 02:30:00,0.0
2030-10-05 02:45:00,0.0
2030-10-05 03:00:00,0.0
2030-10-05 03:15:00,0.0
2030-10-05 03:30:00,0.0
2030-10-05 03:45:00,0.0
2030-10-05 04:00:00,0.0
2030-10-05 04:15:00,0.0
2030-10-05 04:30:00,0.0
2030-10-05 04:45:00,0.0
2030-10-05 05:00:00,0.0
2030-10-05 05:15:00,0.0
2030-10-05 05:30:00,0.0
2030-10-05 05:45:00,0.0
2030-10-05 06:00:00,0.0
2030-10-05 06:15:00,0.0
2030-10-05 06:30:00,0.0
2030-10-05 06:45:00,0.0
2030-10-05 07:00:00,0.0
2030-10-05 07:15:00,0.0
2030-10-05 07:30:00,0.0
2030-10-05 07:45:00,0.0
2030-10-05 08:00:00,0.0
2030-10-05 08:15:00,0.0
2030-10-05 08:30:00,0.0
2030-10-05 08:45:00,0.0
2030-10-05 09:00:00,0.0
2030-10-05 09:15:00,0.0
2030-10-05 09:30:00,0.0
2030-10-05 09:45:00,0.0
2030-10-05 10:00:00,0.0
2030-10-05 10:15:00,0.0
2030-10-05 10:30:00,0.0
2030-10-05 10:45:00,0.0
2030-10-05 11:00:00,0.0
2030-10-05 11:15:00,0.0
2030-10-05 11:30:00,0.0
2030-10-05 11:45:00,0.0
2030-10-05 12:00:00,0.0
2030-10-05 12:15:00,0.0
2030-10-05 12:30:00,0.0
2030-10-05 12:45:00,0.0
2030-10-05 13:00:00,0.0
2030-10-05 13:15:00,0.0
2030-10-05 13:30:00,0.0
2030-10-05 13:45:00,0.0
2030-10-05 14:00:00,0.0
2030-10-05 14:15:00,0.0
2030-10-05 14:30:00,0.0
2030-10-05 14:45:00,0.0
2030-10-05 15:00:00,0.0
2030-10-05 15:15:00,0.0
2030-10-05 15:30:00,0.0
2030-10-05 15:45:00,0.0
2030-10-05 16:00:00,0.0
2030-10-05 16:15:00,0.0
2030-10-05 16:30:00,0.0
2030-10-05 16:45:00,0.0
2030-10-05 17:00:00,0.0
2030-10-05 17:15:00,0.0
2030-10-05 17:30:00,0.0
2030-10-05 17:45:00,0.0
2030-10-05 18:00:00,0.0
2030-10-05 18:15:00,0.0
2030-10-05 18:30:00,0.0
2030-10-05 18:45:00,0.0
2030-10-05 19:00:00,0.0
2030-10-05 19:15:00,0.0
2030-10-05 19:30:00,0.0
2030-10-05 19:45:00,0.0
2030-10-05 20:00:00,0.0
2030-10-05 20:15:00,0.0
2030-10-05 20:30:00,0.0
2030-10-05 20:45:00,0.0
2030-10-05 21:00:00,0.0
2030-10-05 21:15:00,0.0
2030-10-05 21:30:00,0.0
2030-10-05 21:45:00,0.0
2030-10-05 22:00:00,0.0
2030-10-05 22:15:00,0.0
2030-10-05 22:30:00,0.0
2030-10-05 22:45:00,0.0
2030-10-05 23:00:00,0.0
2030-10-05 23:15:00,0.0
2030-10-05 23:30:00,0.0
2030-10-05 23:45:00,0.0
2030-10-06 00:00:00,0.0
2030-10-06 00:15:00,0.0
2030-10-06 00:30:00,0.0
2030-10-06 00:45:00,0.0
2030-10-06 01:00:00,0.0
2030-10-06 01:15:00,0.0
2030-10-06 01:30:00,0.0
2030-10-06 01:45:00,0.0
2030-10-06 02:00:00,0.0
2030-10-06 02:15:00,0.0
2030-10-06 02:30:00,0.0
2030-10-06 02:45:00,0.0
2030-10-06 03:00:00,0.0
2030-10-06 03:15:00,0.0
2030-10-06 03:30:00,0.0
2030-10-06 03:45:00,0.0
2030-10-06 04:00:00,0.0
2030-10-06 04:15:00,0.0
2030-10-06 04:30:00,0.0
2030-10-06 04:45:00,0.0
2030-10-06 05:00:00,0.0
2030-10-06 05:15:00,0.0
2030-10-06 05:30:00,0.0
2030-10-06 05:45:00,0.0
2030-10-06 06:00:00,0.0
2030-10-06 06:15:00,0.0
2030-10-06 06:30:00,0.0
2030-10-06 06:45:00,0.0
2030-10-06 07:00:00,0.0
2030-10-06 07:15:00,0.0
2030-10-06 07:30:00,0.0
2030-10-06 07:45:00,0.0
2030-10-06 08:00:00,0.0
2030-10-06 08:15:00,0.0
2030-10-06 08:30:00,0.0
2030-10-06 08:45:00,0.0
2030-10-06 09:00:00,0.0
2030-10-06 09:15:00,0.0
2030-10-06 09:30:00,0.0
2030-10-06 09:45:00,0.0
2030-10-06 10:00:00,0.0
2030-10-06 10:15:00,0.0
2030-10-06 10:30:00,0.0
2030-10-06 10:45:00,0.0
2030-10-06 11:00:00,0.0
2030-10-06 11:15:00,0.0
2030-10-06 11:30:00,0.0
2030-10-06 11:45:00,0.0
2030-10-06 12:00:00,0.0
2030-10-06 12:15:00,0.0
2030-10-06 12:30:00,0.0
2030-10-06 12:45:00,0.0
2030-10-06 13:00:00,0.0
2030-10-06 13:15:00,0.0
2030-10-06 13:30:00,0.0
2030-10-06 13:45:00,0.0
2030-10-06 14:00:00,0.0
2030-10-06 14:15:00,0.0
2030-10-06 14:30:00,0.0
2030-10-06 14:45:00,0.0
2030-10-06 15:00:00,0.0
2030-10-06 15:15:00,0.0
2030-10-06 15:30:00,0.0
2030-10-06 15:45:00,0.0
2030-10-06 16:00:00,0.0
2030-10-06 16:15:00,0.0
2030-10-06 16:30:00,0.0
2030-10-06 16:45:00,0.0
2030-10-06 17:00:00,0.0
2030-10-06 17:15:00,0.0
2030-10-06 17:30:00,0.0
2030-10-06 17:45:00,0.0
2030-10-06 18:00:00,0.0
2030-10-06 18:15:00,0.0
2030-10-06 18:30:00,0.0
2030-10-06 18:45:00,0.0
2030-10-06 19:00:00,0.0
2030-10-06 19:15:00,0.0
2030-10-06 19:30:00,0.0
2030-10-06 19:45:00,0.0
2030-10-06 20:00:00,0.0
2030-10-06 20:15:00,0.0
2030-10-06 20:30:00,0.0
2030-10-06 20:45:00,0.0
2030-10-06 21:00:00,0.0
2030-10-06 21:15:00,0.0
2030-10-06 21:30:00,0.0
2030-10-06 21:45:00,0.0
2030-10-06 22:00:00,0.0
2030-10-06 22:15:00,0.0
2030-10-06 22:30:00,0.0
2030-10-06 22:45:00,0.0
2030-10-06 23:00:00,0.0
2030-10-06 23:15:00,0.0
2030-10-06 23:30:00,0.0
2030-10-06 23:45:00,0.0
2030-10-07 00:00:00,0.0
2030-10-07 00:15:00,0.0
2030-10-07 00:30:00,0.0
2030-10-07 00:45:00,0.0
2030-10-07 01:00:00,0.0
2030-10-07 01:15:00,0.0
2030-10-07 01:30:00,0.0
2030-10-07 01:45:00,0.0
2030-10-07 02:00:00,0.0
2030-10-07 02:15:00,0.0
2030-10-07 02:30:00,0.0
2030-10-07 02:45:00,0.0
2030-10-07 03:00:00,0.0
2030-10-07 03:15:00,0.0
2030-10-07 03:30:00,0.0
2030-10-07 03:45:00,0.0
2030-10-07 04:00:00,0.0
2030-10-07 04:15:00,0.0
2030-10-07 04:30:00,0.0
2030-10-07 04:45:00,0.0
2030-10-07 05:00:00,0.0
2030-10-07 05:15:00,0.0
2030-10-07 05:30:00,0.0
2030-10-07 05:45:00,0.0
2030-10-07 06:00:00,0.0
2030-10-07 06:15:00,0.0
2030-10-07 06:30:00,0.0
2030-10-07 06:45:00,0.0
2030-10-07 07:00:00,0.0
2030-10-07 07:15:00,0.0
2030-10-07 07:30:00,0.0
2030-10-07 07:45:00,0.0
2030-10-07 08:00:00,0.0
2030-10-07 08:15:00,0.0
2030-10-07 08:30:00,0.0
2030-10-07 08:45:00,0.0
2030-10-07 09:00:00,0.0
2030-10-07 09:15:00,0.0
2030-10-07 09:30:00,0.0
2030-10-07 09:45:00,0.0
2030-10-07 10:00:00,0.0
2030-10-07 10:15:00,0.0
2030-10-07 10:30:00,0.0
2030-10-07 10:45:00,0.0
2030-10-07 11:00:00,0.0
2030-10-07 11:15:00,0.0
2030-10-07 11:30:00,0.0
2030-10-07 11:45:00,0.0
2030-10-07 12:00:00,0.0
2030-10-07 12:15:00,0.0
2030-10-07 12:30:00,0.0
2030-10-07 12:45:00,0.0
2030-10-07 13:00:00,0.0
2030-10-07 13:15:00,0.0
2030-10-07 13:30:00,0.0
2030-10-07 13:45:00,0.0
2030-10-07 14:00:00,0.0
2030-10-07 14:15:00,0.0
2030-10-07 14:30:00,0.0
2030-10-07 14:45:00,0.0
2030-10-07 15:00:00,0.0
2030-10-07 15:15:00,0.0
2030-10-07 15:30:00,0.0
2030-10-07 15:45:00,0.0
2030-10-07 16:00:00,0.0
2030-10-07 16:15:00,0.0
2030-10-07 16:30:00,0.0
2030-10-07 16:45:00,0.0
2030-10-07 17:00:00,0.0
2030-10-07 17:15:00,0.0
2030-10-07 17:30:00,0.0
2030-10-07 17:45:00,0.0
2030-10-07 18:00:00,0.0
2030-10-07 18:15:00,0.0
2030-10-07 18:30:00,0.0
2030-10-07 18:45:00,0.0
2030-10-07 19:00:00,0.0
2030-10-07 19:15:00,0.0
2030-10-07 19:30:00,0.0
2030-10-07 19:45:00,0.0
2030-10-07 20:00:00,0.0
2030-10-07 20:15:00,0.0
2030-10-07 20:30:00,0.0
2030-10-07 20:45:00,0.0
2030-10-07 21:00:00,0.0
2030-10-07 21:15:00,0.0
2030-10-07 21:30:00,0.0
2030-10-07 21:45:00,0.0
2030-10-07 22:00:00,0.0
2030-10-07 22:15:00,0.0
2030-10-07 22:30:00,0.0
2030-10-07 22:45:00,0.0
2030-10-07 23:00:00,0.0
2030-10-07 23:15:00,0.0
2030-10-07 23:30:00,0.0
2030-10-07 23:45:00,0.0
2030-10-08 00:00:00,0.0
2030-10-08 00:15:00,0.0
2030-10-08 00:30:00,0.0
2030-10-08 00:45:00,0.0
2030-10-08 01:00:00,0.0
2030-10-08 01:15:00,0.0
2030-10-08 01:30:00,0.0
2030-10-08 01:45:00,0.0
2030-10-08 02:00:00,0.0
2030-10-08 02:15:00,0.0
2030-10-08 02:30:00,0.0
2030-10-08 02:45:00,0.0
2030-10-08 03:00:00,0.0
2030-10-08 03:15:00,0.0
2030-10-08 03:30:00,0.0
2030-10-08 03:45:00,0.0
2030-10-08 04:00:00,0.0
2030-10-08 04:15:00,0.0
2030-10-08 04:30:00,0.0
2030-10-08 04:45:00,0.0
2030-10-08 05:00:00,0.0
2030-10-08 05:15:00,0.0
2030-10-08 05:30:00,0.0
2030-10-08 05:45:00,0.0
2030-10-08 06:00:00,0.0
2030-10-08 06:15:00,0.0
2030-10-08 06:30:00,0.0
2030-10-08 06:45:00,0.0
2030-10-08 07:00:00,0.0
2030-10-08 07:15:00,0.0
2030-10-08 07:30:00,0.0
2030-10-08 07:45:00,0.0
2030-10-08 08:00:00,0.0
2030-10-08 08:15:00,0.0
2030-10-08 08:30:00,0.0
2030-10-08 08:45:00,0.0
2030-10-08 09:00:00,0.0
2030-10-08 09:15:00,0.0
2030-10-08 09:30:00,0.0
2030-10-08 09:45:00,0.0
2030-10-08 10:00:00,0.0
2030-10-08 10:15:00,0.0
2030-10-08 10:30:00,0.0
2030-10-08 10:45:00,0.0
2030-10-08 11:00:00,0.0
2030-10-08 11:15:00,0.0
2030-10-08 11:30:00,0.0
2030-10-08 11:45:00,0.0
2030-10-08 12:00:00,0.0
2030-10-08 12:15:00,0.0
2030-10-08 12:30:00,0.0
2030-10-08 12:45:00,0.0
2030-10-08 13:00:00,0.0
2030-10-08 13:15:00,0.0
2030-10-08 13:30:00,0.0
2030-10-08 13:45:00,0.0
2030-10-08 14:00:00,0.0
2030-10-08 14:15:00,0.0
2030-10-08 14:30:00,0.0
2030-10-08 14:45:00,0.0
2030-10-08 15:00:00,0.0
2030-10-08 15:15:00,0.0
2030-10-08 15:30:00,0.0
2030-10-08 15:45:00,0.0
2030-10-08 16:00:00,0.0
2030-10-08 16:15:00,0.0
2030-10-08 16:30:00,0.0
2030-10-08 16:45:00,0.0
2030-10-08 17:00:00,0.0
2030-10-08 17:15:00,0.0
2030-10-08 17:30:00,0.0
2030-10-08 17:45:00,0.0
2030-10-08 18:00:00,0.0
2030-10-08 18:15:00,0.0
2030-10-08 18:30:00,0.0
2030-10-08 18:45:00,0.0
2030-10-08 19:00:00,0.0
2030-10-08 19:15:00,0.0
2030-10-08 19:30:00,0.0
2030-10-08 19:45:00,0.0
2030-10-08 20:00:00,0.0
2030-10-08 20:15:00,0.0
2030-10-08 20:30:00,0.0
2030-10-08 20:45:00,0.0
2030-10-08 21:00:00,0.0
2030-10-08 21:15:00,0.0
2030-10-08 21:30:00,0.0
2030-10-08 21:45:00,0.0
2030-10-08 22:00:00,0.0
2030-10-08 22:15:00,0.0
2030-10-08 22:30:00,0.0
2030-10-08 22:45:00,0.0
2030-10-08 23:00:00,0.0
2030-10-08 23:15:00,0.0
2030-10-08 23:30:00,0.0
2030-10-08 23:45:00,0.0
2030-10-09 00:00:00,0.0
2030-10-09 00:15:00,0.0
2030-10-09 00:30:00,0.0
2030-10-09 00:45:00,0.0
2030-10-09 01:00:00,0.0
2030-10-09 01:15:00,0.0
2030-10-09 01:30:00,0.0
2030-10-09 01:45:00,0.0
2030-10-09 02:00:00,0.0
2030-10-09 02:15:00,0.0
2030-10-09 02:30:00,0.0
2030-10-09 02:45:00,0.0
2030-10-09 03:00:00,0.0
2030-10-09 03:15:00,0.0
2030-10-09 03:30:00,0.0
2030-10-09 03:45:00,0.0
2030-10-09 04:00:00,0.0
2030-10-09 04:15:00,0.0
2030-10-09 04:30:00,0.0
2030-10-09 04:45:00,0.0
2030-10-09 05:00:00,0.0
2030-10-09 05:15:00,0.0
2030-10-09 05:30:00,0.0
2030-10-09 05:45:00,0.0
2030-10-09 06:00:00,0.0
2030-10-09 06:15:00,0.0
2030-10-09 06:30:00,0.0
2030-10-09 06:45:00,0.0
2030-10-09 07:00:00,0.0
2030-10-09 07:15:00,0.0
2030-10-09 07:30:00,158.54238377762886
2030-10-09 07:45:00,257.52757971152823
2030-10-09 08:00:00,487.7452495621037
2030-10-09 08:15:00,636.2769016049297
2030-10-09 08:30:00,810.594306289142
2030-10-09 08:45:00,862.2640534866368
2030-10-09 09:00:00,824.6433344060206
2030-10-09 09:15:00,922.9856351182734
2030-10-09 09:30:00,1050.2161875648926
2030-10-09 09:45:00,1228.0682276090156
2030-10-09 10:00:00,1300.4409119069223
2030-10-09 10:15:00,1367.428694895123
2030-10-09 10:30:00,1490.9800078984808
2030-10-09 10:45:00,1628.0503562117847
2030-10-09 11:00:00,1726.4713748391696
2030-10-09 11:15:00,1764.2498670263394
2030-10-09 11:30:00,1890.7795421814753
2030-10-09 11:45:00,1869.239036826979
2030-10-09 12:00:00,1787.7170392120006
2030-10-09 12:15:00,1744.5536377486187
2030-10-09 12:30:00,1727.6838284300993
2030-10-09 12:45:00,1825.59828164815
2030-10-09 13:00:00,1622.8251857141095
2030-10-09 13:15:00,1546.8407261882494
2030-10-09 13:30:00,1330.5406263055957
2030-10-09 13:45:00,1210.8270772225442
2030-10-09 14:00:00,1289.9036411571178
2030-10-09 14:15:00,1352.7349482332047
2030-10-09 14:30:00,1343.9420511787357
2030-10-09 14:45:00,1309.8873470170256
2030-10-09 15:00:00,1408.171792276562
2030-10-09 15:15:00,1231.8021896994615
2030-10-09 15:30:00,1219.873052269917
2030-10-09 15:45:00,1050.006409901047
2030-10-09 16:00:00,1206.8800109646781
2030-10-09 16:15:00,1129.0430738608848
2030-10-09 16:30:00,1135.9693434090132
2030-10-09 16:45:00,1145.020703742959
2030-10-09 17:00:00,1117.9515273176767
2030-10-09 17:15:00,1114.289080587594
2030-10-09 17:30:00,1135.7482995975224
2030-10-09 17:45:00,1181.3705345910184
2030-10-09 18:00:00,1183.4718947941437
2030-10-09 18:15:00,1214.527622503805
2030-10-09 18:30:00,1257.7026619365843
2030-10-09 18:45:00,1319.1866611548103
2030-10-09 19:00:00,1461.6638024405074
2030-10-09 19:15:00,1477.409917345878
2030-10-09 19:30:00,1387.6995536861232
2030-10-09 19:45:00,1177.013835213911
2030-10-09 20:00:00,900.0141483369425
2030-10-09 20:15:00,718.3522856605377
2030-10-09 20:30:00,548.7079606953321
2030-10-09 20:45:00,365.67563830835206
2030-10-09 21:00:00,136.0501073002306
2030-10-09 21:15:00,0.0
2030-10-09 21:30:00,0.0
2030-10-09 21:45:00,0.0
2030-10-09 22:00:00,0.0
2030-10-09 22:15:00,0.0
2030-10-09 22:30:00,0.0
2030-10-09 22:45:00,0.0
2030-10-09 23:00:00,0.0
2030-10-09 23:15:00,0.0
2030-10-09 23:30:00,0.0
2030-10-09 23:45:00,0.0
2030-10-10 00:00:00,0.0
2030-10-10 00:15:00,0.0
2030-10-10 00:30:00,0.0
2030-10-10 00:45:00,0.0
2030-10-10 01:00:00,0.0
2030-10-10 01:15:00,0.0
2030-10-10 01:30:00,0.0
2030-10-10 01:45:00,0.0
2030-10-10 02:00:00,0.0
2030-10-10 02:15:00,0.0
2030-10-10 02:30:00,0.0
2030-10-10 02:45:00,0.0
2030-10-10 03:00:00,0.0
2030-10-10 03:15:00,0.0
2030-10-10 03:30:00,0.0
2030-10-10 03:45:00,0.0
2030-10-10 04:00:00,0.0
2030-10-10 04:15:00,0.0
2030-10-10 04:30:00,0.0
2030-10-10 04:45:00,0.0
2030-10-10 05:00:00,0.0
2030-10-10 05:15:00,0.0
2030-10-10 05:30:00,0.0
2030-10-10 05:45:00,0.0
2030-10-10 06:00:00,0.0
2030-10-10 06:15:00,0.0
2030-10-10 06:30:00,102.01775713152529
2030-10-10 06:45:00,370.9132652921762
2030-10-10 07:00:00,786.4535789178226
2030-10-10 07:15:00,981.3097444162486
2030-10-10 07:30:00,1100.4349872187377
2030-10-10 07:45:00,1183.130609069929
2030-10-10 08:00:00,1256.8254839990568
2030-10-10 08:15:00,1390.4078039225988
2030-10-10 08:30:00,1455.0788343036984
2030-10-10 08:45:00,1505.0013777287822
2030-10-10 09:00:00,1314.4127004501806
2030-10-10 09:15:00,1326.2284818331937
2030-10-10 09:30:00,1400.2275712189603
2030-10-10 09:45:00,1582.0242695018205
2030-10-10 10:00:00,1603.9421523777382
2030-10-10 10:15:00,1782.066354498571
2030-10-10 10:30:00,1815.5253821304213
2030-10-10 10:45:00,1700.8352466503839
2030-10-10 11:00:00,1674.5765121230615
2030-10-10 11:15:00,1835.0203101325496
2030-10-10 11:30:00,1859.7557285066232
2030-10-10 11:45:00,1837.0446707435785
2030-10-10 12:00:00,1711.560237261545
2030-10-10 12:15:00,1578.2632797724546
2030-10-10 12:30:00,1518.2984411846082
2030-10-10 12:45:00,1456.897787380767
2030-10-10 13:00:00,1292.3853604631386
2030-10-10 13:15:00,1240.7861607053783
2030-10-10 13:30:00,1118.4216987125292
2030-10-10 13:45:00,964.0323063039395
2030-10-10 14:00:00,874.9285042185638
2030-10-10 14:15:00,832.295661804259
2030-10-10 14:30:00,862.0978788320754
2030-10-10 14:45:00,839.145655669543
2030-10-10 15:00:00,806.094099681075
2030-10-10 15:15:00,663.4136341618523
2030-10-10 15:30:00,554.1668456211482
2030-10-10 15:45:00,392.04337590232535
2030-10-10 16:00:00,451.02562876118463
2030-10-10 16:15:00,313.17397756722494
2030-10-10 16:30:00,212.13211288727507
2030-10-10 16:45:00,122.72426243057635
2030-10-10 17:00:00,163.1581522562701
2030-10-10 17:15:00,147.889347203105
2030-10-10 17:30:00,275.0766617974332
2030-10-10 17:45:00,395.8769283428592
2030-10-10 18:00:00,381.10960919124227
2030-10-10 18:15:00,325.0492433724103
2030-10-10 18:30:00,393.98858737498085
2030-10-10 18:45:00,576.4615585007814
2030-10-10 19:00:00,802.0654986363952
2030-10-10 19:15:00,840.9380122534512
2030-10-10 19:30:00,679.9725210399683
2030-10-10 19:45:00,446.7489073339257
2030-10-10 20:00:00,296.8000043970369
2030-10-10 20:15:00,130.55561345003298
2030-10-10 20:30:00,0.0
2030-10-10 20:45:00,0.0
2030-10-10 21:00:00,0.0
2030-10-10 21:15:00,0.0
2030-10-10 21:30:00,0.0
2030-10-10 21:45:00,0.0
2030-10-10 22:00:00,0.0
2030-10-10 22:15:00,0.0
2030-10-10 22:30:00,0.0
2030-10-10 22:45:00,0.0
2030-10-10 23:00:00,0.0
2030-10-10 23:15:00,0.0
2030-10-10 23:30:00,0.0
2030-10-10 23:45:00,0.0
2030-10-11 00:00:00,0.0
2030-10-11 00:15:00,0.0
2030-10-11 00:30:00,0.0
2030-10-11 00:45:00,0.0
2030-10-11 01:00:00,0.0
2030-10-11 01:15:00,0.0
2030-10-11 01:30:00,0.0
2030-10-11 01:45:00,0.0
2030-10-11 02:00:00,0.0
2030-10-11 02:15:00,0.0
2030-10-11 02:30:00,0.0
2030-10-11 02:45:00,0.0
2030-10-11 03:00:00,0.0
2030-10-11 03:15:00,0.0
2030-10-11 03:30:00,0.0
2030-10-11 03:45:00,0.0
2030-10-11 04:00:00,0.0
2030-10-11 04:15:00,0.0
2030-10-11 04:30:00,0.0
2030-10-11 04:45:00,0.0
2030-10-11 05:00:00,0.0
2030-10-11 05:15:00,0.0
2030-10-11 05:30:00,0.0
2030-10-11 05:45:00,0.0
2030-10-11 06:00:00,0.0
2030-10-11 06:15:00,0.0
2030-10-11 06:30:00,0.0
2030-10-11 06:45:00,0.0
2030-10-11 07:00:00,0.0
2030-10-11 07:15:00,0.0
2030-10-11 07:30:00,0.0
2030-10-11 07:45:00,0.0
2030-10-11 08:00:00,0.0
2030-10-11 08:15:00,0.0
2030-10-11 08:30:00,0.0
2030-10-11 08:45:00,0.0
2030-10-11 09:00:00,0.0
2030-10-11 09:15:00,0.0
2030-10-11 09:30:00,0.0
2030-10-11 09:45:00,0.0
2030-10-11 10:00:00,0.0
2030-10-11 10:15:00,0.0
2030-10-11 10:30:00,0.0
2030-10-11 10:45:00,0.0
2030-10-11 11:00:00,0.0
2030-10-11 11:15:00,0.0
2030-10-11 11:30:00,0.0
2030-10-11 11:45:00,0.0
2030-10-11 12:00:00,0.0
2030-10-11 12:15:00,0.0
2030-10-11 12:30:00,0.0
2030-10-11 12:45:00,0.0
2030-10-11 13:00:00,0.0
2030-10-11 13:15:00,0.0
2030-10-11 13:30:00,0.0
2030-10-11 13:45:00,0.0
2030-10-11 14:00:00,0.0
2030-10-11 14:15:00,0.0
2030-10-11 14:30:00,0.0
2030-10-11 14:45:00,0.0
2030-10-11 15:00:00,0.0
2030-10-11 15:15:00,0.0
2030-10-11 15:30:00,0.0
2030-10-11 15:45:00,0.0
2030-10-11 16:00:00,0.0
2030-10-11 16:15:00,0.0
2030-10-11 16:30:00,0.0
2030-10-11 16:45:00,0.0
2030-10-11 17:00:00,0.0
2030-10-11 17:15:00,0.0
2030-10-11 17:30:00,0.0
2030-10-11 17:45:00,0.0
2030-10-11 18:00:00,0.0
2030-10-11 18:15:00,0.0
2030-10-11 18:30:00,0.0
2030-10-11 18:45:00,0.0
2030-10-11 19:00:00,0.0
2030-10-11 19:15:00,0.0
2030-10-11 19:30:00,0.0
2030-10-11 19:45:00,0.0
2030-10-11 20:00:00,0.0
2030-10-11 20:15:00,0.0
2030-10-11 20:30:00,0.0
2030-10-11 20:45:00,0.0
2030-10-11 21:00:00,0.0
2030-10-11 21:15:00,0.0
2030-10-11 21:30:00,0.0
2030-10-11 21:45:00,0.0
2030-10-11 22:00:00,0.0
2030-10-11 22:15:00,0.0
2030-10-11 22:30:00,0.0
2030-10-11 22:45:00,0.0
2030-10-11 23:00:00,0.0
2030-10-11 23:15:00,0.0
2030-10-11 23:30:00,0.0
2030-10-11 23:45:00,0.0
2030-10-12 00:00:00,0.0
2030-10-12 00:15:00,0.0
2030-10-12 00:30:00,0.0
2030-10-12 00:45:00,0.0
2030-10-12 01:00:00,0.0
2030-10-12 01:15:00,0.0
2030-10-12 01:30:00,0.0
2030-10-12 01:45:00,0.0
2030-10-12 02:00:00,0.0
2030-10-12 02:15:00,0.0
2030-10-12 02:30:00,0.0
2030-10-12 02:45:00,0.0
2030-10-12 03:00:00,0.0
2030-10-12 03:15:00,0.0
2030-10-12 03:30:00,0.0
2030-10-12 03:45:00,0.0
2030-10-12 04:00:00,0.0
2030-10-12 04:15:00,0.0
2030-10-12 04:30:00,0.0
2030-10-12 04:45:00,0.0
2030-10-12 05:00:00,0.0
2030-10-12 05:15:00,0.0
2030-10-12 05:30:00,0.0
2030-10-12 05:45:00,0.0
2030-10-12 06:00:00,0.0
2030-10-12 06:15:00,0.0
2030-10-12 06:30:00,0.0
2030-10-12 06:45:00,0.0
2030-10-12 07:00:00,0.0
2030-10-12 07:15:00,0.0
2030-10-12 07:30:00,0.0
2030-10-12 07:45:00,0.0
2030-10-12 08:00:00,0.0
2030-10-12 08:15:00,0.0
2030-10-12 08:30:00,0.0
2030-10-12 08:45:00,0.0
2030-10-12 09:00:00,0.0
2030-10-12 09:15:00,0.0
2030-10-12 09:30:00,0.0
2030-10-12 09:45:00,0.0
2030-10-12 10:00:00,0.0
2030-10-12 10:15:00,0.0
2030-10-12 10:30:00,0.0
2030-10-12 10:45:00,0.0
2030-10-12 11:00:00,47.81462799574001
2030-10-12 11:15:00,5.843825609859778
2030-10-12 11:30:00,58.45184584915842
2030-10-12 11:45:00,0.0
2030-10-12 12:00:00,0.0
2030-10-12 12:15:00,0.0
2030-10-12 12:30:00,0.0
2030-10-12 12:45:00,0.0
2030-10-12 13:00:00,0.0
2030-10-12 13:15:00,0.0
2030-10-12 13:30:00,0.0
2030-10-12 13:45:00,0.0
2030-10-12 14:00:00,0.0
2030-10-12 14:15:00,0.0
2030-10-12 14:30:00,0.0
2030-10-12 14:45:00,0.0
2030-10-12 15:00:00,0.0
2030-10-12 15:15:00,0.0
2030-10-12 15:30:00,0.0
2030-10-12 15:45:00,0.0
2030-10-12 16:00:00,0.0
2030-10-12 16:15:00,0.0
2030-10-12 16:30:00,0.0
2030-10-12 16:45:00,0.0
2030-10-12 17:00:00,0.0
2030-10-12 17:15:00,0.0
2030-10-12 17:30:00,0.0
2030-10-12 17:45:00,0.0
2030-10-12 18:00:00,0.0
2030-10-12 18:15:00,0.0
2030-10-12 18:30:00,0.0
2030-10-12 18:45:00,0.0
2030-10-12 19:00:00,0.0
2030-10-12 19:15:00,0.0
2030-10-12 19:30:00,0.0
2030-10-12 19:45:00,0.0
2030-10-12 20:00:00,0.0
2030-10-12 20:15:00,0.0
2030-10-12 20:30:00,0.0
2030-10-12 20:45:00,0.0
2030-10-12 21:00:00,0.0
2030-10-12 21:15:00,0.0
2030-10-12 21:30:00,0.0
2030-10-12 21:45:00,0.0
2030-10-12 22:00:00,0.0
2030-10-12 22:15:00,0.0
2030-10-12 22:30:00,0.0
2030-10-12 22:45:00,0.0
2030-10-12 23:00:00,0.0
2030-10-12 23:15:00,0.0
2030-10-12 23:30:00,0.0
2030-10-12 23:45:00,0.0
2030-10-13 00:00:00,0.0
2030-10-13 00:15:00,0.0
2030-10-13 00:30:00,0.0
2030-10-13 00:45:00,0.0
2030-10-13 01:00:00,0.0
2030-10-13 01:15:00,0.0
2030-10-13 01:30:00,0.0
2030-10-13 01:45:00,0.0
2030-10-13 02:00:00,0.0
2030-10-13 02:15:00,0.0
2030-10-13 02:30:00,0.0
2030-10-13 02:45:00,0.0
2030-10-13 03:00:00,0.0
2030-10-13 03:15:00,0.0
2030-10-13 03:30:00,0.0
2030-10-13 03:45:00,0.0
2030-10-13 04:00:00,0.0
2030-10-13 04:15:00,0.0
2030-10-13 04:30:00,0.0
2030-10-13 04:45:00,0.0
2030-10-13 05:00:00,0.0
2030-10-13 05:15:00,0.0
2030-10-13 05:30:00,0.0
2030-10-13 05:45:00,0.0
2030-10-13 06:00:00,0.0
2030-10-13 06:15:00,0.0
2030-10-13 06:30:00,0.0
2030-10-13 06:45:00,0.0
2030-10-13 07:00:00,0.0
2030-10-13 07:15:00,0.0
2030-10-13 07:30:00,0.0
2030-10-13 07:45:00,0.0
2030-10-13 08:00:00,0.0
2030-10-13 08:15:00,0.0
2030-10-13 08:30:00,0.0
2030-10-13 08:45:00,0.0
2030-10-13 09:00:00,0.0
2030-10-13 09:15:00,0.0
2030-10-13 09:30:00,0.0
2030-10-13 09:45:00,0.0
2030-10-13 10:00:00,0.0
2030-10-13 10:15:00,0.0
2030-10-13 10:30:00,0.0
2030-10-13 10:45:00,0.0
2030-10-13 11:00:00,0.0
2030-10-13 11:15:00,0.0
2030-10-13 11:30:00,0.0
2030-10-13 11:45:00,0.0
2030-10-13 12:00:00,0.0
2030-10-13 12:15:00,0.0
2030-10-13 12:30:00,0.0
2030-10-13 12:45:00,0.0
2030-10-13 13:00:00,0.0
2030-10-13 13:15:00,0.0
2030-10-13 13:30:00,0.0
2030-10-13 13:45:00,0.0
2030-10-13 14:00:00,0.0
2030-10-13 14:15:00,0.0
2030-10-13 14:30:00,0.0
2030-10-13 14:45:00,0.0
2030-10-13 15:00:00,0.0
2030-10-13 15:15:00,0.0
2030-10-13 15:30:00,0.0
2030-10-13 15:45:00,0.0
2030-10-13 16:00:00,0.0
2030-10-13 16:15:00,0.0
2030-10-13 16:30:00,0.0
2030-10-13 16:45:00,0.0
2030-10-13 17:00:00,0.0
2030-10-13 17:15:00,0.0
2030-10-13 17:30:00,0.0
2030-10-13 17:45:00,0.0
2030-10-13 18:00:00,0.0
2030-10-13 18:15:00,0.0
2030-10-13 18:30:00,0.0
2030-10-13 18:45:00,0.0
2030-10-13 19:00:00,0.0
2030-10-13 19:15:00,0.0
2030-10-13 19:30:00,0.0
2030-10-13 19:45:00,0.0
2030-10-13 20:00:00,0.0
2030-10-13 20:15:00,0.0
2030-10-13 20:30:00,0.0
2030-10-13 20:45:00,0.0
2030-10-13 21:00:00,0.0
2030-10-13 21:15:00,0.0
2030-10-13 21:30:00,0.0
2030-10-13 21:45:00,0.0
2030-10-13 22:00:00,0.0
2030-10-13 22:15:00,0.0
2030-10-13 22:30:00,0.0
2030-10-13 22:45:00,0.0
2030-10-13 23:00:00,0.0
2030-10-13 23:15:00,0.0
2030-10-13 23:30:00,0.0
2030-10-13 23:45:00,0.0
2030-10-14 00:00:00,0.0
2030-10-14 00:15:00,0.0
2030-10-14 00:30:00,0.0
2030-10-14 00:45:00,0.0
2030-10-14 01:00:00,0.0
2030-10-14 01:15:00,0.0
2030-10-14 01:30:00,0.0
2030-10-14 01:45:00,0.0
2030-10-14 02:00:00,0.0
2030-10-14 02:15:00,0.0
2030-10-14 02:30:00,0.0
2030-10-14 02:45:00,0.0
2030-10-14 03:00:00,0.0
2030-10-14 03:15:00,0.0
2030-10-14 03:30:00,0.0
2030-10-14 03:45:00,0.0
2030-10-14 04:00:00,0.0
2030-10-14 04:15:00,0.0
2030-10-14 04:30:00,0.0
2030-10-14 04:45:00,0.0
2030-10-14 05:00:00,0.0
2030-10-14 05:15:00,0.0
2030-10-14 05:30:00,0.0
2030-10-14 05:45:00,0.0
2030-10-14 06:00:00,0.0
2030-10-14 06:15:00,0.0
2030-10-14 06:30:00,0.0
2030-10-14 06:45:00,0.0
2030-10-14 07:00:00,0.0
2030-10-14 07:15:00,0.0
2030-10-14 07:30:00,0.0
2030-10-14 07:45:00,0.0
2030-10-14 08:00:00,0.0
2030-10-14 08:15:00,0.0
2030-10-14 08:30:00,0.0
2030-10-14 08:45:00,0.0
2030-10-14 09:00:00,0.0
2030-10-14 09:15:00,0.0
2030-10-14 09:30:00,0.0
2030-10-14 09:45:00,0.0
2030-10-14 10:00:00,0.0
2030-10-14 10:15:00,0.0
2030-10-14 10:30:00,0.0
2030-10-14 10:45:00,0.0
2030-10-14 11:00:00,0.0
2030-10-14 11:15:00,0.0
2030-10-14 11:30:00,0.0
2030-10-14 11:45:00,0.0
2030-10-14 12:00:00,0.0
2030-10-14 12:15:00,0.0
2030-10-14 12:30:00,0.0
2030-10-14 12:45:00,0.0
2030-10-14 13:00:00,0.0
2030-10-14 13:15:00,0.0
2030-10-14 13:30:00,0.0
2030-10-14 13:45:00,0.0
2030-10-14 14:00:00,0.0
2030-10-14 14:15:00,0.0
2030-10-14 14:30:00,0.0
2030-10-14 14:45:00,0.0
2030-10-14 15:00:00,0.0
2030-10-14 15:15:00,0.0
2030-10-14 15:30:00,0.0
2030-10-14 15:45:00,0.0
2030-10-14 16:00:00,0.0
2030-10-14 16:15:00,0.0
2030-10-14 16:30:00,0.0
2030-10-14 16:45:00,0.0
2030-10-14 17:00:00,0.0
2030-10-14 17:15:00,0.0
2030-10-14 17:30:00,0.0
2030-10-14 17:45:00,0.0
2030-10-14 18:00:00,0.0
2030-10-14 18:15:00,0.0
2030-10-14 18:30:00,0.0
2030-10-14 18:45:00,0.0
2030-10-14 19:00:00,0.0
2030-10-14 19:15:00,0.0
2030-10-14 19:30:00,0.0
2030-10-14 19:45:00,0.0
2030-10-14 20:00:00,0.0
2030-10-14 20:15:00,0.0
2030-10-14 20:30:00,0.0
2030-10-14 20:45:00,0.0
2030-10-14 21:00:00,0.0
2030-10-14 21:15:00,0.0
2030-10-14 21:30:00,0.0
2030-10-14 21:45:00,0.0
2030-10-14 22:00:00,0.0
2030-10-14 22:15:00,0.0
2030-10-14 22:30:00,0.0
2030-10-14 22:45:00,0.0
2030-10-14 23:00:00,0.0
2030-10-14 23:15:00,0.0
2030-10-14 23:30:00,0.0
2030-10-14 23:45:00,0.0
2030-10-15 00:00:00,0.0
2030-10-15 00:15:00,0.0
2030-10-15 00:30:00,0.0
2030-10-15 00:45:00,0.0
2030-10-15 01:00:00,0.0
2030-10-15 01:15:00,0.0
2030-10-15 01:30:00,0.0
2030-10-15 01:45:00,0.0
2030-10-15 02:00:00,0.0
2030-10-15 02:15:00,0.0
2030-10-15 02:30:00,0.0
2030-10-15 02:45:00,0.0
2030-10-15 03:00:00,0.0
2030-10-15 03:15:00,0.0
2030-10-15 03:30:00,0.0
2030-10-15 03:45:00,0.0
2030-10-15 04:00:00,0.0
2030-10-15 04:15:00,0.0
2030-10-15 04:30:00,0.0
2030-10-15 04:45:00,0.0
2030-10-15 05:00:00,0.0
2030-10-15 05:15:00,0.0
2030-10-15 05:30:00,0.0
2030-10-15 05:45:00,0.0
2030-10-15 06:00:00,0.0
2030-10-15 06:15:00,0.0
2030-10-15 06:30:00,0.0
2030-10-15 06:45:00,0.0
2030-10-15 07:00:00,0.0
2030-10-15 07:15:00,0.0
2030-10-15 07:30:00,0.0
2030-10-15 07:45:00,0.0
2030-10-15 08:00:00,0.0
2030-10-15 08:15:00,0.0
2030-10-15 08:30:00,0.0
2030-10-15 08:45:00,0.0
2030-10-15 09:00:00,0.0
2030-10-15 09:15:00,0.0
2030-10-15 09:30:00,0.0
2030-10-15 09:45:00,0.0
2030-10-15 10:00:00,0.0
2030-10-15 10:15:00,0.0
2030-10-15 10:30:00,0.0
2030-10-15 10:45:00,0.0
2030-10-15 11:00:00,0.0
2030-10-15 11:15:00,0.0
2030-10-15 11:30:00,0.0
2030-10-15 11:45:00,0.0
2030-10-15 12:00:00,0.0
2030-10-15 12:15:00,0.0
2030-10-15 12:30:00,0.0
2030-10-15 12:45:00,0.0
2030-10-15 13:00:00,0.0
2030-10-15 13:15:00,0.0
2030-10-15 13:30:00,0.0
2030-10-15 13:45:00,0.0
2030-10-15 14:00:00,0.0
2030-10-15 14:15:00,0.0
2030-10-15 14:30:00,0.0
2030-10-15 14:45:00,0.0
2030-10-15 15:00:00,0.0
2030-10-15 15:15:00,0.0
2030-10-15 15:30:00,0.0
2030-10-15 15:45:00,0.0
2030-10-15 16:00:00,0.0
2030-10-15 16:15:00,0.0
2030-10-15 16:30:00,0.0
2030-10-15 16:45:00,0.0
2030-10-15 17:00:00,0.0
2030-10-15 17:15:00,0.0
2030-10-15 17:30:00,0.0
2030-10-15 17:45:00,0.0
2030-10-15 18:00:00,0.0
2030-10-15 18:15:00,0.0
2030-10-15 18:30:00,0.0
2030-10-15 18:45:00,0.0
2030-10-15 19:00:00,0.0
2030-10-15 19:15:00,0.0
2030-10-15 19:30:00,0.0
2030-10-15 19:45:00,0.0
2030-10-15 20:00:00,0.0
2030-10-15 20:15:00,0.0
2030-10-15 20:30:00,0.0
2030-10-15 20:45:00,0.0
2030-10-15 21:00:00,0.0
2030-10-15 21:15:00,0.0
2030-10-15 21:30:00,0.0
2030-10-15 21:45:00,0.0
2030-10-15 22:00:00,0.0
2030-10-15 22:15:00,0.0
2030-10-15 22:30:00,0.0
2030-10-15 22:45:00,0.0
2030-10-15 23:00:00,0.0
2030-10-15 23:15:00,0.0
2030-10-15 23:30:00,0.0
2030-10-15 23:45:00,0.0
2030-10-16 00:00:00,0.0
2030-10-16 00:15:00,0.0
2030-10-16 00:30:00,0.0
2030-10-16 00:45:00,0.0
2030-10-16 01:00:00,0.0
2030-10-16 01:15:00,0.0
2030-10-16 01:30:00,0.0
2030-10-16 01:45:00,0.0
2030-10-16 02:00:00,0.0
2030-10-16 02:15:00,0.0
2030-10-16 02:30:00,0.0
2030-10-16 02:45:00,0.0
2030-10-16 03:00:00,0.0
2030-10-16 03:15:00,0.0
2030-10-16 03:30:00,0.0
2030-10-16 03:45:00,0.0
2030-10-16 04:00:00,0.0
2030-10-16 04:15:00,0.0
2030-10-16 04:30:00,0.0
2030-10-16 04:45:00,0.0
2030-10-16 05:00:00,0.0
2030-10-16 05:15:00,0.0
2030-10-16 05:30:00,0.0
2030-10-16 05:45:00,0.0
2030-10-16 06:00:00,0.0
2030-10-16 06:15:00,0.0
2030-10-16 06:30:00,0.0
2030-10-16 06:45:00,0.0
2030-10-16 07:00:00,78.91006904698042
2030-10-16 07:15:00,232.49716594321944
2030-10-16 07:30:00,329.44112241678704
2030-10-16 07:45:00,419.99054343118223
2030-10-16 08:00:00,516.514502947055
2030-10-16 08:15:00,559.1161942256404
2030-10-16 08:30:00,664.2299124930505
2030-10-16 08:45:00,760.7369887308469
2030-10-16 09:00:00,566.6127251203907
2030-10-16 09:15:00,632.1113029809367
2030-10-16 09:30:00,720.8461387425468
2030-10-16 09:45:00,823.2173312693012
2030-10-16 10:00:00,834.6559489614756
2030-10-16 10:15:00,877.1558785639445
2030-10-16 10:30:00,746.0235020924538
2030-10-16 10:45:00,692.3498391794292
2030-10-16 11:00:00,550.7432643170578
2030-10-16 11:15:00,526.7680955859269
2030-10-16 11:30:00,516.587114801061
2030-10-16 11:45:00,634.7126335477369
2030-10-16 12:00:00,423.1363001725367
2030-10-16 12:15:00,197.01901460141562
2030-10-16 12:30:00,140.219321048442
2030-10-16 12:45:00,0.0
2030-10-16 13:00:00,0.0
2030-10-16 13:15:00,0.0
2030-10-16 13:30:00,0.0
2030-10-16 13:45:00,0.0
2030-10-16 14:00:00,0.0
2030-10-16 14:15:00,0.0
2030-10-16 14:30:00,0.0
2030-10-16 14:45:00,0.0
2030-10-16 15:00:00,0.0
2030-10-16 15:15:00,0.0
2030-10-16 15:30:00,0.0
2030-10-16 15:45:00,0.0
2030-10-16 16:00:00,0.0
2030-10-16 16:15:00,0.0
2030-10-16 16:30:00,0.0
2030-10-16 16:45:00,0.0
2030-10-16 17:00:00,0.0
2030-10-16 17:15:00,0.0
2030-10-16 17:30:00,0.0
2030-10-16 17:45:00,0.0
2030-10-16 18:00:00,0.0
2030-10-16 18:15:00,0.0
2030-10-16 18:30:00,0.0
2030-10-16 18:45:00,0.0
2030-10-16 19:00:00,0.0
2030-10-16 19:15:00,0.0
2030-10-16 19:30:00,0.0
2030-10-16 19:45:00,0.0
2030-10-16 20:00:00,0.0
2030-10-16 20:15:00,0.0
2030-10-16 20:30:00,0.0
2030-10-16 20:45:00,0.0
2030-10-16 21:00:00,0.0
2030-10-16 21:15:00,0.0
2030-10-16 21:30:00,0.0
2030-10-16 21:45:00,0.0
2030-10-16 22:00:00,0.0
2030-10-16 22:15:00,0.0
2030-10-16 22:30:00,0.0
2030-10-16 22:45:00,0.0
2030-10-16 23:00:00,0.0
2030-10-16 23:15:00,0.0
2030-10-16 23:30:00,0.0
2030-10-16 23:45:00,0.0
2030-10-17 00:00:00,0.0
2030-10-17 00:15:00,0.0
2030-10-17 00:30:00,0.0
2030-10-17 00:45:00,0.0
2030-10-17 01:00:00,0.0
2030-10-17 01:15:00,0.0
2030-10-17 01:30:00,0.0
2030-10-17 01:45:00,0.0
2030-10-17 02:00:00,0.0
2030-10-17 02:15:00,0.0
2030-10-17 02:30:00,0.0
2030-10-17 02:45:00,0.0
2030-10-17 03:00:00,0.0
2030-10-17 03:15:00,0.0
2030-10-17 03:30:00,0.0
2030-10-17 03:45:00,0.0
2030-10-17 04:00:00,0.0
2030-10-17 04:15:00,0.0
2030-10-17 04:30:00,0.0
2030-10-17 04:45:00,0.0
2030-10-17 05:00:00,0.0
2030-10-17 05:15:00,0.0
2030-10-17 05:30:00,0.0
2030-10-17 05:45:00,0.0
2030-10-17 06:00:00,0.0
2030-10-17 06:15:00,0.0
2030-10-17 06:30:00,0.0
2030-10-17 06:45:00,0.0
2030-10-17 07:00:00,0.0
2030-10-17 07:15:00,0.0
2030-10-17 07:30:00,0.0
2030-10-17 07:45:00,0.0
2030-10-17 08:00:00,0.0
2030-10-17 08:15:00,0.0
2030-10-17 08:30:00,0.0
2030-10-17 08:45:00,12.86739179943288
2030-10-17 09:00:00,0.0
2030-10-17 09:15:00,120.53305551154335
2030-10-17 09:30:00,249.83746149009312
2030-10-17 09:45:00,420.96669283789197
2030-10-17 10:00:00,440.8179085872089
2030-10-17 10:15:00,513.5552450772739
2030-10-17 10:30:00,710.714638160709
2030-10-17 10:45:00,742.0576048783441
2030-10-17 11:00:00,874.3884979424438
2030-10-17 11:15:00,900.4221670598617
2030-10-17 11:30:00,834.7726804113299
2030-10-17 11:45:00,802.9235594194652
2030-10-17 12:00:00,736.9924710557698
2030-10-17 12:15:00,618.3477019129332
2030-10-17 12:30:00,630.8629278813805
2030-10-17 12:45:00,653.2276816941849
2030-10-17 13:00:00,571.7847510158717
2030-10-17 13:15:00,509.20049386283245
2030-10-17 13:30:00,416.6540004383496
2030-10-17 13:45:00,295.4087894784352
2030-10-17 14:00:00,230.11944254250557
2030-10-17 14:15:00,207.88846254952477
2030-10-17 14:30:00,203.44437727737386
2030-10-17 14:45:00,241.47392240297086
2030-10-17 15:00:00,326.22576131701317
2030-10-17 15:15:00,420.51034389017696
2030-10-17 15:30:00,352.05828209196443
2030-10-17 15:45:00,351.1847896046602
2030-10-17 16:00:00,443.0438416505458
2030-10-17 16:15:00,468.1114828495083
2030-10-17 16:30:00,470.87506676392877
2030-10-17 16:45:00,489.9441424032575
2030-10-17 17:00:00,642.4228113492591
2030-10-17 17:15:00,698.2585529529333
2030-10-17 17:30:00,804.1088759088288
2030-10-17 17:45:00,923.1319251755522
2030-10-17 18:00:00,1008.4148809268881
2030-10-17 18:15:00,1202.2496682804885
2030-10-17 18:30:00,1420.6709126034948
2030-10-17 18:45:00,1644.594995538897
2030-10-17 19:00:00,1705.3173346880176
2030-10-17 19:15:00,1662.8324360050283
2030-10-17 19:30:00,1624.721503985791
2030-10-17 19:45:00,1501.2673489456683
2030-10-17 20:00:00,1238.000769624041
2030-10-17 20:15:00,1094.187709097905
2030-10-17 20:30:00,893.5478150474592
2030-10-17 20:45:00,672.7876598946914
2030-10-17 21:00:00,485.1319587912094
2030-10-17 21:15:00,288.0370672415047
2030-10-17 21:30:00,57.00894595811769
2030-10-17 21:45:00,0.0
2030-10-17 22:00:00,0.0
2030-10-17 22:15:00,0.0
2030-10-17 22:30:00,0.0
2030-10-17 22:45:00,0.0
2030-10-17 23:00:00,0.0
2030-10-17 23:15:00,0.0
2030-10-17 23:30:00,0.0
2030-10-17 23:45:00,0.0
2030-10-18 00:00:00,0.0
2030-10-18 00:15:00,0.0
2030-10-18 00:30:00,0.0
2030-10-18 00:45:00,0.0
2030-10-18 01:00:00,0.0
2030-10-18 01:15:00,0.0
2030-10-18 01:30:00,0.0
2030-10-18 01:45:00,0.0
2030-10-18 02:00:00,0.0
2030-10-18 02:15:00,0.0
2030-10-18 02:30:00,0.0
2030-10-18 02:45:00,0.0
2030-10-18 03:00:00,0.0
2030-10-18 03:15:00,0.0
2030-10-18 03:30:00,0.0
2030-10-18 03:45:00,0.0
2030-10-18 04:00:00,0.0
2030-10-18 04:15:00,0.0
2030-10-18 04:30:00,0.0
2030-10-18 04:45:00,0.0
2030-10-18 05:00:00,0.0
2030-10-18 05:15:00,0.0
2030-10-18 05:30:00,0.0
2030-10-18 05:45:00,0.0
2030-10-18 06:00:00,0.0
2030-10-18 06:15:00,0.0
2030-10-18 06:30:00,0.0
2030-10-18 06:45:00,279.3094003860715
2030-10-18 07:00:00,662.5461229309622
2030-10-18 07:15:00,889.849092443892
2030-10-18 07:30:00,1128.5352851204934
2030-10-18 07:45:00,1347.7697910616353
2030-10-18 08:00:00,1544.0376946966717
2030-10-18 08:15:00,1680.598320763629
2030-10-18 08:30:00,1767.4458118790444
2030-10-18 08:45:00,1849.849434854208
2030-10-18 09:00:00,1743.767116193947
2030-10-18 09:15:00,1762.0140761154034
2030-10-18 09:30:00,1801.490179877761
2030-10-18 09:45:00,1699.8008873444141
2030-10-18 10:00:00,1552.2811335422612
2030-10-18 10:15:00,1434.4057962660827
2030-10-18 10:30:00,1400.1556378938985
2030-10-18 10:45:00,1261.4696371770387
2030-10-18 11:00:00,1301.2955883510476
2030-10-18 11:15:00,1214.7155531346361
2030-10-18 11:30:00,1044.0414868891166
2030-10-18 11:45:00,880.559814111477
2030-10-18 12:00:00,581.4758618294782
2030-10-18 12:15:00,465.7014657545642
2030-10-18 12:30:00,433.53195686111394
2030-10-18 12:45:00,375.7469937263959
2030-10-18 13:00:00,138.10783870638807
2030-10-18 13:15:00,0.0
2030-10-18 13:30:00,0.0
2030-10-18 13:45:00,0.0
2030-10-18 14:00:00,0.0
2030-10-18 14:15:00,0.0
2030-10-18 14:30:00,0.0
2030-10-18 14:45:00,0.0
2030-10-18 15:00:00,0.0
2030-10-18 15:15:00,0.0
2030-10-18 15:30:00,0.0
2030-10-18 15:45:00,0.0
2030-10-18 16:00:00,0.0
2030-10-18 16:15:00,0.0
2030-10-18 16:30:00,0.0
2030-10-18 16:45:00,0.0
2030-10-18 17:00:00,0.0
2030-10-18 17:15:00,0.0
2030-10-18 17:30:00,0.0
2030-10-18 17:45:00,0.0
2030-10-18 18:00:00,0.0
2030-10-18 18:15:00,0.0
2030-10-18 18:30:00,0.0
2030-10-18 18:45:00,0.0
2030-10-18 19:00:00,0.0
2030-10-18 19:15:00,0.0
2030-10-18 19:30:00,0.0
2030-10-18 19:45:00,0.0
2030-10-18 20:00:00,0.0
2030-10-18 20:15:00,0.0
2030-10-18 20:30:00,0.0
2030-10-18 20:45:00,0.0
2030-10-18 21:00:00,0.0
2030-10-18 21:15:00,0.0
2030-10-18 21:30:00,0.0
2030-10-18 21:45:00,0.0
2030-10-18 22:00:00,0.0
2030-10-18 22:15:00,0.0
2030-10-18 22:30:00,0.0
2030-10-18 22:45:00,0.0
2030-10-18 23:00:00,0.0
2030-10-18 23:15:00,0.0
2030-10-18 23:30:00,0.0
2030-10-18 23:45:00,0.0
2030-10-19 00:00:00,0.0
2030-10-19 00:15:00,0.0
2030-10-19 00:30:00,0.0
2030-10-19 00:45:00,0.0
2030-10-19 01:00:00,0.0
2030-10-19 01:15:00,0.0
2030-10-19 01:30:00,0.0
2030-10-19 01:45:00,0.0
2030-10-19 02:00:00,0.0
2030-10-19 02:15:00,0.0
2030-10-19 02:30:00,0.0
2030-10-19 02:45:00,0.0
2030-10-19 03:00:00,0.0
2030-10-19 03:15:00,0.0
2030-10-19 03:30:00,0.0
2030-10-19 03:45:00,0.0
2030-10-19 04:00:00,0.0
2030-10-19 04:15:00,0.0
2030-10-19 04:30:00,0.0
2030-10-19 04:45:00,0.0
2030-10-19 05:00:00,0.0
2030-10-19 05:15:00,0.0
2030-10-19 05:30:00,0.0
2030-10-19 05:45:00,0.0
2030-10-19 06:00:00,0.0
2030-10-19 06:15:00,0.0
2030-10-19 06:30:00,0.0
2030-10-19 06:45:00,0.0
2030-10-19 07:00:00,0.0
2030-10-19 07:15:00,0.0
2030-10-19 07:30:00,0.0
2030-10-19 07:45:00,0.0
2030-10-19 08:00:00,316.3233180048246
2030-10-19 08:15:00,473.3503998188826
2030-10-19 08:30:00,461.43835966667757
2030-10-19 08:45:00,464.8597590223526
2030-10-19 09:00:00,482.31926716570706
2030-10-19 09:15:00,483.130057469225
2030-10-19 09:30:00,457.2008314011
2030-10-19 09:45:00,416.72610732696194
2030-10-19 10:00:00,313.4258698348931
2030-10-19 10:15:00,320.7578570690712
2030-10-19 10:30:00,274.7455908919237
2030-10-19 10:45:00,211.13455321582478
2030-10-19 11:00:00,195.3016417730032
2030-10-19 11:15:00,130.73856823627284
2030-10-19 11:30:00,47.57661236431704
2030-10-19 11:45:00,0.0
2030-10-19 12:00:00,0.0
2030-10-19 12:15:00,0.0
2030-10-19 12:30:00,0.0
2030-10-19 12:45:00,0.0
2030-10-19 13:00:00,0.0
2030-10-19 13:15:00,0.0
2030-10-19 13:30:00,0.0
2030-10-19 13:45:00,0.0
2030-10-19 14:00:00,0.0
2030-10-19 14:15:00,0.0
2030-10-19 14:30:00,0.0
2030-10-19 14:45:00,0.0
2030-10-19 15:00:00,0.0
2030-10-19 15:15:00,0.0
2030-10-19 15:30:00,0.0
2030-10-19 15:45:00,0.0
2030-10-19 16:00:00,0.0
2030-10-19 16:15:00,0.0
2030-10-19 16:30:00,0.0
2030-10-19 16:45:00,0.0
2030-10-19 17:00:00,0.0
2030-10-19 17:15:00,0.0
2030-10-19 17:30:00,0.0
2030-10-19 17:45:00,0.0
2030-10-19 18:00:00,0.0
2030-10-19 18:15:00,0.0
2030-10-19 18:30:00,0.0
2030-10-19 18:45:00,0.0
2030-10-19 19:00:00,0.0
2030-10-19 19:15:00,0.0
2030-10-19 19:30:00,0.0
2030-10-19 19:45:00,0.0
2030-10-19 20:00:00,0.0
2030-10-19 20:15:00,0.0
2030-10-19 20:30:00,0.0
2030-10-19 20:45:00,0.0
2030-10-19 21:00:00,0.0
2030-10-19 21:15:00,0.0
2030-10-19 21:30:00,0.0
2030-10-19 21:45:00,0.0
2030-10-19 22:00:00,0.0
2030-10-19 22:15:00,0.0
2030-10-19 22:30:00,0.0
2030-10-19 22:45:00,0.0
2030-10-19 23:00:00,0.0
2030-10-19 23:15:00,0.0
2030-10-19 23:30:00,0.0
2030-10-19 23:45:00,0.0
2030-10-20 00:00:00,0.0
2030-10-20 00:15:00,0.0
2030-10-20 00:30:00,0.0
2030-10-20 00:45:00,0.0
2030-10-20 01:00:00,0.0
2030-10-20 01:15:00,0.0
2030-10-20 01:30:00,0.0
2030-10-20 01:45:00,0.0
2030-10-20 02:00:00,0.0
2030-10-20 02:15:00,0.0
2030-10-20 02:30:00,0.0
2030-10-20 02:45:00,0.0
2030-10-20 03:00:00,0.0
2030-10-20 03:15:00,0.0
2030-10-20 03:30:00,0.0
2030-10-20 03:45:00,0.0
2030-10-20 04:00:00,0.0
2030-10-20 04:15:00,0.0
2030-10-20 04:30:00,0.0
2030-10-20 04:45:00,0.0
2030-10-20 05:00:00,0.0
2030-10-20 05:15:00,0.0
2030-10-20 05:30:00,0.0
2030-10-20 05:45:00,0.0
2030-10-20 06:00:00,0.0
2030-10-20 06:15:00,0.0
2030-10-20 06:30:00,0.0
2030-10-20 06:45:00,78.74003132889447
2030-10-20 07:00:00,659.3011131986168
2030-10-20 07:15:00,822.2719510871757
2030-10-20 07:30:00,958.83005249895
2030-10-20 07:45:00,1203.692061067024
2030-10-20 08:00:00,1415.2058230916555
2030-10-20 08:15:00,1582.821481761519
2030-10-20 08:30:00,1650.8315402755688
2030-10-20 08:45:00,1715.2197878782754
2030-10-20 09:00:00,1795.519774512406
2030-10-20 09:15:00,1986.7435848632158
2030-10-20 09:30:00,2126.5589405776336
2030-10-20 09:45:00,2196.035737774424
2030-10-20 10:00:00,2178.4640678287615
2030-10-20 10:15:00,2245.951283779097
2030-10-20 10:30:00,2350.566310983473
2030-10-20 10:45:00,2449.7913475269434
2030-10-20 11:00:00,2487.235125999323
2030-10-20 11:15:00,2452.605793868195
2030-10-20 11:30:00,2489.990425538532
2030-10-20 11:45:00,2385.2092909567255
2030-10-20 12:00:00,2237.987813840322
2030-10-20 12:15:00,2122.4037949945487
2030-10-20 12:30:00,2079.6416596280214
2030-10-20 12:45:00,1870.3880594969196
2030-10-20 13:00:00,1802.8515903331281
2030-10-20 13:15:00,1694.9144041713207
2030-10-20 13:30:00,1621.12983923904
2030-10-20 13:45:00,1420.6614573385668
2030-10-20 14:00:00,1322.9542120367078
2030-10-20 14:15:00,1191.6747530113971
2030-10-20 14:30:00,1233.6979789509132
2030-10-20 14:45:00,1086.6603737893656
2030-10-20 15:00:00,1089.7776384665158
2030-10-20 15:15:00,1012.1770228088935
2030-10-20 15:30:00,943.2615693832904
2030-10-20 15:45:00,866.7421417935693
2030-10-20 16:00:00,910.0649668888072
2030-10-20 16:15:00,907.0229786710752
2030-10-20 16:30:00,868.4803389643239
2030-10-20 16:45:00,882.5121721291871
2030-10-20 17:00:00,1136.9177917902398
2030-10-20 17:15:00,1198.0668851782848
2030-10-20 17:30:00,1302.1965021721244
2030-10-20 17:45:00,1414.1135085010465
2030-10-20 18:00:00,1435.8895092050734
2030-10-20 18:15:00,1569.555722423771
2030-10-20 18:30:00,1663.7421550984654
2030-10-20 18:45:00,1673.8575136805666
2030-10-20 19:00:00,1655.266424162066
2030-10-20 19:15:00,1451.8426781154049
2030-10-20 19:30:00,1136.7988316748033
2030-10-20 19:45:00,886.2894423711969
2030-10-20 20:00:00,679.119322460996
2030-10-20 20:15:00,367.2430178446848
2030-10-20 20:30:00,113.46237227982238
2030-10-20 20:45:00,0.0
2030-10-20 21:00:00,0.0
2030-10-20 21:15:00,0.0
2030-10-20 21:30:00,0.0
2030-10-20 21:45:00,0.0
2030-10-20 22:00:00,0.0
2030-10-20 22:15:00,0.0
2030-10-20 22:30:00,0.0
2030-10-20 22:45:00,0.0
2030-10-20 23:00:00,0.0
2030-10-20 23:15:00,0.0
2030-10-20 23:30:00,0.0
2030-10-20 23:45:00,0.0
2030-10-21 00:00:00,0.0
2030-10-21 00:15:00,0.0
2030-10-21 00:30:00,0.0
2030-10-21 00:45:00,0.0
2030-10-21 01:00:00,0.0
2030-10-21 01:15:00,0.0
2030-10-21 01:30:00,0.0
2030-10-21 01:45:00,0.0
2030-10-21 02:00:00,0.0
2030-10-21 02:15:00,0.0
2030-10-21 02:30:00,0.0
2030-10-21 02:45:00,0.0
2030-10-21 03:00:00,0.0
2030-10-21 03:15:00,0.0
2030-10-21 03:30:00,0.0
2030-10-21 03:45:00,0.0
2030-10-21 04:00:00,0.0
2030-10-21 04:15:00,0.0
2030-10-21 04:30:00,0.0
2030-10-21 04:45:00,0.0
2030-10-21 05:00:00,0.0
2030-10-21 05:15:00,0.0
2030-10-21 05:30:00,0.0
2030-10-21 05:45:00,0.0
2030-10-21 06:00:00,0.0
2030-10-21 06:15:00,0.0
2030-10-21 06:30:00,0.0
2030-10-21 06:45:00,0.0
2030-10-21 07:00:00,0.0
2030-10-21 07:15:00,0.0
2030-10-21 07:30:00,0.0
2030-10-21 07:45:00,0.0
2030-10-21 08:00:00,0.0
2030-10-21 08:15:00,0.0
2030-10-21 08:30:00,0.0
2030-10-21 08:45:00,0.0
2030-10-21 09:00:00,0.0
2030-10-21 09:15:00,0.0
2030-10-21 09:30:00,0.0
2030-10-21 09:45:00,0.0
2030-10-21 10:00:00,0.0
2030-10-21 10:15:00,0.0
2030-10-21 10:30:00,0.0
2030-10-21 10:45:00,0.0
2030-10-21 11:00:00,0.0
2030-10-21 11:15:00,0.0
2030-10-21 11:30:00,0.0
2030-10-21 11:45:00,0.0
2030-10-21 12:00:00,0.0
2030-10-21 12:15:00,0.0
2030-10-21 12:30:00,0.0
2030-10-21 12:45:00,0.0
2030-10-21 13:00:00,0.0
2030-10-21 13:15:00,0.0
2030-10-21 13:30:00,0.0
2030-10-21 13:45:00,0.0
2030-10-21 14:00:00,0.0
2030-10-21 14:15:00,0.0
2030-10-21 14:30:00,0.0
2030-10-21 14:45:00,0.0
2030-10-21 15:00:00,0.0
2030-10-21 15:15:00,0.0
2030-10-21 15:30:00,0.0
2030-10-21 15:45:00,0.0
2030-10-21 16:00:00,0.0
2030-10-21 16:15:00,0.0
2030-10-21 16:30:00,0.0
2030-10-21 16:45:00,0.0
2030-10-21 17:00:00,0.0
2030-10-21 17:15:00,0.0
2030-10-21 17:30:00,0.0
2030-10-21 17:45:00,0.0
2030-10-21 18:00:00,0.0
2030-10-21 18:15:00,0.0
2030-10-21 18:30:00,0.0
2030-10-21 18:45:00,0.0
2030-10-21 19:00:00,0.0
2030-10-21 19:15:00,0.0
2030-10-21 19:30:00,0.0
2030-10-21 19:45:00,0.0
2030-10-21 20:00:00,0.0
2030-10-21 20:15:00,0.0
2030-10-21 20:30:00,0.0
2030-10-21 20:45:00,0.0
2030-10-21 21:00:00,0.0
2030-10-21 21:15:00,0.0
2030-10-21 21:30:00,0.0
2030-10-21 21:45:00,0.0
2030-10-21 22:00:00,0.0
2030-10-21 22:15:00,0.0
2030-10-21 22:30:00,0.0
2030-10-21 22:45:00,0.0
2030-10-21 23:00:00,0.0
2030-10-21 23:15:00,0.0
2030-10-21 23:30:00,0.0
2030-10-21 23:45:00,0.0
2030-10-22 00:00:00,0.0
2030-10-22 00:15:00,0.0
2030-10-22 00:30:00,0.0
2030-10-22 00:45:00,0.0
2030-10-22 01:00:00,0.0
2030-10-22 01:15:00,0.0
2030-10-22 01:30:00,0.0
2030-10-22 01:45:00,0.0
2030-10-22 02:00:00,0.0
2030-10-22 02:15:00,0.0
2030-10-22 02:30:00,0.0
2030-10-22 02:45:00,0.0
2030-10-22 03:00:00,0.0
2030-10-22 03:15:00,0.0
2030-10-22 03:30:00,0.0
2030-10-22 03:45:00,0.0
2030-10-22 04:00:00,0.0
2030-10-22 04:15:00,0.0
2030-10-22 04:30:00,0.0
2030-10-22 04:45:00,0.0
2030-10-22 05:00:00,0.0
2030-10-22 05:15:00,0.0
2030-10-22 05:30:00,0.0
2030-10-22 05:45:00,0.0
2030-10-22 06:00:00,0.0
2030-10-22 06:15:00,0.0
2030-10-22 06:30:00,0.0
2030-10-22 06:45:00,0.0
2030-10-22 07:00:00,0.0
2030-10-22 07:15:00,0.0
2030-10-22 07:30:00,0.0
2030-10-22 07:45:00,0.0
2030-10-22 08:00:00,0.0
2030-10-22 08:15:00,0.0
2030-10-22 08:30:00,0.0
2030-10-22 08:45:00,0.0
2030-10-22 09:00:00,0.0
2030-10-22 09:15:00,0.0
2030-10-22 09:30:00,0.0
2030-10-22 09:45:00,0.0
2030-10-22 10:00:00,0.0
2030-10-22 10:15:00,0.0
2030-10-22 10:30:00,0.0
2030-10-22 10:45:00,0.0
2030-10-22 11:00:00,0.0
2030-10-22 11:15:00,0.0
2030-10-22 11:30:00,0.0
2030-10-22 11:45:00,0.0
2030-10-22 12:00:00,0.0
2030-10-22 12:15:00,0.0
2030-10-22 12:30:00,0.0
2030-10-22 12:45:00,0.0
2030-10-22 13:00:00,0.0
2030-10-22 13:15:00,0.0
2030-10-22 13:30:00,0.0
2030-10-22 13:45:00,0.0
2030-10-22 14:00:00,0.0
2030-10-22 14:15:00,0.0
2030-10-22 14:30:00,0.0
2030-10-22 14:45:00,0.0
2030-10-22 15:00:00,0.0
2030-10-22 15:15:00,0.0
2030-10-22 15:30:00,0.0
2030-10-22 15:45:00,0.0
2030-10-22 16:00:00,0.0
2030-10-22 16:15:00,0.0
2030-10-22 16:30:00,0.0
2030-10-22 16:45:00,0.0
2030-10-22 17:00:00,0.0
2030-10-22 17:15:00,0.0
2030-10-22 17:30:00,0.0
2030-10-22 17:45:00,0.0
2030-10-22 18:00:00,0.0
2030-10-22 18:15:00,0.0
2030-10-22 18:30:00,0.0
2030-10-22 18:45:00,0.0
2030-10-22 19:00:00,0.0
2030-10-22 19:15:00,0.0
2030-10-22 19:30:00,0.0
2030-10-22 19:45:00,0.0
2030-10-22 20:00:00,0.0
2030-10-22 20:15:00,0.0
2030-10-22 20:30:00,0.0
2030-10-22 20:45:00,0.0
2030-10-22 21:00:00,0.0
2030-10-22 21:15:00,0.0
2030-10-22 21:30:00,0.0
2030-10-22 21:45:00,0.0
2030-10-22 22:00:00,0.0
2030-10-22 22:15:00,0.0
2030-10-22 22:30:00,0.0
2030-10-22 22:45:00,0.0
2030-10-22 23:00:00,0.0
2030-10-22 23:15:00,0.0
2030-10-22 23:30:00,0.0
2030-10-22 23:45:00,0.0
2030-10-23 00:00:00,0.0
2030-10-23 00:15:00,0.0
2030-10-23 00:30:00,0.0
2030-10-23 00:45:00,0.0
2030-10-23 01:00:00,0.0
2030-10-23 01:15:00,0.0
2030-10-23 01:30:00,0.0
2030-10-23 01:45:00,0.0
2030-10-23 02:00:00,0.0
2030-10-23 02:15:00,0.0
2030-10-23 02:30:00,0.0
2030-10-23 02:45:00,0.0
2030-10-23 03:00:00,0.0
2030-10-23 03:15:00,0.0
2030-10-23 03:30:00,0.0
2030-10-23 03:45:00,0.0
2030-10-23 04:00:00,0.0
2030-10-23 04:15:00,0.0
2030-10-23 04:30:00,0.0
2030-10-23 04:45:00,0.0
2030-10-23 05:00:00,0.0
2030-10-23 05:15:00,0.0
2030-10-23 05:30:00,0.0
2030-10-23 05:45:00,0.0
2030-10-23 06:00:00,0.0
2030-10-23 06:15:00,0.0
2030-10-23 06:30:00,0.0
2030-10-23 06:45:00,40.9384151788272
2030-10-23 07:00:00,520.1460191161405
2030-10-23 07:15:00,786.0044628147843
2030-10-23 07:30:00,985.4866156980352
2030-10-23 07:45:00,1060.261361379362
2030-10-23 08:00:00,1216.9734691251615
2030-10-23 08:15:00,1380.0343180459895
2030-10-23 08:30:00,1457.6276037321768
2030-10-23 08:45:00,1508.7862299375938
2030-10-23 09:00:00,1491.9142791549093
2030-10-23 09:15:00,1467.4257294612562
2030-10-23 09:30:00,1622.8497962832007
2030-10-23 09:45:00,1712.8165110267673
2030-10-23 10:00:00,1608.2607476714202
2030-10-23 10:15:00,1658.0308466411843
2030-10-23 10:30:00,1727.8333767836775
2030-10-23 10:45:00,1821.2423669051059
2030-10-23 11:00:00,1876.7411802687493
2030-10-23 11:15:00,1971.7603747009762
2030-10-23 11:30:00,1874.9337881360625
2030-10-23 11:45:00,1827.483489632701
2030-10-23 12:00:00,1661.973386225287
2030-10-23 12:15:00,1579.3868865255918
2030-10-23 12:30:00,1489.2868678214945
2030-10-23 12:45:00,1401.4033388690586
2030-10-23 13:00:00,1386.2747906258992
2030-10-23 13:15:00,1238.7819849576517
2030-10-23 13:30:00,1181.443841871629
2030-10-23 13:45:00,988.7065924803392
2030-10-23 14:00:00,1032.1086872482647
2030-10-23 14:15:00,1055.0690408219198
2030-10-23 14:30:00,1015.1579889751374
2030-10-23 14:45:00,901.6972866663345
2030-10-23 15:00:00,934.0804240913349
2030-10-23 15:15:00,706.5553893136967
2030-10-23 15:30:00,712.1797758058256
2030-10-23 15:45:00,505.396189006673
2030-10-23 16:00:00,470.01285210318747
2030-10-23 16:15:00,312.10336047793317
2030-10-23 16:30:00,203.43124598434406
2030-10-23 16:45:00,141.59700139207052
2030-10-23 17:00:00,215.57122171410992
2030-10-23 17:15:00,184.6642681806843
2030-10-23 17:30:00,205.39254308457566
2030-10-23 17:45:00,216.7962112350324
2030-10-23 18:00:00,74.05877851996775
2030-10-23 18:15:00,238.49667468679036
2030-10-23 18:30:00,228.82879000229332
2030-10-23 18:45:00,185.45135746760934
2030-10-23 19:00:00,40.96999842074911
2030-10-23 19:15:00,0.0
2030-10-23 19:30:00,0.0
2030-10-23 19:45:00,0.0
2030-10-23 20:00:00,0.0
2030-10-23 20:15:00,0.0
2030-10-23 20:30:00,0.0
2030-10-23 20:45:00,0.0
2030-10-23 21:00:00,0.0
2030-10-23 21:15:00,0.0
2030-10-23 21:30:00,0.0
2030-10-23 21:45:00,0.0
2030-10-23 22:00:00,0.0
2030-10-23 22:15:00,0.0
2030-10-23 22:30:00,0.0
2030-10-23 22:45:00,0.0
2030-10-23 23:00:00,0.0
2030-10-23 23:15:00,0.0
2030-10-23 23:30:00,0.0
2030-10-23 23:45:00,0.0
2030-10-24 00:00:00,0.0
2030-10-24 00:15:00,0.0
2030-10-24 00:30:00,0.0
2030-10-24 00:45:00,0.0
2030-10-24 01:00:00,0.0
2030-10-24 01:15:00,0.0
2030-10-24 01:30:00,0.0
2030-10-24 01:45:00,0.0
2030-10-24 02:00:00,0.0
2030-10-24 02:15:00,0.0
2030-10-24 02:30:00,0.0
2030-10-24 02:45:00,0.0
2030-10-24 03:00:00,0.0
2030-10-24 03:15:00,0.0
2030-10-24 03:30:00,0.0
2030-10-24 03:45:00,0.0
2030-10-24 04:00:00,0.0
2030-10-24 04:15:00,0.0
2030-10-24 04:30:00,0.0
2030-10-24 04:45:00,0.0
2030-10-24 05:00:00,0.0
2030-10-24 05:15:00,0.0
2030-10-24 05:30:00,0.0
2030-10-24 05:45:00,0.0
2030-10-24 06:00:00,0.0
2030-10-24 06:15:00,0.0
2030-10-24 06:30:00,0.0
2030-10-24 06:45:00,0.0
2030-10-24 07:00:00,276.3787527372242
2030-10-24 07:15:00,474.7029689645533
2030-10-24 07:30:00,796.6443805779872
2030-10-24 07:45:00,853.3087754135904
2030-10-24 08:00:00,965.0792126874185
2030-10-24 08:15:00,960.4204135097534
2030-10-24 08:30:00,987.1283637611796
2030-10-24 08:45:00,1005.1058763354922
2030-10-24 09:00:00,979.4221411032995
2030-10-24 09:15:00,1185.642366193464
2030-10-24 09:30:00,1165.0632524882149
2030-10-24 09:45:00,1234.8137263122262
2030-10-24 10:00:00,1265.1085146423047
2030-10-24 10:15:00,1216.4168342594967
2030-10-24 10:30:00,1166.858475843077
2030-10-24 10:45:00,1104.7434267575718
2030-10-24 11:00:00,1276.8701313712882
2030-10-24 11:15:00,1257.9929798186859
2030-10-24 11:30:00,1157.416888998967
2030-10-24 11:45:00,1051.261390350157
2030-10-24 12:00:00,725.4761333111201
2030-10-24 12:15:00,673.8359179054642
2030-10-24 12:30:00,610.2402069068958
2030-10-24 12:45:00,552.7330247459067
2030-10-24 13:00:00,584.4735108045024
2030-10-24 13:15:00,900.9600315116459
2030-10-24 13:30:00,676.3207826590096
2030-10-24 13:45:00,659.559156357278
2030-10-24 14:00:00,597.352201271322
2030-10-24 14:15:00,632.1047968476087
2030-10-24 14:30:00,577.3004870393997
2030-10-24 14:45:00,428.75681949870886
2030-10-24 15:00:00,345.1608689603836
2030-10-24 15:15:00,245.22513548569077
2030-10-24 15:30:00,32.73905850078518
2030-10-24 15:45:00,0.0
2030-10-24 16:00:00,0.0
2030-10-24 16:15:00,0.0
2030-10-24 16:30:00,0.0
2030-10-24 16:45:00,0.0
2030-10-24 17:00:00,0.0
2030-10-24 17:15:00,0.0
2030-10-24 17:30:00,0.0
2030-10-24 17:45:00,0.0
2030-10-24 18:00:00,0.0
2030-10-24 18:15:00,0.0
2030-10-24 18:30:00,0.0
2030-10-24 18:45:00,0.0
2030-10-24 19:00:00,0.0
2030-10-24 19:15:00,0.0
2030-10-24 19:30:00,0.0
2030-10-24 19:45:00,0.0
2030-10-24 20:00:00,0.0
2030-10-24 20:15:00,0.0
2030-10-24 20:30:00,0.0
2030-10-24 20:45:00,0.0
2030-10-24 21:00:00,0.0
2030-10-24 21:15:00,0.0
2030-10-24 21:30:00,0.0
2030-10-24 21:45:00,0.0
2030-10-24 22:00:00,0.0
2030-10-24 22:15:00,0.0
2030-10-24 22:30:00,0.0
2030-10-24 22:45:00,0.0
2030-10-24 23:00:00,0.0
2030-10-24 23:15:00,0.0
2030-10-24 23:30:00,0.0
2030-10-24 23:45:00,0.0
2030-10-25 00:00:00,0.0
2030-10-25 00:15:00,0.0
2030-10-25 00:30:00,0.0
2030-10-25 00:45:00,0.0
2030-10-25 01:00:00,0.0
2030-10-25 01:15:00,0.0
2030-10-25 01:30:00,0.0
2030-10-25 01:45:00,0.0
2030-10-25 02:00:00,0.0
2030-10-25 02:15:00,0.0
2030-10-25 02:30:00,0.0
2030-10-25 02:45:00,0.0
2030-10-25 03:00:00,0.0
2030-10-25 03:15:00,0.0
2030-10-25 03:30:00,0.0
2030-10-25 03:45:00,0.0
2030-10-25 04:00:00,0.0
2030-10-25 04:15:00,0.0
2030-10-25 04:30:00,0.0
2030-10-25 04:45:00,0.0
2030-10-25 05:00:00,0.0
2030-10-25 05:15:00,0.0
2030-10-25 05:30:00,0.0
2030-10-25 05:45:00,0.0
2030-10-25 06:00:00,0.0
2030-10-25 06:15:00,0.0
2030-10-25 06:30:00,0.0
2030-10-25 06:45:00,0.0
2030-10-25 07:00:00,0.0
2030-10-25 07:15:00,12.608075459196698
2030-10-25 07:30:00,247.63029301595998
2030-10-25 07:45:00,456.81111577249067
2030-10-25 08:00:00,655.3154774800405
2030-10-25 08:15:00,688.5372543177691
2030-10-25 08:30:00,815.0445897491445
2030-10-25 08:45:00,861.6916558311823
2030-10-25 09:00:00,651.2960599149592
2030-10-25 09:15:00,1260.7087375246592
2030-10-25 09:30:00,1080.5336932580976
2030-10-25 09:45:00,1152.8007870852525
2030-10-25 10:00:00,1212.9428472738236
2030-10-25 10:15:00,1622.932475889469
2030-10-25 10:30:00,1239.931179576386
2030-10-25 10:45:00,1162.1394876090471
2030-10-25 11:00:00,1202.3422030751099
2030-10-25 11:15:00,1294.8086810748173
2030-10-25 11:30:00,1394.6914707232281
2030-10-25 11:45:00,1301.367352002444
2030-10-25 12:00:00,1304.385744348734
2030-10-25 12:15:00,1277.9063315389612
2030-10-25 12:30:00,1222.9326645189212
2030-10-25 12:45:00,1223.6164845008916
2030-10-25 13:00:00,1172.5252516841629
2030-10-25 13:15:00,1040.4697165300022
2030-10-25 13:30:00,903.3184631931163
2030-10-25 13:45:00,822.7800119803087
2030-10-25 14:00:00,750.4847192592988
2030-10-25 14:15:00,790.7253163920195
2030-10-25 14:30:00,902.0934418777342
2030-10-25 14:45:00,911.4264162754098
2030-10-25 15:00:00,1356.1552227174707
2030-10-25 15:15:00,1349.9106867935188
2030-10-25 15:30:00,1414.28185368069
2030-10-25 15:45:00,1386.5120778653363
2030-10-25 16:00:00,1449.574867470059
2030-10-25 16:15:00,1519.79510108447
2030-10-25 16:30:00,1547.095789563593
2030-10-25 16:45:00,1503.6497739229308
2030-10-25 17:00:00,1624.318979860358
2030-10-25 17:15:00,1741.0341830332836
2030-10-25 17:30:00,1850.2853544364789
2030-10-25 17:45:00,2049.6240400930637
2030-10-25 18:00:00,2148.737061774762
2030-10-25 18:15:00,2299.257333870619
2030-10-25 18:30:00,2460.4048435780096
2030-10-25 18:45:00,2480.1068339090307
2030-10-25 19:00:00,2369.6859737420546
2030-10-25 19:15:00,2278.6934591055087
2030-10-25 19:30:00,2151.869402926859
2030-10-25 19:45:00,2036.9718297830823
2030-10-25 20:00:00,1855.0701705221636
2030-10-25 20:15:00,1603.8055551581892
2030-10-25 20:30:00,1336.622443250426
2030-10-25 20:45:00,1081.6668887927917
2030-10-25 21:00:00,914.9610163227862
2030-10-25 21:15:00,752.0060079664945
2030-10-25 21:30:00,497.0205783780475
2030-10-25 21:45:00,270.85666639090596
2030-10-25 22:00:00,192.5369927112024
2030-10-25 22:15:00,72.3649639434152
2030-10-25 22:30:00,0.0
2030-10-25 22:45:00,0.0
2030-10-25 23:00:00,0.0
2030-10-25 23:15:00,0.0
2030-10-25 23:30:00,0.0
2030-10-25 23:45:00,0.0
2030-10-26 00:00:00,0.0
2030-10-26 00:15:00,0.0
2030-10-26 00:30:00,0.0
2030-10-26 00:45:00,0.0
2030-10-26 01:00:00,0.0
2030-10-26 01:15:00,0.0
2030-10-26 01:30:00,0.0
2030-10-26 01:45:00,0.0
2030-10-26 02:00:00,0.0
2030-10-26 02:15:00,0.0
2030-10-26 02:30:00,0.0
2030-10-26 02:45:00,0.0
2030-10-26 03:00:00,0.0
2030-10-26 03:15:00,0.0
2030-10-26 03:30:00,0.0
2030-10-26 03:45:00,0.0
2030-10-26 04:00:00,0.0
2030-10-26 04:15:00,0.0
2030-10-26 04:30:00,0.0
2030-10-26 04:45:00,0.0
2030-10-26 05:00:00,0.0
2030-10-26 05:15:00,0.0
2030-10-26 05:30:00,0.0
2030-10-26 05:45:00,0.0
2030-10-26 06:00:00,40.86202452927682
2030-10-26 06:15:00,508.1818183134128
2030-10-26 06:30:00,830.890908242669
2030-10-26 06:45:00,1033.8911035190304
2030-10-26 07:00:00,1680.5175699775718
2030-10-26 07:15:00,1926.9121647589927
2030-10-26 07:30:00,2152.195923462441
2030-10-26 07:45:00,2211.159477874473
2030-10-26 08:00:00,2282.290736472549
2030-10-26 08:15:00,2341.82971576781
2030-10-26 08:30:00,2358.1730694976904
2030-10-26 08:45:00,2357.853017027024
2030-10-26 09:00:00,2222.773896998362
2030-10-26 09:15:00,2269.1262803445625
2030-10-26 09:30:00,2332.9997947996562
2030-10-26 09:45:00,2357.238071588874
2030-10-26 10:00:00,2272.5180631462044
2030-10-26 10:15:00,2274.7945181808336
2030-10-26 10:30:00,2335.697413237209
2030-10-26 10:45:00,2404.7208636269534
2030-10-26 11:00:00,2473.5240360578136
2030-10-26 11:15:00,2530.000544865721
2030-10-26 11:30:00,2516.3874080229525
2030-10-26 11:45:00,2527.8041699484074
2030-10-26 12:00:00,2495.942596188519
2030-10-26 12:15:00,2383.0850517134713
2030-10-26 12:30:00,2339.4404322326973
2030-10-26 12:45:00,2294.554631099423
2030-10-26 13:00:00,2296.765247021889
2030-10-26 13:15:00,2250.5045259067374
2030-10-26 13:30:00,2142.582740630558
2030-10-26 13:45:00,1867.2113437654843
2030-10-26 14:00:00,1883.2623212825965
2030-10-26 14:15:00,1771.7532215303236
2030-10-26 14:30:00,1781.8722622315527
2030-10-26 14:45:00,1668.8088358071018
2030-10-26 15:00:00,1187.178205291606
2030-10-26 15:15:00,1554.699519189042
2030-10-26 15:30:00,1504.3456999407063
2030-10-26 15:45:00,1439.9043328507196
2030-10-26 16:00:00,1367.518639709362
2030-10-26 16:15:00,1240.6177192728992
2030-10-26 16:30:00,1196.831643581756
2030-10-26 16:45:00,1046.181951536042
2030-10-26 17:00:00,970.5780400221338
2030-10-26 17:15:00,858.4944438182902
2030-10-26 17:30:00,911.8626082829269
2030-10-26 17:45:00,849.8673372670928
2030-10-26 18:00:00,846.6908579621377
2030-10-26 18:15:00,935.5342096625172
2030-10-26 18:30:00,1008.0939167217821
2030-10-26 18:45:00,985.2877497358477
2030-10-26 19:00:00,857.3391919115529
2030-10-26 19:15:00,695.9744713866548
2030-10-26 19:30:00,519.6948858251799
2030-10-26 19:45:00,334.53664699208275
2030-10-26 20:00:00,129.21952531469287
2030-10-26 20:15:00,0.0
2030-10-26 20:30:00,0.0
2030-10-26 20:45:00,0.0
2030-10-26 21:00:00,0.0
2030-10-26 21:15:00,0.0
2030-10-26 21:30:00,0.0
2030-10-26 21:45:00,0.0
2030-10-26 22:00:00,0.0
2030-10-26 22:15:00,0.0
2030-10-26 22:30:00,0.0
2030-10-26 22:45:00,0.0
2030-10-26 23:00:00,0.0
2030-10-26 23:15:00,0.0
2030-10-26 23:30:00,0.0
2030-10-26 23:45:00,0.0
2030-10-27 00:00:00,0.0
2030-10-27 00:15:00,0.0
2030-10-27 00:30:00,0.0
2030-10-27 00:45:00,0.0
2030-10-27 01:00:00,0.0
2030-10-27 01:15:00,0.0
2030-10-27 01:30:00,0.0
2030-10-27 01:45:00,0.0
2030-10-27 02:00:00,0.0
2030-10-27 02:15:00,0.0
2030-10-27 02:30:00,0.0
2030-10-27 02:45:00,0.0
2030-10-27 03:00:00,0.0
2030-10-27 03:15:00,0.0
2030-10-27 03:30:00,0.0
2030-10-27 03:45:00,0.0
2030-10-27 04:00:00,0.0
2030-10-27 04:15:00,0.0
2030-10-27 04:30:00,0.0
2030-10-27 04:45:00,0.0
2030-10-27 05:00:00,0.0
2030-10-27 05:15:00,0.0
2030-10-27 05:30:00,0.0
2030-10-27 05:45:00,0.0
2030-10-27 06:00:00,0.0
2030-10-27 06:15:00,0.0
2030-10-27 06:30:00,0.0
2030-10-27 06:45:00,0.0
2030-10-27 07:00:00,0.0
2030-10-27 07:15:00,0.0
2030-10-27 07:30:00,0.0
2030-10-27 07:45:00,0.0
2030-10-27 08:00:00,0.0
2030-10-27 08:15:00,141.53631518211114
2030-10-27 08:30:00,307.0024601781115
2030-10-27 08:45:00,331.2949847859818
2030-10-27 09:00:00,399.0201091225481
2030-10-27 09:15:00,540.0438094886904
2030-10-27 09:30:00,702.4497344763786
2030-10-27 09:45:00,913.6074567167689
2030-10-27 10:00:00,911.040208898572
2030-10-27 10:15:00,950.2667236165671
2030-10-27 10:30:00,1043.6703861820824
2030-10-27 10:45:00,1080.15730819296
2030-10-27 11:00:00,998.034610389248
2030-10-27 11:15:00,946.8802572160967
2030-10-27 11:30:00,853.2908145351994
2030-10-27 11:45:00,729.5883186054398
2030-10-27 12:00:00,500.0927201138875
2030-10-27 12:15:00,440.78670192196296
2030-10-27 12:30:00,528.4683222464737
2030-10-27 12:45:00,443.0330070208893
2030-10-27 13:00:00,229.92063915972903
2030-10-27 13:15:00,59.26751606493599
2030-10-27 13:30:00,0.0
2030-10-27 13:45:00,0.0
2030-10-27 14:00:00,0.0
2030-10-27 14:15:00,0.0
2030-10-27 14:30:00,0.0
2030-10-27 14:45:00,0.0
2030-10-27 15:00:00,0.0
2030-10-27 15:15:00,0.0
2030-10-27 15:30:00,0.0
2030-10-27 15:45:00,0.0
2030-10-27 16:00:00,0.0
2030-10-27 16:15:00,0.0
2030-10-27 16:30:00,0.0
2030-10-27 16:45:00,0.0
2030-10-27 17:00:00,0.0
2030-10-27 17:15:00,0.0
2030-10-27 17:30:00,0.0
2030-10-27 17:45:00,0.0
2030-10-27 18:00:00,0.0
2030-10-27 18:15:00,0.0
2030-10-27 18:30:00,0.0
2030-10-27 18:45:00,0.0
2030-10-27 19:00:00,0.0
2030-10-27 19:15:00,0.0
2030-10-27 19:30:00,0.0
2030-10-27 19:45:00,0.0
2030-10-27 20:00:00,0.0
2030-10-27 20:15:00,0.0
2030-10-27 20:30:00,0.0
2030-10-27 20:45:00,0.0
2030-10-27 21:00:00,0.0
2030-10-27 21:15:00,0.0
2030-10-27 21:30:00,0.0
2030-10-27 21:45:00,0.0
2030-10-27 22:00:00,0.0
2030-10-27 22:15:00,0.0
2030-10-27 22:30:00,0.0
2030-10-27 22:45:00,0.0
2030-10-27 23:00:00,0.0
2030-10-27 23:15:00,0.0
2030-10-27 23:30:00,0.0
2030-10-27 23:45:00,0.0
2030-10-28 00:00:00,0.0
2030-10-28 00:15:00,0.0
2030-10-28 00:30:00,0.0
2030-10-28 00:45:00,0.0
2030-10-28 01:00:00,0.0
2030-10-28 01:15:00,0.0
2030-10-28 01:30:00,0.0
2030-10-28 01:45:00,0.0
2030-10-28 02:00:00,0.0
2030-10-28 02:15:00,0.0
2030-10-28 02:30:00,0.0
2030-10-28 02:45:00,0.0
2030-10-28 03:00:00,0.0
2030-10-28 03:15:00,0.0
2030-10-28 03:30:00,0.0
2030-10-28 03:45:00,0.0
2030-10-28 04:00:00,0.0
2030-10-28 04:15:00,0.0
2030-10-28 04:30:00,0.0
2030-10-28 04:45:00,0.0
2030-10-28 05:00:00,0.0
2030-10-28 05:15:00,0.0
2030-10-28 05:30:00,0.0
2030-10-28 05:45:00,0.0
2030-10-28 06:00:00,0.0
2030-10-28 06:15:00,0.0
2030-10-28 06:30:00,0.0
2030-10-28 06:45:00,0.0
2030-10-28 07:00:00,0.0
2030-10-28 07:15:00,0.0
2030-10-28 07:30:00,0.0
2030-10-28 07:45:00,0.0
2030-10-28 08:00:00,0.0
2030-10-28 08:15:00,0.0
2030-10-28 08:30:00,0.0
2030-10-28 08:45:00,0.0
2030-10-28 09:00:00,0.0
2030-10-28 09:15:00,0.0
2030-10-28 09:30:00,0.0
2030-10-28 09:45:00,0.0
2030-10-28 10:00:00,0.0
2030-10-28 10:15:00,0.0
2030-10-28 10:30:00,0.0
2030-10-28 10:45:00,0.0
2030-10-28 11:00:00,0.0
2030-10-28 11:15:00,0.0
2030-10-28 11:30:00,0.0
2030-10-28 11:45:00,0.0
2030-10-28 12:00:00,0.0
2030-10-28 12:15:00,0.0
2030-10-28 12:30:00,0.0
2030-10-28 12:45:00,0.0
2030-10-28 13:00:00,0.0
2030-10-28 13:15:00,0.0
2030-10-28 13:30:00,0.0
2030-10-28 13:45:00,0.0
2030-10-28 14:00:00,0.0
2030-10-28 14:15:00,0.0
2030-10-28 14:30:00,0.0
2030-10-28 14:45:00,0.0
2030-10-28 15:00:00,0.0
2030-10-28 15:15:00,0.0
2030-10-28 15:30:00,0.0
2030-10-28 15:45:00,0.0
2030-10-28 16:00:00,0.0
2030-10-28 16:15:00,0.0
2030-10-28 16:30:00,0.0
2030-10-28 16:45:00,0.0
2030-10-28 17:00:00,0.0
2030-10-28 17:15:00,0.0
2030-10-28 17:30:00,0.0
2030-10-28 17:45:00,0.0
2030-10-28 18:00:00,0.0
2030-10-28 18:15:00,0.0
2030-10-28 18:30:00,0.0
2030-10-28 18:45:00,0.0
2030-10-28 19:00:00,0.0
2030-10-28 19:15:00,0.0
2030-10-28 19:30:00,0.0
2030-10-28 19:45:00,0.0
2030-10-28 20:00:00,0.0
2030-10-28 20:15:00,0.0
2030-10-28 20:30:00,0.0
2030-10-28 20:45:00,0.0
2030-10-28 21:00:00,0.0
2030-10-28 21:15:00,0.0
2030-10-28 21:30:00,0.0
2030-10-28 21:45:00,0.0
2030-10-28 22:00:00,0.0
2030-10-28 22:15:00,0.0
2030-10-28 22:30:00,0.0
2030-10-28 22:45:00,0.0
2030-10-28 23:00:00,0.0
2030-10-28 23:15:00,0.0
2030-10-28 23:30:00,0.0
2030-10-28 23:45:00,0.0
2030-10-29 00:00:00,0.0
2030-10-29 00:15:00,0.0
2030-10-29 00:30:00,0.0
2030-10-29 00:45:00,0.0
2030-10-29 01:00:00,0.0
2030-10-29 01:15:00,0.0
2030-10-29 01:30:00,0.0
2030-10-29 01:45:00,0.0
2030-10-29 02:00:00,0.0
2030-10-29 02:15:00,0.0
2030-10-29 02:30:00,0.0
2030-10-29 02:45:00,0.0
2030-10-29 03:00:00,0.0
2030-10-29 03:15:00,0.0
2030-10-29 03:30:00,0.0
2030-10-29 03:45:00,0.0
2030-10-29 04:00:00,0.0
2030-10-29 04:15:00,0.0
2030-10-29 04:30:00,0.0
2030-10-29 04:45:00,0.0
2030-10-29 05:00:00,0.0
2030-10-29 05:15:00,0.0
2030-10-29 05:30:00,0.0
2030-10-29 05:45:00,0.0
2030-10-29 06:00:00,0.0
2030-10-29 06:15:00,0.0
2030-10-29 06:30:00,0.0
2030-10-29 06:45:00,0.0
2030-10-29 07:00:00,0.0
2030-10-29 07:15:00,0.0
2030-10-29 07:30:00,0.0
2030-10-29 07:45:00,0.0
2030-10-29 08:00:00,0.0
2030-10-29 08:15:00,0.0
2030-10-29 08:30:00,0.0
2030-10-29 08:45:00,0.0
2030-10-29 09:00:00,0.0
2030-10-29 09:15:00,0.0
2030-10-29 09:30:00,0.0
2030-10-29 09:45:00,0.0
2030-10-29 10:00:00,0.0
2030-10-29 10:15:00,0.0
2030-10-29 10:30:00,0.0
2030-10-29 10:45:00,0.0
2030-10-29 11:00:00,0.0
2030-10-29 11:15:00,0.0
2030-10-29 11:30:00,0.0
2030-10-29 11:45:00,0.0
2030-10-29 12:00:00,0.0
2030-10-29 12:15:00,0.0
2030-10-29 12:30:00,0.0
2030-10-29 12:45:00,0.0
2030-10-29 13:00:00,0.0
2030-10-29 13:15:00,0.0
2030-10-29 13:30:00,0.0
2030-10-29 13:45:00,0.0
2030-10-29 14:00:00,0.0
2030-10-29 14:15:00,0.0
2030-10-29 14:30:00,0.0
2030-10-29 14:45:00,0.0
2030-10-29 15:00:00,0.0
2030-10-29 15:15:00,0.0
2030-10-29 15:30:00,0.0
2030-10-29 15:45:00,0.0
2030-10-29 16:00:00,0.0
2030-10-29 16:15:00,0.0
2030-10-29 16:30:00,0.0
2030-10-29 16:45:00,0.0
2030-10-29 17:00:00,0.0
2030-10-29 17:15:00,0.0
2030-10-29 17:30:00,0.0
2030-10-29 17:45:00,0.0
2030-10-29 18:00:00,0.0
2030-10-29 18:15:00,0.0
2030-10-29 18:30:00,0.0
2030-10-29 18:45:00,0.0
2030-10-29 19:00:00,0.0
2030-10-29 19:15:00,0.0
2030-10-29 19:30:00,0.0
2030-10-29 19:45:00,0.0
2030-10-29 20:00:00,0.0
2030-10-29 20:15:00,0.0
2030-10-29 20:30:00,0.0
2030-10-29 20:45:00,0.0
2030-10-29 21:00:00,0.0
2030-10-29 21:15:00,0.0
2030-10-29 21:30:00,0.0
2030-10-29 21:45:00,0.0
2030-10-29 22:00:00,0.0
2030-10-29 22:15:00,0.0
2030-10-29 22:30:00,0.0
2030-10-29 22:45:00,0.0
2030-10-29 23:00:00,0.0
2030-10-29 23:15:00,0.0
2030-10-29 23:30:00,0.0
2030-10-29 23:45:00,0.0
2030-10-30 00:00:00,0.0
2030-10-30 00:15:00,0.0
2030-10-30 00:30:00,0.0
2030-10-30 00:45:00,0.0
2030-10-30 01:00:00,0.0
2030-10-30 01:15:00,0.0
2030-10-30 01:30:00,0.0
2030-10-30 01:45:00,0.0
2030-10-30 02:00:00,0.0
2030-10-30 02:15:00,0.0
2030-10-30 02:30:00,0.0
2030-10-30 02:45:00,0.0
2030-10-30 03:00:00,0.0
2030-10-30 03:15:00,0.0
2030-10-30 03:30:00,0.0
2030-10-30 03:45:00,0.0
2030-10-30 04:00:00,0.0
2030-10-30 04:15:00,0.0
2030-10-30 04:30:00,0.0
2030-10-30 04:45:00,0.0
2030-10-30 05:00:00,0.0
2030-10-30 05:15:00,0.0
2030-10-30 05:30:00,0.0
2030-10-30 05:45:00,0.0
2030-10-30 06:00:00,0.0
2030-10-30 06:15:00,0.0
2030-10-30 06:30:00,0.0
2030-10-30 06:45:00,0.0
2030-10-30 07:00:00,0.0
2030-10-30 07:15:00,0.0
2030-10-30 07:30:00,0.0
2030-10-30 07:45:00,0.0
2030-10-30 08:00:00,0.0
2030-10-30 08:15:00,0.0
2030-10-30 08:30:00,0.0
2030-10-30 08:45:00,0.0
2030-10-30 09:00:00,0.0
2030-10-30 09:15:00,0.0
2030-10-30 09:30:00,0.0
2030-10-30 09:45:00,132.4160071227525
2030-10-30 10:00:00,100.74595828314341
2030-10-30 10:15:00,134.84908925001582
2030-10-30 10:30:00,105.59859131359735
2030-10-30 10:45:00,233.81574523233212
2030-10-30 11:00:00,281.50676502380156
2030-10-30 11:15:00,373.186066662558
2030-10-30 11:30:00,387.5329480333967
2030-10-30 11:45:00,388.1438124504166
2030-10-30 12:00:00,332.3282403805133
2030-10-30 12:15:00,313.74967339513023
2030-10-30 12:30:00,275.2374681706715
2030-10-30 12:45:00,291.9520601332897
2030-10-30 13:00:00,504.888249845324
2030-10-30 13:15:00,407.5896559683715
2030-10-30 13:30:00,272.05711276633883
2030-10-30 13:45:00,268.33924784976625
2030-10-30 14:00:00,294.4063596397609
2030-10-30 14:15:00,223.4473971857078
2030-10-30 14:30:00,159.13421627772732
2030-10-30 14:45:00,52.682841563608235
2030-10-30 15:00:00,157.09842120915346
2030-10-30 15:15:00,287.7580255404446
2030-10-30 15:30:00,363.31398854281724
2030-10-30 15:45:00,324.9169734330535
2030-10-30 16:00:00,253.06666686230528
2030-10-30 16:15:00,219.17587142063894
2030-10-30 16:30:00,200.01344154934486
2030-10-30 16:45:00,327.60679058252754
2030-10-30 17:00:00,615.1830392430275
2030-10-30 17:15:00,670.2553113857193
2030-10-30 17:30:00,689.132447846292
2030-10-30 17:45:00,548.5673445946159
2030-10-30 18:00:00,540.0930542523838
2030-10-30 18:15:00,366.4329100598079
2030-10-30 18:30:00,278.80843619363077
2030-10-30 18:45:00,231.7271305140457
2030-10-30 19:00:00,137.83172925710096
2030-10-30 19:15:00,0.0
2030-10-30 19:30:00,0.0
2030-10-30 19:45:00,0.0
2030-10-30 20:00:00,0.0
2030-10-30 20:15:00,0.0
2030-10-30 20:30:00,0.0
2030-10-30 20:45:00,0.0
2030-10-30 21:00:00,0.0
2030-10-30 21:15:00,0.0
2030-10-30 21:30:00,0.0
2030-10-30 21:45:00,0.0
2030-10-30 22:00:00,0.0
2030-10-30 22:15:00,0.0
2030-10-30 22:30:00,0.0
2030-10-30 22:45:00,0.0
2030-10-30 23:00:00,0.0
2030-10-30 23:15:00,0.0
2030-10-30 23:30:00,0.0
2030-10-30 23:45:00,0.0
2030-10-31 00:00:00,0.0
2030-10-31 00:15:00,0.0
2030-10-31 00:30:00,0.0
2030-10-31 00:45:00,0.0
2030-10-31 01:00:00,0.0
2030-10-31 01:15:00,0.0
2030-10-31 01:30:00,0.0
2030-10-31 01:45:00,0.0
2030-10-31 02:00:00,0.0
2030-10-31 02:15:00,0.0
2030-10-31 02:30:00,0.0
2030-10-31 02:45:00,0.0
2030-10-31 03:00:00,0.0
2030-10-31 03:15:00,0.0
2030-10-31 03:30:00,0.0
2030-10-31 03:45:00,0.0
2030-10-31 04:00:00,0.0
2030-10-31 04:15:00,0.0
2030-10-31 04:30:00,0.0
2030-10-31 04:45:00,0.0
2030-10-31 05:00:00,0.0
2030-10-31 05:15:00,0.0
2030-10-31 05:30:00,0.0
2030-10-31 05:45:00,0.0
2030-10-31 06:00:00,0.0
2030-10-31 06:15:00,0.0
2030-10-31 06:30:00,0.0
2030-10-31 06:45:00,0.0
2030-10-31 07:00:00,0.0
2030-10-31 07:15:00,0.0
2030-10-31 07:30:00,0.0
2030-10-31 07:45:00,0.0
2030-10-31 08:00:00,0.0
2030-10-31 08:15:00,0.0
2030-10-31 08:30:00,0.0
2030-10-31 08:45:00,0.0
2030-10-31 09:00:00,0.0
2030-10-31 09:15:00,0.0
2030-10-31 09:30:00,0.0
2030-10-31 09:45:00,5.9533647470634605
2030-10-31 10:00:00,13.789927278912728
2030-10-31 10:15:00,144.702230055962
2030-10-31 10:30:00,330.3550782054408
2030-10-31 10:45:00,366.98381622272063
2030-10-31 11:00:00,377.6793255785524
2030-10-31 11:15:00,424.7526099178267
2030-10-31 11:30:00,544.1834360196481
2030-10-31 11:45:00,588.6645161287925
2030-10-31 12:00:00,573.7060145355463
2030-10-31 12:15:00,564.6091923044514
2030-10-31 12:30:00,449.85106556374376
2030-10-31 12:45:00,361.0699556969157
2030-10-31 13:00:00,221.92785629745595
2030-10-31 13:15:00,189.88409324208988
2030-10-31 13:30:00,246.5200320396525
2030-10-31 13:45:00,257.1444828048734
2030-10-31 14:00:00,321.2911455179983
2030-10-31 14:15:00,343.3585799415632
2030-10-31 14:30:00,339.51512103133973
2030-10-31 14:45:00,232.82604851867654
2030-10-31 15:00:00,207.6869142752148
2030-10-31 15:15:00,89.13586389307966
2030-10-31 15:30:00,13.052436431491515
2030-10-31 15:45:00,0.0
2030-10-31 16:00:00,138.4133067733601
2030-10-31 16:15:00,158.9372457628251
2030-10-31 16:30:00,195.07216417198651
2030-10-31 16:45:00,235.92304625822362
2030-10-31 17:00:00,375.72591724786434
2030-10-31 17:15:00,682.691510591003
2030-10-31 17:30:00,690.1170385634159
2030-10-31 17:45:00,629.5062685486009
2030-10-31 18:00:00,591.3596576017953
2030-10-31 18:15:00,597.3583218824588
2030-10-31 18:30:00,525.023832772793
2030-10-31 18:45:00,518.9332822419456
2030-10-31 19:00:00,448.6829267803696
2030-10-31 19:15:00,317.5603474830332
2030-10-31 19:30:00,190.49907194079242
2030-10-31 19:45:00,21.125647075636152
2030-10-31 20:00:00,0.0
2030-10-31 20:15:00,0.0
2030-10-31 20:30:00,0.0
2030-10-31 20:45:00,0.0
2030-10-31 21:00:00,0.0
2030-10-31 21:15:00,0.0
2030-10-31 21:30:00,0.0
2030-10-31 21:45:00,0.0
2030-10-31 22:00:00,0.0
2030-10-31 22:15:00,0.0
2030-10-31 22:30:00,0.0
2030-10-31 22:45:00,0.0
2030-10-31 23:00:00,0.0
2030-10-31 23:15:00,0.0
2030-10-31 23:30:00,0.0
2030-10-31 23:45:00,0.0
2030-11-01 00:00:00,0.0
2030-11-01 00:15:00,0.0
2030-11-01 00:30:00,0.0
2030-11-01 00:45:00,0.0
2030-11-01 01:00:00,0.0
2030-11-01 01:15:00,0.0
2030-11-01 01:30:00,0.0
2030-11-01 01:45:00,0.0
2030-11-01 02:00:00,0.0
2030-11-01 02:15:00,0.0
2030-11-01 02:30:00,0.0
2030-11-01 02:45:00,0.0
2030-11-01 03:00:00,0.0
2030-11-01 03:15:00,0.0
2030-11-01 03:30:00,0.0
2030-11-01 03:45:00,0.0
2030-11-01 04:00:00,0.0
2030-11-01 04:15:00,0.0
2030-11-01 04:30:00,0.0
2030-11-01 04:45:00,0.0
2030-11-01 05:00:00,0.0
2030-11-01 05:15:00,0.0
2030-11-01 05:30:00,0.0
2030-11-01 05:45:00,0.0
2030-11-01 06:00:00,0.0
2030-11-01 06:15:00,0.0
2030-11-01 06:30:00,0.0
2030-11-01 06:45:00,0.0
2030-11-01 07:00:00,0.0
2030-11-01 07:15:00,0.0
2030-11-01 07:30:00,0.0
2030-11-01 07:45:00,0.0
2030-11-01 08:00:00,0.0
2030-11-01 08:15:00,0.0
2030-11-01 08:30:00,0.0
2030-11-01 08:45:00,0.0
2030-11-01 09:00:00,0.0
2030-11-01 09:15:00,0.0
2030-11-01 09:30:00,0.0
2030-11-01 09:45:00,0.0
2030-11-01 10:00:00,0.0
2030-11-01 10:15:00,0.0
2030-11-01 10:30:00,0.0
2030-11-01 10:45:00,0.0
2030-11-01 11:00:00,0.0
2030-11-01 11:15:00,0.0
2030-11-01 11:30:00,0.0
2030-11-01 11:45:00,0.0
2030-11-01 12:00:00,0.0
2030-11-01 12:15:00,0.0
2030-11-01 12:30:00,0.0
2030-11-01 12:45:00,0.0
2030-11-01 13:00:00,0.0
2030-11-01 13:15:00,0.0
2030-11-01 13:30:00,0.0
2030-11-01 13:45:00,0.0
2030-11-01 14:00:00,0.0
2030-11-01 14:15:00,0.0
2030-11-01 14:30:00,0.0
2030-11-01 14:45:00,0.0
2030-11-01 15:00:00,0.0
2030-11-01 15:15:00,0.0
2030-11-01 15:30:00,0.0
2030-11-01 15:45:00,0.0
2030-11-01 16:00:00,0.0
2030-11-01 16:15:00,0.0
2030-11-01 16:30:00,0.0
2030-11-01 16:45:00,0.0
2030-11-01 17:00:00,0.0
2030-11-01 17:15:00,0.0
2030-11-01 17:30:00,0.0
2030-11-01 17:45:00,0.0
2030-11-01 18:00:00,0.0
2030-11-01 18:15:00,0.0
2030-11-01 18:30:00,0.0
2030-11-01 18:45:00,0.0
2030-11-01 19:00:00,0.0
2030-11-01 19:15:00,0.0
2030-11-01 19:30:00,0.0
2030-11-01 19:45:00,0.0
2030-11-01 20:00:00,0.0
2030-11-01 20:15:00,0.0
2030-11-01 20:30:00,0.0
2030-11-01 20:45:00,0.0
2030-11-01 21:00:00,0.0
2030-11-01 21:15:00,0.0
2030-11-01 21:30:00,0.0
2030-11-01 21:45:00,0.0
2030-11-01 22:00:00,0.0
2030-11-01 22:15:00,0.0
2030-11-01 22:30:00,0.0
2030-11-01 22:45:00,0.0
2030-11-01 23:00:00,0.0
2030-11-01 23:15:00,0.0
2030-11-01 23:30:00,0.0
2030-11-01 23:45:00,0.0
2030-11-02 00:00:00,0.0
2030-11-02 00:15:00,0.0
2030-11-02 00:30:00,0.0
2030-11-02 00:45:00,0.0
2030-11-02 01:00:00,0.0
2030-11-02 01:15:00,0.0
2030-11-02 01:30:00,0.0
2030-11-02 01:45:00,0.0
2030-11-02 02:00:00,0.0
2030-11-02 02:15:00,0.0
2030-11-02 02:30:00,0.0
2030-11-02 02:45:00,0.0
2030-11-02 03:00:00,0.0
2030-11-02 03:15:00,0.0
2030-11-02 03:30:00,0.0
2030-11-02 03:45:00,0.0
2030-11-02 04:00:00,0.0
2030-11-02 04:15:00,0.0
2030-11-02 04:30:00,0.0
2030-11-02 04:45:00,0.0
2030-11-02 05:00:00,0.0
2030-11-02 05:15:00,0.0
2030-11-02 05:30:00,0.0
2030-11-02 05:45:00,0.0
2030-11-02 06:00:00,0.0
2030-11-02 06:15:00,0.0
2030-11-02 06:30:00,0.0
2030-11-02 06:45:00,0.0
2030-11-02 07:00:00,0.0
2030-11-02 07:15:00,0.0
2030-11-02 07:30:00,0.0
2030-11-02 07:45:00,0.0
2030-11-02 08:00:00,0.0
2030-11-02 08:15:00,0.0
2030-11-02 08:30:00,0.0
2030-11-02 08:45:00,0.0
2030-11-02 09:00:00,0.0
2030-11-02 09:15:00,0.0
2030-11-02 09:30:00,0.0
2030-11-02 09:45:00,0.0
2030-11-02 10:00:00,0.0
2030-11-02 10:15:00,0.0
2030-11-02 10:30:00,0.0
2030-11-02 10:45:00,0.0
2030-11-02 11:00:00,0.0
2030-11-02 11:15:00,0.0
2030-11-02 11:30:00,0.0
2030-11-02 11:45:00,0.0
2030-11-02 12:00:00,0.0
2030-11-02 12:15:00,0.0
2030-11-02 12:30:00,0.0
2030-11-02 12:45:00,0.0
2030-11-02 13:00:00,0.0
2030-11-02 13:15:00,0.0
2030-11-02 13:30:00,0.0
2030-11-02 13:45:00,0.0
2030-11-02 14:00:00,0.0
2030-11-02 14:15:00,0.0
2030-11-02 14:30:00,0.0
2030-11-02 14:45:00,0.0
2030-11-02 15:00:00,0.0
2030-11-02 15:15:00,0.0
2030-11-02 15:30:00,0.0
2030-11-02 15:45:00,0.0
2030-11-02 16:00:00,0.0
2030-11-02 16:15:00,0.0
2030-11-02 16:30:00,0.0
2030-11-02 16:45:00,0.0
2030-11-02 17:00:00,0.0
2030-11-02 17:15:00,0.0
2030-11-02 17:30:00,0.0
2030-11-02 17:45:00,0.0
2030-11-02 18:00:00,0.0
2030-11-02 18:15:00,0.0
2030-11-02 18:30:00,0.0
2030-11-02 18:45:00,0.0
2030-11-02 19:00:00,0.0
2030-11-02 19:15:00,0.0
2030-11-02 19:30:00,0.0
2030-11-02 19:45:00,0.0
2030-11-02 20:00:00,0.0
2030-11-02 20:15:00,0.0
2030-11-02 20:30:00,0.0
2030-11-02 20:45:00,0.0
2030-11-02 21:00:00,0.0
2030-11-02 21:15:00,0.0
2030-11-02 21:30:00,0.0
2030-11-02 21:45:00,0.0
2030-11-02 22:00:00,0.0
2030-11-02 22:15:00,0.0
2030-11-02 22:30:00,0.0
2030-11-02 22:45:00,0.0
2030-11-02 23:00:00,0.0
2030-11-02 23:15:00,0.0
2030-11-02 23:30:00,0.0
2030-11-02 23:45:00,0.0
2030-11-03 00:00:00,0.0
2030-11-03 00:15:00,0.0
2030-11-03 00:30:00,0.0
2030-11-03 00:45:00,0.0
2030-11-03 01:00:00,0.0
2030-11-03 01:15:00,0.0
2030-11-03 01:30:00,0.0
2030-11-03 01:45:00,0.0
2030-11-03 02:00:00,0.0
2030-11-03 02:15:00,0.0
2030-11-03 02:30:00,0.0
2030-11-03 02:45:00,0.0
2030-11-03 03:00:00,0.0
2030-11-03 03:15:00,0.0
2030-11-03 03:30:00,0.0
2030-11-03 03:45:00,0.0
2030-11-03 04:00:00,0.0
2030-11-03 04:15:00,0.0
2030-11-03 04:30:00,0.0
2030-11-03 04:45:00,0.0
2030-11-03 05:00:00,0.0
2030-11-03 05:15:00,0.0
2030-11-03 05:30:00,0.0
2030-11-03 05:45:00,0.0
2030-11-03 06:00:00,0.0
2030-11-03 06:15:00,0.0
2030-11-03 06:30:00,0.0
2030-11-03 06:45:00,0.0
2030-11-03 07:00:00,373.01772433735823
2030-11-03 07:15:00,614.1269905785048
2030-11-03 07:30:00,798.354460518718
2030-11-03 07:45:00,1019.8408029425791
2030-11-03 08:00:00,1297.2387851661006
2030-11-03 08:15:00,1435.374486438961
2030-11-03 08:30:00,1595.455775501403
2030-11-03 08:45:00,1637.8176175534572
2030-11-03 09:00:00,1677.7793838375037
2030-11-03 09:15:00,1778.6784716905331
2030-11-03 09:30:00,1974.8701238575304
2030-11-03 09:45:00,1937.493091186403
2030-11-03 10:00:00,1841.084473951776
2030-11-03 10:15:00,1862.1523863812854
2030-11-03 10:30:00,1857.8500976999803
2030-11-03 10:45:00,1901.1283755702316
2030-11-03 11:00:00,1922.8693404021906
2030-11-03 11:15:00,1891.74970534792
2030-11-03 11:30:00,1825.4549652614332
2030-11-03 11:45:00,1762.4802252541504
2030-11-03 12:00:00,1597.5583205665534
2030-11-03 12:15:00,1558.9536494694294
2030-11-03 12:30:00,1520.4733768351216
2030-11-03 12:45:00,1397.6800255307753
2030-11-03 13:00:00,1371.709378849202
2030-11-03 13:15:00,1264.57717896127
2030-11-03 13:30:00,1145.3353533598256
2030-11-03 13:45:00,993.3157515230978
2030-11-03 14:00:00,944.2111176980106
2030-11-03 14:15:00,985.0914218317557
2030-11-03 14:30:00,674.1976073545611
2030-11-03 14:45:00,644.8442156833025
2030-11-03 15:00:00,775.0758928306313
2030-11-03 15:15:00,735.5251841170812
2030-11-03 15:30:00,699.9654832972556
2030-11-03 15:45:00,736.2462195679582
2030-11-03 16:00:00,905.800226013107
2030-11-03 16:15:00,896.8473517512812
2030-11-03 16:30:00,923.8993179797399
2030-11-03 16:45:00,1067.926032604555
2030-11-03 17:00:00,1240.4822017535043
2030-11-03 17:15:00,1318.599475591458
2030-11-03 17:30:00,1345.904807228897
2030-11-03 17:45:00,1257.2113295820345
2030-11-03 18:00:00,1098.347381360487
2030-11-03 18:15:00,933.8541606679901
2030-11-03 18:30:00,761.7672775514911
2030-11-03 18:45:00,555.5069503627146
2030-11-03 19:00:00,260.7600261601001
2030-11-03 19:15:00,40.854382820311
2030-11-03 19:30:00,0.0
2030-11-03 19:45:00,0.0
2030-11-03 20:00:00,0.0
2030-11-03 20:15:00,0.0
2030-11-03 20:30:00,0.0
2030-11-03 20:45:00,0.0
2030-11-03 21:00:00,0.0
2030-11-03 21:15:00,0.0
2030-11-03 21:30:00,0.0
2030-11-03 21:45:00,0.0
2030-11-03 22:00:00,0.0
2030-11-03 22:15:00,0.0
2030-11-03 22:30:00,0.0
2030-11-03 22:45:00,0.0
2030-11-03 23:00:00,0.0
2030-11-03 23:15:00,0.0
2030-11-03 23:30:00,0.0
2030-11-03 23:45:00,0.0
2030-11-04 00:00:00,0.0
2030-11-04 00:15:00,0.0
2030-11-04 00:30:00,0.0
2030-11-04 00:45:00,0.0
2030-11-04 01:00:00,0.0
2030-11-04 01:15:00,0.0
2030-11-04 01:30:00,0.0
2030-11-04 01:45:00,0.0
2030-11-04 02:00:00,0.0
2030-11-04 02:15:00,0.0
2030-11-04 02:30:00,0.0
2030-11-04 02:45:00,0.0
2030-11-04 03:00:00,0.0
2030-11-04 03:15:00,0.0
2030-11-04 03:30:00,0.0
2030-11-04 03:45:00,0.0
2030-11-04 04:00:00,0.0
2030-11-04 04:15:00,0.0
2030-11-04 04:30:00,0.0
2030-11-04 04:45:00,0.0
2030-11-04 05:00:00,0.0
2030-11-04 05:15:00,0.0
2030-11-04 05:30:00,0.0
2030-11-04 05:45:00,0.0
2030-11-04 06:00:00,0.0
2030-11-04 06:15:00,0.0
2030-11-04 06:30:00,0.0
2030-11-04 06:45:00,0.0
2030-11-04 07:00:00,0.0
2030-11-04 07:15:00,0.0
2030-11-04 07:30:00,0.0
2030-11-04 07:45:00,0.0
2030-11-04 08:00:00,0.0
2030-11-04 08:15:00,0.0
2030-11-04 08:30:00,0.0
2030-11-04 08:45:00,0.0
2030-11-04 09:00:00,0.0
2030-11-04 09:15:00,0.0
2030-11-04 09:30:00,0.0
2030-11-04 09:45:00,0.0
2030-11-04 10:00:00,0.0
2030-11-04 10:15:00,0.0
2030-11-04 10:30:00,0.0
2030-11-04 10:45:00,0.0
2030-11-04 11:00:00,0.0
2030-11-04 11:15:00,0.0
2030-11-04 11:30:00,0.0
2030-11-04 11:45:00,0.0
2030-11-04 12:00:00,0.0
2030-11-04 12:15:00,0.0
2030-11-04 12:30:00,0.0
2030-11-04 12:45:00,0.0
2030-11-04 13:00:00,0.0
2030-11-04 13:15:00,0.0
2030-11-04 13:30:00,0.0
2030-11-04 13:45:00,0.0
2030-11-04 14:00:00,0.0
2030-11-04 14:15:00,0.0
2030-11-04 14:30:00,0.0
2030-11-04 14:45:00,0.0
2030-11-04 15:00:00,0.0
2030-11-04 15:15:00,0.0
2030-11-04 15:30:00,0.0
2030-11-04 15:45:00,0.0
2030-11-04 16:00:00,0.0
2030-11-04 16:15:00,0.0
2030-11-04 16:30:00,0.0
2030-11-04 16:45:00,0.0
2030-11-04 17:00:00,0.0
2030-11-04 17:15:00,0.0
2030-11-04 17:30:00,0.0
2030-11-04 17:45:00,0.0
2030-11-04 18:00:00,0.0
2030-11-04 18:15:00,0.0
2030-11-04 18:30:00,0.0
2030-11-04 18:45:00,0.0
2030-11-04 19:00:00,0.0
2030-11-04 19:15:00,0.0
2030-11-04 19:30:00,0.0
2030-11-04 19:45:00,0.0
2030-11-04 20:00:00,0.0
2030-11-04 20:15:00,0.0
2030-11-04 20:30:00,0.0
2030-11-04 20:45:00,0.0
2030-11-04 21:00:00,0.0
2030-11-04 21:15:00,0.0
2030-11-04 21:30:00,0.0
2030-11-04 21:45:00,0.0
2030-11-04 22:00:00,0.0
2030-11-04 22:15:00,0.0
2030-11-04 22:30:00,0.0
2030-11-04 22:45:00,0.0
2030-11-04 23:00:00,0.0
2030-11-04 23:15:00,0.0
2030-11-04 23:30:00,0.0
2030-11-04 23:45:00,0.0
2030-11-05 00:00:00,0.0
2030-11-05 00:15:00,0.0
2030-11-05 00:30:00,0.0
2030-11-05 00:45:00,0.0
2030-11-05 01:00:00,0.0
2030-11-05 01:15:00,0.0
2030-11-05 01:30:00,0.0
2030-11-05 01:45:00,0.0
2030-11-05 02:00:00,0.0
2030-11-05 02:15:00,0.0
2030-11-05 02:30:00,0.0
2030-11-05 02:45:00,0.0
2030-11-05 03:00:00,0.0
2030-11-05 03:15:00,0.0
2030-11-05 03:30:00,0.0
2030-11-05 03:45:00,0.0
2030-11-05 04:00:00,0.0
2030-11-05 04:15:00,0.0
2030-11-05 04:30:00,0.0
2030-11-05 04:45:00,0.0
2030-11-05 05:00:00,0.0
2030-11-05 05:15:00,0.0
2030-11-05 05:30:00,0.0
2030-11-05 05:45:00,0.0
2030-11-05 06:00:00,0.0
2030-11-05 06:15:00,0.0
2030-11-05 06:30:00,0.0
2030-11-05 06:45:00,0.0
2030-11-05 07:00:00,0.0
2030-11-05 07:15:00,0.0
2030-11-05 07:30:00,0.0
2030-11-05 07:45:00,0.0
2030-11-05 08:00:00,0.0
2030-11-05 08:15:00,0.0
2030-11-05 08:30:00,0.0
2030-11-05 08:45:00,0.0
2030-11-05 09:00:00,0.0
2030-11-05 09:15:00,0.0
2030-11-05 09:30:00,0.0
2030-11-05 09:45:00,0.0
2030-11-05 10:00:00,0.0
2030-11-05 10:15:00,0.0
2030-11-05 10:30:00,0.0
2030-11-05 10:45:00,0.0
2030-11-05 11:00:00,0.0
2030-11-05 11:15:00,0.0
2030-11-05 11:30:00,0.0
2030-11-05 11:45:00,0.0
2030-11-05 12:00:00,0.0
2030-11-05 12:15:00,0.0
2030-11-05 12:30:00,0.0
2030-11-05 12:45:00,0.0
2030-11-05 13:00:00,0.0
2030-11-05 13:15:00,0.0
2030-11-05 13:30:00,0.0
2030-11-05 13:45:00,0.0
2030-11-05 14:00:00,0.0
2030-11-05 14:15:00,0.0
2030-11-05 14:30:00,0.0
2030-11-05 14:45:00,0.0
2030-11-05 15:00:00,0.0
2030-11-05 15:15:00,0.0
2030-11-05 15:30:00,0.0
2030-11-05 15:45:00,0.0
2030-11-05 16:00:00,0.0
2030-11-05 16:15:00,0.0
2030-11-05 16:30:00,0.0
2030-11-05 16:45:00,0.0
2030-11-05 17:00:00,0.0
2030-11-05 17:15:00,0.0
2030-11-05 17:30:00,0.0
2030-11-05 17:45:00,0.0
2030-11-05 18:00:00,0.0
2030-11-05 18:15:00,0.0
2030-11-05 18:30:00,0.0
2030-11-05 18:45:00,0.0
2030-11-05 19:00:00,0.0
2030-11-05 19:15:00,0.0
2030-11-05 19:30:00,0.0
2030-11-05 19:45:00,0.0
2030-11-05 20:00:00,0.0
2030-11-05 20:15:00,0.0
2030-11-05 20:30:00,0.0
2030-11-05 20:45:00,0.0
2030-11-05 21:00:00,0.0
2030-11-05 21:15:00,0.0
2030-11-05 21:30:00,0.0
2030-11-05 21:45:00,0.0
2030-11-05 22:00:00,0.0
2030-11-05 22:15:00,0.0
2030-11-05 22:30:00,0.0
2030-11-05 22:45:00,0.0
2030-11-05 23:00:00,0.0
2030-11-05 23:15:00,0.0
2030-11-05 23:30:00,0.0
2030-11-05 23:45:00,0.0
2030-11-06 00:00:00,0.0
2030-11-06 00:15:00,0.0
2030-11-06 00:30:00,0.0
2030-11-06 00:45:00,0.0
2030-11-06 01:00:00,0.0
2030-11-06 01:15:00,0.0
2030-11-06 01:30:00,0.0
2030-11-06 01:45:00,0.0
2030-11-06 02:00:00,0.0
2030-11-06 02:15:00,0.0
2030-11-06 02:30:00,0.0
2030-11-06 02:45:00,0.0
2030-11-06 03:00:00,0.0
2030-11-06 03:15:00,0.0
2030-11-06 03:30:00,0.0
2030-11-06 03:45:00,0.0
2030-11-06 04:00:00,0.0
2030-11-06 04:15:00,0.0
2030-11-06 04:30:00,0.0
2030-11-06 04:45:00,0.0
2030-11-06 05:00:00,0.0
2030-11-06 05:15:00,0.0
2030-11-06 05:30:00,0.0
2030-11-06 05:45:00,0.0
2030-11-06 06:00:00,0.0
2030-11-06 06:15:00,0.0
2030-11-06 06:30:00,0.0
2030-11-06 06:45:00,0.0
2030-11-06 07:00:00,0.0
2030-11-06 07:15:00,0.0
2030-11-06 07:30:00,0.0
2030-11-06 07:45:00,0.0
2030-11-06 08:00:00,0.0
2030-11-06 08:15:00,0.0
2030-11-06 08:30:00,0.0
2030-11-06 08:45:00,0.0
2030-11-06 09:00:00,0.0
2030-11-06 09:15:00,0.0
2030-11-06 09:30:00,0.0
2030-11-06 09:45:00,0.0
2030-11-06 10:00:00,39.84005667537167
2030-11-06 10:15:00,5.826197671580303
2030-11-06 10:30:00,0.0
2030-11-06 10:45:00,98.50840926880664
2030-11-06 11:00:00,128.0364798407427
2030-11-06 11:15:00,223.59554463035056
2030-11-06 11:30:00,419.67399037441464
2030-11-06 11:45:00,446.66179630881743
2030-11-06 12:00:00,459.04182073891025
2030-11-06 12:15:00,272.6636328987297
2030-11-06 12:30:00,284.6863719676694
2030-11-06 12:45:00,270.21355191326984
2030-11-06 13:00:00,306.5200726094972
2030-11-06 13:15:00,306.6712701601082
2030-11-06 13:30:00,314.77002223190357
2030-11-06 13:45:00,176.10523469566942
2030-11-06 14:00:00,41.44305240808171
2030-11-06 14:15:00,86.05113818489917
2030-11-06 14:30:00,90.94195832695186
2030-11-06 14:45:00,14.292114733436392
2030-11-06 15:00:00,267.0275436526408
2030-11-06 15:15:00,194.1551766488592
2030-11-06 15:30:00,139.7705092340766
2030-11-06 15:45:00,181.18739880336216
2030-11-06 16:00:00,265.9050586848207
2030-11-06 16:15:00,279.1871819704429
2030-11-06 16:30:00,217.52823545941646
2030-11-06 16:45:00,358.3460589866081
2030-11-06 17:00:00,546.4742738305868
2030-11-06 17:15:00,560.979534772825
2030-11-06 17:30:00,691.3929219385827
2030-11-06 17:45:00,737.4990046887688
2030-11-06 18:00:00,635.5649764749523
2030-11-06 18:15:00,505.204460706962
2030-11-06 18:30:00,326.5278775454517
2030-11-06 18:45:00,167.87008300121852
2030-11-06 19:00:00,0.0
2030-11-06 19:15:00,0.0
2030-11-06 19:30:00,0.0
2030-11-06 19:45:00,0.0
2030-11-06 20:00:00,0.0
2030-11-06 20:15:00,0.0
2030-11-06 20:30:00,0.0
2030-11-06 20:45:00,0.0
2030-11-06 21:00:00,0.0
2030-11-06 21:15:00,0.0
2030-11-06 21:30:00,0.0
2030-11-06 21:45:00,0.0
2030-11-06 22:00:00,0.0
2030-11-06 22:15:00,0.0
2030-11-06 22:30:00,0.0
2030-11-06 22:45:00,0.0
2030-11-06 23:00:00,0.0
2030-11-06 23:15:00,0.0
2030-11-06 23:30:00,0.0
2030-11-06 23:45:00,0.0
2030-11-07 00:00:00,0.0
2030-11-07 00:15:00,0.0
2030-11-07 00:30:00,0.0
2030-11-07 00:45:00,0.0
2030-11-07 01:00:00,0.0
2030-11-07 01:15:00,0.0
2030-11-07 01:30:00,0.0
2030-11-07 01:45:00,0.0
2030-11-07 02:00:00,0.0
2030-11-07 02:15:00,0.0
2030-11-07 02:30:00,0.0
2030-11-07 02:45:00,0.0
2030-11-07 03:00:00,0.0
2030-11-07 03:15:00,0.0
2030-11-07 03:30:00,0.0
2030-11-07 03:45:00,0.0
2030-11-07 04:00:00,0.0
2030-11-07 04:15:00,0.0
2030-11-07 04:30:00,0.0
2030-11-07 04:45:00,0.0
2030-11-07 05:00:00,0.0
2030-11-07 05:15:00,0.0
2030-11-07 05:30:00,0.0
2030-11-07 05:45:00,0.0
2030-11-07 06:00:00,0.0
2030-11-07 06:15:00,0.0
2030-11-07 06:30:00,0.0
2030-11-07 06:45:00,0.0
2030-11-07 07:00:00,0.0
2030-11-07 07:15:00,0.0
2030-11-07 07:30:00,0.0
2030-11-07 07:45:00,0.0
2030-11-07 08:00:00,320.0780989250961
2030-11-07 08:15:00,442.65377950325274
2030-11-07 08:30:00,548.8639582409087
2030-11-07 08:45:00,657.4812703938369
2030-11-07 09:00:00,535.2822154439564
2030-11-07 09:15:00,686.0109712639078
2030-11-07 09:30:00,757.3047998585862
2030-11-07 09:45:00,735.1543781336586
2030-11-07 10:00:00,620.6647417037257
2030-11-07 10:15:00,636.539699261566
2030-11-07 10:30:00,688.7083289134334
2030-11-07 10:45:00,674.0915030240249
2030-11-07 11:00:00,515.4300248928503
2030-11-07 11:15:00,367.2587846005208
2030-11-07 11:30:00,416.75505678157424
2030-11-07 11:45:00,498.57417369229915
2030-11-07 12:00:00,465.1178089377754
2030-11-07 12:15:00,468.47027344074195
2030-11-07 12:30:00,463.76656011455634
2030-11-07 12:45:00,497.86184120846156
2030-11-07 13:00:00,417.95408169295115
2030-11-07 13:15:00,296.97530114339315
2030-11-07 13:30:00,25.787492970608582
2030-11-07 13:45:00,0.0
2030-11-07 14:00:00,0.0
2030-11-07 14:15:00,0.0
2030-11-07 14:30:00,0.0
2030-11-07 14:45:00,0.0
2030-11-07 15:00:00,0.0
2030-11-07 15:15:00,0.0
2030-11-07 15:30:00,0.0
2030-11-07 15:45:00,0.0
2030-11-07 16:00:00,0.0
2030-11-07 16:15:00,6.589271180917422
2030-11-07 16:30:00,128.48254801374424
2030-11-07 16:45:00,276.90947865455746
2030-11-07 17:00:00,452.9699091915172
2030-11-07 17:15:00,553.3779070902601
2030-11-07 17:30:00,695.7562822189175
2030-11-07 17:45:00,628.2690369295742
2030-11-07 18:00:00,578.6345584514747
2030-11-07 18:15:00,466.66220692055504
2030-11-07 18:30:00,466.72243499137403
2030-11-07 18:45:00,356.9063056299492
2030-11-07 19:00:00,135.16221189005955
2030-11-07 19:15:00,29.59604621975086
2030-11-07 19:30:00,0.0
2030-11-07 19:45:00,0.0
2030-11-07 20:00:00,0.0
2030-11-07 20:15:00,0.0
2030-11-07 20:30:00,0.0
2030-11-07 20:45:00,0.0
2030-11-07 21:00:00,0.0
2030-11-07 21:15:00,0.0
2030-11-07 21:30:00,0.0
2030-11-07 21:45:00,0.0
2030-11-07 22:00:00,0.0
2030-11-07 22:15:00,0.0
2030-11-07 22:30:00,0.0
2030-11-07 22:45:00,0.0
2030-11-07 23:00:00,0.0
2030-11-07 23:15:00,0.0
2030-11-07 23:30:00,0.0
2030-11-07 23:45:00,0.0
2030-11-08 00:00:00,0.0
2030-11-08 00:15:00,0.0
2030-11-08 00:30:00,0.0
2030-11-08 00:45:00,0.0
2030-11-08 01:00:00,0.0
2030-11-08 01:15:00,0.0
2030-11-08 01:30:00,0.0
2030-11-08 01:45:00,0.0
2030-11-08 02:00:00,0.0
2030-11-08 02:15:00,0.0
2030-11-08 02:30:00,0.0
2030-11-08 02:45:00,0.0
2030-11-08 03:00:00,0.0
2030-11-08 03:15:00,0.0
2030-11-08 03:30:00,0.0
2030-11-08 03:45:00,0.0
2030-11-08 04:00:00,0.0
2030-11-08 04:15:00,0.0
2030-11-08 04:30:00,0.0
2030-11-08 04:45:00,0.0
2030-11-08 05:00:00,0.0
2030-11-08 05:15:00,0.0
2030-11-08 05:30:00,0.0
2030-11-08 05:45:00,0.0
2030-11-08 06:00:00,0.0
2030-11-08 06:15:00,0.0
2030-11-08 06:30:00,0.0
2030-11-08 06:45:00,0.0
2030-11-08 07:00:00,484.1149534125834
2030-11-08 07:15:00,864.4395046705631
2030-11-08 07:30:00,1130.14901457425
2030-11-08 07:45:00,1265.4226102771609
2030-11-08 08:00:00,1513.933007786205
2030-11-08 08:15:00,1648.0306561543239
2030-11-08 08:30:00,1753.8025082711029
2030-11-08 08:45:00,1811.518472757607
2030-11-08 09:00:00,1688.3885016430686
2030-11-08 09:15:00,1778.9752401411752
2030-11-08 09:30:00,1817.9847648291707
2030-11-08 09:45:00,1944.7730194669875
2030-11-08 10:00:00,1884.5285234509556
2030-11-08 10:15:00,1880.6739302593414
2030-11-08 10:30:00,1889.423588676218
2030-11-08 10:45:00,1819.4881493058638
2030-11-08 11:00:00,1762.106093152568
2030-11-08 11:15:00,1688.0280135975681
2030-11-08 11:30:00,1639.7354887000583
2030-11-08 11:45:00,1587.5077488245734
2030-11-08 12:00:00,1513.5793831183764
2030-11-08 12:15:00,1447.8741142243962
2030-11-08 12:30:00,1446.813575700624
2030-11-08 12:45:00,1347.5872193092637
2030-11-08 13:00:00,1341.897472234119
2030-11-08 13:15:00,1154.8817112250163
2030-11-08 13:30:00,1004.6605764438918
2030-11-08 13:45:00,715.1451711389618
2030-11-08 14:00:00,604.5767771559113
2030-11-08 14:15:00,658.3891104789982
2030-11-08 14:30:00,521.9305564507758
2030-11-08 14:45:00,456.8762119195162
2030-11-08 15:00:00,701.640568492181
2030-11-08 15:15:00,709.9892685591276
2030-11-08 15:30:00,607.5361276132298
2030-11-08 15:45:00,488.46425318719776
2030-11-08 16:00:00,334.74927624845077
2030-11-08 16:15:00,208.2002370609389
2030-11-08 16:30:00,292.97257340669603
2030-11-08 16:45:00,327.5178019194209
2030-11-08 17:00:00,519.6247602444346
2030-11-08 17:15:00,518.4463111153927
2030-11-08 17:30:00,510.8840825217558
2030-11-08 17:45:00,602.9264207624401
2030-11-08 18:00:00,462.65233809637357
2030-11-08 18:15:00,408.89140178935304
2030-11-08 18:30:00,393.61701821703537
2030-11-08 18:45:00,343.8990011181031
2030-11-08 19:00:00,257.710286454967
2030-11-08 19:15:00,141.5433392696541
2030-11-08 19:30:00,75.21384965566722
2030-11-08 19:45:00,0.0
2030-11-08 20:00:00,0.0
2030-11-08 20:15:00,0.0
2030-11-08 20:30:00,0.0
2030-11-08 20:45:00,0.0
2030-11-08 21:00:00,0.0
2030-11-08 21:15:00,0.0
2030-11-08 21:30:00,0.0
2030-11-08 21:45:00,0.0
2030-11-08 22:00:00,0.0
2030-11-08 22:15:00,0.0
2030-11-08 22:30:00,0.0
2030-11-08 22:45:00,0.0
2030-11-08 23:00:00,0.0
2030-11-08 23:15:00,0.0
2030-11-08 23:30:00,0.0
2030-11-08 23:45:00,0.0
2030-11-09 00:00:00,0.0
2030-11-09 00:15:00,0.0
2030-11-09 00:30:00,0.0
2030-11-09 00:45:00,0.0
2030-11-09 01:00:00,0.0
2030-11-09 01:15:00,0.0
2030-11-09 01:30:00,0.0
2030-11-09 01:45:00,0.0
2030-11-09 02:00:00,0.0
2030-11-09 02:15:00,0.0
2030-11-09 02:30:00,0.0
2030-11-09 02:45:00,0.0
2030-11-09 03:00:00,0.0
2030-11-09 03:15:00,0.0
2030-11-09 03:30:00,0.0
2030-11-09 03:45:00,0.0
2030-11-09 04:00:00,0.0
2030-11-09 04:15:00,0.0
2030-11-09 04:30:00,0.0
2030-11-09 04:45:00,0.0
2030-11-09 05:00:00,0.0
2030-11-09 05:15:00,0.0
2030-11-09 05:30:00,0.0
2030-11-09 05:45:00,0.0
2030-11-09 06:00:00,0.0
2030-11-09 06:15:00,0.0
2030-11-09 06:30:00,0.0
2030-11-09 06:45:00,0.0
2030-11-09 07:00:00,0.0
2030-11-09 07:15:00,41.21543584621759
2030-11-09 07:30:00,220.47043152625156
2030-11-09 07:45:00,309.5511791646568
2030-11-09 08:00:00,476.5555546684409
2030-11-09 08:15:00,559.5267517744396
2030-11-09 08:30:00,684.6849619537752
2030-11-09 08:45:00,570.8680399161076
2030-11-09 09:00:00,440.8255111813669
2030-11-09 09:15:00,641.1893508274625
2030-11-09 09:30:00,763.6658038944461
2030-11-09 09:45:00,870.5072921603478
2030-11-09 10:00:00,1064.3850801975877
2030-11-09 10:15:00,1169.4793568287314
2030-11-09 10:30:00,1224.6333438556394
2030-11-09 10:45:00,1292.4499491373426
2030-11-09 11:00:00,1389.60333252883
2030-11-09 11:15:00,1295.0821888772298
2030-11-09 11:30:00,1292.406935698904
2030-11-09 11:45:00,1264.957701736228
2030-11-09 12:00:00,1260.5826920343316
2030-11-09 12:15:00,1140.239020966068
2030-11-09 12:30:00,1086.524126222499
2030-11-09 12:45:00,1016.5750045520508
2030-11-09 13:00:00,1086.9502698066226
2030-11-09 13:15:00,878.7503738031846
2030-11-09 13:30:00,656.5645651272134
2030-11-09 13:45:00,559.8138040426857
2030-11-09 14:00:00,486.3145247567627
2030-11-09 14:15:00,369.6027607460601
2030-11-09 14:30:00,391.23843673186275
2030-11-09 14:45:00,220.97419827813792
2030-11-09 15:00:00,341.6930606504902
2030-11-09 15:15:00,223.0978721864285
2030-11-09 15:30:00,191.93352644156585
2030-11-09 15:45:00,71.85818010898038
2030-11-09 16:00:00,50.984394559091015
2030-11-09 16:15:00,68.03528889150039
2030-11-09 16:30:00,80.26505811521383
2030-11-09 16:45:00,58.502325158620806
2030-11-09 17:00:00,144.67840954435815
2030-11-09 17:15:00,245.70028653943154
2030-11-09 17:30:00,191.29149936708018
2030-11-09 17:45:00,0.0
2030-11-09 18:00:00,0.0
2030-11-09 18:15:00,0.0
2030-11-09 18:30:00,0.0
2030-11-09 18:45:00,0.0
2030-11-09 19:00:00,0.0
2030-11-09 19:15:00,0.0
2030-11-09 19:30:00,0.0
2030-11-09 19:45:00,0.0
2030-11-09 20:00:00,0.0
2030-11-09 20:15:00,0.0
2030-11-09 20:30:00,0.0
2030-11-09 20:45:00,0.0
2030-11-09 21:00:00,0.0
2030-11-09 21:15:00,0.0
2030-11-09 21:30:00,0.0
2030-11-09 21:45:00,0.0
2030-11-09 22:00:00,0.0
2030-11-09 22:15:00,0.0
2030-11-09 22:30:00,0.0
2030-11-09 22:45:00,0.0
2030-11-09 23:00:00,0.0
2030-11-09 23:15:00,0.0
2030-11-09 23:30:00,0.0
2030-11-09 23:45:00,0.0
2030-11-10 00:00:00,0.0
2030-11-10 00:15:00,0.0
2030-11-10 00:30:00,0.0
2030-11-10 00:45:00,0.0
2030-11-10 01:00:00,0.0
2030-11-10 01:15:00,0.0
2030-11-10 01:30:00,0.0
2030-11-10 01:45:00,0.0
2030-11-10 02:00:00,0.0
2030-11-10 02:15:00,0.0
2030-11-10 02:30:00,0.0
2030-11-10 02:45:00,0.0
2030-11-10 03:00:00,0.0
2030-11-10 03:15:00,0.0
2030-11-10 03:30:00,0.0
2030-11-10 03:45:00,0.0
2030-11-10 04:00:00,0.0
2030-11-10 04:15:00,0.0
2030-11-10 04:30:00,0.0
2030-11-10 04:45:00,0.0
2030-11-10 05:00:00,0.0
2030-11-10 05:15:00,0.0
2030-11-10 05:30:00,0.0
2030-11-10 05:45:00,0.0
2030-11-10 06:00:00,0.0
2030-11-10 06:15:00,0.0
2030-11-10 06:30:00,0.0
2030-11-10 06:45:00,0.0
2030-11-10 07:00:00,0.0
2030-11-10 07:15:00,0.0
2030-11-10 07:30:00,0.0
2030-11-10 07:45:00,0.0
2030-11-10 08:00:00,0.0
2030-11-10 08:15:00,0.0
2030-11-10 08:30:00,0.0
2030-11-10 08:45:00,80.79514894212116
2030-11-10 09:00:00,0.0
2030-11-10 09:15:00,76.09197702097299
2030-11-10 09:30:00,123.85093552892613
2030-11-10 09:45:00,110.34552879698094
2030-11-10 10:00:00,246.3811139773461
2030-11-10 10:15:00,278.12048323134877
2030-11-10 10:30:00,359.17076090869705
2030-11-10 10:45:00,511.47398254694417
2030-11-10 11:00:00,538.9701872107707
2030-11-10 11:15:00,635.1070647706492
2030-11-10 11:30:00,755.2481035317942
2030-11-10 11:45:00,685.0767449000432
2030-11-10 12:00:00,499.15375919908
2030-11-10 12:15:00,478.27749993206635
2030-11-10 12:30:00,572.3294580658749
2030-11-10 12:45:00,517.76386752908
2030-11-10 13:00:00,452.1475069401713
2030-11-10 13:15:00,310.05763097624003
2030-11-10 13:30:00,204.4016466292378
2030-11-10 13:45:00,72.0238203746867
2030-11-10 14:00:00,108.54675985297581
2030-11-10 14:15:00,33.865944797529664
2030-11-10 14:30:00,0.0
2030-11-10 14:45:00,0.0
2030-11-10 15:00:00,0.0
2030-11-10 15:15:00,0.0
2030-11-10 15:30:00,0.0
2030-11-10 15:45:00,0.0
2030-11-10 16:00:00,0.0
2030-11-10 16:15:00,0.0
2030-11-10 16:30:00,0.0
2030-11-10 16:45:00,0.0
2030-11-10 17:00:00,54.57127686034801
2030-11-10 17:15:00,100.05119703078162
2030-11-10 17:30:00,0.0
2030-11-10 17:45:00,0.0
2030-11-10 18:00:00,0.0
2030-11-10 18:15:00,0.0
2030-11-10 18:30:00,0.0
2030-11-10 18:45:00,0.0
2030-11-10 19:00:00,0.0
2030-11-10 19:15:00,0.0
2030-11-10 19:30:00,0.0
2030-11-10 19:45:00,0.0
2030-11-10 20:00:00,0.0
2030-11-10 20:15:00,0.0
2030-11-10 20:30:00,0.0
2030-11-10 20:45:00,0.0
2030-11-10 21:00:00,0.0
2030-11-10 21:15:00,0.0
2030-11-10 21:30:00,0.0
2030-11-10 21:45:00,0.0
2030-11-10 22:00:00,0.0
2030-11-10 22:15:00,0.0
2030-11-10 22:30:00,0.0
2030-11-10 22:45:00,0.0
2030-11-10 23:00:00,0.0
2030-11-10 23:15:00,0.0
2030-11-10 23:30:00,0.0
2030-11-10 23:45:00,0.0
2030-11-11 00:00:00,0.0
2030-11-11 00:15:00,0.0
2030-11-11 00:30:00,0.0
2030-11-11 00:45:00,0.0
2030-11-11 01:00:00,0.0
2030-11-11 01:15:00,0.0
2030-11-11 01:30:00,0.0
2030-11-11 01:45:00,0.0
2030-11-11 02:00:00,0.0
2030-11-11 02:15:00,0.0
2030-11-11 02:30:00,0.0
2030-11-11 02:45:00,0.0
2030-11-11 03:00:00,0.0
2030-11-11 03:15:00,0.0
2030-11-11 03:30:00,0.0
2030-11-11 03:45:00,0.0
2030-11-11 04:00:00,0.0
2030-11-11 04:15:00,0.0
2030-11-11 04:30:00,0.0
2030-11-11 04:45:00,0.0
2030-11-11 05:00:00,0.0
2030-11-11 05:15:00,0.0
2030-11-11 05:30:00,0.0
2030-11-11 05:45:00,0.0
2030-11-11 06:00:00,0.0
2030-11-11 06:15:00,0.0
2030-11-11 06:30:00,0.0
2030-11-11 06:45:00,0.0
2030-11-11 07:00:00,0.0
2030-11-11 07:15:00,0.0
2030-11-11 07:30:00,0.0
2030-11-11 07:45:00,0.0
2030-11-11 08:00:00,0.0
2030-11-11 08:15:00,0.0
2030-11-11 08:30:00,0.0
2030-11-11 08:45:00,0.0
2030-11-11 09:00:00,0.0
2030-11-11 09:15:00,0.0
2030-11-11 09:30:00,0.0
2030-11-11 09:45:00,0.0
2030-11-11 10:00:00,0.0
2030-11-11 10:15:00,0.0
2030-11-11 10:30:00,0.0
2030-11-11 10:45:00,0.0
2030-11-11 11:00:00,0.0
2030-11-11 11:15:00,0.0
2030-11-11 11:30:00,0.0
2030-11-11 11:45:00,0.0
2030-11-11 12:00:00,0.0
2030-11-11 12:15:00,0.0
2030-11-11 12:30:00,0.0
2030-11-11 12:45:00,0.0
2030-11-11 13:00:00,0.0
2030-11-11 13:15:00,0.0
2030-11-11 13:30:00,0.0
2030-11-11 13:45:00,0.0
2030-11-11 14:00:00,0.0
2030-11-11 14:15:00,0.0
2030-11-11 14:30:00,0.0
2030-11-11 14:45:00,0.0
2030-11-11 15:00:00,0.0
2030-11-11 15:15:00,0.0
2030-11-11 15:30:00,0.0
2030-11-11 15:45:00,0.0
2030-11-11 16:00:00,0.0
2030-11-11 16:15:00,0.0
2030-11-11 16:30:00,0.0
2030-11-11 16:45:00,0.0
2030-11-11 17:00:00,0.0
2030-11-11 17:15:00,0.0
2030-11-11 17:30:00,0.0
2030-11-11 17:45:00,0.0
2030-11-11 18:00:00,0.0
2030-11-11 18:15:00,0.0
2030-11-11 18:30:00,0.0
2030-11-11 18:45:00,0.0
2030-11-11 19:00:00,0.0
2030-11-11 19:15:00,0.0
2030-11-11 19:30:00,0.0
2030-11-11 19:45:00,0.0
2030-11-11 20:00:00,0.0
2030-11-11 20:15:00,0.0
2030-11-11 20:30:00,0.0
2030-11-11 20:45:00,0.0
2030-11-11 21:00:00,0.0
2030-11-11 21:15:00,0.0
2030-11-11 21:30:00,0.0
2030-11-11 21:45:00,0.0
2030-11-11 22:00:00,0.0
2030-11-11 22:15:00,0.0
2030-11-11 22:30:00,0.0
2030-11-11 22:45:00,0.0
2030-11-11 23:00:00,0.0
2030-11-11 23:15:00,0.0
2030-11-11 23:30:00,0.0
2030-11-11 23:45:00,0.0
2030-11-12 00:00:00,0.0
2030-11-12 00:15:00,0.0
2030-11-12 00:30:00,0.0
2030-11-12 00:45:00,0.0
2030-11-12 01:00:00,0.0
2030-11-12 01:15:00,0.0
2030-11-12 01:30:00,0.0
2030-11-12 01:45:00,0.0
2030-11-12 02:00:00,0.0
2030-11-12 02:15:00,0.0
2030-11-12 02:30:00,0.0
2030-11-12 02:45:00,0.0
2030-11-12 03:00:00,0.0
2030-11-12 03:15:00,0.0
2030-11-12 03:30:00,0.0
2030-11-12 03:45:00,0.0
2030-11-12 04:00:00,0.0
2030-11-12 04:15:00,0.0
2030-11-12 04:30:00,0.0
2030-11-12 04:45:00,0.0
2030-11-12 05:00:00,0.0
2030-11-12 05:15:00,0.0
2030-11-12 05:30:00,0.0
2030-11-12 05:45:00,0.0
2030-11-12 06:00:00,0.0
2030-11-12 06:15:00,0.0
2030-11-12 06:30:00,0.0
2030-11-12 06:45:00,0.0
2030-11-12 07:00:00,0.0
2030-11-12 07:15:00,0.0
2030-11-12 07:30:00,0.0
2030-11-12 07:45:00,0.0
2030-11-12 08:00:00,0.0
2030-11-12 08:15:00,0.0
2030-11-12 08:30:00,0.0
2030-11-12 08:45:00,0.0
2030-11-12 09:00:00,0.0
2030-11-12 09:15:00,0.0
2030-11-12 09:30:00,0.0
2030-11-12 09:45:00,0.0
2030-11-12 10:00:00,0.0
2030-11-12 10:15:00,0.0
2030-11-12 10:30:00,0.0
2030-11-12 10:45:00,0.0
2030-11-12 11:00:00,0.0
2030-11-12 11:15:00,0.0
2030-11-12 11:30:00,0.0
2030-11-12 11:45:00,0.0
2030-11-12 12:00:00,0.0
2030-11-12 12:15:00,0.0
2030-11-12 12:30:00,0.0
2030-11-12 12:45:00,0.0
2030-11-12 13:00:00,0.0
2030-11-12 13:15:00,0.0
2030-11-12 13:30:00,0.0
2030-11-12 13:45:00,0.0
2030-11-12 14:00:00,0.0
2030-11-12 14:15:00,0.0
2030-11-12 14:30:00,0.0
2030-11-12 14:45:00,0.0
2030-11-12 15:00:00,0.0
2030-11-12 15:15:00,0.0
2030-11-12 15:30:00,0.0
2030-11-12 15:45:00,0.0
2030-11-12 16:00:00,0.0
2030-11-12 16:15:00,0.0
2030-11-12 16:30:00,0.0
2030-11-12 16:45:00,0.0
2030-11-12 17:00:00,0.0
2030-11-12 17:15:00,0.0
2030-11-12 17:30:00,0.0
2030-11-12 17:45:00,0.0
2030-11-12 18:00:00,0.0
2030-11-12 18:15:00,0.0
2030-11-12 18:30:00,0.0
2030-11-12 18:45:00,0.0
2030-11-12 19:00:00,0.0
2030-11-12 19:15:00,0.0
2030-11-12 19:30:00,0.0
2030-11-12 19:45:00,0.0
2030-11-12 20:00:00,0.0
2030-11-12 20:15:00,0.0
2030-11-12 20:30:00,0.0
2030-11-12 20:45:00,0.0
2030-11-12 21:00:00,0.0
2030-11-12 21:15:00,0.0
2030-11-12 21:30:00,0.0
2030-11-12 21:45:00,0.0
2030-11-12 22:00:00,0.0
2030-11-12 22:15:00,0.0
2030-11-12 22:30:00,0.0
2030-11-12 22:45:00,0.0
2030-11-12 23:00:00,0.0
2030-11-12 23:15:00,0.0
2030-11-12 23:30:00,0.0
2030-11-12 23:45:00,0.0
2030-11-13 00:00:00,0.0
2030-11-13 00:15:00,0.0
2030-11-13 00:30:00,0.0
2030-11-13 00:45:00,0.0
2030-11-13 01:00:00,0.0
2030-11-13 01:15:00,0.0
2030-11-13 01:30:00,0.0
2030-11-13 01:45:00,0.0
2030-11-13 02:00:00,0.0
2030-11-13 02:15:00,0.0
2030-11-13 02:30:00,0.0
2030-11-13 02:45:00,0.0
2030-11-13 03:00:00,0.0
2030-11-13 03:15:00,0.0
2030-11-13 03:30:00,0.0
2030-11-13 03:45:00,0.0
2030-11-13 04:00:00,0.0
2030-11-13 04:15:00,0.0
2030-11-13 04:30:00,0.0
2030-11-13 04:45:00,0.0
2030-11-13 05:00:00,0.0
2030-11-13 05:15:00,0.0
2030-11-13 05:30:00,0.0
2030-11-13 05:45:00,0.0
2030-11-13 06:00:00,0.0
2030-11-13 06:15:00,0.0
2030-11-13 06:30:00,0.0
2030-11-13 06:45:00,0.0
2030-11-13 07:00:00,0.0
2030-11-13 07:15:00,0.0
2030-11-13 07:30:00,0.0
2030-11-13 07:45:00,0.0
2030-11-13 08:00:00,0.0
2030-11-13 08:15:00,0.0
2030-11-13 08:30:00,0.0
2030-11-13 08:45:00,0.0
2030-11-13 09:00:00,0.0
2030-11-13 09:15:00,0.0
2030-11-13 09:30:00,0.0
2030-11-13 09:45:00,0.0
2030-11-13 10:00:00,0.0
2030-11-13 10:15:00,0.0
2030-11-13 10:30:00,0.0
2030-11-13 10:45:00,90.72262005908851
2030-11-13 11:00:00,243.78496365337196
2030-11-13 11:15:00,290.3846313825434
2030-11-13 11:30:00,371.3019039054707
2030-11-13 11:45:00,446.6539485742105
2030-11-13 12:00:00,253.34947982250196
2030-11-13 12:15:00,360.3290955462471
2030-11-13 12:30:00,461.8325905446709
2030-11-13 12:45:00,546.7727744929998
2030-11-13 13:00:00,576.5251730183099
2030-11-13 13:15:00,584.4606619046845
2030-11-13 13:30:00,561.5409571996497
2030-11-13 13:45:00,439.9253170158263
2030-11-13 14:00:00,471.87709191334216
2030-11-13 14:15:00,616.3255902380079
2030-11-13 14:30:00,707.3031995818983
2030-11-13 14:45:00,751.6371403819448
2030-11-13 15:00:00,532.368804914322
2030-11-13 15:15:00,529.1940296758403
2030-11-13 15:30:00,568.2750950429909
2030-11-13 15:45:00,599.8035122057463
2030-11-13 16:00:00,438.4411398544089
2030-11-13 16:15:00,428.5753843255734
2030-11-13 16:30:00,511.9642808919234
2030-11-13 16:45:00,490.66574398551893
2030-11-13 17:00:00,539.4493090844844
2030-11-13 17:15:00,590.0674217601263
2030-11-13 17:30:00,499.6558047188355
2030-11-13 17:45:00,540.7969262871302
2030-11-13 18:00:00,255.95813510540393
2030-11-13 18:15:00,41.62593579819077
2030-11-13 18:30:00,0.0
2030-11-13 18:45:00,0.0
2030-11-13 19:00:00,0.0
2030-11-13 19:15:00,0.0
2030-11-13 19:30:00,0.0
2030-11-13 19:45:00,0.0
2030-11-13 20:00:00,0.0
2030-11-13 20:15:00,0.0
2030-11-13 20:30:00,0.0
2030-11-13 20:45:00,0.0
2030-11-13 21:00:00,0.0
2030-11-13 21:15:00,0.0
2030-11-13 21:30:00,0.0
2030-11-13 21:45:00,0.0
2030-11-13 22:00:00,0.0
2030-11-13 22:15:00,0.0
2030-11-13 22:30:00,0.0
2030-11-13 22:45:00,0.0
2030-11-13 23:00:00,0.0
2030-11-13 23:15:00,0.0
2030-11-13 23:30:00,0.0
2030-11-13 23:45:00,0.0
2030-11-14 00:00:00,0.0
2030-11-14 00:15:00,0.0
2030-11-14 00:30:00,0.0
2030-11-14 00:45:00,0.0
2030-11-14 01:00:00,0.0
2030-11-14 01:15:00,0.0
2030-11-14 01:30:00,0.0
2030-11-14 01:45:00,0.0
2030-11-14 02:00:00,0.0
2030-11-14 02:15:00,0.0
2030-11-14 02:30:00,0.0
2030-11-14 02:45:00,0.0
2030-11-14 03:00:00,0.0
2030-11-14 03:15:00,0.0
2030-11-14 03:30:00,0.0
2030-11-14 03:45:00,0.0
2030-11-14 04:00:00,0.0
2030-11-14 04:15:00,0.0
2030-11-14 04:30:00,0.0
2030-11-14 04:45:00,0.0
2030-11-14 05:00:00,0.0
2030-11-14 05:15:00,0.0
2030-11-14 05:30:00,0.0
2030-11-14 05:45:00,0.0
2030-11-14 06:00:00,0.0
2030-11-14 06:15:00,0.0
2030-11-14 06:30:00,0.0
2030-11-14 06:45:00,0.0
2030-11-14 07:00:00,0.0
2030-11-14 07:15:00,0.0
2030-11-14 07:30:00,0.0
2030-11-14 07:45:00,0.0
2030-11-14 08:00:00,0.0
2030-11-14 08:15:00,0.0
2030-11-14 08:30:00,0.0
2030-11-14 08:45:00,0.0
2030-11-14 09:00:00,0.0
2030-11-14 09:15:00,0.0
2030-11-14 09:30:00,0.0
2030-11-14 09:45:00,0.0
2030-11-14 10:00:00,0.0
2030-11-14 10:15:00,0.0
2030-11-14 10:30:00,0.0
2030-11-14 10:45:00,0.0
2030-11-14 11:00:00,0.0
2030-11-14 11:15:00,0.0
2030-11-14 11:30:00,38.250248926253335
2030-11-14 11:45:00,8.163757834308853
2030-11-14 12:00:00,0.0
2030-11-14 12:15:00,0.0
2030-11-14 12:30:00,0.0
2030-11-14 12:45:00,0.0
2030-11-14 13:00:00,0.0
2030-11-14 13:15:00,0.0
2030-11-14 13:30:00,0.0
2030-11-14 13:45:00,0.0
2030-11-14 14:00:00,0.0
2030-11-14 14:15:00,0.0
2030-11-14 14:30:00,0.0
2030-11-14 14:45:00,0.0
2030-11-14 15:00:00,0.0
2030-11-14 15:15:00,0.0
2030-11-14 15:30:00,0.0
2030-11-14 15:45:00,0.0
2030-11-14 16:00:00,0.0
2030-11-14 16:15:00,0.0
2030-11-14 16:30:00,0.0
2030-11-14 16:45:00,0.0
2030-11-14 17:00:00,0.0
2030-11-14 17:15:00,0.0
2030-11-14 17:30:00,0.0
2030-11-14 17:45:00,0.0
2030-11-14 18:00:00,0.0
2030-11-14 18:15:00,0.0
2030-11-14 18:30:00,0.0
2030-11-14 18:45:00,0.0
2030-11-14 19:00:00,0.0
2030-11-14 19:15:00,0.0
2030-11-14 19:30:00,0.0
2030-11-14 19:45:00,0.0
2030-11-14 20:00:00,0.0
2030-11-14 20:15:00,0.0
2030-11-14 20:30:00,0.0
2030-11-14 20:45:00,0.0
2030-11-14 21:00:00,0.0
2030-11-14 21:15:00,0.0
2030-11-14 21:30:00,0.0
2030-11-14 21:45:00,0.0
2030-11-14 22:00:00,0.0
2030-11-14 22:15:00,0.0
2030-11-14 22:30:00,0.0
2030-11-14 22:45:00,0.0
2030-11-14 23:00:00,0.0
2030-11-14 23:15:00,0.0
2030-11-14 23:30:00,0.0
2030-11-14 23:45:00,0.0
2030-11-15 00:00:00,0.0
2030-11-15 00:15:00,0.0
2030-11-15 00:30:00,0.0
2030-11-15 00:45:00,0.0
2030-11-15 01:00:00,0.0
2030-11-15 01:15:00,0.0
2030-11-15 01:30:00,0.0
2030-11-15 01:45:00,0.0
2030-11-15 02:00:00,0.0
2030-11-15 02:15:00,0.0
2030-11-15 02:30:00,0.0
2030-11-15 02:45:00,0.0
2030-11-15 03:00:00,0.0
2030-11-15 03:15:00,0.0
2030-11-15 03:30:00,0.0
2030-11-15 03:45:00,0.0
2030-11-15 04:00:00,0.0
2030-11-15 04:15:00,0.0
2030-11-15 04:30:00,0.0
2030-11-15 04:45:00,0.0
2030-11-15 05:00:00,0.0
2030-11-15 05:15:00,0.0
2030-11-15 05:30:00,0.0
2030-11-15 05:45:00,0.0
2030-11-15 06:00:00,0.0
2030-11-15 06:15:00,0.0
2030-11-15 06:30:00,0.0
2030-11-15 06:45:00,0.0
2030-11-15 07:00:00,0.0
2030-11-15 07:15:00,0.0
2030-11-15 07:30:00,0.0
2030-11-15 07:45:00,0.0
2030-11-15 08:00:00,0.0
2030-11-15 08:15:00,0.0
2030-11-15 08:30:00,0.0
2030-11-15 08:45:00,0.0
2030-11-15 09:00:00,0.0
2030-11-15 09:15:00,0.0
2030-11-15 09:30:00,0.0
2030-11-15 09:45:00,0.0
2030-11-15 10:00:00,0.0
2030-11-15 10:15:00,0.0
2030-11-15 10:30:00,0.0
2030-11-15 10:45:00,0.0
2030-11-15 11:00:00,0.0
2030-11-15 11:15:00,0.0
2030-11-15 11:30:00,0.0
2030-11-15 11:45:00,0.0
2030-11-15 12:00:00,0.0
2030-11-15 12:15:00,0.0
2030-11-15 12:30:00,0.0
2030-11-15 12:45:00,0.0
2030-11-15 13:00:00,0.0
2030-11-15 13:15:00,0.0
2030-11-15 13:30:00,0.0
2030-11-15 13:45:00,0.0
2030-11-15 14:00:00,0.0
2030-11-15 14:15:00,0.0
2030-11-15 14:30:00,0.0
2030-11-15 14:45:00,0.0
2030-11-15 15:00:00,0.0
2030-11-15 15:15:00,0.0
2030-11-15 15:30:00,0.0
2030-11-15 15:45:00,0.0
2030-11-15 16:00:00,0.0
2030-11-15 16:15:00,0.0
2030-11-15 16:30:00,0.0
2030-11-15 16:45:00,0.0
2030-11-15 17:00:00,0.0
2030-11-15 17:15:00,0.0
2030-11-15 17:30:00,0.0
2030-11-15 17:45:00,0.0
2030-11-15 18:00:00,0.0
2030-11-15 18:15:00,0.0
2030-11-15 18:30:00,0.0
2030-11-15 18:45:00,0.0
2030-11-15 19:00:00,0.0
2030-11-15 19:15:00,0.0
2030-11-15 19:30:00,0.0
2030-11-15 19:45:00,0.0
2030-11-15 20:00:00,0.0
2030-11-15 20:15:00,0.0
2030-11-15 20:30:00,0.0
2030-11-15 20:45:00,0.0
2030-11-15 21:00:00,0.0
2030-11-15 21:15:00,0.0
2030-11-15 21:30:00,0.0
2030-11-15 21:45:00,0.0
2030-11-15 22:00:00,0.0
2030-11-15 22:15:00,0.0
2030-11-15 22:30:00,0.0
2030-11-15 22:45:00,0.0
2030-11-15 23:00:00,0.0
2030-11-15 23:15:00,0.0
2030-11-15 23:30:00,0.0
2030-11-15 23:45:00,0.0
2030-11-16 00:00:00,0.0
2030-11-16 00:15:00,0.0
2030-11-16 00:30:00,0.0
2030-11-16 00:45:00,0.0
2030-11-16 01:00:00,0.0
2030-11-16 01:15:00,0.0
2030-11-16 01:30:00,0.0
2030-11-16 01:45:00,0.0
2030-11-16 02:00:00,0.0
2030-11-16 02:15:00,0.0
2030-11-16 02:30:00,0.0
2030-11-16 02:45:00,0.0
2030-11-16 03:00:00,0.0
2030-11-16 03:15:00,0.0
2030-11-16 03:30:00,0.0
2030-11-16 03:45:00,0.0
2030-11-16 04:00:00,0.0
2030-11-16 04:15:00,0.0
2030-11-16 04:30:00,0.0
2030-11-16 04:45:00,0.0
2030-11-16 05:00:00,0.0
2030-11-16 05:15:00,0.0
2030-11-16 05:30:00,0.0
2030-11-16 05:45:00,0.0
2030-11-16 06:00:00,0.0
2030-11-16 06:15:00,0.0
2030-11-16 06:30:00,0.0
2030-11-16 06:45:00,0.0
2030-11-16 07:00:00,0.0
2030-11-16 07:15:00,0.0
2030-11-16 07:30:00,0.0
2030-11-16 07:45:00,0.0
2030-11-16 08:00:00,0.0
2030-11-16 08:15:00,0.0
2030-11-16 08:30:00,0.0
2030-11-16 08:45:00,0.0
2030-11-16 09:00:00,0.0
2030-11-16 09:15:00,0.0
2030-11-16 09:30:00,0.0
2030-11-16 09:45:00,0.0
2030-11-16 10:00:00,0.0
2030-11-16 10:15:00,0.0
2030-11-16 10:30:00,0.0
2030-11-16 10:45:00,0.0
2030-11-16 11:00:00,0.0
2030-11-16 11:15:00,0.0
2030-11-16 11:30:00,0.0
2030-11-16 11:45:00,0.0
2030-11-16 12:00:00,0.0
2030-11-16 12:15:00,0.0
2030-11-16 12:30:00,0.0
2030-11-16 12:45:00,0.0
2030-11-16 13:00:00,0.0
2030-11-16 13:15:00,0.0
2030-11-16 13:30:00,0.0
2030-11-16 13:45:00,0.0
2030-11-16 14:00:00,0.0
2030-11-16 14:15:00,0.0
2030-11-16 14:30:00,0.0
2030-11-16 14:45:00,0.0
2030-11-16 15:00:00,0.0
2030-11-16 15:15:00,0.0
2030-11-16 15:30:00,0.0
2030-11-16 15:45:00,0.0
2030-11-16 16:00:00,0.0
2030-11-16 16:15:00,0.0
2030-11-16 16:30:00,0.0
2030-11-16 16:45:00,0.0
2030-11-16 17:00:00,0.0
2030-11-16 17:15:00,0.0
2030-11-16 17:30:00,0.0
2030-11-16 17:45:00,0.0
2030-11-16 18:00:00,0.0
2030-11-16 18:15:00,0.0
2030-11-16 18:30:00,0.0
2030-11-16 18:45:00,0.0
2030-11-16 19:00:00,0.0
2030-11-16 19:15:00,0.0
2030-11-16 19:30:00,0.0
2030-11-16 19:45:00,0.0
2030-11-16 20:00:00,0.0
2030-11-16 20:15:00,0.0
2030-11-16 20:30:00,0.0
2030-11-16 20:45:00,0.0
2030-11-16 21:00:00,0.0
2030-11-16 21:15:00,0.0
2030-11-16 21:30:00,0.0
2030-11-16 21:45:00,0.0
2030-11-16 22:00:00,0.0
2030-11-16 22:15:00,0.0
2030-11-16 22:30:00,0.0
2030-11-16 22:45:00,0.0
2030-11-16 23:00:00,0.0
2030-11-16 23:15:00,0.0
2030-11-16 23:30:00,0.0
2030-11-16 23:45:00,0.0
2030-11-17 00:00:00,0.0
2030-11-17 00:15:00,0.0
2030-11-17 00:30:00,0.0
2030-11-17 00:45:00,0.0
2030-11-17 01:00:00,0.0
2030-11-17 01:15:00,0.0
2030-11-17 01:30:00,0.0
2030-11-17 01:45:00,0.0
2030-11-17 02:00:00,0.0
2030-11-17 02:15:00,0.0
2030-11-17 02:30:00,0.0
2030-11-17 02:45:00,0.0
2030-11-17 03:00:00,0.0
2030-11-17 03:15:00,0.0
2030-11-17 03:30:00,0.0
2030-11-17 03:45:00,0.0
2030-11-17 04:00:00,0.0
2030-11-17 04:15:00,0.0
2030-11-17 04:30:00,0.0
2030-11-17 04:45:00,0.0
2030-11-17 05:00:00,0.0
2030-11-17 05:15:00,0.0
2030-11-17 05:30:00,0.0
2030-11-17 05:45:00,0.0
2030-11-17 06:00:00,0.0
2030-11-17 06:15:00,0.0
2030-11-17 06:30:00,0.0
2030-11-17 06:45:00,0.0
2030-11-17 07:00:00,0.0
2030-11-17 07:15:00,0.0
2030-11-17 07:30:00,0.0
2030-11-17 07:45:00,0.0
2030-11-17 08:00:00,0.0
2030-11-17 08:15:00,0.0
2030-11-17 08:30:00,0.0
2030-11-17 08:45:00,0.0
2030-11-17 09:00:00,0.0
2030-11-17 09:15:00,0.0
2030-11-17 09:30:00,0.0
2030-11-17 09:45:00,0.0
2030-11-17 10:00:00,0.0
2030-11-17 10:15:00,0.0
2030-11-17 10:30:00,0.0
2030-11-17 10:45:00,0.0
2030-11-17 11:00:00,0.0
2030-11-17 11:15:00,0.0
2030-11-17 11:30:00,0.0
2030-11-17 11:45:00,0.0
2030-11-17 12:00:00,0.0
2030-11-17 12:15:00,0.0
2030-11-17 12:30:00,0.0
2030-11-17 12:45:00,0.0
2030-11-17 13:00:00,0.0
2030-11-17 13:15:00,0.0
2030-11-17 13:30:00,0.0
2030-11-17 13:45:00,0.0
2030-11-17 14:00:00,0.0
2030-11-17 14:15:00,0.0
2030-11-17 14:30:00,0.0
2030-11-17 14:45:00,0.0
2030-11-17 15:00:00,0.0
2030-11-17 15:15:00,0.0
2030-11-17 15:30:00,0.0
2030-11-17 15:45:00,0.0
2030-11-17 16:00:00,0.0
2030-11-17 16:15:00,0.0
2030-11-17 16:30:00,0.0
2030-11-17 16:45:00,0.0
2030-11-17 17:00:00,0.0
2030-11-17 17:15:00,0.0
2030-11-17 17:30:00,0.0
2030-11-17 17:45:00,0.0
2030-11-17 18:00:00,0.0
2030-11-17 18:15:00,0.0
2030-11-17 18:30:00,0.0
2030-11-17 18:45:00,0.0
2030-11-17 19:00:00,0.0
2030-11-17 19:15:00,0.0
2030-11-17 19:30:00,0.0
2030-11-17 19:45:00,0.0
2030-11-17 20:00:00,0.0
2030-11-17 20:15:00,0.0
2030-11-17 20:30:00,0.0
2030-11-17 20:45:00,0.0
2030-11-17 21:00:00,0.0
2030-11-17 21:15:00,0.0
2030-11-17 21:30:00,0.0
2030-11-17 21:45:00,0.0
2030-11-17 22:00:00,0.0
2030-11-17 22:15:00,0.0
2030-11-17 22:30:00,0.0
2030-11-17 22:45:00,0.0
2030-11-17 23:00:00,0.0
2030-11-17 23:15:00,0.0
2030-11-17 23:30:00,0.0
2030-11-17 23:45:00,0.0
2030-11-18 00:00:00,0.0
2030-11-18 00:15:00,0.0
2030-11-18 00:30:00,0.0
2030-11-18 00:45:00,0.0
2030-11-18 01:00:00,0.0
2030-11-18 01:15:00,0.0
2030-11-18 01:30:00,0.0
2030-11-18 01:45:00,0.0
2030-11-18 02:00:00,0.0
2030-11-18 02:15:00,0.0
2030-11-18 02:30:00,0.0
2030-11-18 02:45:00,0.0
2030-11-18 03:00:00,0.0
2030-11-18 03:15:00,0.0
2030-11-18 03:30:00,0.0
2030-11-18 03:45:00,0.0
2030-11-18 04:00:00,0.0
2030-11-18 04:15:00,0.0
2030-11-18 04:30:00,0.0
2030-11-18 04:45:00,0.0
2030-11-18 05:00:00,0.0
2030-11-18 05:15:00,0.0
2030-11-18 05:30:00,0.0
2030-11-18 05:45:00,0.0
2030-11-18 06:00:00,0.0
2030-11-18 06:15:00,0.0
2030-11-18 06:30:00,0.0
2030-11-18 06:45:00,0.0
2030-11-18 07:00:00,0.0
2030-11-18 07:15:00,0.0
2030-11-18 07:30:00,0.0
2030-11-18 07:45:00,0.0
2030-11-18 08:00:00,0.0
2030-11-18 08:15:00,0.0
2030-11-18 08:30:00,0.0
2030-11-18 08:45:00,0.0
2030-11-18 09:00:00,0.0
2030-11-18 09:15:00,0.0
2030-11-18 09:30:00,0.0
2030-11-18 09:45:00,0.0
2030-11-18 10:00:00,0.0
2030-11-18 10:15:00,0.0
2030-11-18 10:30:00,0.0
2030-11-18 10:45:00,0.0
2030-11-18 11:00:00,0.0
2030-11-18 11:15:00,0.0
2030-11-18 11:30:00,0.0
2030-11-18 11:45:00,0.0
2030-11-18 12:00:00,0.0
2030-11-18 12:15:00,0.0
2030-11-18 12:30:00,1499.181935166118
2030-11-18 12:45:00,0.0
2030-11-18 13:00:00,0.0
2030-11-18 13:15:00,0.0
2030-11-18 13:30:00,0.0
2030-11-18 13:45:00,0.0
2030-11-18 14:00:00,0.0
2030-11-18 14:15:00,0.0
2030-11-18 14:30:00,0.0
2030-11-18 14:45:00,0.0
2030-11-18 15:00:00,0.0
2030-11-18 15:15:00,0.0
2030-11-18 15:30:00,0.0
2030-11-18 15:45:00,0.0
2030-11-18 16:00:00,0.0
2030-11-18 16:15:00,0.0
2030-11-18 16:30:00,0.0
2030-11-18 16:45:00,0.0
2030-11-18 17:00:00,0.0
2030-11-18 17:15:00,0.0
2030-11-18 17:30:00,0.0
2030-11-18 17:45:00,0.0
2030-11-18 18:00:00,0.0
2030-11-18 18:15:00,0.0
2030-11-18 18:30:00,0.0
2030-11-18 18:45:00,0.0
2030-11-18 19:00:00,0.0
2030-11-18 19:15:00,0.0
2030-11-18 19:30:00,0.0
2030-11-18 19:45:00,0.0
2030-11-18 20:00:00,0.0
2030-11-18 20:15:00,0.0
2030-11-18 20:30:00,0.0
2030-11-18 20:45:00,0.0
2030-11-18 21:00:00,0.0
2030-11-18 21:15:00,0.0
2030-11-18 21:30:00,0.0
2030-11-18 21:45:00,0.0
2030-11-18 22:00:00,0.0
2030-11-18 22:15:00,0.0
2030-11-18 22:30:00,0.0
2030-11-18 22:45:00,0.0
2030-11-18 23:00:00,0.0
2030-11-18 23:15:00,0.0
2030-11-18 23:30:00,0.0
2030-11-18 23:45:00,0.0
2030-11-19 00:00:00,0.0
2030-11-19 00:15:00,0.0
2030-11-19 00:30:00,0.0
2030-11-19 00:45:00,0.0
2030-11-19 01:00:00,0.0
2030-11-19 01:15:00,0.0
2030-11-19 01:30:00,0.0
2030-11-19 01:45:00,0.0
2030-11-19 02:00:00,0.0
2030-11-19 02:15:00,0.0
2030-11-19 02:30:00,0.0
2030-11-19 02:45:00,0.0
2030-11-19 03:00:00,0.0
2030-11-19 03:15:00,0.0
2030-11-19 03:30:00,0.0
2030-11-19 03:45:00,0.0
2030-11-19 04:00:00,0.0
2030-11-19 04:15:00,0.0
2030-11-19 04:30:00,0.0
2030-11-19 04:45:00,0.0
2030-11-19 05:00:00,0.0
2030-11-19 05:15:00,0.0
2030-11-19 05:30:00,0.0
2030-11-19 05:45:00,0.0
2030-11-19 06:00:00,0.0
2030-11-19 06:15:00,0.0
2030-11-19 06:30:00,0.0
2030-11-19 06:45:00,0.0
2030-11-19 07:00:00,0.0
2030-11-19 07:15:00,0.0
2030-11-19 07:30:00,0.0
2030-11-19 07:45:00,0.0
2030-11-19 08:00:00,0.0
2030-11-19 08:15:00,0.0
2030-11-19 08:30:00,0.0
2030-11-19 08:45:00,0.0
2030-11-19 09:00:00,0.0
2030-11-19 09:15:00,0.0
2030-11-19 09:30:00,0.0
2030-11-19 09:45:00,0.0
2030-11-19 10:00:00,0.0
2030-11-19 10:15:00,0.0
2030-11-19 10:30:00,0.0
2030-11-19 10:45:00,0.0
2030-11-19 11:00:00,0.0
2030-11-19 11:15:00,0.0
2030-11-19 11:30:00,0.0
2030-11-19 11:45:00,0.0
2030-11-19 12:00:00,0.0
2030-11-19 12:15:00,0.0
2030-11-19 12:30:00,0.0
2030-11-19 12:45:00,0.0
2030-11-19 13:00:00,0.0
2030-11-19 13:15:00,0.0
2030-11-19 13:30:00,0.0
2030-11-19 13:45:00,0.0
2030-11-19 14:00:00,0.0
2030-11-19 14:15:00,0.0
2030-11-19 14:30:00,0.0
2030-11-19 14:45:00,0.0
2030-11-19 15:00:00,0.0
2030-11-19 15:15:00,0.0
2030-11-19 15:30:00,0.0
2030-11-19 15:45:00,0.0
2030-11-19 16:00:00,0.0
2030-11-19 16:15:00,0.0
2030-11-19 16:30:00,0.0
2030-11-19 16:45:00,0.0
2030-11-19 17:00:00,0.0
2030-11-19 17:15:00,0.0
2030-11-19 17:30:00,0.0
2030-11-19 17:45:00,0.0
2030-11-19 18:00:00,0.0
2030-11-19 18:15:00,0.0
2030-11-19 18:30:00,0.0
2030-11-19 18:45:00,0.0
2030-11-19 19:00:00,0.0
2030-11-19 19:15:00,0.0
2030-11-19 19:30:00,0.0
2030-11-19 19:45:00,0.0
2030-11-19 20:00:00,0.0
2030-11-19 20:15:00,0.0
2030-11-19 20:30:00,0.0
2030-11-19 20:45:00,0.0
2030-11-19 21:00:00,0.0
2030-11-19 21:15:00,0.0
2030-11-19 21:30:00,0.0
2030-11-19 21:45:00,0.0
2030-11-19 22:00:00,0.0
2030-11-19 22:15:00,0.0
2030-11-19 22:30:00,0.0
2030-11-19 22:45:00,0.0
2030-11-19 23:00:00,0.0
2030-11-19 23:15:00,0.0
2030-11-19 23:30:00,0.0
2030-11-19 23:45:00,0.0
2030-11-20 00:00:00,0.0
2030-11-20 00:15:00,0.0
2030-11-20 00:30:00,0.0
2030-11-20 00:45:00,0.0
2030-11-20 01:00:00,0.0
2030-11-20 01:15:00,0.0
2030-11-20 01:30:00,0.0
2030-11-20 01:45:00,0.0
2030-11-20 02:00:00,0.0
2030-11-20 02:15:00,0.0
2030-11-20 02:30:00,0.0
2030-11-20 02:45:00,0.0
2030-11-20 03:00:00,0.0
2030-11-20 03:15:00,0.0
2030-11-20 03:30:00,0.0
2030-11-20 03:45:00,0.0
2030-11-20 04:00:00,0.0
2030-11-20 04:15:00,0.0
2030-11-20 04:30:00,0.0
2030-11-20 04:45:00,0.0
2030-11-20 05:00:00,0.0
2030-11-20 05:15:00,0.0
2030-11-20 05:30:00,0.0
2030-11-20 05:45:00,0.0
2030-11-20 06:00:00,0.0
2030-11-20 06:15:00,0.0
2030-11-20 06:30:00,0.0
2030-11-20 06:45:00,0.0
2030-11-20 07:00:00,0.0
2030-11-20 07:15:00,0.0
2030-11-20 07:30:00,0.0
2030-11-20 07:45:00,0.0
2030-11-20 08:00:00,0.0
2030-11-20 08:15:00,0.0
2030-11-20 08:30:00,0.0
2030-11-20 08:45:00,0.0
2030-11-20 09:00:00,0.0
2030-11-20 09:15:00,0.0
2030-11-20 09:30:00,0.0
2030-11-20 09:45:00,0.0
2030-11-20 10:00:00,0.0
2030-11-20 10:15:00,0.0
2030-11-20 10:30:00,0.0
2030-11-20 10:45:00,0.0
2030-11-20 11:00:00,0.0
2030-11-20 11:15:00,0.0
2030-11-20 11:30:00,0.0
2030-11-20 11:45:00,0.0
2030-11-20 12:00:00,0.0
2030-11-20 12:15:00,0.0
2030-11-20 12:30:00,0.0
2030-11-20 12:45:00,0.0
2030-11-20 13:00:00,0.0
2030-11-20 13:15:00,0.0
2030-11-20 13:30:00,0.0
2030-11-20 13:45:00,0.0
2030-11-20 14:00:00,0.0
2030-11-20 14:15:00,0.0
2030-11-20 14:30:00,0.0
2030-11-20 14:45:00,0.0
2030-11-20 15:00:00,0.0
2030-11-20 15:15:00,0.0
2030-11-20 15:30:00,0.0
2030-11-20 15:45:00,0.0
2030-11-20 16:00:00,0.0
2030-11-20 16:15:00,0.0
2030-11-20 16:30:00,0.0
2030-11-20 16:45:00,0.0
2030-11-20 17:00:00,0.0
2030-11-20 17:15:00,0.0
2030-11-20 17:30:00,0.0
2030-11-20 17:45:00,0.0
2030-11-20 18:00:00,0.0
2030-11-20 18:15:00,0.0
2030-11-20 18:30:00,0.0
2030-11-20 18:45:00,0.0
2030-11-20 19:00:00,0.0
2030-11-20 19:15:00,0.0
2030-11-20 19:30:00,0.0
2030-11-20 19:45:00,0.0
2030-11-20 20:00:00,0.0
2030-11-20 20:15:00,0.0
2030-11-20 20:30:00,0.0
2030-11-20 20:45:00,0.0
2030-11-20 21:00:00,0.0
2030-11-20 21:15:00,0.0
2030-11-20 21:30:00,0.0
2030-11-20 21:45:00,0.0
2030-11-20 22:00:00,0.0
2030-11-20 22:15:00,0.0
2030-11-20 22:30:00,0.0
2030-11-20 22:45:00,0.0
2030-11-20 23:00:00,0.0
2030-11-20 23:15:00,0.0
2030-11-20 23:30:00,0.0
2030-11-20 23:45:00,0.0
2030-11-21 00:00:00,0.0
2030-11-21 00:15:00,0.0
2030-11-21 00:30:00,0.0
2030-11-21 00:45:00,0.0
2030-11-21 01:00:00,0.0
2030-11-21 01:15:00,0.0
2030-11-21 01:30:00,0.0
2030-11-21 01:45:00,0.0
2030-11-21 02:00:00,0.0
2030-11-21 02:15:00,0.0
2030-11-21 02:30:00,0.0
2030-11-21 02:45:00,0.0
2030-11-21 03:00:00,0.0
2030-11-21 03:15:00,0.0
2030-11-21 03:30:00,0.0
2030-11-21 03:45:00,0.0
2030-11-21 04:00:00,0.0
2030-11-21 04:15:00,0.0
2030-11-21 04:30:00,0.0
2030-11-21 04:45:00,0.0
2030-11-21 05:00:00,0.0
2030-11-21 05:15:00,0.0
2030-11-21 05:30:00,0.0
2030-11-21 05:45:00,0.0
2030-11-21 06:00:00,0.0
2030-11-21 06:15:00,0.0
2030-11-21 06:30:00,0.0
2030-11-21 06:45:00,0.0
2030-11-21 07:00:00,0.0
2030-11-21 07:15:00,0.0
2030-11-21 07:30:00,0.0
2030-11-21 07:45:00,0.0
2030-11-21 08:00:00,0.0
2030-11-21 08:15:00,0.0
2030-11-21 08:30:00,0.0
2030-11-21 08:45:00,0.0
2030-11-21 09:00:00,0.0
2030-11-21 09:15:00,0.0
2030-11-21 09:30:00,0.0
2030-11-21 09:45:00,0.0
2030-11-21 10:00:00,0.0
2030-11-21 10:15:00,0.0
2030-11-21 10:30:00,0.0
2030-11-21 10:45:00,0.0
2030-11-21 11:00:00,0.0
2030-11-21 11:15:00,0.0
2030-11-21 11:30:00,0.0
2030-11-21 11:45:00,0.0
2030-11-21 12:00:00,0.0
2030-11-21 12:15:00,0.0
2030-11-21 12:30:00,0.0
2030-11-21 12:45:00,0.0
2030-11-21 13:00:00,0.0
2030-11-21 13:15:00,0.0
2030-11-21 13:30:00,0.0
2030-11-21 13:45:00,0.0
2030-11-21 14:00:00,0.0
2030-11-21 14:15:00,0.0
2030-11-21 14:30:00,0.0
2030-11-21 14:45:00,0.0
2030-11-21 15:00:00,0.0
2030-11-21 15:15:00,0.0
2030-11-21 15:30:00,0.0
2030-11-21 15:45:00,0.0
2030-11-21 16:00:00,0.0
2030-11-21 16:15:00,0.0
2030-11-21 16:30:00,0.0
2030-11-21 16:45:00,0.0
2030-11-21 17:00:00,0.0
2030-11-21 17:15:00,0.0
2030-11-21 17:30:00,0.0
2030-11-21 17:45:00,0.0
2030-11-21 18:00:00,0.0
2030-11-21 18:15:00,0.0
2030-11-21 18:30:00,0.0
2030-11-21 18:45:00,0.0
2030-11-21 19:00:00,0.0
2030-11-21 19:15:00,0.0
2030-11-21 19:30:00,0.0
2030-11-21 19:45:00,0.0
2030-11-21 20:00:00,0.0
2030-11-21 20:15:00,0.0
2030-11-21 20:30:00,0.0
2030-11-21 20:45:00,0.0
2030-11-21 21:00:00,0.0
2030-11-21 21:15:00,0.0
2030-11-21 21:30:00,0.0
2030-11-21 21:45:00,0.0
2030-11-21 22:00:00,0.0
2030-11-21 22:15:00,0.0
2030-11-21 22:30:00,0.0
2030-11-21 22:45:00,0.0
2030-11-21 23:00:00,0.0
2030-11-21 23:15:00,0.0
2030-11-21 23:30:00,0.0
2030-11-21 23:45:00,0.0
2030-11-22 00:00:00,0.0
2030-11-22 00:15:00,0.0
2030-11-22 00:30:00,0.0
2030-11-22 00:45:00,0.0
2030-11-22 01:00:00,0.0
2030-11-22 01:15:00,0.0
2030-11-22 01:30:00,0.0
2030-11-22 01:45:00,0.0
2030-11-22 02:00:00,0.0
2030-11-22 02:15:00,0.0
2030-11-22 02:30:00,0.0
2030-11-22 02:45:00,0.0
2030-11-22 03:00:00,0.0
2030-11-22 03:15:00,0.0
2030-11-22 03:30:00,0.0
2030-11-22 03:45:00,0.0
2030-11-22 04:00:00,0.0
2030-11-22 04:15:00,0.0
2030-11-22 04:30:00,0.0
2030-11-22 04:45:00,0.0
2030-11-22 05:00:00,0.0
2030-11-22 05:15:00,0.0
2030-11-22 05:30:00,0.0
2030-11-22 05:45:00,0.0
2030-11-22 06:00:00,0.0
2030-11-22 06:15:00,0.0
2030-11-22 06:30:00,0.0
2030-11-22 06:45:00,0.0
2030-11-22 07:00:00,0.0
2030-11-22 07:15:00,0.0
2030-11-22 07:30:00,0.0
2030-11-22 07:45:00,0.0
2030-11-22 08:00:00,0.0
2030-11-22 08:15:00,0.0
2030-11-22 08:30:00,0.0
2030-11-22 08:45:00,0.0
2030-11-22 09:00:00,0.0
2030-11-22 09:15:00,0.0
2030-11-22 09:30:00,0.0
2030-11-22 09:45:00,0.0
2030-11-22 10:00:00,0.0
2030-11-22 10:15:00,0.0
2030-11-22 10:30:00,0.0
2030-11-22 10:45:00,0.0
2030-11-22 11:00:00,0.0
2030-11-22 11:15:00,0.0
2030-11-22 11:30:00,0.0
2030-11-22 11:45:00,0.0
2030-11-22 12:00:00,0.0
2030-11-22 12:15:00,0.0
2030-11-22 12:30:00,23.432865992803272
2030-11-22 12:45:00,6.491612617712235
2030-11-22 13:00:00,97.64352516845975
2030-11-22 13:15:00,251.71775783435805
2030-11-22 13:30:00,326.54152789280124
2030-11-22 13:45:00,187.69655700536896
2030-11-22 14:00:00,235.076592146459
2030-11-22 14:15:00,296.3726472671424
2030-11-22 14:30:00,357.11425177386263
2030-11-22 14:45:00,423.9676006911541
2030-11-22 15:00:00,636.3463976735293
2030-11-22 15:15:00,710.443254017573
2030-11-22 15:30:00,733.9048334631079
2030-11-22 15:45:00,720.6812702106945
2030-11-22 16:00:00,902.9392743947919
2030-11-22 16:15:00,789.4383556513349
2030-11-22 16:30:00,846.1423469072306
2030-11-22 16:45:00,848.2798575857196
2030-11-22 17:00:00,858.4478813303976
2030-11-22 17:15:00,931.9184428655753
2030-11-22 17:30:00,917.2558807368641
2030-11-22 17:45:00,840.0232678189259
2030-11-22 18:00:00,795.3938586998083
2030-11-22 18:15:00,743.7841212166022
2030-11-22 18:30:00,671.8402347028223
2030-11-22 18:45:00,606.4291897720905
2030-11-22 19:00:00,419.5592764342073
2030-11-22 19:15:00,384.14656300302886
2030-11-22 19:30:00,309.8572651750328
2030-11-22 19:45:00,87.72056553276343
2030-11-22 20:00:00,0.0
2030-11-22 20:15:00,0.0
2030-11-22 20:30:00,0.0
2030-11-22 20:45:00,0.0
2030-11-22 21:00:00,0.0
2030-11-22 21:15:00,0.0
2030-11-22 21:30:00,0.0
2030-11-22 21:45:00,0.0
2030-11-22 22:00:00,0.0
2030-11-22 22:15:00,0.0
2030-11-22 22:30:00,0.0
2030-11-22 22:45:00,0.0
2030-11-22 23:00:00,0.0
2030-11-22 23:15:00,0.0
2030-11-22 23:30:00,0.0
2030-11-22 23:45:00,0.0
2030-11-23 00:00:00,0.0
2030-11-23 00:15:00,0.0
2030-11-23 00:30:00,0.0
2030-11-23 00:45:00,0.0
2030-11-23 01:00:00,0.0
2030-11-23 01:15:00,0.0
2030-11-23 01:30:00,0.0
2030-11-23 01:45:00,0.0
2030-11-23 02:00:00,0.0
2030-11-23 02:15:00,0.0
2030-11-23 02:30:00,0.0
2030-11-23 02:45:00,0.0
2030-11-23 03:00:00,0.0
2030-11-23 03:15:00,0.0
2030-11-23 03:30:00,0.0
2030-11-23 03:45:00,0.0
2030-11-23 04:00:00,0.0
2030-11-23 04:15:00,0.0
2030-11-23 04:30:00,0.0
2030-11-23 04:45:00,0.0
2030-11-23 05:00:00,0.0
2030-11-23 05:15:00,0.0
2030-11-23 05:30:00,0.0
2030-11-23 05:45:00,0.0
2030-11-23 06:00:00,333.4758685907509
2030-11-23 06:15:00,783.6941178919951
2030-11-23 06:30:00,1176.5748215659296
2030-11-23 06:45:00,1580.9996421972828
2030-11-23 07:00:00,2162.7676246495084
2030-11-23 07:15:00,2375.554420569699
2030-11-23 07:30:00,2464.5942480404374
2030-11-23 07:45:00,2471.3761171333135
2030-11-23 08:00:00,2555.0987948343263
2030-11-23 08:15:00,2564.0911621156374
2030-11-23 08:30:00,2572.383114915043
2030-11-23 08:45:00,2519.6031139577262
2030-11-23 09:00:00,2297.696839474982
2030-11-23 09:15:00,2256.7803348371126
2030-11-23 09:30:00,2333.8531589288214
2030-11-23 09:45:00,2479.2019402875194
2030-11-23 10:00:00,2425.213756954072
2030-11-23 10:15:00,2541.0770607270424
2030-11-23 10:30:00,2527.6843097364363
2030-11-23 10:45:00,2531.3244206625495
2030-11-23 11:00:00,2432.528668656727
2030-11-23 11:15:00,2554.84120295283
2030-11-23 11:30:00,2656.0978933072147
2030-11-23 11:45:00,2663.9347940231346
2030-11-23 12:00:00,2619.5275800832987
2030-11-23 12:15:00,2663.745455072585
2030-11-23 12:30:00,2694.6552639730216
2030-11-23 12:45:00,2642.4534195267534
2030-11-23 13:00:00,2658.095498512139
2030-11-23 13:15:00,2578.329695171622
2030-11-23 13:30:00,2494.6455956071622
2030-11-23 13:45:00,2356.2789903642224
2030-11-23 14:00:00,2224.377502533822
2030-11-23 14:15:00,2244.8315997322134
2030-11-23 14:30:00,2103.4937562256673
2030-11-23 14:45:00,2127.9706744807954
2030-11-23 15:00:00,2191.02711817186
2030-11-23 15:15:00,2047.6264201307295
2030-11-23 15:30:00,2007.812581215294
2030-11-23 15:45:00,2073.6198700166933
2030-11-23 16:00:00,2025.2030975678408
2030-11-23 16:15:00,1972.4637012212806
2030-11-23 16:30:00,2035.1775497151975
2030-11-23 16:45:00,2143.7849198066197
2030-11-23 17:00:00,2225.9154044765146
2030-11-23 17:15:00,2250.9730853984183
2030-11-23 17:30:00,2181.1020315235
2030-11-23 17:45:00,2144.083165674794
2030-11-23 18:00:00,1811.4510837594316
2030-11-23 18:15:00,1624.7295309166257
2030-11-23 18:30:00,1435.7275097566035
2030-11-23 18:45:00,1273.5454707208337
2030-11-23 19:00:00,1054.1510986216417
2030-11-23 19:15:00,915.9869735696375
2030-11-23 19:30:00,607.6463286138696
2030-11-23 19:45:00,438.7682793490385
2030-11-23 20:00:00,0.0
2030-11-23 20:15:00,0.0
2030-11-23 20:30:00,0.0
2030-11-23 20:45:00,0.0
2030-11-23 21:00:00,0.0
2030-11-23 21:15:00,0.0
2030-11-23 21:30:00,0.0
2030-11-23 21:45:00,0.0
2030-11-23 22:00:00,0.0
2030-11-23 22:15:00,0.0
2030-11-23 22:30:00,0.0
2030-11-23 22:45:00,0.0
2030-11-23 23:00:00,0.0
2030-11-23 23:15:00,0.0
2030-11-23 23:30:00,0.0
2030-11-23 23:45:00,0.0
2030-11-24 00:00:00,0.0
2030-11-24 00:15:00,0.0
2030-11-24 00:30:00,0.0
2030-11-24 00:45:00,0.0
2030-11-24 01:00:00,0.0
2030-11-24 01:15:00,0.0
2030-11-24 01:30:00,0.0
2030-11-24 01:45:00,0.0
2030-11-24 02:00:00,0.0
2030-11-24 02:15:00,0.0
2030-11-24 02:30:00,0.0
2030-11-24 02:45:00,0.0
2030-11-24 03:00:00,0.0
2030-11-24 03:15:00,0.0
2030-11-24 03:30:00,0.0
2030-11-24 03:45:00,0.0
2030-11-24 04:00:00,0.0
2030-11-24 04:15:00,0.0
2030-11-24 04:30:00,0.0
2030-11-24 04:45:00,0.0
2030-11-24 05:00:00,0.0
2030-11-24 05:15:00,0.0
2030-11-24 05:30:00,0.0
2030-11-24 05:45:00,0.0
2030-11-24 06:00:00,0.0
2030-11-24 06:15:00,0.0
2030-11-24 06:30:00,0.0
2030-11-24 06:45:00,0.0
2030-11-24 07:00:00,0.0
2030-11-24 07:15:00,0.0
2030-11-24 07:30:00,0.0
2030-11-24 07:45:00,0.0
2030-11-24 08:00:00,0.0
2030-11-24 08:15:00,0.0
2030-11-24 08:30:00,0.0
2030-11-24 08:45:00,0.0
2030-11-24 09:00:00,0.0
2030-11-24 09:15:00,0.0
2030-11-24 09:30:00,0.0
2030-11-24 09:45:00,0.0
2030-11-24 10:00:00,0.0
2030-11-24 10:15:00,0.0
2030-11-24 10:30:00,0.0
2030-11-24 10:45:00,0.0
2030-11-24 11:00:00,0.0
2030-11-24 11:15:00,0.0
2030-11-24 11:30:00,0.0
2030-11-24 11:45:00,0.0
2030-11-24 12:00:00,0.0
2030-11-24 12:15:00,0.0
2030-11-24 12:30:00,0.0
2030-11-24 12:45:00,0.0
2030-11-24 13:00:00,0.0
2030-11-24 13:15:00,0.0
2030-11-24 13:30:00,0.0
2030-11-24 13:45:00,0.0
2030-11-24 14:00:00,0.0
2030-11-24 14:15:00,0.0
2030-11-24 14:30:00,0.0
2030-11-24 14:45:00,0.0
2030-11-24 15:00:00,0.0
2030-11-24 15:15:00,0.0
2030-11-24 15:30:00,0.0
2030-11-24 15:45:00,0.0
2030-11-24 16:00:00,0.0
2030-11-24 16:15:00,0.0
2030-11-24 16:30:00,0.0
2030-11-24 16:45:00,0.0
2030-11-24 17:00:00,0.0
2030-11-24 17:15:00,0.0
2030-11-24 17:30:00,0.0
2030-11-24 17:45:00,0.0
2030-11-24 18:00:00,0.0
2030-11-24 18:15:00,0.0
2030-11-24 18:30:00,0.0
2030-11-24 18:45:00,0.0
2030-11-24 19:00:00,0.0
2030-11-24 19:15:00,0.0
2030-11-24 19:30:00,0.0
2030-11-24 19:45:00,0.0
2030-11-24 20:00:00,0.0
2030-11-24 20:15:00,0.0
2030-11-24 20:30:00,0.0
2030-11-24 20:45:00,0.0
2030-11-24 21:00:00,0.0
2030-11-24 21:15:00,0.0
2030-11-24 21:30:00,0.0
2030-11-24 21:45:00,0.0
2030-11-24 22:00:00,0.0
2030-11-24 22:15:00,0.0
2030-11-24 22:30:00,0.0
2030-11-24 22:45:00,0.0
2030-11-24 23:00:00,0.0
2030-11-24 23:15:00,0.0
2030-11-24 23:30:00,0.0
2030-11-24 23:45:00,0.0
2030-11-25 00:00:00,0.0
2030-11-25 00:15:00,0.0
2030-11-25 00:30:00,0.0
2030-11-25 00:45:00,0.0
2030-11-25 01:00:00,0.0
2030-11-25 01:15:00,0.0
2030-11-25 01:30:00,0.0
2030-11-25 01:45:00,0.0
2030-11-25 02:00:00,0.0
2030-11-25 02:15:00,0.0
2030-11-25 02:30:00,0.0
2030-11-25 02:45:00,0.0
2030-11-25 03:00:00,0.0
2030-11-25 03:15:00,0.0
2030-11-25 03:30:00,0.0
2030-11-25 03:45:00,0.0
2030-11-25 04:00:00,0.0
2030-11-25 04:15:00,0.0
2030-11-25 04:30:00,0.0
2030-11-25 04:45:00,0.0
2030-11-25 05:00:00,0.0
2030-11-25 05:15:00,0.0
2030-11-25 05:30:00,0.0
2030-11-25 05:45:00,0.0
2030-11-25 06:00:00,0.0
2030-11-25 06:15:00,0.0
2030-11-25 06:30:00,0.0
2030-11-25 06:45:00,0.0
2030-11-25 07:00:00,0.0
2030-11-25 07:15:00,0.0
2030-11-25 07:30:00,0.0
2030-11-25 07:45:00,0.0
2030-11-25 08:00:00,0.0
2030-11-25 08:15:00,0.0
2030-11-25 08:30:00,0.0
2030-11-25 08:45:00,0.0
2030-11-25 09:00:00,0.0
2030-11-25 09:15:00,0.0
2030-11-25 09:30:00,0.0
2030-11-25 09:45:00,0.0
2030-11-25 10:00:00,0.0
2030-11-25 10:15:00,0.0
2030-11-25 10:30:00,0.0
2030-11-25 10:45:00,0.0
2030-11-25 11:00:00,0.0
2030-11-25 11:15:00,0.0
2030-11-25 11:30:00,0.0
2030-11-25 11:45:00,0.0
2030-11-25 12:00:00,0.0
2030-11-25 12:15:00,0.0
2030-11-25 12:30:00,0.0
2030-11-25 12:45:00,0.0
2030-11-25 13:00:00,0.0
2030-11-25 13:15:00,0.0
2030-11-25 13:30:00,0.0
2030-11-25 13:45:00,0.0
2030-11-25 14:00:00,0.0
2030-11-25 14:15:00,0.0
2030-11-25 14:30:00,0.0
2030-11-25 14:45:00,0.0
2030-11-25 15:00:00,0.0
2030-11-25 15:15:00,0.0
2030-11-25 15:30:00,0.0
2030-11-25 15:45:00,0.0
2030-11-25 16:00:00,0.0
2030-11-25 16:15:00,0.0
2030-11-25 16:30:00,0.0
2030-11-25 16:45:00,0.0
2030-11-25 17:00:00,0.0
2030-11-25 17:15:00,0.0
2030-11-25 17:30:00,0.0
2030-11-25 17:45:00,0.0
2030-11-25 18:00:00,0.0
2030-11-25 18:15:00,0.0
2030-11-25 18:30:00,0.0
2030-11-25 18:45:00,0.0
2030-11-25 19:00:00,0.0
2030-11-25 19:15:00,0.0
2030-11-25 19:30:00,0.0
2030-11-25 19:45:00,0.0
2030-11-25 20:00:00,0.0
2030-11-25 20:15:00,0.0
2030-11-25 20:30:00,0.0
2030-11-25 20:45:00,0.0
2030-11-25 21:00:00,0.0
2030-11-25 21:15:00,0.0
2030-11-25 21:30:00,0.0
2030-11-25 21:45:00,0.0
2030-11-25 22:00:00,0.0
2030-11-25 22:15:00,0.0
2030-11-25 22:30:00,0.0
2030-11-25 22:45:00,0.0
2030-11-25 23:00:00,0.0
2030-11-25 23:15:00,0.0
2030-11-25 23:30:00,0.0
2030-11-25 23:45:00,0.0
2030-11-26 00:00:00,0.0
2030-11-26 00:15:00,0.0
2030-11-26 00:30:00,0.0
2030-11-26 00:45:00,0.0
2030-11-26 01:00:00,0.0
2030-11-26 01:15:00,0.0
2030-11-26 01:30:00,0.0
2030-11-26 01:45:00,0.0
2030-11-26 02:00:00,0.0
2030-11-26 02:15:00,0.0
2030-11-26 02:30:00,0.0
2030-11-26 02:45:00,0.0
2030-11-26 03:00:00,0.0
2030-11-26 03:15:00,0.0
2030-11-26 03:30:00,0.0
2030-11-26 03:45:00,0.0
2030-11-26 04:00:00,0.0
2030-11-26 04:15:00,0.0
2030-11-26 04:30:00,0.0
2030-11-26 04:45:00,0.0
2030-11-26 05:00:00,0.0
2030-11-26 05:15:00,0.0
2030-11-26 05:30:00,0.0
2030-11-26 05:45:00,0.0
2030-11-26 06:00:00,0.0
2030-11-26 06:15:00,0.0
2030-11-26 06:30:00,0.0
2030-11-26 06:45:00,0.0
2030-11-26 07:00:00,0.0
2030-11-26 07:15:00,0.0
2030-11-26 07:30:00,0.0
2030-11-26 07:45:00,0.0
2030-11-26 08:00:00,0.0
2030-11-26 08:15:00,0.0
2030-11-26 08:30:00,0.0
2030-11-26 08:45:00,0.0
2030-11-26 09:00:00,0.0
2030-11-26 09:15:00,0.0
2030-11-26 09:30:00,0.0
2030-11-26 09:45:00,0.0
2030-11-26 10:00:00,0.0
2030-11-26 10:15:00,0.0
2030-11-26 10:30:00,0.0
2030-11-26 10:45:00,0.0
2030-11-26 11:00:00,0.0
2030-11-26 11:15:00,0.0
2030-11-26 11:30:00,0.0
2030-11-26 11:45:00,0.0
2030-11-26 12:00:00,0.0
2030-11-26 12:15:00,0.0
2030-11-26 12:30:00,0.0
2030-11-26 12:45:00,0.0
2030-11-26 13:00:00,0.0
2030-11-26 13:15:00,0.0
2030-11-26 13:30:00,0.0
2030-11-26 13:45:00,0.0
2030-11-26 14:00:00,0.0
2030-11-26 14:15:00,0.0
2030-11-26 14:30:00,0.0
2030-11-26 14:45:00,0.0
2030-11-26 15:00:00,0.0
2030-11-26 15:15:00,0.0
2030-11-26 15:30:00,0.0
2030-11-26 15:45:00,0.0
2030-11-26 16:00:00,0.0
2030-11-26 16:15:00,0.0
2030-11-26 16:30:00,0.0
2030-11-26 16:45:00,0.0
2030-11-26 17:00:00,0.0
2030-11-26 17:15:00,0.0
2030-11-26 17:30:00,0.0
2030-11-26 17:45:00,0.0
2030-11-26 18:00:00,0.0
2030-11-26 18:15:00,0.0
2030-11-26 18:30:00,0.0
2030-11-26 18:45:00,0.0
2030-11-26 19:00:00,0.0
2030-11-26 19:15:00,0.0
2030-11-26 19:30:00,0.0
2030-11-26 19:45:00,0.0
2030-11-26 20:00:00,0.0
2030-11-26 20:15:00,0.0
2030-11-26 20:30:00,0.0
2030-11-26 20:45:00,0.0
2030-11-26 21:00:00,0.0
2030-11-26 21:15:00,0.0
2030-11-26 21:30:00,0.0
2030-11-26 21:45:00,0.0
2030-11-26 22:00:00,0.0
2030-11-26 22:15:00,0.0
2030-11-26 22:30:00,0.0
2030-11-26 22:45:00,0.0
2030-11-26 23:00:00,0.0
2030-11-26 23:15:00,0.0
2030-11-26 23:30:00,0.0
2030-11-26 23:45:00,0.0
2030-11-27 00:00:00,0.0
2030-11-27 00:15:00,0.0
2030-11-27 00:30:00,0.0
2030-11-27 00:45:00,0.0
2030-11-27 01:00:00,0.0
2030-11-27 01:15:00,0.0
2030-11-27 01:30:00,0.0
2030-11-27 01:45:00,0.0
2030-11-27 02:00:00,0.0
2030-11-27 02:15:00,0.0
2030-11-27 02:30:00,0.0
2030-11-27 02:45:00,0.0
2030-11-27 03:00:00,0.0
2030-11-27 03:15:00,0.0
2030-11-27 03:30:00,0.0
2030-11-27 03:45:00,0.0
2030-11-27 04:00:00,0.0
2030-11-27 04:15:00,0.0
2030-11-27 04:30:00,0.0
2030-11-27 04:45:00,0.0
2030-11-27 05:00:00,0.0
2030-11-27 05:15:00,0.0
2030-11-27 05:30:00,0.0
2030-11-27 05:45:00,0.0
2030-11-27 06:00:00,0.0
2030-11-27 06:15:00,0.0
2030-11-27 06:30:00,0.0
2030-11-27 06:45:00,0.0
2030-11-27 07:00:00,0.0
2030-11-27 07:15:00,0.0
2030-11-27 07:30:00,0.0
2030-11-27 07:45:00,0.0
2030-11-27 08:00:00,0.0
2030-11-27 08:15:00,0.0
2030-11-27 08:30:00,0.0
2030-11-27 08:45:00,0.0
2030-11-27 09:00:00,0.0
2030-11-27 09:15:00,0.0
2030-11-27 09:30:00,0.0
2030-11-27 09:45:00,0.0
2030-11-27 10:00:00,0.0
2030-11-27 10:15:00,0.0
2030-11-27 10:30:00,0.0
2030-11-27 10:45:00,114.05162672211918
2030-11-27 11:00:00,49.00263197678578
2030-11-27 11:15:00,210.05696005360733
2030-11-27 11:30:00,291.03956805222697
2030-11-27 11:45:00,227.37066490538564
2030-11-27 12:00:00,235.04075268396628
2030-11-27 12:15:00,11.668971136790788
2030-11-27 12:30:00,40.220392692212044
2030-11-27 12:45:00,102.8016884214885
2030-11-27 13:00:00,172.24363612225898
2030-11-27 13:15:00,119.8723456066873
2030-11-27 13:30:00,127.60613738748725
2030-11-27 13:45:00,70.32267063789186
2030-11-27 14:00:00,0.0
2030-11-27 14:15:00,0.0
2030-11-27 14:30:00,0.0
2030-11-27 14:45:00,0.0
2030-11-27 15:00:00,0.0
2030-11-27 15:15:00,55.95276053627822
2030-11-27 15:30:00,82.43434067885391
2030-11-27 15:45:00,73.5670322893202
2030-11-27 16:00:00,38.546190183877115
2030-11-27 16:15:00,127.05400785946404
2030-11-27 16:30:00,98.01508399184968
2030-11-27 16:45:00,0.0
2030-11-27 17:00:00,0.0
2030-11-27 17:15:00,0.0
2030-11-27 17:30:00,0.0
2030-11-27 17:45:00,0.0
2030-11-27 18:00:00,0.0
2030-11-27 18:15:00,0.0
2030-11-27 18:30:00,0.0
2030-11-27 18:45:00,0.0
2030-11-27 19:00:00,0.0
2030-11-27 19:15:00,0.0
2030-11-27 19:30:00,0.0
2030-11-27 19:45:00,0.0
2030-11-27 20:00:00,0.0
2030-11-27 20:15:00,0.0
2030-11-27 20:30:00,0.0
2030-11-27 20:45:00,0.0
2030-11-27 21:00:00,0.0
2030-11-27 21:15:00,0.0
2030-11-27 21:30:00,0.0
2030-11-27 21:45:00,0.0
2030-11-27 22:00:00,0.0
2030-11-27 22:15:00,0.0
2030-11-27 22:30:00,0.0
2030-11-27 22:45:00,0.0
2030-11-27 23:00:00,0.0
2030-11-27 23:15:00,0.0
2030-11-27 23:30:00,0.0
2030-11-27 23:45:00,0.0
2030-11-28 00:00:00,0.0
2030-11-28 00:15:00,0.0
2030-11-28 00:30:00,0.0
2030-11-28 00:45:00,0.0
2030-11-28 01:00:00,0.0
2030-11-28 01:15:00,0.0
2030-11-28 01:30:00,0.0
2030-11-28 01:45:00,0.0
2030-11-28 02:00:00,0.0
2030-11-28 02:15:00,0.0
2030-11-28 02:30:00,0.0
2030-11-28 02:45:00,0.0
2030-11-28 03:00:00,0.0
2030-11-28 03:15:00,0.0
2030-11-28 03:30:00,0.0
2030-11-28 03:45:00,0.0
2030-11-28 04:00:00,0.0
2030-11-28 04:15:00,0.0
2030-11-28 04:30:00,0.0
2030-11-28 04:45:00,0.0
2030-11-28 05:00:00,0.0
2030-11-28 05:15:00,0.0
2030-11-28 05:30:00,0.0
2030-11-28 05:45:00,0.0
2030-11-28 06:00:00,0.0
2030-11-28 06:15:00,0.0
2030-11-28 06:30:00,0.0
2030-11-28 06:45:00,0.0
2030-11-28 07:00:00,0.0
2030-11-28 07:15:00,0.0
2030-11-28 07:30:00,0.0
2030-11-28 07:45:00,0.0
2030-11-28 08:00:00,0.0
2030-11-28 08:15:00,0.0
2030-11-28 08:30:00,0.0
2030-11-28 08:45:00,0.0
2030-11-28 09:00:00,0.0
2030-11-28 09:15:00,0.0
2030-11-28 09:30:00,0.0
2030-11-28 09:45:00,0.0
2030-11-28 10:00:00,121.85440805643339
2030-11-28 10:15:00,234.73612442224112
2030-11-28 10:30:00,483.85402650796277
2030-11-28 10:45:00,565.542162051388
2030-11-28 11:00:00,629.0348381737185
2030-11-28 11:15:00,648.7982488985508
2030-11-28 11:30:00,699.0146597217827
2030-11-28 11:45:00,671.2161645304441
2030-11-28 12:00:00,648.8617428284015
2030-11-28 12:15:00,698.2987569056513
2030-11-28 12:30:00,735.755064049883
2030-11-28 12:45:00,730.3260131890165
2030-11-28 13:00:00,756.0458981031516
2030-11-28 13:15:00,794.3447619282961
2030-11-28 13:30:00,832.2477552587898
2030-11-28 13:45:00,813.2444662061807
2030-11-28 14:00:00,933.1896123313727
2030-11-28 14:15:00,961.0572543842754
2030-11-28 14:30:00,1007.5259344674869
2030-11-28 14:45:00,1047.438224344054
2030-11-28 15:00:00,1170.1688654453974
2030-11-28 15:15:00,1173.8873206393782
2030-11-28 15:30:00,1047.6152643117712
2030-11-28 15:45:00,1090.2166956755373
2030-11-28 16:00:00,1205.5985406808522
2030-11-28 16:15:00,1296.8682243864405
2030-11-28 16:30:00,1218.0965208043672
2030-11-28 16:45:00,1246.0316275049045
2030-11-28 17:00:00,1230.4204222103708
2030-11-28 17:15:00,1033.754906863498
2030-11-28 17:30:00,1031.2899899510521
2030-11-28 17:45:00,927.9728667036416
2030-11-28 18:00:00,729.7213672355629
2030-11-28 18:15:00,577.640427320006
2030-11-28 18:30:00,493.9912670902486
2030-11-28 18:45:00,417.74508294741827
2030-11-28 19:00:00,290.90369490632656
2030-11-28 19:15:00,209.63039940736053
2030-11-28 19:30:00,129.14089088640685
2030-11-28 19:45:00,101.65418367470193
2030-11-28 20:00:00,0.0
2030-11-28 20:15:00,0.0
2030-11-28 20:30:00,0.0
2030-11-28 20:45:00,0.0
2030-11-28 21:00:00,0.0
2030-11-28 21:15:00,0.0
2030-11-28 21:30:00,0.0
2030-11-28 21:45:00,0.0
2030-11-28 22:00:00,0.0
2030-11-28 22:15:00,0.0
2030-11-28 22:30:00,0.0
2030-11-28 22:45:00,0.0
2030-11-28 23:00:00,0.0
2030-11-28 23:15:00,0.0
2030-11-28 23:30:00,0.0
2030-11-28 23:45:00,0.0
2030-11-29 00:00:00,0.0
2030-11-29 00:15:00,0.0
2030-11-29 00:30:00,0.0
2030-11-29 00:45:00,0.0
2030-11-29 01:00:00,0.0
2030-11-29 01:15:00,0.0
2030-11-29 01:30:00,0.0
2030-11-29 01:45:00,0.0
2030-11-29 02:00:00,0.0
2030-11-29 02:15:00,0.0
2030-11-29 02:30:00,0.0
2030-11-29 02:45:00,0.0
2030-11-29 03:00:00,0.0
2030-11-29 03:15:00,0.0
2030-11-29 03:30:00,0.0
2030-11-29 03:45:00,0.0
2030-11-29 04:00:00,0.0
2030-11-29 04:15:00,0.0
2030-11-29 04:30:00,0.0
2030-11-29 04:45:00,0.0
2030-11-29 05:00:00,0.0
2030-11-29 05:15:00,0.0
2030-11-29 05:30:00,0.0
2030-11-29 05:45:00,0.0
2030-11-29 06:00:00,0.0
2030-11-29 06:15:00,0.0
2030-11-29 06:30:00,0.0
2030-11-29 06:45:00,0.0
2030-11-29 07:00:00,0.0
2030-11-29 07:15:00,0.0
2030-11-29 07:30:00,0.0
2030-11-29 07:45:00,0.0
2030-11-29 08:00:00,106.79979193401778
2030-11-29 08:15:00,169.137080041608
2030-11-29 08:30:00,240.92072953461138
2030-11-29 08:45:00,272.03677220947793
2030-11-29 09:00:00,136.6713448955743
2030-11-29 09:15:00,156.62650361340638
2030-11-29 09:30:00,205.99973807622519
2030-11-29 09:45:00,293.27667889514487
2030-11-29 10:00:00,356.4547645489456
2030-11-29 10:15:00,444.4985428045293
2030-11-29 10:30:00,565.2864670699782
2030-11-29 10:45:00,694.8754875734012
2030-11-29 11:00:00,880.6826196425645
2030-11-29 11:15:00,972.3912748921321
2030-11-29 11:30:00,950.8679503627318
2030-11-29 11:45:00,965.2601983087698
2030-11-29 12:00:00,1008.3430627178877
2030-11-29 12:15:00,935.1333437972662
2030-11-29 12:30:00,992.2105595680805
2030-11-29 12:45:00,991.6435923861573
2030-11-29 13:00:00,1124.3973612739956
2030-11-29 13:15:00,1049.5026452148195
2030-11-29 13:30:00,947.6149556961973
2030-11-29 13:45:00,930.549188611727
2030-11-29 14:00:00,1045.8879125671046
2030-11-29 14:15:00,977.833520219463
2030-11-29 14:30:00,910.8812617375916
2030-11-29 14:45:00,874.3585114452289
2030-11-29 15:00:00,1007.0141851195203
2030-11-29 15:15:00,880.6145164959125
2030-11-29 15:30:00,787.8737161071585
2030-11-29 15:45:00,677.8807901160108
2030-11-29 16:00:00,772.7571111876532
2030-11-29 16:15:00,934.8288175165926
2030-11-29 16:30:00,846.0946240757912
2030-11-29 16:45:00,876.9901920609773
2030-11-29 17:00:00,868.9215849743123
2030-11-29 17:15:00,891.1921392483437
2030-11-29 17:30:00,939.6400739843575
2030-11-29 17:45:00,788.7428735567191
2030-11-29 18:00:00,613.8563064396076
2030-11-29 18:15:00,674.9161352660576
2030-11-29 18:30:00,620.3785921091894
2030-11-29 18:45:00,402.35921606981174
2030-11-29 19:00:00,278.30017724874233
2030-11-29 19:15:00,82.7714146509461
2030-11-29 19:30:00,0.0
2030-11-29 19:45:00,0.0
2030-11-29 20:00:00,0.0
2030-11-29 20:15:00,0.0
2030-11-29 20:30:00,0.0
2030-11-29 20:45:00,0.0
2030-11-29 21:00:00,0.0
2030-11-29 21:15:00,0.0
2030-11-29 21:30:00,0.0
2030-11-29 21:45:00,0.0
2030-11-29 22:00:00,0.0
2030-11-29 22:15:00,0.0
2030-11-29 22:30:00,0.0
2030-11-29 22:45:00,0.0
2030-11-29 23:00:00,0.0
2030-11-29 23:15:00,0.0
2030-11-29 23:30:00,0.0
2030-11-29 23:45:00,0.0
2030-11-30 00:00:00,0.0
2030-11-30 00:15:00,0.0
2030-11-30 00:30:00,0.0
2030-11-30 00:45:00,0.0
2030-11-30 01:00:00,0.0
2030-11-30 01:15:00,0.0
2030-11-30 01:30:00,0.0
2030-11-30 01:45:00,0.0
2030-11-30 02:00:00,0.0
2030-11-30 02:15:00,0.0
2030-11-30 02:30:00,0.0
2030-11-30 02:45:00,0.0
2030-11-30 03:00:00,0.0
2030-11-30 03:15:00,0.0
2030-11-30 03:30:00,0.0
2030-11-30 03:45:00,0.0
2030-11-30 04:00:00,0.0
2030-11-30 04:15:00,0.0
2030-11-30 04:30:00,0.0
2030-11-30 04:45:00,0.0
2030-11-30 05:00:00,0.0
2030-11-30 05:15:00,0.0
2030-11-30 05:30:00,0.0
2030-11-30 05:45:00,0.0
2030-11-30 06:00:00,0.0
2030-11-30 06:15:00,0.0
2030-11-30 06:30:00,0.0
2030-11-30 06:45:00,0.0
2030-11-30 07:00:00,0.0
2030-11-30 07:15:00,0.0
2030-11-30 07:30:00,0.0
2030-11-30 07:45:00,0.0
2030-11-30 08:00:00,0.0
2030-11-30 08:15:00,0.0
2030-11-30 08:30:00,0.0
2030-11-30 08:45:00,0.0
2030-11-30 09:00:00,0.0
2030-11-30 09:15:00,0.0
2030-11-30 09:30:00,0.0
2030-11-30 09:45:00,0.0
2030-11-30 10:00:00,0.0
2030-11-30 10:15:00,0.0
2030-11-30 10:30:00,0.0
2030-11-30 10:45:00,0.0
2030-11-30 11:00:00,0.0
2030-11-30 11:15:00,0.0
2030-11-30 11:30:00,0.0
2030-11-30 11:45:00,0.0
2030-11-30 12:00:00,0.0
2030-11-30 12:15:00,0.0
2030-11-30 12:30:00,0.0
2030-11-30 12:45:00,0.0
2030-11-30 13:00:00,0.0
2030-11-30 13:15:00,0.0
2030-11-30 13:30:00,0.0
2030-11-30 13:45:00,0.0
2030-11-30 14:00:00,0.0
2030-11-30 14:15:00,0.0
2030-11-30 14:30:00,0.0
2030-11-30 14:45:00,0.0
2030-11-30 15:00:00,0.0
2030-11-30 15:15:00,0.0
2030-11-30 15:30:00,0.0
2030-11-30 15:45:00,0.0
2030-11-30 16:00:00,0.0
2030-11-30 16:15:00,0.0
2030-11-30 16:30:00,0.0
2030-11-30 16:45:00,0.0
2030-11-30 17:00:00,0.0
2030-11-30 17:15:00,0.0
2030-11-30 17:30:00,0.0
2030-11-30 17:45:00,0.0
2030-11-30 18:00:00,0.0
2030-11-30 18:15:00,0.0
2030-11-30 18:30:00,0.0
2030-11-30 18:45:00,0.0
2030-11-30 19:00:00,0.0
2030-11-30 19:15:00,0.0
2030-11-30 19:30:00,0.0
2030-11-30 19:45:00,0.0
2030-11-30 20:00:00,0.0
2030-11-30 20:15:00,0.0
2030-11-30 20:30:00,0.0
2030-11-30 20:45:00,0.0
2030-11-30 21:00:00,0.0
2030-11-30 21:15:00,0.0
2030-11-30 21:30:00,0.0
2030-11-30 21:45:00,0.0
2030-11-30 22:00:00,0.0
2030-11-30 22:15:00,0.0
2030-11-30 22:30:00,0.0
2030-11-30 22:45:00,0.0
2030-11-30 23:00:00,0.0
2030-11-30 23:15:00,0.0
2030-11-30 23:30:00,0.0
2030-11-30 23:45:00,0.0
2030-12-01 00:00:00,0.0
2030-12-01 00:15:00,0.0
2030-12-01 00:30:00,0.0
2030-12-01 00:45:00,0.0
2030-12-01 01:00:00,0.0
2030-12-01 01:15:00,0.0
2030-12-01 01:30:00,0.0
2030-12-01 01:45:00,0.0
2030-12-01 02:00:00,0.0
2030-12-01 02:15:00,0.0
2030-12-01 02:30:00,0.0
2030-12-01 02:45:00,0.0
2030-12-01 03:00:00,0.0
2030-12-01 03:15:00,0.0
2030-12-01 03:30:00,0.0
2030-12-01 03:45:00,0.0
2030-12-01 04:00:00,0.0
2030-12-01 04:15:00,0.0
2030-12-01 04:30:00,0.0
2030-12-01 04:45:00,0.0
2030-12-01 05:00:00,0.0
2030-12-01 05:15:00,0.0
2030-12-01 05:30:00,0.0
2030-12-01 05:45:00,0.0
2030-12-01 06:00:00,0.0
2030-12-01 06:15:00,0.0
2030-12-01 06:30:00,0.0
2030-12-01 06:45:00,0.0
2030-12-01 07:00:00,0.0
2030-12-01 07:15:00,0.0
2030-12-01 07:30:00,0.0
2030-12-01 07:45:00,0.0
2030-12-01 08:00:00,0.0
2030-12-01 08:15:00,0.0
2030-12-01 08:30:00,0.0
2030-12-01 08:45:00,0.0
2030-12-01 09:00:00,0.0
2030-12-01 09:15:00,0.0
2030-12-01 09:30:00,0.0
2030-12-01 09:45:00,0.0
2030-12-01 10:00:00,0.0
2030-12-01 10:15:00,0.0
2030-12-01 10:30:00,0.0
2030-12-01 10:45:00,0.0
2030-12-01 11:00:00,0.0
2030-12-01 11:15:00,0.0
2030-12-01 11:30:00,0.0
2030-12-01 11:45:00,0.0
2030-12-01 12:00:00,0.0
2030-12-01 12:15:00,0.0
2030-12-01 12:30:00,0.0
2030-12-01 12:45:00,0.0
2030-12-01 13:00:00,0.0
2030-12-01 13:15:00,0.0
2030-12-01 13:30:00,0.0
2030-12-01 13:45:00,0.0
2030-12-01 14:00:00,0.0
2030-12-01 14:15:00,0.0
2030-12-01 14:30:00,0.0
2030-12-01 14:45:00,0.0
2030-12-01 15:00:00,0.0
2030-12-01 15:15:00,0.0
2030-12-01 15:30:00,0.0
2030-12-01 15:45:00,0.0
2030-12-01 16:00:00,0.0
2030-12-01 16:15:00,0.0
2030-12-01 16:30:00,0.0
2030-12-01 16:45:00,0.0
2030-12-01 17:00:00,0.0
2030-12-01 17:15:00,0.0
2030-12-01 17:30:00,0.0
2030-12-01 17:45:00,0.0
2030-12-01 18:00:00,0.0
2030-12-01 18:15:00,0.0
2030-12-01 18:30:00,0.0
2030-12-01 18:45:00,0.0
2030-12-01 19:00:00,0.0
2030-12-01 19:15:00,0.0
2030-12-01 19:30:00,0.0
2030-12-01 19:45:00,0.0
2030-12-01 20:00:00,0.0
2030-12-01 20:15:00,0.0
2030-12-01 20:30:00,0.0
2030-12-01 20:45:00,0.0
2030-12-01 21:00:00,0.0
2030-12-01 21:15:00,0.0
2030-12-01 21:30:00,0.0
2030-12-01 21:45:00,0.0
2030-12-01 22:00:00,0.0
2030-12-01 22:15:00,0.0
2030-12-01 22:30:00,0.0
2030-12-01 22:45:00,0.0
2030-12-01 23:00:00,0.0
2030-12-01 23:15:00,0.0
2030-12-01 23:30:00,0.0
2030-12-01 23:45:00,0.0
2030-12-02 00:00:00,0.0
2030-12-02 00:15:00,0.0
2030-12-02 00:30:00,0.0
2030-12-02 00:45:00,0.0
2030-12-02 01:00:00,0.0
2030-12-02 01:15:00,0.0
2030-12-02 01:30:00,0.0
2030-12-02 01:45:00,0.0
2030-12-02 02:00:00,0.0
2030-12-02 02:15:00,0.0
2030-12-02 02:30:00,0.0
2030-12-02 02:45:00,0.0
2030-12-02 03:00:00,0.0
2030-12-02 03:15:00,0.0
2030-12-02 03:30:00,0.0
2030-12-02 03:45:00,0.0
2030-12-02 04:00:00,0.0
2030-12-02 04:15:00,0.0
2030-12-02 04:30:00,0.0
2030-12-02 04:45:00,0.0
2030-12-02 05:00:00,0.0
2030-12-02 05:15:00,0.0
2030-12-02 05:30:00,0.0
2030-12-02 05:45:00,0.0
2030-12-02 06:00:00,0.0
2030-12-02 06:15:00,0.0
2030-12-02 06:30:00,0.0
2030-12-02 06:45:00,0.0
2030-12-02 07:00:00,0.0
2030-12-02 07:15:00,0.0
2030-12-02 07:30:00,0.0
2030-12-02 07:45:00,0.0
2030-12-02 08:00:00,0.0
2030-12-02 08:15:00,0.0
2030-12-02 08:30:00,0.0
2030-12-02 08:45:00,0.0
2030-12-02 09:00:00,0.0
2030-12-02 09:15:00,0.0
2030-12-02 09:30:00,0.0
2030-12-02 09:45:00,0.0
2030-12-02 10:00:00,0.0
2030-12-02 10:15:00,0.0
2030-12-02 10:30:00,0.0
2030-12-02 10:45:00,0.0
2030-12-02 11:00:00,0.0
2030-12-02 11:15:00,0.0
2030-12-02 11:30:00,0.0
2030-12-02 11:45:00,0.0
2030-12-02 12:00:00,0.0
2030-12-02 12:15:00,0.0
2030-12-02 12:30:00,0.0
2030-12-02 12:45:00,0.0
2030-12-02 13:00:00,0.0
2030-12-02 13:15:00,0.0
2030-12-02 13:30:00,0.0
2030-12-02 13:45:00,0.0
2030-12-02 14:00:00,0.0
2030-12-02 14:15:00,0.0
2030-12-02 14:30:00,0.0
2030-12-02 14:45:00,0.0
2030-12-02 15:00:00,0.0
2030-12-02 15:15:00,0.0
2030-12-02 15:30:00,0.0
2030-12-02 15:45:00,0.0
2030-12-02 16:00:00,0.0
2030-12-02 16:15:00,0.0
2030-12-02 16:30:00,0.0
2030-12-02 16:45:00,0.0
2030-12-02 17:00:00,0.0
2030-12-02 17:15:00,0.0
2030-12-02 17:30:00,0.0
2030-12-02 17:45:00,0.0
2030-12-02 18:00:00,0.0
2030-12-02 18:15:00,0.0
2030-12-02 18:30:00,0.0
2030-12-02 18:45:00,0.0
2030-12-02 19:00:00,0.0
2030-12-02 19:15:00,0.0
2030-12-02 19:30:00,0.0
2030-12-02 19:45:00,0.0
2030-12-02 20:00:00,0.0
2030-12-02 20:15:00,0.0
2030-12-02 20:30:00,0.0
2030-12-02 20:45:00,0.0
2030-12-02 21:00:00,0.0
2030-12-02 21:15:00,0.0
2030-12-02 21:30:00,0.0
2030-12-02 21:45:00,0.0
2030-12-02 22:00:00,0.0
2030-12-02 22:15:00,0.0
2030-12-02 22:30:00,0.0
2030-12-02 22:45:00,0.0
2030-12-02 23:00:00,0.0
2030-12-02 23:15:00,0.0
2030-12-02 23:30:00,0.0
2030-12-02 23:45:00,0.0
2030-12-03 00:00:00,0.0
2030-12-03 00:15:00,0.0
2030-12-03 00:30:00,0.0
2030-12-03 00:45:00,0.0
2030-12-03 01:00:00,0.0
2030-12-03 01:15:00,0.0
2030-12-03 01:30:00,0.0
2030-12-03 01:45:00,0.0
2030-12-03 02:00:00,0.0
2030-12-03 02:15:00,0.0
2030-12-03 02:30:00,0.0
2030-12-03 02:45:00,0.0
2030-12-03 03:00:00,0.0
2030-12-03 03:15:00,0.0
2030-12-03 03:30:00,0.0
2030-12-03 03:45:00,0.0
2030-12-03 04:00:00,0.0
2030-12-03 04:15:00,0.0
2030-12-03 04:30:00,0.0
2030-12-03 04:45:00,0.0
2030-12-03 05:00:00,0.0
2030-12-03 05:15:00,0.0
2030-12-03 05:30:00,0.0
2030-12-03 05:45:00,0.0
2030-12-03 06:00:00,0.0
2030-12-03 06:15:00,0.0
2030-12-03 06:30:00,0.0
2030-12-03 06:45:00,0.0
2030-12-03 07:00:00,0.0
2030-12-03 07:15:00,0.0
2030-12-03 07:30:00,0.0
2030-12-03 07:45:00,0.0
2030-12-03 08:00:00,0.0
2030-12-03 08:15:00,0.0
2030-12-03 08:30:00,0.0
2030-12-03 08:45:00,0.0
2030-12-03 09:00:00,0.0
2030-12-03 09:15:00,0.0
2030-12-03 09:30:00,0.0
2030-12-03 09:45:00,0.0
2030-12-03 10:00:00,0.0
2030-12-03 10:15:00,0.0
2030-12-03 10:30:00,0.0
2030-12-03 10:45:00,0.0
2030-12-03 11:00:00,0.0
2030-12-03 11:15:00,0.0
2030-12-03 11:30:00,0.0
2030-12-03 11:45:00,0.0
2030-12-03 12:00:00,0.0
2030-12-03 12:15:00,0.0
2030-12-03 12:30:00,0.0
2030-12-03 12:45:00,0.0
2030-12-03 13:00:00,0.0
2030-12-03 13:15:00,0.0
2030-12-03 13:30:00,0.0
2030-12-03 13:45:00,0.0
2030-12-03 14:00:00,0.0
2030-12-03 14:15:00,0.0
2030-12-03 14:30:00,0.0
2030-12-03 14:45:00,0.0
2030-12-03 15:00:00,0.0
2030-12-03 15:15:00,0.0
2030-12-03 15:30:00,0.0
2030-12-03 15:45:00,0.0
2030-12-03 16:00:00,0.0
2030-12-03 16:15:00,0.0
2030-12-03 16:30:00,0.0
2030-12-03 16:45:00,0.0
2030-12-03 17:00:00,0.0
2030-12-03 17:15:00,0.0
2030-12-03 17:30:00,0.0
2030-12-03 17:45:00,0.0
2030-12-03 18:00:00,0.0
2030-12-03 18:15:00,0.0
2030-12-03 18:30:00,0.0
2030-12-03 18:45:00,0.0
2030-12-03 19:00:00,0.0
2030-12-03 19:15:00,0.0
2030-12-03 19:30:00,0.0
2030-12-03 19:45:00,0.0
2030-12-03 20:00:00,0.0
2030-12-03 20:15:00,0.0
2030-12-03 20:30:00,0.0
2030-12-03 20:45:00,0.0
2030-12-03 21:00:00,0.0
2030-12-03 21:15:00,0.0
2030-12-03 21:30:00,0.0
2030-12-03 21:45:00,0.0
2030-12-03 22:00:00,0.0
2030-12-03 22:15:00,0.0
2030-12-03 22:30:00,0.0
2030-12-03 22:45:00,0.0
2030-12-03 23:00:00,0.0
2030-12-03 23:15:00,0.0
2030-12-03 23:30:00,0.0
2030-12-03 23:45:00,0.0
2030-12-04 00:00:00,0.0
2030-12-04 00:15:00,0.0
2030-12-04 00:30:00,0.0
2030-12-04 00:45:00,0.0
2030-12-04 01:00:00,0.0
2030-12-04 01:15:00,0.0
2030-12-04 01:30:00,0.0
2030-12-04 01:45:00,0.0
2030-12-04 02:00:00,0.0
2030-12-04 02:15:00,0.0
2030-12-04 02:30:00,0.0
2030-12-04 02:45:00,0.0
2030-12-04 03:00:00,0.0
2030-12-04 03:15:00,0.0
2030-12-04 03:30:00,0.0
2030-12-04 03:45:00,0.0
2030-12-04 04:00:00,0.0
2030-12-04 04:15:00,0.0
2030-12-04 04:30:00,0.0
2030-12-04 04:45:00,0.0
2030-12-04 05:00:00,0.0
2030-12-04 05:15:00,0.0
2030-12-04 05:30:00,0.0
2030-12-04 05:45:00,0.0
2030-12-04 06:00:00,0.0
2030-12-04 06:15:00,0.0
2030-12-04 06:30:00,0.0
2030-12-04 06:45:00,0.0
2030-12-04 07:00:00,441.32043651019194
2030-12-04 07:15:00,814.639563758541
2030-12-04 07:30:00,991.0757477876468
2030-12-04 07:45:00,1229.7198140873625
2030-12-04 08:00:00,1416.2363208858078
2030-12-04 08:15:00,1644.2592781528838
2030-12-04 08:30:00,1757.2334838125917
2030-12-04 08:45:00,1842.9471379916467
2030-12-04 09:00:00,1850.2680997207026
2030-12-04 09:15:00,1955.8953452167407
2030-12-04 09:30:00,2047.17785221952
2030-12-04 09:45:00,2064.561306188978
2030-12-04 10:00:00,2055.1949282179667
2030-12-04 10:15:00,2071.4348666720925
2030-12-04 10:30:00,2190.8671361072993
2030-12-04 10:45:00,2288.9142341263905
2030-12-04 11:00:00,2378.8409055987395
2030-12-04 11:15:00,2434.157281921147
2030-12-04 11:30:00,2458.4689343132377
2030-12-04 11:45:00,2467.5626402817597
2030-12-04 12:00:00,2401.741785514907
2030-12-04 12:15:00,2375.564236549666
2030-12-04 12:30:00,2416.637285293393
2030-12-04 12:45:00,2436.5052411243923
2030-12-04 13:00:00,2506.9133953614364
2030-12-04 13:15:00,2412.3268380495683
2030-12-04 13:30:00,2312.304472010528
2030-12-04 13:45:00,2153.6997542448134
2030-12-04 14:00:00,2099.216928771697
2030-12-04 14:15:00,2058.246747361438
2030-12-04 14:30:00,2034.5661006970513
2030-12-04 14:45:00,2029.226210326644
2030-12-04 15:00:00,2157.856996106764
2030-12-04 15:15:00,2040.423348714481
2030-12-04 15:30:00,2022.1708466591936
2030-12-04 15:45:00,2018.229319038106
2030-12-04 16:00:00,1943.798227884563
2030-12-04 16:15:00,1987.2416686854194
2030-12-04 16:30:00,1983.1792997646808
2030-12-04 16:45:00,2021.3149713705807
2030-12-04 17:00:00,2016.4849741759808
2030-12-04 17:15:00,1970.3432243314528
2030-12-04 17:30:00,1915.6635200627934
2030-12-04 17:45:00,1838.7335648632052
2030-12-04 18:00:00,1649.03788644847
2030-12-04 18:15:00,1592.9982029525308
2030-12-04 18:30:00,1535.45196286367
2030-12-04 18:45:00,1468.4987306349758
2030-12-04 19:00:00,1386.9896395591895
2030-12-04 19:15:00,1223.0908567106635
2030-12-04 19:30:00,1061.20185886732
2030-12-04 19:45:00,885.9262245262471
2030-12-04 20:00:00,595.1138229789649
2030-12-04 20:15:00,422.400637861434
2030-12-04 20:30:00,144.89073544821804
2030-12-04 20:45:00,0.0
2030-12-04 21:00:00,0.0
2030-12-04 21:15:00,0.0
2030-12-04 21:30:00,0.0
2030-12-04 21:45:00,0.0
2030-12-04 22:00:00,0.0
2030-12-04 22:15:00,0.0
2030-12-04 22:30:00,0.0
2030-12-04 22:45:00,0.0
2030-12-04 23:00:00,0.0
2030-12-04 23:15:00,0.0
2030-12-04 23:30:00,0.0
2030-12-04 23:45:00,0.0
2030-12-05 00:00:00,0.0
2030-12-05 00:15:00,0.0
2030-12-05 00:30:00,0.0
2030-12-05 00:45:00,0.0
2030-12-05 01:00:00,0.0
2030-12-05 01:15:00,0.0
2030-12-05 01:30:00,0.0
2030-12-05 01:45:00,0.0
2030-12-05 02:00:00,0.0
2030-12-05 02:15:00,0.0
2030-12-05 02:30:00,0.0
2030-12-05 02:45:00,0.0
2030-12-05 03:00:00,0.0
2030-12-05 03:15:00,0.0
2030-12-05 03:30:00,0.0
2030-12-05 03:45:00,0.0
2030-12-05 04:00:00,0.0
2030-12-05 04:15:00,0.0
2030-12-05 04:30:00,0.0
2030-12-05 04:45:00,0.0
2030-12-05 05:00:00,0.0
2030-12-05 05:15:00,0.0
2030-12-05 05:30:00,0.0
2030-12-05 05:45:00,0.0
2030-12-05 06:00:00,0.0
2030-12-05 06:15:00,0.0
2030-12-05 06:30:00,391.00479618713507
2030-12-05 06:45:00,755.824950386992
2030-12-05 07:00:00,1322.3333697047838
2030-12-05 07:15:00,1678.6101678153536
2030-12-05 07:30:00,1868.9995891891922
2030-12-05 07:45:00,2085.9800979317624
2030-12-05 08:00:00,2285.081813007502
2030-12-05 08:15:00,2417.4060586985797
2030-12-05 08:30:00,2618.057302653071
2030-12-05 08:45:00,2681.2715711678575
2030-12-05 09:00:00,2528.8497495259508
2030-12-05 09:15:00,2554.4867602243285
2030-12-05 09:30:00,2635.520982983515
2030-12-05 09:45:00,2590.373673893222
2030-12-05 10:00:00,2521.6468658772283
2030-12-05 10:15:00,2637.7164411932354
2030-12-05 10:30:00,2698.577526716337
2030-12-05 10:45:00,2747.363878403976
2030-12-05 11:00:00,2812.3813951080538
2030-12-05 11:15:00,2844.372865223213
2030-12-05 11:30:00,2813.1525256337627
2030-12-05 11:45:00,2891.3200157553056
2030-12-05 12:00:00,2935.9826718316435
2030-12-05 12:15:00,2910.1577116793705
2030-12-05 12:30:00,2903.925753745065
2030-12-05 12:45:00,2890.1273925781807
2030-12-05 13:00:00,2924.2711190845403
2030-12-05 13:15:00,2899.2984820555866
2030-12-05 13:30:00,2815.6247995431186
2030-12-05 13:45:00,2714.7968379891845
2030-12-05 14:00:00,2627.5561177491545
2030-12-05 14:15:00,2663.884553697246
2030-12-05 14:30:00,2621.552442610373
2030-12-05 14:45:00,2599.6297620155747
2030-12-05 15:00:00,2635.777961850803
2030-12-05 15:15:00,2637.535705597209
2030-12-05 15:30:00,2752.293197638017
2030-12-05 15:45:00,2729.5136112787586
2030-12-05 16:00:00,2729.1055578109463
2030-12-05 16:15:00,2742.5682632064454
2030-12-05 16:30:00,2963.6525675733374
2030-12-05 16:45:00,2976.6325088013145
2030-12-05 17:00:00,3028.4977220908604
2030-12-05 17:15:00,2988.1167204780722
2030-12-05 17:30:00,2985.949948221154
2030-12-05 17:45:00,2925.802372745642
2030-12-05 18:00:00,2759.2492577966514
2030-12-05 18:15:00,2683.506862857992
2030-12-05 18:30:00,2580.9260337589712
2030-12-05 18:45:00,2461.3804925281
2030-12-05 19:00:00,2322.9380924965953
2030-12-05 19:15:00,2059.3853479172994
2030-12-05 19:30:00,1855.4726308567188
2030-12-05 19:45:00,1667.3381001812431
2030-12-05 20:00:00,1402.4093970489157
2030-12-05 20:15:00,1183.078595591889
2030-12-05 20:30:00,1010.9755845231248
2030-12-05 20:45:00,815.4889194107036
2030-12-05 21:00:00,667.5838271681823
2030-12-05 21:15:00,485.71180390820155
2030-12-05 21:30:00,194.59182395659445
2030-12-05 21:45:00,30.66795275820914
2030-12-05 22:00:00,0.0
2030-12-05 22:15:00,0.0
2030-12-05 22:30:00,0.0
2030-12-05 22:45:00,0.0
2030-12-05 23:00:00,0.0
2030-12-05 23:15:00,0.0
2030-12-05 23:30:00,0.0
2030-12-05 23:45:00,0.0
2030-12-06 00:00:00,0.0
2030-12-06 00:15:00,0.0
2030-12-06 00:30:00,0.0
2030-12-06 00:45:00,0.0
2030-12-06 01:00:00,0.0
2030-12-06 01:15:00,0.0
2030-12-06 01:30:00,0.0
2030-12-06 01:45:00,0.0
2030-12-06 02:00:00,0.0
2030-12-06 02:15:00,0.0
2030-12-06 02:30:00,0.0
2030-12-06 02:45:00,0.0
2030-12-06 03:00:00,0.0
2030-12-06 03:15:00,0.0
2030-12-06 03:30:00,0.0
2030-12-06 03:45:00,0.0
2030-12-06 04:00:00,0.0
2030-12-06 04:15:00,0.0
2030-12-06 04:30:00,0.0
2030-12-06 04:45:00,0.0
2030-12-06 05:00:00,0.0
2030-12-06 05:15:00,0.0
2030-12-06 05:30:00,0.0
2030-12-06 05:45:00,0.0
2030-12-06 06:00:00,0.0
2030-12-06 06:15:00,0.0
2030-12-06 06:30:00,0.0
2030-12-06 06:45:00,188.942775604497
2030-12-06 07:00:00,843.721175182247
2030-12-06 07:15:00,1066.2925385085018
2030-12-06 07:30:00,1247.6557816356399
2030-12-06 07:45:00,1338.5925843214281
2030-12-06 08:00:00,1516.1564813270488
2030-12-06 08:15:00,1689.4155805221617
2030-12-06 08:30:00,1935.3328088501585
2030-12-06 08:45:00,2125.2737331731696
2030-12-06 09:00:00,2148.813710460754
2030-12-06 09:15:00,2304.1064091554726
2030-12-06 09:30:00,2411.9546909733435
2030-12-06 09:45:00,2606.555551460562
2030-12-06 10:00:00,2523.6744085870014
2030-12-06 10:15:00,2530.5721606683855
2030-12-06 10:30:00,2616.938183107677
2030-12-06 10:45:00,2797.9379744114394
2030-12-06 11:00:00,2957.570050733113
2030-12-06 11:15:00,3045.251221260085
2030-12-06 11:30:00,3059.7271145921986
2030-12-06 11:45:00,3148.443256292354
2030-12-06 12:00:00,3177.987877262005
2030-12-06 12:15:00,3194.716616485479
2030-12-06 12:30:00,3179.176870503694
2030-12-06 12:45:00,3165.686712635059
2030-12-06 13:00:00,3087.173661196295
2030-12-06 13:15:00,3058.1358763605167
2030-12-06 13:30:00,3016.4478778323446
2030-12-06 13:45:00,2801.6429518899204
2030-12-06 14:00:00,2808.296453231962
2030-12-06 14:15:00,2801.6939487218606
2030-12-06 14:30:00,2766.533972351961
2030-12-06 14:45:00,2750.5008165958643
2030-12-06 15:00:00,2804.988902614623
2030-12-06 15:15:00,2669.065116766493
2030-12-06 15:30:00,2621.460157056081
2030-12-06 15:45:00,2606.818509209863
2030-12-06 16:00:00,2602.926737076459
2030-12-06 16:15:00,2630.355440338706
2030-12-06 16:30:00,2709.1755513704793
2030-12-06 16:45:00,2766.4342575765077
2030-12-06 17:00:00,2835.319288064773
2030-12-06 17:15:00,2803.604395247432
2030-12-06 17:30:00,2857.2001946601013
2030-12-06 17:45:00,2843.4885459130455
2030-12-06 18:00:00,2698.2581369144664
2030-12-06 18:15:00,2576.2365912399237
2030-12-06 18:30:00,2527.3604153249416
2030-12-06 18:45:00,2440.3408664388517
2030-12-06 19:00:00,2307.1914126987576
2030-12-06 19:15:00,2127.4934891560933
2030-12-06 19:30:00,1990.058109577154
2030-12-06 19:45:00,1874.9865360097938
2030-12-06 20:00:00,1519.0852111262466
2030-12-06 20:15:00,1220.6301919943417
2030-12-06 20:30:00,1082.4496378907534
2030-12-06 20:45:00,889.7960042637624
2030-12-06 21:00:00,668.2039466086753
2030-12-06 21:15:00,531.5802366982243
2030-12-06 21:30:00,334.20449480962634
2030-12-06 21:45:00,148.37096828391077
2030-12-06 22:00:00,0.0
2030-12-06 22:15:00,0.0
2030-12-06 22:30:00,0.0
2030-12-06 22:45:00,0.0
2030-12-06 23:00:00,0.0
2030-12-06 23:15:00,0.0
2030-12-06 23:30:00,0.0
2030-12-06 23:45:00,0.0
2030-12-07 00:00:00,0.0
2030-12-07 00:15:00,0.0
2030-12-07 00:30:00,0.0
2030-12-07 00:45:00,0.0
2030-12-07 01:00:00,0.0
2030-12-07 01:15:00,0.0
2030-12-07 01:30:00,0.0
2030-12-07 01:45:00,0.0
2030-12-07 02:00:00,0.0
2030-12-07 02:15:00,0.0
2030-12-07 02:30:00,0.0
2030-12-07 02:45:00,0.0
2030-12-07 03:00:00,0.0
2030-12-07 03:15:00,0.0
2030-12-07 03:30:00,0.0
2030-12-07 03:45:00,0.0
2030-12-07 04:00:00,0.0
2030-12-07 04:15:00,0.0
2030-12-07 04:30:00,0.0
2030-12-07 04:45:00,0.0
2030-12-07 05:00:00,0.0
2030-12-07 05:15:00,0.0
2030-12-07 05:30:00,0.0
2030-12-07 05:45:00,0.0
2030-12-07 06:00:00,0.0
2030-12-07 06:15:00,0.0
2030-12-07 06:30:00,0.0
2030-12-07 06:45:00,0.0
2030-12-07 07:00:00,53.67787936730747
2030-12-07 07:15:00,189.404025461743
2030-12-07 07:30:00,398.6100070657685
2030-12-07 07:45:00,450.30653324408195
2030-12-07 08:00:00,674.5201597640789
2030-12-07 08:15:00,820.788656717119
2030-12-07 08:30:00,857.1297894598938
2030-12-07 08:45:00,736.722711039014
2030-12-07 09:00:00,575.5431457387731
2030-12-07 09:15:00,576.6749308686885
2030-12-07 09:30:00,448.7408337679062
2030-12-07 09:45:00,349.78245308842634
2030-12-07 10:00:00,147.27078537517446
2030-12-07 10:15:00,169.4856019785111
2030-12-07 10:30:00,61.33376181035783
2030-12-07 10:45:00,0.0
2030-12-07 11:00:00,0.0
2030-12-07 11:15:00,0.0
2030-12-07 11:30:00,0.0
2030-12-07 11:45:00,0.0
2030-12-07 12:00:00,0.0
2030-12-07 12:15:00,0.0
2030-12-07 12:30:00,0.0
2030-12-07 12:45:00,0.0
2030-12-07 13:00:00,0.0
2030-12-07 13:15:00,0.0
2030-12-07 13:30:00,0.0
2030-12-07 13:45:00,0.0
2030-12-07 14:00:00,0.0
2030-12-07 14:15:00,0.0
2030-12-07 14:30:00,0.0
2030-12-07 14:45:00,0.0
2030-12-07 15:00:00,0.0
2030-12-07 15:15:00,0.0
2030-12-07 15:30:00,0.0
2030-12-07 15:45:00,0.0
2030-12-07 16:00:00,0.0
2030-12-07 16:15:00,0.0
2030-12-07 16:30:00,0.0
2030-12-07 16:45:00,0.0
2030-12-07 17:00:00,0.0
2030-12-07 17:15:00,0.0
2030-12-07 17:30:00,0.0
2030-12-07 17:45:00,0.0
2030-12-07 18:00:00,0.0
2030-12-07 18:15:00,0.0
2030-12-07 18:30:00,0.0
2030-12-07 18:45:00,0.0
2030-12-07 19:00:00,0.0
2030-12-07 19:15:00,0.0
2030-12-07 19:30:00,0.0
2030-12-07 19:45:00,0.0
2030-12-07 20:00:00,0.0
2030-12-07 20:15:00,0.0
2030-12-07 20:30:00,0.0
2030-12-07 20:45:00,0.0
2030-12-07 21:00:00,0.0
2030-12-07 21:15:00,0.0
2030-12-07 21:30:00,0.0
2030-12-07 21:45:00,0.0
2030-12-07 22:00:00,0.0
2030-12-07 22:15:00,0.0
2030-12-07 22:30:00,0.0
2030-12-07 22:45:00,0.0
2030-12-07 23:00:00,0.0
2030-12-07 23:15:00,0.0
2030-12-07 23:30:00,0.0
2030-12-07 23:45:00,0.0
2030-12-08 00:00:00,0.0
2030-12-08 00:15:00,0.0
2030-12-08 00:30:00,0.0
2030-12-08 00:45:00,0.0
2030-12-08 01:00:00,0.0
2030-12-08 01:15:00,0.0
2030-12-08 01:30:00,0.0
2030-12-08 01:45:00,0.0
2030-12-08 02:00:00,0.0
2030-12-08 02:15:00,0.0
2030-12-08 02:30:00,0.0
2030-12-08 02:45:00,0.0
2030-12-08 03:00:00,0.0
2030-12-08 03:15:00,0.0
2030-12-08 03:30:00,0.0
2030-12-08 03:45:00,0.0
2030-12-08 04:00:00,0.0
2030-12-08 04:15:00,0.0
2030-12-08 04:30:00,0.0
2030-12-08 04:45:00,0.0
2030-12-08 05:00:00,0.0
2030-12-08 05:15:00,0.0
2030-12-08 05:30:00,0.0
2030-12-08 05:45:00,0.0
2030-12-08 06:00:00,0.0
2030-12-08 06:15:00,0.0
2030-12-08 06:30:00,0.0
2030-12-08 06:45:00,0.0
2030-12-08 07:00:00,0.0
2030-12-08 07:15:00,0.0
2030-12-08 07:30:00,0.0
2030-12-08 07:45:00,0.0
2030-12-08 08:00:00,0.0
2030-12-08 08:15:00,0.0
2030-12-08 08:30:00,0.0
2030-12-08 08:45:00,0.0
2030-12-08 09:00:00,0.0
2030-12-08 09:15:00,0.0
2030-12-08 09:30:00,0.0
2030-12-08 09:45:00,0.0
2030-12-08 10:00:00,0.0
2030-12-08 10:15:00,0.0
2030-12-08 10:30:00,0.0
2030-12-08 10:45:00,0.0
2030-12-08 11:00:00,0.0
2030-12-08 11:15:00,0.0
2030-12-08 11:30:00,0.0
2030-12-08 11:45:00,0.0
2030-12-08 12:00:00,0.0
2030-12-08 12:15:00,0.0
2030-12-08 12:30:00,0.0
2030-12-08 12:45:00,0.0
2030-12-08 13:00:00,0.0
2030-12-08 13:15:00,0.0
2030-12-08 13:30:00,0.0
2030-12-08 13:45:00,0.0
2030-12-08 14:00:00,0.0
2030-12-08 14:15:00,0.0
2030-12-08 14:30:00,0.0
2030-12-08 14:45:00,0.0
2030-12-08 15:00:00,0.0
2030-12-08 15:15:00,0.0
2030-12-08 15:30:00,0.0
2030-12-08 15:45:00,0.0
2030-12-08 16:00:00,0.0
2030-12-08 16:15:00,0.0
2030-12-08 16:30:00,0.0
2030-12-08 16:45:00,0.0
2030-12-08 17:00:00,0.0
2030-12-08 17:15:00,0.0
2030-12-08 17:30:00,0.0
2030-12-08 17:45:00,0.0
2030-12-08 18:00:00,0.0
2030-12-08 18:15:00,0.0
2030-12-08 18:30:00,0.0
2030-12-08 18:45:00,0.0
2030-12-08 19:00:00,0.0
2030-12-08 19:15:00,0.0
2030-12-08 19:30:00,0.0
2030-12-08 19:45:00,0.0
2030-12-08 20:00:00,0.0
2030-12-08 20:15:00,0.0
2030-12-08 20:30:00,0.0
2030-12-08 20:45:00,0.0
2030-12-08 21:00:00,0.0
2030-12-08 21:15:00,0.0
2030-12-08 21:30:00,0.0
2030-12-08 21:45:00,0.0
2030-12-08 22:00:00,0.0
2030-12-08 22:15:00,0.0
2030-12-08 22:30:00,0.0
2030-12-08 22:45:00,0.0
2030-12-08 23:00:00,0.0
2030-12-08 23:15:00,0.0
2030-12-08 23:30:00,0.0
2030-12-08 23:45:00,0.0
2030-12-09 00:00:00,0.0
2030-12-09 00:15:00,0.0
2030-12-09 00:30:00,0.0
2030-12-09 00:45:00,0.0
2030-12-09 01:00:00,0.0
2030-12-09 01:15:00,0.0
2030-12-09 01:30:00,0.0
2030-12-09 01:45:00,0.0
2030-12-09 02:00:00,0.0
2030-12-09 02:15:00,0.0
2030-12-09 02:30:00,0.0
2030-12-09 02:45:00,0.0
2030-12-09 03:00:00,0.0
2030-12-09 03:15:00,0.0
2030-12-09 03:30:00,0.0
2030-12-09 03:45:00,0.0
2030-12-09 04:00:00,0.0
2030-12-09 04:15:00,0.0
2030-12-09 04:30:00,0.0
2030-12-09 04:45:00,0.0
2030-12-09 05:00:00,0.0
2030-12-09 05:15:00,0.0
2030-12-09 05:30:00,0.0
2030-12-09 05:45:00,0.0
2030-12-09 06:00:00,0.0
2030-12-09 06:15:00,0.0
2030-12-09 06:30:00,0.0
2030-12-09 06:45:00,0.0
2030-12-09 07:00:00,0.0
2030-12-09 07:15:00,0.0
2030-12-09 07:30:00,0.0
2030-12-09 07:45:00,0.0
2030-12-09 08:00:00,0.0
2030-12-09 08:15:00,0.0
2030-12-09 08:30:00,0.0
2030-12-09 08:45:00,0.0
2030-12-09 09:00:00,0.0
2030-12-09 09:15:00,0.0
2030-12-09 09:30:00,0.0
2030-12-09 09:45:00,0.0
2030-12-09 10:00:00,0.0
2030-12-09 10:15:00,0.0
2030-12-09 10:30:00,0.0
2030-12-09 10:45:00,0.0
2030-12-09 11:00:00,0.0
2030-12-09 11:15:00,0.0
2030-12-09 11:30:00,0.0
2030-12-09 11:45:00,0.0
2030-12-09 12:00:00,0.0
2030-12-09 12:15:00,0.0
2030-12-09 12:30:00,0.0
2030-12-09 12:45:00,0.0
2030-12-09 13:00:00,0.0
2030-12-09 13:15:00,0.0
2030-12-09 13:30:00,0.0
2030-12-09 13:45:00,0.0
2030-12-09 14:00:00,0.0
2030-12-09 14:15:00,0.0
2030-12-09 14:30:00,0.0
2030-12-09 14:45:00,0.0
2030-12-09 15:00:00,0.0
2030-12-09 15:15:00,0.0
2030-12-09 15:30:00,0.0
2030-12-09 15:45:00,0.0
2030-12-09 16:00:00,0.0
2030-12-09 16:15:00,0.0
2030-12-09 16:30:00,0.0
2030-12-09 16:45:00,0.0
2030-12-09 17:00:00,0.0
2030-12-09 17:15:00,0.0
2030-12-09 17:30:00,0.0
2030-12-09 17:45:00,0.0
2030-12-09 18:00:00,0.0
2030-12-09 18:15:00,0.0
2030-12-09 18:30:00,0.0
2030-12-09 18:45:00,0.0
2030-12-09 19:00:00,0.0
2030-12-09 19:15:00,0.0
2030-12-09 19:30:00,0.0
2030-12-09 19:45:00,0.0
2030-12-09 20:00:00,0.0
2030-12-09 20:15:00,0.0
2030-12-09 20:30:00,0.0
2030-12-09 20:45:00,0.0
2030-12-09 21:00:00,0.0
2030-12-09 21:15:00,0.0
2030-12-09 21:30:00,0.0
2030-12-09 21:45:00,0.0
2030-12-09 22:00:00,0.0
2030-12-09 22:15:00,0.0
2030-12-09 22:30:00,0.0
2030-12-09 22:45:00,0.0
2030-12-09 23:00:00,0.0
2030-12-09 23:15:00,0.0
2030-12-09 23:30:00,0.0
2030-12-09 23:45:00,0.0
2030-12-10 00:00:00,0.0
2030-12-10 00:15:00,0.0
2030-12-10 00:30:00,0.0
2030-12-10 00:45:00,0.0
2030-12-10 01:00:00,0.0
2030-12-10 01:15:00,0.0
2030-12-10 01:30:00,0.0
2030-12-10 01:45:00,0.0
2030-12-10 02:00:00,0.0
2030-12-10 02:15:00,0.0
2030-12-10 02:30:00,0.0
2030-12-10 02:45:00,0.0
2030-12-10 03:00:00,0.0
2030-12-10 03:15:00,0.0
2030-12-10 03:30:00,0.0
2030-12-10 03:45:00,0.0
2030-12-10 04:00:00,0.0
2030-12-10 04:15:00,0.0
2030-12-10 04:30:00,0.0
2030-12-10 04:45:00,0.0
2030-12-10 05:00:00,0.0
2030-12-10 05:15:00,0.0
2030-12-10 05:30:00,0.0
2030-12-10 05:45:00,0.0
2030-12-10 06:00:00,0.0
2030-12-10 06:15:00,0.0
2030-12-10 06:30:00,0.0
2030-12-10 06:45:00,0.0
2030-12-10 07:00:00,0.0
2030-12-10 07:15:00,0.0
2030-12-10 07:30:00,0.0
2030-12-10 07:45:00,0.0
2030-12-10 08:00:00,0.0
2030-12-10 08:15:00,0.0
2030-12-10 08:30:00,0.0
2030-12-10 08:45:00,0.0
2030-12-10 09:00:00,0.0
2030-12-10 09:15:00,0.0
2030-12-10 09:30:00,0.0
2030-12-10 09:45:00,0.0
2030-12-10 10:00:00,0.0
2030-12-10 10:15:00,0.0
2030-12-10 10:30:00,0.0
2030-12-10 10:45:00,0.0
2030-12-10 11:00:00,0.0
2030-12-10 11:15:00,0.0
2030-12-10 11:30:00,0.0
2030-12-10 11:45:00,0.0
2030-12-10 12:00:00,0.0
2030-12-10 12:15:00,0.0
2030-12-10 12:30:00,0.0
2030-12-10 12:45:00,0.0
2030-12-10 13:00:00,0.0
2030-12-10 13:15:00,0.0
2030-12-10 13:30:00,0.0
2030-12-10 13:45:00,0.0
2030-12-10 14:00:00,0.0
2030-12-10 14:15:00,0.0
2030-12-10 14:30:00,0.0
2030-12-10 14:45:00,0.0
2030-12-10 15:00:00,0.0
2030-12-10 15:15:00,0.0
2030-12-10 15:30:00,0.0
2030-12-10 15:45:00,0.0
2030-12-10 16:00:00,0.0
2030-12-10 16:15:00,0.0
2030-12-10 16:30:00,0.0
2030-12-10 16:45:00,0.0
2030-12-10 17:00:00,0.0
2030-12-10 17:15:00,0.0
2030-12-10 17:30:00,0.0
2030-12-10 17:45:00,0.0
2030-12-10 18:00:00,0.0
2030-12-10 18:15:00,0.0
2030-12-10 18:30:00,0.0
2030-12-10 18:45:00,0.0
2030-12-10 19:00:00,0.0
2030-12-10 19:15:00,0.0
2030-12-10 19:30:00,0.0
2030-12-10 19:45:00,0.0
2030-12-10 20:00:00,0.0
2030-12-10 20:15:00,0.0
2030-12-10 20:30:00,0.0
2030-12-10 20:45:00,0.0
2030-12-10 21:00:00,0.0
2030-12-10 21:15:00,0.0
2030-12-10 21:30:00,0.0
2030-12-10 21:45:00,0.0
2030-12-10 22:00:00,0.0
2030-12-10 22:15:00,0.0
2030-12-10 22:30:00,0.0
2030-12-10 22:45:00,0.0
2030-12-10 23:00:00,0.0
2030-12-10 23:15:00,0.0
2030-12-10 23:30:00,0.0
2030-12-10 23:45:00,0.0
2030-12-11 00:00:00,0.0
2030-12-11 00:15:00,0.0
2030-12-11 00:30:00,0.0
2030-12-11 00:45:00,0.0
2030-12-11 01:00:00,0.0
2030-12-11 01:15:00,0.0
2030-12-11 01:30:00,0.0
2030-12-11 01:45:00,0.0
2030-12-11 02:00:00,0.0
2030-12-11 02:15:00,0.0
2030-12-11 02:30:00,0.0
2030-12-11 02:45:00,0.0
2030-12-11 03:00:00,0.0
2030-12-11 03:15:00,0.0
2030-12-11 03:30:00,0.0
2030-12-11 03:45:00,0.0
2030-12-11 04:00:00,0.0
2030-12-11 04:15:00,0.0
2030-12-11 04:30:00,0.0
2030-12-11 04:45:00,0.0
2030-12-11 05:00:00,0.0
2030-12-11 05:15:00,0.0
2030-12-11 05:30:00,0.0
2030-12-11 05:45:00,0.0
2030-12-11 06:00:00,0.0
2030-12-11 06:15:00,0.0
2030-12-11 06:30:00,0.0
2030-12-11 06:45:00,0.0
2030-12-11 07:00:00,0.0
2030-12-11 07:15:00,0.0
2030-12-11 07:30:00,0.0
2030-12-11 07:45:00,0.0
2030-12-11 08:00:00,0.0
2030-12-11 08:15:00,0.0
2030-12-11 08:30:00,0.0
2030-12-11 08:45:00,0.0
2030-12-11 09:00:00,0.0
2030-12-11 09:15:00,0.0
2030-12-11 09:30:00,0.0
2030-12-11 09:45:00,0.0
2030-12-11 10:00:00,0.0
2030-12-11 10:15:00,0.0
2030-12-11 10:30:00,0.0
2030-12-11 10:45:00,0.0
2030-12-11 11:00:00,0.0
2030-12-11 11:15:00,0.0
2030-12-11 11:30:00,0.0
2030-12-11 11:45:00,0.0
2030-12-11 12:00:00,0.0
2030-12-11 12:15:00,0.0
2030-12-11 12:30:00,0.0
2030-12-11 12:45:00,0.0
2030-12-11 13:00:00,0.0
2030-12-11 13:15:00,0.0
2030-12-11 13:30:00,0.0
2030-12-11 13:45:00,0.0
2030-12-11 14:00:00,0.0
2030-12-11 14:15:00,0.0
2030-12-11 14:30:00,0.0
2030-12-11 14:45:00,0.0
2030-12-11 15:00:00,0.0
2030-12-11 15:15:00,0.0
2030-12-11 15:30:00,0.0
2030-12-11 15:45:00,0.0
2030-12-11 16:00:00,0.0
2030-12-11 16:15:00,0.0
2030-12-11 16:30:00,0.0
2030-12-11 16:45:00,0.0
2030-12-11 17:00:00,0.0
2030-12-11 17:15:00,0.0
2030-12-11 17:30:00,0.0
2030-12-11 17:45:00,0.0
2030-12-11 18:00:00,0.0
2030-12-11 18:15:00,0.0
2030-12-11 18:30:00,0.0
2030-12-11 18:45:00,0.0
2030-12-11 19:00:00,0.0
2030-12-11 19:15:00,0.0
2030-12-11 19:30:00,0.0
2030-12-11 19:45:00,0.0
2030-12-11 20:00:00,0.0
2030-12-11 20:15:00,0.0
2030-12-11 20:30:00,0.0
2030-12-11 20:45:00,0.0
2030-12-11 21:00:00,0.0
2030-12-11 21:15:00,0.0
2030-12-11 21:30:00,0.0
2030-12-11 21:45:00,0.0
2030-12-11 22:00:00,0.0
2030-12-11 22:15:00,0.0
2030-12-11 22:30:00,0.0
2030-12-11 22:45:00,0.0
2030-12-11 23:00:00,0.0
2030-12-11 23:15:00,0.0
2030-12-11 23:30:00,0.0
2030-12-11 23:45:00,0.0
2030-12-12 00:00:00,0.0
2030-12-12 00:15:00,0.0
2030-12-12 00:30:00,0.0
2030-12-12 00:45:00,0.0
2030-12-12 01:00:00,0.0
2030-12-12 01:15:00,0.0
2030-12-12 01:30:00,0.0
2030-12-12 01:45:00,0.0
2030-12-12 02:00:00,0.0
2030-12-12 02:15:00,0.0
2030-12-12 02:30:00,0.0
2030-12-12 02:45:00,0.0
2030-12-12 03:00:00,0.0
2030-12-12 03:15:00,0.0
2030-12-12 03:30:00,0.0
2030-12-12 03:45:00,0.0
2030-12-12 04:00:00,0.0
2030-12-12 04:15:00,0.0
2030-12-12 04:30:00,0.0
2030-12-12 04:45:00,0.0
2030-12-12 05:00:00,0.0
2030-12-12 05:15:00,0.0
2030-12-12 05:30:00,0.0
2030-12-12 05:45:00,0.0
2030-12-12 06:00:00,0.0
2030-12-12 06:15:00,0.0
2030-12-12 06:30:00,0.0
2030-12-12 06:45:00,0.0
2030-12-12 07:00:00,0.0
2030-12-12 07:15:00,0.0
2030-12-12 07:30:00,0.0
2030-12-12 07:45:00,0.0
2030-12-12 08:00:00,0.0
2030-12-12 08:15:00,0.0
2030-12-12 08:30:00,0.0
2030-12-12 08:45:00,0.0
2030-12-12 09:00:00,0.0
2030-12-12 09:15:00,0.0
2030-12-12 09:30:00,0.0
2030-12-12 09:45:00,0.0
2030-12-12 10:00:00,58.76349666536771
2030-12-12 10:15:00,183.95994665098806
2030-12-12 10:30:00,378.3909674283059
2030-12-12 10:45:00,492.16424975881273
2030-12-12 11:00:00,550.0795296824836
2030-12-12 11:15:00,610.581077752031
2030-12-12 11:30:00,682.1923665913018
2030-12-12 11:45:00,866.3975505186609
2030-12-12 12:00:00,1000.4063833986129
2030-12-12 12:15:00,1033.1772513983815
2030-12-12 12:30:00,1169.7034637693578
2030-12-12 12:45:00,1262.2031720561572
2030-12-12 13:00:00,1403.4495111698525
2030-12-12 13:15:00,1534.7957039721878
2030-12-12 13:30:00,1612.2343868193875
2030-12-12 13:45:00,1538.8064857510708
2030-12-12 14:00:00,1612.6322645168857
2030-12-12 14:15:00,1617.852128178014
2030-12-12 14:30:00,1667.2971017543532
2030-12-12 14:45:00,1739.2925477789722
2030-12-12 15:00:00,1824.0080639026673
2030-12-12 15:15:00,1889.856197067309
2030-12-12 15:30:00,2000.7819101139576
2030-12-12 15:45:00,2035.1251862399095
2030-12-12 16:00:00,2140.307794696062
2030-12-12 16:15:00,2362.492790465205
2030-12-12 16:30:00,2421.2178782788615
2030-12-12 16:45:00,2416.4914116375003
2030-12-12 17:00:00,2374.3012189870315
2030-12-12 17:15:00,2361.8419699999504
2030-12-12 17:30:00,2310.980411759934
2030-12-12 17:45:00,2203.4306581536475
2030-12-12 18:00:00,2055.596655932981
2030-12-12 18:15:00,1951.872778588715
2030-12-12 18:30:00,1934.1911909756654
2030-12-12 18:45:00,1886.7798440097904
2030-12-12 19:00:00,1644.3065351433015
2030-12-12 19:15:00,1498.2644577926185
2030-12-12 19:30:00,1351.0699724801962
2030-12-12 19:45:00,1035.325326788894
2030-12-12 20:00:00,613.3412761999225
2030-12-12 20:15:00,381.2922078796
2030-12-12 20:30:00,137.54528836895224
2030-12-12 20:45:00,0.0
2030-12-12 21:00:00,0.0
2030-12-12 21:15:00,0.0
2030-12-12 21:30:00,0.0
2030-12-12 21:45:00,0.0
2030-12-12 22:00:00,0.0
2030-12-12 22:15:00,0.0
2030-12-12 22:30:00,0.0
2030-12-12 22:45:00,0.0
2030-12-12 23:00:00,0.0
2030-12-12 23:15:00,0.0
2030-12-12 23:30:00,0.0
2030-12-12 23:45:00,0.0
2030-12-13 00:00:00,0.0
2030-12-13 00:15:00,0.0
2030-12-13 00:30:00,0.0
2030-12-13 00:45:00,0.0
2030-12-13 01:00:00,0.0
2030-12-13 01:15:00,0.0
2030-12-13 01:30:00,0.0
2030-12-13 01:45:00,0.0
2030-12-13 02:00:00,0.0
2030-12-13 02:15:00,0.0
2030-12-13 02:30:00,0.0
2030-12-13 02:45:00,0.0
2030-12-13 03:00:00,0.0
2030-12-13 03:15:00,0.0
2030-12-13 03:30:00,0.0
2030-12-13 03:45:00,0.0
2030-12-13 04:00:00,0.0
2030-12-13 04:15:00,0.0
2030-12-13 04:30:00,0.0
2030-12-13 04:45:00,0.0
2030-12-13 05:00:00,0.0
2030-12-13 05:15:00,0.0
2030-12-13 05:30:00,0.0
2030-12-13 05:45:00,0.0
2030-12-13 06:00:00,0.0
2030-12-13 06:15:00,0.0
2030-12-13 06:30:00,0.0
2030-12-13 06:45:00,136.33310830167648
2030-12-13 07:00:00,648.4259171582962
2030-12-13 07:15:00,844.4874087786993
2030-12-13 07:30:00,1058.3776039222685
2030-12-13 07:45:00,1230.1591273222984
2030-12-13 08:00:00,1452.4074379041558
2030-12-13 08:15:00,1487.9382883335747
2030-12-13 08:30:00,1304.6408622426316
2030-12-13 08:45:00,1166.023838075309
2030-12-13 09:00:00,1199.2934529984377
2030-12-13 09:15:00,1258.0593760720876
2030-12-13 09:30:00,1204.34454584983
2030-12-13 09:45:00,1151.7842477113409
2030-12-13 10:00:00,1117.6166746635663
2030-12-13 10:15:00,1017.1444311086943
2030-12-13 10:30:00,1115.071891909205
2030-12-13 10:45:00,1097.5363127038618
2030-12-13 11:00:00,970.3874292942855
2030-12-13 11:15:00,1032.9499340923503
2030-12-13 11:30:00,1042.7088951635596
2030-12-13 11:45:00,1073.9053085921423
2030-12-13 12:00:00,1015.509107298587
2030-12-13 12:15:00,1082.6307682142615
2030-12-13 12:30:00,1156.9013574955388
2030-12-13 12:45:00,1169.8417152031998
2030-12-13 13:00:00,1234.6042373140735
2030-12-13 13:15:00,1347.6051976897634
2030-12-13 13:30:00,1461.2125471205618
2030-12-13 13:45:00,1474.2023955808218
2030-12-13 14:00:00,1547.5484422311984
2030-12-13 14:15:00,1678.4361952147156
2030-12-13 14:30:00,1843.2285869025945
2030-12-13 14:45:00,1923.0585462602285
2030-12-13 15:00:00,1933.4740753752394
2030-12-13 15:15:00,2045.4403852491378
2030-12-13 15:30:00,2126.9118131432315
2030-12-13 15:45:00,2197.847065761227
2030-12-13 16:00:00,2284.28665495311
2030-12-13 16:15:00,2441.640696521614
2030-12-13 16:30:00,2564.614544614331
2030-12-13 16:45:00,2610.6392179874583
2030-12-13 17:00:00,2589.5005319133925
2030-12-13 17:15:00,2614.330575514843
2030-12-13 17:30:00,2658.2519951528884
2030-12-13 17:45:00,2654.057895284008
2030-12-13 18:00:00,2568.8019777372356
2030-12-13 18:15:00,2554.4768474990415
2030-12-13 18:30:00,2504.1788286515766
2030-12-13 18:45:00,2471.7792278636643
2030-12-13 19:00:00,2396.991205936072
2030-12-13 19:15:00,2224.830665588732
2030-12-13 19:30:00,2078.289383668438
2030-12-13 19:45:00,1911.930216676732
2030-12-13 20:00:00,1717.117431436418
2030-12-13 20:15:00,1422.049921779264
2030-12-13 20:30:00,1252.58163869266
2030-12-13 20:45:00,987.4265028946811
2030-12-13 21:00:00,676.798885162194
2030-12-13 21:15:00,411.5903094559253
2030-12-13 21:30:00,280.95157205699434
2030-12-13 21:45:00,64.30208366483384
2030-12-13 22:00:00,0.0
2030-12-13 22:15:00,0.0
2030-12-13 22:30:00,0.0
2030-12-13 22:45:00,0.0
2030-12-13 23:00:00,0.0
2030-12-13 23:15:00,0.0
2030-12-13 23:30:00,0.0
2030-12-13 23:45:00,0.0
2030-12-14 00:00:00,0.0
2030-12-14 00:15:00,0.0
2030-12-14 00:30:00,0.0
2030-12-14 00:45:00,0.0
2030-12-14 01:00:00,0.0
2030-12-14 01:15:00,0.0
2030-12-14 01:30:00,0.0
2030-12-14 01:45:00,0.0
2030-12-14 02:00:00,0.0
2030-12-14 02:15:00,0.0
2030-12-14 02:30:00,0.0
2030-12-14 02:45:00,0.0
2030-12-14 03:00:00,0.0
2030-12-14 03:15:00,0.0
2030-12-14 03:30:00,0.0
2030-12-14 03:45:00,0.0
2030-12-14 04:00:00,0.0
2030-12-14 04:15:00,0.0
2030-12-14 04:30:00,0.0
2030-12-14 04:45:00,0.0
2030-12-14 05:00:00,0.0
2030-12-14 05:15:00,0.0
2030-12-14 05:30:00,0.0
2030-12-14 05:45:00,0.0
2030-12-14 06:00:00,0.0
2030-12-14 06:15:00,0.0
2030-12-14 06:30:00,124.2159622905474
2030-12-14 06:45:00,367.28876011577995
2030-12-14 07:00:00,925.9478878755181
2030-12-14 07:15:00,1269.0609354759436
2030-12-14 07:30:00,1520.5249691494246
2030-12-14 07:45:00,1589.2325877179865
2030-12-14 08:00:00,1728.192692988454
2030-12-14 08:15:00,1817.394153231813
2030-12-14 08:30:00,1764.7184271582355
2030-12-14 08:45:00,1725.0399518094382
2030-12-14 09:00:00,1670.3636203981696
2030-12-14 09:15:00,1746.4865601490237
2030-12-14 09:30:00,1765.2361291233556
2030-12-14 09:45:00,1828.908403950185
2030-12-14 10:00:00,1801.1016064768137
2030-12-14 10:15:00,1827.217453004936
2030-12-14 10:30:00,1831.7649816418016
2030-12-14 10:45:00,1807.0065535387985
2030-12-14 11:00:00,1747.8503684901552
2030-12-14 11:15:00,1744.935040635859
2030-12-14 11:30:00,1771.8701891208439
2030-12-14 11:45:00,1803.6348700763847
2030-12-14 12:00:00,1769.8579811775453
2030-12-14 12:15:00,1731.4419268533857
2030-12-14 12:30:00,1776.5668680169874
2030-12-14 12:45:00,1825.2480078681947
2030-12-14 13:00:00,1931.103959766504
2030-12-14 13:15:00,2021.7109459624044
2030-12-14 13:30:00,2129.733349176877
2030-12-14 13:45:00,2095.892162637978
2030-12-14 14:00:00,2110.987516874913
2030-12-14 14:15:00,2077.957673480716
2030-12-14 14:30:00,2148.341015766655
2030-12-14 14:45:00,2104.802194923319
2030-12-14 15:00:00,2195.7338375300224
2030-12-14 15:15:00,2202.4514628360157
2030-12-14 15:30:00,2269.303567130073
2030-12-14 15:45:00,2239.455635720511
2030-12-14 16:00:00,2357.5723906231506
2030-12-14 16:15:00,2401.861966298602
2030-12-14 16:30:00,2503.385351271012
2030-12-14 16:45:00,2539.094906924958
2030-12-14 17:00:00,2617.864604196664
2030-12-14 17:15:00,2641.1478264176476
2030-12-14 17:30:00,2596.542306620595
2030-12-14 17:45:00,2594.1908761857885
2030-12-14 18:00:00,2550.005250077058
2030-12-14 18:15:00,2402.641338700869
2030-12-14 18:30:00,2303.8323937376354
2030-12-14 18:45:00,2265.8642995137598
2030-12-14 19:00:00,2137.0845112080115
2030-12-14 19:15:00,2018.308811153267
2030-12-14 19:30:00,1859.4798070259385
2030-12-14 19:45:00,1726.0954837209829
2030-12-14 20:00:00,1463.4544281798335
2030-12-14 20:15:00,1132.6844398870726
2030-12-14 20:30:00,875.9495074759361
2030-12-14 20:45:00,652.4078639920081
2030-12-14 21:00:00,504.5960026247376
2030-12-14 21:15:00,375.13367776049563
2030-12-14 21:30:00,143.72366821427931
2030-12-14 21:45:00,0.0
2030-12-14 22:00:00,0.0
2030-12-14 22:15:00,0.0
2030-12-14 22:30:00,0.0
2030-12-14 22:45:00,0.0
2030-12-14 23:00:00,0.0
2030-12-14 23:15:00,0.0
2030-12-14 23:30:00,0.0
2030-12-14 23:45:00,0.0
2030-12-15 00:00:00,0.0
2030-12-15 00:15:00,0.0
2030-12-15 00:30:00,0.0
2030-12-15 00:45:00,0.0
2030-12-15 01:00:00,0.0
2030-12-15 01:15:00,0.0
2030-12-15 01:30:00,0.0
2030-12-15 01:45:00,0.0
2030-12-15 02:00:00,0.0
2030-12-15 02:15:00,0.0
2030-12-15 02:30:00,0.0
2030-12-15 02:45:00,0.0
2030-12-15 03:00:00,0.0
2030-12-15 03:15:00,0.0
2030-12-15 03:30:00,0.0
2030-12-15 03:45:00,0.0
2030-12-15 04:00:00,0.0
2030-12-15 04:15:00,0.0
2030-12-15 04:30:00,0.0
2030-12-15 04:45:00,0.0
2030-12-15 05:00:00,0.0
2030-12-15 05:15:00,0.0
2030-12-15 05:30:00,0.0
2030-12-15 05:45:00,0.0
2030-12-15 06:00:00,0.0
2030-12-15 06:15:00,0.0
2030-12-15 06:30:00,0.0
2030-12-15 06:45:00,357.0671726250075
2030-12-15 07:00:00,793.9451399053578
2030-12-15 07:15:00,1094.4082409630137
2030-12-15 07:30:00,1282.9729898428632
2030-12-15 07:45:00,1392.0111181597476
2030-12-15 08:00:00,1553.613674672868
2030-12-15 08:15:00,1585.9980978941567
2030-12-15 08:30:00,1514.2225080787648
2030-12-15 08:45:00,1520.0237327446157
2030-12-15 09:00:00,1352.3341625770045
2030-12-15 09:15:00,1320.9585586216726
2030-12-15 09:30:00,1299.3877831695627
2030-12-15 09:45:00,1219.9838628139041
2030-12-15 10:00:00,1154.8839910368697
2030-12-15 10:15:00,1130.7183324941016
2030-12-15 10:30:00,1068.5876201502215
2030-12-15 10:45:00,1100.6035445906346
2030-12-15 11:00:00,924.350963873083
2030-12-15 11:15:00,826.9534336588295
2030-12-15 11:30:00,770.7784212967908
2030-12-15 11:45:00,717.5014767091598
2030-12-15 12:00:00,598.4606459071783
2030-12-15 12:15:00,626.6241268176236
2030-12-15 12:30:00,602.1261632846836
2030-12-15 12:45:00,554.3441050810361
2030-12-15 13:00:00,507.49484539841615
2030-12-15 13:15:00,471.6179651247003
2030-12-15 13:30:00,417.9263464399901
2030-12-15 13:45:00,267.957424922206
2030-12-15 14:00:00,221.4252868783842
2030-12-15 14:15:00,130.32458753838364
2030-12-15 14:30:00,37.01396377027777
2030-12-15 14:45:00,20.1591646850502
2030-12-15 15:00:00,71.62940882261682
2030-12-15 15:15:00,0.0
2030-12-15 15:30:00,0.0
2030-12-15 15:45:00,0.0
2030-12-15 16:00:00,0.0
2030-12-15 16:15:00,0.0
2030-12-15 16:30:00,0.0
2030-12-15 16:45:00,0.0
2030-12-15 17:00:00,0.0
2030-12-15 17:15:00,0.0
2030-12-15 17:30:00,0.0
2030-12-15 17:45:00,0.0
2030-12-15 18:00:00,0.0
2030-12-15 18:15:00,0.0
2030-12-15 18:30:00,0.0
2030-12-15 18:45:00,0.0
2030-12-15 19:00:00,0.0
2030-12-15 19:15:00,0.0
2030-12-15 19:30:00,0.0
2030-12-15 19:45:00,0.0
2030-12-15 20:00:00,0.0
2030-12-15 20:15:00,0.0
2030-12-15 20:30:00,0.0
2030-12-15 20:45:00,0.0
2030-12-15 21:00:00,0.0
2030-12-15 21:15:00,0.0
2030-12-15 21:30:00,0.0
2030-12-15 21:45:00,0.0
2030-12-15 22:00:00,0.0
2030-12-15 22:15:00,0.0
2030-12-15 22:30:00,0.0
2030-12-15 22:45:00,0.0
2030-12-15 23:00:00,0.0
2030-12-15 23:15:00,0.0
2030-12-15 23:30:00,0.0
2030-12-15 23:45:00,0.0
2030-12-16 00:00:00,0.0
2030-12-16 00:15:00,0.0
2030-12-16 00:30:00,0.0
2030-12-16 00:45:00,0.0
2030-12-16 01:00:00,0.0
2030-12-16 01:15:00,0.0
2030-12-16 01:30:00,0.0
2030-12-16 01:45:00,0.0
2030-12-16 02:00:00,0.0
2030-12-16 02:15:00,0.0
2030-12-16 02:30:00,0.0
2030-12-16 02:45:00,0.0
2030-12-16 03:00:00,0.0
2030-12-16 03:15:00,0.0
2030-12-16 03:30:00,0.0
2030-12-16 03:45:00,0.0
2030-12-16 04:00:00,0.0
2030-12-16 04:15:00,0.0
2030-12-16 04:30:00,0.0
2030-12-16 04:45:00,0.0
2030-12-16 05:00:00,0.0
2030-12-16 05:15:00,0.0
2030-12-16 05:30:00,0.0
2030-12-16 05:45:00,0.0
2030-12-16 06:00:00,0.0
2030-12-16 06:15:00,0.0
2030-12-16 06:30:00,0.0
2030-12-16 06:45:00,0.0
2030-12-16 07:00:00,0.0
2030-12-16 07:15:00,0.0
2030-12-16 07:30:00,0.0
2030-12-16 07:45:00,0.0
2030-12-16 08:00:00,0.0
2030-12-16 08:15:00,0.0
2030-12-16 08:30:00,0.0
2030-12-16 08:45:00,0.0
2030-12-16 09:00:00,0.0
2030-12-16 09:15:00,0.0
2030-12-16 09:30:00,0.0
2030-12-16 09:45:00,0.0
2030-12-16 10:00:00,0.0
2030-12-16 10:15:00,0.0
2030-12-16 10:30:00,0.0
2030-12-16 10:45:00,0.0
2030-12-16 11:00:00,0.0
2030-12-16 11:15:00,0.0
2030-12-16 11:30:00,0.0
2030-12-16 11:45:00,0.0
2030-12-16 12:00:00,0.0
2030-12-16 12:15:00,0.0
2030-12-16 12:30:00,0.0
2030-12-16 12:45:00,0.0
2030-12-16 13:00:00,0.0
2030-12-16 13:15:00,0.0
2030-12-16 13:30:00,0.0
2030-12-16 13:45:00,0.0
2030-12-16 14:00:00,0.0
2030-12-16 14:15:00,0.0
2030-12-16 14:30:00,0.0
2030-12-16 14:45:00,0.0
2030-12-16 15:00:00,0.0
2030-12-16 15:15:00,0.0
2030-12-16 15:30:00,0.0
2030-12-16 15:45:00,0.0
2030-12-16 16:00:00,0.0
2030-12-16 16:15:00,0.0
2030-12-16 16:30:00,0.0
2030-12-16 16:45:00,0.0
2030-12-16 17:00:00,0.0
2030-12-16 17:15:00,0.0
2030-12-16 17:30:00,0.0
2030-12-16 17:45:00,0.0
2030-12-16 18:00:00,0.0
2030-12-16 18:15:00,0.0
2030-12-16 18:30:00,0.0
2030-12-16 18:45:00,0.0
2030-12-16 19:00:00,0.0
2030-12-16 19:15:00,0.0
2030-12-16 19:30:00,0.0
2030-12-16 19:45:00,0.0
2030-12-16 20:00:00,0.0
2030-12-16 20:15:00,0.0
2030-12-16 20:30:00,0.0
2030-12-16 20:45:00,0.0
2030-12-16 21:00:00,0.0
2030-12-16 21:15:00,0.0
2030-12-16 21:30:00,0.0
2030-12-16 21:45:00,0.0
2030-12-16 22:00:00,0.0
2030-12-16 22:15:00,0.0
2030-12-16 22:30:00,0.0
2030-12-16 22:45:00,0.0
2030-12-16 23:00:00,0.0
2030-12-16 23:15:00,0.0
2030-12-16 23:30:00,0.0
2030-12-16 23:45:00,0.0
2030-12-17 00:00:00,0.0
2030-12-17 00:15:00,0.0
2030-12-17 00:30:00,0.0
2030-12-17 00:45:00,0.0
2030-12-17 01:00:00,0.0
2030-12-17 01:15:00,0.0
2030-12-17 01:30:00,0.0
2030-12-17 01:45:00,0.0
2030-12-17 02:00:00,0.0
2030-12-17 02:15:00,0.0
2030-12-17 02:30:00,0.0
2030-12-17 02:45:00,0.0
2030-12-17 03:00:00,0.0
2030-12-17 03:15:00,0.0
2030-12-17 03:30:00,0.0
2030-12-17 03:45:00,0.0
2030-12-17 04:00:00,0.0
2030-12-17 04:15:00,0.0
2030-12-17 04:30:00,0.0
2030-12-17 04:45:00,0.0
2030-12-17 05:00:00,0.0
2030-12-17 05:15:00,0.0
2030-12-17 05:30:00,0.0
2030-12-17 05:45:00,0.0
2030-12-17 06:00:00,0.0
2030-12-17 06:15:00,0.0
2030-12-17 06:30:00,0.0
2030-12-17 06:45:00,0.0
2030-12-17 07:00:00,0.0
2030-12-17 07:15:00,0.0
2030-12-17 07:30:00,0.0
2030-12-17 07:45:00,0.0
2030-12-17 08:00:00,0.0
2030-12-17 08:15:00,0.0
2030-12-17 08:30:00,0.0
2030-12-17 08:45:00,0.0
2030-12-17 09:00:00,0.0
2030-12-17 09:15:00,0.0
2030-12-17 09:30:00,0.0
2030-12-17 09:45:00,0.0
2030-12-17 10:00:00,0.0
2030-12-17 10:15:00,0.0
2030-12-17 10:30:00,0.0
2030-12-17 10:45:00,0.0
2030-12-17 11:00:00,0.0
2030-12-17 11:15:00,0.0
2030-12-17 11:30:00,0.0
2030-12-17 11:45:00,0.0
2030-12-17 12:00:00,0.0
2030-12-17 12:15:00,0.0
2030-12-17 12:30:00,0.0
2030-12-17 12:45:00,0.0
2030-12-17 13:00:00,0.0
2030-12-17 13:15:00,0.0
2030-12-17 13:30:00,0.0
2030-12-17 13:45:00,0.0
2030-12-17 14:00:00,0.0
2030-12-17 14:15:00,0.0
2030-12-17 14:30:00,0.0
2030-12-17 14:45:00,0.0
2030-12-17 15:00:00,0.0
2030-12-17 15:15:00,0.0
2030-12-17 15:30:00,0.0
2030-12-17 15:45:00,0.0
2030-12-17 16:00:00,0.0
2030-12-17 16:15:00,0.0
2030-12-17 16:30:00,0.0
2030-12-17 16:45:00,0.0
2030-12-17 17:00:00,0.0
2030-12-17 17:15:00,0.0
2030-12-17 17:30:00,0.0
2030-12-17 17:45:00,0.0
2030-12-17 18:00:00,0.0
2030-12-17 18:15:00,0.0
2030-12-17 18:30:00,0.0
2030-12-17 18:45:00,0.0
2030-12-17 19:00:00,0.0
2030-12-17 19:15:00,0.0
2030-12-17 19:30:00,0.0
2030-12-17 19:45:00,0.0
2030-12-17 20:00:00,0.0
2030-12-17 20:15:00,0.0
2030-12-17 20:30:00,0.0
2030-12-17 20:45:00,0.0
2030-12-17 21:00:00,0.0
2030-12-17 21:15:00,0.0
2030-12-17 21:30:00,0.0
2030-12-17 21:45:00,0.0
2030-12-17 22:00:00,0.0
2030-12-17 22:15:00,0.0
2030-12-17 22:30:00,0.0
2030-12-17 22:45:00,0.0
2030-12-17 23:00:00,0.0
2030-12-17 23:15:00,0.0
2030-12-17 23:30:00,0.0
2030-12-17 23:45:00,0.0
2030-12-18 00:00:00,0.0
2030-12-18 00:15:00,0.0
2030-12-18 00:30:00,0.0
2030-12-18 00:45:00,0.0
2030-12-18 01:00:00,0.0
2030-12-18 01:15:00,0.0
2030-12-18 01:30:00,0.0
2030-12-18 01:45:00,0.0
2030-12-18 02:00:00,0.0
2030-12-18 02:15:00,0.0
2030-12-18 02:30:00,0.0
2030-12-18 02:45:00,0.0
2030-12-18 03:00:00,0.0
2030-12-18 03:15:00,0.0
2030-12-18 03:30:00,0.0
2030-12-18 03:45:00,0.0
2030-12-18 04:00:00,0.0
2030-12-18 04:15:00,0.0
2030-12-18 04:30:00,0.0
2030-12-18 04:45:00,0.0
2030-12-18 05:00:00,0.0
2030-12-18 05:15:00,0.0
2030-12-18 05:30:00,0.0
2030-12-18 05:45:00,0.0
2030-12-18 06:00:00,0.0
2030-12-18 06:15:00,0.0
2030-12-18 06:30:00,0.0
2030-12-18 06:45:00,0.0
2030-12-18 07:00:00,0.0
2030-12-18 07:15:00,0.0
2030-12-18 07:30:00,0.0
2030-12-18 07:45:00,0.0
2030-12-18 08:00:00,0.0
2030-12-18 08:15:00,0.0
2030-12-18 08:30:00,0.0
2030-12-18 08:45:00,0.0
2030-12-18 09:00:00,0.0
2030-12-18 09:15:00,0.0
2030-12-18 09:30:00,0.0
2030-12-18 09:45:00,0.0
2030-12-18 10:00:00,0.0
2030-12-18 10:15:00,0.0
2030-12-18 10:30:00,0.0
2030-12-18 10:45:00,0.0
2030-12-18 11:00:00,0.0
2030-12-18 11:15:00,0.0
2030-12-18 11:30:00,0.0
2030-12-18 11:45:00,0.0
2030-12-18 12:00:00,0.0
2030-12-18 12:15:00,0.0
2030-12-18 12:30:00,0.0
2030-12-18 12:45:00,0.0
2030-12-18 13:00:00,55.68335782001304
2030-12-18 13:15:00,0.0
2030-12-18 13:30:00,0.0
2030-12-18 13:45:00,0.0
2030-12-18 14:00:00,0.0
2030-12-18 14:15:00,74.38008230178275
2030-12-18 14:30:00,152.87278213140053
2030-12-18 14:45:00,211.9740378504157
2030-12-18 15:00:00,437.63051098943833
2030-12-18 15:15:00,661.1287262175665
2030-12-18 15:30:00,857.2736492845997
2030-12-18 15:45:00,847.8879013162223
2030-12-18 16:00:00,1119.1167325154602
2030-12-18 16:15:00,1267.3002802044866
2030-12-18 16:30:00,1443.6706296537122
2030-12-18 16:45:00,1646.75688146655
2030-12-18 17:00:00,1788.5920415890723
2030-12-18 17:15:00,1844.3020473434517
2030-12-18 17:30:00,1884.8372826474842
2030-12-18 17:45:00,1926.427149215142
2030-12-18 18:00:00,1812.4591620070933
2030-12-18 18:15:00,1758.4978785641251
2030-12-18 18:30:00,1757.7223124035336
2030-12-18 18:45:00,1727.0331123395044
2030-12-18 19:00:00,1696.3748047089448
2030-12-18 19:15:00,1658.0133097817688
2030-12-18 19:30:00,1486.7651929311833
2030-12-18 19:45:00,1306.9405742921808
2030-12-18 20:00:00,1121.215670131467
2030-12-18 20:15:00,995.6113052235814
2030-12-18 20:30:00,836.3144362201365
2030-12-18 20:45:00,709.8352104117403
2030-12-18 21:00:00,501.19588927895893
2030-12-18 21:15:00,296.641200919159
2030-12-18 21:30:00,103.94080332693193
2030-12-18 21:45:00,0.0
2030-12-18 22:00:00,0.0
2030-12-18 22:15:00,0.0
2030-12-18 22:30:00,0.0
2030-12-18 22:45:00,0.0
2030-12-18 23:00:00,0.0
2030-12-18 23:15:00,0.0
2030-12-18 23:30:00,0.0
2030-12-18 23:45:00,0.0
2030-12-19 00:00:00,0.0
2030-12-19 00:15:00,0.0
2030-12-19 00:30:00,0.0
2030-12-19 00:45:00,0.0
2030-12-19 01:00:00,0.0
2030-12-19 01:15:00,0.0
2030-12-19 01:30:00,0.0
2030-12-19 01:45:00,0.0
2030-12-19 02:00:00,0.0
2030-12-19 02:15:00,0.0
2030-12-19 02:30:00,0.0
2030-12-19 02:45:00,0.0
2030-12-19 03:00:00,0.0
2030-12-19 03:15:00,0.0
2030-12-19 03:30:00,0.0
2030-12-19 03:45:00,0.0
2030-12-19 04:00:00,0.0
2030-12-19 04:15:00,0.0
2030-12-19 04:30:00,0.0
2030-12-19 04:45:00,0.0
2030-12-19 05:00:00,0.0
2030-12-19 05:15:00,0.0
2030-12-19 05:30:00,0.0
2030-12-19 05:45:00,0.0
2030-12-19 06:00:00,0.0
2030-12-19 06:15:00,0.0
2030-12-19 06:30:00,0.0
2030-12-19 06:45:00,36.941372051518556
2030-12-19 07:00:00,576.407954103981
2030-12-19 07:15:00,816.941222036583
2030-12-19 07:30:00,931.3925451779942
2030-12-19 07:45:00,1115.7384514960631
2030-12-19 08:00:00,1400.9838492692434
2030-12-19 08:15:00,1466.8255811876188
2030-12-19 08:30:00,1519.698205120243
2030-12-19 08:45:00,1474.337063725292
2030-12-19 09:00:00,1390.3399600210487
2030-12-19 09:15:00,1324.3106610157683
2030-12-19 09:30:00,1345.3482637036686
2030-12-19 09:45:00,1283.4363009122317
2030-12-19 10:00:00,1230.8739179493205
2030-12-19 10:15:00,1216.2392436885639
2030-12-19 10:30:00,1202.2885700858824
2030-12-19 10:45:00,1147.1598336819116
2030-12-19 11:00:00,1088.3613747104719
2030-12-19 11:15:00,1042.4005769520172
2030-12-19 11:30:00,1067.961347531087
2030-12-19 11:45:00,1070.6459126981445
2030-12-19 12:00:00,1000.3395531643164
2030-12-19 12:15:00,993.3404692625445
2030-12-19 12:30:00,972.1971055713148
2030-12-19 12:45:00,906.5987174843121
2030-12-19 13:00:00,903.6976710217132
2030-12-19 13:15:00,770.9065135387973
2030-12-19 13:30:00,647.1771559576737
2030-12-19 13:45:00,606.3054718284657
2030-12-19 14:00:00,634.2077473591617
2030-12-19 14:15:00,617.0518228906949
2030-12-19 14:30:00,589.1479683491743
2030-12-19 14:45:00,540.2271011061257
2030-12-19 15:00:00,589.4901409041067
2030-12-19 15:15:00,572.5526025388917
2030-12-19 15:30:00,575.650511157528
2030-12-19 15:45:00,487.76332041504793
2030-12-19 16:00:00,621.37727654642
2030-12-19 16:15:00,655.2511808079726
2030-12-19 16:30:00,703.0938937772771
2030-12-19 16:45:00,636.8969510703537
2030-12-19 17:00:00,783.8513956671504
2030-12-19 17:15:00,795.8904847818685
2030-12-19 17:30:00,812.9432801582352
2030-12-19 17:45:00,798.2249914583372
2030-12-19 18:00:00,760.034651513135
2030-12-19 18:15:00,699.896462988374
2030-12-19 18:30:00,627.0878497295271
2030-12-19 18:45:00,570.1876901174164
2030-12-19 19:00:00,303.791642385062
2030-12-19 19:15:00,152.91263414926652
2030-12-19 19:30:00,0.0
2030-12-19 19:45:00,0.0
2030-12-19 20:00:00,0.0
2030-12-19 20:15:00,0.0
2030-12-19 20:30:00,0.0
2030-12-19 20:45:00,0.0
2030-12-19 21:00:00,0.0
2030-12-19 21:15:00,0.0
2030-12-19 21:30:00,0.0
2030-12-19 21:45:00,0.0
2030-12-19 22:00:00,0.0
2030-12-19 22:15:00,0.0
2030-12-19 22:30:00,0.0
2030-12-19 22:45:00,0.0
2030-12-19 23:00:00,0.0
2030-12-19 23:15:00,0.0
2030-12-19 23:30:00,0.0
2030-12-19 23:45:00,0.0
2030-12-20 00:00:00,0.0
2030-12-20 00:15:00,0.0
2030-12-20 00:30:00,0.0
2030-12-20 00:45:00,0.0
2030-12-20 01:00:00,0.0
2030-12-20 01:15:00,0.0
2030-12-20 01:30:00,0.0
2030-12-20 01:45:00,0.0
2030-12-20 02:00:00,0.0
2030-12-20 02:15:00,0.0
2030-12-20 02:30:00,0.0
2030-12-20 02:45:00,0.0
2030-12-20 03:00:00,0.0
2030-12-20 03:15:00,0.0
2030-12-20 03:30:00,0.0
2030-12-20 03:45:00,0.0
2030-12-20 04:00:00,0.0
2030-12-20 04:15:00,0.0
2030-12-20 04:30:00,0.0
2030-12-20 04:45:00,0.0
2030-12-20 05:00:00,0.0
2030-12-20 05:15:00,0.0
2030-12-20 05:30:00,0.0
2030-12-20 05:45:00,0.0
2030-12-20 06:00:00,0.0
2030-12-20 06:15:00,0.0
2030-12-20 06:30:00,0.0
2030-12-20 06:45:00,0.0
2030-12-20 07:00:00,0.0
2030-12-20 07:15:00,0.0
2030-12-20 07:30:00,0.0
2030-12-20 07:45:00,0.0
2030-12-20 08:00:00,0.0
2030-12-20 08:15:00,0.0
2030-12-20 08:30:00,0.0
2030-12-20 08:45:00,0.0
2030-12-20 09:00:00,0.0
2030-12-20 09:15:00,0.0
2030-12-20 09:30:00,0.0
2030-12-20 09:45:00,0.0
2030-12-20 10:00:00,0.0
2030-12-20 10:15:00,0.0
2030-12-20 10:30:00,0.0
2030-12-20 10:45:00,0.0
2030-12-20 11:00:00,0.0
2030-12-20 11:15:00,0.0
2030-12-20 11:30:00,0.0
2030-12-20 11:45:00,35.436935313486174
2030-12-20 12:00:00,0.0
2030-12-20 12:15:00,0.0
2030-12-20 12:30:00,0.0
2030-12-20 12:45:00,0.0
2030-12-20 13:00:00,28.186580368959767
2030-12-20 13:15:00,0.0
2030-12-20 13:30:00,0.0
2030-12-20 13:45:00,0.0
2030-12-20 14:00:00,0.0
2030-12-20 14:15:00,0.0
2030-12-20 14:30:00,0.0
2030-12-20 14:45:00,0.0
2030-12-20 15:00:00,0.0
2030-12-20 15:15:00,0.0
2030-12-20 15:30:00,0.0
2030-12-20 15:45:00,0.0
2030-12-20 16:00:00,0.0
2030-12-20 16:15:00,0.0
2030-12-20 16:30:00,0.0
2030-12-20 16:45:00,0.0
2030-12-20 17:00:00,0.0
2030-12-20 17:15:00,0.0
2030-12-20 17:30:00,0.0
2030-12-20 17:45:00,0.0
2030-12-20 18:00:00,0.0
2030-12-20 18:15:00,0.0
2030-12-20 18:30:00,0.0
2030-12-20 18:45:00,0.0
2030-12-20 19:00:00,0.0
2030-12-20 19:15:00,0.0
2030-12-20 19:30:00,0.0
2030-12-20 19:45:00,0.0
2030-12-20 20:00:00,0.0
2030-12-20 20:15:00,0.0
2030-12-20 20:30:00,0.0
2030-12-20 20:45:00,0.0
2030-12-20 21:00:00,0.0
2030-12-20 21:15:00,0.0
2030-12-20 21:30:00,0.0
2030-12-20 21:45:00,0.0
2030-12-20 22:00:00,0.0
2030-12-20 22:15:00,0.0
2030-12-20 22:30:00,0.0
2030-12-20 22:45:00,0.0
2030-12-20 23:00:00,0.0
2030-12-20 23:15:00,0.0
2030-12-20 23:30:00,0.0
2030-12-20 23:45:00,0.0
2030-12-21 00:00:00,0.0
2030-12-21 00:15:00,0.0
2030-12-21 00:30:00,0.0
2030-12-21 00:45:00,0.0
2030-12-21 01:00:00,0.0
2030-12-21 01:15:00,0.0
2030-12-21 01:30:00,0.0
2030-12-21 01:45:00,0.0
2030-12-21 02:00:00,0.0
2030-12-21 02:15:00,0.0
2030-12-21 02:30:00,0.0
2030-12-21 02:45:00,0.0
2030-12-21 03:00:00,0.0
2030-12-21 03:15:00,0.0
2030-12-21 03:30:00,0.0
2030-12-21 03:45:00,0.0
2030-12-21 04:00:00,0.0
2030-12-21 04:15:00,0.0
2030-12-21 04:30:00,0.0
2030-12-21 04:45:00,0.0
2030-12-21 05:00:00,0.0
2030-12-21 05:15:00,0.0
2030-12-21 05:30:00,0.0
2030-12-21 05:45:00,0.0
2030-12-21 06:00:00,0.0
2030-12-21 06:15:00,0.0
2030-12-21 06:30:00,0.0
2030-12-21 06:45:00,0.0
2030-12-21 07:00:00,0.0
2030-12-21 07:15:00,0.0
2030-12-21 07:30:00,0.0
2030-12-21 07:45:00,0.0
2030-12-21 08:00:00,0.0
2030-12-21 08:15:00,0.0
2030-12-21 08:30:00,0.0
2030-12-21 08:45:00,0.0
2030-12-21 09:00:00,0.0
2030-12-21 09:15:00,0.0
2030-12-21 09:30:00,0.0
2030-12-21 09:45:00,0.0
2030-12-21 10:00:00,0.0
2030-12-21 10:15:00,0.0
2030-12-21 10:30:00,0.0
2030-12-21 10:45:00,0.0
2030-12-21 11:00:00,0.0
2030-12-21 11:15:00,0.0
2030-12-21 11:30:00,0.0
2030-12-21 11:45:00,0.0
2030-12-21 12:00:00,0.0
2030-12-21 12:15:00,0.0
2030-12-21 12:30:00,0.0
2030-12-21 12:45:00,0.0
2030-12-21 13:00:00,0.0
2030-12-21 13:15:00,0.0
2030-12-21 13:30:00,0.0
2030-12-21 13:45:00,0.0
2030-12-21 14:00:00,0.0
2030-12-21 14:15:00,0.0
2030-12-21 14:30:00,0.0
2030-12-21 14:45:00,0.0
2030-12-21 15:00:00,0.0
2030-12-21 15:15:00,0.0
2030-12-21 15:30:00,0.0
2030-12-21 15:45:00,0.0
2030-12-21 16:00:00,0.0
2030-12-21 16:15:00,0.0
2030-12-21 16:30:00,0.0
2030-12-21 16:45:00,0.0
2030-12-21 17:00:00,0.0
2030-12-21 17:15:00,0.0
2030-12-21 17:30:00,0.0
2030-12-21 17:45:00,0.0
2030-12-21 18:00:00,0.0
2030-12-21 18:15:00,0.0
2030-12-21 18:30:00,0.0
2030-12-21 18:45:00,0.0
2030-12-21 19:00:00,0.0
2030-12-21 19:15:00,0.0
2030-12-21 19:30:00,0.0
2030-12-21 19:45:00,0.0
2030-12-21 20:00:00,0.0
2030-12-21 20:15:00,0.0
2030-12-21 20:30:00,0.0
2030-12-21 20:45:00,0.0
2030-12-21 21:00:00,0.0
2030-12-21 21:15:00,0.0
2030-12-21 21:30:00,0.0
2030-12-21 21:45:00,0.0
2030-12-21 22:00:00,0.0
2030-12-21 22:15:00,0.0
2030-12-21 22:30:00,0.0
2030-12-21 22:45:00,0.0
2030-12-21 23:00:00,0.0
2030-12-21 23:15:00,0.0
2030-12-21 23:30:00,0.0
2030-12-21 23:45:00,0.0
2030-12-22 00:00:00,0.0
2030-12-22 00:15:00,0.0
2030-12-22 00:30:00,0.0
2030-12-22 00:45:00,0.0
2030-12-22 01:00:00,0.0
2030-12-22 01:15:00,0.0
2030-12-22 01:30:00,0.0
2030-12-22 01:45:00,0.0
2030-12-22 02:00:00,0.0
2030-12-22 02:15:00,0.0
2030-12-22 02:30:00,0.0
2030-12-22 02:45:00,0.0
2030-12-22 03:00:00,0.0
2030-12-22 03:15:00,0.0
2030-12-22 03:30:00,0.0
2030-12-22 03:45:00,0.0
2030-12-22 04:00:00,0.0
2030-12-22 04:15:00,0.0
2030-12-22 04:30:00,0.0
2030-12-22 04:45:00,0.0
2030-12-22 05:00:00,0.0
2030-12-22 05:15:00,0.0
2030-12-22 05:30:00,0.0
2030-12-22 05:45:00,0.0
2030-12-22 06:00:00,0.0
2030-12-22 06:15:00,0.0
2030-12-22 06:30:00,0.0
2030-12-22 06:45:00,0.0
2030-12-22 07:00:00,0.0
2030-12-22 07:15:00,0.0
2030-12-22 07:30:00,0.0
2030-12-22 07:45:00,0.0
2030-12-22 08:00:00,0.0
2030-12-22 08:15:00,0.0
2030-12-22 08:30:00,0.0
2030-12-22 08:45:00,0.0
2030-12-22 09:00:00,0.0
2030-12-22 09:15:00,0.0
2030-12-22 09:30:00,0.0
2030-12-22 09:45:00,0.0
2030-12-22 10:00:00,0.0
2030-12-22 10:15:00,0.0
2030-12-22 10:30:00,0.0
2030-12-22 10:45:00,0.0
2030-12-22 11:00:00,0.0
2030-12-22 11:15:00,0.0
2030-12-22 11:30:00,0.0
2030-12-22 11:45:00,0.0
2030-12-22 12:00:00,0.0
2030-12-22 12:15:00,0.0
2030-12-22 12:30:00,0.0
2030-12-22 12:45:00,0.0
2030-12-22 13:00:00,0.0
2030-12-22 13:15:00,0.0
2030-12-22 13:30:00,0.0
2030-12-22 13:45:00,0.0
2030-12-22 14:00:00,0.0
2030-12-22 14:15:00,0.0
2030-12-22 14:30:00,0.0
2030-12-22 14:45:00,0.0
2030-12-22 15:00:00,0.0
2030-12-22 15:15:00,0.0
2030-12-22 15:30:00,0.0
2030-12-22 15:45:00,0.0
2030-12-22 16:00:00,0.0
2030-12-22 16:15:00,0.0
2030-12-22 16:30:00,0.0
2030-12-22 16:45:00,0.0
2030-12-22 17:00:00,0.0
2030-12-22 17:15:00,0.0
2030-12-22 17:30:00,0.0
2030-12-22 17:45:00,0.0
2030-12-22 18:00:00,0.0
2030-12-22 18:15:00,0.0
2030-12-22 18:30:00,0.0
2030-12-22 18:45:00,0.0
2030-12-22 19:00:00,0.0
2030-12-22 19:15:00,0.0
2030-12-22 19:30:00,0.0
2030-12-22 19:45:00,0.0
2030-12-22 20:00:00,0.0
2030-12-22 20:15:00,0.0
2030-12-22 20:30:00,0.0
2030-12-22 20:45:00,0.0
2030-12-22 21:00:00,0.0
2030-12-22 21:15:00,0.0
2030-12-22 21:30:00,0.0
2030-12-22 21:45:00,0.0
2030-12-22 22:00:00,0.0
2030-12-22 22:15:00,0.0
2030-12-22 22:30:00,0.0
2030-12-22 22:45:00,0.0
2030-12-22 23:00:00,0.0
2030-12-22 23:15:00,0.0
2030-12-22 23:30:00,0.0
2030-12-22 23:45:00,0.0
2030-12-23 00:00:00,0.0
2030-12-23 00:15:00,0.0
2030-12-23 00:30:00,0.0
2030-12-23 00:45:00,0.0
2030-12-23 01:00:00,0.0
2030-12-23 01:15:00,0.0
2030-12-23 01:30:00,0.0
2030-12-23 01:45:00,0.0
2030-12-23 02:00:00,0.0
2030-12-23 02:15:00,0.0
2030-12-23 02:30:00,0.0
2030-12-23 02:45:00,0.0
2030-12-23 03:00:00,0.0
2030-12-23 03:15:00,0.0
2030-12-23 03:30:00,0.0
2030-12-23 03:45:00,0.0
2030-12-23 04:00:00,0.0
2030-12-23 04:15:00,0.0
2030-12-23 04:30:00,0.0
2030-12-23 04:45:00,0.0
2030-12-23 05:00:00,0.0
2030-12-23 05:15:00,0.0
2030-12-23 05:30:00,0.0
2030-12-23 05:45:00,0.0
2030-12-23 06:00:00,0.0
2030-12-23 06:15:00,0.0
2030-12-23 06:30:00,0.0
2030-12-23 06:45:00,0.0
2030-12-23 07:00:00,0.0
2030-12-23 07:15:00,0.0
2030-12-23 07:30:00,0.0
2030-12-23 07:45:00,0.0
2030-12-23 08:00:00,0.0
2030-12-23 08:15:00,0.0
2030-12-23 08:30:00,0.0
2030-12-23 08:45:00,0.0
2030-12-23 09:00:00,0.0
2030-12-23 09:15:00,0.0
2030-12-23 09:30:00,0.0
2030-12-23 09:45:00,0.0
2030-12-23 10:00:00,0.0
2030-12-23 10:15:00,0.0
2030-12-23 10:30:00,0.0
2030-12-23 10:45:00,0.0
2030-12-23 11:00:00,0.0
2030-12-23 11:15:00,0.0
2030-12-23 11:30:00,0.0
2030-12-23 11:45:00,0.0
2030-12-23 12:00:00,0.0
2030-12-23 12:15:00,0.0
2030-12-23 12:30:00,0.0
2030-12-23 12:45:00,0.0
2030-12-23 13:00:00,0.0
2030-12-23 13:15:00,0.0
2030-12-23 13:30:00,0.0
2030-12-23 13:45:00,0.0
2030-12-23 14:00:00,0.0
2030-12-23 14:15:00,0.0
2030-12-23 14:30:00,0.0
2030-12-23 14:45:00,0.0
2030-12-23 15:00:00,0.0
2030-12-23 15:15:00,0.0
2030-12-23 15:30:00,0.0
2030-12-23 15:45:00,0.0
2030-12-23 16:00:00,0.0
2030-12-23 16:15:00,0.0
2030-12-23 16:30:00,0.0
2030-12-23 16:45:00,0.0
2030-12-23 17:00:00,0.0
2030-12-23 17:15:00,0.0
2030-12-23 17:30:00,0.0
2030-12-23 17:45:00,0.0
2030-12-23 18:00:00,0.0
2030-12-23 18:15:00,0.0
2030-12-23 18:30:00,0.0
2030-12-23 18:45:00,0.0
2030-12-23 19:00:00,0.0
2030-12-23 19:15:00,0.0
2030-12-23 19:30:00,0.0
2030-12-23 19:45:00,0.0
2030-12-23 20:00:00,0.0
2030-12-23 20:15:00,0.0
2030-12-23 20:30:00,0.0
2030-12-23 20:45:00,0.0
2030-12-23 21:00:00,0.0
2030-12-23 21:15:00,0.0
2030-12-23 21:30:00,0.0
2030-12-23 21:45:00,0.0
2030-12-23 22:00:00,0.0
2030-12-23 22:15:00,0.0
2030-12-23 22:30:00,0.0
2030-12-23 22:45:00,0.0
2030-12-23 23:00:00,0.0
2030-12-23 23:15:00,0.0
2030-12-23 23:30:00,0.0
2030-12-23 23:45:00,0.0
2030-12-24 00:00:00,0.0
2030-12-24 00:15:00,0.0
2030-12-24 00:30:00,0.0
2030-12-24 00:45:00,0.0
2030-12-24 01:00:00,0.0
2030-12-24 01:15:00,0.0
2030-12-24 01:30:00,0.0
2030-12-24 01:45:00,0.0
2030-12-24 02:00:00,0.0
2030-12-24 02:15:00,0.0
2030-12-24 02:30:00,0.0
2030-12-24 02:45:00,0.0
2030-12-24 03:00:00,0.0
2030-12-24 03:15:00,0.0
2030-12-24 03:30:00,0.0
2030-12-24 03:45:00,0.0
2030-12-24 04:00:00,0.0
2030-12-24 04:15:00,0.0
2030-12-24 04:30:00,0.0
2030-12-24 04:45:00,0.0
2030-12-24 05:00:00,0.0
2030-12-24 05:15:00,0.0
2030-12-24 05:30:00,0.0
2030-12-24 05:45:00,0.0
2030-12-24 06:00:00,0.0
2030-12-24 06:15:00,-869.8514013582135
2030-12-24 06:30:00,-1284.4674493891507
2030-12-24 06:45:00,-1226.032862419217
2030-12-24 07:00:00,-995.528468028253
2030-12-24 07:15:00,-855.3603490099194
2030-12-24 07:30:00,-639.239251389994
2030-12-24 07:45:00,-377.2512494968596
2030-12-24 08:00:00,0.0
2030-12-24 08:15:00,0.0
2030-12-24 08:30:00,0.0
2030-12-24 08:45:00,0.0
2030-12-24 09:00:00,0.0
2030-12-24 09:15:00,0.0
2030-12-24 09:30:00,0.0
2030-12-24 09:45:00,0.0
2030-12-24 10:00:00,0.0
2030-12-24 10:15:00,0.0
2030-12-24 10:30:00,0.0
2030-12-24 10:45:00,0.0
2030-12-24 11:00:00,0.0
2030-12-24 11:15:00,0.0
2030-12-24 11:30:00,0.0
2030-12-24 11:45:00,0.0
2030-12-24 12:00:00,0.0
2030-12-24 12:15:00,0.0
2030-12-24 12:30:00,0.0
2030-12-24 12:45:00,0.0
2030-12-24 13:00:00,0.0
2030-12-24 13:15:00,0.0
2030-12-24 13:30:00,0.0
2030-12-24 13:45:00,0.0
2030-12-24 14:00:00,0.0
2030-12-24 14:15:00,0.0
2030-12-24 14:30:00,0.0
2030-12-24 14:45:00,0.0
2030-12-24 15:00:00,0.0
2030-12-24 15:15:00,0.0
2030-12-24 15:30:00,0.0
2030-12-24 15:45:00,0.0
2030-12-24 16:00:00,0.0
2030-12-24 16:15:00,0.0
2030-12-24 16:30:00,0.0
2030-12-24 16:45:00,0.0
2030-12-24 17:00:00,0.0
2030-12-24 17:15:00,0.0
2030-12-24 17:30:00,0.0
2030-12-24 17:45:00,0.0
2030-12-24 18:00:00,0.0
2030-12-24 18:15:00,0.0
2030-12-24 18:30:00,0.0
2030-12-24 18:45:00,0.0
2030-12-24 19:00:00,0.0
2030-12-24 19:15:00,0.0
2030-12-24 19:30:00,0.0
2030-12-24 19:45:00,0.0
2030-12-24 20:00:00,0.0
2030-12-24 20:15:00,0.0
2030-12-24 20:30:00,0.0
2030-12-24 20:45:00,0.0
2030-12-24 21:00:00,-648.1099341562276
2030-12-24 21:15:00,-2300.309264965963
2030-12-24 21:30:00,-2419.8158552314508
2030-12-24 21:45:00,-2479.3373837837025
2030-12-24 22:00:00,-1876.047595162352
2030-12-24 22:15:00,-1960.5029192749353
2030-12-24 22:30:00,-2222.947149954276
2030-12-24 22:45:00,-2490.239719659794
2030-12-24 23:00:00,-2589.5334437541223
2030-12-24 23:15:00,-2726.8598475294675
2030-12-24 23:30:00,-2836.809106745657
2030-12-24 23:45:00,-2974.096466996285
2030-12-25 00:00:00,-3056.722770214841
2030-12-25 00:15:00,-3185.285053269674
2030-12-25 00:30:00,-3403.961562662729
2030-12-25 00:45:00,-3381.1037390263064
2030-12-25 01:00:00,-3437.3946754001427
2030-12-25 01:15:00,-3477.7012876431963
2030-12-25 01:30:00,-3582.204401260975
2030-12-25 01:45:00,-3690.821921558554
2030-12-25 02:00:00,-3604.1141868098985
2030-12-25 02:15:00,-3503.5547441300696
2030-12-25 02:30:00,-3403.1319716690887
2030-12-25 02:45:00,-3499.6661680910984
2030-12-25 03:00:00,-3378.8022357383634
2030-12-25 03:15:00,-3273.2839882022927
2030-12-25 03:30:00,-3178.541106402761
2030-12-25 03:45:00,-3078.3775943003147
2030-12-25 04:00:00,-2997.2783885259705
2030-12-25 04:15:00,-2986.1798517855477
2030-12-25 04:30:00,-2861.561203379253
2030-12-25 04:45:00,-2801.9326525585766
2030-12-25 05:00:00,-2903.7910837420677
2030-12-25 05:15:00,-2752.3753232789877
2030-12-25 05:30:00,-2714.5347947586233
2030-12-25 05:45:00,-2656.8070417782747
2030-12-25 06:00:00,-2583.4366403456825
2030-12-25 06:15:00,-2573.6233729662817
2030-12-25 06:30:00,-2493.0971542341485
2030-12-25 06:45:00,-2402.733848859816
2030-12-25 07:00:00,-2437.900834227301
2030-12-25 07:15:00,-2525.6938810343254
2030-12-25 07:30:00,-2465.685233014481
2030-12-25 07:45:00,-2272.921446786593
2030-12-25 08:00:00,-2128.2009895610954
2030-12-25 08:15:00,-1964.8536534012383
2030-12-25 08:30:00,-1781.4884863091356
2030-12-25 08:45:00,-1591.0951421609861
2030-12-25 09:00:00,-1511.0726334778246
2030-12-25 09:15:00,-1505.4729427854363
2030-12-25 09:30:00,-1449.1581881062684
2030-12-25 09:45:00,-1449.5151867030563
2030-12-25 10:00:00,-1526.2209205208655
2030-12-25 10:15:00,-1555.8515172789103
2030-12-25 10:30:00,-1587.416965759694
2030-12-25 10:45:00,-1566.0390328531103
2030-12-25 11:00:00,-1532.8496819109405
2030-12-25 11:15:00,-1521.4654829713636
2030-12-25 11:30:00,-1568.9332135479071
2030-12-25 11:45:00,-1758.412429000724
2030-12-25 12:00:00,-1861.059135576519
2030-12-25 12:15:00,-2129.4819278297855
2030-12-25 12:30:00,-2312.9349564972235
2030-12-25 12:45:00,-2417.155063494718
2030-12-25 13:00:00,-2574.7588974335904
2030-12-25 13:15:00,-2623.7797997092675
2030-12-25 13:30:00,-2724.657428667866
2030-12-25 13:45:00,-2765.2559541415885
2030-12-25 14:00:00,-2755.445777382163
2030-12-25 14:15:00,-2653.452359166671
2030-12-25 14:30:00,-2511.104830407916
2030-12-25 14:45:00,-2414.184800927813
2030-12-25 15:00:00,-2295.125629409147
2030-12-25 15:15:00,-2184.767782033199
2030-12-25 15:30:00,-2002.494067923828
2030-12-25 15:45:00,-1776.7631674618297
2030-12-25 16:00:00,-1356.678178768132
2030-12-25 16:15:00,-1172.2609816663826
2030-12-25 16:30:00,-948.7625414950417
2030-12-25 16:45:00,-748.4303732795579
2030-12-25 17:00:00,-429.0221453290487
2030-12-25 17:15:00,-306.52856576955674
2030-12-25 17:30:00,-296.1377413728096
2030-12-25 17:45:00,-154.70576210555555
2030-12-25 18:00:00,-46.72179554106515
2030-12-25 18:15:00,-36.41484087369827
2030-12-25 18:30:00,-67.16321756361322
2030-12-25 18:45:00,-219.0165039068488
2030-12-25 19:00:00,-334.4311899963159
2030-12-25 19:15:00,-544.2262842111159
2030-12-25 19:30:00,-585.980354352323
2030-12-25 19:45:00,-618.7819736415822
2030-12-25 20:00:00,-584.7835857444043
2030-12-25 20:15:00,-687.0151815459358
2030-12-25 20:30:00,-870.0148188378789
2030-12-25 20:45:00,-979.5939461508642
2030-12-25 21:00:00,-830.4594269228328
2030-12-25 21:15:00,-818.8153801721382
2030-12-25 21:30:00,-867.8517479282455
2030-12-25 21:45:00,-1102.665813367159
2030-12-25 22:00:00,-710.9923921612335
2030-12-25 22:15:00,-907.0634552969423
2030-12-25 22:30:00,-1177.6221360935597
2030-12-25 22:45:00,-1460.4533993128389
2030-12-25 23:00:00,-1605.0852218227228
2030-12-25 23:15:00,-1785.1954973265329
2030-12-25 23:30:00,-1990.233704521297
2030-12-25 23:45:00,-2175.7541757090294
2030-12-26 00:00:00,-2200.3051051903294
2030-12-26 00:15:00,-2347.024572473185
2030-12-26 00:30:00,-2251.1969211201995
2030-12-26 00:45:00,-2211.084880432016
2030-12-26 01:00:00,-2345.011184166253
2030-12-26 01:15:00,-2568.3282002651904
2030-12-26 01:30:00,-2778.115686342613
2030-12-26 01:45:00,-2825.781942973954
2030-12-26 02:00:00,-2919.2900935414636
2030-12-26 02:15:00,-2935.4232000660886
2030-12-26 02:30:00,-2805.7465073397107
2030-12-26 02:45:00,-2882.9780308645168
2030-12-26 03:00:00,-2777.7785009786057
2030-12-26 03:15:00,-2878.594759824651
2030-12-26 03:30:00,-2919.061351204444
2030-12-26 03:45:00,-2866.0584234253056
2030-12-26 04:00:00,-2686.9091614162244
2030-12-26 04:15:00,-2731.019225398015
2030-12-26 04:30:00,-2712.8191278054037
2030-12-26 04:45:00,-2672.1030680449676
2030-12-26 05:00:00,-2377.0834073671213
2030-12-26 05:15:00,-2318.5019216393375
2030-12-26 05:30:00,-2183.3503098154433
2030-12-26 05:45:00,-2240.6785204202624
2030-12-26 06:00:00,-2215.799398042449
2030-12-26 06:15:00,-2230.033253698559
2030-12-26 06:30:00,-2457.1494121294672
2030-12-26 06:45:00,-2510.6242534394987
2030-12-26 07:00:00,-2170.53535311238
2030-12-26 07:15:00,-2005.9739405424843
2030-12-26 07:30:00,-1965.9809246873974
2030-12-26 07:45:00,-1978.9041854469779
2030-12-26 08:00:00,-1811.6124993508747
2030-12-26 08:15:00,-1682.3969282485068
2030-12-26 08:30:00,-1504.534258658141
2030-12-26 08:45:00,-1549.6815140930357
2030-12-26 09:00:00,-1504.9584700989271
2030-12-26 09:15:00,-1536.5529060959761
2030-12-26 09:30:00,-1496.0773695978987
2030-12-26 09:45:00,-1627.781244921318
2030-12-26 10:00:00,-1831.1201951695202
2030-12-26 10:15:00,-1996.2238780289717
2030-12-26 10:30:00,-2049.7691427543105
2030-12-26 10:45:00,-2141.606337201556
2030-12-26 11:00:00,-2259.2085638564204
2030-12-26 11:15:00,-2350.239075792906
2030-12-26 11:30:00,-2422.9537632545635
2030-12-26 11:45:00,-2545.396501004381
2030-12-26 12:00:00,-2871.642533779457
2030-12-26 12:15:00,-2970.656798978309
2030-12-26 12:30:00,-3127.7396718414966
2030-12-26 12:45:00,-3279.408854438865
2030-12-26 13:00:00,-3254.325565997444
2030-12-26 13:15:00,-3331.386733894564
2030-12-26 13:30:00,-3226.4476806021994
2030-12-26 13:45:00,-3124.4583729750957
2030-12-26 14:00:00,-2858.498303186836
2030-12-26 14:15:00,-2625.448993150432
2030-12-26 14:30:00,-2353.323951286173
2030-12-26 14:45:00,-2136.521427498905
2030-12-26 15:00:00,-1748.087119419939
2030-12-26 15:15:00,-1668.1040313724334
2030-12-26 15:30:00,-1532.7064198074986
2030-12-26 15:45:00,-1560.0462798765766
2030-12-26 16:00:00,-1335.2494772573045
2030-12-26 16:15:00,-1187.7174380067045
2030-12-26 16:30:00,-911.8305996691779
2030-12-26 16:45:00,-753.5785710301261
2030-12-26 17:00:00,-739.5677078600092
2030-12-26 17:15:00,-584.0449293675174
2030-12-26 17:30:00,-634.8434148793367
2030-12-26 17:45:00,-713.2527867250319
2030-12-26 18:00:00,-739.7950387919518
2030-12-26 18:15:00,-703.7161870541495
2030-12-26 18:30:00,-747.6053156020553
2030-12-26 18:45:00,-905.9717503955144
2030-12-26 19:00:00,-939.9363624170437
2030-12-26 19:15:00,-960.8148333874997
2030-12-26 19:30:00,-992.2921383369066
2030-12-26 19:45:00,-1040.788969940073
2030-12-26 20:00:00,-1213.6656122444856
2030-12-26 20:15:00,-1419.1764173744778
2030-12-26 20:30:00,-1604.5247531471014
2030-12-26 20:45:00,-1804.2602446242017
2030-12-26 21:00:00,-1847.522464020658
2030-12-26 21:15:00,-1922.0680940708007
2030-12-26 21:30:00,-1927.9070103732847
2030-12-26 21:45:00,-1942.818485849346
2030-12-26 22:00:00,-1652.4234135059269
2030-12-26 22:15:00,-1719.6373594248744
2030-12-26 22:30:00,-1852.4185912350604
2030-12-26 22:45:00,-2003.2687586139382
2030-12-26 23:00:00,-2153.4817830738466
2030-12-26 23:15:00,-2388.648964036476
2030-12-26 23:30:00,-2665.085672968966
2030-12-26 23:45:00,-2865.1269182947035
2030-12-27 00:00:00,-2933.607661443195
2030-12-27 00:15:00,-3067.4427719111864
2030-12-27 00:30:00,-3209.044591157326
2030-12-27 00:45:00,-3587.1170448300127
2030-12-27 01:00:00,-3766.8861244372347
2030-12-27 01:15:00,-3846.469582071495
2030-12-27 01:30:00,-3929.975111169939
2030-12-27 01:45:00,-3978.606140196036
2030-12-27 02:00:00,-4001.386918251992
2030-12-27 02:15:00,-3883.251874026688
2030-12-27 02:30:00,-3832.2427984677033
2030-12-27 02:45:00,-3813.847416494349
2030-12-27 03:00:00,-3860.67803128338
2030-12-27 03:15:00,-3874.00489344561
2030-12-27 03:30:00,-3935.826339211648
2030-12-27 03:45:00,-3878.3880562918002
2030-12-27 04:00:00,-3712.942935907593
2030-12-27 04:15:00,-3643.8767689167216
2030-12-27 04:30:00,-3569.7342796131597
2030-12-27 04:45:00,-3419.003501280171
2030-12-27 05:00:00,-3019.9657723557502
2030-12-27 05:15:00,-2816.6670146906617
2030-12-27 05:30:00,-2793.9911153566827
2030-12-27 05:45:00,-2590.086175238126
2030-12-27 06:00:00,-2222.4960727388752
2030-12-27 06:15:00,-2099.218750457656
2030-12-27 06:30:00,-2043.1006773130011
2030-12-27 06:45:00,-1845.004899464695
2030-12-27 07:00:00,-1471.707640505174
2030-12-27 07:15:00,-1288.4599418264825
2030-12-27 07:30:00,-1086.9868671745153
2030-12-27 07:45:00,-947.6842484826575
2030-12-27 08:00:00,-735.0715110880265
2030-12-27 08:15:00,-563.8139879030132
2030-12-27 08:30:00,-476.92116294071093
2030-12-27 08:45:00,-454.8038332982942
2030-12-27 09:00:00,-393.98936671302727
2030-12-27 09:15:00,-305.7294448703851
2030-12-27 09:30:00,-215.94440286242934
2030-12-27 09:45:00,-324.29250309055533
2030-12-27 10:00:00,-489.03264302653224
2030-12-27 10:15:00,-561.9261571513816
2030-12-27 10:30:00,-596.0440631540478
2030-12-27 10:45:00,-541.52510280977
2030-12-27 11:00:00,-580.3895796868892
2030-12-27 11:15:00,-522.7917194087586
2030-12-27 11:30:00,-482.21197681719605
2030-12-27 11:45:00,-541.1954706026481
2030-12-27 12:00:00,-504.7874883407494
2030-12-27 12:15:00,-502.50666315644776
2030-12-27 12:30:00,-522.4914417714226
2030-12-27 12:45:00,-484.98165981557213
2030-12-27 13:00:00,-454.9861320654272
2030-12-27 13:15:00,-420.3834789286884
2030-12-27 13:30:00,-368.04975413418833
2030-12-27 13:45:00,-219.58635676949234
2030-12-27 14:00:00,-13.574999885488069
2030-12-27 14:15:00,0.0
2030-12-27 14:30:00,0.0
2030-12-27 14:45:00,0.0
2030-12-27 15:00:00,0.0
2030-12-27 15:15:00,0.0
2030-12-27 15:30:00,0.0
2030-12-27 15:45:00,0.0
2030-12-27 16:00:00,0.0
2030-12-27 16:15:00,0.0
2030-12-27 16:30:00,0.0
2030-12-27 16:45:00,0.0
2030-12-27 17:00:00,0.0
2030-12-27 17:15:00,0.0
2030-12-27 17:30:00,0.0
2030-12-27 17:45:00,0.0
2030-12-27 18:00:00,0.0
2030-12-27 18:15:00,0.0
2030-12-27 18:30:00,0.0
2030-12-27 18:45:00,440.18544279270463
2030-12-27 19:00:00,0.0
2030-12-27 19:15:00,0.0
2030-12-27 19:30:00,0.0
2030-12-27 19:45:00,0.0
2030-12-27 20:00:00,0.0
2030-12-27 20:15:00,0.0
2030-12-27 20:30:00,0.0
2030-12-27 20:45:00,0.0
2030-12-27 21:00:00,0.0
2030-12-27 21:15:00,0.0
2030-12-27 21:30:00,0.0
2030-12-27 21:45:00,0.0
2030-12-27 22:00:00,0.0
2030-12-27 22:15:00,0.0
2030-12-27 22:30:00,0.0
2030-12-27 22:45:00,0.0
2030-12-27 23:00:00,0.0
2030-12-27 23:15:00,0.0
2030-12-27 23:30:00,0.0
2030-12-27 23:45:00,0.0
2030-12-28 00:00:00,0.0
2030-12-28 00:15:00,0.0
2030-12-28 00:30:00,0.0
2030-12-28 00:45:00,0.0
2030-12-28 01:00:00,0.0
2030-12-28 01:15:00,0.0
2030-12-28 01:30:00,0.0
2030-12-28 01:45:00,0.0
2030-12-28 02:00:00,0.0
2030-12-28 02:15:00,0.0
2030-12-28 02:30:00,0.0
2030-12-28 02:45:00,0.0
2030-12-28 03:00:00,0.0
2030-12-28 03:15:00,0.0
2030-12-28 03:30:00,0.0
2030-12-28 03:45:00,0.0
2030-12-28 04:00:00,0.0
2030-12-28 04:15:00,0.0
2030-12-28 04:30:00,0.0
2030-12-28 04:45:00,0.0
2030-12-28 05:00:00,0.0
2030-12-28 05:15:00,0.0
2030-12-28 05:30:00,0.0
2030-12-28 05:45:00,0.0
2030-12-28 06:00:00,0.0
2030-12-28 06:15:00,0.0
2030-12-28 06:30:00,0.0
2030-12-28 06:45:00,0.0
2030-12-28 07:00:00,0.0
2030-12-28 07:15:00,0.0
2030-12-28 07:30:00,0.0
2030-12-28 07:45:00,0.0
2030-12-28 08:00:00,0.0
2030-12-28 08:15:00,0.0
2030-12-28 08:30:00,0.0
2030-12-28 08:45:00,0.0
2030-12-28 09:00:00,0.0
2030-12-28 09:15:00,0.0
2030-12-28 09:30:00,0.0
2030-12-28 09:45:00,0.0
2030-12-28 10:00:00,0.0
2030-12-28 10:15:00,0.0
2030-12-28 10:30:00,0.0
2030-12-28 10:45:00,0.0
2030-12-28 11:00:00,0.0
2030-12-28 11:15:00,0.0
2030-12-28 11:30:00,0.0
2030-12-28 11:45:00,0.0
2030-12-28 12:00:00,0.0
2030-12-28 12:15:00,0.0
2030-12-28 12:30:00,0.0
2030-12-28 12:45:00,0.0
2030-12-28 13:00:00,0.0
2030-12-28 13:15:00,0.0
2030-12-28 13:30:00,0.0
2030-12-28 13:45:00,0.0
2030-12-28 14:00:00,0.0
2030-12-28 14:15:00,0.0
2030-12-28 14:30:00,0.0
2030-12-28 14:45:00,0.0
2030-12-28 15:00:00,0.0
2030-12-28 15:15:00,0.0
2030-12-28 15:30:00,0.0
2030-12-28 15:45:00,0.0
2030-12-28 16:00:00,0.0
2030-12-28 16:15:00,0.0
2030-12-28 16:30:00,0.0
2030-12-28 16:45:00,0.0
2030-12-28 17:00:00,0.0
2030-12-28 17:15:00,0.0
2030-12-28 17:30:00,0.0
2030-12-28 17:45:00,0.0
2030-12-28 18:00:00,0.0
2030-12-28 18:15:00,0.0
2030-12-28 18:30:00,0.0
2030-12-28 18:45:00,0.0
2030-12-28 19:00:00,0.0
2030-12-28 19:15:00,0.0
2030-12-28 19:30:00,0.0
2030-12-28 19:45:00,0.0
2030-12-28 20:00:00,0.0
2030-12-28 20:15:00,0.0
2030-12-28 20:30:00,0.0
2030-12-28 20:45:00,0.0
2030-12-28 21:00:00,0.0
2030-12-28 21:15:00,0.0
2030-12-28 21:30:00,0.0
2030-12-28 21:45:00,0.0
2030-12-28 22:00:00,0.0
2030-12-28 22:15:00,0.0
2030-12-28 22:30:00,0.0
2030-12-28 22:45:00,0.0
2030-12-28 23:00:00,0.0
2030-12-28 23:15:00,0.0
2030-12-28 23:30:00,0.0
2030-12-28 23:45:00,0.0
2030-12-29 00:00:00,0.0
2030-12-29 00:15:00,0.0
2030-12-29 00:30:00,0.0
2030-12-29 00:45:00,0.0
2030-12-29 01:00:00,0.0
2030-12-29 01:15:00,0.0
2030-12-29 01:30:00,0.0
2030-12-29 01:45:00,0.0
2030-12-29 02:00:00,0.0
2030-12-29 02:15:00,0.0
2030-12-29 02:30:00,0.0
2030-12-29 02:45:00,0.0
2030-12-29 03:00:00,0.0
2030-12-29 03:15:00,0.0
2030-12-29 03:30:00,0.0
2030-12-29 03:45:00,0.0
2030-12-29 04:00:00,0.0
2030-12-29 04:15:00,0.0
2030-12-29 04:30:00,0.0
2030-12-29 04:45:00,0.0
2030-12-29 05:00:00,0.0
2030-12-29 05:15:00,0.0
2030-12-29 05:30:00,0.0
2030-12-29 05:45:00,0.0
2030-12-29 06:00:00,0.0
2030-12-29 06:15:00,0.0
2030-12-29 06:30:00,0.0
2030-12-29 06:45:00,0.0
2030-12-29 07:00:00,0.0
2030-12-29 07:15:00,0.0
2030-12-29 07:30:00,0.0
2030-12-29 07:45:00,0.0
2030-12-29 08:00:00,0.0
2030-12-29 08:15:00,0.0
2030-12-29 08:30:00,0.0
2030-12-29 08:45:00,0.0
2030-12-29 09:00:00,0.0
2030-12-29 09:15:00,0.0
2030-12-29 09:30:00,0.0
2030-12-29 09:45:00,0.0
2030-12-29 10:00:00,0.0
2030-12-29 10:15:00,0.0
2030-12-29 10:30:00,0.0
2030-12-29 10:45:00,0.0
2030-12-29 11:00:00,0.0
2030-12-29 11:15:00,0.0
2030-12-29 11:30:00,0.0
2030-12-29 11:45:00,0.0
2030-12-29 12:00:00,0.0
2030-12-29 12:15:00,0.0
2030-12-29 12:30:00,0.0
2030-12-29 12:45:00,0.0
2030-12-29 13:00:00,0.0
2030-12-29 13:15:00,0.0
2030-12-29 13:30:00,0.0
2030-12-29 13:45:00,0.0
2030-12-29 14:00:00,0.0
2030-12-29 14:15:00,0.0
2030-12-29 14:30:00,0.0
2030-12-29 14:45:00,0.0
2030-12-29 15:00:00,0.0
2030-12-29 15:15:00,0.0
2030-12-29 15:30:00,0.0
2030-12-29 15:45:00,0.0
2030-12-29 16:00:00,0.0
2030-12-29 16:15:00,0.0
2030-12-29 16:30:00,0.0
2030-12-29 16:45:00,0.0
2030-12-29 17:00:00,0.0
2030-12-29 17:15:00,0.0
2030-12-29 17:30:00,0.0
2030-12-29 17:45:00,0.0
2030-12-29 18:00:00,0.0
2030-12-29 18:15:00,0.0
2030-12-29 18:30:00,0.0
2030-12-29 18:45:00,0.0
2030-12-29 19:00:00,0.0
2030-12-29 19:15:00,0.0
2030-12-29 19:30:00,0.0
2030-12-29 19:45:00,0.0
2030-12-29 20:00:00,0.0
2030-12-29 20:15:00,0.0
2030-12-29 20:30:00,0.0
2030-12-29 20:45:00,0.0
2030-12-29 21:00:00,0.0
2030-12-29 21:15:00,0.0
2030-12-29 21:30:00,0.0
2030-12-29 21:45:00,0.0
2030-12-29 22:00:00,0.0
2030-12-29 22:15:00,0.0
2030-12-29 22:30:00,0.0
2030-12-29 22:45:00,0.0
2030-12-29 23:00:00,0.0
2030-12-29 23:15:00,0.0
2030-12-29 23:30:00,0.0
2030-12-29 23:45:00,0.0
2030-12-30 00:00:00,0.0
2030-12-30 00:15:00,0.0
2030-12-30 00:30:00,0.0
2030-12-30 00:45:00,0.0
2030-12-30 01:00:00,0.0
2030-12-30 01:15:00,0.0
2030-12-30 01:30:00,0.0
2030-12-30 01:45:00,0.0
2030-12-30 02:00:00,0.0
2030-12-30 02:15:00,0.0
2030-12-30 02:30:00,0.0
2030-12-30 02:45:00,0.0
2030-12-30 03:00:00,0.0
2030-12-30 03:15:00,0.0
2030-12-30 03:30:00,0.0
2030-12-30 03:45:00,0.0
2030-12-30 04:00:00,0.0
2030-12-30 04:15:00,0.0
2030-12-30 04:30:00,0.0
2030-12-30 04:45:00,0.0
2030-12-30 05:00:00,0.0
2030-12-30 05:15:00,0.0
2030-12-30 05:30:00,0.0
2030-12-30 05:45:00,0.0
2030-12-30 06:00:00,0.0
2030-12-30 06:15:00,0.0
2030-12-30 06:30:00,0.0
2030-12-30 06:45:00,0.0
2030-12-30 07:00:00,0.0
2030-12-30 07:15:00,0.0
2030-12-30 07:30:00,0.0
2030-12-30 07:45:00,0.0
2030-12-30 08:00:00,0.0
2030-12-30 08:15:00,0.0
2030-12-30 08:30:00,0.0
2030-12-30 08:45:00,0.0
2030-12-30 09:00:00,0.0
2030-12-30 09:15:00,0.0
2030-12-30 09:30:00,0.0
2030-12-30 09:45:00,0.0
2030-12-30 10:00:00,0.0
2030-12-30 10:15:00,0.0
2030-12-30 10:30:00,0.0
2030-12-30 10:45:00,0.0
2030-12-30 11:00:00,0.0
2030-12-30 11:15:00,0.0
2030-12-30 11:30:00,0.0
2030-12-30 11:45:00,0.0
2030-12-30 12:00:00,0.0
2030-12-30 12:15:00,0.0
2030-12-30 12:30:00,0.0
2030-12-30 12:45:00,0.0
2030-12-30 13:00:00,0.0
2030-12-30 13:15:00,0.0
2030-12-30 13:30:00,0.0
2030-12-30 13:45:00,0.0
2030-12-30 14:00:00,0.0
2030-12-30 14:15:00,0.0
2030-12-30 14:30:00,0.0
2030-12-30 14:45:00,0.0
2030-12-30 15:00:00,0.0
2030-12-30 15:15:00,0.0
2030-12-30 15:30:00,0.0
2030-12-30 15:45:00,0.0
2030-12-30 16:00:00,0.0
2030-12-30 16:15:00,0.0
2030-12-30 16:30:00,0.0
2030-12-30 16:45:00,0.0
2030-12-30 17:00:00,0.0
2030-12-30 17:15:00,0.0
2030-12-30 17:30:00,0.0
2030-12-30 17:45:00,0.0
2030-12-30 18:00:00,0.0
2030-12-30 18:15:00,0.0
2030-12-30 18:30:00,0.0
2030-12-30 18:45:00,0.0
2030-12-30 19:00:00,0.0
2030-12-30 19:15:00,0.0
2030-12-30 19:30:00,0.0
2030-12-30 19:45:00,0.0
2030-12-30 20:00:00,0.0
2030-12-30 20:15:00,0.0
2030-12-30 20:30:00,0.0
2030-12-30 20:45:00,0.0
2030-12-30 21:00:00,0.0
2030-12-30 21:15:00,0.0
2030-12-30 21:30:00,0.0
2030-12-30 21:45:00,0.0
2030-12-30 22:00:00,0.0
2030-12-30 22:15:00,0.0
2030-12-30 22:30:00,0.0
2030-12-30 22:45:00,0.0
2030-12-30 23:00:00,0.0
2030-12-30 23:15:00,0.0
2030-12-30 23:30:00,0.0
2030-12-30 23:45:00,0.0
2030-12-31 00:00:00,0.0
2030-12-31 00:15:00,0.0
2030-12-31 00:30:00,0.0
2030-12-31 00:45:00,0.0
2030-12-31 01:00:00,0.0
2030-12-31 01:15:00,0.0
2030-12-31 01:30:00,0.0
2030-12-31 01:45:00,0.0
2030-12-31 02:00:00,0.0
2030-12-31 02:15:00,0.0
2030-12-31 02:30:00,0.0
2030-12-31 02:45:00,0.0
2030-12-31 03:00:00,0.0
2030-12-31 03:15:00,0.0
2030-12-31 03:30:00,0.0
2030-12-31 03:45:00,0.0
2030-12-31 04:00:00,0.0
2030-12-31 04:15:00,0.0
2030-12-31 04:30:00,0.0
2030-12-31 04:45:00,0.0
2030-12-31 05:00:00,0.0
2030-12-31 05:15:00,0.0
2030-12-31 05:30:00,0.0
2030-12-31 05:45:00,0.0
2030-12-31 06:00:00,0.0
2030-12-31 06:15:00,0.0
2030-12-31 06:30:00,0.0
2030-12-31 06:45:00,0.0
2030-12-31 07:00:00,0.0
2030-12-31 07:15:00,0.0
2030-12-31 07:30:00,0.0
2030-12-31 07:45:00,0.0
2030-12-31 08:00:00,0.0
2030-12-31 08:15:00,0.0
2030-12-31 08:30:00,0.0
2030-12-31 08:45:00,0.0
2030-12-31 09:00:00,0.0
2030-12-31 09:15:00,0.0
2030-12-31 09:30:00,0.0
2030-12-31 09:45:00,0.0
2030-12-31 10:00:00,0.0
2030-12-31 10:15:00,0.0
2030-12-31 10:30:00,0.0
2030-12-31 10:45:00,0.0
2030-12-31 11:00:00,0.0
2030-12-31 11:15:00,0.0
2030-12-31 11:30:00,0.0
2030-12-31 11:45:00,0.0
2030-12-31 12:00:00,0.0
2030-12-31 12:15:00,0.0
2030-12-31 12:30:00,0.0
2030-12-31 12:45:00,0.0
2030-12-31 13:00:00,0.0
2030-12-31 13:15:00,0.0
2030-12-31 13:30:00,0.0
2030-12-31 13:45:00,0.0
2030-12-31 14:00:00,0.0
2030-12-31 14:15:00,0.0
2030-12-31 14:30:00,0.0
2030-12-31 14:45:00,0.0
2030-12-31 15:00:00,0.0
2030-12-31 15:15:00,0.0
2030-12-31 15:30:00,0.0
2030-12-31 15:45:00,0.0
2030-12-31 16:00:00,0.0
2030-12-31 16:15:00,0.0
2030-12-31 16:30:00,0.0
2030-12-31 16:45:00,0.0
2030-12-31 17:00:00,0.0
2030-12-31 17:15:00,0.0
2030-12-31 17:30:00,0.0
2030-12-31 17:45:00,0.0
2030-12-31 18:00:00,0.0
2030-12-31 18:15:00,0.0
2030-12-31 18:30:00,0.0
2030-12-31 18:45:00,0.0
2030-12-31 19:00:00,0.0
2030-12-31 19:15:00,0.0
2030-12-31 19:30:00,0.0
2030-12-31 19:45:00,0.0
2030-12-31 20:00:00,0.0
2030-12-31 20:15:00,0.0
2030-12-31 20:30:00,0.0
2030-12-31 20:45:00,0.0
2030-12-31 21:00:00,0.0
2030-12-31 21:15:00,0.0
2030-12-31 21:30:00,0.0
2030-12-31 21:45:00,0.0
2030-12-31 22:00:00,0.0
2030-12-31 22:15:00,0.0
2030-12-31 22:30:00,0.0
2030-12-31 22:45:00,0.0
2030-12-31 23:00:00,0.0
2030-12-31 23:15:00,0.0
2030-12-31 23:30:00,0.0
2030-12-31 23:45:00,0.0
