Datum,Restenergiebedarf in MWh
2030-01-01 00:00:00,0.0
2030-01-01 00:15:00,0.0
2030-01-01 00:30:00,0.0
2030-01-01 00:45:00,0.0
2030-01-01 01:00:00,0.0
2030-01-01 01:15:00,0.0
2030-01-01 01:30:00,0.0
2030-01-01 01:45:00,0.0
2030-01-01 02:00:00,0.0
2030-01-01 02:15:00,0.0
2030-01-01 02:30:00,0.0
2030-01-01 02:45:00,0.0
2030-01-01 03:00:00,0.0
2030-01-01 03:15:00,0.0
2030-01-01 03:30:00,0.0
2030-01-01 03:45:00,0.0
2030-01-01 04:00:00,0.0
2030-01-01 04:15:00,0.0
2030-01-01 04:30:00,0.0
2030-01-01 04:45:00,0.0
2030-01-01 05:00:00,0.0
2030-01-01 05:15:00,0.0
2030-01-01 05:30:00,0.0
2030-01-01 05:45:00,0.0
2030-01-01 06:00:00,0.0
2030-01-01 06:15:00,0.0
2030-01-01 06:30:00,0.0
2030-01-01 06:45:00,0.0
2030-01-01 07:00:00,0.0
2030-01-01 07:15:00,0.0
2030-01-01 07:30:00,0.0
2030-01-01 07:45:00,0.0
2030-01-01 08:00:00,0.0
2030-01-01 08:15:00,0.0
2030-01-01 08:30:00,0.0
2030-01-01 08:45:00,0.0
2030-01-01 09:00:00,0.0
2030-01-01 09:15:00,0.0
2030-01-01 09:30:00,0.0
2030-01-01 09:45:00,0.0
2030-01-01 10:00:00,0.0
2030-01-01 10:15:00,0.0
2030-01-01 10:30:00,0.0
2030-01-01 10:45:00,0.0
2030-01-01 11:00:00,0.0
2030-01-01 11:15:00,0.0
2030-01-01 11:30:00,0.0
2030-01-01 11:45:00,0.0
2030-01-01 12:00:00,0.0
2030-01-01 12:15:00,0.0
2030-01-01 12:30:00,0.0
2030-01-01 12:45:00,0.0
2030-01-01 13:00:00,0.0
2030-01-01 13:15:00,0.0
2030-01-01 13:30:00,0.0
2030-01-01 13:45:00,0.0
2030-01-01 14:00:00,0.0
2030-01-01 14:15:00,0.0
2030-01-01 14:30:00,0.0
2030-01-01 14:45:00,0.0
2030-01-01 15:00:00,0.0
2030-01-01 15:15:00,0.0
2030-01-01 15:30:00,0.0
2030-01-01 15:45:00,0.0
2030-01-01 16:00:00,0.0
2030-01-01 16:15:00,0.0
2030-01-01 16:30:00,0.0
2030-01-01 16:45:00,0.0
2030-01-01 17:00:00,0.0
2030-01-01 17:15:00,0.0
2030-01-01 17:30:00,0.0
2030-01-01 17:45:00,0.0
2030-01-01 18:00:00,0.0
2030-01-01 18:15:00,0.0
2030-01-01 18:30:00,0.0
2030-01-01 18:45:00,0.0
2030-01-01 19:00:00,0.0
2030-01-01 19:15:00,0.0
2030-01-01 19:30:00,0.0
2030-01-01 19:45:00,0.0
2030-01-01 20:00:00,0.0
2030-01-01 20:15:00,0.0
2030-01-01 20:30:00,0.0
2030-01-01 20:45:00,0.0
2030-01-01 21:00:00,0.0
2030-01-01 21:15:00,0.0
2030-01-01 21:30:00,0.0
2030-01-01 21:45:00,0.0
2030-01-01 22:00:00,0.0
2030-01-01 22:15:00,0.0
2030-01-01 22:30:00,0.0
2030-01-01 22:45:00,0.0
2030-01-01 23:00:00,0.0
2030-01-01 23:15:00,0.0
2030-01-01 23:30:00,0.0
2030-01-01 23:45:00,0.0
2030-01-02 00:00:00,0.0
2030-01-02 00:15:00,0.0
2030-01-02 00:30:00,-2095.3653008173624
2030-01-02 00:45:00,-4110.108632703776
2030-01-02 01:00:00,-4574.618630476862
2030-01-02 01:15:00,-5014.365803074443
2030-01-02 01:30:00,-5098.774216208869
2030-01-02 01:45:00,-5059.406441369871
2030-01-02 02:00:00,-5776.694678902886
2030-01-02 02:15:00,-6531.099763821812
2030-01-02 02:30:00,-6756.937517935632
2030-01-02 02:45:00,-6798.790278981951
2030-01-02 03:00:00,-6960.183844695799
2030-01-02 03:15:00,-7169.470577695645
2030-01-02 03:30:00,-7392.002328475011
2030-01-02 03:45:00,-7532.468735074788
2030-01-02 04:00:00,-7823.93127394319
2030-01-02 04:15:00,-7876.9422382453595
2030-01-02 04:30:00,-7755.614792366001
2030-01-02 04:45:00,-7779.6549938657045
2030-01-02 05:00:00,-7437.506698570474
2030-01-02 05:15:00,-7172.309560527401
2030-01-02 05:30:00,-6991.7537650121485
2030-01-02 05:45:00,-6842.958890533811
2030-01-02 06:00:00,-6506.747289536752
2030-01-02 06:15:00,-6466.809629196927
2030-01-02 06:30:00,-6092.27625925525
2030-01-02 06:45:00,-5894.937150027781
2030-01-02 07:00:00,-5587.171174952946
2030-01-02 07:15:00,-5289.543699360656
2030-01-02 07:30:00,-4964.8368763635735
2030-01-02 07:45:00,-4974.173395225451
2030-01-02 08:00:00,-4633.331781201017
2030-01-02 08:15:00,-4613.59577796156
2030-01-02 08:30:00,-4653.484508911628
2030-01-02 08:45:00,-4918.729371543093
2030-01-02 09:00:00,-5463.076326104419
2030-01-02 09:15:00,-5884.15224526366
2030-01-02 09:30:00,-6005.397008305808
2030-01-02 09:45:00,-5676.6094463101945
2030-01-02 10:00:00,-5679.93509775685
2030-01-02 10:15:00,-6084.538338315691
2030-01-02 10:30:00,-5973.596563323463
2030-01-02 10:45:00,-6038.121370436627
2030-01-02 11:00:00,-6471.354484298739
2030-01-02 11:15:00,-6483.1054716954895
2030-01-02 11:30:00,-6427.435011721529
2030-01-02 11:45:00,-6312.437512267123
2030-01-02 12:00:00,-6098.30898350769
2030-01-02 12:15:00,-6149.706548678929
2030-01-02 12:30:00,-6157.215575906459
2030-01-02 12:45:00,-6117.797301569502
2030-01-02 13:00:00,-6100.962074502026
2030-01-02 13:15:00,-5922.521148321048
2030-01-02 13:30:00,-5571.510506601655
2030-01-02 13:45:00,-5465.479941307622
2030-01-02 14:00:00,-5553.853747149205
2030-01-02 14:15:00,-5320.879585419014
2030-01-02 14:30:00,-4672.202110003833
2030-01-02 14:45:00,-4015.2580463420527
2030-01-02 15:00:00,-3025.239993733896
2030-01-02 15:15:00,-2601.1656613617306
2030-01-02 15:30:00,-2318.1471686999466
2030-01-02 15:45:00,-2116.176323065909
2030-01-02 16:00:00,-1605.50529217847
2030-01-02 16:15:00,-1046.980639744248
2030-01-02 16:30:00,-767.7070348594461
2030-01-02 16:45:00,-460.335331570619
2030-01-02 17:00:00,-301.12492530083546
2030-01-02 17:15:00,-424.78000995973343
2030-01-02 17:30:00,-746.777865558186
2030-01-02 17:45:00,-1065.2154240046948
2030-01-02 18:00:00,-1054.2687940299147
2030-01-02 18:15:00,-1148.319175212273
2030-01-02 18:30:00,-1322.6339320947227
2030-01-02 18:45:00,-1446.3246388468142
2030-01-02 19:00:00,-1550.0865360763237
2030-01-02 19:15:00,-1426.1850986373393
2030-01-02 19:30:00,-1562.1107848537176
2030-01-02 19:45:00,-1647.9037088283367
2030-01-02 20:00:00,-1920.4162015778675
2030-01-02 20:15:00,-2361.9089865697315
2030-01-02 20:30:00,-2755.3336494818977
2030-01-02 20:45:00,-3070.3821949339763
2030-01-02 21:00:00,-3026.8512347279466
2030-01-02 21:15:00,-3161.968210620609
2030-01-02 21:30:00,-3276.100121854506
2030-01-02 21:45:00,-3037.038908445782
2030-01-02 22:00:00,-3047.4386887999353
2030-01-02 22:15:00,-3234.891234669103
2030-01-02 22:30:00,-3491.629610605105
2030-01-02 22:45:00,-3814.1455221459582
2030-01-02 23:00:00,-3986.090064177657
2030-01-02 23:15:00,-4139.945946271753
2030-01-02 23:30:00,-4279.085019994573
2030-01-02 23:45:00,-4444.735028689789
2030-01-03 00:00:00,-4520.9976182033515
2030-01-03 00:15:00,-4766.608301019372
2030-01-03 00:30:00,-4948.296563820522
2030-01-03 00:45:00,-4941.318463550684
2030-01-03 01:00:00,-4962.683420361196
2030-01-03 01:15:00,-5073.383699445429
2030-01-03 01:30:00,-4967.95121873575
2030-01-03 01:45:00,-4901.227693655996
2030-01-03 02:00:00,-4828.087213202358
2030-01-03 02:15:00,-4651.718604296844
2030-01-03 02:30:00,-4243.684113104922
2030-01-03 02:45:00,-3971.443251765284
2030-01-03 03:00:00,-3814.5318610667946
2030-01-03 03:15:00,-3763.4987768770934
2030-01-03 03:30:00,-3624.8815441885454
2030-01-03 03:45:00,-3457.153194081551
2030-01-03 04:00:00,-3018.452127055569
2030-01-03 04:15:00,-2640.4697164724057
2030-01-03 04:30:00,-2231.853796833866
2030-01-03 04:45:00,-2020.6294479281405
2030-01-03 05:00:00,-1565.663270407411
2030-01-03 05:15:00,-1352.8861746817001
2030-01-03 05:30:00,-1096.3071325097935
2030-01-03 05:45:00,-575.7181544813902
2030-01-03 06:00:00,0.0
2030-01-03 06:15:00,0.0
2030-01-03 06:30:00,0.0
2030-01-03 06:45:00,0.0
2030-01-03 07:00:00,0.0
2030-01-03 07:15:00,0.0
2030-01-03 07:30:00,0.0
2030-01-03 07:45:00,0.0
2030-01-03 08:00:00,0.0
2030-01-03 08:15:00,0.0
2030-01-03 08:30:00,0.0
2030-01-03 08:45:00,0.0
2030-01-03 09:00:00,0.0
2030-01-03 09:15:00,0.0
2030-01-03 09:30:00,0.0
2030-01-03 09:45:00,0.0
2030-01-03 10:00:00,0.0
2030-01-03 10:15:00,0.0
2030-01-03 10:30:00,0.0
2030-01-03 10:45:00,0.0
2030-01-03 11:00:00,0.0
2030-01-03 11:15:00,0.0
2030-01-03 11:30:00,0.0
2030-01-03 11:45:00,0.0
2030-01-03 12:00:00,0.0
2030-01-03 12:15:00,0.0
2030-01-03 12:30:00,0.0
2030-01-03 12:45:00,0.0
2030-01-03 13:00:00,0.0
2030-01-03 13:15:00,0.0
2030-01-03 13:30:00,0.0
2030-01-03 13:45:00,0.0
2030-01-03 14:00:00,0.0
2030-01-03 14:15:00,0.0
2030-01-03 14:30:00,0.0
2030-01-03 14:45:00,0.0
2030-01-03 15:00:00,0.0
2030-01-03 15:15:00,0.0
2030-01-03 15:30:00,0.0
2030-01-03 15:45:00,0.0
2030-01-03 16:00:00,0.0
2030-01-03 16:15:00,0.0
2030-01-03 16:30:00,0.0
2030-01-03 16:45:00,0.0
2030-01-03 17:00:00,0.0
2030-01-03 17:15:00,0.0
2030-01-03 17:30:00,0.0
2030-01-03 17:45:00,0.0
2030-01-03 18:00:00,0.0
2030-01-03 18:15:00,0.0
2030-01-03 18:30:00,0.0
2030-01-03 18:45:00,0.0
2030-01-03 19:00:00,0.0
2030-01-03 19:15:00,0.0
2030-01-03 19:30:00,0.0
2030-01-03 19:45:00,0.0
2030-01-03 20:00:00,0.0
2030-01-03 20:15:00,0.0
2030-01-03 20:30:00,0.0
2030-01-03 20:45:00,0.0
2030-01-03 21:00:00,0.0
2030-01-03 21:15:00,0.0
2030-01-03 21:30:00,0.0
2030-01-03 21:45:00,0.0
2030-01-03 22:00:00,0.0
2030-01-03 22:15:00,0.0
2030-01-03 22:30:00,0.0
2030-01-03 22:45:00,0.0
2030-01-03 23:00:00,0.0
2030-01-03 23:15:00,0.0
2030-01-03 23:30:00,0.0
2030-01-03 23:45:00,0.0
2030-01-04 00:00:00,0.0
2030-01-04 00:15:00,0.0
2030-01-04 00:30:00,0.0
2030-01-04 00:45:00,0.0
2030-01-04 01:00:00,0.0
2030-01-04 01:15:00,0.0
2030-01-04 01:30:00,0.0
2030-01-04 01:45:00,0.0
2030-01-04 02:00:00,0.0
2030-01-04 02:15:00,0.0
2030-01-04 02:30:00,0.0
2030-01-04 02:45:00,0.0
2030-01-04 03:00:00,0.0
2030-01-04 03:15:00,0.0
2030-01-04 03:30:00,0.0
2030-01-04 03:45:00,0.0
2030-01-04 04:00:00,0.0
2030-01-04 04:15:00,0.0
2030-01-04 04:30:00,0.0
2030-01-04 04:45:00,0.0
2030-01-04 05:00:00,0.0
2030-01-04 05:15:00,0.0
2030-01-04 05:30:00,0.0
2030-01-04 05:45:00,0.0
2030-01-04 06:00:00,0.0
2030-01-04 06:15:00,0.0
2030-01-04 06:30:00,0.0
2030-01-04 06:45:00,0.0
2030-01-04 07:00:00,0.0
2030-01-04 07:15:00,0.0
2030-01-04 07:30:00,0.0
2030-01-04 07:45:00,0.0
2030-01-04 08:00:00,-3659.1793848496163
2030-01-04 08:15:00,-7752.892667855867
2030-01-04 08:30:00,-7777.680056249912
2030-01-04 08:45:00,-7913.190603073985
2030-01-04 09:00:00,-8117.501789664457
2030-01-04 09:15:00,-8259.068423445278
2030-01-04 09:30:00,-8402.84022058209
2030-01-04 09:45:00,-8686.3989024511
2030-01-04 10:00:00,-8771.528375792965
2030-01-04 10:15:00,-8965.169405501325
2030-01-04 10:30:00,-9083.875492132476
2030-01-04 10:45:00,-9117.989005564574
2030-01-04 11:00:00,-9010.418430824673
2030-01-04 11:15:00,-8523.749248323522
2030-01-04 11:30:00,-8648.88592358866
2030-01-04 11:45:00,-8966.37860128647
2030-01-04 12:00:00,-9325.249296110422
2030-01-04 12:15:00,-9803.105688376967
2030-01-04 12:30:00,-10032.63890689117
2030-01-04 12:45:00,-10075.388632442795
2030-01-04 13:00:00,-9976.601962142431
2030-01-04 13:15:00,-9982.502708397249
2030-01-04 13:30:00,-9945.735773822926
2030-01-04 13:45:00,-9902.989637794588
2030-01-04 14:00:00,-9834.699947761012
2030-01-04 14:15:00,-9697.641886777943
2030-01-04 14:30:00,-9540.786883937966
2030-01-04 14:45:00,-9368.179762953168
2030-01-04 15:00:00,-9336.359953115367
2030-01-04 15:15:00,-9177.682485900139
2030-01-04 15:30:00,-9285.035921663071
2030-01-04 15:45:00,-9522.094381107596
2030-01-04 16:00:00,-9416.322660190035
2030-01-04 16:15:00,-9259.87373588574
2030-01-04 16:30:00,-9020.478624282627
2030-01-04 16:45:00,-8947.644453087705
2030-01-04 17:00:00,-8768.040445470768
2030-01-04 17:15:00,-8676.817611847426
2030-01-04 17:30:00,-8489.164674978274
2030-01-04 17:45:00,-8209.003748660802
2030-01-04 18:00:00,-7871.007334722948
2030-01-04 18:15:00,-7565.348009532507
2030-01-04 18:30:00,-7510.677118479442
2030-01-04 18:45:00,-7377.026537777321
2030-01-04 19:00:00,-7070.600257792961
2030-01-04 19:15:00,-7141.074312618297
2030-01-04 19:30:00,-7236.469706501113
2030-01-04 19:45:00,-7267.519934945933
2030-01-04 20:00:00,-7536.1027180807
2030-01-04 20:15:00,-7807.235211679417
2030-01-04 20:30:00,-7762.087587343653
2030-01-04 20:45:00,-7835.37015427776
2030-01-04 21:00:00,-7451.609011411518
2030-01-04 21:15:00,-7331.03221578091
2030-01-04 21:30:00,-7358.116479688768
2030-01-04 21:45:00,-7214.724178438966
2030-01-04 22:00:00,-6590.743666240549
2030-01-04 22:15:00,-6737.986237838322
2030-01-04 22:30:00,-7091.644629835213
2030-01-04 22:45:00,-7269.191194226856
2030-01-04 23:00:00,-7273.251489166389
2030-01-04 23:15:00,-7168.476378099207
2030-01-04 23:30:00,-7168.547609187128
2030-01-04 23:45:00,-7562.932071158462
2030-01-05 00:00:00,-7084.43721008873
2030-01-05 00:15:00,-6457.444503736564
2030-01-05 00:30:00,-6136.835862386448
2030-01-05 00:45:00,-5881.816738121981
2030-01-05 01:00:00,-6144.553224226867
2030-01-05 01:15:00,-6215.6135223068795
2030-01-05 01:30:00,-6186.196019943443
2030-01-05 01:45:00,-5818.678508306937
2030-01-05 02:00:00,-5452.952676907549
2030-01-05 02:15:00,-5270.287974570012
2030-01-05 02:30:00,-5474.53019935406
2030-01-05 02:45:00,-5477.466532335824
2030-01-05 03:00:00,-5276.837968715874
2030-01-05 03:15:00,-5321.781377691899
2030-01-05 03:30:00,-5232.487296525649
2030-01-05 03:45:00,-5102.915786604241
2030-01-05 04:00:00,-5490.568516024619
2030-01-05 04:15:00,-6061.242507679184
2030-01-05 04:30:00,-6359.997303966913
2030-01-05 04:45:00,-6623.789328507119
2030-01-05 05:00:00,-7136.330426436263
2030-01-05 05:15:00,-7363.559518725939
2030-01-05 05:30:00,-7191.340315472433
2030-01-05 05:45:00,-7061.209609120811
2030-01-05 06:00:00,-6389.236802255982
2030-01-05 06:15:00,-6303.0005039067255
2030-01-05 06:30:00,-6033.123806093787
2030-01-05 06:45:00,-5521.6478375647675
2030-01-05 07:00:00,-4387.204319484765
2030-01-05 07:15:00,-4256.69597149839
2030-01-05 07:30:00,-4101.619889568334
2030-01-05 07:45:00,-3752.3390684878577
2030-01-05 08:00:00,-3293.0992747735727
2030-01-05 08:15:00,-3402.84831781522
2030-01-05 08:30:00,-3352.4711626495664
2030-01-05 08:45:00,-3258.560918426596
2030-01-05 09:00:00,-3487.021221557934
2030-01-05 09:15:00,-3607.338743134005
2030-01-05 09:30:00,-3903.744351691683
2030-01-05 09:45:00,-4274.190101692238
2030-01-05 10:00:00,-4561.050685240018
2030-01-05 10:15:00,-5169.763723134991
2030-01-05 10:30:00,-5838.99165032067
2030-01-05 10:45:00,-5958.498396596769
2030-01-05 11:00:00,-6112.835794347131
2030-01-05 11:15:00,-6172.342232267725
2030-01-05 11:30:00,-5969.100963642366
2030-01-05 11:45:00,-6030.113592552054
2030-01-05 12:00:00,-5510.621651444853
2030-01-05 12:15:00,-4908.226636002979
2030-01-05 12:30:00,-4166.236648489368
2030-01-05 12:45:00,-3631.5360015877486
2030-01-05 13:00:00,-3371.2184275604013
2030-01-05 13:15:00,-2931.1845566488773
2030-01-05 13:30:00,-2577.8580759783654
2030-01-05 13:45:00,-2318.2239380571373
2030-01-05 14:00:00,-1490.718855882431
2030-01-05 14:15:00,-666.3933186700342
2030-01-05 14:30:00,0.0
2030-01-05 14:45:00,0.0
2030-01-05 15:00:00,0.0
2030-01-05 15:15:00,0.0
2030-01-05 15:30:00,0.0
2030-01-05 15:45:00,0.0
2030-01-05 16:00:00,0.0
2030-01-05 16:15:00,0.0
2030-01-05 16:30:00,0.0
2030-01-05 16:45:00,0.0
2030-01-05 17:00:00,0.0
2030-01-05 17:15:00,0.0
2030-01-05 17:30:00,0.0
2030-01-05 17:45:00,0.0
2030-01-05 18:00:00,0.0
2030-01-05 18:15:00,0.0
2030-01-05 18:30:00,0.0
2030-01-05 18:45:00,0.0
2030-01-05 19:00:00,0.0
2030-01-05 19:15:00,0.0
2030-01-05 19:30:00,0.0
2030-01-05 19:45:00,0.0
2030-01-05 20:00:00,0.0
2030-01-05 20:15:00,0.0
2030-01-05 20:30:00,0.0
2030-01-05 20:45:00,0.0
2030-01-05 21:00:00,0.0
2030-01-05 21:15:00,0.0
2030-01-05 21:30:00,0.0
2030-01-05 21:45:00,0.0
2030-01-05 22:00:00,0.0
2030-01-05 22:15:00,0.0
2030-01-05 22:30:00,0.0
2030-01-05 22:45:00,0.0
2030-01-05 23:00:00,0.0
2030-01-05 23:15:00,0.0
2030-01-05 23:30:00,0.0
2030-01-05 23:45:00,0.0
2030-01-06 00:00:00,0.0
2030-01-06 00:15:00,0.0
2030-01-06 00:30:00,0.0
2030-01-06 00:45:00,0.0
2030-01-06 01:00:00,0.0
2030-01-06 01:15:00,0.0
2030-01-06 01:30:00,0.0
2030-01-06 01:45:00,0.0
2030-01-06 02:00:00,0.0
2030-01-06 02:15:00,0.0
2030-01-06 02:30:00,0.0
2030-01-06 02:45:00,0.0
2030-01-06 03:00:00,0.0
2030-01-06 03:15:00,0.0
2030-01-06 03:30:00,0.0
2030-01-06 03:45:00,0.0
2030-01-06 04:00:00,0.0
2030-01-06 04:15:00,0.0
2030-01-06 04:30:00,0.0
2030-01-06 04:45:00,0.0
2030-01-06 05:00:00,0.0
2030-01-06 05:15:00,0.0
2030-01-06 05:30:00,0.0
2030-01-06 05:45:00,0.0
2030-01-06 06:00:00,0.0
2030-01-06 06:15:00,0.0
2030-01-06 06:30:00,0.0
2030-01-06 06:45:00,0.0
2030-01-06 07:00:00,0.0
2030-01-06 07:15:00,0.0
2030-01-06 07:30:00,0.0
2030-01-06 07:45:00,0.0
2030-01-06 08:00:00,0.0
2030-01-06 08:15:00,0.0
2030-01-06 08:30:00,0.0
2030-01-06 08:45:00,0.0
2030-01-06 09:00:00,0.0
2030-01-06 09:15:00,0.0
2030-01-06 09:30:00,0.0
2030-01-06 09:45:00,0.0
2030-01-06 10:00:00,0.0
2030-01-06 10:15:00,0.0
2030-01-06 10:30:00,0.0
2030-01-06 10:45:00,0.0
2030-01-06 11:00:00,-7871.697548187691
2030-01-06 11:15:00,-8777.275414093463
2030-01-06 11:30:00,-9098.87911285085
2030-01-06 11:45:00,-9681.172007516867
2030-01-06 12:00:00,-9539.030735590848
2030-01-06 12:15:00,-9623.850537351096
2030-01-06 12:30:00,-9750.753324695077
2030-01-06 12:45:00,-9924.176598246748
2030-01-06 13:00:00,-9824.536371859223
2030-01-06 13:15:00,-9823.295812876913
2030-01-06 13:30:00,-9670.34437827485
2030-01-06 13:45:00,-9318.109616741549
2030-01-06 14:00:00,-8213.334452931973
2030-01-06 14:15:00,-7378.652648988722
2030-01-06 14:30:00,-6726.414077447353
2030-01-06 14:45:00,-5819.251745561076
2030-01-06 15:00:00,-4741.398404960015
2030-01-06 15:15:00,-3941.499220956357
2030-01-06 15:30:00,-3043.226208003711
2030-01-06 15:45:00,-2249.8070254866543
2030-01-06 16:00:00,-1541.4646187797225
2030-01-06 16:15:00,-1160.3914143967777
2030-01-06 16:30:00,-651.8393364803233
2030-01-06 16:45:00,-127.20240881431164
2030-01-06 17:00:00,0.0
2030-01-06 17:15:00,0.0
2030-01-06 17:30:00,0.0
2030-01-06 17:45:00,0.0
2030-01-06 18:00:00,0.0
2030-01-06 18:15:00,0.0
2030-01-06 18:30:00,0.0
2030-01-06 18:45:00,0.0
2030-01-06 19:00:00,0.0
2030-01-06 19:15:00,0.0
2030-01-06 19:30:00,0.0
2030-01-06 19:45:00,0.0
2030-01-06 20:00:00,0.0
2030-01-06 20:15:00,0.0
2030-01-06 20:30:00,0.0
2030-01-06 20:45:00,0.0
2030-01-06 21:00:00,0.0
2030-01-06 21:15:00,0.0
2030-01-06 21:30:00,0.0
2030-01-06 21:45:00,0.0
2030-01-06 22:00:00,0.0
2030-01-06 22:15:00,0.0
2030-01-06 22:30:00,0.0
2030-01-06 22:45:00,0.0
2030-01-06 23:00:00,0.0
2030-01-06 23:15:00,0.0
2030-01-06 23:30:00,0.0
2030-01-06 23:45:00,0.0
2030-01-07 00:00:00,0.0
2030-01-07 00:15:00,0.0
2030-01-07 00:30:00,-1884.5093589499756
2030-01-07 00:45:00,-2293.756201585529
2030-01-07 01:00:00,-2430.2522004549737
2030-01-07 01:15:00,-2267.3210121506727
2030-01-07 01:30:00,-2457.7478882319683
2030-01-07 01:45:00,-2545.900794062054
2030-01-07 02:00:00,-2566.891101077621
2030-01-07 02:15:00,-2480.970530069373
2030-01-07 02:30:00,-2119.452565245145
2030-01-07 02:45:00,-1875.8860833220606
2030-01-07 03:00:00,-1731.9069239134733
2030-01-07 03:15:00,-1579.1888296791403
2030-01-07 03:30:00,-1773.5277881655838
2030-01-07 03:45:00,-1756.2061038016236
2030-01-07 04:00:00,-1633.8087679233322
2030-01-07 04:15:00,-1415.8952280281574
2030-01-07 04:30:00,-1513.9966691480095
2030-01-07 04:45:00,-1513.4547308292003
2030-01-07 05:00:00,-1497.2503175480033
2030-01-07 05:15:00,-1610.500468335198
2030-01-07 05:30:00,-1577.3826222307998
2030-01-07 05:45:00,-1459.088490391734
2030-01-07 06:00:00,-1380.6114448412754
2030-01-07 06:15:00,-1292.8838661320315
2030-01-07 06:30:00,-740.6373341524177
2030-01-07 06:45:00,-428.56795352786685
2030-01-07 07:00:00,-110.62563468114968
2030-01-07 07:15:00,0.0
2030-01-07 07:30:00,0.0
2030-01-07 07:45:00,0.0
2030-01-07 08:00:00,0.0
2030-01-07 08:15:00,0.0
2030-01-07 08:30:00,0.0
2030-01-07 08:45:00,0.0
2030-01-07 09:00:00,0.0
2030-01-07 09:15:00,0.0
2030-01-07 09:30:00,0.0
2030-01-07 09:45:00,0.0
2030-01-07 10:00:00,0.0
2030-01-07 10:15:00,0.0
2030-01-07 10:30:00,0.0
2030-01-07 10:45:00,0.0
2030-01-07 11:00:00,0.0
2030-01-07 11:15:00,0.0
2030-01-07 11:30:00,0.0
2030-01-07 11:45:00,0.0
2030-01-07 12:00:00,0.0
2030-01-07 12:15:00,0.0
2030-01-07 12:30:00,0.0
2030-01-07 12:45:00,0.0
2030-01-07 13:00:00,0.0
2030-01-07 13:15:00,0.0
2030-01-07 13:30:00,0.0
2030-01-07 13:45:00,0.0
2030-01-07 14:00:00,0.0
2030-01-07 14:15:00,0.0
2030-01-07 14:30:00,0.0
2030-01-07 14:45:00,0.0
2030-01-07 15:00:00,0.0
2030-01-07 15:15:00,0.0
2030-01-07 15:30:00,0.0
2030-01-07 15:45:00,0.0
2030-01-07 16:00:00,0.0
2030-01-07 16:15:00,0.0
2030-01-07 16:30:00,0.0
2030-01-07 16:45:00,0.0
2030-01-07 17:00:00,0.0
2030-01-07 17:15:00,0.0
2030-01-07 17:30:00,0.0
2030-01-07 17:45:00,0.0
2030-01-07 18:00:00,0.0
2030-01-07 18:15:00,0.0
2030-01-07 18:30:00,0.0
2030-01-07 18:45:00,0.0
2030-01-07 19:00:00,0.0
2030-01-07 19:15:00,-1614.7495989750241
2030-01-07 19:30:00,-2975.9473082737495
2030-01-07 19:45:00,-2819.799667986954
2030-01-07 20:00:00,-3230.443747569552
2030-01-07 20:15:00,-3414.002159037853
2030-01-07 20:30:00,-3818.9009170528334
2030-01-07 20:45:00,-4208.955441733386
2030-01-07 21:00:00,-4354.023873278697
2030-01-07 21:15:00,-4577.170037569504
2030-01-07 21:30:00,-4584.191834503785
2030-01-07 21:45:00,-4499.928004591697
2030-01-07 22:00:00,-4240.115316519677
2030-01-07 22:15:00,-4611.476335358937
2030-01-07 22:30:00,-4957.458826720729
2030-01-07 22:45:00,-5221.855430834674
2030-01-07 23:00:00,-5541.49209912098
2030-01-07 23:15:00,-5878.082703873595
2030-01-07 23:30:00,-6105.484477056516
2030-01-07 23:45:00,-6307.6782572095635
2030-01-08 00:00:00,-6242.654833181885
2030-01-08 00:15:00,-6367.658019443885
2030-01-08 00:30:00,-6364.5257411916555
2030-01-08 00:45:00,-6299.83544024965
2030-01-08 01:00:00,-6466.59716460589
2030-01-08 01:15:00,-6604.737443662467
2030-01-08 01:30:00,-6464.689480426145
2030-01-08 01:45:00,-6421.346568095914
2030-01-08 02:00:00,-6429.54561815202
2030-01-08 02:15:00,-6295.090300664748
2030-01-08 02:30:00,-6154.1329086532005
2030-01-08 02:45:00,-5932.468651666308
2030-01-08 03:00:00,-5657.492807002134
2030-01-08 03:15:00,-5466.915649442957
2030-01-08 03:30:00,-5337.444087311282
2030-01-08 03:45:00,-5211.654584819587
2030-01-08 04:00:00,-5121.467779449687
2030-01-08 04:15:00,-5270.732915809542
2030-01-08 04:30:00,-5326.294824076245
2030-01-08 04:45:00,-5488.301960613238
2030-01-08 05:00:00,-5480.871378492988
2030-01-08 05:15:00,-5337.256018584627
2030-01-08 05:30:00,-5239.15568539362
2030-01-08 05:45:00,-5164.874127147697
2030-01-08 06:00:00,-5062.194240338093
2030-01-08 06:15:00,-4934.20413269647
2030-01-08 06:30:00,-4782.2882154988765
2030-01-08 06:45:00,-4767.793793954939
2030-01-08 07:00:00,-4861.2815218053875
2030-01-08 07:15:00,-4953.318078781365
2030-01-08 07:30:00,-5170.845674801958
2030-01-08 07:45:00,-5253.155517178806
2030-01-08 08:00:00,-5047.348892090644
2030-01-08 08:15:00,-4807.692583589553
2030-01-08 08:30:00,-4757.669943861381
2030-01-08 08:45:00,-4822.049008599935
2030-01-08 09:00:00,-5327.579408821239
2030-01-08 09:15:00,-5633.127811910723
2030-01-08 09:30:00,-5806.975376467657
2030-01-08 09:45:00,-6417.349993463755
2030-01-08 10:00:00,-6701.91516173695
2030-01-08 10:15:00,-6857.931690970156
2030-01-08 10:30:00,-7188.480636261178
2030-01-08 10:45:00,-7372.977662287525
2030-01-08 11:00:00,-7356.01032462735
2030-01-08 11:15:00,-7493.096277596149
2030-01-08 11:30:00,-7554.317089715882
2030-01-08 11:45:00,-7433.451995170399
2030-01-08 12:00:00,-7733.4337167802005
2030-01-08 12:15:00,-7808.167613411733
2030-01-08 12:30:00,-7577.082994129953
2030-01-08 12:45:00,-7407.234132371257
2030-01-08 13:00:00,-6858.682299215972
2030-01-08 13:15:00,-6320.583045541047
2030-01-08 13:30:00,-6124.2835460923925
2030-01-08 13:45:00,-5738.907029756996
2030-01-08 14:00:00,-5156.623833741622
2030-01-08 14:15:00,-4374.602206814867
2030-01-08 14:30:00,-3864.4904031870174
2030-01-08 14:45:00,-2773.1308313154404
2030-01-08 15:00:00,-1355.393966751668
2030-01-08 15:15:00,-187.28531472928444
2030-01-08 15:30:00,0.0
2030-01-08 15:45:00,0.0
2030-01-08 16:00:00,0.0
2030-01-08 16:15:00,0.0
2030-01-08 16:30:00,0.0
2030-01-08 16:45:00,0.0
2030-01-08 17:00:00,0.0
2030-01-08 17:15:00,0.0
2030-01-08 17:30:00,0.0
2030-01-08 17:45:00,0.0
2030-01-08 18:00:00,0.0
2030-01-08 18:15:00,0.0
2030-01-08 18:30:00,0.0
2030-01-08 18:45:00,0.0
2030-01-08 19:00:00,0.0
2030-01-08 19:15:00,0.0
2030-01-08 19:30:00,0.0
2030-01-08 19:45:00,0.0
2030-01-08 20:00:00,0.0
2030-01-08 20:15:00,0.0
2030-01-08 20:30:00,0.0
2030-01-08 20:45:00,0.0
2030-01-08 21:00:00,0.0
2030-01-08 21:15:00,0.0
2030-01-08 21:30:00,0.0
2030-01-08 21:45:00,0.0
2030-01-08 22:00:00,0.0
2030-01-08 22:15:00,0.0
2030-01-08 22:30:00,0.0
2030-01-08 22:45:00,0.0
2030-01-08 23:00:00,0.0
2030-01-08 23:15:00,0.0
2030-01-08 23:30:00,0.0
2030-01-08 23:45:00,0.0
2030-01-09 00:00:00,0.0
2030-01-09 00:15:00,0.0
2030-01-09 00:30:00,0.0
2030-01-09 00:45:00,0.0
2030-01-09 01:00:00,0.0
2030-01-09 01:15:00,0.0
2030-01-09 01:30:00,0.0
2030-01-09 01:45:00,0.0
2030-01-09 02:00:00,0.0
2030-01-09 02:15:00,0.0
2030-01-09 02:30:00,0.0
2030-01-09 02:45:00,0.0
2030-01-09 03:00:00,0.0
2030-01-09 03:15:00,0.0
2030-01-09 03:30:00,0.0
2030-01-09 03:45:00,0.0
2030-01-09 04:00:00,0.0
2030-01-09 04:15:00,0.0
2030-01-09 04:30:00,0.0
2030-01-09 04:45:00,0.0
2030-01-09 05:00:00,0.0
2030-01-09 05:15:00,0.0
2030-01-09 05:30:00,0.0
2030-01-09 05:45:00,0.0
2030-01-09 06:00:00,0.0
2030-01-09 06:15:00,0.0
2030-01-09 06:30:00,0.0
2030-01-09 06:45:00,0.0
2030-01-09 07:00:00,0.0
2030-01-09 07:15:00,0.0
2030-01-09 07:30:00,0.0
2030-01-09 07:45:00,0.0
2030-01-09 08:00:00,0.0
2030-01-09 08:15:00,0.0
2030-01-09 08:30:00,0.0
2030-01-09 08:45:00,0.0
2030-01-09 09:00:00,0.0
2030-01-09 09:15:00,0.0
2030-01-09 09:30:00,0.0
2030-01-09 09:45:00,0.0
2030-01-09 10:00:00,0.0
2030-01-09 10:15:00,0.0
2030-01-09 10:30:00,0.0
2030-01-09 10:45:00,0.0
2030-01-09 11:00:00,0.0
2030-01-09 11:15:00,0.0
2030-01-09 11:30:00,0.0
2030-01-09 11:45:00,0.0
2030-01-09 12:00:00,0.0
2030-01-09 12:15:00,0.0
2030-01-09 12:30:00,0.0
2030-01-09 12:45:00,0.0
2030-01-09 13:00:00,0.0
2030-01-09 13:15:00,0.0
2030-01-09 13:30:00,0.0
2030-01-09 13:45:00,0.0
2030-01-09 14:00:00,0.0
2030-01-09 14:15:00,0.0
2030-01-09 14:30:00,0.0
2030-01-09 14:45:00,0.0
2030-01-09 15:00:00,0.0
2030-01-09 15:15:00,0.0
2030-01-09 15:30:00,0.0
2030-01-09 15:45:00,0.0
2030-01-09 16:00:00,0.0
2030-01-09 16:15:00,0.0
2030-01-09 16:30:00,0.0
2030-01-09 16:45:00,0.0
2030-01-09 17:00:00,0.0
2030-01-09 17:15:00,0.0
2030-01-09 17:30:00,0.0
2030-01-09 17:45:00,0.0
2030-01-09 18:00:00,0.0
2030-01-09 18:15:00,0.0
2030-01-09 18:30:00,0.0
2030-01-09 18:45:00,0.0
2030-01-09 19:00:00,0.0
2030-01-09 19:15:00,0.0
2030-01-09 19:30:00,0.0
2030-01-09 19:45:00,0.0
2030-01-09 20:00:00,0.0
2030-01-09 20:15:00,0.0
2030-01-09 20:30:00,0.0
2030-01-09 20:45:00,0.0
2030-01-09 21:00:00,0.0
2030-01-09 21:15:00,0.0
2030-01-09 21:30:00,0.0
2030-01-09 21:45:00,0.0
2030-01-09 22:00:00,0.0
2030-01-09 22:15:00,0.0
2030-01-09 22:30:00,0.0
2030-01-09 22:45:00,0.0
2030-01-09 23:00:00,0.0
2030-01-09 23:15:00,0.0
2030-01-09 23:30:00,0.0
2030-01-09 23:45:00,0.0
2030-01-10 00:00:00,0.0
2030-01-10 00:15:00,0.0
2030-01-10 00:30:00,0.0
2030-01-10 00:45:00,0.0
2030-01-10 01:00:00,0.0
2030-01-10 01:15:00,0.0
2030-01-10 01:30:00,1834.2007263664927
2030-01-10 01:45:00,0.0
2030-01-10 02:00:00,0.0
2030-01-10 02:15:00,0.0
2030-01-10 02:30:00,0.0
2030-01-10 02:45:00,0.0
2030-01-10 03:00:00,0.0
2030-01-10 03:15:00,0.0
2030-01-10 03:30:00,0.0
2030-01-10 03:45:00,0.0
2030-01-10 04:00:00,0.0
2030-01-10 04:15:00,0.0
2030-01-10 04:30:00,0.0
2030-01-10 04:45:00,0.0
2030-01-10 05:00:00,0.0
2030-01-10 05:15:00,0.0
2030-01-10 05:30:00,0.0
2030-01-10 05:45:00,0.0
2030-01-10 06:00:00,0.0
2030-01-10 06:15:00,0.0
2030-01-10 06:30:00,0.0
2030-01-10 06:45:00,0.0
2030-01-10 07:00:00,0.0
2030-01-10 07:15:00,0.0
2030-01-10 07:30:00,0.0
2030-01-10 07:45:00,0.0
2030-01-10 08:00:00,0.0
2030-01-10 08:15:00,0.0
2030-01-10 08:30:00,0.0
2030-01-10 08:45:00,0.0
2030-01-10 09:00:00,0.0
2030-01-10 09:15:00,0.0
2030-01-10 09:30:00,0.0
2030-01-10 09:45:00,0.0
2030-01-10 10:00:00,0.0
2030-01-10 10:15:00,0.0
2030-01-10 10:30:00,0.0
2030-01-10 10:45:00,0.0
2030-01-10 11:00:00,0.0
2030-01-10 11:15:00,0.0
2030-01-10 11:30:00,0.0
2030-01-10 11:45:00,0.0
2030-01-10 12:00:00,0.0
2030-01-10 12:15:00,0.0
2030-01-10 12:30:00,0.0
2030-01-10 12:45:00,0.0
2030-01-10 13:00:00,0.0
2030-01-10 13:15:00,0.0
2030-01-10 13:30:00,0.0
2030-01-10 13:45:00,0.0
2030-01-10 14:00:00,0.0
2030-01-10 14:15:00,0.0
2030-01-10 14:30:00,0.0
2030-01-10 14:45:00,0.0
2030-01-10 15:00:00,0.0
2030-01-10 15:15:00,0.0
2030-01-10 15:30:00,0.0
2030-01-10 15:45:00,0.0
2030-01-10 16:00:00,0.0
2030-01-10 16:15:00,0.0
2030-01-10 16:30:00,0.0
2030-01-10 16:45:00,0.0
2030-01-10 17:00:00,0.0
2030-01-10 17:15:00,0.0
2030-01-10 17:30:00,0.0
2030-01-10 17:45:00,0.0
2030-01-10 18:00:00,0.0
2030-01-10 18:15:00,0.0
2030-01-10 18:30:00,372.8917891220517
2030-01-10 18:45:00,0.0
2030-01-10 19:00:00,0.0
2030-01-10 19:15:00,0.0
2030-01-10 19:30:00,0.0
2030-01-10 19:45:00,0.0
2030-01-10 20:00:00,0.0
2030-01-10 20:15:00,0.0
2030-01-10 20:30:00,0.0
2030-01-10 20:45:00,0.0
2030-01-10 21:00:00,0.0
2030-01-10 21:15:00,0.0
2030-01-10 21:30:00,0.0
2030-01-10 21:45:00,0.0
2030-01-10 22:00:00,0.0
2030-01-10 22:15:00,0.0
2030-01-10 22:30:00,0.0
2030-01-10 22:45:00,0.0
2030-01-10 23:00:00,0.0
2030-01-10 23:15:00,0.0
2030-01-10 23:30:00,0.0
2030-01-10 23:45:00,0.0
2030-01-11 00:00:00,0.0
2030-01-11 00:15:00,0.0
2030-01-11 00:30:00,0.0
2030-01-11 00:45:00,0.0
2030-01-11 01:00:00,0.0
2030-01-11 01:15:00,0.0
2030-01-11 01:30:00,0.0
2030-01-11 01:45:00,0.0
2030-01-11 02:00:00,0.0
2030-01-11 02:15:00,0.0
2030-01-11 02:30:00,0.0
2030-01-11 02:45:00,0.0
2030-01-11 03:00:00,0.0
2030-01-11 03:15:00,0.0
2030-01-11 03:30:00,0.0
2030-01-11 03:45:00,0.0
2030-01-11 04:00:00,0.0
2030-01-11 04:15:00,0.0
2030-01-11 04:30:00,0.0
2030-01-11 04:45:00,0.0
2030-01-11 05:00:00,0.0
2030-01-11 05:15:00,0.0
2030-01-11 05:30:00,0.0
2030-01-11 05:45:00,0.0
2030-01-11 06:00:00,0.0
2030-01-11 06:15:00,0.0
2030-01-11 06:30:00,0.0
2030-01-11 06:45:00,0.0
2030-01-11 07:00:00,0.0
2030-01-11 07:15:00,0.0
2030-01-11 07:30:00,0.0
2030-01-11 07:45:00,0.0
2030-01-11 08:00:00,0.0
2030-01-11 08:15:00,0.0
2030-01-11 08:30:00,0.0
2030-01-11 08:45:00,0.0
2030-01-11 09:00:00,0.0
2030-01-11 09:15:00,0.0
2030-01-11 09:30:00,0.0
2030-01-11 09:45:00,0.0
2030-01-11 10:00:00,0.0
2030-01-11 10:15:00,0.0
2030-01-11 10:30:00,0.0
2030-01-11 10:45:00,0.0
2030-01-11 11:00:00,0.0
2030-01-11 11:15:00,0.0
2030-01-11 11:30:00,0.0
2030-01-11 11:45:00,0.0
2030-01-11 12:00:00,0.0
2030-01-11 12:15:00,0.0
2030-01-11 12:30:00,0.0
2030-01-11 12:45:00,0.0
2030-01-11 13:00:00,0.0
2030-01-11 13:15:00,0.0
2030-01-11 13:30:00,0.0
2030-01-11 13:45:00,0.0
2030-01-11 14:00:00,0.0
2030-01-11 14:15:00,0.0
2030-01-11 14:30:00,0.0
2030-01-11 14:45:00,0.0
2030-01-11 15:00:00,0.0
2030-01-11 15:15:00,0.0
2030-01-11 15:30:00,0.0
2030-01-11 15:45:00,0.0
2030-01-11 16:00:00,0.0
2030-01-11 16:15:00,0.0
2030-01-11 16:30:00,0.0
2030-01-11 16:45:00,0.0
2030-01-11 17:00:00,0.0
2030-01-11 17:15:00,0.0
2030-01-11 17:30:00,0.0
2030-01-11 17:45:00,0.0
2030-01-11 18:00:00,0.0
2030-01-11 18:15:00,0.0
2030-01-11 18:30:00,0.0
2030-01-11 18:45:00,0.0
2030-01-11 19:00:00,0.0
2030-01-11 19:15:00,0.0
2030-01-11 19:30:00,0.0
2030-01-11 19:45:00,0.0
2030-01-11 20:00:00,0.0
2030-01-11 20:15:00,0.0
2030-01-11 20:30:00,0.0
2030-01-11 20:45:00,0.0
2030-01-11 21:00:00,0.0
2030-01-11 21:15:00,0.0
2030-01-11 21:30:00,0.0
2030-01-11 21:45:00,0.0
2030-01-11 22:00:00,0.0
2030-01-11 22:15:00,0.0
2030-01-11 22:30:00,0.0
2030-01-11 22:45:00,0.0
2030-01-11 23:00:00,0.0
2030-01-11 23:15:00,0.0
2030-01-11 23:30:00,0.0
2030-01-11 23:45:00,0.0
2030-01-12 00:00:00,0.0
2030-01-12 00:15:00,0.0
2030-01-12 00:30:00,0.0
2030-01-12 00:45:00,0.0
2030-01-12 01:00:00,0.0
2030-01-12 01:15:00,0.0
2030-01-12 01:30:00,0.0
2030-01-12 01:45:00,0.0
2030-01-12 02:00:00,0.0
2030-01-12 02:15:00,0.0
2030-01-12 02:30:00,0.0
2030-01-12 02:45:00,0.0
2030-01-12 03:00:00,0.0
2030-01-12 03:15:00,0.0
2030-01-12 03:30:00,-2654.9713245381754
2030-01-12 03:45:00,-8558.740266698525
2030-01-12 04:00:00,-8365.271504354809
2030-01-12 04:15:00,-8231.69687225065
2030-01-12 04:30:00,-8069.728371216388
2030-01-12 04:45:00,-8246.286982021105
2030-01-12 05:00:00,-8512.487961732058
2030-01-12 05:15:00,-8700.216156645572
2030-01-12 05:30:00,-8570.156467859691
2030-01-12 05:45:00,-8240.225581024824
2030-01-12 06:00:00,-7241.941325831576
2030-01-12 06:15:00,-6837.47742197285
2030-01-12 06:30:00,-6297.836698214196
2030-01-12 06:45:00,-6042.022289935227
2030-01-12 07:00:00,-5977.565455142885
2030-01-12 07:15:00,-5930.621071048681
2030-01-12 07:30:00,-6138.04967854558
2030-01-12 07:45:00,-5931.182993036236
2030-01-12 08:00:00,-5811.533390967488
2030-01-12 08:15:00,-5879.340337699079
2030-01-12 08:30:00,-5840.154560573057
2030-01-12 08:45:00,-5991.904157691944
2030-01-12 09:00:00,-6127.107341124174
2030-01-12 09:15:00,-6691.098613039503
2030-01-12 09:30:00,-7284.749126827359
2030-01-12 09:45:00,-7676.807017188028
2030-01-12 10:00:00,-8004.363971921452
2030-01-12 10:15:00,-8320.238135119645
2030-01-12 10:30:00,-8548.640439494357
2030-01-12 10:45:00,-8747.242198314114
2030-01-12 11:00:00,-8905.791442848327
2030-01-12 11:15:00,-9197.562093781784
2030-01-12 11:30:00,-9328.357838242384
2030-01-12 11:45:00,-9531.330594261664
2030-01-12 12:00:00,-10002.364230205378
2030-01-12 12:15:00,-10163.01076369187
2030-01-12 12:30:00,-10134.878222808951
2030-01-12 12:45:00,-10080.626424444468
2030-01-12 13:00:00,-9679.084077769749
2030-01-12 13:15:00,-9868.086877001577
2030-01-12 13:30:00,-9415.787487176447
2030-01-12 13:45:00,-8953.869159180562
2030-01-12 14:00:00,-8647.734372865601
2030-01-12 14:15:00,-8197.377095198899
2030-01-12 14:30:00,-7814.2392803689
2030-01-12 14:45:00,-7698.377167104205
2030-01-12 15:00:00,-6747.325015812548
2030-01-12 15:15:00,-6396.312906712963
2030-01-12 15:30:00,-5538.550125523037
2030-01-12 15:45:00,-4721.606808075496
2030-01-12 16:00:00,-3864.920377296705
2030-01-12 16:15:00,-3000.076916247075
2030-01-12 16:30:00,-2585.5138221502457
2030-01-12 16:45:00,-2556.0210241911846
2030-01-12 17:00:00,-2003.8317735989476
2030-01-12 17:15:00,-1802.5081208962401
2030-01-12 17:30:00,-1425.8164225229957
2030-01-12 17:45:00,-1294.7813282259158
2030-01-12 18:00:00,-1397.3617023271
2030-01-12 18:15:00,-1536.5616065700742
2030-01-12 18:30:00,-1554.339408788066
2030-01-12 18:45:00,-1602.9649317573858
2030-01-12 19:00:00,-1557.004432881582
2030-01-12 19:15:00,-2184.674146603069
2030-01-12 19:30:00,-2723.849327166805
2030-01-12 19:45:00,-3699.600701316809
2030-01-12 20:00:00,-4647.548628142988
2030-01-12 20:15:00,-5835.913921113097
2030-01-12 20:30:00,-6920.381666104458
2030-01-12 20:45:00,-8171.227699848703
2030-01-12 21:00:00,-9100.521197472051
2030-01-12 21:15:00,-9792.630086293662
2030-01-12 21:30:00,-10165.439942786812
2030-01-12 21:45:00,-10460.066092506986
2030-01-12 22:00:00,-10216.196498498517
2030-01-12 22:15:00,-10340.017788494428
2030-01-12 22:30:00,-10358.105929395595
2030-01-12 22:45:00,-10761.820643614807
2030-01-12 23:00:00,-10614.715521141552
2030-01-12 23:15:00,-10414.241209974261
2030-01-12 23:30:00,-10471.578224550005
2030-01-12 23:45:00,-10435.605959002758
2030-01-13 00:00:00,-10406.074898893727
2030-01-13 00:15:00,-10102.999252405843
2030-01-13 00:30:00,-9977.95018748811
2030-01-13 00:45:00,-9828.496569538824
2030-01-13 01:00:00,-9697.46363086229
2030-01-13 01:15:00,-9717.772215954421
2030-01-13 01:30:00,-9441.145737488783
2030-01-13 01:45:00,-9224.037132161317
2030-01-13 02:00:00,-8693.306273745871
2030-01-13 02:15:00,-8370.78193144195
2030-01-13 02:30:00,-7502.350127819664
2030-01-13 02:45:00,-7136.390498664619
2030-01-13 03:00:00,-6766.876173814078
2030-01-13 03:15:00,-6987.41913355314
2030-01-13 03:30:00,-7042.590890010717
2030-01-13 03:45:00,-6828.049616106204
2030-01-13 04:00:00,-5787.774284957282
2030-01-13 04:15:00,-5643.681004230624
2030-01-13 04:30:00,-5603.284038321475
2030-01-13 04:45:00,-5764.818423316359
2030-01-13 05:00:00,-5760.873419411651
2030-01-13 05:15:00,-5821.399956161884
2030-01-13 05:30:00,-5888.886848515347
2030-01-13 05:45:00,-5400.054990845525
2030-01-13 06:00:00,-4814.281895188971
2030-01-13 06:15:00,-3769.198777826721
2030-01-13 06:30:00,-2873.898625551319
2030-01-13 06:45:00,-2203.9566247126386
2030-01-13 07:00:00,-1527.2941831865792
2030-01-13 07:15:00,-1769.9511550717507
2030-01-13 07:30:00,-1517.3987451758912
2030-01-13 07:45:00,-1626.6514760188838
2030-01-13 08:00:00,-1918.3320529852535
2030-01-13 08:15:00,-2068.1302135048536
2030-01-13 08:30:00,-2100.105583546996
2030-01-13 08:45:00,-2185.7409172143016
2030-01-13 09:00:00,-2453.747187996243
2030-01-13 09:15:00,-2283.9603471850314
2030-01-13 09:30:00,-2429.216890479962
2030-01-13 09:45:00,-3025.787777284917
2030-01-13 10:00:00,-3636.5236376427492
2030-01-13 10:15:00,-4351.453504000845
2030-01-13 10:30:00,-4563.392451964046
2030-01-13 10:45:00,-5195.190928759326
2030-01-13 11:00:00,-5903.63751552223
2030-01-13 11:15:00,-6410.123657934117
2030-01-13 11:30:00,-6913.346603461847
2030-01-13 11:45:00,-7280.334798636693
2030-01-13 12:00:00,-7311.025288862576
2030-01-13 12:15:00,-7571.251797367215
2030-01-13 12:30:00,-7956.790728398493
2030-01-13 12:45:00,-7576.63263096767
2030-01-13 13:00:00,-7646.771331830863
2030-01-13 13:15:00,-7821.105428440547
2030-01-13 13:30:00,-7924.157754371354
2030-01-13 13:45:00,-8110.751924496013
2030-01-13 14:00:00,-8336.661078482648
2030-01-13 14:15:00,-7943.930050570787
2030-01-13 14:30:00,-7596.960179365087
2030-01-13 14:45:00,-7331.536906520498
2030-01-13 15:00:00,-7132.503652858068
2030-01-13 15:15:00,-6876.835069176057
2030-01-13 15:30:00,-6727.330160401965
2030-01-13 15:45:00,-6520.073938147158
2030-01-13 16:00:00,-6439.988103712101
2030-01-13 16:15:00,-5943.355717525912
2030-01-13 16:30:00,-5896.936054836886
2030-01-13 16:45:00,-6023.463051147486
2030-01-13 17:00:00,-5636.334270535943
2030-01-13 17:15:00,-5621.983488340942
2030-01-13 17:30:00,-5431.04061275932
2030-01-13 17:45:00,-5497.698049669441
2030-01-13 18:00:00,-5811.4769742713
2030-01-13 18:15:00,-6231.216207135767
2030-01-13 18:30:00,-6441.228378272834
2030-01-13 18:45:00,-6586.5938370127515
2030-01-13 19:00:00,-7349.677229795609
2030-01-13 19:15:00,-7427.757784306523
2030-01-13 19:30:00,-6947.903494501006
2030-01-13 19:45:00,-6989.687814560359
2030-01-13 20:00:00,-7294.529582289862
2030-01-13 20:15:00,-7833.420167817385
2030-01-13 20:30:00,-8203.22923470044
2030-01-13 20:45:00,-8392.245808714466
2030-01-13 21:00:00,-8725.224786921208
2030-01-13 21:15:00,-8735.750443916644
2030-01-13 21:30:00,-8934.85620910109
2030-01-13 21:45:00,-8807.172053791535
2030-01-13 22:00:00,-8618.930276727853
2030-01-13 22:15:00,-8904.713410192137
2030-01-13 22:30:00,-8857.69658917576
2030-01-13 22:45:00,-9275.582878218207
2030-01-13 23:00:00,-9433.536788237747
2030-01-13 23:15:00,-9629.220554834093
2030-01-13 23:30:00,-9868.846899865912
2030-01-13 23:45:00,-9843.63660157346
2030-01-14 00:00:00,-9902.48239393322
2030-01-14 00:15:00,-10083.579121536437
2030-01-14 00:30:00,-10273.327930594318
2030-01-14 00:45:00,-10379.47959161162
2030-01-14 01:00:00,-10264.457818514853
2030-01-14 01:15:00,-10165.72627809165
2030-01-14 01:30:00,-10056.662609318593
2030-01-14 01:45:00,-10081.937018568502
2030-01-14 02:00:00,-9961.23802951132
2030-01-14 02:15:00,-9846.657449887558
2030-01-14 02:30:00,-9955.985887828972
2030-01-14 02:45:00,-9991.356272586145
2030-01-14 03:00:00,-9710.203683470876
2030-01-14 03:15:00,-9490.74645510172
2030-01-14 03:30:00,-9229.43349139305
2030-01-14 03:45:00,-8984.461048077828
2030-01-14 04:00:00,-8494.112953050688
2030-01-14 04:15:00,-8316.272630979953
2030-01-14 04:30:00,-7890.43809957337
2030-01-14 04:45:00,-7557.747846612472
2030-01-14 05:00:00,-7317.94015007465
2030-01-14 05:15:00,-7065.458996051431
2030-01-14 05:30:00,-7034.333773865321
2030-01-14 05:45:00,-6968.755304083139
2030-01-14 06:00:00,-6812.890406622704
2030-01-14 06:15:00,-6579.346873749782
2030-01-14 06:30:00,-6627.733560222527
2030-01-14 06:45:00,-6234.804018886667
2030-01-14 07:00:00,-5978.082345078001
2030-01-14 07:15:00,-5712.988413552732
2030-01-14 07:30:00,-5352.386321104903
2030-01-14 07:45:00,-5332.262836755097
2030-01-14 08:00:00,-4932.744169704176
2030-01-14 08:15:00,-4776.088299642437
2030-01-14 08:30:00,-4664.869970569085
2030-01-14 08:45:00,-4862.956128782564
2030-01-14 09:00:00,-5141.067486283278
2030-01-14 09:15:00,-5853.429327304359
2030-01-14 09:30:00,-6418.1954316649535
2030-01-14 09:45:00,-7072.197297759922
2030-01-14 10:00:00,-7564.4228943702765
2030-01-14 10:15:00,-8665.438536886199
2030-01-14 10:30:00,-9556.819336928242
2030-01-14 10:45:00,-10399.206981234252
2030-01-14 11:00:00,-11051.049880317423
2030-01-14 11:15:00,-11685.438994735192
2030-01-14 11:30:00,-12324.18233486374
2030-01-14 11:45:00,-13235.487304538186
2030-01-14 12:00:00,-13817.772421522815
2030-01-14 12:15:00,-14657.265580861225
2030-01-14 12:30:00,-14895.381817737078
2030-01-14 12:45:00,-15410.832577645153
2030-01-14 13:00:00,-15516.790426371485
2030-01-14 13:15:00,-15625.502596167586
2030-01-14 13:30:00,-15566.065976510054
2030-01-14 13:45:00,-15627.566830046333
2030-01-14 14:00:00,-15403.95923949833
2030-01-14 14:15:00,-15126.717509726026
2030-01-14 14:30:00,-14662.718131802754
2030-01-14 14:45:00,-14492.54068493679
2030-01-14 15:00:00,-13966.61952366939
2030-01-14 15:15:00,-13393.834929565557
2030-01-14 15:30:00,-12779.463399138629
2030-01-14 15:45:00,-12238.440708563507
2030-01-14 16:00:00,-11754.043970123937
2030-01-14 16:15:00,-11435.602613012667
2030-01-14 16:30:00,-11202.048899405621
2030-01-14 16:45:00,-10869.668596445248
2030-01-14 17:00:00,-10308.169361158776
2030-01-14 17:15:00,-10230.304811578317
2030-01-14 17:30:00,-10072.127629818035
2030-01-14 17:45:00,-10264.243334319657
2030-01-14 18:00:00,-10517.369844922338
2030-01-14 18:15:00,-10671.905950716384
2030-01-14 18:30:00,-9710.350035983764
2030-01-14 18:45:00,-9842.563975097313
2030-01-14 19:00:00,-9765.172158643087
2030-01-14 19:15:00,-10018.631656475627
2030-01-14 19:30:00,-9515.333672710734
2030-01-14 19:45:00,-9129.140298020546
2030-01-14 20:00:00,-9476.52464318673
2030-01-14 20:15:00,-9600.591413019196
2030-01-14 20:30:00,-9717.482085296022
2030-01-14 20:45:00,-9517.228395154878
2030-01-14 21:00:00,-9447.426046221579
2030-01-14 21:15:00,-9504.576989406305
2030-01-14 21:30:00,-9184.79700631397
2030-01-14 21:45:00,-8912.564242928944
2030-01-14 22:00:00,-8340.971173302933
2030-01-14 22:15:00,-8506.100789703974
2030-01-14 22:30:00,-8602.078971671723
2030-01-14 22:45:00,-8702.20353979359
2030-01-14 23:00:00,-8911.165063828019
2030-01-14 23:15:00,-8902.860983976992
2030-01-14 23:30:00,-8906.801416459752
2030-01-14 23:45:00,-8688.444482358933
2030-01-15 00:00:00,-9089.077553232913
2030-01-15 00:15:00,-9628.680035209156
2030-01-15 00:30:00,-9692.43052555727
2030-01-15 00:45:00,-9454.981893068407
2030-01-15 01:00:00,-9659.771085982036
2030-01-15 01:15:00,-9770.728812153617
2030-01-15 01:30:00,-9516.849577411786
2030-01-15 01:45:00,-9643.85827447239
2030-01-15 02:00:00,-9213.191437657862
2030-01-15 02:15:00,-9252.523523675509
2030-01-15 02:30:00,-9230.046983926013
2030-01-15 02:45:00,-9189.22289726223
2030-01-15 03:00:00,-9123.989996269178
2030-01-15 03:15:00,-8965.023725602658
2030-01-15 03:30:00,-8608.824073326383
2030-01-15 03:45:00,-8324.999932826524
2030-01-15 04:00:00,-8251.784192450958
2030-01-15 04:15:00,-8621.725630732668
2030-01-15 04:30:00,-8569.754453275129
2030-01-15 04:45:00,-8742.402483540423
2030-01-15 05:00:00,-8540.689258856639
2030-01-15 05:15:00,-8569.356174231954
2030-01-15 05:30:00,-8459.733657153394
2030-01-15 05:45:00,-8606.055915695779
2030-01-15 06:00:00,-8906.617193675385
2030-01-15 06:15:00,-8715.786658677642
2030-01-15 06:30:00,-8611.644389724686
2030-01-15 06:45:00,-8538.926681533374
2030-01-15 07:00:00,-8422.15562169506
2030-01-15 07:15:00,-8315.796702060108
2030-01-15 07:30:00,-8327.058889267186
2030-01-15 07:45:00,-8004.386724962191
2030-01-15 08:00:00,-7229.979736633393
2030-01-15 08:15:00,-6931.198113184104
2030-01-15 08:30:00,-6767.269948304136
2030-01-15 08:45:00,-6790.944926783544
2030-01-15 09:00:00,-6991.725650691722
2030-01-15 09:15:00,-7238.120467674635
2030-01-15 09:30:00,-7853.621929066994
2030-01-15 09:45:00,-8623.819995159974
2030-01-15 10:00:00,-9649.401023468541
2030-01-15 10:15:00,-10887.269082658007
2030-01-15 10:30:00,-12232.946877583818
2030-01-15 10:45:00,-13036.416679421345
2030-01-15 11:00:00,-13795.731593586625
2030-01-15 11:15:00,-14268.265885425008
2030-01-15 11:30:00,-14585.572301346056
2030-01-15 11:45:00,-14757.278704775646
2030-01-15 12:00:00,-15349.92195566561
2030-01-15 12:15:00,-15498.332980614246
2030-01-15 12:30:00,-15382.83968410979
2030-01-15 12:45:00,-15500.051656018335
2030-01-15 13:00:00,-15188.911150259988
2030-01-15 13:15:00,-15119.61087684772
2030-01-15 13:30:00,-14671.844045337813
2030-01-15 13:45:00,-14156.76693890307
2030-01-15 14:00:00,-13405.878347253147
2030-01-15 14:15:00,-13203.220134463358
2030-01-15 14:30:00,-12860.516128648913
2030-01-15 14:45:00,-12916.387872404153
2030-01-15 15:00:00,-12132.25057615167
2030-01-15 15:15:00,-11362.513548254352
2030-01-15 15:30:00,-10510.321749921455
2030-01-15 15:45:00,-10338.76540056344
2030-01-15 16:00:00,-10204.911286673647
2030-01-15 16:15:00,-10144.385927072828
2030-01-15 16:30:00,-9703.384206228679
2030-01-15 16:45:00,-9062.314955749196
2030-01-15 17:00:00,-8993.759543199547
2030-01-15 17:15:00,-8675.308737660576
2030-01-15 17:30:00,-8228.74092398641
2030-01-15 17:45:00,-8493.173488024378
2030-01-15 18:00:00,-9027.958381751418
2030-01-15 18:15:00,-9544.047733984211
2030-01-15 18:30:00,-9696.739112801552
2030-01-15 18:45:00,-10105.563838853777
2030-01-15 19:00:00,-10104.467448039253
2030-01-15 19:15:00,-10497.51325466466
2030-01-15 19:30:00,-10481.530600583828
2030-01-15 19:45:00,-10623.792042996265
2030-01-15 20:00:00,-10933.706871453043
2030-01-15 20:15:00,-11105.486083306616
2030-01-15 20:30:00,-11202.35172962397
2030-01-15 20:45:00,-10893.516023064829
2030-01-15 21:00:00,-10713.83768720823
2030-01-15 21:15:00,-10756.74595253616
2030-01-15 21:30:00,-10631.107031624582
2030-01-15 21:45:00,-9944.837458293157
2030-01-15 22:00:00,-9376.633817149988
2030-01-15 22:15:00,-9384.165249898251
2030-01-15 22:30:00,-8948.829623337315
2030-01-15 22:45:00,-8576.560821515093
2030-01-15 23:00:00,-8625.973858626377
2030-01-15 23:15:00,-8519.150482702942
2030-01-15 23:30:00,-8061.480531724712
2030-01-15 23:45:00,-7608.922684772006
2030-01-16 00:00:00,-7319.990063407055
2030-01-16 00:15:00,-7014.2664829259775
2030-01-16 00:30:00,-6524.844167236675
2030-01-16 00:45:00,-5933.253248089652
2030-01-16 01:00:00,-5708.797942268162
2030-01-16 01:15:00,-5639.573080998622
2030-01-16 01:30:00,-5596.400300207353
2030-01-16 01:45:00,-5663.062573387693
2030-01-16 02:00:00,-5681.618149636712
2030-01-16 02:15:00,-5395.294088645764
2030-01-16 02:30:00,-4988.5570848921
2030-01-16 02:45:00,-4770.366188090547
2030-01-16 03:00:00,-4915.519599349169
2030-01-16 03:15:00,-5097.021790663854
2030-01-16 03:30:00,-4755.508015267296
2030-01-16 03:45:00,-4308.999794250834
2030-01-16 04:00:00,-3763.2273818875165
2030-01-16 04:15:00,-3797.2659955000945
2030-01-16 04:30:00,-3495.827807237436
2030-01-16 04:45:00,-3099.3721506298953
2030-01-16 05:00:00,-2286.4934965504217
2030-01-16 05:15:00,-1532.2185049060536
2030-01-16 05:30:00,-1125.5117133030108
2030-01-16 05:45:00,-648.6314839335646
2030-01-16 06:00:00,0.0
2030-01-16 06:15:00,0.0
2030-01-16 06:30:00,0.0
2030-01-16 06:45:00,0.0
2030-01-16 07:00:00,0.0
2030-01-16 07:15:00,0.0
2030-01-16 07:30:00,0.0
2030-01-16 07:45:00,0.0
2030-01-16 08:00:00,0.0
2030-01-16 08:15:00,0.0
2030-01-16 08:30:00,0.0
2030-01-16 08:45:00,0.0
2030-01-16 09:00:00,0.0
2030-01-16 09:15:00,0.0
2030-01-16 09:30:00,0.0
2030-01-16 09:45:00,0.0
2030-01-16 10:00:00,0.0
2030-01-16 10:15:00,0.0
2030-01-16 10:30:00,0.0
2030-01-16 10:45:00,0.0
2030-01-16 11:00:00,0.0
2030-01-16 11:15:00,0.0
2030-01-16 11:30:00,0.0
2030-01-16 11:45:00,0.0
2030-01-16 12:00:00,0.0
2030-01-16 12:15:00,0.0
2030-01-16 12:30:00,0.0
2030-01-16 12:45:00,0.0
2030-01-16 13:00:00,0.0
2030-01-16 13:15:00,0.0
2030-01-16 13:30:00,0.0
2030-01-16 13:45:00,0.0
2030-01-16 14:00:00,0.0
2030-01-16 14:15:00,0.0
2030-01-16 14:30:00,0.0
2030-01-16 14:45:00,0.0
2030-01-16 15:00:00,0.0
2030-01-16 15:15:00,0.0
2030-01-16 15:30:00,0.0
2030-01-16 15:45:00,0.0
2030-01-16 16:00:00,0.0
2030-01-16 16:15:00,0.0
2030-01-16 16:30:00,0.0
2030-01-16 16:45:00,0.0
2030-01-16 17:00:00,0.0
2030-01-16 17:15:00,0.0
2030-01-16 17:30:00,0.0
2030-01-16 17:45:00,0.0
2030-01-16 18:00:00,0.0
2030-01-16 18:15:00,0.0
2030-01-16 18:30:00,0.0
2030-01-16 18:45:00,0.0
2030-01-16 19:00:00,0.0
2030-01-16 19:15:00,0.0
2030-01-16 19:30:00,0.0
2030-01-16 19:45:00,0.0
2030-01-16 20:00:00,0.0
2030-01-16 20:15:00,0.0
2030-01-16 20:30:00,0.0
2030-01-16 20:45:00,0.0
2030-01-16 21:00:00,0.0
2030-01-16 21:15:00,0.0
2030-01-16 21:30:00,0.0
2030-01-16 21:45:00,0.0
2030-01-16 22:00:00,0.0
2030-01-16 22:15:00,0.0
2030-01-16 22:30:00,0.0
2030-01-16 22:45:00,0.0
2030-01-16 23:00:00,0.0
2030-01-16 23:15:00,0.0
2030-01-16 23:30:00,0.0
2030-01-16 23:45:00,0.0
2030-01-17 00:00:00,0.0
2030-01-17 00:15:00,0.0
2030-01-17 00:30:00,0.0
2030-01-17 00:45:00,0.0
2030-01-17 01:00:00,-4618.677337782443
2030-01-17 01:15:00,-5327.855763477513
2030-01-17 01:30:00,-5373.809957700942
2030-01-17 01:45:00,-5380.399854648793
2030-01-17 02:00:00,-5148.739872855247
2030-01-17 02:15:00,-5318.779576067558
2030-01-17 02:30:00,-5551.901649145915
2030-01-17 02:45:00,-5631.5400845310905
2030-01-17 03:00:00,-5952.708852998378
2030-01-17 03:15:00,-5969.225308336965
2030-01-17 03:30:00,-5907.445043287455
2030-01-17 03:45:00,-5876.092032138786
2030-01-17 04:00:00,-5580.802093200036
2030-01-17 04:15:00,-5350.752382776318
2030-01-17 04:30:00,-5102.543984522319
2030-01-17 04:45:00,-4662.351968483312
2030-01-17 05:00:00,-3988.9228988409777
2030-01-17 05:15:00,-3673.8842160415334
2030-01-17 05:30:00,-3282.7409129110747
2030-01-17 05:45:00,-2855.197892632641
2030-01-17 06:00:00,-1751.6359360559181
2030-01-17 06:15:00,-1263.0882507450042
2030-01-17 06:30:00,-891.290118701254
2030-01-17 06:45:00,-404.9913313729885
2030-01-17 07:00:00,0.0
2030-01-17 07:15:00,0.0
2030-01-17 07:30:00,0.0
2030-01-17 07:45:00,0.0
2030-01-17 08:00:00,0.0
2030-01-17 08:15:00,0.0
2030-01-17 08:30:00,0.0
2030-01-17 08:45:00,0.0
2030-01-17 09:00:00,0.0
2030-01-17 09:15:00,0.0
2030-01-17 09:30:00,0.0
2030-01-17 09:45:00,0.0
2030-01-17 10:00:00,0.0
2030-01-17 10:15:00,0.0
2030-01-17 10:30:00,0.0
2030-01-17 10:45:00,0.0
2030-01-17 11:00:00,0.0
2030-01-17 11:15:00,0.0
2030-01-17 11:30:00,0.0
2030-01-17 11:45:00,0.0
2030-01-17 12:00:00,0.0
2030-01-17 12:15:00,0.0
2030-01-17 12:30:00,0.0
2030-01-17 12:45:00,0.0
2030-01-17 13:00:00,0.0
2030-01-17 13:15:00,0.0
2030-01-17 13:30:00,0.0
2030-01-17 13:45:00,0.0
2030-01-17 14:00:00,0.0
2030-01-17 14:15:00,0.0
2030-01-17 14:30:00,0.0
2030-01-17 14:45:00,0.0
2030-01-17 15:00:00,0.0
2030-01-17 15:15:00,0.0
2030-01-17 15:30:00,0.0
2030-01-17 15:45:00,0.0
2030-01-17 16:00:00,0.0
2030-01-17 16:15:00,0.0
2030-01-17 16:30:00,0.0
2030-01-17 16:45:00,0.0
2030-01-17 17:00:00,0.0
2030-01-17 17:15:00,0.0
2030-01-17 17:30:00,0.0
2030-01-17 17:45:00,0.0
2030-01-17 18:00:00,0.0
2030-01-17 18:15:00,0.0
2030-01-17 18:30:00,0.0
2030-01-17 18:45:00,0.0
2030-01-17 19:00:00,0.0
2030-01-17 19:15:00,0.0
2030-01-17 19:30:00,0.0
2030-01-17 19:45:00,0.0
2030-01-17 20:00:00,0.0
2030-01-17 20:15:00,0.0
2030-01-17 20:30:00,0.0
2030-01-17 20:45:00,0.0
2030-01-17 21:00:00,0.0
2030-01-17 21:15:00,0.0
2030-01-17 21:30:00,0.0
2030-01-17 21:45:00,0.0
2030-01-17 22:00:00,0.0
2030-01-17 22:15:00,0.0
2030-01-17 22:30:00,0.0
2030-01-17 22:45:00,0.0
2030-01-17 23:00:00,0.0
2030-01-17 23:15:00,0.0
2030-01-17 23:30:00,0.0
2030-01-17 23:45:00,0.0
2030-01-18 00:00:00,0.0
2030-01-18 00:15:00,1035.3727186634078
2030-01-18 00:30:00,0.0
2030-01-18 00:45:00,0.0
2030-01-18 01:00:00,0.0
2030-01-18 01:15:00,0.0
2030-01-18 01:30:00,0.0
2030-01-18 01:45:00,0.0
2030-01-18 02:00:00,0.0
2030-01-18 02:15:00,0.0
2030-01-18 02:30:00,0.0
2030-01-18 02:45:00,0.0
2030-01-18 03:00:00,0.0
2030-01-18 03:15:00,0.0
2030-01-18 03:30:00,0.0
2030-01-18 03:45:00,0.0
2030-01-18 04:00:00,0.0
2030-01-18 04:15:00,0.0
2030-01-18 04:30:00,0.0
2030-01-18 04:45:00,0.0
2030-01-18 05:00:00,0.0
2030-01-18 05:15:00,0.0
2030-01-18 05:30:00,0.0
2030-01-18 05:45:00,0.0
2030-01-18 06:00:00,0.0
2030-01-18 06:15:00,0.0
2030-01-18 06:30:00,0.0
2030-01-18 06:45:00,0.0
2030-01-18 07:00:00,0.0
2030-01-18 07:15:00,0.0
2030-01-18 07:30:00,0.0
2030-01-18 07:45:00,169.55223835279867
2030-01-18 08:00:00,146.23719003616134
2030-01-18 08:15:00,433.4688696338162
2030-01-18 08:30:00,780.3468207514488
2030-01-18 08:45:00,934.9319253093563
2030-01-18 09:00:00,350.72307721575817
2030-01-18 09:15:00,167.82362470583757
2030-01-18 09:30:00,210.47720547522113
2030-01-18 09:45:00,172.04513167052573
2030-01-18 10:00:00,499.34181841625104
2030-01-18 10:15:00,737.3641608141188
2030-01-18 10:30:00,839.390069283776
2030-01-18 10:45:00,0.0
2030-01-18 11:00:00,0.0
2030-01-18 11:15:00,0.0
2030-01-18 11:30:00,0.0
2030-01-18 11:45:00,0.0
2030-01-18 12:00:00,0.0
2030-01-18 12:15:00,0.0
2030-01-18 12:30:00,0.0
2030-01-18 12:45:00,0.0
2030-01-18 13:00:00,0.0
2030-01-18 13:15:00,0.0
2030-01-18 13:30:00,0.0
2030-01-18 13:45:00,0.0
2030-01-18 14:00:00,0.0
2030-01-18 14:15:00,0.0
2030-01-18 14:30:00,0.0
2030-01-18 14:45:00,0.0
2030-01-18 15:00:00,0.0
2030-01-18 15:15:00,0.0
2030-01-18 15:30:00,0.0
2030-01-18 15:45:00,0.0
2030-01-18 16:00:00,0.0
2030-01-18 16:15:00,0.0
2030-01-18 16:30:00,0.0
2030-01-18 16:45:00,0.0
2030-01-18 17:00:00,0.0
2030-01-18 17:15:00,0.0
2030-01-18 17:30:00,0.0
2030-01-18 17:45:00,0.0
2030-01-18 18:00:00,0.0
2030-01-18 18:15:00,0.0
2030-01-18 18:30:00,0.0
2030-01-18 18:45:00,0.0
2030-01-18 19:00:00,0.0
2030-01-18 19:15:00,0.0
2030-01-18 19:30:00,0.0
2030-01-18 19:45:00,0.0
2030-01-18 20:00:00,0.0
2030-01-18 20:15:00,0.0
2030-01-18 20:30:00,0.0
2030-01-18 20:45:00,0.0
2030-01-18 21:00:00,0.0
2030-01-18 21:15:00,0.0
2030-01-18 21:30:00,0.0
2030-01-18 21:45:00,0.0
2030-01-18 22:00:00,0.0
2030-01-18 22:15:00,0.0
2030-01-18 22:30:00,0.0
2030-01-18 22:45:00,0.0
2030-01-18 23:00:00,0.0
2030-01-18 23:15:00,0.0
2030-01-18 23:30:00,0.0
2030-01-18 23:45:00,0.0
2030-01-19 00:00:00,0.0
2030-01-19 00:15:00,0.0
2030-01-19 00:30:00,0.0
2030-01-19 00:45:00,0.0
2030-01-19 01:00:00,0.0
2030-01-19 01:15:00,0.0
2030-01-19 01:30:00,0.0
2030-01-19 01:45:00,0.0
2030-01-19 02:00:00,0.0
2030-01-19 02:15:00,0.0
2030-01-19 02:30:00,0.0
2030-01-19 02:45:00,0.0
2030-01-19 03:00:00,0.0
2030-01-19 03:15:00,0.0
2030-01-19 03:30:00,0.0
2030-01-19 03:45:00,0.0
2030-01-19 04:00:00,0.0
2030-01-19 04:15:00,0.0
2030-01-19 04:30:00,0.0
2030-01-19 04:45:00,0.0
2030-01-19 05:00:00,0.0
2030-01-19 05:15:00,0.0
2030-01-19 05:30:00,0.0
2030-01-19 05:45:00,0.0
2030-01-19 06:00:00,0.0
2030-01-19 06:15:00,0.0
2030-01-19 06:30:00,0.0
2030-01-19 06:45:00,0.0
2030-01-19 07:00:00,0.0
2030-01-19 07:15:00,0.0
2030-01-19 07:30:00,0.0
2030-01-19 07:45:00,0.0
2030-01-19 08:00:00,0.0
2030-01-19 08:15:00,0.0
2030-01-19 08:30:00,0.0
2030-01-19 08:45:00,0.0
2030-01-19 09:00:00,0.0
2030-01-19 09:15:00,0.0
2030-01-19 09:30:00,0.0
2030-01-19 09:45:00,0.0
2030-01-19 10:00:00,0.0
2030-01-19 10:15:00,0.0
2030-01-19 10:30:00,0.0
2030-01-19 10:45:00,0.0
2030-01-19 11:00:00,0.0
2030-01-19 11:15:00,0.0
2030-01-19 11:30:00,0.0
2030-01-19 11:45:00,0.0
2030-01-19 12:00:00,0.0
2030-01-19 12:15:00,0.0
2030-01-19 12:30:00,0.0
2030-01-19 12:45:00,0.0
2030-01-19 13:00:00,1908.3985383218387
2030-01-19 13:15:00,0.0
2030-01-19 13:30:00,0.0
2030-01-19 13:45:00,0.0
2030-01-19 14:00:00,0.0
2030-01-19 14:15:00,0.0
2030-01-19 14:30:00,0.0
2030-01-19 14:45:00,0.0
2030-01-19 15:00:00,0.0
2030-01-19 15:15:00,0.0
2030-01-19 15:30:00,0.0
2030-01-19 15:45:00,0.0
2030-01-19 16:00:00,0.0
2030-01-19 16:15:00,0.0
2030-01-19 16:30:00,0.0
2030-01-19 16:45:00,0.0
2030-01-19 17:00:00,0.0
2030-01-19 17:15:00,0.0
2030-01-19 17:30:00,0.0
2030-01-19 17:45:00,0.0
2030-01-19 18:00:00,0.0
2030-01-19 18:15:00,0.0
2030-01-19 18:30:00,0.0
2030-01-19 18:45:00,0.0
2030-01-19 19:00:00,0.0
2030-01-19 19:15:00,0.0
2030-01-19 19:30:00,250.5081156830638
2030-01-19 19:45:00,559.5602636012991
2030-01-19 20:00:00,439.2025379748429
2030-01-19 20:15:00,235.25091556224834
2030-01-19 20:30:00,0.0
2030-01-19 20:45:00,0.0
2030-01-19 21:00:00,0.0
2030-01-19 21:15:00,0.0
2030-01-19 21:30:00,0.0
2030-01-19 21:45:00,0.0
2030-01-19 22:00:00,0.0
2030-01-19 22:15:00,0.0
2030-01-19 22:30:00,0.0
2030-01-19 22:45:00,0.0
2030-01-19 23:00:00,0.0
2030-01-19 23:15:00,0.0
2030-01-19 23:30:00,0.0
2030-01-19 23:45:00,0.0
2030-01-20 00:00:00,0.0
2030-01-20 00:15:00,0.0
2030-01-20 00:30:00,0.0
2030-01-20 00:45:00,0.0
2030-01-20 01:00:00,0.0
2030-01-20 01:15:00,0.0
2030-01-20 01:30:00,0.0
2030-01-20 01:45:00,0.0
2030-01-20 02:00:00,0.0
2030-01-20 02:15:00,0.0
2030-01-20 02:30:00,0.0
2030-01-20 02:45:00,0.0
2030-01-20 03:00:00,0.0
2030-01-20 03:15:00,0.0
2030-01-20 03:30:00,0.0
2030-01-20 03:45:00,0.0
2030-01-20 04:00:00,0.0
2030-01-20 04:15:00,0.0
2030-01-20 04:30:00,0.0
2030-01-20 04:45:00,0.0
2030-01-20 05:00:00,0.0
2030-01-20 05:15:00,0.0
2030-01-20 05:30:00,0.0
2030-01-20 05:45:00,206.89094288410706
2030-01-20 06:00:00,894.0526643878911
2030-01-20 06:15:00,1417.354355891821
2030-01-20 06:30:00,1770.429159173851
2030-01-20 06:45:00,2260.793771739489
2030-01-20 07:00:00,2901.987287220976
2030-01-20 07:15:00,3500.615357226485
2030-01-20 07:30:00,4082.0364913641315
2030-01-20 07:45:00,4552.363448588594
2030-01-20 08:00:00,4959.5729536191975
2030-01-20 08:15:00,5222.964091566035
2030-01-20 08:30:00,5326.725356393366
2030-01-20 08:45:00,4990.495237369505
2030-01-20 09:00:00,4474.794526797454
2030-01-20 09:15:00,4260.834716430625
2030-01-20 09:30:00,4147.44401022009
2030-01-20 09:45:00,3789.739966245581
2030-01-20 10:00:00,3401.213272482468
2030-01-20 10:15:00,2811.6152442663515
2030-01-20 10:30:00,2421.783212129092
2030-01-20 10:45:00,2474.3022617401366
2030-01-20 11:00:00,2385.536963359187
2030-01-20 11:15:00,2384.912397864671
2030-01-20 11:30:00,2431.91141065541
2030-01-20 11:45:00,2157.2245691456847
2030-01-20 12:00:00,1810.6570428560535
2030-01-20 12:15:00,1777.2051415409733
2030-01-20 12:30:00,1622.5448957902954
2030-01-20 12:45:00,1466.936921830562
2030-01-20 13:00:00,1595.252189105
2030-01-20 13:15:00,1616.8698517503071
2030-01-20 13:30:00,1403.9110155731778
2030-01-20 13:45:00,1262.2304634877783
2030-01-20 14:00:00,1325.2206699605013
2030-01-20 14:15:00,1334.9393528915061
2030-01-20 14:30:00,1437.220830053555
2030-01-20 14:45:00,1678.7430327666407
2030-01-20 15:00:00,2031.7988945169654
2030-01-20 15:15:00,1934.1229401089313
2030-01-20 15:30:00,1995.657163690341
2030-01-20 15:45:00,2152.4701116007436
2030-01-20 16:00:00,2508.8240976439465
2030-01-20 16:15:00,2502.3842179712447
2030-01-20 16:30:00,2509.670168020213
2030-01-20 16:45:00,2552.745575325487
2030-01-20 17:00:00,2498.6509770019147
2030-01-20 17:15:00,2799.6354183201292
2030-01-20 17:30:00,2849.3678481870447
2030-01-20 17:45:00,2841.9526539683793
2030-01-20 18:00:00,2750.332093722598
2030-01-20 18:15:00,2630.0624499263995
2030-01-20 18:30:00,2267.422612620483
2030-01-20 18:45:00,2194.6640300751023
2030-01-20 19:00:00,2204.9802359534624
2030-01-20 19:15:00,1902.704224445395
2030-01-20 19:30:00,1636.4729540673252
2030-01-20 19:45:00,1393.0598554581757
2030-01-20 20:00:00,995.6177822448735
2030-01-20 20:15:00,827.9790093877436
2030-01-20 20:30:00,497.063083994577
2030-01-20 20:45:00,115.21155854079188
2030-01-20 21:00:00,0.0
2030-01-20 21:15:00,0.0
2030-01-20 21:30:00,0.0
2030-01-20 21:45:00,0.0
2030-01-20 22:00:00,0.0
2030-01-20 22:15:00,0.0
2030-01-20 22:30:00,0.0
2030-01-20 22:45:00,0.0
2030-01-20 23:00:00,0.0
2030-01-20 23:15:00,0.0
2030-01-20 23:30:00,0.0
2030-01-20 23:45:00,0.0
2030-01-21 00:00:00,0.0
2030-01-21 00:15:00,0.0
2030-01-21 00:30:00,0.0
2030-01-21 00:45:00,0.0
2030-01-21 01:00:00,0.0
2030-01-21 01:15:00,0.0
2030-01-21 01:30:00,0.0
2030-01-21 01:45:00,0.0
2030-01-21 02:00:00,0.0
2030-01-21 02:15:00,0.0
2030-01-21 02:30:00,0.0
2030-01-21 02:45:00,0.0
2030-01-21 03:00:00,0.0
2030-01-21 03:15:00,0.0
2030-01-21 03:30:00,0.0
2030-01-21 03:45:00,0.0
2030-01-21 04:00:00,0.0
2030-01-21 04:15:00,0.0
2030-01-21 04:30:00,0.0
2030-01-21 04:45:00,0.0
2030-01-21 05:00:00,0.0
2030-01-21 05:15:00,0.0
2030-01-21 05:30:00,0.0
2030-01-21 05:45:00,0.0
2030-01-21 06:00:00,0.0
2030-01-21 06:15:00,0.0
2030-01-21 06:30:00,0.0
2030-01-21 06:45:00,0.0
2030-01-21 07:00:00,0.0
2030-01-21 07:15:00,0.0
2030-01-21 07:30:00,0.0
2030-01-21 07:45:00,0.0
2030-01-21 08:00:00,0.0
2030-01-21 08:15:00,0.0
2030-01-21 08:30:00,0.0
2030-01-21 08:45:00,0.0
2030-01-21 09:00:00,0.0
2030-01-21 09:15:00,0.0
2030-01-21 09:30:00,0.0
2030-01-21 09:45:00,0.0
2030-01-21 10:00:00,0.0
2030-01-21 10:15:00,0.0
2030-01-21 10:30:00,0.0
2030-01-21 10:45:00,0.0
2030-01-21 11:00:00,0.0
2030-01-21 11:15:00,0.0
2030-01-21 11:30:00,0.0
2030-01-21 11:45:00,0.0
2030-01-21 12:00:00,0.0
2030-01-21 12:15:00,0.0
2030-01-21 12:30:00,0.0
2030-01-21 12:45:00,0.0
2030-01-21 13:00:00,0.0
2030-01-21 13:15:00,0.0
2030-01-21 13:30:00,0.0
2030-01-21 13:45:00,0.0
2030-01-21 14:00:00,0.0
2030-01-21 14:15:00,0.0
2030-01-21 14:30:00,0.0
2030-01-21 14:45:00,0.0
2030-01-21 15:00:00,0.0
2030-01-21 15:15:00,0.0
2030-01-21 15:30:00,0.0
2030-01-21 15:45:00,0.0
2030-01-21 16:00:00,0.0
2030-01-21 16:15:00,0.0
2030-01-21 16:30:00,0.0
2030-01-21 16:45:00,0.0
2030-01-21 17:00:00,0.0
2030-01-21 17:15:00,0.0
2030-01-21 17:30:00,0.0
2030-01-21 17:45:00,0.0
2030-01-21 18:00:00,0.0
2030-01-21 18:15:00,0.0
2030-01-21 18:30:00,0.0
2030-01-21 18:45:00,0.0
2030-01-21 19:00:00,0.0
2030-01-21 19:15:00,0.0
2030-01-21 19:30:00,0.0
2030-01-21 19:45:00,0.0
2030-01-21 20:00:00,0.0
2030-01-21 20:15:00,0.0
2030-01-21 20:30:00,0.0
2030-01-21 20:45:00,0.0
2030-01-21 21:00:00,0.0
2030-01-21 21:15:00,0.0
2030-01-21 21:30:00,0.0
2030-01-21 21:45:00,0.0
2030-01-21 22:00:00,0.0
2030-01-21 22:15:00,0.0
2030-01-21 22:30:00,0.0
2030-01-21 22:45:00,0.0
2030-01-21 23:00:00,0.0
2030-01-21 23:15:00,0.0
2030-01-21 23:30:00,0.0
2030-01-21 23:45:00,0.0
2030-01-22 00:00:00,0.0
2030-01-22 00:15:00,0.0
2030-01-22 00:30:00,0.0
2030-01-22 00:45:00,0.0
2030-01-22 01:00:00,351.2316904320505
2030-01-22 01:15:00,0.0
2030-01-22 01:30:00,0.0
2030-01-22 01:45:00,0.0
2030-01-22 02:00:00,0.0
2030-01-22 02:15:00,0.0
2030-01-22 02:30:00,0.0
2030-01-22 02:45:00,0.0
2030-01-22 03:00:00,0.0
2030-01-22 03:15:00,0.0
2030-01-22 03:30:00,0.0
2030-01-22 03:45:00,0.0
2030-01-22 04:00:00,0.0
2030-01-22 04:15:00,0.0
2030-01-22 04:30:00,0.0
2030-01-22 04:45:00,0.0
2030-01-22 05:00:00,0.0
2030-01-22 05:15:00,0.0
2030-01-22 05:30:00,0.0
2030-01-22 05:45:00,0.0
2030-01-22 06:00:00,0.0
2030-01-22 06:15:00,0.0
2030-01-22 06:30:00,0.0
2030-01-22 06:45:00,0.0
2030-01-22 07:00:00,0.0
2030-01-22 07:15:00,0.0
2030-01-22 07:30:00,0.0
2030-01-22 07:45:00,0.0
2030-01-22 08:00:00,0.0
2030-01-22 08:15:00,0.0
2030-01-22 08:30:00,0.0
2030-01-22 08:45:00,0.0
2030-01-22 09:00:00,0.0
2030-01-22 09:15:00,0.0
2030-01-22 09:30:00,0.0
2030-01-22 09:45:00,0.0
2030-01-22 10:00:00,0.0
2030-01-22 10:15:00,0.0
2030-01-22 10:30:00,0.0
2030-01-22 10:45:00,0.0
2030-01-22 11:00:00,0.0
2030-01-22 11:15:00,0.0
2030-01-22 11:30:00,0.0
2030-01-22 11:45:00,0.0
2030-01-22 12:00:00,0.0
2030-01-22 12:15:00,0.0
2030-01-22 12:30:00,0.0
2030-01-22 12:45:00,0.0
2030-01-22 13:00:00,0.0
2030-01-22 13:15:00,0.0
2030-01-22 13:30:00,0.0
2030-01-22 13:45:00,0.0
2030-01-22 14:00:00,0.0
2030-01-22 14:15:00,0.0
2030-01-22 14:30:00,0.0
2030-01-22 14:45:00,0.0
2030-01-22 15:00:00,0.0
2030-01-22 15:15:00,0.0
2030-01-22 15:30:00,0.0
2030-01-22 15:45:00,0.0
2030-01-22 16:00:00,0.0
2030-01-22 16:15:00,151.69863862486818
2030-01-22 16:30:00,545.5866087906215
2030-01-22 16:45:00,803.6029567869718
2030-01-22 17:00:00,1265.5231443086668
2030-01-22 17:15:00,1653.3753968619349
2030-01-22 17:30:00,1947.6311423712577
2030-01-22 17:45:00,2323.698510404598
2030-01-22 18:00:00,2563.9568562714376
2030-01-22 18:15:00,2532.3763911701535
2030-01-22 18:30:00,2633.1920717347184
2030-01-22 18:45:00,2571.44681782135
2030-01-22 19:00:00,2590.027170997937
2030-01-22 19:15:00,2321.76795120345
2030-01-22 19:30:00,2340.266585612697
2030-01-22 19:45:00,2293.6157847280356
2030-01-22 20:00:00,2357.885743903633
2030-01-22 20:15:00,1979.976899537418
2030-01-22 20:30:00,1855.3344518027989
2030-01-22 20:45:00,1638.814065033337
2030-01-22 21:00:00,1570.1280917770164
2030-01-22 21:15:00,1601.7022808677393
2030-01-22 21:30:00,1556.2978022292136
2030-01-22 21:45:00,1657.250966066882
2030-01-22 22:00:00,1962.0481819543475
2030-01-22 22:15:00,1895.3614508077426
2030-01-22 22:30:00,1764.2112907583141
2030-01-22 22:45:00,1547.7746392359513
2030-01-22 23:00:00,1437.9972182517704
2030-01-22 23:15:00,1490.9126608006536
2030-01-22 23:30:00,1347.599708602802
2030-01-22 23:45:00,1134.7350040854908
2030-01-23 00:00:00,957.3758042449153
2030-01-23 00:15:00,879.0737483650628
2030-01-23 00:30:00,653.9762551590957
2030-01-23 00:45:00,566.3186709013135
2030-01-23 01:00:00,427.31070041104977
2030-01-23 01:15:00,381.4169102976266
2030-01-23 01:30:00,315.67267385916966
2030-01-23 01:45:00,138.06847284300966
2030-01-23 02:00:00,79.6664360493487
2030-01-23 02:15:00,24.753519983623846
2030-01-23 02:30:00,0.0
2030-01-23 02:45:00,0.0
2030-01-23 03:00:00,0.0
2030-01-23 03:15:00,0.0
2030-01-23 03:30:00,0.0
2030-01-23 03:45:00,0.0
2030-01-23 04:00:00,0.0
2030-01-23 04:15:00,88.14664099753827
2030-01-23 04:30:00,179.78635981420484
2030-01-23 04:45:00,166.85048937682222
2030-01-23 05:00:00,509.06947224782016
2030-01-23 05:15:00,647.9196936093867
2030-01-23 05:30:00,875.0487511087431
2030-01-23 05:45:00,1119.1993266807985
2030-01-23 06:00:00,1933.48700872064
2030-01-23 06:15:00,2824.9201268874913
2030-01-23 06:30:00,3380.0704861257036
2030-01-23 06:45:00,3658.0583255005113
2030-01-23 07:00:00,4302.441348350467
2030-01-23 07:15:00,4785.371759956408
2030-01-23 07:30:00,5107.152580884005
2030-01-23 07:45:00,5377.2516488033725
2030-01-23 08:00:00,5632.4404642095105
2030-01-23 08:15:00,5530.237365944107
2030-01-23 08:30:00,5663.212136321501
2030-01-23 08:45:00,5603.668252016949
2030-01-23 09:00:00,5332.531988496572
2030-01-23 09:15:00,5142.272074904526
2030-01-23 09:30:00,4939.041809030739
2030-01-23 09:45:00,4768.822012605429
2030-01-23 10:00:00,4520.618432648069
2030-01-23 10:15:00,4086.3550122178276
2030-01-23 10:30:00,3747.557314711921
2030-01-23 10:45:00,3462.2278840010604
2030-01-23 11:00:00,3126.1757243794254
2030-01-23 11:15:00,2946.3317037395573
2030-01-23 11:30:00,2575.8970519759205
2030-01-23 11:45:00,2029.5569074937994
2030-01-23 12:00:00,1896.9298802752292
2030-01-23 12:15:00,1624.9479220401772
2030-01-23 12:30:00,1458.7049414690518
2030-01-23 12:45:00,1103.0719650200845
2030-01-23 13:00:00,886.584463298961
2030-01-23 13:15:00,601.0279514150334
2030-01-23 13:30:00,511.4085745272023
2030-01-23 13:45:00,430.6210731296105
2030-01-23 14:00:00,517.7983361024599
2030-01-23 14:15:00,679.2868164399297
2030-01-23 14:30:00,871.6523268400451
2030-01-23 14:45:00,1114.8580365767266
2030-01-23 15:00:00,1529.5040984130228
2030-01-23 15:15:00,1798.3456300065955
2030-01-23 15:30:00,2071.7221471914945
2030-01-23 15:45:00,2274.918128526435
2030-01-23 16:00:00,2429.1211599225826
2030-01-23 16:15:00,2494.766977834979
2030-01-23 16:30:00,2732.62463357874
2030-01-23 16:45:00,2841.626737278628
2030-01-23 17:00:00,2927.85626069681
2030-01-23 17:15:00,2896.5753657905298
2030-01-23 17:30:00,2869.328850434482
2030-01-23 17:45:00,2740.3073763629163
2030-01-23 18:00:00,2357.8598025436804
2030-01-23 18:15:00,2046.7727104066653
2030-01-23 18:30:00,1920.216206926012
2030-01-23 18:45:00,1884.8152731732298
2030-01-23 19:00:00,1750.6849301763414
2030-01-23 19:15:00,1647.1994825498405
2030-01-23 19:30:00,1579.2010601129405
2030-01-23 19:45:00,1361.865163249795
2030-01-23 20:00:00,921.1473874066614
2030-01-23 20:15:00,477.19682389577065
2030-01-23 20:30:00,228.2036416414503
2030-01-23 20:45:00,145.43755600662917
2030-01-23 21:00:00,0.0
2030-01-23 21:15:00,0.0
2030-01-23 21:30:00,0.0
2030-01-23 21:45:00,0.0
2030-01-23 22:00:00,0.0
2030-01-23 22:15:00,0.0
2030-01-23 22:30:00,0.0
2030-01-23 22:45:00,0.0
2030-01-23 23:00:00,0.0
2030-01-23 23:15:00,0.0
2030-01-23 23:30:00,0.0
2030-01-23 23:45:00,0.0
2030-01-24 00:00:00,0.0
2030-01-24 00:15:00,0.0
2030-01-24 00:30:00,0.0
2030-01-24 00:45:00,0.0
2030-01-24 01:00:00,0.0
2030-01-24 01:15:00,0.0
2030-01-24 01:30:00,0.0
2030-01-24 01:45:00,0.0
2030-01-24 02:00:00,0.0
2030-01-24 02:15:00,0.0
2030-01-24 02:30:00,0.0
2030-01-24 02:45:00,0.0
2030-01-24 03:00:00,0.0
2030-01-24 03:15:00,0.0
2030-01-24 03:30:00,0.0
2030-01-24 03:45:00,0.0
2030-01-24 04:00:00,0.0
2030-01-24 04:15:00,0.0
2030-01-24 04:30:00,0.0
2030-01-24 04:45:00,0.0
2030-01-24 05:00:00,0.0
2030-01-24 05:15:00,0.0
2030-01-24 05:30:00,0.0
2030-01-24 05:45:00,0.0
2030-01-24 06:00:00,0.0
2030-01-24 06:15:00,0.0
2030-01-24 06:30:00,0.0
2030-01-24 06:45:00,0.0
2030-01-24 07:00:00,750.9629808704412
2030-01-24 07:15:00,1095.232355455515
2030-01-24 07:30:00,1658.0817783800703
2030-01-24 07:45:00,1897.9489089908711
2030-01-24 08:00:00,2510.3351721478357
2030-01-24 08:15:00,2435.790220672119
2030-01-24 08:30:00,2590.3603909032718
2030-01-24 08:45:00,2246.5352528978274
2030-01-24 09:00:00,1797.3761615245785
2030-01-24 09:15:00,962.7928424248566
2030-01-24 09:30:00,342.2397896056882
2030-01-24 09:45:00,0.0
2030-01-24 10:00:00,0.0
2030-01-24 10:15:00,0.0
2030-01-24 10:30:00,0.0
2030-01-24 10:45:00,0.0
2030-01-24 11:00:00,0.0
2030-01-24 11:15:00,0.0
2030-01-24 11:30:00,0.0
2030-01-24 11:45:00,0.0
2030-01-24 12:00:00,0.0
2030-01-24 12:15:00,0.0
2030-01-24 12:30:00,0.0
2030-01-24 12:45:00,0.0
2030-01-24 13:00:00,0.0
2030-01-24 13:15:00,0.0
2030-01-24 13:30:00,0.0
2030-01-24 13:45:00,0.0
2030-01-24 14:00:00,0.0
2030-01-24 14:15:00,0.0
2030-01-24 14:30:00,0.0
2030-01-24 14:45:00,0.0
2030-01-24 15:00:00,0.0
2030-01-24 15:15:00,0.0
2030-01-24 15:30:00,35.29920805052825
2030-01-24 15:45:00,1075.5170187126096
2030-01-24 16:00:00,1686.6991564929085
2030-01-24 16:15:00,2305.99263832597
2030-01-24 16:30:00,2696.396134377592
2030-01-24 16:45:00,3169.0568459991046
2030-01-24 17:00:00,3621.600899750654
2030-01-24 17:15:00,4064.4508338241867
2030-01-24 17:30:00,4220.874724974919
2030-01-24 17:45:00,4451.665916464031
2030-01-24 18:00:00,4461.138260053942
2030-01-24 18:15:00,4462.959807925688
2030-01-24 18:30:00,4514.24331328247
2030-01-24 18:45:00,4555.128451011888
2030-01-24 19:00:00,4395.364299244204
2030-01-24 19:15:00,4170.678065682438
2030-01-24 19:30:00,4084.898760425531
2030-01-24 19:45:00,4151.886212537049
2030-01-24 20:00:00,3901.5089986707662
2030-01-24 20:15:00,3384.1722431514463
2030-01-24 20:30:00,3337.14847955209
2030-01-24 20:45:00,3066.2466532770195
2030-01-24 21:00:00,2758.929814794592
2030-01-24 21:15:00,2528.8965210355
2030-01-24 21:30:00,2236.2164201745036
2030-01-24 21:45:00,1995.2206472928865
2030-01-24 22:00:00,1827.070046537934
2030-01-24 22:15:00,1663.4733019035266
2030-01-24 22:30:00,1313.0093341041247
2030-01-24 22:45:00,986.5555587346662
2030-01-24 23:00:00,870.3279917166255
2030-01-24 23:15:00,331.9959956257844
2030-01-24 23:30:00,0.0
2030-01-24 23:45:00,0.0
2030-01-25 00:00:00,0.0
2030-01-25 00:15:00,0.0
2030-01-25 00:30:00,0.0
2030-01-25 00:45:00,0.0
2030-01-25 01:00:00,0.0
2030-01-25 01:15:00,0.0
2030-01-25 01:30:00,0.0
2030-01-25 01:45:00,0.0
2030-01-25 02:00:00,0.0
2030-01-25 02:15:00,0.0
2030-01-25 02:30:00,0.0
2030-01-25 02:45:00,0.0
2030-01-25 03:00:00,0.0
2030-01-25 03:15:00,0.0
2030-01-25 03:30:00,0.0
2030-01-25 03:45:00,0.0
2030-01-25 04:00:00,0.0
2030-01-25 04:15:00,0.0
2030-01-25 04:30:00,0.0
2030-01-25 04:45:00,0.0
2030-01-25 05:00:00,185.9810702611594
2030-01-25 05:15:00,389.5859610075677
2030-01-25 05:30:00,845.6088999133171
2030-01-25 05:45:00,1344.5507142598199
2030-01-25 06:00:00,2155.7682994638744
2030-01-25 06:15:00,2770.5448759364117
2030-01-25 06:30:00,3119.5672890925453
2030-01-25 06:45:00,3563.1953681209943
2030-01-25 07:00:00,4080.287208513975
2030-01-25 07:15:00,4406.538601839618
2030-01-25 07:30:00,4663.079675729292
2030-01-25 07:45:00,4589.824423194765
2030-01-25 08:00:00,4624.07184477153
2030-01-25 08:15:00,4416.4104566354945
2030-01-25 08:30:00,4192.084578225968
2030-01-25 08:45:00,3958.7718711300404
2030-01-25 09:00:00,3492.679986513762
2030-01-25 09:15:00,2900.068608687172
2030-01-25 09:30:00,2476.8655764308223
2030-01-25 09:45:00,1957.129141511181
2030-01-25 10:00:00,1476.508087153079
2030-01-25 10:15:00,916.9915092262581
2030-01-25 10:30:00,559.328628616684
2030-01-25 10:45:00,0.0
2030-01-25 11:00:00,0.0
2030-01-25 11:15:00,0.0
2030-01-25 11:30:00,0.0
2030-01-25 11:45:00,0.0
2030-01-25 12:00:00,0.0
2030-01-25 12:15:00,0.0
2030-01-25 12:30:00,0.0
2030-01-25 12:45:00,0.0
2030-01-25 13:00:00,0.0
2030-01-25 13:15:00,0.0
2030-01-25 13:30:00,0.0
2030-01-25 13:45:00,0.0
2030-01-25 14:00:00,0.0
2030-01-25 14:15:00,0.0
2030-01-25 14:30:00,13.984370933103492
2030-01-25 14:45:00,550.7030363854556
2030-01-25 15:00:00,1190.2230639604586
2030-01-25 15:15:00,1611.7806399762721
2030-01-25 15:30:00,2185.8328356719903
2030-01-25 15:45:00,2301.969330755943
2030-01-25 16:00:00,2618.93092722011
2030-01-25 16:15:00,2913.8846448981676
2030-01-25 16:30:00,3375.534338415915
2030-01-25 16:45:00,3437.3562835590856
2030-01-25 17:00:00,3884.480089055134
2030-01-25 17:15:00,4080.9723893479786
2030-01-25 17:30:00,4167.214724517835
2030-01-25 17:45:00,3972.3103062654154
2030-01-25 18:00:00,3798.0110368451133
2030-01-25 18:15:00,3516.357221139282
2030-01-25 18:30:00,3346.377269123239
2030-01-25 18:45:00,3352.9962094346247
2030-01-25 19:00:00,3330.7551432037726
2030-01-25 19:15:00,3171.194346349508
2030-01-25 19:30:00,2996.238608239415
2030-01-25 19:45:00,2727.766824671704
2030-01-25 20:00:00,2291.55506068017
2030-01-25 20:15:00,1981.2542995587246
2030-01-25 20:30:00,1372.8452301471498
2030-01-25 20:45:00,922.133374652396
2030-01-25 21:00:00,508.1275906465562
2030-01-25 21:15:00,429.76290094482465
2030-01-25 21:30:00,426.003709902845
2030-01-25 21:45:00,306.51008153560906
2030-01-25 22:00:00,0.0
2030-01-25 22:15:00,0.0
2030-01-25 22:30:00,0.0
2030-01-25 22:45:00,0.0
2030-01-25 23:00:00,0.0
2030-01-25 23:15:00,0.0
2030-01-25 23:30:00,0.0
2030-01-25 23:45:00,0.0
2030-01-26 00:00:00,0.0
2030-01-26 00:15:00,0.0
2030-01-26 00:30:00,0.0
2030-01-26 00:45:00,0.0
2030-01-26 01:00:00,0.0
2030-01-26 01:15:00,0.0
2030-01-26 01:30:00,0.0
2030-01-26 01:45:00,0.0
2030-01-26 02:00:00,0.0
2030-01-26 02:15:00,0.0
2030-01-26 02:30:00,0.0
2030-01-26 02:45:00,0.0
2030-01-26 03:00:00,0.0
2030-01-26 03:15:00,0.0
2030-01-26 03:30:00,0.0
2030-01-26 03:45:00,0.0
2030-01-26 04:00:00,0.0
2030-01-26 04:15:00,0.0
2030-01-26 04:30:00,0.0
2030-01-26 04:45:00,0.0
2030-01-26 05:00:00,0.0
2030-01-26 05:15:00,0.0
2030-01-26 05:30:00,218.53257169054996
2030-01-26 05:45:00,845.2786246886208
2030-01-26 06:00:00,1837.4220203634432
2030-01-26 06:15:00,2556.0295108982755
2030-01-26 06:30:00,3150.6233095390235
2030-01-26 06:45:00,3521.5877567536572
2030-01-26 07:00:00,3861.5593483000757
2030-01-26 07:15:00,3822.0563076511717
2030-01-26 07:30:00,3952.357452267661
2030-01-26 07:45:00,4227.93297137276
2030-01-26 08:00:00,4624.939919119999
2030-01-26 08:15:00,4619.552244103092
2030-01-26 08:30:00,4462.902580471371
2030-01-26 08:45:00,4072.0695065642685
2030-01-26 09:00:00,3467.710162084035
2030-01-26 09:15:00,3198.6494107365215
2030-01-26 09:30:00,2738.3795820883824
2030-01-26 09:45:00,2335.945862577606
2030-01-26 10:00:00,2165.244930213459
2030-01-26 10:15:00,1897.1862866254633
2030-01-26 10:30:00,1410.9335723681834
2030-01-26 10:45:00,887.7847233457869
2030-01-26 11:00:00,422.7120232439629
2030-01-26 11:15:00,0.0
2030-01-26 11:30:00,0.0
2030-01-26 11:45:00,0.0
2030-01-26 12:00:00,0.0
2030-01-26 12:15:00,0.0
2030-01-26 12:30:00,0.0
2030-01-26 12:45:00,0.0
2030-01-26 13:00:00,0.0
2030-01-26 13:15:00,0.0
2030-01-26 13:30:00,0.0
2030-01-26 13:45:00,0.0
2030-01-26 14:00:00,0.0
2030-01-26 14:15:00,0.0
2030-01-26 14:30:00,440.077192568373
2030-01-26 14:45:00,1070.3349911173027
2030-01-26 15:00:00,1678.255307213698
2030-01-26 15:15:00,2259.996783696608
2030-01-26 15:30:00,2805.816195250729
2030-01-26 15:45:00,3331.7469871483754
2030-01-26 16:00:00,4059.8787659907393
2030-01-26 16:15:00,4455.047371266322
2030-01-26 16:30:00,4618.510813219193
2030-01-26 16:45:00,4643.670708385373
2030-01-26 17:00:00,4639.204064029582
2030-01-26 17:15:00,4706.284642583323
2030-01-26 17:30:00,4529.745113772558
2030-01-26 17:45:00,4224.560997459954
2030-01-26 18:00:00,3945.7345916974264
2030-01-26 18:15:00,3508.237384032869
2030-01-26 18:30:00,3362.086394774955
2030-01-26 18:45:00,3195.7529869987848
2030-01-26 19:00:00,3103.4760628665554
2030-01-26 19:15:00,2586.768234113988
2030-01-26 19:30:00,1901.9118409924158
2030-01-26 19:45:00,1456.7168519871939
2030-01-26 20:00:00,649.1735337270529
2030-01-26 20:15:00,2.442965237665703
2030-01-26 20:30:00,0.0
2030-01-26 20:45:00,0.0
2030-01-26 21:00:00,0.0
2030-01-26 21:15:00,0.0
2030-01-26 21:30:00,0.0
2030-01-26 21:45:00,0.0
2030-01-26 22:00:00,0.0
2030-01-26 22:15:00,0.0
2030-01-26 22:30:00,0.0
2030-01-26 22:45:00,0.0
2030-01-26 23:00:00,0.0
2030-01-26 23:15:00,0.0
2030-01-26 23:30:00,0.0
2030-01-26 23:45:00,0.0
2030-01-27 00:00:00,0.0
2030-01-27 00:15:00,0.0
2030-01-27 00:30:00,0.0
2030-01-27 00:45:00,0.0
2030-01-27 01:00:00,0.0
2030-01-27 01:15:00,0.0
2030-01-27 01:30:00,0.0
2030-01-27 01:45:00,0.0
2030-01-27 02:00:00,0.0
2030-01-27 02:15:00,0.0
2030-01-27 02:30:00,0.0
2030-01-27 02:45:00,0.0
2030-01-27 03:00:00,0.0
2030-01-27 03:15:00,0.0
2030-01-27 03:30:00,0.0
2030-01-27 03:45:00,0.0
2030-01-27 04:00:00,0.0
2030-01-27 04:15:00,0.0
2030-01-27 04:30:00,0.0
2030-01-27 04:45:00,0.0
2030-01-27 05:00:00,0.0
2030-01-27 05:15:00,0.0
2030-01-27 05:30:00,0.0
2030-01-27 05:45:00,0.0
2030-01-27 06:00:00,0.0
2030-01-27 06:15:00,0.0
2030-01-27 06:30:00,0.0
2030-01-27 06:45:00,0.0
2030-01-27 07:00:00,0.0
2030-01-27 07:15:00,0.0
2030-01-27 07:30:00,0.0
2030-01-27 07:45:00,0.0
2030-01-27 08:00:00,0.0
2030-01-27 08:15:00,0.0
2030-01-27 08:30:00,0.0
2030-01-27 08:45:00,0.0
2030-01-27 09:00:00,0.0
2030-01-27 09:15:00,0.0
2030-01-27 09:30:00,0.0
2030-01-27 09:45:00,0.0
2030-01-27 10:00:00,0.0
2030-01-27 10:15:00,0.0
2030-01-27 10:30:00,0.0
2030-01-27 10:45:00,0.0
2030-01-27 11:00:00,0.0
2030-01-27 11:15:00,0.0
2030-01-27 11:30:00,0.0
2030-01-27 11:45:00,0.0
2030-01-27 12:00:00,0.0
2030-01-27 12:15:00,0.0
2030-01-27 12:30:00,0.0
2030-01-27 12:45:00,0.0
2030-01-27 13:00:00,0.0
2030-01-27 13:15:00,0.0
2030-01-27 13:30:00,0.0
2030-01-27 13:45:00,0.0
2030-01-27 14:00:00,0.0
2030-01-27 14:15:00,0.0
2030-01-27 14:30:00,0.0
2030-01-27 14:45:00,0.0
2030-01-27 15:00:00,0.0
2030-01-27 15:15:00,0.0
2030-01-27 15:30:00,0.0
2030-01-27 15:45:00,0.0
2030-01-27 16:00:00,0.0
2030-01-27 16:15:00,0.0
2030-01-27 16:30:00,0.0
2030-01-27 16:45:00,0.0
2030-01-27 17:00:00,169.54459296385176
2030-01-27 17:15:00,536.0291478645613
2030-01-27 17:30:00,757.9991489504682
2030-01-27 17:45:00,1099.1562985261007
2030-01-27 18:00:00,1301.2194629875812
2030-01-27 18:15:00,1303.9657218739485
2030-01-27 18:30:00,1450.1769721019627
2030-01-27 18:45:00,1535.5053059058519
2030-01-27 19:00:00,1482.5183613438312
2030-01-27 19:15:00,1495.740353442614
2030-01-27 19:30:00,1531.7027416131496
2030-01-27 19:45:00,1391.1557715327745
2030-01-27 20:00:00,965.9596413235759
2030-01-27 20:15:00,928.0008107606664
2030-01-27 20:30:00,915.6776240061772
2030-01-27 20:45:00,789.1864618542495
2030-01-27 21:00:00,653.0236703552364
2030-01-27 21:15:00,578.7992382063003
2030-01-27 21:30:00,524.1716344905508
2030-01-27 21:45:00,265.2475397014405
2030-01-27 22:00:00,315.8701193613724
2030-01-27 22:15:00,90.98629564825023
2030-01-27 22:30:00,0.0
2030-01-27 22:45:00,0.0
2030-01-27 23:00:00,0.0
2030-01-27 23:15:00,0.0
2030-01-27 23:30:00,0.0
2030-01-27 23:45:00,0.0
2030-01-28 00:00:00,0.0
2030-01-28 00:15:00,0.0
2030-01-28 00:30:00,0.0
2030-01-28 00:45:00,0.0
2030-01-28 01:00:00,0.0
2030-01-28 01:15:00,0.0
2030-01-28 01:30:00,0.0
2030-01-28 01:45:00,0.0
2030-01-28 02:00:00,0.0
2030-01-28 02:15:00,0.0
2030-01-28 02:30:00,0.0
2030-01-28 02:45:00,0.0
2030-01-28 03:00:00,0.0
2030-01-28 03:15:00,0.0
2030-01-28 03:30:00,0.0
2030-01-28 03:45:00,0.0
2030-01-28 04:00:00,0.0
2030-01-28 04:15:00,0.0
2030-01-28 04:30:00,0.0
2030-01-28 04:45:00,0.0
2030-01-28 05:00:00,0.0
2030-01-28 05:15:00,0.0
2030-01-28 05:30:00,0.0
2030-01-28 05:45:00,0.0
2030-01-28 06:00:00,0.0
2030-01-28 06:15:00,0.0
2030-01-28 06:30:00,0.0
2030-01-28 06:45:00,0.0
2030-01-28 07:00:00,0.0
2030-01-28 07:15:00,0.0
2030-01-28 07:30:00,0.0
2030-01-28 07:45:00,0.0
2030-01-28 08:00:00,0.0
2030-01-28 08:15:00,0.0
2030-01-28 08:30:00,0.0
2030-01-28 08:45:00,0.0
2030-01-28 09:00:00,0.0
2030-01-28 09:15:00,0.0
2030-01-28 09:30:00,0.0
2030-01-28 09:45:00,0.0
2030-01-28 10:00:00,0.0
2030-01-28 10:15:00,0.0
2030-01-28 10:30:00,0.0
2030-01-28 10:45:00,0.0
2030-01-28 11:00:00,0.0
2030-01-28 11:15:00,0.0
2030-01-28 11:30:00,0.0
2030-01-28 11:45:00,0.0
2030-01-28 12:00:00,0.0
2030-01-28 12:15:00,0.0
2030-01-28 12:30:00,0.0
2030-01-28 12:45:00,0.0
2030-01-28 13:00:00,0.0
2030-01-28 13:15:00,0.0
2030-01-28 13:30:00,0.0
2030-01-28 13:45:00,0.0
2030-01-28 14:00:00,0.0
2030-01-28 14:15:00,0.0
2030-01-28 14:30:00,0.0
2030-01-28 14:45:00,0.0
2030-01-28 15:00:00,0.0
2030-01-28 15:15:00,0.0
2030-01-28 15:30:00,0.0
2030-01-28 15:45:00,0.0
2030-01-28 16:00:00,0.0
2030-01-28 16:15:00,0.0
2030-01-28 16:30:00,0.0
2030-01-28 16:45:00,0.0
2030-01-28 17:00:00,0.0
2030-01-28 17:15:00,0.0
2030-01-28 17:30:00,0.0
2030-01-28 17:45:00,0.0
2030-01-28 18:00:00,0.0
2030-01-28 18:15:00,0.0
2030-01-28 18:30:00,0.0
2030-01-28 18:45:00,0.0
2030-01-28 19:00:00,0.0
2030-01-28 19:15:00,0.0
2030-01-28 19:30:00,0.0
2030-01-28 19:45:00,0.0
2030-01-28 20:00:00,0.0
2030-01-28 20:15:00,0.0
2030-01-28 20:30:00,0.0
2030-01-28 20:45:00,0.0
2030-01-28 21:00:00,0.0
2030-01-28 21:15:00,0.0
2030-01-28 21:30:00,0.0
2030-01-28 21:45:00,0.0
2030-01-28 22:00:00,0.0
2030-01-28 22:15:00,0.0
2030-01-28 22:30:00,0.0
2030-01-28 22:45:00,0.0
2030-01-28 23:00:00,0.0
2030-01-28 23:15:00,0.0
2030-01-28 23:30:00,0.0
2030-01-28 23:45:00,0.0
2030-01-29 00:00:00,0.0
2030-01-29 00:15:00,0.0
2030-01-29 00:30:00,0.0
2030-01-29 00:45:00,0.0
2030-01-29 01:00:00,0.0
2030-01-29 01:15:00,0.0
2030-01-29 01:30:00,0.0
2030-01-29 01:45:00,0.0
2030-01-29 02:00:00,0.0
2030-01-29 02:15:00,0.0
2030-01-29 02:30:00,0.0
2030-01-29 02:45:00,0.0
2030-01-29 03:00:00,0.0
2030-01-29 03:15:00,0.0
2030-01-29 03:30:00,0.0
2030-01-29 03:45:00,0.0
2030-01-29 04:00:00,0.0
2030-01-29 04:15:00,0.0
2030-01-29 04:30:00,0.0
2030-01-29 04:45:00,0.0
2030-01-29 05:00:00,0.0
2030-01-29 05:15:00,0.0
2030-01-29 05:30:00,0.0
2030-01-29 05:45:00,0.0
2030-01-29 06:00:00,0.0
2030-01-29 06:15:00,0.0
2030-01-29 06:30:00,0.0
2030-01-29 06:45:00,0.0
2030-01-29 07:00:00,0.0
2030-01-29 07:15:00,0.0
2030-01-29 07:30:00,0.0
2030-01-29 07:45:00,0.0
2030-01-29 08:00:00,0.0
2030-01-29 08:15:00,0.0
2030-01-29 08:30:00,0.0
2030-01-29 08:45:00,0.0
2030-01-29 09:00:00,0.0
2030-01-29 09:15:00,0.0
2030-01-29 09:30:00,0.0
2030-01-29 09:45:00,0.0
2030-01-29 10:00:00,0.0
2030-01-29 10:15:00,0.0
2030-01-29 10:30:00,0.0
2030-01-29 10:45:00,0.0
2030-01-29 11:00:00,0.0
2030-01-29 11:15:00,0.0
2030-01-29 11:30:00,0.0
2030-01-29 11:45:00,0.0
2030-01-29 12:00:00,0.0
2030-01-29 12:15:00,0.0
2030-01-29 12:30:00,0.0
2030-01-29 12:45:00,0.0
2030-01-29 13:00:00,0.0
2030-01-29 13:15:00,0.0
2030-01-29 13:30:00,0.0
2030-01-29 13:45:00,0.0
2030-01-29 14:00:00,0.0
2030-01-29 14:15:00,0.0
2030-01-29 14:30:00,0.0
2030-01-29 14:45:00,0.0
2030-01-29 15:00:00,0.0
2030-01-29 15:15:00,0.0
2030-01-29 15:30:00,0.0
2030-01-29 15:45:00,0.0
2030-01-29 16:00:00,0.0
2030-01-29 16:15:00,0.0
2030-01-29 16:30:00,0.0
2030-01-29 16:45:00,0.0
2030-01-29 17:00:00,0.0
2030-01-29 17:15:00,0.0
2030-01-29 17:30:00,0.0
2030-01-29 17:45:00,0.0
2030-01-29 18:00:00,0.0
2030-01-29 18:15:00,0.0
2030-01-29 18:30:00,0.0
2030-01-29 18:45:00,0.0
2030-01-29 19:00:00,0.0
2030-01-29 19:15:00,0.0
2030-01-29 19:30:00,0.0
2030-01-29 19:45:00,0.0
2030-01-29 20:00:00,0.0
2030-01-29 20:15:00,0.0
2030-01-29 20:30:00,0.0
2030-01-29 20:45:00,0.0
2030-01-29 21:00:00,0.0
2030-01-29 21:15:00,0.0
2030-01-29 21:30:00,0.0
2030-01-29 21:45:00,0.0
2030-01-29 22:00:00,0.0
2030-01-29 22:15:00,0.0
2030-01-29 22:30:00,0.0
2030-01-29 22:45:00,0.0
2030-01-29 23:00:00,0.0
2030-01-29 23:15:00,0.0
2030-01-29 23:30:00,0.0
2030-01-29 23:45:00,0.0
2030-01-30 00:00:00,0.0
2030-01-30 00:15:00,0.0
2030-01-30 00:30:00,0.0
2030-01-30 00:45:00,0.0
2030-01-30 01:00:00,0.0
2030-01-30 01:15:00,0.0
2030-01-30 01:30:00,0.0
2030-01-30 01:45:00,0.0
2030-01-30 02:00:00,0.0
2030-01-30 02:15:00,0.0
2030-01-30 02:30:00,0.0
2030-01-30 02:45:00,0.0
2030-01-30 03:00:00,0.0
2030-01-30 03:15:00,0.0
2030-01-30 03:30:00,0.0
2030-01-30 03:45:00,0.0
2030-01-30 04:00:00,0.0
2030-01-30 04:15:00,0.0
2030-01-30 04:30:00,0.0
2030-01-30 04:45:00,0.0
2030-01-30 05:00:00,0.0
2030-01-30 05:15:00,0.0
2030-01-30 05:30:00,0.0
2030-01-30 05:45:00,0.0
2030-01-30 06:00:00,0.0
2030-01-30 06:15:00,0.0
2030-01-30 06:30:00,0.0
2030-01-30 06:45:00,0.0
2030-01-30 07:00:00,0.0
2030-01-30 07:15:00,0.0
2030-01-30 07:30:00,0.0
2030-01-30 07:45:00,0.0
2030-01-30 08:00:00,0.0
2030-01-30 08:15:00,0.0
2030-01-30 08:30:00,0.0
2030-01-30 08:45:00,0.0
2030-01-30 09:00:00,0.0
2030-01-30 09:15:00,0.0
2030-01-30 09:30:00,0.0
2030-01-30 09:45:00,0.0
2030-01-30 10:00:00,0.0
2030-01-30 10:15:00,0.0
2030-01-30 10:30:00,0.0
2030-01-30 10:45:00,0.0
2030-01-30 11:00:00,0.0
2030-01-30 11:15:00,0.0
2030-01-30 11:30:00,-3535.271418228327
2030-01-30 11:45:00,-11467.317262337092
2030-01-30 12:00:00,-11894.693861499665
2030-01-30 12:15:00,-12043.768534416322
2030-01-30 12:30:00,-12120.690874875243
2030-01-30 12:45:00,-12209.06392076315
2030-01-30 13:00:00,-11805.040564650557
2030-01-30 13:15:00,-11319.796286452383
2030-01-30 13:30:00,-11354.607510622562
2030-01-30 13:45:00,-11247.50555831003
2030-01-30 14:00:00,-10772.20205017956
2030-01-30 14:15:00,-10392.57107739033
2030-01-30 14:30:00,-9950.55154939643
2030-01-30 14:45:00,-9274.350929324642
2030-01-30 15:00:00,-8202.58524530198
2030-01-30 15:15:00,-7315.34486892389
2030-01-30 15:30:00,-6767.007482437544
2030-01-30 15:45:00,-5781.159148083974
2030-01-30 16:00:00,-4671.074563062721
2030-01-30 16:15:00,-4038.5677359887814
2030-01-30 16:30:00,-3608.241130952407
2030-01-30 16:45:00,-3134.3316847223723
2030-01-30 17:00:00,-3126.2864243244185
2030-01-30 17:15:00,-2882.176743622298
2030-01-30 17:30:00,-2760.508054157981
2030-01-30 17:45:00,-2896.949290789129
2030-01-30 18:00:00,-3202.851054597628
2030-01-30 18:15:00,-3305.8207466651547
2030-01-30 18:30:00,-3252.2485398827375
2030-01-30 18:45:00,-3174.6155687108003
2030-01-30 19:00:00,-3355.53207368368
2030-01-30 19:15:00,-3723.935273731695
2030-01-30 19:30:00,-3834.6085432134823
2030-01-30 19:45:00,-3827.4197302861066
2030-01-30 20:00:00,-4043.789608709136
2030-01-30 20:15:00,-4187.310307608521
2030-01-30 20:30:00,-4414.325335584184
2030-01-30 20:45:00,-3792.0208007019974
2030-01-30 21:00:00,-3643.4899516615005
2030-01-30 21:15:00,-3623.0625739037096
2030-01-30 21:30:00,-3650.0876535583666
2030-01-30 21:45:00,-3580.3846538321923
2030-01-30 22:00:00,-3747.0120724873923
2030-01-30 22:15:00,-3887.5194549428816
2030-01-30 22:30:00,-3778.6151519165905
2030-01-30 22:45:00,-3806.089614900131
2030-01-30 23:00:00,-3657.93288596232
2030-01-30 23:15:00,-3591.1019545884847
2030-01-30 23:30:00,-3639.968026559425
2030-01-30 23:45:00,-3850.493455369793
2030-01-31 00:00:00,-4321.494882244446
2030-01-31 00:15:00,-4541.659495821401
2030-01-31 00:30:00,-4703.898310009052
2030-01-31 00:45:00,-4733.712406815717
2030-01-31 01:00:00,-4839.26004959286
2030-01-31 01:15:00,-4892.766925060114
2030-01-31 01:30:00,-4987.898459327713
2030-01-31 01:45:00,-5030.218291446909
2030-01-31 02:00:00,-4857.200705442992
2030-01-31 02:15:00,-4600.244083551745
2030-01-31 02:30:00,-4626.336692107052
2030-01-31 02:45:00,-4570.855529408163
2030-01-31 03:00:00,-4512.43734765481
2030-01-31 03:15:00,-4597.263395616454
2030-01-31 03:30:00,-4418.152656678441
2030-01-31 03:45:00,-4366.123750691961
2030-01-31 04:00:00,-4138.927874021589
2030-01-31 04:15:00,-3998.9187876059113
2030-01-31 04:30:00,-3849.596971702893
2030-01-31 04:45:00,-3666.2235338124738
2030-01-31 05:00:00,-3060.298625022984
2030-01-31 05:15:00,-2700.6202090869956
2030-01-31 05:30:00,-2386.1425002577453
2030-01-31 05:45:00,-2257.6013600874576
2030-01-31 06:00:00,-1326.8558940324037
2030-01-31 06:15:00,-395.85091582614405
2030-01-31 06:30:00,0.0
2030-01-31 06:45:00,0.0
2030-01-31 07:00:00,0.0
2030-01-31 07:15:00,0.0
2030-01-31 07:30:00,0.0
2030-01-31 07:45:00,0.0
2030-01-31 08:00:00,0.0
2030-01-31 08:15:00,0.0
2030-01-31 08:30:00,0.0
2030-01-31 08:45:00,0.0
2030-01-31 09:00:00,0.0
2030-01-31 09:15:00,0.0
2030-01-31 09:30:00,-1987.3337522095717
2030-01-31 09:45:00,-3857.8444306067977
2030-01-31 10:00:00,-4838.272743136236
2030-01-31 10:15:00,-5545.976253409619
2030-01-31 10:30:00,-6211.686675134821
2030-01-31 10:45:00,-6903.590484197106
2030-01-31 11:00:00,-7107.565393787067
2030-01-31 11:15:00,-7555.974684217919
2030-01-31 11:30:00,-8094.9293853083
2030-01-31 11:45:00,-8439.57572447411
2030-01-31 12:00:00,-8849.696977740881
2030-01-31 12:15:00,-8631.461164221713
2030-01-31 12:30:00,-8063.239073173787
2030-01-31 12:45:00,-8069.34576522496
2030-01-31 13:00:00,-7936.209822924444
2030-01-31 13:15:00,-8208.334035297448
2030-01-31 13:30:00,-7965.015963699792
2030-01-31 13:45:00,-7959.685226251004
2030-01-31 14:00:00,-8014.199451388729
2030-01-31 14:15:00,-7843.032224999806
2030-01-31 14:30:00,-7464.553458069593
2030-01-31 14:45:00,-7412.81384717541
2030-01-31 15:00:00,-7269.014110365148
2030-01-31 15:15:00,-6877.656821560693
2030-01-31 15:30:00,-6434.911175978967
2030-01-31 15:45:00,-6053.238000093435
2030-01-31 16:00:00,-5793.992126645822
2030-01-31 16:15:00,-5721.315448588903
2030-01-31 16:30:00,-5576.104331997263
2030-01-31 16:45:00,-5425.949876026694
2030-01-31 17:00:00,-5015.187323824401
2030-01-31 17:15:00,-4848.998276946833
2030-01-31 17:30:00,-4735.192000643507
2030-01-31 17:45:00,-4505.762818204679
2030-01-31 18:00:00,-4440.6023508310645
2030-01-31 18:15:00,-4203.837955389132
2030-01-31 18:30:00,-4231.433690100523
2030-01-31 18:45:00,-4141.941831964523
2030-01-31 19:00:00,-4040.833938123469
2030-01-31 19:15:00,-4237.092233823041
2030-01-31 19:30:00,-4523.146939282207
2030-01-31 19:45:00,-4737.622446798407
2030-01-31 20:00:00,-5060.80479900842
2030-01-31 20:15:00,-5361.940363951668
2030-01-31 20:30:00,-5680.191645455503
2030-01-31 20:45:00,-5985.049393507001
2030-01-31 21:00:00,-6429.528843401222
2030-01-31 21:15:00,-6698.304879980446
2030-01-31 21:30:00,-7117.064947711602
2030-01-31 21:45:00,-7294.905917545133
2030-01-31 22:00:00,-7158.925883768687
2030-01-31 22:15:00,-7270.8758683498345
2030-01-31 22:30:00,-7793.163734153804
2030-01-31 22:45:00,-8077.929091737642
2030-01-31 23:00:00,-8154.844972595187
2030-01-31 23:15:00,-8298.713286709848
2030-01-31 23:30:00,-8595.685032789694
2030-01-31 23:45:00,-9041.366459311474
2030-02-01 00:00:00,-9234.722524807155
2030-02-01 00:15:00,-9191.630011516452
2030-02-01 00:30:00,-9299.197315889705
2030-02-01 00:45:00,-9417.52420440935
2030-02-01 01:00:00,-9498.65409370686
2030-02-01 01:15:00,-9872.887152408453
2030-02-01 01:30:00,-10186.880030204356
2030-02-01 01:45:00,-10289.758407141744
2030-02-01 02:00:00,-9978.989913904006
2030-02-01 02:15:00,-9863.918550736595
2030-02-01 02:30:00,-9693.319381681868
2030-02-01 02:45:00,-9901.814181582522
2030-02-01 03:00:00,-10566.823059006168
2030-02-01 03:15:00,-10664.502661698247
2030-02-01 03:30:00,-10760.962250970671
2030-02-01 03:45:00,-10689.108470255247
2030-02-01 04:00:00,-10715.03217160565
2030-02-01 04:15:00,-10887.643960895093
2030-02-01 04:30:00,-10725.460211315127
2030-02-01 04:45:00,-10843.87073178434
2030-02-01 05:00:00,-10648.609155218772
2030-02-01 05:15:00,-10393.518314729452
2030-02-01 05:30:00,-10257.482105457682
2030-02-01 05:45:00,-9676.879695237203
2030-02-01 06:00:00,-8490.195791347127
2030-02-01 06:15:00,-7780.458374732436
2030-02-01 06:30:00,-7400.365057230963
2030-02-01 06:45:00,-6988.827368887232
2030-02-01 07:00:00,-6826.710073462895
2030-02-01 07:15:00,-6550.648947464855
2030-02-01 07:30:00,-6285.252080372607
2030-02-01 07:45:00,-6054.083399882311
2030-02-01 08:00:00,-5845.0798305844
2030-02-01 08:15:00,-5961.127446680082
2030-02-01 08:30:00,-6319.788893108394
2030-02-01 08:45:00,-6529.242319135639
2030-02-01 09:00:00,-7043.676025726119
2030-02-01 09:15:00,-7611.471198517953
2030-02-01 09:30:00,-8248.972975720095
2030-02-01 09:45:00,-8882.524935295947
2030-02-01 10:00:00,-9235.819184855874
2030-02-01 10:15:00,-9805.544355749615
2030-02-01 10:30:00,-10406.013426907302
2030-02-01 10:45:00,-10825.879334795842
2030-02-01 11:00:00,-10956.30082242889
2030-02-01 11:15:00,-11051.806678330831
2030-02-01 11:30:00,-11272.702057712777
2030-02-01 11:45:00,-11405.531080428296
2030-02-01 12:00:00,-11447.249411167028
2030-02-01 12:15:00,-11245.009803116667
2030-02-01 12:30:00,-11025.419928717023
2030-02-01 12:45:00,-11043.688489422551
2030-02-01 13:00:00,-11032.635589919253
2030-02-01 13:15:00,-10990.64281992913
2030-02-01 13:30:00,-10629.003403480074
2030-02-01 13:45:00,-10521.241939155967
2030-02-01 14:00:00,-10428.095980203183
2030-02-01 14:15:00,-10114.147935289617
2030-02-01 14:30:00,-9453.819474706408
2030-02-01 14:45:00,-8848.260180172201
2030-02-01 15:00:00,-8086.507863122479
2030-02-01 15:15:00,-7690.970950574818
2030-02-01 15:30:00,-7422.242673757399
2030-02-01 15:45:00,-7227.658188243011
2030-02-01 16:00:00,-6869.71130132538
2030-02-01 16:15:00,-6559.5976196645315
2030-02-01 16:30:00,-6213.909667335531
2030-02-01 16:45:00,-6009.431647426969
2030-02-01 17:00:00,-5745.113496237707
2030-02-01 17:15:00,-5444.822214042291
2030-02-01 17:30:00,-5122.27346942485
2030-02-01 17:45:00,-4953.348719973255
2030-02-01 18:00:00,-5070.914342052154
2030-02-01 18:15:00,-5178.758609507593
2030-02-01 18:30:00,-5171.998178633381
2030-02-01 18:45:00,-5289.388927142962
2030-02-01 19:00:00,-5628.423460240156
2030-02-01 19:15:00,-5769.386358568296
2030-02-01 19:30:00,-5894.022135432278
2030-02-01 19:45:00,-5975.121373028691
2030-02-01 20:00:00,-6002.012673749108
2030-02-01 20:15:00,-6321.803222307986
2030-02-01 20:30:00,-6526.116957624548
2030-02-01 20:45:00,-6879.974636842275
2030-02-01 21:00:00,-7063.588835097282
2030-02-01 21:15:00,-7048.355843252488
2030-02-01 21:30:00,-7265.332545670608
2030-02-01 21:45:00,-7696.053687433479
2030-02-01 22:00:00,-7755.5634430573045
2030-02-01 22:15:00,-7962.8209028073325
2030-02-01 22:30:00,-8395.414267939796
2030-02-01 22:45:00,-8808.542869420467
2030-02-01 23:00:00,-7490.779205648763
2030-02-01 23:15:00,-7467.692618159948
2030-02-01 23:30:00,-7394.45502002244
2030-02-01 23:45:00,-7786.727009061549
2030-02-02 00:00:00,-7600.707819619402
2030-02-02 00:15:00,-7607.827329422955
2030-02-02 00:30:00,-7476.9099746206775
2030-02-02 00:45:00,-7437.2724804567915
2030-02-02 01:00:00,-7453.224392011096
2030-02-02 01:15:00,-7215.42855728537
2030-02-02 01:30:00,-6930.36428757061
2030-02-02 01:45:00,-7032.8632730126155
2030-02-02 02:00:00,-6990.28073755623
2030-02-02 02:15:00,-7150.009528647461
2030-02-02 02:30:00,-6766.752117406362
2030-02-02 02:45:00,-6488.711944032704
2030-02-02 03:00:00,-6705.120974462392
2030-02-02 03:15:00,-6458.120066721647
2030-02-02 03:30:00,-6309.7248866361515
2030-02-02 03:45:00,-6285.489124154923
2030-02-02 04:00:00,-5973.871310298477
2030-02-02 04:15:00,-6261.577788878345
2030-02-02 04:30:00,-6308.892220959315
2030-02-02 04:45:00,-6176.179239848916
2030-02-02 05:00:00,-5000.974134244756
2030-02-02 05:15:00,-4574.900324012968
2030-02-02 05:30:00,-3870.925256190483
2030-02-02 05:45:00,-3201.9456948225015
2030-02-02 06:00:00,-2235.6539582087025
2030-02-02 06:15:00,-1357.2539538302372
2030-02-02 06:30:00,-304.26985457431147
2030-02-02 06:45:00,0.0
2030-02-02 07:00:00,0.0
2030-02-02 07:15:00,0.0
2030-02-02 07:30:00,0.0
2030-02-02 07:45:00,0.0
2030-02-02 08:00:00,0.0
2030-02-02 08:15:00,0.0
2030-02-02 08:30:00,0.0
2030-02-02 08:45:00,0.0
2030-02-02 09:00:00,0.0
2030-02-02 09:15:00,0.0
2030-02-02 09:30:00,0.0
2030-02-02 09:45:00,0.0
2030-02-02 10:00:00,0.0
2030-02-02 10:15:00,0.0
2030-02-02 10:30:00,0.0
2030-02-02 10:45:00,0.0
2030-02-02 11:00:00,0.0
2030-02-02 11:15:00,0.0
2030-02-02 11:30:00,0.0
2030-02-02 11:45:00,0.0
2030-02-02 12:00:00,0.0
2030-02-02 12:15:00,0.0
2030-02-02 12:30:00,0.0
2030-02-02 12:45:00,0.0
2030-02-02 13:00:00,0.0
2030-02-02 13:15:00,0.0
2030-02-02 13:30:00,0.0
2030-02-02 13:45:00,0.0
2030-02-02 14:00:00,0.0
2030-02-02 14:15:00,0.0
2030-02-02 14:30:00,0.0
2030-02-02 14:45:00,0.0
2030-02-02 15:00:00,0.0
2030-02-02 15:15:00,0.0
2030-02-02 15:30:00,0.0
2030-02-02 15:45:00,0.0
2030-02-02 16:00:00,0.0
2030-02-02 16:15:00,0.0
2030-02-02 16:30:00,0.0
2030-02-02 16:45:00,0.0
2030-02-02 17:00:00,0.0
2030-02-02 17:15:00,0.0
2030-02-02 17:30:00,0.0
2030-02-02 17:45:00,0.0
2030-02-02 18:00:00,0.0
2030-02-02 18:15:00,0.0
2030-02-02 18:30:00,0.0
2030-02-02 18:45:00,0.0
2030-02-02 19:00:00,0.0
2030-02-02 19:15:00,0.0
2030-02-02 19:30:00,0.0
2030-02-02 19:45:00,0.0
2030-02-02 20:00:00,520.4890671253524
2030-02-02 20:15:00,125.51598611843474
2030-02-02 20:30:00,0.0
2030-02-02 20:45:00,0.0
2030-02-02 21:00:00,0.0
2030-02-02 21:15:00,0.0
2030-02-02 21:30:00,0.0
2030-02-02 21:45:00,0.0
2030-02-02 22:00:00,0.0
2030-02-02 22:15:00,0.0
2030-02-02 22:30:00,0.0
2030-02-02 22:45:00,0.0
2030-02-02 23:00:00,0.0
2030-02-02 23:15:00,0.0
2030-02-02 23:30:00,0.0
2030-02-02 23:45:00,0.0
2030-02-03 00:00:00,0.0
2030-02-03 00:15:00,0.0
2030-02-03 00:30:00,0.0
2030-02-03 00:45:00,0.0
2030-02-03 01:00:00,0.0
2030-02-03 01:15:00,0.0
2030-02-03 01:30:00,0.0
2030-02-03 01:45:00,0.0
2030-02-03 02:00:00,0.0
2030-02-03 02:15:00,0.0
2030-02-03 02:30:00,0.0
2030-02-03 02:45:00,0.0
2030-02-03 03:00:00,0.0
2030-02-03 03:15:00,0.0
2030-02-03 03:30:00,0.0
2030-02-03 03:45:00,0.0
2030-02-03 04:00:00,0.0
2030-02-03 04:15:00,0.0
2030-02-03 04:30:00,0.0
2030-02-03 04:45:00,0.0
2030-02-03 05:00:00,0.0
2030-02-03 05:15:00,0.0
2030-02-03 05:30:00,0.0
2030-02-03 05:45:00,0.0
2030-02-03 06:00:00,0.0
2030-02-03 06:15:00,0.0
2030-02-03 06:30:00,0.0
2030-02-03 06:45:00,0.0
2030-02-03 07:00:00,0.0
2030-02-03 07:15:00,0.0
2030-02-03 07:30:00,0.0
2030-02-03 07:45:00,0.0
2030-02-03 08:00:00,0.0
2030-02-03 08:15:00,0.0
2030-02-03 08:30:00,0.0
2030-02-03 08:45:00,0.0
2030-02-03 09:00:00,0.0
2030-02-03 09:15:00,0.0
2030-02-03 09:30:00,0.0
2030-02-03 09:45:00,0.0
2030-02-03 10:00:00,0.0
2030-02-03 10:15:00,0.0
2030-02-03 10:30:00,0.0
2030-02-03 10:45:00,0.0
2030-02-03 11:00:00,0.0
2030-02-03 11:15:00,0.0
2030-02-03 11:30:00,0.0
2030-02-03 11:45:00,0.0
2030-02-03 12:00:00,0.0
2030-02-03 12:15:00,0.0
2030-02-03 12:30:00,0.0
2030-02-03 12:45:00,0.0
2030-02-03 13:00:00,0.0
2030-02-03 13:15:00,0.0
2030-02-03 13:30:00,0.0
2030-02-03 13:45:00,0.0
2030-02-03 14:00:00,0.0
2030-02-03 14:15:00,0.0
2030-02-03 14:30:00,0.0
2030-02-03 14:45:00,-8224.468573765076
2030-02-03 15:00:00,-8424.54872493018
2030-02-03 15:15:00,-7961.398162306232
2030-02-03 15:30:00,-7534.804671614165
2030-02-03 15:45:00,-7222.070481841576
2030-02-03 16:00:00,-6853.000174946334
2030-02-03 16:15:00,-6477.083236724284
2030-02-03 16:30:00,-5847.693867512022
2030-02-03 16:45:00,-5450.511920856181
2030-02-03 17:00:00,-4814.494843158904
2030-02-03 17:15:00,-4467.308306744835
2030-02-03 17:30:00,-4222.637259921237
2030-02-03 17:45:00,-4078.347882997583
2030-02-03 18:00:00,-4227.236655029941
2030-02-03 18:15:00,-4447.890095691462
2030-02-03 18:30:00,-4728.932657772919
2030-02-03 18:45:00,-5243.66861313556
2030-02-03 19:00:00,-5836.005447577292
2030-02-03 19:15:00,-6114.012805033159
2030-02-03 19:30:00,-6012.740310377951
2030-02-03 19:45:00,-6140.842179414882
2030-02-03 20:00:00,-6442.866607179243
2030-02-03 20:15:00,-6441.856765355766
2030-02-03 20:30:00,-6800.987179043492
2030-02-03 20:45:00,-6810.598486006122
2030-02-03 21:00:00,-6378.286273842248
2030-02-03 21:15:00,-6668.960237003019
2030-02-03 21:30:00,-6897.099312194514
2030-02-03 21:45:00,-6636.518379417183
2030-02-03 22:00:00,-5931.519912183667
2030-02-03 22:15:00,-5807.939554119173
2030-02-03 22:30:00,-5775.266341508628
2030-02-03 22:45:00,-5922.022395391257
2030-02-03 23:00:00,-5938.48900286045
2030-02-03 23:15:00,-6059.499525980762
2030-02-03 23:30:00,-5938.09296431403
2030-02-03 23:45:00,-5773.401161306181
2030-02-04 00:00:00,-5792.422914401817
2030-02-04 00:15:00,-5615.185527098398
2030-02-04 00:30:00,-5405.637909597692
2030-02-04 00:45:00,-4724.908314938049
2030-02-04 01:00:00,-4531.730660265028
2030-02-04 01:15:00,-4311.967117387336
2030-02-04 01:30:00,-3945.4380185460486
2030-02-04 01:45:00,-3548.1744242969125
2030-02-04 02:00:00,-3203.231989824926
2030-02-04 02:15:00,-2844.5549773092935
2030-02-04 02:30:00,-2523.514458964977
2030-02-04 02:45:00,-1911.6987675175515
2030-02-04 03:00:00,-1550.1986596318184
2030-02-04 03:15:00,-1108.208840862957
2030-02-04 03:30:00,-820.7473356975752
2030-02-04 03:45:00,-383.78033152675744
2030-02-04 04:00:00,0.0
2030-02-04 04:15:00,0.0
2030-02-04 04:30:00,0.0
2030-02-04 04:45:00,0.0
2030-02-04 05:00:00,0.0
2030-02-04 05:15:00,0.0
2030-02-04 05:30:00,0.0
2030-02-04 05:45:00,0.0
2030-02-04 06:00:00,0.0
2030-02-04 06:15:00,0.0
2030-02-04 06:30:00,0.0
2030-02-04 06:45:00,0.0
2030-02-04 07:00:00,0.0
2030-02-04 07:15:00,0.0
2030-02-04 07:30:00,0.0
2030-02-04 07:45:00,0.0
2030-02-04 08:00:00,0.0
2030-02-04 08:15:00,0.0
2030-02-04 08:30:00,0.0
2030-02-04 08:45:00,0.0
2030-02-04 09:00:00,0.0
2030-02-04 09:15:00,0.0
2030-02-04 09:30:00,0.0
2030-02-04 09:45:00,0.0
2030-02-04 10:00:00,0.0
2030-02-04 10:15:00,0.0
2030-02-04 10:30:00,0.0
2030-02-04 10:45:00,0.0
2030-02-04 11:00:00,0.0
2030-02-04 11:15:00,0.0
2030-02-04 11:30:00,0.0
2030-02-04 11:45:00,0.0
2030-02-04 12:00:00,0.0
2030-02-04 12:15:00,0.0
2030-02-04 12:30:00,0.0
2030-02-04 12:45:00,0.0
2030-02-04 13:00:00,0.0
2030-02-04 13:15:00,0.0
2030-02-04 13:30:00,0.0
2030-02-04 13:45:00,0.0
2030-02-04 14:00:00,0.0
2030-02-04 14:15:00,0.0
2030-02-04 14:30:00,0.0
2030-02-04 14:45:00,0.0
2030-02-04 15:00:00,0.0
2030-02-04 15:15:00,0.0
2030-02-04 15:30:00,0.0
2030-02-04 15:45:00,0.0
2030-02-04 16:00:00,0.0
2030-02-04 16:15:00,0.0
2030-02-04 16:30:00,0.0
2030-02-04 16:45:00,0.0
2030-02-04 17:00:00,0.0
2030-02-04 17:15:00,0.0
2030-02-04 17:30:00,0.0
2030-02-04 17:45:00,0.0
2030-02-04 18:00:00,0.0
2030-02-04 18:15:00,0.0
2030-02-04 18:30:00,0.0
2030-02-04 18:45:00,0.0
2030-02-04 19:00:00,0.0
2030-02-04 19:15:00,3672.2081136811375
2030-02-04 19:30:00,0.0
2030-02-04 19:45:00,0.0
2030-02-04 20:00:00,0.0
2030-02-04 20:15:00,0.0
2030-02-04 20:30:00,0.0
2030-02-04 20:45:00,0.0
2030-02-04 21:00:00,0.0
2030-02-04 21:15:00,0.0
2030-02-04 21:30:00,0.0
2030-02-04 21:45:00,0.0
2030-02-04 22:00:00,0.0
2030-02-04 22:15:00,0.0
2030-02-04 22:30:00,0.0
2030-02-04 22:45:00,0.0
2030-02-04 23:00:00,0.0
2030-02-04 23:15:00,0.0
2030-02-04 23:30:00,0.0
2030-02-04 23:45:00,0.0
2030-02-05 00:00:00,0.0
2030-02-05 00:15:00,0.0
2030-02-05 00:30:00,0.0
2030-02-05 00:45:00,0.0
2030-02-05 01:00:00,0.0
2030-02-05 01:15:00,0.0
2030-02-05 01:30:00,0.0
2030-02-05 01:45:00,0.0
2030-02-05 02:00:00,0.0
2030-02-05 02:15:00,0.0
2030-02-05 02:30:00,0.0
2030-02-05 02:45:00,0.0
2030-02-05 03:00:00,0.0
2030-02-05 03:15:00,0.0
2030-02-05 03:30:00,0.0
2030-02-05 03:45:00,0.0
2030-02-05 04:00:00,0.0
2030-02-05 04:15:00,0.0
2030-02-05 04:30:00,0.0
2030-02-05 04:45:00,0.0
2030-02-05 05:00:00,0.0
2030-02-05 05:15:00,0.0
2030-02-05 05:30:00,0.0
2030-02-05 05:45:00,0.0
2030-02-05 06:00:00,0.0
2030-02-05 06:15:00,0.0
2030-02-05 06:30:00,0.0
2030-02-05 06:45:00,0.0
2030-02-05 07:00:00,0.0
2030-02-05 07:15:00,0.0
2030-02-05 07:30:00,0.0
2030-02-05 07:45:00,0.0
2030-02-05 08:00:00,0.0
2030-02-05 08:15:00,0.0
2030-02-05 08:30:00,0.0
2030-02-05 08:45:00,0.0
2030-02-05 09:00:00,0.0
2030-02-05 09:15:00,0.0
2030-02-05 09:30:00,0.0
2030-02-05 09:45:00,0.0
2030-02-05 10:00:00,0.0
2030-02-05 10:15:00,0.0
2030-02-05 10:30:00,0.0
2030-02-05 10:45:00,0.0
2030-02-05 11:00:00,0.0
2030-02-05 11:15:00,0.0
2030-02-05 11:30:00,0.0
2030-02-05 11:45:00,0.0
2030-02-05 12:00:00,0.0
2030-02-05 12:15:00,0.0
2030-02-05 12:30:00,0.0
2030-02-05 12:45:00,0.0
2030-02-05 13:00:00,0.0
2030-02-05 13:15:00,0.0
2030-02-05 13:30:00,0.0
2030-02-05 13:45:00,0.0
2030-02-05 14:00:00,0.0
2030-02-05 14:15:00,214.79036731776432
2030-02-05 14:30:00,0.0
2030-02-05 14:45:00,0.0
2030-02-05 15:00:00,0.0
2030-02-05 15:15:00,0.0
2030-02-05 15:30:00,0.0
2030-02-05 15:45:00,0.0
2030-02-05 16:00:00,0.0
2030-02-05 16:15:00,0.0
2030-02-05 16:30:00,0.0
2030-02-05 16:45:00,0.0
2030-02-05 17:00:00,0.0
2030-02-05 17:15:00,0.0
2030-02-05 17:30:00,0.0
2030-02-05 17:45:00,0.0
2030-02-05 18:00:00,0.0
2030-02-05 18:15:00,0.0
2030-02-05 18:30:00,0.0
2030-02-05 18:45:00,0.0
2030-02-05 19:00:00,0.0
2030-02-05 19:15:00,0.0
2030-02-05 19:30:00,0.0
2030-02-05 19:45:00,0.0
2030-02-05 20:00:00,0.0
2030-02-05 20:15:00,0.0
2030-02-05 20:30:00,0.0
2030-02-05 20:45:00,0.0
2030-02-05 21:00:00,0.0
2030-02-05 21:15:00,0.0
2030-02-05 21:30:00,0.0
2030-02-05 21:45:00,0.0
2030-02-05 22:00:00,0.0
2030-02-05 22:15:00,0.0
2030-02-05 22:30:00,0.0
2030-02-05 22:45:00,0.0
2030-02-05 23:00:00,0.0
2030-02-05 23:15:00,0.0
2030-02-05 23:30:00,0.0
2030-02-05 23:45:00,0.0
2030-02-06 00:00:00,0.0
2030-02-06 00:15:00,0.0
2030-02-06 00:30:00,0.0
2030-02-06 00:45:00,0.0
2030-02-06 01:00:00,0.0
2030-02-06 01:15:00,0.0
2030-02-06 01:30:00,0.0
2030-02-06 01:45:00,0.0
2030-02-06 02:00:00,0.0
2030-02-06 02:15:00,0.0
2030-02-06 02:30:00,0.0
2030-02-06 02:45:00,0.0
2030-02-06 03:00:00,0.0
2030-02-06 03:15:00,0.0
2030-02-06 03:30:00,0.0
2030-02-06 03:45:00,0.0
2030-02-06 04:00:00,0.0
2030-02-06 04:15:00,0.0
2030-02-06 04:30:00,0.0
2030-02-06 04:45:00,0.0
2030-02-06 05:00:00,0.0
2030-02-06 05:15:00,0.0
2030-02-06 05:30:00,0.0
2030-02-06 05:45:00,0.0
2030-02-06 06:00:00,0.0
2030-02-06 06:15:00,48.08417661192652
2030-02-06 06:30:00,789.9081626450825
2030-02-06 06:45:00,1301.088091395528
2030-02-06 07:00:00,1975.7926355231084
2030-02-06 07:15:00,2449.4867572471885
2030-02-06 07:30:00,2837.2398671153387
2030-02-06 07:45:00,2985.624540857347
2030-02-06 08:00:00,3071.2824880997687
2030-02-06 08:15:00,2608.518973975544
2030-02-06 08:30:00,2203.3808265191237
2030-02-06 08:45:00,1607.1054845307553
2030-02-06 09:00:00,939.0336624354368
2030-02-06 09:15:00,144.32650969622773
2030-02-06 09:30:00,0.0
2030-02-06 09:45:00,0.0
2030-02-06 10:00:00,0.0
2030-02-06 10:15:00,0.0
2030-02-06 10:30:00,0.0
2030-02-06 10:45:00,0.0
2030-02-06 11:00:00,0.0
2030-02-06 11:15:00,0.0
2030-02-06 11:30:00,0.0
2030-02-06 11:45:00,0.0
2030-02-06 12:00:00,0.0
2030-02-06 12:15:00,0.0
2030-02-06 12:30:00,0.0
2030-02-06 12:45:00,0.0
2030-02-06 13:00:00,0.0
2030-02-06 13:15:00,0.0
2030-02-06 13:30:00,0.0
2030-02-06 13:45:00,0.0
2030-02-06 14:00:00,0.0
2030-02-06 14:15:00,0.0
2030-02-06 14:30:00,0.0
2030-02-06 14:45:00,0.0
2030-02-06 15:00:00,0.0
2030-02-06 15:15:00,0.0
2030-02-06 15:30:00,0.0
2030-02-06 15:45:00,432.6730527862983
2030-02-06 16:00:00,1457.1900109353028
2030-02-06 16:15:00,2527.5781946082625
2030-02-06 16:30:00,3542.350051110072
2030-02-06 16:45:00,4402.349336180332
2030-02-06 17:00:00,4915.31663925005
2030-02-06 17:15:00,5238.886198609867
2030-02-06 17:30:00,5446.38367875971
2030-02-06 17:45:00,5393.478261208889
2030-02-06 18:00:00,5383.181631346681
2030-02-06 18:15:00,5455.780437270223
2030-02-06 18:30:00,5508.78585002185
2030-02-06 18:45:00,5514.974456613876
2030-02-06 19:00:00,5386.448831595488
2030-02-06 19:15:00,5221.305515516542
2030-02-06 19:30:00,5061.461261269691
2030-02-06 19:45:00,4752.729296961996
2030-02-06 20:00:00,4376.856964379851
2030-02-06 20:15:00,3976.646430163797
2030-02-06 20:30:00,3575.5049574455934
2030-02-06 20:45:00,3162.4380090167288
2030-02-06 21:00:00,2773.053615395729
2030-02-06 21:15:00,2546.966381044931
2030-02-06 21:30:00,2252.8962404511076
2030-02-06 21:45:00,2054.0937275334236
2030-02-06 22:00:00,1910.7701688442903
2030-02-06 22:15:00,1883.0355227581513
2030-02-06 22:30:00,1728.0042343029818
2030-02-06 22:45:00,1665.4108774672168
2030-02-06 23:00:00,1397.4758242415464
2030-02-06 23:15:00,1096.4888537321567
2030-02-06 23:30:00,933.1948865771374
2030-02-06 23:45:00,612.4665618533527
2030-02-07 00:00:00,72.81798323695875
2030-02-07 00:15:00,0.0
2030-02-07 00:30:00,0.0
2030-02-07 00:45:00,0.0
2030-02-07 01:00:00,0.0
2030-02-07 01:15:00,0.0
2030-02-07 01:30:00,0.0
2030-02-07 01:45:00,0.0
2030-02-07 02:00:00,0.0
2030-02-07 02:15:00,0.0
2030-02-07 02:30:00,0.0
2030-02-07 02:45:00,0.0
2030-02-07 03:00:00,0.0
2030-02-07 03:15:00,0.0
2030-02-07 03:30:00,62.81020289855405
2030-02-07 03:45:00,100.19295194281403
2030-02-07 04:00:00,296.3560649292849
2030-02-07 04:15:00,549.524322771922
2030-02-07 04:30:00,683.0230683422669
2030-02-07 04:45:00,998.301129455067
2030-02-07 05:00:00,1605.8859869808693
2030-02-07 05:15:00,1982.2025809024599
2030-02-07 05:30:00,2486.560158574599
2030-02-07 05:45:00,2894.897702098624
2030-02-07 06:00:00,3911.1953809000843
2030-02-07 06:15:00,4504.838884350756
2030-02-07 06:30:00,4955.518368227986
2030-02-07 06:45:00,5486.136619584111
2030-02-07 07:00:00,5906.319473022584
2030-02-07 07:15:00,6160.937295257754
2030-02-07 07:30:00,6058.425316041736
2030-02-07 07:45:00,6133.514042934727
2030-02-07 08:00:00,6097.846177410662
2030-02-07 08:15:00,5667.285560599848
2030-02-07 08:30:00,5088.374475185923
2030-02-07 08:45:00,4377.489989046662
2030-02-07 09:00:00,3375.5137359650744
2030-02-07 09:15:00,2349.593847986989
2030-02-07 09:30:00,1368.376134619939
2030-02-07 09:45:00,575.0852047406279
2030-02-07 10:00:00,0.0
2030-02-07 10:15:00,0.0
2030-02-07 10:30:00,0.0
2030-02-07 10:45:00,0.0
2030-02-07 11:00:00,0.0
2030-02-07 11:15:00,0.0
2030-02-07 11:30:00,0.0
2030-02-07 11:45:00,0.0
2030-02-07 12:00:00,0.0
2030-02-07 12:15:00,0.0
2030-02-07 12:30:00,0.0
2030-02-07 12:45:00,0.0
2030-02-07 13:00:00,0.0
2030-02-07 13:15:00,0.0
2030-02-07 13:30:00,0.0
2030-02-07 13:45:00,0.0
2030-02-07 14:00:00,0.0
2030-02-07 14:15:00,0.0
2030-02-07 14:30:00,0.0
2030-02-07 14:45:00,0.0
2030-02-07 15:00:00,0.0
2030-02-07 15:15:00,0.0
2030-02-07 15:30:00,0.0
2030-02-07 15:45:00,0.0
2030-02-07 16:00:00,345.43599467967033
2030-02-07 16:15:00,996.2108708087217
2030-02-07 16:30:00,1415.25015823186
2030-02-07 16:45:00,1813.7921618350974
2030-02-07 17:00:00,2250.359441248389
2030-02-07 17:15:00,2511.3346731112215
2030-02-07 17:30:00,2540.1527002502844
2030-02-07 17:45:00,2563.3455793409285
2030-02-07 18:00:00,2451.734100071615
2030-02-07 18:15:00,2200.0170178133776
2030-02-07 18:30:00,2218.0203478324274
2030-02-07 18:45:00,1901.1187329321183
2030-02-07 19:00:00,1610.2601386697825
2030-02-07 19:15:00,1273.6395463297886
2030-02-07 19:30:00,886.6630853878924
2030-02-07 19:45:00,393.40023178033334
2030-02-07 20:00:00,0.0
2030-02-07 20:15:00,0.0
2030-02-07 20:30:00,0.0
2030-02-07 20:45:00,0.0
2030-02-07 21:00:00,0.0
2030-02-07 21:15:00,0.0
2030-02-07 21:30:00,0.0
2030-02-07 21:45:00,0.0
2030-02-07 22:00:00,0.0
2030-02-07 22:15:00,0.0
2030-02-07 22:30:00,0.0
2030-02-07 22:45:00,0.0
2030-02-07 23:00:00,0.0
2030-02-07 23:15:00,0.0
2030-02-07 23:30:00,0.0
2030-02-07 23:45:00,0.0
2030-02-08 00:00:00,0.0
2030-02-08 00:15:00,0.0
2030-02-08 00:30:00,0.0
2030-02-08 00:45:00,0.0
2030-02-08 01:00:00,0.0
2030-02-08 01:15:00,0.0
2030-02-08 01:30:00,0.0
2030-02-08 01:45:00,0.0
2030-02-08 02:00:00,0.0
2030-02-08 02:15:00,0.0
2030-02-08 02:30:00,0.0
2030-02-08 02:45:00,0.0
2030-02-08 03:00:00,0.0
2030-02-08 03:15:00,0.0
2030-02-08 03:30:00,0.0
2030-02-08 03:45:00,0.0
2030-02-08 04:00:00,0.0
2030-02-08 04:15:00,0.0
2030-02-08 04:30:00,0.0
2030-02-08 04:45:00,0.0
2030-02-08 05:00:00,0.0
2030-02-08 05:15:00,0.0
2030-02-08 05:30:00,0.0
2030-02-08 05:45:00,0.0
2030-02-08 06:00:00,0.0
2030-02-08 06:15:00,0.0
2030-02-08 06:30:00,0.0
2030-02-08 06:45:00,0.0
2030-02-08 07:00:00,0.0
2030-02-08 07:15:00,0.0
2030-02-08 07:30:00,0.0
2030-02-08 07:45:00,0.0
2030-02-08 08:00:00,0.0
2030-02-08 08:15:00,0.0
2030-02-08 08:30:00,0.0
2030-02-08 08:45:00,0.0
2030-02-08 09:00:00,0.0
2030-02-08 09:15:00,0.0
2030-02-08 09:30:00,0.0
2030-02-08 09:45:00,0.0
2030-02-08 10:00:00,0.0
2030-02-08 10:15:00,0.0
2030-02-08 10:30:00,0.0
2030-02-08 10:45:00,0.0
2030-02-08 11:00:00,0.0
2030-02-08 11:15:00,0.0
2030-02-08 11:30:00,0.0
2030-02-08 11:45:00,0.0
2030-02-08 12:00:00,0.0
2030-02-08 12:15:00,0.0
2030-02-08 12:30:00,0.0
2030-02-08 12:45:00,0.0
2030-02-08 13:00:00,0.0
2030-02-08 13:15:00,0.0
2030-02-08 13:30:00,0.0
2030-02-08 13:45:00,0.0
2030-02-08 14:00:00,0.0
2030-02-08 14:15:00,0.0
2030-02-08 14:30:00,0.0
2030-02-08 14:45:00,0.0
2030-02-08 15:00:00,0.0
2030-02-08 15:15:00,0.0
2030-02-08 15:30:00,0.0
2030-02-08 15:45:00,0.0
2030-02-08 16:00:00,0.0
2030-02-08 16:15:00,0.0
2030-02-08 16:30:00,0.0
2030-02-08 16:45:00,463.326849113957
2030-02-08 17:00:00,1030.979630453654
2030-02-08 17:15:00,934.8416657393154
2030-02-08 17:30:00,978.378491784486
2030-02-08 17:45:00,813.0078931948228
2030-02-08 18:00:00,321.50514500828103
2030-02-08 18:15:00,0.0
2030-02-08 18:30:00,0.0
2030-02-08 18:45:00,0.0
2030-02-08 19:00:00,0.0
2030-02-08 19:15:00,0.0
2030-02-08 19:30:00,0.0
2030-02-08 19:45:00,0.0
2030-02-08 20:00:00,0.0
2030-02-08 20:15:00,0.0
2030-02-08 20:30:00,0.0
2030-02-08 20:45:00,0.0
2030-02-08 21:00:00,0.0
2030-02-08 21:15:00,0.0
2030-02-08 21:30:00,0.0
2030-02-08 21:45:00,0.0
2030-02-08 22:00:00,0.0
2030-02-08 22:15:00,0.0
2030-02-08 22:30:00,0.0
2030-02-08 22:45:00,0.0
2030-02-08 23:00:00,0.0
2030-02-08 23:15:00,0.0
2030-02-08 23:30:00,0.0
2030-02-08 23:45:00,0.0
2030-02-09 00:00:00,0.0
2030-02-09 00:15:00,0.0
2030-02-09 00:30:00,0.0
2030-02-09 00:45:00,0.0
2030-02-09 01:00:00,0.0
2030-02-09 01:15:00,0.0
2030-02-09 01:30:00,0.0
2030-02-09 01:45:00,0.0
2030-02-09 02:00:00,0.0
2030-02-09 02:15:00,0.0
2030-02-09 02:30:00,0.0
2030-02-09 02:45:00,0.0
2030-02-09 03:00:00,0.0
2030-02-09 03:15:00,0.0
2030-02-09 03:30:00,0.0
2030-02-09 03:45:00,0.0
2030-02-09 04:00:00,0.0
2030-02-09 04:15:00,0.0
2030-02-09 04:30:00,0.0
2030-02-09 04:45:00,0.0
2030-02-09 05:00:00,0.0
2030-02-09 05:15:00,0.0
2030-02-09 05:30:00,0.0
2030-02-09 05:45:00,0.0
2030-02-09 06:00:00,0.0
2030-02-09 06:15:00,0.0
2030-02-09 06:30:00,0.0
2030-02-09 06:45:00,0.0
2030-02-09 07:00:00,0.0
2030-02-09 07:15:00,0.0
2030-02-09 07:30:00,0.0
2030-02-09 07:45:00,0.0
2030-02-09 08:00:00,0.0
2030-02-09 08:15:00,0.0
2030-02-09 08:30:00,0.0
2030-02-09 08:45:00,0.0
2030-02-09 09:00:00,0.0
2030-02-09 09:15:00,0.0
2030-02-09 09:30:00,0.0
2030-02-09 09:45:00,0.0
2030-02-09 10:00:00,0.0
2030-02-09 10:15:00,0.0
2030-02-09 10:30:00,0.0
2030-02-09 10:45:00,0.0
2030-02-09 11:00:00,0.0
2030-02-09 11:15:00,0.0
2030-02-09 11:30:00,0.0
2030-02-09 11:45:00,0.0
2030-02-09 12:00:00,0.0
2030-02-09 12:15:00,0.0
2030-02-09 12:30:00,0.0
2030-02-09 12:45:00,0.0
2030-02-09 13:00:00,0.0
2030-02-09 13:15:00,0.0
2030-02-09 13:30:00,0.0
2030-02-09 13:45:00,0.0
2030-02-09 14:00:00,0.0
2030-02-09 14:15:00,0.0
2030-02-09 14:30:00,0.0
2030-02-09 14:45:00,0.0
2030-02-09 15:00:00,0.0
2030-02-09 15:15:00,0.0
2030-02-09 15:30:00,0.0
2030-02-09 15:45:00,0.0
2030-02-09 16:00:00,72.64017963615697
2030-02-09 16:15:00,633.0891920725226
2030-02-09 16:30:00,801.3136186264219
2030-02-09 16:45:00,789.9942270866813
2030-02-09 17:00:00,246.30781179797123
2030-02-09 17:15:00,0.0
2030-02-09 17:30:00,0.0
2030-02-09 17:45:00,0.0
2030-02-09 18:00:00,0.0
2030-02-09 18:15:00,0.0
2030-02-09 18:30:00,0.0
2030-02-09 18:45:00,0.0
2030-02-09 19:00:00,0.0
2030-02-09 19:15:00,0.0
2030-02-09 19:30:00,0.0
2030-02-09 19:45:00,0.0
2030-02-09 20:00:00,0.0
2030-02-09 20:15:00,0.0
2030-02-09 20:30:00,0.0
2030-02-09 20:45:00,0.0
2030-02-09 21:00:00,0.0
2030-02-09 21:15:00,0.0
2030-02-09 21:30:00,0.0
2030-02-09 21:45:00,0.0
2030-02-09 22:00:00,0.0
2030-02-09 22:15:00,0.0
2030-02-09 22:30:00,0.0
2030-02-09 22:45:00,0.0
2030-02-09 23:00:00,0.0
2030-02-09 23:15:00,0.0
2030-02-09 23:30:00,0.0
2030-02-09 23:45:00,0.0
2030-02-10 00:00:00,0.0
2030-02-10 00:15:00,0.0
2030-02-10 00:30:00,0.0
2030-02-10 00:45:00,0.0
2030-02-10 01:00:00,0.0
2030-02-10 01:15:00,0.0
2030-02-10 01:30:00,0.0
2030-02-10 01:45:00,0.0
2030-02-10 02:00:00,0.0
2030-02-10 02:15:00,0.0
2030-02-10 02:30:00,0.0
2030-02-10 02:45:00,0.0
2030-02-10 03:00:00,0.0
2030-02-10 03:15:00,0.0
2030-02-10 03:30:00,0.0
2030-02-10 03:45:00,0.0
2030-02-10 04:00:00,0.0
2030-02-10 04:15:00,0.0
2030-02-10 04:30:00,0.0
2030-02-10 04:45:00,0.0
2030-02-10 05:00:00,0.0
2030-02-10 05:15:00,0.0
2030-02-10 05:30:00,0.0
2030-02-10 05:45:00,0.0
2030-02-10 06:00:00,0.0
2030-02-10 06:15:00,0.0
2030-02-10 06:30:00,0.0
2030-02-10 06:45:00,0.0
2030-02-10 07:00:00,0.0
2030-02-10 07:15:00,0.0
2030-02-10 07:30:00,0.0
2030-02-10 07:45:00,0.0
2030-02-10 08:00:00,0.0
2030-02-10 08:15:00,0.0
2030-02-10 08:30:00,0.0
2030-02-10 08:45:00,0.0
2030-02-10 09:00:00,0.0
2030-02-10 09:15:00,0.0
2030-02-10 09:30:00,0.0
2030-02-10 09:45:00,0.0
2030-02-10 10:00:00,0.0
2030-02-10 10:15:00,0.0
2030-02-10 10:30:00,0.0
2030-02-10 10:45:00,0.0
2030-02-10 11:00:00,0.0
2030-02-10 11:15:00,0.0
2030-02-10 11:30:00,0.0
2030-02-10 11:45:00,0.0
2030-02-10 12:00:00,0.0
2030-02-10 12:15:00,0.0
2030-02-10 12:30:00,0.0
2030-02-10 12:45:00,0.0
2030-02-10 13:00:00,0.0
2030-02-10 13:15:00,0.0
2030-02-10 13:30:00,0.0
2030-02-10 13:45:00,0.0
2030-02-10 14:00:00,0.0
2030-02-10 14:15:00,0.0
2030-02-10 14:30:00,0.0
2030-02-10 14:45:00,0.0
2030-02-10 15:00:00,0.0
2030-02-10 15:15:00,0.0
2030-02-10 15:30:00,0.0
2030-02-10 15:45:00,0.0
2030-02-10 16:00:00,0.0
2030-02-10 16:15:00,0.0
2030-02-10 16:30:00,0.0
2030-02-10 16:45:00,0.0
2030-02-10 17:00:00,0.0
2030-02-10 17:15:00,0.0
2030-02-10 17:30:00,0.0
2030-02-10 17:45:00,0.0
2030-02-10 18:00:00,0.0
2030-02-10 18:15:00,0.0
2030-02-10 18:30:00,0.0
2030-02-10 18:45:00,0.0
2030-02-10 19:00:00,0.0
2030-02-10 19:15:00,0.0
2030-02-10 19:30:00,0.0
2030-02-10 19:45:00,0.0
2030-02-10 20:00:00,0.0
2030-02-10 20:15:00,0.0
2030-02-10 20:30:00,0.0
2030-02-10 20:45:00,0.0
2030-02-10 21:00:00,0.0
2030-02-10 21:15:00,0.0
2030-02-10 21:30:00,0.0
2030-02-10 21:45:00,0.0
2030-02-10 22:00:00,0.0
2030-02-10 22:15:00,0.0
2030-02-10 22:30:00,0.0
2030-02-10 22:45:00,0.0
2030-02-10 23:00:00,0.0
2030-02-10 23:15:00,0.0
2030-02-10 23:30:00,0.0
2030-02-10 23:45:00,0.0
2030-02-11 00:00:00,0.0
2030-02-11 00:15:00,0.0
2030-02-11 00:30:00,0.0
2030-02-11 00:45:00,0.0
2030-02-11 01:00:00,0.0
2030-02-11 01:15:00,0.0
2030-02-11 01:30:00,0.0
2030-02-11 01:45:00,0.0
2030-02-11 02:00:00,0.0
2030-02-11 02:15:00,0.0
2030-02-11 02:30:00,0.0
2030-02-11 02:45:00,0.0
2030-02-11 03:00:00,0.0
2030-02-11 03:15:00,0.0
2030-02-11 03:30:00,0.0
2030-02-11 03:45:00,0.0
2030-02-11 04:00:00,0.0
2030-02-11 04:15:00,0.0
2030-02-11 04:30:00,0.0
2030-02-11 04:45:00,0.0
2030-02-11 05:00:00,0.0
2030-02-11 05:15:00,0.0
2030-02-11 05:30:00,0.0
2030-02-11 05:45:00,0.0
2030-02-11 06:00:00,0.0
2030-02-11 06:15:00,0.0
2030-02-11 06:30:00,0.0
2030-02-11 06:45:00,0.0
2030-02-11 07:00:00,0.0
2030-02-11 07:15:00,0.0
2030-02-11 07:30:00,0.0
2030-02-11 07:45:00,0.0
2030-02-11 08:00:00,0.0
2030-02-11 08:15:00,0.0
2030-02-11 08:30:00,0.0
2030-02-11 08:45:00,0.0
2030-02-11 09:00:00,0.0
2030-02-11 09:15:00,0.0
2030-02-11 09:30:00,0.0
2030-02-11 09:45:00,0.0
2030-02-11 10:00:00,0.0
2030-02-11 10:15:00,0.0
2030-02-11 10:30:00,0.0
2030-02-11 10:45:00,0.0
2030-02-11 11:00:00,0.0
2030-02-11 11:15:00,0.0
2030-02-11 11:30:00,0.0
2030-02-11 11:45:00,0.0
2030-02-11 12:00:00,0.0
2030-02-11 12:15:00,0.0
2030-02-11 12:30:00,0.0
2030-02-11 12:45:00,0.0
2030-02-11 13:00:00,0.0
2030-02-11 13:15:00,0.0
2030-02-11 13:30:00,0.0
2030-02-11 13:45:00,0.0
2030-02-11 14:00:00,0.0
2030-02-11 14:15:00,0.0
2030-02-11 14:30:00,0.0
2030-02-11 14:45:00,0.0
2030-02-11 15:00:00,0.0
2030-02-11 15:15:00,0.0
2030-02-11 15:30:00,0.0
2030-02-11 15:45:00,0.0
2030-02-11 16:00:00,0.0
2030-02-11 16:15:00,0.0
2030-02-11 16:30:00,0.0
2030-02-11 16:45:00,0.0
2030-02-11 17:00:00,0.0
2030-02-11 17:15:00,0.0
2030-02-11 17:30:00,0.0
2030-02-11 17:45:00,0.0
2030-02-11 18:00:00,0.0
2030-02-11 18:15:00,0.0
2030-02-11 18:30:00,0.0
2030-02-11 18:45:00,0.0
2030-02-11 19:00:00,0.0
2030-02-11 19:15:00,0.0
2030-02-11 19:30:00,0.0
2030-02-11 19:45:00,0.0
2030-02-11 20:00:00,0.0
2030-02-11 20:15:00,0.0
2030-02-11 20:30:00,0.0
2030-02-11 20:45:00,0.0
2030-02-11 21:00:00,0.0
2030-02-11 21:15:00,0.0
2030-02-11 21:30:00,0.0
2030-02-11 21:45:00,0.0
2030-02-11 22:00:00,0.0
2030-02-11 22:15:00,0.0
2030-02-11 22:30:00,0.0
2030-02-11 22:45:00,0.0
2030-02-11 23:00:00,0.0
2030-02-11 23:15:00,0.0
2030-02-11 23:30:00,0.0
2030-02-11 23:45:00,0.0
2030-02-12 00:00:00,0.0
2030-02-12 00:15:00,0.0
2030-02-12 00:30:00,0.0
2030-02-12 00:45:00,0.0
2030-02-12 01:00:00,0.0
2030-02-12 01:15:00,0.0
2030-02-12 01:30:00,0.0
2030-02-12 01:45:00,0.0
2030-02-12 02:00:00,0.0
2030-02-12 02:15:00,0.0
2030-02-12 02:30:00,0.0
2030-02-12 02:45:00,0.0
2030-02-12 03:00:00,0.0
2030-02-12 03:15:00,0.0
2030-02-12 03:30:00,0.0
2030-02-12 03:45:00,0.0
2030-02-12 04:00:00,0.0
2030-02-12 04:15:00,0.0
2030-02-12 04:30:00,0.0
2030-02-12 04:45:00,0.0
2030-02-12 05:00:00,0.0
2030-02-12 05:15:00,0.0
2030-02-12 05:30:00,0.0
2030-02-12 05:45:00,0.0
2030-02-12 06:00:00,0.0
2030-02-12 06:15:00,0.0
2030-02-12 06:30:00,0.0
2030-02-12 06:45:00,0.0
2030-02-12 07:00:00,0.0
2030-02-12 07:15:00,0.0
2030-02-12 07:30:00,0.0
2030-02-12 07:45:00,0.0
2030-02-12 08:00:00,0.0
2030-02-12 08:15:00,0.0
2030-02-12 08:30:00,0.0
2030-02-12 08:45:00,0.0
2030-02-12 09:00:00,0.0
2030-02-12 09:15:00,0.0
2030-02-12 09:30:00,0.0
2030-02-12 09:45:00,0.0
2030-02-12 10:00:00,0.0
2030-02-12 10:15:00,0.0
2030-02-12 10:30:00,0.0
2030-02-12 10:45:00,0.0
2030-02-12 11:00:00,0.0
2030-02-12 11:15:00,0.0
2030-02-12 11:30:00,0.0
2030-02-12 11:45:00,0.0
2030-02-12 12:00:00,0.0
2030-02-12 12:15:00,0.0
2030-02-12 12:30:00,0.0
2030-02-12 12:45:00,0.0
2030-02-12 13:00:00,0.0
2030-02-12 13:15:00,0.0
2030-02-12 13:30:00,0.0
2030-02-12 13:45:00,0.0
2030-02-12 14:00:00,0.0
2030-02-12 14:15:00,0.0
2030-02-12 14:30:00,0.0
2030-02-12 14:45:00,0.0
2030-02-12 15:00:00,0.0
2030-02-12 15:15:00,0.0
2030-02-12 15:30:00,0.0
2030-02-12 15:45:00,0.0
2030-02-12 16:00:00,0.0
2030-02-12 16:15:00,0.0
2030-02-12 16:30:00,0.0
2030-02-12 16:45:00,0.0
2030-02-12 17:00:00,0.0
2030-02-12 17:15:00,0.0
2030-02-12 17:30:00,0.0
2030-02-12 17:45:00,0.0
2030-02-12 18:00:00,0.0
2030-02-12 18:15:00,0.0
2030-02-12 18:30:00,0.0
2030-02-12 18:45:00,0.0
2030-02-12 19:00:00,0.0
2030-02-12 19:15:00,0.0
2030-02-12 19:30:00,0.0
2030-02-12 19:45:00,1459.6035646985038
2030-02-12 20:00:00,0.0
2030-02-12 20:15:00,0.0
2030-02-12 20:30:00,0.0
2030-02-12 20:45:00,0.0
2030-02-12 21:00:00,0.0
2030-02-12 21:15:00,0.0
2030-02-12 21:30:00,0.0
2030-02-12 21:45:00,0.0
2030-02-12 22:00:00,0.0
2030-02-12 22:15:00,0.0
2030-02-12 22:30:00,0.0
2030-02-12 22:45:00,0.0
2030-02-12 23:00:00,0.0
2030-02-12 23:15:00,0.0
2030-02-12 23:30:00,0.0
2030-02-12 23:45:00,0.0
2030-02-13 00:00:00,0.0
2030-02-13 00:15:00,0.0
2030-02-13 00:30:00,0.0
2030-02-13 00:45:00,0.0
2030-02-13 01:00:00,0.0
2030-02-13 01:15:00,0.0
2030-02-13 01:30:00,0.0
2030-02-13 01:45:00,0.0
2030-02-13 02:00:00,0.0
2030-02-13 02:15:00,0.0
2030-02-13 02:30:00,0.0
2030-02-13 02:45:00,0.0
2030-02-13 03:00:00,0.0
2030-02-13 03:15:00,0.0
2030-02-13 03:30:00,0.0
2030-02-13 03:45:00,0.0
2030-02-13 04:00:00,0.0
2030-02-13 04:15:00,0.0
2030-02-13 04:30:00,0.0
2030-02-13 04:45:00,0.0
2030-02-13 05:00:00,0.0
2030-02-13 05:15:00,0.0
2030-02-13 05:30:00,0.0
2030-02-13 05:45:00,0.0
2030-02-13 06:00:00,0.0
2030-02-13 06:15:00,119.69425587596925
2030-02-13 06:30:00,780.217726583187
2030-02-13 06:45:00,1136.1663691761278
2030-02-13 07:00:00,1506.7569127630613
2030-02-13 07:15:00,1765.94061409988
2030-02-13 07:30:00,1824.5852954152797
2030-02-13 07:45:00,1877.5397371216823
2030-02-13 08:00:00,1997.924801559937
2030-02-13 08:15:00,1477.1657224787232
2030-02-13 08:30:00,160.82637616692227
2030-02-13 08:45:00,0.0
2030-02-13 09:00:00,0.0
2030-02-13 09:15:00,0.0
2030-02-13 09:30:00,0.0
2030-02-13 09:45:00,0.0
2030-02-13 10:00:00,0.0
2030-02-13 10:15:00,0.0
2030-02-13 10:30:00,0.0
2030-02-13 10:45:00,0.0
2030-02-13 11:00:00,0.0
2030-02-13 11:15:00,0.0
2030-02-13 11:30:00,0.0
2030-02-13 11:45:00,0.0
2030-02-13 12:00:00,0.0
2030-02-13 12:15:00,0.0
2030-02-13 12:30:00,0.0
2030-02-13 12:45:00,0.0
2030-02-13 13:00:00,0.0
2030-02-13 13:15:00,0.0
2030-02-13 13:30:00,0.0
2030-02-13 13:45:00,0.0
2030-02-13 14:00:00,0.0
2030-02-13 14:15:00,0.0
2030-02-13 14:30:00,0.0
2030-02-13 14:45:00,0.0
2030-02-13 15:00:00,0.0
2030-02-13 15:15:00,0.0
2030-02-13 15:30:00,0.0
2030-02-13 15:45:00,0.0
2030-02-13 16:00:00,0.0
2030-02-13 16:15:00,0.0
2030-02-13 16:30:00,0.0
2030-02-13 16:45:00,0.0
2030-02-13 17:00:00,0.0
2030-02-13 17:15:00,0.0
2030-02-13 17:30:00,0.0
2030-02-13 17:45:00,0.0
2030-02-13 18:00:00,14874.609391223685
2030-02-13 18:15:00,3789.340103031929
2030-02-13 18:30:00,4051.6649173157657
2030-02-13 18:45:00,4225.537532244476
2030-02-13 19:00:00,4407.833828727835
2030-02-13 19:15:00,4370.924809985021
2030-02-13 19:30:00,4223.964247604075
2030-02-13 19:45:00,4131.355924170499
2030-02-13 20:00:00,3865.443401227274
2030-02-13 20:15:00,3906.228026640081
2030-02-13 20:30:00,3794.7225092175395
2030-02-13 20:45:00,3629.028897790231
2030-02-13 21:00:00,3471.076079845254
2030-02-13 21:15:00,3436.8631045409275
2030-02-13 21:30:00,3269.378612329565
2030-02-13 21:45:00,3199.3725825857036
2030-02-13 22:00:00,3332.4550627697154
2030-02-13 22:15:00,3326.455656541135
2030-02-13 22:30:00,3129.0223168300654
2030-02-13 22:45:00,2806.452803834489
2030-02-13 23:00:00,2680.059388980997
2030-02-13 23:15:00,2516.7625202139698
2030-02-13 23:30:00,2168.5828724265066
2030-02-13 23:45:00,1999.931035301961
2030-02-14 00:00:00,1562.7935039930853
2030-02-14 00:15:00,1432.670622690308
2030-02-14 00:30:00,1195.8988857754393
2030-02-14 00:45:00,898.1006587090051
2030-02-14 01:00:00,672.5108086340333
2030-02-14 01:15:00,470.49445663491133
2030-02-14 01:30:00,460.9805826344473
2030-02-14 01:45:00,258.0747527491476
2030-02-14 02:00:00,74.87293989217505
2030-02-14 02:15:00,55.63200221554689
2030-02-14 02:30:00,17.615212533593876
2030-02-14 02:45:00,0.0
2030-02-14 03:00:00,62.862038548228156
2030-02-14 03:15:00,34.65873811498386
2030-02-14 03:30:00,0.0
2030-02-14 03:45:00,0.0
2030-02-14 04:00:00,0.0
2030-02-14 04:15:00,17.905349407385074
2030-02-14 04:30:00,160.77939934950336
2030-02-14 04:45:00,224.09822562256886
2030-02-14 05:00:00,275.65760408853384
2030-02-14 05:15:00,409.2898507243044
2030-02-14 05:30:00,847.5177254694245
2030-02-14 05:45:00,1442.1106719375712
2030-02-14 06:00:00,2391.05098625802
2030-02-14 06:15:00,3013.4476347238524
2030-02-14 06:30:00,3611.88937359591
2030-02-14 06:45:00,4215.184495474283
2030-02-14 07:00:00,4938.585825789887
2030-02-14 07:15:00,5376.209408716197
2030-02-14 07:30:00,5685.1816724861455
2030-02-14 07:45:00,5787.107434239271
2030-02-14 08:00:00,5511.989962283853
2030-02-14 08:15:00,4766.819504273619
2030-02-14 08:30:00,3722.1840446359056
2030-02-14 08:45:00,2304.96998098569
2030-02-14 09:00:00,335.2847819647941
2030-02-14 09:15:00,0.0
2030-02-14 09:30:00,0.0
2030-02-14 09:45:00,0.0
2030-02-14 10:00:00,0.0
2030-02-14 10:15:00,0.0
2030-02-14 10:30:00,0.0
2030-02-14 10:45:00,0.0
2030-02-14 11:00:00,0.0
2030-02-14 11:15:00,0.0
2030-02-14 11:30:00,0.0
2030-02-14 11:45:00,0.0
2030-02-14 12:00:00,0.0
2030-02-14 12:15:00,0.0
2030-02-14 12:30:00,0.0
2030-02-14 12:45:00,0.0
2030-02-14 13:00:00,0.0
2030-02-14 13:15:00,0.0
2030-02-14 13:30:00,0.0
2030-02-14 13:45:00,0.0
2030-02-14 14:00:00,0.0
2030-02-14 14:15:00,0.0
2030-02-14 14:30:00,0.0
2030-02-14 14:45:00,0.0
2030-02-14 15:00:00,0.0
2030-02-14 15:15:00,0.0
2030-02-14 15:30:00,3096.376411911766
2030-02-14 15:45:00,0.0
2030-02-14 16:00:00,0.0
2030-02-14 16:15:00,0.0
2030-02-14 16:30:00,0.0
2030-02-14 16:45:00,290.0514415292382
2030-02-14 17:00:00,1434.2063181239391
2030-02-14 17:15:00,1800.9027362988763
2030-02-14 17:30:00,1811.4458738672656
2030-02-14 17:45:00,1817.5042156041673
2030-02-14 18:00:00,1644.4345175091676
2030-02-14 18:15:00,1336.696283204241
2030-02-14 18:30:00,995.6736686496242
2030-02-14 18:45:00,764.7828778707099
2030-02-14 19:00:00,391.82371787201555
2030-02-14 19:15:00,0.0
2030-02-14 19:30:00,0.0
2030-02-14 19:45:00,0.0
2030-02-14 20:00:00,0.0
2030-02-14 20:15:00,0.0
2030-02-14 20:30:00,0.0
2030-02-14 20:45:00,0.0
2030-02-14 21:00:00,0.0
2030-02-14 21:15:00,0.0
2030-02-14 21:30:00,0.0
2030-02-14 21:45:00,0.0
2030-02-14 22:00:00,0.0
2030-02-14 22:15:00,0.0
2030-02-14 22:30:00,0.0
2030-02-14 22:45:00,0.0
2030-02-14 23:00:00,0.0
2030-02-14 23:15:00,0.0
2030-02-14 23:30:00,0.0
2030-02-14 23:45:00,0.0
2030-02-15 00:00:00,0.0
2030-02-15 00:15:00,0.0
2030-02-15 00:30:00,0.0
2030-02-15 00:45:00,0.0
2030-02-15 01:00:00,0.0
2030-02-15 01:15:00,0.0
2030-02-15 01:30:00,0.0
2030-02-15 01:45:00,0.0
2030-02-15 02:00:00,0.0
2030-02-15 02:15:00,0.0
2030-02-15 02:30:00,0.0
2030-02-15 02:45:00,0.0
2030-02-15 03:00:00,0.0
2030-02-15 03:15:00,0.0
2030-02-15 03:30:00,0.0
2030-02-15 03:45:00,0.0
2030-02-15 04:00:00,0.0
2030-02-15 04:15:00,0.0
2030-02-15 04:30:00,0.0
2030-02-15 04:45:00,0.0
2030-02-15 05:00:00,0.0
2030-02-15 05:15:00,0.0
2030-02-15 05:30:00,0.0
2030-02-15 05:45:00,0.0
2030-02-15 06:00:00,0.0
2030-02-15 06:15:00,0.0
2030-02-15 06:30:00,0.0
2030-02-15 06:45:00,0.0
2030-02-15 07:00:00,0.0
2030-02-15 07:15:00,0.0
2030-02-15 07:30:00,0.0
2030-02-15 07:45:00,0.0
2030-02-15 08:00:00,0.0
2030-02-15 08:15:00,0.0
2030-02-15 08:30:00,0.0
2030-02-15 08:45:00,0.0
2030-02-15 09:00:00,0.0
2030-02-15 09:15:00,0.0
2030-02-15 09:30:00,0.0
2030-02-15 09:45:00,0.0
2030-02-15 10:00:00,0.0
2030-02-15 10:15:00,0.0
2030-02-15 10:30:00,0.0
2030-02-15 10:45:00,0.0
2030-02-15 11:00:00,0.0
2030-02-15 11:15:00,0.0
2030-02-15 11:30:00,0.0
2030-02-15 11:45:00,0.0
2030-02-15 12:00:00,0.0
2030-02-15 12:15:00,0.0
2030-02-15 12:30:00,0.0
2030-02-15 12:45:00,0.0
2030-02-15 13:00:00,0.0
2030-02-15 13:15:00,0.0
2030-02-15 13:30:00,0.0
2030-02-15 13:45:00,0.0
2030-02-15 14:00:00,0.0
2030-02-15 14:15:00,0.0
2030-02-15 14:30:00,0.0
2030-02-15 14:45:00,0.0
2030-02-15 15:00:00,0.0
2030-02-15 15:15:00,0.0
2030-02-15 15:30:00,0.0
2030-02-15 15:45:00,0.0
2030-02-15 16:00:00,0.0
2030-02-15 16:15:00,0.0
2030-02-15 16:30:00,0.0
2030-02-15 16:45:00,0.0
2030-02-15 17:00:00,0.0
2030-02-15 17:15:00,0.0
2030-02-15 17:30:00,0.0
2030-02-15 17:45:00,0.0
2030-02-15 18:00:00,0.0
2030-02-15 18:15:00,0.0
2030-02-15 18:30:00,0.0
2030-02-15 18:45:00,0.0
2030-02-15 19:00:00,0.0
2030-02-15 19:15:00,0.0
2030-02-15 19:30:00,0.0
2030-02-15 19:45:00,0.0
2030-02-15 20:00:00,0.0
2030-02-15 20:15:00,0.0
2030-02-15 20:30:00,0.0
2030-02-15 20:45:00,0.0
2030-02-15 21:00:00,0.0
2030-02-15 21:15:00,0.0
2030-02-15 21:30:00,0.0
2030-02-15 21:45:00,0.0
2030-02-15 22:00:00,0.0
2030-02-15 22:15:00,0.0
2030-02-15 22:30:00,0.0
2030-02-15 22:45:00,0.0
2030-02-15 23:00:00,0.0
2030-02-15 23:15:00,0.0
2030-02-15 23:30:00,0.0
2030-02-15 23:45:00,0.0
2030-02-16 00:00:00,0.0
2030-02-16 00:15:00,0.0
2030-02-16 00:30:00,0.0
2030-02-16 00:45:00,0.0
2030-02-16 01:00:00,0.0
2030-02-16 01:15:00,0.0
2030-02-16 01:30:00,0.0
2030-02-16 01:45:00,0.0
2030-02-16 02:00:00,0.0
2030-02-16 02:15:00,0.0
2030-02-16 02:30:00,0.0
2030-02-16 02:45:00,0.0
2030-02-16 03:00:00,0.0
2030-02-16 03:15:00,0.0
2030-02-16 03:30:00,0.0
2030-02-16 03:45:00,0.0
2030-02-16 04:00:00,0.0
2030-02-16 04:15:00,0.0
2030-02-16 04:30:00,0.0
2030-02-16 04:45:00,0.0
2030-02-16 05:00:00,0.0
2030-02-16 05:15:00,0.0
2030-02-16 05:30:00,0.0
2030-02-16 05:45:00,0.0
2030-02-16 06:00:00,0.0
2030-02-16 06:15:00,0.0
2030-02-16 06:30:00,0.0
2030-02-16 06:45:00,0.0
2030-02-16 07:00:00,0.0
2030-02-16 07:15:00,0.0
2030-02-16 07:30:00,0.0
2030-02-16 07:45:00,0.0
2030-02-16 08:00:00,0.0
2030-02-16 08:15:00,0.0
2030-02-16 08:30:00,0.0
2030-02-16 08:45:00,0.0
2030-02-16 09:00:00,0.0
2030-02-16 09:15:00,0.0
2030-02-16 09:30:00,0.0
2030-02-16 09:45:00,0.0
2030-02-16 10:00:00,0.0
2030-02-16 10:15:00,0.0
2030-02-16 10:30:00,0.0
2030-02-16 10:45:00,0.0
2030-02-16 11:00:00,0.0
2030-02-16 11:15:00,0.0
2030-02-16 11:30:00,0.0
2030-02-16 11:45:00,0.0
2030-02-16 12:00:00,0.0
2030-02-16 12:15:00,0.0
2030-02-16 12:30:00,0.0
2030-02-16 12:45:00,0.0
2030-02-16 13:00:00,0.0
2030-02-16 13:15:00,0.0
2030-02-16 13:30:00,0.0
2030-02-16 13:45:00,0.0
2030-02-16 14:00:00,0.0
2030-02-16 14:15:00,0.0
2030-02-16 14:30:00,0.0
2030-02-16 14:45:00,0.0
2030-02-16 15:00:00,0.0
2030-02-16 15:15:00,0.0
2030-02-16 15:30:00,0.0
2030-02-16 15:45:00,0.0
2030-02-16 16:00:00,0.0
2030-02-16 16:15:00,0.0
2030-02-16 16:30:00,0.0
2030-02-16 16:45:00,2923.9895863546208
2030-02-16 17:00:00,0.0
2030-02-16 17:15:00,0.0
2030-02-16 17:30:00,0.0
2030-02-16 17:45:00,0.0
2030-02-16 18:00:00,0.0
2030-02-16 18:15:00,0.0
2030-02-16 18:30:00,0.0
2030-02-16 18:45:00,0.0
2030-02-16 19:00:00,0.0
2030-02-16 19:15:00,0.0
2030-02-16 19:30:00,0.0
2030-02-16 19:45:00,0.0
2030-02-16 20:00:00,0.0
2030-02-16 20:15:00,0.0
2030-02-16 20:30:00,0.0
2030-02-16 20:45:00,0.0
2030-02-16 21:00:00,0.0
2030-02-16 21:15:00,0.0
2030-02-16 21:30:00,0.0
2030-02-16 21:45:00,0.0
2030-02-16 22:00:00,0.0
2030-02-16 22:15:00,0.0
2030-02-16 22:30:00,0.0
2030-02-16 22:45:00,0.0
2030-02-16 23:00:00,0.0
2030-02-16 23:15:00,0.0
2030-02-16 23:30:00,0.0
2030-02-16 23:45:00,0.0
2030-02-17 00:00:00,0.0
2030-02-17 00:15:00,0.0
2030-02-17 00:30:00,0.0
2030-02-17 00:45:00,0.0
2030-02-17 01:00:00,0.0
2030-02-17 01:15:00,0.0
2030-02-17 01:30:00,0.0
2030-02-17 01:45:00,0.0
2030-02-17 02:00:00,0.0
2030-02-17 02:15:00,0.0
2030-02-17 02:30:00,0.0
2030-02-17 02:45:00,0.0
2030-02-17 03:00:00,0.0
2030-02-17 03:15:00,0.0
2030-02-17 03:30:00,0.0
2030-02-17 03:45:00,0.0
2030-02-17 04:00:00,0.0
2030-02-17 04:15:00,0.0
2030-02-17 04:30:00,0.0
2030-02-17 04:45:00,0.0
2030-02-17 05:00:00,0.0
2030-02-17 05:15:00,0.0
2030-02-17 05:30:00,0.0
2030-02-17 05:45:00,0.0
2030-02-17 06:00:00,0.0
2030-02-17 06:15:00,0.0
2030-02-17 06:30:00,0.0
2030-02-17 06:45:00,0.0
2030-02-17 07:00:00,0.0
2030-02-17 07:15:00,0.0
2030-02-17 07:30:00,0.0
2030-02-17 07:45:00,0.0
2030-02-17 08:00:00,0.0
2030-02-17 08:15:00,0.0
2030-02-17 08:30:00,0.0
2030-02-17 08:45:00,0.0
2030-02-17 09:00:00,0.0
2030-02-17 09:15:00,0.0
2030-02-17 09:30:00,0.0
2030-02-17 09:45:00,0.0
2030-02-17 10:00:00,0.0
2030-02-17 10:15:00,0.0
2030-02-17 10:30:00,0.0
2030-02-17 10:45:00,0.0
2030-02-17 11:00:00,0.0
2030-02-17 11:15:00,0.0
2030-02-17 11:30:00,0.0
2030-02-17 11:45:00,0.0
2030-02-17 12:00:00,0.0
2030-02-17 12:15:00,0.0
2030-02-17 12:30:00,0.0
2030-02-17 12:45:00,0.0
2030-02-17 13:00:00,0.0
2030-02-17 13:15:00,-6707.765914283616
2030-02-17 13:30:00,-14177.292701192258
2030-02-17 13:45:00,-13537.181282595571
2030-02-17 14:00:00,-13414.783413269444
2030-02-17 14:15:00,-13160.500207654495
2030-02-17 14:30:00,-13074.25285984599
2030-02-17 14:45:00,-12857.561842927662
2030-02-17 15:00:00,-12567.279063950984
2030-02-17 15:15:00,-12386.391030297495
2030-02-17 15:30:00,-12081.677380949368
2030-02-17 15:45:00,-11741.981674189316
2030-02-17 16:00:00,-11163.18232647459
2030-02-17 16:15:00,-10308.40026957916
2030-02-17 16:30:00,-9872.652272617583
2030-02-17 16:45:00,-10107.759959266226
2030-02-17 17:00:00,-9990.429087635224
2030-02-17 17:15:00,-9617.013711932414
2030-02-17 17:30:00,-9082.003909156363
2030-02-17 17:45:00,-8688.319861276133
2030-02-17 18:00:00,-8299.924148808866
2030-02-17 18:15:00,-8316.6459263861
2030-02-17 18:30:00,-8294.940148454523
2030-02-17 18:45:00,-8310.833246457154
2030-02-17 19:00:00,-8417.219442031706
2030-02-17 19:15:00,-8547.596258737416
2030-02-17 19:30:00,-8741.770722322806
2030-02-17 19:45:00,-9001.489161480698
2030-02-17 20:00:00,-9306.693848528266
2030-02-17 20:15:00,-9569.74872882678
2030-02-17 20:30:00,-9699.48350674854
2030-02-17 20:45:00,-9751.82923972794
2030-02-17 21:00:00,-10047.141034854198
2030-02-17 21:15:00,-10128.5309136906
2030-02-17 21:30:00,-10270.54497133203
2030-02-17 21:45:00,-9987.557705590436
2030-02-17 22:00:00,-9796.633869936137
2030-02-17 22:15:00,-10061.570889651157
2030-02-17 22:30:00,-10115.738907792274
2030-02-17 22:45:00,-10167.091388402703
2030-02-17 23:00:00,-10322.905780804387
2030-02-17 23:15:00,-10164.571493992862
2030-02-17 23:30:00,-9994.073089499143
2030-02-17 23:45:00,-9970.04528289504
2030-02-18 00:00:00,-10511.158986989045
2030-02-18 00:15:00,-10773.281036730918
2030-02-18 00:30:00,-10749.791420177058
2030-02-18 00:45:00,-10677.611567205186
2030-02-18 01:00:00,-10512.646427542715
2030-02-18 01:15:00,-10461.664214526418
2030-02-18 01:30:00,-10525.373320758541
2030-02-18 01:45:00,-10313.588347604142
2030-02-18 02:00:00,-10185.71521568928
2030-02-18 02:15:00,-10146.036928025997
2030-02-18 02:30:00,-10178.015669076323
2030-02-18 02:45:00,-10231.26995855997
2030-02-18 03:00:00,-10208.094236616149
2030-02-18 03:15:00,-10301.350259462637
2030-02-18 03:30:00,-10244.583074401387
2030-02-18 03:45:00,-10030.047156859893
2030-02-18 04:00:00,-9742.517842966272
2030-02-18 04:15:00,-9895.488430801504
2030-02-18 04:30:00,-9609.95833781386
2030-02-18 04:45:00,-9477.572632209021
2030-02-18 05:00:00,-8929.0062061559
2030-02-18 05:15:00,-8196.82112644096
2030-02-18 05:30:00,-7697.141040425402
2030-02-18 05:45:00,-7561.309178373338
2030-02-18 06:00:00,-7500.7807437962965
2030-02-18 06:15:00,-7213.424382309395
2030-02-18 06:30:00,-6911.573696517213
2030-02-18 06:45:00,-6618.860081408742
2030-02-18 07:00:00,-6347.48783769166
2030-02-18 07:15:00,-6267.382879753091
2030-02-18 07:30:00,-6098.366520408254
2030-02-18 07:45:00,-6025.702438133492
2030-02-18 08:00:00,-5938.573021232347
2030-02-18 08:15:00,-6118.967093209714
2030-02-18 08:30:00,-6632.766273897243
2030-02-18 08:45:00,-6994.206070141783
2030-02-18 09:00:00,-7636.710315657561
2030-02-18 09:15:00,-8431.619076266867
2030-02-18 09:30:00,-9312.80569331011
2030-02-18 09:45:00,-10311.246993828681
2030-02-18 10:00:00,-11300.14836882726
2030-02-18 10:15:00,-12189.773503093089
2030-02-18 10:30:00,-12516.461233931259
2030-02-18 10:45:00,-12703.215500554026
2030-02-18 11:00:00,-13386.554576227609
2030-02-18 11:15:00,-14062.285810197041
2030-02-18 11:30:00,-14589.151836178575
2030-02-18 11:45:00,-15433.44710748542
2030-02-18 12:00:00,-15879.480352422925
2030-02-18 12:15:00,-16398.166330421955
2030-02-18 12:30:00,-16663.763800074797
2030-02-18 12:45:00,-16742.778026335425
2030-02-18 13:00:00,-16761.672841850763
2030-02-18 13:15:00,-16500.52397705017
2030-02-18 13:30:00,-16438.24277866294
2030-02-18 13:45:00,-16153.591997121013
2030-02-18 14:00:00,-15989.555220714352
2030-02-18 14:15:00,-15639.679595717473
2030-02-18 14:30:00,-14822.671637028776
2030-02-18 14:45:00,-14023.649571765862
2030-02-18 15:00:00,-13276.107685511794
2030-02-18 15:15:00,-12300.254219848688
2030-02-18 15:30:00,-11409.206779850618
2030-02-18 15:45:00,-10411.620947380306
2030-02-18 16:00:00,-9400.241847311525
2030-02-18 16:15:00,-9447.147448323281
2030-02-18 16:30:00,-8398.108158449999
2030-02-18 16:45:00,-7979.342627533679
2030-02-18 17:00:00,-6792.830238101564
2030-02-18 17:15:00,-6086.8490725049305
2030-02-18 17:30:00,-5525.174241615499
2030-02-18 17:45:00,-5074.079639319891
2030-02-18 18:00:00,-4409.513543612644
2030-02-18 18:15:00,-3957.1056639957715
2030-02-18 18:30:00,-4014.2319038648566
2030-02-18 18:45:00,-4022.118834793051
2030-02-18 19:00:00,-4034.8412989016942
2030-02-18 19:15:00,-3918.765513178805
2030-02-18 19:30:00,-3776.8129562996364
2030-02-18 19:45:00,-3779.2262964033216
2030-02-18 20:00:00,-3794.7902894758445
2030-02-18 20:15:00,-3945.611346937858
2030-02-18 20:30:00,-3902.038397883305
2030-02-18 20:45:00,-3833.969426849839
2030-02-18 21:00:00,-3645.3034470048733
2030-02-18 21:15:00,-3604.047903925435
2030-02-18 21:30:00,-3389.845700021204
2030-02-18 21:45:00,-3164.6195237965767
2030-02-18 22:00:00,-2719.4299869087336
2030-02-18 22:15:00,-2614.2903579321464
2030-02-18 22:30:00,-2646.217889203701
2030-02-18 22:45:00,-2543.877188946124
2030-02-18 23:00:00,-2316.869682411154
2030-02-18 23:15:00,-2294.8998356037737
2030-02-18 23:30:00,-1821.7351852313022
2030-02-18 23:45:00,-1924.836063898174
2030-02-19 00:00:00,-2124.0815681446184
2030-02-19 00:15:00,-2392.144793387677
2030-02-19 00:30:00,-2252.4747317889414
2030-02-19 00:45:00,-2334.8570684420865
2030-02-19 01:00:00,-2663.2939512026223
2030-02-19 01:15:00,-2830.941324011952
2030-02-19 01:30:00,-3116.9355025779005
2030-02-19 01:45:00,-3233.5375784107637
2030-02-19 02:00:00,-3441.7965531952705
2030-02-19 02:15:00,-3472.2553507784523
2030-02-19 02:30:00,-3627.6225007891608
2030-02-19 02:45:00,-3574.9723276482346
2030-02-19 03:00:00,-3595.070018862609
2030-02-19 03:15:00,-3713.808306523295
2030-02-19 03:30:00,-3953.735040662772
2030-02-19 03:45:00,-4100.234881675613
2030-02-19 04:00:00,-4133.611500571866
2030-02-19 04:15:00,-4193.605972209865
2030-02-19 04:30:00,-4147.341383010278
2030-02-19 04:45:00,-4221.471286844408
2030-02-19 05:00:00,-4459.6931492645435
2030-02-19 05:15:00,-4770.606695046032
2030-02-19 05:30:00,-4654.560901558736
2030-02-19 05:45:00,-4676.4687411746
2030-02-19 06:00:00,-4667.138753985453
2030-02-19 06:15:00,-4877.152283796455
2030-02-19 06:30:00,-4981.0738825632325
2030-02-19 06:45:00,-5098.978320645507
2030-02-19 07:00:00,-4577.335310965036
2030-02-19 07:15:00,-4381.698517004736
2030-02-19 07:30:00,-4058.135782075995
2030-02-19 07:45:00,-4022.580413169364
2030-02-19 08:00:00,-3859.3479012714997
2030-02-19 08:15:00,-4102.752763306151
2030-02-19 08:30:00,-4574.532997347555
2030-02-19 08:45:00,-4810.325605242311
2030-02-19 09:00:00,-4795.760204750684
2030-02-19 09:15:00,-4718.293612613448
2030-02-19 09:30:00,-5143.090869936466
2030-02-19 09:45:00,-5608.2669560366885
2030-02-19 10:00:00,-6125.170453606323
2030-02-19 10:15:00,-6432.581417543406
2030-02-19 10:30:00,-6893.8405379869655
2030-02-19 10:45:00,-7335.901631125569
2030-02-19 11:00:00,-7567.044582181254
2030-02-19 11:15:00,-7985.35124178425
2030-02-19 11:30:00,-8633.666337126451
2030-02-19 11:45:00,-8831.121845238275
2030-02-19 12:00:00,-9435.336859541254
2030-02-19 12:15:00,-9873.724139784332
2030-02-19 12:30:00,-9959.95718507743
2030-02-19 12:45:00,-10113.451530028007
2030-02-19 13:00:00,-9854.123763929074
2030-02-19 13:15:00,-9181.413901415366
2030-02-19 13:30:00,-8873.480136833368
2030-02-19 13:45:00,-8649.562477027572
2030-02-19 14:00:00,-8096.797984156707
2030-02-19 14:15:00,-7498.3682253918305
2030-02-19 14:30:00,-7188.741119339793
2030-02-19 14:45:00,-6580.715645155789
2030-02-19 15:00:00,-5323.926547577903
2030-02-19 15:15:00,-4197.711653973096
2030-02-19 15:30:00,-2726.5069883674914
2030-02-19 15:45:00,-1686.7776429144833
2030-02-19 16:00:00,-670.6289383505937
2030-02-19 16:15:00,0.0
2030-02-19 16:30:00,0.0
2030-02-19 16:45:00,0.0
2030-02-19 17:00:00,0.0
2030-02-19 17:15:00,0.0
2030-02-19 17:30:00,0.0
2030-02-19 17:45:00,0.0
2030-02-19 18:00:00,0.0
2030-02-19 18:15:00,0.0
2030-02-19 18:30:00,0.0
2030-02-19 18:45:00,0.0
2030-02-19 19:00:00,0.0
2030-02-19 19:15:00,0.0
2030-02-19 19:30:00,0.0
2030-02-19 19:45:00,0.0
2030-02-19 20:00:00,0.0
2030-02-19 20:15:00,0.0
2030-02-19 20:30:00,0.0
2030-02-19 20:45:00,0.0
2030-02-19 21:00:00,0.0
2030-02-19 21:15:00,0.0
2030-02-19 21:30:00,0.0
2030-02-19 21:45:00,0.0
2030-02-19 22:00:00,0.0
2030-02-19 22:15:00,0.0
2030-02-19 22:30:00,0.0
2030-02-19 22:45:00,0.0
2030-02-19 23:00:00,0.0
2030-02-19 23:15:00,0.0
2030-02-19 23:30:00,0.0
2030-02-19 23:45:00,0.0
2030-02-20 00:00:00,0.0
2030-02-20 00:15:00,0.0
2030-02-20 00:30:00,0.0
2030-02-20 00:45:00,0.0
2030-02-20 01:00:00,0.0
2030-02-20 01:15:00,0.0
2030-02-20 01:30:00,0.0
2030-02-20 01:45:00,0.0
2030-02-20 02:00:00,-452.444803528384
2030-02-20 02:15:00,-7997.4708668014155
2030-02-20 02:30:00,-8195.226076945186
2030-02-20 02:45:00,-8399.35383535405
2030-02-20 03:00:00,-8634.462201032273
2030-02-20 03:15:00,-9026.20921780486
2030-02-20 03:30:00,-8989.002353438744
2030-02-20 03:45:00,-9056.94639812861
2030-02-20 04:00:00,-9265.782571409847
2030-02-20 04:15:00,-9453.281986407415
2030-02-20 04:30:00,-9343.67609400568
2030-02-20 04:45:00,-9279.31289667248
2030-02-20 05:00:00,-9041.21152084367
2030-02-20 05:15:00,-9064.318850516534
2030-02-20 05:30:00,-8811.289526649402
2030-02-20 05:45:00,-8737.548108210198
2030-02-20 06:00:00,-8386.728306452955
2030-02-20 06:15:00,-7406.469667554382
2030-02-20 06:30:00,-7034.8757011572125
2030-02-20 06:45:00,-6825.576011692159
2030-02-20 07:00:00,-6596.050427832892
2030-02-20 07:15:00,-6338.393405797542
2030-02-20 07:30:00,-6133.664862905083
2030-02-20 07:45:00,-6143.075768767048
2030-02-20 08:00:00,-6591.312410395891
2030-02-20 08:15:00,-6982.5876453082565
2030-02-20 08:30:00,-7917.674549568521
2030-02-20 08:45:00,-8893.842921251216
2030-02-20 09:00:00,-10060.616902573933
2030-02-20 09:15:00,-11194.78521288922
2030-02-20 09:30:00,-12236.524154478317
2030-02-20 09:45:00,-13235.274689413014
2030-02-20 10:00:00,-14398.702822800275
2030-02-20 10:15:00,-15306.397346785088
2030-02-20 10:30:00,-15800.392393952523
2030-02-20 10:45:00,-16249.550693905363
2030-02-20 11:00:00,-16994.680697634696
2030-02-20 11:15:00,-17278.92109939347
2030-02-20 11:30:00,-17127.53475917738
2030-02-20 11:45:00,-16822.76695161575
2030-02-20 12:00:00,-17043.035819867822
2030-02-20 12:15:00,-16976.990550357885
2030-02-20 12:30:00,-16780.209664667975
2030-02-20 12:45:00,-16869.142802377675
2030-02-20 13:00:00,-16582.58705591846
2030-02-20 13:15:00,-16129.96085986466
2030-02-20 13:30:00,-15640.889232975227
2030-02-20 13:45:00,-15092.61340600645
2030-02-20 14:00:00,-14612.627850465717
2030-02-20 14:15:00,-14167.18759397012
2030-02-20 14:30:00,-13976.836776365108
2030-02-20 14:45:00,-13621.86798413015
2030-02-20 15:00:00,-13939.723883379942
2030-02-20 15:15:00,-13396.487260554179
2030-02-20 15:30:00,-12960.629310006305
2030-02-20 15:45:00,-12324.055391144997
2030-02-20 16:00:00,-11272.4214166268
2030-02-20 16:15:00,-10308.04987272442
2030-02-20 16:30:00,-9695.479652402584
2030-02-20 16:45:00,-8983.12479703316
2030-02-20 17:00:00,-7909.314545691235
2030-02-20 17:15:00,-6585.643625713157
2030-02-20 17:30:00,-5888.698449270098
2030-02-20 17:45:00,-5480.17756851959
2030-02-20 18:00:00,-5330.281183251285
2030-02-20 18:15:00,-5087.660400054137
2030-02-20 18:30:00,-4798.889806624928
2030-02-20 18:45:00,-4645.118051814996
2030-02-20 19:00:00,-4621.233692486159
2030-02-20 19:15:00,-4764.661562312565
2030-02-20 19:30:00,-4783.631173712227
2030-02-20 19:45:00,-5189.546334011091
2030-02-20 20:00:00,-5472.706421378152
2030-02-20 20:15:00,-5820.987816662371
2030-02-20 20:30:00,-6112.56895065949
2030-02-20 20:45:00,-6450.335456305405
2030-02-20 21:00:00,-6697.157129441981
2030-02-20 21:15:00,-6770.980191167073
2030-02-20 21:30:00,-6922.910717336432
2030-02-20 21:45:00,-6939.634048778487
2030-02-20 22:00:00,-6699.271935808014
2030-02-20 22:15:00,-6870.460029278762
2030-02-20 22:30:00,-7064.504286608335
2030-02-20 22:45:00,-7218.231759808066
2030-02-20 23:00:00,-7386.586498873185
2030-02-20 23:15:00,-7417.342351164083
2030-02-20 23:30:00,-7497.717071729261
2030-02-20 23:45:00,-7582.102912983595
2030-02-21 00:00:00,-7803.576885460327
2030-02-21 00:15:00,-7730.513445253055
2030-02-21 00:30:00,-7663.583688215356
2030-02-21 00:45:00,-7688.485597083218
2030-02-21 01:00:00,-7951.637012918727
2030-02-21 01:15:00,-8021.089864545824
2030-02-21 01:30:00,-7883.158886652207
2030-02-21 01:45:00,-7851.417368829507
2030-02-21 02:00:00,-7779.525231462472
2030-02-21 02:15:00,-7617.706571748167
2030-02-21 02:30:00,-7459.027878374809
2030-02-21 02:45:00,-7261.257944389859
2030-02-21 03:00:00,-7083.280434534288
2030-02-21 03:15:00,-7092.793407952047
2030-02-21 03:30:00,-7014.318305301753
2030-02-21 03:45:00,-6814.003392981542
2030-02-21 04:00:00,-5772.811492298377
2030-02-21 04:15:00,-5198.501809329238
2030-02-21 04:30:00,-4839.846029817094
2030-02-21 04:45:00,-4421.470449543638
2030-02-21 05:00:00,-4054.900408182988
2030-02-21 05:15:00,-3929.949783432414
2030-02-21 05:30:00,-3556.691897142089
2030-02-21 05:45:00,-3073.6380214159144
2030-02-21 06:00:00,-2173.6921923808222
2030-02-21 06:15:00,-1661.1640004963774
2030-02-21 06:30:00,-1054.207121093892
2030-02-21 06:45:00,-442.5391795112773
2030-02-21 07:00:00,0.0
2030-02-21 07:15:00,0.0
2030-02-21 07:30:00,0.0
2030-02-21 07:45:00,0.0
2030-02-21 08:00:00,0.0
2030-02-21 08:15:00,-324.52608520829017
2030-02-21 08:30:00,-1942.9961474417614
2030-02-21 08:45:00,-2933.779883152536
2030-02-21 09:00:00,-3719.3454024705097
2030-02-21 09:15:00,-4666.703557680001
2030-02-21 09:30:00,-5951.328133596886
2030-02-21 09:45:00,-7133.752401453559
2030-02-21 10:00:00,-8167.121903764706
2030-02-21 10:15:00,-8779.957902335635
2030-02-21 10:30:00,-9236.6163492472
2030-02-21 10:45:00,-10081.326044365243
2030-02-21 11:00:00,-10486.21973204373
2030-02-21 11:15:00,-10969.058057187864
2030-02-21 11:30:00,-11389.440846341538
2030-02-21 11:45:00,-11844.248494006886
2030-02-21 12:00:00,-11997.78895793144
2030-02-21 12:15:00,-12296.214191365336
2030-02-21 12:30:00,-12091.663177500795
2030-02-21 12:45:00,-12005.654620794285
2030-02-21 13:00:00,-11824.172414905912
2030-02-21 13:15:00,-11344.450785843052
2030-02-21 13:30:00,-10852.761360931065
2030-02-21 13:45:00,-10217.424938249358
2030-02-21 14:00:00,-9206.46207442151
2030-02-21 14:15:00,-8299.16111035358
2030-02-21 14:30:00,-7148.481809107438
2030-02-21 14:45:00,-5993.879856394338
2030-02-21 15:00:00,-4396.3255074453045
2030-02-21 15:15:00,-3019.547214090693
2030-02-21 15:30:00,-1700.9724723971485
2030-02-21 15:45:00,-242.84859274432165
2030-02-21 16:00:00,0.0
2030-02-21 16:15:00,0.0
2030-02-21 16:30:00,0.0
2030-02-21 16:45:00,0.0
2030-02-21 17:00:00,0.0
2030-02-21 17:15:00,0.0
2030-02-21 17:30:00,0.0
2030-02-21 17:45:00,0.0
2030-02-21 18:00:00,0.0
2030-02-21 18:15:00,0.0
2030-02-21 18:30:00,0.0
2030-02-21 18:45:00,0.0
2030-02-21 19:00:00,0.0
2030-02-21 19:15:00,0.0
2030-02-21 19:30:00,0.0
2030-02-21 19:45:00,0.0
2030-02-21 20:00:00,0.0
2030-02-21 20:15:00,0.0
2030-02-21 20:30:00,0.0
2030-02-21 20:45:00,0.0
2030-02-21 21:00:00,0.0
2030-02-21 21:15:00,0.0
2030-02-21 21:30:00,0.0
2030-02-21 21:45:00,0.0
2030-02-21 22:00:00,0.0
2030-02-21 22:15:00,0.0
2030-02-21 22:30:00,0.0
2030-02-21 22:45:00,0.0
2030-02-21 23:00:00,0.0
2030-02-21 23:15:00,0.0
2030-02-21 23:30:00,0.0
2030-02-21 23:45:00,0.0
2030-02-22 00:00:00,0.0
2030-02-22 00:15:00,0.0
2030-02-22 00:30:00,0.0
2030-02-22 00:45:00,0.0
2030-02-22 01:00:00,0.0
2030-02-22 01:15:00,0.0
2030-02-22 01:30:00,0.0
2030-02-22 01:45:00,0.0
2030-02-22 02:00:00,0.0
2030-02-22 02:15:00,0.0
2030-02-22 02:30:00,0.0
2030-02-22 02:45:00,0.0
2030-02-22 03:00:00,0.0
2030-02-22 03:15:00,0.0
2030-02-22 03:30:00,0.0
2030-02-22 03:45:00,0.0
2030-02-22 04:00:00,0.0
2030-02-22 04:15:00,0.0
2030-02-22 04:30:00,0.0
2030-02-22 04:45:00,0.0
2030-02-22 05:00:00,0.0
2030-02-22 05:15:00,0.0
2030-02-22 05:30:00,0.0
2030-02-22 05:45:00,3760.6627210975803
2030-02-22 06:00:00,0.0
2030-02-22 06:15:00,0.0
2030-02-22 06:30:00,0.0
2030-02-22 06:45:00,345.1221159779343
2030-02-22 07:00:00,764.4688780215693
2030-02-22 07:15:00,613.5782459783695
2030-02-22 07:30:00,365.5326443408776
2030-02-22 07:45:00,0.0
2030-02-22 08:00:00,0.0
2030-02-22 08:15:00,0.0
2030-02-22 08:30:00,0.0
2030-02-22 08:45:00,0.0
2030-02-22 09:00:00,0.0
2030-02-22 09:15:00,0.0
2030-02-22 09:30:00,0.0
2030-02-22 09:45:00,0.0
2030-02-22 10:00:00,0.0
2030-02-22 10:15:00,0.0
2030-02-22 10:30:00,0.0
2030-02-22 10:45:00,0.0
2030-02-22 11:00:00,0.0
2030-02-22 11:15:00,0.0
2030-02-22 11:30:00,0.0
2030-02-22 11:45:00,0.0
2030-02-22 12:00:00,0.0
2030-02-22 12:15:00,0.0
2030-02-22 12:30:00,0.0
2030-02-22 12:45:00,0.0
2030-02-22 13:00:00,0.0
2030-02-22 13:15:00,0.0
2030-02-22 13:30:00,0.0
2030-02-22 13:45:00,0.0
2030-02-22 14:00:00,0.0
2030-02-22 14:15:00,0.0
2030-02-22 14:30:00,0.0
2030-02-22 14:45:00,0.0
2030-02-22 15:00:00,0.0
2030-02-22 15:15:00,0.0
2030-02-22 15:30:00,0.0
2030-02-22 15:45:00,0.0
2030-02-22 16:00:00,0.0
2030-02-22 16:15:00,0.0
2030-02-22 16:30:00,3090.3718309619435
2030-02-22 16:45:00,0.0
2030-02-22 17:00:00,0.0
2030-02-22 17:15:00,0.0
2030-02-22 17:30:00,0.0
2030-02-22 17:45:00,0.0
2030-02-22 18:00:00,0.0
2030-02-22 18:15:00,0.0
2030-02-22 18:30:00,0.0
2030-02-22 18:45:00,0.0
2030-02-22 19:00:00,0.0
2030-02-22 19:15:00,0.0
2030-02-22 19:30:00,0.0
2030-02-22 19:45:00,0.0
2030-02-22 20:00:00,0.0
2030-02-22 20:15:00,0.0
2030-02-22 20:30:00,0.0
2030-02-22 20:45:00,0.0
2030-02-22 21:00:00,0.0
2030-02-22 21:15:00,0.0
2030-02-22 21:30:00,0.0
2030-02-22 21:45:00,0.0
2030-02-22 22:00:00,0.0
2030-02-22 22:15:00,0.0
2030-02-22 22:30:00,0.0
2030-02-22 22:45:00,0.0
2030-02-22 23:00:00,0.0
2030-02-22 23:15:00,0.0
2030-02-22 23:30:00,0.0
2030-02-22 23:45:00,0.0
2030-02-23 00:00:00,0.0
2030-02-23 00:15:00,0.0
2030-02-23 00:30:00,0.0
2030-02-23 00:45:00,0.0
2030-02-23 01:00:00,0.0
2030-02-23 01:15:00,0.0
2030-02-23 01:30:00,0.0
2030-02-23 01:45:00,0.0
2030-02-23 02:00:00,0.0
2030-02-23 02:15:00,0.0
2030-02-23 02:30:00,0.0
2030-02-23 02:45:00,0.0
2030-02-23 03:00:00,0.0
2030-02-23 03:15:00,0.0
2030-02-23 03:30:00,0.0
2030-02-23 03:45:00,0.0
2030-02-23 04:00:00,0.0
2030-02-23 04:15:00,0.0
2030-02-23 04:30:00,0.0
2030-02-23 04:45:00,0.0
2030-02-23 05:00:00,0.0
2030-02-23 05:15:00,0.0
2030-02-23 05:30:00,0.0
2030-02-23 05:45:00,0.0
2030-02-23 06:00:00,0.0
2030-02-23 06:15:00,0.0
2030-02-23 06:30:00,0.0
2030-02-23 06:45:00,0.0
2030-02-23 07:00:00,321.17815432717543
2030-02-23 07:15:00,558.7675726323887
2030-02-23 07:30:00,69.78257053757261
2030-02-23 07:45:00,0.0
2030-02-23 08:00:00,0.0
2030-02-23 08:15:00,0.0
2030-02-23 08:30:00,0.0
2030-02-23 08:45:00,0.0
2030-02-23 09:00:00,0.0
2030-02-23 09:15:00,0.0
2030-02-23 09:30:00,0.0
2030-02-23 09:45:00,0.0
2030-02-23 10:00:00,0.0
2030-02-23 10:15:00,0.0
2030-02-23 10:30:00,0.0
2030-02-23 10:45:00,0.0
2030-02-23 11:00:00,0.0
2030-02-23 11:15:00,0.0
2030-02-23 11:30:00,0.0
2030-02-23 11:45:00,0.0
2030-02-23 12:00:00,0.0
2030-02-23 12:15:00,0.0
2030-02-23 12:30:00,0.0
2030-02-23 12:45:00,0.0
2030-02-23 13:00:00,0.0
2030-02-23 13:15:00,0.0
2030-02-23 13:30:00,0.0
2030-02-23 13:45:00,0.0
2030-02-23 14:00:00,0.0
2030-02-23 14:15:00,0.0
2030-02-23 14:30:00,0.0
2030-02-23 14:45:00,0.0
2030-02-23 15:00:00,0.0
2030-02-23 15:15:00,0.0
2030-02-23 15:30:00,0.0
2030-02-23 15:45:00,0.0
2030-02-23 16:00:00,0.0
2030-02-23 16:15:00,0.0
2030-02-23 16:30:00,0.0
2030-02-23 16:45:00,0.0
2030-02-23 17:00:00,0.0
2030-02-23 17:15:00,0.0
2030-02-23 17:30:00,0.0
2030-02-23 17:45:00,0.0
2030-02-23 18:00:00,0.0
2030-02-23 18:15:00,0.0
2030-02-23 18:30:00,0.0
2030-02-23 18:45:00,0.0
2030-02-23 19:00:00,4333.659038072177
2030-02-23 19:15:00,0.0
2030-02-23 19:30:00,0.0
2030-02-23 19:45:00,0.0
2030-02-23 20:00:00,0.0
2030-02-23 20:15:00,0.0
2030-02-23 20:30:00,0.0
2030-02-23 20:45:00,0.0
2030-02-23 21:00:00,0.0
2030-02-23 21:15:00,0.0
2030-02-23 21:30:00,0.0
2030-02-23 21:45:00,0.0
2030-02-23 22:00:00,0.0
2030-02-23 22:15:00,0.0
2030-02-23 22:30:00,0.0
2030-02-23 22:45:00,0.0
2030-02-23 23:00:00,0.0
2030-02-23 23:15:00,0.0
2030-02-23 23:30:00,0.0
2030-02-23 23:45:00,0.0
2030-02-24 00:00:00,0.0
2030-02-24 00:15:00,0.0
2030-02-24 00:30:00,0.0
2030-02-24 00:45:00,0.0
2030-02-24 01:00:00,0.0
2030-02-24 01:15:00,0.0
2030-02-24 01:30:00,0.0
2030-02-24 01:45:00,0.0
2030-02-24 02:00:00,0.0
2030-02-24 02:15:00,0.0
2030-02-24 02:30:00,0.0
2030-02-24 02:45:00,0.0
2030-02-24 03:00:00,0.0
2030-02-24 03:15:00,0.0
2030-02-24 03:30:00,0.0
2030-02-24 03:45:00,0.0
2030-02-24 04:00:00,0.0
2030-02-24 04:15:00,0.0
2030-02-24 04:30:00,0.0
2030-02-24 04:45:00,0.0
2030-02-24 05:00:00,0.0
2030-02-24 05:15:00,0.0
2030-02-24 05:30:00,0.0
2030-02-24 05:45:00,0.0
2030-02-24 06:00:00,0.0
2030-02-24 06:15:00,0.0
2030-02-24 06:30:00,0.0
2030-02-24 06:45:00,0.0
2030-02-24 07:00:00,0.0
2030-02-24 07:15:00,0.0
2030-02-24 07:30:00,0.0
2030-02-24 07:45:00,0.0
2030-02-24 08:00:00,0.0
2030-02-24 08:15:00,0.0
2030-02-24 08:30:00,0.0
2030-02-24 08:45:00,0.0
2030-02-24 09:00:00,0.0
2030-02-24 09:15:00,0.0
2030-02-24 09:30:00,0.0
2030-02-24 09:45:00,0.0
2030-02-24 10:00:00,0.0
2030-02-24 10:15:00,0.0
2030-02-24 10:30:00,0.0
2030-02-24 10:45:00,0.0
2030-02-24 11:00:00,0.0
2030-02-24 11:15:00,0.0
2030-02-24 11:30:00,0.0
2030-02-24 11:45:00,0.0
2030-02-24 12:00:00,0.0
2030-02-24 12:15:00,0.0
2030-02-24 12:30:00,0.0
2030-02-24 12:45:00,0.0
2030-02-24 13:00:00,0.0
2030-02-24 13:15:00,0.0
2030-02-24 13:30:00,0.0
2030-02-24 13:45:00,0.0
2030-02-24 14:00:00,0.0
2030-02-24 14:15:00,0.0
2030-02-24 14:30:00,0.0
2030-02-24 14:45:00,0.0
2030-02-24 15:00:00,0.0
2030-02-24 15:15:00,0.0
2030-02-24 15:30:00,0.0
2030-02-24 15:45:00,0.0
2030-02-24 16:00:00,0.0
2030-02-24 16:15:00,0.0
2030-02-24 16:30:00,0.0
2030-02-24 16:45:00,0.0
2030-02-24 17:00:00,0.0
2030-02-24 17:15:00,0.0
2030-02-24 17:30:00,0.0
2030-02-24 17:45:00,0.0
2030-02-24 18:00:00,0.0
2030-02-24 18:15:00,0.0
2030-02-24 18:30:00,0.0
2030-02-24 18:45:00,0.0
2030-02-24 19:00:00,0.0
2030-02-24 19:15:00,0.0
2030-02-24 19:30:00,0.0
2030-02-24 19:45:00,0.0
2030-02-24 20:00:00,0.0
2030-02-24 20:15:00,0.0
2030-02-24 20:30:00,0.0
2030-02-24 20:45:00,0.0
2030-02-24 21:00:00,0.0
2030-02-24 21:15:00,0.0
2030-02-24 21:30:00,0.0
2030-02-24 21:45:00,-67.05167716452706
2030-02-24 22:00:00,-5075.3782429687235
2030-02-24 22:15:00,-5684.018283257767
2030-02-24 22:30:00,-6063.678608807364
2030-02-24 22:45:00,-6425.782310044007
2030-02-24 23:00:00,-6736.792902885445
2030-02-24 23:15:00,-6903.81680900183
2030-02-24 23:30:00,-7274.068691024375
2030-02-24 23:45:00,-7553.882199749711
2030-02-25 00:00:00,-7796.128078817637
2030-02-25 00:15:00,-7802.4307142770995
2030-02-25 00:30:00,-7968.255054807196
2030-02-25 00:45:00,-8140.224526305279
2030-02-25 01:00:00,-7949.172425657534
2030-02-25 01:15:00,-7894.228120626876
2030-02-25 01:30:00,-7942.220290421343
2030-02-25 01:45:00,-7884.7986205995585
2030-02-25 02:00:00,-7879.9441014467575
2030-02-25 02:15:00,-7833.352177939863
2030-02-25 02:30:00,-7596.261061986304
2030-02-25 02:45:00,-7563.145753827701
2030-02-25 03:00:00,-7506.493100275202
2030-02-25 03:15:00,-7239.388575301735
2030-02-25 03:30:00,-6980.099730986432
2030-02-25 03:45:00,-6970.157632664619
2030-02-25 04:00:00,-6809.286252140586
2030-02-25 04:15:00,-6731.433668275689
2030-02-25 04:30:00,-6633.806275799672
2030-02-25 04:45:00,-6608.2716422915455
2030-02-25 05:00:00,-6852.1757251947365
2030-02-25 05:15:00,-6887.855064634814
2030-02-25 05:30:00,-6901.849468869668
2030-02-25 05:45:00,-6727.827985538641
2030-02-25 06:00:00,-6417.043537126112
2030-02-25 06:15:00,-5728.564403408534
2030-02-25 06:30:00,-4778.138592938409
2030-02-25 06:45:00,-4528.210842572014
2030-02-25 07:00:00,-4316.757945879675
2030-02-25 07:15:00,-4266.231614638942
2030-02-25 07:30:00,-5022.122008141745
2030-02-25 07:45:00,-6041.0129958990365
2030-02-25 08:00:00,-6772.856903988864
2030-02-25 08:15:00,-7877.840382098468
2030-02-25 08:30:00,-9369.12651517869
2030-02-25 08:45:00,-10685.152328502409
2030-02-25 09:00:00,-11970.605571627708
2030-02-25 09:15:00,-13487.579677896785
2030-02-25 09:30:00,-15164.282619057565
2030-02-25 09:45:00,-16305.178676028554
2030-02-25 10:00:00,-17627.686341147357
2030-02-25 10:15:00,-18812.018573399597
2030-02-25 10:30:00,-19978.858825173837
2030-02-25 10:45:00,-20879.143553770315
2030-02-25 11:00:00,-21649.499721876087
2030-02-25 11:15:00,-22324.569162556774
2030-02-25 11:30:00,-23150.657869832827
2030-02-25 11:45:00,-23665.542157020012
2030-02-25 12:00:00,-24107.51888132625
2030-02-25 12:15:00,-23616.380406454846
2030-02-25 12:30:00,-23460.146818517645
2030-02-25 12:45:00,-23601.389716952675
2030-02-25 13:00:00,-22907.959987982947
2030-02-25 13:15:00,-22109.30001812975
2030-02-25 13:30:00,-21848.44351878021
2030-02-25 13:45:00,-21018.28936148562
2030-02-25 14:00:00,-20166.266225916766
2030-02-25 14:15:00,-19294.43848413751
2030-02-25 14:30:00,-18130.116477355226
2030-02-25 14:45:00,-17380.790709805202
2030-02-25 15:00:00,-15526.412138575233
2030-02-25 15:15:00,-13864.740238107373
2030-02-25 15:30:00,-12469.759343976373
2030-02-25 15:45:00,-10554.769832005095
2030-02-25 16:00:00,-8406.308273207713
2030-02-25 16:15:00,-6885.838468628481
2030-02-25 16:30:00,-5174.97128883623
2030-02-25 16:45:00,-3763.9872957048647
2030-02-25 17:00:00,-2404.503612787692
2030-02-25 17:15:00,-1233.559564414074
2030-02-25 17:30:00,-469.0328412538729
2030-02-25 17:45:00,0.0
2030-02-25 18:00:00,0.0
2030-02-25 18:15:00,0.0
2030-02-25 18:30:00,0.0
2030-02-25 18:45:00,0.0
2030-02-25 19:00:00,0.0
2030-02-25 19:15:00,0.0
2030-02-25 19:30:00,0.0
2030-02-25 19:45:00,0.0
2030-02-25 20:00:00,0.0
2030-02-25 20:15:00,0.0
2030-02-25 20:30:00,0.0
2030-02-25 20:45:00,0.0
2030-02-25 21:00:00,0.0
2030-02-25 21:15:00,0.0
2030-02-25 21:30:00,0.0
2030-02-25 21:45:00,0.0
2030-02-25 22:00:00,0.0
2030-02-25 22:15:00,0.0
2030-02-25 22:30:00,0.0
2030-02-25 22:45:00,0.0
2030-02-25 23:00:00,0.0
2030-02-25 23:15:00,0.0
2030-02-25 23:30:00,0.0
2030-02-25 23:45:00,0.0
2030-02-26 00:00:00,0.0
2030-02-26 00:15:00,0.0
2030-02-26 00:30:00,0.0
2030-02-26 00:45:00,0.0
2030-02-26 01:00:00,0.0
2030-02-26 01:15:00,0.0
2030-02-26 01:30:00,0.0
2030-02-26 01:45:00,0.0
2030-02-26 02:00:00,0.0
2030-02-26 02:15:00,0.0
2030-02-26 02:30:00,0.0
2030-02-26 02:45:00,0.0
2030-02-26 03:00:00,0.0
2030-02-26 03:15:00,0.0
2030-02-26 03:30:00,0.0
2030-02-26 03:45:00,0.0
2030-02-26 04:00:00,0.0
2030-02-26 04:15:00,0.0
2030-02-26 04:30:00,0.0
2030-02-26 04:45:00,0.0
2030-02-26 05:00:00,0.0
2030-02-26 05:15:00,0.0
2030-02-26 05:30:00,0.0
2030-02-26 05:45:00,0.0
2030-02-26 06:00:00,0.0
2030-02-26 06:15:00,0.0
2030-02-26 06:30:00,0.0
2030-02-26 06:45:00,0.0
2030-02-26 07:00:00,0.0
2030-02-26 07:15:00,0.0
2030-02-26 07:30:00,0.0
2030-02-26 07:45:00,0.0
2030-02-26 08:00:00,0.0
2030-02-26 08:15:00,0.0
2030-02-26 08:30:00,0.0
2030-02-26 08:45:00,0.0
2030-02-26 09:00:00,0.0
2030-02-26 09:15:00,0.0
2030-02-26 09:30:00,0.0
2030-02-26 09:45:00,0.0
2030-02-26 10:00:00,0.0
2030-02-26 10:15:00,0.0
2030-02-26 10:30:00,0.0
2030-02-26 10:45:00,0.0
2030-02-26 11:00:00,0.0
2030-02-26 11:15:00,0.0
2030-02-26 11:30:00,0.0
2030-02-26 11:45:00,0.0
2030-02-26 12:00:00,0.0
2030-02-26 12:15:00,0.0
2030-02-26 12:30:00,0.0
2030-02-26 12:45:00,0.0
2030-02-26 13:00:00,0.0
2030-02-26 13:15:00,0.0
2030-02-26 13:30:00,0.0
2030-02-26 13:45:00,0.0
2030-02-26 14:00:00,0.0
2030-02-26 14:15:00,0.0
2030-02-26 14:30:00,0.0
2030-02-26 14:45:00,0.0
2030-02-26 15:00:00,0.0
2030-02-26 15:15:00,0.0
2030-02-26 15:30:00,0.0
2030-02-26 15:45:00,0.0
2030-02-26 16:00:00,0.0
2030-02-26 16:15:00,0.0
2030-02-26 16:30:00,0.0
2030-02-26 16:45:00,0.0
2030-02-26 17:00:00,0.0
2030-02-26 17:15:00,0.0
2030-02-26 17:30:00,0.0
2030-02-26 17:45:00,0.0
2030-02-26 18:00:00,0.0
2030-02-26 18:15:00,0.0
2030-02-26 18:30:00,0.0
2030-02-26 18:45:00,0.0
2030-02-26 19:00:00,0.0
2030-02-26 19:15:00,0.0
2030-02-26 19:30:00,0.0
2030-02-26 19:45:00,0.0
2030-02-26 20:00:00,0.0
2030-02-26 20:15:00,0.0
2030-02-26 20:30:00,0.0
2030-02-26 20:45:00,0.0
2030-02-26 21:00:00,0.0
2030-02-26 21:15:00,0.0
2030-02-26 21:30:00,0.0
2030-02-26 21:45:00,0.0
2030-02-26 22:00:00,0.0
2030-02-26 22:15:00,0.0
2030-02-26 22:30:00,0.0
2030-02-26 22:45:00,0.0
2030-02-26 23:00:00,0.0
2030-02-26 23:15:00,0.0
2030-02-26 23:30:00,0.0
2030-02-26 23:45:00,0.0
2030-02-27 00:00:00,0.0
2030-02-27 00:15:00,0.0
2030-02-27 00:30:00,0.0
2030-02-27 00:45:00,0.0
2030-02-27 01:00:00,0.0
2030-02-27 01:15:00,0.0
2030-02-27 01:30:00,0.0
2030-02-27 01:45:00,0.0
2030-02-27 02:00:00,0.0
2030-02-27 02:15:00,0.0
2030-02-27 02:30:00,0.0
2030-02-27 02:45:00,0.0
2030-02-27 03:00:00,0.0
2030-02-27 03:15:00,0.0
2030-02-27 03:30:00,0.0
2030-02-27 03:45:00,0.0
2030-02-27 04:00:00,0.0
2030-02-27 04:15:00,0.0
2030-02-27 04:30:00,5917.8216159814965
2030-02-27 04:45:00,0.0
2030-02-27 05:00:00,0.0
2030-02-27 05:15:00,0.0
2030-02-27 05:30:00,0.0
2030-02-27 05:45:00,0.0
2030-02-27 06:00:00,0.0
2030-02-27 06:15:00,0.0
2030-02-27 06:30:00,0.0
2030-02-27 06:45:00,522.3182905001213
2030-02-27 07:00:00,1013.3331510023763
2030-02-27 07:15:00,907.3771833126611
2030-02-27 07:30:00,360.04372214140494
2030-02-27 07:45:00,0.0
2030-02-27 08:00:00,0.0
2030-02-27 08:15:00,0.0
2030-02-27 08:30:00,0.0
2030-02-27 08:45:00,0.0
2030-02-27 09:00:00,0.0
2030-02-27 09:15:00,0.0
2030-02-27 09:30:00,0.0
2030-02-27 09:45:00,0.0
2030-02-27 10:00:00,0.0
2030-02-27 10:15:00,0.0
2030-02-27 10:30:00,0.0
2030-02-27 10:45:00,0.0
2030-02-27 11:00:00,0.0
2030-02-27 11:15:00,0.0
2030-02-27 11:30:00,0.0
2030-02-27 11:45:00,0.0
2030-02-27 12:00:00,0.0
2030-02-27 12:15:00,0.0
2030-02-27 12:30:00,0.0
2030-02-27 12:45:00,0.0
2030-02-27 13:00:00,0.0
2030-02-27 13:15:00,0.0
2030-02-27 13:30:00,0.0
2030-02-27 13:45:00,0.0
2030-02-27 14:00:00,0.0
2030-02-27 14:15:00,0.0
2030-02-27 14:30:00,0.0
2030-02-27 14:45:00,0.0
2030-02-27 15:00:00,0.0
2030-02-27 15:15:00,0.0
2030-02-27 15:30:00,0.0
2030-02-27 15:45:00,0.0
2030-02-27 16:00:00,0.0
2030-02-27 16:15:00,0.0
2030-02-27 16:30:00,0.0
2030-02-27 16:45:00,0.0
2030-02-27 17:00:00,8784.410266044855
2030-02-27 17:15:00,1173.3734452145509
2030-02-27 17:30:00,2137.881966077919
2030-02-27 17:45:00,2830.0361599096705
2030-02-27 18:00:00,3273.649146470352
2030-02-27 18:15:00,3444.452753540596
2030-02-27 18:30:00,3131.948301178096
2030-02-27 18:45:00,2629.6663697259937
2030-02-27 19:00:00,2513.0157219651464
2030-02-27 19:15:00,2418.5802083074723
2030-02-27 19:30:00,1782.6522985474112
2030-02-27 19:45:00,1004.5805264372575
2030-02-27 20:00:00,171.69220960562234
2030-02-27 20:15:00,0.0
2030-02-27 20:30:00,0.0
2030-02-27 20:45:00,0.0
2030-02-27 21:00:00,0.0
2030-02-27 21:15:00,0.0
2030-02-27 21:30:00,0.0
2030-02-27 21:45:00,0.0
2030-02-27 22:00:00,0.0
2030-02-27 22:15:00,0.0
2030-02-27 22:30:00,0.0
2030-02-27 22:45:00,0.0
2030-02-27 23:00:00,0.0
2030-02-27 23:15:00,0.0
2030-02-27 23:30:00,0.0
2030-02-27 23:45:00,0.0
2030-02-28 00:00:00,0.0
2030-02-28 00:15:00,0.0
2030-02-28 00:30:00,0.0
2030-02-28 00:45:00,0.0
2030-02-28 01:00:00,0.0
2030-02-28 01:15:00,0.0
2030-02-28 01:30:00,0.0
2030-02-28 01:45:00,0.0
2030-02-28 02:00:00,0.0
2030-02-28 02:15:00,0.0
2030-02-28 02:30:00,0.0
2030-02-28 02:45:00,0.0
2030-02-28 03:00:00,0.0
2030-02-28 03:15:00,0.0
2030-02-28 03:30:00,0.0
2030-02-28 03:45:00,0.0
2030-02-28 04:00:00,0.0
2030-02-28 04:15:00,0.0
2030-02-28 04:30:00,0.0
2030-02-28 04:45:00,0.0
2030-02-28 05:00:00,0.0
2030-02-28 05:15:00,0.0
2030-02-28 05:30:00,0.0
2030-02-28 05:45:00,0.0
2030-02-28 06:00:00,0.0
2030-02-28 06:15:00,0.0
2030-02-28 06:30:00,0.0
2030-02-28 06:45:00,0.0
2030-02-28 07:00:00,0.0
2030-02-28 07:15:00,0.0
2030-02-28 07:30:00,0.0
2030-02-28 07:45:00,0.0
2030-02-28 08:00:00,0.0
2030-02-28 08:15:00,0.0
2030-02-28 08:30:00,0.0
2030-02-28 08:45:00,0.0
2030-02-28 09:00:00,0.0
2030-02-28 09:15:00,0.0
2030-02-28 09:30:00,0.0
2030-02-28 09:45:00,0.0
2030-02-28 10:00:00,0.0
2030-02-28 10:15:00,0.0
2030-02-28 10:30:00,0.0
2030-02-28 10:45:00,0.0
2030-02-28 11:00:00,0.0
2030-02-28 11:15:00,0.0
2030-02-28 11:30:00,0.0
2030-02-28 11:45:00,0.0
2030-02-28 12:00:00,0.0
2030-02-28 12:15:00,0.0
2030-02-28 12:30:00,0.0
2030-02-28 12:45:00,0.0
2030-02-28 13:00:00,0.0
2030-02-28 13:15:00,0.0
2030-02-28 13:30:00,0.0
2030-02-28 13:45:00,0.0
2030-02-28 14:00:00,0.0
2030-02-28 14:15:00,0.0
2030-02-28 14:30:00,0.0
2030-02-28 14:45:00,0.0
2030-02-28 15:00:00,0.0
2030-02-28 15:15:00,0.0
2030-02-28 15:30:00,0.0
2030-02-28 15:45:00,0.0
2030-02-28 16:00:00,0.0
2030-02-28 16:15:00,0.0
2030-02-28 16:30:00,0.0
2030-02-28 16:45:00,0.0
2030-02-28 17:00:00,0.0
2030-02-28 17:15:00,0.0
2030-02-28 17:30:00,0.0
2030-02-28 17:45:00,0.0
2030-02-28 18:00:00,0.0
2030-02-28 18:15:00,0.0
2030-02-28 18:30:00,0.0
2030-02-28 18:45:00,0.0
2030-02-28 19:00:00,0.0
2030-02-28 19:15:00,0.0
2030-02-28 19:30:00,0.0
2030-02-28 19:45:00,0.0
2030-02-28 20:00:00,0.0
2030-02-28 20:15:00,0.0
2030-02-28 20:30:00,365.66653747797136
2030-02-28 20:45:00,0.0
2030-02-28 21:00:00,0.0
2030-02-28 21:15:00,0.0
2030-02-28 21:30:00,0.0
2030-02-28 21:45:00,0.0
2030-02-28 22:00:00,0.0
2030-02-28 22:15:00,0.0
2030-02-28 22:30:00,0.0
2030-02-28 22:45:00,0.0
2030-02-28 23:00:00,0.0
2030-02-28 23:15:00,0.0
2030-02-28 23:30:00,0.0
2030-02-28 23:45:00,0.0
2030-03-01 00:00:00,0.0
2030-03-01 00:15:00,0.0
2030-03-01 00:30:00,0.0
2030-03-01 00:45:00,0.0
2030-03-01 01:00:00,0.0
2030-03-01 01:15:00,0.0
2030-03-01 01:30:00,0.0
2030-03-01 01:45:00,0.0
2030-03-01 02:00:00,0.0
2030-03-01 02:15:00,0.0
2030-03-01 02:30:00,0.0
2030-03-01 02:45:00,0.0
2030-03-01 03:00:00,0.0
2030-03-01 03:15:00,0.0
2030-03-01 03:30:00,0.0
2030-03-01 03:45:00,0.0
2030-03-01 04:00:00,0.0
2030-03-01 04:15:00,0.0
2030-03-01 04:30:00,0.0
2030-03-01 04:45:00,0.0
2030-03-01 05:00:00,0.0
2030-03-01 05:15:00,0.0
2030-03-01 05:30:00,0.0
2030-03-01 05:45:00,0.0
2030-03-01 06:00:00,0.0
2030-03-01 06:15:00,0.0
2030-03-01 06:30:00,0.0
2030-03-01 06:45:00,0.0
2030-03-01 07:00:00,0.0
2030-03-01 07:15:00,0.0
2030-03-01 07:30:00,0.0
2030-03-01 07:45:00,0.0
2030-03-01 08:00:00,0.0
2030-03-01 08:15:00,0.0
2030-03-01 08:30:00,0.0
2030-03-01 08:45:00,0.0
2030-03-01 09:00:00,0.0
2030-03-01 09:15:00,0.0
2030-03-01 09:30:00,0.0
2030-03-01 09:45:00,0.0
2030-03-01 10:00:00,0.0
2030-03-01 10:15:00,0.0
2030-03-01 10:30:00,0.0
2030-03-01 10:45:00,0.0
2030-03-01 11:00:00,0.0
2030-03-01 11:15:00,0.0
2030-03-01 11:30:00,0.0
2030-03-01 11:45:00,0.0
2030-03-01 12:00:00,0.0
2030-03-01 12:15:00,0.0
2030-03-01 12:30:00,0.0
2030-03-01 12:45:00,0.0
2030-03-01 13:00:00,0.0
2030-03-01 13:15:00,0.0
2030-03-01 13:30:00,0.0
2030-03-01 13:45:00,0.0
2030-03-01 14:00:00,0.0
2030-03-01 14:15:00,0.0
2030-03-01 14:30:00,0.0
2030-03-01 14:45:00,0.0
2030-03-01 15:00:00,0.0
2030-03-01 15:15:00,0.0
2030-03-01 15:30:00,0.0
2030-03-01 15:45:00,0.0
2030-03-01 16:00:00,0.0
2030-03-01 16:15:00,0.0
2030-03-01 16:30:00,0.0
2030-03-01 16:45:00,0.0
2030-03-01 17:00:00,0.0
2030-03-01 17:15:00,0.0
2030-03-01 17:30:00,0.0
2030-03-01 17:45:00,0.0
2030-03-01 18:00:00,0.0
2030-03-01 18:15:00,0.0
2030-03-01 18:30:00,0.0
2030-03-01 18:45:00,0.0
2030-03-01 19:00:00,0.0
2030-03-01 19:15:00,0.0
2030-03-01 19:30:00,0.0
2030-03-01 19:45:00,0.0
2030-03-01 20:00:00,0.0
2030-03-01 20:15:00,0.0
2030-03-01 20:30:00,0.0
2030-03-01 20:45:00,2427.6190198146505
2030-03-01 21:00:00,0.0
2030-03-01 21:15:00,0.0
2030-03-01 21:30:00,0.0
2030-03-01 21:45:00,0.0
2030-03-01 22:00:00,0.0
2030-03-01 22:15:00,0.0
2030-03-01 22:30:00,0.0
2030-03-01 22:45:00,0.0
2030-03-01 23:00:00,0.0
2030-03-01 23:15:00,0.0
2030-03-01 23:30:00,0.0
2030-03-01 23:45:00,0.0
2030-03-02 00:00:00,0.0
2030-03-02 00:15:00,0.0
2030-03-02 00:30:00,0.0
2030-03-02 00:45:00,0.0
2030-03-02 01:00:00,0.0
2030-03-02 01:15:00,0.0
2030-03-02 01:30:00,0.0
2030-03-02 01:45:00,0.0
2030-03-02 02:00:00,0.0
2030-03-02 02:15:00,0.0
2030-03-02 02:30:00,0.0
2030-03-02 02:45:00,0.0
2030-03-02 03:00:00,0.0
2030-03-02 03:15:00,0.0
2030-03-02 03:30:00,0.0
2030-03-02 03:45:00,0.0
2030-03-02 04:00:00,0.0
2030-03-02 04:15:00,0.0
2030-03-02 04:30:00,0.0
2030-03-02 04:45:00,0.0
2030-03-02 05:00:00,0.0
2030-03-02 05:15:00,0.0
2030-03-02 05:30:00,0.0
2030-03-02 05:45:00,0.0
2030-03-02 06:00:00,0.0
2030-03-02 06:15:00,0.0
2030-03-02 06:30:00,0.0
2030-03-02 06:45:00,0.0
2030-03-02 07:00:00,0.0
2030-03-02 07:15:00,0.0
2030-03-02 07:30:00,0.0
2030-03-02 07:45:00,0.0
2030-03-02 08:00:00,0.0
2030-03-02 08:15:00,0.0
2030-03-02 08:30:00,0.0
2030-03-02 08:45:00,0.0
2030-03-02 09:00:00,0.0
2030-03-02 09:15:00,0.0
2030-03-02 09:30:00,0.0
2030-03-02 09:45:00,0.0
2030-03-02 10:00:00,0.0
2030-03-02 10:15:00,0.0
2030-03-02 10:30:00,0.0
2030-03-02 10:45:00,0.0
2030-03-02 11:00:00,0.0
2030-03-02 11:15:00,0.0
2030-03-02 11:30:00,0.0
2030-03-02 11:45:00,0.0
2030-03-02 12:00:00,0.0
2030-03-02 12:15:00,0.0
2030-03-02 12:30:00,0.0
2030-03-02 12:45:00,0.0
2030-03-02 13:00:00,0.0
2030-03-02 13:15:00,0.0
2030-03-02 13:30:00,0.0
2030-03-02 13:45:00,0.0
2030-03-02 14:00:00,0.0
2030-03-02 14:15:00,0.0
2030-03-02 14:30:00,0.0
2030-03-02 14:45:00,5134.356085995987
2030-03-02 15:00:00,0.0
2030-03-02 15:15:00,0.0
2030-03-02 15:30:00,0.0
2030-03-02 15:45:00,0.0
2030-03-02 16:00:00,431.42688794167407
2030-03-02 16:15:00,1421.9238187533047
2030-03-02 16:30:00,2254.029713535485
2030-03-02 16:45:00,3093.069854790163
2030-03-02 17:00:00,4088.8956185845855
2030-03-02 17:15:00,4870.399009228051
2030-03-02 17:30:00,5360.833742650815
2030-03-02 17:45:00,5470.287625461424
2030-03-02 18:00:00,5617.3523481631055
2030-03-02 18:15:00,5709.475870057777
2030-03-02 18:30:00,5758.492475416893
2030-03-02 18:45:00,5709.139392105128
2030-03-02 19:00:00,5524.723343541133
2030-03-02 19:15:00,5240.136492140635
2030-03-02 19:30:00,5114.971315539391
2030-03-02 19:45:00,4960.16109912888
2030-03-02 20:00:00,4691.186864017229
2030-03-02 20:15:00,4417.4953900413075
2030-03-02 20:30:00,4161.6222477885785
2030-03-02 20:45:00,3908.3599420747178
2030-03-02 21:00:00,3595.259205378068
2030-03-02 21:15:00,3210.324230431337
2030-03-02 21:30:00,3016.7786801221428
2030-03-02 21:45:00,3093.781211378271
2030-03-02 22:00:00,3169.462020923196
2030-03-02 22:15:00,3155.770962837214
2030-03-02 22:30:00,2932.625701158715
2030-03-02 22:45:00,2702.6120643483137
2030-03-02 23:00:00,2295.9734835503914
2030-03-02 23:15:00,2234.442431818876
2030-03-02 23:30:00,1888.2576655125722
2030-03-02 23:45:00,1559.03029760129
2030-03-03 00:00:00,1113.7055147832089
2030-03-03 00:15:00,694.2770572577738
2030-03-03 00:30:00,309.4094776500606
2030-03-03 00:45:00,11.347468241518072
2030-03-03 01:00:00,0.0
2030-03-03 01:15:00,0.0
2030-03-03 01:30:00,0.0
2030-03-03 01:45:00,0.0
2030-03-03 02:00:00,0.0
2030-03-03 02:15:00,0.0
2030-03-03 02:30:00,0.0
2030-03-03 02:45:00,0.0
2030-03-03 03:00:00,0.0
2030-03-03 03:15:00,0.0
2030-03-03 03:30:00,0.0
2030-03-03 03:45:00,0.0
2030-03-03 04:00:00,0.0
2030-03-03 04:15:00,0.0
2030-03-03 04:30:00,0.0
2030-03-03 04:45:00,0.0
2030-03-03 05:00:00,28.49548000264258
2030-03-03 05:15:00,178.3320806013926
2030-03-03 05:30:00,612.7074193168428
2030-03-03 05:45:00,1004.1082412804662
2030-03-03 06:00:00,1939.9441750195074
2030-03-03 06:15:00,2982.8359239628226
2030-03-03 06:30:00,3758.63772918997
2030-03-03 06:45:00,4176.140581194857
2030-03-03 07:00:00,4531.192067810043
2030-03-03 07:15:00,4636.745769080499
2030-03-03 07:30:00,4513.80515128725
2030-03-03 07:45:00,4295.388069255721
2030-03-03 08:00:00,4175.641837571613
2030-03-03 08:15:00,3627.555947383815
2030-03-03 08:30:00,3068.9574935605087
2030-03-03 08:45:00,2281.930363090567
2030-03-03 09:00:00,1405.4989438206176
2030-03-03 09:15:00,761.4604806650386
2030-03-03 09:30:00,0.0
2030-03-03 09:45:00,0.0
2030-03-03 10:00:00,0.0
2030-03-03 10:15:00,0.0
2030-03-03 10:30:00,0.0
2030-03-03 10:45:00,0.0
2030-03-03 11:00:00,0.0
2030-03-03 11:15:00,0.0
2030-03-03 11:30:00,0.0
2030-03-03 11:45:00,0.0
2030-03-03 12:00:00,0.0
2030-03-03 12:15:00,0.0
2030-03-03 12:30:00,0.0
2030-03-03 12:45:00,0.0
2030-03-03 13:00:00,0.0
2030-03-03 13:15:00,0.0
2030-03-03 13:30:00,0.0
2030-03-03 13:45:00,0.0
2030-03-03 14:00:00,0.0
2030-03-03 14:15:00,0.0
2030-03-03 14:30:00,0.0
2030-03-03 14:45:00,0.0
2030-03-03 15:00:00,0.0
2030-03-03 15:15:00,0.0
2030-03-03 15:30:00,0.0
2030-03-03 15:45:00,0.0
2030-03-03 16:00:00,0.0
2030-03-03 16:15:00,0.0
2030-03-03 16:30:00,0.0
2030-03-03 16:45:00,180.15000586520546
2030-03-03 17:00:00,1197.837321617164
2030-03-03 17:15:00,2021.3323638934653
2030-03-03 17:30:00,2530.8610974587045
2030-03-03 17:45:00,2667.755921980981
2030-03-03 18:00:00,2571.584295366014
2030-03-03 18:15:00,2706.1979132337765
2030-03-03 18:30:00,2863.493078288295
2030-03-03 18:45:00,2706.370212241085
2030-03-03 19:00:00,2380.0310251758456
2030-03-03 19:15:00,1968.2679407798205
2030-03-03 19:30:00,1647.0757046907383
2030-03-03 19:45:00,1165.2224977763399
2030-03-03 20:00:00,664.5444591034611
2030-03-03 20:15:00,249.0281991007305
2030-03-03 20:30:00,0.0
2030-03-03 20:45:00,0.0
2030-03-03 21:00:00,0.0
2030-03-03 21:15:00,0.0
2030-03-03 21:30:00,0.0
2030-03-03 21:45:00,0.0
2030-03-03 22:00:00,0.0
2030-03-03 22:15:00,0.0
2030-03-03 22:30:00,0.0
2030-03-03 22:45:00,0.0
2030-03-03 23:00:00,0.0
2030-03-03 23:15:00,0.0
2030-03-03 23:30:00,0.0
2030-03-03 23:45:00,0.0
2030-03-04 00:00:00,0.0
2030-03-04 00:15:00,0.0
2030-03-04 00:30:00,0.0
2030-03-04 00:45:00,0.0
2030-03-04 01:00:00,0.0
2030-03-04 01:15:00,0.0
2030-03-04 01:30:00,0.0
2030-03-04 01:45:00,0.0
2030-03-04 02:00:00,0.0
2030-03-04 02:15:00,0.0
2030-03-04 02:30:00,0.0
2030-03-04 02:45:00,0.0
2030-03-04 03:00:00,0.0
2030-03-04 03:15:00,0.0
2030-03-04 03:30:00,0.0
2030-03-04 03:45:00,0.0
2030-03-04 04:00:00,0.0
2030-03-04 04:15:00,0.0
2030-03-04 04:30:00,0.0
2030-03-04 04:45:00,0.0
2030-03-04 05:00:00,0.0
2030-03-04 05:15:00,0.0
2030-03-04 05:30:00,0.0
2030-03-04 05:45:00,0.0
2030-03-04 06:00:00,0.0
2030-03-04 06:15:00,0.0
2030-03-04 06:30:00,0.0
2030-03-04 06:45:00,0.0
2030-03-04 07:00:00,0.0
2030-03-04 07:15:00,0.0
2030-03-04 07:30:00,0.0
2030-03-04 07:45:00,0.0
2030-03-04 08:00:00,0.0
2030-03-04 08:15:00,0.0
2030-03-04 08:30:00,0.0
2030-03-04 08:45:00,0.0
2030-03-04 09:00:00,0.0
2030-03-04 09:15:00,0.0
2030-03-04 09:30:00,0.0
2030-03-04 09:45:00,0.0
2030-03-04 10:00:00,0.0
2030-03-04 10:15:00,0.0
2030-03-04 10:30:00,0.0
2030-03-04 10:45:00,0.0
2030-03-04 11:00:00,0.0
2030-03-04 11:15:00,0.0
2030-03-04 11:30:00,0.0
2030-03-04 11:45:00,0.0
2030-03-04 12:00:00,0.0
2030-03-04 12:15:00,0.0
2030-03-04 12:30:00,0.0
2030-03-04 12:45:00,0.0
2030-03-04 13:00:00,0.0
2030-03-04 13:15:00,0.0
2030-03-04 13:30:00,0.0
2030-03-04 13:45:00,0.0
2030-03-04 14:00:00,0.0
2030-03-04 14:15:00,0.0
2030-03-04 14:30:00,0.0
2030-03-04 14:45:00,0.0
2030-03-04 15:00:00,0.0
2030-03-04 15:15:00,0.0
2030-03-04 15:30:00,0.0
2030-03-04 15:45:00,0.0
2030-03-04 16:00:00,0.0
2030-03-04 16:15:00,0.0
2030-03-04 16:30:00,0.0
2030-03-04 16:45:00,0.0
2030-03-04 17:00:00,0.0
2030-03-04 17:15:00,0.0
2030-03-04 17:30:00,0.0
2030-03-04 17:45:00,0.0
2030-03-04 18:00:00,0.0
2030-03-04 18:15:00,0.0
2030-03-04 18:30:00,0.0
2030-03-04 18:45:00,0.0
2030-03-04 19:00:00,0.0
2030-03-04 19:15:00,0.0
2030-03-04 19:30:00,0.0
2030-03-04 19:45:00,0.0
2030-03-04 20:00:00,0.0
2030-03-04 20:15:00,0.0
2030-03-04 20:30:00,0.0
2030-03-04 20:45:00,0.0
2030-03-04 21:00:00,0.0
2030-03-04 21:15:00,0.0
2030-03-04 21:30:00,0.0
2030-03-04 21:45:00,0.0
2030-03-04 22:00:00,0.0
2030-03-04 22:15:00,0.0
2030-03-04 22:30:00,3728.169425898668
2030-03-04 22:45:00,0.0
2030-03-04 23:00:00,0.0
2030-03-04 23:15:00,0.0
2030-03-04 23:30:00,0.0
2030-03-04 23:45:00,0.0
2030-03-05 00:00:00,0.0
2030-03-05 00:15:00,0.0
2030-03-05 00:30:00,0.0
2030-03-05 00:45:00,0.0
2030-03-05 01:00:00,0.0
2030-03-05 01:15:00,0.0
2030-03-05 01:30:00,0.0
2030-03-05 01:45:00,0.0
2030-03-05 02:00:00,0.0
2030-03-05 02:15:00,0.0
2030-03-05 02:30:00,0.0
2030-03-05 02:45:00,0.0
2030-03-05 03:00:00,0.0
2030-03-05 03:15:00,0.0
2030-03-05 03:30:00,0.0
2030-03-05 03:45:00,0.0
2030-03-05 04:00:00,0.0
2030-03-05 04:15:00,0.0
2030-03-05 04:30:00,0.0
2030-03-05 04:45:00,0.0
2030-03-05 05:00:00,0.0
2030-03-05 05:15:00,0.0
2030-03-05 05:30:00,0.0
2030-03-05 05:45:00,0.0
2030-03-05 06:00:00,0.0
2030-03-05 06:15:00,0.0
2030-03-05 06:30:00,0.0
2030-03-05 06:45:00,0.0
2030-03-05 07:00:00,0.0
2030-03-05 07:15:00,0.0
2030-03-05 07:30:00,0.0
2030-03-05 07:45:00,0.0
2030-03-05 08:00:00,0.0
2030-03-05 08:15:00,0.0
2030-03-05 08:30:00,0.0
2030-03-05 08:45:00,0.0
2030-03-05 09:00:00,0.0
2030-03-05 09:15:00,0.0
2030-03-05 09:30:00,0.0
2030-03-05 09:45:00,0.0
2030-03-05 10:00:00,0.0
2030-03-05 10:15:00,0.0
2030-03-05 10:30:00,0.0
2030-03-05 10:45:00,0.0
2030-03-05 11:00:00,0.0
2030-03-05 11:15:00,0.0
2030-03-05 11:30:00,0.0
2030-03-05 11:45:00,0.0
2030-03-05 12:00:00,0.0
2030-03-05 12:15:00,0.0
2030-03-05 12:30:00,0.0
2030-03-05 12:45:00,0.0
2030-03-05 13:00:00,0.0
2030-03-05 13:15:00,0.0
2030-03-05 13:30:00,0.0
2030-03-05 13:45:00,0.0
2030-03-05 14:00:00,0.0
2030-03-05 14:15:00,0.0
2030-03-05 14:30:00,0.0
2030-03-05 14:45:00,0.0
2030-03-05 15:00:00,0.0
2030-03-05 15:15:00,0.0
2030-03-05 15:30:00,0.0
2030-03-05 15:45:00,0.0
2030-03-05 16:00:00,0.0
2030-03-05 16:15:00,0.0
2030-03-05 16:30:00,0.0
2030-03-05 16:45:00,0.0
2030-03-05 17:00:00,0.0
2030-03-05 17:15:00,0.0
2030-03-05 17:30:00,0.0
2030-03-05 17:45:00,0.0
2030-03-05 18:00:00,0.0
2030-03-05 18:15:00,0.0
2030-03-05 18:30:00,0.0
2030-03-05 18:45:00,0.0
2030-03-05 19:00:00,0.0
2030-03-05 19:15:00,0.0
2030-03-05 19:30:00,0.0
2030-03-05 19:45:00,0.0
2030-03-05 20:00:00,0.0
2030-03-05 20:15:00,0.0
2030-03-05 20:30:00,0.0
2030-03-05 20:45:00,0.0
2030-03-05 21:00:00,0.0
2030-03-05 21:15:00,0.0
2030-03-05 21:30:00,0.0
2030-03-05 21:45:00,0.0
2030-03-05 22:00:00,0.0
2030-03-05 22:15:00,0.0
2030-03-05 22:30:00,0.0
2030-03-05 22:45:00,0.0
2030-03-05 23:00:00,0.0
2030-03-05 23:15:00,0.0
2030-03-05 23:30:00,0.0
2030-03-05 23:45:00,0.0
2030-03-06 00:00:00,0.0
2030-03-06 00:15:00,0.0
2030-03-06 00:30:00,0.0
2030-03-06 00:45:00,1196.6546829642648
2030-03-06 01:00:00,0.0
2030-03-06 01:15:00,0.0
2030-03-06 01:30:00,0.0
2030-03-06 01:45:00,0.0
2030-03-06 02:00:00,0.0
2030-03-06 02:15:00,0.0
2030-03-06 02:30:00,0.0
2030-03-06 02:45:00,0.0
2030-03-06 03:00:00,0.0
2030-03-06 03:15:00,0.0
2030-03-06 03:30:00,0.0
2030-03-06 03:45:00,0.0
2030-03-06 04:00:00,0.0
2030-03-06 04:15:00,0.0
2030-03-06 04:30:00,0.0
2030-03-06 04:45:00,0.0
2030-03-06 05:00:00,0.0
2030-03-06 05:15:00,0.0
2030-03-06 05:30:00,0.0
2030-03-06 05:45:00,0.0
2030-03-06 06:00:00,0.0
2030-03-06 06:15:00,0.0
2030-03-06 06:30:00,0.0
2030-03-06 06:45:00,0.0
2030-03-06 07:00:00,0.0
2030-03-06 07:15:00,0.0
2030-03-06 07:30:00,0.0
2030-03-06 07:45:00,0.0
2030-03-06 08:00:00,0.0
2030-03-06 08:15:00,0.0
2030-03-06 08:30:00,0.0
2030-03-06 08:45:00,0.0
2030-03-06 09:00:00,0.0
2030-03-06 09:15:00,0.0
2030-03-06 09:30:00,0.0
2030-03-06 09:45:00,0.0
2030-03-06 10:00:00,0.0
2030-03-06 10:15:00,0.0
2030-03-06 10:30:00,0.0
2030-03-06 10:45:00,0.0
2030-03-06 11:00:00,0.0
2030-03-06 11:15:00,0.0
2030-03-06 11:30:00,0.0
2030-03-06 11:45:00,0.0
2030-03-06 12:00:00,0.0
2030-03-06 12:15:00,0.0
2030-03-06 12:30:00,0.0
2030-03-06 12:45:00,0.0
2030-03-06 13:00:00,0.0
2030-03-06 13:15:00,0.0
2030-03-06 13:30:00,0.0
2030-03-06 13:45:00,0.0
2030-03-06 14:00:00,1167.232374186755
2030-03-06 14:15:00,0.0
2030-03-06 14:30:00,0.0
2030-03-06 14:45:00,0.0
2030-03-06 15:00:00,0.0
2030-03-06 15:15:00,0.0
2030-03-06 15:30:00,0.0
2030-03-06 15:45:00,0.0
2030-03-06 16:00:00,0.0
2030-03-06 16:15:00,0.0
2030-03-06 16:30:00,0.0
2030-03-06 16:45:00,0.0
2030-03-06 17:00:00,0.0
2030-03-06 17:15:00,375.89084073527556
2030-03-06 17:30:00,896.3497261107259
2030-03-06 17:45:00,1294.5055726655428
2030-03-06 18:00:00,1544.1521828209607
2030-03-06 18:15:00,1915.2087352978197
2030-03-06 18:30:00,1956.0681234150943
2030-03-06 18:45:00,1682.894559489252
2030-03-06 19:00:00,1182.1988626913226
2030-03-06 19:15:00,608.0714811399466
2030-03-06 19:30:00,285.29860242072755
2030-03-06 19:45:00,0.0
2030-03-06 20:00:00,0.0
2030-03-06 20:15:00,0.0
2030-03-06 20:30:00,0.0
2030-03-06 20:45:00,0.0
2030-03-06 21:00:00,0.0
2030-03-06 21:15:00,0.0
2030-03-06 21:30:00,0.0
2030-03-06 21:45:00,0.0
2030-03-06 22:00:00,0.0
2030-03-06 22:15:00,0.0
2030-03-06 22:30:00,0.0
2030-03-06 22:45:00,0.0
2030-03-06 23:00:00,0.0
2030-03-06 23:15:00,0.0
2030-03-06 23:30:00,0.0
2030-03-06 23:45:00,0.0
2030-03-07 00:00:00,0.0
2030-03-07 00:15:00,0.0
2030-03-07 00:30:00,0.0
2030-03-07 00:45:00,0.0
2030-03-07 01:00:00,0.0
2030-03-07 01:15:00,0.0
2030-03-07 01:30:00,0.0
2030-03-07 01:45:00,0.0
2030-03-07 02:00:00,0.0
2030-03-07 02:15:00,0.0
2030-03-07 02:30:00,0.0
2030-03-07 02:45:00,0.0
2030-03-07 03:00:00,0.0
2030-03-07 03:15:00,0.0
2030-03-07 03:30:00,0.0
2030-03-07 03:45:00,0.0
2030-03-07 04:00:00,0.0
2030-03-07 04:15:00,0.0
2030-03-07 04:30:00,0.0
2030-03-07 04:45:00,0.0
2030-03-07 05:00:00,0.0
2030-03-07 05:15:00,0.0
2030-03-07 05:30:00,0.0
2030-03-07 05:45:00,0.0
2030-03-07 06:00:00,0.0
2030-03-07 06:15:00,0.0
2030-03-07 06:30:00,0.0
2030-03-07 06:45:00,0.0
2030-03-07 07:00:00,0.0
2030-03-07 07:15:00,0.0
2030-03-07 07:30:00,0.0
2030-03-07 07:45:00,0.0
2030-03-07 08:00:00,0.0
2030-03-07 08:15:00,0.0
2030-03-07 08:30:00,0.0
2030-03-07 08:45:00,0.0
2030-03-07 09:00:00,0.0
2030-03-07 09:15:00,0.0
2030-03-07 09:30:00,0.0
2030-03-07 09:45:00,0.0
2030-03-07 10:00:00,0.0
2030-03-07 10:15:00,0.0
2030-03-07 10:30:00,0.0
2030-03-07 10:45:00,0.0
2030-03-07 11:00:00,0.0
2030-03-07 11:15:00,0.0
2030-03-07 11:30:00,0.0
2030-03-07 11:45:00,0.0
2030-03-07 12:00:00,0.0
2030-03-07 12:15:00,0.0
2030-03-07 12:30:00,0.0
2030-03-07 12:45:00,0.0
2030-03-07 13:00:00,0.0
2030-03-07 13:15:00,0.0
2030-03-07 13:30:00,0.0
2030-03-07 13:45:00,0.0
2030-03-07 14:00:00,0.0
2030-03-07 14:15:00,0.0
2030-03-07 14:30:00,0.0
2030-03-07 14:45:00,0.0
2030-03-07 15:00:00,0.0
2030-03-07 15:15:00,0.0
2030-03-07 15:30:00,0.0
2030-03-07 15:45:00,0.0
2030-03-07 16:00:00,0.0
2030-03-07 16:15:00,0.0
2030-03-07 16:30:00,0.0
2030-03-07 16:45:00,0.0
2030-03-07 17:00:00,0.0
2030-03-07 17:15:00,0.0
2030-03-07 17:30:00,0.0
2030-03-07 17:45:00,0.0
2030-03-07 18:00:00,0.0
2030-03-07 18:15:00,0.0
2030-03-07 18:30:00,0.0
2030-03-07 18:45:00,0.0
2030-03-07 19:00:00,0.0
2030-03-07 19:15:00,0.0
2030-03-07 19:30:00,0.0
2030-03-07 19:45:00,0.0
2030-03-07 20:00:00,0.0
2030-03-07 20:15:00,0.0
2030-03-07 20:30:00,2802.236503958906
2030-03-07 20:45:00,0.0
2030-03-07 21:00:00,0.0
2030-03-07 21:15:00,0.0
2030-03-07 21:30:00,0.0
2030-03-07 21:45:00,0.0
2030-03-07 22:00:00,0.0
2030-03-07 22:15:00,0.0
2030-03-07 22:30:00,0.0
2030-03-07 22:45:00,0.0
2030-03-07 23:00:00,0.0
2030-03-07 23:15:00,0.0
2030-03-07 23:30:00,0.0
2030-03-07 23:45:00,0.0
2030-03-08 00:00:00,0.0
2030-03-08 00:15:00,0.0
2030-03-08 00:30:00,0.0
2030-03-08 00:45:00,0.0
2030-03-08 01:00:00,0.0
2030-03-08 01:15:00,0.0
2030-03-08 01:30:00,0.0
2030-03-08 01:45:00,0.0
2030-03-08 02:00:00,0.0
2030-03-08 02:15:00,0.0
2030-03-08 02:30:00,0.0
2030-03-08 02:45:00,0.0
2030-03-08 03:00:00,0.0
2030-03-08 03:15:00,0.0
2030-03-08 03:30:00,0.0
2030-03-08 03:45:00,0.0
2030-03-08 04:00:00,0.0
2030-03-08 04:15:00,0.0
2030-03-08 04:30:00,0.0
2030-03-08 04:45:00,0.0
2030-03-08 05:00:00,0.0
2030-03-08 05:15:00,0.0
2030-03-08 05:30:00,0.0
2030-03-08 05:45:00,0.0
2030-03-08 06:00:00,0.0
2030-03-08 06:15:00,0.0
2030-03-08 06:30:00,0.0
2030-03-08 06:45:00,0.0
2030-03-08 07:00:00,0.0
2030-03-08 07:15:00,0.0
2030-03-08 07:30:00,0.0
2030-03-08 07:45:00,0.0
2030-03-08 08:00:00,0.0
2030-03-08 08:15:00,0.0
2030-03-08 08:30:00,0.0
2030-03-08 08:45:00,0.0
2030-03-08 09:00:00,0.0
2030-03-08 09:15:00,0.0
2030-03-08 09:30:00,0.0
2030-03-08 09:45:00,0.0
2030-03-08 10:00:00,0.0
2030-03-08 10:15:00,0.0
2030-03-08 10:30:00,0.0
2030-03-08 10:45:00,0.0
2030-03-08 11:00:00,0.0
2030-03-08 11:15:00,0.0
2030-03-08 11:30:00,0.0
2030-03-08 11:45:00,0.0
2030-03-08 12:00:00,0.0
2030-03-08 12:15:00,0.0
2030-03-08 12:30:00,0.0
2030-03-08 12:45:00,0.0
2030-03-08 13:00:00,0.0
2030-03-08 13:15:00,0.0
2030-03-08 13:30:00,0.0
2030-03-08 13:45:00,0.0
2030-03-08 14:00:00,0.0
2030-03-08 14:15:00,0.0
2030-03-08 14:30:00,0.0
2030-03-08 14:45:00,0.0
2030-03-08 15:00:00,0.0
2030-03-08 15:15:00,0.0
2030-03-08 15:30:00,0.0
2030-03-08 15:45:00,0.0
2030-03-08 16:00:00,0.0
2030-03-08 16:15:00,0.0
2030-03-08 16:30:00,0.0
2030-03-08 16:45:00,0.0
2030-03-08 17:00:00,0.0
2030-03-08 17:15:00,0.0
2030-03-08 17:30:00,0.0
2030-03-08 17:45:00,0.0
2030-03-08 18:00:00,0.0
2030-03-08 18:15:00,0.0
2030-03-08 18:30:00,0.0
2030-03-08 18:45:00,0.0
2030-03-08 19:00:00,0.0
2030-03-08 19:15:00,0.0
2030-03-08 19:30:00,1359.7015717023678
2030-03-08 19:45:00,0.0
2030-03-08 20:00:00,0.0
2030-03-08 20:15:00,0.0
2030-03-08 20:30:00,0.0
2030-03-08 20:45:00,0.0
2030-03-08 21:00:00,0.0
2030-03-08 21:15:00,0.0
2030-03-08 21:30:00,0.0
2030-03-08 21:45:00,0.0
2030-03-08 22:00:00,0.0
2030-03-08 22:15:00,0.0
2030-03-08 22:30:00,0.0
2030-03-08 22:45:00,0.0
2030-03-08 23:00:00,0.0
2030-03-08 23:15:00,0.0
2030-03-08 23:30:00,0.0
2030-03-08 23:45:00,0.0
2030-03-09 00:00:00,0.0
2030-03-09 00:15:00,0.0
2030-03-09 00:30:00,0.0
2030-03-09 00:45:00,0.0
2030-03-09 01:00:00,0.0
2030-03-09 01:15:00,0.0
2030-03-09 01:30:00,0.0
2030-03-09 01:45:00,0.0
2030-03-09 02:00:00,0.0
2030-03-09 02:15:00,0.0
2030-03-09 02:30:00,0.0
2030-03-09 02:45:00,0.0
2030-03-09 03:00:00,0.0
2030-03-09 03:15:00,0.0
2030-03-09 03:30:00,0.0
2030-03-09 03:45:00,0.0
2030-03-09 04:00:00,0.0
2030-03-09 04:15:00,0.0
2030-03-09 04:30:00,0.0
2030-03-09 04:45:00,0.0
2030-03-09 05:00:00,0.0
2030-03-09 05:15:00,0.0
2030-03-09 05:30:00,0.0
2030-03-09 05:45:00,0.0
2030-03-09 06:00:00,0.0
2030-03-09 06:15:00,0.0
2030-03-09 06:30:00,0.0
2030-03-09 06:45:00,0.0
2030-03-09 07:00:00,0.0
2030-03-09 07:15:00,0.0
2030-03-09 07:30:00,0.0
2030-03-09 07:45:00,0.0
2030-03-09 08:00:00,0.0
2030-03-09 08:15:00,0.0
2030-03-09 08:30:00,0.0
2030-03-09 08:45:00,0.0
2030-03-09 09:00:00,0.0
2030-03-09 09:15:00,0.0
2030-03-09 09:30:00,0.0
2030-03-09 09:45:00,0.0
2030-03-09 10:00:00,0.0
2030-03-09 10:15:00,0.0
2030-03-09 10:30:00,0.0
2030-03-09 10:45:00,0.0
2030-03-09 11:00:00,0.0
2030-03-09 11:15:00,0.0
2030-03-09 11:30:00,0.0
2030-03-09 11:45:00,0.0
2030-03-09 12:00:00,0.0
2030-03-09 12:15:00,0.0
2030-03-09 12:30:00,0.0
2030-03-09 12:45:00,0.0
2030-03-09 13:00:00,0.0
2030-03-09 13:15:00,0.0
2030-03-09 13:30:00,0.0
2030-03-09 13:45:00,0.0
2030-03-09 14:00:00,0.0
2030-03-09 14:15:00,0.0
2030-03-09 14:30:00,0.0
2030-03-09 14:45:00,0.0
2030-03-09 15:00:00,0.0
2030-03-09 15:15:00,0.0
2030-03-09 15:30:00,0.0
2030-03-09 15:45:00,0.0
2030-03-09 16:00:00,0.0
2030-03-09 16:15:00,0.0
2030-03-09 16:30:00,0.0
2030-03-09 16:45:00,0.0
2030-03-09 17:00:00,0.0
2030-03-09 17:15:00,0.0
2030-03-09 17:30:00,0.0
2030-03-09 17:45:00,221.0777056586012
2030-03-09 18:00:00,517.108965363579
2030-03-09 18:15:00,465.6621559843643
2030-03-09 18:30:00,301.56710292435855
2030-03-09 18:45:00,0.0
2030-03-09 19:00:00,0.0
2030-03-09 19:15:00,0.0
2030-03-09 19:30:00,0.0
2030-03-09 19:45:00,0.0
2030-03-09 20:00:00,0.0
2030-03-09 20:15:00,0.0
2030-03-09 20:30:00,0.0
2030-03-09 20:45:00,0.0
2030-03-09 21:00:00,0.0
2030-03-09 21:15:00,0.0
2030-03-09 21:30:00,0.0
2030-03-09 21:45:00,0.0
2030-03-09 22:00:00,0.0
2030-03-09 22:15:00,0.0
2030-03-09 22:30:00,0.0
2030-03-09 22:45:00,0.0
2030-03-09 23:00:00,0.0
2030-03-09 23:15:00,0.0
2030-03-09 23:30:00,0.0
2030-03-09 23:45:00,0.0
2030-03-10 00:00:00,0.0
2030-03-10 00:15:00,0.0
2030-03-10 00:30:00,0.0
2030-03-10 00:45:00,0.0
2030-03-10 01:00:00,0.0
2030-03-10 01:15:00,0.0
2030-03-10 01:30:00,0.0
2030-03-10 01:45:00,0.0
2030-03-10 02:00:00,0.0
2030-03-10 02:15:00,0.0
2030-03-10 02:30:00,0.0
2030-03-10 02:45:00,0.0
2030-03-10 03:00:00,0.0
2030-03-10 03:15:00,0.0
2030-03-10 03:30:00,0.0
2030-03-10 03:45:00,0.0
2030-03-10 04:00:00,0.0
2030-03-10 04:15:00,0.0
2030-03-10 04:30:00,0.0
2030-03-10 04:45:00,0.0
2030-03-10 05:00:00,0.0
2030-03-10 05:15:00,0.0
2030-03-10 05:30:00,0.0
2030-03-10 05:45:00,0.0
2030-03-10 06:00:00,0.0
2030-03-10 06:15:00,0.0
2030-03-10 06:30:00,0.0
2030-03-10 06:45:00,0.0
2030-03-10 07:00:00,0.0
2030-03-10 07:15:00,0.0
2030-03-10 07:30:00,0.0
2030-03-10 07:45:00,0.0
2030-03-10 08:00:00,0.0
2030-03-10 08:15:00,0.0
2030-03-10 08:30:00,0.0
2030-03-10 08:45:00,0.0
2030-03-10 09:00:00,0.0
2030-03-10 09:15:00,0.0
2030-03-10 09:30:00,0.0
2030-03-10 09:45:00,0.0
2030-03-10 10:00:00,0.0
2030-03-10 10:15:00,0.0
2030-03-10 10:30:00,0.0
2030-03-10 10:45:00,0.0
2030-03-10 11:00:00,0.0
2030-03-10 11:15:00,0.0
2030-03-10 11:30:00,0.0
2030-03-10 11:45:00,0.0
2030-03-10 12:00:00,0.0
2030-03-10 12:15:00,0.0
2030-03-10 12:30:00,0.0
2030-03-10 12:45:00,0.0
2030-03-10 13:00:00,0.0
2030-03-10 13:15:00,0.0
2030-03-10 13:30:00,0.0
2030-03-10 13:45:00,0.0
2030-03-10 14:00:00,0.0
2030-03-10 14:15:00,0.0
2030-03-10 14:30:00,0.0
2030-03-10 14:45:00,0.0
2030-03-10 15:00:00,0.0
2030-03-10 15:15:00,0.0
2030-03-10 15:30:00,0.0
2030-03-10 15:45:00,0.0
2030-03-10 16:00:00,0.0
2030-03-10 16:15:00,0.0
2030-03-10 16:30:00,0.0
2030-03-10 16:45:00,0.0
2030-03-10 17:00:00,0.0
2030-03-10 17:15:00,0.0
2030-03-10 17:30:00,0.0
2030-03-10 17:45:00,0.0
2030-03-10 18:00:00,0.0
2030-03-10 18:15:00,0.0
2030-03-10 18:30:00,0.0
2030-03-10 18:45:00,0.0
2030-03-10 19:00:00,0.0
2030-03-10 19:15:00,0.0
2030-03-10 19:30:00,0.0
2030-03-10 19:45:00,0.0
2030-03-10 20:00:00,0.0
2030-03-10 20:15:00,0.0
2030-03-10 20:30:00,0.0
2030-03-10 20:45:00,0.0
2030-03-10 21:00:00,0.0
2030-03-10 21:15:00,0.0
2030-03-10 21:30:00,0.0
2030-03-10 21:45:00,0.0
2030-03-10 22:00:00,0.0
2030-03-10 22:15:00,0.0
2030-03-10 22:30:00,0.0
2030-03-10 22:45:00,0.0
2030-03-10 23:00:00,0.0
2030-03-10 23:15:00,0.0
2030-03-10 23:30:00,0.0
2030-03-10 23:45:00,0.0
2030-03-11 00:00:00,0.0
2030-03-11 00:15:00,0.0
2030-03-11 00:30:00,0.0
2030-03-11 00:45:00,0.0
2030-03-11 01:00:00,0.0
2030-03-11 01:15:00,0.0
2030-03-11 01:30:00,0.0
2030-03-11 01:45:00,0.0
2030-03-11 02:00:00,0.0
2030-03-11 02:15:00,0.0
2030-03-11 02:30:00,0.0
2030-03-11 02:45:00,0.0
2030-03-11 03:00:00,0.0
2030-03-11 03:15:00,0.0
2030-03-11 03:30:00,0.0
2030-03-11 03:45:00,0.0
2030-03-11 04:00:00,0.0
2030-03-11 04:15:00,0.0
2030-03-11 04:30:00,0.0
2030-03-11 04:45:00,0.0
2030-03-11 05:00:00,0.0
2030-03-11 05:15:00,0.0
2030-03-11 05:30:00,0.0
2030-03-11 05:45:00,0.0
2030-03-11 06:00:00,0.0
2030-03-11 06:15:00,0.0
2030-03-11 06:30:00,0.0
2030-03-11 06:45:00,-1986.8168637123035
2030-03-11 07:00:00,-1823.5409398022857
2030-03-11 07:15:00,-1909.7814631988986
2030-03-11 07:30:00,-2360.779080419212
2030-03-11 07:45:00,-2501.0433004328697
2030-03-11 08:00:00,-2852.4629132778646
2030-03-11 08:15:00,-3096.997288334409
2030-03-11 08:30:00,-3367.0593993654693
2030-03-11 08:45:00,-3591.166696282853
2030-03-11 09:00:00,-4428.498724582827
2030-03-11 09:15:00,-4876.04571647953
2030-03-11 09:30:00,-5323.134165629177
2030-03-11 09:45:00,-5647.157958501921
2030-03-11 10:00:00,-6167.750637464502
2030-03-11 10:15:00,-6736.301704419111
2030-03-11 10:30:00,-7527.536389416116
2030-03-11 10:45:00,-7920.066685906655
2030-03-11 11:00:00,-8022.889105035654
2030-03-11 11:15:00,-8399.961641856222
2030-03-11 11:30:00,-8547.214110306024
2030-03-11 11:45:00,-8937.916531705174
2030-03-11 12:00:00,-9284.026221804474
2030-03-11 12:15:00,-9440.433052849632
2030-03-11 12:30:00,-9444.381693775558
2030-03-11 12:45:00,-9716.541601754205
2030-03-11 13:00:00,-9625.902787029692
2030-03-11 13:15:00,-9865.728349097364
2030-03-11 13:30:00,-10039.200506853133
2030-03-11 13:45:00,-10018.500426709994
2030-03-11 14:00:00,-9409.618977453923
2030-03-11 14:15:00,-9712.788928828126
2030-03-11 14:30:00,-8666.646417624488
2030-03-11 14:45:00,-7689.593552194903
2030-03-11 15:00:00,-7334.111726631931
2030-03-11 15:15:00,-6608.424015998113
2030-03-11 15:30:00,-5333.206997870468
2030-03-11 15:45:00,-4077.874735584097
2030-03-11 16:00:00,-3235.83548263953
2030-03-11 16:15:00,-2348.7914269376706
2030-03-11 16:30:00,-1393.015280124233
2030-03-11 16:45:00,-282.6017628653499
2030-03-11 17:00:00,0.0
2030-03-11 17:15:00,0.0
2030-03-11 17:30:00,0.0
2030-03-11 17:45:00,0.0
2030-03-11 18:00:00,0.0
2030-03-11 18:15:00,0.0
2030-03-11 18:30:00,0.0
2030-03-11 18:45:00,0.0
2030-03-11 19:00:00,0.0
2030-03-11 19:15:00,0.0
2030-03-11 19:30:00,0.0
2030-03-11 19:45:00,0.0
2030-03-11 20:00:00,0.0
2030-03-11 20:15:00,0.0
2030-03-11 20:30:00,0.0
2030-03-11 20:45:00,0.0
2030-03-11 21:00:00,0.0
2030-03-11 21:15:00,0.0
2030-03-11 21:30:00,0.0
2030-03-11 21:45:00,0.0
2030-03-11 22:00:00,0.0
2030-03-11 22:15:00,0.0
2030-03-11 22:30:00,0.0
2030-03-11 22:45:00,0.0
2030-03-11 23:00:00,0.0
2030-03-11 23:15:00,0.0
2030-03-11 23:30:00,0.0
2030-03-11 23:45:00,0.0
2030-03-12 00:00:00,0.0
2030-03-12 00:15:00,0.0
2030-03-12 00:30:00,0.0
2030-03-12 00:45:00,0.0
2030-03-12 01:00:00,0.0
2030-03-12 01:15:00,0.0
2030-03-12 01:30:00,0.0
2030-03-12 01:45:00,0.0
2030-03-12 02:00:00,0.0
2030-03-12 02:15:00,0.0
2030-03-12 02:30:00,0.0
2030-03-12 02:45:00,0.0
2030-03-12 03:00:00,0.0
2030-03-12 03:15:00,0.0
2030-03-12 03:30:00,0.0
2030-03-12 03:45:00,0.0
2030-03-12 04:00:00,0.0
2030-03-12 04:15:00,0.0
2030-03-12 04:30:00,0.0
2030-03-12 04:45:00,0.0
2030-03-12 05:00:00,0.0
2030-03-12 05:15:00,0.0
2030-03-12 05:30:00,0.0
2030-03-12 05:45:00,0.0
2030-03-12 06:00:00,0.0
2030-03-12 06:15:00,0.0
2030-03-12 06:30:00,0.0
2030-03-12 06:45:00,0.0
2030-03-12 07:00:00,0.0
2030-03-12 07:15:00,0.0
2030-03-12 07:30:00,0.0
2030-03-12 07:45:00,0.0
2030-03-12 08:00:00,0.0
2030-03-12 08:15:00,0.0
2030-03-12 08:30:00,0.0
2030-03-12 08:45:00,0.0
2030-03-12 09:00:00,0.0
2030-03-12 09:15:00,0.0
2030-03-12 09:30:00,0.0
2030-03-12 09:45:00,0.0
2030-03-12 10:00:00,0.0
2030-03-12 10:15:00,0.0
2030-03-12 10:30:00,0.0
2030-03-12 10:45:00,0.0
2030-03-12 11:00:00,0.0
2030-03-12 11:15:00,0.0
2030-03-12 11:30:00,0.0
2030-03-12 11:45:00,0.0
2030-03-12 12:00:00,0.0
2030-03-12 12:15:00,0.0
2030-03-12 12:30:00,0.0
2030-03-12 12:45:00,0.0
2030-03-12 13:00:00,0.0
2030-03-12 13:15:00,0.0
2030-03-12 13:30:00,0.0
2030-03-12 13:45:00,0.0
2030-03-12 14:00:00,0.0
2030-03-12 14:15:00,0.0
2030-03-12 14:30:00,0.0
2030-03-12 14:45:00,0.0
2030-03-12 15:00:00,0.0
2030-03-12 15:15:00,0.0
2030-03-12 15:30:00,0.0
2030-03-12 15:45:00,0.0
2030-03-12 16:00:00,0.0
2030-03-12 16:15:00,-512.5507574104595
2030-03-12 16:30:00,-4847.002392366365
2030-03-12 16:45:00,-4289.823763730619
2030-03-12 17:00:00,-3640.9660083183844
2030-03-12 17:15:00,-3398.0836565668396
2030-03-12 17:30:00,-2496.4838565758982
2030-03-12 17:45:00,-2387.2194763769367
2030-03-12 18:00:00,-2390.2003484482702
2030-03-12 18:15:00,-2073.766464755812
2030-03-12 18:30:00,-2139.899795954374
2030-03-12 18:45:00,-2038.0494674674665
2030-03-12 19:00:00,-2401.5068672179805
2030-03-12 19:15:00,-3365.8128638251656
2030-03-12 19:30:00,-4228.44369110942
2030-03-12 19:45:00,-4763.1897926941965
2030-03-12 20:00:00,-5110.471823238255
2030-03-12 20:15:00,-5615.996267650637
2030-03-12 20:30:00,-6091.955189392065
2030-03-12 20:45:00,-6568.452111811046
2030-03-12 21:00:00,-6675.795603794366
2030-03-12 21:15:00,-6852.01090280163
2030-03-12 21:30:00,-7039.263650791327
2030-03-12 21:45:00,-7053.7333001734005
2030-03-12 22:00:00,-6492.664271752201
2030-03-12 22:15:00,-6594.122530734432
2030-03-12 22:30:00,-6841.44540961488
2030-03-12 22:45:00,-7001.337060615824
2030-03-12 23:00:00,-7294.851041156826
2030-03-12 23:15:00,-7657.286972448594
2030-03-12 23:30:00,-8182.423770478528
2030-03-12 23:45:00,-8312.79756223663
2030-03-13 00:00:00,-8083.124369908854
2030-03-13 00:15:00,-8462.051144218884
2030-03-13 00:30:00,-8573.75175358865
2030-03-13 00:45:00,-8653.71664120861
2030-03-13 01:00:00,-8603.103646314607
2030-03-13 01:15:00,-8712.863282017866
2030-03-13 01:30:00,-8913.871701743998
2030-03-13 01:45:00,-8879.539511520028
2030-03-13 02:00:00,-9016.429926832254
2030-03-13 02:15:00,-8641.09928182657
2030-03-13 02:30:00,-8729.284904492719
2030-03-13 02:45:00,-8545.599317788206
2030-03-13 03:00:00,-8231.760782257314
2030-03-13 03:15:00,-8297.625115801016
2030-03-13 03:30:00,-8311.041810173689
2030-03-13 03:45:00,-8352.67578490732
2030-03-13 04:00:00,-8122.914456530269
2030-03-13 04:15:00,-8091.551468594793
2030-03-13 04:30:00,-8191.616703021802
2030-03-13 04:45:00,-8236.781277497406
2030-03-13 05:00:00,-8810.89508184863
2030-03-13 05:15:00,-8729.09772680818
2030-03-13 05:30:00,-8054.911079158541
2030-03-13 05:45:00,-7715.754894582238
2030-03-13 06:00:00,-7445.770329700674
2030-03-13 06:15:00,-7180.5012613879335
2030-03-13 06:30:00,-6787.009560258404
2030-03-13 06:45:00,-6703.57081077409
2030-03-13 07:00:00,-6748.5957025860225
2030-03-13 07:15:00,-7130.613968981976
2030-03-13 07:30:00,-7625.747905640557
2030-03-13 07:45:00,-8154.305370130092
2030-03-13 08:00:00,-8742.956831375574
2030-03-13 08:15:00,-9335.054742853146
2030-03-13 08:30:00,-9284.698834420917
2030-03-13 08:45:00,-9801.914163678604
2030-03-13 09:00:00,-10503.561955717272
2030-03-13 09:15:00,-10937.553059841575
2030-03-13 09:30:00,-11813.250008474857
2030-03-13 09:45:00,-12011.41556769593
2030-03-13 10:00:00,-12145.553824062303
2030-03-13 10:15:00,-12506.287503728283
2030-03-13 10:30:00,-12747.52237669515
2030-03-13 10:45:00,-12375.543056975479
2030-03-13 11:00:00,-12303.479400080494
2030-03-13 11:15:00,-12598.698704785002
2030-03-13 11:30:00,-12310.70969119625
2030-03-13 11:45:00,-11689.298031893606
2030-03-13 12:00:00,-10581.457640700333
2030-03-13 12:15:00,-10259.644027624046
2030-03-13 12:30:00,-10665.54713158264
2030-03-13 12:45:00,-9974.572902773776
2030-03-13 13:00:00,-9014.22885617496
2030-03-13 13:15:00,-8607.040864547209
2030-03-13 13:30:00,-8174.351186128271
2030-03-13 13:45:00,-7542.431402367263
2030-03-13 14:00:00,-7338.795648813764
2030-03-13 14:15:00,-8110.327238320362
2030-03-13 14:30:00,-8384.190209600361
2030-03-13 14:45:00,-8653.691355975705
2030-03-13 15:00:00,-8527.379817490608
2030-03-13 15:15:00,-8423.327236324705
2030-03-13 15:30:00,-8236.58831953914
2030-03-13 15:45:00,-8145.517494510292
2030-03-13 16:00:00,-7754.436298842356
2030-03-13 16:15:00,-7273.353279289975
2030-03-13 16:30:00,-7222.82534290936
2030-03-13 16:45:00,-7154.730531111607
2030-03-13 17:00:00,-6220.237412567694
2030-03-13 17:15:00,-5521.04956967679
2030-03-13 17:30:00,-4607.353759627709
2030-03-13 17:45:00,-4204.548480021545
2030-03-13 18:00:00,-3581.809347137685
2030-03-13 18:15:00,-3286.1338171272328
2030-03-13 18:30:00,-2881.377840610832
2030-03-13 18:45:00,-2743.5522369039973
2030-03-13 19:00:00,-2056.920310053156
2030-03-13 19:15:00,-1980.585921083999
2030-03-13 19:30:00,-1814.1418787852635
2030-03-13 19:45:00,-1343.6817500721263
2030-03-13 20:00:00,-779.6995279726361
2030-03-13 20:15:00,-700.468452531939
2030-03-13 20:30:00,-684.876309421983
2030-03-13 20:45:00,-375.936686883997
2030-03-13 21:00:00,-334.84503209541435
2030-03-13 21:15:00,-310.5294088141418
2030-03-13 21:30:00,-508.3456577967481
2030-03-13 21:45:00,-761.7469608558567
2030-03-13 22:00:00,-418.8270586897852
2030-03-13 22:15:00,-216.9574100318605
2030-03-13 22:30:00,-332.17289495104706
2030-03-13 22:45:00,-506.213453103137
2030-03-13 23:00:00,-623.5917511970474
2030-03-13 23:15:00,-794.8913099174206
2030-03-13 23:30:00,-821.0529216913383
2030-03-13 23:45:00,-712.0526681979827
2030-03-14 00:00:00,-950.5390416478294
2030-03-14 00:15:00,-1058.686337212519
2030-03-14 00:30:00,-1206.6180938464022
2030-03-14 00:45:00,-1473.4000696990734
2030-03-14 01:00:00,-1830.1885459121531
2030-03-14 01:15:00,-2087.2537444337486
2030-03-14 01:30:00,-2079.505875201339
2030-03-14 01:45:00,-2225.2468985815576
2030-03-14 02:00:00,-2152.0741452868206
2030-03-14 02:15:00,-2136.465716619945
2030-03-14 02:30:00,-1920.9013894956042
2030-03-14 02:45:00,-1853.7763726074318
2030-03-14 03:00:00,-1400.2453550738974
2030-03-14 03:15:00,-1294.717445808792
2030-03-14 03:30:00,-1366.0789697012024
2030-03-14 03:45:00,-1371.4481887908569
2030-03-14 04:00:00,-1780.1181216831064
2030-03-14 04:15:00,-1504.6180722525933
2030-03-14 04:30:00,-1250.7622019693736
2030-03-14 04:45:00,-1641.4932571508107
2030-03-14 05:00:00,-1545.1937449350007
2030-03-14 05:15:00,-1593.0649828449423
2030-03-14 05:30:00,-1404.0836846359125
2030-03-14 05:45:00,-915.7307574752194
2030-03-14 06:00:00,-152.92429389603421
2030-03-14 06:15:00,0.0
2030-03-14 06:30:00,0.0
2030-03-14 06:45:00,0.0
2030-03-14 07:00:00,0.0
2030-03-14 07:15:00,0.0
2030-03-14 07:30:00,0.0
2030-03-14 07:45:00,0.0
2030-03-14 08:00:00,0.0
2030-03-14 08:15:00,0.0
2030-03-14 08:30:00,0.0
2030-03-14 08:45:00,-914.220789429859
2030-03-14 09:00:00,-3420.8805078205514
2030-03-14 09:15:00,-4267.384229294526
2030-03-14 09:30:00,-4857.981399998338
2030-03-14 09:45:00,-5542.569376539806
2030-03-14 10:00:00,-5974.044697322835
2030-03-14 10:15:00,-6409.570398928463
2030-03-14 10:30:00,-7253.035552714609
2030-03-14 10:45:00,-7563.073719689266
2030-03-14 11:00:00,-8092.429947555647
2030-03-14 11:15:00,-8479.354181414725
2030-03-14 11:30:00,-8825.85106191981
2030-03-14 11:45:00,-9669.079674910168
2030-03-14 12:00:00,-10479.542914369511
2030-03-14 12:15:00,-10370.075369361006
2030-03-14 12:30:00,-10800.533894340573
2030-03-14 12:45:00,-11334.0803097489
2030-03-14 13:00:00,-11723.047873277595
2030-03-14 13:15:00,-12054.990025819054
2030-03-14 13:30:00,-12399.487846230419
2030-03-14 13:45:00,-12763.881718201548
2030-03-14 14:00:00,-13412.12596018822
2030-03-14 14:15:00,-13566.609604999448
2030-03-14 14:30:00,-13498.168283545634
2030-03-14 14:45:00,-13302.603033755313
2030-03-14 15:00:00,-13257.629986107284
2030-03-14 15:15:00,-13079.482460349565
2030-03-14 15:30:00,-12649.715451493943
2030-03-14 15:45:00,-11930.875074085012
2030-03-14 16:00:00,-11128.041571859765
2030-03-14 16:15:00,-10296.89240409209
2030-03-14 16:30:00,-9500.683336607923
2030-03-14 16:45:00,-8594.87565014934
2030-03-14 17:00:00,-7619.572430739678
2030-03-14 17:15:00,-6503.448493362135
2030-03-14 17:30:00,-5030.065829700849
2030-03-14 17:45:00,-3902.087253831851
2030-03-14 18:00:00,-3143.323289133419
2030-03-14 18:15:00,-2614.5727717996706
2030-03-14 18:30:00,-1949.9874710494623
2030-03-14 18:45:00,-1491.0168935489964
2030-03-14 19:00:00,-928.3601751671667
2030-03-14 19:15:00,-532.8907153046566
2030-03-14 19:30:00,-180.37630505705965
2030-03-14 19:45:00,0.0
2030-03-14 20:00:00,0.0
2030-03-14 20:15:00,0.0
2030-03-14 20:30:00,0.0
2030-03-14 20:45:00,0.0
2030-03-14 21:00:00,0.0
2030-03-14 21:15:00,0.0
2030-03-14 21:30:00,0.0
2030-03-14 21:45:00,0.0
2030-03-14 22:00:00,0.0
2030-03-14 22:15:00,0.0
2030-03-14 22:30:00,0.0
2030-03-14 22:45:00,0.0
2030-03-14 23:00:00,0.0
2030-03-14 23:15:00,0.0
2030-03-14 23:30:00,0.0
2030-03-14 23:45:00,-620.2563163315099
2030-03-15 00:00:00,-1027.9921900401168
2030-03-15 00:15:00,-1097.437275570548
2030-03-15 00:30:00,-1192.9572428176361
2030-03-15 00:45:00,-1266.4979453718297
2030-03-15 01:00:00,-1126.8331846507099
2030-03-15 01:15:00,-1314.8528545770096
2030-03-15 01:30:00,-1576.6320788680168
2030-03-15 01:45:00,-1660.332973528286
2030-03-15 02:00:00,-1619.0074990306202
2030-03-15 02:15:00,-1828.921510808581
2030-03-15 02:30:00,-1679.834900038295
2030-03-15 02:45:00,-1339.679969731238
2030-03-15 03:00:00,-1038.0548470568247
2030-03-15 03:15:00,-1156.4583997205264
2030-03-15 03:30:00,-1136.4129180314558
2030-03-15 03:45:00,-1085.8832934443635
2030-03-15 04:00:00,-883.518658217552
2030-03-15 04:15:00,-666.0521455277849
2030-03-15 04:30:00,-526.9695522033253
2030-03-15 04:45:00,-367.0265411961882
2030-03-15 05:00:00,0.0
2030-03-15 05:15:00,0.0
2030-03-15 05:30:00,0.0
2030-03-15 05:45:00,0.0
2030-03-15 06:00:00,0.0
2030-03-15 06:15:00,0.0
2030-03-15 06:30:00,0.0
2030-03-15 06:45:00,0.0
2030-03-15 07:00:00,0.0
2030-03-15 07:15:00,0.0
2030-03-15 07:30:00,0.0
2030-03-15 07:45:00,0.0
2030-03-15 08:00:00,0.0
2030-03-15 08:15:00,0.0
2030-03-15 08:30:00,0.0
2030-03-15 08:45:00,0.0
2030-03-15 09:00:00,0.0
2030-03-15 09:15:00,0.0
2030-03-15 09:30:00,0.0
2030-03-15 09:45:00,0.0
2030-03-15 10:00:00,0.0
2030-03-15 10:15:00,0.0
2030-03-15 10:30:00,0.0
2030-03-15 10:45:00,-4613.819433078606
2030-03-15 11:00:00,-7131.870186502205
2030-03-15 11:15:00,-7086.915582930957
2030-03-15 11:30:00,-7660.232898582821
2030-03-15 11:45:00,-7991.439153544168
2030-03-15 12:00:00,-7888.528244561072
2030-03-15 12:15:00,-8055.346513081888
2030-03-15 12:30:00,-7564.594175704424
2030-03-15 12:45:00,-7399.307973452451
2030-03-15 13:00:00,-6607.376697636897
2030-03-15 13:15:00,-6207.409049042082
2030-03-15 13:30:00,-6189.035399755034
2030-03-15 13:45:00,-5901.371832897068
2030-03-15 14:00:00,-4993.816854235007
2030-03-15 14:15:00,-4152.43572737604
2030-03-15 14:30:00,-3321.511169403202
2030-03-15 14:45:00,-2462.1553147328195
2030-03-15 15:00:00,-1263.0789684227238
2030-03-15 15:15:00,-281.5741863917319
2030-03-15 15:30:00,0.0
2030-03-15 15:45:00,0.0
2030-03-15 16:00:00,0.0
2030-03-15 16:15:00,0.0
2030-03-15 16:30:00,0.0
2030-03-15 16:45:00,0.0
2030-03-15 17:00:00,0.0
2030-03-15 17:15:00,0.0
2030-03-15 17:30:00,0.0
2030-03-15 17:45:00,0.0
2030-03-15 18:00:00,0.0
2030-03-15 18:15:00,0.0
2030-03-15 18:30:00,0.0
2030-03-15 18:45:00,0.0
2030-03-15 19:00:00,0.0
2030-03-15 19:15:00,0.0
2030-03-15 19:30:00,0.0
2030-03-15 19:45:00,0.0
2030-03-15 20:00:00,0.0
2030-03-15 20:15:00,0.0
2030-03-15 20:30:00,0.0
2030-03-15 20:45:00,0.0
2030-03-15 21:00:00,0.0
2030-03-15 21:15:00,0.0
2030-03-15 21:30:00,0.0
2030-03-15 21:45:00,0.0
2030-03-15 22:00:00,0.0
2030-03-15 22:15:00,0.0
2030-03-15 22:30:00,0.0
2030-03-15 22:45:00,0.0
2030-03-15 23:00:00,0.0
2030-03-15 23:15:00,0.0
2030-03-15 23:30:00,0.0
2030-03-15 23:45:00,0.0
2030-03-16 00:00:00,0.0
2030-03-16 00:15:00,0.0
2030-03-16 00:30:00,0.0
2030-03-16 00:45:00,0.0
2030-03-16 01:00:00,0.0
2030-03-16 01:15:00,0.0
2030-03-16 01:30:00,0.0
2030-03-16 01:45:00,0.0
2030-03-16 02:00:00,0.0
2030-03-16 02:15:00,0.0
2030-03-16 02:30:00,0.0
2030-03-16 02:45:00,0.0
2030-03-16 03:00:00,0.0
2030-03-16 03:15:00,0.0
2030-03-16 03:30:00,0.0
2030-03-16 03:45:00,0.0
2030-03-16 04:00:00,0.0
2030-03-16 04:15:00,0.0
2030-03-16 04:30:00,0.0
2030-03-16 04:45:00,0.0
2030-03-16 05:00:00,0.0
2030-03-16 05:15:00,0.0
2030-03-16 05:30:00,0.0
2030-03-16 05:45:00,0.0
2030-03-16 06:00:00,0.0
2030-03-16 06:15:00,0.0
2030-03-16 06:30:00,0.0
2030-03-16 06:45:00,0.0
2030-03-16 07:00:00,0.0
2030-03-16 07:15:00,0.0
2030-03-16 07:30:00,0.0
2030-03-16 07:45:00,0.0
2030-03-16 08:00:00,0.0
2030-03-16 08:15:00,0.0
2030-03-16 08:30:00,0.0
2030-03-16 08:45:00,0.0
2030-03-16 09:00:00,0.0
2030-03-16 09:15:00,0.0
2030-03-16 09:30:00,0.0
2030-03-16 09:45:00,0.0
2030-03-16 10:00:00,0.0
2030-03-16 10:15:00,0.0
2030-03-16 10:30:00,0.0
2030-03-16 10:45:00,0.0
2030-03-16 11:00:00,0.0
2030-03-16 11:15:00,0.0
2030-03-16 11:30:00,0.0
2030-03-16 11:45:00,5636.336941984322
2030-03-16 12:00:00,0.0
2030-03-16 12:15:00,0.0
2030-03-16 12:30:00,0.0
2030-03-16 12:45:00,0.0
2030-03-16 13:00:00,0.0
2030-03-16 13:15:00,0.0
2030-03-16 13:30:00,0.0
2030-03-16 13:45:00,0.0
2030-03-16 14:00:00,0.0
2030-03-16 14:15:00,0.0
2030-03-16 14:30:00,0.0
2030-03-16 14:45:00,0.0
2030-03-16 15:00:00,0.0
2030-03-16 15:15:00,0.0
2030-03-16 15:30:00,0.0
2030-03-16 15:45:00,0.0
2030-03-16 16:00:00,0.0
2030-03-16 16:15:00,0.0
2030-03-16 16:30:00,0.0
2030-03-16 16:45:00,0.0
2030-03-16 17:00:00,0.0
2030-03-16 17:15:00,0.0
2030-03-16 17:30:00,0.0
2030-03-16 17:45:00,0.0
2030-03-16 18:00:00,0.0
2030-03-16 18:15:00,0.0
2030-03-16 18:30:00,0.0
2030-03-16 18:45:00,0.0
2030-03-16 19:00:00,0.0
2030-03-16 19:15:00,0.0
2030-03-16 19:30:00,0.0
2030-03-16 19:45:00,0.0
2030-03-16 20:00:00,0.0
2030-03-16 20:15:00,0.0
2030-03-16 20:30:00,0.0
2030-03-16 20:45:00,0.0
2030-03-16 21:00:00,0.0
2030-03-16 21:15:00,0.0
2030-03-16 21:30:00,0.0
2030-03-16 21:45:00,0.0
2030-03-16 22:00:00,0.0
2030-03-16 22:15:00,0.0
2030-03-16 22:30:00,0.0
2030-03-16 22:45:00,0.0
2030-03-16 23:00:00,0.0
2030-03-16 23:15:00,0.0
2030-03-16 23:30:00,0.0
2030-03-16 23:45:00,0.0
2030-03-17 00:00:00,0.0
2030-03-17 00:15:00,0.0
2030-03-17 00:30:00,0.0
2030-03-17 00:45:00,0.0
2030-03-17 01:00:00,0.0
2030-03-17 01:15:00,0.0
2030-03-17 01:30:00,0.0
2030-03-17 01:45:00,0.0
2030-03-17 02:00:00,0.0
2030-03-17 02:15:00,0.0
2030-03-17 02:30:00,0.0
2030-03-17 02:45:00,0.0
2030-03-17 03:00:00,0.0
2030-03-17 03:15:00,0.0
2030-03-17 03:30:00,0.0
2030-03-17 03:45:00,0.0
2030-03-17 04:00:00,0.0
2030-03-17 04:15:00,0.0
2030-03-17 04:30:00,0.0
2030-03-17 04:45:00,0.0
2030-03-17 05:00:00,0.0
2030-03-17 05:15:00,0.0
2030-03-17 05:30:00,0.0
2030-03-17 05:45:00,0.0
2030-03-17 06:00:00,0.0
2030-03-17 06:15:00,0.0
2030-03-17 06:30:00,0.0
2030-03-17 06:45:00,0.0
2030-03-17 07:00:00,0.0
2030-03-17 07:15:00,0.0
2030-03-17 07:30:00,0.0
2030-03-17 07:45:00,0.0
2030-03-17 08:00:00,0.0
2030-03-17 08:15:00,0.0
2030-03-17 08:30:00,0.0
2030-03-17 08:45:00,0.0
2030-03-17 09:00:00,0.0
2030-03-17 09:15:00,0.0
2030-03-17 09:30:00,0.0
2030-03-17 09:45:00,0.0
2030-03-17 10:00:00,0.0
2030-03-17 10:15:00,0.0
2030-03-17 10:30:00,0.0
2030-03-17 10:45:00,0.0
2030-03-17 11:00:00,0.0
2030-03-17 11:15:00,0.0
2030-03-17 11:30:00,0.0
2030-03-17 11:45:00,0.0
2030-03-17 12:00:00,0.0
2030-03-17 12:15:00,0.0
2030-03-17 12:30:00,0.0
2030-03-17 12:45:00,0.0
2030-03-17 13:00:00,0.0
2030-03-17 13:15:00,0.0
2030-03-17 13:30:00,0.0
2030-03-17 13:45:00,0.0
2030-03-17 14:00:00,0.0
2030-03-17 14:15:00,0.0
2030-03-17 14:30:00,0.0
2030-03-17 14:45:00,0.0
2030-03-17 15:00:00,0.0
2030-03-17 15:15:00,0.0
2030-03-17 15:30:00,0.0
2030-03-17 15:45:00,0.0
2030-03-17 16:00:00,0.0
2030-03-17 16:15:00,0.0
2030-03-17 16:30:00,0.0
2030-03-17 16:45:00,0.0
2030-03-17 17:00:00,0.0
2030-03-17 17:15:00,0.0
2030-03-17 17:30:00,0.0
2030-03-17 17:45:00,3406.292314029568
2030-03-17 18:00:00,0.0
2030-03-17 18:15:00,0.0
2030-03-17 18:30:00,0.0
2030-03-17 18:45:00,0.0
2030-03-17 19:00:00,0.0
2030-03-17 19:15:00,0.0
2030-03-17 19:30:00,0.0
2030-03-17 19:45:00,0.0
2030-03-17 20:00:00,0.0
2030-03-17 20:15:00,0.0
2030-03-17 20:30:00,0.0
2030-03-17 20:45:00,0.0
2030-03-17 21:00:00,0.0
2030-03-17 21:15:00,0.0
2030-03-17 21:30:00,0.0
2030-03-17 21:45:00,0.0
2030-03-17 22:00:00,0.0
2030-03-17 22:15:00,0.0
2030-03-17 22:30:00,0.0
2030-03-17 22:45:00,0.0
2030-03-17 23:00:00,0.0
2030-03-17 23:15:00,0.0
2030-03-17 23:30:00,172.83349440629172
2030-03-17 23:45:00,0.0
2030-03-18 00:00:00,0.0
2030-03-18 00:15:00,0.0
2030-03-18 00:30:00,0.0
2030-03-18 00:45:00,0.0
2030-03-18 01:00:00,0.0
2030-03-18 01:15:00,0.0
2030-03-18 01:30:00,0.0
2030-03-18 01:45:00,0.0
2030-03-18 02:00:00,0.0
2030-03-18 02:15:00,0.0
2030-03-18 02:30:00,0.0
2030-03-18 02:45:00,0.0
2030-03-18 03:00:00,0.0
2030-03-18 03:15:00,0.0
2030-03-18 03:30:00,0.0
2030-03-18 03:45:00,0.0
2030-03-18 04:00:00,0.0
2030-03-18 04:15:00,0.0
2030-03-18 04:30:00,0.0
2030-03-18 04:45:00,0.0
2030-03-18 05:00:00,0.0
2030-03-18 05:15:00,0.0
2030-03-18 05:30:00,0.0
2030-03-18 05:45:00,0.0
2030-03-18 06:00:00,0.0
2030-03-18 06:15:00,0.0
2030-03-18 06:30:00,0.0
2030-03-18 06:45:00,0.0
2030-03-18 07:00:00,0.0
2030-03-18 07:15:00,0.0
2030-03-18 07:30:00,0.0
2030-03-18 07:45:00,0.0
2030-03-18 08:00:00,0.0
2030-03-18 08:15:00,0.0
2030-03-18 08:30:00,0.0
2030-03-18 08:45:00,0.0
2030-03-18 09:00:00,0.0
2030-03-18 09:15:00,0.0
2030-03-18 09:30:00,0.0
2030-03-18 09:45:00,0.0
2030-03-18 10:00:00,0.0
2030-03-18 10:15:00,0.0
2030-03-18 10:30:00,0.0
2030-03-18 10:45:00,0.0
2030-03-18 11:00:00,0.0
2030-03-18 11:15:00,0.0
2030-03-18 11:30:00,0.0
2030-03-18 11:45:00,0.0
2030-03-18 12:00:00,0.0
2030-03-18 12:15:00,0.0
2030-03-18 12:30:00,0.0
2030-03-18 12:45:00,0.0
2030-03-18 13:00:00,0.0
2030-03-18 13:15:00,0.0
2030-03-18 13:30:00,0.0
2030-03-18 13:45:00,0.0
2030-03-18 14:00:00,0.0
2030-03-18 14:15:00,0.0
2030-03-18 14:30:00,0.0
2030-03-18 14:45:00,0.0
2030-03-18 15:00:00,0.0
2030-03-18 15:15:00,0.0
2030-03-18 15:30:00,0.0
2030-03-18 15:45:00,0.0
2030-03-18 16:00:00,0.0
2030-03-18 16:15:00,0.0
2030-03-18 16:30:00,0.0
2030-03-18 16:45:00,0.0
2030-03-18 17:00:00,0.0
2030-03-18 17:15:00,0.0
2030-03-18 17:30:00,0.0
2030-03-18 17:45:00,0.0
2030-03-18 18:00:00,0.0
2030-03-18 18:15:00,658.785180065177
2030-03-18 18:30:00,1275.1963426327748
2030-03-18 18:45:00,1410.7007103012984
2030-03-18 19:00:00,1395.3978863467419
2030-03-18 19:15:00,1345.9789078522463
2030-03-18 19:30:00,1131.4934641793861
2030-03-18 19:45:00,801.1582999437342
2030-03-18 20:00:00,442.89826791660926
2030-03-18 20:15:00,24.659788300872606
2030-03-18 20:30:00,0.0
2030-03-18 20:45:00,0.0
2030-03-18 21:00:00,0.0
2030-03-18 21:15:00,0.0
2030-03-18 21:30:00,0.0
2030-03-18 21:45:00,0.0
2030-03-18 22:00:00,0.0
2030-03-18 22:15:00,0.0
2030-03-18 22:30:00,0.0
2030-03-18 22:45:00,0.0
2030-03-18 23:00:00,0.0
2030-03-18 23:15:00,0.0
2030-03-18 23:30:00,0.0
2030-03-18 23:45:00,0.0
2030-03-19 00:00:00,0.0
2030-03-19 00:15:00,0.0
2030-03-19 00:30:00,0.0
2030-03-19 00:45:00,0.0
2030-03-19 01:00:00,0.0
2030-03-19 01:15:00,0.0
2030-03-19 01:30:00,0.0
2030-03-19 01:45:00,0.0
2030-03-19 02:00:00,0.0
2030-03-19 02:15:00,0.0
2030-03-19 02:30:00,0.0
2030-03-19 02:45:00,0.0
2030-03-19 03:00:00,0.0
2030-03-19 03:15:00,0.0
2030-03-19 03:30:00,0.0
2030-03-19 03:45:00,0.0
2030-03-19 04:00:00,0.0
2030-03-19 04:15:00,0.0
2030-03-19 04:30:00,0.0
2030-03-19 04:45:00,0.0
2030-03-19 05:00:00,0.0
2030-03-19 05:15:00,0.0
2030-03-19 05:30:00,0.0
2030-03-19 05:45:00,0.0
2030-03-19 06:00:00,0.0
2030-03-19 06:15:00,0.0
2030-03-19 06:30:00,0.0
2030-03-19 06:45:00,0.0
2030-03-19 07:00:00,0.0
2030-03-19 07:15:00,0.0
2030-03-19 07:30:00,0.0
2030-03-19 07:45:00,0.0
2030-03-19 08:00:00,0.0
2030-03-19 08:15:00,0.0
2030-03-19 08:30:00,0.0
2030-03-19 08:45:00,0.0
2030-03-19 09:00:00,0.0
2030-03-19 09:15:00,0.0
2030-03-19 09:30:00,0.0
2030-03-19 09:45:00,0.0
2030-03-19 10:00:00,0.0
2030-03-19 10:15:00,0.0
2030-03-19 10:30:00,0.0
2030-03-19 10:45:00,0.0
2030-03-19 11:00:00,0.0
2030-03-19 11:15:00,0.0
2030-03-19 11:30:00,0.0
2030-03-19 11:45:00,0.0
2030-03-19 12:00:00,0.0
2030-03-19 12:15:00,0.0
2030-03-19 12:30:00,0.0
2030-03-19 12:45:00,0.0
2030-03-19 13:00:00,0.0
2030-03-19 13:15:00,0.0
2030-03-19 13:30:00,0.0
2030-03-19 13:45:00,0.0
2030-03-19 14:00:00,0.0
2030-03-19 14:15:00,0.0
2030-03-19 14:30:00,0.0
2030-03-19 14:45:00,0.0
2030-03-19 15:00:00,0.0
2030-03-19 15:15:00,0.0
2030-03-19 15:30:00,0.0
2030-03-19 15:45:00,0.0
2030-03-19 16:00:00,0.0
2030-03-19 16:15:00,0.0
2030-03-19 16:30:00,0.0
2030-03-19 16:45:00,0.0
2030-03-19 17:00:00,0.0
2030-03-19 17:15:00,0.0
2030-03-19 17:30:00,0.0
2030-03-19 17:45:00,0.0
2030-03-19 18:00:00,0.0
2030-03-19 18:15:00,355.5715513019986
2030-03-19 18:30:00,1591.1389209646914
2030-03-19 18:45:00,1700.1134640418622
2030-03-19 19:00:00,1835.406101032766
2030-03-19 19:15:00,1725.6935659134615
2030-03-19 19:30:00,1556.2748055998727
2030-03-19 19:45:00,1373.5966522294384
2030-03-19 20:00:00,1112.313474573686
2030-03-19 20:15:00,866.6442284411587
2030-03-19 20:30:00,549.6267199627764
2030-03-19 20:45:00,116.39949961769707
2030-03-19 21:00:00,0.0
2030-03-19 21:15:00,0.0
2030-03-19 21:30:00,0.0
2030-03-19 21:45:00,0.0
2030-03-19 22:00:00,0.0
2030-03-19 22:15:00,0.0
2030-03-19 22:30:00,0.0
2030-03-19 22:45:00,0.0
2030-03-19 23:00:00,0.0
2030-03-19 23:15:00,0.0
2030-03-19 23:30:00,0.0
2030-03-19 23:45:00,0.0
2030-03-20 00:00:00,0.0
2030-03-20 00:15:00,0.0
2030-03-20 00:30:00,0.0
2030-03-20 00:45:00,0.0
2030-03-20 01:00:00,0.0
2030-03-20 01:15:00,0.0
2030-03-20 01:30:00,0.0
2030-03-20 01:45:00,0.0
2030-03-20 02:00:00,0.0
2030-03-20 02:15:00,0.0
2030-03-20 02:30:00,0.0
2030-03-20 02:45:00,0.0
2030-03-20 03:00:00,0.0
2030-03-20 03:15:00,0.0
2030-03-20 03:30:00,0.0
2030-03-20 03:45:00,0.0
2030-03-20 04:00:00,0.0
2030-03-20 04:15:00,0.0
2030-03-20 04:30:00,0.0
2030-03-20 04:45:00,0.0
2030-03-20 05:00:00,0.0
2030-03-20 05:15:00,0.0
2030-03-20 05:30:00,0.0
2030-03-20 05:45:00,0.0
2030-03-20 06:00:00,0.0
2030-03-20 06:15:00,0.0
2030-03-20 06:30:00,0.0
2030-03-20 06:45:00,0.0
2030-03-20 07:00:00,0.0
2030-03-20 07:15:00,0.0
2030-03-20 07:30:00,0.0
2030-03-20 07:45:00,0.0
2030-03-20 08:00:00,0.0
2030-03-20 08:15:00,0.0
2030-03-20 08:30:00,0.0
2030-03-20 08:45:00,0.0
2030-03-20 09:00:00,0.0
2030-03-20 09:15:00,0.0
2030-03-20 09:30:00,0.0
2030-03-20 09:45:00,0.0
2030-03-20 10:00:00,0.0
2030-03-20 10:15:00,0.0
2030-03-20 10:30:00,0.0
2030-03-20 10:45:00,0.0
2030-03-20 11:00:00,0.0
2030-03-20 11:15:00,0.0
2030-03-20 11:30:00,0.0
2030-03-20 11:45:00,0.0
2030-03-20 12:00:00,0.0
2030-03-20 12:15:00,0.0
2030-03-20 12:30:00,0.0
2030-03-20 12:45:00,0.0
2030-03-20 13:00:00,0.0
2030-03-20 13:15:00,0.0
2030-03-20 13:30:00,0.0
2030-03-20 13:45:00,0.0
2030-03-20 14:00:00,0.0
2030-03-20 14:15:00,0.0
2030-03-20 14:30:00,0.0
2030-03-20 14:45:00,0.0
2030-03-20 15:00:00,0.0
2030-03-20 15:15:00,0.0
2030-03-20 15:30:00,0.0
2030-03-20 15:45:00,0.0
2030-03-20 16:00:00,0.0
2030-03-20 16:15:00,0.0
2030-03-20 16:30:00,0.0
2030-03-20 16:45:00,0.0
2030-03-20 17:00:00,0.0
2030-03-20 17:15:00,0.0
2030-03-20 17:30:00,0.0
2030-03-20 17:45:00,0.0
2030-03-20 18:00:00,0.0
2030-03-20 18:15:00,0.0
2030-03-20 18:30:00,0.0
2030-03-20 18:45:00,0.0
2030-03-20 19:00:00,8244.127802397199
2030-03-20 19:15:00,0.0
2030-03-20 19:30:00,0.0
2030-03-20 19:45:00,0.0
2030-03-20 20:00:00,0.0
2030-03-20 20:15:00,0.0
2030-03-20 20:30:00,0.0
2030-03-20 20:45:00,0.0
2030-03-20 21:00:00,0.0
2030-03-20 21:15:00,0.0
2030-03-20 21:30:00,0.0
2030-03-20 21:45:00,0.0
2030-03-20 22:00:00,0.0
2030-03-20 22:15:00,0.0
2030-03-20 22:30:00,0.0
2030-03-20 22:45:00,0.0
2030-03-20 23:00:00,0.0
2030-03-20 23:15:00,0.0
2030-03-20 23:30:00,0.0
2030-03-20 23:45:00,0.0
2030-03-21 00:00:00,0.0
2030-03-21 00:15:00,0.0
2030-03-21 00:30:00,0.0
2030-03-21 00:45:00,0.0
2030-03-21 01:00:00,0.0
2030-03-21 01:15:00,0.0
2030-03-21 01:30:00,0.0
2030-03-21 01:45:00,0.0
2030-03-21 02:00:00,0.0
2030-03-21 02:15:00,0.0
2030-03-21 02:30:00,0.0
2030-03-21 02:45:00,0.0
2030-03-21 03:00:00,0.0
2030-03-21 03:15:00,0.0
2030-03-21 03:30:00,0.0
2030-03-21 03:45:00,0.0
2030-03-21 04:00:00,0.0
2030-03-21 04:15:00,0.0
2030-03-21 04:30:00,0.0
2030-03-21 04:45:00,0.0
2030-03-21 05:00:00,0.0
2030-03-21 05:15:00,0.0
2030-03-21 05:30:00,0.0
2030-03-21 05:45:00,0.0
2030-03-21 06:00:00,0.0
2030-03-21 06:15:00,0.0
2030-03-21 06:30:00,0.0
2030-03-21 06:45:00,0.0
2030-03-21 07:00:00,0.0
2030-03-21 07:15:00,0.0
2030-03-21 07:30:00,0.0
2030-03-21 07:45:00,0.0
2030-03-21 08:00:00,0.0
2030-03-21 08:15:00,0.0
2030-03-21 08:30:00,0.0
2030-03-21 08:45:00,0.0
2030-03-21 09:00:00,0.0
2030-03-21 09:15:00,0.0
2030-03-21 09:30:00,0.0
2030-03-21 09:45:00,0.0
2030-03-21 10:00:00,0.0
2030-03-21 10:15:00,0.0
2030-03-21 10:30:00,0.0
2030-03-21 10:45:00,0.0
2030-03-21 11:00:00,0.0
2030-03-21 11:15:00,0.0
2030-03-21 11:30:00,0.0
2030-03-21 11:45:00,0.0
2030-03-21 12:00:00,0.0
2030-03-21 12:15:00,0.0
2030-03-21 12:30:00,0.0
2030-03-21 12:45:00,0.0
2030-03-21 13:00:00,0.0
2030-03-21 13:15:00,0.0
2030-03-21 13:30:00,0.0
2030-03-21 13:45:00,0.0
2030-03-21 14:00:00,0.0
2030-03-21 14:15:00,0.0
2030-03-21 14:30:00,0.0
2030-03-21 14:45:00,0.0
2030-03-21 15:00:00,0.0
2030-03-21 15:15:00,0.0
2030-03-21 15:30:00,0.0
2030-03-21 15:45:00,0.0
2030-03-21 16:00:00,0.0
2030-03-21 16:15:00,0.0
2030-03-21 16:30:00,0.0
2030-03-21 16:45:00,0.0
2030-03-21 17:00:00,0.0
2030-03-21 17:15:00,0.0
2030-03-21 17:30:00,0.0
2030-03-21 17:45:00,0.0
2030-03-21 18:00:00,0.0
2030-03-21 18:15:00,0.0
2030-03-21 18:30:00,0.0
2030-03-21 18:45:00,0.0
2030-03-21 19:00:00,0.0
2030-03-21 19:15:00,0.0
2030-03-21 19:30:00,0.0
2030-03-21 19:45:00,0.0
2030-03-21 20:00:00,0.0
2030-03-21 20:15:00,0.0
2030-03-21 20:30:00,0.0
2030-03-21 20:45:00,0.0
2030-03-21 21:00:00,0.0
2030-03-21 21:15:00,0.0
2030-03-21 21:30:00,0.0
2030-03-21 21:45:00,0.0
2030-03-21 22:00:00,0.0
2030-03-21 22:15:00,0.0
2030-03-21 22:30:00,0.0
2030-03-21 22:45:00,0.0
2030-03-21 23:00:00,0.0
2030-03-21 23:15:00,0.0
2030-03-21 23:30:00,0.0
2030-03-21 23:45:00,0.0
2030-03-22 00:00:00,0.0
2030-03-22 00:15:00,0.0
2030-03-22 00:30:00,0.0
2030-03-22 00:45:00,0.0
2030-03-22 01:00:00,0.0
2030-03-22 01:15:00,0.0
2030-03-22 01:30:00,0.0
2030-03-22 01:45:00,0.0
2030-03-22 02:00:00,0.0
2030-03-22 02:15:00,0.0
2030-03-22 02:30:00,0.0
2030-03-22 02:45:00,0.0
2030-03-22 03:00:00,0.0
2030-03-22 03:15:00,0.0
2030-03-22 03:30:00,0.0
2030-03-22 03:45:00,0.0
2030-03-22 04:00:00,0.0
2030-03-22 04:15:00,0.0
2030-03-22 04:30:00,0.0
2030-03-22 04:45:00,0.0
2030-03-22 05:00:00,0.0
2030-03-22 05:15:00,0.0
2030-03-22 05:30:00,0.0
2030-03-22 05:45:00,0.0
2030-03-22 06:00:00,0.0
2030-03-22 06:15:00,0.0
2030-03-22 06:30:00,0.0
2030-03-22 06:45:00,0.0
2030-03-22 07:00:00,0.0
2030-03-22 07:15:00,0.0
2030-03-22 07:30:00,0.0
2030-03-22 07:45:00,0.0
2030-03-22 08:00:00,0.0
2030-03-22 08:15:00,0.0
2030-03-22 08:30:00,0.0
2030-03-22 08:45:00,0.0
2030-03-22 09:00:00,0.0
2030-03-22 09:15:00,0.0
2030-03-22 09:30:00,0.0
2030-03-22 09:45:00,0.0
2030-03-22 10:00:00,0.0
2030-03-22 10:15:00,0.0
2030-03-22 10:30:00,0.0
2030-03-22 10:45:00,0.0
2030-03-22 11:00:00,0.0
2030-03-22 11:15:00,0.0
2030-03-22 11:30:00,0.0
2030-03-22 11:45:00,0.0
2030-03-22 12:00:00,0.0
2030-03-22 12:15:00,0.0
2030-03-22 12:30:00,0.0
2030-03-22 12:45:00,0.0
2030-03-22 13:00:00,0.0
2030-03-22 13:15:00,0.0
2030-03-22 13:30:00,0.0
2030-03-22 13:45:00,0.0
2030-03-22 14:00:00,0.0
2030-03-22 14:15:00,0.0
2030-03-22 14:30:00,0.0
2030-03-22 14:45:00,0.0
2030-03-22 15:00:00,0.0
2030-03-22 15:15:00,0.0
2030-03-22 15:30:00,0.0
2030-03-22 15:45:00,0.0
2030-03-22 16:00:00,0.0
2030-03-22 16:15:00,0.0
2030-03-22 16:30:00,0.0
2030-03-22 16:45:00,0.0
2030-03-22 17:00:00,0.0
2030-03-22 17:15:00,0.0
2030-03-22 17:30:00,0.0
2030-03-22 17:45:00,0.0
2030-03-22 18:00:00,0.0
2030-03-22 18:15:00,0.0
2030-03-22 18:30:00,0.0
2030-03-22 18:45:00,0.0
2030-03-22 19:00:00,0.0
2030-03-22 19:15:00,0.0
2030-03-22 19:30:00,0.0
2030-03-22 19:45:00,0.0
2030-03-22 20:00:00,0.0
2030-03-22 20:15:00,0.0
2030-03-22 20:30:00,0.0
2030-03-22 20:45:00,0.0
2030-03-22 21:00:00,0.0
2030-03-22 21:15:00,0.0
2030-03-22 21:30:00,0.0
2030-03-22 21:45:00,0.0
2030-03-22 22:00:00,0.0
2030-03-22 22:15:00,0.0
2030-03-22 22:30:00,0.0
2030-03-22 22:45:00,0.0
2030-03-22 23:00:00,0.0
2030-03-22 23:15:00,0.0
2030-03-22 23:30:00,0.0
2030-03-22 23:45:00,0.0
2030-03-23 00:00:00,0.0
2030-03-23 00:15:00,0.0
2030-03-23 00:30:00,0.0
2030-03-23 00:45:00,-3986.1198879819694
2030-03-23 01:00:00,-7390.5827604216065
2030-03-23 01:15:00,-7457.29107614195
2030-03-23 01:30:00,-7488.548678698562
2030-03-23 01:45:00,-7492.002436696113
2030-03-23 02:00:00,-7651.642007849248
2030-03-23 02:15:00,-7671.8742865612385
2030-03-23 02:30:00,-7696.074008865879
2030-03-23 02:45:00,-7348.540314539439
2030-03-23 03:00:00,-7031.753077688771
2030-03-23 03:15:00,-6972.768787349391
2030-03-23 03:30:00,-6817.478105802669
2030-03-23 03:45:00,-6608.869496160512
2030-03-23 04:00:00,-6429.545944621723
2030-03-23 04:15:00,-6449.592397654909
2030-03-23 04:30:00,-6362.118595118713
2030-03-23 04:45:00,-6372.579203218364
2030-03-23 05:00:00,-6033.83263632052
2030-03-23 05:15:00,-6063.4357310419255
2030-03-23 05:30:00,-6028.800544679565
2030-03-23 05:45:00,-5864.712396152179
2030-03-23 06:00:00,-5311.531394674872
2030-03-23 06:15:00,-4789.906153678094
2030-03-23 06:30:00,-4311.921248850624
2030-03-23 06:45:00,-4191.675378525761
2030-03-23 07:00:00,-4266.964708746724
2030-03-23 07:15:00,-4508.923529962765
2030-03-23 07:30:00,-4791.904314978779
2030-03-23 07:45:00,-4559.939159458354
2030-03-23 08:00:00,-4722.867445460175
2030-03-23 08:15:00,-4796.680481504416
2030-03-23 08:30:00,-4852.98818353545
2030-03-23 08:45:00,-5165.914490136114
2030-03-23 09:00:00,-5995.552353192168
2030-03-23 09:15:00,-6132.694498742272
2030-03-23 09:30:00,-6419.536075516196
2030-03-23 09:45:00,-6600.501296724702
2030-03-23 10:00:00,-6525.42898109174
2030-03-23 10:15:00,-6549.909308030979
2030-03-23 10:30:00,-6433.433325252045
2030-03-23 10:45:00,-6192.302980295823
2030-03-23 11:00:00,-6458.76294884838
2030-03-23 11:15:00,-6427.443006947182
2030-03-23 11:30:00,-6054.486485297253
2030-03-23 11:45:00,-6052.057627852559
2030-03-23 12:00:00,-5762.801879030532
2030-03-23 12:15:00,-5620.368378632011
2030-03-23 12:30:00,-5088.942875699049
2030-03-23 12:45:00,-4819.188492918656
2030-03-23 13:00:00,-4254.04086946313
2030-03-23 13:15:00,-4320.1906696377555
2030-03-23 13:30:00,-4667.947860226093
2030-03-23 13:45:00,-4704.220813983007
2030-03-23 14:00:00,-4784.891294010591
2030-03-23 14:15:00,-4535.331493985435
2030-03-23 14:30:00,-4304.053685112747
2030-03-23 14:45:00,-4286.574700561134
2030-03-23 15:00:00,-4026.042493282377
2030-03-23 15:15:00,-3518.460710524094
2030-03-23 15:30:00,-3104.8138157351896
2030-03-23 15:45:00,-2324.2689730743296
2030-03-23 16:00:00,-1504.2801297818369
2030-03-23 16:15:00,-857.0395662571136
2030-03-23 16:30:00,0.0
2030-03-23 16:45:00,0.0
2030-03-23 17:00:00,0.0
2030-03-23 17:15:00,0.0
2030-03-23 17:30:00,0.0
2030-03-23 17:45:00,0.0
2030-03-23 18:00:00,0.0
2030-03-23 18:15:00,0.0
2030-03-23 18:30:00,0.0
2030-03-23 18:45:00,0.0
2030-03-23 19:00:00,0.0
2030-03-23 19:15:00,0.0
2030-03-23 19:30:00,0.0
2030-03-23 19:45:00,0.0
2030-03-23 20:00:00,0.0
2030-03-23 20:15:00,0.0
2030-03-23 20:30:00,0.0
2030-03-23 20:45:00,0.0
2030-03-23 21:00:00,0.0
2030-03-23 21:15:00,0.0
2030-03-23 21:30:00,0.0
2030-03-23 21:45:00,0.0
2030-03-23 22:00:00,0.0
2030-03-23 22:15:00,0.0
2030-03-23 22:30:00,0.0
2030-03-23 22:45:00,0.0
2030-03-23 23:00:00,0.0
2030-03-23 23:15:00,0.0
2030-03-23 23:30:00,0.0
2030-03-23 23:45:00,0.0
2030-03-24 00:00:00,0.0
2030-03-24 00:15:00,0.0
2030-03-24 00:30:00,0.0
2030-03-24 00:45:00,0.0
2030-03-24 01:00:00,0.0
2030-03-24 01:15:00,0.0
2030-03-24 01:30:00,-4168.72145208037
2030-03-24 01:45:00,-6553.139638543111
2030-03-24 02:00:00,-6870.296881994987
2030-03-24 02:15:00,-7023.263210718544
2030-03-24 02:30:00,-6808.172187401318
2030-03-24 02:45:00,-6936.879950937033
2030-03-24 03:00:00,-6857.288847404174
2030-03-24 03:15:00,-6470.028687347261
2030-03-24 03:30:00,-6458.410159769226
2030-03-24 03:45:00,-6159.600133690248
2030-03-24 04:00:00,-6430.597450866799
2030-03-24 04:15:00,-6367.178401300904
2030-03-24 04:30:00,-6518.658908103298
2030-03-24 04:45:00,-6861.128919170527
2030-03-24 05:00:00,-6870.972764554015
2030-03-24 05:15:00,-6638.905691415352
2030-03-24 05:30:00,-6745.373565509104
2030-03-24 05:45:00,-6878.880279318022
2030-03-24 06:00:00,-6082.456870795766
2030-03-24 06:15:00,-6232.424073329719
2030-03-24 06:30:00,-6428.161776339042
2030-03-24 06:45:00,-6818.720165596722
2030-03-24 07:00:00,-7014.475816593
2030-03-24 07:15:00,-7161.854156252735
2030-03-24 07:30:00,-8091.628476393602
2030-03-24 07:45:00,-8758.86873082328
2030-03-24 08:00:00,-9603.755612027238
2030-03-24 08:15:00,-10608.071445720529
2030-03-24 08:30:00,-11983.482899697086
2030-03-24 08:45:00,-13514.739975465345
2030-03-24 09:00:00,-15372.684556559234
2030-03-24 09:15:00,-16978.20426284827
2030-03-24 09:30:00,-18015.944862819957
2030-03-24 09:45:00,-19141.80499508273
2030-03-24 10:00:00,-20034.979695045382
2030-03-24 10:15:00,-20661.346006257856
2030-03-24 10:30:00,-21097.208778278153
2030-03-24 10:45:00,-21226.97492974573
2030-03-24 11:00:00,-21430.878466965263
2030-03-24 11:15:00,-21091.705866751417
2030-03-24 11:30:00,-20729.50358107945
2030-03-24 11:45:00,-20616.207247906015
2030-03-24 12:00:00,-20073.79758507538
2030-03-24 12:15:00,-19712.35554850058
2030-03-24 12:30:00,-19465.66915630616
2030-03-24 12:45:00,-19122.52688176803
2030-03-24 13:00:00,-18686.249905019642
2030-03-24 13:15:00,-18871.08821804876
2030-03-24 13:30:00,-18661.78318625447
2030-03-24 13:45:00,-18404.919541511037
2030-03-24 14:00:00,-17934.530579749407
2030-03-24 14:15:00,-17464.77088787365
2030-03-24 14:30:00,-16761.344545889035
2030-03-24 14:45:00,-16385.55189940642
2030-03-24 15:00:00,-15304.589416217117
2030-03-24 15:15:00,-13521.369175664997
2030-03-24 15:30:00,-12038.267800823476
2030-03-24 15:45:00,-10641.57881216658
2030-03-24 16:00:00,-9270.891012998265
2030-03-24 16:15:00,-7750.695581110322
2030-03-24 16:30:00,-6154.15404347498
2030-03-24 16:45:00,-4435.383259420516
2030-03-24 17:00:00,-2381.2983275528604
2030-03-24 17:15:00,-339.6531830318054
2030-03-24 17:30:00,0.0
2030-03-24 17:45:00,0.0
2030-03-24 18:00:00,0.0
2030-03-24 18:15:00,0.0
2030-03-24 18:30:00,0.0
2030-03-24 18:45:00,0.0
2030-03-24 19:00:00,0.0
2030-03-24 19:15:00,0.0
2030-03-24 19:30:00,0.0
2030-03-24 19:45:00,0.0
2030-03-24 20:00:00,0.0
2030-03-24 20:15:00,0.0
2030-03-24 20:30:00,0.0
2030-03-24 20:45:00,0.0
2030-03-24 21:00:00,0.0
2030-03-24 21:15:00,0.0
2030-03-24 21:30:00,0.0
2030-03-24 21:45:00,0.0
2030-03-24 22:00:00,0.0
2030-03-24 22:15:00,0.0
2030-03-24 22:30:00,0.0
2030-03-24 22:45:00,0.0
2030-03-24 23:00:00,0.0
2030-03-24 23:15:00,-3795.695347184992
2030-03-24 23:30:00,-6157.558241284867
2030-03-24 23:45:00,-6577.3029743289335
2030-03-25 00:00:00,-7644.3179028225
2030-03-25 00:15:00,-8145.935284739589
2030-03-25 00:30:00,-8414.753923238712
2030-03-25 00:45:00,-8518.657675600793
2030-03-25 01:00:00,-7565.584811476949
2030-03-25 01:15:00,-7895.6577987070195
2030-03-25 01:30:00,-8281.994638772168
2030-03-25 01:45:00,-8153.832314586294
2030-03-25 02:00:00,-7854.257449666326
2030-03-25 02:15:00,-7695.966435970347
2030-03-25 02:30:00,-7607.729221346195
2030-03-25 02:45:00,-7509.361012773439
2030-03-25 03:00:00,-7158.377101240318
2030-03-25 03:15:00,-6532.3117694878
2030-03-25 03:30:00,-5878.917331257273
2030-03-25 03:45:00,-5652.865322440719
2030-03-25 04:00:00,-5203.396799504957
2030-03-25 04:15:00,-5090.553576228936
2030-03-25 04:30:00,-5178.015317546242
2030-03-25 04:45:00,-5112.032181332626
2030-03-25 05:00:00,-4748.6769407295815
2030-03-25 05:15:00,-4469.255381385723
2030-03-25 05:30:00,-4388.828691392197
2030-03-25 05:45:00,-4403.344766904669
2030-03-25 06:00:00,-4704.507264313828
2030-03-25 06:15:00,-4959.234194865567
2030-03-25 06:30:00,-5224.878823596544
2030-03-25 06:45:00,-5500.728349413999
2030-03-25 07:00:00,-6848.126164729139
2030-03-25 07:15:00,-8051.691164845337
2030-03-25 07:30:00,-9225.839683397955
2030-03-25 07:45:00,-10600.557954974814
2030-03-25 08:00:00,-12185.204642050208
2030-03-25 08:15:00,-13550.244024421718
2030-03-25 08:30:00,-14709.502671138649
2030-03-25 08:45:00,-15615.477990687148
2030-03-25 09:00:00,-16265.273048883239
2030-03-25 09:15:00,-17523.12910022025
2030-03-25 09:30:00,-18763.554959454974
2030-03-25 09:45:00,-19756.358671110927
2030-03-25 10:00:00,-20990.649554208598
2030-03-25 10:15:00,-21572.17360576114
2030-03-25 10:30:00,-22254.678132498328
2030-03-25 10:45:00,-22527.189340396628
2030-03-25 11:00:00,-22381.642282398454
2030-03-25 11:15:00,-21963.333505279064
2030-03-25 11:30:00,-21946.956678000348
2030-03-25 11:45:00,-22554.230661945843
2030-03-25 12:00:00,-22043.040875211223
2030-03-25 12:15:00,-21444.591428482527
2030-03-25 12:30:00,-21129.10319493753
2030-03-25 12:45:00,-20715.29211702966
2030-03-25 13:00:00,-20629.71357348084
2030-03-25 13:15:00,-20511.440965493628
2030-03-25 13:30:00,-19922.32305871456
2030-03-25 13:45:00,-19097.335318547775
2030-03-25 14:00:00,-17595.76629012866
2030-03-25 14:15:00,-16248.074462010642
2030-03-25 14:30:00,-15711.00232322024
2030-03-25 14:45:00,-14903.379227756435
2030-03-25 15:00:00,-14064.098647280924
2030-03-25 15:15:00,-12849.702538956211
2030-03-25 15:30:00,-11671.351068029137
2030-03-25 15:45:00,-10844.48513934269
2030-03-25 16:00:00,-10029.200922945074
2030-03-25 16:15:00,-8964.69108220283
2030-03-25 16:30:00,-8339.253772386095
2030-03-25 16:45:00,-6997.205578242509
2030-03-25 17:00:00,-5352.888480016707
2030-03-25 17:15:00,-4146.037730795608
2030-03-25 17:30:00,-3230.6774105109434
2030-03-25 17:45:00,-2146.6135386131173
2030-03-25 18:00:00,-1249.7832085859336
2030-03-25 18:15:00,-941.3668900754055
2030-03-25 18:30:00,-1112.845309935161
2030-03-25 18:45:00,-1255.9180137212315
2030-03-25 19:00:00,-1523.6302166433125
2030-03-25 19:15:00,-1298.9153518521744
2030-03-25 19:30:00,-1580.4441970828193
2030-03-25 19:45:00,-2231.928791028724
2030-03-25 20:00:00,-2964.799486284508
2030-03-25 20:15:00,-3453.9370587551857
2030-03-25 20:30:00,-3702.522533383064
2030-03-25 20:45:00,-3950.5887978596984
2030-03-25 21:00:00,-3917.361920314226
2030-03-25 21:15:00,-3917.1019443491205
2030-03-25 21:30:00,-4274.501666511773
2030-03-25 21:45:00,-4471.575830414709
2030-03-25 22:00:00,-3822.0528155952597
2030-03-25 22:15:00,-3792.5331939882562
2030-03-25 22:30:00,-3896.0596071858963
2030-03-25 22:45:00,-4150.084862570666
2030-03-25 23:00:00,-4364.207779980774
2030-03-25 23:15:00,-4649.444659766816
2030-03-25 23:30:00,-5004.165344619323
2030-03-25 23:45:00,-5433.13729804898
2030-03-26 00:00:00,-5170.992336605599
2030-03-26 00:15:00,-5232.70930037486
2030-03-26 00:30:00,-5124.776561880808
2030-03-26 00:45:00,-4932.825021020053
2030-03-26 01:00:00,-4739.427117756737
2030-03-26 01:15:00,-4451.1523022587335
2030-03-26 01:30:00,-4274.604892356032
2030-03-26 01:45:00,-3960.0216555793777
2030-03-26 03:00:00,-1375.3952590702047
2030-03-26 03:15:00,-1006.6991094661225
2030-03-26 03:30:00,-417.5053938523597
2030-03-26 03:45:00,0.0
2030-03-26 04:00:00,0.0
2030-03-26 04:15:00,0.0
2030-03-26 04:30:00,0.0
2030-03-26 04:45:00,0.0
2030-03-26 05:00:00,0.0
2030-03-26 05:15:00,0.0
2030-03-26 05:30:00,0.0
2030-03-26 05:45:00,0.0
2030-03-26 06:00:00,0.0
2030-03-26 06:15:00,0.0
2030-03-26 06:30:00,0.0
2030-03-26 06:45:00,0.0
2030-03-26 07:00:00,0.0
2030-03-26 07:15:00,0.0
2030-03-26 07:30:00,0.0
2030-03-26 07:45:00,0.0
2030-03-26 08:00:00,0.0
2030-03-26 08:15:00,0.0
2030-03-26 08:30:00,0.0
2030-03-26 08:45:00,0.0
2030-03-26 09:00:00,0.0
2030-03-26 09:15:00,0.0
2030-03-26 09:30:00,0.0
2030-03-26 09:45:00,0.0
2030-03-26 10:00:00,0.0
2030-03-26 10:15:00,0.0
2030-03-26 10:30:00,0.0
2030-03-26 10:45:00,0.0
2030-03-26 11:00:00,0.0
2030-03-26 11:15:00,0.0
2030-03-26 11:30:00,0.0
2030-03-26 11:45:00,0.0
2030-03-26 12:00:00,0.0
2030-03-26 12:15:00,0.0
2030-03-26 12:30:00,0.0
2030-03-26 12:45:00,0.0
2030-03-26 13:00:00,0.0
2030-03-26 13:15:00,0.0
2030-03-26 13:30:00,0.0
2030-03-26 13:45:00,0.0
2030-03-26 14:00:00,0.0
2030-03-26 14:15:00,0.0
2030-03-26 14:30:00,0.0
2030-03-26 14:45:00,0.0
2030-03-26 15:00:00,0.0
2030-03-26 15:15:00,0.0
2030-03-26 15:30:00,0.0
2030-03-26 15:45:00,0.0
2030-03-26 16:00:00,0.0
2030-03-26 16:15:00,0.0
2030-03-26 16:30:00,0.0
2030-03-26 16:45:00,0.0
2030-03-26 17:00:00,0.0
2030-03-26 17:15:00,0.0
2030-03-26 17:30:00,0.0
2030-03-26 17:45:00,0.0
2030-03-26 18:00:00,0.0
2030-03-26 18:15:00,0.0
2030-03-26 18:30:00,0.0
2030-03-26 18:45:00,0.0
2030-03-26 19:00:00,0.0
2030-03-26 19:15:00,0.0
2030-03-26 19:30:00,0.0
2030-03-26 19:45:00,0.0
2030-03-26 20:00:00,0.0
2030-03-26 20:15:00,0.0
2030-03-26 20:30:00,0.0
2030-03-26 20:45:00,0.0
2030-03-26 21:00:00,0.0
2030-03-26 21:15:00,0.0
2030-03-26 21:30:00,0.0
2030-03-26 21:45:00,0.0
2030-03-26 22:00:00,0.0
2030-03-26 22:15:00,0.0
2030-03-26 22:30:00,0.0
2030-03-26 22:45:00,0.0
2030-03-26 23:00:00,0.0
2030-03-26 23:15:00,0.0
2030-03-26 23:30:00,0.0
2030-03-26 23:45:00,0.0
2030-03-27 00:00:00,0.0
2030-03-27 00:15:00,0.0
2030-03-27 00:30:00,0.0
2030-03-27 00:45:00,0.0
2030-03-27 01:00:00,0.0
2030-03-27 01:15:00,0.0
2030-03-27 01:30:00,0.0
2030-03-27 01:45:00,0.0
2030-03-27 02:00:00,0.0
2030-03-27 02:15:00,0.0
2030-03-27 02:30:00,0.0
2030-03-27 02:45:00,0.0
2030-03-27 03:00:00,0.0
2030-03-27 03:15:00,0.0
2030-03-27 03:30:00,0.0
2030-03-27 03:45:00,0.0
2030-03-27 04:00:00,0.0
2030-03-27 04:15:00,0.0
2030-03-27 04:30:00,0.0
2030-03-27 04:45:00,0.0
2030-03-27 05:00:00,0.0
2030-03-27 05:15:00,0.0
2030-03-27 05:30:00,0.0
2030-03-27 05:45:00,0.0
2030-03-27 06:00:00,0.0
2030-03-27 06:15:00,0.0
2030-03-27 06:30:00,0.0
2030-03-27 06:45:00,0.0
2030-03-27 07:00:00,0.0
2030-03-27 07:15:00,0.0
2030-03-27 07:30:00,0.0
2030-03-27 07:45:00,0.0
2030-03-27 08:00:00,0.0
2030-03-27 08:15:00,0.0
2030-03-27 08:30:00,0.0
2030-03-27 08:45:00,0.0
2030-03-27 09:00:00,0.0
2030-03-27 09:15:00,0.0
2030-03-27 09:30:00,0.0
2030-03-27 09:45:00,0.0
2030-03-27 10:00:00,0.0
2030-03-27 10:15:00,0.0
2030-03-27 10:30:00,0.0
2030-03-27 10:45:00,0.0
2030-03-27 11:00:00,0.0
2030-03-27 11:15:00,0.0
2030-03-27 11:30:00,0.0
2030-03-27 11:45:00,0.0
2030-03-27 12:00:00,0.0
2030-03-27 12:15:00,0.0
2030-03-27 12:30:00,0.0
2030-03-27 12:45:00,0.0
2030-03-27 13:00:00,0.0
2030-03-27 13:15:00,0.0
2030-03-27 13:30:00,0.0
2030-03-27 13:45:00,0.0
2030-03-27 14:00:00,0.0
2030-03-27 14:15:00,0.0
2030-03-27 14:30:00,0.0
2030-03-27 14:45:00,0.0
2030-03-27 15:00:00,0.0
2030-03-27 15:15:00,0.0
2030-03-27 15:30:00,0.0
2030-03-27 15:45:00,0.0
2030-03-27 16:00:00,0.0
2030-03-27 16:15:00,0.0
2030-03-27 16:30:00,0.0
2030-03-27 16:45:00,0.0
2030-03-27 17:00:00,0.0
2030-03-27 17:15:00,0.0
2030-03-27 17:30:00,0.0
2030-03-27 17:45:00,0.0
2030-03-27 18:00:00,0.0
2030-03-27 18:15:00,0.0
2030-03-27 18:30:00,0.0
2030-03-27 18:45:00,0.0
2030-03-27 19:00:00,0.0
2030-03-27 19:15:00,0.0
2030-03-27 19:30:00,0.0
2030-03-27 19:45:00,0.0
2030-03-27 20:00:00,0.0
2030-03-27 20:15:00,0.0
2030-03-27 20:30:00,0.0
2030-03-27 20:45:00,0.0
2030-03-27 21:00:00,0.0
2030-03-27 21:15:00,0.0
2030-03-27 21:30:00,0.0
2030-03-27 21:45:00,0.0
2030-03-27 22:00:00,0.0
2030-03-27 22:15:00,0.0
2030-03-27 22:30:00,0.0
2030-03-27 22:45:00,0.0
2030-03-27 23:00:00,0.0
2030-03-27 23:15:00,0.0
2030-03-27 23:30:00,0.0
2030-03-27 23:45:00,0.0
2030-03-28 00:00:00,0.0
2030-03-28 00:15:00,0.0
2030-03-28 00:30:00,0.0
2030-03-28 00:45:00,0.0
2030-03-28 01:00:00,0.0
2030-03-28 01:15:00,0.0
2030-03-28 01:30:00,0.0
2030-03-28 01:45:00,0.0
2030-03-28 02:00:00,0.0
2030-03-28 02:15:00,0.0
2030-03-28 02:30:00,0.0
2030-03-28 02:45:00,0.0
2030-03-28 03:00:00,0.0
2030-03-28 03:15:00,0.0
2030-03-28 03:30:00,0.0
2030-03-28 03:45:00,0.0
2030-03-28 04:00:00,0.0
2030-03-28 04:15:00,0.0
2030-03-28 04:30:00,0.0
2030-03-28 04:45:00,0.0
2030-03-28 05:00:00,0.0
2030-03-28 05:15:00,0.0
2030-03-28 05:30:00,0.0
2030-03-28 05:45:00,0.0
2030-03-28 06:00:00,0.0
2030-03-28 06:15:00,0.0
2030-03-28 06:30:00,0.0
2030-03-28 06:45:00,0.0
2030-03-28 07:00:00,0.0
2030-03-28 07:15:00,0.0
2030-03-28 07:30:00,0.0
2030-03-28 07:45:00,0.0
2030-03-28 08:00:00,0.0
2030-03-28 08:15:00,0.0
2030-03-28 08:30:00,0.0
2030-03-28 08:45:00,0.0
2030-03-28 09:00:00,0.0
2030-03-28 09:15:00,0.0
2030-03-28 09:30:00,0.0
2030-03-28 09:45:00,0.0
2030-03-28 10:00:00,0.0
2030-03-28 10:15:00,0.0
2030-03-28 10:30:00,0.0
2030-03-28 10:45:00,0.0
2030-03-28 11:00:00,0.0
2030-03-28 11:15:00,0.0
2030-03-28 11:30:00,0.0
2030-03-28 11:45:00,0.0
2030-03-28 12:00:00,0.0
2030-03-28 12:15:00,0.0
2030-03-28 12:30:00,0.0
2030-03-28 12:45:00,0.0
2030-03-28 13:00:00,0.0
2030-03-28 13:15:00,0.0
2030-03-28 13:30:00,0.0
2030-03-28 13:45:00,0.0
2030-03-28 14:00:00,0.0
2030-03-28 14:15:00,0.0
2030-03-28 14:30:00,0.0
2030-03-28 14:45:00,0.0
2030-03-28 15:00:00,0.0
2030-03-28 15:15:00,0.0
2030-03-28 15:30:00,0.0
2030-03-28 15:45:00,0.0
2030-03-28 16:00:00,0.0
2030-03-28 16:15:00,0.0
2030-03-28 16:30:00,0.0
2030-03-28 16:45:00,0.0
2030-03-28 17:00:00,0.0
2030-03-28 17:15:00,0.0
2030-03-28 17:30:00,0.0
2030-03-28 17:45:00,0.0
2030-03-28 18:00:00,0.0
2030-03-28 18:15:00,0.0
2030-03-28 18:30:00,0.0
2030-03-28 18:45:00,0.0
2030-03-28 19:00:00,0.0
2030-03-28 19:15:00,0.0
2030-03-28 19:30:00,0.0
2030-03-28 19:45:00,0.0
2030-03-28 20:00:00,0.0
2030-03-28 20:15:00,0.0
2030-03-28 20:30:00,0.0
2030-03-28 20:45:00,6307.4782078096305
2030-03-28 21:00:00,0.0
2030-03-28 21:15:00,0.0
2030-03-28 21:30:00,0.0
2030-03-28 21:45:00,0.0
2030-03-28 22:00:00,0.0
2030-03-28 22:15:00,0.0
2030-03-28 22:30:00,0.0
2030-03-28 22:45:00,0.0
2030-03-28 23:00:00,0.0
2030-03-28 23:15:00,0.0
2030-03-28 23:30:00,0.0
2030-03-28 23:45:00,0.0
2030-03-29 00:00:00,0.0
2030-03-29 00:15:00,0.0
2030-03-29 00:30:00,0.0
2030-03-29 00:45:00,0.0
2030-03-29 01:00:00,0.0
2030-03-29 01:15:00,0.0
2030-03-29 01:30:00,0.0
2030-03-29 01:45:00,0.0
2030-03-29 02:00:00,0.0
2030-03-29 02:15:00,0.0
2030-03-29 02:30:00,0.0
2030-03-29 02:45:00,0.0
2030-03-29 03:00:00,0.0
2030-03-29 03:15:00,0.0
2030-03-29 03:30:00,0.0
2030-03-29 03:45:00,0.0
2030-03-29 04:00:00,0.0
2030-03-29 04:15:00,0.0
2030-03-29 04:30:00,0.0
2030-03-29 04:45:00,0.0
2030-03-29 05:00:00,0.0
2030-03-29 05:15:00,0.0
2030-03-29 05:30:00,0.0
2030-03-29 05:45:00,0.0
2030-03-29 06:00:00,0.0
2030-03-29 06:15:00,0.0
2030-03-29 06:30:00,0.0
2030-03-29 06:45:00,0.0
2030-03-29 07:00:00,0.0
2030-03-29 07:15:00,0.0
2030-03-29 07:30:00,0.0
2030-03-29 07:45:00,0.0
2030-03-29 08:00:00,0.0
2030-03-29 08:15:00,0.0
2030-03-29 08:30:00,0.0
2030-03-29 08:45:00,0.0
2030-03-29 09:00:00,0.0
2030-03-29 09:15:00,0.0
2030-03-29 09:30:00,0.0
2030-03-29 09:45:00,0.0
2030-03-29 10:00:00,0.0
2030-03-29 10:15:00,0.0
2030-03-29 10:30:00,0.0
2030-03-29 10:45:00,0.0
2030-03-29 11:00:00,0.0
2030-03-29 11:15:00,0.0
2030-03-29 11:30:00,0.0
2030-03-29 11:45:00,0.0
2030-03-29 12:00:00,0.0
2030-03-29 12:15:00,0.0
2030-03-29 12:30:00,0.0
2030-03-29 12:45:00,0.0
2030-03-29 13:00:00,0.0
2030-03-29 13:15:00,0.0
2030-03-29 13:30:00,0.0
2030-03-29 13:45:00,0.0
2030-03-29 14:00:00,0.0
2030-03-29 14:15:00,0.0
2030-03-29 14:30:00,0.0
2030-03-29 14:45:00,0.0
2030-03-29 15:00:00,0.0
2030-03-29 15:15:00,0.0
2030-03-29 15:30:00,0.0
2030-03-29 15:45:00,0.0
2030-03-29 16:00:00,0.0
2030-03-29 16:15:00,0.0
2030-03-29 16:30:00,0.0
2030-03-29 16:45:00,0.0
2030-03-29 17:00:00,0.0
2030-03-29 17:15:00,0.0
2030-03-29 17:30:00,0.0
2030-03-29 17:45:00,0.0
2030-03-29 18:00:00,1642.506247599078
2030-03-29 18:15:00,0.0
2030-03-29 18:30:00,0.0
2030-03-29 18:45:00,0.0
2030-03-29 19:00:00,0.0
2030-03-29 19:15:00,0.0
2030-03-29 19:30:00,0.0
2030-03-29 19:45:00,0.0
2030-03-29 20:00:00,0.0
2030-03-29 20:15:00,0.0
2030-03-29 20:30:00,0.0
2030-03-29 20:45:00,0.0
2030-03-29 21:00:00,0.0
2030-03-29 21:15:00,0.0
2030-03-29 21:30:00,0.0
2030-03-29 21:45:00,0.0
2030-03-29 22:00:00,0.0
2030-03-29 22:15:00,0.0
2030-03-29 22:30:00,0.0
2030-03-29 22:45:00,0.0
2030-03-29 23:00:00,0.0
2030-03-29 23:15:00,0.0
2030-03-29 23:30:00,0.0
2030-03-29 23:45:00,0.0
2030-03-30 00:00:00,0.0
2030-03-30 00:15:00,0.0
2030-03-30 00:30:00,0.0
2030-03-30 00:45:00,0.0
2030-03-30 01:00:00,0.0
2030-03-30 01:15:00,0.0
2030-03-30 01:30:00,0.0
2030-03-30 01:45:00,0.0
2030-03-30 02:00:00,0.0
2030-03-30 02:15:00,0.0
2030-03-30 02:30:00,0.0
2030-03-30 02:45:00,0.0
2030-03-30 03:00:00,0.0
2030-03-30 03:15:00,0.0
2030-03-30 03:30:00,0.0
2030-03-30 03:45:00,0.0
2030-03-30 04:00:00,0.0
2030-03-30 04:15:00,0.0
2030-03-30 04:30:00,0.0
2030-03-30 04:45:00,0.0
2030-03-30 05:00:00,0.0
2030-03-30 05:15:00,0.0
2030-03-30 05:30:00,0.0
2030-03-30 05:45:00,0.0
2030-03-30 06:00:00,0.0
2030-03-30 06:15:00,0.0
2030-03-30 06:30:00,0.0
2030-03-30 06:45:00,0.0
2030-03-30 07:00:00,0.0
2030-03-30 07:15:00,0.0
2030-03-30 07:30:00,0.0
2030-03-30 07:45:00,0.0
2030-03-30 08:00:00,0.0
2030-03-30 08:15:00,0.0
2030-03-30 08:30:00,0.0
2030-03-30 08:45:00,0.0
2030-03-30 09:00:00,0.0
2030-03-30 09:15:00,0.0
2030-03-30 09:30:00,0.0
2030-03-30 09:45:00,0.0
2030-03-30 10:00:00,0.0
2030-03-30 10:15:00,0.0
2030-03-30 10:30:00,0.0
2030-03-30 10:45:00,0.0
2030-03-30 11:00:00,0.0
2030-03-30 11:15:00,0.0
2030-03-30 11:30:00,0.0
2030-03-30 11:45:00,0.0
2030-03-30 12:00:00,0.0
2030-03-30 12:15:00,0.0
2030-03-30 12:30:00,0.0
2030-03-30 12:45:00,-10549.976835170513
2030-03-30 13:00:00,-21900.441587634465
2030-03-30 13:15:00,-21054.217847484706
2030-03-30 13:30:00,-20263.239042469093
2030-03-30 13:45:00,-19287.72420285561
2030-03-30 14:00:00,-18558.12776547129
2030-03-30 14:15:00,-17575.441759979953
2030-03-30 14:30:00,-16882.29710290796
2030-03-30 14:45:00,-16161.409673963135
2030-03-30 15:00:00,-15187.798071457142
2030-03-30 15:15:00,-13848.732393285463
2030-03-30 15:30:00,-12970.705654213685
2030-03-30 15:45:00,-11762.379625185025
2030-03-30 16:00:00,-10300.847152230857
2030-03-30 16:15:00,-8944.5419379811
2030-03-30 16:30:00,-7360.826710378835
2030-03-30 16:45:00,-5307.686614536524
2030-03-30 17:00:00,-3654.892135030277
2030-03-30 17:15:00,-2299.286070521972
2030-03-30 17:30:00,-724.3374026997626
2030-03-30 17:45:00,0.0
2030-03-30 18:00:00,0.0
2030-03-30 18:15:00,0.0
2030-03-30 18:30:00,0.0
2030-03-30 18:45:00,0.0
2030-03-30 19:00:00,0.0
2030-03-30 19:15:00,0.0
2030-03-30 19:30:00,0.0
2030-03-30 19:45:00,0.0
2030-03-30 20:00:00,0.0
2030-03-30 20:15:00,0.0
2030-03-30 20:30:00,0.0
2030-03-30 20:45:00,0.0
2030-03-30 21:00:00,0.0
2030-03-30 21:15:00,0.0
2030-03-30 21:30:00,0.0
2030-03-30 21:45:00,0.0
2030-03-30 22:00:00,0.0
2030-03-30 22:15:00,0.0
2030-03-30 22:30:00,0.0
2030-03-30 22:45:00,0.0
2030-03-30 23:00:00,0.0
2030-03-30 23:15:00,0.0
2030-03-30 23:30:00,0.0
2030-03-30 23:45:00,0.0
2030-03-31 00:00:00,0.0
2030-03-31 00:15:00,0.0
2030-03-31 00:30:00,0.0
2030-03-31 00:45:00,0.0
2030-03-31 01:00:00,0.0
2030-03-31 01:15:00,0.0
2030-03-31 01:30:00,0.0
2030-03-31 01:45:00,0.0
2030-03-31 02:00:00,0.0
2030-03-31 02:15:00,0.0
2030-03-31 02:30:00,0.0
2030-03-31 02:45:00,0.0
2030-03-31 03:00:00,0.0
2030-03-31 03:15:00,0.0
2030-03-31 03:30:00,0.0
2030-03-31 03:45:00,0.0
2030-03-31 04:00:00,0.0
2030-03-31 04:15:00,0.0
2030-03-31 04:30:00,0.0
2030-03-31 04:45:00,0.0
2030-03-31 05:00:00,0.0
2030-03-31 05:15:00,0.0
2030-03-31 05:30:00,0.0
2030-03-31 05:45:00,0.0
2030-03-31 06:00:00,0.0
2030-03-31 06:15:00,0.0
2030-03-31 06:30:00,0.0
2030-03-31 06:45:00,0.0
2030-03-31 07:00:00,0.0
2030-03-31 07:15:00,0.0
2030-03-31 07:30:00,0.0
2030-03-31 07:45:00,0.0
2030-03-31 08:00:00,0.0
2030-03-31 08:15:00,0.0
2030-03-31 08:30:00,0.0
2030-03-31 08:45:00,0.0
2030-03-31 09:00:00,0.0
2030-03-31 09:15:00,0.0
2030-03-31 09:30:00,0.0
2030-03-31 09:45:00,0.0
2030-03-31 10:00:00,0.0
2030-03-31 10:15:00,0.0
2030-03-31 10:30:00,0.0
2030-03-31 10:45:00,0.0
2030-03-31 11:00:00,0.0
2030-03-31 11:15:00,0.0
2030-03-31 11:30:00,0.0
2030-03-31 11:45:00,0.0
2030-03-31 12:00:00,0.0
2030-03-31 12:15:00,0.0
2030-03-31 12:30:00,0.0
2030-03-31 12:45:00,0.0
2030-03-31 13:00:00,0.0
2030-03-31 13:15:00,0.0
2030-03-31 13:30:00,0.0
2030-03-31 13:45:00,0.0
2030-03-31 14:00:00,0.0
2030-03-31 14:15:00,0.0
2030-03-31 14:30:00,0.0
2030-03-31 14:45:00,0.0
2030-03-31 15:00:00,0.0
2030-03-31 15:15:00,0.0
2030-03-31 15:30:00,0.0
2030-03-31 15:45:00,0.0
2030-03-31 16:00:00,0.0
2030-03-31 16:15:00,0.0
2030-03-31 16:30:00,0.0
2030-03-31 16:45:00,0.0
2030-03-31 17:00:00,0.0
2030-03-31 17:15:00,0.0
2030-03-31 17:30:00,0.0
2030-03-31 17:45:00,0.0
2030-03-31 18:00:00,0.0
2030-03-31 18:15:00,0.0
2030-03-31 18:30:00,0.0
2030-03-31 18:45:00,0.0
2030-03-31 19:00:00,0.0
2030-03-31 19:15:00,0.0
2030-03-31 19:30:00,0.0
2030-03-31 19:45:00,0.0
2030-03-31 20:00:00,0.0
2030-03-31 20:15:00,0.0
2030-03-31 20:30:00,0.0
2030-03-31 20:45:00,0.0
2030-03-31 21:00:00,0.0
2030-03-31 21:15:00,0.0
2030-03-31 21:30:00,0.0
2030-03-31 21:45:00,0.0
2030-03-31 22:00:00,0.0
2030-03-31 22:15:00,0.0
2030-03-31 22:30:00,706.94657466036
2030-03-31 22:45:00,0.0
2030-03-31 23:00:00,0.0
2030-03-31 23:15:00,0.0
2030-03-31 23:30:00,0.0
2030-03-31 23:45:00,0.0
2030-04-01 00:00:00,0.0
2030-04-01 00:15:00,0.0
2030-04-01 00:30:00,0.0
2030-04-01 00:45:00,0.0
2030-04-01 01:00:00,0.0
2030-04-01 01:15:00,0.0
2030-04-01 01:30:00,0.0
2030-04-01 01:45:00,0.0
2030-04-01 02:00:00,0.0
2030-04-01 02:15:00,0.0
2030-04-01 02:30:00,0.0
2030-04-01 02:45:00,0.0
2030-04-01 03:00:00,0.0
2030-04-01 03:15:00,0.0
2030-04-01 03:30:00,0.0
2030-04-01 03:45:00,0.0
2030-04-01 04:00:00,0.0
2030-04-01 04:15:00,0.0
2030-04-01 04:30:00,0.0
2030-04-01 04:45:00,0.0
2030-04-01 05:00:00,0.0
2030-04-01 05:15:00,0.0
2030-04-01 05:30:00,0.0
2030-04-01 05:45:00,0.0
2030-04-01 06:00:00,0.0
2030-04-01 06:15:00,0.0
2030-04-01 06:30:00,0.0
2030-04-01 06:45:00,0.0
2030-04-01 07:00:00,0.0
2030-04-01 07:15:00,0.0
2030-04-01 07:30:00,0.0
2030-04-01 07:45:00,0.0
2030-04-01 08:00:00,0.0
2030-04-01 08:15:00,0.0
2030-04-01 08:30:00,0.0
2030-04-01 08:45:00,0.0
2030-04-01 09:00:00,0.0
2030-04-01 09:15:00,0.0
2030-04-01 09:30:00,0.0
2030-04-01 09:45:00,0.0
2030-04-01 10:00:00,0.0
2030-04-01 10:15:00,0.0
2030-04-01 10:30:00,0.0
2030-04-01 10:45:00,0.0
2030-04-01 11:00:00,0.0
2030-04-01 11:15:00,0.0
2030-04-01 11:30:00,0.0
2030-04-01 11:45:00,0.0
2030-04-01 12:00:00,0.0
2030-04-01 12:15:00,0.0
2030-04-01 12:30:00,0.0
2030-04-01 12:45:00,0.0
2030-04-01 13:00:00,0.0
2030-04-01 13:15:00,0.0
2030-04-01 13:30:00,0.0
2030-04-01 13:45:00,0.0
2030-04-01 14:00:00,0.0
2030-04-01 14:15:00,0.0
2030-04-01 14:30:00,0.0
2030-04-01 14:45:00,0.0
2030-04-01 15:00:00,0.0
2030-04-01 15:15:00,0.0
2030-04-01 15:30:00,0.0
2030-04-01 15:45:00,0.0
2030-04-01 16:00:00,0.0
2030-04-01 16:15:00,-965.2593422342434
2030-04-01 16:30:00,-7965.555489886527
2030-04-01 16:45:00,-6971.556168219391
2030-04-01 17:00:00,-6103.9106582571
2030-04-01 17:15:00,-4954.679918995316
2030-04-01 17:30:00,-3733.45459630416
2030-04-01 17:45:00,-3004.8901156385873
2030-04-01 18:00:00,-2528.46755528235
2030-04-01 18:15:00,-2104.5582086802715
2030-04-01 18:30:00,-1806.5904232176508
2030-04-01 18:45:00,-1524.4576594366335
2030-04-01 19:00:00,-902.1405013978438
2030-04-01 19:15:00,-702.029535731901
2030-04-01 19:30:00,-728.045067805615
2030-04-01 19:45:00,-694.820138339197
2030-04-01 20:00:00,-842.0774287584791
2030-04-01 20:15:00,-1012.5385671223339
2030-04-01 20:30:00,-925.6231519764115
2030-04-01 20:45:00,-1143.0326913431345
2030-04-01 21:00:00,-1015.8007933243498
2030-04-01 21:15:00,-1189.7491373014127
2030-04-01 21:30:00,-1364.5232737007973
2030-04-01 21:45:00,-1671.5004084487446
2030-04-01 22:00:00,-1637.8832354880506
2030-04-01 22:15:00,-1964.5189147815654
2030-04-01 22:30:00,-2286.4464550557423
2030-04-01 22:45:00,-2490.5167235189365
2030-04-01 23:00:00,-2888.7246430276573
2030-04-01 23:15:00,-3001.9873291211807
2030-04-01 23:30:00,-3103.9085052388145
2030-04-01 23:45:00,-3179.996128310584
2030-04-02 00:00:00,-3028.8812016469346
2030-04-02 00:15:00,-3286.938291372524
2030-04-02 00:30:00,-3622.1483916000816
2030-04-02 00:45:00,-3718.1735993765124
2030-04-02 01:00:00,-3764.923793064114
2030-04-02 01:15:00,-3721.2747518759006
2030-04-02 01:30:00,-3846.7550262209206
2030-04-02 01:45:00,-3775.9909376353207
2030-04-02 02:00:00,-3714.0607415715112
2030-04-02 02:15:00,-3746.172324783627
2030-04-02 02:30:00,-3942.963110292527
2030-04-02 02:45:00,-4159.945832825108
2030-04-02 03:00:00,-4211.008074523837
2030-04-02 03:15:00,-4315.42831917962
2030-04-02 03:30:00,-4365.1072201895095
2030-04-02 03:45:00,-4483.873297264736
2030-04-02 04:00:00,-4401.3909961896225
2030-04-02 04:15:00,-4195.788373935033
2030-04-02 04:30:00,-4129.791429869341
2030-04-02 04:45:00,-3991.410851167433
2030-04-02 05:00:00,-4222.753979138393
2030-04-02 05:15:00,-4415.834156927105
2030-04-02 05:30:00,-4613.765066199665
2030-04-02 05:45:00,-4799.246125458698
2030-04-02 06:00:00,-5193.917911693405
2030-04-02 06:15:00,-5506.482714893113
2030-04-02 06:30:00,-5947.042963531125
2030-04-02 06:45:00,-6741.290413786684
2030-04-02 07:00:00,-7697.446867780038
2030-04-02 07:15:00,-8917.09856351642
2030-04-02 07:30:00,-10456.372345548725
2030-04-02 07:45:00,-11646.133818139595
2030-04-02 08:00:00,-12898.459960285487
2030-04-02 08:15:00,-14266.126462711423
2030-04-02 08:30:00,-15777.899480235117
2030-04-02 08:45:00,-17176.502061404994
2030-04-02 09:00:00,-18318.425888104255
2030-04-02 09:15:00,-19526.458423815726
2030-04-02 09:30:00,-20250.853174814652
2030-04-02 09:45:00,-20107.768138491265
2030-04-02 10:00:00,-20046.08254253051
2030-04-02 10:15:00,-20988.152372724635
2030-04-02 10:30:00,-22106.180932696083
2030-04-02 10:45:00,-22603.962849504507
2030-04-02 11:00:00,-22999.67671320581
2030-04-02 11:15:00,-23680.38719497797
2030-04-02 11:30:00,-23967.57786453568
2030-04-02 11:45:00,-24440.08831909969
2030-04-02 12:00:00,-24474.475647574203
2030-04-02 12:15:00,-24243.665430591893
2030-04-02 12:30:00,-23884.096817538102
2030-04-02 12:45:00,-23815.57643293476
2030-04-02 13:00:00,-23673.88953766209
2030-04-02 13:15:00,-23644.14627399825
2030-04-02 13:30:00,-23050.841255312505
2030-04-02 13:45:00,-22741.599063491765
2030-04-02 14:00:00,-22119.629844368344
2030-04-02 14:15:00,-21585.831552806794
2030-04-02 14:30:00,-20523.707603484283
2030-04-02 14:45:00,-18985.077552087194
2030-04-02 15:00:00,-17690.252490302464
2030-04-02 15:15:00,-16454.126559542867
2030-04-02 15:30:00,-15201.903064589991
2030-04-02 15:45:00,-13914.519872402654
2030-04-02 16:00:00,-12287.241008531553
2030-04-02 16:15:00,-10951.158995005517
2030-04-02 16:30:00,-9947.165691630446
2030-04-02 16:45:00,-8416.486035991733
2030-04-02 17:00:00,-6871.742549894916
2030-04-02 17:15:00,-5209.569127569368
2030-04-02 17:30:00,-3849.8639770995287
2030-04-02 17:45:00,-2364.5517574163023
2030-04-02 18:00:00,-1034.0996002759348
2030-04-02 18:15:00,-614.6945684989005
2030-04-02 18:30:00,-413.29092310213673
2030-04-02 18:45:00,-147.0150208264895
2030-04-02 19:00:00,0.0
2030-04-02 19:15:00,0.0
2030-04-02 19:30:00,0.0
2030-04-02 19:45:00,0.0
2030-04-02 20:00:00,0.0
2030-04-02 20:15:00,0.0
2030-04-02 20:30:00,0.0
2030-04-02 20:45:00,0.0
2030-04-02 21:00:00,0.0
2030-04-02 21:15:00,-1119.0502189768267
2030-04-02 21:30:00,-1335.6911861906265
2030-04-02 21:45:00,-1203.8869364443235
2030-04-02 22:00:00,-907.5702000209312
2030-04-02 22:15:00,-1083.1988188641008
2030-04-02 22:30:00,-1033.4639999749415
2030-04-02 22:45:00,-803.8915207083446
2030-04-02 23:00:00,-998.9070600784507
2030-04-02 23:15:00,-1158.4271451369896
2030-04-02 23:30:00,-1195.7987470588014
2030-04-02 23:45:00,-1251.3116951068896
2030-04-03 00:00:00,-1455.0660960202895
2030-04-03 00:15:00,-1361.022320777276
2030-04-03 00:30:00,-980.91950001642
2030-04-03 00:45:00,-796.4859797450827
2030-04-03 01:00:00,-864.050006769472
2030-04-03 01:15:00,-961.0714370869991
2030-04-03 01:30:00,-1162.0347582012873
2030-04-03 01:45:00,-1197.9996670889632
2030-04-03 02:00:00,-1196.196737100916
2030-04-03 02:15:00,-1165.1143490061986
2030-04-03 02:30:00,-1107.6632540548344
2030-04-03 02:45:00,-1077.064699030694
2030-04-03 03:00:00,-1095.382977519941
2030-04-03 03:15:00,-1062.8926146547492
2030-04-03 03:30:00,-1049.3394352478535
2030-04-03 03:45:00,-1064.7454353992944
2030-04-03 04:00:00,-785.9475761877129
2030-04-03 04:15:00,-797.5373416832972
2030-04-03 04:30:00,-732.4704884194634
2030-04-03 04:45:00,-403.0363766068949
2030-04-03 05:00:00,0.0
2030-04-03 05:15:00,0.0
2030-04-03 05:30:00,0.0
2030-04-03 05:45:00,0.0
2030-04-03 06:00:00,0.0
2030-04-03 06:15:00,0.0
2030-04-03 06:30:00,0.0
2030-04-03 06:45:00,0.0
2030-04-03 07:00:00,0.0
2030-04-03 07:15:00,0.0
2030-04-03 07:30:00,0.0
2030-04-03 07:45:00,0.0
2030-04-03 08:00:00,0.0
2030-04-03 08:15:00,0.0
2030-04-03 08:30:00,0.0
2030-04-03 08:45:00,0.0
2030-04-03 09:00:00,0.0
2030-04-03 09:15:00,-6170.510537044451
2030-04-03 09:30:00,-8472.584333752395
2030-04-03 09:45:00,-9717.07591159481
2030-04-03 10:00:00,-10582.403788195443
2030-04-03 10:15:00,-10950.659077206023
2030-04-03 10:30:00,-11910.420202093763
2030-04-03 10:45:00,-12808.765794997857
2030-04-03 11:00:00,-13287.351326786247
2030-04-03 11:15:00,-13684.073895994901
2030-04-03 11:30:00,-13655.00866782734
2030-04-03 11:45:00,-13419.874030698513
2030-04-03 12:00:00,-13234.037482149779
2030-04-03 12:15:00,-13146.570061682425
2030-04-03 12:30:00,-12864.072167833827
2030-04-03 12:45:00,-12484.265705293292
2030-04-03 13:00:00,-12298.724231703749
2030-04-03 13:15:00,-12081.72321066607
2030-04-03 13:30:00,-11385.344125987926
2030-04-03 13:45:00,-11109.657890562132
2030-04-03 14:00:00,-10353.421569359503
2030-04-03 14:15:00,-10057.591224390704
2030-04-03 14:30:00,-9340.78579620281
2030-04-03 14:45:00,-8596.67791846169
2030-04-03 15:00:00,-7166.080292716892
2030-04-03 15:15:00,-5720.905316317414
2030-04-03 15:30:00,-4743.706672408607
2030-04-03 15:45:00,-3292.9911085396925
2030-04-03 16:00:00,-1862.3513829284711
2030-04-03 16:15:00,-357.4646106335713
2030-04-03 16:30:00,0.0
2030-04-03 16:45:00,0.0
2030-04-03 17:00:00,0.0
2030-04-03 17:15:00,0.0
2030-04-03 17:30:00,0.0
2030-04-03 17:45:00,0.0
2030-04-03 18:00:00,0.0
2030-04-03 18:15:00,0.0
2030-04-03 18:30:00,0.0
2030-04-03 18:45:00,0.0
2030-04-03 19:00:00,0.0
2030-04-03 19:15:00,0.0
2030-04-03 19:30:00,0.0
2030-04-03 19:45:00,0.0
2030-04-03 20:00:00,0.0
2030-04-03 20:15:00,0.0
2030-04-03 20:30:00,0.0
2030-04-03 20:45:00,0.0
2030-04-03 21:00:00,0.0
2030-04-03 21:15:00,0.0
2030-04-03 21:30:00,0.0
2030-04-03 21:45:00,0.0
2030-04-03 22:00:00,0.0
2030-04-03 22:15:00,0.0
2030-04-03 22:30:00,0.0
2030-04-03 22:45:00,0.0
2030-04-03 23:00:00,0.0
2030-04-03 23:15:00,0.0
2030-04-03 23:30:00,0.0
2030-04-03 23:45:00,0.0
2030-04-04 00:00:00,0.0
2030-04-04 00:15:00,0.0
2030-04-04 00:30:00,0.0
2030-04-04 00:45:00,0.0
2030-04-04 01:00:00,0.0
2030-04-04 01:15:00,0.0
2030-04-04 01:30:00,0.0
2030-04-04 01:45:00,0.0
2030-04-04 02:00:00,0.0
2030-04-04 02:15:00,0.0
2030-04-04 02:30:00,0.0
2030-04-04 02:45:00,0.0
2030-04-04 03:00:00,0.0
2030-04-04 03:15:00,0.0
2030-04-04 03:30:00,0.0
2030-04-04 03:45:00,0.0
2030-04-04 04:00:00,0.0
2030-04-04 04:15:00,4626.74897723488
2030-04-04 04:30:00,0.0
2030-04-04 04:45:00,0.0
2030-04-04 05:00:00,0.0
2030-04-04 05:15:00,0.0
2030-04-04 05:30:00,0.0
2030-04-04 05:45:00,0.0
2030-04-04 06:00:00,0.0
2030-04-04 06:15:00,0.0
2030-04-04 06:30:00,0.0
2030-04-04 06:45:00,0.0
2030-04-04 07:00:00,0.0
2030-04-04 07:15:00,0.0
2030-04-04 07:30:00,0.0
2030-04-04 07:45:00,0.0
2030-04-04 08:00:00,0.0
2030-04-04 08:15:00,0.0
2030-04-04 08:30:00,0.0
2030-04-04 08:45:00,0.0
2030-04-04 09:00:00,0.0
2030-04-04 09:15:00,0.0
2030-04-04 09:30:00,0.0
2030-04-04 09:45:00,0.0
2030-04-04 10:00:00,0.0
2030-04-04 10:15:00,0.0
2030-04-04 10:30:00,0.0
2030-04-04 10:45:00,0.0
2030-04-04 11:00:00,0.0
2030-04-04 11:15:00,0.0
2030-04-04 11:30:00,0.0
2030-04-04 11:45:00,0.0
2030-04-04 12:00:00,0.0
2030-04-04 12:15:00,0.0
2030-04-04 12:30:00,0.0
2030-04-04 12:45:00,0.0
2030-04-04 13:00:00,0.0
2030-04-04 13:15:00,0.0
2030-04-04 13:30:00,0.0
2030-04-04 13:45:00,0.0
2030-04-04 14:00:00,0.0
2030-04-04 14:15:00,0.0
2030-04-04 14:30:00,0.0
2030-04-04 14:45:00,0.0
2030-04-04 15:00:00,0.0
2030-04-04 15:15:00,0.0
2030-04-04 15:30:00,0.0
2030-04-04 15:45:00,0.0
2030-04-04 16:00:00,0.0
2030-04-04 16:15:00,0.0
2030-04-04 16:30:00,0.0
2030-04-04 16:45:00,0.0
2030-04-04 17:00:00,0.0
2030-04-04 17:15:00,0.0
2030-04-04 17:30:00,0.0
2030-04-04 17:45:00,0.0
2030-04-04 18:00:00,0.0
2030-04-04 18:15:00,0.0
2030-04-04 18:30:00,5468.961783298937
2030-04-04 18:45:00,5021.364066693186
2030-04-04 19:00:00,5167.176252700239
2030-04-04 19:15:00,5214.3827723464055
2030-04-04 19:30:00,5333.0182945874
2030-04-04 19:45:00,5286.403090631851
2030-04-04 20:00:00,5251.639133471839
2030-04-04 20:15:00,5110.759722061044
2030-04-04 20:30:00,4870.857019987943
2030-04-04 20:45:00,4430.186168610751
2030-04-04 21:00:00,3944.4932154061426
2030-04-04 21:15:00,3341.8622088952034
2030-04-04 21:30:00,2824.235724628068
2030-04-04 21:45:00,2432.5777239839244
2030-04-04 22:00:00,2189.546441926461
2030-04-04 22:15:00,1483.2925280626241
2030-04-04 22:30:00,858.3957875077795
2030-04-04 22:45:00,65.86871932422218
2030-04-04 23:00:00,0.0
2030-04-04 23:15:00,0.0
2030-04-04 23:30:00,0.0
2030-04-04 23:45:00,0.0
2030-04-05 00:00:00,0.0
2030-04-05 00:15:00,0.0
2030-04-05 00:30:00,0.0
2030-04-05 00:45:00,0.0
2030-04-05 01:00:00,0.0
2030-04-05 01:15:00,0.0
2030-04-05 01:30:00,0.0
2030-04-05 01:45:00,0.0
2030-04-05 02:00:00,0.0
2030-04-05 02:15:00,0.0
2030-04-05 02:30:00,0.0
2030-04-05 02:45:00,0.0
2030-04-05 03:00:00,0.0
2030-04-05 03:15:00,0.0
2030-04-05 03:30:00,0.0
2030-04-05 03:45:00,0.0
2030-04-05 04:00:00,0.0
2030-04-05 04:15:00,0.0
2030-04-05 04:30:00,0.0
2030-04-05 04:45:00,0.0
2030-04-05 05:00:00,0.0
2030-04-05 05:15:00,0.0
2030-04-05 05:30:00,0.0
2030-04-05 05:45:00,0.0
2030-04-05 06:00:00,0.0
2030-04-05 06:15:00,0.0
2030-04-05 06:30:00,0.0
2030-04-05 06:45:00,0.0
2030-04-05 07:00:00,0.0
2030-04-05 07:15:00,0.0
2030-04-05 07:30:00,0.0
2030-04-05 07:45:00,0.0
2030-04-05 08:00:00,0.0
2030-04-05 08:15:00,0.0
2030-04-05 08:30:00,0.0
2030-04-05 08:45:00,0.0
2030-04-05 09:00:00,0.0
2030-04-05 09:15:00,0.0
2030-04-05 09:30:00,0.0
2030-04-05 09:45:00,0.0
2030-04-05 10:00:00,0.0
2030-04-05 10:15:00,0.0
2030-04-05 10:30:00,0.0
2030-04-05 10:45:00,0.0
2030-04-05 11:00:00,0.0
2030-04-05 11:15:00,0.0
2030-04-05 11:30:00,0.0
2030-04-05 11:45:00,0.0
2030-04-05 12:00:00,0.0
2030-04-05 12:15:00,0.0
2030-04-05 12:30:00,0.0
2030-04-05 12:45:00,0.0
2030-04-05 13:00:00,0.0
2030-04-05 13:15:00,0.0
2030-04-05 13:30:00,0.0
2030-04-05 13:45:00,0.0
2030-04-05 14:00:00,0.0
2030-04-05 14:15:00,0.0
2030-04-05 14:30:00,0.0
2030-04-05 14:45:00,0.0
2030-04-05 15:00:00,0.0
2030-04-05 15:15:00,1800.8380063598634
2030-04-05 15:30:00,0.0
2030-04-05 15:45:00,0.0
2030-04-05 16:00:00,0.0
2030-04-05 16:15:00,0.0
2030-04-05 16:30:00,0.0
2030-04-05 16:45:00,0.0
2030-04-05 17:00:00,0.0
2030-04-05 17:15:00,0.0
2030-04-05 17:30:00,0.0
2030-04-05 17:45:00,0.0
2030-04-05 18:00:00,0.0
2030-04-05 18:15:00,0.0
2030-04-05 18:30:00,0.0
2030-04-05 18:45:00,0.0
2030-04-05 19:00:00,0.0
2030-04-05 19:15:00,0.0
2030-04-05 19:30:00,0.0
2030-04-05 19:45:00,0.0
2030-04-05 20:00:00,0.0
2030-04-05 20:15:00,0.0
2030-04-05 20:30:00,0.0
2030-04-05 20:45:00,0.0
2030-04-05 21:00:00,0.0
2030-04-05 21:15:00,0.0
2030-04-05 21:30:00,0.0
2030-04-05 21:45:00,0.0
2030-04-05 22:00:00,0.0
2030-04-05 22:15:00,0.0
2030-04-05 22:30:00,0.0
2030-04-05 22:45:00,0.0
2030-04-05 23:00:00,0.0
2030-04-05 23:15:00,0.0
2030-04-05 23:30:00,0.0
2030-04-05 23:45:00,0.0
2030-04-06 00:00:00,0.0
2030-04-06 00:15:00,0.0
2030-04-06 00:30:00,0.0
2030-04-06 00:45:00,0.0
2030-04-06 01:00:00,0.0
2030-04-06 01:15:00,0.0
2030-04-06 01:30:00,0.0
2030-04-06 01:45:00,0.0
2030-04-06 02:00:00,0.0
2030-04-06 02:15:00,0.0
2030-04-06 02:30:00,0.0
2030-04-06 02:45:00,0.0
2030-04-06 03:00:00,0.0
2030-04-06 03:15:00,0.0
2030-04-06 03:30:00,0.0
2030-04-06 03:45:00,0.0
2030-04-06 04:00:00,0.0
2030-04-06 04:15:00,0.0
2030-04-06 04:30:00,0.0
2030-04-06 04:45:00,0.0
2030-04-06 05:00:00,0.0
2030-04-06 05:15:00,0.0
2030-04-06 05:30:00,0.0
2030-04-06 05:45:00,0.0
2030-04-06 06:00:00,0.0
2030-04-06 06:15:00,0.0
2030-04-06 06:30:00,0.0
2030-04-06 06:45:00,0.0
2030-04-06 07:00:00,0.0
2030-04-06 07:15:00,0.0
2030-04-06 07:30:00,0.0
2030-04-06 07:45:00,0.0
2030-04-06 08:00:00,0.0
2030-04-06 08:15:00,0.0
2030-04-06 08:30:00,0.0
2030-04-06 08:45:00,0.0
2030-04-06 09:00:00,0.0
2030-04-06 09:15:00,0.0
2030-04-06 09:30:00,0.0
2030-04-06 09:45:00,0.0
2030-04-06 10:00:00,0.0
2030-04-06 10:15:00,0.0
2030-04-06 10:30:00,0.0
2030-04-06 10:45:00,0.0
2030-04-06 11:00:00,0.0
2030-04-06 11:15:00,0.0
2030-04-06 11:30:00,0.0
2030-04-06 11:45:00,0.0
2030-04-06 12:00:00,0.0
2030-04-06 12:15:00,0.0
2030-04-06 12:30:00,0.0
2030-04-06 12:45:00,0.0
2030-04-06 13:00:00,0.0
2030-04-06 13:15:00,0.0
2030-04-06 13:30:00,0.0
2030-04-06 13:45:00,0.0
2030-04-06 14:00:00,0.0
2030-04-06 14:15:00,-6619.935716044329
2030-04-06 14:30:00,-14714.142136769013
2030-04-06 14:45:00,-13413.083652220073
2030-04-06 15:00:00,-12062.786253627
2030-04-06 15:15:00,-10596.462403570116
2030-04-06 15:30:00,-9359.083404178695
2030-04-06 15:45:00,-7505.8099352556455
2030-04-06 16:00:00,-5275.519694449878
2030-04-06 16:15:00,-3792.5338534371513
2030-04-06 16:30:00,-1932.78370856302
2030-04-06 16:45:00,0.0
2030-04-06 17:00:00,0.0
2030-04-06 17:15:00,0.0
2030-04-06 17:30:00,0.0
2030-04-06 17:45:00,0.0
2030-04-06 18:00:00,0.0
2030-04-06 18:15:00,0.0
2030-04-06 18:30:00,0.0
2030-04-06 18:45:00,0.0
2030-04-06 19:00:00,0.0
2030-04-06 19:15:00,0.0
2030-04-06 19:30:00,0.0
2030-04-06 19:45:00,0.0
2030-04-06 20:00:00,0.0
2030-04-06 20:15:00,0.0
2030-04-06 20:30:00,0.0
2030-04-06 20:45:00,0.0
2030-04-06 21:00:00,0.0
2030-04-06 21:15:00,0.0
2030-04-06 21:30:00,0.0
2030-04-06 21:45:00,0.0
2030-04-06 22:00:00,0.0
2030-04-06 22:15:00,0.0
2030-04-06 22:30:00,0.0
2030-04-06 22:45:00,0.0
2030-04-06 23:00:00,0.0
2030-04-06 23:15:00,0.0
2030-04-06 23:30:00,0.0
2030-04-06 23:45:00,0.0
2030-04-07 00:00:00,0.0
2030-04-07 00:15:00,0.0
2030-04-07 00:30:00,0.0
2030-04-07 00:45:00,0.0
2030-04-07 01:00:00,0.0
2030-04-07 01:15:00,0.0
2030-04-07 01:30:00,0.0
2030-04-07 01:45:00,0.0
2030-04-07 02:00:00,0.0
2030-04-07 02:15:00,0.0
2030-04-07 02:30:00,0.0
2030-04-07 02:45:00,0.0
2030-04-07 03:00:00,0.0
2030-04-07 03:15:00,0.0
2030-04-07 03:30:00,0.0
2030-04-07 03:45:00,0.0
2030-04-07 04:00:00,0.0
2030-04-07 04:15:00,0.0
2030-04-07 04:30:00,0.0
2030-04-07 04:45:00,0.0
2030-04-07 05:00:00,0.0
2030-04-07 05:15:00,0.0
2030-04-07 05:30:00,0.0
2030-04-07 05:45:00,0.0
2030-04-07 06:00:00,0.0
2030-04-07 06:15:00,0.0
2030-04-07 06:30:00,0.0
2030-04-07 06:45:00,0.0
2030-04-07 07:00:00,0.0
2030-04-07 07:15:00,0.0
2030-04-07 07:30:00,0.0
2030-04-07 07:45:00,0.0
2030-04-07 08:00:00,0.0
2030-04-07 08:15:00,0.0
2030-04-07 08:30:00,0.0
2030-04-07 08:45:00,0.0
2030-04-07 09:00:00,0.0
2030-04-07 09:15:00,0.0
2030-04-07 09:30:00,0.0
2030-04-07 09:45:00,0.0
2030-04-07 10:00:00,0.0
2030-04-07 10:15:00,0.0
2030-04-07 10:30:00,0.0
2030-04-07 10:45:00,0.0
2030-04-07 11:00:00,0.0
2030-04-07 11:15:00,0.0
2030-04-07 11:30:00,0.0
2030-04-07 11:45:00,0.0
2030-04-07 12:00:00,0.0
2030-04-07 12:15:00,0.0
2030-04-07 12:30:00,0.0
2030-04-07 12:45:00,0.0
2030-04-07 13:00:00,0.0
2030-04-07 13:15:00,0.0
2030-04-07 13:30:00,-5704.129616102873
2030-04-07 13:45:00,-17631.313238410978
2030-04-07 14:00:00,-16831.962384630002
2030-04-07 14:15:00,-15905.34095958873
2030-04-07 14:30:00,-14851.82466973045
2030-04-07 14:45:00,-13731.286859038333
2030-04-07 15:00:00,-12408.905090806522
2030-04-07 15:15:00,-10905.059935849948
2030-04-07 15:30:00,-9313.65895137799
2030-04-07 15:45:00,-7598.999365486197
2030-04-07 16:00:00,-5957.560123275107
2030-04-07 16:15:00,-4181.354866392199
2030-04-07 16:30:00,-2152.1443357802746
2030-04-07 16:45:00,0.0
2030-04-07 17:00:00,0.0
2030-04-07 17:15:00,0.0
2030-04-07 17:30:00,0.0
2030-04-07 17:45:00,0.0
2030-04-07 18:00:00,0.0
2030-04-07 18:15:00,0.0
2030-04-07 18:30:00,0.0
2030-04-07 18:45:00,0.0
2030-04-07 19:00:00,0.0
2030-04-07 19:15:00,0.0
2030-04-07 19:30:00,0.0
2030-04-07 19:45:00,0.0
2030-04-07 20:00:00,0.0
2030-04-07 20:15:00,0.0
2030-04-07 20:30:00,0.0
2030-04-07 20:45:00,0.0
2030-04-07 21:00:00,0.0
2030-04-07 21:15:00,0.0
2030-04-07 21:30:00,0.0
2030-04-07 21:45:00,0.0
2030-04-07 22:00:00,0.0
2030-04-07 22:15:00,0.0
2030-04-07 22:30:00,0.0
2030-04-07 22:45:00,0.0
2030-04-07 23:00:00,0.0
2030-04-07 23:15:00,0.0
2030-04-07 23:30:00,0.0
2030-04-07 23:45:00,0.0
2030-04-08 00:00:00,0.0
2030-04-08 00:15:00,0.0
2030-04-08 00:30:00,0.0
2030-04-08 00:45:00,0.0
2030-04-08 01:00:00,0.0
2030-04-08 01:15:00,0.0
2030-04-08 01:30:00,0.0
2030-04-08 01:45:00,0.0
2030-04-08 02:00:00,0.0
2030-04-08 02:15:00,0.0
2030-04-08 02:30:00,0.0
2030-04-08 02:45:00,0.0
2030-04-08 03:00:00,0.0
2030-04-08 03:15:00,0.0
2030-04-08 03:30:00,0.0
2030-04-08 03:45:00,0.0
2030-04-08 04:00:00,0.0
2030-04-08 04:15:00,0.0
2030-04-08 04:30:00,0.0
2030-04-08 04:45:00,0.0
2030-04-08 05:00:00,0.0
2030-04-08 05:15:00,3615.4748180570004
2030-04-08 05:30:00,0.0
2030-04-08 05:45:00,0.0
2030-04-08 06:00:00,0.0
2030-04-08 06:15:00,0.0
2030-04-08 06:30:00,0.0
2030-04-08 06:45:00,0.0
2030-04-08 07:00:00,0.0
2030-04-08 07:15:00,0.0
2030-04-08 07:30:00,0.0
2030-04-08 07:45:00,0.0
2030-04-08 08:00:00,0.0
2030-04-08 08:15:00,0.0
2030-04-08 08:30:00,0.0
2030-04-08 08:45:00,0.0
2030-04-08 09:00:00,0.0
2030-04-08 09:15:00,0.0
2030-04-08 09:30:00,0.0
2030-04-08 09:45:00,0.0
2030-04-08 10:00:00,0.0
2030-04-08 10:15:00,0.0
2030-04-08 10:30:00,0.0
2030-04-08 10:45:00,0.0
2030-04-08 11:00:00,0.0
2030-04-08 11:15:00,0.0
2030-04-08 11:30:00,0.0
2030-04-08 11:45:00,0.0
2030-04-08 12:00:00,0.0
2030-04-08 12:15:00,0.0
2030-04-08 12:30:00,0.0
2030-04-08 12:45:00,0.0
2030-04-08 13:00:00,0.0
2030-04-08 13:15:00,0.0
2030-04-08 13:30:00,0.0
2030-04-08 13:45:00,0.0
2030-04-08 14:00:00,0.0
2030-04-08 14:15:00,0.0
2030-04-08 14:30:00,0.0
2030-04-08 14:45:00,0.0
2030-04-08 15:00:00,0.0
2030-04-08 15:15:00,0.0
2030-04-08 15:30:00,0.0
2030-04-08 15:45:00,0.0
2030-04-08 16:00:00,0.0
2030-04-08 16:15:00,0.0
2030-04-08 16:30:00,0.0
2030-04-08 16:45:00,0.0
2030-04-08 17:00:00,0.0
2030-04-08 17:15:00,0.0
2030-04-08 17:30:00,0.0
2030-04-08 17:45:00,0.0
2030-04-08 18:00:00,0.0
2030-04-08 18:15:00,0.0
2030-04-08 18:30:00,0.0
2030-04-08 18:45:00,0.0
2030-04-08 19:00:00,0.0
2030-04-08 19:15:00,0.0
2030-04-08 19:30:00,0.0
2030-04-08 19:45:00,0.0
2030-04-08 20:00:00,0.0
2030-04-08 20:15:00,0.0
2030-04-08 20:30:00,0.0
2030-04-08 20:45:00,0.0
2030-04-08 21:00:00,0.0
2030-04-08 21:15:00,0.0
2030-04-08 21:30:00,0.0
2030-04-08 21:45:00,0.0
2030-04-08 22:00:00,0.0
2030-04-08 22:15:00,0.0
2030-04-08 22:30:00,0.0
2030-04-08 22:45:00,0.0
2030-04-08 23:00:00,0.0
2030-04-08 23:15:00,0.0
2030-04-08 23:30:00,0.0
2030-04-08 23:45:00,0.0
2030-04-09 00:00:00,0.0
2030-04-09 00:15:00,0.0
2030-04-09 00:30:00,2656.355232337606
2030-04-09 00:45:00,0.0
2030-04-09 01:00:00,0.0
2030-04-09 01:15:00,0.0
2030-04-09 01:30:00,0.0
2030-04-09 01:45:00,0.0
2030-04-09 02:00:00,0.0
2030-04-09 02:15:00,0.0
2030-04-09 02:30:00,0.0
2030-04-09 02:45:00,0.0
2030-04-09 03:00:00,0.0
2030-04-09 03:15:00,0.0
2030-04-09 03:30:00,0.0
2030-04-09 03:45:00,0.0
2030-04-09 04:00:00,0.0
2030-04-09 04:15:00,0.0
2030-04-09 04:30:00,0.0
2030-04-09 04:45:00,0.0
2030-04-09 05:00:00,0.0
2030-04-09 05:15:00,0.0
2030-04-09 05:30:00,0.0
2030-04-09 05:45:00,0.0
2030-04-09 06:00:00,0.0
2030-04-09 06:15:00,0.0
2030-04-09 06:30:00,0.0
2030-04-09 06:45:00,0.0
2030-04-09 07:00:00,0.0
2030-04-09 07:15:00,0.0
2030-04-09 07:30:00,0.0
2030-04-09 07:45:00,0.0
2030-04-09 08:00:00,0.0
2030-04-09 08:15:00,0.0
2030-04-09 08:30:00,0.0
2030-04-09 08:45:00,0.0
2030-04-09 09:00:00,0.0
2030-04-09 09:15:00,0.0
2030-04-09 09:30:00,0.0
2030-04-09 09:45:00,0.0
2030-04-09 10:00:00,0.0
2030-04-09 10:15:00,0.0
2030-04-09 10:30:00,0.0
2030-04-09 10:45:00,0.0
2030-04-09 11:00:00,0.0
2030-04-09 11:15:00,0.0
2030-04-09 11:30:00,0.0
2030-04-09 11:45:00,0.0
2030-04-09 12:00:00,0.0
2030-04-09 12:15:00,0.0
2030-04-09 12:30:00,0.0
2030-04-09 12:45:00,0.0
2030-04-09 13:00:00,0.0
2030-04-09 13:15:00,0.0
2030-04-09 13:30:00,0.0
2030-04-09 13:45:00,0.0
2030-04-09 14:00:00,0.0
2030-04-09 14:15:00,0.0
2030-04-09 14:30:00,0.0
2030-04-09 14:45:00,0.0
2030-04-09 15:00:00,0.0
2030-04-09 15:15:00,0.0
2030-04-09 15:30:00,0.0
2030-04-09 15:45:00,0.0
2030-04-09 16:00:00,0.0
2030-04-09 16:15:00,0.0
2030-04-09 16:30:00,0.0
2030-04-09 16:45:00,0.0
2030-04-09 17:00:00,0.0
2030-04-09 17:15:00,0.0
2030-04-09 17:30:00,0.0
2030-04-09 17:45:00,0.0
2030-04-09 18:00:00,0.0
2030-04-09 18:15:00,0.0
2030-04-09 18:30:00,0.0
2030-04-09 18:45:00,0.0
2030-04-09 19:00:00,0.0
2030-04-09 19:15:00,0.0
2030-04-09 19:30:00,0.0
2030-04-09 19:45:00,0.0
2030-04-09 20:00:00,0.0
2030-04-09 20:15:00,0.0
2030-04-09 20:30:00,0.0
2030-04-09 20:45:00,0.0
2030-04-09 21:00:00,0.0
2030-04-09 21:15:00,0.0
2030-04-09 21:30:00,0.0
2030-04-09 21:45:00,0.0
2030-04-09 22:00:00,0.0
2030-04-09 22:15:00,0.0
2030-04-09 22:30:00,0.0
2030-04-09 22:45:00,0.0
2030-04-09 23:00:00,0.0
2030-04-09 23:15:00,0.0
2030-04-09 23:30:00,0.0
2030-04-09 23:45:00,0.0
2030-04-10 00:00:00,0.0
2030-04-10 00:15:00,0.0
2030-04-10 00:30:00,0.0
2030-04-10 00:45:00,0.0
2030-04-10 01:00:00,0.0
2030-04-10 01:15:00,0.0
2030-04-10 01:30:00,0.0
2030-04-10 01:45:00,0.0
2030-04-10 02:00:00,0.0
2030-04-10 02:15:00,0.0
2030-04-10 02:30:00,0.0
2030-04-10 02:45:00,0.0
2030-04-10 03:00:00,0.0
2030-04-10 03:15:00,1746.8176306761407
2030-04-10 03:30:00,0.0
2030-04-10 03:45:00,0.0
2030-04-10 04:00:00,0.0
2030-04-10 04:15:00,0.0
2030-04-10 04:30:00,0.0
2030-04-10 04:45:00,0.0
2030-04-10 05:00:00,0.0
2030-04-10 05:15:00,0.0
2030-04-10 05:30:00,0.0
2030-04-10 05:45:00,0.0
2030-04-10 06:00:00,0.0
2030-04-10 06:15:00,0.0
2030-04-10 06:30:00,0.0
2030-04-10 06:45:00,0.0
2030-04-10 07:00:00,0.0
2030-04-10 07:15:00,0.0
2030-04-10 07:30:00,0.0
2030-04-10 07:45:00,0.0
2030-04-10 08:00:00,0.0
2030-04-10 08:15:00,0.0
2030-04-10 08:30:00,0.0
2030-04-10 08:45:00,0.0
2030-04-10 09:00:00,0.0
2030-04-10 09:15:00,0.0
2030-04-10 09:30:00,0.0
2030-04-10 09:45:00,0.0
2030-04-10 10:00:00,0.0
2030-04-10 10:15:00,0.0
2030-04-10 10:30:00,0.0
2030-04-10 10:45:00,0.0
2030-04-10 11:00:00,0.0
2030-04-10 11:15:00,0.0
2030-04-10 11:30:00,0.0
2030-04-10 11:45:00,0.0
2030-04-10 12:00:00,0.0
2030-04-10 12:15:00,0.0
2030-04-10 12:30:00,0.0
2030-04-10 12:45:00,0.0
2030-04-10 13:00:00,0.0
2030-04-10 13:15:00,0.0
2030-04-10 13:30:00,0.0
2030-04-10 13:45:00,0.0
2030-04-10 14:00:00,0.0
2030-04-10 14:15:00,0.0
2030-04-10 14:30:00,0.0
2030-04-10 14:45:00,0.0
2030-04-10 15:00:00,0.0
2030-04-10 15:15:00,0.0
2030-04-10 15:30:00,0.0
2030-04-10 15:45:00,0.0
2030-04-10 16:00:00,0.0
2030-04-10 16:15:00,0.0
2030-04-10 16:30:00,0.0
2030-04-10 16:45:00,0.0
2030-04-10 17:00:00,-651.6023006500691
2030-04-10 17:15:00,-1588.472389450355
2030-04-10 17:30:00,-908.9509273022632
2030-04-10 17:45:00,0.0
2030-04-10 18:00:00,0.0
2030-04-10 18:15:00,0.0
2030-04-10 18:30:00,0.0
2030-04-10 18:45:00,0.0
2030-04-10 19:00:00,0.0
2030-04-10 19:15:00,0.0
2030-04-10 19:30:00,0.0
2030-04-10 19:45:00,0.0
2030-04-10 20:00:00,0.0
2030-04-10 20:15:00,0.0
2030-04-10 20:30:00,0.0
2030-04-10 20:45:00,0.0
2030-04-10 21:00:00,0.0
2030-04-10 21:15:00,0.0
2030-04-10 21:30:00,0.0
2030-04-10 21:45:00,0.0
2030-04-10 22:00:00,0.0
2030-04-10 22:15:00,0.0
2030-04-10 22:30:00,0.0
2030-04-10 22:45:00,0.0
2030-04-10 23:00:00,0.0
2030-04-10 23:15:00,0.0
2030-04-10 23:30:00,0.0
2030-04-10 23:45:00,0.0
2030-04-11 00:00:00,0.0
2030-04-11 00:15:00,0.0
2030-04-11 00:30:00,0.0
2030-04-11 00:45:00,0.0
2030-04-11 01:00:00,0.0
2030-04-11 01:15:00,0.0
2030-04-11 01:30:00,0.0
2030-04-11 01:45:00,0.0
2030-04-11 02:00:00,0.0
2030-04-11 02:15:00,0.0
2030-04-11 02:30:00,0.0
2030-04-11 02:45:00,0.0
2030-04-11 03:00:00,0.0
2030-04-11 03:15:00,0.0
2030-04-11 03:30:00,0.0
2030-04-11 03:45:00,0.0
2030-04-11 04:00:00,0.0
2030-04-11 04:15:00,0.0
2030-04-11 04:30:00,0.0
2030-04-11 04:45:00,0.0
2030-04-11 05:00:00,0.0
2030-04-11 05:15:00,0.0
2030-04-11 05:30:00,0.0
2030-04-11 05:45:00,0.0
2030-04-11 06:00:00,0.0
2030-04-11 06:15:00,0.0
2030-04-11 06:30:00,0.0
2030-04-11 06:45:00,0.0
2030-04-11 07:00:00,0.0
2030-04-11 07:15:00,0.0
2030-04-11 07:30:00,0.0
2030-04-11 07:45:00,0.0
2030-04-11 08:00:00,0.0
2030-04-11 08:15:00,0.0
2030-04-11 08:30:00,0.0
2030-04-11 08:45:00,0.0
2030-04-11 09:00:00,-5216.8526634555965
2030-04-11 09:15:00,-10227.287455471585
2030-04-11 09:30:00,-11788.269819310142
2030-04-11 09:45:00,-12866.495020997805
2030-04-11 10:00:00,-13795.306323913075
2030-04-11 10:15:00,-14595.74382484251
2030-04-11 10:30:00,-15665.798124212182
2030-04-11 10:45:00,-16276.710195409527
2030-04-11 11:00:00,-16904.105882384712
2030-04-11 11:15:00,-16807.815949271848
2030-04-11 11:30:00,-16658.121595947978
2030-04-11 11:45:00,-16774.789068779606
2030-04-11 12:00:00,-16394.779347559404
2030-04-11 12:15:00,-16303.865254296124
2030-04-11 12:30:00,-15823.333479342782
2030-04-11 12:45:00,-15818.6562974275
2030-04-11 13:00:00,-15635.664763605986
2030-04-11 13:15:00,-15740.193859179893
2030-04-11 13:30:00,-16146.534620411083
2030-04-11 13:45:00,-15678.323440645443
2030-04-11 14:00:00,-15352.811829576018
2030-04-11 14:15:00,-15238.258986059795
2030-04-11 14:30:00,-14299.716554215916
2030-04-11 14:45:00,-13485.25398676312
2030-04-11 15:00:00,-12811.130955514454
2030-04-11 15:15:00,-12290.657275592253
2030-04-11 15:30:00,-10888.398475313148
2030-04-11 15:45:00,-9542.786976659736
2030-04-11 16:00:00,-7456.159708909749
2030-04-11 16:15:00,-5928.627169296429
2030-04-11 16:30:00,-3669.1776425497737
2030-04-11 16:45:00,-1942.9971745163857
2030-04-11 17:00:00,0.0
2030-04-11 17:15:00,0.0
2030-04-11 17:30:00,0.0
2030-04-11 17:45:00,0.0
2030-04-11 18:00:00,0.0
2030-04-11 18:15:00,0.0
2030-04-11 18:30:00,0.0
2030-04-11 18:45:00,0.0
2030-04-11 19:00:00,0.0
2030-04-11 19:15:00,0.0
2030-04-11 19:30:00,0.0
2030-04-11 19:45:00,0.0
2030-04-11 20:00:00,0.0
2030-04-11 20:15:00,0.0
2030-04-11 20:30:00,0.0
2030-04-11 20:45:00,0.0
2030-04-11 21:00:00,0.0
2030-04-11 21:15:00,0.0
2030-04-11 21:30:00,0.0
2030-04-11 21:45:00,0.0
2030-04-11 22:00:00,0.0
2030-04-11 22:15:00,0.0
2030-04-11 22:30:00,0.0
2030-04-11 22:45:00,0.0
2030-04-11 23:00:00,0.0
2030-04-11 23:15:00,0.0
2030-04-11 23:30:00,0.0
2030-04-11 23:45:00,0.0
2030-04-12 00:00:00,0.0
2030-04-12 00:15:00,0.0
2030-04-12 00:30:00,0.0
2030-04-12 00:45:00,0.0
2030-04-12 01:00:00,0.0
2030-04-12 01:15:00,0.0
2030-04-12 01:30:00,0.0
2030-04-12 01:45:00,0.0
2030-04-12 02:00:00,0.0
2030-04-12 02:15:00,0.0
2030-04-12 02:30:00,0.0
2030-04-12 02:45:00,0.0
2030-04-12 03:00:00,0.0
2030-04-12 03:15:00,0.0
2030-04-12 03:30:00,0.0
2030-04-12 03:45:00,0.0
2030-04-12 04:00:00,0.0
2030-04-12 04:15:00,0.0
2030-04-12 04:30:00,0.0
2030-04-12 04:45:00,0.0
2030-04-12 05:00:00,0.0
2030-04-12 05:15:00,0.0
2030-04-12 05:30:00,0.0
2030-04-12 05:45:00,0.0
2030-04-12 06:00:00,0.0
2030-04-12 06:15:00,0.0
2030-04-12 06:30:00,0.0
2030-04-12 06:45:00,0.0
2030-04-12 07:00:00,0.0
2030-04-12 07:15:00,0.0
2030-04-12 07:30:00,0.0
2030-04-12 07:45:00,0.0
2030-04-12 08:00:00,0.0
2030-04-12 08:15:00,0.0
2030-04-12 08:30:00,0.0
2030-04-12 08:45:00,0.0
2030-04-12 09:00:00,0.0
2030-04-12 09:15:00,0.0
2030-04-12 09:30:00,0.0
2030-04-12 09:45:00,0.0
2030-04-12 10:00:00,0.0
2030-04-12 10:15:00,0.0
2030-04-12 10:30:00,0.0
2030-04-12 10:45:00,0.0
2030-04-12 11:00:00,0.0
2030-04-12 11:15:00,0.0
2030-04-12 11:30:00,0.0
2030-04-12 11:45:00,0.0
2030-04-12 12:00:00,0.0
2030-04-12 12:15:00,0.0
2030-04-12 12:30:00,0.0
2030-04-12 12:45:00,0.0
2030-04-12 13:00:00,0.0
2030-04-12 13:15:00,0.0
2030-04-12 13:30:00,0.0
2030-04-12 13:45:00,0.0
2030-04-12 14:00:00,0.0
2030-04-12 14:15:00,0.0
2030-04-12 14:30:00,0.0
2030-04-12 14:45:00,0.0
2030-04-12 15:00:00,0.0
2030-04-12 15:15:00,0.0
2030-04-12 15:30:00,0.0
2030-04-12 15:45:00,0.0
2030-04-12 16:00:00,0.0
2030-04-12 16:15:00,0.0
2030-04-12 16:30:00,0.0
2030-04-12 16:45:00,0.0
2030-04-12 17:00:00,0.0
2030-04-12 17:15:00,0.0
2030-04-12 17:30:00,0.0
2030-04-12 17:45:00,0.0
2030-04-12 18:00:00,0.0
2030-04-12 18:15:00,0.0
2030-04-12 18:30:00,0.0
2030-04-12 18:45:00,0.0
2030-04-12 19:00:00,0.0
2030-04-12 19:15:00,0.0
2030-04-12 19:30:00,0.0
2030-04-12 19:45:00,0.0
2030-04-12 20:00:00,0.0
2030-04-12 20:15:00,0.0
2030-04-12 20:30:00,0.0
2030-04-12 20:45:00,0.0
2030-04-12 21:00:00,0.0
2030-04-12 21:15:00,0.0
2030-04-12 21:30:00,0.0
2030-04-12 21:45:00,0.0
2030-04-12 22:00:00,0.0
2030-04-12 22:15:00,0.0
2030-04-12 22:30:00,0.0
2030-04-12 22:45:00,0.0
2030-04-12 23:00:00,0.0
2030-04-12 23:15:00,0.0
2030-04-12 23:30:00,0.0
2030-04-12 23:45:00,0.0
2030-04-13 00:00:00,0.0
2030-04-13 00:15:00,0.0
2030-04-13 00:30:00,0.0
2030-04-13 00:45:00,0.0
2030-04-13 01:00:00,0.0
2030-04-13 01:15:00,0.0
2030-04-13 01:30:00,0.0
2030-04-13 01:45:00,0.0
2030-04-13 02:00:00,0.0
2030-04-13 02:15:00,0.0
2030-04-13 02:30:00,0.0
2030-04-13 02:45:00,0.0
2030-04-13 03:00:00,0.0
2030-04-13 03:15:00,0.0
2030-04-13 03:30:00,0.0
2030-04-13 03:45:00,0.0
2030-04-13 04:00:00,0.0
2030-04-13 04:15:00,0.0
2030-04-13 04:30:00,0.0
2030-04-13 04:45:00,0.0
2030-04-13 05:00:00,0.0
2030-04-13 05:15:00,0.0
2030-04-13 05:30:00,0.0
2030-04-13 05:45:00,0.0
2030-04-13 06:00:00,0.0
2030-04-13 06:15:00,0.0
2030-04-13 06:30:00,0.0
2030-04-13 06:45:00,0.0
2030-04-13 07:00:00,0.0
2030-04-13 07:15:00,0.0
2030-04-13 07:30:00,0.0
2030-04-13 07:45:00,0.0
2030-04-13 08:00:00,0.0
2030-04-13 08:15:00,0.0
2030-04-13 08:30:00,0.0
2030-04-13 08:45:00,0.0
2030-04-13 09:00:00,0.0
2030-04-13 09:15:00,0.0
2030-04-13 09:30:00,0.0
2030-04-13 09:45:00,0.0
2030-04-13 10:00:00,-2516.128726757819
2030-04-13 10:15:00,-7321.316037000415
2030-04-13 10:30:00,-7152.299124014447
2030-04-13 10:45:00,-7134.416934313991
2030-04-13 11:00:00,-7419.631986222426
2030-04-13 11:15:00,-7213.4376035802925
2030-04-13 11:30:00,-6565.116800752592
2030-04-13 11:45:00,-6586.577360052201
2030-04-13 12:00:00,-6354.113330132332
2030-04-13 12:15:00,-6172.937037846255
2030-04-13 12:30:00,-6174.7670640712495
2030-04-13 12:45:00,-6015.5031886372235
2030-04-13 13:00:00,-5556.898069508676
2030-04-13 13:15:00,-5038.421896915323
2030-04-13 13:30:00,-5007.720540897681
2030-04-13 13:45:00,-4401.371955500566
2030-04-13 14:00:00,-4251.690474172276
2030-04-13 14:15:00,-3504.2564880185964
2030-04-13 14:30:00,-3053.062800304633
2030-04-13 14:45:00,-2426.907707251805
2030-04-13 15:00:00,-2114.7473829987466
2030-04-13 15:15:00,-1672.429939693462
2030-04-13 15:30:00,-822.371115281705
2030-04-13 15:45:00,0.0
2030-04-13 16:00:00,0.0
2030-04-13 16:15:00,0.0
2030-04-13 16:30:00,0.0
2030-04-13 16:45:00,0.0
2030-04-13 17:00:00,0.0
2030-04-13 17:15:00,0.0
2030-04-13 17:30:00,0.0
2030-04-13 17:45:00,0.0
2030-04-13 18:00:00,0.0
2030-04-13 18:15:00,0.0
2030-04-13 18:30:00,0.0
2030-04-13 18:45:00,0.0
2030-04-13 19:00:00,0.0
2030-04-13 19:15:00,0.0
2030-04-13 19:30:00,0.0
2030-04-13 19:45:00,0.0
2030-04-13 20:00:00,0.0
2030-04-13 20:15:00,0.0
2030-04-13 20:30:00,0.0
2030-04-13 20:45:00,0.0
2030-04-13 21:00:00,0.0
2030-04-13 21:15:00,0.0
2030-04-13 21:30:00,0.0
2030-04-13 21:45:00,0.0
2030-04-13 22:00:00,0.0
2030-04-13 22:15:00,0.0
2030-04-13 22:30:00,0.0
2030-04-13 22:45:00,0.0
2030-04-13 23:00:00,0.0
2030-04-13 23:15:00,0.0
2030-04-13 23:30:00,0.0
2030-04-13 23:45:00,0.0
2030-04-14 00:00:00,0.0
2030-04-14 00:15:00,0.0
2030-04-14 00:30:00,0.0
2030-04-14 00:45:00,0.0
2030-04-14 01:00:00,0.0
2030-04-14 01:15:00,0.0
2030-04-14 01:30:00,0.0
2030-04-14 01:45:00,0.0
2030-04-14 02:00:00,0.0
2030-04-14 02:15:00,0.0
2030-04-14 02:30:00,0.0
2030-04-14 02:45:00,0.0
2030-04-14 03:00:00,0.0
2030-04-14 03:15:00,0.0
2030-04-14 03:30:00,0.0
2030-04-14 03:45:00,0.0
2030-04-14 04:00:00,0.0
2030-04-14 04:15:00,0.0
2030-04-14 04:30:00,0.0
2030-04-14 04:45:00,0.0
2030-04-14 05:00:00,0.0
2030-04-14 05:15:00,0.0
2030-04-14 05:30:00,0.0
2030-04-14 05:45:00,0.0
2030-04-14 06:00:00,0.0
2030-04-14 06:15:00,0.0
2030-04-14 06:30:00,0.0
2030-04-14 06:45:00,0.0
2030-04-14 07:00:00,0.0
2030-04-14 07:15:00,0.0
2030-04-14 07:30:00,4979.960129256513
2030-04-14 07:45:00,0.0
2030-04-14 08:00:00,0.0
2030-04-14 08:15:00,0.0
2030-04-14 08:30:00,0.0
2030-04-14 08:45:00,0.0
2030-04-14 09:00:00,0.0
2030-04-14 09:15:00,0.0
2030-04-14 09:30:00,0.0
2030-04-14 09:45:00,0.0
2030-04-14 10:00:00,0.0
2030-04-14 10:15:00,0.0
2030-04-14 10:30:00,0.0
2030-04-14 10:45:00,0.0
2030-04-14 11:00:00,0.0
2030-04-14 11:15:00,0.0
2030-04-14 11:30:00,0.0
2030-04-14 11:45:00,0.0
2030-04-14 12:00:00,0.0
2030-04-14 12:15:00,0.0
2030-04-14 12:30:00,0.0
2030-04-14 12:45:00,0.0
2030-04-14 13:00:00,0.0
2030-04-14 13:15:00,0.0
2030-04-14 13:30:00,0.0
2030-04-14 13:45:00,0.0
2030-04-14 14:00:00,0.0
2030-04-14 14:15:00,0.0
2030-04-14 14:30:00,0.0
2030-04-14 14:45:00,0.0
2030-04-14 15:00:00,0.0
2030-04-14 15:15:00,0.0
2030-04-14 15:30:00,0.0
2030-04-14 15:45:00,0.0
2030-04-14 16:00:00,0.0
2030-04-14 16:15:00,0.0
2030-04-14 16:30:00,0.0
2030-04-14 16:45:00,0.0
2030-04-14 17:00:00,0.0
2030-04-14 17:15:00,0.0
2030-04-14 17:30:00,0.0
2030-04-14 17:45:00,0.0
2030-04-14 18:00:00,0.0
2030-04-14 18:15:00,0.0
2030-04-14 18:30:00,0.0
2030-04-14 18:45:00,0.0
2030-04-14 19:00:00,0.0
2030-04-14 19:15:00,0.0
2030-04-14 19:30:00,0.0
2030-04-14 19:45:00,0.0
2030-04-14 20:00:00,0.0
2030-04-14 20:15:00,0.0
2030-04-14 20:30:00,0.0
2030-04-14 20:45:00,0.0
2030-04-14 21:00:00,0.0
2030-04-14 21:15:00,0.0
2030-04-14 21:30:00,0.0
2030-04-14 21:45:00,0.0
2030-04-14 22:00:00,4987.942409461068
2030-04-14 22:15:00,0.0
2030-04-14 22:30:00,0.0
2030-04-14 22:45:00,0.0
2030-04-14 23:00:00,0.0
2030-04-14 23:15:00,0.0
2030-04-14 23:30:00,0.0
2030-04-14 23:45:00,0.0
2030-04-15 00:00:00,0.0
2030-04-15 00:15:00,0.0
2030-04-15 00:30:00,0.0
2030-04-15 00:45:00,0.0
2030-04-15 01:00:00,0.0
2030-04-15 01:15:00,0.0
2030-04-15 01:30:00,0.0
2030-04-15 01:45:00,0.0
2030-04-15 02:00:00,0.0
2030-04-15 02:15:00,0.0
2030-04-15 02:30:00,0.0
2030-04-15 02:45:00,0.0
2030-04-15 03:00:00,0.0
2030-04-15 03:15:00,0.0
2030-04-15 03:30:00,0.0
2030-04-15 03:45:00,0.0
2030-04-15 04:00:00,0.0
2030-04-15 04:15:00,0.0
2030-04-15 04:30:00,0.0
2030-04-15 04:45:00,0.0
2030-04-15 05:00:00,0.0
2030-04-15 05:15:00,0.0
2030-04-15 05:30:00,0.0
2030-04-15 05:45:00,0.0
2030-04-15 06:00:00,0.0
2030-04-15 06:15:00,0.0
2030-04-15 06:30:00,0.0
2030-04-15 06:45:00,0.0
2030-04-15 07:00:00,0.0
2030-04-15 07:15:00,0.0
2030-04-15 07:30:00,0.0
2030-04-15 07:45:00,0.0
2030-04-15 08:00:00,0.0
2030-04-15 08:15:00,0.0
2030-04-15 08:30:00,0.0
2030-04-15 08:45:00,0.0
2030-04-15 09:00:00,0.0
2030-04-15 09:15:00,0.0
2030-04-15 09:30:00,0.0
2030-04-15 09:45:00,0.0
2030-04-15 10:00:00,0.0
2030-04-15 10:15:00,0.0
2030-04-15 10:30:00,0.0
2030-04-15 10:45:00,0.0
2030-04-15 11:00:00,0.0
2030-04-15 11:15:00,0.0
2030-04-15 11:30:00,0.0
2030-04-15 11:45:00,0.0
2030-04-15 12:00:00,0.0
2030-04-15 12:15:00,0.0
2030-04-15 12:30:00,0.0
2030-04-15 12:45:00,0.0
2030-04-15 13:00:00,0.0
2030-04-15 13:15:00,0.0
2030-04-15 13:30:00,0.0
2030-04-15 13:45:00,0.0
2030-04-15 14:00:00,0.0
2030-04-15 14:15:00,0.0
2030-04-15 14:30:00,0.0
2030-04-15 14:45:00,0.0
2030-04-15 15:00:00,0.0
2030-04-15 15:15:00,0.0
2030-04-15 15:30:00,0.0
2030-04-15 15:45:00,0.0
2030-04-15 16:00:00,0.0
2030-04-15 16:15:00,-1990.1430469196239
2030-04-15 16:30:00,-4516.264248526077
2030-04-15 16:45:00,-3202.1785842314166
2030-04-15 17:00:00,-1893.41889662229
2030-04-15 17:15:00,-287.6932616928025
2030-04-15 17:30:00,0.0
2030-04-15 17:45:00,0.0
2030-04-15 18:00:00,0.0
2030-04-15 18:15:00,0.0
2030-04-15 18:30:00,0.0
2030-04-15 18:45:00,0.0
2030-04-15 19:00:00,0.0
2030-04-15 19:15:00,0.0
2030-04-15 19:30:00,0.0
2030-04-15 19:45:00,0.0
2030-04-15 20:00:00,0.0
2030-04-15 20:15:00,0.0
2030-04-15 20:30:00,0.0
2030-04-15 20:45:00,0.0
2030-04-15 21:00:00,0.0
2030-04-15 21:15:00,0.0
2030-04-15 21:30:00,0.0
2030-04-15 21:45:00,0.0
2030-04-15 22:00:00,0.0
2030-04-15 22:15:00,0.0
2030-04-15 22:30:00,0.0
2030-04-15 22:45:00,0.0
2030-04-15 23:00:00,0.0
2030-04-15 23:15:00,0.0
2030-04-15 23:30:00,0.0
2030-04-15 23:45:00,0.0
2030-04-16 00:00:00,0.0
2030-04-16 00:15:00,0.0
2030-04-16 00:30:00,0.0
2030-04-16 00:45:00,0.0
2030-04-16 01:00:00,0.0
2030-04-16 01:15:00,0.0
2030-04-16 01:30:00,0.0
2030-04-16 01:45:00,0.0
2030-04-16 02:00:00,0.0
2030-04-16 02:15:00,0.0
2030-04-16 02:30:00,0.0
2030-04-16 02:45:00,0.0
2030-04-16 03:00:00,0.0
2030-04-16 03:15:00,0.0
2030-04-16 03:30:00,0.0
2030-04-16 03:45:00,0.0
2030-04-16 04:00:00,0.0
2030-04-16 04:15:00,0.0
2030-04-16 04:30:00,0.0
2030-04-16 04:45:00,0.0
2030-04-16 05:00:00,0.0
2030-04-16 05:15:00,0.0
2030-04-16 05:30:00,0.0
2030-04-16 05:45:00,0.0
2030-04-16 06:00:00,0.0
2030-04-16 06:15:00,0.0
2030-04-16 06:30:00,0.0
2030-04-16 06:45:00,0.0
2030-04-16 07:00:00,0.0
2030-04-16 07:15:00,0.0
2030-04-16 07:30:00,0.0
2030-04-16 07:45:00,0.0
2030-04-16 08:00:00,0.0
2030-04-16 08:15:00,0.0
2030-04-16 08:30:00,0.0
2030-04-16 08:45:00,0.0
2030-04-16 09:00:00,0.0
2030-04-16 09:15:00,0.0
2030-04-16 09:30:00,0.0
2030-04-16 09:45:00,0.0
2030-04-16 10:00:00,0.0
2030-04-16 10:15:00,0.0
2030-04-16 10:30:00,0.0
2030-04-16 10:45:00,0.0
2030-04-16 11:00:00,0.0
2030-04-16 11:15:00,0.0
2030-04-16 11:30:00,0.0
2030-04-16 11:45:00,0.0
2030-04-16 12:00:00,0.0
2030-04-16 12:15:00,0.0
2030-04-16 12:30:00,0.0
2030-04-16 12:45:00,0.0
2030-04-16 13:00:00,0.0
2030-04-16 13:15:00,0.0
2030-04-16 13:30:00,0.0
2030-04-16 13:45:00,0.0
2030-04-16 14:00:00,0.0
2030-04-16 14:15:00,0.0
2030-04-16 14:30:00,0.0
2030-04-16 14:45:00,0.0
2030-04-16 15:00:00,0.0
2030-04-16 15:15:00,0.0
2030-04-16 15:30:00,0.0
2030-04-16 15:45:00,0.0
2030-04-16 16:00:00,0.0
2030-04-16 16:15:00,0.0
2030-04-16 16:30:00,0.0
2030-04-16 16:45:00,0.0
2030-04-16 17:00:00,0.0
2030-04-16 17:15:00,0.0
2030-04-16 17:30:00,0.0
2030-04-16 17:45:00,0.0
2030-04-16 18:00:00,0.0
2030-04-16 18:15:00,0.0
2030-04-16 18:30:00,0.0
2030-04-16 18:45:00,0.0
2030-04-16 19:00:00,0.0
2030-04-16 19:15:00,0.0
2030-04-16 19:30:00,0.0
2030-04-16 19:45:00,0.0
2030-04-16 20:00:00,0.0
2030-04-16 20:15:00,5493.927728274159
2030-04-16 20:30:00,0.0
2030-04-16 20:45:00,0.0
2030-04-16 21:00:00,0.0
2030-04-16 21:15:00,0.0
2030-04-16 21:30:00,0.0
2030-04-16 21:45:00,0.0
2030-04-16 22:00:00,0.0
2030-04-16 22:15:00,0.0
2030-04-16 22:30:00,0.0
2030-04-16 22:45:00,0.0
2030-04-16 23:00:00,0.0
2030-04-16 23:15:00,0.0
2030-04-16 23:30:00,0.0
2030-04-16 23:45:00,0.0
2030-04-17 00:00:00,0.0
2030-04-17 00:15:00,0.0
2030-04-17 00:30:00,0.0
2030-04-17 00:45:00,0.0
2030-04-17 01:00:00,0.0
2030-04-17 01:15:00,0.0
2030-04-17 01:30:00,0.0
2030-04-17 01:45:00,0.0
2030-04-17 02:00:00,0.0
2030-04-17 02:15:00,0.0
2030-04-17 02:30:00,0.0
2030-04-17 02:45:00,0.0
2030-04-17 03:00:00,0.0
2030-04-17 03:15:00,0.0
2030-04-17 03:30:00,0.0
2030-04-17 03:45:00,0.0
2030-04-17 04:00:00,0.0
2030-04-17 04:15:00,0.0
2030-04-17 04:30:00,0.0
2030-04-17 04:45:00,0.0
2030-04-17 05:00:00,0.0
2030-04-17 05:15:00,0.0
2030-04-17 05:30:00,0.0
2030-04-17 05:45:00,0.0
2030-04-17 06:00:00,0.0
2030-04-17 06:15:00,0.0
2030-04-17 06:30:00,0.0
2030-04-17 06:45:00,0.0
2030-04-17 07:00:00,0.0
2030-04-17 07:15:00,0.0
2030-04-17 07:30:00,0.0
2030-04-17 07:45:00,0.0
2030-04-17 08:00:00,0.0
2030-04-17 08:15:00,0.0
2030-04-17 08:30:00,0.0
2030-04-17 08:45:00,0.0
2030-04-17 09:00:00,0.0
2030-04-17 09:15:00,0.0
2030-04-17 09:30:00,0.0
2030-04-17 09:45:00,0.0
2030-04-17 10:00:00,0.0
2030-04-17 10:15:00,0.0
2030-04-17 10:30:00,0.0
2030-04-17 10:45:00,0.0
2030-04-17 11:00:00,0.0
2030-04-17 11:15:00,0.0
2030-04-17 11:30:00,0.0
2030-04-17 11:45:00,0.0
2030-04-17 12:00:00,0.0
2030-04-17 12:15:00,0.0
2030-04-17 12:30:00,0.0
2030-04-17 12:45:00,0.0
2030-04-17 13:00:00,0.0
2030-04-17 13:15:00,0.0
2030-04-17 13:30:00,0.0
2030-04-17 13:45:00,0.0
2030-04-17 14:00:00,0.0
2030-04-17 14:15:00,0.0
2030-04-17 14:30:00,0.0
2030-04-17 14:45:00,0.0
2030-04-17 15:00:00,0.0
2030-04-17 15:15:00,0.0
2030-04-17 15:30:00,0.0
2030-04-17 15:45:00,0.0
2030-04-17 16:00:00,0.0
2030-04-17 16:15:00,0.0
2030-04-17 16:30:00,0.0
2030-04-17 16:45:00,0.0
2030-04-17 17:00:00,0.0
2030-04-17 17:15:00,0.0
2030-04-17 17:30:00,0.0
2030-04-17 17:45:00,0.0
2030-04-17 18:00:00,0.0
2030-04-17 18:15:00,0.0
2030-04-17 18:30:00,0.0
2030-04-17 18:45:00,0.0
2030-04-17 19:00:00,0.0
2030-04-17 19:15:00,0.0
2030-04-17 19:30:00,0.0
2030-04-17 19:45:00,0.0
2030-04-17 20:00:00,0.0
2030-04-17 20:15:00,0.0
2030-04-17 20:30:00,0.0
2030-04-17 20:45:00,0.0
2030-04-17 21:00:00,0.0
2030-04-17 21:15:00,0.0
2030-04-17 21:30:00,0.0
2030-04-17 21:45:00,0.0
2030-04-17 22:00:00,0.0
2030-04-17 22:15:00,0.0
2030-04-17 22:30:00,0.0
2030-04-17 22:45:00,0.0
2030-04-17 23:00:00,0.0
2030-04-17 23:15:00,0.0
2030-04-17 23:30:00,0.0
2030-04-17 23:45:00,0.0
2030-04-18 00:00:00,5015.3823195621335
2030-04-18 00:15:00,0.0
2030-04-18 00:30:00,0.0
2030-04-18 00:45:00,0.0
2030-04-18 01:00:00,0.0
2030-04-18 01:15:00,0.0
2030-04-18 01:30:00,0.0
2030-04-18 01:45:00,0.0
2030-04-18 02:00:00,0.0
2030-04-18 02:15:00,0.0
2030-04-18 02:30:00,0.0
2030-04-18 02:45:00,0.0
2030-04-18 03:00:00,0.0
2030-04-18 03:15:00,0.0
2030-04-18 03:30:00,0.0
2030-04-18 03:45:00,0.0
2030-04-18 04:00:00,0.0
2030-04-18 04:15:00,0.0
2030-04-18 04:30:00,0.0
2030-04-18 04:45:00,0.0
2030-04-18 05:00:00,0.0
2030-04-18 05:15:00,0.0
2030-04-18 05:30:00,0.0
2030-04-18 05:45:00,0.0
2030-04-18 06:00:00,0.0
2030-04-18 06:15:00,0.0
2030-04-18 06:30:00,0.0
2030-04-18 06:45:00,0.0
2030-04-18 07:00:00,0.0
2030-04-18 07:15:00,0.0
2030-04-18 07:30:00,0.0
2030-04-18 07:45:00,0.0
2030-04-18 08:00:00,0.0
2030-04-18 08:15:00,0.0
2030-04-18 08:30:00,0.0
2030-04-18 08:45:00,0.0
2030-04-18 09:00:00,0.0
2030-04-18 09:15:00,0.0
2030-04-18 09:30:00,0.0
2030-04-18 09:45:00,0.0
2030-04-18 10:00:00,0.0
2030-04-18 10:15:00,0.0
2030-04-18 10:30:00,0.0
2030-04-18 10:45:00,0.0
2030-04-18 11:00:00,0.0
2030-04-18 11:15:00,0.0
2030-04-18 11:30:00,0.0
2030-04-18 11:45:00,0.0
2030-04-18 12:00:00,0.0
2030-04-18 12:15:00,0.0
2030-04-18 12:30:00,0.0
2030-04-18 12:45:00,0.0
2030-04-18 13:00:00,0.0
2030-04-18 13:15:00,0.0
2030-04-18 13:30:00,0.0
2030-04-18 13:45:00,0.0
2030-04-18 14:00:00,-12513.677841017157
2030-04-18 14:15:00,-19114.969786735714
2030-04-18 14:30:00,-18384.897647164857
2030-04-18 14:45:00,-17454.56734018125
2030-04-18 15:00:00,-16423.89333918261
2030-04-18 15:15:00,-15101.79969052479
2030-04-18 15:30:00,-13696.507757583062
2030-04-18 15:45:00,-12092.782332689854
2030-04-18 16:00:00,-10386.998385479543
2030-04-18 16:15:00,-8696.275705240754
2030-04-18 16:30:00,-7035.014722083837
2030-04-18 16:45:00,-5273.755014113922
2030-04-18 17:00:00,-3354.4407168106336
2030-04-18 17:15:00,-1350.9094590537497
2030-04-18 17:30:00,0.0
2030-04-18 17:45:00,0.0
2030-04-18 18:00:00,0.0
2030-04-18 18:15:00,0.0
2030-04-18 18:30:00,0.0
2030-04-18 18:45:00,0.0
2030-04-18 19:00:00,0.0
2030-04-18 19:15:00,0.0
2030-04-18 19:30:00,0.0
2030-04-18 19:45:00,0.0
2030-04-18 20:00:00,0.0
2030-04-18 20:15:00,0.0
2030-04-18 20:30:00,0.0
2030-04-18 20:45:00,0.0
2030-04-18 21:00:00,0.0
2030-04-18 21:15:00,0.0
2030-04-18 21:30:00,0.0
2030-04-18 21:45:00,0.0
2030-04-18 22:00:00,0.0
2030-04-18 22:15:00,0.0
2030-04-18 22:30:00,0.0
2030-04-18 22:45:00,0.0
2030-04-18 23:00:00,0.0
2030-04-18 23:15:00,0.0
2030-04-18 23:30:00,0.0
2030-04-18 23:45:00,0.0
2030-04-19 00:00:00,0.0
2030-04-19 00:15:00,0.0
2030-04-19 00:30:00,0.0
2030-04-19 00:45:00,0.0
2030-04-19 01:00:00,0.0
2030-04-19 01:15:00,0.0
2030-04-19 01:30:00,0.0
2030-04-19 01:45:00,0.0
2030-04-19 02:00:00,0.0
2030-04-19 02:15:00,0.0
2030-04-19 02:30:00,0.0
2030-04-19 02:45:00,0.0
2030-04-19 03:00:00,0.0
2030-04-19 03:15:00,0.0
2030-04-19 03:30:00,0.0
2030-04-19 03:45:00,0.0
2030-04-19 04:00:00,0.0
2030-04-19 04:15:00,0.0
2030-04-19 04:30:00,0.0
2030-04-19 04:45:00,0.0
2030-04-19 05:00:00,0.0
2030-04-19 05:15:00,0.0
2030-04-19 05:30:00,0.0
2030-04-19 05:45:00,0.0
2030-04-19 06:00:00,0.0
2030-04-19 06:15:00,0.0
2030-04-19 06:30:00,0.0
2030-04-19 06:45:00,0.0
2030-04-19 07:00:00,0.0
2030-04-19 07:15:00,0.0
2030-04-19 07:30:00,0.0
2030-04-19 07:45:00,0.0
2030-04-19 08:00:00,0.0
2030-04-19 08:15:00,0.0
2030-04-19 08:30:00,0.0
2030-04-19 08:45:00,0.0
2030-04-19 09:00:00,0.0
2030-04-19 09:15:00,0.0
2030-04-19 09:30:00,0.0
2030-04-19 09:45:00,0.0
2030-04-19 10:00:00,0.0
2030-04-19 10:15:00,-13232.838752420514
2030-04-19 10:30:00,-20690.1889718933
2030-04-19 10:45:00,-21523.403858791444
2030-04-19 11:00:00,-21762.974693983302
2030-04-19 11:15:00,-22257.2314652356
2030-04-19 11:30:00,-22737.55609723919
2030-04-19 11:45:00,-23090.446197732657
2030-04-19 12:00:00,-23631.439547980528
2030-04-19 12:15:00,-23767.797799421074
2030-04-19 12:30:00,-23807.09675531544
2030-04-19 12:45:00,-23526.65172937788
2030-04-19 13:00:00,-23219.35924812431
2030-04-19 13:15:00,-23090.1279913409
2030-04-19 13:30:00,-22914.076011619967
2030-04-19 13:45:00,-22715.714747764723
2030-04-19 14:00:00,-22383.460929491852
2030-04-19 14:15:00,-21864.04621091538
2030-04-19 14:30:00,-21401.83951998337
2030-04-19 14:45:00,-21049.19199139457
2030-04-19 15:00:00,-20439.02853049107
2030-04-19 15:15:00,-19227.28564689482
2030-04-19 15:30:00,-18403.262771362755
2030-04-19 15:45:00,-17156.129332201308
2030-04-19 16:00:00,-15764.771946674507
2030-04-19 16:15:00,-14535.739695858061
2030-04-19 16:30:00,-12848.00860760508
2030-04-19 16:45:00,-10960.77527275611
2030-04-19 17:00:00,-9106.954485531056
2030-04-19 17:15:00,-7628.461302159107
2030-04-19 17:30:00,-5895.389452053067
2030-04-19 17:45:00,-4302.491062598132
2030-04-19 18:00:00,-2861.755554373205
2030-04-19 18:15:00,-1641.1703562208677
2030-04-19 18:30:00,-332.14100495207094
2030-04-19 18:45:00,0.0
2030-04-19 19:00:00,0.0
2030-04-19 19:15:00,0.0
2030-04-19 19:30:00,0.0
2030-04-19 19:45:00,0.0
2030-04-19 20:00:00,0.0
2030-04-19 20:15:00,0.0
2030-04-19 20:30:00,0.0
2030-04-19 20:45:00,0.0
2030-04-19 21:00:00,0.0
2030-04-19 21:15:00,0.0
2030-04-19 21:30:00,0.0
2030-04-19 21:45:00,0.0
2030-04-19 22:00:00,0.0
2030-04-19 22:15:00,0.0
2030-04-19 22:30:00,0.0
2030-04-19 22:45:00,0.0
2030-04-19 23:00:00,0.0
2030-04-19 23:15:00,0.0
2030-04-19 23:30:00,0.0
2030-04-19 23:45:00,0.0
2030-04-20 00:00:00,0.0
2030-04-20 00:15:00,0.0
2030-04-20 00:30:00,0.0
2030-04-20 00:45:00,0.0
2030-04-20 01:00:00,0.0
2030-04-20 01:15:00,0.0
2030-04-20 01:30:00,0.0
2030-04-20 01:45:00,0.0
2030-04-20 02:00:00,0.0
2030-04-20 02:15:00,0.0
2030-04-20 02:30:00,0.0
2030-04-20 02:45:00,0.0
2030-04-20 03:00:00,0.0
2030-04-20 03:15:00,0.0
2030-04-20 03:30:00,0.0
2030-04-20 03:45:00,0.0
2030-04-20 04:00:00,0.0
2030-04-20 04:15:00,0.0
2030-04-20 04:30:00,0.0
2030-04-20 04:45:00,0.0
2030-04-20 05:00:00,0.0
2030-04-20 05:15:00,0.0
2030-04-20 05:30:00,0.0
2030-04-20 05:45:00,0.0
2030-04-20 06:00:00,0.0
2030-04-20 06:15:00,0.0
2030-04-20 06:30:00,0.0
2030-04-20 06:45:00,0.0
2030-04-20 07:00:00,0.0
2030-04-20 07:15:00,0.0
2030-04-20 07:30:00,0.0
2030-04-20 07:45:00,0.0
2030-04-20 08:00:00,0.0
2030-04-20 08:15:00,0.0
2030-04-20 08:30:00,0.0
2030-04-20 08:45:00,0.0
2030-04-20 09:00:00,0.0
2030-04-20 09:15:00,0.0
2030-04-20 09:30:00,0.0
2030-04-20 09:45:00,0.0
2030-04-20 10:00:00,0.0
2030-04-20 10:15:00,0.0
2030-04-20 10:30:00,-12117.324574307444
2030-04-20 10:45:00,-19174.592489031114
2030-04-20 11:00:00,-19634.628461838554
2030-04-20 11:15:00,-20150.685126991055
2030-04-20 11:30:00,-20286.439311524646
2030-04-20 11:45:00,-20464.2955268801
2030-04-20 12:00:00,-20476.30102248201
2030-04-20 12:15:00,-20817.326331878823
2030-04-20 12:30:00,-21107.166092346775
2030-04-20 12:45:00,-21096.813885107993
2030-04-20 13:00:00,-21130.105860220712
2030-04-20 13:15:00,-20845.56880111099
2030-04-20 13:30:00,-20577.14713087031
2030-04-20 13:45:00,-20271.20227187076
2030-04-20 14:00:00,-19463.68161045592
2030-04-20 14:15:00,-18932.531635098916
2030-04-20 14:30:00,-18238.18084742718
2030-04-20 14:45:00,-17196.08425608685
2030-04-20 15:00:00,-15948.556530176076
2030-04-20 15:15:00,-14899.581072078785
2030-04-20 15:30:00,-13651.823260052213
2030-04-20 15:45:00,-12405.45473013294
2030-04-20 16:00:00,-10829.49878421647
2030-04-20 16:15:00,-9049.100170594109
2030-04-20 16:30:00,-7495.523210748597
2030-04-20 16:45:00,-5631.7132743955735
2030-04-20 17:00:00,-3919.306746180744
2030-04-20 17:15:00,-1915.076354273282
2030-04-20 17:30:00,-266.38171973642966
2030-04-20 17:45:00,0.0
2030-04-20 18:00:00,0.0
2030-04-20 18:15:00,0.0
2030-04-20 18:30:00,0.0
2030-04-20 18:45:00,0.0
2030-04-20 19:00:00,0.0
2030-04-20 19:15:00,0.0
2030-04-20 19:30:00,0.0
2030-04-20 19:45:00,0.0
2030-04-20 20:00:00,0.0
2030-04-20 20:15:00,0.0
2030-04-20 20:30:00,0.0
2030-04-20 20:45:00,0.0
2030-04-20 21:00:00,0.0
2030-04-20 21:15:00,0.0
2030-04-20 21:30:00,0.0
2030-04-20 21:45:00,0.0
2030-04-20 22:00:00,0.0
2030-04-20 22:15:00,0.0
2030-04-20 22:30:00,0.0
2030-04-20 22:45:00,0.0
2030-04-20 23:00:00,0.0
2030-04-20 23:15:00,0.0
2030-04-20 23:30:00,0.0
2030-04-20 23:45:00,0.0
2030-04-21 00:00:00,0.0
2030-04-21 00:15:00,0.0
2030-04-21 00:30:00,0.0
2030-04-21 00:45:00,0.0
2030-04-21 01:00:00,0.0
2030-04-21 01:15:00,0.0
2030-04-21 01:30:00,0.0
2030-04-21 01:45:00,0.0
2030-04-21 02:00:00,0.0
2030-04-21 02:15:00,0.0
2030-04-21 02:30:00,0.0
2030-04-21 02:45:00,0.0
2030-04-21 03:00:00,0.0
2030-04-21 03:15:00,0.0
2030-04-21 03:30:00,0.0
2030-04-21 03:45:00,0.0
2030-04-21 04:00:00,0.0
2030-04-21 04:15:00,-494.1963541624664
2030-04-21 04:30:00,-2090.807042879973
2030-04-21 04:45:00,-2092.8198034540073
2030-04-21 05:00:00,-1821.6869350829365
2030-04-21 05:15:00,-2054.001866076782
2030-04-21 05:30:00,-1508.882491844608
2030-04-21 05:45:00,-1287.0076028436888
2030-04-21 06:00:00,-1043.80079194887
2030-04-21 06:15:00,-1574.3371860067673
2030-04-21 06:30:00,-1874.4448525379776
2030-04-21 06:45:00,-2567.0302192714444
2030-04-21 07:00:00,-3006.411931876435
2030-04-21 07:15:00,-3881.015392802441
2030-04-21 07:30:00,-4991.3546330917925
2030-04-21 07:45:00,-6165.673325153646
2030-04-21 08:00:00,-7628.366483927068
2030-04-21 08:15:00,-8736.7669239799
2030-04-21 08:30:00,-10031.623945299929
2030-04-21 08:45:00,-11563.316080289143
2030-04-21 09:00:00,-11672.678431095374
2030-04-21 09:15:00,-12532.492025993575
2030-04-21 09:30:00,-13832.027833266035
2030-04-21 09:45:00,-15451.999262869882
2030-04-21 10:00:00,-17065.614489095195
2030-04-21 10:15:00,-17925.989678224534
2030-04-21 10:30:00,-18619.299073519356
2030-04-21 10:45:00,-19148.805256508473
2030-04-21 11:00:00,-19065.225027242483
2030-04-21 11:15:00,-19816.75065682426
2030-04-21 11:30:00,-20359.419062869125
2030-04-21 11:45:00,-20982.94900271624
2030-04-21 12:00:00,-21472.25317945821
2030-04-21 12:15:00,-21565.59073325203
2030-04-21 12:30:00,-21664.92946967673
2030-04-21 12:45:00,-21686.4889087365
2030-04-21 13:00:00,-21534.03150908962
2030-04-21 13:15:00,-21468.885687915805
2030-04-21 13:30:00,-20970.983950991253
2030-04-21 13:45:00,-20906.60574681627
2030-04-21 14:00:00,-20437.18699352824
2030-04-21 14:15:00,-19722.987029032247
2030-04-21 14:30:00,-19164.03952973733
2030-04-21 14:45:00,-18665.60188487371
2030-04-21 15:00:00,-17250.091764028726
2030-04-21 15:15:00,-16581.828096070018
2030-04-21 15:30:00,-15437.470102833315
2030-04-21 15:45:00,-14270.117263405467
2030-04-21 16:00:00,-12528.30768928942
2030-04-21 16:15:00,-11057.90016914552
2030-04-21 16:30:00,-9568.76658795663
2030-04-21 16:45:00,-8384.117199974167
2030-04-21 17:00:00,-6707.451397551769
2030-04-21 17:15:00,-4852.103885204113
2030-04-21 17:30:00,-3393.9560015451716
2030-04-21 17:45:00,-1827.831656774575
2030-04-21 18:00:00,-194.13590375095737
2030-04-21 18:15:00,0.0
2030-04-21 18:30:00,0.0
2030-04-21 18:45:00,0.0
2030-04-21 19:00:00,0.0
2030-04-21 19:15:00,0.0
2030-04-21 19:30:00,0.0
2030-04-21 19:45:00,0.0
2030-04-21 20:00:00,0.0
2030-04-21 20:15:00,0.0
2030-04-21 20:30:00,0.0
2030-04-21 20:45:00,0.0
2030-04-21 21:00:00,-624.5188849457481
2030-04-21 21:15:00,-1335.4279130207651
2030-04-21 21:30:00,-1587.629982377719
2030-04-21 21:45:00,-1823.059980690181
2030-04-21 22:00:00,-1964.1859353947075
2030-04-21 22:15:00,-1827.9530696814036
2030-04-21 22:30:00,-1541.0421516086317
2030-04-21 22:45:00,-1554.371178475667
2030-04-21 23:00:00,-1874.478545728145
2030-04-21 23:15:00,-1990.5485724137143
2030-04-21 23:30:00,-1900.4779296765864
2030-04-21 23:45:00,-2024.7665148856722
2030-04-22 00:00:00,-2184.7129316559513
2030-04-22 00:15:00,-2189.175597484669
2030-04-22 00:30:00,-2259.492606486496
2030-04-22 00:45:00,-2352.4176931976945
2030-04-22 01:00:00,-2398.102821666589
2030-04-22 01:15:00,-2476.209614385043
2030-04-22 01:30:00,-2681.38699332093
2030-04-22 01:45:00,-2970.8559318585303
2030-04-22 02:00:00,-3087.474974928773
2030-04-22 02:15:00,-3220.9919911021498
2030-04-22 02:30:00,-3212.5731239793877
2030-04-22 02:45:00,-3161.7265968685933
2030-04-22 03:00:00,-3296.998924030031
2030-04-22 03:15:00,-3236.8110311730597
2030-04-22 03:30:00,-3308.7674651588277
2030-04-22 03:45:00,-3465.753929105027
2030-04-22 04:00:00,-3374.589102361171
2030-04-22 04:15:00,-3233.2981995654063
2030-04-22 04:30:00,-3097.878734855096
2030-04-22 04:45:00,-3104.3691386853807
2030-04-22 05:00:00,-3087.778629265933
2030-04-22 05:15:00,-3246.092720220666
2030-04-22 05:30:00,-3386.381929574587
2030-04-22 05:45:00,-3681.1038951175906
2030-04-22 06:00:00,-4132.202273953819
2030-04-22 06:15:00,-4915.328061436614
2030-04-22 06:30:00,-5587.453153673356
2030-04-22 06:45:00,-6283.256968768224
2030-04-22 07:00:00,-6723.922497168109
2030-04-22 07:15:00,-7438.298372291736
2030-04-22 07:30:00,-8397.597392795004
2030-04-22 07:45:00,-9131.204081205458
2030-04-22 08:00:00,-9739.700170732927
2030-04-22 08:15:00,-10708.587041120847
2030-04-22 08:30:00,-11586.928467851003
2030-04-22 08:45:00,-12681.59128869413
2030-04-22 09:00:00,-13764.936601848074
2030-04-22 09:15:00,-14872.983191832745
2030-04-22 09:30:00,-16129.868826506146
2030-04-22 09:45:00,-17258.653340516696
2030-04-22 10:00:00,-18149.23295029869
2030-04-22 10:15:00,-19117.148530205726
2030-04-22 10:30:00,-19849.23091916756
2030-04-22 10:45:00,-20288.426257606243
2030-04-22 11:00:00,-21472.115639238633
2030-04-22 11:15:00,-22485.699917024576
2030-04-22 11:30:00,-22741.674297758695
2030-04-22 11:45:00,-23253.108465622347
2030-04-22 12:00:00,-23640.34782613048
2030-04-22 12:15:00,-24136.003044568715
2030-04-22 12:30:00,-24257.990277860492
2030-04-22 12:45:00,-23741.744568038168
2030-04-22 13:00:00,-23513.09605520075
2030-04-22 13:15:00,-23244.580118110374
2030-04-22 13:30:00,-22726.12153856955
2030-04-22 13:45:00,-22109.094409289137
2030-04-22 14:00:00,-21535.78669528647
2030-04-22 14:15:00,-20532.254053932367
2030-04-22 14:30:00,-19873.79222897673
2030-04-22 14:45:00,-18845.236233920063
2030-04-22 15:00:00,-17617.616058981774
2030-04-22 15:15:00,-16208.552241678328
2030-04-22 15:30:00,-14949.017714827738
2030-04-22 15:45:00,-13486.190326799737
2030-04-22 16:00:00,-12081.402130753708
2030-04-22 16:15:00,-10657.001555370509
2030-04-22 16:30:00,-8890.583315699136
2030-04-22 16:45:00,-7325.070468076892
2030-04-22 17:00:00,-5532.223391389758
2030-04-22 17:15:00,-3833.1892131295117
2030-04-22 17:30:00,-2338.771433088803
2030-04-22 17:45:00,-1131.0453061833741
2030-04-22 18:00:00,-270.1935217176069
2030-04-22 18:15:00,0.0
2030-04-22 18:30:00,0.0
2030-04-22 18:45:00,0.0
2030-04-22 19:00:00,0.0
2030-04-22 19:15:00,0.0
2030-04-22 19:30:00,0.0
2030-04-22 19:45:00,0.0
2030-04-22 20:00:00,0.0
2030-04-22 20:15:00,0.0
2030-04-22 20:30:00,0.0
2030-04-22 20:45:00,0.0
2030-04-22 21:00:00,0.0
2030-04-22 21:15:00,0.0
2030-04-22 21:30:00,0.0
2030-04-22 21:45:00,0.0
2030-04-22 22:00:00,0.0
2030-04-22 22:15:00,0.0
2030-04-22 22:30:00,0.0
2030-04-22 22:45:00,0.0
2030-04-22 23:00:00,0.0
2030-04-22 23:15:00,0.0
2030-04-22 23:30:00,0.0
2030-04-22 23:45:00,0.0
2030-04-23 00:00:00,0.0
2030-04-23 00:15:00,0.0
2030-04-23 00:30:00,0.0
2030-04-23 00:45:00,0.0
2030-04-23 01:00:00,0.0
2030-04-23 01:15:00,0.0
2030-04-23 01:30:00,0.0
2030-04-23 01:45:00,0.0
2030-04-23 02:00:00,0.0
2030-04-23 02:15:00,0.0
2030-04-23 02:30:00,0.0
2030-04-23 02:45:00,0.0
2030-04-23 03:00:00,0.0
2030-04-23 03:15:00,0.0
2030-04-23 03:30:00,0.0
2030-04-23 03:45:00,0.0
2030-04-23 04:00:00,0.0
2030-04-23 04:15:00,0.0
2030-04-23 04:30:00,0.0
2030-04-23 04:45:00,0.0
2030-04-23 05:00:00,0.0
2030-04-23 05:15:00,0.0
2030-04-23 05:30:00,0.0
2030-04-23 05:45:00,0.0
2030-04-23 06:00:00,0.0
2030-04-23 06:15:00,0.0
2030-04-23 06:30:00,0.0
2030-04-23 06:45:00,0.0
2030-04-23 07:00:00,0.0
2030-04-23 07:15:00,0.0
2030-04-23 07:30:00,0.0
2030-04-23 07:45:00,0.0
2030-04-23 08:00:00,0.0
2030-04-23 08:15:00,0.0
2030-04-23 08:30:00,0.0
2030-04-23 08:45:00,0.0
2030-04-23 09:00:00,0.0
2030-04-23 09:15:00,0.0
2030-04-23 09:30:00,0.0
2030-04-23 09:45:00,0.0
2030-04-23 10:00:00,0.0
2030-04-23 10:15:00,0.0
2030-04-23 10:30:00,0.0
2030-04-23 10:45:00,0.0
2030-04-23 11:00:00,0.0
2030-04-23 11:15:00,0.0
2030-04-23 11:30:00,0.0
2030-04-23 11:45:00,0.0
2030-04-23 12:00:00,0.0
2030-04-23 12:15:00,0.0
2030-04-23 12:30:00,0.0
2030-04-23 12:45:00,0.0
2030-04-23 13:00:00,0.0
2030-04-23 13:15:00,-3338.0839072187246
2030-04-23 13:30:00,-8199.797054356748
2030-04-23 13:45:00,-7756.431543111967
2030-04-23 14:00:00,-7499.680347079842
2030-04-23 14:15:00,-7167.576649866502
2030-04-23 14:30:00,-6725.337770551076
2030-04-23 14:45:00,-6230.548957837196
2030-04-23 15:00:00,-5092.962618170699
2030-04-23 15:15:00,-4248.61544182684
2030-04-23 15:30:00,-3389.0517322672204
2030-04-23 15:45:00,-2293.1837307497135
2030-04-23 16:00:00,-1320.7240142609153
2030-04-23 16:15:00,-624.445468201975
2030-04-23 16:30:00,0.0
2030-04-23 16:45:00,0.0
2030-04-23 17:00:00,0.0
2030-04-23 17:15:00,0.0
2030-04-23 17:30:00,0.0
2030-04-23 17:45:00,0.0
2030-04-23 18:00:00,0.0
2030-04-23 18:15:00,0.0
2030-04-23 18:30:00,0.0
2030-04-23 18:45:00,0.0
2030-04-23 19:00:00,0.0
2030-04-23 19:15:00,0.0
2030-04-23 19:30:00,0.0
2030-04-23 19:45:00,0.0
2030-04-23 20:00:00,0.0
2030-04-23 20:15:00,0.0
2030-04-23 20:30:00,0.0
2030-04-23 20:45:00,0.0
2030-04-23 21:00:00,0.0
2030-04-23 21:15:00,0.0
2030-04-23 21:30:00,0.0
2030-04-23 21:45:00,0.0
2030-04-23 22:00:00,0.0
2030-04-23 22:15:00,0.0
2030-04-23 22:30:00,0.0
2030-04-23 22:45:00,0.0
2030-04-23 23:00:00,0.0
2030-04-23 23:15:00,0.0
2030-04-23 23:30:00,0.0
2030-04-23 23:45:00,0.0
2030-04-24 00:00:00,0.0
2030-04-24 00:15:00,0.0
2030-04-24 00:30:00,0.0
2030-04-24 00:45:00,0.0
2030-04-24 01:00:00,0.0
2030-04-24 01:15:00,0.0
2030-04-24 01:30:00,0.0
2030-04-24 01:45:00,0.0
2030-04-24 02:00:00,0.0
2030-04-24 02:15:00,0.0
2030-04-24 02:30:00,0.0
2030-04-24 02:45:00,0.0
2030-04-24 03:00:00,0.0
2030-04-24 03:15:00,0.0
2030-04-24 03:30:00,0.0
2030-04-24 03:45:00,0.0
2030-04-24 04:00:00,0.0
2030-04-24 04:15:00,0.0
2030-04-24 04:30:00,0.0
2030-04-24 04:45:00,0.0
2030-04-24 05:00:00,0.0
2030-04-24 05:15:00,0.0
2030-04-24 05:30:00,0.0
2030-04-24 05:45:00,0.0
2030-04-24 06:00:00,0.0
2030-04-24 06:15:00,0.0
2030-04-24 06:30:00,0.0
2030-04-24 06:45:00,0.0
2030-04-24 07:00:00,0.0
2030-04-24 07:15:00,0.0
2030-04-24 07:30:00,0.0
2030-04-24 07:45:00,0.0
2030-04-24 08:00:00,0.0
2030-04-24 08:15:00,0.0
2030-04-24 08:30:00,0.0
2030-04-24 08:45:00,0.0
2030-04-24 09:00:00,0.0
2030-04-24 09:15:00,0.0
2030-04-24 09:30:00,0.0
2030-04-24 09:45:00,0.0
2030-04-24 10:00:00,0.0
2030-04-24 10:15:00,0.0
2030-04-24 10:30:00,0.0
2030-04-24 10:45:00,0.0
2030-04-24 11:00:00,0.0
2030-04-24 11:15:00,0.0
2030-04-24 11:30:00,0.0
2030-04-24 11:45:00,-14734.069872806114
2030-04-24 12:00:00,-16759.977316803754
2030-04-24 12:15:00,-16713.41362544691
2030-04-24 12:30:00,-16570.80735928322
2030-04-24 12:45:00,-15977.366685031542
2030-04-24 13:00:00,-16056.464762227093
2030-04-24 13:15:00,-15929.614204282545
2030-04-24 13:30:00,-15823.405334481045
2030-04-24 13:45:00,-15980.001994385908
2030-04-24 14:00:00,-15901.034994979094
2030-04-24 14:15:00,-15677.265496790395
2030-04-24 14:30:00,-15686.377113377363
2030-04-24 14:45:00,-15177.618682769102
2030-04-24 15:00:00,-14472.292283696894
2030-04-24 15:15:00,-13988.159557075818
2030-04-24 15:30:00,-13272.553159691728
2030-04-24 15:45:00,-12613.44886964318
2030-04-24 16:00:00,-11424.873414868776
2030-04-24 16:15:00,-11038.42220682135
2030-04-24 16:30:00,-10248.791032236768
2030-04-24 16:45:00,-9388.954999554924
2030-04-24 17:00:00,-8324.647317259307
2030-04-24 17:15:00,-7052.436602556314
2030-04-24 17:30:00,-5782.141349723228
2030-04-24 17:45:00,-4534.121831405744
2030-04-24 18:00:00,-3350.711127333663
2030-04-24 18:15:00,-2428.7960364234095
2030-04-24 18:30:00,-1462.5610230459788
2030-04-24 18:45:00,-560.0101771272894
2030-04-24 19:00:00,-87.1119700579111
2030-04-24 19:15:00,0.0
2030-04-24 19:30:00,0.0
2030-04-24 19:45:00,0.0
2030-04-24 20:00:00,0.0
2030-04-24 20:15:00,0.0
2030-04-24 20:30:00,0.0
2030-04-24 20:45:00,0.0
2030-04-24 21:00:00,0.0
2030-04-24 21:15:00,0.0
2030-04-24 21:30:00,0.0
2030-04-24 21:45:00,0.0
2030-04-24 22:00:00,0.0
2030-04-24 22:15:00,0.0
2030-04-24 22:30:00,0.0
2030-04-24 22:45:00,-24.415813594474457
2030-04-24 23:00:00,-1268.4285888758895
2030-04-24 23:15:00,-1049.056148797532
2030-04-24 23:30:00,-1196.8899726904565
2030-04-24 23:45:00,-1431.5217994604936
2030-04-25 00:00:00,-1366.1029045638334
2030-04-25 00:15:00,-1426.4866848393067
2030-04-25 00:30:00,-1285.7708013730207
2030-04-25 00:45:00,-703.1672090417323
2030-04-25 01:00:00,-261.0896794874334
2030-04-25 01:15:00,0.0
2030-04-25 01:30:00,0.0
2030-04-25 01:45:00,0.0
2030-04-25 02:00:00,0.0
2030-04-25 02:15:00,0.0
2030-04-25 02:30:00,0.0
2030-04-25 02:45:00,0.0
2030-04-25 03:00:00,0.0
2030-04-25 03:15:00,0.0
2030-04-25 03:30:00,0.0
2030-04-25 03:45:00,0.0
2030-04-25 04:00:00,0.0
2030-04-25 04:15:00,0.0
2030-04-25 04:30:00,0.0
2030-04-25 04:45:00,0.0
2030-04-25 05:00:00,0.0
2030-04-25 05:15:00,0.0
2030-04-25 05:30:00,0.0
2030-04-25 05:45:00,0.0
2030-04-25 06:00:00,0.0
2030-04-25 06:15:00,0.0
2030-04-25 06:30:00,0.0
2030-04-25 06:45:00,0.0
2030-04-25 07:00:00,0.0
2030-04-25 07:15:00,0.0
2030-04-25 07:30:00,0.0
2030-04-25 07:45:00,0.0
2030-04-25 08:00:00,0.0
2030-04-25 08:15:00,0.0
2030-04-25 08:30:00,0.0
2030-04-25 08:45:00,0.0
2030-04-25 09:00:00,0.0
2030-04-25 09:15:00,0.0
2030-04-25 09:30:00,0.0
2030-04-25 09:45:00,0.0
2030-04-25 10:00:00,0.0
2030-04-25 10:15:00,0.0
2030-04-25 10:30:00,0.0
2030-04-25 10:45:00,0.0
2030-04-25 11:00:00,0.0
2030-04-25 11:15:00,0.0
2030-04-25 11:30:00,0.0
2030-04-25 11:45:00,0.0
2030-04-25 12:00:00,0.0
2030-04-25 12:15:00,-2044.3882932128035
2030-04-25 12:30:00,-9324.8924268802
2030-04-25 12:45:00,-9194.25106327744
2030-04-25 13:00:00,-9264.405860955587
2030-04-25 13:15:00,-8742.742017317873
2030-04-25 13:30:00,-9367.777997856007
2030-04-25 13:45:00,-9409.314887012482
2030-04-25 14:00:00,-9196.686427795757
2030-04-25 14:15:00,-8983.310918877087
2030-04-25 14:30:00,-8278.877337837679
2030-04-25 14:45:00,-7699.295590542006
2030-04-25 15:00:00,-7274.128353403619
2030-04-25 15:15:00,-6674.332469159821
2030-04-25 15:30:00,-5688.599413109412
2030-04-25 15:45:00,-4866.299973098634
2030-04-25 16:00:00,-3703.068291501564
2030-04-25 16:15:00,-2631.738926566759
2030-04-25 16:30:00,-1587.2030969866464
2030-04-25 16:45:00,-396.3305593505247
2030-04-25 17:00:00,0.0
2030-04-25 17:15:00,0.0
2030-04-25 17:30:00,0.0
2030-04-25 17:45:00,0.0
2030-04-25 18:00:00,0.0
2030-04-25 18:15:00,0.0
2030-04-25 18:30:00,0.0
2030-04-25 18:45:00,0.0
2030-04-25 19:00:00,0.0
2030-04-25 19:15:00,0.0
2030-04-25 19:30:00,0.0
2030-04-25 19:45:00,0.0
2030-04-25 20:00:00,0.0
2030-04-25 20:15:00,0.0
2030-04-25 20:30:00,0.0
2030-04-25 20:45:00,0.0
2030-04-25 21:00:00,0.0
2030-04-25 21:15:00,0.0
2030-04-25 21:30:00,0.0
2030-04-25 21:45:00,0.0
2030-04-25 22:00:00,0.0
2030-04-25 22:15:00,0.0
2030-04-25 22:30:00,0.0
2030-04-25 22:45:00,0.0
2030-04-25 23:00:00,0.0
2030-04-25 23:15:00,0.0
2030-04-25 23:30:00,0.0
2030-04-25 23:45:00,0.0
2030-04-26 00:00:00,0.0
2030-04-26 00:15:00,0.0
2030-04-26 00:30:00,0.0
2030-04-26 00:45:00,0.0
2030-04-26 01:00:00,0.0
2030-04-26 01:15:00,0.0
2030-04-26 01:30:00,0.0
2030-04-26 01:45:00,0.0
2030-04-26 02:00:00,0.0
2030-04-26 02:15:00,0.0
2030-04-26 02:30:00,0.0
2030-04-26 02:45:00,0.0
2030-04-26 03:00:00,0.0
2030-04-26 03:15:00,0.0
2030-04-26 03:30:00,0.0
2030-04-26 03:45:00,0.0
2030-04-26 04:00:00,0.0
2030-04-26 04:15:00,0.0
2030-04-26 04:30:00,0.0
2030-04-26 04:45:00,0.0
2030-04-26 05:00:00,0.0
2030-04-26 05:15:00,0.0
2030-04-26 05:30:00,0.0
2030-04-26 05:45:00,0.0
2030-04-26 06:00:00,0.0
2030-04-26 06:15:00,0.0
2030-04-26 06:30:00,0.0
2030-04-26 06:45:00,3460.624585397647
2030-04-26 07:00:00,0.0
2030-04-26 07:15:00,0.0
2030-04-26 07:30:00,0.0
2030-04-26 07:45:00,0.0
2030-04-26 08:00:00,0.0
2030-04-26 08:15:00,0.0
2030-04-26 08:30:00,0.0
2030-04-26 08:45:00,0.0
2030-04-26 09:00:00,0.0
2030-04-26 09:15:00,0.0
2030-04-26 09:30:00,0.0
2030-04-26 09:45:00,0.0
2030-04-26 10:00:00,0.0
2030-04-26 10:15:00,0.0
2030-04-26 10:30:00,0.0
2030-04-26 10:45:00,0.0
2030-04-26 11:00:00,0.0
2030-04-26 11:15:00,0.0
2030-04-26 11:30:00,0.0
2030-04-26 11:45:00,0.0
2030-04-26 12:00:00,0.0
2030-04-26 12:15:00,0.0
2030-04-26 12:30:00,0.0
2030-04-26 12:45:00,0.0
2030-04-26 13:00:00,0.0
2030-04-26 13:15:00,0.0
2030-04-26 13:30:00,0.0
2030-04-26 13:45:00,0.0
2030-04-26 14:00:00,0.0
2030-04-26 14:15:00,0.0
2030-04-26 14:30:00,0.0
2030-04-26 14:45:00,0.0
2030-04-26 15:00:00,0.0
2030-04-26 15:15:00,0.0
2030-04-26 15:30:00,0.0
2030-04-26 15:45:00,0.0
2030-04-26 16:00:00,0.0
2030-04-26 16:15:00,0.0
2030-04-26 16:30:00,0.0
2030-04-26 16:45:00,0.0
2030-04-26 17:00:00,0.0
2030-04-26 17:15:00,0.0
2030-04-26 17:30:00,0.0
2030-04-26 17:45:00,0.0
2030-04-26 18:00:00,0.0
2030-04-26 18:15:00,0.0
2030-04-26 18:30:00,0.0
2030-04-26 18:45:00,12412.600908468748
2030-04-26 19:00:00,3426.0275124182044
2030-04-26 19:15:00,3456.5899854422423
2030-04-26 19:30:00,3389.1877594532925
2030-04-26 19:45:00,3088.6934497417715
2030-04-26 20:00:00,2704.8676601559437
2030-04-26 20:15:00,2594.8784382643717
2030-04-26 20:30:00,2553.3947748179744
2030-04-26 20:45:00,2372.8461351648657
2030-04-26 21:00:00,2269.8029898170025
2030-04-26 21:15:00,2126.3981127599363
2030-04-26 21:30:00,1681.439822371818
2030-04-26 21:45:00,1133.9875678682583
2030-04-26 22:00:00,629.9788722609155
2030-04-26 22:15:00,437.59290623080415
2030-04-26 22:30:00,136.01276439784488
2030-04-26 22:45:00,0.0
2030-04-26 23:00:00,0.0
2030-04-26 23:15:00,0.0
2030-04-26 23:30:00,0.0
2030-04-26 23:45:00,0.0
2030-04-27 00:00:00,0.0
2030-04-27 00:15:00,0.0
2030-04-27 00:30:00,0.0
2030-04-27 00:45:00,0.0
2030-04-27 01:00:00,0.0
2030-04-27 01:15:00,0.0
2030-04-27 01:30:00,0.0
2030-04-27 01:45:00,0.0
2030-04-27 02:00:00,0.0
2030-04-27 02:15:00,0.0
2030-04-27 02:30:00,0.0
2030-04-27 02:45:00,0.0
2030-04-27 03:00:00,0.0
2030-04-27 03:15:00,0.0
2030-04-27 03:30:00,0.0
2030-04-27 03:45:00,0.0
2030-04-27 04:00:00,0.0
2030-04-27 04:15:00,0.0
2030-04-27 04:30:00,0.0
2030-04-27 04:45:00,0.0
2030-04-27 05:00:00,0.0
2030-04-27 05:15:00,0.0
2030-04-27 05:30:00,0.0
2030-04-27 05:45:00,0.0
2030-04-27 06:00:00,0.0
2030-04-27 06:15:00,0.0
2030-04-27 06:30:00,0.0
2030-04-27 06:45:00,0.0
2030-04-27 07:00:00,0.0
2030-04-27 07:15:00,0.0
2030-04-27 07:30:00,0.0
2030-04-27 07:45:00,0.0
2030-04-27 08:00:00,0.0
2030-04-27 08:15:00,0.0
2030-04-27 08:30:00,0.0
2030-04-27 08:45:00,0.0
2030-04-27 09:00:00,0.0
2030-04-27 09:15:00,0.0
2030-04-27 09:30:00,0.0
2030-04-27 09:45:00,0.0
2030-04-27 10:00:00,0.0
2030-04-27 10:15:00,0.0
2030-04-27 10:30:00,0.0
2030-04-27 10:45:00,0.0
2030-04-27 11:00:00,0.0
2030-04-27 11:15:00,0.0
2030-04-27 11:30:00,0.0
2030-04-27 11:45:00,0.0
2030-04-27 12:00:00,0.0
2030-04-27 12:15:00,0.0
2030-04-27 12:30:00,0.0
2030-04-27 12:45:00,0.0
2030-04-27 13:00:00,0.0
2030-04-27 13:15:00,0.0
2030-04-27 13:30:00,0.0
2030-04-27 13:45:00,0.0
2030-04-27 14:00:00,0.0
2030-04-27 14:15:00,0.0
2030-04-27 14:30:00,0.0
2030-04-27 14:45:00,0.0
2030-04-27 15:00:00,0.0
2030-04-27 15:15:00,0.0
2030-04-27 15:30:00,0.0
2030-04-27 15:45:00,0.0
2030-04-27 16:00:00,0.0
2030-04-27 16:15:00,0.0
2030-04-27 16:30:00,0.0
2030-04-27 16:45:00,0.0
2030-04-27 17:00:00,0.0
2030-04-27 17:15:00,0.0
2030-04-27 17:30:00,0.0
2030-04-27 17:45:00,0.0
2030-04-27 18:00:00,0.0
2030-04-27 18:15:00,0.0
2030-04-27 18:30:00,0.0
2030-04-27 18:45:00,0.0
2030-04-27 19:00:00,0.0
2030-04-27 19:15:00,0.0
2030-04-27 19:30:00,0.0
2030-04-27 19:45:00,0.0
2030-04-27 20:00:00,0.0
2030-04-27 20:15:00,0.0
2030-04-27 20:30:00,0.0
2030-04-27 20:45:00,8093.121562500421
2030-04-27 21:00:00,2887.5505730862824
2030-04-27 21:15:00,2601.8001582016404
2030-04-27 21:30:00,2201.5283660008317
2030-04-27 21:45:00,1569.100935537419
2030-04-27 22:00:00,1276.7302811583922
2030-04-27 22:15:00,838.0931582216544
2030-04-27 22:30:00,519.7334652148693
2030-04-27 22:45:00,126.93070893686672
2030-04-27 23:00:00,0.0
2030-04-27 23:15:00,0.0
2030-04-27 23:30:00,0.0
2030-04-27 23:45:00,0.0
2030-04-28 00:00:00,0.0
2030-04-28 00:15:00,0.0
2030-04-28 00:30:00,0.0
2030-04-28 00:45:00,0.0
2030-04-28 01:00:00,0.0
2030-04-28 01:15:00,0.0
2030-04-28 01:30:00,0.0
2030-04-28 01:45:00,0.0
2030-04-28 02:00:00,0.0
2030-04-28 02:15:00,0.0
2030-04-28 02:30:00,0.0
2030-04-28 02:45:00,0.0
2030-04-28 03:00:00,0.0
2030-04-28 03:15:00,0.0
2030-04-28 03:30:00,0.0
2030-04-28 03:45:00,0.0
2030-04-28 04:00:00,0.0
2030-04-28 04:15:00,0.0
2030-04-28 04:30:00,0.0
2030-04-28 04:45:00,0.0
2030-04-28 05:00:00,0.0
2030-04-28 05:15:00,0.0
2030-04-28 05:30:00,0.0
2030-04-28 05:45:00,0.0
2030-04-28 06:00:00,0.0
2030-04-28 06:15:00,0.0
2030-04-28 06:30:00,0.0
2030-04-28 06:45:00,0.0
2030-04-28 07:00:00,0.0
2030-04-28 07:15:00,0.0
2030-04-28 07:30:00,0.0
2030-04-28 07:45:00,0.0
2030-04-28 08:00:00,0.0
2030-04-28 08:15:00,0.0
2030-04-28 08:30:00,0.0
2030-04-28 08:45:00,0.0
2030-04-28 09:00:00,0.0
2030-04-28 09:15:00,0.0
2030-04-28 09:30:00,0.0
2030-04-28 09:45:00,0.0
2030-04-28 10:00:00,0.0
2030-04-28 10:15:00,0.0
2030-04-28 10:30:00,0.0
2030-04-28 10:45:00,0.0
2030-04-28 11:00:00,0.0
2030-04-28 11:15:00,0.0
2030-04-28 11:30:00,0.0
2030-04-28 11:45:00,0.0
2030-04-28 12:00:00,0.0
2030-04-28 12:15:00,0.0
2030-04-28 12:30:00,0.0
2030-04-28 12:45:00,0.0
2030-04-28 13:00:00,0.0
2030-04-28 13:15:00,0.0
2030-04-28 13:30:00,0.0
2030-04-28 13:45:00,0.0
2030-04-28 14:00:00,0.0
2030-04-28 14:15:00,0.0
2030-04-28 14:30:00,0.0
2030-04-28 14:45:00,0.0
2030-04-28 15:00:00,0.0
2030-04-28 15:15:00,0.0
2030-04-28 15:30:00,0.0
2030-04-28 15:45:00,0.0
2030-04-28 16:00:00,0.0
2030-04-28 16:15:00,0.0
2030-04-28 16:30:00,0.0
2030-04-28 16:45:00,0.0
2030-04-28 17:00:00,0.0
2030-04-28 17:15:00,0.0
2030-04-28 17:30:00,0.0
2030-04-28 17:45:00,0.0
2030-04-28 18:00:00,0.0
2030-04-28 18:15:00,0.0
2030-04-28 18:30:00,0.0
2030-04-28 18:45:00,0.0
2030-04-28 19:00:00,0.0
2030-04-28 19:15:00,0.0
2030-04-28 19:30:00,0.0
2030-04-28 19:45:00,0.0
2030-04-28 20:00:00,0.0
2030-04-28 20:15:00,0.0
2030-04-28 20:30:00,0.0
2030-04-28 20:45:00,3018.556761157344
2030-04-28 21:00:00,0.0
2030-04-28 21:15:00,0.0
2030-04-28 21:30:00,0.0
2030-04-28 21:45:00,0.0
2030-04-28 22:00:00,0.0
2030-04-28 22:15:00,0.0
2030-04-28 22:30:00,0.0
2030-04-28 22:45:00,0.0
2030-04-28 23:00:00,0.0
2030-04-28 23:15:00,0.0
2030-04-28 23:30:00,0.0
2030-04-28 23:45:00,0.0
2030-04-29 00:00:00,0.0
2030-04-29 00:15:00,0.0
2030-04-29 00:30:00,0.0
2030-04-29 00:45:00,0.0
2030-04-29 01:00:00,0.0
2030-04-29 01:15:00,0.0
2030-04-29 01:30:00,0.0
2030-04-29 01:45:00,0.0
2030-04-29 02:00:00,0.0
2030-04-29 02:15:00,0.0
2030-04-29 02:30:00,0.0
2030-04-29 02:45:00,0.0
2030-04-29 03:00:00,0.0
2030-04-29 03:15:00,0.0
2030-04-29 03:30:00,0.0
2030-04-29 03:45:00,0.0
2030-04-29 04:00:00,0.0
2030-04-29 04:15:00,0.0
2030-04-29 04:30:00,0.0
2030-04-29 04:45:00,0.0
2030-04-29 05:00:00,0.0
2030-04-29 05:15:00,0.0
2030-04-29 05:30:00,0.0
2030-04-29 05:45:00,0.0
2030-04-29 06:00:00,0.0
2030-04-29 06:15:00,0.0
2030-04-29 06:30:00,0.0
2030-04-29 06:45:00,0.0
2030-04-29 07:00:00,0.0
2030-04-29 07:15:00,0.0
2030-04-29 07:30:00,0.0
2030-04-29 07:45:00,0.0
2030-04-29 08:00:00,0.0
2030-04-29 08:15:00,0.0
2030-04-29 08:30:00,0.0
2030-04-29 08:45:00,0.0
2030-04-29 09:00:00,0.0
2030-04-29 09:15:00,0.0
2030-04-29 09:30:00,0.0
2030-04-29 09:45:00,0.0
2030-04-29 10:00:00,0.0
2030-04-29 10:15:00,0.0
2030-04-29 10:30:00,0.0
2030-04-29 10:45:00,0.0
2030-04-29 11:00:00,0.0
2030-04-29 11:15:00,0.0
2030-04-29 11:30:00,0.0
2030-04-29 11:45:00,0.0
2030-04-29 12:00:00,0.0
2030-04-29 12:15:00,0.0
2030-04-29 12:30:00,0.0
2030-04-29 12:45:00,0.0
2030-04-29 13:00:00,0.0
2030-04-29 13:15:00,0.0
2030-04-29 13:30:00,0.0
2030-04-29 13:45:00,0.0
2030-04-29 14:00:00,0.0
2030-04-29 14:15:00,0.0
2030-04-29 14:30:00,0.0
2030-04-29 14:45:00,0.0
2030-04-29 15:00:00,0.0
2030-04-29 15:15:00,0.0
2030-04-29 15:30:00,-3119.1902404562843
2030-04-29 15:45:00,-7996.320712408728
2030-04-29 16:00:00,-6580.726100902137
2030-04-29 16:15:00,-5068.139675569915
2030-04-29 16:30:00,-3570.5784514906154
2030-04-29 16:45:00,-1980.3544888749802
2030-04-29 17:00:00,-508.1498548982254
2030-04-29 17:15:00,0.0
2030-04-29 17:30:00,0.0
2030-04-29 17:45:00,0.0
2030-04-29 18:00:00,0.0
2030-04-29 18:15:00,0.0
2030-04-29 18:30:00,0.0
2030-04-29 18:45:00,0.0
2030-04-29 19:00:00,0.0
2030-04-29 19:15:00,0.0
2030-04-29 19:30:00,0.0
2030-04-29 19:45:00,0.0
2030-04-29 20:00:00,0.0
2030-04-29 20:15:00,0.0
2030-04-29 20:30:00,0.0
2030-04-29 20:45:00,0.0
2030-04-29 21:00:00,0.0
2030-04-29 21:15:00,0.0
2030-04-29 21:30:00,0.0
2030-04-29 21:45:00,0.0
2030-04-29 22:00:00,0.0
2030-04-29 22:15:00,0.0
2030-04-29 22:30:00,0.0
2030-04-29 22:45:00,0.0
2030-04-29 23:00:00,0.0
2030-04-29 23:15:00,0.0
2030-04-29 23:30:00,0.0
2030-04-29 23:45:00,0.0
2030-04-30 00:00:00,0.0
2030-04-30 00:15:00,0.0
2030-04-30 00:30:00,0.0
2030-04-30 00:45:00,0.0
2030-04-30 01:00:00,0.0
2030-04-30 01:15:00,0.0
2030-04-30 01:30:00,0.0
2030-04-30 01:45:00,0.0
2030-04-30 02:00:00,0.0
2030-04-30 02:15:00,0.0
2030-04-30 02:30:00,0.0
2030-04-30 02:45:00,0.0
2030-04-30 03:00:00,0.0
2030-04-30 03:15:00,0.0
2030-04-30 03:30:00,0.0
2030-04-30 03:45:00,0.0
2030-04-30 04:00:00,0.0
2030-04-30 04:15:00,0.0
2030-04-30 04:30:00,0.0
2030-04-30 04:45:00,0.0
2030-04-30 05:00:00,0.0
2030-04-30 05:15:00,0.0
2030-04-30 05:30:00,0.0
2030-04-30 05:45:00,0.0
2030-04-30 06:00:00,0.0
2030-04-30 06:15:00,0.0
2030-04-30 06:30:00,0.0
2030-04-30 06:45:00,0.0
2030-04-30 07:00:00,0.0
2030-04-30 07:15:00,0.0
2030-04-30 07:30:00,0.0
2030-04-30 07:45:00,0.0
2030-04-30 08:00:00,0.0
2030-04-30 08:15:00,0.0
2030-04-30 08:30:00,0.0
2030-04-30 08:45:00,0.0
2030-04-30 09:00:00,0.0
2030-04-30 09:15:00,0.0
2030-04-30 09:30:00,0.0
2030-04-30 09:45:00,0.0
2030-04-30 10:00:00,0.0
2030-04-30 10:15:00,0.0
2030-04-30 10:30:00,0.0
2030-04-30 10:45:00,0.0
2030-04-30 11:00:00,0.0
2030-04-30 11:15:00,0.0
2030-04-30 11:30:00,0.0
2030-04-30 11:45:00,0.0
2030-04-30 12:00:00,0.0
2030-04-30 12:15:00,0.0
2030-04-30 12:30:00,-10066.77143190735
2030-04-30 12:45:00,-12603.95977765455
2030-04-30 13:00:00,-13013.930882977895
2030-04-30 13:15:00,-13788.289834239655
2030-04-30 13:30:00,-13671.61755647557
2030-04-30 13:45:00,-13248.265537889512
2030-04-30 14:00:00,-13907.0455597846
2030-04-30 14:15:00,-13497.423809342135
2030-04-30 14:30:00,-12778.918340945838
2030-04-30 14:45:00,-11695.205214975262
2030-04-30 15:00:00,-10522.424406830503
2030-04-30 15:15:00,-9800.849312050572
2030-04-30 15:30:00,-8609.347326556695
2030-04-30 15:45:00,-7504.556513558033
2030-04-30 16:00:00,-6519.047629028531
2030-04-30 16:15:00,-5567.041187952422
2030-04-30 16:30:00,-3929.7379757306644
2030-04-30 16:45:00,-1885.1686752566966
2030-04-30 17:00:00,0.0
2030-04-30 17:15:00,0.0
2030-04-30 17:30:00,0.0
2030-04-30 17:45:00,0.0
2030-04-30 18:00:00,0.0
2030-04-30 18:15:00,0.0
2030-04-30 18:30:00,0.0
2030-04-30 18:45:00,0.0
2030-04-30 19:00:00,0.0
2030-04-30 19:15:00,0.0
2030-04-30 19:30:00,0.0
2030-04-30 19:45:00,0.0
2030-04-30 20:00:00,0.0
2030-04-30 20:15:00,0.0
2030-04-30 20:30:00,0.0
2030-04-30 20:45:00,0.0
2030-04-30 21:00:00,0.0
2030-04-30 21:15:00,0.0
2030-04-30 21:30:00,0.0
2030-04-30 21:45:00,0.0
2030-04-30 22:00:00,0.0
2030-04-30 22:15:00,0.0
2030-04-30 22:30:00,0.0
2030-04-30 22:45:00,0.0
2030-04-30 23:00:00,0.0
2030-04-30 23:15:00,0.0
2030-04-30 23:30:00,0.0
2030-04-30 23:45:00,0.0
2030-05-01 00:00:00,0.0
2030-05-01 00:15:00,0.0
2030-05-01 00:30:00,0.0
2030-05-01 00:45:00,0.0
2030-05-01 01:00:00,0.0
2030-05-01 01:15:00,0.0
2030-05-01 01:30:00,0.0
2030-05-01 01:45:00,0.0
2030-05-01 02:00:00,0.0
2030-05-01 02:15:00,0.0
2030-05-01 02:30:00,0.0
2030-05-01 02:45:00,0.0
2030-05-01 03:00:00,0.0
2030-05-01 03:15:00,0.0
2030-05-01 03:30:00,0.0
2030-05-01 03:45:00,0.0
2030-05-01 04:00:00,0.0
2030-05-01 04:15:00,0.0
2030-05-01 04:30:00,0.0
2030-05-01 04:45:00,0.0
2030-05-01 05:00:00,0.0
2030-05-01 05:15:00,0.0
2030-05-01 05:30:00,0.0
2030-05-01 05:45:00,0.0
2030-05-01 06:00:00,0.0
2030-05-01 06:15:00,0.0
2030-05-01 06:30:00,0.0
2030-05-01 06:45:00,0.0
2030-05-01 07:00:00,0.0
2030-05-01 07:15:00,0.0
2030-05-01 07:30:00,0.0
2030-05-01 07:45:00,0.0
2030-05-01 08:00:00,0.0
2030-05-01 08:15:00,0.0
2030-05-01 08:30:00,0.0
2030-05-01 08:45:00,0.0
2030-05-01 09:00:00,0.0
2030-05-01 09:15:00,0.0
2030-05-01 09:30:00,0.0
2030-05-01 09:45:00,0.0
2030-05-01 10:00:00,0.0
2030-05-01 10:15:00,0.0
2030-05-01 10:30:00,0.0
2030-05-01 10:45:00,0.0
2030-05-01 11:00:00,0.0
2030-05-01 11:15:00,0.0
2030-05-01 11:30:00,0.0
2030-05-01 11:45:00,0.0
2030-05-01 12:00:00,0.0
2030-05-01 12:15:00,0.0
2030-05-01 12:30:00,0.0
2030-05-01 12:45:00,0.0
2030-05-01 13:00:00,0.0
2030-05-01 13:15:00,0.0
2030-05-01 13:30:00,0.0
2030-05-01 13:45:00,0.0
2030-05-01 14:00:00,0.0
2030-05-01 14:15:00,0.0
2030-05-01 14:30:00,0.0
2030-05-01 14:45:00,0.0
2030-05-01 15:00:00,0.0
2030-05-01 15:15:00,0.0
2030-05-01 15:30:00,0.0
2030-05-01 15:45:00,0.0
2030-05-01 16:00:00,-1046.1327088861854
2030-05-01 16:15:00,-1299.9867290047841
2030-05-01 16:30:00,-60.03107002665638
2030-05-01 16:45:00,0.0
2030-05-01 17:00:00,0.0
2030-05-01 17:15:00,0.0
2030-05-01 17:30:00,0.0
2030-05-01 17:45:00,0.0
2030-05-01 18:00:00,0.0
2030-05-01 18:15:00,0.0
2030-05-01 18:30:00,0.0
2030-05-01 18:45:00,0.0
2030-05-01 19:00:00,0.0
2030-05-01 19:15:00,0.0
2030-05-01 19:30:00,0.0
2030-05-01 19:45:00,0.0
2030-05-01 20:00:00,0.0
2030-05-01 20:15:00,0.0
2030-05-01 20:30:00,0.0
2030-05-01 20:45:00,0.0
2030-05-01 21:00:00,0.0
2030-05-01 21:15:00,0.0
2030-05-01 21:30:00,0.0
2030-05-01 21:45:00,0.0
2030-05-01 22:00:00,0.0
2030-05-01 22:15:00,0.0
2030-05-01 22:30:00,0.0
2030-05-01 22:45:00,0.0
2030-05-01 23:00:00,0.0
2030-05-01 23:15:00,0.0
2030-05-01 23:30:00,0.0
2030-05-01 23:45:00,0.0
2030-05-02 00:00:00,0.0
2030-05-02 00:15:00,0.0
2030-05-02 00:30:00,0.0
2030-05-02 00:45:00,0.0
2030-05-02 01:00:00,0.0
2030-05-02 01:15:00,0.0
2030-05-02 01:30:00,0.0
2030-05-02 01:45:00,0.0
2030-05-02 02:00:00,0.0
2030-05-02 02:15:00,0.0
2030-05-02 02:30:00,0.0
2030-05-02 02:45:00,0.0
2030-05-02 03:00:00,0.0
2030-05-02 03:15:00,0.0
2030-05-02 03:30:00,0.0
2030-05-02 03:45:00,0.0
2030-05-02 04:00:00,0.0
2030-05-02 04:15:00,0.0
2030-05-02 04:30:00,0.0
2030-05-02 04:45:00,0.0
2030-05-02 05:00:00,0.0
2030-05-02 05:15:00,0.0
2030-05-02 05:30:00,0.0
2030-05-02 05:45:00,0.0
2030-05-02 06:00:00,0.0
2030-05-02 06:15:00,0.0
2030-05-02 06:30:00,0.0
2030-05-02 06:45:00,0.0
2030-05-02 07:00:00,0.0
2030-05-02 07:15:00,0.0
2030-05-02 07:30:00,0.0
2030-05-02 07:45:00,0.0
2030-05-02 08:00:00,0.0
2030-05-02 08:15:00,0.0
2030-05-02 08:30:00,0.0
2030-05-02 08:45:00,0.0
2030-05-02 09:00:00,0.0
2030-05-02 09:15:00,0.0
2030-05-02 09:30:00,0.0
2030-05-02 09:45:00,0.0
2030-05-02 10:00:00,0.0
2030-05-02 10:15:00,0.0
2030-05-02 10:30:00,0.0
2030-05-02 10:45:00,0.0
2030-05-02 11:00:00,0.0
2030-05-02 11:15:00,0.0
2030-05-02 11:30:00,0.0
2030-05-02 11:45:00,0.0
2030-05-02 12:00:00,0.0
2030-05-02 12:15:00,0.0
2030-05-02 12:30:00,0.0
2030-05-02 12:45:00,0.0
2030-05-02 13:00:00,0.0
2030-05-02 13:15:00,0.0
2030-05-02 13:30:00,0.0
2030-05-02 13:45:00,0.0
2030-05-02 14:00:00,0.0
2030-05-02 14:15:00,0.0
2030-05-02 14:30:00,0.0
2030-05-02 14:45:00,0.0
2030-05-02 15:00:00,0.0
2030-05-02 15:15:00,0.0
2030-05-02 15:30:00,0.0
2030-05-02 15:45:00,0.0
2030-05-02 16:00:00,0.0
2030-05-02 16:15:00,0.0
2030-05-02 16:30:00,0.0
2030-05-02 16:45:00,0.0
2030-05-02 17:00:00,0.0
2030-05-02 17:15:00,0.0
2030-05-02 17:30:00,0.0
2030-05-02 17:45:00,0.0
2030-05-02 18:00:00,0.0
2030-05-02 18:15:00,0.0
2030-05-02 18:30:00,0.0
2030-05-02 18:45:00,0.0
2030-05-02 19:00:00,0.0
2030-05-02 19:15:00,0.0
2030-05-02 19:30:00,0.0
2030-05-02 19:45:00,0.0
2030-05-02 20:00:00,0.0
2030-05-02 20:15:00,0.0
2030-05-02 20:30:00,0.0
2030-05-02 20:45:00,0.0
2030-05-02 21:00:00,0.0
2030-05-02 21:15:00,0.0
2030-05-02 21:30:00,0.0
2030-05-02 21:45:00,0.0
2030-05-02 22:00:00,2342.37825580535
2030-05-02 22:15:00,0.0
2030-05-02 22:30:00,0.0
2030-05-02 22:45:00,0.0
2030-05-02 23:00:00,0.0
2030-05-02 23:15:00,0.0
2030-05-02 23:30:00,0.0
2030-05-02 23:45:00,0.0
2030-05-03 00:00:00,0.0
2030-05-03 00:15:00,0.0
2030-05-03 00:30:00,0.0
2030-05-03 00:45:00,0.0
2030-05-03 01:00:00,0.0
2030-05-03 01:15:00,0.0
2030-05-03 01:30:00,0.0
2030-05-03 01:45:00,0.0
2030-05-03 02:00:00,0.0
2030-05-03 02:15:00,0.0
2030-05-03 02:30:00,0.0
2030-05-03 02:45:00,0.0
2030-05-03 03:00:00,0.0
2030-05-03 03:15:00,0.0
2030-05-03 03:30:00,0.0
2030-05-03 03:45:00,0.0
2030-05-03 04:00:00,0.0
2030-05-03 04:15:00,0.0
2030-05-03 04:30:00,0.0
2030-05-03 04:45:00,0.0
2030-05-03 05:00:00,0.0
2030-05-03 05:15:00,0.0
2030-05-03 05:30:00,0.0
2030-05-03 05:45:00,0.0
2030-05-03 06:00:00,0.0
2030-05-03 06:15:00,0.0
2030-05-03 06:30:00,0.0
2030-05-03 06:45:00,0.0
2030-05-03 07:00:00,0.0
2030-05-03 07:15:00,0.0
2030-05-03 07:30:00,0.0
2030-05-03 07:45:00,0.0
2030-05-03 08:00:00,0.0
2030-05-03 08:15:00,0.0
2030-05-03 08:30:00,0.0
2030-05-03 08:45:00,0.0
2030-05-03 09:00:00,0.0
2030-05-03 09:15:00,0.0
2030-05-03 09:30:00,0.0
2030-05-03 09:45:00,0.0
2030-05-03 10:00:00,0.0
2030-05-03 10:15:00,0.0
2030-05-03 10:30:00,0.0
2030-05-03 10:45:00,0.0
2030-05-03 11:00:00,0.0
2030-05-03 11:15:00,0.0
2030-05-03 11:30:00,0.0
2030-05-03 11:45:00,0.0
2030-05-03 12:00:00,0.0
2030-05-03 12:15:00,0.0
2030-05-03 12:30:00,0.0
2030-05-03 12:45:00,0.0
2030-05-03 13:00:00,0.0
2030-05-03 13:15:00,0.0
2030-05-03 13:30:00,0.0
2030-05-03 13:45:00,0.0
2030-05-03 14:00:00,0.0
2030-05-03 14:15:00,0.0
2030-05-03 14:30:00,0.0
2030-05-03 14:45:00,0.0
2030-05-03 15:00:00,0.0
2030-05-03 15:15:00,0.0
2030-05-03 15:30:00,0.0
2030-05-03 15:45:00,0.0
2030-05-03 16:00:00,0.0
2030-05-03 16:15:00,0.0
2030-05-03 16:30:00,0.0
2030-05-03 16:45:00,0.0
2030-05-03 17:00:00,0.0
2030-05-03 17:15:00,0.0
2030-05-03 17:30:00,0.0
2030-05-03 17:45:00,0.0
2030-05-03 18:00:00,0.0
2030-05-03 18:15:00,0.0
2030-05-03 18:30:00,0.0
2030-05-03 18:45:00,8879.910610216086
2030-05-03 19:00:00,2818.720461651332
2030-05-03 19:15:00,2795.101322004859
2030-05-03 19:30:00,2682.864212991586
2030-05-03 19:45:00,2582.3796433158823
2030-05-03 20:00:00,2381.937863856736
2030-05-03 20:15:00,1920.3114602515598
2030-05-03 20:30:00,1569.5718291360063
2030-05-03 20:45:00,1173.8126391013247
2030-05-03 21:00:00,1097.783805010351
2030-05-03 21:15:00,878.122806968142
2030-05-03 21:30:00,533.2317575528887
2030-05-03 21:45:00,117.06575920244359
2030-05-03 22:00:00,0.0
2030-05-03 22:15:00,0.0
2030-05-03 22:30:00,0.0
2030-05-03 22:45:00,0.0
2030-05-03 23:00:00,0.0
2030-05-03 23:15:00,0.0
2030-05-03 23:30:00,0.0
2030-05-03 23:45:00,0.0
2030-05-04 00:00:00,0.0
2030-05-04 00:15:00,0.0
2030-05-04 00:30:00,0.0
2030-05-04 00:45:00,0.0
2030-05-04 01:00:00,0.0
2030-05-04 01:15:00,0.0
2030-05-04 01:30:00,0.0
2030-05-04 01:45:00,0.0
2030-05-04 02:00:00,0.0
2030-05-04 02:15:00,0.0
2030-05-04 02:30:00,0.0
2030-05-04 02:45:00,0.0
2030-05-04 03:00:00,0.0
2030-05-04 03:15:00,0.0
2030-05-04 03:30:00,0.0
2030-05-04 03:45:00,0.0
2030-05-04 04:00:00,0.0
2030-05-04 04:15:00,0.0
2030-05-04 04:30:00,0.0
2030-05-04 04:45:00,0.0
2030-05-04 05:00:00,0.0
2030-05-04 05:15:00,0.0
2030-05-04 05:30:00,0.0
2030-05-04 05:45:00,0.0
2030-05-04 06:00:00,0.0
2030-05-04 06:15:00,0.0
2030-05-04 06:30:00,0.0
2030-05-04 06:45:00,0.0
2030-05-04 07:00:00,0.0
2030-05-04 07:15:00,0.0
2030-05-04 07:30:00,0.0
2030-05-04 07:45:00,0.0
2030-05-04 08:00:00,0.0
2030-05-04 08:15:00,0.0
2030-05-04 08:30:00,0.0
2030-05-04 08:45:00,0.0
2030-05-04 09:00:00,0.0
2030-05-04 09:15:00,0.0
2030-05-04 09:30:00,0.0
2030-05-04 09:45:00,0.0
2030-05-04 10:00:00,0.0
2030-05-04 10:15:00,0.0
2030-05-04 10:30:00,0.0
2030-05-04 10:45:00,0.0
2030-05-04 11:00:00,0.0
2030-05-04 11:15:00,0.0
2030-05-04 11:30:00,0.0
2030-05-04 11:45:00,0.0
2030-05-04 12:00:00,0.0
2030-05-04 12:15:00,0.0
2030-05-04 12:30:00,0.0
2030-05-04 12:45:00,0.0
2030-05-04 13:00:00,0.0
2030-05-04 13:15:00,0.0
2030-05-04 13:30:00,0.0
2030-05-04 13:45:00,0.0
2030-05-04 14:00:00,0.0
2030-05-04 14:15:00,0.0
2030-05-04 14:30:00,0.0
2030-05-04 14:45:00,0.0
2030-05-04 15:00:00,0.0
2030-05-04 15:15:00,0.0
2030-05-04 15:30:00,0.0
2030-05-04 15:45:00,0.0
2030-05-04 16:00:00,0.0
2030-05-04 16:15:00,0.0
2030-05-04 16:30:00,0.0
2030-05-04 16:45:00,0.0
2030-05-04 17:00:00,0.0
2030-05-04 17:15:00,0.0
2030-05-04 17:30:00,0.0
2030-05-04 17:45:00,0.0
2030-05-04 18:00:00,0.0
2030-05-04 18:15:00,0.0
2030-05-04 18:30:00,0.0
2030-05-04 18:45:00,0.0
2030-05-04 19:00:00,0.0
2030-05-04 19:15:00,0.0
2030-05-04 19:30:00,0.0
2030-05-04 19:45:00,0.0
2030-05-04 20:00:00,0.0
2030-05-04 20:15:00,0.0
2030-05-04 20:30:00,0.0
2030-05-04 20:45:00,0.0
2030-05-04 21:00:00,0.0
2030-05-04 21:15:00,0.0
2030-05-04 21:30:00,0.0
2030-05-04 21:45:00,0.0
2030-05-04 22:00:00,0.0
2030-05-04 22:15:00,0.0
2030-05-04 22:30:00,0.0
2030-05-04 22:45:00,0.0
2030-05-04 23:00:00,0.0
2030-05-04 23:15:00,0.0
2030-05-04 23:30:00,0.0
2030-05-04 23:45:00,0.0
2030-05-05 00:00:00,0.0
2030-05-05 00:15:00,0.0
2030-05-05 00:30:00,0.0
2030-05-05 00:45:00,0.0
2030-05-05 01:00:00,0.0
2030-05-05 01:15:00,0.0
2030-05-05 01:30:00,0.0
2030-05-05 01:45:00,0.0
2030-05-05 02:00:00,0.0
2030-05-05 02:15:00,0.0
2030-05-05 02:30:00,0.0
2030-05-05 02:45:00,0.0
2030-05-05 03:00:00,0.0
2030-05-05 03:15:00,0.0
2030-05-05 03:30:00,0.0
2030-05-05 03:45:00,0.0
2030-05-05 04:00:00,0.0
2030-05-05 04:15:00,0.0
2030-05-05 04:30:00,0.0
2030-05-05 04:45:00,0.0
2030-05-05 05:00:00,0.0
2030-05-05 05:15:00,0.0
2030-05-05 05:30:00,0.0
2030-05-05 05:45:00,0.0
2030-05-05 06:00:00,0.0
2030-05-05 06:15:00,0.0
2030-05-05 06:30:00,0.0
2030-05-05 06:45:00,0.0
2030-05-05 07:00:00,0.0
2030-05-05 07:15:00,0.0
2030-05-05 07:30:00,0.0
2030-05-05 07:45:00,0.0
2030-05-05 08:00:00,0.0
2030-05-05 08:15:00,0.0
2030-05-05 08:30:00,0.0
2030-05-05 08:45:00,0.0
2030-05-05 09:00:00,0.0
2030-05-05 09:15:00,0.0
2030-05-05 09:30:00,0.0
2030-05-05 09:45:00,0.0
2030-05-05 10:00:00,0.0
2030-05-05 10:15:00,0.0
2030-05-05 10:30:00,0.0
2030-05-05 10:45:00,0.0
2030-05-05 11:00:00,0.0
2030-05-05 11:15:00,0.0
2030-05-05 11:30:00,0.0
2030-05-05 11:45:00,0.0
2030-05-05 12:00:00,0.0
2030-05-05 12:15:00,0.0
2030-05-05 12:30:00,0.0
2030-05-05 12:45:00,0.0
2030-05-05 13:00:00,-12547.286959381669
2030-05-05 13:15:00,-15967.125055067838
2030-05-05 13:30:00,-15533.058646151843
2030-05-05 13:45:00,-15185.001198386577
2030-05-05 14:00:00,-14384.024845172757
2030-05-05 14:15:00,-13534.082445121338
2030-05-05 14:30:00,-12982.909476415804
2030-05-05 14:45:00,-12483.350043666313
2030-05-05 15:00:00,-11604.674149701306
2030-05-05 15:15:00,-11014.936857505392
2030-05-05 15:30:00,-10144.589411859433
2030-05-05 15:45:00,-8757.115617383592
2030-05-05 16:00:00,-7171.842545881045
2030-05-05 16:15:00,-5889.021844668787
2030-05-05 16:30:00,-4204.986250334514
2030-05-05 16:45:00,-2706.278316167478
2030-05-05 17:00:00,-874.2928109054701
2030-05-05 17:15:00,0.0
2030-05-05 17:30:00,0.0
2030-05-05 17:45:00,0.0
2030-05-05 18:00:00,0.0
2030-05-05 18:15:00,0.0
2030-05-05 18:30:00,0.0
2030-05-05 18:45:00,0.0
2030-05-05 19:00:00,0.0
2030-05-05 19:15:00,0.0
2030-05-05 19:30:00,0.0
2030-05-05 19:45:00,0.0
2030-05-05 20:00:00,0.0
2030-05-05 20:15:00,0.0
2030-05-05 20:30:00,0.0
2030-05-05 20:45:00,0.0
2030-05-05 21:00:00,0.0
2030-05-05 21:15:00,0.0
2030-05-05 21:30:00,0.0
2030-05-05 21:45:00,0.0
2030-05-05 22:00:00,0.0
2030-05-05 22:15:00,0.0
2030-05-05 22:30:00,0.0
2030-05-05 22:45:00,0.0
2030-05-05 23:00:00,0.0
2030-05-05 23:15:00,0.0
2030-05-05 23:30:00,0.0
2030-05-05 23:45:00,0.0
2030-05-06 00:00:00,0.0
2030-05-06 00:15:00,0.0
2030-05-06 00:30:00,0.0
2030-05-06 00:45:00,0.0
2030-05-06 01:00:00,0.0
2030-05-06 01:15:00,0.0
2030-05-06 01:30:00,0.0
2030-05-06 01:45:00,0.0
2030-05-06 02:00:00,0.0
2030-05-06 02:15:00,0.0
2030-05-06 02:30:00,0.0
2030-05-06 02:45:00,0.0
2030-05-06 03:00:00,0.0
2030-05-06 03:15:00,0.0
2030-05-06 03:30:00,0.0
2030-05-06 03:45:00,0.0
2030-05-06 04:00:00,0.0
2030-05-06 04:15:00,0.0
2030-05-06 04:30:00,0.0
2030-05-06 04:45:00,0.0
2030-05-06 05:00:00,0.0
2030-05-06 05:15:00,0.0
2030-05-06 05:30:00,0.0
2030-05-06 05:45:00,1667.3720784524248
2030-05-06 06:00:00,0.0
2030-05-06 06:15:00,0.0
2030-05-06 06:30:00,0.0
2030-05-06 06:45:00,0.0
2030-05-06 07:00:00,0.0
2030-05-06 07:15:00,0.0
2030-05-06 07:30:00,0.0
2030-05-06 07:45:00,0.0
2030-05-06 08:00:00,0.0
2030-05-06 08:15:00,0.0
2030-05-06 08:30:00,0.0
2030-05-06 08:45:00,0.0
2030-05-06 09:00:00,0.0
2030-05-06 09:15:00,0.0
2030-05-06 09:30:00,0.0
2030-05-06 09:45:00,0.0
2030-05-06 10:00:00,0.0
2030-05-06 10:15:00,0.0
2030-05-06 10:30:00,0.0
2030-05-06 10:45:00,0.0
2030-05-06 11:00:00,0.0
2030-05-06 11:15:00,0.0
2030-05-06 11:30:00,0.0
2030-05-06 11:45:00,0.0
2030-05-06 12:00:00,0.0
2030-05-06 12:15:00,0.0
2030-05-06 12:30:00,0.0
2030-05-06 12:45:00,0.0
2030-05-06 13:00:00,0.0
2030-05-06 13:15:00,0.0
2030-05-06 13:30:00,0.0
2030-05-06 13:45:00,0.0
2030-05-06 14:00:00,0.0
2030-05-06 14:15:00,-10738.99093970441
2030-05-06 14:30:00,-16686.86791422799
2030-05-06 14:45:00,-15780.990394651559
2030-05-06 15:00:00,-14884.793914077112
2030-05-06 15:15:00,-13645.436412995645
2030-05-06 15:30:00,-12448.896186653961
2030-05-06 15:45:00,-11038.05815142359
2030-05-06 16:00:00,-9515.296757343676
2030-05-06 16:15:00,-8036.088644244024
2030-05-06 16:30:00,-6483.163809868631
2030-05-06 16:45:00,-4807.08659645915
2030-05-06 17:00:00,-3059.254430574103
2030-05-06 17:15:00,-1202.9595450211382
2030-05-06 17:30:00,0.0
2030-05-06 17:45:00,0.0
2030-05-06 18:00:00,0.0
2030-05-06 18:15:00,0.0
2030-05-06 18:30:00,0.0
2030-05-06 18:45:00,0.0
2030-05-06 19:00:00,0.0
2030-05-06 19:15:00,0.0
2030-05-06 19:30:00,0.0
2030-05-06 19:45:00,0.0
2030-05-06 20:00:00,0.0
2030-05-06 20:15:00,0.0
2030-05-06 20:30:00,0.0
2030-05-06 20:45:00,0.0
2030-05-06 21:00:00,0.0
2030-05-06 21:15:00,0.0
2030-05-06 21:30:00,0.0
2030-05-06 21:45:00,0.0
2030-05-06 22:00:00,0.0
2030-05-06 22:15:00,0.0
2030-05-06 22:30:00,0.0
2030-05-06 22:45:00,0.0
2030-05-06 23:00:00,0.0
2030-05-06 23:15:00,0.0
2030-05-06 23:30:00,0.0
2030-05-06 23:45:00,0.0
2030-05-07 00:00:00,0.0
2030-05-07 00:15:00,0.0
2030-05-07 00:30:00,0.0
2030-05-07 00:45:00,0.0
2030-05-07 01:00:00,0.0
2030-05-07 01:15:00,0.0
2030-05-07 01:30:00,0.0
2030-05-07 01:45:00,0.0
2030-05-07 02:00:00,0.0
2030-05-07 02:15:00,0.0
2030-05-07 02:30:00,0.0
2030-05-07 02:45:00,0.0
2030-05-07 03:00:00,0.0
2030-05-07 03:15:00,0.0
2030-05-07 03:30:00,0.0
2030-05-07 03:45:00,0.0
2030-05-07 04:00:00,0.0
2030-05-07 04:15:00,0.0
2030-05-07 04:30:00,0.0
2030-05-07 04:45:00,0.0
2030-05-07 05:00:00,0.0
2030-05-07 05:15:00,0.0
2030-05-07 05:30:00,0.0
2030-05-07 05:45:00,0.0
2030-05-07 06:00:00,0.0
2030-05-07 06:15:00,0.0
2030-05-07 06:30:00,0.0
2030-05-07 06:45:00,0.0
2030-05-07 07:00:00,0.0
2030-05-07 07:15:00,0.0
2030-05-07 07:30:00,0.0
2030-05-07 07:45:00,0.0
2030-05-07 08:00:00,0.0
2030-05-07 08:15:00,0.0
2030-05-07 08:30:00,0.0
2030-05-07 08:45:00,0.0
2030-05-07 09:00:00,0.0
2030-05-07 09:15:00,0.0
2030-05-07 09:30:00,0.0
2030-05-07 09:45:00,0.0
2030-05-07 10:00:00,0.0
2030-05-07 10:15:00,0.0
2030-05-07 10:30:00,-18214.979480372473
2030-05-07 10:45:00,-21943.631865457966
2030-05-07 11:00:00,-22105.20997237871
2030-05-07 11:15:00,-22312.99524464228
2030-05-07 11:30:00,-22370.80874280466
2030-05-07 11:45:00,-22264.32062208794
2030-05-07 12:00:00,-22193.39676007603
2030-05-07 12:15:00,-22361.863781548054
2030-05-07 12:30:00,-22117.718838724082
2030-05-07 12:45:00,-22187.254900710337
2030-05-07 13:00:00,-21912.860118236393
2030-05-07 13:15:00,-21761.849918914173
2030-05-07 13:30:00,-21566.804426587034
2030-05-07 13:45:00,-21340.425515853396
2030-05-07 14:00:00,-20675.066894549687
2030-05-07 14:15:00,-19891.53324418376
2030-05-07 14:30:00,-19266.845971233357
2030-05-07 14:45:00,-18637.127626520734
2030-05-07 15:00:00,-17601.69654172816
2030-05-07 15:15:00,-16257.373387157308
2030-05-07 15:30:00,-14888.360210817089
2030-05-07 15:45:00,-13384.82406087052
2030-05-07 16:00:00,-11781.821441544964
2030-05-07 16:15:00,-10012.668797538789
2030-05-07 16:30:00,-8154.532677620618
2030-05-07 16:45:00,-6678.549543936868
2030-05-07 17:00:00,-4503.423879499749
2030-05-07 17:15:00,-2786.019611729238
2030-05-07 17:30:00,-999.9425278594517
2030-05-07 17:45:00,0.0
2030-05-07 18:00:00,0.0
2030-05-07 18:15:00,0.0
2030-05-07 18:30:00,0.0
2030-05-07 18:45:00,0.0
2030-05-07 19:00:00,0.0
2030-05-07 19:15:00,0.0
2030-05-07 19:30:00,0.0
2030-05-07 19:45:00,0.0
2030-05-07 20:00:00,0.0
2030-05-07 20:15:00,0.0
2030-05-07 20:30:00,0.0
2030-05-07 20:45:00,0.0
2030-05-07 21:00:00,0.0
2030-05-07 21:15:00,0.0
2030-05-07 21:30:00,0.0
2030-05-07 21:45:00,0.0
2030-05-07 22:00:00,0.0
2030-05-07 22:15:00,0.0
2030-05-07 22:30:00,0.0
2030-05-07 22:45:00,0.0
2030-05-07 23:00:00,0.0
2030-05-07 23:15:00,0.0
2030-05-07 23:30:00,0.0
2030-05-07 23:45:00,0.0
2030-05-08 00:00:00,0.0
2030-05-08 00:15:00,0.0
2030-05-08 00:30:00,0.0
2030-05-08 00:45:00,0.0
2030-05-08 01:00:00,0.0
2030-05-08 01:15:00,0.0
2030-05-08 01:30:00,0.0
2030-05-08 01:45:00,0.0
2030-05-08 02:00:00,0.0
2030-05-08 02:15:00,0.0
2030-05-08 02:30:00,0.0
2030-05-08 02:45:00,0.0
2030-05-08 03:00:00,0.0
2030-05-08 03:15:00,0.0
2030-05-08 03:30:00,0.0
2030-05-08 03:45:00,0.0
2030-05-08 04:00:00,0.0
2030-05-08 04:15:00,0.0
2030-05-08 04:30:00,0.0
2030-05-08 04:45:00,0.0
2030-05-08 05:00:00,0.0
2030-05-08 05:15:00,0.0
2030-05-08 05:30:00,0.0
2030-05-08 05:45:00,0.0
2030-05-08 06:00:00,0.0
2030-05-08 06:15:00,0.0
2030-05-08 06:30:00,0.0
2030-05-08 06:45:00,0.0
2030-05-08 07:00:00,0.0
2030-05-08 07:15:00,0.0
2030-05-08 07:30:00,0.0
2030-05-08 07:45:00,0.0
2030-05-08 08:00:00,0.0
2030-05-08 08:15:00,0.0
2030-05-08 08:30:00,0.0
2030-05-08 08:45:00,0.0
2030-05-08 09:00:00,0.0
2030-05-08 09:15:00,0.0
2030-05-08 09:30:00,0.0
2030-05-08 09:45:00,0.0
2030-05-08 10:00:00,0.0
2030-05-08 10:15:00,0.0
2030-05-08 10:30:00,0.0
2030-05-08 10:45:00,0.0
2030-05-08 11:00:00,0.0
2030-05-08 11:15:00,0.0
2030-05-08 11:30:00,0.0
2030-05-08 11:45:00,0.0
2030-05-08 12:00:00,0.0
2030-05-08 12:15:00,0.0
2030-05-08 12:30:00,0.0
2030-05-08 12:45:00,-4471.592427649059
2030-05-08 13:00:00,-17183.136578471473
2030-05-08 13:15:00,-16921.181438147963
2030-05-08 13:30:00,-16552.208221100223
2030-05-08 13:45:00,-16070.940882297706
2030-05-08 14:00:00,-15511.126589159321
2030-05-08 14:15:00,-14571.745793681683
2030-05-08 14:30:00,-13680.83373218705
2030-05-08 14:45:00,-12679.911958353405
2030-05-08 15:00:00,-11258.22778719155
2030-05-08 15:15:00,-10097.39353238773
2030-05-08 15:30:00,-8931.232866926679
2030-05-08 15:45:00,-7571.127565669893
2030-05-08 16:00:00,-5875.545478320859
2030-05-08 16:15:00,-4370.6098941459095
2030-05-08 16:30:00,-2743.9485588256757
2030-05-08 16:45:00,-1032.0901139297275
2030-05-08 17:00:00,0.0
2030-05-08 17:15:00,0.0
2030-05-08 17:30:00,0.0
2030-05-08 17:45:00,0.0
2030-05-08 18:00:00,0.0
2030-05-08 18:15:00,0.0
2030-05-08 18:30:00,0.0
2030-05-08 18:45:00,0.0
2030-05-08 19:00:00,0.0
2030-05-08 19:15:00,0.0
2030-05-08 19:30:00,0.0
2030-05-08 19:45:00,0.0
2030-05-08 20:00:00,0.0
2030-05-08 20:15:00,0.0
2030-05-08 20:30:00,0.0
2030-05-08 20:45:00,0.0
2030-05-08 21:00:00,0.0
2030-05-08 21:15:00,0.0
2030-05-08 21:30:00,0.0
2030-05-08 21:45:00,0.0
2030-05-08 22:00:00,0.0
2030-05-08 22:15:00,0.0
2030-05-08 22:30:00,0.0
2030-05-08 22:45:00,0.0
2030-05-08 23:00:00,0.0
2030-05-08 23:15:00,0.0
2030-05-08 23:30:00,0.0
2030-05-08 23:45:00,0.0
2030-05-09 00:00:00,0.0
2030-05-09 00:15:00,0.0
2030-05-09 00:30:00,0.0
2030-05-09 00:45:00,0.0
2030-05-09 01:00:00,0.0
2030-05-09 01:15:00,0.0
2030-05-09 01:30:00,0.0
2030-05-09 01:45:00,0.0
2030-05-09 02:00:00,0.0
2030-05-09 02:15:00,0.0
2030-05-09 02:30:00,0.0
2030-05-09 02:45:00,0.0
2030-05-09 03:00:00,0.0
2030-05-09 03:15:00,0.0
2030-05-09 03:30:00,0.0
2030-05-09 03:45:00,0.0
2030-05-09 04:00:00,0.0
2030-05-09 04:15:00,0.0
2030-05-09 04:30:00,0.0
2030-05-09 04:45:00,0.0
2030-05-09 05:00:00,0.0
2030-05-09 05:15:00,0.0
2030-05-09 05:30:00,0.0
2030-05-09 05:45:00,0.0
2030-05-09 06:00:00,0.0
2030-05-09 06:15:00,0.0
2030-05-09 06:30:00,0.0
2030-05-09 06:45:00,0.0
2030-05-09 07:00:00,0.0
2030-05-09 07:15:00,0.0
2030-05-09 07:30:00,0.0
2030-05-09 07:45:00,0.0
2030-05-09 08:00:00,0.0
2030-05-09 08:15:00,0.0
2030-05-09 08:30:00,0.0
2030-05-09 08:45:00,0.0
2030-05-09 09:00:00,0.0
2030-05-09 09:15:00,0.0
2030-05-09 09:30:00,0.0
2030-05-09 09:45:00,0.0
2030-05-09 10:00:00,0.0
2030-05-09 10:15:00,0.0
2030-05-09 10:30:00,0.0
2030-05-09 10:45:00,0.0
2030-05-09 11:00:00,0.0
2030-05-09 11:15:00,0.0
2030-05-09 11:30:00,0.0
2030-05-09 11:45:00,0.0
2030-05-09 12:00:00,0.0
2030-05-09 12:15:00,0.0
2030-05-09 12:30:00,0.0
2030-05-09 12:45:00,0.0
2030-05-09 13:00:00,0.0
2030-05-09 13:15:00,0.0
2030-05-09 13:30:00,0.0
2030-05-09 13:45:00,0.0
2030-05-09 14:00:00,0.0
2030-05-09 14:15:00,0.0
2030-05-09 14:30:00,0.0
2030-05-09 14:45:00,0.0
2030-05-09 15:00:00,0.0
2030-05-09 15:15:00,0.0
2030-05-09 15:30:00,0.0
2030-05-09 15:45:00,0.0
2030-05-09 16:00:00,0.0
2030-05-09 16:15:00,0.0
2030-05-09 16:30:00,0.0
2030-05-09 16:45:00,0.0
2030-05-09 17:00:00,0.0
2030-05-09 17:15:00,0.0
2030-05-09 17:30:00,0.0
2030-05-09 17:45:00,0.0
2030-05-09 18:00:00,0.0
2030-05-09 18:15:00,0.0
2030-05-09 18:30:00,0.0
2030-05-09 18:45:00,0.0
2030-05-09 19:00:00,0.0
2030-05-09 19:15:00,0.0
2030-05-09 19:30:00,0.0
2030-05-09 19:45:00,0.0
2030-05-09 20:00:00,0.0
2030-05-09 20:15:00,0.0
2030-05-09 20:30:00,0.0
2030-05-09 20:45:00,0.0
2030-05-09 21:00:00,0.0
2030-05-09 21:15:00,0.0
2030-05-09 21:30:00,0.0
2030-05-09 21:45:00,0.0
2030-05-09 22:00:00,0.0
2030-05-09 22:15:00,0.0
2030-05-09 22:30:00,0.0
2030-05-09 22:45:00,0.0
2030-05-09 23:00:00,0.0
2030-05-09 23:15:00,0.0
2030-05-09 23:30:00,0.0
2030-05-09 23:45:00,0.0
2030-05-10 00:00:00,0.0
2030-05-10 00:15:00,0.0
2030-05-10 00:30:00,0.0
2030-05-10 00:45:00,0.0
2030-05-10 01:00:00,0.0
2030-05-10 01:15:00,0.0
2030-05-10 01:30:00,0.0
2030-05-10 01:45:00,0.0
2030-05-10 02:00:00,0.0
2030-05-10 02:15:00,0.0
2030-05-10 02:30:00,0.0
2030-05-10 02:45:00,0.0
2030-05-10 03:00:00,0.0
2030-05-10 03:15:00,0.0
2030-05-10 03:30:00,0.0
2030-05-10 03:45:00,0.0
2030-05-10 04:00:00,0.0
2030-05-10 04:15:00,0.0
2030-05-10 04:30:00,0.0
2030-05-10 04:45:00,0.0
2030-05-10 05:00:00,0.0
2030-05-10 05:15:00,0.0
2030-05-10 05:30:00,0.0
2030-05-10 05:45:00,0.0
2030-05-10 06:00:00,0.0
2030-05-10 06:15:00,0.0
2030-05-10 06:30:00,0.0
2030-05-10 06:45:00,0.0
2030-05-10 07:00:00,0.0
2030-05-10 07:15:00,0.0
2030-05-10 07:30:00,0.0
2030-05-10 07:45:00,0.0
2030-05-10 08:00:00,0.0
2030-05-10 08:15:00,0.0
2030-05-10 08:30:00,0.0
2030-05-10 08:45:00,0.0
2030-05-10 09:00:00,0.0
2030-05-10 09:15:00,0.0
2030-05-10 09:30:00,0.0
2030-05-10 09:45:00,0.0
2030-05-10 10:00:00,0.0
2030-05-10 10:15:00,0.0
2030-05-10 10:30:00,0.0
2030-05-10 10:45:00,0.0
2030-05-10 11:00:00,0.0
2030-05-10 11:15:00,0.0
2030-05-10 11:30:00,0.0
2030-05-10 11:45:00,0.0
2030-05-10 12:00:00,0.0
2030-05-10 12:15:00,0.0
2030-05-10 12:30:00,0.0
2030-05-10 12:45:00,0.0
2030-05-10 13:00:00,0.0
2030-05-10 13:15:00,0.0
2030-05-10 13:30:00,0.0
2030-05-10 13:45:00,0.0
2030-05-10 14:00:00,0.0
2030-05-10 14:15:00,0.0
2030-05-10 14:30:00,0.0
2030-05-10 14:45:00,0.0
2030-05-10 15:00:00,0.0
2030-05-10 15:15:00,0.0
2030-05-10 15:30:00,0.0
2030-05-10 15:45:00,0.0
2030-05-10 16:00:00,0.0
2030-05-10 16:15:00,0.0
2030-05-10 16:30:00,0.0
2030-05-10 16:45:00,0.0
2030-05-10 17:00:00,0.0
2030-05-10 17:15:00,0.0
2030-05-10 17:30:00,0.0
2030-05-10 17:45:00,0.0
2030-05-10 18:00:00,0.0
2030-05-10 18:15:00,0.0
2030-05-10 18:30:00,0.0
2030-05-10 18:45:00,0.0
2030-05-10 19:00:00,0.0
2030-05-10 19:15:00,0.0
2030-05-10 19:30:00,0.0
2030-05-10 19:45:00,0.0
2030-05-10 20:00:00,0.0
2030-05-10 20:15:00,0.0
2030-05-10 20:30:00,0.0
2030-05-10 20:45:00,0.0
2030-05-10 21:00:00,0.0
2030-05-10 21:15:00,0.0
2030-05-10 21:30:00,0.0
2030-05-10 21:45:00,0.0
2030-05-10 22:00:00,0.0
2030-05-10 22:15:00,0.0
2030-05-10 22:30:00,4143.321491801682
2030-05-10 22:45:00,0.0
2030-05-10 23:00:00,0.0
2030-05-10 23:15:00,0.0
2030-05-10 23:30:00,0.0
2030-05-10 23:45:00,0.0
2030-05-11 00:00:00,0.0
2030-05-11 00:15:00,0.0
2030-05-11 00:30:00,0.0
2030-05-11 00:45:00,0.0
2030-05-11 01:00:00,0.0
2030-05-11 01:15:00,0.0
2030-05-11 01:30:00,0.0
2030-05-11 01:45:00,0.0
2030-05-11 02:00:00,0.0
2030-05-11 02:15:00,0.0
2030-05-11 02:30:00,0.0
2030-05-11 02:45:00,0.0
2030-05-11 03:00:00,0.0
2030-05-11 03:15:00,0.0
2030-05-11 03:30:00,0.0
2030-05-11 03:45:00,0.0
2030-05-11 04:00:00,0.0
2030-05-11 04:15:00,0.0
2030-05-11 04:30:00,0.0
2030-05-11 04:45:00,0.0
2030-05-11 05:00:00,0.0
2030-05-11 05:15:00,0.0
2030-05-11 05:30:00,0.0
2030-05-11 05:45:00,0.0
2030-05-11 06:00:00,0.0
2030-05-11 06:15:00,0.0
2030-05-11 06:30:00,0.0
2030-05-11 06:45:00,0.0
2030-05-11 07:00:00,0.0
2030-05-11 07:15:00,0.0
2030-05-11 07:30:00,0.0
2030-05-11 07:45:00,0.0
2030-05-11 08:00:00,0.0
2030-05-11 08:15:00,0.0
2030-05-11 08:30:00,0.0
2030-05-11 08:45:00,0.0
2030-05-11 09:00:00,0.0
2030-05-11 09:15:00,0.0
2030-05-11 09:30:00,0.0
2030-05-11 09:45:00,0.0
2030-05-11 10:00:00,0.0
2030-05-11 10:15:00,0.0
2030-05-11 10:30:00,0.0
2030-05-11 10:45:00,0.0
2030-05-11 11:00:00,0.0
2030-05-11 11:15:00,0.0
2030-05-11 11:30:00,0.0
2030-05-11 11:45:00,0.0
2030-05-11 12:00:00,0.0
2030-05-11 12:15:00,0.0
2030-05-11 12:30:00,0.0
2030-05-11 12:45:00,0.0
2030-05-11 13:00:00,0.0
2030-05-11 13:15:00,0.0
2030-05-11 13:30:00,0.0
2030-05-11 13:45:00,0.0
2030-05-11 14:00:00,0.0
2030-05-11 14:15:00,0.0
2030-05-11 14:30:00,0.0
2030-05-11 14:45:00,0.0
2030-05-11 15:00:00,0.0
2030-05-11 15:15:00,0.0
2030-05-11 15:30:00,0.0
2030-05-11 15:45:00,0.0
2030-05-11 16:00:00,0.0
2030-05-11 16:15:00,0.0
2030-05-11 16:30:00,0.0
2030-05-11 16:45:00,0.0
2030-05-11 17:00:00,0.0
2030-05-11 17:15:00,0.0
2030-05-11 17:30:00,0.0
2030-05-11 17:45:00,0.0
2030-05-11 18:00:00,0.0
2030-05-11 18:15:00,0.0
2030-05-11 18:30:00,0.0
2030-05-11 18:45:00,0.0
2030-05-11 19:00:00,0.0
2030-05-11 19:15:00,0.0
2030-05-11 19:30:00,0.0
2030-05-11 19:45:00,0.0
2030-05-11 20:00:00,0.0
2030-05-11 20:15:00,0.0
2030-05-11 20:30:00,0.0
2030-05-11 20:45:00,0.0
2030-05-11 21:00:00,0.0
2030-05-11 21:15:00,0.0
2030-05-11 21:30:00,0.0
2030-05-11 21:45:00,0.0
2030-05-11 22:00:00,0.0
2030-05-11 22:15:00,0.0
2030-05-11 22:30:00,0.0
2030-05-11 22:45:00,0.0
2030-05-11 23:00:00,0.0
2030-05-11 23:15:00,0.0
2030-05-11 23:30:00,0.0
2030-05-11 23:45:00,0.0
2030-05-12 00:00:00,0.0
2030-05-12 00:15:00,0.0
2030-05-12 00:30:00,0.0
2030-05-12 00:45:00,0.0
2030-05-12 01:00:00,0.0
2030-05-12 01:15:00,0.0
2030-05-12 01:30:00,0.0
2030-05-12 01:45:00,0.0
2030-05-12 02:00:00,0.0
2030-05-12 02:15:00,0.0
2030-05-12 02:30:00,0.0
2030-05-12 02:45:00,0.0
2030-05-12 03:00:00,0.0
2030-05-12 03:15:00,0.0
2030-05-12 03:30:00,0.0
2030-05-12 03:45:00,979.6141563951369
2030-05-12 04:00:00,0.0
2030-05-12 04:15:00,0.0
2030-05-12 04:30:00,0.0
2030-05-12 04:45:00,0.0
2030-05-12 05:00:00,0.0
2030-05-12 05:15:00,0.0
2030-05-12 05:30:00,0.0
2030-05-12 05:45:00,0.0
2030-05-12 06:00:00,0.0
2030-05-12 06:15:00,0.0
2030-05-12 06:30:00,0.0
2030-05-12 06:45:00,0.0
2030-05-12 07:00:00,0.0
2030-05-12 07:15:00,0.0
2030-05-12 07:30:00,0.0
2030-05-12 07:45:00,0.0
2030-05-12 08:00:00,0.0
2030-05-12 08:15:00,0.0
2030-05-12 08:30:00,0.0
2030-05-12 08:45:00,0.0
2030-05-12 09:00:00,0.0
2030-05-12 09:15:00,0.0
2030-05-12 09:30:00,0.0
2030-05-12 09:45:00,0.0
2030-05-12 10:00:00,0.0
2030-05-12 10:15:00,0.0
2030-05-12 10:30:00,0.0
2030-05-12 10:45:00,0.0
2030-05-12 11:00:00,0.0
2030-05-12 11:15:00,0.0
2030-05-12 11:30:00,0.0
2030-05-12 11:45:00,0.0
2030-05-12 12:00:00,0.0
2030-05-12 12:15:00,0.0
2030-05-12 12:30:00,0.0
2030-05-12 12:45:00,0.0
2030-05-12 13:00:00,0.0
2030-05-12 13:15:00,0.0
2030-05-12 13:30:00,0.0
2030-05-12 13:45:00,0.0
2030-05-12 14:00:00,0.0
2030-05-12 14:15:00,0.0
2030-05-12 14:30:00,0.0
2030-05-12 14:45:00,0.0
2030-05-12 15:00:00,-9634.273836875727
2030-05-12 15:15:00,-10703.00825286502
2030-05-12 15:30:00,-9451.697628254704
2030-05-12 15:45:00,-8591.36061549258
2030-05-12 16:00:00,-7359.2785099625835
2030-05-12 16:15:00,-6114.783965231978
2030-05-12 16:30:00,-4452.664590664335
2030-05-12 16:45:00,-3248.5079132534884
2030-05-12 17:00:00,-2037.7538093037729
2030-05-12 17:15:00,-444.7730373510967
2030-05-12 17:30:00,0.0
2030-05-12 17:45:00,0.0
2030-05-12 18:00:00,0.0
2030-05-12 18:15:00,0.0
2030-05-12 18:30:00,0.0
2030-05-12 18:45:00,0.0
2030-05-12 19:00:00,0.0
2030-05-12 19:15:00,0.0
2030-05-12 19:30:00,0.0
2030-05-12 19:45:00,0.0
2030-05-12 20:00:00,0.0
2030-05-12 20:15:00,0.0
2030-05-12 20:30:00,0.0
2030-05-12 20:45:00,0.0
2030-05-12 21:00:00,0.0
2030-05-12 21:15:00,0.0
2030-05-12 21:30:00,0.0
2030-05-12 21:45:00,0.0
2030-05-12 22:00:00,0.0
2030-05-12 22:15:00,0.0
2030-05-12 22:30:00,0.0
2030-05-12 22:45:00,0.0
2030-05-12 23:00:00,0.0
2030-05-12 23:15:00,0.0
2030-05-12 23:30:00,0.0
2030-05-12 23:45:00,0.0
2030-05-13 00:00:00,0.0
2030-05-13 00:15:00,0.0
2030-05-13 00:30:00,0.0
2030-05-13 00:45:00,0.0
2030-05-13 01:00:00,0.0
2030-05-13 01:15:00,0.0
2030-05-13 01:30:00,0.0
2030-05-13 01:45:00,0.0
2030-05-13 02:00:00,0.0
2030-05-13 02:15:00,0.0
2030-05-13 02:30:00,0.0
2030-05-13 02:45:00,0.0
2030-05-13 03:00:00,0.0
2030-05-13 03:15:00,0.0
2030-05-13 03:30:00,0.0
2030-05-13 03:45:00,0.0
2030-05-13 04:00:00,0.0
2030-05-13 04:15:00,0.0
2030-05-13 04:30:00,0.0
2030-05-13 04:45:00,0.0
2030-05-13 05:00:00,0.0
2030-05-13 05:15:00,0.0
2030-05-13 05:30:00,0.0
2030-05-13 05:45:00,0.0
2030-05-13 06:00:00,0.0
2030-05-13 06:15:00,0.0
2030-05-13 06:30:00,0.0
2030-05-13 06:45:00,0.0
2030-05-13 07:00:00,0.0
2030-05-13 07:15:00,0.0
2030-05-13 07:30:00,0.0
2030-05-13 07:45:00,0.0
2030-05-13 08:00:00,0.0
2030-05-13 08:15:00,0.0
2030-05-13 08:30:00,0.0
2030-05-13 08:45:00,0.0
2030-05-13 09:00:00,0.0
2030-05-13 09:15:00,0.0
2030-05-13 09:30:00,0.0
2030-05-13 09:45:00,0.0
2030-05-13 10:00:00,0.0
2030-05-13 10:15:00,0.0
2030-05-13 10:30:00,0.0
2030-05-13 10:45:00,0.0
2030-05-13 11:00:00,0.0
2030-05-13 11:15:00,0.0
2030-05-13 11:30:00,0.0
2030-05-13 11:45:00,0.0
2030-05-13 12:00:00,0.0
2030-05-13 12:15:00,0.0
2030-05-13 12:30:00,-191.84988437056018
2030-05-13 12:45:00,-14206.399778785875
2030-05-13 13:00:00,-13834.259597190066
2030-05-13 13:15:00,-13336.244282124306
2030-05-13 13:30:00,-12885.367595972544
2030-05-13 13:45:00,-12369.452351207743
2030-05-13 14:00:00,-11725.478583509164
2030-05-13 14:15:00,-10631.707413331063
2030-05-13 14:30:00,-9965.33223935687
2030-05-13 14:45:00,-9256.873019869483
2030-05-13 15:00:00,-8451.842105493508
2030-05-13 15:15:00,-7200.786831289532
2030-05-13 15:30:00,-6342.455541790137
2030-05-13 15:45:00,-5656.6124335093045
2030-05-13 16:00:00,-4412.394503233836
2030-05-13 16:15:00,-3432.669630989607
2030-05-13 16:30:00,-2415.5980601567026
2030-05-13 16:45:00,-1515.4243602166316
2030-05-13 17:00:00,-615.5993999460588
2030-05-13 17:15:00,0.0
2030-05-13 17:30:00,0.0
2030-05-13 17:45:00,0.0
2030-05-13 18:00:00,0.0
2030-05-13 18:15:00,0.0
2030-05-13 18:30:00,0.0
2030-05-13 18:45:00,0.0
2030-05-13 19:00:00,0.0
2030-05-13 19:15:00,0.0
2030-05-13 19:30:00,0.0
2030-05-13 19:45:00,0.0
2030-05-13 20:00:00,0.0
2030-05-13 20:15:00,0.0
2030-05-13 20:30:00,0.0
2030-05-13 20:45:00,0.0
2030-05-13 21:00:00,0.0
2030-05-13 21:15:00,0.0
2030-05-13 21:30:00,0.0
2030-05-13 21:45:00,0.0
2030-05-13 22:00:00,0.0
2030-05-13 22:15:00,0.0
2030-05-13 22:30:00,0.0
2030-05-13 22:45:00,0.0
2030-05-13 23:00:00,0.0
2030-05-13 23:15:00,0.0
2030-05-13 23:30:00,0.0
2030-05-13 23:45:00,0.0
2030-05-14 00:00:00,0.0
2030-05-14 00:15:00,0.0
2030-05-14 00:30:00,0.0
2030-05-14 00:45:00,0.0
2030-05-14 01:00:00,0.0
2030-05-14 01:15:00,0.0
2030-05-14 01:30:00,0.0
2030-05-14 01:45:00,0.0
2030-05-14 02:00:00,0.0
2030-05-14 02:15:00,0.0
2030-05-14 02:30:00,0.0
2030-05-14 02:45:00,0.0
2030-05-14 03:00:00,0.0
2030-05-14 03:15:00,0.0
2030-05-14 03:30:00,0.0
2030-05-14 03:45:00,0.0
2030-05-14 04:00:00,0.0
2030-05-14 04:15:00,0.0
2030-05-14 04:30:00,0.0
2030-05-14 04:45:00,0.0
2030-05-14 05:00:00,0.0
2030-05-14 05:15:00,0.0
2030-05-14 05:30:00,0.0
2030-05-14 05:45:00,0.0
2030-05-14 06:00:00,0.0
2030-05-14 06:15:00,0.0
2030-05-14 06:30:00,0.0
2030-05-14 06:45:00,0.0
2030-05-14 07:00:00,0.0
2030-05-14 07:15:00,0.0
2030-05-14 07:30:00,0.0
2030-05-14 07:45:00,0.0
2030-05-14 08:00:00,0.0
2030-05-14 08:15:00,0.0
2030-05-14 08:30:00,0.0
2030-05-14 08:45:00,0.0
2030-05-14 09:00:00,0.0
2030-05-14 09:15:00,0.0
2030-05-14 09:30:00,0.0
2030-05-14 09:45:00,0.0
2030-05-14 10:00:00,0.0
2030-05-14 10:15:00,0.0
2030-05-14 10:30:00,0.0
2030-05-14 10:45:00,0.0
2030-05-14 11:00:00,0.0
2030-05-14 11:15:00,0.0
2030-05-14 11:30:00,0.0
2030-05-14 11:45:00,0.0
2030-05-14 12:00:00,0.0
2030-05-14 12:15:00,0.0
2030-05-14 12:30:00,0.0
2030-05-14 12:45:00,0.0
2030-05-14 13:00:00,0.0
2030-05-14 13:15:00,0.0
2030-05-14 13:30:00,0.0
2030-05-14 13:45:00,0.0
2030-05-14 14:00:00,0.0
2030-05-14 14:15:00,0.0
2030-05-14 14:30:00,0.0
2030-05-14 14:45:00,0.0
2030-05-14 15:00:00,-1351.246212441145
2030-05-14 15:15:00,-6999.303897875827
2030-05-14 15:30:00,-6221.219989130494
2030-05-14 15:45:00,-5078.867308155799
2030-05-14 16:00:00,-3967.47898765474
2030-05-14 16:15:00,-2726.202549531954
2030-05-14 16:30:00,-1470.2332059107994
2030-05-14 16:45:00,-194.87164009308253
2030-05-14 17:00:00,0.0
2030-05-14 17:15:00,0.0
2030-05-14 17:30:00,0.0
2030-05-14 17:45:00,0.0
2030-05-14 18:00:00,0.0
2030-05-14 18:15:00,0.0
2030-05-14 18:30:00,0.0
2030-05-14 18:45:00,0.0
2030-05-14 19:00:00,0.0
2030-05-14 19:15:00,0.0
2030-05-14 19:30:00,0.0
2030-05-14 19:45:00,0.0
2030-05-14 20:00:00,0.0
2030-05-14 20:15:00,0.0
2030-05-14 20:30:00,0.0
2030-05-14 20:45:00,0.0
2030-05-14 21:00:00,0.0
2030-05-14 21:15:00,0.0
2030-05-14 21:30:00,0.0
2030-05-14 21:45:00,0.0
2030-05-14 22:00:00,0.0
2030-05-14 22:15:00,0.0
2030-05-14 22:30:00,0.0
2030-05-14 22:45:00,0.0
2030-05-14 23:00:00,0.0
2030-05-14 23:15:00,0.0
2030-05-14 23:30:00,0.0
2030-05-14 23:45:00,0.0
2030-05-15 00:00:00,0.0
2030-05-15 00:15:00,0.0
2030-05-15 00:30:00,0.0
2030-05-15 00:45:00,0.0
2030-05-15 01:00:00,0.0
2030-05-15 01:15:00,0.0
2030-05-15 01:30:00,0.0
2030-05-15 01:45:00,0.0
2030-05-15 02:00:00,0.0
2030-05-15 02:15:00,0.0
2030-05-15 02:30:00,0.0
2030-05-15 02:45:00,0.0
2030-05-15 03:00:00,0.0
2030-05-15 03:15:00,0.0
2030-05-15 03:30:00,0.0
2030-05-15 03:45:00,0.0
2030-05-15 04:00:00,0.0
2030-05-15 04:15:00,0.0
2030-05-15 04:30:00,0.0
2030-05-15 04:45:00,0.0
2030-05-15 05:00:00,5529.563341998753
2030-05-15 05:15:00,0.0
2030-05-15 05:30:00,0.0
2030-05-15 05:45:00,0.0
2030-05-15 06:00:00,0.0
2030-05-15 06:15:00,0.0
2030-05-15 06:30:00,0.0
2030-05-15 06:45:00,0.0
2030-05-15 07:00:00,0.0
2030-05-15 07:15:00,0.0
2030-05-15 07:30:00,0.0
2030-05-15 07:45:00,0.0
2030-05-15 08:00:00,0.0
2030-05-15 08:15:00,0.0
2030-05-15 08:30:00,0.0
2030-05-15 08:45:00,0.0
2030-05-15 09:00:00,0.0
2030-05-15 09:15:00,0.0
2030-05-15 09:30:00,0.0
2030-05-15 09:45:00,0.0
2030-05-15 10:00:00,0.0
2030-05-15 10:15:00,0.0
2030-05-15 10:30:00,0.0
2030-05-15 10:45:00,0.0
2030-05-15 11:00:00,0.0
2030-05-15 11:15:00,0.0
2030-05-15 11:30:00,0.0
2030-05-15 11:45:00,0.0
2030-05-15 12:00:00,0.0
2030-05-15 12:15:00,0.0
2030-05-15 12:30:00,0.0
2030-05-15 12:45:00,0.0
2030-05-15 13:00:00,0.0
2030-05-15 13:15:00,0.0
2030-05-15 13:30:00,0.0
2030-05-15 13:45:00,0.0
2030-05-15 14:00:00,0.0
2030-05-15 14:15:00,0.0
2030-05-15 14:30:00,0.0
2030-05-15 14:45:00,0.0
2030-05-15 15:00:00,0.0
2030-05-15 15:15:00,0.0
2030-05-15 15:30:00,0.0
2030-05-15 15:45:00,0.0
2030-05-15 16:00:00,0.0
2030-05-15 16:15:00,0.0
2030-05-15 16:30:00,0.0
2030-05-15 16:45:00,0.0
2030-05-15 17:00:00,0.0
2030-05-15 17:15:00,0.0
2030-05-15 17:30:00,0.0
2030-05-15 17:45:00,0.0
2030-05-15 18:00:00,0.0
2030-05-15 18:15:00,0.0
2030-05-15 18:30:00,0.0
2030-05-15 18:45:00,0.0
2030-05-15 19:00:00,0.0
2030-05-15 19:15:00,0.0
2030-05-15 19:30:00,0.0
2030-05-15 19:45:00,0.0
2030-05-15 20:00:00,0.0
2030-05-15 20:15:00,0.0
2030-05-15 20:30:00,0.0
2030-05-15 20:45:00,0.0
2030-05-15 21:00:00,0.0
2030-05-15 21:15:00,0.0
2030-05-15 21:30:00,0.0
2030-05-15 21:45:00,0.0
2030-05-15 22:00:00,0.0
2030-05-15 22:15:00,0.0
2030-05-15 22:30:00,0.0
2030-05-15 22:45:00,0.0
2030-05-15 23:00:00,0.0
2030-05-15 23:15:00,0.0
2030-05-15 23:30:00,0.0
2030-05-15 23:45:00,0.0
2030-05-16 00:00:00,0.0
2030-05-16 00:15:00,0.0
2030-05-16 00:30:00,0.0
2030-05-16 00:45:00,0.0
2030-05-16 01:00:00,0.0
2030-05-16 01:15:00,0.0
2030-05-16 01:30:00,0.0
2030-05-16 01:45:00,0.0
2030-05-16 02:00:00,0.0
2030-05-16 02:15:00,0.0
2030-05-16 02:30:00,0.0
2030-05-16 02:45:00,0.0
2030-05-16 03:00:00,0.0
2030-05-16 03:15:00,0.0
2030-05-16 03:30:00,0.0
2030-05-16 03:45:00,0.0
2030-05-16 04:00:00,0.0
2030-05-16 04:15:00,0.0
2030-05-16 04:30:00,0.0
2030-05-16 04:45:00,0.0
2030-05-16 05:00:00,0.0
2030-05-16 05:15:00,0.0
2030-05-16 05:30:00,0.0
2030-05-16 05:45:00,0.0
2030-05-16 06:00:00,0.0
2030-05-16 06:15:00,0.0
2030-05-16 06:30:00,0.0
2030-05-16 06:45:00,0.0
2030-05-16 07:00:00,0.0
2030-05-16 07:15:00,0.0
2030-05-16 07:30:00,0.0
2030-05-16 07:45:00,0.0
2030-05-16 08:00:00,0.0
2030-05-16 08:15:00,0.0
2030-05-16 08:30:00,0.0
2030-05-16 08:45:00,0.0
2030-05-16 09:00:00,0.0
2030-05-16 09:15:00,0.0
2030-05-16 09:30:00,0.0
2030-05-16 09:45:00,0.0
2030-05-16 10:00:00,0.0
2030-05-16 10:15:00,0.0
2030-05-16 10:30:00,0.0
2030-05-16 10:45:00,0.0
2030-05-16 11:00:00,0.0
2030-05-16 11:15:00,0.0
2030-05-16 11:30:00,0.0
2030-05-16 11:45:00,0.0
2030-05-16 12:00:00,0.0
2030-05-16 12:15:00,0.0
2030-05-16 12:30:00,0.0
2030-05-16 12:45:00,0.0
2030-05-16 13:00:00,0.0
2030-05-16 13:15:00,0.0
2030-05-16 13:30:00,0.0
2030-05-16 13:45:00,0.0
2030-05-16 14:00:00,0.0
2030-05-16 14:15:00,0.0
2030-05-16 14:30:00,0.0
2030-05-16 14:45:00,0.0
2030-05-16 15:00:00,0.0
2030-05-16 15:15:00,-4419.374360110283
2030-05-16 15:30:00,-5911.634415292516
2030-05-16 15:45:00,-5641.11655306887
2030-05-16 16:00:00,-5059.2346859527315
2030-05-16 16:15:00,-4408.916214672317
2030-05-16 16:30:00,-3554.8348949777755
2030-05-16 16:45:00,-2579.7560111386592
2030-05-16 17:00:00,-1575.186420846927
2030-05-16 17:15:00,-1255.0645782990396
2030-05-16 17:30:00,-754.3324446562037
2030-05-16 17:45:00,0.0
2030-05-16 18:00:00,0.0
2030-05-16 18:15:00,0.0
2030-05-16 18:30:00,0.0
2030-05-16 18:45:00,0.0
2030-05-16 19:00:00,0.0
2030-05-16 19:15:00,0.0
2030-05-16 19:30:00,0.0
2030-05-16 19:45:00,0.0
2030-05-16 20:00:00,0.0
2030-05-16 20:15:00,0.0
2030-05-16 20:30:00,0.0
2030-05-16 20:45:00,0.0
2030-05-16 21:00:00,0.0
2030-05-16 21:15:00,0.0
2030-05-16 21:30:00,0.0
2030-05-16 21:45:00,0.0
2030-05-16 22:00:00,0.0
2030-05-16 22:15:00,0.0
2030-05-16 22:30:00,0.0
2030-05-16 22:45:00,0.0
2030-05-16 23:00:00,0.0
2030-05-16 23:15:00,0.0
2030-05-16 23:30:00,0.0
2030-05-16 23:45:00,0.0
2030-05-17 00:00:00,0.0
2030-05-17 00:15:00,0.0
2030-05-17 00:30:00,0.0
2030-05-17 00:45:00,0.0
2030-05-17 01:00:00,0.0
2030-05-17 01:15:00,0.0
2030-05-17 01:30:00,0.0
2030-05-17 01:45:00,0.0
2030-05-17 02:00:00,0.0
2030-05-17 02:15:00,0.0
2030-05-17 02:30:00,0.0
2030-05-17 02:45:00,0.0
2030-05-17 03:00:00,0.0
2030-05-17 03:15:00,0.0
2030-05-17 03:30:00,0.0
2030-05-17 03:45:00,0.0
2030-05-17 04:00:00,0.0
2030-05-17 04:15:00,0.0
2030-05-17 04:30:00,0.0
2030-05-17 04:45:00,0.0
2030-05-17 05:00:00,0.0
2030-05-17 05:15:00,0.0
2030-05-17 05:30:00,0.0
2030-05-17 05:45:00,0.0
2030-05-17 06:00:00,0.0
2030-05-17 06:15:00,0.0
2030-05-17 06:30:00,0.0
2030-05-17 06:45:00,0.0
2030-05-17 07:00:00,0.0
2030-05-17 07:15:00,0.0
2030-05-17 07:30:00,0.0
2030-05-17 07:45:00,0.0
2030-05-17 08:00:00,0.0
2030-05-17 08:15:00,0.0
2030-05-17 08:30:00,0.0
2030-05-17 08:45:00,0.0
2030-05-17 09:00:00,0.0
2030-05-17 09:15:00,0.0
2030-05-17 09:30:00,0.0
2030-05-17 09:45:00,0.0
2030-05-17 10:00:00,0.0
2030-05-17 10:15:00,0.0
2030-05-17 10:30:00,0.0
2030-05-17 10:45:00,0.0
2030-05-17 11:00:00,0.0
2030-05-17 11:15:00,0.0
2030-05-17 11:30:00,-4478.329700298604
2030-05-17 11:45:00,-12208.277891080477
2030-05-17 12:00:00,-12822.688157390228
2030-05-17 12:15:00,-13448.645696848078
2030-05-17 12:30:00,-13569.316896567772
2030-05-17 12:45:00,-13345.582430857554
2030-05-17 13:00:00,-12986.078870591176
2030-05-17 13:15:00,-12999.798369542223
2030-05-17 13:30:00,-12624.810501472963
2030-05-17 13:45:00,-12501.371394971567
2030-05-17 14:00:00,-12074.752479503775
2030-05-17 14:15:00,-11735.826851308924
2030-05-17 14:30:00,-11278.441713354536
2030-05-17 14:45:00,-10645.708154748369
2030-05-17 15:00:00,-9744.34624884777
2030-05-17 15:15:00,-9012.571548591553
2030-05-17 15:30:00,-8570.72350248555
2030-05-17 15:45:00,-7694.673940309913
2030-05-17 16:00:00,-6757.833975237907
2030-05-17 16:15:00,-5983.315725933106
2030-05-17 16:30:00,-4999.261790457756
2030-05-17 16:45:00,-3791.1236471611883
2030-05-17 17:00:00,-2677.842408632823
2030-05-17 17:15:00,-1663.8496883479456
2030-05-17 17:30:00,-573.573110333833
2030-05-17 17:45:00,0.0
2030-05-17 18:00:00,0.0
2030-05-17 18:15:00,0.0
2030-05-17 18:30:00,0.0
2030-05-17 18:45:00,0.0
2030-05-17 19:00:00,0.0
2030-05-17 19:15:00,0.0
2030-05-17 19:30:00,0.0
2030-05-17 19:45:00,0.0
2030-05-17 20:00:00,0.0
2030-05-17 20:15:00,0.0
2030-05-17 20:30:00,0.0
2030-05-17 20:45:00,0.0
2030-05-17 21:00:00,0.0
2030-05-17 21:15:00,0.0
2030-05-17 21:30:00,0.0
2030-05-17 21:45:00,0.0
2030-05-17 22:00:00,0.0
2030-05-17 22:15:00,0.0
2030-05-17 22:30:00,0.0
2030-05-17 22:45:00,0.0
2030-05-17 23:00:00,0.0
2030-05-17 23:15:00,0.0
2030-05-17 23:30:00,0.0
2030-05-17 23:45:00,0.0
2030-05-18 00:00:00,0.0
2030-05-18 00:15:00,0.0
2030-05-18 00:30:00,0.0
2030-05-18 00:45:00,0.0
2030-05-18 01:00:00,0.0
2030-05-18 01:15:00,0.0
2030-05-18 01:30:00,0.0
2030-05-18 01:45:00,0.0
2030-05-18 02:00:00,0.0
2030-05-18 02:15:00,0.0
2030-05-18 02:30:00,0.0
2030-05-18 02:45:00,0.0
2030-05-18 03:00:00,0.0
2030-05-18 03:15:00,0.0
2030-05-18 03:30:00,0.0
2030-05-18 03:45:00,0.0
2030-05-18 04:00:00,0.0
2030-05-18 04:15:00,0.0
2030-05-18 04:30:00,0.0
2030-05-18 04:45:00,0.0
2030-05-18 05:00:00,0.0
2030-05-18 05:15:00,0.0
2030-05-18 05:30:00,0.0
2030-05-18 05:45:00,0.0
2030-05-18 06:00:00,0.0
2030-05-18 06:15:00,0.0
2030-05-18 06:30:00,0.0
2030-05-18 06:45:00,0.0
2030-05-18 07:00:00,0.0
2030-05-18 07:15:00,0.0
2030-05-18 07:30:00,0.0
2030-05-18 07:45:00,0.0
2030-05-18 08:00:00,0.0
2030-05-18 08:15:00,0.0
2030-05-18 08:30:00,0.0
2030-05-18 08:45:00,0.0
2030-05-18 09:00:00,0.0
2030-05-18 09:15:00,0.0
2030-05-18 09:30:00,0.0
2030-05-18 09:45:00,0.0
2030-05-18 10:00:00,0.0
2030-05-18 10:15:00,0.0
2030-05-18 10:30:00,0.0
2030-05-18 10:45:00,0.0
2030-05-18 11:00:00,0.0
2030-05-18 11:15:00,0.0
2030-05-18 11:30:00,0.0
2030-05-18 11:45:00,0.0
2030-05-18 12:00:00,0.0
2030-05-18 12:15:00,0.0
2030-05-18 12:30:00,0.0
2030-05-18 12:45:00,-2719.0247735195626
2030-05-18 13:00:00,-15003.066169815178
2030-05-18 13:15:00,-14765.260927776466
2030-05-18 13:30:00,-14461.204587666092
2030-05-18 13:45:00,-14638.141135793292
2030-05-18 14:00:00,-14251.583261083804
2030-05-18 14:15:00,-13603.32901866667
2030-05-18 14:30:00,-13107.70472510637
2030-05-18 14:45:00,-12485.534373342149
2030-05-18 15:00:00,-11570.583698706878
2030-05-18 15:15:00,-10967.892438594607
2030-05-18 15:30:00,-10212.375919326765
2030-05-18 15:45:00,-9344.483398326869
2030-05-18 16:00:00,-8411.252209818666
2030-05-18 16:15:00,-7311.643817151598
2030-05-18 16:30:00,-5951.054167782106
2030-05-18 16:45:00,-5075.587620129723
2030-05-18 17:00:00,-4038.5174550426327
2030-05-18 17:15:00,-2670.4161107543296
2030-05-18 17:30:00,-1627.8313520194024
2030-05-18 17:45:00,-489.6606850720109
2030-05-18 18:00:00,0.0
2030-05-18 18:15:00,0.0
2030-05-18 18:30:00,0.0
2030-05-18 18:45:00,0.0
2030-05-18 19:00:00,0.0
2030-05-18 19:15:00,0.0
2030-05-18 19:30:00,0.0
2030-05-18 19:45:00,0.0
2030-05-18 20:00:00,0.0
2030-05-18 20:15:00,0.0
2030-05-18 20:30:00,0.0
2030-05-18 20:45:00,0.0
2030-05-18 21:00:00,0.0
2030-05-18 21:15:00,0.0
2030-05-18 21:30:00,0.0
2030-05-18 21:45:00,0.0
2030-05-18 22:00:00,0.0
2030-05-18 22:15:00,0.0
2030-05-18 22:30:00,0.0
2030-05-18 22:45:00,0.0
2030-05-18 23:00:00,0.0
2030-05-18 23:15:00,0.0
2030-05-18 23:30:00,0.0
2030-05-18 23:45:00,0.0
2030-05-19 00:00:00,0.0
2030-05-19 00:15:00,0.0
2030-05-19 00:30:00,0.0
2030-05-19 00:45:00,0.0
2030-05-19 01:00:00,0.0
2030-05-19 01:15:00,0.0
2030-05-19 01:30:00,0.0
2030-05-19 01:45:00,0.0
2030-05-19 02:00:00,0.0
2030-05-19 02:15:00,0.0
2030-05-19 02:30:00,0.0
2030-05-19 02:45:00,0.0
2030-05-19 03:00:00,0.0
2030-05-19 03:15:00,0.0
2030-05-19 03:30:00,0.0
2030-05-19 03:45:00,0.0
2030-05-19 04:00:00,0.0
2030-05-19 04:15:00,0.0
2030-05-19 04:30:00,0.0
2030-05-19 04:45:00,0.0
2030-05-19 05:00:00,0.0
2030-05-19 05:15:00,0.0
2030-05-19 05:30:00,0.0
2030-05-19 05:45:00,0.0
2030-05-19 06:00:00,0.0
2030-05-19 06:15:00,0.0
2030-05-19 06:30:00,0.0
2030-05-19 06:45:00,0.0
2030-05-19 07:00:00,0.0
2030-05-19 07:15:00,0.0
2030-05-19 07:30:00,0.0
2030-05-19 07:45:00,0.0
2030-05-19 08:00:00,0.0
2030-05-19 08:15:00,0.0
2030-05-19 08:30:00,0.0
2030-05-19 08:45:00,0.0
2030-05-19 09:00:00,0.0
2030-05-19 09:15:00,0.0
2030-05-19 09:30:00,0.0
2030-05-19 09:45:00,0.0
2030-05-19 10:00:00,0.0
2030-05-19 10:15:00,0.0
2030-05-19 10:30:00,0.0
2030-05-19 10:45:00,0.0
2030-05-19 11:00:00,0.0
2030-05-19 11:15:00,-4732.532725631187
2030-05-19 11:30:00,-12274.108513376155
2030-05-19 11:45:00,-12349.730964600167
2030-05-19 12:00:00,-12074.755157644067
2030-05-19 12:15:00,-12089.924071939113
2030-05-19 12:30:00,-11931.924371498968
2030-05-19 12:45:00,-11678.675174927466
2030-05-19 13:00:00,-11805.43944361736
2030-05-19 13:15:00,-11592.134832627915
2030-05-19 13:30:00,-11641.480431208805
2030-05-19 13:45:00,-11422.326554358846
2030-05-19 14:00:00,-11124.751796857585
2030-05-19 14:15:00,-10713.207020129143
2030-05-19 14:30:00,-10330.192692310116
2030-05-19 14:45:00,-9522.173799419437
2030-05-19 15:00:00,-8684.51127049045
2030-05-19 15:15:00,-7548.350718385682
2030-05-19 15:30:00,-6628.761345165389
2030-05-19 15:45:00,-5692.979025896559
2030-05-19 16:00:00,-4770.949664764186
2030-05-19 16:15:00,-3648.31732608355
2030-05-19 16:30:00,-2433.080769434113
2030-05-19 16:45:00,-1191.9931056401037
2030-05-19 17:00:00,0.0
2030-05-19 17:15:00,0.0
2030-05-19 17:30:00,0.0
2030-05-19 17:45:00,0.0
2030-05-19 18:00:00,0.0
2030-05-19 18:15:00,0.0
2030-05-19 18:30:00,0.0
2030-05-19 18:45:00,0.0
2030-05-19 19:00:00,0.0
2030-05-19 19:15:00,0.0
2030-05-19 19:30:00,0.0
2030-05-19 19:45:00,0.0
2030-05-19 20:00:00,0.0
2030-05-19 20:15:00,0.0
2030-05-19 20:30:00,0.0
2030-05-19 20:45:00,0.0
2030-05-19 21:00:00,0.0
2030-05-19 21:15:00,0.0
2030-05-19 21:30:00,0.0
2030-05-19 21:45:00,0.0
2030-05-19 22:00:00,0.0
2030-05-19 22:15:00,0.0
2030-05-19 22:30:00,0.0
2030-05-19 22:45:00,0.0
2030-05-19 23:00:00,0.0
2030-05-19 23:15:00,0.0
2030-05-19 23:30:00,0.0
2030-05-19 23:45:00,0.0
2030-05-20 00:00:00,0.0
2030-05-20 00:15:00,0.0
2030-05-20 00:30:00,0.0
2030-05-20 00:45:00,0.0
2030-05-20 01:00:00,0.0
2030-05-20 01:15:00,0.0
2030-05-20 01:30:00,0.0
2030-05-20 01:45:00,0.0
2030-05-20 02:00:00,0.0
2030-05-20 02:15:00,0.0
2030-05-20 02:30:00,0.0
2030-05-20 02:45:00,0.0
2030-05-20 03:00:00,0.0
2030-05-20 03:15:00,0.0
2030-05-20 03:30:00,0.0
2030-05-20 03:45:00,0.0
2030-05-20 04:00:00,0.0
2030-05-20 04:15:00,0.0
2030-05-20 04:30:00,0.0
2030-05-20 04:45:00,0.0
2030-05-20 05:00:00,0.0
2030-05-20 05:15:00,0.0
2030-05-20 05:30:00,0.0
2030-05-20 05:45:00,0.0
2030-05-20 06:00:00,0.0
2030-05-20 06:15:00,0.0
2030-05-20 06:30:00,0.0
2030-05-20 06:45:00,0.0
2030-05-20 07:00:00,0.0
2030-05-20 07:15:00,0.0
2030-05-20 07:30:00,0.0
2030-05-20 07:45:00,0.0
2030-05-20 08:00:00,0.0
2030-05-20 08:15:00,0.0
2030-05-20 08:30:00,0.0
2030-05-20 08:45:00,0.0
2030-05-20 09:00:00,0.0
2030-05-20 09:15:00,0.0
2030-05-20 09:30:00,0.0
2030-05-20 09:45:00,0.0
2030-05-20 10:00:00,0.0
2030-05-20 10:15:00,0.0
2030-05-20 10:30:00,0.0
2030-05-20 10:45:00,0.0
2030-05-20 11:00:00,0.0
2030-05-20 11:15:00,0.0
2030-05-20 11:30:00,0.0
2030-05-20 11:45:00,0.0
2030-05-20 12:00:00,0.0
2030-05-20 12:15:00,0.0
2030-05-20 12:30:00,0.0
2030-05-20 12:45:00,-13016.208352660728
2030-05-20 13:00:00,-16255.68509934764
2030-05-20 13:15:00,-16273.098026036805
2030-05-20 13:30:00,-16123.121067714921
2030-05-20 13:45:00,-15845.161611003583
2030-05-20 14:00:00,-15356.13157648349
2030-05-20 14:15:00,-14631.212050635837
2030-05-20 14:30:00,-13630.671552014357
2030-05-20 14:45:00,-12958.21197624205
2030-05-20 15:00:00,-11907.072596819566
2030-05-20 15:15:00,-11061.984956582677
2030-05-20 15:30:00,-10319.177557045501
2030-05-20 15:45:00,-9582.934235138806
2030-05-20 16:00:00,-8390.26974944457
2030-05-20 16:15:00,-7442.429863908406
2030-05-20 16:30:00,-6399.6007688047775
2030-05-20 16:45:00,-5529.324874320224
2030-05-20 17:00:00,-3585.544321825695
2030-05-20 17:15:00,-2050.3247878778293
2030-05-20 17:30:00,-854.1837508183435
2030-05-20 17:45:00,0.0
2030-05-20 18:00:00,0.0
2030-05-20 18:15:00,0.0
2030-05-20 18:30:00,0.0
2030-05-20 18:45:00,0.0
2030-05-20 19:00:00,0.0
2030-05-20 19:15:00,0.0
2030-05-20 19:30:00,0.0
2030-05-20 19:45:00,0.0
2030-05-20 20:00:00,0.0
2030-05-20 20:15:00,0.0
2030-05-20 20:30:00,0.0
2030-05-20 20:45:00,0.0
2030-05-20 21:00:00,0.0
2030-05-20 21:15:00,0.0
2030-05-20 21:30:00,0.0
2030-05-20 21:45:00,0.0
2030-05-20 22:00:00,0.0
2030-05-20 22:15:00,0.0
2030-05-20 22:30:00,0.0
2030-05-20 22:45:00,0.0
2030-05-20 23:00:00,0.0
2030-05-20 23:15:00,0.0
2030-05-20 23:30:00,0.0
2030-05-20 23:45:00,0.0
2030-05-21 00:00:00,0.0
2030-05-21 00:15:00,0.0
2030-05-21 00:30:00,0.0
2030-05-21 00:45:00,0.0
2030-05-21 01:00:00,0.0
2030-05-21 01:15:00,0.0
2030-05-21 01:30:00,0.0
2030-05-21 01:45:00,0.0
2030-05-21 02:00:00,0.0
2030-05-21 02:15:00,0.0
2030-05-21 02:30:00,0.0
2030-05-21 02:45:00,0.0
2030-05-21 03:00:00,0.0
2030-05-21 03:15:00,0.0
2030-05-21 03:30:00,0.0
2030-05-21 03:45:00,0.0
2030-05-21 04:00:00,0.0
2030-05-21 04:15:00,0.0
2030-05-21 04:30:00,0.0
2030-05-21 04:45:00,0.0
2030-05-21 05:00:00,0.0
2030-05-21 05:15:00,0.0
2030-05-21 05:30:00,0.0
2030-05-21 05:45:00,0.0
2030-05-21 06:00:00,0.0
2030-05-21 06:15:00,0.0
2030-05-21 06:30:00,0.0
2030-05-21 06:45:00,0.0
2030-05-21 07:00:00,0.0
2030-05-21 07:15:00,0.0
2030-05-21 07:30:00,0.0
2030-05-21 07:45:00,0.0
2030-05-21 08:00:00,0.0
2030-05-21 08:15:00,0.0
2030-05-21 08:30:00,0.0
2030-05-21 08:45:00,0.0
2030-05-21 09:00:00,0.0
2030-05-21 09:15:00,0.0
2030-05-21 09:30:00,0.0
2030-05-21 09:45:00,0.0
2030-05-21 10:00:00,0.0
2030-05-21 10:15:00,0.0
2030-05-21 10:30:00,0.0
2030-05-21 10:45:00,0.0
2030-05-21 11:00:00,0.0
2030-05-21 11:15:00,0.0
2030-05-21 11:30:00,-9300.232799642414
2030-05-21 11:45:00,-19832.355409232005
2030-05-21 12:00:00,-19886.17852335379
2030-05-21 12:15:00,-19871.670741019523
2030-05-21 12:30:00,-19410.687018000754
2030-05-21 12:45:00,-19047.199009776567
2030-05-21 13:00:00,-18904.868514521797
2030-05-21 13:15:00,-18499.822673361996
2030-05-21 13:30:00,-18136.407821047214
2030-05-21 13:45:00,-17849.178888430863
2030-05-21 14:00:00,-17435.016918336183
2030-05-21 14:15:00,-16974.747084911753
2030-05-21 14:30:00,-16406.847076413716
2030-05-21 14:45:00,-15604.34275800431
2030-05-21 15:00:00,-15221.473148585328
2030-05-21 15:15:00,-14643.006906871
2030-05-21 15:30:00,-13375.387987848178
2030-05-21 15:45:00,-12051.531207705402
2030-05-21 16:00:00,-10423.170157852383
2030-05-21 16:15:00,-9019.619313925446
2030-05-21 16:30:00,-7402.462687826148
2030-05-21 16:45:00,-5932.75026609743
2030-05-21 17:00:00,-4153.841321863072
2030-05-21 17:15:00,-2420.4939191753747
2030-05-21 17:30:00,-682.139607041021
2030-05-21 17:45:00,0.0
2030-05-21 18:00:00,0.0
2030-05-21 18:15:00,0.0
2030-05-21 18:30:00,0.0
2030-05-21 18:45:00,0.0
2030-05-21 19:00:00,0.0
2030-05-21 19:15:00,0.0
2030-05-21 19:30:00,0.0
2030-05-21 19:45:00,0.0
2030-05-21 20:00:00,0.0
2030-05-21 20:15:00,0.0
2030-05-21 20:30:00,0.0
2030-05-21 20:45:00,0.0
2030-05-21 21:00:00,0.0
2030-05-21 21:15:00,0.0
2030-05-21 21:30:00,0.0
2030-05-21 21:45:00,0.0
2030-05-21 22:00:00,0.0
2030-05-21 22:15:00,0.0
2030-05-21 22:30:00,0.0
2030-05-21 22:45:00,0.0
2030-05-21 23:00:00,0.0
2030-05-21 23:15:00,0.0
2030-05-21 23:30:00,0.0
2030-05-21 23:45:00,0.0
2030-05-22 00:00:00,0.0
2030-05-22 00:15:00,0.0
2030-05-22 00:30:00,0.0
2030-05-22 00:45:00,0.0
2030-05-22 01:00:00,0.0
2030-05-22 01:15:00,0.0
2030-05-22 01:30:00,0.0
2030-05-22 01:45:00,0.0
2030-05-22 02:00:00,0.0
2030-05-22 02:15:00,0.0
2030-05-22 02:30:00,0.0
2030-05-22 02:45:00,0.0
2030-05-22 03:00:00,0.0
2030-05-22 03:15:00,0.0
2030-05-22 03:30:00,0.0
2030-05-22 03:45:00,0.0
2030-05-22 04:00:00,0.0
2030-05-22 04:15:00,0.0
2030-05-22 04:30:00,0.0
2030-05-22 04:45:00,0.0
2030-05-22 05:00:00,0.0
2030-05-22 05:15:00,0.0
2030-05-22 05:30:00,0.0
2030-05-22 05:45:00,0.0
2030-05-22 06:00:00,0.0
2030-05-22 06:15:00,0.0
2030-05-22 06:30:00,0.0
2030-05-22 06:45:00,0.0
2030-05-22 07:00:00,0.0
2030-05-22 07:15:00,0.0
2030-05-22 07:30:00,0.0
2030-05-22 07:45:00,0.0
2030-05-22 08:00:00,0.0
2030-05-22 08:15:00,0.0
2030-05-22 08:30:00,0.0
2030-05-22 08:45:00,0.0
2030-05-22 09:00:00,0.0
2030-05-22 09:15:00,0.0
2030-05-22 09:30:00,0.0
2030-05-22 09:45:00,0.0
2030-05-22 10:00:00,0.0
2030-05-22 10:15:00,-4972.311618679309
2030-05-22 10:30:00,-18838.893428706662
2030-05-22 10:45:00,-20063.02270652846
2030-05-22 11:00:00,-20768.270498028476
2030-05-22 11:15:00,-20713.136565685683
2030-05-22 11:30:00,-20599.33452617294
2030-05-22 11:45:00,-20409.759313585473
2030-05-22 12:00:00,-20266.542950787538
2030-05-22 12:15:00,-19899.505214712997
2030-05-22 12:30:00,-19497.189405305544
2030-05-22 12:45:00,-18912.823867794363
2030-05-22 13:00:00,-18041.95244781259
2030-05-22 13:15:00,-16511.00058698975
2030-05-22 13:30:00,-15289.253900755011
2030-05-22 13:45:00,-14379.313335070743
2030-05-22 14:00:00,-13177.827304737246
2030-05-22 14:15:00,-11772.681807772591
2030-05-22 14:30:00,-10329.485473426666
2030-05-22 14:45:00,-8477.102542699482
2030-05-22 15:00:00,-7041.906811404762
2030-05-22 15:15:00,-5454.159786281205
2030-05-22 15:30:00,-4018.1711690369993
2030-05-22 15:45:00,-3132.024749058004
2030-05-22 16:00:00,-2160.231683384445
2030-05-22 16:15:00,-1312.6793794442601
2030-05-22 16:30:00,-197.10034913616255
2030-05-22 16:45:00,0.0
2030-05-22 17:00:00,0.0
2030-05-22 17:15:00,0.0
2030-05-22 17:30:00,0.0
2030-05-22 17:45:00,0.0
2030-05-22 18:00:00,0.0
2030-05-22 18:15:00,0.0
2030-05-22 18:30:00,0.0
2030-05-22 18:45:00,0.0
2030-05-22 19:00:00,0.0
2030-05-22 19:15:00,0.0
2030-05-22 19:30:00,0.0
2030-05-22 19:45:00,0.0
2030-05-22 20:00:00,0.0
2030-05-22 20:15:00,0.0
2030-05-22 20:30:00,0.0
2030-05-22 20:45:00,0.0
2030-05-22 21:00:00,0.0
2030-05-22 21:15:00,0.0
2030-05-22 21:30:00,0.0
2030-05-22 21:45:00,0.0
2030-05-22 22:00:00,0.0
2030-05-22 22:15:00,0.0
2030-05-22 22:30:00,0.0
2030-05-22 22:45:00,0.0
2030-05-22 23:00:00,0.0
2030-05-22 23:15:00,0.0
2030-05-22 23:30:00,0.0
2030-05-22 23:45:00,0.0
2030-05-23 00:00:00,0.0
2030-05-23 00:15:00,0.0
2030-05-23 00:30:00,0.0
2030-05-23 00:45:00,0.0
2030-05-23 01:00:00,0.0
2030-05-23 01:15:00,0.0
2030-05-23 01:30:00,0.0
2030-05-23 01:45:00,0.0
2030-05-23 02:00:00,0.0
2030-05-23 02:15:00,0.0
2030-05-23 02:30:00,0.0
2030-05-23 02:45:00,0.0
2030-05-23 03:00:00,0.0
2030-05-23 03:15:00,0.0
2030-05-23 03:30:00,0.0
2030-05-23 03:45:00,0.0
2030-05-23 04:00:00,0.0
2030-05-23 04:15:00,0.0
2030-05-23 04:30:00,0.0
2030-05-23 04:45:00,0.0
2030-05-23 05:00:00,0.0
2030-05-23 05:15:00,0.0
2030-05-23 05:30:00,0.0
2030-05-23 05:45:00,0.0
2030-05-23 06:00:00,0.0
2030-05-23 06:15:00,0.0
2030-05-23 06:30:00,0.0
2030-05-23 06:45:00,0.0
2030-05-23 07:00:00,0.0
2030-05-23 07:15:00,0.0
2030-05-23 07:30:00,0.0
2030-05-23 07:45:00,0.0
2030-05-23 08:00:00,0.0
2030-05-23 08:15:00,0.0
2030-05-23 08:30:00,0.0
2030-05-23 08:45:00,0.0
2030-05-23 09:00:00,0.0
2030-05-23 09:15:00,0.0
2030-05-23 09:30:00,0.0
2030-05-23 09:45:00,0.0
2030-05-23 10:00:00,0.0
2030-05-23 10:15:00,0.0
2030-05-23 10:30:00,0.0
2030-05-23 10:45:00,-16890.419593460047
2030-05-23 11:00:00,-20399.83250684237
2030-05-23 11:15:00,-20967.780632783946
2030-05-23 11:30:00,-21093.111004926945
2030-05-23 11:45:00,-21262.816348438933
2030-05-23 12:00:00,-21562.326560267127
2030-05-23 12:15:00,-21464.775365729143
2030-05-23 12:30:00,-21803.604010877178
2030-05-23 12:45:00,-21850.255204281617
2030-05-23 13:00:00,-21723.477314783904
2030-05-23 13:15:00,-20969.48011635557
2030-05-23 13:30:00,-20864.368671189586
2030-05-23 13:45:00,-20590.708795838254
2030-05-23 14:00:00,-20159.94067107894
2030-05-23 14:15:00,-19629.414771100906
2030-05-23 14:30:00,-18915.010412601718
2030-05-23 14:45:00,-18199.99577971633
2030-05-23 15:00:00,-17510.435190115917
2030-05-23 15:15:00,-16813.627259217214
2030-05-23 15:30:00,-16068.921609111985
2030-05-23 15:45:00,-15201.24925564032
2030-05-23 16:00:00,-13770.569408759813
2030-05-23 16:15:00,-12463.546338682438
2030-05-23 16:30:00,-10795.366191162699
2030-05-23 16:45:00,-9130.28264724234
2030-05-23 17:00:00,-7764.574180371936
2030-05-23 17:15:00,-6846.521568979835
2030-05-23 17:30:00,-5707.270755608024
2030-05-23 17:45:00,-4846.100883680283
2030-05-23 18:00:00,-3931.813104001936
2030-05-23 18:15:00,-2996.979413123281
2030-05-23 18:30:00,-2285.691369814238
2030-05-23 18:45:00,-1948.163635617475
2030-05-23 19:00:00,-1340.3341088803827
2030-05-23 19:15:00,-1075.7429510401962
2030-05-23 19:30:00,-596.4476811973327
2030-05-23 19:45:00,-196.254128122564
2030-05-23 20:00:00,0.0
2030-05-23 20:15:00,-36.57548493455761
2030-05-23 20:30:00,-111.3557869696051
2030-05-23 20:45:00,-67.68662868536921
2030-05-23 21:00:00,0.0
2030-05-23 21:15:00,0.0
2030-05-23 21:30:00,0.0
2030-05-23 21:45:00,0.0
2030-05-23 22:00:00,0.0
2030-05-23 22:15:00,0.0
2030-05-23 22:30:00,0.0
2030-05-23 22:45:00,0.0
2030-05-23 23:00:00,-305.41525532636115
2030-05-23 23:15:00,-1144.0455335359347
2030-05-23 23:30:00,-1316.3558724264458
2030-05-23 23:45:00,-1219.1745697295046
2030-05-24 00:00:00,0.0
2030-05-24 00:15:00,0.0
2030-05-24 00:30:00,0.0
2030-05-24 00:45:00,0.0
2030-05-24 01:00:00,0.0
2030-05-24 01:15:00,0.0
2030-05-24 01:30:00,0.0
2030-05-24 01:45:00,0.0
2030-05-24 02:00:00,0.0
2030-05-24 02:15:00,0.0
2030-05-24 02:30:00,0.0
2030-05-24 02:45:00,0.0
2030-05-24 03:00:00,0.0
2030-05-24 03:15:00,0.0
2030-05-24 03:30:00,0.0
2030-05-24 03:45:00,0.0
2030-05-24 04:00:00,0.0
2030-05-24 04:15:00,0.0
2030-05-24 04:30:00,0.0
2030-05-24 04:45:00,0.0
2030-05-24 05:00:00,0.0
2030-05-24 05:15:00,0.0
2030-05-24 05:30:00,0.0
2030-05-24 05:45:00,0.0
2030-05-24 06:00:00,0.0
2030-05-24 06:15:00,0.0
2030-05-24 06:30:00,0.0
2030-05-24 06:45:00,0.0
2030-05-24 07:00:00,0.0
2030-05-24 07:15:00,0.0
2030-05-24 07:30:00,0.0
2030-05-24 07:45:00,0.0
2030-05-24 08:00:00,0.0
2030-05-24 08:15:00,0.0
2030-05-24 08:30:00,0.0
2030-05-24 08:45:00,0.0
2030-05-24 09:00:00,0.0
2030-05-24 09:15:00,0.0
2030-05-24 09:30:00,0.0
2030-05-24 09:45:00,0.0
2030-05-24 10:00:00,0.0
2030-05-24 10:15:00,0.0
2030-05-24 10:30:00,0.0
2030-05-24 10:45:00,0.0
2030-05-24 11:00:00,0.0
2030-05-24 11:15:00,0.0
2030-05-24 11:30:00,0.0
2030-05-24 11:45:00,0.0
2030-05-24 12:00:00,0.0
2030-05-24 12:15:00,0.0
2030-05-24 12:30:00,0.0
2030-05-24 12:45:00,0.0
2030-05-24 13:00:00,0.0
2030-05-24 13:15:00,0.0
2030-05-24 13:30:00,-3985.93378004256
2030-05-24 13:45:00,-4853.13190553286
2030-05-24 14:00:00,-4466.506266088698
2030-05-24 14:15:00,-3940.914695089694
2030-05-24 14:30:00,-3472.242700534207
2030-05-24 14:45:00,-3138.8912321195094
2030-05-24 15:00:00,-2589.8319538914548
2030-05-24 15:15:00,-1675.1590521456237
2030-05-24 15:30:00,-1003.462570616728
2030-05-24 15:45:00,-63.98777959709696
2030-05-24 16:00:00,0.0
2030-05-24 16:15:00,0.0
2030-05-24 16:30:00,0.0
2030-05-24 16:45:00,0.0
2030-05-24 17:00:00,0.0
2030-05-24 17:15:00,0.0
2030-05-24 17:30:00,0.0
2030-05-24 17:45:00,0.0
2030-05-24 18:00:00,0.0
2030-05-24 18:15:00,0.0
2030-05-24 18:30:00,0.0
2030-05-24 18:45:00,0.0
2030-05-24 19:00:00,0.0
2030-05-24 19:15:00,0.0
2030-05-24 19:30:00,0.0
2030-05-24 19:45:00,0.0
2030-05-24 20:00:00,0.0
2030-05-24 20:15:00,0.0
2030-05-24 20:30:00,0.0
2030-05-24 20:45:00,0.0
2030-05-24 21:00:00,0.0
2030-05-24 21:15:00,0.0
2030-05-24 21:30:00,0.0
2030-05-24 21:45:00,0.0
2030-05-24 22:00:00,0.0
2030-05-24 22:15:00,0.0
2030-05-24 22:30:00,0.0
2030-05-24 22:45:00,0.0
2030-05-24 23:00:00,0.0
2030-05-24 23:15:00,0.0
2030-05-24 23:30:00,0.0
2030-05-24 23:45:00,0.0
2030-05-25 00:00:00,0.0
2030-05-25 00:15:00,0.0
2030-05-25 00:30:00,0.0
2030-05-25 00:45:00,0.0
2030-05-25 01:00:00,0.0
2030-05-25 01:15:00,0.0
2030-05-25 01:30:00,0.0
2030-05-25 01:45:00,0.0
2030-05-25 02:00:00,0.0
2030-05-25 02:15:00,0.0
2030-05-25 02:30:00,0.0
2030-05-25 02:45:00,0.0
2030-05-25 03:00:00,0.0
2030-05-25 03:15:00,0.0
2030-05-25 03:30:00,0.0
2030-05-25 03:45:00,0.0
2030-05-25 04:00:00,0.0
2030-05-25 04:15:00,0.0
2030-05-25 04:30:00,0.0
2030-05-25 04:45:00,0.0
2030-05-25 05:00:00,0.0
2030-05-25 05:15:00,0.0
2030-05-25 05:30:00,0.0
2030-05-25 05:45:00,0.0
2030-05-25 06:00:00,0.0
2030-05-25 06:15:00,0.0
2030-05-25 06:30:00,0.0
2030-05-25 06:45:00,0.0
2030-05-25 07:00:00,0.0
2030-05-25 07:15:00,0.0
2030-05-25 07:30:00,0.0
2030-05-25 07:45:00,0.0
2030-05-25 08:00:00,0.0
2030-05-25 08:15:00,0.0
2030-05-25 08:30:00,0.0
2030-05-25 08:45:00,0.0
2030-05-25 09:00:00,0.0
2030-05-25 09:15:00,0.0
2030-05-25 09:30:00,0.0
2030-05-25 09:45:00,0.0
2030-05-25 10:00:00,0.0
2030-05-25 10:15:00,0.0
2030-05-25 10:30:00,0.0
2030-05-25 10:45:00,0.0
2030-05-25 11:00:00,0.0
2030-05-25 11:15:00,0.0
2030-05-25 11:30:00,0.0
2030-05-25 11:45:00,0.0
2030-05-25 12:00:00,0.0
2030-05-25 12:15:00,0.0
2030-05-25 12:30:00,0.0
2030-05-25 12:45:00,-1273.2815046912947
2030-05-25 13:00:00,-9249.300315369092
2030-05-25 13:15:00,-8896.863430156587
2030-05-25 13:30:00,-8769.906517340842
2030-05-25 13:45:00,-8204.508101125932
2030-05-25 14:00:00,-7742.011153930951
2030-05-25 14:15:00,-7491.279706952737
2030-05-25 14:30:00,-7449.792940660802
2030-05-25 14:45:00,-7034.161837909418
2030-05-25 15:00:00,-6121.361165726259
2030-05-25 15:15:00,-5427.598344582515
2030-05-25 15:30:00,-4851.045190965284
2030-05-25 15:45:00,-3975.51229521371
2030-05-25 16:00:00,-2783.4314128205297
2030-05-25 16:15:00,-1609.3669386145011
2030-05-25 16:30:00,-270.87874626184566
2030-05-25 16:45:00,0.0
2030-05-25 17:00:00,0.0
2030-05-25 17:15:00,0.0
2030-05-25 17:30:00,0.0
2030-05-25 17:45:00,0.0
2030-05-25 18:00:00,0.0
2030-05-25 18:15:00,0.0
2030-05-25 18:30:00,0.0
2030-05-25 18:45:00,0.0
2030-05-25 19:00:00,0.0
2030-05-25 19:15:00,0.0
2030-05-25 19:30:00,0.0
2030-05-25 19:45:00,0.0
2030-05-25 20:00:00,0.0
2030-05-25 20:15:00,0.0
2030-05-25 20:30:00,0.0
2030-05-25 20:45:00,0.0
2030-05-25 21:00:00,0.0
2030-05-25 21:15:00,0.0
2030-05-25 21:30:00,0.0
2030-05-25 21:45:00,0.0
2030-05-25 22:00:00,0.0
2030-05-25 22:15:00,0.0
2030-05-25 22:30:00,0.0
2030-05-25 22:45:00,0.0
2030-05-25 23:00:00,0.0
2030-05-25 23:15:00,0.0
2030-05-25 23:30:00,0.0
2030-05-25 23:45:00,0.0
2030-05-26 00:00:00,0.0
2030-05-26 00:15:00,0.0
2030-05-26 00:30:00,0.0
2030-05-26 00:45:00,0.0
2030-05-26 01:00:00,0.0
2030-05-26 01:15:00,0.0
2030-05-26 01:30:00,0.0
2030-05-26 01:45:00,0.0
2030-05-26 02:00:00,0.0
2030-05-26 02:15:00,0.0
2030-05-26 02:30:00,0.0
2030-05-26 02:45:00,0.0
2030-05-26 03:00:00,0.0
2030-05-26 03:15:00,0.0
2030-05-26 03:30:00,0.0
2030-05-26 03:45:00,0.0
2030-05-26 04:00:00,0.0
2030-05-26 04:15:00,0.0
2030-05-26 04:30:00,385.6181650251265
2030-05-26 04:45:00,0.0
2030-05-26 05:00:00,0.0
2030-05-26 05:15:00,0.0
2030-05-26 05:30:00,0.0
2030-05-26 05:45:00,0.0
2030-05-26 06:00:00,0.0
2030-05-26 06:15:00,0.0
2030-05-26 06:30:00,0.0
2030-05-26 06:45:00,0.0
2030-05-26 07:00:00,0.0
2030-05-26 07:15:00,0.0
2030-05-26 07:30:00,0.0
2030-05-26 07:45:00,0.0
2030-05-26 08:00:00,0.0
2030-05-26 08:15:00,0.0
2030-05-26 08:30:00,0.0
2030-05-26 08:45:00,0.0
2030-05-26 09:00:00,0.0
2030-05-26 09:15:00,0.0
2030-05-26 09:30:00,0.0
2030-05-26 09:45:00,0.0
2030-05-26 10:00:00,0.0
2030-05-26 10:15:00,0.0
2030-05-26 10:30:00,0.0
2030-05-26 10:45:00,0.0
2030-05-26 11:00:00,0.0
2030-05-26 11:15:00,0.0
2030-05-26 11:30:00,0.0
2030-05-26 11:45:00,0.0
2030-05-26 12:00:00,0.0
2030-05-26 12:15:00,0.0
2030-05-26 12:30:00,0.0
2030-05-26 12:45:00,0.0
2030-05-26 13:00:00,0.0
2030-05-26 13:15:00,0.0
2030-05-26 13:30:00,0.0
2030-05-26 13:45:00,0.0
2030-05-26 14:00:00,0.0
2030-05-26 14:15:00,0.0
2030-05-26 14:30:00,0.0
2030-05-26 14:45:00,0.0
2030-05-26 15:00:00,0.0
2030-05-26 15:15:00,0.0
2030-05-26 15:30:00,0.0
2030-05-26 15:45:00,0.0
2030-05-26 16:00:00,0.0
2030-05-26 16:15:00,0.0
2030-05-26 16:30:00,0.0
2030-05-26 16:45:00,0.0
2030-05-26 17:00:00,0.0
2030-05-26 17:15:00,0.0
2030-05-26 17:30:00,0.0
2030-05-26 17:45:00,0.0
2030-05-26 18:00:00,0.0
2030-05-26 18:15:00,0.0
2030-05-26 18:30:00,0.0
2030-05-26 18:45:00,0.0
2030-05-26 19:00:00,0.0
2030-05-26 19:15:00,0.0
2030-05-26 19:30:00,0.0
2030-05-26 19:45:00,0.0
2030-05-26 20:00:00,0.0
2030-05-26 20:15:00,0.0
2030-05-26 20:30:00,0.0
2030-05-26 20:45:00,0.0
2030-05-26 21:00:00,0.0
2030-05-26 21:15:00,0.0
2030-05-26 21:30:00,0.0
2030-05-26 21:45:00,0.0
2030-05-26 22:00:00,0.0
2030-05-26 22:15:00,0.0
2030-05-26 22:30:00,0.0
2030-05-26 22:45:00,0.0
2030-05-26 23:00:00,0.0
2030-05-26 23:15:00,0.0
2030-05-26 23:30:00,0.0
2030-05-26 23:45:00,0.0
2030-05-27 00:00:00,0.0
2030-05-27 00:15:00,0.0
2030-05-27 00:30:00,0.0
2030-05-27 00:45:00,0.0
2030-05-27 01:00:00,0.0
2030-05-27 01:15:00,0.0
2030-05-27 01:30:00,0.0
2030-05-27 01:45:00,0.0
2030-05-27 02:00:00,0.0
2030-05-27 02:15:00,0.0
2030-05-27 02:30:00,0.0
2030-05-27 02:45:00,0.0
2030-05-27 03:00:00,0.0
2030-05-27 03:15:00,0.0
2030-05-27 03:30:00,0.0
2030-05-27 03:45:00,0.0
2030-05-27 04:00:00,0.0
2030-05-27 04:15:00,3893.7888101524914
2030-05-27 04:30:00,0.0
2030-05-27 04:45:00,0.0
2030-05-27 05:00:00,0.0
2030-05-27 05:15:00,0.0
2030-05-27 05:30:00,0.0
2030-05-27 05:45:00,0.0
2030-05-27 06:00:00,0.0
2030-05-27 06:15:00,0.0
2030-05-27 06:30:00,0.0
2030-05-27 06:45:00,0.0
2030-05-27 07:00:00,0.0
2030-05-27 07:15:00,0.0
2030-05-27 07:30:00,0.0
2030-05-27 07:45:00,0.0
2030-05-27 08:00:00,0.0
2030-05-27 08:15:00,0.0
2030-05-27 08:30:00,0.0
2030-05-27 08:45:00,0.0
2030-05-27 09:00:00,0.0
2030-05-27 09:15:00,0.0
2030-05-27 09:30:00,0.0
2030-05-27 09:45:00,0.0
2030-05-27 10:00:00,0.0
2030-05-27 10:15:00,0.0
2030-05-27 10:30:00,0.0
2030-05-27 10:45:00,0.0
2030-05-27 11:00:00,0.0
2030-05-27 11:15:00,0.0
2030-05-27 11:30:00,0.0
2030-05-27 11:45:00,0.0
2030-05-27 12:00:00,0.0
2030-05-27 12:15:00,0.0
2030-05-27 12:30:00,0.0
2030-05-27 12:45:00,0.0
2030-05-27 13:00:00,0.0
2030-05-27 13:15:00,0.0
2030-05-27 13:30:00,0.0
2030-05-27 13:45:00,0.0
2030-05-27 14:00:00,0.0
2030-05-27 14:15:00,0.0
2030-05-27 14:30:00,0.0
2030-05-27 14:45:00,0.0
2030-05-27 15:00:00,0.0
2030-05-27 15:15:00,0.0
2030-05-27 15:30:00,0.0
2030-05-27 15:45:00,0.0
2030-05-27 16:00:00,0.0
2030-05-27 16:15:00,0.0
2030-05-27 16:30:00,0.0
2030-05-27 16:45:00,0.0
2030-05-27 17:00:00,0.0
2030-05-27 17:15:00,0.0
2030-05-27 17:30:00,0.0
2030-05-27 17:45:00,0.0
2030-05-27 18:00:00,0.0
2030-05-27 18:15:00,0.0
2030-05-27 18:30:00,0.0
2030-05-27 18:45:00,0.0
2030-05-27 19:00:00,0.0
2030-05-27 19:15:00,0.0
2030-05-27 19:30:00,0.0
2030-05-27 19:45:00,0.0
2030-05-27 20:00:00,0.0
2030-05-27 20:15:00,0.0
2030-05-27 20:30:00,0.0
2030-05-27 20:45:00,0.0
2030-05-27 21:00:00,0.0
2030-05-27 21:15:00,0.0
2030-05-27 21:30:00,0.0
2030-05-27 21:45:00,0.0
2030-05-27 22:00:00,0.0
2030-05-27 22:15:00,0.0
2030-05-27 22:30:00,0.0
2030-05-27 22:45:00,0.0
2030-05-27 23:00:00,0.0
2030-05-27 23:15:00,0.0
2030-05-27 23:30:00,0.0
2030-05-27 23:45:00,0.0
2030-05-28 00:00:00,0.0
2030-05-28 00:15:00,0.0
2030-05-28 00:30:00,0.0
2030-05-28 00:45:00,0.0
2030-05-28 01:00:00,0.0
2030-05-28 01:15:00,0.0
2030-05-28 01:30:00,0.0
2030-05-28 01:45:00,0.0
2030-05-28 02:00:00,0.0
2030-05-28 02:15:00,0.0
2030-05-28 02:30:00,0.0
2030-05-28 02:45:00,0.0
2030-05-28 03:00:00,0.0
2030-05-28 03:15:00,0.0
2030-05-28 03:30:00,0.0
2030-05-28 03:45:00,0.0
2030-05-28 04:00:00,0.0
2030-05-28 04:15:00,0.0
2030-05-28 04:30:00,0.0
2030-05-28 04:45:00,0.0
2030-05-28 05:00:00,0.0
2030-05-28 05:15:00,0.0
2030-05-28 05:30:00,0.0
2030-05-28 05:45:00,0.0
2030-05-28 06:00:00,0.0
2030-05-28 06:15:00,0.0
2030-05-28 06:30:00,0.0
2030-05-28 06:45:00,0.0
2030-05-28 07:00:00,0.0
2030-05-28 07:15:00,0.0
2030-05-28 07:30:00,0.0
2030-05-28 07:45:00,0.0
2030-05-28 08:00:00,0.0
2030-05-28 08:15:00,0.0
2030-05-28 08:30:00,0.0
2030-05-28 08:45:00,0.0
2030-05-28 09:00:00,0.0
2030-05-28 09:15:00,0.0
2030-05-28 09:30:00,0.0
2030-05-28 09:45:00,0.0
2030-05-28 10:00:00,0.0
2030-05-28 10:15:00,0.0
2030-05-28 10:30:00,0.0
2030-05-28 10:45:00,0.0
2030-05-28 11:00:00,0.0
2030-05-28 11:15:00,0.0
2030-05-28 11:30:00,0.0
2030-05-28 11:45:00,0.0
2030-05-28 12:00:00,0.0
2030-05-28 12:15:00,0.0
2030-05-28 12:30:00,0.0
2030-05-28 12:45:00,0.0
2030-05-28 13:00:00,0.0
2030-05-28 13:15:00,-6358.102889690897
2030-05-28 13:30:00,-16570.64847269743
2030-05-28 13:45:00,-15940.822790776563
2030-05-28 14:00:00,-15218.392211857867
2030-05-28 14:15:00,-14729.802117332461
2030-05-28 14:30:00,-13833.205397734984
2030-05-28 14:45:00,-12991.200331633127
2030-05-28 15:00:00,-12132.23469302477
2030-05-28 15:15:00,-11515.783266449711
2030-05-28 15:30:00,-10617.539126060674
2030-05-28 15:45:00,-9425.025821607838
2030-05-28 16:00:00,-7953.534696283041
2030-05-28 16:15:00,-6634.530703849559
2030-05-28 16:30:00,-5307.864124358954
2030-05-28 16:45:00,-3953.098808656732
2030-05-28 17:00:00,-2490.9105073615774
2030-05-28 17:15:00,-1340.168403081585
2030-05-28 17:30:00,-251.1913097786437
2030-05-28 17:45:00,0.0
2030-05-28 18:00:00,0.0
2030-05-28 18:15:00,0.0
2030-05-28 18:30:00,0.0
2030-05-28 18:45:00,0.0
2030-05-28 19:00:00,0.0
2030-05-28 19:15:00,0.0
2030-05-28 19:30:00,0.0
2030-05-28 19:45:00,0.0
2030-05-28 20:00:00,0.0
2030-05-28 20:15:00,0.0
2030-05-28 20:30:00,0.0
2030-05-28 20:45:00,0.0
2030-05-28 21:00:00,0.0
2030-05-28 21:15:00,0.0
2030-05-28 21:30:00,0.0
2030-05-28 21:45:00,0.0
2030-05-28 22:00:00,0.0
2030-05-28 22:15:00,0.0
2030-05-28 22:30:00,0.0
2030-05-28 22:45:00,0.0
2030-05-28 23:00:00,0.0
2030-05-28 23:15:00,0.0
2030-05-28 23:30:00,0.0
2030-05-28 23:45:00,0.0
2030-05-29 00:00:00,0.0
2030-05-29 00:15:00,0.0
2030-05-29 00:30:00,0.0
2030-05-29 00:45:00,0.0
2030-05-29 01:00:00,0.0
2030-05-29 01:15:00,0.0
2030-05-29 01:30:00,0.0
2030-05-29 01:45:00,0.0
2030-05-29 02:00:00,0.0
2030-05-29 02:15:00,0.0
2030-05-29 02:30:00,0.0
2030-05-29 02:45:00,0.0
2030-05-29 03:00:00,0.0
2030-05-29 03:15:00,0.0
2030-05-29 03:30:00,0.0
2030-05-29 03:45:00,0.0
2030-05-29 04:00:00,0.0
2030-05-29 04:15:00,0.0
2030-05-29 04:30:00,0.0
2030-05-29 04:45:00,0.0
2030-05-29 05:00:00,0.0
2030-05-29 05:15:00,0.0
2030-05-29 05:30:00,0.0
2030-05-29 05:45:00,0.0
2030-05-29 06:00:00,0.0
2030-05-29 06:15:00,0.0
2030-05-29 06:30:00,0.0
2030-05-29 06:45:00,0.0
2030-05-29 07:00:00,0.0
2030-05-29 07:15:00,0.0
2030-05-29 07:30:00,0.0
2030-05-29 07:45:00,0.0
2030-05-29 08:00:00,0.0
2030-05-29 08:15:00,0.0
2030-05-29 08:30:00,0.0
2030-05-29 08:45:00,0.0
2030-05-29 09:00:00,0.0
2030-05-29 09:15:00,0.0
2030-05-29 09:30:00,0.0
2030-05-29 09:45:00,0.0
2030-05-29 10:00:00,0.0
2030-05-29 10:15:00,0.0
2030-05-29 10:30:00,0.0
2030-05-29 10:45:00,0.0
2030-05-29 11:00:00,0.0
2030-05-29 11:15:00,0.0
2030-05-29 11:30:00,0.0
2030-05-29 11:45:00,-665.5868079931388
2030-05-29 12:00:00,-15177.293073359459
2030-05-29 12:15:00,-14989.730967529096
2030-05-29 12:30:00,-14802.896303496942
2030-05-29 12:45:00,-14558.349361299142
2030-05-29 13:00:00,-14057.025677040114
2030-05-29 13:15:00,-13327.95671824492
2030-05-29 13:30:00,-12832.987949893883
2030-05-29 13:45:00,-12534.94037253249
2030-05-29 14:00:00,-11795.950675375014
2030-05-29 14:15:00,-10826.838036276607
2030-05-29 14:30:00,-10215.65974575738
2030-05-29 14:45:00,-9337.443189972206
2030-05-29 15:00:00,-8948.790620283713
2030-05-29 15:15:00,-8456.43882048667
2030-05-29 15:30:00,-8029.7705213198315
2030-05-29 15:45:00,-6933.839746223608
2030-05-29 16:00:00,-5660.846935529222
2030-05-29 16:15:00,-5014.064121644498
2030-05-29 16:30:00,-3913.273041344977
2030-05-29 16:45:00,-2948.07916561037
2030-05-29 17:00:00,-1890.840527653585
2030-05-29 17:15:00,-1110.5239781542314
2030-05-29 17:30:00,-146.09634468114382
2030-05-29 17:45:00,0.0
2030-05-29 18:00:00,0.0
2030-05-29 18:15:00,0.0
2030-05-29 18:30:00,0.0
2030-05-29 18:45:00,0.0
2030-05-29 19:00:00,0.0
2030-05-29 19:15:00,0.0
2030-05-29 19:30:00,0.0
2030-05-29 19:45:00,0.0
2030-05-29 20:00:00,0.0
2030-05-29 20:15:00,0.0
2030-05-29 20:30:00,0.0
2030-05-29 20:45:00,0.0
2030-05-29 21:00:00,0.0
2030-05-29 21:15:00,0.0
2030-05-29 21:30:00,0.0
2030-05-29 21:45:00,0.0
2030-05-29 22:00:00,0.0
2030-05-29 22:15:00,0.0
2030-05-29 22:30:00,0.0
2030-05-29 22:45:00,0.0
2030-05-29 23:00:00,0.0
2030-05-29 23:15:00,0.0
2030-05-29 23:30:00,0.0
2030-05-29 23:45:00,0.0
2030-05-30 00:00:00,0.0
2030-05-30 00:15:00,0.0
2030-05-30 00:30:00,0.0
2030-05-30 00:45:00,0.0
2030-05-30 01:00:00,0.0
2030-05-30 01:15:00,0.0
2030-05-30 01:30:00,0.0
2030-05-30 01:45:00,0.0
2030-05-30 02:00:00,0.0
2030-05-30 02:15:00,0.0
2030-05-30 02:30:00,0.0
2030-05-30 02:45:00,0.0
2030-05-30 03:00:00,0.0
2030-05-30 03:15:00,0.0
2030-05-30 03:30:00,0.0
2030-05-30 03:45:00,0.0
2030-05-30 04:00:00,0.0
2030-05-30 04:15:00,0.0
2030-05-30 04:30:00,0.0
2030-05-30 04:45:00,0.0
2030-05-30 05:00:00,0.0
2030-05-30 05:15:00,0.0
2030-05-30 05:30:00,0.0
2030-05-30 05:45:00,0.0
2030-05-30 06:00:00,0.0
2030-05-30 06:15:00,0.0
2030-05-30 06:30:00,0.0
2030-05-30 06:45:00,0.0
2030-05-30 07:00:00,0.0
2030-05-30 07:15:00,0.0
2030-05-30 07:30:00,0.0
2030-05-30 07:45:00,0.0
2030-05-30 08:00:00,0.0
2030-05-30 08:15:00,0.0
2030-05-30 08:30:00,0.0
2030-05-30 08:45:00,0.0
2030-05-30 09:00:00,0.0
2030-05-30 09:15:00,0.0
2030-05-30 09:30:00,0.0
2030-05-30 09:45:00,0.0
2030-05-30 10:00:00,0.0
2030-05-30 10:15:00,0.0
2030-05-30 10:30:00,0.0
2030-05-30 10:45:00,0.0
2030-05-30 11:00:00,0.0
2030-05-30 11:15:00,0.0
2030-05-30 11:30:00,0.0
2030-05-30 11:45:00,0.0
2030-05-30 12:00:00,0.0
2030-05-30 12:15:00,0.0
2030-05-30 12:30:00,0.0
2030-05-30 12:45:00,0.0
2030-05-30 13:00:00,0.0
2030-05-30 13:15:00,0.0
2030-05-30 13:30:00,0.0
2030-05-30 13:45:00,0.0
2030-05-30 14:00:00,0.0
2030-05-30 14:15:00,0.0
2030-05-30 14:30:00,0.0
2030-05-30 14:45:00,0.0
2030-05-30 15:00:00,0.0
2030-05-30 15:15:00,0.0
2030-05-30 15:30:00,0.0
2030-05-30 15:45:00,0.0
2030-05-30 16:00:00,0.0
2030-05-30 16:15:00,0.0
2030-05-30 16:30:00,0.0
2030-05-30 16:45:00,0.0
2030-05-30 17:00:00,0.0
2030-05-30 17:15:00,0.0
2030-05-30 17:30:00,0.0
2030-05-30 17:45:00,0.0
2030-05-30 18:00:00,0.0
2030-05-30 18:15:00,0.0
2030-05-30 18:30:00,0.0
2030-05-30 18:45:00,0.0
2030-05-30 19:00:00,0.0
2030-05-30 19:15:00,0.0
2030-05-30 19:30:00,0.0
2030-05-30 19:45:00,0.0
2030-05-30 20:00:00,0.0
2030-05-30 20:15:00,0.0
2030-05-30 20:30:00,0.0
2030-05-30 20:45:00,0.0
2030-05-30 21:00:00,0.0
2030-05-30 21:15:00,0.0
2030-05-30 21:30:00,0.0
2030-05-30 21:45:00,0.0
2030-05-30 22:00:00,0.0
2030-05-30 22:15:00,0.0
2030-05-30 22:30:00,0.0
2030-05-30 22:45:00,0.0
2030-05-30 23:00:00,0.0
2030-05-30 23:15:00,0.0
2030-05-30 23:30:00,0.0
2030-05-30 23:45:00,0.0
2030-05-31 00:00:00,0.0
2030-05-31 00:15:00,0.0
2030-05-31 00:30:00,0.0
2030-05-31 00:45:00,0.0
2030-05-31 01:00:00,0.0
2030-05-31 01:15:00,0.0
2030-05-31 01:30:00,0.0
2030-05-31 01:45:00,0.0
2030-05-31 02:00:00,0.0
2030-05-31 02:15:00,0.0
2030-05-31 02:30:00,0.0
2030-05-31 02:45:00,0.0
2030-05-31 03:00:00,0.0
2030-05-31 03:15:00,0.0
2030-05-31 03:30:00,0.0
2030-05-31 03:45:00,0.0
2030-05-31 04:00:00,0.0
2030-05-31 04:15:00,0.0
2030-05-31 04:30:00,0.0
2030-05-31 04:45:00,0.0
2030-05-31 05:00:00,0.0
2030-05-31 05:15:00,0.0
2030-05-31 05:30:00,0.0
2030-05-31 05:45:00,0.0
2030-05-31 06:00:00,0.0
2030-05-31 06:15:00,0.0
2030-05-31 06:30:00,0.0
2030-05-31 06:45:00,0.0
2030-05-31 07:00:00,0.0
2030-05-31 07:15:00,0.0
2030-05-31 07:30:00,0.0
2030-05-31 07:45:00,0.0
2030-05-31 08:00:00,0.0
2030-05-31 08:15:00,0.0
2030-05-31 08:30:00,0.0
2030-05-31 08:45:00,0.0
2030-05-31 09:00:00,0.0
2030-05-31 09:15:00,0.0
2030-05-31 09:30:00,0.0
2030-05-31 09:45:00,0.0
2030-05-31 10:00:00,0.0
2030-05-31 10:15:00,0.0
2030-05-31 10:30:00,0.0
2030-05-31 10:45:00,0.0
2030-05-31 11:00:00,0.0
2030-05-31 11:15:00,0.0
2030-05-31 11:30:00,0.0
2030-05-31 11:45:00,0.0
2030-05-31 12:00:00,0.0
2030-05-31 12:15:00,0.0
2030-05-31 12:30:00,0.0
2030-05-31 12:45:00,0.0
2030-05-31 13:00:00,0.0
2030-05-31 13:15:00,0.0
2030-05-31 13:30:00,0.0
2030-05-31 13:45:00,0.0
2030-05-31 14:00:00,0.0
2030-05-31 14:15:00,0.0
2030-05-31 14:30:00,0.0
2030-05-31 14:45:00,0.0
2030-05-31 15:00:00,0.0
2030-05-31 15:15:00,0.0
2030-05-31 15:30:00,0.0
2030-05-31 15:45:00,0.0
2030-05-31 16:00:00,0.0
2030-05-31 16:15:00,0.0
2030-05-31 16:30:00,0.0
2030-05-31 16:45:00,0.0
2030-05-31 17:00:00,0.0
2030-05-31 17:15:00,0.0
2030-05-31 17:30:00,0.0
2030-05-31 17:45:00,0.0
2030-05-31 18:00:00,0.0
2030-05-31 18:15:00,0.0
2030-05-31 18:30:00,0.0
2030-05-31 18:45:00,0.0
2030-05-31 19:00:00,0.0
2030-05-31 19:15:00,0.0
2030-05-31 19:30:00,0.0
2030-05-31 19:45:00,0.0
2030-05-31 20:00:00,0.0
2030-05-31 20:15:00,0.0
2030-05-31 20:30:00,0.0
2030-05-31 20:45:00,0.0
2030-05-31 21:00:00,0.0
2030-05-31 21:15:00,0.0
2030-05-31 21:30:00,0.0
2030-05-31 21:45:00,0.0
2030-05-31 22:00:00,0.0
2030-05-31 22:15:00,0.0
2030-05-31 22:30:00,0.0
2030-05-31 22:45:00,0.0
2030-05-31 23:00:00,0.0
2030-05-31 23:15:00,0.0
2030-05-31 23:30:00,0.0
2030-05-31 23:45:00,0.0
2030-06-01 00:00:00,0.0
2030-06-01 00:15:00,0.0
2030-06-01 00:30:00,0.0
2030-06-01 00:45:00,0.0
2030-06-01 01:00:00,0.0
2030-06-01 01:15:00,0.0
2030-06-01 01:30:00,0.0
2030-06-01 01:45:00,0.0
2030-06-01 02:00:00,0.0
2030-06-01 02:15:00,0.0
2030-06-01 02:30:00,0.0
2030-06-01 02:45:00,0.0
2030-06-01 03:00:00,0.0
2030-06-01 03:15:00,0.0
2030-06-01 03:30:00,0.0
2030-06-01 03:45:00,0.0
2030-06-01 04:00:00,0.0
2030-06-01 04:15:00,0.0
2030-06-01 04:30:00,0.0
2030-06-01 04:45:00,0.0
2030-06-01 05:00:00,0.0
2030-06-01 05:15:00,0.0
2030-06-01 05:30:00,0.0
2030-06-01 05:45:00,0.0
2030-06-01 06:00:00,0.0
2030-06-01 06:15:00,0.0
2030-06-01 06:30:00,0.0
2030-06-01 06:45:00,0.0
2030-06-01 07:00:00,0.0
2030-06-01 07:15:00,0.0
2030-06-01 07:30:00,0.0
2030-06-01 07:45:00,0.0
2030-06-01 08:00:00,0.0
2030-06-01 08:15:00,0.0
2030-06-01 08:30:00,0.0
2030-06-01 08:45:00,0.0
2030-06-01 09:00:00,0.0
2030-06-01 09:15:00,0.0
2030-06-01 09:30:00,0.0
2030-06-01 09:45:00,0.0
2030-06-01 10:00:00,0.0
2030-06-01 10:15:00,0.0
2030-06-01 10:30:00,0.0
2030-06-01 10:45:00,0.0
2030-06-01 11:00:00,0.0
2030-06-01 11:15:00,0.0
2030-06-01 11:30:00,0.0
2030-06-01 11:45:00,0.0
2030-06-01 12:00:00,0.0
2030-06-01 12:15:00,0.0
2030-06-01 12:30:00,0.0
2030-06-01 12:45:00,0.0
2030-06-01 13:00:00,0.0
2030-06-01 13:15:00,0.0
2030-06-01 13:30:00,0.0
2030-06-01 13:45:00,0.0
2030-06-01 14:00:00,0.0
2030-06-01 14:15:00,0.0
2030-06-01 14:30:00,0.0
2030-06-01 14:45:00,0.0
2030-06-01 15:00:00,0.0
2030-06-01 15:15:00,0.0
2030-06-01 15:30:00,0.0
2030-06-01 15:45:00,0.0
2030-06-01 16:00:00,0.0
2030-06-01 16:15:00,0.0
2030-06-01 16:30:00,0.0
2030-06-01 16:45:00,0.0
2030-06-01 17:00:00,0.0
2030-06-01 17:15:00,0.0
2030-06-01 17:30:00,0.0
2030-06-01 17:45:00,0.0
2030-06-01 18:00:00,0.0
2030-06-01 18:15:00,0.0
2030-06-01 18:30:00,0.0
2030-06-01 18:45:00,0.0
2030-06-01 19:00:00,0.0
2030-06-01 19:15:00,0.0
2030-06-01 19:30:00,0.0
2030-06-01 19:45:00,0.0
2030-06-01 20:00:00,0.0
2030-06-01 20:15:00,0.0
2030-06-01 20:30:00,0.0
2030-06-01 20:45:00,0.0
2030-06-01 21:00:00,0.0
2030-06-01 21:15:00,0.0
2030-06-01 21:30:00,0.0
2030-06-01 21:45:00,0.0
2030-06-01 22:00:00,0.0
2030-06-01 22:15:00,0.0
2030-06-01 22:30:00,0.0
2030-06-01 22:45:00,0.0
2030-06-01 23:00:00,0.0
2030-06-01 23:15:00,0.0
2030-06-01 23:30:00,0.0
2030-06-01 23:45:00,0.0
2030-06-02 00:00:00,0.0
2030-06-02 00:15:00,0.0
2030-06-02 00:30:00,0.0
2030-06-02 00:45:00,0.0
2030-06-02 01:00:00,0.0
2030-06-02 01:15:00,0.0
2030-06-02 01:30:00,0.0
2030-06-02 01:45:00,0.0
2030-06-02 02:00:00,0.0
2030-06-02 02:15:00,0.0
2030-06-02 02:30:00,0.0
2030-06-02 02:45:00,0.0
2030-06-02 03:00:00,0.0
2030-06-02 03:15:00,0.0
2030-06-02 03:30:00,0.0
2030-06-02 03:45:00,0.0
2030-06-02 04:00:00,0.0
2030-06-02 04:15:00,0.0
2030-06-02 04:30:00,0.0
2030-06-02 04:45:00,0.0
2030-06-02 05:00:00,7434.968577575679
2030-06-02 05:15:00,0.0
2030-06-02 05:30:00,0.0
2030-06-02 05:45:00,0.0
2030-06-02 06:00:00,0.0
2030-06-02 06:15:00,0.0
2030-06-02 06:30:00,0.0
2030-06-02 06:45:00,0.0
2030-06-02 07:00:00,0.0
2030-06-02 07:15:00,0.0
2030-06-02 07:30:00,0.0
2030-06-02 07:45:00,0.0
2030-06-02 08:00:00,0.0
2030-06-02 08:15:00,0.0
2030-06-02 08:30:00,0.0
2030-06-02 08:45:00,0.0
2030-06-02 09:00:00,0.0
2030-06-02 09:15:00,0.0
2030-06-02 09:30:00,0.0
2030-06-02 09:45:00,0.0
2030-06-02 10:00:00,0.0
2030-06-02 10:15:00,0.0
2030-06-02 10:30:00,0.0
2030-06-02 10:45:00,0.0
2030-06-02 11:00:00,0.0
2030-06-02 11:15:00,0.0
2030-06-02 11:30:00,0.0
2030-06-02 11:45:00,0.0
2030-06-02 12:00:00,0.0
2030-06-02 12:15:00,0.0
2030-06-02 12:30:00,0.0
2030-06-02 12:45:00,0.0
2030-06-02 13:00:00,0.0
2030-06-02 13:15:00,0.0
2030-06-02 13:30:00,0.0
2030-06-02 13:45:00,0.0
2030-06-02 14:00:00,0.0
2030-06-02 14:15:00,0.0
2030-06-02 14:30:00,0.0
2030-06-02 14:45:00,0.0
2030-06-02 15:00:00,0.0
2030-06-02 15:15:00,0.0
2030-06-02 15:30:00,0.0
2030-06-02 15:45:00,0.0
2030-06-02 16:00:00,0.0
2030-06-02 16:15:00,0.0
2030-06-02 16:30:00,0.0
2030-06-02 16:45:00,0.0
2030-06-02 17:00:00,0.0
2030-06-02 17:15:00,0.0
2030-06-02 17:30:00,0.0
2030-06-02 17:45:00,0.0
2030-06-02 18:00:00,0.0
2030-06-02 18:15:00,0.0
2030-06-02 18:30:00,0.0
2030-06-02 18:45:00,0.0
2030-06-02 19:00:00,0.0
2030-06-02 19:15:00,3007.9584694858204
2030-06-02 19:30:00,0.0
2030-06-02 19:45:00,0.0
2030-06-02 20:00:00,0.0
2030-06-02 20:15:00,0.0
2030-06-02 20:30:00,0.0
2030-06-02 20:45:00,0.0
2030-06-02 21:00:00,0.0
2030-06-02 21:15:00,0.0
2030-06-02 21:30:00,0.0
2030-06-02 21:45:00,0.0
2030-06-02 22:00:00,0.0
2030-06-02 22:15:00,0.0
2030-06-02 22:30:00,0.0
2030-06-02 22:45:00,0.0
2030-06-02 23:00:00,0.0
2030-06-02 23:15:00,0.0
2030-06-02 23:30:00,0.0
2030-06-02 23:45:00,0.0
2030-06-03 00:00:00,0.0
2030-06-03 00:15:00,0.0
2030-06-03 00:30:00,0.0
2030-06-03 00:45:00,0.0
2030-06-03 01:00:00,0.0
2030-06-03 01:15:00,0.0
2030-06-03 01:30:00,0.0
2030-06-03 01:45:00,0.0
2030-06-03 02:00:00,0.0
2030-06-03 02:15:00,0.0
2030-06-03 02:30:00,0.0
2030-06-03 02:45:00,0.0
2030-06-03 03:00:00,0.0
2030-06-03 03:15:00,0.0
2030-06-03 03:30:00,0.0
2030-06-03 03:45:00,0.0
2030-06-03 04:00:00,0.0
2030-06-03 04:15:00,0.0
2030-06-03 04:30:00,0.0
2030-06-03 04:45:00,0.0
2030-06-03 05:00:00,0.0
2030-06-03 05:15:00,0.0
2030-06-03 05:30:00,0.0
2030-06-03 05:45:00,0.0
2030-06-03 06:00:00,0.0
2030-06-03 06:15:00,0.0
2030-06-03 06:30:00,0.0
2030-06-03 06:45:00,0.0
2030-06-03 07:00:00,0.0
2030-06-03 07:15:00,0.0
2030-06-03 07:30:00,0.0
2030-06-03 07:45:00,0.0
2030-06-03 08:00:00,0.0
2030-06-03 08:15:00,0.0
2030-06-03 08:30:00,0.0
2030-06-03 08:45:00,0.0
2030-06-03 09:00:00,0.0
2030-06-03 09:15:00,0.0
2030-06-03 09:30:00,0.0
2030-06-03 09:45:00,0.0
2030-06-03 10:00:00,0.0
2030-06-03 10:15:00,0.0
2030-06-03 10:30:00,0.0
2030-06-03 10:45:00,0.0
2030-06-03 11:00:00,0.0
2030-06-03 11:15:00,0.0
2030-06-03 11:30:00,0.0
2030-06-03 11:45:00,0.0
2030-06-03 12:00:00,0.0
2030-06-03 12:15:00,0.0
2030-06-03 12:30:00,0.0
2030-06-03 12:45:00,0.0
2030-06-03 13:00:00,0.0
2030-06-03 13:15:00,0.0
2030-06-03 13:30:00,0.0
2030-06-03 13:45:00,0.0
2030-06-03 14:00:00,0.0
2030-06-03 14:15:00,0.0
2030-06-03 14:30:00,0.0
2030-06-03 14:45:00,0.0
2030-06-03 15:00:00,0.0
2030-06-03 15:15:00,0.0
2030-06-03 15:30:00,-11954.53270376999
2030-06-03 15:45:00,-11851.048838007524
2030-06-03 16:00:00,-10954.660679532515
2030-06-03 16:15:00,-10132.020688033655
2030-06-03 16:30:00,-9239.053489597994
2030-06-03 16:45:00,-7992.019499866854
2030-06-03 17:00:00,-6784.98684063644
2030-06-03 17:15:00,-5502.176049880934
2030-06-03 17:30:00,-4238.887405342666
2030-06-03 17:45:00,-2666.574389197509
2030-06-03 18:00:00,-1433.507244604547
2030-06-03 18:15:00,-621.7909127515122
2030-06-03 18:30:00,0.0
2030-06-03 18:45:00,0.0
2030-06-03 19:00:00,0.0
2030-06-03 19:15:00,0.0
2030-06-03 19:30:00,0.0
2030-06-03 19:45:00,0.0
2030-06-03 20:00:00,0.0
2030-06-03 20:15:00,0.0
2030-06-03 20:30:00,0.0
2030-06-03 20:45:00,0.0
2030-06-03 21:00:00,0.0
2030-06-03 21:15:00,0.0
2030-06-03 21:30:00,0.0
2030-06-03 21:45:00,0.0
2030-06-03 22:00:00,0.0
2030-06-03 22:15:00,0.0
2030-06-03 22:30:00,0.0
2030-06-03 22:45:00,0.0
2030-06-03 23:00:00,0.0
2030-06-03 23:15:00,0.0
2030-06-03 23:30:00,0.0
2030-06-03 23:45:00,0.0
2030-06-04 00:00:00,0.0
2030-06-04 00:15:00,0.0
2030-06-04 00:30:00,0.0
2030-06-04 00:45:00,0.0
2030-06-04 01:00:00,0.0
2030-06-04 01:15:00,0.0
2030-06-04 01:30:00,0.0
2030-06-04 01:45:00,0.0
2030-06-04 02:00:00,0.0
2030-06-04 02:15:00,0.0
2030-06-04 02:30:00,0.0
2030-06-04 02:45:00,0.0
2030-06-04 03:00:00,0.0
2030-06-04 03:15:00,0.0
2030-06-04 03:30:00,0.0
2030-06-04 03:45:00,0.0
2030-06-04 04:00:00,0.0
2030-06-04 04:15:00,0.0
2030-06-04 04:30:00,0.0
2030-06-04 04:45:00,0.0
2030-06-04 05:00:00,0.0
2030-06-04 05:15:00,0.0
2030-06-04 05:30:00,0.0
2030-06-04 05:45:00,0.0
2030-06-04 06:00:00,0.0
2030-06-04 06:15:00,0.0
2030-06-04 06:30:00,0.0
2030-06-04 06:45:00,0.0
2030-06-04 07:00:00,0.0
2030-06-04 07:15:00,0.0
2030-06-04 07:30:00,0.0
2030-06-04 07:45:00,0.0
2030-06-04 08:00:00,0.0
2030-06-04 08:15:00,0.0
2030-06-04 08:30:00,0.0
2030-06-04 08:45:00,0.0
2030-06-04 09:00:00,0.0
2030-06-04 09:15:00,-1262.5439633852766
2030-06-04 09:30:00,-14309.509832201322
2030-06-04 09:45:00,-14944.028278044583
2030-06-04 10:00:00,-15212.367544555178
2030-06-04 10:15:00,-15504.46956678522
2030-06-04 10:30:00,-15598.656474652478
2030-06-04 10:45:00,-15572.359732336798
2030-06-04 11:00:00,-15898.364140388474
2030-06-04 11:15:00,-15838.646373192623
2030-06-04 11:30:00,-15273.169309032755
2030-06-04 11:45:00,-15394.623887361025
2030-06-04 12:00:00,-15523.089486060877
2030-06-04 12:15:00,-15579.335819293343
2030-06-04 12:30:00,-15438.847810324361
2030-06-04 12:45:00,-15462.591222786199
2030-06-04 13:00:00,-15512.875465690375
2030-06-04 13:15:00,-15852.415077162279
2030-06-04 13:30:00,-15689.893402355438
2030-06-04 13:45:00,-15608.690928817427
2030-06-04 14:00:00,-15552.391211513155
2030-06-04 14:15:00,-15797.222501488677
2030-06-04 14:30:00,-16141.256375504225
2030-06-04 14:45:00,-16265.262273489776
2030-06-04 15:00:00,-15704.937664292813
2030-06-04 15:15:00,-15065.215324357305
2030-06-04 15:30:00,-14689.434339958869
2030-06-04 15:45:00,-14114.833500504916
2030-06-04 16:00:00,-13075.6788238902
2030-06-04 16:15:00,-11969.691380804079
2030-06-04 16:30:00,-10782.332045865749
2030-06-04 16:45:00,-9806.149458113687
2030-06-04 17:00:00,-8169.290510648796
2030-06-04 17:15:00,-6531.216646439903
2030-06-04 17:30:00,-5211.172459619651
2030-06-04 17:45:00,-3601.9930399169134
2030-06-04 18:00:00,-1950.9504968571218
2030-06-04 18:15:00,-654.4828710286911
2030-06-04 18:30:00,0.0
2030-06-04 18:45:00,0.0
2030-06-04 19:00:00,0.0
2030-06-04 19:15:00,0.0
2030-06-04 19:30:00,0.0
2030-06-04 19:45:00,0.0
2030-06-04 20:00:00,0.0
2030-06-04 20:15:00,0.0
2030-06-04 20:30:00,0.0
2030-06-04 20:45:00,0.0
2030-06-04 21:00:00,0.0
2030-06-04 21:15:00,0.0
2030-06-04 21:30:00,0.0
2030-06-04 21:45:00,0.0
2030-06-04 22:00:00,0.0
2030-06-04 22:15:00,0.0
2030-06-04 22:30:00,0.0
2030-06-04 22:45:00,0.0
2030-06-04 23:00:00,0.0
2030-06-04 23:15:00,0.0
2030-06-04 23:30:00,0.0
2030-06-04 23:45:00,0.0
2030-06-05 00:00:00,0.0
2030-06-05 00:15:00,0.0
2030-06-05 00:30:00,0.0
2030-06-05 00:45:00,0.0
2030-06-05 01:00:00,0.0
2030-06-05 01:15:00,0.0
2030-06-05 01:30:00,0.0
2030-06-05 01:45:00,0.0
2030-06-05 02:00:00,0.0
2030-06-05 02:15:00,0.0
2030-06-05 02:30:00,0.0
2030-06-05 02:45:00,0.0
2030-06-05 03:00:00,0.0
2030-06-05 03:15:00,0.0
2030-06-05 03:30:00,0.0
2030-06-05 03:45:00,0.0
2030-06-05 04:00:00,0.0
2030-06-05 04:15:00,0.0
2030-06-05 04:30:00,0.0
2030-06-05 04:45:00,0.0
2030-06-05 05:00:00,0.0
2030-06-05 05:15:00,0.0
2030-06-05 05:30:00,0.0
2030-06-05 05:45:00,0.0
2030-06-05 06:00:00,0.0
2030-06-05 06:15:00,0.0
2030-06-05 06:30:00,0.0
2030-06-05 06:45:00,0.0
2030-06-05 07:00:00,0.0
2030-06-05 07:15:00,0.0
2030-06-05 07:30:00,0.0
2030-06-05 07:45:00,0.0
2030-06-05 08:00:00,0.0
2030-06-05 08:15:00,0.0
2030-06-05 08:30:00,0.0
2030-06-05 08:45:00,0.0
2030-06-05 09:00:00,0.0
2030-06-05 09:15:00,0.0
2030-06-05 09:30:00,0.0
2030-06-05 09:45:00,0.0
2030-06-05 10:00:00,0.0
2030-06-05 10:15:00,0.0
2030-06-05 10:30:00,0.0
2030-06-05 10:45:00,0.0
2030-06-05 11:00:00,0.0
2030-06-05 11:15:00,0.0
2030-06-05 11:30:00,0.0
2030-06-05 11:45:00,0.0
2030-06-05 12:00:00,0.0
2030-06-05 12:15:00,0.0
2030-06-05 12:30:00,0.0
2030-06-05 12:45:00,0.0
2030-06-05 13:00:00,0.0
2030-06-05 13:15:00,0.0
2030-06-05 13:30:00,0.0
2030-06-05 13:45:00,0.0
2030-06-05 14:00:00,0.0
2030-06-05 14:15:00,-8637.874774835353
2030-06-05 14:30:00,-9607.181372562776
2030-06-05 14:45:00,-9045.007586662312
2030-06-05 15:00:00,-8307.35930274743
2030-06-05 15:15:00,-7405.226269263272
2030-06-05 15:30:00,-6259.407495488314
2030-06-05 15:45:00,-4905.873536964471
2030-06-05 16:00:00,-3852.2563477380754
2030-06-05 16:15:00,-3512.5512345419993
2030-06-05 16:30:00,-2754.7164255639764
2030-06-05 16:45:00,-1539.153799833828
2030-06-05 17:00:00,-120.31411179844144
2030-06-05 17:15:00,0.0
2030-06-05 17:30:00,0.0
2030-06-05 17:45:00,0.0
2030-06-05 18:00:00,0.0
2030-06-05 18:15:00,0.0
2030-06-05 18:30:00,0.0
2030-06-05 18:45:00,0.0
2030-06-05 19:00:00,0.0
2030-06-05 19:15:00,0.0
2030-06-05 19:30:00,0.0
2030-06-05 19:45:00,0.0
2030-06-05 20:00:00,0.0
2030-06-05 20:15:00,0.0
2030-06-05 20:30:00,0.0
2030-06-05 20:45:00,0.0
2030-06-05 21:00:00,0.0
2030-06-05 21:15:00,0.0
2030-06-05 21:30:00,0.0
2030-06-05 21:45:00,0.0
2030-06-05 22:00:00,0.0
2030-06-05 22:15:00,0.0
2030-06-05 22:30:00,0.0
2030-06-05 22:45:00,0.0
2030-06-05 23:00:00,0.0
2030-06-05 23:15:00,0.0
2030-06-05 23:30:00,0.0
2030-06-05 23:45:00,0.0
2030-06-06 00:00:00,0.0
2030-06-06 00:15:00,0.0
2030-06-06 00:30:00,0.0
2030-06-06 00:45:00,0.0
2030-06-06 01:00:00,0.0
2030-06-06 01:15:00,0.0
2030-06-06 01:30:00,0.0
2030-06-06 01:45:00,0.0
2030-06-06 02:00:00,0.0
2030-06-06 02:15:00,0.0
2030-06-06 02:30:00,0.0
2030-06-06 02:45:00,0.0
2030-06-06 03:00:00,0.0
2030-06-06 03:15:00,0.0
2030-06-06 03:30:00,0.0
2030-06-06 03:45:00,0.0
2030-06-06 04:00:00,0.0
2030-06-06 04:15:00,0.0
2030-06-06 04:30:00,0.0
2030-06-06 04:45:00,0.0
2030-06-06 05:00:00,0.0
2030-06-06 05:15:00,0.0
2030-06-06 05:30:00,0.0
2030-06-06 05:45:00,0.0
2030-06-06 06:00:00,0.0
2030-06-06 06:15:00,0.0
2030-06-06 06:30:00,0.0
2030-06-06 06:45:00,0.0
2030-06-06 07:00:00,0.0
2030-06-06 07:15:00,0.0
2030-06-06 07:30:00,0.0
2030-06-06 07:45:00,0.0
2030-06-06 08:00:00,0.0
2030-06-06 08:15:00,0.0
2030-06-06 08:30:00,0.0
2030-06-06 08:45:00,0.0
2030-06-06 09:00:00,0.0
2030-06-06 09:15:00,0.0
2030-06-06 09:30:00,0.0
2030-06-06 09:45:00,0.0
2030-06-06 10:00:00,0.0
2030-06-06 10:15:00,0.0
2030-06-06 10:30:00,0.0
2030-06-06 10:45:00,-3651.655691328513
2030-06-06 11:00:00,-20120.580296243454
2030-06-06 11:15:00,-20656.152697972408
2030-06-06 11:30:00,-20489.349341685127
2030-06-06 11:45:00,-20322.72106467235
2030-06-06 12:00:00,-20082.39811816739
2030-06-06 12:15:00,-19789.13451236743
2030-06-06 12:30:00,-19336.617781957375
2030-06-06 12:45:00,-18577.658507482953
2030-06-06 13:00:00,-18147.927467009828
2030-06-06 13:15:00,-17855.9747009698
2030-06-06 13:30:00,-17754.154750802845
2030-06-06 13:45:00,-17220.338656954747
2030-06-06 14:00:00,-16134.685689571124
2030-06-06 14:15:00,-15357.918369725172
2030-06-06 14:30:00,-14293.846017757543
2030-06-06 14:45:00,-13297.468077942143
2030-06-06 15:00:00,-11936.273620775686
2030-06-06 15:15:00,-10451.425670895977
2030-06-06 15:30:00,-9426.735448212941
2030-06-06 15:45:00,-8632.613342227636
2030-06-06 16:00:00,-7360.021920437586
2030-06-06 16:15:00,-5904.321803237417
2030-06-06 16:30:00,-4558.3300568759005
2030-06-06 16:45:00,-3380.480262262514
2030-06-06 17:00:00,-1862.6673700802057
2030-06-06 17:15:00,-401.74859436573024
2030-06-06 17:30:00,0.0
2030-06-06 17:45:00,0.0
2030-06-06 18:00:00,0.0
2030-06-06 18:15:00,0.0
2030-06-06 18:30:00,0.0
2030-06-06 18:45:00,0.0
2030-06-06 19:00:00,0.0
2030-06-06 19:15:00,0.0
2030-06-06 19:30:00,0.0
2030-06-06 19:45:00,0.0
2030-06-06 20:00:00,0.0
2030-06-06 20:15:00,0.0
2030-06-06 20:30:00,0.0
2030-06-06 20:45:00,0.0
2030-06-06 21:00:00,0.0
2030-06-06 21:15:00,0.0
2030-06-06 21:30:00,0.0
2030-06-06 21:45:00,0.0
2030-06-06 22:00:00,0.0
2030-06-06 22:15:00,0.0
2030-06-06 22:30:00,0.0
2030-06-06 22:45:00,0.0
2030-06-06 23:00:00,0.0
2030-06-06 23:15:00,0.0
2030-06-06 23:30:00,0.0
2030-06-06 23:45:00,0.0
2030-06-07 00:00:00,0.0
2030-06-07 00:15:00,0.0
2030-06-07 00:30:00,0.0
2030-06-07 00:45:00,0.0
2030-06-07 01:00:00,0.0
2030-06-07 01:15:00,0.0
2030-06-07 01:30:00,0.0
2030-06-07 01:45:00,0.0
2030-06-07 02:00:00,0.0
2030-06-07 02:15:00,0.0
2030-06-07 02:30:00,0.0
2030-06-07 02:45:00,0.0
2030-06-07 03:00:00,0.0
2030-06-07 03:15:00,0.0
2030-06-07 03:30:00,0.0
2030-06-07 03:45:00,0.0
2030-06-07 04:00:00,0.0
2030-06-07 04:15:00,0.0
2030-06-07 04:30:00,0.0
2030-06-07 04:45:00,0.0
2030-06-07 05:00:00,0.0
2030-06-07 05:15:00,0.0
2030-06-07 05:30:00,0.0
2030-06-07 05:45:00,0.0
2030-06-07 06:00:00,0.0
2030-06-07 06:15:00,0.0
2030-06-07 06:30:00,0.0
2030-06-07 06:45:00,0.0
2030-06-07 07:00:00,0.0
2030-06-07 07:15:00,0.0
2030-06-07 07:30:00,0.0
2030-06-07 07:45:00,0.0
2030-06-07 08:00:00,0.0
2030-06-07 08:15:00,0.0
2030-06-07 08:30:00,0.0
2030-06-07 08:45:00,0.0
2030-06-07 09:00:00,0.0
2030-06-07 09:15:00,0.0
2030-06-07 09:30:00,0.0
2030-06-07 09:45:00,0.0
2030-06-07 10:00:00,0.0
2030-06-07 10:15:00,0.0
2030-06-07 10:30:00,0.0
2030-06-07 10:45:00,0.0
2030-06-07 11:00:00,0.0
2030-06-07 11:15:00,0.0
2030-06-07 11:30:00,0.0
2030-06-07 11:45:00,0.0
2030-06-07 12:00:00,0.0
2030-06-07 12:15:00,0.0
2030-06-07 12:30:00,0.0
2030-06-07 12:45:00,0.0
2030-06-07 13:00:00,0.0
2030-06-07 13:15:00,0.0
2030-06-07 13:30:00,0.0
2030-06-07 13:45:00,0.0
2030-06-07 14:00:00,0.0
2030-06-07 14:15:00,0.0
2030-06-07 14:30:00,0.0
2030-06-07 14:45:00,0.0
2030-06-07 15:00:00,0.0
2030-06-07 15:15:00,0.0
2030-06-07 15:30:00,0.0
2030-06-07 15:45:00,0.0
2030-06-07 16:00:00,0.0
2030-06-07 16:15:00,0.0
2030-06-07 16:30:00,0.0
2030-06-07 16:45:00,0.0
2030-06-07 17:00:00,0.0
2030-06-07 17:15:00,0.0
2030-06-07 17:30:00,0.0
2030-06-07 17:45:00,0.0
2030-06-07 18:00:00,0.0
2030-06-07 18:15:00,0.0
2030-06-07 18:30:00,0.0
2030-06-07 18:45:00,0.0
2030-06-07 19:00:00,0.0
2030-06-07 19:15:00,0.0
2030-06-07 19:30:00,0.0
2030-06-07 19:45:00,0.0
2030-06-07 20:00:00,0.0
2030-06-07 20:15:00,0.0
2030-06-07 20:30:00,0.0
2030-06-07 20:45:00,0.0
2030-06-07 21:00:00,0.0
2030-06-07 21:15:00,0.0
2030-06-07 21:30:00,0.0
2030-06-07 21:45:00,0.0
2030-06-07 22:00:00,0.0
2030-06-07 22:15:00,0.0
2030-06-07 22:30:00,1448.8655689821007
2030-06-07 22:45:00,0.0
2030-06-07 23:00:00,0.0
2030-06-07 23:15:00,0.0
2030-06-07 23:30:00,0.0
2030-06-07 23:45:00,0.0
2030-06-08 00:00:00,0.0
2030-06-08 00:15:00,0.0
2030-06-08 00:30:00,0.0
2030-06-08 00:45:00,0.0
2030-06-08 01:00:00,0.0
2030-06-08 01:15:00,0.0
2030-06-08 01:30:00,0.0
2030-06-08 01:45:00,0.0
2030-06-08 02:00:00,0.0
2030-06-08 02:15:00,0.0
2030-06-08 02:30:00,0.0
2030-06-08 02:45:00,0.0
2030-06-08 03:00:00,0.0
2030-06-08 03:15:00,0.0
2030-06-08 03:30:00,0.0
2030-06-08 03:45:00,0.0
2030-06-08 04:00:00,0.0
2030-06-08 04:15:00,0.0
2030-06-08 04:30:00,0.0
2030-06-08 04:45:00,0.0
2030-06-08 05:00:00,0.0
2030-06-08 05:15:00,0.0
2030-06-08 05:30:00,0.0
2030-06-08 05:45:00,0.0
2030-06-08 06:00:00,0.0
2030-06-08 06:15:00,0.0
2030-06-08 06:30:00,0.0
2030-06-08 06:45:00,0.0
2030-06-08 07:00:00,0.0
2030-06-08 07:15:00,0.0
2030-06-08 07:30:00,0.0
2030-06-08 07:45:00,0.0
2030-06-08 08:00:00,0.0
2030-06-08 08:15:00,0.0
2030-06-08 08:30:00,0.0
2030-06-08 08:45:00,0.0
2030-06-08 09:00:00,0.0
2030-06-08 09:15:00,0.0
2030-06-08 09:30:00,0.0
2030-06-08 09:45:00,0.0
2030-06-08 10:00:00,0.0
2030-06-08 10:15:00,0.0
2030-06-08 10:30:00,0.0
2030-06-08 10:45:00,0.0
2030-06-08 11:00:00,0.0
2030-06-08 11:15:00,0.0
2030-06-08 11:30:00,0.0
2030-06-08 11:45:00,0.0
2030-06-08 12:00:00,0.0
2030-06-08 12:15:00,0.0
2030-06-08 12:30:00,0.0
2030-06-08 12:45:00,0.0
2030-06-08 13:00:00,0.0
2030-06-08 13:15:00,0.0
2030-06-08 13:30:00,0.0
2030-06-08 13:45:00,0.0
2030-06-08 14:00:00,0.0
2030-06-08 14:15:00,0.0
2030-06-08 14:30:00,0.0
2030-06-08 14:45:00,0.0
2030-06-08 15:00:00,0.0
2030-06-08 15:15:00,0.0
2030-06-08 15:30:00,0.0
2030-06-08 15:45:00,0.0
2030-06-08 16:00:00,0.0
2030-06-08 16:15:00,0.0
2030-06-08 16:30:00,0.0
2030-06-08 16:45:00,0.0
2030-06-08 17:00:00,0.0
2030-06-08 17:15:00,0.0
2030-06-08 17:30:00,0.0
2030-06-08 17:45:00,0.0
2030-06-08 18:00:00,0.0
2030-06-08 18:15:00,0.0
2030-06-08 18:30:00,0.0
2030-06-08 18:45:00,0.0
2030-06-08 19:00:00,0.0
2030-06-08 19:15:00,0.0
2030-06-08 19:30:00,0.0
2030-06-08 19:45:00,0.0
2030-06-08 20:00:00,0.0
2030-06-08 20:15:00,0.0
2030-06-08 20:30:00,0.0
2030-06-08 20:45:00,0.0
2030-06-08 21:00:00,0.0
2030-06-08 21:15:00,0.0
2030-06-08 21:30:00,0.0
2030-06-08 21:45:00,0.0
2030-06-08 22:00:00,0.0
2030-06-08 22:15:00,0.0
2030-06-08 22:30:00,0.0
2030-06-08 22:45:00,0.0
2030-06-08 23:00:00,0.0
2030-06-08 23:15:00,0.0
2030-06-08 23:30:00,0.0
2030-06-08 23:45:00,0.0
2030-06-09 00:00:00,0.0
2030-06-09 00:15:00,0.0
2030-06-09 00:30:00,0.0
2030-06-09 00:45:00,0.0
2030-06-09 01:00:00,0.0
2030-06-09 01:15:00,0.0
2030-06-09 01:30:00,0.0
2030-06-09 01:45:00,0.0
2030-06-09 02:00:00,6462.543157350898
2030-06-09 02:15:00,0.0
2030-06-09 02:30:00,0.0
2030-06-09 02:45:00,0.0
2030-06-09 03:00:00,0.0
2030-06-09 03:15:00,0.0
2030-06-09 03:30:00,0.0
2030-06-09 03:45:00,0.0
2030-06-09 04:00:00,0.0
2030-06-09 04:15:00,0.0
2030-06-09 04:30:00,0.0
2030-06-09 04:45:00,0.0
2030-06-09 05:00:00,0.0
2030-06-09 05:15:00,0.0
2030-06-09 05:30:00,0.0
2030-06-09 05:45:00,0.0
2030-06-09 06:00:00,0.0
2030-06-09 06:15:00,0.0
2030-06-09 06:30:00,0.0
2030-06-09 06:45:00,0.0
2030-06-09 07:00:00,0.0
2030-06-09 07:15:00,0.0
2030-06-09 07:30:00,0.0
2030-06-09 07:45:00,0.0
2030-06-09 08:00:00,0.0
2030-06-09 08:15:00,0.0
2030-06-09 08:30:00,0.0
2030-06-09 08:45:00,0.0
2030-06-09 09:00:00,0.0
2030-06-09 09:15:00,0.0
2030-06-09 09:30:00,0.0
2030-06-09 09:45:00,0.0
2030-06-09 10:00:00,0.0
2030-06-09 10:15:00,0.0
2030-06-09 10:30:00,0.0
2030-06-09 10:45:00,0.0
2030-06-09 11:00:00,0.0
2030-06-09 11:15:00,0.0
2030-06-09 11:30:00,0.0
2030-06-09 11:45:00,0.0
2030-06-09 12:00:00,0.0
2030-06-09 12:15:00,0.0
2030-06-09 12:30:00,0.0
2030-06-09 12:45:00,0.0
2030-06-09 13:00:00,0.0
2030-06-09 13:15:00,0.0
2030-06-09 13:30:00,0.0
2030-06-09 13:45:00,0.0
2030-06-09 14:00:00,0.0
2030-06-09 14:15:00,0.0
2030-06-09 14:30:00,0.0
2030-06-09 14:45:00,0.0
2030-06-09 15:00:00,0.0
2030-06-09 15:15:00,0.0
2030-06-09 15:30:00,0.0
2030-06-09 15:45:00,0.0
2030-06-09 16:00:00,0.0
2030-06-09 16:15:00,0.0
2030-06-09 16:30:00,0.0
2030-06-09 16:45:00,0.0
2030-06-09 17:00:00,0.0
2030-06-09 17:15:00,0.0
2030-06-09 17:30:00,0.0
2030-06-09 17:45:00,0.0
2030-06-09 18:00:00,0.0
2030-06-09 18:15:00,0.0
2030-06-09 18:30:00,0.0
2030-06-09 18:45:00,0.0
2030-06-09 19:00:00,0.0
2030-06-09 19:15:00,0.0
2030-06-09 19:30:00,0.0
2030-06-09 19:45:00,0.0
2030-06-09 20:00:00,0.0
2030-06-09 20:15:00,0.0
2030-06-09 20:30:00,0.0
2030-06-09 20:45:00,0.0
2030-06-09 21:00:00,0.0
2030-06-09 21:15:00,0.0
2030-06-09 21:30:00,0.0
2030-06-09 21:45:00,0.0
2030-06-09 22:00:00,0.0
2030-06-09 22:15:00,0.0
2030-06-09 22:30:00,0.0
2030-06-09 22:45:00,0.0
2030-06-09 23:00:00,0.0
2030-06-09 23:15:00,0.0
2030-06-09 23:30:00,0.0
2030-06-09 23:45:00,0.0
2030-06-10 00:00:00,0.0
2030-06-10 00:15:00,0.0
2030-06-10 00:30:00,0.0
2030-06-10 00:45:00,0.0
2030-06-10 01:00:00,0.0
2030-06-10 01:15:00,0.0
2030-06-10 01:30:00,5229.195718677243
2030-06-10 01:45:00,0.0
2030-06-10 02:00:00,0.0
2030-06-10 02:15:00,0.0
2030-06-10 02:30:00,0.0
2030-06-10 02:45:00,0.0
2030-06-10 03:00:00,0.0
2030-06-10 03:15:00,0.0
2030-06-10 03:30:00,0.0
2030-06-10 03:45:00,0.0
2030-06-10 04:00:00,0.0
2030-06-10 04:15:00,0.0
2030-06-10 04:30:00,0.0
2030-06-10 04:45:00,0.0
2030-06-10 05:00:00,0.0
2030-06-10 05:15:00,0.0
2030-06-10 05:30:00,0.0
2030-06-10 05:45:00,0.0
2030-06-10 06:00:00,0.0
2030-06-10 06:15:00,0.0
2030-06-10 06:30:00,0.0
2030-06-10 06:45:00,0.0
2030-06-10 07:00:00,0.0
2030-06-10 07:15:00,0.0
2030-06-10 07:30:00,0.0
2030-06-10 07:45:00,0.0
2030-06-10 08:00:00,0.0
2030-06-10 08:15:00,0.0
2030-06-10 08:30:00,0.0
2030-06-10 08:45:00,0.0
2030-06-10 09:00:00,0.0
2030-06-10 09:15:00,0.0
2030-06-10 09:30:00,0.0
2030-06-10 09:45:00,0.0
2030-06-10 10:00:00,0.0
2030-06-10 10:15:00,0.0
2030-06-10 10:30:00,0.0
2030-06-10 10:45:00,0.0
2030-06-10 11:00:00,0.0
2030-06-10 11:15:00,0.0
2030-06-10 11:30:00,0.0
2030-06-10 11:45:00,0.0
2030-06-10 12:00:00,0.0
2030-06-10 12:15:00,0.0
2030-06-10 12:30:00,0.0
2030-06-10 12:45:00,0.0
2030-06-10 13:00:00,0.0
2030-06-10 13:15:00,0.0
2030-06-10 13:30:00,0.0
2030-06-10 13:45:00,0.0
2030-06-10 14:00:00,0.0
2030-06-10 14:15:00,0.0
2030-06-10 14:30:00,0.0
2030-06-10 14:45:00,0.0
2030-06-10 15:00:00,0.0
2030-06-10 15:15:00,0.0
2030-06-10 15:30:00,0.0
2030-06-10 15:45:00,0.0
2030-06-10 16:00:00,0.0
2030-06-10 16:15:00,0.0
2030-06-10 16:30:00,0.0
2030-06-10 16:45:00,0.0
2030-06-10 17:00:00,0.0
2030-06-10 17:15:00,0.0
2030-06-10 17:30:00,0.0
2030-06-10 17:45:00,0.0
2030-06-10 18:00:00,0.0
2030-06-10 18:15:00,0.0
2030-06-10 18:30:00,0.0
2030-06-10 18:45:00,0.0
2030-06-10 19:00:00,0.0
2030-06-10 19:15:00,0.0
2030-06-10 19:30:00,0.0
2030-06-10 19:45:00,0.0
2030-06-10 20:00:00,0.0
2030-06-10 20:15:00,0.0
2030-06-10 20:30:00,0.0
2030-06-10 20:45:00,0.0
2030-06-10 21:00:00,0.0
2030-06-10 21:15:00,0.0
2030-06-10 21:30:00,0.0
2030-06-10 21:45:00,0.0
2030-06-10 22:00:00,0.0
2030-06-10 22:15:00,0.0
2030-06-10 22:30:00,0.0
2030-06-10 22:45:00,0.0
2030-06-10 23:00:00,0.0
2030-06-10 23:15:00,0.0
2030-06-10 23:30:00,0.0
2030-06-10 23:45:00,0.0
2030-06-11 00:00:00,0.0
2030-06-11 00:15:00,0.0
2030-06-11 00:30:00,0.0
2030-06-11 00:45:00,0.0
2030-06-11 01:00:00,0.0
2030-06-11 01:15:00,0.0
2030-06-11 01:30:00,0.0
2030-06-11 01:45:00,0.0
2030-06-11 02:00:00,0.0
2030-06-11 02:15:00,0.0
2030-06-11 02:30:00,0.0
2030-06-11 02:45:00,0.0
2030-06-11 03:00:00,0.0
2030-06-11 03:15:00,0.0
2030-06-11 03:30:00,0.0
2030-06-11 03:45:00,0.0
2030-06-11 04:00:00,0.0
2030-06-11 04:15:00,0.0
2030-06-11 04:30:00,0.0
2030-06-11 04:45:00,0.0
2030-06-11 05:00:00,0.0
2030-06-11 05:15:00,0.0
2030-06-11 05:30:00,0.0
2030-06-11 05:45:00,0.0
2030-06-11 06:00:00,0.0
2030-06-11 06:15:00,0.0
2030-06-11 06:30:00,0.0
2030-06-11 06:45:00,0.0
2030-06-11 07:00:00,0.0
2030-06-11 07:15:00,0.0
2030-06-11 07:30:00,0.0
2030-06-11 07:45:00,0.0
2030-06-11 08:00:00,0.0
2030-06-11 08:15:00,0.0
2030-06-11 08:30:00,0.0
2030-06-11 08:45:00,0.0
2030-06-11 09:00:00,0.0
2030-06-11 09:15:00,0.0
2030-06-11 09:30:00,-6064.664189876032
2030-06-11 09:45:00,-14379.232985391956
2030-06-11 10:00:00,-15680.116236289809
2030-06-11 10:15:00,-16629.889350307298
2030-06-11 10:30:00,-16803.517912875046
2030-06-11 10:45:00,-17199.330801931414
2030-06-11 11:00:00,-17487.19989992577
2030-06-11 11:15:00,-18215.951155210743
2030-06-11 11:30:00,-18613.177291508608
2030-06-11 11:45:00,-19066.686945113484
2030-06-11 12:00:00,-19569.540945039014
2030-06-11 12:15:00,-19515.453422282444
2030-06-11 12:30:00,-19298.265734220186
2030-06-11 12:45:00,-18642.810278202458
2030-06-11 13:00:00,-18383.760948228417
2030-06-11 13:15:00,-17900.32835149484
2030-06-11 13:30:00,-17490.824476685968
2030-06-11 13:45:00,-17063.57073300577
2030-06-11 14:00:00,-16513.99030822762
2030-06-11 14:15:00,-16007.088626161021
2030-06-11 14:30:00,-15073.033201918912
2030-06-11 14:45:00,-14446.810492725843
2030-06-11 15:00:00,-13449.5269230192
2030-06-11 15:15:00,-12797.035540470146
2030-06-11 15:30:00,-11983.491787251029
2030-06-11 15:45:00,-11073.542268521056
2030-06-11 16:00:00,-9675.308452985591
2030-06-11 16:15:00,-8422.51271891953
2030-06-11 16:30:00,-6941.636870304546
2030-06-11 16:45:00,-5829.637114829349
2030-06-11 17:00:00,-4160.717459054031
2030-06-11 17:15:00,-3031.157506103462
2030-06-11 17:30:00,-2131.5968839564994
2030-06-11 17:45:00,-1090.7714550955152
2030-06-11 18:00:00,-151.01903786199182
2030-06-11 18:15:00,0.0
2030-06-11 18:30:00,0.0
2030-06-11 18:45:00,0.0
2030-06-11 19:00:00,0.0
2030-06-11 19:15:00,0.0
2030-06-11 19:30:00,0.0
2030-06-11 19:45:00,0.0
2030-06-11 20:00:00,0.0
2030-06-11 20:15:00,0.0
2030-06-11 20:30:00,0.0
2030-06-11 20:45:00,0.0
2030-06-11 21:00:00,0.0
2030-06-11 21:15:00,0.0
2030-06-11 21:30:00,0.0
2030-06-11 21:45:00,0.0
2030-06-11 22:00:00,0.0
2030-06-11 22:15:00,0.0
2030-06-11 22:30:00,0.0
2030-06-11 22:45:00,0.0
2030-06-11 23:00:00,0.0
2030-06-11 23:15:00,0.0
2030-06-11 23:30:00,-2045.4906561490188
2030-06-11 23:45:00,-2127.415773395047
2030-06-12 00:00:00,-1954.7069886824556
2030-06-12 00:15:00,-1640.652686980553
2030-06-12 00:30:00,-1143.0636023991538
2030-06-12 00:45:00,-847.2617984346762
2030-06-12 01:00:00,-596.8896832272694
2030-06-12 01:15:00,-471.18093054878955
2030-06-12 01:30:00,-496.5353740242517
2030-06-12 01:45:00,-455.92447283373076
2030-06-12 02:00:00,-184.92190430583287
2030-06-12 02:15:00,0.0
2030-06-12 02:30:00,0.0
2030-06-12 02:45:00,0.0
2030-06-12 03:00:00,0.0
2030-06-12 03:15:00,0.0
2030-06-12 03:30:00,0.0
2030-06-12 03:45:00,0.0
2030-06-12 04:00:00,0.0
2030-06-12 04:15:00,0.0
2030-06-12 04:30:00,0.0
2030-06-12 04:45:00,0.0
2030-06-12 05:00:00,0.0
2030-06-12 05:15:00,0.0
2030-06-12 05:30:00,0.0
2030-06-12 05:45:00,0.0
2030-06-12 06:00:00,0.0
2030-06-12 06:15:00,0.0
2030-06-12 06:30:00,0.0
2030-06-12 06:45:00,0.0
2030-06-12 07:00:00,0.0
2030-06-12 07:15:00,0.0
2030-06-12 07:30:00,0.0
2030-06-12 07:45:00,0.0
2030-06-12 08:00:00,0.0
2030-06-12 08:15:00,0.0
2030-06-12 08:30:00,0.0
2030-06-12 08:45:00,0.0
2030-06-12 09:00:00,0.0
2030-06-12 09:15:00,0.0
2030-06-12 09:30:00,0.0
2030-06-12 09:45:00,0.0
2030-06-12 10:00:00,0.0
2030-06-12 10:15:00,0.0
2030-06-12 10:30:00,0.0
2030-06-12 10:45:00,0.0
2030-06-12 11:00:00,0.0
2030-06-12 11:15:00,0.0
2030-06-12 11:30:00,0.0
2030-06-12 11:45:00,0.0
2030-06-12 12:00:00,0.0
2030-06-12 12:15:00,0.0
2030-06-12 12:30:00,0.0
2030-06-12 12:45:00,0.0
2030-06-12 13:00:00,0.0
2030-06-12 13:15:00,0.0
2030-06-12 13:30:00,-447.60451983474195
2030-06-12 13:45:00,-4731.333088453841
2030-06-12 14:00:00,-4209.288254700186
2030-06-12 14:15:00,-3555.2899047027495
2030-06-12 14:30:00,-2695.9464344668922
2030-06-12 14:45:00,-2416.38507052786
2030-06-12 15:00:00,-1846.087061008042
2030-06-12 15:15:00,-1359.0271912987482
2030-06-12 15:30:00,-879.6837523022441
2030-06-12 15:45:00,-599.699173817371
2030-06-12 16:00:00,-579.6179663361836
2030-06-12 16:15:00,-492.82074138598546
2030-06-12 16:30:00,-374.0864657361308
2030-06-12 16:45:00,0.0
2030-06-12 17:00:00,0.0
2030-06-12 17:15:00,0.0
2030-06-12 17:30:00,0.0
2030-06-12 17:45:00,0.0
2030-06-12 18:00:00,0.0
2030-06-12 18:15:00,0.0
2030-06-12 18:30:00,0.0
2030-06-12 18:45:00,0.0
2030-06-12 19:00:00,0.0
2030-06-12 19:15:00,0.0
2030-06-12 19:30:00,0.0
2030-06-12 19:45:00,0.0
2030-06-12 20:00:00,0.0
2030-06-12 20:15:00,0.0
2030-06-12 20:30:00,0.0
2030-06-12 20:45:00,0.0
2030-06-12 21:00:00,0.0
2030-06-12 21:15:00,0.0
2030-06-12 21:30:00,0.0
2030-06-12 21:45:00,0.0
2030-06-12 22:00:00,0.0
2030-06-12 22:15:00,0.0
2030-06-12 22:30:00,0.0
2030-06-12 22:45:00,0.0
2030-06-12 23:00:00,0.0
2030-06-12 23:15:00,0.0
2030-06-12 23:30:00,0.0
2030-06-12 23:45:00,0.0
2030-06-13 00:00:00,0.0
2030-06-13 00:15:00,0.0
2030-06-13 00:30:00,0.0
2030-06-13 00:45:00,0.0
2030-06-13 01:00:00,0.0
2030-06-13 01:15:00,0.0
2030-06-13 01:30:00,0.0
2030-06-13 01:45:00,0.0
2030-06-13 02:00:00,0.0
2030-06-13 02:15:00,0.0
2030-06-13 02:30:00,0.0
2030-06-13 02:45:00,0.0
2030-06-13 03:00:00,0.0
2030-06-13 03:15:00,0.0
2030-06-13 03:30:00,0.0
2030-06-13 03:45:00,0.0
2030-06-13 04:00:00,0.0
2030-06-13 04:15:00,0.0
2030-06-13 04:30:00,0.0
2030-06-13 04:45:00,0.0
2030-06-13 05:00:00,0.0
2030-06-13 05:15:00,0.0
2030-06-13 05:30:00,0.0
2030-06-13 05:45:00,0.0
2030-06-13 06:00:00,0.0
2030-06-13 06:15:00,0.0
2030-06-13 06:30:00,0.0
2030-06-13 06:45:00,0.0
2030-06-13 07:00:00,0.0
2030-06-13 07:15:00,0.0
2030-06-13 07:30:00,0.0
2030-06-13 07:45:00,0.0
2030-06-13 08:00:00,0.0
2030-06-13 08:15:00,0.0
2030-06-13 08:30:00,0.0
2030-06-13 08:45:00,0.0
2030-06-13 09:00:00,0.0
2030-06-13 09:15:00,0.0
2030-06-13 09:30:00,0.0
2030-06-13 09:45:00,0.0
2030-06-13 10:00:00,0.0
2030-06-13 10:15:00,0.0
2030-06-13 10:30:00,0.0
2030-06-13 10:45:00,0.0
2030-06-13 11:00:00,0.0
2030-06-13 11:15:00,0.0
2030-06-13 11:30:00,0.0
2030-06-13 11:45:00,0.0
2030-06-13 12:00:00,0.0
2030-06-13 12:15:00,0.0
2030-06-13 12:30:00,0.0
2030-06-13 12:45:00,0.0
2030-06-13 13:00:00,0.0
2030-06-13 13:15:00,0.0
2030-06-13 13:30:00,0.0
2030-06-13 13:45:00,0.0
2030-06-13 14:00:00,0.0
2030-06-13 14:15:00,0.0
2030-06-13 14:30:00,0.0
2030-06-13 14:45:00,0.0
2030-06-13 15:00:00,0.0
2030-06-13 15:15:00,0.0
2030-06-13 15:30:00,0.0
2030-06-13 15:45:00,0.0
2030-06-13 16:00:00,0.0
2030-06-13 16:15:00,0.0
2030-06-13 16:30:00,0.0
2030-06-13 16:45:00,0.0
2030-06-13 17:00:00,0.0
2030-06-13 17:15:00,0.0
2030-06-13 17:30:00,0.0
2030-06-13 17:45:00,0.0
2030-06-13 18:00:00,0.0
2030-06-13 18:15:00,0.0
2030-06-13 18:30:00,0.0
2030-06-13 18:45:00,0.0
2030-06-13 19:00:00,0.0
2030-06-13 19:15:00,0.0
2030-06-13 19:30:00,0.0
2030-06-13 19:45:00,0.0
2030-06-13 20:00:00,0.0
2030-06-13 20:15:00,0.0
2030-06-13 20:30:00,0.0
2030-06-13 20:45:00,0.0
2030-06-13 21:00:00,0.0
2030-06-13 21:15:00,0.0
2030-06-13 21:30:00,0.0
2030-06-13 21:45:00,0.0
2030-06-13 22:00:00,0.0
2030-06-13 22:15:00,0.0
2030-06-13 22:30:00,0.0
2030-06-13 22:45:00,0.0
2030-06-13 23:00:00,0.0
2030-06-13 23:15:00,0.0
2030-06-13 23:30:00,0.0
2030-06-13 23:45:00,0.0
2030-06-14 00:00:00,0.0
2030-06-14 00:15:00,0.0
2030-06-14 00:30:00,0.0
2030-06-14 00:45:00,0.0
2030-06-14 01:00:00,0.0
2030-06-14 01:15:00,0.0
2030-06-14 01:30:00,0.0
2030-06-14 01:45:00,0.0
2030-06-14 02:00:00,0.0
2030-06-14 02:15:00,0.0
2030-06-14 02:30:00,0.0
2030-06-14 02:45:00,0.0
2030-06-14 03:00:00,0.0
2030-06-14 03:15:00,0.0
2030-06-14 03:30:00,0.0
2030-06-14 03:45:00,0.0
2030-06-14 04:00:00,0.0
2030-06-14 04:15:00,0.0
2030-06-14 04:30:00,0.0
2030-06-14 04:45:00,0.0
2030-06-14 05:00:00,0.0
2030-06-14 05:15:00,0.0
2030-06-14 05:30:00,0.0
2030-06-14 05:45:00,0.0
2030-06-14 06:00:00,0.0
2030-06-14 06:15:00,0.0
2030-06-14 06:30:00,0.0
2030-06-14 06:45:00,0.0
2030-06-14 07:00:00,0.0
2030-06-14 07:15:00,0.0
2030-06-14 07:30:00,0.0
2030-06-14 07:45:00,0.0
2030-06-14 08:00:00,0.0
2030-06-14 08:15:00,0.0
2030-06-14 08:30:00,0.0
2030-06-14 08:45:00,0.0
2030-06-14 09:00:00,0.0
2030-06-14 09:15:00,0.0
2030-06-14 09:30:00,0.0
2030-06-14 09:45:00,0.0
2030-06-14 10:00:00,0.0
2030-06-14 10:15:00,0.0
2030-06-14 10:30:00,0.0
2030-06-14 10:45:00,0.0
2030-06-14 11:00:00,0.0
2030-06-14 11:15:00,0.0
2030-06-14 11:30:00,0.0
2030-06-14 11:45:00,0.0
2030-06-14 12:00:00,0.0
2030-06-14 12:15:00,0.0
2030-06-14 12:30:00,0.0
2030-06-14 12:45:00,0.0
2030-06-14 13:00:00,0.0
2030-06-14 13:15:00,0.0
2030-06-14 13:30:00,0.0
2030-06-14 13:45:00,0.0
2030-06-14 14:00:00,0.0
2030-06-14 14:15:00,0.0
2030-06-14 14:30:00,0.0
2030-06-14 14:45:00,-4772.19889788824
2030-06-14 15:00:00,-6745.9946149838
2030-06-14 15:15:00,-5851.9937275481025
2030-06-14 15:30:00,-4824.3317847388535
2030-06-14 15:45:00,-3593.5911463885714
2030-06-14 16:00:00,-2539.480190768394
2030-06-14 16:15:00,-1416.5197504396929
2030-06-14 16:30:00,-454.0297525345377
2030-06-14 16:45:00,0.0
2030-06-14 17:00:00,0.0
2030-06-14 17:15:00,0.0
2030-06-14 17:30:00,0.0
2030-06-14 17:45:00,0.0
2030-06-14 18:00:00,0.0
2030-06-14 18:15:00,0.0
2030-06-14 18:30:00,0.0
2030-06-14 18:45:00,0.0
2030-06-14 19:00:00,0.0
2030-06-14 19:15:00,0.0
2030-06-14 19:30:00,0.0
2030-06-14 19:45:00,0.0
2030-06-14 20:00:00,0.0
2030-06-14 20:15:00,0.0
2030-06-14 20:30:00,0.0
2030-06-14 20:45:00,0.0
2030-06-14 21:00:00,0.0
2030-06-14 21:15:00,0.0
2030-06-14 21:30:00,0.0
2030-06-14 21:45:00,0.0
2030-06-14 22:00:00,0.0
2030-06-14 22:15:00,0.0
2030-06-14 22:30:00,0.0
2030-06-14 22:45:00,0.0
2030-06-14 23:00:00,0.0
2030-06-14 23:15:00,0.0
2030-06-14 23:30:00,0.0
2030-06-14 23:45:00,0.0
2030-06-15 00:00:00,0.0
2030-06-15 00:15:00,0.0
2030-06-15 00:30:00,0.0
2030-06-15 00:45:00,0.0
2030-06-15 01:00:00,0.0
2030-06-15 01:15:00,0.0
2030-06-15 01:30:00,0.0
2030-06-15 01:45:00,0.0
2030-06-15 02:00:00,0.0
2030-06-15 02:15:00,0.0
2030-06-15 02:30:00,0.0
2030-06-15 02:45:00,0.0
2030-06-15 03:00:00,0.0
2030-06-15 03:15:00,0.0
2030-06-15 03:30:00,0.0
2030-06-15 03:45:00,0.0
2030-06-15 04:00:00,0.0
2030-06-15 04:15:00,0.0
2030-06-15 04:30:00,0.0
2030-06-15 04:45:00,0.0
2030-06-15 05:00:00,0.0
2030-06-15 05:15:00,0.0
2030-06-15 05:30:00,0.0
2030-06-15 05:45:00,0.0
2030-06-15 06:00:00,0.0
2030-06-15 06:15:00,0.0
2030-06-15 06:30:00,0.0
2030-06-15 06:45:00,0.0
2030-06-15 07:00:00,0.0
2030-06-15 07:15:00,4276.444830554321
2030-06-15 07:30:00,0.0
2030-06-15 07:45:00,0.0
2030-06-15 08:00:00,0.0
2030-06-15 08:15:00,0.0
2030-06-15 08:30:00,0.0
2030-06-15 08:45:00,0.0
2030-06-15 09:00:00,0.0
2030-06-15 09:15:00,0.0
2030-06-15 09:30:00,0.0
2030-06-15 09:45:00,0.0
2030-06-15 10:00:00,0.0
2030-06-15 10:15:00,0.0
2030-06-15 10:30:00,0.0
2030-06-15 10:45:00,0.0
2030-06-15 11:00:00,0.0
2030-06-15 11:15:00,0.0
2030-06-15 11:30:00,0.0
2030-06-15 11:45:00,0.0
2030-06-15 12:00:00,0.0
2030-06-15 12:15:00,0.0
2030-06-15 12:30:00,0.0
2030-06-15 12:45:00,0.0
2030-06-15 13:00:00,0.0
2030-06-15 13:15:00,0.0
2030-06-15 13:30:00,0.0
2030-06-15 13:45:00,0.0
2030-06-15 14:00:00,0.0
2030-06-15 14:15:00,0.0
2030-06-15 14:30:00,0.0
2030-06-15 14:45:00,0.0
2030-06-15 15:00:00,0.0
2030-06-15 15:15:00,0.0
2030-06-15 15:30:00,0.0
2030-06-15 15:45:00,0.0
2030-06-15 16:00:00,0.0
2030-06-15 16:15:00,0.0
2030-06-15 16:30:00,0.0
2030-06-15 16:45:00,0.0
2030-06-15 17:00:00,0.0
2030-06-15 17:15:00,0.0
2030-06-15 17:30:00,0.0
2030-06-15 17:45:00,0.0
2030-06-15 18:00:00,0.0
2030-06-15 18:15:00,0.0
2030-06-15 18:30:00,0.0
2030-06-15 18:45:00,0.0
2030-06-15 19:00:00,0.0
2030-06-15 19:15:00,0.0
2030-06-15 19:30:00,2080.452814755052
2030-06-15 19:45:00,3124.721196887356
2030-06-15 20:00:00,3232.59472770733
2030-06-15 20:15:00,3021.283752680756
2030-06-15 20:30:00,2814.2243094597143
2030-06-15 20:45:00,2751.1739174077084
2030-06-15 21:00:00,2676.6164512336145
2030-06-15 21:15:00,2419.7142159285795
2030-06-15 21:30:00,2191.7840546294756
2030-06-15 21:45:00,2067.783934131641
2030-06-15 22:00:00,1857.3918166662152
2030-06-15 22:15:00,1547.3229886457084
2030-06-15 22:30:00,1222.1452140875954
2030-06-15 22:45:00,1001.0382696987417
2030-06-15 23:00:00,729.9974739867248
2030-06-15 23:15:00,505.0832199545912
2030-06-15 23:30:00,184.4467789944847
2030-06-15 23:45:00,0.0
2030-06-16 00:00:00,0.0
2030-06-16 00:15:00,0.0
2030-06-16 00:30:00,0.0
2030-06-16 00:45:00,0.0
2030-06-16 01:00:00,0.0
2030-06-16 01:15:00,0.0
2030-06-16 01:30:00,0.0
2030-06-16 01:45:00,0.0
2030-06-16 02:00:00,0.0
2030-06-16 02:15:00,0.0
2030-06-16 02:30:00,0.0
2030-06-16 02:45:00,0.0
2030-06-16 03:00:00,0.0
2030-06-16 03:15:00,0.0
2030-06-16 03:30:00,0.0
2030-06-16 03:45:00,0.0
2030-06-16 04:00:00,0.0
2030-06-16 04:15:00,0.0
2030-06-16 04:30:00,0.0
2030-06-16 04:45:00,0.0
2030-06-16 05:00:00,0.0
2030-06-16 05:15:00,0.0
2030-06-16 05:30:00,0.0
2030-06-16 05:45:00,0.0
2030-06-16 06:00:00,0.0
2030-06-16 06:15:00,0.0
2030-06-16 06:30:00,0.0
2030-06-16 06:45:00,0.0
2030-06-16 07:00:00,0.0
2030-06-16 07:15:00,0.0
2030-06-16 07:30:00,0.0
2030-06-16 07:45:00,0.0
2030-06-16 08:00:00,0.0
2030-06-16 08:15:00,0.0
2030-06-16 08:30:00,0.0
2030-06-16 08:45:00,0.0
2030-06-16 09:00:00,0.0
2030-06-16 09:15:00,0.0
2030-06-16 09:30:00,0.0
2030-06-16 09:45:00,0.0
2030-06-16 10:00:00,0.0
2030-06-16 10:15:00,0.0
2030-06-16 10:30:00,0.0
2030-06-16 10:45:00,0.0
2030-06-16 11:00:00,0.0
2030-06-16 11:15:00,0.0
2030-06-16 11:30:00,0.0
2030-06-16 11:45:00,0.0
2030-06-16 12:00:00,0.0
2030-06-16 12:15:00,0.0
2030-06-16 12:30:00,0.0
2030-06-16 12:45:00,0.0
2030-06-16 13:00:00,0.0
2030-06-16 13:15:00,0.0
2030-06-16 13:30:00,0.0
2030-06-16 13:45:00,0.0
2030-06-16 14:00:00,0.0
2030-06-16 14:15:00,0.0
2030-06-16 14:30:00,0.0
2030-06-16 14:45:00,0.0
2030-06-16 15:00:00,0.0
2030-06-16 15:15:00,0.0
2030-06-16 15:30:00,0.0
2030-06-16 15:45:00,0.0
2030-06-16 16:00:00,0.0
2030-06-16 16:15:00,0.0
2030-06-16 16:30:00,0.0
2030-06-16 16:45:00,0.0
2030-06-16 17:00:00,0.0
2030-06-16 17:15:00,0.0
2030-06-16 17:30:00,0.0
2030-06-16 17:45:00,0.0
2030-06-16 18:00:00,0.0
2030-06-16 18:15:00,0.0
2030-06-16 18:30:00,0.0
2030-06-16 18:45:00,0.0
2030-06-16 19:00:00,0.0
2030-06-16 19:15:00,0.0
2030-06-16 19:30:00,0.0
2030-06-16 19:45:00,0.0
2030-06-16 20:00:00,0.0
2030-06-16 20:15:00,0.0
2030-06-16 20:30:00,6509.752193838363
2030-06-16 20:45:00,2498.754445682609
2030-06-16 21:00:00,2318.541041304219
2030-06-16 21:15:00,2076.149813984801
2030-06-16 21:30:00,1952.024429279516
2030-06-16 21:45:00,1719.5568109375017
2030-06-16 22:00:00,1639.3722545645287
2030-06-16 22:15:00,1501.6484445192473
2030-06-16 22:30:00,1261.5801980482793
2030-06-16 22:45:00,1052.998412894105
2030-06-16 23:00:00,676.7962359808334
2030-06-16 23:15:00,420.4601954938662
2030-06-16 23:30:00,194.276077365319
2030-06-16 23:45:00,85.00542722835598
2030-06-17 00:00:00,0.0
2030-06-17 00:15:00,0.0
2030-06-17 00:30:00,0.0
2030-06-17 00:45:00,0.0
2030-06-17 01:00:00,0.0
2030-06-17 01:15:00,0.0
2030-06-17 01:30:00,0.0
2030-06-17 01:45:00,0.0
2030-06-17 02:00:00,0.0
2030-06-17 02:15:00,0.0
2030-06-17 02:30:00,0.0
2030-06-17 02:45:00,0.0
2030-06-17 03:00:00,0.0
2030-06-17 03:15:00,0.0
2030-06-17 03:30:00,0.0
2030-06-17 03:45:00,0.0
2030-06-17 04:00:00,0.0
2030-06-17 04:15:00,0.0
2030-06-17 04:30:00,0.0
2030-06-17 04:45:00,0.0
2030-06-17 05:00:00,0.0
2030-06-17 05:15:00,0.0
2030-06-17 05:30:00,0.0
2030-06-17 05:45:00,0.0
2030-06-17 06:00:00,0.0
2030-06-17 06:15:00,0.0
2030-06-17 06:30:00,0.0
2030-06-17 06:45:00,0.0
2030-06-17 07:00:00,0.0
2030-06-17 07:15:00,0.0
2030-06-17 07:30:00,0.0
2030-06-17 07:45:00,0.0
2030-06-17 08:00:00,0.0
2030-06-17 08:15:00,0.0
2030-06-17 08:30:00,0.0
2030-06-17 08:45:00,0.0
2030-06-17 09:00:00,0.0
2030-06-17 09:15:00,0.0
2030-06-17 09:30:00,0.0
2030-06-17 09:45:00,0.0
2030-06-17 10:00:00,0.0
2030-06-17 10:15:00,0.0
2030-06-17 10:30:00,0.0
2030-06-17 10:45:00,0.0
2030-06-17 11:00:00,0.0
2030-06-17 11:15:00,0.0
2030-06-17 11:30:00,0.0
2030-06-17 11:45:00,0.0
2030-06-17 12:00:00,0.0
2030-06-17 12:15:00,0.0
2030-06-17 12:30:00,0.0
2030-06-17 12:45:00,0.0
2030-06-17 13:00:00,0.0
2030-06-17 13:15:00,0.0
2030-06-17 13:30:00,0.0
2030-06-17 13:45:00,0.0
2030-06-17 14:00:00,0.0
2030-06-17 14:15:00,0.0
2030-06-17 14:30:00,0.0
2030-06-17 14:45:00,0.0
2030-06-17 15:00:00,0.0
2030-06-17 15:15:00,0.0
2030-06-17 15:30:00,0.0
2030-06-17 15:45:00,0.0
2030-06-17 16:00:00,0.0
2030-06-17 16:15:00,0.0
2030-06-17 16:30:00,0.0
2030-06-17 16:45:00,0.0
2030-06-17 17:00:00,0.0
2030-06-17 17:15:00,0.0
2030-06-17 17:30:00,0.0
2030-06-17 17:45:00,0.0
2030-06-17 18:00:00,0.0
2030-06-17 18:15:00,0.0
2030-06-17 18:30:00,0.0
2030-06-17 18:45:00,0.0
2030-06-17 19:00:00,0.0
2030-06-17 19:15:00,0.0
2030-06-17 19:30:00,0.0
2030-06-17 19:45:00,0.0
2030-06-17 20:00:00,0.0
2030-06-17 20:15:00,0.0
2030-06-17 20:30:00,0.0
2030-06-17 20:45:00,0.0
2030-06-17 21:00:00,0.0
2030-06-17 21:15:00,0.0
2030-06-17 21:30:00,0.0
2030-06-17 21:45:00,7053.028652586581
2030-06-17 22:00:00,0.0
2030-06-17 22:15:00,0.0
2030-06-17 22:30:00,0.0
2030-06-17 22:45:00,0.0
2030-06-17 23:00:00,0.0
2030-06-17 23:15:00,0.0
2030-06-17 23:30:00,0.0
2030-06-17 23:45:00,0.0
2030-06-18 00:00:00,0.0
2030-06-18 00:15:00,0.0
2030-06-18 00:30:00,0.0
2030-06-18 00:45:00,0.0
2030-06-18 01:00:00,0.0
2030-06-18 01:15:00,0.0
2030-06-18 01:30:00,0.0
2030-06-18 01:45:00,0.0
2030-06-18 02:00:00,0.0
2030-06-18 02:15:00,0.0
2030-06-18 02:30:00,0.0
2030-06-18 02:45:00,0.0
2030-06-18 03:00:00,0.0
2030-06-18 03:15:00,0.0
2030-06-18 03:30:00,0.0
2030-06-18 03:45:00,0.0
2030-06-18 04:00:00,0.0
2030-06-18 04:15:00,0.0
2030-06-18 04:30:00,0.0
2030-06-18 04:45:00,0.0
2030-06-18 05:00:00,0.0
2030-06-18 05:15:00,0.0
2030-06-18 05:30:00,0.0
2030-06-18 05:45:00,0.0
2030-06-18 06:00:00,0.0
2030-06-18 06:15:00,0.0
2030-06-18 06:30:00,0.0
2030-06-18 06:45:00,0.0
2030-06-18 07:00:00,0.0
2030-06-18 07:15:00,0.0
2030-06-18 07:30:00,0.0
2030-06-18 07:45:00,0.0
2030-06-18 08:00:00,0.0
2030-06-18 08:15:00,0.0
2030-06-18 08:30:00,0.0
2030-06-18 08:45:00,0.0
2030-06-18 09:00:00,0.0
2030-06-18 09:15:00,0.0
2030-06-18 09:30:00,0.0
2030-06-18 09:45:00,0.0
2030-06-18 10:00:00,0.0
2030-06-18 10:15:00,0.0
2030-06-18 10:30:00,0.0
2030-06-18 10:45:00,0.0
2030-06-18 11:00:00,0.0
2030-06-18 11:15:00,0.0
2030-06-18 11:30:00,0.0
2030-06-18 11:45:00,0.0
2030-06-18 12:00:00,0.0
2030-06-18 12:15:00,0.0
2030-06-18 12:30:00,0.0
2030-06-18 12:45:00,0.0
2030-06-18 13:00:00,0.0
2030-06-18 13:15:00,0.0
2030-06-18 13:30:00,0.0
2030-06-18 13:45:00,0.0
2030-06-18 14:00:00,0.0
2030-06-18 14:15:00,0.0
2030-06-18 14:30:00,0.0
2030-06-18 14:45:00,0.0
2030-06-18 15:00:00,0.0
2030-06-18 15:15:00,0.0
2030-06-18 15:30:00,0.0
2030-06-18 15:45:00,0.0
2030-06-18 16:00:00,0.0
2030-06-18 16:15:00,0.0
2030-06-18 16:30:00,0.0
2030-06-18 16:45:00,0.0
2030-06-18 17:00:00,0.0
2030-06-18 17:15:00,0.0
2030-06-18 17:30:00,0.0
2030-06-18 17:45:00,0.0
2030-06-18 18:00:00,0.0
2030-06-18 18:15:00,0.0
2030-06-18 18:30:00,0.0
2030-06-18 18:45:00,0.0
2030-06-18 19:00:00,0.0
2030-06-18 19:15:00,0.0
2030-06-18 19:30:00,0.0
2030-06-18 19:45:00,0.0
2030-06-18 20:00:00,0.0
2030-06-18 20:15:00,0.0
2030-06-18 20:30:00,0.0
2030-06-18 20:45:00,0.0
2030-06-18 21:00:00,0.0
2030-06-18 21:15:00,0.0
2030-06-18 21:30:00,1379.1030913464947
2030-06-18 21:45:00,0.0
2030-06-18 22:00:00,0.0
2030-06-18 22:15:00,0.0
2030-06-18 22:30:00,0.0
2030-06-18 22:45:00,0.0
2030-06-18 23:00:00,0.0
2030-06-18 23:15:00,0.0
2030-06-18 23:30:00,0.0
2030-06-18 23:45:00,0.0
2030-06-19 00:00:00,0.0
2030-06-19 00:15:00,0.0
2030-06-19 00:30:00,0.0
2030-06-19 00:45:00,0.0
2030-06-19 01:00:00,0.0
2030-06-19 01:15:00,0.0
2030-06-19 01:30:00,0.0
2030-06-19 01:45:00,0.0
2030-06-19 02:00:00,0.0
2030-06-19 02:15:00,0.0
2030-06-19 02:30:00,0.0
2030-06-19 02:45:00,0.0
2030-06-19 03:00:00,0.0
2030-06-19 03:15:00,0.0
2030-06-19 03:30:00,0.0
2030-06-19 03:45:00,0.0
2030-06-19 04:00:00,0.0
2030-06-19 04:15:00,0.0
2030-06-19 04:30:00,0.0
2030-06-19 04:45:00,0.0
2030-06-19 05:00:00,0.0
2030-06-19 05:15:00,0.0
2030-06-19 05:30:00,0.0
2030-06-19 05:45:00,0.0
2030-06-19 06:00:00,0.0
2030-06-19 06:15:00,0.0
2030-06-19 06:30:00,0.0
2030-06-19 06:45:00,0.0
2030-06-19 07:00:00,0.0
2030-06-19 07:15:00,0.0
2030-06-19 07:30:00,0.0
2030-06-19 07:45:00,0.0
2030-06-19 08:00:00,0.0
2030-06-19 08:15:00,0.0
2030-06-19 08:30:00,0.0
2030-06-19 08:45:00,0.0
2030-06-19 09:00:00,0.0
2030-06-19 09:15:00,0.0
2030-06-19 09:30:00,0.0
2030-06-19 09:45:00,0.0
2030-06-19 10:00:00,0.0
2030-06-19 10:15:00,0.0
2030-06-19 10:30:00,0.0
2030-06-19 10:45:00,0.0
2030-06-19 11:00:00,0.0
2030-06-19 11:15:00,0.0
2030-06-19 11:30:00,0.0
2030-06-19 11:45:00,0.0
2030-06-19 12:00:00,0.0
2030-06-19 12:15:00,0.0
2030-06-19 12:30:00,0.0
2030-06-19 12:45:00,0.0
2030-06-19 13:00:00,0.0
2030-06-19 13:15:00,0.0
2030-06-19 13:30:00,0.0
2030-06-19 13:45:00,0.0
2030-06-19 14:00:00,0.0
2030-06-19 14:15:00,0.0
2030-06-19 14:30:00,0.0
2030-06-19 14:45:00,0.0
2030-06-19 15:00:00,0.0
2030-06-19 15:15:00,578.7767350503927
2030-06-19 15:30:00,0.0
2030-06-19 15:45:00,0.0
2030-06-19 16:00:00,0.0
2030-06-19 16:15:00,0.0
2030-06-19 16:30:00,0.0
2030-06-19 16:45:00,0.0
2030-06-19 17:00:00,0.0
2030-06-19 17:15:00,0.0
2030-06-19 17:30:00,0.0
2030-06-19 17:45:00,0.0
2030-06-19 18:00:00,0.0
2030-06-19 18:15:00,519.06294945843
2030-06-19 18:30:00,1387.4262462319202
2030-06-19 18:45:00,2031.7630514673583
2030-06-19 19:00:00,2782.1016608212703
2030-06-19 19:15:00,3211.453946587746
2030-06-19 19:30:00,3734.1244784816063
2030-06-19 19:45:00,3956.0503802109215
2030-06-19 20:00:00,3954.2835000629293
2030-06-19 20:15:00,3711.0532519479057
2030-06-19 20:30:00,3493.298198645789
2030-06-19 20:45:00,3337.4276475267743
2030-06-19 21:00:00,3069.6229723355864
2030-06-19 21:15:00,2841.77565739692
2030-06-19 21:30:00,2646.636317097398
2030-06-19 21:45:00,2383.3225762209095
2030-06-19 22:00:00,1993.6375419009964
2030-06-19 22:15:00,1823.2893411023615
2030-06-19 22:30:00,1509.6494611639027
2030-06-19 22:45:00,1108.227518086871
2030-06-19 23:00:00,688.4340643277083
2030-06-19 23:15:00,411.7949103378105
2030-06-19 23:30:00,0.0
2030-06-19 23:45:00,0.0
2030-06-20 00:00:00,0.0
2030-06-20 00:15:00,0.0
2030-06-20 00:30:00,0.0
2030-06-20 00:45:00,0.0
2030-06-20 01:00:00,0.0
2030-06-20 01:15:00,0.0
2030-06-20 01:30:00,0.0
2030-06-20 01:45:00,0.0
2030-06-20 02:00:00,0.0
2030-06-20 02:15:00,0.0
2030-06-20 02:30:00,0.0
2030-06-20 02:45:00,0.0
2030-06-20 03:00:00,0.0
2030-06-20 03:15:00,0.0
2030-06-20 03:30:00,0.0
2030-06-20 03:45:00,0.0
2030-06-20 04:00:00,0.0
2030-06-20 04:15:00,0.0
2030-06-20 04:30:00,0.0
2030-06-20 04:45:00,0.0
2030-06-20 05:00:00,0.0
2030-06-20 05:15:00,0.0
2030-06-20 05:30:00,0.0
2030-06-20 05:45:00,0.0
2030-06-20 06:00:00,0.0
2030-06-20 06:15:00,0.0
2030-06-20 06:30:00,0.0
2030-06-20 06:45:00,0.0
2030-06-20 07:00:00,0.0
2030-06-20 07:15:00,0.0
2030-06-20 07:30:00,0.0
2030-06-20 07:45:00,0.0
2030-06-20 08:00:00,0.0
2030-06-20 08:15:00,0.0
2030-06-20 08:30:00,0.0
2030-06-20 08:45:00,0.0
2030-06-20 09:00:00,0.0
2030-06-20 09:15:00,0.0
2030-06-20 09:30:00,0.0
2030-06-20 09:45:00,0.0
2030-06-20 10:00:00,0.0
2030-06-20 10:15:00,0.0
2030-06-20 10:30:00,0.0
2030-06-20 10:45:00,0.0
2030-06-20 11:00:00,0.0
2030-06-20 11:15:00,0.0
2030-06-20 11:30:00,0.0
2030-06-20 11:45:00,0.0
2030-06-20 12:00:00,0.0
2030-06-20 12:15:00,0.0
2030-06-20 12:30:00,0.0
2030-06-20 12:45:00,0.0
2030-06-20 13:00:00,0.0
2030-06-20 13:15:00,0.0
2030-06-20 13:30:00,0.0
2030-06-20 13:45:00,0.0
2030-06-20 14:00:00,0.0
2030-06-20 14:15:00,0.0
2030-06-20 14:30:00,0.0
2030-06-20 14:45:00,0.0
2030-06-20 15:00:00,0.0
2030-06-20 15:15:00,0.0
2030-06-20 15:30:00,0.0
2030-06-20 15:45:00,0.0
2030-06-20 16:00:00,0.0
2030-06-20 16:15:00,0.0
2030-06-20 16:30:00,0.0
2030-06-20 16:45:00,0.0
2030-06-20 17:00:00,0.0
2030-06-20 17:15:00,0.0
2030-06-20 17:30:00,0.0
2030-06-20 17:45:00,0.0
2030-06-20 18:00:00,0.0
2030-06-20 18:15:00,0.0
2030-06-20 18:30:00,0.0
2030-06-20 18:45:00,0.0
2030-06-20 19:00:00,0.0
2030-06-20 19:15:00,0.0
2030-06-20 19:30:00,0.0
2030-06-20 19:45:00,0.0
2030-06-20 20:00:00,0.0
2030-06-20 20:15:00,0.0
2030-06-20 20:30:00,0.0
2030-06-20 20:45:00,0.0
2030-06-20 21:00:00,11737.241890418945
2030-06-20 21:15:00,238.75498667718784
2030-06-20 21:30:00,0.0
2030-06-20 21:45:00,0.0
2030-06-20 22:00:00,0.0
2030-06-20 22:15:00,0.0
2030-06-20 22:30:00,0.0
2030-06-20 22:45:00,0.0
2030-06-20 23:00:00,0.0
2030-06-20 23:15:00,0.0
2030-06-20 23:30:00,0.0
2030-06-20 23:45:00,0.0
2030-06-21 00:00:00,0.0
2030-06-21 00:15:00,0.0
2030-06-21 00:30:00,0.0
2030-06-21 00:45:00,0.0
2030-06-21 01:00:00,0.0
2030-06-21 01:15:00,0.0
2030-06-21 01:30:00,0.0
2030-06-21 01:45:00,0.0
2030-06-21 02:00:00,0.0
2030-06-21 02:15:00,0.0
2030-06-21 02:30:00,0.0
2030-06-21 02:45:00,0.0
2030-06-21 03:00:00,0.0
2030-06-21 03:15:00,0.0
2030-06-21 03:30:00,0.0
2030-06-21 03:45:00,0.0
2030-06-21 04:00:00,0.0
2030-06-21 04:15:00,0.0
2030-06-21 04:30:00,0.0
2030-06-21 04:45:00,0.0
2030-06-21 05:00:00,0.0
2030-06-21 05:15:00,0.0
2030-06-21 05:30:00,0.0
2030-06-21 05:45:00,0.0
2030-06-21 06:00:00,0.0
2030-06-21 06:15:00,0.0
2030-06-21 06:30:00,0.0
2030-06-21 06:45:00,0.0
2030-06-21 07:00:00,0.0
2030-06-21 07:15:00,0.0
2030-06-21 07:30:00,0.0
2030-06-21 07:45:00,0.0
2030-06-21 08:00:00,0.0
2030-06-21 08:15:00,0.0
2030-06-21 08:30:00,0.0
2030-06-21 08:45:00,0.0
2030-06-21 09:00:00,0.0
2030-06-21 09:15:00,0.0
2030-06-21 09:30:00,0.0
2030-06-21 09:45:00,0.0
2030-06-21 10:00:00,0.0
2030-06-21 10:15:00,0.0
2030-06-21 10:30:00,0.0
2030-06-21 10:45:00,0.0
2030-06-21 11:00:00,0.0
2030-06-21 11:15:00,0.0
2030-06-21 11:30:00,0.0
2030-06-21 11:45:00,0.0
2030-06-21 12:00:00,0.0
2030-06-21 12:15:00,0.0
2030-06-21 12:30:00,0.0
2030-06-21 12:45:00,0.0
2030-06-21 13:00:00,0.0
2030-06-21 13:15:00,0.0
2030-06-21 13:30:00,0.0
2030-06-21 13:45:00,0.0
2030-06-21 14:00:00,0.0
2030-06-21 14:15:00,0.0
2030-06-21 14:30:00,0.0
2030-06-21 14:45:00,0.0
2030-06-21 15:00:00,0.0
2030-06-21 15:15:00,0.0
2030-06-21 15:30:00,0.0
2030-06-21 15:45:00,0.0
2030-06-21 16:00:00,0.0
2030-06-21 16:15:00,0.0
2030-06-21 16:30:00,0.0
2030-06-21 16:45:00,0.0
2030-06-21 17:00:00,0.0
2030-06-21 17:15:00,0.0
2030-06-21 17:30:00,0.0
2030-06-21 17:45:00,0.0
2030-06-21 18:00:00,0.0
2030-06-21 18:15:00,0.0
2030-06-21 18:30:00,0.0
2030-06-21 18:45:00,0.0
2030-06-21 19:00:00,0.0
2030-06-21 19:15:00,0.0
2030-06-21 19:30:00,0.0
2030-06-21 19:45:00,0.0
2030-06-21 20:00:00,0.0
2030-06-21 20:15:00,6195.117700984065
2030-06-21 20:30:00,3082.5379092155017
2030-06-21 20:45:00,2668.1507164563027
2030-06-21 21:00:00,2315.6609916776215
2030-06-21 21:15:00,2156.164806480727
2030-06-21 21:30:00,2242.9698075504602
2030-06-21 21:45:00,2303.9404553370823
2030-06-21 22:00:00,2262.794200148288
2030-06-21 22:15:00,1882.1308027103587
2030-06-21 22:30:00,1596.504474098867
2030-06-21 22:45:00,1230.9548846977777
2030-06-21 23:00:00,860.2382890380104
2030-06-21 23:15:00,680.9750775280645
2030-06-21 23:30:00,461.88861401920076
2030-06-21 23:45:00,237.26097051842044
2030-06-22 00:00:00,0.0
2030-06-22 00:15:00,0.0
2030-06-22 00:30:00,0.0
2030-06-22 00:45:00,0.0
2030-06-22 01:00:00,0.0
2030-06-22 01:15:00,0.0
2030-06-22 01:30:00,0.0
2030-06-22 01:45:00,0.0
2030-06-22 02:00:00,0.0
2030-06-22 02:15:00,0.0
2030-06-22 02:30:00,0.0
2030-06-22 02:45:00,0.0
2030-06-22 03:00:00,0.0
2030-06-22 03:15:00,0.0
2030-06-22 03:30:00,0.0
2030-06-22 03:45:00,0.0
2030-06-22 04:00:00,0.0
2030-06-22 04:15:00,0.0
2030-06-22 04:30:00,0.0
2030-06-22 04:45:00,0.0
2030-06-22 05:00:00,0.0
2030-06-22 05:15:00,0.0
2030-06-22 05:30:00,0.0
2030-06-22 05:45:00,0.0
2030-06-22 06:00:00,0.0
2030-06-22 06:15:00,0.0
2030-06-22 06:30:00,0.0
2030-06-22 06:45:00,0.0
2030-06-22 07:00:00,0.0
2030-06-22 07:15:00,0.0
2030-06-22 07:30:00,0.0
2030-06-22 07:45:00,0.0
2030-06-22 08:00:00,0.0
2030-06-22 08:15:00,0.0
2030-06-22 08:30:00,0.0
2030-06-22 08:45:00,0.0
2030-06-22 09:00:00,0.0
2030-06-22 09:15:00,0.0
2030-06-22 09:30:00,0.0
2030-06-22 09:45:00,0.0
2030-06-22 10:00:00,0.0
2030-06-22 10:15:00,0.0
2030-06-22 10:30:00,0.0
2030-06-22 10:45:00,0.0
2030-06-22 11:00:00,0.0
2030-06-22 11:15:00,0.0
2030-06-22 11:30:00,0.0
2030-06-22 11:45:00,0.0
2030-06-22 12:00:00,0.0
2030-06-22 12:15:00,0.0
2030-06-22 12:30:00,0.0
2030-06-22 12:45:00,0.0
2030-06-22 13:00:00,0.0
2030-06-22 13:15:00,0.0
2030-06-22 13:30:00,0.0
2030-06-22 13:45:00,0.0
2030-06-22 14:00:00,0.0
2030-06-22 14:15:00,0.0
2030-06-22 14:30:00,0.0
2030-06-22 14:45:00,0.0
2030-06-22 15:00:00,0.0
2030-06-22 15:15:00,0.0
2030-06-22 15:30:00,0.0
2030-06-22 15:45:00,0.0
2030-06-22 16:00:00,0.0
2030-06-22 16:15:00,0.0
2030-06-22 16:30:00,0.0
2030-06-22 16:45:00,0.0
2030-06-22 17:00:00,0.0
2030-06-22 17:15:00,0.0
2030-06-22 17:30:00,0.0
2030-06-22 17:45:00,0.0
2030-06-22 18:00:00,0.0
2030-06-22 18:15:00,0.0
2030-06-22 18:30:00,5584.632233891738
2030-06-22 18:45:00,0.0
2030-06-22 19:00:00,0.0
2030-06-22 19:15:00,0.0
2030-06-22 19:30:00,0.0
2030-06-22 19:45:00,0.0
2030-06-22 20:00:00,0.0
2030-06-22 20:15:00,0.0
2030-06-22 20:30:00,0.0
2030-06-22 20:45:00,0.0
2030-06-22 21:00:00,0.0
2030-06-22 21:15:00,0.0
2030-06-22 21:30:00,0.0
2030-06-22 21:45:00,0.0
2030-06-22 22:00:00,0.0
2030-06-22 22:15:00,0.0
2030-06-22 22:30:00,0.0
2030-06-22 22:45:00,0.0
2030-06-22 23:00:00,0.0
2030-06-22 23:15:00,0.0
2030-06-22 23:30:00,0.0
2030-06-22 23:45:00,0.0
2030-06-23 00:00:00,0.0
2030-06-23 00:15:00,0.0
2030-06-23 00:30:00,0.0
2030-06-23 00:45:00,0.0
2030-06-23 01:00:00,0.0
2030-06-23 01:15:00,0.0
2030-06-23 01:30:00,0.0
2030-06-23 01:45:00,0.0
2030-06-23 02:00:00,0.0
2030-06-23 02:15:00,0.0
2030-06-23 02:30:00,0.0
2030-06-23 02:45:00,0.0
2030-06-23 03:00:00,0.0
2030-06-23 03:15:00,0.0
2030-06-23 03:30:00,0.0
2030-06-23 03:45:00,0.0
2030-06-23 04:00:00,0.0
2030-06-23 04:15:00,0.0
2030-06-23 04:30:00,0.0
2030-06-23 04:45:00,0.0
2030-06-23 05:00:00,0.0
2030-06-23 05:15:00,0.0
2030-06-23 05:30:00,0.0
2030-06-23 05:45:00,0.0
2030-06-23 06:00:00,0.0
2030-06-23 06:15:00,0.0
2030-06-23 06:30:00,0.0
2030-06-23 06:45:00,0.0
2030-06-23 07:00:00,0.0
2030-06-23 07:15:00,0.0
2030-06-23 07:30:00,0.0
2030-06-23 07:45:00,0.0
2030-06-23 08:00:00,0.0
2030-06-23 08:15:00,0.0
2030-06-23 08:30:00,0.0
2030-06-23 08:45:00,0.0
2030-06-23 09:00:00,0.0
2030-06-23 09:15:00,0.0
2030-06-23 09:30:00,0.0
2030-06-23 09:45:00,0.0
2030-06-23 10:00:00,0.0
2030-06-23 10:15:00,0.0
2030-06-23 10:30:00,0.0
2030-06-23 10:45:00,0.0
2030-06-23 11:00:00,0.0
2030-06-23 11:15:00,0.0
2030-06-23 11:30:00,0.0
2030-06-23 11:45:00,0.0
2030-06-23 12:00:00,0.0
2030-06-23 12:15:00,0.0
2030-06-23 12:30:00,0.0
2030-06-23 12:45:00,0.0
2030-06-23 13:00:00,0.0
2030-06-23 13:15:00,0.0
2030-06-23 13:30:00,0.0
2030-06-23 13:45:00,0.0
2030-06-23 14:00:00,0.0
2030-06-23 14:15:00,0.0
2030-06-23 14:30:00,0.0
2030-06-23 14:45:00,0.0
2030-06-23 15:00:00,0.0
2030-06-23 15:15:00,0.0
2030-06-23 15:30:00,0.0
2030-06-23 15:45:00,0.0
2030-06-23 16:00:00,0.0
2030-06-23 16:15:00,0.0
2030-06-23 16:30:00,0.0
2030-06-23 16:45:00,0.0
2030-06-23 17:00:00,0.0
2030-06-23 17:15:00,0.0
2030-06-23 17:30:00,0.0
2030-06-23 17:45:00,0.0
2030-06-23 18:00:00,0.0
2030-06-23 18:15:00,0.0
2030-06-23 18:30:00,0.0
2030-06-23 18:45:00,0.0
2030-06-23 19:00:00,0.0
2030-06-23 19:15:00,0.0
2030-06-23 19:30:00,0.0
2030-06-23 19:45:00,0.0
2030-06-23 20:00:00,0.0
2030-06-23 20:15:00,3824.383989640155
2030-06-23 20:30:00,1001.9586460325136
2030-06-23 20:45:00,968.0574367629597
2030-06-23 21:00:00,980.2819694846021
2030-06-23 21:15:00,748.6331411512256
2030-06-23 21:30:00,532.1193600175757
2030-06-23 21:45:00,475.973888193259
2030-06-23 22:00:00,348.5555476240843
2030-06-23 22:15:00,173.91775403348765
2030-06-23 22:30:00,16.11269769091996
2030-06-23 22:45:00,0.0
2030-06-23 23:00:00,0.0
2030-06-23 23:15:00,0.0
2030-06-23 23:30:00,0.0
2030-06-23 23:45:00,0.0
2030-06-24 00:00:00,0.0
2030-06-24 00:15:00,0.0
2030-06-24 00:30:00,0.0
2030-06-24 00:45:00,0.0
2030-06-24 01:00:00,0.0
2030-06-24 01:15:00,0.0
2030-06-24 01:30:00,0.0
2030-06-24 01:45:00,0.0
2030-06-24 02:00:00,0.0
2030-06-24 02:15:00,0.0
2030-06-24 02:30:00,0.0
2030-06-24 02:45:00,0.0
2030-06-24 03:00:00,0.0
2030-06-24 03:15:00,0.0
2030-06-24 03:30:00,0.0
2030-06-24 03:45:00,0.0
2030-06-24 04:00:00,0.0
2030-06-24 04:15:00,0.0
2030-06-24 04:30:00,0.0
2030-06-24 04:45:00,0.0
2030-06-24 05:00:00,0.0
2030-06-24 05:15:00,0.0
2030-06-24 05:30:00,0.0
2030-06-24 05:45:00,0.0
2030-06-24 06:00:00,0.0
2030-06-24 06:15:00,0.0
2030-06-24 06:30:00,0.0
2030-06-24 06:45:00,0.0
2030-06-24 07:00:00,0.0
2030-06-24 07:15:00,0.0
2030-06-24 07:30:00,0.0
2030-06-24 07:45:00,0.0
2030-06-24 08:00:00,0.0
2030-06-24 08:15:00,0.0
2030-06-24 08:30:00,0.0
2030-06-24 08:45:00,0.0
2030-06-24 09:00:00,0.0
2030-06-24 09:15:00,0.0
2030-06-24 09:30:00,0.0
2030-06-24 09:45:00,0.0
2030-06-24 10:00:00,0.0
2030-06-24 10:15:00,0.0
2030-06-24 10:30:00,0.0
2030-06-24 10:45:00,0.0
2030-06-24 11:00:00,0.0
2030-06-24 11:15:00,0.0
2030-06-24 11:30:00,0.0
2030-06-24 11:45:00,0.0
2030-06-24 12:00:00,0.0
2030-06-24 12:15:00,0.0
2030-06-24 12:30:00,0.0
2030-06-24 12:45:00,0.0
2030-06-24 13:00:00,0.0
2030-06-24 13:15:00,0.0
2030-06-24 13:30:00,0.0
2030-06-24 13:45:00,0.0
2030-06-24 14:00:00,0.0
2030-06-24 14:15:00,0.0
2030-06-24 14:30:00,0.0
2030-06-24 14:45:00,0.0
2030-06-24 15:00:00,0.0
2030-06-24 15:15:00,0.0
2030-06-24 15:30:00,0.0
2030-06-24 15:45:00,0.0
2030-06-24 16:00:00,0.0
2030-06-24 16:15:00,0.0
2030-06-24 16:30:00,0.0
2030-06-24 16:45:00,0.0
2030-06-24 17:00:00,1258.2518891132677
2030-06-24 17:15:00,0.0
2030-06-24 17:30:00,0.0
2030-06-24 17:45:00,0.0
2030-06-24 18:00:00,0.0
2030-06-24 18:15:00,0.0
2030-06-24 18:30:00,0.0
2030-06-24 18:45:00,0.0
2030-06-24 19:00:00,0.0
2030-06-24 19:15:00,0.0
2030-06-24 19:30:00,0.0
2030-06-24 19:45:00,0.0
2030-06-24 20:00:00,0.0
2030-06-24 20:15:00,0.0
2030-06-24 20:30:00,0.0
2030-06-24 20:45:00,0.0
2030-06-24 21:00:00,0.0
2030-06-24 21:15:00,0.0
2030-06-24 21:30:00,0.0
2030-06-24 21:45:00,0.0
2030-06-24 22:00:00,0.0
2030-06-24 22:15:00,0.0
2030-06-24 22:30:00,0.0
2030-06-24 22:45:00,0.0
2030-06-24 23:00:00,0.0
2030-06-24 23:15:00,0.0
2030-06-24 23:30:00,0.0
2030-06-24 23:45:00,0.0
2030-06-25 00:00:00,0.0
2030-06-25 00:15:00,0.0
2030-06-25 00:30:00,0.0
2030-06-25 00:45:00,0.0
2030-06-25 01:00:00,0.0
2030-06-25 01:15:00,0.0
2030-06-25 01:30:00,0.0
2030-06-25 01:45:00,0.0
2030-06-25 02:00:00,0.0
2030-06-25 02:15:00,0.0
2030-06-25 02:30:00,0.0
2030-06-25 02:45:00,0.0
2030-06-25 03:00:00,0.0
2030-06-25 03:15:00,0.0
2030-06-25 03:30:00,0.0
2030-06-25 03:45:00,0.0
2030-06-25 04:00:00,0.0
2030-06-25 04:15:00,0.0
2030-06-25 04:30:00,0.0
2030-06-25 04:45:00,0.0
2030-06-25 05:00:00,0.0
2030-06-25 05:15:00,0.0
2030-06-25 05:30:00,0.0
2030-06-25 05:45:00,0.0
2030-06-25 06:00:00,0.0
2030-06-25 06:15:00,0.0
2030-06-25 06:30:00,0.0
2030-06-25 06:45:00,0.0
2030-06-25 07:00:00,0.0
2030-06-25 07:15:00,0.0
2030-06-25 07:30:00,0.0
2030-06-25 07:45:00,0.0
2030-06-25 08:00:00,0.0
2030-06-25 08:15:00,0.0
2030-06-25 08:30:00,0.0
2030-06-25 08:45:00,0.0
2030-06-25 09:00:00,0.0
2030-06-25 09:15:00,0.0
2030-06-25 09:30:00,0.0
2030-06-25 09:45:00,0.0
2030-06-25 10:00:00,0.0
2030-06-25 10:15:00,0.0
2030-06-25 10:30:00,0.0
2030-06-25 10:45:00,0.0
2030-06-25 11:00:00,0.0
2030-06-25 11:15:00,0.0
2030-06-25 11:30:00,0.0
2030-06-25 11:45:00,0.0
2030-06-25 12:00:00,0.0
2030-06-25 12:15:00,0.0
2030-06-25 12:30:00,0.0
2030-06-25 12:45:00,0.0
2030-06-25 13:00:00,0.0
2030-06-25 13:15:00,0.0
2030-06-25 13:30:00,0.0
2030-06-25 13:45:00,0.0
2030-06-25 14:00:00,0.0
2030-06-25 14:15:00,0.0
2030-06-25 14:30:00,0.0
2030-06-25 14:45:00,0.0
2030-06-25 15:00:00,0.0
2030-06-25 15:15:00,0.0
2030-06-25 15:30:00,0.0
2030-06-25 15:45:00,0.0
2030-06-25 16:00:00,0.0
2030-06-25 16:15:00,0.0
2030-06-25 16:30:00,0.0
2030-06-25 16:45:00,0.0
2030-06-25 17:00:00,0.0
2030-06-25 17:15:00,0.0
2030-06-25 17:30:00,0.0
2030-06-25 17:45:00,0.0
2030-06-25 18:00:00,0.0
2030-06-25 18:15:00,0.0
2030-06-25 18:30:00,0.0
2030-06-25 18:45:00,0.0
2030-06-25 19:00:00,0.0
2030-06-25 19:15:00,0.0
2030-06-25 19:30:00,0.0
2030-06-25 19:45:00,0.0
2030-06-25 20:00:00,0.0
2030-06-25 20:15:00,0.0
2030-06-25 20:30:00,0.0
2030-06-25 20:45:00,0.0
2030-06-25 21:00:00,0.0
2030-06-25 21:15:00,0.0
2030-06-25 21:30:00,0.0
2030-06-25 21:45:00,0.0
2030-06-25 22:00:00,0.0
2030-06-25 22:15:00,0.0
2030-06-25 22:30:00,0.0
2030-06-25 22:45:00,0.0
2030-06-25 23:00:00,0.0
2030-06-25 23:15:00,0.0
2030-06-25 23:30:00,0.0
2030-06-25 23:45:00,0.0
2030-06-26 00:00:00,0.0
2030-06-26 00:15:00,0.0
2030-06-26 00:30:00,0.0
2030-06-26 00:45:00,0.0
2030-06-26 01:00:00,0.0
2030-06-26 01:15:00,0.0
2030-06-26 01:30:00,0.0
2030-06-26 01:45:00,0.0
2030-06-26 02:00:00,0.0
2030-06-26 02:15:00,0.0
2030-06-26 02:30:00,0.0
2030-06-26 02:45:00,0.0
2030-06-26 03:00:00,2006.036334209488
2030-06-26 03:15:00,0.0
2030-06-26 03:30:00,0.0
2030-06-26 03:45:00,0.0
2030-06-26 04:00:00,0.0
2030-06-26 04:15:00,0.0
2030-06-26 04:30:00,0.0
2030-06-26 04:45:00,0.0
2030-06-26 05:00:00,0.0
2030-06-26 05:15:00,0.0
2030-06-26 05:30:00,0.0
2030-06-26 05:45:00,0.0
2030-06-26 06:00:00,0.0
2030-06-26 06:15:00,0.0
2030-06-26 06:30:00,0.0
2030-06-26 06:45:00,0.0
2030-06-26 07:00:00,0.0
2030-06-26 07:15:00,0.0
2030-06-26 07:30:00,0.0
2030-06-26 07:45:00,0.0
2030-06-26 08:00:00,0.0
2030-06-26 08:15:00,0.0
2030-06-26 08:30:00,0.0
2030-06-26 08:45:00,0.0
2030-06-26 09:00:00,0.0
2030-06-26 09:15:00,0.0
2030-06-26 09:30:00,0.0
2030-06-26 09:45:00,0.0
2030-06-26 10:00:00,0.0
2030-06-26 10:15:00,0.0
2030-06-26 10:30:00,0.0
2030-06-26 10:45:00,0.0
2030-06-26 11:00:00,0.0
2030-06-26 11:15:00,0.0
2030-06-26 11:30:00,0.0
2030-06-26 11:45:00,0.0
2030-06-26 12:00:00,0.0
2030-06-26 12:15:00,0.0
2030-06-26 12:30:00,0.0
2030-06-26 12:45:00,0.0
2030-06-26 13:00:00,0.0
2030-06-26 13:15:00,0.0
2030-06-26 13:30:00,0.0
2030-06-26 13:45:00,0.0
2030-06-26 14:00:00,0.0
2030-06-26 14:15:00,0.0
2030-06-26 14:30:00,0.0
2030-06-26 14:45:00,0.0
2030-06-26 15:00:00,0.0
2030-06-26 15:15:00,0.0
2030-06-26 15:30:00,0.0
2030-06-26 15:45:00,0.0
2030-06-26 16:00:00,0.0
2030-06-26 16:15:00,0.0
2030-06-26 16:30:00,0.0
2030-06-26 16:45:00,0.0
2030-06-26 17:00:00,0.0
2030-06-26 17:15:00,0.0
2030-06-26 17:30:00,0.0
2030-06-26 17:45:00,0.0
2030-06-26 18:00:00,0.0
2030-06-26 18:15:00,0.0
2030-06-26 18:30:00,0.0
2030-06-26 18:45:00,0.0
2030-06-26 19:00:00,0.0
2030-06-26 19:15:00,0.0
2030-06-26 19:30:00,0.0
2030-06-26 19:45:00,0.0
2030-06-26 20:00:00,0.0
2030-06-26 20:15:00,0.0
2030-06-26 20:30:00,0.0
2030-06-26 20:45:00,0.0
2030-06-26 21:00:00,0.0
2030-06-26 21:15:00,0.0
2030-06-26 21:30:00,0.0
2030-06-26 21:45:00,0.0
2030-06-26 22:00:00,0.0
2030-06-26 22:15:00,0.0
2030-06-26 22:30:00,0.0
2030-06-26 22:45:00,0.0
2030-06-26 23:00:00,0.0
2030-06-26 23:15:00,0.0
2030-06-26 23:30:00,0.0
2030-06-26 23:45:00,0.0
2030-06-27 00:00:00,0.0
2030-06-27 00:15:00,0.0
2030-06-27 00:30:00,0.0
2030-06-27 00:45:00,0.0
2030-06-27 01:00:00,0.0
2030-06-27 01:15:00,0.0
2030-06-27 01:30:00,0.0
2030-06-27 01:45:00,0.0
2030-06-27 02:00:00,0.0
2030-06-27 02:15:00,0.0
2030-06-27 02:30:00,0.0
2030-06-27 02:45:00,0.0
2030-06-27 03:00:00,0.0
2030-06-27 03:15:00,0.0
2030-06-27 03:30:00,0.0
2030-06-27 03:45:00,0.0
2030-06-27 04:00:00,0.0
2030-06-27 04:15:00,0.0
2030-06-27 04:30:00,0.0
2030-06-27 04:45:00,0.0
2030-06-27 05:00:00,0.0
2030-06-27 05:15:00,0.0
2030-06-27 05:30:00,0.0
2030-06-27 05:45:00,0.0
2030-06-27 06:00:00,0.0
2030-06-27 06:15:00,0.0
2030-06-27 06:30:00,0.0
2030-06-27 06:45:00,0.0
2030-06-27 07:00:00,0.0
2030-06-27 07:15:00,0.0
2030-06-27 07:30:00,0.0
2030-06-27 07:45:00,0.0
2030-06-27 08:00:00,0.0
2030-06-27 08:15:00,0.0
2030-06-27 08:30:00,0.0
2030-06-27 08:45:00,0.0
2030-06-27 09:00:00,0.0
2030-06-27 09:15:00,0.0
2030-06-27 09:30:00,0.0
2030-06-27 09:45:00,0.0
2030-06-27 10:00:00,0.0
2030-06-27 10:15:00,0.0
2030-06-27 10:30:00,0.0
2030-06-27 10:45:00,0.0
2030-06-27 11:00:00,0.0
2030-06-27 11:15:00,0.0
2030-06-27 11:30:00,0.0
2030-06-27 11:45:00,0.0
2030-06-27 12:00:00,0.0
2030-06-27 12:15:00,0.0
2030-06-27 12:30:00,0.0
2030-06-27 12:45:00,0.0
2030-06-27 13:00:00,0.0
2030-06-27 13:15:00,0.0
2030-06-27 13:30:00,0.0
2030-06-27 13:45:00,0.0
2030-06-27 14:00:00,0.0
2030-06-27 14:15:00,-12093.61390151831
2030-06-27 14:30:00,-11680.019611709835
2030-06-27 14:45:00,-11204.853806458232
2030-06-27 15:00:00,-10537.948547778116
2030-06-27 15:15:00,-9779.031099024956
2030-06-27 15:30:00,-9204.964158297858
2030-06-27 15:45:00,-8102.14292807749
2030-06-27 16:00:00,-6698.793686723198
2030-06-27 16:15:00,-5743.061719861249
2030-06-27 16:30:00,-4602.329741509217
2030-06-27 16:45:00,-3310.0728351964244
2030-06-27 17:00:00,-1516.0925665996474
2030-06-27 17:15:00,-94.81342776069505
2030-06-27 17:30:00,0.0
2030-06-27 17:45:00,0.0
2030-06-27 18:00:00,0.0
2030-06-27 18:15:00,0.0
2030-06-27 18:30:00,0.0
2030-06-27 18:45:00,0.0
2030-06-27 19:00:00,0.0
2030-06-27 19:15:00,0.0
2030-06-27 19:30:00,0.0
2030-06-27 19:45:00,0.0
2030-06-27 20:00:00,0.0
2030-06-27 20:15:00,0.0
2030-06-27 20:30:00,0.0
2030-06-27 20:45:00,0.0
2030-06-27 21:00:00,0.0
2030-06-27 21:15:00,0.0
2030-06-27 21:30:00,0.0
2030-06-27 21:45:00,0.0
2030-06-27 22:00:00,0.0
2030-06-27 22:15:00,0.0
2030-06-27 22:30:00,0.0
2030-06-27 22:45:00,0.0
2030-06-27 23:00:00,0.0
2030-06-27 23:15:00,0.0
2030-06-27 23:30:00,0.0
2030-06-27 23:45:00,0.0
2030-06-28 00:00:00,0.0
2030-06-28 00:15:00,0.0
2030-06-28 00:30:00,0.0
2030-06-28 00:45:00,0.0
2030-06-28 01:00:00,0.0
2030-06-28 01:15:00,0.0
2030-06-28 01:30:00,0.0
2030-06-28 01:45:00,0.0
2030-06-28 02:00:00,0.0
2030-06-28 02:15:00,0.0
2030-06-28 02:30:00,0.0
2030-06-28 02:45:00,0.0
2030-06-28 03:00:00,0.0
2030-06-28 03:15:00,0.0
2030-06-28 03:30:00,0.0
2030-06-28 03:45:00,0.0
2030-06-28 04:00:00,0.0
2030-06-28 04:15:00,0.0
2030-06-28 04:30:00,0.0
2030-06-28 04:45:00,0.0
2030-06-28 05:00:00,0.0
2030-06-28 05:15:00,0.0
2030-06-28 05:30:00,0.0
2030-06-28 05:45:00,0.0
2030-06-28 06:00:00,0.0
2030-06-28 06:15:00,0.0
2030-06-28 06:30:00,0.0
2030-06-28 06:45:00,0.0
2030-06-28 07:00:00,0.0
2030-06-28 07:15:00,0.0
2030-06-28 07:30:00,0.0
2030-06-28 07:45:00,0.0
2030-06-28 08:00:00,0.0
2030-06-28 08:15:00,0.0
2030-06-28 08:30:00,0.0
2030-06-28 08:45:00,0.0
2030-06-28 09:00:00,0.0
2030-06-28 09:15:00,0.0
2030-06-28 09:30:00,0.0
2030-06-28 09:45:00,0.0
2030-06-28 10:00:00,0.0
2030-06-28 10:15:00,0.0
2030-06-28 10:30:00,0.0
2030-06-28 10:45:00,0.0
2030-06-28 11:00:00,0.0
2030-06-28 11:15:00,0.0
2030-06-28 11:30:00,0.0
2030-06-28 11:45:00,0.0
2030-06-28 12:00:00,0.0
2030-06-28 12:15:00,0.0
2030-06-28 12:30:00,0.0
2030-06-28 12:45:00,0.0
2030-06-28 13:00:00,0.0
2030-06-28 13:15:00,0.0
2030-06-28 13:30:00,0.0
2030-06-28 13:45:00,0.0
2030-06-28 14:00:00,0.0
2030-06-28 14:15:00,0.0
2030-06-28 14:30:00,0.0
2030-06-28 14:45:00,0.0
2030-06-28 15:00:00,0.0
2030-06-28 15:15:00,0.0
2030-06-28 15:30:00,0.0
2030-06-28 15:45:00,0.0
2030-06-28 16:00:00,0.0
2030-06-28 16:15:00,0.0
2030-06-28 16:30:00,0.0
2030-06-28 16:45:00,0.0
2030-06-28 17:00:00,0.0
2030-06-28 17:15:00,0.0
2030-06-28 17:30:00,0.0
2030-06-28 17:45:00,0.0
2030-06-28 18:00:00,0.0
2030-06-28 18:15:00,0.0
2030-06-28 18:30:00,0.0
2030-06-28 18:45:00,0.0
2030-06-28 19:00:00,0.0
2030-06-28 19:15:00,0.0
2030-06-28 19:30:00,0.0
2030-06-28 19:45:00,0.0
2030-06-28 20:00:00,0.0
2030-06-28 20:15:00,0.0
2030-06-28 20:30:00,0.0
2030-06-28 20:45:00,0.0
2030-06-28 21:00:00,0.0
2030-06-28 21:15:00,0.0
2030-06-28 21:30:00,0.0
2030-06-28 21:45:00,0.0
2030-06-28 22:00:00,9789.205193402007
2030-06-28 22:15:00,0.0
2030-06-28 22:30:00,0.0
2030-06-28 22:45:00,0.0
2030-06-28 23:00:00,0.0
2030-06-28 23:15:00,0.0
2030-06-28 23:30:00,0.0
2030-06-28 23:45:00,0.0
2030-06-29 00:00:00,0.0
2030-06-29 00:15:00,0.0
2030-06-29 00:30:00,0.0
2030-06-29 00:45:00,0.0
2030-06-29 01:00:00,0.0
2030-06-29 01:15:00,0.0
2030-06-29 01:30:00,0.0
2030-06-29 01:45:00,0.0
2030-06-29 02:00:00,0.0
2030-06-29 02:15:00,0.0
2030-06-29 02:30:00,0.0
2030-06-29 02:45:00,0.0
2030-06-29 03:00:00,0.0
2030-06-29 03:15:00,0.0
2030-06-29 03:30:00,0.0
2030-06-29 03:45:00,0.0
2030-06-29 04:00:00,0.0
2030-06-29 04:15:00,0.0
2030-06-29 04:30:00,0.0
2030-06-29 04:45:00,0.0
2030-06-29 05:00:00,0.0
2030-06-29 05:15:00,0.0
2030-06-29 05:30:00,0.0
2030-06-29 05:45:00,0.0
2030-06-29 06:00:00,0.0
2030-06-29 06:15:00,0.0
2030-06-29 06:30:00,0.0
2030-06-29 06:45:00,0.0
2030-06-29 07:00:00,0.0
2030-06-29 07:15:00,0.0
2030-06-29 07:30:00,0.0
2030-06-29 07:45:00,0.0
2030-06-29 08:00:00,0.0
2030-06-29 08:15:00,0.0
2030-06-29 08:30:00,0.0
2030-06-29 08:45:00,0.0
2030-06-29 09:00:00,0.0
2030-06-29 09:15:00,0.0
2030-06-29 09:30:00,0.0
2030-06-29 09:45:00,0.0
2030-06-29 10:00:00,0.0
2030-06-29 10:15:00,0.0
2030-06-29 10:30:00,0.0
2030-06-29 10:45:00,0.0
2030-06-29 11:00:00,0.0
2030-06-29 11:15:00,0.0
2030-06-29 11:30:00,0.0
2030-06-29 11:45:00,0.0
2030-06-29 12:00:00,0.0
2030-06-29 12:15:00,0.0
2030-06-29 12:30:00,0.0
2030-06-29 12:45:00,0.0
2030-06-29 13:00:00,0.0
2030-06-29 13:15:00,0.0
2030-06-29 13:30:00,0.0
2030-06-29 13:45:00,0.0
2030-06-29 14:00:00,0.0
2030-06-29 14:15:00,0.0
2030-06-29 14:30:00,0.0
2030-06-29 14:45:00,0.0
2030-06-29 15:00:00,0.0
2030-06-29 15:15:00,0.0
2030-06-29 15:30:00,0.0
2030-06-29 15:45:00,0.0
2030-06-29 16:00:00,0.0
2030-06-29 16:15:00,0.0
2030-06-29 16:30:00,0.0
2030-06-29 16:45:00,0.0
2030-06-29 17:00:00,0.0
2030-06-29 17:15:00,0.0
2030-06-29 17:30:00,0.0
2030-06-29 17:45:00,0.0
2030-06-29 18:00:00,0.0
2030-06-29 18:15:00,0.0
2030-06-29 18:30:00,0.0
2030-06-29 18:45:00,0.0
2030-06-29 19:00:00,0.0
2030-06-29 19:15:00,0.0
2030-06-29 19:30:00,0.0
2030-06-29 19:45:00,0.0
2030-06-29 20:00:00,0.0
2030-06-29 20:15:00,0.0
2030-06-29 20:30:00,0.0
2030-06-29 20:45:00,0.0
2030-06-29 21:00:00,0.0
2030-06-29 21:15:00,0.0
2030-06-29 21:30:00,0.0
2030-06-29 21:45:00,0.0
2030-06-29 22:00:00,0.0
2030-06-29 22:15:00,0.0
2030-06-29 22:30:00,0.0
2030-06-29 22:45:00,0.0
2030-06-29 23:00:00,0.0
2030-06-29 23:15:00,0.0
2030-06-29 23:30:00,0.0
2030-06-29 23:45:00,0.0
2030-06-30 00:00:00,0.0
2030-06-30 00:15:00,0.0
2030-06-30 00:30:00,0.0
2030-06-30 00:45:00,0.0
2030-06-30 01:00:00,0.0
2030-06-30 01:15:00,0.0
2030-06-30 01:30:00,0.0
2030-06-30 01:45:00,0.0
2030-06-30 02:00:00,0.0
2030-06-30 02:15:00,0.0
2030-06-30 02:30:00,0.0
2030-06-30 02:45:00,0.0
2030-06-30 03:00:00,0.0
2030-06-30 03:15:00,0.0
2030-06-30 03:30:00,0.0
2030-06-30 03:45:00,0.0
2030-06-30 04:00:00,0.0
2030-06-30 04:15:00,2256.1457808374435
2030-06-30 04:30:00,0.0
2030-06-30 04:45:00,0.0
2030-06-30 05:00:00,0.0
2030-06-30 05:15:00,0.0
2030-06-30 05:30:00,0.0
2030-06-30 05:45:00,0.0
2030-06-30 06:00:00,0.0
2030-06-30 06:15:00,0.0
2030-06-30 06:30:00,0.0
2030-06-30 06:45:00,0.0
2030-06-30 07:00:00,0.0
2030-06-30 07:15:00,0.0
2030-06-30 07:30:00,0.0
2030-06-30 07:45:00,0.0
2030-06-30 08:00:00,0.0
2030-06-30 08:15:00,0.0
2030-06-30 08:30:00,0.0
2030-06-30 08:45:00,0.0
2030-06-30 09:00:00,0.0
2030-06-30 09:15:00,0.0
2030-06-30 09:30:00,0.0
2030-06-30 09:45:00,0.0
2030-06-30 10:00:00,0.0
2030-06-30 10:15:00,0.0
2030-06-30 10:30:00,0.0
2030-06-30 10:45:00,0.0
2030-06-30 11:00:00,0.0
2030-06-30 11:15:00,0.0
2030-06-30 11:30:00,0.0
2030-06-30 11:45:00,0.0
2030-06-30 12:00:00,0.0
2030-06-30 12:15:00,0.0
2030-06-30 12:30:00,0.0
2030-06-30 12:45:00,0.0
2030-06-30 13:00:00,0.0
2030-06-30 13:15:00,0.0
2030-06-30 13:30:00,0.0
2030-06-30 13:45:00,0.0
2030-06-30 14:00:00,0.0
2030-06-30 14:15:00,0.0
2030-06-30 14:30:00,0.0
2030-06-30 14:45:00,0.0
2030-06-30 15:00:00,0.0
2030-06-30 15:15:00,0.0
2030-06-30 15:30:00,-7718.336334597614
2030-06-30 15:45:00,-8310.145815070882
2030-06-30 16:00:00,-7019.8183449731405
2030-06-30 16:15:00,-5629.839654214957
2030-06-30 16:30:00,-4115.216826519212
2030-06-30 16:45:00,-2478.049347929653
2030-06-30 17:00:00,-906.2263027603985
2030-06-30 17:15:00,0.0
2030-06-30 17:30:00,0.0
2030-06-30 17:45:00,0.0
2030-06-30 18:00:00,0.0
2030-06-30 18:15:00,0.0
2030-06-30 18:30:00,0.0
2030-06-30 18:45:00,0.0
2030-06-30 19:00:00,0.0
2030-06-30 19:15:00,0.0
2030-06-30 19:30:00,0.0
2030-06-30 19:45:00,0.0
2030-06-30 20:00:00,0.0
2030-06-30 20:15:00,0.0
2030-06-30 20:30:00,0.0
2030-06-30 20:45:00,0.0
2030-06-30 21:00:00,0.0
2030-06-30 21:15:00,0.0
2030-06-30 21:30:00,0.0
2030-06-30 21:45:00,0.0
2030-06-30 22:00:00,0.0
2030-06-30 22:15:00,0.0
2030-06-30 22:30:00,0.0
2030-06-30 22:45:00,0.0
2030-06-30 23:00:00,0.0
2030-06-30 23:15:00,0.0
2030-06-30 23:30:00,0.0
2030-06-30 23:45:00,0.0
2030-07-01 00:00:00,0.0
2030-07-01 00:15:00,0.0
2030-07-01 00:30:00,0.0
2030-07-01 00:45:00,0.0
2030-07-01 01:00:00,0.0
2030-07-01 01:15:00,0.0
2030-07-01 01:30:00,0.0
2030-07-01 01:45:00,0.0
2030-07-01 02:00:00,0.0
2030-07-01 02:15:00,0.0
2030-07-01 02:30:00,0.0
2030-07-01 02:45:00,0.0
2030-07-01 03:00:00,0.0
2030-07-01 03:15:00,0.0
2030-07-01 03:30:00,0.0
2030-07-01 03:45:00,0.0
2030-07-01 04:00:00,0.0
2030-07-01 04:15:00,0.0
2030-07-01 04:30:00,0.0
2030-07-01 04:45:00,0.0
2030-07-01 05:00:00,0.0
2030-07-01 05:15:00,0.0
2030-07-01 05:30:00,0.0
2030-07-01 05:45:00,0.0
2030-07-01 06:00:00,0.0
2030-07-01 06:15:00,0.0
2030-07-01 06:30:00,0.0
2030-07-01 06:45:00,0.0
2030-07-01 07:00:00,0.0
2030-07-01 07:15:00,0.0
2030-07-01 07:30:00,0.0
2030-07-01 07:45:00,0.0
2030-07-01 08:00:00,0.0
2030-07-01 08:15:00,0.0
2030-07-01 08:30:00,0.0
2030-07-01 08:45:00,0.0
2030-07-01 09:00:00,0.0
2030-07-01 09:15:00,0.0
2030-07-01 09:30:00,0.0
2030-07-01 09:45:00,0.0
2030-07-01 10:00:00,0.0
2030-07-01 10:15:00,0.0
2030-07-01 10:30:00,-1304.0361242699728
2030-07-01 10:45:00,-24641.234806781824
2030-07-01 11:00:00,-25073.847884688486
2030-07-01 11:15:00,-25178.25858039706
2030-07-01 11:30:00,-25494.427845214163
2030-07-01 11:45:00,-25902.783877039023
2030-07-01 12:00:00,-26096.13488389414
2030-07-01 12:15:00,-26415.456842680986
2030-07-01 12:30:00,-26565.92527065299
2030-07-01 12:45:00,-26676.562926225313
2030-07-01 13:00:00,-26243.968783954475
2030-07-01 13:15:00,-25890.72300534102
2030-07-01 13:30:00,-25342.07100306162
2030-07-01 13:45:00,-24919.254512957486
2030-07-01 14:00:00,-24533.757148961005
2030-07-01 14:15:00,-24236.835074734856
2030-07-01 14:30:00,-23816.328568533558
2030-07-01 14:45:00,-23189.67265923207
2030-07-01 15:00:00,-21881.826911191994
2030-07-01 15:15:00,-21463.968781419357
2030-07-01 15:30:00,-20683.7246129374
2030-07-01 15:45:00,-19065.141076256758
2030-07-01 16:00:00,-17471.46233150179
2030-07-01 16:15:00,-15763.193737689018
2030-07-01 16:30:00,-14136.289749478356
2030-07-01 16:45:00,-12712.248861771317
2030-07-01 17:00:00,-10967.062303090954
2030-07-01 17:15:00,-9323.63556492773
2030-07-01 17:30:00,-7414.4224207820425
2030-07-01 17:45:00,-5678.557558766815
2030-07-01 18:00:00,-3832.484570980614
2030-07-01 18:15:00,-2249.1748096506017
2030-07-01 18:30:00,-1310.7679850992208
2030-07-01 18:45:00,-257.7100815802769
2030-07-01 19:00:00,0.0
2030-07-01 19:15:00,0.0
2030-07-01 19:30:00,0.0
2030-07-01 19:45:00,0.0
2030-07-01 20:00:00,0.0
2030-07-01 20:15:00,0.0
2030-07-01 20:30:00,0.0
2030-07-01 20:45:00,0.0
2030-07-01 21:00:00,0.0
2030-07-01 21:15:00,0.0
2030-07-01 21:30:00,0.0
2030-07-01 21:45:00,0.0
2030-07-01 22:00:00,0.0
2030-07-01 22:15:00,0.0
2030-07-01 22:30:00,0.0
2030-07-01 22:45:00,0.0
2030-07-01 23:00:00,0.0
2030-07-01 23:15:00,0.0
2030-07-01 23:30:00,0.0
2030-07-01 23:45:00,0.0
2030-07-02 00:00:00,0.0
2030-07-02 00:15:00,0.0
2030-07-02 00:30:00,0.0
2030-07-02 00:45:00,0.0
2030-07-02 01:00:00,0.0
2030-07-02 01:15:00,0.0
2030-07-02 01:30:00,0.0
2030-07-02 01:45:00,0.0
2030-07-02 02:00:00,0.0
2030-07-02 02:15:00,0.0
2030-07-02 02:30:00,0.0
2030-07-02 02:45:00,0.0
2030-07-02 03:00:00,0.0
2030-07-02 03:15:00,0.0
2030-07-02 03:30:00,0.0
2030-07-02 03:45:00,0.0
2030-07-02 04:00:00,0.0
2030-07-02 04:15:00,0.0
2030-07-02 04:30:00,0.0
2030-07-02 04:45:00,0.0
2030-07-02 05:00:00,0.0
2030-07-02 05:15:00,0.0
2030-07-02 05:30:00,-1580.9965830054316
2030-07-02 05:45:00,-4042.500929742404
2030-07-02 06:00:00,-4932.613801106221
2030-07-02 06:15:00,-6379.324332466564
2030-07-02 06:30:00,-7878.381849945135
2030-07-02 06:45:00,-9193.796348601229
2030-07-02 07:00:00,-10246.233962864007
2030-07-02 07:15:00,-11907.553420892093
2030-07-02 07:30:00,-12964.480753674432
2030-07-02 07:45:00,-14502.287603870645
2030-07-02 08:00:00,-16273.139983056892
2030-07-02 08:15:00,-17793.036551251833
2030-07-02 08:30:00,-18806.882464872273
2030-07-02 08:45:00,-19795.514438979124
2030-07-02 09:00:00,-21079.75238007469
2030-07-02 09:15:00,-22149.42352074073
2030-07-02 09:30:00,-22587.400583467737
2030-07-02 09:45:00,-23010.420223680718
2030-07-02 10:00:00,-24592.497711108754
2030-07-02 10:15:00,-25519.657538818064
2030-07-02 10:30:00,-26189.402796772432
2030-07-02 10:45:00,-26125.09018323265
2030-07-02 11:00:00,-26067.919922330017
2030-07-02 11:15:00,-26131.05138458472
2030-07-02 11:30:00,-26065.1064958818
2030-07-02 11:45:00,-25766.978372500846
2030-07-02 12:00:00,-25183.253356027115
2030-07-02 12:15:00,-24582.897320267995
2030-07-02 12:30:00,-24350.533895204673
2030-07-02 12:45:00,-23978.15709241241
2030-07-02 13:00:00,-23392.234545927677
2030-07-02 13:15:00,-23448.732274573238
2030-07-02 13:30:00,-23386.582364365655
2030-07-02 13:45:00,-22831.25208501659
2030-07-02 14:00:00,-22712.01464543008
2030-07-02 14:15:00,-22822.614448157732
2030-07-02 14:30:00,-22329.16323188345
2030-07-02 14:45:00,-21727.669328383163
2030-07-02 15:00:00,-21155.940985238907
2030-07-02 15:15:00,-20499.89804812213
2030-07-02 15:30:00,-19335.44097706965
2030-07-02 15:45:00,-18433.69175123407
2030-07-02 16:00:00,-17328.50845458175
2030-07-02 16:15:00,-16535.719769606927
2030-07-02 16:30:00,-15303.640883557997
2030-07-02 16:45:00,-13820.851189076333
2030-07-02 17:00:00,-12093.756841223758
2030-07-02 17:15:00,-11079.614591259422
2030-07-02 17:30:00,-9443.285356680675
2030-07-02 17:45:00,-7581.675512780068
2030-07-02 18:00:00,-6033.2376067760815
2030-07-02 18:15:00,-4126.098465842806
2030-07-02 18:30:00,-2263.729556907132
2030-07-02 18:45:00,-643.339558271351
2030-07-02 19:00:00,0.0
2030-07-02 19:15:00,0.0
2030-07-02 19:30:00,0.0
2030-07-02 19:45:00,0.0
2030-07-02 20:00:00,0.0
2030-07-02 20:15:00,0.0
2030-07-02 20:30:00,0.0
2030-07-02 20:45:00,0.0
2030-07-02 21:00:00,0.0
2030-07-02 21:15:00,0.0
2030-07-02 21:30:00,0.0
2030-07-02 21:45:00,0.0
2030-07-02 22:00:00,0.0
2030-07-02 22:15:00,0.0
2030-07-02 22:30:00,0.0
2030-07-02 22:45:00,0.0
2030-07-02 23:00:00,0.0
2030-07-02 23:15:00,0.0
2030-07-02 23:30:00,0.0
2030-07-02 23:45:00,0.0
2030-07-03 00:00:00,0.0
2030-07-03 00:15:00,0.0
2030-07-03 00:30:00,0.0
2030-07-03 00:45:00,0.0
2030-07-03 01:00:00,0.0
2030-07-03 01:15:00,0.0
2030-07-03 01:30:00,0.0
2030-07-03 01:45:00,0.0
2030-07-03 02:00:00,0.0
2030-07-03 02:15:00,0.0
2030-07-03 02:30:00,0.0
2030-07-03 02:45:00,0.0
2030-07-03 03:00:00,0.0
2030-07-03 03:15:00,0.0
2030-07-03 03:30:00,0.0
2030-07-03 03:45:00,0.0
2030-07-03 04:00:00,0.0
2030-07-03 04:15:00,0.0
2030-07-03 04:30:00,0.0
2030-07-03 04:45:00,0.0
2030-07-03 05:00:00,0.0
2030-07-03 05:15:00,0.0
2030-07-03 05:30:00,0.0
2030-07-03 05:45:00,0.0
2030-07-03 06:00:00,0.0
2030-07-03 06:15:00,0.0
2030-07-03 06:30:00,0.0
2030-07-03 06:45:00,0.0
2030-07-03 07:00:00,0.0
2030-07-03 07:15:00,0.0
2030-07-03 07:30:00,0.0
2030-07-03 07:45:00,0.0
2030-07-03 08:00:00,0.0
2030-07-03 08:15:00,0.0
2030-07-03 08:30:00,0.0
2030-07-03 08:45:00,0.0
2030-07-03 09:00:00,0.0
2030-07-03 09:15:00,0.0
2030-07-03 09:30:00,0.0
2030-07-03 09:45:00,0.0
2030-07-03 10:00:00,-14448.91601555797
2030-07-03 10:15:00,-21974.145502189636
2030-07-03 10:30:00,-22590.13451313185
2030-07-03 10:45:00,-23023.524677916335
2030-07-03 11:00:00,-23592.865631043434
2030-07-03 11:15:00,-23994.582321957198
2030-07-03 11:30:00,-24212.40880157681
2030-07-03 11:45:00,-24638.798080602683
2030-07-03 12:00:00,-25046.44198411602
2030-07-03 12:15:00,-25655.883405051245
2030-07-03 12:30:00,-25927.57612543357
2030-07-03 12:45:00,-26192.25368154072
2030-07-03 13:00:00,-26720.237275999454
2030-07-03 13:15:00,-26797.943177776684
2030-07-03 13:30:00,-26885.469863084694
2030-07-03 13:45:00,-27120.344706547632
2030-07-03 14:00:00,-26884.26800806892
2030-07-03 14:15:00,-25929.70937783476
2030-07-03 14:30:00,-24809.164055808385
2030-07-03 14:45:00,-23835.309738603224
2030-07-03 15:00:00,-22687.077524689514
2030-07-03 15:15:00,-21606.24161761327
2030-07-03 15:30:00,-20636.77904502491
2030-07-03 15:45:00,-19162.521063680593
2030-07-03 16:00:00,-17263.202090121362
2030-07-03 16:15:00,-16225.996682037203
2030-07-03 16:30:00,-14862.804259891029
2030-07-03 16:45:00,-13437.927679436609
2030-07-03 17:00:00,-11090.064658382347
2030-07-03 17:15:00,-9090.318593563712
2030-07-03 17:30:00,-7305.603679807155
2030-07-03 17:45:00,-5494.693416805683
2030-07-03 18:00:00,-3411.84280323848
2030-07-03 18:15:00,-1693.2379904686422
2030-07-03 18:30:00,0.0
2030-07-03 18:45:00,0.0
2030-07-03 19:00:00,0.0
2030-07-03 19:15:00,0.0
2030-07-03 19:30:00,0.0
2030-07-03 19:45:00,0.0
2030-07-03 20:00:00,0.0
2030-07-03 20:15:00,0.0
2030-07-03 20:30:00,0.0
2030-07-03 20:45:00,0.0
2030-07-03 21:00:00,0.0
2030-07-03 21:15:00,0.0
2030-07-03 21:30:00,0.0
2030-07-03 21:45:00,0.0
2030-07-03 22:00:00,0.0
2030-07-03 22:15:00,0.0
2030-07-03 22:30:00,0.0
2030-07-03 22:45:00,0.0
2030-07-03 23:00:00,0.0
2030-07-03 23:15:00,0.0
2030-07-03 23:30:00,0.0
2030-07-03 23:45:00,0.0
2030-07-04 00:00:00,0.0
2030-07-04 00:15:00,0.0
2030-07-04 00:30:00,0.0
2030-07-04 00:45:00,0.0
2030-07-04 01:00:00,0.0
2030-07-04 01:15:00,0.0
2030-07-04 01:30:00,0.0
2030-07-04 01:45:00,-4622.884582782728
2030-07-04 02:00:00,-6069.678110621309
2030-07-04 02:15:00,-5908.362908299403
2030-07-04 02:30:00,-5540.444582721422
2030-07-04 02:45:00,-5072.805403744649
2030-07-04 03:00:00,-4909.132340693144
2030-07-04 03:15:00,-5061.785622401667
2030-07-04 03:30:00,-5048.936687581645
2030-07-04 03:45:00,-5010.356982400821
2030-07-04 04:00:00,-4719.805904528661
2030-07-04 04:15:00,-4677.257451528476
2030-07-04 04:30:00,-4664.950611435872
2030-07-04 04:45:00,-4595.208970904119
2030-07-04 05:00:00,-4715.8781281427
2030-07-04 05:15:00,-4791.671070226481
2030-07-04 05:30:00,-4888.051573780967
2030-07-04 05:45:00,-5077.047015026739
2030-07-04 06:00:00,-4880.267249974688
2030-07-04 06:15:00,-5210.836044614964
2030-07-04 06:30:00,-5916.716812944778
2030-07-04 06:45:00,-6883.027754834817
2030-07-04 07:00:00,-7874.83004094442
2030-07-04 07:15:00,-9234.944305463894
2030-07-04 07:30:00,-10581.440426892728
2030-07-04 07:45:00,-11866.842055286023
2030-07-04 08:00:00,-13596.533298081533
2030-07-04 08:15:00,-14900.24811300539
2030-07-04 08:30:00,-16179.395445306283
2030-07-04 08:45:00,-17166.227688080882
2030-07-04 09:00:00,-18273.417193579182
2030-07-04 09:15:00,-19323.298519279295
2030-07-04 09:30:00,-20170.384699245944
2030-07-04 09:45:00,-20703.741045762265
2030-07-04 10:00:00,-21926.90054359031
2030-07-04 10:15:00,-22711.067437474063
2030-07-04 10:30:00,-23215.051618787948
2030-07-04 10:45:00,-23359.56348360098
2030-07-04 11:00:00,-23013.85205881725
2030-07-04 11:15:00,-23200.071764864115
2030-07-04 11:30:00,-22780.131348840638
2030-07-04 11:45:00,-22773.502402416336
2030-07-04 12:00:00,-22662.165376359208
2030-07-04 12:15:00,-22713.30529034254
2030-07-04 12:30:00,-22907.18133070723
2030-07-04 12:45:00,-22148.78440876444
2030-07-04 13:00:00,-21352.737059831932
2030-07-04 13:15:00,-20317.87803691708
2030-07-04 13:30:00,-19399.80996476103
2030-07-04 13:45:00,-19009.971674248616
2030-07-04 14:00:00,-18406.740859239126
2030-07-04 14:15:00,-17952.702190463573
2030-07-04 14:30:00,-17474.406428858376
2030-07-04 14:45:00,-17092.393142398672
2030-07-04 15:00:00,-15383.77275068855
2030-07-04 15:15:00,-14863.192108702515
2030-07-04 15:30:00,-14100.048605520344
2030-07-04 15:45:00,-13287.662105943251
2030-07-04 16:00:00,-11069.667489250925
2030-07-04 16:15:00,-9694.918559550148
2030-07-04 16:30:00,-8309.343716721152
2030-07-04 16:45:00,-7377.411197621168
2030-07-04 17:00:00,-5620.82593247222
2030-07-04 17:15:00,-3974.5595159944423
2030-07-04 17:30:00,-2424.5777715264376
2030-07-04 17:45:00,-538.4187258586499
2030-07-04 18:00:00,0.0
2030-07-04 18:15:00,0.0
2030-07-04 18:30:00,0.0
2030-07-04 18:45:00,0.0
2030-07-04 19:00:00,0.0
2030-07-04 19:15:00,0.0
2030-07-04 19:30:00,0.0
2030-07-04 19:45:00,0.0
2030-07-04 20:00:00,0.0
2030-07-04 20:15:00,0.0
2030-07-04 20:30:00,0.0
2030-07-04 20:45:00,0.0
2030-07-04 21:00:00,0.0
2030-07-04 21:15:00,0.0
2030-07-04 21:30:00,0.0
2030-07-04 21:45:00,0.0
2030-07-04 22:00:00,0.0
2030-07-04 22:15:00,0.0
2030-07-04 22:30:00,0.0
2030-07-04 22:45:00,0.0
2030-07-04 23:00:00,0.0
2030-07-04 23:15:00,0.0
2030-07-04 23:30:00,0.0
2030-07-04 23:45:00,0.0
2030-07-05 00:00:00,0.0
2030-07-05 00:15:00,0.0
2030-07-05 00:30:00,0.0
2030-07-05 00:45:00,0.0
2030-07-05 01:00:00,0.0
2030-07-05 01:15:00,0.0
2030-07-05 01:30:00,0.0
2030-07-05 01:45:00,0.0
2030-07-05 02:00:00,0.0
2030-07-05 02:15:00,0.0
2030-07-05 02:30:00,0.0
2030-07-05 02:45:00,0.0
2030-07-05 03:00:00,0.0
2030-07-05 03:15:00,0.0
2030-07-05 03:30:00,0.0
2030-07-05 03:45:00,0.0
2030-07-05 04:00:00,0.0
2030-07-05 04:15:00,0.0
2030-07-05 04:30:00,0.0
2030-07-05 04:45:00,0.0
2030-07-05 05:00:00,0.0
2030-07-05 05:15:00,0.0
2030-07-05 05:30:00,0.0
2030-07-05 05:45:00,0.0
2030-07-05 06:00:00,0.0
2030-07-05 06:15:00,0.0
2030-07-05 06:30:00,0.0
2030-07-05 06:45:00,0.0
2030-07-05 07:00:00,0.0
2030-07-05 07:15:00,0.0
2030-07-05 07:30:00,0.0
2030-07-05 07:45:00,-9680.317396158218
2030-07-05 08:00:00,-14436.3343212326
2030-07-05 08:15:00,-15343.501138424264
2030-07-05 08:30:00,-16114.958797553081
2030-07-05 08:45:00,-15726.501815834592
2030-07-05 09:00:00,-16811.126334834382
2030-07-05 09:15:00,-17569.8829505829
2030-07-05 09:30:00,-18216.468614922243
2030-07-05 09:45:00,-19264.9760427802
2030-07-05 10:00:00,-19974.734077954232
2030-07-05 10:15:00,-20714.16366573756
2030-07-05 10:30:00,-21016.16024826904
2030-07-05 10:45:00,-20643.04762258109
2030-07-05 11:00:00,-20607.182646583104
2030-07-05 11:15:00,-20754.908944979106
2030-07-05 11:30:00,-20658.490220406064
2030-07-05 11:45:00,-20450.524643435434
2030-07-05 12:00:00,-20557.68511192605
2030-07-05 12:15:00,-20331.485538654724
2030-07-05 12:30:00,-19794.65660213258
2030-07-05 12:45:00,-19102.354309482853
2030-07-05 13:00:00,-18634.75686079038
2030-07-05 13:15:00,-18308.737527534082
2030-07-05 13:30:00,-17811.529177631342
2030-07-05 13:45:00,-17314.25047472616
2030-07-05 14:00:00,-17106.192346473767
2030-07-05 14:15:00,-16821.937212363086
2030-07-05 14:30:00,-15911.611548063323
2030-07-05 14:45:00,-15719.425141075408
2030-07-05 15:00:00,-14430.084062775779
2030-07-05 15:15:00,-13749.3409468586
2030-07-05 15:30:00,-13486.968381866744
2030-07-05 15:45:00,-13133.655814870115
2030-07-05 16:00:00,-12499.025402663061
2030-07-05 16:15:00,-12363.646916257174
2030-07-05 16:30:00,-12121.304116357242
2030-07-05 16:45:00,-11126.85012590787
2030-07-05 17:00:00,-10296.106377230277
2030-07-05 17:15:00,-9358.121582713975
2030-07-05 17:30:00,-8374.282212365983
2030-07-05 17:45:00,-7635.742282086601
2030-07-05 18:00:00,-8086.660129374322
2030-07-05 18:15:00,-7101.610996021169
2030-07-05 18:30:00,-5681.985223876782
2030-07-05 18:45:00,-4016.2328883700975
2030-07-05 19:00:00,-2873.66864834047
2030-07-05 19:15:00,-1727.616207109997
2030-07-05 19:30:00,-555.9571303377488
2030-07-05 19:45:00,0.0
2030-07-05 20:00:00,0.0
2030-07-05 20:15:00,0.0
2030-07-05 20:30:00,0.0
2030-07-05 20:45:00,0.0
2030-07-05 21:00:00,0.0
2030-07-05 21:15:00,0.0
2030-07-05 21:30:00,0.0
2030-07-05 21:45:00,0.0
2030-07-05 22:00:00,0.0
2030-07-05 22:15:00,0.0
2030-07-05 22:30:00,0.0
2030-07-05 22:45:00,0.0
2030-07-05 23:00:00,0.0
2030-07-05 23:15:00,0.0
2030-07-05 23:30:00,0.0
2030-07-05 23:45:00,0.0
2030-07-06 00:00:00,-2074.112980641923
2030-07-06 00:15:00,-2244.0777617995154
2030-07-06 00:30:00,-2294.5337867777343
2030-07-06 00:45:00,-2617.305694498624
2030-07-06 01:00:00,-2323.8082331014994
2030-07-06 01:15:00,-2326.088763075253
2030-07-06 01:30:00,-2307.0429416167844
2030-07-06 01:45:00,-2287.8846717627857
2030-07-06 02:00:00,-2124.151490738357
2030-07-06 02:15:00,-1888.3817776301385
2030-07-06 02:30:00,-1490.3328050917262
2030-07-06 02:45:00,-1358.6645505171782
2030-07-06 03:00:00,-968.7679523579864
2030-07-06 03:15:00,-950.6664522194624
2030-07-06 03:30:00,-945.8176545745919
2030-07-06 03:45:00,-1383.2651369400155
2030-07-06 04:00:00,-999.751235878135
2030-07-06 04:15:00,-1027.7725905733005
2030-07-06 04:30:00,-940.6757015982366
2030-07-06 04:45:00,-702.4454318853186
2030-07-06 05:00:00,-527.9090782794501
2030-07-06 05:15:00,-384.1257225350073
2030-07-06 05:30:00,-231.11393316609065
2030-07-06 05:45:00,0.0
2030-07-06 06:00:00,0.0
2030-07-06 06:15:00,0.0
2030-07-06 06:30:00,0.0
2030-07-06 06:45:00,0.0
2030-07-06 07:00:00,0.0
2030-07-06 07:15:00,0.0
2030-07-06 07:30:00,0.0
2030-07-06 07:45:00,0.0
2030-07-06 08:00:00,0.0
2030-07-06 08:15:00,0.0
2030-07-06 08:30:00,0.0
2030-07-06 08:45:00,0.0
2030-07-06 09:00:00,0.0
2030-07-06 09:15:00,0.0
2030-07-06 09:30:00,0.0
2030-07-06 09:45:00,0.0
2030-07-06 10:00:00,-1706.3641116323633
2030-07-06 10:15:00,-6479.81740375773
2030-07-06 10:30:00,-7655.737370449628
2030-07-06 10:45:00,-8471.71626783544
2030-07-06 11:00:00,-9338.489958325903
2030-07-06 11:15:00,-9803.262229958651
2030-07-06 11:30:00,-10325.580849147638
2030-07-06 11:45:00,-10823.35690234671
2030-07-06 12:00:00,-11399.304790109127
2030-07-06 12:15:00,-11990.613406469474
2030-07-06 12:30:00,-11997.604760271639
2030-07-06 12:45:00,-12139.188249036386
2030-07-06 13:00:00,-11808.96491321679
2030-07-06 13:15:00,-11717.312318212164
2030-07-06 13:30:00,-11388.098541690444
2030-07-06 13:45:00,-11118.319822073245
2030-07-06 14:00:00,-10618.943108646665
2030-07-06 14:15:00,-10039.465166235834
2030-07-06 14:30:00,-9450.761763267492
2030-07-06 14:45:00,-9201.707365506234
2030-07-06 15:00:00,-8451.09756090234
2030-07-06 15:15:00,-7738.985465536254
2030-07-06 15:30:00,-7009.636489899389
2030-07-06 15:45:00,-6247.623818167318
2030-07-06 16:00:00,-4680.819256469407
2030-07-06 16:15:00,-3513.1293514786375
2030-07-06 16:30:00,-2521.8986613628877
2030-07-06 16:45:00,-1328.3183633381705
2030-07-06 17:00:00,0.0
2030-07-06 17:15:00,0.0
2030-07-06 17:30:00,0.0
2030-07-06 17:45:00,0.0
2030-07-06 18:00:00,0.0
2030-07-06 18:15:00,0.0
2030-07-06 18:30:00,0.0
2030-07-06 18:45:00,0.0
2030-07-06 19:00:00,0.0
2030-07-06 19:15:00,0.0
2030-07-06 19:30:00,0.0
2030-07-06 19:45:00,0.0
2030-07-06 20:00:00,0.0
2030-07-06 20:15:00,0.0
2030-07-06 20:30:00,0.0
2030-07-06 20:45:00,0.0
2030-07-06 21:00:00,0.0
2030-07-06 21:15:00,0.0
2030-07-06 21:30:00,0.0
2030-07-06 21:45:00,0.0
2030-07-06 22:00:00,0.0
2030-07-06 22:15:00,0.0
2030-07-06 22:30:00,0.0
2030-07-06 22:45:00,0.0
2030-07-06 23:00:00,0.0
2030-07-06 23:15:00,0.0
2030-07-06 23:30:00,0.0
2030-07-06 23:45:00,0.0
2030-07-07 00:00:00,0.0
2030-07-07 00:15:00,0.0
2030-07-07 00:30:00,0.0
2030-07-07 00:45:00,0.0
2030-07-07 01:00:00,0.0
2030-07-07 01:15:00,0.0
2030-07-07 01:30:00,0.0
2030-07-07 01:45:00,0.0
2030-07-07 02:00:00,0.0
2030-07-07 02:15:00,0.0
2030-07-07 02:30:00,0.0
2030-07-07 02:45:00,0.0
2030-07-07 03:00:00,0.0
2030-07-07 03:15:00,0.0
2030-07-07 03:30:00,0.0
2030-07-07 03:45:00,0.0
2030-07-07 04:00:00,0.0
2030-07-07 04:15:00,0.0
2030-07-07 04:30:00,0.0
2030-07-07 04:45:00,0.0
2030-07-07 05:00:00,0.0
2030-07-07 05:15:00,0.0
2030-07-07 05:30:00,0.0
2030-07-07 05:45:00,0.0
2030-07-07 06:00:00,0.0
2030-07-07 06:15:00,0.0
2030-07-07 06:30:00,0.0
2030-07-07 06:45:00,0.0
2030-07-07 07:00:00,0.0
2030-07-07 07:15:00,0.0
2030-07-07 07:30:00,0.0
2030-07-07 07:45:00,0.0
2030-07-07 08:00:00,0.0
2030-07-07 08:15:00,0.0
2030-07-07 08:30:00,0.0
2030-07-07 08:45:00,0.0
2030-07-07 09:00:00,0.0
2030-07-07 09:15:00,0.0
2030-07-07 09:30:00,0.0
2030-07-07 09:45:00,0.0
2030-07-07 10:00:00,0.0
2030-07-07 10:15:00,0.0
2030-07-07 10:30:00,0.0
2030-07-07 10:45:00,0.0
2030-07-07 11:00:00,0.0
2030-07-07 11:15:00,0.0
2030-07-07 11:30:00,0.0
2030-07-07 11:45:00,0.0
2030-07-07 12:00:00,0.0
2030-07-07 12:15:00,0.0
2030-07-07 12:30:00,0.0
2030-07-07 12:45:00,0.0
2030-07-07 13:00:00,0.0
2030-07-07 13:15:00,0.0
2030-07-07 13:30:00,0.0
2030-07-07 13:45:00,0.0
2030-07-07 14:00:00,-8359.769971267793
2030-07-07 14:15:00,-14868.015870542018
2030-07-07 14:30:00,-14153.087015127578
2030-07-07 14:45:00,-13324.001956422722
2030-07-07 15:00:00,-12228.138844215726
2030-07-07 15:15:00,-10986.088983960472
2030-07-07 15:30:00,-10242.108831746595
2030-07-07 15:45:00,-9433.122776957389
2030-07-07 16:00:00,-7742.792770460379
2030-07-07 16:15:00,-6233.109429082768
2030-07-07 16:30:00,-4497.562704670552
2030-07-07 16:45:00,-3114.620715624733
2030-07-07 17:00:00,-1697.6253586725397
2030-07-07 17:15:00,-170.25487563931165
2030-07-07 17:30:00,0.0
2030-07-07 17:45:00,0.0
2030-07-07 18:00:00,0.0
2030-07-07 18:15:00,0.0
2030-07-07 18:30:00,0.0
2030-07-07 18:45:00,0.0
2030-07-07 19:00:00,0.0
2030-07-07 19:15:00,0.0
2030-07-07 19:30:00,0.0
2030-07-07 19:45:00,0.0
2030-07-07 20:00:00,0.0
2030-07-07 20:15:00,0.0
2030-07-07 20:30:00,0.0
2030-07-07 20:45:00,0.0
2030-07-07 21:00:00,0.0
2030-07-07 21:15:00,0.0
2030-07-07 21:30:00,0.0
2030-07-07 21:45:00,0.0
2030-07-07 22:00:00,0.0
2030-07-07 22:15:00,0.0
2030-07-07 22:30:00,0.0
2030-07-07 22:45:00,0.0
2030-07-07 23:00:00,0.0
2030-07-07 23:15:00,0.0
2030-07-07 23:30:00,0.0
2030-07-07 23:45:00,0.0
2030-07-08 00:00:00,0.0
2030-07-08 00:15:00,0.0
2030-07-08 00:30:00,0.0
2030-07-08 00:45:00,0.0
2030-07-08 01:00:00,0.0
2030-07-08 01:15:00,0.0
2030-07-08 01:30:00,0.0
2030-07-08 01:45:00,0.0
2030-07-08 02:00:00,0.0
2030-07-08 02:15:00,0.0
2030-07-08 02:30:00,0.0
2030-07-08 02:45:00,0.0
2030-07-08 03:00:00,0.0
2030-07-08 03:15:00,0.0
2030-07-08 03:30:00,0.0
2030-07-08 03:45:00,0.0
2030-07-08 04:00:00,0.0
2030-07-08 04:15:00,0.0
2030-07-08 04:30:00,0.0
2030-07-08 04:45:00,0.0
2030-07-08 05:00:00,0.0
2030-07-08 05:15:00,0.0
2030-07-08 05:30:00,0.0
2030-07-08 05:45:00,0.0
2030-07-08 06:00:00,0.0
2030-07-08 06:15:00,0.0
2030-07-08 06:30:00,0.0
2030-07-08 06:45:00,0.0
2030-07-08 07:00:00,0.0
2030-07-08 07:15:00,0.0
2030-07-08 07:30:00,0.0
2030-07-08 07:45:00,0.0
2030-07-08 08:00:00,0.0
2030-07-08 08:15:00,0.0
2030-07-08 08:30:00,0.0
2030-07-08 08:45:00,0.0
2030-07-08 09:00:00,0.0
2030-07-08 09:15:00,0.0
2030-07-08 09:30:00,0.0
2030-07-08 09:45:00,0.0
2030-07-08 10:00:00,0.0
2030-07-08 10:15:00,0.0
2030-07-08 10:30:00,0.0
2030-07-08 10:45:00,0.0
2030-07-08 11:00:00,0.0
2030-07-08 11:15:00,0.0
2030-07-08 11:30:00,0.0
2030-07-08 11:45:00,0.0
2030-07-08 12:00:00,0.0
2030-07-08 12:15:00,0.0
2030-07-08 12:30:00,0.0
2030-07-08 12:45:00,-9096.673419844017
2030-07-08 13:00:00,-15568.31443321997
2030-07-08 13:15:00,-15494.934340849624
2030-07-08 13:30:00,-15126.926737782476
2030-07-08 13:45:00,-14621.168009332867
2030-07-08 14:00:00,-14215.764021487716
2030-07-08 14:15:00,-13488.031109559017
2030-07-08 14:30:00,-12655.270091089093
2030-07-08 14:45:00,-11865.87992942684
2030-07-08 15:00:00,-10774.297461161566
2030-07-08 15:15:00,-9914.042319207738
2030-07-08 15:30:00,-8789.86877873267
2030-07-08 15:45:00,-7723.901234763296
2030-07-08 16:00:00,-6257.695802150205
2030-07-08 16:15:00,-5051.713591002417
2030-07-08 16:30:00,-3397.474261690122
2030-07-08 16:45:00,-2010.440923674043
2030-07-08 17:00:00,-341.37580546000936
2030-07-08 17:15:00,0.0
2030-07-08 17:30:00,0.0
2030-07-08 17:45:00,0.0
2030-07-08 18:00:00,0.0
2030-07-08 18:15:00,0.0
2030-07-08 18:30:00,0.0
2030-07-08 18:45:00,0.0
2030-07-08 19:00:00,0.0
2030-07-08 19:15:00,0.0
2030-07-08 19:30:00,0.0
2030-07-08 19:45:00,0.0
2030-07-08 20:00:00,0.0
2030-07-08 20:15:00,0.0
2030-07-08 20:30:00,0.0
2030-07-08 20:45:00,0.0
2030-07-08 21:00:00,0.0
2030-07-08 21:15:00,0.0
2030-07-08 21:30:00,0.0
2030-07-08 21:45:00,0.0
2030-07-08 22:00:00,0.0
2030-07-08 22:15:00,0.0
2030-07-08 22:30:00,0.0
2030-07-08 22:45:00,0.0
2030-07-08 23:00:00,0.0
2030-07-08 23:15:00,0.0
2030-07-08 23:30:00,0.0
2030-07-08 23:45:00,0.0
2030-07-09 00:00:00,0.0
2030-07-09 00:15:00,0.0
2030-07-09 00:30:00,0.0
2030-07-09 00:45:00,0.0
2030-07-09 01:00:00,0.0
2030-07-09 01:15:00,0.0
2030-07-09 01:30:00,0.0
2030-07-09 01:45:00,0.0
2030-07-09 02:00:00,0.0
2030-07-09 02:15:00,0.0
2030-07-09 02:30:00,0.0
2030-07-09 02:45:00,0.0
2030-07-09 03:00:00,0.0
2030-07-09 03:15:00,0.0
2030-07-09 03:30:00,0.0
2030-07-09 03:45:00,0.0
2030-07-09 04:00:00,0.0
2030-07-09 04:15:00,0.0
2030-07-09 04:30:00,0.0
2030-07-09 04:45:00,0.0
2030-07-09 05:00:00,0.0
2030-07-09 05:15:00,0.0
2030-07-09 05:30:00,0.0
2030-07-09 05:45:00,0.0
2030-07-09 06:00:00,0.0
2030-07-09 06:15:00,0.0
2030-07-09 06:30:00,0.0
2030-07-09 06:45:00,0.0
2030-07-09 07:00:00,0.0
2030-07-09 07:15:00,0.0
2030-07-09 07:30:00,0.0
2030-07-09 07:45:00,0.0
2030-07-09 08:00:00,0.0
2030-07-09 08:15:00,0.0
2030-07-09 08:30:00,0.0
2030-07-09 08:45:00,0.0
2030-07-09 09:00:00,0.0
2030-07-09 09:15:00,0.0
2030-07-09 09:30:00,0.0
2030-07-09 09:45:00,0.0
2030-07-09 10:00:00,0.0
2030-07-09 10:15:00,0.0
2030-07-09 10:30:00,0.0
2030-07-09 10:45:00,0.0
2030-07-09 11:00:00,0.0
2030-07-09 11:15:00,0.0
2030-07-09 11:30:00,0.0
2030-07-09 11:45:00,0.0
2030-07-09 12:00:00,0.0
2030-07-09 12:15:00,0.0
2030-07-09 12:30:00,0.0
2030-07-09 12:45:00,0.0
2030-07-09 13:00:00,0.0
2030-07-09 13:15:00,0.0
2030-07-09 13:30:00,0.0
2030-07-09 13:45:00,0.0
2030-07-09 14:00:00,0.0
2030-07-09 14:15:00,0.0
2030-07-09 14:30:00,0.0
2030-07-09 14:45:00,0.0
2030-07-09 15:00:00,0.0
2030-07-09 15:15:00,0.0
2030-07-09 15:30:00,0.0
2030-07-09 15:45:00,0.0
2030-07-09 16:00:00,0.0
2030-07-09 16:15:00,0.0
2030-07-09 16:30:00,0.0
2030-07-09 16:45:00,0.0
2030-07-09 17:00:00,0.0
2030-07-09 17:15:00,0.0
2030-07-09 17:30:00,0.0
2030-07-09 17:45:00,0.0
2030-07-09 18:00:00,0.0
2030-07-09 18:15:00,0.0
2030-07-09 18:30:00,0.0
2030-07-09 18:45:00,0.0
2030-07-09 19:00:00,0.0
2030-07-09 19:15:00,0.0
2030-07-09 19:30:00,0.0
2030-07-09 19:45:00,0.0
2030-07-09 20:00:00,0.0
2030-07-09 20:15:00,0.0
2030-07-09 20:30:00,0.0
2030-07-09 20:45:00,0.0
2030-07-09 21:00:00,0.0
2030-07-09 21:15:00,0.0
2030-07-09 21:30:00,0.0
2030-07-09 21:45:00,0.0
2030-07-09 22:00:00,0.0
2030-07-09 22:15:00,0.0
2030-07-09 22:30:00,0.0
2030-07-09 22:45:00,0.0
2030-07-09 23:00:00,0.0
2030-07-09 23:15:00,0.0
2030-07-09 23:30:00,0.0
2030-07-09 23:45:00,0.0
2030-07-10 00:00:00,0.0
2030-07-10 00:15:00,0.0
2030-07-10 00:30:00,0.0
2030-07-10 00:45:00,0.0
2030-07-10 01:00:00,0.0
2030-07-10 01:15:00,0.0
2030-07-10 01:30:00,0.0
2030-07-10 01:45:00,0.0
2030-07-10 02:00:00,0.0
2030-07-10 02:15:00,3650.3551571523185
2030-07-10 02:30:00,0.0
2030-07-10 02:45:00,0.0
2030-07-10 03:00:00,0.0
2030-07-10 03:15:00,0.0
2030-07-10 03:30:00,0.0
2030-07-10 03:45:00,0.0
2030-07-10 04:00:00,0.0
2030-07-10 04:15:00,0.0
2030-07-10 04:30:00,0.0
2030-07-10 04:45:00,0.0
2030-07-10 05:00:00,0.0
2030-07-10 05:15:00,0.0
2030-07-10 05:30:00,0.0
2030-07-10 05:45:00,0.0
2030-07-10 06:00:00,0.0
2030-07-10 06:15:00,0.0
2030-07-10 06:30:00,0.0
2030-07-10 06:45:00,0.0
2030-07-10 07:00:00,0.0
2030-07-10 07:15:00,0.0
2030-07-10 07:30:00,0.0
2030-07-10 07:45:00,0.0
2030-07-10 08:00:00,0.0
2030-07-10 08:15:00,0.0
2030-07-10 08:30:00,0.0
2030-07-10 08:45:00,0.0
2030-07-10 09:00:00,0.0
2030-07-10 09:15:00,0.0
2030-07-10 09:30:00,0.0
2030-07-10 09:45:00,0.0
2030-07-10 10:00:00,0.0
2030-07-10 10:15:00,0.0
2030-07-10 10:30:00,0.0
2030-07-10 10:45:00,0.0
2030-07-10 11:00:00,0.0
2030-07-10 11:15:00,0.0
2030-07-10 11:30:00,0.0
2030-07-10 11:45:00,0.0
2030-07-10 12:00:00,0.0
2030-07-10 12:15:00,0.0
2030-07-10 12:30:00,0.0
2030-07-10 12:45:00,0.0
2030-07-10 13:00:00,0.0
2030-07-10 13:15:00,0.0
2030-07-10 13:30:00,0.0
2030-07-10 13:45:00,0.0
2030-07-10 14:00:00,0.0
2030-07-10 14:15:00,0.0
2030-07-10 14:30:00,0.0
2030-07-10 14:45:00,0.0
2030-07-10 15:00:00,0.0
2030-07-10 15:15:00,0.0
2030-07-10 15:30:00,0.0
2030-07-10 15:45:00,0.0
2030-07-10 16:00:00,0.0
2030-07-10 16:15:00,0.0
2030-07-10 16:30:00,0.0
2030-07-10 16:45:00,0.0
2030-07-10 17:00:00,0.0
2030-07-10 17:15:00,0.0
2030-07-10 17:30:00,0.0
2030-07-10 17:45:00,0.0
2030-07-10 18:00:00,0.0
2030-07-10 18:15:00,0.0
2030-07-10 18:30:00,0.0
2030-07-10 18:45:00,0.0
2030-07-10 19:00:00,0.0
2030-07-10 19:15:00,0.0
2030-07-10 19:30:00,0.0
2030-07-10 19:45:00,0.0
2030-07-10 20:00:00,3258.305799162641
2030-07-10 20:15:00,0.0
2030-07-10 20:30:00,0.0
2030-07-10 20:45:00,0.0
2030-07-10 21:00:00,0.0
2030-07-10 21:15:00,0.0
2030-07-10 21:30:00,0.0
2030-07-10 21:45:00,0.0
2030-07-10 22:00:00,0.0
2030-07-10 22:15:00,0.0
2030-07-10 22:30:00,0.0
2030-07-10 22:45:00,0.0
2030-07-10 23:00:00,0.0
2030-07-10 23:15:00,0.0
2030-07-10 23:30:00,0.0
2030-07-10 23:45:00,0.0
2030-07-11 00:00:00,0.0
2030-07-11 00:15:00,0.0
2030-07-11 00:30:00,0.0
2030-07-11 00:45:00,0.0
2030-07-11 01:00:00,0.0
2030-07-11 01:15:00,0.0
2030-07-11 01:30:00,0.0
2030-07-11 01:45:00,0.0
2030-07-11 02:00:00,0.0
2030-07-11 02:15:00,0.0
2030-07-11 02:30:00,0.0
2030-07-11 02:45:00,0.0
2030-07-11 03:00:00,0.0
2030-07-11 03:15:00,0.0
2030-07-11 03:30:00,0.0
2030-07-11 03:45:00,0.0
2030-07-11 04:00:00,0.0
2030-07-11 04:15:00,0.0
2030-07-11 04:30:00,0.0
2030-07-11 04:45:00,0.0
2030-07-11 05:00:00,0.0
2030-07-11 05:15:00,0.0
2030-07-11 05:30:00,0.0
2030-07-11 05:45:00,0.0
2030-07-11 06:00:00,0.0
2030-07-11 06:15:00,0.0
2030-07-11 06:30:00,0.0
2030-07-11 06:45:00,0.0
2030-07-11 07:00:00,0.0
2030-07-11 07:15:00,0.0
2030-07-11 07:30:00,0.0
2030-07-11 07:45:00,0.0
2030-07-11 08:00:00,0.0
2030-07-11 08:15:00,0.0
2030-07-11 08:30:00,0.0
2030-07-11 08:45:00,0.0
2030-07-11 09:00:00,0.0
2030-07-11 09:15:00,0.0
2030-07-11 09:30:00,0.0
2030-07-11 09:45:00,0.0
2030-07-11 10:00:00,0.0
2030-07-11 10:15:00,0.0
2030-07-11 10:30:00,0.0
2030-07-11 10:45:00,0.0
2030-07-11 11:00:00,0.0
2030-07-11 11:15:00,0.0
2030-07-11 11:30:00,0.0
2030-07-11 11:45:00,0.0
2030-07-11 12:00:00,0.0
2030-07-11 12:15:00,0.0
2030-07-11 12:30:00,0.0
2030-07-11 12:45:00,0.0
2030-07-11 13:00:00,0.0
2030-07-11 13:15:00,0.0
2030-07-11 13:30:00,0.0
2030-07-11 13:45:00,0.0
2030-07-11 14:00:00,0.0
2030-07-11 14:15:00,0.0
2030-07-11 14:30:00,0.0
2030-07-11 14:45:00,0.0
2030-07-11 15:00:00,0.0
2030-07-11 15:15:00,0.0
2030-07-11 15:30:00,0.0
2030-07-11 15:45:00,0.0
2030-07-11 16:00:00,0.0
2030-07-11 16:15:00,0.0
2030-07-11 16:30:00,0.0
2030-07-11 16:45:00,0.0
2030-07-11 17:00:00,0.0
2030-07-11 17:15:00,0.0
2030-07-11 17:30:00,0.0
2030-07-11 17:45:00,0.0
2030-07-11 18:00:00,5370.746597870468
2030-07-11 18:15:00,0.0
2030-07-11 18:30:00,247.30900611094694
2030-07-11 18:45:00,1149.3107748392376
2030-07-11 19:00:00,1668.3844134170758
2030-07-11 19:15:00,2028.007728406359
2030-07-11 19:30:00,2374.9495354385344
2030-07-11 19:45:00,2441.7873401522775
2030-07-11 20:00:00,2144.4625391458103
2030-07-11 20:15:00,1800.3777970080846
2030-07-11 20:30:00,1301.062098993425
2030-07-11 20:45:00,711.4453901428533
2030-07-11 21:00:00,1.2293816695528221
2030-07-11 21:15:00,0.0
2030-07-11 21:30:00,0.0
2030-07-11 21:45:00,0.0
2030-07-11 22:00:00,0.0
2030-07-11 22:15:00,0.0
2030-07-11 22:30:00,0.0
2030-07-11 22:45:00,0.0
2030-07-11 23:00:00,0.0
2030-07-11 23:15:00,0.0
2030-07-11 23:30:00,0.0
2030-07-11 23:45:00,0.0
2030-07-12 00:00:00,0.0
2030-07-12 00:15:00,0.0
2030-07-12 00:30:00,0.0
2030-07-12 00:45:00,0.0
2030-07-12 01:00:00,0.0
2030-07-12 01:15:00,0.0
2030-07-12 01:30:00,0.0
2030-07-12 01:45:00,0.0
2030-07-12 02:00:00,0.0
2030-07-12 02:15:00,0.0
2030-07-12 02:30:00,0.0
2030-07-12 02:45:00,0.0
2030-07-12 03:00:00,0.0
2030-07-12 03:15:00,0.0
2030-07-12 03:30:00,0.0
2030-07-12 03:45:00,0.0
2030-07-12 04:00:00,0.0
2030-07-12 04:15:00,0.0
2030-07-12 04:30:00,0.0
2030-07-12 04:45:00,0.0
2030-07-12 05:00:00,0.0
2030-07-12 05:15:00,0.0
2030-07-12 05:30:00,0.0
2030-07-12 05:45:00,0.0
2030-07-12 06:00:00,0.0
2030-07-12 06:15:00,0.0
2030-07-12 06:30:00,0.0
2030-07-12 06:45:00,0.0
2030-07-12 07:00:00,0.0
2030-07-12 07:15:00,0.0
2030-07-12 07:30:00,0.0
2030-07-12 07:45:00,0.0
2030-07-12 08:00:00,0.0
2030-07-12 08:15:00,0.0
2030-07-12 08:30:00,0.0
2030-07-12 08:45:00,0.0
2030-07-12 09:00:00,0.0
2030-07-12 09:15:00,0.0
2030-07-12 09:30:00,0.0
2030-07-12 09:45:00,0.0
2030-07-12 10:00:00,0.0
2030-07-12 10:15:00,0.0
2030-07-12 10:30:00,0.0
2030-07-12 10:45:00,0.0
2030-07-12 11:00:00,0.0
2030-07-12 11:15:00,0.0
2030-07-12 11:30:00,0.0
2030-07-12 11:45:00,0.0
2030-07-12 12:00:00,0.0
2030-07-12 12:15:00,0.0
2030-07-12 12:30:00,0.0
2030-07-12 12:45:00,0.0
2030-07-12 13:00:00,0.0
2030-07-12 13:15:00,0.0
2030-07-12 13:30:00,0.0
2030-07-12 13:45:00,0.0
2030-07-12 14:00:00,0.0
2030-07-12 14:15:00,0.0
2030-07-12 14:30:00,0.0
2030-07-12 14:45:00,0.0
2030-07-12 15:00:00,0.0
2030-07-12 15:15:00,0.0
2030-07-12 15:30:00,0.0
2030-07-12 15:45:00,0.0
2030-07-12 16:00:00,0.0
2030-07-12 16:15:00,0.0
2030-07-12 16:30:00,0.0
2030-07-12 16:45:00,0.0
2030-07-12 17:00:00,0.0
2030-07-12 17:15:00,0.0
2030-07-12 17:30:00,0.0
2030-07-12 17:45:00,0.0
2030-07-12 18:00:00,0.0
2030-07-12 18:15:00,0.0
2030-07-12 18:30:00,0.0
2030-07-12 18:45:00,0.0
2030-07-12 19:00:00,0.0
2030-07-12 19:15:00,0.0
2030-07-12 19:30:00,0.0
2030-07-12 19:45:00,0.0
2030-07-12 20:00:00,0.0
2030-07-12 20:15:00,0.0
2030-07-12 20:30:00,0.0
2030-07-12 20:45:00,0.0
2030-07-12 21:00:00,0.0
2030-07-12 21:15:00,0.0
2030-07-12 21:30:00,0.0
2030-07-12 21:45:00,0.0
2030-07-12 22:00:00,0.0
2030-07-12 22:15:00,0.0
2030-07-12 22:30:00,0.0
2030-07-12 22:45:00,0.0
2030-07-12 23:00:00,0.0
2030-07-12 23:15:00,0.0
2030-07-12 23:30:00,0.0
2030-07-12 23:45:00,0.0
2030-07-13 00:00:00,0.0
2030-07-13 00:15:00,0.0
2030-07-13 00:30:00,0.0
2030-07-13 00:45:00,0.0
2030-07-13 01:00:00,0.0
2030-07-13 01:15:00,0.0
2030-07-13 01:30:00,0.0
2030-07-13 01:45:00,0.0
2030-07-13 02:00:00,2717.077631829311
2030-07-13 02:15:00,0.0
2030-07-13 02:30:00,0.0
2030-07-13 02:45:00,0.0
2030-07-13 03:00:00,0.0
2030-07-13 03:15:00,0.0
2030-07-13 03:30:00,0.0
2030-07-13 03:45:00,0.0
2030-07-13 04:00:00,0.0
2030-07-13 04:15:00,0.0
2030-07-13 04:30:00,0.0
2030-07-13 04:45:00,0.0
2030-07-13 05:00:00,0.0
2030-07-13 05:15:00,0.0
2030-07-13 05:30:00,0.0
2030-07-13 05:45:00,0.0
2030-07-13 06:00:00,0.0
2030-07-13 06:15:00,0.0
2030-07-13 06:30:00,0.0
2030-07-13 06:45:00,0.0
2030-07-13 07:00:00,0.0
2030-07-13 07:15:00,0.0
2030-07-13 07:30:00,0.0
2030-07-13 07:45:00,0.0
2030-07-13 08:00:00,0.0
2030-07-13 08:15:00,0.0
2030-07-13 08:30:00,0.0
2030-07-13 08:45:00,0.0
2030-07-13 09:00:00,0.0
2030-07-13 09:15:00,0.0
2030-07-13 09:30:00,0.0
2030-07-13 09:45:00,0.0
2030-07-13 10:00:00,0.0
2030-07-13 10:15:00,0.0
2030-07-13 10:30:00,0.0
2030-07-13 10:45:00,0.0
2030-07-13 11:00:00,0.0
2030-07-13 11:15:00,0.0
2030-07-13 11:30:00,0.0
2030-07-13 11:45:00,0.0
2030-07-13 12:00:00,0.0
2030-07-13 12:15:00,0.0
2030-07-13 12:30:00,0.0
2030-07-13 12:45:00,0.0
2030-07-13 13:00:00,0.0
2030-07-13 13:15:00,0.0
2030-07-13 13:30:00,0.0
2030-07-13 13:45:00,0.0
2030-07-13 14:00:00,0.0
2030-07-13 14:15:00,0.0
2030-07-13 14:30:00,0.0
2030-07-13 14:45:00,0.0
2030-07-13 15:00:00,0.0
2030-07-13 15:15:00,0.0
2030-07-13 15:30:00,-8235.136597865901
2030-07-13 15:45:00,-8287.065106875954
2030-07-13 16:00:00,-6983.595575119525
2030-07-13 16:15:00,-5863.147508862774
2030-07-13 16:30:00,-4416.735611264921
2030-07-13 16:45:00,-2551.619075444043
2030-07-13 17:00:00,-613.7438129396796
2030-07-13 17:15:00,0.0
2030-07-13 17:30:00,0.0
2030-07-13 17:45:00,0.0
2030-07-13 18:00:00,0.0
2030-07-13 18:15:00,0.0
2030-07-13 18:30:00,0.0
2030-07-13 18:45:00,0.0
2030-07-13 19:00:00,0.0
2030-07-13 19:15:00,0.0
2030-07-13 19:30:00,0.0
2030-07-13 19:45:00,0.0
2030-07-13 20:00:00,0.0
2030-07-13 20:15:00,0.0
2030-07-13 20:30:00,0.0
2030-07-13 20:45:00,0.0
2030-07-13 21:00:00,0.0
2030-07-13 21:15:00,0.0
2030-07-13 21:30:00,0.0
2030-07-13 21:45:00,0.0
2030-07-13 22:00:00,0.0
2030-07-13 22:15:00,0.0
2030-07-13 22:30:00,0.0
2030-07-13 22:45:00,0.0
2030-07-13 23:00:00,0.0
2030-07-13 23:15:00,0.0
2030-07-13 23:30:00,0.0
2030-07-13 23:45:00,0.0
2030-07-14 00:00:00,0.0
2030-07-14 00:15:00,0.0
2030-07-14 00:30:00,0.0
2030-07-14 00:45:00,0.0
2030-07-14 01:00:00,0.0
2030-07-14 01:15:00,0.0
2030-07-14 01:30:00,0.0
2030-07-14 01:45:00,0.0
2030-07-14 02:00:00,0.0
2030-07-14 02:15:00,0.0
2030-07-14 02:30:00,0.0
2030-07-14 02:45:00,0.0
2030-07-14 03:00:00,0.0
2030-07-14 03:15:00,6639.078886738123
2030-07-14 03:30:00,0.0
2030-07-14 03:45:00,0.0
2030-07-14 04:00:00,0.0
2030-07-14 04:15:00,0.0
2030-07-14 04:30:00,0.0
2030-07-14 04:45:00,0.0
2030-07-14 05:00:00,0.0
2030-07-14 05:15:00,0.0
2030-07-14 05:30:00,0.0
2030-07-14 05:45:00,0.0
2030-07-14 06:00:00,0.0
2030-07-14 06:15:00,0.0
2030-07-14 06:30:00,0.0
2030-07-14 06:45:00,0.0
2030-07-14 07:00:00,0.0
2030-07-14 07:15:00,0.0
2030-07-14 07:30:00,0.0
2030-07-14 07:45:00,0.0
2030-07-14 08:00:00,0.0
2030-07-14 08:15:00,0.0
2030-07-14 08:30:00,0.0
2030-07-14 08:45:00,0.0
2030-07-14 09:00:00,0.0
2030-07-14 09:15:00,0.0
2030-07-14 09:30:00,0.0
2030-07-14 09:45:00,0.0
2030-07-14 10:00:00,0.0
2030-07-14 10:15:00,0.0
2030-07-14 10:30:00,0.0
2030-07-14 10:45:00,0.0
2030-07-14 11:00:00,0.0
2030-07-14 11:15:00,0.0
2030-07-14 11:30:00,0.0
2030-07-14 11:45:00,0.0
2030-07-14 12:00:00,0.0
2030-07-14 12:15:00,0.0
2030-07-14 12:30:00,0.0
2030-07-14 12:45:00,0.0
2030-07-14 13:00:00,0.0
2030-07-14 13:15:00,0.0
2030-07-14 13:30:00,0.0
2030-07-14 13:45:00,0.0
2030-07-14 14:00:00,0.0
2030-07-14 14:15:00,0.0
2030-07-14 14:30:00,0.0
2030-07-14 14:45:00,0.0
2030-07-14 15:00:00,0.0
2030-07-14 15:15:00,0.0
2030-07-14 15:30:00,0.0
2030-07-14 15:45:00,0.0
2030-07-14 16:00:00,0.0
2030-07-14 16:15:00,0.0
2030-07-14 16:30:00,0.0
2030-07-14 16:45:00,0.0
2030-07-14 17:00:00,0.0
2030-07-14 17:15:00,0.0
2030-07-14 17:30:00,0.0
2030-07-14 17:45:00,0.0
2030-07-14 18:00:00,0.0
2030-07-14 18:15:00,0.0
2030-07-14 18:30:00,0.0
2030-07-14 18:45:00,0.0
2030-07-14 19:00:00,0.0
2030-07-14 19:15:00,0.0
2030-07-14 19:30:00,0.0
2030-07-14 19:45:00,0.0
2030-07-14 20:00:00,0.0
2030-07-14 20:15:00,0.0
2030-07-14 20:30:00,0.0
2030-07-14 20:45:00,0.0
2030-07-14 21:00:00,0.0
2030-07-14 21:15:00,0.0
2030-07-14 21:30:00,0.0
2030-07-14 21:45:00,0.0
2030-07-14 22:00:00,0.0
2030-07-14 22:15:00,3480.5736513044267
2030-07-14 22:30:00,0.0
2030-07-14 22:45:00,0.0
2030-07-14 23:00:00,0.0
2030-07-14 23:15:00,0.0
2030-07-14 23:30:00,0.0
2030-07-14 23:45:00,0.0
2030-07-15 00:00:00,0.0
2030-07-15 00:15:00,0.0
2030-07-15 00:30:00,0.0
2030-07-15 00:45:00,0.0
2030-07-15 01:00:00,0.0
2030-07-15 01:15:00,0.0
2030-07-15 01:30:00,0.0
2030-07-15 01:45:00,0.0
2030-07-15 02:00:00,0.0
2030-07-15 02:15:00,0.0
2030-07-15 02:30:00,0.0
2030-07-15 02:45:00,0.0
2030-07-15 03:00:00,0.0
2030-07-15 03:15:00,0.0
2030-07-15 03:30:00,0.0
2030-07-15 03:45:00,0.0
2030-07-15 04:00:00,0.0
2030-07-15 04:15:00,0.0
2030-07-15 04:30:00,0.0
2030-07-15 04:45:00,0.0
2030-07-15 05:00:00,0.0
2030-07-15 05:15:00,0.0
2030-07-15 05:30:00,0.0
2030-07-15 05:45:00,0.0
2030-07-15 06:00:00,0.0
2030-07-15 06:15:00,0.0
2030-07-15 06:30:00,0.0
2030-07-15 06:45:00,0.0
2030-07-15 07:00:00,0.0
2030-07-15 07:15:00,0.0
2030-07-15 07:30:00,0.0
2030-07-15 07:45:00,0.0
2030-07-15 08:00:00,0.0
2030-07-15 08:15:00,0.0
2030-07-15 08:30:00,0.0
2030-07-15 08:45:00,0.0
2030-07-15 09:00:00,0.0
2030-07-15 09:15:00,0.0
2030-07-15 09:30:00,0.0
2030-07-15 09:45:00,0.0
2030-07-15 10:00:00,0.0
2030-07-15 10:15:00,0.0
2030-07-15 10:30:00,0.0
2030-07-15 10:45:00,0.0
2030-07-15 11:00:00,0.0
2030-07-15 11:15:00,0.0
2030-07-15 11:30:00,0.0
2030-07-15 11:45:00,0.0
2030-07-15 12:00:00,0.0
2030-07-15 12:15:00,0.0
2030-07-15 12:30:00,0.0
2030-07-15 12:45:00,0.0
2030-07-15 13:00:00,0.0
2030-07-15 13:15:00,0.0
2030-07-15 13:30:00,0.0
2030-07-15 13:45:00,0.0
2030-07-15 14:00:00,0.0
2030-07-15 14:15:00,0.0
2030-07-15 14:30:00,0.0
2030-07-15 14:45:00,0.0
2030-07-15 15:00:00,-8028.656267153798
2030-07-15 15:15:00,-9103.93049472223
2030-07-15 15:30:00,-7818.722557694306
2030-07-15 15:45:00,-6946.26885407708
2030-07-15 16:00:00,-5761.044686261819
2030-07-15 16:15:00,-4823.682480027135
2030-07-15 16:30:00,-3849.8796115104924
2030-07-15 16:45:00,-2978.551885183846
2030-07-15 17:00:00,-1658.296680566098
2030-07-15 17:15:00,-678.7234208979789
2030-07-15 17:30:00,0.0
2030-07-15 17:45:00,0.0
2030-07-15 18:00:00,0.0
2030-07-15 18:15:00,0.0
2030-07-15 18:30:00,0.0
2030-07-15 18:45:00,0.0
2030-07-15 19:00:00,0.0
2030-07-15 19:15:00,0.0
2030-07-15 19:30:00,0.0
2030-07-15 19:45:00,0.0
2030-07-15 20:00:00,0.0
2030-07-15 20:15:00,0.0
2030-07-15 20:30:00,0.0
2030-07-15 20:45:00,0.0
2030-07-15 21:00:00,0.0
2030-07-15 21:15:00,0.0
2030-07-15 21:30:00,0.0
2030-07-15 21:45:00,0.0
2030-07-15 22:00:00,0.0
2030-07-15 22:15:00,0.0
2030-07-15 22:30:00,0.0
2030-07-15 22:45:00,0.0
2030-07-15 23:00:00,0.0
2030-07-15 23:15:00,0.0
2030-07-15 23:30:00,0.0
2030-07-15 23:45:00,0.0
2030-07-16 00:00:00,0.0
2030-07-16 00:15:00,0.0
2030-07-16 00:30:00,0.0
2030-07-16 00:45:00,0.0
2030-07-16 01:00:00,0.0
2030-07-16 01:15:00,0.0
2030-07-16 01:30:00,0.0
2030-07-16 01:45:00,0.0
2030-07-16 02:00:00,0.0
2030-07-16 02:15:00,0.0
2030-07-16 02:30:00,0.0
2030-07-16 02:45:00,0.0
2030-07-16 03:00:00,0.0
2030-07-16 03:15:00,0.0
2030-07-16 03:30:00,0.0
2030-07-16 03:45:00,0.0
2030-07-16 04:00:00,0.0
2030-07-16 04:15:00,0.0
2030-07-16 04:30:00,0.0
2030-07-16 04:45:00,0.0
2030-07-16 05:00:00,0.0
2030-07-16 05:15:00,0.0
2030-07-16 05:30:00,0.0
2030-07-16 05:45:00,0.0
2030-07-16 06:00:00,0.0
2030-07-16 06:15:00,0.0
2030-07-16 06:30:00,0.0
2030-07-16 06:45:00,0.0
2030-07-16 07:00:00,0.0
2030-07-16 07:15:00,0.0
2030-07-16 07:30:00,0.0
2030-07-16 07:45:00,0.0
2030-07-16 08:00:00,0.0
2030-07-16 08:15:00,0.0
2030-07-16 08:30:00,0.0
2030-07-16 08:45:00,0.0
2030-07-16 09:00:00,0.0
2030-07-16 09:15:00,0.0
2030-07-16 09:30:00,0.0
2030-07-16 09:45:00,0.0
2030-07-16 10:00:00,0.0
2030-07-16 10:15:00,-2694.653631636229
2030-07-16 10:30:00,-20164.526057587784
2030-07-16 10:45:00,-20685.249515489755
2030-07-16 11:00:00,-20853.34597475223
2030-07-16 11:15:00,-21667.079990467777
2030-07-16 11:30:00,-21618.2518610767
2030-07-16 11:45:00,-21483.07039619036
2030-07-16 12:00:00,-20857.47148531235
2030-07-16 12:15:00,-20849.594365052035
2030-07-16 12:30:00,-20544.772055290512
2030-07-16 12:45:00,-20190.074349382707
2030-07-16 13:00:00,-19251.377584839156
2030-07-16 13:15:00,-18469.056704228802
2030-07-16 13:30:00,-18189.473783853977
2030-07-16 13:45:00,-17957.606355632277
2030-07-16 14:00:00,-16988.78704013747
2030-07-16 14:15:00,-17040.89354232118
2030-07-16 14:30:00,-16698.001827806955
2030-07-16 14:45:00,-15802.31284671238
2030-07-16 15:00:00,-15111.640785400588
2030-07-16 15:15:00,-14756.82785994338
2030-07-16 15:30:00,-14221.94943609408
2030-07-16 15:45:00,-13130.660647163317
2030-07-16 16:00:00,-11329.196016826254
2030-07-16 16:15:00,-10837.579049243355
2030-07-16 16:30:00,-9467.848210493536
2030-07-16 16:45:00,-8048.946559597751
2030-07-16 17:00:00,-6182.000380689624
2030-07-16 17:15:00,-4646.580577989278
2030-07-16 17:30:00,-2889.083132945021
2030-07-16 17:45:00,-1115.0758683597287
2030-07-16 18:00:00,0.0
2030-07-16 18:15:00,0.0
2030-07-16 18:30:00,0.0
2030-07-16 18:45:00,0.0
2030-07-16 19:00:00,0.0
2030-07-16 19:15:00,0.0
2030-07-16 19:30:00,0.0
2030-07-16 19:45:00,0.0
2030-07-16 20:00:00,0.0
2030-07-16 20:15:00,0.0
2030-07-16 20:30:00,0.0
2030-07-16 20:45:00,0.0
2030-07-16 21:00:00,0.0
2030-07-16 21:15:00,0.0
2030-07-16 21:30:00,0.0
2030-07-16 21:45:00,0.0
2030-07-16 22:00:00,0.0
2030-07-16 22:15:00,0.0
2030-07-16 22:30:00,0.0
2030-07-16 22:45:00,0.0
2030-07-16 23:00:00,0.0
2030-07-16 23:15:00,0.0
2030-07-16 23:30:00,0.0
2030-07-16 23:45:00,0.0
2030-07-17 00:00:00,0.0
2030-07-17 00:15:00,0.0
2030-07-17 00:30:00,0.0
2030-07-17 00:45:00,0.0
2030-07-17 01:00:00,0.0
2030-07-17 01:15:00,0.0
2030-07-17 01:30:00,0.0
2030-07-17 01:45:00,0.0
2030-07-17 02:00:00,0.0
2030-07-17 02:15:00,0.0
2030-07-17 02:30:00,0.0
2030-07-17 02:45:00,0.0
2030-07-17 03:00:00,0.0
2030-07-17 03:15:00,0.0
2030-07-17 03:30:00,0.0
2030-07-17 03:45:00,0.0
2030-07-17 04:00:00,0.0
2030-07-17 04:15:00,0.0
2030-07-17 04:30:00,0.0
2030-07-17 04:45:00,0.0
2030-07-17 05:00:00,0.0
2030-07-17 05:15:00,0.0
2030-07-17 05:30:00,0.0
2030-07-17 05:45:00,0.0
2030-07-17 06:00:00,0.0
2030-07-17 06:15:00,0.0
2030-07-17 06:30:00,0.0
2030-07-17 06:45:00,0.0
2030-07-17 07:00:00,0.0
2030-07-17 07:15:00,0.0
2030-07-17 07:30:00,0.0
2030-07-17 07:45:00,0.0
2030-07-17 08:00:00,0.0
2030-07-17 08:15:00,0.0
2030-07-17 08:30:00,0.0
2030-07-17 08:45:00,0.0
2030-07-17 09:00:00,0.0
2030-07-17 09:15:00,0.0
2030-07-17 09:30:00,0.0
2030-07-17 09:45:00,0.0
2030-07-17 10:00:00,0.0
2030-07-17 10:15:00,0.0
2030-07-17 10:30:00,0.0
2030-07-17 10:45:00,0.0
2030-07-17 11:00:00,0.0
2030-07-17 11:15:00,0.0
2030-07-17 11:30:00,0.0
2030-07-17 11:45:00,0.0
2030-07-17 12:00:00,0.0
2030-07-17 12:15:00,0.0
2030-07-17 12:30:00,0.0
2030-07-17 12:45:00,0.0
2030-07-17 13:00:00,0.0
2030-07-17 13:15:00,0.0
2030-07-17 13:30:00,0.0
2030-07-17 13:45:00,0.0
2030-07-17 14:00:00,0.0
2030-07-17 14:15:00,0.0
2030-07-17 14:30:00,0.0
2030-07-17 14:45:00,-4666.218402244034
2030-07-17 15:00:00,-10535.857898822065
2030-07-17 15:15:00,-9749.814010752147
2030-07-17 15:30:00,-8842.142424236303
2030-07-17 15:45:00,-7926.877668753539
2030-07-17 16:00:00,-6683.523917419938
2030-07-17 16:15:00,-5486.155394685255
2030-07-17 16:30:00,-4044.933769188061
2030-07-17 16:45:00,-2967.447216625351
2030-07-17 17:00:00,-1370.293277184046
2030-07-17 17:15:00,0.0
2030-07-17 17:30:00,0.0
2030-07-17 17:45:00,0.0
2030-07-17 18:00:00,0.0
2030-07-17 18:15:00,0.0
2030-07-17 18:30:00,0.0
2030-07-17 18:45:00,0.0
2030-07-17 19:00:00,0.0
2030-07-17 19:15:00,0.0
2030-07-17 19:30:00,0.0
2030-07-17 19:45:00,0.0
2030-07-17 20:00:00,0.0
2030-07-17 20:15:00,0.0
2030-07-17 20:30:00,0.0
2030-07-17 20:45:00,0.0
2030-07-17 21:00:00,0.0
2030-07-17 21:15:00,0.0
2030-07-17 21:30:00,0.0
2030-07-17 21:45:00,0.0
2030-07-17 22:00:00,0.0
2030-07-17 22:15:00,0.0
2030-07-17 22:30:00,0.0
2030-07-17 22:45:00,0.0
2030-07-17 23:00:00,0.0
2030-07-17 23:15:00,0.0
2030-07-17 23:30:00,0.0
2030-07-17 23:45:00,0.0
2030-07-18 00:00:00,0.0
2030-07-18 00:15:00,0.0
2030-07-18 00:30:00,0.0
2030-07-18 00:45:00,0.0
2030-07-18 01:00:00,0.0
2030-07-18 01:15:00,0.0
2030-07-18 01:30:00,0.0
2030-07-18 01:45:00,0.0
2030-07-18 02:00:00,0.0
2030-07-18 02:15:00,0.0
2030-07-18 02:30:00,0.0
2030-07-18 02:45:00,0.0
2030-07-18 03:00:00,0.0
2030-07-18 03:15:00,0.0
2030-07-18 03:30:00,0.0
2030-07-18 03:45:00,0.0
2030-07-18 04:00:00,0.0
2030-07-18 04:15:00,1126.4305806350967
2030-07-18 04:30:00,0.0
2030-07-18 04:45:00,0.0
2030-07-18 05:00:00,0.0
2030-07-18 05:15:00,0.0
2030-07-18 05:30:00,0.0
2030-07-18 05:45:00,0.0
2030-07-18 06:00:00,0.0
2030-07-18 06:15:00,0.0
2030-07-18 06:30:00,0.0
2030-07-18 06:45:00,0.0
2030-07-18 07:00:00,0.0
2030-07-18 07:15:00,0.0
2030-07-18 07:30:00,0.0
2030-07-18 07:45:00,0.0
2030-07-18 08:00:00,0.0
2030-07-18 08:15:00,0.0
2030-07-18 08:30:00,0.0
2030-07-18 08:45:00,0.0
2030-07-18 09:00:00,0.0
2030-07-18 09:15:00,0.0
2030-07-18 09:30:00,0.0
2030-07-18 09:45:00,0.0
2030-07-18 10:00:00,0.0
2030-07-18 10:15:00,0.0
2030-07-18 10:30:00,0.0
2030-07-18 10:45:00,0.0
2030-07-18 11:00:00,0.0
2030-07-18 11:15:00,0.0
2030-07-18 11:30:00,0.0
2030-07-18 11:45:00,0.0
2030-07-18 12:00:00,0.0
2030-07-18 12:15:00,0.0
2030-07-18 12:30:00,0.0
2030-07-18 12:45:00,0.0
2030-07-18 13:00:00,0.0
2030-07-18 13:15:00,0.0
2030-07-18 13:30:00,0.0
2030-07-18 13:45:00,0.0
2030-07-18 14:00:00,0.0
2030-07-18 14:15:00,0.0
2030-07-18 14:30:00,0.0
2030-07-18 14:45:00,0.0
2030-07-18 15:00:00,0.0
2030-07-18 15:15:00,0.0
2030-07-18 15:30:00,0.0
2030-07-18 15:45:00,0.0
2030-07-18 16:00:00,0.0
2030-07-18 16:15:00,0.0
2030-07-18 16:30:00,0.0
2030-07-18 16:45:00,0.0
2030-07-18 17:00:00,0.0
2030-07-18 17:15:00,0.0
2030-07-18 17:30:00,0.0
2030-07-18 17:45:00,0.0
2030-07-18 18:00:00,0.0
2030-07-18 18:15:00,0.0
2030-07-18 18:30:00,0.0
2030-07-18 18:45:00,0.0
2030-07-18 19:00:00,0.0
2030-07-18 19:15:00,0.0
2030-07-18 19:30:00,0.0
2030-07-18 19:45:00,0.0
2030-07-18 20:00:00,0.0
2030-07-18 20:15:00,0.0
2030-07-18 20:30:00,0.0
2030-07-18 20:45:00,0.0
2030-07-18 21:00:00,0.0
2030-07-18 21:15:00,0.0
2030-07-18 21:30:00,0.0
2030-07-18 21:45:00,0.0
2030-07-18 22:00:00,1911.8821572056895
2030-07-18 22:15:00,3213.4464278408705
2030-07-18 22:30:00,2920.281847592665
2030-07-18 22:45:00,2520.03207303216
2030-07-18 23:00:00,2142.881923721099
2030-07-18 23:15:00,1856.0446655326814
2030-07-18 23:30:00,1517.5844843813102
2030-07-18 23:45:00,1389.0133641016473
2030-07-19 00:00:00,1142.334498119908
2030-07-19 00:15:00,1041.9375209941336
2030-07-19 00:30:00,931.6076961129911
2030-07-19 00:45:00,817.9827040136206
2030-07-19 01:00:00,570.5380567052798
2030-07-19 01:15:00,463.1019513152369
2030-07-19 01:30:00,457.5771263697061
2030-07-19 01:45:00,341.00805210200633
2030-07-19 02:00:00,136.17111263748666
2030-07-19 02:15:00,84.52173441207742
2030-07-19 02:30:00,97.95248882238593
2030-07-19 02:45:00,45.319502035241385
2030-07-19 03:00:00,0.0
2030-07-19 03:15:00,0.0
2030-07-19 03:30:00,0.0
2030-07-19 03:45:00,0.0
2030-07-19 04:00:00,0.0
2030-07-19 04:15:00,0.0
2030-07-19 04:30:00,0.0
2030-07-19 04:45:00,0.0
2030-07-19 05:00:00,0.0
2030-07-19 05:15:00,0.0
2030-07-19 05:30:00,0.0
2030-07-19 05:45:00,0.0
2030-07-19 06:00:00,0.0
2030-07-19 06:15:00,0.0
2030-07-19 06:30:00,0.0
2030-07-19 06:45:00,0.0
2030-07-19 07:00:00,0.0
2030-07-19 07:15:00,0.0
2030-07-19 07:30:00,0.0
2030-07-19 07:45:00,0.0
2030-07-19 08:00:00,0.0
2030-07-19 08:15:00,0.0
2030-07-19 08:30:00,0.0
2030-07-19 08:45:00,0.0
2030-07-19 09:00:00,0.0
2030-07-19 09:15:00,0.0
2030-07-19 09:30:00,0.0
2030-07-19 09:45:00,0.0
2030-07-19 10:00:00,0.0
2030-07-19 10:15:00,0.0
2030-07-19 10:30:00,0.0
2030-07-19 10:45:00,0.0
2030-07-19 11:00:00,0.0
2030-07-19 11:15:00,0.0
2030-07-19 11:30:00,0.0
2030-07-19 11:45:00,0.0
2030-07-19 12:00:00,0.0
2030-07-19 12:15:00,0.0
2030-07-19 12:30:00,0.0
2030-07-19 12:45:00,0.0
2030-07-19 13:00:00,0.0
2030-07-19 13:15:00,0.0
2030-07-19 13:30:00,0.0
2030-07-19 13:45:00,0.0
2030-07-19 14:00:00,0.0
2030-07-19 14:15:00,0.0
2030-07-19 14:30:00,0.0
2030-07-19 14:45:00,0.0
2030-07-19 15:00:00,0.0
2030-07-19 15:15:00,0.0
2030-07-19 15:30:00,0.0
2030-07-19 15:45:00,0.0
2030-07-19 16:00:00,0.0
2030-07-19 16:15:00,0.0
2030-07-19 16:30:00,0.0
2030-07-19 16:45:00,0.0
2030-07-19 17:00:00,0.0
2030-07-19 17:15:00,0.0
2030-07-19 17:30:00,0.0
2030-07-19 17:45:00,0.0
2030-07-19 18:00:00,0.0
2030-07-19 18:15:00,0.0
2030-07-19 18:30:00,0.0
2030-07-19 18:45:00,0.0
2030-07-19 19:00:00,0.0
2030-07-19 19:15:00,0.0
2030-07-19 19:30:00,0.0
2030-07-19 19:45:00,0.0
2030-07-19 20:00:00,0.0
2030-07-19 20:15:00,0.0
2030-07-19 20:30:00,0.0
2030-07-19 20:45:00,0.0
2030-07-19 21:00:00,0.0
2030-07-19 21:15:00,0.0
2030-07-19 21:30:00,0.0
2030-07-19 21:45:00,0.0
2030-07-19 22:00:00,0.0
2030-07-19 22:15:00,0.0
2030-07-19 22:30:00,0.0
2030-07-19 22:45:00,0.0
2030-07-19 23:00:00,0.0
2030-07-19 23:15:00,0.0
2030-07-19 23:30:00,0.0
2030-07-19 23:45:00,0.0
2030-07-20 00:00:00,0.0
2030-07-20 00:15:00,0.0
2030-07-20 00:30:00,0.0
2030-07-20 00:45:00,0.0
2030-07-20 01:00:00,0.0
2030-07-20 01:15:00,0.0
2030-07-20 01:30:00,2011.5325745171995
2030-07-20 01:45:00,0.0
2030-07-20 02:00:00,0.0
2030-07-20 02:15:00,0.0
2030-07-20 02:30:00,0.0
2030-07-20 02:45:00,0.0
2030-07-20 03:00:00,0.0
2030-07-20 03:15:00,0.0
2030-07-20 03:30:00,0.0
2030-07-20 03:45:00,0.0
2030-07-20 04:00:00,0.0
2030-07-20 04:15:00,0.0
2030-07-20 04:30:00,0.0
2030-07-20 04:45:00,0.0
2030-07-20 05:00:00,0.0
2030-07-20 05:15:00,0.0
2030-07-20 05:30:00,0.0
2030-07-20 05:45:00,0.0
2030-07-20 06:00:00,0.0
2030-07-20 06:15:00,0.0
2030-07-20 06:30:00,0.0
2030-07-20 06:45:00,0.0
2030-07-20 07:00:00,0.0
2030-07-20 07:15:00,0.0
2030-07-20 07:30:00,0.0
2030-07-20 07:45:00,0.0
2030-07-20 08:00:00,0.0
2030-07-20 08:15:00,0.0
2030-07-20 08:30:00,0.0
2030-07-20 08:45:00,0.0
2030-07-20 09:00:00,0.0
2030-07-20 09:15:00,0.0
2030-07-20 09:30:00,0.0
2030-07-20 09:45:00,0.0
2030-07-20 10:00:00,0.0
2030-07-20 10:15:00,0.0
2030-07-20 10:30:00,0.0
2030-07-20 10:45:00,0.0
2030-07-20 11:00:00,0.0
2030-07-20 11:15:00,0.0
2030-07-20 11:30:00,0.0
2030-07-20 11:45:00,0.0
2030-07-20 12:00:00,0.0
2030-07-20 12:15:00,0.0
2030-07-20 12:30:00,0.0
2030-07-20 12:45:00,0.0
2030-07-20 13:00:00,0.0
2030-07-20 13:15:00,0.0
2030-07-20 13:30:00,0.0
2030-07-20 13:45:00,0.0
2030-07-20 14:00:00,0.0
2030-07-20 14:15:00,0.0
2030-07-20 14:30:00,0.0
2030-07-20 14:45:00,0.0
2030-07-20 15:00:00,0.0
2030-07-20 15:15:00,0.0
2030-07-20 15:30:00,0.0
2030-07-20 15:45:00,0.0
2030-07-20 16:00:00,0.0
2030-07-20 16:15:00,0.0
2030-07-20 16:30:00,0.0
2030-07-20 16:45:00,0.0
2030-07-20 17:00:00,0.0
2030-07-20 17:15:00,0.0
2030-07-20 17:30:00,0.0
2030-07-20 17:45:00,0.0
2030-07-20 18:00:00,0.0
2030-07-20 18:15:00,0.0
2030-07-20 18:30:00,0.0
2030-07-20 18:45:00,0.0
2030-07-20 19:00:00,0.0
2030-07-20 19:15:00,0.0
2030-07-20 19:30:00,0.0
2030-07-20 19:45:00,0.0
2030-07-20 20:00:00,0.0
2030-07-20 20:15:00,0.0
2030-07-20 20:30:00,0.0
2030-07-20 20:45:00,0.0
2030-07-20 21:00:00,0.0
2030-07-20 21:15:00,0.0
2030-07-20 21:30:00,0.0
2030-07-20 21:45:00,0.0
2030-07-20 22:00:00,0.0
2030-07-20 22:15:00,0.0
2030-07-20 22:30:00,0.0
2030-07-20 22:45:00,0.0
2030-07-20 23:00:00,0.0
2030-07-20 23:15:00,0.0
2030-07-20 23:30:00,0.0
2030-07-20 23:45:00,0.0
2030-07-21 00:00:00,5363.220147136311
2030-07-21 00:15:00,0.0
2030-07-21 00:30:00,0.0
2030-07-21 00:45:00,0.0
2030-07-21 01:00:00,0.0
2030-07-21 01:15:00,0.0
2030-07-21 01:30:00,0.0
2030-07-21 01:45:00,0.0
2030-07-21 02:00:00,0.0
2030-07-21 02:15:00,0.0
2030-07-21 02:30:00,0.0
2030-07-21 02:45:00,0.0
2030-07-21 03:00:00,0.0
2030-07-21 03:15:00,0.0
2030-07-21 03:30:00,0.0
2030-07-21 03:45:00,0.0
2030-07-21 04:00:00,0.0
2030-07-21 04:15:00,0.0
2030-07-21 04:30:00,0.0
2030-07-21 04:45:00,0.0
2030-07-21 05:00:00,0.0
2030-07-21 05:15:00,0.0
2030-07-21 05:30:00,0.0
2030-07-21 05:45:00,0.0
2030-07-21 06:00:00,0.0
2030-07-21 06:15:00,0.0
2030-07-21 06:30:00,0.0
2030-07-21 06:45:00,0.0
2030-07-21 07:00:00,0.0
2030-07-21 07:15:00,0.0
2030-07-21 07:30:00,0.0
2030-07-21 07:45:00,0.0
2030-07-21 08:00:00,0.0
2030-07-21 08:15:00,0.0
2030-07-21 08:30:00,0.0
2030-07-21 08:45:00,0.0
2030-07-21 09:00:00,0.0
2030-07-21 09:15:00,0.0
2030-07-21 09:30:00,0.0
2030-07-21 09:45:00,0.0
2030-07-21 10:00:00,0.0
2030-07-21 10:15:00,0.0
2030-07-21 10:30:00,0.0
2030-07-21 10:45:00,0.0
2030-07-21 11:00:00,0.0
2030-07-21 11:15:00,0.0
2030-07-21 11:30:00,0.0
2030-07-21 11:45:00,0.0
2030-07-21 12:00:00,0.0
2030-07-21 12:15:00,0.0
2030-07-21 12:30:00,0.0
2030-07-21 12:45:00,0.0
2030-07-21 13:00:00,0.0
2030-07-21 13:15:00,0.0
2030-07-21 13:30:00,0.0
2030-07-21 13:45:00,0.0
2030-07-21 14:00:00,0.0
2030-07-21 14:15:00,0.0
2030-07-21 14:30:00,0.0
2030-07-21 14:45:00,0.0
2030-07-21 15:00:00,0.0
2030-07-21 15:15:00,0.0
2030-07-21 15:30:00,0.0
2030-07-21 15:45:00,0.0
2030-07-21 16:00:00,0.0
2030-07-21 16:15:00,506.2379056491154
2030-07-21 16:30:00,0.0
2030-07-21 16:45:00,0.0
2030-07-21 17:00:00,0.0
2030-07-21 17:15:00,0.0
2030-07-21 17:30:00,0.0
2030-07-21 17:45:00,0.0
2030-07-21 18:00:00,0.0
2030-07-21 18:15:00,0.0
2030-07-21 18:30:00,0.0
2030-07-21 18:45:00,0.0
2030-07-21 19:00:00,0.0
2030-07-21 19:15:00,0.0
2030-07-21 19:30:00,0.0
2030-07-21 19:45:00,0.0
2030-07-21 20:00:00,0.0
2030-07-21 20:15:00,0.0
2030-07-21 20:30:00,0.0
2030-07-21 20:45:00,0.0
2030-07-21 21:00:00,0.0
2030-07-21 21:15:00,0.0
2030-07-21 21:30:00,0.0
2030-07-21 21:45:00,0.0
2030-07-21 22:00:00,0.0
2030-07-21 22:15:00,0.0
2030-07-21 22:30:00,0.0
2030-07-21 22:45:00,0.0
2030-07-21 23:00:00,0.0
2030-07-21 23:15:00,0.0
2030-07-21 23:30:00,0.0
2030-07-21 23:45:00,0.0
2030-07-22 00:00:00,0.0
2030-07-22 00:15:00,0.0
2030-07-22 00:30:00,0.0
2030-07-22 00:45:00,0.0
2030-07-22 01:00:00,0.0
2030-07-22 01:15:00,0.0
2030-07-22 01:30:00,0.0
2030-07-22 01:45:00,0.0
2030-07-22 02:00:00,0.0
2030-07-22 02:15:00,0.0
2030-07-22 02:30:00,0.0
2030-07-22 02:45:00,0.0
2030-07-22 03:00:00,0.0
2030-07-22 03:15:00,0.0
2030-07-22 03:30:00,0.0
2030-07-22 03:45:00,0.0
2030-07-22 04:00:00,0.0
2030-07-22 04:15:00,0.0
2030-07-22 04:30:00,0.0
2030-07-22 04:45:00,0.0
2030-07-22 05:00:00,0.0
2030-07-22 05:15:00,0.0
2030-07-22 05:30:00,0.0
2030-07-22 05:45:00,0.0
2030-07-22 06:00:00,0.0
2030-07-22 06:15:00,0.0
2030-07-22 06:30:00,0.0
2030-07-22 06:45:00,0.0
2030-07-22 07:00:00,0.0
2030-07-22 07:15:00,0.0
2030-07-22 07:30:00,0.0
2030-07-22 07:45:00,0.0
2030-07-22 08:00:00,0.0
2030-07-22 08:15:00,0.0
2030-07-22 08:30:00,0.0
2030-07-22 08:45:00,0.0
2030-07-22 09:00:00,0.0
2030-07-22 09:15:00,0.0
2030-07-22 09:30:00,0.0
2030-07-22 09:45:00,0.0
2030-07-22 10:00:00,0.0
2030-07-22 10:15:00,0.0
2030-07-22 10:30:00,0.0
2030-07-22 10:45:00,0.0
2030-07-22 11:00:00,0.0
2030-07-22 11:15:00,0.0
2030-07-22 11:30:00,0.0
2030-07-22 11:45:00,0.0
2030-07-22 12:00:00,0.0
2030-07-22 12:15:00,0.0
2030-07-22 12:30:00,0.0
2030-07-22 12:45:00,0.0
2030-07-22 13:00:00,0.0
2030-07-22 13:15:00,0.0
2030-07-22 13:30:00,0.0
2030-07-22 13:45:00,0.0
2030-07-22 14:00:00,0.0
2030-07-22 14:15:00,0.0
2030-07-22 14:30:00,0.0
2030-07-22 14:45:00,0.0
2030-07-22 15:00:00,0.0
2030-07-22 15:15:00,0.0
2030-07-22 15:30:00,0.0
2030-07-22 15:45:00,0.0
2030-07-22 16:00:00,0.0
2030-07-22 16:15:00,0.0
2030-07-22 16:30:00,0.0
2030-07-22 16:45:00,0.0
2030-07-22 17:00:00,0.0
2030-07-22 17:15:00,0.0
2030-07-22 17:30:00,0.0
2030-07-22 17:45:00,0.0
2030-07-22 18:00:00,0.0
2030-07-22 18:15:00,0.0
2030-07-22 18:30:00,0.0
2030-07-22 18:45:00,0.0
2030-07-22 19:00:00,0.0
2030-07-22 19:15:00,0.0
2030-07-22 19:30:00,0.0
2030-07-22 19:45:00,0.0
2030-07-22 20:00:00,0.0
2030-07-22 20:15:00,0.0
2030-07-22 20:30:00,0.0
2030-07-22 20:45:00,0.0
2030-07-22 21:00:00,0.0
2030-07-22 21:15:00,0.0
2030-07-22 21:30:00,0.0
2030-07-22 21:45:00,0.0
2030-07-22 22:00:00,0.0
2030-07-22 22:15:00,1107.1959822222234
2030-07-22 22:30:00,0.0
2030-07-22 22:45:00,0.0
2030-07-22 23:00:00,0.0
2030-07-22 23:15:00,0.0
2030-07-22 23:30:00,0.0
2030-07-22 23:45:00,0.0
2030-07-23 00:00:00,0.0
2030-07-23 00:15:00,0.0
2030-07-23 00:30:00,0.0
2030-07-23 00:45:00,0.0
2030-07-23 01:00:00,0.0
2030-07-23 01:15:00,0.0
2030-07-23 01:30:00,0.0
2030-07-23 01:45:00,0.0
2030-07-23 02:00:00,0.0
2030-07-23 02:15:00,0.0
2030-07-23 02:30:00,0.0
2030-07-23 02:45:00,0.0
2030-07-23 03:00:00,0.0
2030-07-23 03:15:00,0.0
2030-07-23 03:30:00,0.0
2030-07-23 03:45:00,0.0
2030-07-23 04:00:00,0.0
2030-07-23 04:15:00,0.0
2030-07-23 04:30:00,0.0
2030-07-23 04:45:00,0.0
2030-07-23 05:00:00,0.0
2030-07-23 05:15:00,0.0
2030-07-23 05:30:00,0.0
2030-07-23 05:45:00,0.0
2030-07-23 06:00:00,0.0
2030-07-23 06:15:00,0.0
2030-07-23 06:30:00,0.0
2030-07-23 06:45:00,0.0
2030-07-23 07:00:00,0.0
2030-07-23 07:15:00,0.0
2030-07-23 07:30:00,0.0
2030-07-23 07:45:00,0.0
2030-07-23 08:00:00,0.0
2030-07-23 08:15:00,0.0
2030-07-23 08:30:00,0.0
2030-07-23 08:45:00,0.0
2030-07-23 09:00:00,0.0
2030-07-23 09:15:00,0.0
2030-07-23 09:30:00,0.0
2030-07-23 09:45:00,0.0
2030-07-23 10:00:00,0.0
2030-07-23 10:15:00,0.0
2030-07-23 10:30:00,0.0
2030-07-23 10:45:00,0.0
2030-07-23 11:00:00,0.0
2030-07-23 11:15:00,0.0
2030-07-23 11:30:00,0.0
2030-07-23 11:45:00,0.0
2030-07-23 12:00:00,-588.5481616352918
2030-07-23 12:15:00,-26613.92833836382
2030-07-23 12:30:00,-26417.41795349444
2030-07-23 12:45:00,-25975.71366271913
2030-07-23 13:00:00,-25552.2306800102
2030-07-23 13:15:00,-25143.21913090749
2030-07-23 13:30:00,-24974.685799189712
2030-07-23 13:45:00,-24608.64439987042
2030-07-23 14:00:00,-24509.279602321403
2030-07-23 14:15:00,-24664.361350303923
2030-07-23 14:30:00,-24127.615344467544
2030-07-23 14:45:00,-23611.158595365396
2030-07-23 15:00:00,-22569.84188375192
2030-07-23 15:15:00,-21835.779414200544
2030-07-23 15:30:00,-20285.17759584309
2030-07-23 15:45:00,-19366.050288714483
2030-07-23 16:00:00,-18291.235696916156
2030-07-23 16:15:00,-17391.754485450798
2030-07-23 16:30:00,-16528.087581518128
2030-07-23 16:45:00,-15242.6390444773
2030-07-23 17:00:00,-13440.556649067803
2030-07-23 17:15:00,-11838.24603468351
2030-07-23 17:30:00,-9726.866099549394
2030-07-23 17:45:00,-7740.2760644633945
2030-07-23 18:00:00,-5591.227535776927
2030-07-23 18:15:00,-3998.623070667236
2030-07-23 18:30:00,-2581.0984279089807
2030-07-23 18:45:00,-1147.4954751283076
2030-07-23 19:00:00,0.0
2030-07-23 19:15:00,0.0
2030-07-23 19:30:00,0.0
2030-07-23 19:45:00,0.0
2030-07-23 20:00:00,0.0
2030-07-23 20:15:00,0.0
2030-07-23 20:30:00,0.0
2030-07-23 20:45:00,0.0
2030-07-23 21:00:00,0.0
2030-07-23 21:15:00,0.0
2030-07-23 21:30:00,0.0
2030-07-23 21:45:00,0.0
2030-07-23 22:00:00,0.0
2030-07-23 22:15:00,0.0
2030-07-23 22:30:00,0.0
2030-07-23 22:45:00,0.0
2030-07-23 23:00:00,0.0
2030-07-23 23:15:00,0.0
2030-07-23 23:30:00,0.0
2030-07-23 23:45:00,0.0
2030-07-24 00:00:00,0.0
2030-07-24 00:15:00,0.0
2030-07-24 00:30:00,0.0
2030-07-24 00:45:00,0.0
2030-07-24 01:00:00,0.0
2030-07-24 01:15:00,0.0
2030-07-24 01:30:00,0.0
2030-07-24 01:45:00,0.0
2030-07-24 02:00:00,0.0
2030-07-24 02:15:00,0.0
2030-07-24 02:30:00,0.0
2030-07-24 02:45:00,0.0
2030-07-24 03:00:00,0.0
2030-07-24 03:15:00,0.0
2030-07-24 03:30:00,0.0
2030-07-24 03:45:00,0.0
2030-07-24 04:00:00,0.0
2030-07-24 04:15:00,0.0
2030-07-24 04:30:00,0.0
2030-07-24 04:45:00,0.0
2030-07-24 05:00:00,0.0
2030-07-24 05:15:00,0.0
2030-07-24 05:30:00,0.0
2030-07-24 05:45:00,0.0
2030-07-24 06:00:00,0.0
2030-07-24 06:15:00,0.0
2030-07-24 06:30:00,0.0
2030-07-24 06:45:00,0.0
2030-07-24 07:00:00,0.0
2030-07-24 07:15:00,0.0
2030-07-24 07:30:00,0.0
2030-07-24 07:45:00,0.0
2030-07-24 08:00:00,0.0
2030-07-24 08:15:00,0.0
2030-07-24 08:30:00,0.0
2030-07-24 08:45:00,0.0
2030-07-24 09:00:00,0.0
2030-07-24 09:15:00,0.0
2030-07-24 09:30:00,0.0
2030-07-24 09:45:00,-13732.275312599377
2030-07-24 10:00:00,-16268.272296936215
2030-07-24 10:15:00,-17381.500732092063
2030-07-24 10:30:00,-18285.783333816984
2030-07-24 10:45:00,-18831.589389365472
2030-07-24 11:00:00,-18959.180701659407
2030-07-24 11:15:00,-19359.298594068423
2030-07-24 11:30:00,-19483.037993581715
2030-07-24 11:45:00,-19771.204241856318
2030-07-24 12:00:00,-20148.68197959481
2030-07-24 12:15:00,-20145.759591980866
2030-07-24 12:30:00,-19956.562562353265
2030-07-24 12:45:00,-19924.70317211906
2030-07-24 13:00:00,-19842.725707173464
2030-07-24 13:15:00,-19553.62742388243
2030-07-24 13:30:00,-19537.913181615808
2030-07-24 13:45:00,-19102.787648918864
2030-07-24 14:00:00,-18510.38353698501
2030-07-24 14:15:00,-17618.642261882833
2030-07-24 14:30:00,-16943.913059204006
2030-07-24 14:45:00,-16190.379242967181
2030-07-24 15:00:00,-14901.383655200974
2030-07-24 15:15:00,-14076.890124558544
2030-07-24 15:30:00,-13069.41308655779
2030-07-24 15:45:00,-11729.720390439656
2030-07-24 16:00:00,-9983.784732007687
2030-07-24 16:15:00,-8483.171462854392
2030-07-24 16:30:00,-6851.179168505398
2030-07-24 16:45:00,-5175.88481690823
2030-07-24 17:00:00,-3523.416986380813
2030-07-24 17:15:00,-2129.192966706243
2030-07-24 17:30:00,-464.1312348884567
2030-07-24 17:45:00,0.0
2030-07-24 18:00:00,0.0
2030-07-24 18:15:00,0.0
2030-07-24 18:30:00,0.0
2030-07-24 18:45:00,0.0
2030-07-24 19:00:00,0.0
2030-07-24 19:15:00,0.0
2030-07-24 19:30:00,0.0
2030-07-24 19:45:00,0.0
2030-07-24 20:00:00,0.0
2030-07-24 20:15:00,0.0
2030-07-24 20:30:00,0.0
2030-07-24 20:45:00,0.0
2030-07-24 21:00:00,0.0
2030-07-24 21:15:00,0.0
2030-07-24 21:30:00,0.0
2030-07-24 21:45:00,0.0
2030-07-24 22:00:00,0.0
2030-07-24 22:15:00,0.0
2030-07-24 22:30:00,0.0
2030-07-24 22:45:00,0.0
2030-07-24 23:00:00,0.0
2030-07-24 23:15:00,0.0
2030-07-24 23:30:00,0.0
2030-07-24 23:45:00,0.0
2030-07-25 00:00:00,0.0
2030-07-25 00:15:00,0.0
2030-07-25 00:30:00,0.0
2030-07-25 00:45:00,0.0
2030-07-25 01:00:00,0.0
2030-07-25 01:15:00,0.0
2030-07-25 01:30:00,0.0
2030-07-25 01:45:00,0.0
2030-07-25 02:00:00,0.0
2030-07-25 02:15:00,0.0
2030-07-25 02:30:00,0.0
2030-07-25 02:45:00,0.0
2030-07-25 03:00:00,0.0
2030-07-25 03:15:00,0.0
2030-07-25 03:30:00,0.0
2030-07-25 03:45:00,0.0
2030-07-25 04:00:00,0.0
2030-07-25 04:15:00,0.0
2030-07-25 04:30:00,0.0
2030-07-25 04:45:00,0.0
2030-07-25 05:00:00,0.0
2030-07-25 05:15:00,0.0
2030-07-25 05:30:00,0.0
2030-07-25 05:45:00,0.0
2030-07-25 06:00:00,0.0
2030-07-25 06:15:00,0.0
2030-07-25 06:30:00,0.0
2030-07-25 06:45:00,4406.7320353162995
2030-07-25 07:00:00,0.0
2030-07-25 07:15:00,0.0
2030-07-25 07:30:00,0.0
2030-07-25 07:45:00,0.0
2030-07-25 08:00:00,0.0
2030-07-25 08:15:00,0.0
2030-07-25 08:30:00,0.0
2030-07-25 08:45:00,0.0
2030-07-25 09:00:00,0.0
2030-07-25 09:15:00,0.0
2030-07-25 09:30:00,0.0
2030-07-25 09:45:00,0.0
2030-07-25 10:00:00,0.0
2030-07-25 10:15:00,0.0
2030-07-25 10:30:00,0.0
2030-07-25 10:45:00,0.0
2030-07-25 11:00:00,0.0
2030-07-25 11:15:00,0.0
2030-07-25 11:30:00,0.0
2030-07-25 11:45:00,0.0
2030-07-25 12:00:00,0.0
2030-07-25 12:15:00,0.0
2030-07-25 12:30:00,0.0
2030-07-25 12:45:00,0.0
2030-07-25 13:00:00,0.0
2030-07-25 13:15:00,0.0
2030-07-25 13:30:00,0.0
2030-07-25 13:45:00,0.0
2030-07-25 14:00:00,0.0
2030-07-25 14:15:00,0.0
2030-07-25 14:30:00,0.0
2030-07-25 14:45:00,0.0
2030-07-25 15:00:00,0.0
2030-07-25 15:15:00,0.0
2030-07-25 15:30:00,0.0
2030-07-25 15:45:00,0.0
2030-07-25 16:00:00,0.0
2030-07-25 16:15:00,0.0
2030-07-25 16:30:00,-1358.6332190291832
2030-07-25 16:45:00,-3306.4147951768755
2030-07-25 17:00:00,-1855.8329592487644
2030-07-25 17:15:00,-1078.918710086673
2030-07-25 17:30:00,0.0
2030-07-25 17:45:00,0.0
2030-07-25 18:00:00,0.0
2030-07-25 18:15:00,0.0
2030-07-25 18:30:00,0.0
2030-07-25 18:45:00,0.0
2030-07-25 19:00:00,0.0
2030-07-25 19:15:00,0.0
2030-07-25 19:30:00,0.0
2030-07-25 19:45:00,0.0
2030-07-25 20:00:00,0.0
2030-07-25 20:15:00,0.0
2030-07-25 20:30:00,0.0
2030-07-25 20:45:00,0.0
2030-07-25 21:00:00,0.0
2030-07-25 21:15:00,0.0
2030-07-25 21:30:00,0.0
2030-07-25 21:45:00,0.0
2030-07-25 22:00:00,0.0
2030-07-25 22:15:00,0.0
2030-07-25 22:30:00,0.0
2030-07-25 22:45:00,0.0
2030-07-25 23:00:00,0.0
2030-07-25 23:15:00,0.0
2030-07-25 23:30:00,0.0
2030-07-25 23:45:00,0.0
2030-07-26 00:00:00,0.0
2030-07-26 00:15:00,0.0
2030-07-26 00:30:00,0.0
2030-07-26 00:45:00,0.0
2030-07-26 01:00:00,0.0
2030-07-26 01:15:00,0.0
2030-07-26 01:30:00,0.0
2030-07-26 01:45:00,0.0
2030-07-26 02:00:00,0.0
2030-07-26 02:15:00,0.0
2030-07-26 02:30:00,0.0
2030-07-26 02:45:00,0.0
2030-07-26 03:00:00,0.0
2030-07-26 03:15:00,0.0
2030-07-26 03:30:00,0.0
2030-07-26 03:45:00,0.0
2030-07-26 04:00:00,0.0
2030-07-26 04:15:00,0.0
2030-07-26 04:30:00,0.0
2030-07-26 04:45:00,0.0
2030-07-26 05:00:00,0.0
2030-07-26 05:15:00,0.0
2030-07-26 05:30:00,0.0
2030-07-26 05:45:00,0.0
2030-07-26 06:00:00,0.0
2030-07-26 06:15:00,0.0
2030-07-26 06:30:00,0.0
2030-07-26 06:45:00,0.0
2030-07-26 07:00:00,0.0
2030-07-26 07:15:00,0.0
2030-07-26 07:30:00,0.0
2030-07-26 07:45:00,0.0
2030-07-26 08:00:00,0.0
2030-07-26 08:15:00,0.0
2030-07-26 08:30:00,0.0
2030-07-26 08:45:00,0.0
2030-07-26 09:00:00,0.0
2030-07-26 09:15:00,0.0
2030-07-26 09:30:00,0.0
2030-07-26 09:45:00,0.0
2030-07-26 10:00:00,0.0
2030-07-26 10:15:00,0.0
2030-07-26 10:30:00,0.0
2030-07-26 10:45:00,0.0
2030-07-26 11:00:00,0.0
2030-07-26 11:15:00,-799.0938478571079
2030-07-26 11:30:00,-21048.52597351954
2030-07-26 11:45:00,-21062.006376569316
2030-07-26 12:00:00,-20977.264837888408
2030-07-26 12:15:00,-20766.66458631442
2030-07-26 12:30:00,-20582.392428793726
2030-07-26 12:45:00,-20330.519993084366
2030-07-26 13:00:00,-20915.70151293534
2030-07-26 13:15:00,-20823.366397914444
2030-07-26 13:30:00,-20324.042287669956
2030-07-26 13:45:00,-20184.262296701596
2030-07-26 14:00:00,-20050.705146182085
2030-07-26 14:15:00,-19204.14830286884
2030-07-26 14:30:00,-18312.724581655937
2030-07-26 14:45:00,-17466.231877027116
2030-07-26 15:00:00,-16708.83375304074
2030-07-26 15:15:00,-15819.996785789026
2030-07-26 15:30:00,-14811.261419204071
2030-07-26 15:45:00,-13543.58720609262
2030-07-26 16:00:00,-12090.19321174534
2030-07-26 16:15:00,-10154.102592113559
2030-07-26 16:30:00,-8262.733207358899
2030-07-26 16:45:00,-6720.659782071089
2030-07-26 17:00:00,-4883.9122813631875
2030-07-26 17:15:00,-2899.029617517939
2030-07-26 17:30:00,-853.2813609624245
2030-07-26 17:45:00,0.0
2030-07-26 18:00:00,0.0
2030-07-26 18:15:00,0.0
2030-07-26 18:30:00,0.0
2030-07-26 18:45:00,0.0
2030-07-26 19:00:00,0.0
2030-07-26 19:15:00,0.0
2030-07-26 19:30:00,0.0
2030-07-26 19:45:00,0.0
2030-07-26 20:00:00,0.0
2030-07-26 20:15:00,0.0
2030-07-26 20:30:00,0.0
2030-07-26 20:45:00,0.0
2030-07-26 21:00:00,0.0
2030-07-26 21:15:00,0.0
2030-07-26 21:30:00,0.0
2030-07-26 21:45:00,0.0
2030-07-26 22:00:00,0.0
2030-07-26 22:15:00,0.0
2030-07-26 22:30:00,0.0
2030-07-26 22:45:00,0.0
2030-07-26 23:00:00,0.0
2030-07-26 23:15:00,0.0
2030-07-26 23:30:00,0.0
2030-07-26 23:45:00,0.0
2030-07-27 00:00:00,0.0
2030-07-27 00:15:00,0.0
2030-07-27 00:30:00,0.0
2030-07-27 00:45:00,0.0
2030-07-27 01:00:00,0.0
2030-07-27 01:15:00,0.0
2030-07-27 01:30:00,0.0
2030-07-27 01:45:00,0.0
2030-07-27 02:00:00,0.0
2030-07-27 02:15:00,0.0
2030-07-27 02:30:00,0.0
2030-07-27 02:45:00,0.0
2030-07-27 03:00:00,0.0
2030-07-27 03:15:00,0.0
2030-07-27 03:30:00,0.0
2030-07-27 03:45:00,0.0
2030-07-27 04:00:00,0.0
2030-07-27 04:15:00,0.0
2030-07-27 04:30:00,0.0
2030-07-27 04:45:00,0.0
2030-07-27 05:00:00,0.0
2030-07-27 05:15:00,0.0
2030-07-27 05:30:00,0.0
2030-07-27 05:45:00,0.0
2030-07-27 06:00:00,0.0
2030-07-27 06:15:00,0.0
2030-07-27 06:30:00,0.0
2030-07-27 06:45:00,0.0
2030-07-27 07:00:00,0.0
2030-07-27 07:15:00,0.0
2030-07-27 07:30:00,0.0
2030-07-27 07:45:00,0.0
2030-07-27 08:00:00,0.0
2030-07-27 08:15:00,0.0
2030-07-27 08:30:00,0.0
2030-07-27 08:45:00,0.0
2030-07-27 09:00:00,0.0
2030-07-27 09:15:00,0.0
2030-07-27 09:30:00,0.0
2030-07-27 09:45:00,0.0
2030-07-27 10:00:00,0.0
2030-07-27 10:15:00,0.0
2030-07-27 10:30:00,0.0
2030-07-27 10:45:00,0.0
2030-07-27 11:00:00,0.0
2030-07-27 11:15:00,0.0
2030-07-27 11:30:00,0.0
2030-07-27 11:45:00,0.0
2030-07-27 12:00:00,0.0
2030-07-27 12:15:00,-5610.668650036503
2030-07-27 12:30:00,-16748.413605530463
2030-07-27 12:45:00,-16588.30715246744
2030-07-27 13:00:00,-16140.459778149856
2030-07-27 13:15:00,-15541.954956559588
2030-07-27 13:30:00,-14950.094964993852
2030-07-27 13:45:00,-14687.669203195375
2030-07-27 14:00:00,-14427.74912939571
2030-07-27 14:15:00,-13647.31260031426
2030-07-27 14:30:00,-13232.338148640043
2030-07-27 14:45:00,-12528.330630458397
2030-07-27 15:00:00,-11682.65687472064
2030-07-27 15:15:00,-11244.135558927344
2030-07-27 15:30:00,-10826.065431900635
2030-07-27 15:45:00,-10126.733610394818
2030-07-27 16:00:00,-8986.571842939582
2030-07-27 16:15:00,-8269.46933374105
2030-07-27 16:30:00,-7169.232597716193
2030-07-27 16:45:00,-5542.624515837862
2030-07-27 17:00:00,-3818.195278667754
2030-07-27 17:15:00,-2667.037740885291
2030-07-27 17:30:00,-1650.8236623150879
2030-07-27 17:45:00,-649.0451953546908
2030-07-27 18:00:00,0.0
2030-07-27 18:15:00,0.0
2030-07-27 18:30:00,0.0
2030-07-27 18:45:00,0.0
2030-07-27 19:00:00,0.0
2030-07-27 19:15:00,0.0
2030-07-27 19:30:00,0.0
2030-07-27 19:45:00,0.0
2030-07-27 20:00:00,0.0
2030-07-27 20:15:00,0.0
2030-07-27 20:30:00,0.0
2030-07-27 20:45:00,0.0
2030-07-27 21:00:00,0.0
2030-07-27 21:15:00,0.0
2030-07-27 21:30:00,0.0
2030-07-27 21:45:00,0.0
2030-07-27 22:00:00,0.0
2030-07-27 22:15:00,0.0
2030-07-27 22:30:00,0.0
2030-07-27 22:45:00,0.0
2030-07-27 23:00:00,0.0
2030-07-27 23:15:00,0.0
2030-07-27 23:30:00,0.0
2030-07-27 23:45:00,0.0
2030-07-28 00:00:00,0.0
2030-07-28 00:15:00,0.0
2030-07-28 00:30:00,0.0
2030-07-28 00:45:00,0.0
2030-07-28 01:00:00,0.0
2030-07-28 01:15:00,0.0
2030-07-28 01:30:00,0.0
2030-07-28 01:45:00,0.0
2030-07-28 02:00:00,0.0
2030-07-28 02:15:00,0.0
2030-07-28 02:30:00,0.0
2030-07-28 02:45:00,0.0
2030-07-28 03:00:00,0.0
2030-07-28 03:15:00,0.0
2030-07-28 03:30:00,0.0
2030-07-28 03:45:00,0.0
2030-07-28 04:00:00,-1060.6357154662146
2030-07-28 04:15:00,-1284.455659171139
2030-07-28 04:30:00,-1249.335417340746
2030-07-28 04:45:00,-1588.1790662631574
2030-07-28 05:00:00,-1620.9802939304082
2030-07-28 05:15:00,-1914.2685815753848
2030-07-28 05:30:00,-2234.5669013049464
2030-07-28 05:45:00,-2504.274651055797
2030-07-28 06:00:00,-2529.8650245544595
2030-07-28 06:15:00,-2909.2715386468844
2030-07-28 06:30:00,-3492.347564222753
2030-07-28 06:45:00,-3975.289921691772
2030-07-28 07:00:00,-4751.882745792049
2030-07-28 07:15:00,-5592.320038947033
2030-07-28 07:30:00,-6333.813862917628
2030-07-28 07:45:00,-7578.826848993387
2030-07-28 08:00:00,-8348.892841088586
2030-07-28 08:15:00,-9719.626152543966
2030-07-28 08:30:00,-10661.451623124995
2030-07-28 08:45:00,-11698.79762475914
2030-07-28 09:00:00,-12635.596013958235
2030-07-28 09:15:00,-12767.730888605041
2030-07-28 09:30:00,-13350.817764141542
2030-07-28 09:45:00,-13793.813484076927
2030-07-28 10:00:00,-14197.159311834348
2030-07-28 10:15:00,-14621.546191217094
2030-07-28 10:30:00,-14994.812307049124
2030-07-28 10:45:00,-14918.26090532127
2030-07-28 11:00:00,-15120.260965570138
2030-07-28 11:15:00,-15474.781965895047
2030-07-28 11:30:00,-15625.677181058934
2030-07-28 11:45:00,-15658.95800061159
2030-07-28 12:00:00,-15361.587963495098
2030-07-28 12:15:00,-14908.126516772216
2030-07-28 12:30:00,-14911.75294157071
2030-07-28 12:45:00,-14948.745021240742
2030-07-28 13:00:00,-14622.944075760028
2030-07-28 13:15:00,-14455.787349253638
2030-07-28 13:30:00,-14480.24484399143
2030-07-28 13:45:00,-13971.696378711076
2030-07-28 14:00:00,-13284.127206923094
2030-07-28 14:15:00,-12512.801218966837
2030-07-28 14:30:00,-12144.90601177948
2030-07-28 14:45:00,-11324.928475276327
2030-07-28 15:00:00,-10229.655688039984
2030-07-28 15:15:00,-8841.978026225963
2030-07-28 15:30:00,-7015.9085756111635
2030-07-28 15:45:00,-5761.451739192216
2030-07-28 16:00:00,-4405.687109780854
2030-07-28 16:15:00,-3100.5470057187886
2030-07-28 16:30:00,-2039.532441599862
2030-07-28 16:45:00,-761.3376522305371
2030-07-28 17:00:00,0.0
2030-07-28 17:15:00,0.0
2030-07-28 17:30:00,0.0
2030-07-28 17:45:00,0.0
2030-07-28 18:00:00,0.0
2030-07-28 18:15:00,0.0
2030-07-28 18:30:00,0.0
2030-07-28 18:45:00,0.0
2030-07-28 19:00:00,0.0
2030-07-28 19:15:00,0.0
2030-07-28 19:30:00,0.0
2030-07-28 19:45:00,0.0
2030-07-28 20:00:00,0.0
2030-07-28 20:15:00,0.0
2030-07-28 20:30:00,0.0
2030-07-28 20:45:00,0.0
2030-07-28 21:00:00,0.0
2030-07-28 21:15:00,0.0
2030-07-28 21:30:00,0.0
2030-07-28 21:45:00,0.0
2030-07-28 22:00:00,0.0
2030-07-28 22:15:00,0.0
2030-07-28 22:30:00,0.0
2030-07-28 22:45:00,0.0
2030-07-28 23:00:00,0.0
2030-07-28 23:15:00,0.0
2030-07-28 23:30:00,0.0
2030-07-28 23:45:00,0.0
2030-07-29 00:00:00,0.0
2030-07-29 00:15:00,0.0
2030-07-29 00:30:00,0.0
2030-07-29 00:45:00,0.0
2030-07-29 01:00:00,0.0
2030-07-29 01:15:00,0.0
2030-07-29 01:30:00,0.0
2030-07-29 01:45:00,0.0
2030-07-29 02:00:00,0.0
2030-07-29 02:15:00,0.0
2030-07-29 02:30:00,0.0
2030-07-29 02:45:00,0.0
2030-07-29 03:00:00,0.0
2030-07-29 03:15:00,0.0
2030-07-29 03:30:00,0.0
2030-07-29 03:45:00,0.0
2030-07-29 04:00:00,0.0
2030-07-29 04:15:00,0.0
2030-07-29 04:30:00,0.0
2030-07-29 04:45:00,0.0
2030-07-29 05:00:00,0.0
2030-07-29 05:15:00,0.0
2030-07-29 05:30:00,0.0
2030-07-29 05:45:00,0.0
2030-07-29 06:00:00,0.0
2030-07-29 06:15:00,0.0
2030-07-29 06:30:00,0.0
2030-07-29 06:45:00,0.0
2030-07-29 07:00:00,0.0
2030-07-29 07:15:00,0.0
2030-07-29 07:30:00,0.0
2030-07-29 07:45:00,0.0
2030-07-29 08:00:00,0.0
2030-07-29 08:15:00,0.0
2030-07-29 08:30:00,0.0
2030-07-29 08:45:00,0.0
2030-07-29 09:00:00,0.0
2030-07-29 09:15:00,0.0
2030-07-29 09:30:00,0.0
2030-07-29 09:45:00,-12619.142803560539
2030-07-29 10:00:00,-20469.54455363163
2030-07-29 10:15:00,-21309.487839833182
2030-07-29 10:30:00,-21740.471651141565
2030-07-29 10:45:00,-22310.855545095215
2030-07-29 11:00:00,-22789.746881372324
2030-07-29 11:15:00,-23041.0619312465
2030-07-29 11:30:00,-23070.90053447996
2030-07-29 11:45:00,-23166.26064351343
2030-07-29 12:00:00,-23165.59990217007
2030-07-29 12:15:00,-23480.533310989158
2030-07-29 12:30:00,-23588.884255543948
2030-07-29 12:45:00,-23502.2787103741
2030-07-29 13:00:00,-23752.974947899977
2030-07-29 13:15:00,-23925.267652330498
2030-07-29 13:30:00,-23909.96703763277
2030-07-29 13:45:00,-23596.506580352216
2030-07-29 14:00:00,-23038.248161332955
2030-07-29 14:15:00,-22818.695616502715
2030-07-29 14:30:00,-22175.665050408345
2030-07-29 14:45:00,-21675.116574580054
2030-07-29 15:00:00,-20049.558221620267
2030-07-29 15:15:00,-18788.86739979547
2030-07-29 15:30:00,-17955.912274264483
2030-07-29 15:45:00,-17117.581124836935
2030-07-29 16:00:00,-15521.475591987748
2030-07-29 16:15:00,-14478.226845183883
2030-07-29 16:30:00,-13462.639062957489
2030-07-29 16:45:00,-11923.203575016889
2030-07-29 17:00:00,-10603.358819419815
2030-07-29 17:15:00,-9231.192691509152
2030-07-29 17:30:00,-7180.128187718852
2030-07-29 17:45:00,-5301.55659044441
2030-07-29 18:00:00,-3483.2387970528234
2030-07-29 18:15:00,-1900.1557285056424
2030-07-29 18:30:00,-591.5559896121977
2030-07-29 18:45:00,0.0
2030-07-29 19:00:00,0.0
2030-07-29 19:15:00,0.0
2030-07-29 19:30:00,0.0
2030-07-29 19:45:00,0.0
2030-07-29 20:00:00,0.0
2030-07-29 20:15:00,0.0
2030-07-29 20:30:00,0.0
2030-07-29 20:45:00,0.0
2030-07-29 21:00:00,0.0
2030-07-29 21:15:00,0.0
2030-07-29 21:30:00,0.0
2030-07-29 21:45:00,0.0
2030-07-29 22:00:00,0.0
2030-07-29 22:15:00,0.0
2030-07-29 22:30:00,0.0
2030-07-29 22:45:00,0.0
2030-07-29 23:00:00,0.0
2030-07-29 23:15:00,0.0
2030-07-29 23:30:00,0.0
2030-07-29 23:45:00,0.0
2030-07-30 00:00:00,0.0
2030-07-30 00:15:00,0.0
2030-07-30 00:30:00,0.0
2030-07-30 00:45:00,0.0
2030-07-30 01:00:00,0.0
2030-07-30 01:15:00,0.0
2030-07-30 01:30:00,0.0
2030-07-30 01:45:00,0.0
2030-07-30 02:00:00,0.0
2030-07-30 02:15:00,0.0
2030-07-30 02:30:00,0.0
2030-07-30 02:45:00,0.0
2030-07-30 03:00:00,0.0
2030-07-30 03:15:00,0.0
2030-07-30 03:30:00,0.0
2030-07-30 03:45:00,0.0
2030-07-30 04:00:00,0.0
2030-07-30 04:15:00,0.0
2030-07-30 04:30:00,0.0
2030-07-30 04:45:00,0.0
2030-07-30 05:00:00,0.0
2030-07-30 05:15:00,0.0
2030-07-30 05:30:00,0.0
2030-07-30 05:45:00,0.0
2030-07-30 06:00:00,0.0
2030-07-30 06:15:00,0.0
2030-07-30 06:30:00,0.0
2030-07-30 06:45:00,0.0
2030-07-30 07:00:00,0.0
2030-07-30 07:15:00,0.0
2030-07-30 07:30:00,0.0
2030-07-30 07:45:00,0.0
2030-07-30 08:00:00,0.0
2030-07-30 08:15:00,0.0
2030-07-30 08:30:00,0.0
2030-07-30 08:45:00,-9275.240444066425
2030-07-30 09:00:00,-14974.322700440469
2030-07-30 09:15:00,-16223.947334880491
2030-07-30 09:30:00,-17416.274398494294
2030-07-30 09:45:00,-18398.466685250474
2030-07-30 10:00:00,-19989.78303928167
2030-07-30 10:15:00,-21054.288235987195
2030-07-30 10:30:00,-21665.368171809358
2030-07-30 10:45:00,-22139.248062858405
2030-07-30 11:00:00,-22689.707234069705
2030-07-30 11:15:00,-22867.288527653294
2030-07-30 11:30:00,-22592.6141927511
2030-07-30 11:45:00,-22488.764395128277
2030-07-30 12:00:00,-22162.031357181855
2030-07-30 12:15:00,-21975.652739459758
2030-07-30 12:30:00,-21111.98866880763
2030-07-30 12:45:00,-20695.49664822939
2030-07-30 13:00:00,-21154.094067557282
2030-07-30 13:15:00,-21305.900556675908
2030-07-30 13:30:00,-20729.9292415217
2030-07-30 13:45:00,-20431.25096651794
2030-07-30 14:00:00,-19932.491029326062
2030-07-30 14:15:00,-19400.80353368492
2030-07-30 14:30:00,-18909.77324580938
2030-07-30 14:45:00,-18038.065571944964
2030-07-30 15:00:00,-17555.774126944143
2030-07-30 15:15:00,-17282.726139433005
2030-07-30 15:30:00,-16808.756726076048
2030-07-30 15:45:00,-16091.03040210762
2030-07-30 16:00:00,-14578.539346972164
2030-07-30 16:15:00,-13770.65627597192
2030-07-30 16:30:00,-12771.742848870088
2030-07-30 16:45:00,-11606.683318393652
2030-07-30 17:00:00,-10027.630581497395
2030-07-30 17:15:00,-8539.246488820396
2030-07-30 17:30:00,-6738.006028860093
2030-07-30 17:45:00,-4990.287952344866
2030-07-30 18:00:00,-2830.7478940785877
2030-07-30 18:15:00,-1267.003330513984
2030-07-30 18:30:00,0.0
2030-07-30 18:45:00,0.0
2030-07-30 19:00:00,0.0
2030-07-30 19:15:00,0.0
2030-07-30 19:30:00,0.0
2030-07-30 19:45:00,0.0
2030-07-30 20:00:00,0.0
2030-07-30 20:15:00,0.0
2030-07-30 20:30:00,0.0
2030-07-30 20:45:00,0.0
2030-07-30 21:00:00,0.0
2030-07-30 21:15:00,0.0
2030-07-30 21:30:00,0.0
2030-07-30 21:45:00,0.0
2030-07-30 22:00:00,0.0
2030-07-30 22:15:00,0.0
2030-07-30 22:30:00,0.0
2030-07-30 22:45:00,0.0
2030-07-30 23:00:00,0.0
2030-07-30 23:15:00,0.0
2030-07-30 23:30:00,0.0
2030-07-30 23:45:00,0.0
2030-07-31 00:00:00,0.0
2030-07-31 00:15:00,0.0
2030-07-31 00:30:00,0.0
2030-07-31 00:45:00,0.0
2030-07-31 01:00:00,0.0
2030-07-31 01:15:00,0.0
2030-07-31 01:30:00,0.0
2030-07-31 01:45:00,0.0
2030-07-31 02:00:00,0.0
2030-07-31 02:15:00,0.0
2030-07-31 02:30:00,0.0
2030-07-31 02:45:00,0.0
2030-07-31 03:00:00,0.0
2030-07-31 03:15:00,0.0
2030-07-31 03:30:00,0.0
2030-07-31 03:45:00,0.0
2030-07-31 04:00:00,0.0
2030-07-31 04:15:00,0.0
2030-07-31 04:30:00,0.0
2030-07-31 04:45:00,0.0
2030-07-31 05:00:00,0.0
2030-07-31 05:15:00,0.0
2030-07-31 05:30:00,0.0
2030-07-31 05:45:00,0.0
2030-07-31 06:00:00,0.0
2030-07-31 06:15:00,0.0
2030-07-31 06:30:00,0.0
2030-07-31 06:45:00,0.0
2030-07-31 07:00:00,0.0
2030-07-31 07:15:00,0.0
2030-07-31 07:30:00,0.0
2030-07-31 07:45:00,0.0
2030-07-31 08:00:00,0.0
2030-07-31 08:15:00,0.0
2030-07-31 08:30:00,0.0
2030-07-31 08:45:00,0.0
2030-07-31 09:00:00,0.0
2030-07-31 09:15:00,0.0
2030-07-31 09:30:00,0.0
2030-07-31 09:45:00,-15277.923697457823
2030-07-31 10:00:00,-16781.08508602084
2030-07-31 10:15:00,-17737.113643077002
2030-07-31 10:30:00,-18517.242369611307
2030-07-31 10:45:00,-18836.94783623725
2030-07-31 11:00:00,-19208.30155818004
2030-07-31 11:15:00,-19481.81317328634
2030-07-31 11:30:00,-19779.515214426312
2030-07-31 11:45:00,-19963.117230277312
2030-07-31 12:00:00,-19949.53912264856
2030-07-31 12:15:00,-19793.15934528449
2030-07-31 12:30:00,-19408.342036097958
2030-07-31 12:45:00,-19154.08285952612
2030-07-31 13:00:00,-18663.356363943272
2030-07-31 13:15:00,-18507.295604596875
2030-07-31 13:30:00,-18702.0505709509
2030-07-31 13:45:00,-18399.96468540738
2030-07-31 14:00:00,-17969.141026857324
2030-07-31 14:15:00,-16943.594840725567
2030-07-31 14:30:00,-16213.361902908498
2030-07-31 14:45:00,-15505.401070956479
2030-07-31 15:00:00,-14676.329646710248
2030-07-31 15:15:00,-13928.964220268193
2030-07-31 15:30:00,-12903.103334370615
2030-07-31 15:45:00,-11658.715968463472
2030-07-31 16:00:00,-10205.315470396683
2030-07-31 16:15:00,-8933.535897648897
2030-07-31 16:30:00,-7576.1958575426615
2030-07-31 16:45:00,-6153.300519237619
2030-07-31 17:00:00,-4730.668651312277
2030-07-31 17:15:00,-3088.450888762505
2030-07-31 17:30:00,-1362.6202859168297
2030-07-31 17:45:00,0.0
2030-07-31 18:00:00,0.0
2030-07-31 18:15:00,0.0
2030-07-31 18:30:00,0.0
2030-07-31 18:45:00,0.0
2030-07-31 19:00:00,0.0
2030-07-31 19:15:00,0.0
2030-07-31 19:30:00,0.0
2030-07-31 19:45:00,0.0
2030-07-31 20:00:00,0.0
2030-07-31 20:15:00,0.0
2030-07-31 20:30:00,0.0
2030-07-31 20:45:00,0.0
2030-07-31 21:00:00,0.0
2030-07-31 21:15:00,0.0
2030-07-31 21:30:00,0.0
2030-07-31 21:45:00,0.0
2030-07-31 22:00:00,0.0
2030-07-31 22:15:00,0.0
2030-07-31 22:30:00,0.0
2030-07-31 22:45:00,0.0
2030-07-31 23:00:00,0.0
2030-07-31 23:15:00,0.0
2030-07-31 23:30:00,0.0
2030-07-31 23:45:00,0.0
2030-08-01 00:00:00,0.0
2030-08-01 00:15:00,0.0
2030-08-01 00:30:00,0.0
2030-08-01 00:45:00,0.0
2030-08-01 01:00:00,0.0
2030-08-01 01:15:00,0.0
2030-08-01 01:30:00,0.0
2030-08-01 01:45:00,0.0
2030-08-01 02:00:00,0.0
2030-08-01 02:15:00,-2421.212087509666
2030-08-01 02:30:00,-4223.7171528228755
2030-08-01 02:45:00,-4212.7637268975195
2030-08-01 03:00:00,-4086.79139455567
2030-08-01 03:15:00,-3901.6391410226843
2030-08-01 03:30:00,-3735.419616431018
2030-08-01 03:45:00,-3634.4100224397607
2030-08-01 04:00:00,-3593.6628968864734
2030-08-01 04:15:00,-3282.2863330995515
2030-08-01 04:30:00,-3103.7501834317973
2030-08-01 04:45:00,-3154.272210816489
2030-08-01 05:00:00,-2956.5200637855814
2030-08-01 05:15:00,-2994.302094636754
2030-08-01 05:30:00,-2943.277328643626
2030-08-01 05:45:00,-3008.008138502284
2030-08-01 06:00:00,-2967.75999224143
2030-08-01 06:15:00,-3370.163315615955
2030-08-01 06:30:00,-3744.930977280408
2030-08-01 06:45:00,-4059.583434176635
2030-08-01 07:00:00,-4072.2987604082737
2030-08-01 07:15:00,-5061.616335863444
2030-08-01 07:30:00,-6195.454497708561
2030-08-01 07:45:00,-6449.966142005858
2030-08-01 08:00:00,-7476.032300856623
2030-08-01 08:15:00,-8319.790545088974
2030-08-01 08:30:00,-8731.327227688576
2030-08-01 08:45:00,-9513.884393172048
2030-08-01 09:00:00,-10654.648698203677
2030-08-01 09:15:00,-11655.566417881208
2030-08-01 09:30:00,-12364.022024297723
2030-08-01 09:45:00,-13045.560092084019
2030-08-01 10:00:00,-14164.187769957101
2030-08-01 10:15:00,-15230.681580477296
2030-08-01 10:30:00,-15964.643090128011
2030-08-01 10:45:00,-16517.297922688558
2030-08-01 11:00:00,-17038.46356744379
2030-08-01 11:15:00,-17197.31354941576
2030-08-01 11:30:00,-17276.77879694431
2030-08-01 11:45:00,-17027.81040899132
2030-08-01 12:00:00,-17630.507762387035
2030-08-01 12:15:00,-17637.865628656244
2030-08-01 12:30:00,-17373.377551708298
2030-08-01 12:45:00,-17219.32233032529
2030-08-01 13:00:00,-17832.406851870648
2030-08-01 13:15:00,-17305.460394748898
2030-08-01 13:30:00,-16939.77927144098
2030-08-01 13:45:00,-16713.293184504357
2030-08-01 14:00:00,-16418.898565873227
2030-08-01 14:15:00,-15776.073028466231
2030-08-01 14:30:00,-14977.424927893033
2030-08-01 14:45:00,-14418.090268624605
2030-08-01 15:00:00,-13019.420136399262
2030-08-01 15:15:00,-12392.561241967578
2030-08-01 15:30:00,-12115.466134113118
2030-08-01 15:45:00,-11682.03504260031
2030-08-01 16:00:00,-10271.304990344968
2030-08-01 16:15:00,-9116.233484002754
2030-08-01 16:30:00,-8573.238550798287
2030-08-01 16:45:00,-8049.0062119915965
2030-08-01 17:00:00,-6381.301347752891
2030-08-01 17:15:00,-4928.235507430221
2030-08-01 17:30:00,-3561.145197123118
2030-08-01 17:45:00,-1956.4538314219426
2030-08-01 18:00:00,-563.179966800275
2030-08-01 18:15:00,0.0
2030-08-01 18:30:00,0.0
2030-08-01 18:45:00,0.0
2030-08-01 19:00:00,0.0
2030-08-01 19:15:00,0.0
2030-08-01 19:30:00,0.0
2030-08-01 19:45:00,0.0
2030-08-01 20:00:00,0.0
2030-08-01 20:15:00,0.0
2030-08-01 20:30:00,0.0
2030-08-01 20:45:00,0.0
2030-08-01 21:00:00,0.0
2030-08-01 21:15:00,0.0
2030-08-01 21:30:00,0.0
2030-08-01 21:45:00,0.0
2030-08-01 22:00:00,0.0
2030-08-01 22:15:00,0.0
2030-08-01 22:30:00,0.0
2030-08-01 22:45:00,0.0
2030-08-01 23:00:00,0.0
2030-08-01 23:15:00,0.0
2030-08-01 23:30:00,0.0
2030-08-01 23:45:00,0.0
2030-08-02 00:00:00,0.0
2030-08-02 00:15:00,0.0
2030-08-02 00:30:00,0.0
2030-08-02 00:45:00,0.0
2030-08-02 01:00:00,0.0
2030-08-02 01:15:00,0.0
2030-08-02 01:30:00,0.0
2030-08-02 01:45:00,0.0
2030-08-02 02:00:00,0.0
2030-08-02 02:15:00,0.0
2030-08-02 02:30:00,0.0
2030-08-02 02:45:00,0.0
2030-08-02 03:00:00,0.0
2030-08-02 03:15:00,0.0
2030-08-02 03:30:00,0.0
2030-08-02 03:45:00,0.0
2030-08-02 04:00:00,0.0
2030-08-02 04:15:00,0.0
2030-08-02 04:30:00,0.0
2030-08-02 04:45:00,0.0
2030-08-02 05:00:00,0.0
2030-08-02 05:15:00,0.0
2030-08-02 05:30:00,0.0
2030-08-02 05:45:00,0.0
2030-08-02 06:00:00,0.0
2030-08-02 06:15:00,0.0
2030-08-02 06:30:00,0.0
2030-08-02 06:45:00,0.0
2030-08-02 07:00:00,0.0
2030-08-02 07:15:00,0.0
2030-08-02 07:30:00,0.0
2030-08-02 07:45:00,0.0
2030-08-02 08:00:00,0.0
2030-08-02 08:15:00,0.0
2030-08-02 08:30:00,0.0
2030-08-02 08:45:00,0.0
2030-08-02 09:00:00,0.0
2030-08-02 09:15:00,0.0
2030-08-02 09:30:00,0.0
2030-08-02 09:45:00,0.0
2030-08-02 10:00:00,0.0
2030-08-02 10:15:00,0.0
2030-08-02 10:30:00,0.0
2030-08-02 10:45:00,0.0
2030-08-02 11:00:00,0.0
2030-08-02 11:15:00,0.0
2030-08-02 11:30:00,0.0
2030-08-02 11:45:00,0.0
2030-08-02 12:00:00,0.0
2030-08-02 12:15:00,-7810.981930280406
2030-08-02 12:30:00,-20014.97880649473
2030-08-02 12:45:00,-19827.01425297661
2030-08-02 13:00:00,-19984.494371294342
2030-08-02 13:15:00,-20138.772273268798
2030-08-02 13:30:00,-19995.904887418303
2030-08-02 13:45:00,-19871.31475961326
2030-08-02 14:00:00,-19464.95062125136
2030-08-02 14:15:00,-18680.73945284352
2030-08-02 14:30:00,-17907.22517509025
2030-08-02 14:45:00,-16708.099082874396
2030-08-02 15:00:00,-15567.46200010227
2030-08-02 15:15:00,-14923.39493362285
2030-08-02 15:30:00,-14141.106017508439
2030-08-02 15:45:00,-13049.53247963509
2030-08-02 16:00:00,-12089.485737419025
2030-08-02 16:15:00,-10472.526368639432
2030-08-02 16:30:00,-9023.169067958159
2030-08-02 16:45:00,-7732.3394450023225
2030-08-02 17:00:00,-6156.908626581786
2030-08-02 17:15:00,-4722.93761774126
2030-08-02 17:30:00,-3217.234648009944
2030-08-02 17:45:00,-1898.9237804687873
2030-08-02 18:00:00,-585.6358209558821
2030-08-02 18:15:00,0.0
2030-08-02 18:30:00,0.0
2030-08-02 18:45:00,0.0
2030-08-02 19:00:00,0.0
2030-08-02 19:15:00,0.0
2030-08-02 19:30:00,0.0
2030-08-02 19:45:00,0.0
2030-08-02 20:00:00,0.0
2030-08-02 20:15:00,0.0
2030-08-02 20:30:00,0.0
2030-08-02 20:45:00,0.0
2030-08-02 21:00:00,0.0
2030-08-02 21:15:00,0.0
2030-08-02 21:30:00,0.0
2030-08-02 21:45:00,0.0
2030-08-02 22:00:00,0.0
2030-08-02 22:15:00,0.0
2030-08-02 22:30:00,0.0
2030-08-02 22:45:00,0.0
2030-08-02 23:00:00,0.0
2030-08-02 23:15:00,0.0
2030-08-02 23:30:00,0.0
2030-08-02 23:45:00,0.0
2030-08-03 00:00:00,0.0
2030-08-03 00:15:00,0.0
2030-08-03 00:30:00,0.0
2030-08-03 00:45:00,0.0
2030-08-03 01:00:00,0.0
2030-08-03 01:15:00,0.0
2030-08-03 01:30:00,0.0
2030-08-03 01:45:00,0.0
2030-08-03 02:00:00,0.0
2030-08-03 02:15:00,0.0
2030-08-03 02:30:00,0.0
2030-08-03 02:45:00,0.0
2030-08-03 03:00:00,0.0
2030-08-03 03:15:00,0.0
2030-08-03 03:30:00,0.0
2030-08-03 03:45:00,0.0
2030-08-03 04:00:00,0.0
2030-08-03 04:15:00,0.0
2030-08-03 04:30:00,0.0
2030-08-03 04:45:00,0.0
2030-08-03 05:00:00,0.0
2030-08-03 05:15:00,0.0
2030-08-03 05:30:00,0.0
2030-08-03 05:45:00,0.0
2030-08-03 06:00:00,0.0
2030-08-03 06:15:00,0.0
2030-08-03 06:30:00,0.0
2030-08-03 06:45:00,-55.268133884575946
2030-08-03 07:00:00,-6421.241823729495
2030-08-03 07:15:00,-7559.345405551299
2030-08-03 07:30:00,-8800.541663732525
2030-08-03 07:45:00,-10312.486315761846
2030-08-03 08:00:00,-11825.643732305001
2030-08-03 08:15:00,-13127.029401568136
2030-08-03 08:30:00,-14262.968761677366
2030-08-03 08:45:00,-15845.882305484207
2030-08-03 09:00:00,-17282.72418071624
2030-08-03 09:15:00,-18375.219257575754
2030-08-03 09:30:00,-19310.01026571312
2030-08-03 09:45:00,-20216.485009213284
2030-08-03 10:00:00,-21058.251161815224
2030-08-03 10:15:00,-21711.896683223047
2030-08-03 10:30:00,-22382.908219542376
2030-08-03 10:45:00,-22653.822022388536
2030-08-03 11:00:00,-23020.100266384703
2030-08-03 11:15:00,-23318.290120725054
2030-08-03 11:30:00,-23204.82888576288
2030-08-03 11:45:00,-23255.408011844218
2030-08-03 12:00:00,-23222.688770105164
2030-08-03 12:15:00,-23143.668611479436
2030-08-03 12:30:00,-22967.844558595865
2030-08-03 12:45:00,-22921.36300383222
2030-08-03 13:00:00,-22778.570823718812
2030-08-03 13:15:00,-22322.413077088764
2030-08-03 13:30:00,-21886.56493909882
2030-08-03 13:45:00,-21959.203210467538
2030-08-03 14:00:00,-21235.671967886832
2030-08-03 14:15:00,-20526.985520478578
2030-08-03 14:30:00,-19607.515214962776
2030-08-03 14:45:00,-18849.832709880175
2030-08-03 15:00:00,-17564.13009571982
2030-08-03 15:15:00,-16620.671344645627
2030-08-03 15:30:00,-15553.278459936464
2030-08-03 15:45:00,-14497.915999912617
2030-08-03 16:00:00,-12834.41660041361
2030-08-03 16:15:00,-11215.606753031327
2030-08-03 16:30:00,-9625.82913806826
2030-08-03 16:45:00,-8201.788793092372
2030-08-03 17:00:00,-6225.516540763238
2030-08-03 17:15:00,-4191.409443024557
2030-08-03 17:30:00,-2268.629051676562
2030-08-03 17:45:00,-684.0901907849802
2030-08-03 18:00:00,0.0
2030-08-03 18:15:00,0.0
2030-08-03 18:30:00,0.0
2030-08-03 18:45:00,0.0
2030-08-03 19:00:00,0.0
2030-08-03 19:15:00,0.0
2030-08-03 19:30:00,0.0
2030-08-03 19:45:00,0.0
2030-08-03 20:00:00,0.0
2030-08-03 20:15:00,0.0
2030-08-03 20:30:00,0.0
2030-08-03 20:45:00,0.0
2030-08-03 21:00:00,0.0
2030-08-03 21:15:00,0.0
2030-08-03 21:30:00,0.0
2030-08-03 21:45:00,0.0
2030-08-03 22:00:00,0.0
2030-08-03 22:15:00,0.0
2030-08-03 22:30:00,0.0
2030-08-03 22:45:00,0.0
2030-08-03 23:00:00,0.0
2030-08-03 23:15:00,0.0
2030-08-03 23:30:00,0.0
2030-08-03 23:45:00,0.0
2030-08-04 00:00:00,0.0
2030-08-04 00:15:00,0.0
2030-08-04 00:30:00,0.0
2030-08-04 00:45:00,0.0
2030-08-04 01:00:00,0.0
2030-08-04 01:15:00,0.0
2030-08-04 01:30:00,0.0
2030-08-04 01:45:00,0.0
2030-08-04 02:00:00,0.0
2030-08-04 02:15:00,0.0
2030-08-04 02:30:00,0.0
2030-08-04 02:45:00,0.0
2030-08-04 03:00:00,0.0
2030-08-04 03:15:00,0.0
2030-08-04 03:30:00,0.0
2030-08-04 03:45:00,0.0
2030-08-04 04:00:00,0.0
2030-08-04 04:15:00,0.0
2030-08-04 04:30:00,0.0
2030-08-04 04:45:00,0.0
2030-08-04 05:00:00,0.0
2030-08-04 05:15:00,0.0
2030-08-04 05:30:00,0.0
2030-08-04 05:45:00,0.0
2030-08-04 06:00:00,0.0
2030-08-04 06:15:00,0.0
2030-08-04 06:30:00,0.0
2030-08-04 06:45:00,0.0
2030-08-04 07:00:00,0.0
2030-08-04 07:15:00,0.0
2030-08-04 07:30:00,0.0
2030-08-04 07:45:00,0.0
2030-08-04 08:00:00,0.0
2030-08-04 08:15:00,0.0
2030-08-04 08:30:00,0.0
2030-08-04 08:45:00,0.0
2030-08-04 09:00:00,0.0
2030-08-04 09:15:00,0.0
2030-08-04 09:30:00,0.0
2030-08-04 09:45:00,0.0
2030-08-04 10:00:00,0.0
2030-08-04 10:15:00,0.0
2030-08-04 10:30:00,0.0
2030-08-04 10:45:00,0.0
2030-08-04 11:00:00,0.0
2030-08-04 11:15:00,0.0
2030-08-04 11:30:00,0.0
2030-08-04 11:45:00,0.0
2030-08-04 12:00:00,0.0
2030-08-04 12:15:00,0.0
2030-08-04 12:30:00,0.0
2030-08-04 12:45:00,0.0
2030-08-04 13:00:00,0.0
2030-08-04 13:15:00,0.0
2030-08-04 13:30:00,0.0
2030-08-04 13:45:00,0.0
2030-08-04 14:00:00,0.0
2030-08-04 14:15:00,0.0
2030-08-04 14:30:00,0.0
2030-08-04 14:45:00,0.0
2030-08-04 15:00:00,0.0
2030-08-04 15:15:00,0.0
2030-08-04 15:30:00,0.0
2030-08-04 15:45:00,0.0
2030-08-04 16:00:00,0.0
2030-08-04 16:15:00,0.0
2030-08-04 16:30:00,0.0
2030-08-04 16:45:00,0.0
2030-08-04 17:00:00,0.0
2030-08-04 17:15:00,0.0
2030-08-04 17:30:00,0.0
2030-08-04 17:45:00,0.0
2030-08-04 18:00:00,0.0
2030-08-04 18:15:00,0.0
2030-08-04 18:30:00,0.0
2030-08-04 18:45:00,0.0
2030-08-04 19:00:00,0.0
2030-08-04 19:15:00,0.0
2030-08-04 19:30:00,0.0
2030-08-04 19:45:00,0.0
2030-08-04 20:00:00,0.0
2030-08-04 20:15:00,0.0
2030-08-04 20:30:00,0.0
2030-08-04 20:45:00,0.0
2030-08-04 21:00:00,0.0
2030-08-04 21:15:00,0.0
2030-08-04 21:30:00,0.0
2030-08-04 21:45:00,0.0
2030-08-04 22:00:00,0.0
2030-08-04 22:15:00,0.0
2030-08-04 22:30:00,0.0
2030-08-04 22:45:00,0.0
2030-08-04 23:00:00,0.0
2030-08-04 23:15:00,0.0
2030-08-04 23:30:00,4993.369255285934
2030-08-04 23:45:00,0.0
2030-08-05 00:00:00,0.0
2030-08-05 00:15:00,0.0
2030-08-05 00:30:00,0.0
2030-08-05 00:45:00,0.0
2030-08-05 01:00:00,0.0
2030-08-05 01:15:00,0.0
2030-08-05 01:30:00,0.0
2030-08-05 01:45:00,0.0
2030-08-05 02:00:00,0.0
2030-08-05 02:15:00,0.0
2030-08-05 02:30:00,0.0
2030-08-05 02:45:00,0.0
2030-08-05 03:00:00,0.0
2030-08-05 03:15:00,0.0
2030-08-05 03:30:00,0.0
2030-08-05 03:45:00,0.0
2030-08-05 04:00:00,0.0
2030-08-05 04:15:00,0.0
2030-08-05 04:30:00,0.0
2030-08-05 04:45:00,0.0
2030-08-05 05:00:00,0.0
2030-08-05 05:15:00,0.0
2030-08-05 05:30:00,0.0
2030-08-05 05:45:00,0.0
2030-08-05 06:00:00,0.0
2030-08-05 06:15:00,0.0
2030-08-05 06:30:00,0.0
2030-08-05 06:45:00,0.0
2030-08-05 07:00:00,0.0
2030-08-05 07:15:00,0.0
2030-08-05 07:30:00,0.0
2030-08-05 07:45:00,0.0
2030-08-05 08:00:00,0.0
2030-08-05 08:15:00,0.0
2030-08-05 08:30:00,0.0
2030-08-05 08:45:00,0.0
2030-08-05 09:00:00,0.0
2030-08-05 09:15:00,0.0
2030-08-05 09:30:00,0.0
2030-08-05 09:45:00,0.0
2030-08-05 10:00:00,0.0
2030-08-05 10:15:00,0.0
2030-08-05 10:30:00,0.0
2030-08-05 10:45:00,0.0
2030-08-05 11:00:00,0.0
2030-08-05 11:15:00,0.0
2030-08-05 11:30:00,0.0
2030-08-05 11:45:00,0.0
2030-08-05 12:00:00,0.0
2030-08-05 12:15:00,0.0
2030-08-05 12:30:00,0.0
2030-08-05 12:45:00,0.0
2030-08-05 13:00:00,0.0
2030-08-05 13:15:00,0.0
2030-08-05 13:30:00,0.0
2030-08-05 13:45:00,0.0
2030-08-05 14:00:00,0.0
2030-08-05 14:15:00,0.0
2030-08-05 14:30:00,0.0
2030-08-05 14:45:00,-12885.972172807242
2030-08-05 15:00:00,-13869.313525497846
2030-08-05 15:15:00,-13042.748636767092
2030-08-05 15:30:00,-11788.993366354354
2030-08-05 15:45:00,-10762.739110743283
2030-08-05 16:00:00,-9695.188680692945
2030-08-05 16:15:00,-8302.981797255352
2030-08-05 16:30:00,-6861.85821585866
2030-08-05 16:45:00,-5233.6356831597805
2030-08-05 17:00:00,-3460.700540387741
2030-08-05 17:15:00,-1474.7068086608851
2030-08-05 17:30:00,0.0
2030-08-05 17:45:00,0.0
2030-08-05 18:00:00,0.0
2030-08-05 18:15:00,0.0
2030-08-05 18:30:00,0.0
2030-08-05 18:45:00,0.0
2030-08-05 19:00:00,0.0
2030-08-05 19:15:00,0.0
2030-08-05 19:30:00,0.0
2030-08-05 19:45:00,0.0
2030-08-05 20:00:00,0.0
2030-08-05 20:15:00,0.0
2030-08-05 20:30:00,0.0
2030-08-05 20:45:00,0.0
2030-08-05 21:00:00,0.0
2030-08-05 21:15:00,0.0
2030-08-05 21:30:00,0.0
2030-08-05 21:45:00,0.0
2030-08-05 22:00:00,0.0
2030-08-05 22:15:00,0.0
2030-08-05 22:30:00,0.0
2030-08-05 22:45:00,0.0
2030-08-05 23:00:00,0.0
2030-08-05 23:15:00,0.0
2030-08-05 23:30:00,0.0
2030-08-05 23:45:00,0.0
2030-08-06 00:00:00,0.0
2030-08-06 00:15:00,0.0
2030-08-06 00:30:00,0.0
2030-08-06 00:45:00,0.0
2030-08-06 01:00:00,0.0
2030-08-06 01:15:00,0.0
2030-08-06 01:30:00,0.0
2030-08-06 01:45:00,0.0
2030-08-06 02:00:00,0.0
2030-08-06 02:15:00,0.0
2030-08-06 02:30:00,0.0
2030-08-06 02:45:00,0.0
2030-08-06 03:00:00,0.0
2030-08-06 03:15:00,0.0
2030-08-06 03:30:00,0.0
2030-08-06 03:45:00,0.0
2030-08-06 04:00:00,0.0
2030-08-06 04:15:00,0.0
2030-08-06 04:30:00,0.0
2030-08-06 04:45:00,0.0
2030-08-06 05:00:00,0.0
2030-08-06 05:15:00,0.0
2030-08-06 05:30:00,0.0
2030-08-06 05:45:00,0.0
2030-08-06 06:00:00,0.0
2030-08-06 06:15:00,0.0
2030-08-06 06:30:00,0.0
2030-08-06 06:45:00,0.0
2030-08-06 07:00:00,0.0
2030-08-06 07:15:00,0.0
2030-08-06 07:30:00,0.0
2030-08-06 07:45:00,0.0
2030-08-06 08:00:00,0.0
2030-08-06 08:15:00,0.0
2030-08-06 08:30:00,0.0
2030-08-06 08:45:00,0.0
2030-08-06 09:00:00,0.0
2030-08-06 09:15:00,0.0
2030-08-06 09:30:00,0.0
2030-08-06 09:45:00,0.0
2030-08-06 10:00:00,0.0
2030-08-06 10:15:00,0.0
2030-08-06 10:30:00,0.0
2030-08-06 10:45:00,0.0
2030-08-06 11:00:00,0.0
2030-08-06 11:15:00,0.0
2030-08-06 11:30:00,0.0
2030-08-06 11:45:00,0.0
2030-08-06 12:00:00,-4079.830336927327
2030-08-06 12:15:00,-19449.43333313124
2030-08-06 12:30:00,-19248.15846535161
2030-08-06 12:45:00,-19108.370593702595
2030-08-06 13:00:00,-19265.10754870477
2030-08-06 13:15:00,-19333.398992334114
2030-08-06 13:30:00,-18990.491872902232
2030-08-06 13:45:00,-18596.051236923424
2030-08-06 14:00:00,-18626.601527735187
2030-08-06 14:15:00,-18334.606967289783
2030-08-06 14:30:00,-17698.03651021398
2030-08-06 14:45:00,-17201.68981699431
2030-08-06 15:00:00,-15882.860622523895
2030-08-06 15:15:00,-15083.470594991126
2030-08-06 15:30:00,-14341.103739631386
2030-08-06 15:45:00,-13259.125029468654
2030-08-06 16:00:00,-11396.85199190486
2030-08-06 16:15:00,-10243.064844879022
2030-08-06 16:30:00,-8830.724129967151
2030-08-06 16:45:00,-7248.060596955982
2030-08-06 17:00:00,-5376.249755510551
2030-08-06 17:15:00,-3686.6333877609977
2030-08-06 17:30:00,-2005.1181341978227
2030-08-06 17:45:00,-128.49228198178207
2030-08-06 18:00:00,0.0
2030-08-06 18:15:00,0.0
2030-08-06 18:30:00,0.0
2030-08-06 18:45:00,0.0
2030-08-06 19:00:00,0.0
2030-08-06 19:15:00,0.0
2030-08-06 19:30:00,0.0
2030-08-06 19:45:00,0.0
2030-08-06 20:00:00,0.0
2030-08-06 20:15:00,0.0
2030-08-06 20:30:00,0.0
2030-08-06 20:45:00,0.0
2030-08-06 21:00:00,0.0
2030-08-06 21:15:00,0.0
2030-08-06 21:30:00,0.0
2030-08-06 21:45:00,0.0
2030-08-06 22:00:00,0.0
2030-08-06 22:15:00,0.0
2030-08-06 22:30:00,0.0
2030-08-06 22:45:00,0.0
2030-08-06 23:00:00,0.0
2030-08-06 23:15:00,0.0
2030-08-06 23:30:00,0.0
2030-08-06 23:45:00,0.0
2030-08-07 00:00:00,0.0
2030-08-07 00:15:00,0.0
2030-08-07 00:30:00,0.0
2030-08-07 00:45:00,0.0
2030-08-07 01:00:00,0.0
2030-08-07 01:15:00,0.0
2030-08-07 01:30:00,0.0
2030-08-07 01:45:00,0.0
2030-08-07 02:00:00,0.0
2030-08-07 02:15:00,0.0
2030-08-07 02:30:00,0.0
2030-08-07 02:45:00,0.0
2030-08-07 03:00:00,0.0
2030-08-07 03:15:00,0.0
2030-08-07 03:30:00,0.0
2030-08-07 03:45:00,0.0
2030-08-07 04:00:00,0.0
2030-08-07 04:15:00,0.0
2030-08-07 04:30:00,0.0
2030-08-07 04:45:00,0.0
2030-08-07 05:00:00,0.0
2030-08-07 05:15:00,0.0
2030-08-07 05:30:00,0.0
2030-08-07 05:45:00,0.0
2030-08-07 06:00:00,0.0
2030-08-07 06:15:00,0.0
2030-08-07 06:30:00,0.0
2030-08-07 06:45:00,0.0
2030-08-07 07:00:00,0.0
2030-08-07 07:15:00,0.0
2030-08-07 07:30:00,0.0
2030-08-07 07:45:00,0.0
2030-08-07 08:00:00,0.0
2030-08-07 08:15:00,0.0
2030-08-07 08:30:00,-6684.113500551899
2030-08-07 08:45:00,-14782.48739258364
2030-08-07 09:00:00,-16087.050992587036
2030-08-07 09:15:00,-17180.95577603558
2030-08-07 09:30:00,-17996.165990076628
2030-08-07 09:45:00,-18663.98001144578
2030-08-07 10:00:00,-19471.880634611953
2030-08-07 10:15:00,-20110.824039814244
2030-08-07 10:30:00,-20477.569866791557
2030-08-07 10:45:00,-21079.03795019344
2030-08-07 11:00:00,-21303.088705185903
2030-08-07 11:15:00,-21668.54701375373
2030-08-07 11:30:00,-21738.368237385424
2030-08-07 11:45:00,-21614.16472793897
2030-08-07 12:00:00,-21957.04586359702
2030-08-07 12:15:00,-22061.29167971712
2030-08-07 12:30:00,-21799.37036108403
2030-08-07 12:45:00,-21257.072757212
2030-08-07 13:00:00,-20334.90162377233
2030-08-07 13:15:00,-19331.48140279214
2030-08-07 13:30:00,-18727.58202068451
2030-08-07 13:45:00,-18250.12050103873
2030-08-07 14:00:00,-17681.169707830933
2030-08-07 14:15:00,-17237.617144216823
2030-08-07 14:30:00,-16399.223988083137
2030-08-07 14:45:00,-15753.03265894702
2030-08-07 15:00:00,-15067.037189561768
2030-08-07 15:15:00,-14669.457149725069
2030-08-07 15:30:00,-14016.66665292321
2030-08-07 15:45:00,-12862.529970576306
2030-08-07 16:00:00,-11689.450775698366
2030-08-07 16:15:00,-11153.503508851467
2030-08-07 16:30:00,-10560.371309392547
2030-08-07 16:45:00,-9145.109546836808
2030-08-07 17:00:00,-7827.522898991632
2030-08-07 17:15:00,-6421.173385530368
2030-08-07 17:30:00,-4860.059679923495
2030-08-07 17:45:00,-3558.4987506674333
2030-08-07 18:00:00,-2613.161185852041
2030-08-07 18:15:00,-1292.1287136156716
2030-08-07 18:30:00,0.0
2030-08-07 18:45:00,0.0
2030-08-07 19:00:00,0.0
2030-08-07 19:15:00,0.0
2030-08-07 19:30:00,0.0
2030-08-07 19:45:00,0.0
2030-08-07 20:00:00,0.0
2030-08-07 20:15:00,0.0
2030-08-07 20:30:00,0.0
2030-08-07 20:45:00,0.0
2030-08-07 21:00:00,0.0
2030-08-07 21:15:00,0.0
2030-08-07 21:30:00,0.0
2030-08-07 21:45:00,0.0
2030-08-07 22:00:00,0.0
2030-08-07 22:15:00,0.0
2030-08-07 22:30:00,0.0
2030-08-07 22:45:00,0.0
2030-08-07 23:00:00,0.0
2030-08-07 23:15:00,0.0
2030-08-07 23:30:00,0.0
2030-08-07 23:45:00,0.0
2030-08-08 00:00:00,0.0
2030-08-08 00:15:00,0.0
2030-08-08 00:30:00,0.0
2030-08-08 00:45:00,0.0
2030-08-08 01:00:00,0.0
2030-08-08 01:15:00,0.0
2030-08-08 01:30:00,0.0
2030-08-08 01:45:00,0.0
2030-08-08 02:00:00,0.0
2030-08-08 02:15:00,0.0
2030-08-08 02:30:00,0.0
2030-08-08 02:45:00,0.0
2030-08-08 03:00:00,0.0
2030-08-08 03:15:00,0.0
2030-08-08 03:30:00,0.0
2030-08-08 03:45:00,0.0
2030-08-08 04:00:00,0.0
2030-08-08 04:15:00,0.0
2030-08-08 04:30:00,0.0
2030-08-08 04:45:00,0.0
2030-08-08 05:00:00,0.0
2030-08-08 05:15:00,0.0
2030-08-08 05:30:00,0.0
2030-08-08 05:45:00,0.0
2030-08-08 06:00:00,0.0
2030-08-08 06:15:00,0.0
2030-08-08 06:30:00,0.0
2030-08-08 06:45:00,0.0
2030-08-08 07:00:00,0.0
2030-08-08 07:15:00,0.0
2030-08-08 07:30:00,0.0
2030-08-08 07:45:00,0.0
2030-08-08 08:00:00,0.0
2030-08-08 08:15:00,0.0
2030-08-08 08:30:00,-4656.4410038017595
2030-08-08 08:45:00,-7093.514206607153
2030-08-08 09:00:00,-8911.509819475577
2030-08-08 09:15:00,-10310.18153898877
2030-08-08 09:30:00,-11273.592183584347
2030-08-08 09:45:00,-11932.994466939854
2030-08-08 10:00:00,-12929.07106881032
2030-08-08 10:15:00,-13672.864447659034
2030-08-08 10:30:00,-14347.84223058914
2030-08-08 10:45:00,-14764.07396843156
2030-08-08 11:00:00,-15236.996164462915
2030-08-08 11:15:00,-14946.107321669977
2030-08-08 11:30:00,-15490.756849051377
2030-08-08 11:45:00,-15845.107929058522
2030-08-08 12:00:00,-15729.456558616115
2030-08-08 12:15:00,-16035.397055202735
2030-08-08 12:30:00,-15866.62893291705
2030-08-08 12:45:00,-15739.110101778635
2030-08-08 13:00:00,-15630.318890316077
2030-08-08 13:15:00,-15664.191128541646
2030-08-08 13:30:00,-15912.08254064979
2030-08-08 13:45:00,-15905.297534710022
2030-08-08 14:00:00,-15250.268372720813
2030-08-08 14:15:00,-14710.05896916793
2030-08-08 14:30:00,-14022.594309605876
2030-08-08 14:45:00,-13798.346860198984
2030-08-08 15:00:00,-12316.273335028513
2030-08-08 15:15:00,-11394.26907823982
2030-08-08 15:30:00,-10581.087069171335
2030-08-08 15:45:00,-9970.383073631416
2030-08-08 16:00:00,-9110.45318868053
2030-08-08 16:15:00,-8023.023345551879
2030-08-08 16:30:00,-6884.766453463402
2030-08-08 16:45:00,-5555.33214981015
2030-08-08 17:00:00,-4208.966995357987
2030-08-08 17:15:00,-2719.141722778004
2030-08-08 17:30:00,-1219.3201718504279
2030-08-08 17:45:00,0.0
2030-08-08 18:00:00,0.0
2030-08-08 18:15:00,0.0
2030-08-08 18:30:00,0.0
2030-08-08 18:45:00,0.0
2030-08-08 19:00:00,0.0
2030-08-08 19:15:00,0.0
2030-08-08 19:30:00,0.0
2030-08-08 19:45:00,0.0
2030-08-08 20:00:00,0.0
2030-08-08 20:15:00,0.0
2030-08-08 20:30:00,0.0
2030-08-08 20:45:00,0.0
2030-08-08 21:00:00,0.0
2030-08-08 21:15:00,0.0
2030-08-08 21:30:00,0.0
2030-08-08 21:45:00,0.0
2030-08-08 22:00:00,0.0
2030-08-08 22:15:00,0.0
2030-08-08 22:30:00,0.0
2030-08-08 22:45:00,0.0
2030-08-08 23:00:00,0.0
2030-08-08 23:15:00,0.0
2030-08-08 23:30:00,0.0
2030-08-08 23:45:00,0.0
2030-08-09 00:00:00,0.0
2030-08-09 00:15:00,0.0
2030-08-09 00:30:00,0.0
2030-08-09 00:45:00,0.0
2030-08-09 01:00:00,0.0
2030-08-09 01:15:00,0.0
2030-08-09 01:30:00,0.0
2030-08-09 01:45:00,0.0
2030-08-09 02:00:00,0.0
2030-08-09 02:15:00,0.0
2030-08-09 02:30:00,0.0
2030-08-09 02:45:00,0.0
2030-08-09 03:00:00,0.0
2030-08-09 03:15:00,0.0
2030-08-09 03:30:00,0.0
2030-08-09 03:45:00,0.0
2030-08-09 04:00:00,0.0
2030-08-09 04:15:00,0.0
2030-08-09 04:30:00,0.0
2030-08-09 04:45:00,0.0
2030-08-09 05:00:00,0.0
2030-08-09 05:15:00,0.0
2030-08-09 05:30:00,0.0
2030-08-09 05:45:00,0.0
2030-08-09 06:00:00,0.0
2030-08-09 06:15:00,0.0
2030-08-09 06:30:00,0.0
2030-08-09 06:45:00,0.0
2030-08-09 07:00:00,0.0
2030-08-09 07:15:00,0.0
2030-08-09 07:30:00,0.0
2030-08-09 07:45:00,0.0
2030-08-09 08:00:00,0.0
2030-08-09 08:15:00,0.0
2030-08-09 08:30:00,0.0
2030-08-09 08:45:00,0.0
2030-08-09 09:00:00,0.0
2030-08-09 09:15:00,0.0
2030-08-09 09:30:00,0.0
2030-08-09 09:45:00,0.0
2030-08-09 10:00:00,0.0
2030-08-09 10:15:00,0.0
2030-08-09 10:30:00,0.0
2030-08-09 10:45:00,0.0
2030-08-09 11:00:00,0.0
2030-08-09 11:15:00,0.0
2030-08-09 11:30:00,0.0
2030-08-09 11:45:00,0.0
2030-08-09 12:00:00,0.0
2030-08-09 12:15:00,0.0
2030-08-09 12:30:00,0.0
2030-08-09 12:45:00,0.0
2030-08-09 13:00:00,0.0
2030-08-09 13:15:00,0.0
2030-08-09 13:30:00,0.0
2030-08-09 13:45:00,0.0
2030-08-09 14:00:00,0.0
2030-08-09 14:15:00,-5872.183292324815
2030-08-09 14:30:00,-7665.865749209006
2030-08-09 14:45:00,-6880.139934116127
2030-08-09 15:00:00,-5580.110340345662
2030-08-09 15:15:00,-4551.997676299834
2030-08-09 15:30:00,-3596.991810029511
2030-08-09 15:45:00,-2288.876781286741
2030-08-09 16:00:00,-1161.443137425198
2030-08-09 16:15:00,-63.697299694478716
2030-08-09 16:30:00,0.0
2030-08-09 16:45:00,0.0
2030-08-09 17:00:00,0.0
2030-08-09 17:15:00,0.0
2030-08-09 17:30:00,0.0
2030-08-09 17:45:00,0.0
2030-08-09 18:00:00,0.0
2030-08-09 18:15:00,0.0
2030-08-09 18:30:00,0.0
2030-08-09 18:45:00,0.0
2030-08-09 19:00:00,0.0
2030-08-09 19:15:00,0.0
2030-08-09 19:30:00,0.0
2030-08-09 19:45:00,0.0
2030-08-09 20:00:00,0.0
2030-08-09 20:15:00,0.0
2030-08-09 20:30:00,0.0
2030-08-09 20:45:00,0.0
2030-08-09 21:00:00,0.0
2030-08-09 21:15:00,0.0
2030-08-09 21:30:00,0.0
2030-08-09 21:45:00,0.0
2030-08-09 22:00:00,0.0
2030-08-09 22:15:00,0.0
2030-08-09 22:30:00,0.0
2030-08-09 22:45:00,0.0
2030-08-09 23:00:00,0.0
2030-08-09 23:15:00,0.0
2030-08-09 23:30:00,0.0
2030-08-09 23:45:00,0.0
2030-08-10 00:00:00,0.0
2030-08-10 00:15:00,0.0
2030-08-10 00:30:00,0.0
2030-08-10 00:45:00,0.0
2030-08-10 01:00:00,0.0
2030-08-10 01:15:00,0.0
2030-08-10 01:30:00,0.0
2030-08-10 01:45:00,0.0
2030-08-10 02:00:00,0.0
2030-08-10 02:15:00,0.0
2030-08-10 02:30:00,0.0
2030-08-10 02:45:00,0.0
2030-08-10 03:00:00,0.0
2030-08-10 03:15:00,0.0
2030-08-10 03:30:00,0.0
2030-08-10 03:45:00,0.0
2030-08-10 04:00:00,0.0
2030-08-10 04:15:00,6175.517301193066
2030-08-10 04:30:00,0.0
2030-08-10 04:45:00,0.0
2030-08-10 05:00:00,0.0
2030-08-10 05:15:00,0.0
2030-08-10 05:30:00,0.0
2030-08-10 05:45:00,0.0
2030-08-10 06:00:00,0.0
2030-08-10 06:15:00,0.0
2030-08-10 06:30:00,0.0
2030-08-10 06:45:00,0.0
2030-08-10 07:00:00,0.0
2030-08-10 07:15:00,0.0
2030-08-10 07:30:00,0.0
2030-08-10 07:45:00,0.0
2030-08-10 08:00:00,0.0
2030-08-10 08:15:00,0.0
2030-08-10 08:30:00,0.0
2030-08-10 08:45:00,0.0
2030-08-10 09:00:00,0.0
2030-08-10 09:15:00,0.0
2030-08-10 09:30:00,0.0
2030-08-10 09:45:00,0.0
2030-08-10 10:00:00,0.0
2030-08-10 10:15:00,0.0
2030-08-10 10:30:00,0.0
2030-08-10 10:45:00,0.0
2030-08-10 11:00:00,0.0
2030-08-10 11:15:00,0.0
2030-08-10 11:30:00,0.0
2030-08-10 11:45:00,0.0
2030-08-10 12:00:00,0.0
2030-08-10 12:15:00,0.0
2030-08-10 12:30:00,0.0
2030-08-10 12:45:00,0.0
2030-08-10 13:00:00,0.0
2030-08-10 13:15:00,0.0
2030-08-10 13:30:00,0.0
2030-08-10 13:45:00,0.0
2030-08-10 14:00:00,0.0
2030-08-10 14:15:00,0.0
2030-08-10 14:30:00,0.0
2030-08-10 14:45:00,0.0
2030-08-10 15:00:00,0.0
2030-08-10 15:15:00,0.0
2030-08-10 15:30:00,0.0
2030-08-10 15:45:00,0.0
2030-08-10 16:00:00,0.0
2030-08-10 16:15:00,0.0
2030-08-10 16:30:00,0.0
2030-08-10 16:45:00,0.0
2030-08-10 17:00:00,0.0
2030-08-10 17:15:00,0.0
2030-08-10 17:30:00,0.0
2030-08-10 17:45:00,0.0
2030-08-10 18:00:00,0.0
2030-08-10 18:15:00,0.0
2030-08-10 18:30:00,0.0
2030-08-10 18:45:00,0.0
2030-08-10 19:00:00,0.0
2030-08-10 19:15:00,0.0
2030-08-10 19:30:00,0.0
2030-08-10 19:45:00,0.0
2030-08-10 20:00:00,0.0
2030-08-10 20:15:00,0.0
2030-08-10 20:30:00,7605.998037584517
2030-08-10 20:45:00,0.0
2030-08-10 21:00:00,0.0
2030-08-10 21:15:00,0.0
2030-08-10 21:30:00,0.0
2030-08-10 21:45:00,0.0
2030-08-10 22:00:00,0.0
2030-08-10 22:15:00,0.0
2030-08-10 22:30:00,0.0
2030-08-10 22:45:00,0.0
2030-08-10 23:00:00,0.0
2030-08-10 23:15:00,0.0
2030-08-10 23:30:00,0.0
2030-08-10 23:45:00,0.0
2030-08-11 00:00:00,0.0
2030-08-11 00:15:00,0.0
2030-08-11 00:30:00,0.0
2030-08-11 00:45:00,0.0
2030-08-11 01:00:00,0.0
2030-08-11 01:15:00,0.0
2030-08-11 01:30:00,0.0
2030-08-11 01:45:00,0.0
2030-08-11 02:00:00,0.0
2030-08-11 02:15:00,0.0
2030-08-11 02:30:00,0.0
2030-08-11 02:45:00,0.0
2030-08-11 03:00:00,0.0
2030-08-11 03:15:00,0.0
2030-08-11 03:30:00,0.0
2030-08-11 03:45:00,0.0
2030-08-11 04:00:00,0.0
2030-08-11 04:15:00,0.0
2030-08-11 04:30:00,0.0
2030-08-11 04:45:00,0.0
2030-08-11 05:00:00,0.0
2030-08-11 05:15:00,0.0
2030-08-11 05:30:00,0.0
2030-08-11 05:45:00,0.0
2030-08-11 06:00:00,0.0
2030-08-11 06:15:00,0.0
2030-08-11 06:30:00,0.0
2030-08-11 06:45:00,0.0
2030-08-11 07:00:00,0.0
2030-08-11 07:15:00,0.0
2030-08-11 07:30:00,0.0
2030-08-11 07:45:00,0.0
2030-08-11 08:00:00,0.0
2030-08-11 08:15:00,0.0
2030-08-11 08:30:00,0.0
2030-08-11 08:45:00,0.0
2030-08-11 09:00:00,0.0
2030-08-11 09:15:00,0.0
2030-08-11 09:30:00,0.0
2030-08-11 09:45:00,0.0
2030-08-11 10:00:00,0.0
2030-08-11 10:15:00,0.0
2030-08-11 10:30:00,0.0
2030-08-11 10:45:00,0.0
2030-08-11 11:00:00,0.0
2030-08-11 11:15:00,0.0
2030-08-11 11:30:00,0.0
2030-08-11 11:45:00,0.0
2030-08-11 12:00:00,0.0
2030-08-11 12:15:00,0.0
2030-08-11 12:30:00,0.0
2030-08-11 12:45:00,0.0
2030-08-11 13:00:00,0.0
2030-08-11 13:15:00,0.0
2030-08-11 13:30:00,0.0
2030-08-11 13:45:00,0.0
2030-08-11 14:00:00,0.0
2030-08-11 14:15:00,0.0
2030-08-11 14:30:00,0.0
2030-08-11 14:45:00,0.0
2030-08-11 15:00:00,0.0
2030-08-11 15:15:00,0.0
2030-08-11 15:30:00,0.0
2030-08-11 15:45:00,0.0
2030-08-11 16:00:00,0.0
2030-08-11 16:15:00,0.0
2030-08-11 16:30:00,0.0
2030-08-11 16:45:00,0.0
2030-08-11 17:00:00,0.0
2030-08-11 17:15:00,0.0
2030-08-11 17:30:00,0.0
2030-08-11 17:45:00,0.0
2030-08-11 18:00:00,0.0
2030-08-11 18:15:00,0.0
2030-08-11 18:30:00,0.0
2030-08-11 18:45:00,0.0
2030-08-11 19:00:00,0.0
2030-08-11 19:15:00,0.0
2030-08-11 19:30:00,0.0
2030-08-11 19:45:00,0.0
2030-08-11 20:00:00,0.0
2030-08-11 20:15:00,0.0
2030-08-11 20:30:00,0.0
2030-08-11 20:45:00,0.0
2030-08-11 21:00:00,0.0
2030-08-11 21:15:00,0.0
2030-08-11 21:30:00,0.0
2030-08-11 21:45:00,0.0
2030-08-11 22:00:00,0.0
2030-08-11 22:15:00,0.0
2030-08-11 22:30:00,0.0
2030-08-11 22:45:00,0.0
2030-08-11 23:00:00,0.0
2030-08-11 23:15:00,0.0
2030-08-11 23:30:00,0.0
2030-08-11 23:45:00,0.0
2030-08-12 00:00:00,0.0
2030-08-12 00:15:00,0.0
2030-08-12 00:30:00,0.0
2030-08-12 00:45:00,0.0
2030-08-12 01:00:00,0.0
2030-08-12 01:15:00,0.0
2030-08-12 01:30:00,0.0
2030-08-12 01:45:00,0.0
2030-08-12 02:00:00,0.0
2030-08-12 02:15:00,0.0
2030-08-12 02:30:00,0.0
2030-08-12 02:45:00,0.0
2030-08-12 03:00:00,0.0
2030-08-12 03:15:00,0.0
2030-08-12 03:30:00,0.0
2030-08-12 03:45:00,0.0
2030-08-12 04:00:00,0.0
2030-08-12 04:15:00,0.0
2030-08-12 04:30:00,0.0
2030-08-12 04:45:00,0.0
2030-08-12 05:00:00,0.0
2030-08-12 05:15:00,0.0
2030-08-12 05:30:00,0.0
2030-08-12 05:45:00,0.0
2030-08-12 06:00:00,0.0
2030-08-12 06:15:00,0.0
2030-08-12 06:30:00,0.0
2030-08-12 06:45:00,0.0
2030-08-12 07:00:00,0.0
2030-08-12 07:15:00,0.0
2030-08-12 07:30:00,0.0
2030-08-12 07:45:00,0.0
2030-08-12 08:00:00,0.0
2030-08-12 08:15:00,0.0
2030-08-12 08:30:00,0.0
2030-08-12 08:45:00,0.0
2030-08-12 09:00:00,0.0
2030-08-12 09:15:00,0.0
2030-08-12 09:30:00,0.0
2030-08-12 09:45:00,0.0
2030-08-12 10:00:00,0.0
2030-08-12 10:15:00,0.0
2030-08-12 10:30:00,0.0
2030-08-12 10:45:00,0.0
2030-08-12 11:00:00,0.0
2030-08-12 11:15:00,0.0
2030-08-12 11:30:00,0.0
2030-08-12 11:45:00,0.0
2030-08-12 12:00:00,0.0
2030-08-12 12:15:00,0.0
2030-08-12 12:30:00,0.0
2030-08-12 12:45:00,0.0
2030-08-12 13:00:00,0.0
2030-08-12 13:15:00,0.0
2030-08-12 13:30:00,0.0
2030-08-12 13:45:00,-13584.23792469527
2030-08-12 14:00:00,-18626.96814877216
2030-08-12 14:15:00,-18337.52617324502
2030-08-12 14:30:00,-18116.621410441872
2030-08-12 14:45:00,-17510.051076135373
2030-08-12 15:00:00,-16136.276276153727
2030-08-12 15:15:00,-14920.640678783802
2030-08-12 15:30:00,-13886.744789290125
2030-08-12 15:45:00,-12647.878631718135
2030-08-12 16:00:00,-11331.850572498435
2030-08-12 16:15:00,-9847.464254616161
2030-08-12 16:30:00,-8408.71725548055
2030-08-12 16:45:00,-7058.4682236330955
2030-08-12 17:00:00,-5134.11122908076
2030-08-12 17:15:00,-3711.6233928598704
2030-08-12 17:30:00,-2414.5642417705785
2030-08-12 17:45:00,-1098.6550912642087
2030-08-12 18:00:00,0.0
2030-08-12 18:15:00,0.0
2030-08-12 18:30:00,0.0
2030-08-12 18:45:00,0.0
2030-08-12 19:00:00,0.0
2030-08-12 19:15:00,0.0
2030-08-12 19:30:00,0.0
2030-08-12 19:45:00,0.0
2030-08-12 20:00:00,0.0
2030-08-12 20:15:00,0.0
2030-08-12 20:30:00,0.0
2030-08-12 20:45:00,0.0
2030-08-12 21:00:00,0.0
2030-08-12 21:15:00,0.0
2030-08-12 21:30:00,0.0
2030-08-12 21:45:00,0.0
2030-08-12 22:00:00,0.0
2030-08-12 22:15:00,0.0
2030-08-12 22:30:00,0.0
2030-08-12 22:45:00,0.0
2030-08-12 23:00:00,0.0
2030-08-12 23:15:00,0.0
2030-08-12 23:30:00,0.0
2030-08-12 23:45:00,0.0
2030-08-13 00:00:00,0.0
2030-08-13 00:15:00,0.0
2030-08-13 00:30:00,0.0
2030-08-13 00:45:00,0.0
2030-08-13 01:00:00,0.0
2030-08-13 01:15:00,0.0
2030-08-13 01:30:00,0.0
2030-08-13 01:45:00,0.0
2030-08-13 02:00:00,0.0
2030-08-13 02:15:00,0.0
2030-08-13 02:30:00,0.0
2030-08-13 02:45:00,0.0
2030-08-13 03:00:00,0.0
2030-08-13 03:15:00,0.0
2030-08-13 03:30:00,0.0
2030-08-13 03:45:00,0.0
2030-08-13 04:00:00,0.0
2030-08-13 04:15:00,0.0
2030-08-13 04:30:00,0.0
2030-08-13 04:45:00,0.0
2030-08-13 05:00:00,0.0
2030-08-13 05:15:00,0.0
2030-08-13 05:30:00,0.0
2030-08-13 05:45:00,0.0
2030-08-13 06:00:00,0.0
2030-08-13 06:15:00,0.0
2030-08-13 06:30:00,0.0
2030-08-13 06:45:00,0.0
2030-08-13 07:00:00,0.0
2030-08-13 07:15:00,0.0
2030-08-13 07:30:00,0.0
2030-08-13 07:45:00,0.0
2030-08-13 08:00:00,0.0
2030-08-13 08:15:00,0.0
2030-08-13 08:30:00,0.0
2030-08-13 08:45:00,0.0
2030-08-13 09:00:00,0.0
2030-08-13 09:15:00,0.0
2030-08-13 09:30:00,0.0
2030-08-13 09:45:00,0.0
2030-08-13 10:00:00,0.0
2030-08-13 10:15:00,0.0
2030-08-13 10:30:00,0.0
2030-08-13 10:45:00,0.0
2030-08-13 11:00:00,0.0
2030-08-13 11:15:00,0.0
2030-08-13 11:30:00,0.0
2030-08-13 11:45:00,0.0
2030-08-13 12:00:00,-4399.487911136459
2030-08-13 12:15:00,-8177.944086789459
2030-08-13 12:30:00,-7927.437039038061
2030-08-13 12:45:00,-7961.284995005057
2030-08-13 13:00:00,-7852.276561830244
2030-08-13 13:15:00,-7342.35344857651
2030-08-13 13:30:00,-6997.518917209507
2030-08-13 13:45:00,-6627.712493517094
2030-08-13 14:00:00,-6185.075051899454
2030-08-13 14:15:00,-5439.678012445544
2030-08-13 14:30:00,-4961.295042991767
2030-08-13 14:45:00,-4286.95768097066
2030-08-13 15:00:00,-3243.967600184331
2030-08-13 15:15:00,-2496.4245011671883
2030-08-13 15:30:00,-1731.6104166412388
2030-08-13 15:45:00,-874.4353298448132
2030-08-13 16:00:00,0.0
2030-08-13 16:15:00,0.0
2030-08-13 16:30:00,0.0
2030-08-13 16:45:00,0.0
2030-08-13 17:00:00,0.0
2030-08-13 17:15:00,0.0
2030-08-13 17:30:00,0.0
2030-08-13 17:45:00,0.0
2030-08-13 18:00:00,0.0
2030-08-13 18:15:00,0.0
2030-08-13 18:30:00,0.0
2030-08-13 18:45:00,0.0
2030-08-13 19:00:00,0.0
2030-08-13 19:15:00,0.0
2030-08-13 19:30:00,0.0
2030-08-13 19:45:00,0.0
2030-08-13 20:00:00,0.0
2030-08-13 20:15:00,0.0
2030-08-13 20:30:00,0.0
2030-08-13 20:45:00,0.0
2030-08-13 21:00:00,0.0
2030-08-13 21:15:00,0.0
2030-08-13 21:30:00,0.0
2030-08-13 21:45:00,0.0
2030-08-13 22:00:00,0.0
2030-08-13 22:15:00,0.0
2030-08-13 22:30:00,0.0
2030-08-13 22:45:00,0.0
2030-08-13 23:00:00,0.0
2030-08-13 23:15:00,0.0
2030-08-13 23:30:00,0.0
2030-08-13 23:45:00,0.0
2030-08-14 00:00:00,0.0
2030-08-14 00:15:00,0.0
2030-08-14 00:30:00,0.0
2030-08-14 00:45:00,0.0
2030-08-14 01:00:00,0.0
2030-08-14 01:15:00,0.0
2030-08-14 01:30:00,0.0
2030-08-14 01:45:00,0.0
2030-08-14 02:00:00,0.0
2030-08-14 02:15:00,0.0
2030-08-14 02:30:00,0.0
2030-08-14 02:45:00,0.0
2030-08-14 03:00:00,0.0
2030-08-14 03:15:00,0.0
2030-08-14 03:30:00,0.0
2030-08-14 03:45:00,0.0
2030-08-14 04:00:00,0.0
2030-08-14 04:15:00,0.0
2030-08-14 04:30:00,0.0
2030-08-14 04:45:00,0.0
2030-08-14 05:00:00,0.0
2030-08-14 05:15:00,0.0
2030-08-14 05:30:00,0.0
2030-08-14 05:45:00,0.0
2030-08-14 06:00:00,0.0
2030-08-14 06:15:00,0.0
2030-08-14 06:30:00,4983.578617049401
2030-08-14 06:45:00,0.0
2030-08-14 07:00:00,0.0
2030-08-14 07:15:00,0.0
2030-08-14 07:30:00,0.0
2030-08-14 07:45:00,0.0
2030-08-14 08:00:00,0.0
2030-08-14 08:15:00,0.0
2030-08-14 08:30:00,0.0
2030-08-14 08:45:00,0.0
2030-08-14 09:00:00,0.0
2030-08-14 09:15:00,0.0
2030-08-14 09:30:00,0.0
2030-08-14 09:45:00,0.0
2030-08-14 10:00:00,0.0
2030-08-14 10:15:00,0.0
2030-08-14 10:30:00,0.0
2030-08-14 10:45:00,0.0
2030-08-14 11:00:00,0.0
2030-08-14 11:15:00,0.0
2030-08-14 11:30:00,0.0
2030-08-14 11:45:00,0.0
2030-08-14 12:00:00,0.0
2030-08-14 12:15:00,0.0
2030-08-14 12:30:00,137.05817808215943
2030-08-14 12:45:00,0.0
2030-08-14 13:00:00,0.0
2030-08-14 13:15:00,0.0
2030-08-14 13:30:00,0.0
2030-08-14 13:45:00,0.0
2030-08-14 14:00:00,0.0
2030-08-14 14:15:00,0.0
2030-08-14 14:30:00,0.0
2030-08-14 14:45:00,0.0
2030-08-14 15:00:00,0.0
2030-08-14 15:15:00,0.0
2030-08-14 15:30:00,0.0
2030-08-14 15:45:00,0.0
2030-08-14 16:00:00,0.0
2030-08-14 16:15:00,0.0
2030-08-14 16:30:00,0.0
2030-08-14 16:45:00,0.0
2030-08-14 17:00:00,0.0
2030-08-14 17:15:00,0.0
2030-08-14 17:30:00,0.0
2030-08-14 17:45:00,0.0
2030-08-14 18:00:00,294.1878583911366
2030-08-14 18:15:00,987.3183253172683
2030-08-14 18:30:00,1411.4489762708472
2030-08-14 18:45:00,1892.9018678573593
2030-08-14 19:00:00,2241.039350425257
2030-08-14 19:15:00,2091.7003447221723
2030-08-14 19:30:00,2010.3340213015708
2030-08-14 19:45:00,1805.9797180829173
2030-08-14 20:00:00,1350.5349101201282
2030-08-14 20:15:00,960.8004741861878
2030-08-14 20:30:00,671.9039094138061
2030-08-14 20:45:00,299.5327548427704
2030-08-14 21:00:00,0.0
2030-08-14 21:15:00,0.0
2030-08-14 21:30:00,0.0
2030-08-14 21:45:00,0.0
2030-08-14 22:00:00,0.0
2030-08-14 22:15:00,0.0
2030-08-14 22:30:00,0.0
2030-08-14 22:45:00,0.0
2030-08-14 23:00:00,0.0
2030-08-14 23:15:00,0.0
2030-08-14 23:30:00,0.0
2030-08-14 23:45:00,0.0
2030-08-15 00:00:00,0.0
2030-08-15 00:15:00,0.0
2030-08-15 00:30:00,0.0
2030-08-15 00:45:00,0.0
2030-08-15 01:00:00,0.0
2030-08-15 01:15:00,0.0
2030-08-15 01:30:00,0.0
2030-08-15 01:45:00,0.0
2030-08-15 02:00:00,0.0
2030-08-15 02:15:00,0.0
2030-08-15 02:30:00,0.0
2030-08-15 02:45:00,0.0
2030-08-15 03:00:00,0.0
2030-08-15 03:15:00,0.0
2030-08-15 03:30:00,0.0
2030-08-15 03:45:00,0.0
2030-08-15 04:00:00,0.0
2030-08-15 04:15:00,0.0
2030-08-15 04:30:00,0.0
2030-08-15 04:45:00,0.0
2030-08-15 05:00:00,0.0
2030-08-15 05:15:00,0.0
2030-08-15 05:30:00,0.0
2030-08-15 05:45:00,0.0
2030-08-15 06:00:00,0.0
2030-08-15 06:15:00,0.0
2030-08-15 06:30:00,0.0
2030-08-15 06:45:00,0.0
2030-08-15 07:00:00,0.0
2030-08-15 07:15:00,0.0
2030-08-15 07:30:00,0.0
2030-08-15 07:45:00,0.0
2030-08-15 08:00:00,0.0
2030-08-15 08:15:00,0.0
2030-08-15 08:30:00,0.0
2030-08-15 08:45:00,0.0
2030-08-15 09:00:00,0.0
2030-08-15 09:15:00,0.0
2030-08-15 09:30:00,0.0
2030-08-15 09:45:00,0.0
2030-08-15 10:00:00,0.0
2030-08-15 10:15:00,0.0
2030-08-15 10:30:00,0.0
2030-08-15 10:45:00,0.0
2030-08-15 11:00:00,0.0
2030-08-15 11:15:00,0.0
2030-08-15 11:30:00,0.0
2030-08-15 11:45:00,0.0
2030-08-15 12:00:00,0.0
2030-08-15 12:15:00,0.0
2030-08-15 12:30:00,0.0
2030-08-15 12:45:00,0.0
2030-08-15 13:00:00,0.0
2030-08-15 13:15:00,0.0
2030-08-15 13:30:00,0.0
2030-08-15 13:45:00,0.0
2030-08-15 14:00:00,0.0
2030-08-15 14:15:00,0.0
2030-08-15 14:30:00,0.0
2030-08-15 14:45:00,0.0
2030-08-15 15:00:00,0.0
2030-08-15 15:15:00,0.0
2030-08-15 15:30:00,0.0
2030-08-15 15:45:00,0.0
2030-08-15 16:00:00,0.0
2030-08-15 16:15:00,0.0
2030-08-15 16:30:00,0.0
2030-08-15 16:45:00,0.0
2030-08-15 17:00:00,0.0
2030-08-15 17:15:00,0.0
2030-08-15 17:30:00,0.0
2030-08-15 17:45:00,1004.1140974582413
2030-08-15 18:00:00,0.0
2030-08-15 18:15:00,0.0
2030-08-15 18:30:00,512.5404277365287
2030-08-15 18:45:00,1165.3176476781573
2030-08-15 19:00:00,1642.351983029157
2030-08-15 19:15:00,1773.1845629622003
2030-08-15 19:30:00,1876.3872793276169
2030-08-15 19:45:00,2008.4545487285086
2030-08-15 20:00:00,1864.7758062810626
2030-08-15 20:15:00,1724.1659603056378
2030-08-15 20:30:00,1707.7822525165138
2030-08-15 20:45:00,1495.33262371801
2030-08-15 21:00:00,1555.5294162958617
2030-08-15 21:15:00,1442.8240765222708
2030-08-15 21:30:00,1090.9156502206388
2030-08-15 21:45:00,727.2552188781283
2030-08-15 22:00:00,324.8455736431333
2030-08-15 22:15:00,126.80940833630848
2030-08-15 22:30:00,0.0
2030-08-15 22:45:00,0.0
2030-08-15 23:00:00,0.0
2030-08-15 23:15:00,0.0
2030-08-15 23:30:00,0.0
2030-08-15 23:45:00,0.0
2030-08-16 00:00:00,0.0
2030-08-16 00:15:00,0.0
2030-08-16 00:30:00,0.0
2030-08-16 00:45:00,0.0
2030-08-16 01:00:00,0.0
2030-08-16 01:15:00,0.0
2030-08-16 01:30:00,0.0
2030-08-16 01:45:00,0.0
2030-08-16 02:00:00,0.0
2030-08-16 02:15:00,0.0
2030-08-16 02:30:00,0.0
2030-08-16 02:45:00,0.0
2030-08-16 03:00:00,0.0
2030-08-16 03:15:00,0.0
2030-08-16 03:30:00,0.0
2030-08-16 03:45:00,0.0
2030-08-16 04:00:00,0.0
2030-08-16 04:15:00,0.0
2030-08-16 04:30:00,0.0
2030-08-16 04:45:00,0.0
2030-08-16 05:00:00,0.0
2030-08-16 05:15:00,0.0
2030-08-16 05:30:00,0.0
2030-08-16 05:45:00,0.0
2030-08-16 06:00:00,0.0
2030-08-16 06:15:00,0.0
2030-08-16 06:30:00,0.0
2030-08-16 06:45:00,0.0
2030-08-16 07:00:00,0.0
2030-08-16 07:15:00,0.0
2030-08-16 07:30:00,0.0
2030-08-16 07:45:00,0.0
2030-08-16 08:00:00,0.0
2030-08-16 08:15:00,0.0
2030-08-16 08:30:00,0.0
2030-08-16 08:45:00,0.0
2030-08-16 09:00:00,0.0
2030-08-16 09:15:00,0.0
2030-08-16 09:30:00,0.0
2030-08-16 09:45:00,0.0
2030-08-16 10:00:00,0.0
2030-08-16 10:15:00,0.0
2030-08-16 10:30:00,0.0
2030-08-16 10:45:00,0.0
2030-08-16 11:00:00,0.0
2030-08-16 11:15:00,0.0
2030-08-16 11:30:00,0.0
2030-08-16 11:45:00,0.0
2030-08-16 12:00:00,0.0
2030-08-16 12:15:00,0.0
2030-08-16 12:30:00,0.0
2030-08-16 12:45:00,0.0
2030-08-16 13:00:00,0.0
2030-08-16 13:15:00,0.0
2030-08-16 13:30:00,0.0
2030-08-16 13:45:00,0.0
2030-08-16 14:00:00,0.0
2030-08-16 14:15:00,0.0
2030-08-16 14:30:00,0.0
2030-08-16 14:45:00,0.0
2030-08-16 15:00:00,0.0
2030-08-16 15:15:00,0.0
2030-08-16 15:30:00,0.0
2030-08-16 15:45:00,0.0
2030-08-16 16:00:00,0.0
2030-08-16 16:15:00,0.0
2030-08-16 16:30:00,0.0
2030-08-16 16:45:00,0.0
2030-08-16 17:00:00,0.0
2030-08-16 17:15:00,0.0
2030-08-16 17:30:00,0.0
2030-08-16 17:45:00,0.0
2030-08-16 18:00:00,0.0
2030-08-16 18:15:00,0.0
2030-08-16 18:30:00,0.0
2030-08-16 18:45:00,0.0
2030-08-16 19:00:00,0.0
2030-08-16 19:15:00,0.0
2030-08-16 19:30:00,0.0
2030-08-16 19:45:00,0.0
2030-08-16 20:00:00,0.0
2030-08-16 20:15:00,0.0
2030-08-16 20:30:00,0.0
2030-08-16 20:45:00,0.0
2030-08-16 21:00:00,0.0
2030-08-16 21:15:00,0.0
2030-08-16 21:30:00,0.0
2030-08-16 21:45:00,0.0
2030-08-16 22:00:00,0.0
2030-08-16 22:15:00,0.0
2030-08-16 22:30:00,0.0
2030-08-16 22:45:00,1484.9171530459462
2030-08-16 23:00:00,0.0
2030-08-16 23:15:00,0.0
2030-08-16 23:30:00,0.0
2030-08-16 23:45:00,0.0
2030-08-17 00:00:00,0.0
2030-08-17 00:15:00,0.0
2030-08-17 00:30:00,0.0
2030-08-17 00:45:00,0.0
2030-08-17 01:00:00,0.0
2030-08-17 01:15:00,0.0
2030-08-17 01:30:00,0.0
2030-08-17 01:45:00,0.0
2030-08-17 02:00:00,0.0
2030-08-17 02:15:00,0.0
2030-08-17 02:30:00,0.0
2030-08-17 02:45:00,0.0
2030-08-17 03:00:00,0.0
2030-08-17 03:15:00,0.0
2030-08-17 03:30:00,0.0
2030-08-17 03:45:00,0.0
2030-08-17 04:00:00,0.0
2030-08-17 04:15:00,0.0
2030-08-17 04:30:00,0.0
2030-08-17 04:45:00,0.0
2030-08-17 05:00:00,0.0
2030-08-17 05:15:00,0.0
2030-08-17 05:30:00,0.0
2030-08-17 05:45:00,0.0
2030-08-17 06:00:00,0.0
2030-08-17 06:15:00,0.0
2030-08-17 06:30:00,0.0
2030-08-17 06:45:00,0.0
2030-08-17 07:00:00,0.0
2030-08-17 07:15:00,0.0
2030-08-17 07:30:00,0.0
2030-08-17 07:45:00,0.0
2030-08-17 08:00:00,0.0
2030-08-17 08:15:00,0.0
2030-08-17 08:30:00,0.0
2030-08-17 08:45:00,0.0
2030-08-17 09:00:00,0.0
2030-08-17 09:15:00,0.0
2030-08-17 09:30:00,0.0
2030-08-17 09:45:00,0.0
2030-08-17 10:00:00,0.0
2030-08-17 10:15:00,0.0
2030-08-17 10:30:00,0.0
2030-08-17 10:45:00,0.0
2030-08-17 11:00:00,0.0
2030-08-17 11:15:00,0.0
2030-08-17 11:30:00,0.0
2030-08-17 11:45:00,0.0
2030-08-17 12:00:00,0.0
2030-08-17 12:15:00,0.0
2030-08-17 12:30:00,0.0
2030-08-17 12:45:00,0.0
2030-08-17 13:00:00,0.0
2030-08-17 13:15:00,0.0
2030-08-17 13:30:00,0.0
2030-08-17 13:45:00,0.0
2030-08-17 14:00:00,0.0
2030-08-17 14:15:00,0.0
2030-08-17 14:30:00,0.0
2030-08-17 14:45:00,0.0
2030-08-17 15:00:00,0.0
2030-08-17 15:15:00,0.0
2030-08-17 15:30:00,0.0
2030-08-17 15:45:00,0.0
2030-08-17 16:00:00,0.0
2030-08-17 16:15:00,0.0
2030-08-17 16:30:00,0.0
2030-08-17 16:45:00,0.0
2030-08-17 17:00:00,0.0
2030-08-17 17:15:00,0.0
2030-08-17 17:30:00,0.0
2030-08-17 17:45:00,0.0
2030-08-17 18:00:00,0.0
2030-08-17 18:15:00,0.0
2030-08-17 18:30:00,0.0
2030-08-17 18:45:00,0.0
2030-08-17 19:00:00,0.0
2030-08-17 19:15:00,0.0
2030-08-17 19:30:00,8151.74435234187
2030-08-17 19:45:00,1858.6567156558958
2030-08-17 20:00:00,1717.1410869700412
2030-08-17 20:15:00,1550.2356664431318
2030-08-17 20:30:00,1445.0917502549892
2030-08-17 20:45:00,1485.6756484463222
2030-08-17 21:00:00,1692.762837137101
2030-08-17 21:15:00,1660.8074744837413
2030-08-17 21:30:00,1313.5718435883446
2030-08-17 21:45:00,1007.9433528568916
2030-08-17 22:00:00,747.1263589857263
2030-08-17 22:15:00,642.3602276950751
2030-08-17 22:30:00,356.8146509356484
2030-08-17 22:45:00,144.43978428580158
2030-08-17 23:00:00,0.0
2030-08-17 23:15:00,0.0
2030-08-17 23:30:00,0.0
2030-08-17 23:45:00,0.0
2030-08-18 00:00:00,0.0
2030-08-18 00:15:00,0.0
2030-08-18 00:30:00,0.0
2030-08-18 00:45:00,0.0
2030-08-18 01:00:00,0.0
2030-08-18 01:15:00,0.0
2030-08-18 01:30:00,0.0
2030-08-18 01:45:00,0.0
2030-08-18 02:00:00,0.0
2030-08-18 02:15:00,0.0
2030-08-18 02:30:00,0.0
2030-08-18 02:45:00,0.0
2030-08-18 03:00:00,0.0
2030-08-18 03:15:00,0.0
2030-08-18 03:30:00,0.0
2030-08-18 03:45:00,0.0
2030-08-18 04:00:00,0.0
2030-08-18 04:15:00,0.0
2030-08-18 04:30:00,0.0
2030-08-18 04:45:00,0.0
2030-08-18 05:00:00,0.0
2030-08-18 05:15:00,0.0
2030-08-18 05:30:00,0.0
2030-08-18 05:45:00,0.0
2030-08-18 06:00:00,0.0
2030-08-18 06:15:00,0.0
2030-08-18 06:30:00,0.0
2030-08-18 06:45:00,0.0
2030-08-18 07:00:00,0.0
2030-08-18 07:15:00,0.0
2030-08-18 07:30:00,0.0
2030-08-18 07:45:00,0.0
2030-08-18 08:00:00,0.0
2030-08-18 08:15:00,0.0
2030-08-18 08:30:00,0.0
2030-08-18 08:45:00,0.0
2030-08-18 09:00:00,0.0
2030-08-18 09:15:00,0.0
2030-08-18 09:30:00,0.0
2030-08-18 09:45:00,0.0
2030-08-18 10:00:00,0.0
2030-08-18 10:15:00,0.0
2030-08-18 10:30:00,0.0
2030-08-18 10:45:00,0.0
2030-08-18 11:00:00,0.0
2030-08-18 11:15:00,0.0
2030-08-18 11:30:00,0.0
2030-08-18 11:45:00,0.0
2030-08-18 12:00:00,0.0
2030-08-18 12:15:00,0.0
2030-08-18 12:30:00,0.0
2030-08-18 12:45:00,0.0
2030-08-18 13:00:00,0.0
2030-08-18 13:15:00,0.0
2030-08-18 13:30:00,0.0
2030-08-18 13:45:00,0.0
2030-08-18 14:00:00,0.0
2030-08-18 14:15:00,0.0
2030-08-18 14:30:00,0.0
2030-08-18 14:45:00,0.0
2030-08-18 15:00:00,0.0
2030-08-18 15:15:00,0.0
2030-08-18 15:30:00,0.0
2030-08-18 15:45:00,0.0
2030-08-18 16:00:00,0.0
2030-08-18 16:15:00,0.0
2030-08-18 16:30:00,0.0
2030-08-18 16:45:00,0.0
2030-08-18 17:00:00,0.0
2030-08-18 17:15:00,0.0
2030-08-18 17:30:00,0.0
2030-08-18 17:45:00,0.0
2030-08-18 18:00:00,0.0
2030-08-18 18:15:00,0.0
2030-08-18 18:30:00,0.0
2030-08-18 18:45:00,0.0
2030-08-18 19:00:00,0.0
2030-08-18 19:15:00,0.0
2030-08-18 19:30:00,0.0
2030-08-18 19:45:00,0.0
2030-08-18 20:00:00,11683.181472565435
2030-08-18 20:15:00,1633.4749336900059
2030-08-18 20:30:00,1356.3071165217025
2030-08-18 20:45:00,1012.0128691037207
2030-08-18 21:00:00,657.2620351687256
2030-08-18 21:15:00,290.14179288497144
2030-08-18 21:30:00,0.0
2030-08-18 21:45:00,0.0
2030-08-18 22:00:00,0.0
2030-08-18 22:15:00,0.0
2030-08-18 22:30:00,0.0
2030-08-18 22:45:00,0.0
2030-08-18 23:00:00,0.0
2030-08-18 23:15:00,0.0
2030-08-18 23:30:00,0.0
2030-08-18 23:45:00,0.0
2030-08-19 00:00:00,0.0
2030-08-19 00:15:00,0.0
2030-08-19 00:30:00,0.0
2030-08-19 00:45:00,0.0
2030-08-19 01:00:00,0.0
2030-08-19 01:15:00,0.0
2030-08-19 01:30:00,0.0
2030-08-19 01:45:00,0.0
2030-08-19 02:00:00,0.0
2030-08-19 02:15:00,0.0
2030-08-19 02:30:00,0.0
2030-08-19 02:45:00,0.0
2030-08-19 03:00:00,0.0
2030-08-19 03:15:00,0.0
2030-08-19 03:30:00,0.0
2030-08-19 03:45:00,0.0
2030-08-19 04:00:00,0.0
2030-08-19 04:15:00,0.0
2030-08-19 04:30:00,0.0
2030-08-19 04:45:00,0.0
2030-08-19 05:00:00,0.0
2030-08-19 05:15:00,0.0
2030-08-19 05:30:00,0.0
2030-08-19 05:45:00,0.0
2030-08-19 06:00:00,0.0
2030-08-19 06:15:00,0.0
2030-08-19 06:30:00,0.0
2030-08-19 06:45:00,0.0
2030-08-19 07:00:00,0.0
2030-08-19 07:15:00,0.0
2030-08-19 07:30:00,0.0
2030-08-19 07:45:00,0.0
2030-08-19 08:00:00,0.0
2030-08-19 08:15:00,0.0
2030-08-19 08:30:00,0.0
2030-08-19 08:45:00,0.0
2030-08-19 09:00:00,0.0
2030-08-19 09:15:00,0.0
2030-08-19 09:30:00,0.0
2030-08-19 09:45:00,0.0
2030-08-19 10:00:00,0.0
2030-08-19 10:15:00,0.0
2030-08-19 10:30:00,0.0
2030-08-19 10:45:00,0.0
2030-08-19 11:00:00,0.0
2030-08-19 11:15:00,0.0
2030-08-19 11:30:00,0.0
2030-08-19 11:45:00,0.0
2030-08-19 12:00:00,0.0
2030-08-19 12:15:00,0.0
2030-08-19 12:30:00,0.0
2030-08-19 12:45:00,0.0
2030-08-19 13:00:00,0.0
2030-08-19 13:15:00,0.0
2030-08-19 13:30:00,0.0
2030-08-19 13:45:00,0.0
2030-08-19 14:00:00,0.0
2030-08-19 14:15:00,0.0
2030-08-19 14:30:00,0.0
2030-08-19 14:45:00,0.0
2030-08-19 15:00:00,0.0
2030-08-19 15:15:00,0.0
2030-08-19 15:30:00,0.0
2030-08-19 15:45:00,0.0
2030-08-19 16:00:00,0.0
2030-08-19 16:15:00,0.0
2030-08-19 16:30:00,0.0
2030-08-19 16:45:00,0.0
2030-08-19 17:00:00,0.0
2030-08-19 17:15:00,0.0
2030-08-19 17:30:00,0.0
2030-08-19 17:45:00,0.0
2030-08-19 18:00:00,0.0
2030-08-19 18:15:00,0.0
2030-08-19 18:30:00,0.0
2030-08-19 18:45:00,0.0
2030-08-19 19:00:00,0.0
2030-08-19 19:15:00,0.0
2030-08-19 19:30:00,0.0
2030-08-19 19:45:00,0.0
2030-08-19 20:00:00,0.0
2030-08-19 20:15:00,0.0
2030-08-19 20:30:00,0.0
2030-08-19 20:45:00,0.0
2030-08-19 21:00:00,0.0
2030-08-19 21:15:00,0.0
2030-08-19 21:30:00,0.0
2030-08-19 21:45:00,0.0
2030-08-19 22:00:00,0.0
2030-08-19 22:15:00,0.0
2030-08-19 22:30:00,0.0
2030-08-19 22:45:00,0.0
2030-08-19 23:00:00,0.0
2030-08-19 23:15:00,0.0
2030-08-19 23:30:00,0.0
2030-08-19 23:45:00,0.0
2030-08-20 00:00:00,0.0
2030-08-20 00:15:00,0.0
2030-08-20 00:30:00,0.0
2030-08-20 00:45:00,0.0
2030-08-20 01:00:00,0.0
2030-08-20 01:15:00,0.0
2030-08-20 01:30:00,0.0
2030-08-20 01:45:00,0.0
2030-08-20 02:00:00,0.0
2030-08-20 02:15:00,0.0
2030-08-20 02:30:00,0.0
2030-08-20 02:45:00,0.0
2030-08-20 03:00:00,0.0
2030-08-20 03:15:00,0.0
2030-08-20 03:30:00,0.0
2030-08-20 03:45:00,0.0
2030-08-20 04:00:00,0.0
2030-08-20 04:15:00,0.0
2030-08-20 04:30:00,0.0
2030-08-20 04:45:00,4237.362751465451
2030-08-20 05:00:00,0.0
2030-08-20 05:15:00,0.0
2030-08-20 05:30:00,0.0
2030-08-20 05:45:00,0.0
2030-08-20 06:00:00,0.0
2030-08-20 06:15:00,0.0
2030-08-20 06:30:00,0.0
2030-08-20 06:45:00,0.0
2030-08-20 07:00:00,0.0
2030-08-20 07:15:00,0.0
2030-08-20 07:30:00,0.0
2030-08-20 07:45:00,0.0
2030-08-20 08:00:00,0.0
2030-08-20 08:15:00,0.0
2030-08-20 08:30:00,0.0
2030-08-20 08:45:00,0.0
2030-08-20 09:00:00,0.0
2030-08-20 09:15:00,0.0
2030-08-20 09:30:00,0.0
2030-08-20 09:45:00,0.0
2030-08-20 10:00:00,0.0
2030-08-20 10:15:00,0.0
2030-08-20 10:30:00,0.0
2030-08-20 10:45:00,0.0
2030-08-20 11:00:00,0.0
2030-08-20 11:15:00,0.0
2030-08-20 11:30:00,0.0
2030-08-20 11:45:00,0.0
2030-08-20 12:00:00,0.0
2030-08-20 12:15:00,0.0
2030-08-20 12:30:00,0.0
2030-08-20 12:45:00,0.0
2030-08-20 13:00:00,0.0
2030-08-20 13:15:00,0.0
2030-08-20 13:30:00,0.0
2030-08-20 13:45:00,0.0
2030-08-20 14:00:00,0.0
2030-08-20 14:15:00,0.0
2030-08-20 14:30:00,0.0
2030-08-20 14:45:00,0.0
2030-08-20 15:00:00,0.0
2030-08-20 15:15:00,0.0
2030-08-20 15:30:00,0.0
2030-08-20 15:45:00,0.0
2030-08-20 16:00:00,0.0
2030-08-20 16:15:00,0.0
2030-08-20 16:30:00,0.0
2030-08-20 16:45:00,0.0
2030-08-20 17:00:00,0.0
2030-08-20 17:15:00,0.0
2030-08-20 17:30:00,0.0
2030-08-20 17:45:00,0.0
2030-08-20 18:00:00,0.0
2030-08-20 18:15:00,0.0
2030-08-20 18:30:00,0.0
2030-08-20 18:45:00,0.0
2030-08-20 19:00:00,0.0
2030-08-20 19:15:00,0.0
2030-08-20 19:30:00,0.0
2030-08-20 19:45:00,0.0
2030-08-20 20:00:00,0.0
2030-08-20 20:15:00,0.0
2030-08-20 20:30:00,0.0
2030-08-20 20:45:00,0.0
2030-08-20 21:00:00,0.0
2030-08-20 21:15:00,0.0
2030-08-20 21:30:00,0.0
2030-08-20 21:45:00,4278.488724661936
2030-08-20 22:00:00,0.0
2030-08-20 22:15:00,0.0
2030-08-20 22:30:00,0.0
2030-08-20 22:45:00,0.0
2030-08-20 23:00:00,0.0
2030-08-20 23:15:00,0.0
2030-08-20 23:30:00,0.0
2030-08-20 23:45:00,0.0
2030-08-21 00:00:00,0.0
2030-08-21 00:15:00,0.0
2030-08-21 00:30:00,0.0
2030-08-21 00:45:00,0.0
2030-08-21 01:00:00,0.0
2030-08-21 01:15:00,0.0
2030-08-21 01:30:00,0.0
2030-08-21 01:45:00,0.0
2030-08-21 02:00:00,0.0
2030-08-21 02:15:00,0.0
2030-08-21 02:30:00,0.0
2030-08-21 02:45:00,0.0
2030-08-21 03:00:00,0.0
2030-08-21 03:15:00,0.0
2030-08-21 03:30:00,0.0
2030-08-21 03:45:00,0.0
2030-08-21 04:00:00,0.0
2030-08-21 04:15:00,0.0
2030-08-21 04:30:00,0.0
2030-08-21 04:45:00,0.0
2030-08-21 05:00:00,0.0
2030-08-21 05:15:00,0.0
2030-08-21 05:30:00,0.0
2030-08-21 05:45:00,0.0
2030-08-21 06:00:00,0.0
2030-08-21 06:15:00,0.0
2030-08-21 06:30:00,0.0
2030-08-21 06:45:00,0.0
2030-08-21 07:00:00,0.0
2030-08-21 07:15:00,0.0
2030-08-21 07:30:00,0.0
2030-08-21 07:45:00,0.0
2030-08-21 08:00:00,0.0
2030-08-21 08:15:00,0.0
2030-08-21 08:30:00,0.0
2030-08-21 08:45:00,0.0
2030-08-21 09:00:00,0.0
2030-08-21 09:15:00,0.0
2030-08-21 09:30:00,0.0
2030-08-21 09:45:00,0.0
2030-08-21 10:00:00,0.0
2030-08-21 10:15:00,0.0
2030-08-21 10:30:00,0.0
2030-08-21 10:45:00,0.0
2030-08-21 11:00:00,0.0
2030-08-21 11:15:00,0.0
2030-08-21 11:30:00,0.0
2030-08-21 11:45:00,0.0
2030-08-21 12:00:00,0.0
2030-08-21 12:15:00,0.0
2030-08-21 12:30:00,0.0
2030-08-21 12:45:00,0.0
2030-08-21 13:00:00,0.0
2030-08-21 13:15:00,0.0
2030-08-21 13:30:00,0.0
2030-08-21 13:45:00,0.0
2030-08-21 14:00:00,0.0
2030-08-21 14:15:00,0.0
2030-08-21 14:30:00,0.0
2030-08-21 14:45:00,0.0
2030-08-21 15:00:00,0.0
2030-08-21 15:15:00,0.0
2030-08-21 15:30:00,0.0
2030-08-21 15:45:00,0.0
2030-08-21 16:00:00,0.0
2030-08-21 16:15:00,0.0
2030-08-21 16:30:00,0.0
2030-08-21 16:45:00,0.0
2030-08-21 17:00:00,0.0
2030-08-21 17:15:00,0.0
2030-08-21 17:30:00,0.0
2030-08-21 17:45:00,0.0
2030-08-21 18:00:00,0.0
2030-08-21 18:15:00,0.0
2030-08-21 18:30:00,0.0
2030-08-21 18:45:00,0.0
2030-08-21 19:00:00,0.0
2030-08-21 19:15:00,0.0
2030-08-21 19:30:00,0.0
2030-08-21 19:45:00,0.0
2030-08-21 20:00:00,0.0
2030-08-21 20:15:00,0.0
2030-08-21 20:30:00,0.0
2030-08-21 20:45:00,0.0
2030-08-21 21:00:00,0.0
2030-08-21 21:15:00,0.0
2030-08-21 21:30:00,0.0
2030-08-21 21:45:00,0.0
2030-08-21 22:00:00,0.0
2030-08-21 22:15:00,0.0
2030-08-21 22:30:00,0.0
2030-08-21 22:45:00,0.0
2030-08-21 23:00:00,0.0
2030-08-21 23:15:00,0.0
2030-08-21 23:30:00,0.0
2030-08-21 23:45:00,5255.70008742292
2030-08-22 00:00:00,0.0
2030-08-22 00:15:00,0.0
2030-08-22 00:30:00,0.0
2030-08-22 00:45:00,0.0
2030-08-22 01:00:00,0.0
2030-08-22 01:15:00,0.0
2030-08-22 01:30:00,0.0
2030-08-22 01:45:00,0.0
2030-08-22 02:00:00,0.0
2030-08-22 02:15:00,0.0
2030-08-22 02:30:00,0.0
2030-08-22 02:45:00,0.0
2030-08-22 03:00:00,0.0
2030-08-22 03:15:00,0.0
2030-08-22 03:30:00,0.0
2030-08-22 03:45:00,0.0
2030-08-22 04:00:00,0.0
2030-08-22 04:15:00,0.0
2030-08-22 04:30:00,0.0
2030-08-22 04:45:00,0.0
2030-08-22 05:00:00,0.0
2030-08-22 05:15:00,0.0
2030-08-22 05:30:00,0.0
2030-08-22 05:45:00,0.0
2030-08-22 06:00:00,0.0
2030-08-22 06:15:00,0.0
2030-08-22 06:30:00,0.0
2030-08-22 06:45:00,0.0
2030-08-22 07:00:00,0.0
2030-08-22 07:15:00,0.0
2030-08-22 07:30:00,0.0
2030-08-22 07:45:00,0.0
2030-08-22 08:00:00,0.0
2030-08-22 08:15:00,0.0
2030-08-22 08:30:00,0.0
2030-08-22 08:45:00,0.0
2030-08-22 09:00:00,0.0
2030-08-22 09:15:00,0.0
2030-08-22 09:30:00,0.0
2030-08-22 09:45:00,0.0
2030-08-22 10:00:00,0.0
2030-08-22 10:15:00,0.0
2030-08-22 10:30:00,0.0
2030-08-22 10:45:00,0.0
2030-08-22 11:00:00,0.0
2030-08-22 11:15:00,0.0
2030-08-22 11:30:00,0.0
2030-08-22 11:45:00,0.0
2030-08-22 12:00:00,0.0
2030-08-22 12:15:00,0.0
2030-08-22 12:30:00,0.0
2030-08-22 12:45:00,0.0
2030-08-22 13:00:00,0.0
2030-08-22 13:15:00,0.0
2030-08-22 13:30:00,0.0
2030-08-22 13:45:00,0.0
2030-08-22 14:00:00,0.0
2030-08-22 14:15:00,0.0
2030-08-22 14:30:00,0.0
2030-08-22 14:45:00,0.0
2030-08-22 15:00:00,0.0
2030-08-22 15:15:00,0.0
2030-08-22 15:30:00,0.0
2030-08-22 15:45:00,0.0
2030-08-22 16:00:00,0.0
2030-08-22 16:15:00,0.0
2030-08-22 16:30:00,0.0
2030-08-22 16:45:00,0.0
2030-08-22 17:00:00,0.0
2030-08-22 17:15:00,0.0
2030-08-22 17:30:00,0.0
2030-08-22 17:45:00,0.0
2030-08-22 18:00:00,0.0
2030-08-22 18:15:00,0.0
2030-08-22 18:30:00,0.0
2030-08-22 18:45:00,0.0
2030-08-22 19:00:00,0.0
2030-08-22 19:15:00,0.0
2030-08-22 19:30:00,0.0
2030-08-22 19:45:00,0.0
2030-08-22 20:00:00,0.0
2030-08-22 20:15:00,0.0
2030-08-22 20:30:00,0.0
2030-08-22 20:45:00,0.0
2030-08-22 21:00:00,0.0
2030-08-22 21:15:00,0.0
2030-08-22 21:30:00,0.0
2030-08-22 21:45:00,0.0
2030-08-22 22:00:00,0.0
2030-08-22 22:15:00,0.0
2030-08-22 22:30:00,0.0
2030-08-22 22:45:00,0.0
2030-08-22 23:00:00,0.0
2030-08-22 23:15:00,0.0
2030-08-22 23:30:00,0.0
2030-08-22 23:45:00,0.0
2030-08-23 00:00:00,0.0
2030-08-23 00:15:00,0.0
2030-08-23 00:30:00,0.0
2030-08-23 00:45:00,0.0
2030-08-23 01:00:00,0.0
2030-08-23 01:15:00,0.0
2030-08-23 01:30:00,0.0
2030-08-23 01:45:00,0.0
2030-08-23 02:00:00,0.0
2030-08-23 02:15:00,0.0
2030-08-23 02:30:00,0.0
2030-08-23 02:45:00,0.0
2030-08-23 03:00:00,0.0
2030-08-23 03:15:00,0.0
2030-08-23 03:30:00,0.0
2030-08-23 03:45:00,0.0
2030-08-23 04:00:00,0.0
2030-08-23 04:15:00,0.0
2030-08-23 04:30:00,0.0
2030-08-23 04:45:00,0.0
2030-08-23 05:00:00,0.0
2030-08-23 05:15:00,0.0
2030-08-23 05:30:00,0.0
2030-08-23 05:45:00,0.0
2030-08-23 06:00:00,0.0
2030-08-23 06:15:00,674.7678386580556
2030-08-23 06:30:00,0.0
2030-08-23 06:45:00,0.0
2030-08-23 07:00:00,0.0
2030-08-23 07:15:00,0.0
2030-08-23 07:30:00,0.0
2030-08-23 07:45:00,0.0
2030-08-23 08:00:00,0.0
2030-08-23 08:15:00,0.0
2030-08-23 08:30:00,0.0
2030-08-23 08:45:00,0.0
2030-08-23 09:00:00,0.0
2030-08-23 09:15:00,0.0
2030-08-23 09:30:00,0.0
2030-08-23 09:45:00,0.0
2030-08-23 10:00:00,0.0
2030-08-23 10:15:00,0.0
2030-08-23 10:30:00,0.0
2030-08-23 10:45:00,0.0
2030-08-23 11:00:00,0.0
2030-08-23 11:15:00,0.0
2030-08-23 11:30:00,0.0
2030-08-23 11:45:00,0.0
2030-08-23 12:00:00,0.0
2030-08-23 12:15:00,0.0
2030-08-23 12:30:00,0.0
2030-08-23 12:45:00,0.0
2030-08-23 13:00:00,0.0
2030-08-23 13:15:00,0.0
2030-08-23 13:30:00,0.0
2030-08-23 13:45:00,0.0
2030-08-23 14:00:00,0.0
2030-08-23 14:15:00,0.0
2030-08-23 14:30:00,0.0
2030-08-23 14:45:00,0.0
2030-08-23 15:00:00,0.0
2030-08-23 15:15:00,0.0
2030-08-23 15:30:00,0.0
2030-08-23 15:45:00,0.0
2030-08-23 16:00:00,0.0
2030-08-23 16:15:00,0.0
2030-08-23 16:30:00,0.0
2030-08-23 16:45:00,0.0
2030-08-23 17:00:00,0.0
2030-08-23 17:15:00,0.0
2030-08-23 17:30:00,0.0
2030-08-23 17:45:00,0.0
2030-08-23 18:00:00,0.0
2030-08-23 18:15:00,0.0
2030-08-23 18:30:00,0.0
2030-08-23 18:45:00,0.0
2030-08-23 19:00:00,0.0
2030-08-23 19:15:00,0.0
2030-08-23 19:30:00,0.0
2030-08-23 19:45:00,0.0
2030-08-23 20:00:00,0.0
2030-08-23 20:15:00,0.0
2030-08-23 20:30:00,0.0
2030-08-23 20:45:00,0.0
2030-08-23 21:00:00,4121.596427311628
2030-08-23 21:15:00,686.6772071021951
2030-08-23 21:30:00,461.7589950828078
2030-08-23 21:45:00,402.8277815550009
2030-08-23 22:00:00,260.18993368844167
2030-08-23 22:15:00,58.7254121362821
2030-08-23 22:30:00,0.0
2030-08-23 22:45:00,0.0
2030-08-23 23:00:00,0.0
2030-08-23 23:15:00,0.0
2030-08-23 23:30:00,0.0
2030-08-23 23:45:00,0.0
2030-08-24 00:00:00,0.0
2030-08-24 00:15:00,0.0
2030-08-24 00:30:00,0.0
2030-08-24 00:45:00,0.0
2030-08-24 01:00:00,0.0
2030-08-24 01:15:00,0.0
2030-08-24 01:30:00,0.0
2030-08-24 01:45:00,0.0
2030-08-24 02:00:00,0.0
2030-08-24 02:15:00,0.0
2030-08-24 02:30:00,0.0
2030-08-24 02:45:00,0.0
2030-08-24 03:00:00,0.0
2030-08-24 03:15:00,0.0
2030-08-24 03:30:00,0.0
2030-08-24 03:45:00,0.0
2030-08-24 04:00:00,0.0
2030-08-24 04:15:00,0.0
2030-08-24 04:30:00,0.0
2030-08-24 04:45:00,0.0
2030-08-24 05:00:00,0.0
2030-08-24 05:15:00,51.27080097932776
2030-08-24 05:30:00,158.0610327570721
2030-08-24 05:45:00,189.07828274614803
2030-08-24 06:00:00,687.0027137133002
2030-08-24 06:15:00,625.2985892805718
2030-08-24 06:30:00,312.85443200593727
2030-08-24 06:45:00,102.74453177790929
2030-08-24 07:00:00,0.0
2030-08-24 07:15:00,0.0
2030-08-24 07:30:00,0.0
2030-08-24 07:45:00,0.0
2030-08-24 08:00:00,0.0
2030-08-24 08:15:00,0.0
2030-08-24 08:30:00,0.0
2030-08-24 08:45:00,0.0
2030-08-24 09:00:00,0.0
2030-08-24 09:15:00,0.0
2030-08-24 09:30:00,0.0
2030-08-24 09:45:00,0.0
2030-08-24 10:00:00,0.0
2030-08-24 10:15:00,0.0
2030-08-24 10:30:00,0.0
2030-08-24 10:45:00,0.0
2030-08-24 11:00:00,0.0
2030-08-24 11:15:00,0.0
2030-08-24 11:30:00,0.0
2030-08-24 11:45:00,0.0
2030-08-24 12:00:00,0.0
2030-08-24 12:15:00,0.0
2030-08-24 12:30:00,0.0
2030-08-24 12:45:00,0.0
2030-08-24 13:00:00,0.0
2030-08-24 13:15:00,0.0
2030-08-24 13:30:00,0.0
2030-08-24 13:45:00,0.0
2030-08-24 14:00:00,0.0
2030-08-24 14:15:00,0.0
2030-08-24 14:30:00,0.0
2030-08-24 14:45:00,0.0
2030-08-24 15:00:00,0.0
2030-08-24 15:15:00,0.0
2030-08-24 15:30:00,0.0
2030-08-24 15:45:00,0.0
2030-08-24 16:00:00,0.0
2030-08-24 16:15:00,0.0
2030-08-24 16:30:00,0.0
2030-08-24 16:45:00,0.0
2030-08-24 17:00:00,0.0
2030-08-24 17:15:00,0.0
2030-08-24 17:30:00,0.0
2030-08-24 17:45:00,592.0864313135644
2030-08-24 18:00:00,1023.1879639462277
2030-08-24 18:15:00,1879.548539095933
2030-08-24 18:30:00,2329.237089028222
2030-08-24 18:45:00,2344.0119363987505
2030-08-24 19:00:00,2205.764384769096
2030-08-24 19:15:00,1897.9880492532848
2030-08-24 19:30:00,2033.0130991151345
2030-08-24 19:45:00,2120.046495076387
2030-08-24 20:00:00,1922.876020603284
2030-08-24 20:15:00,1684.900232046175
2030-08-24 20:30:00,1555.858995228089
2030-08-24 20:45:00,1269.62545404909
2030-08-24 21:00:00,811.0365848750498
2030-08-24 21:15:00,414.10491802511024
2030-08-24 21:30:00,141.01287627764395
2030-08-24 21:45:00,0.0
2030-08-24 22:00:00,0.0
2030-08-24 22:15:00,0.0
2030-08-24 22:30:00,0.0
2030-08-24 22:45:00,0.0
2030-08-24 23:00:00,0.0
2030-08-24 23:15:00,0.0
2030-08-24 23:30:00,0.0
2030-08-24 23:45:00,0.0
2030-08-25 00:00:00,0.0
2030-08-25 00:15:00,0.0
2030-08-25 00:30:00,0.0
2030-08-25 00:45:00,0.0
2030-08-25 01:00:00,0.0
2030-08-25 01:15:00,0.0
2030-08-25 01:30:00,0.0
2030-08-25 01:45:00,0.0
2030-08-25 02:00:00,0.0
2030-08-25 02:15:00,0.0
2030-08-25 02:30:00,0.0
2030-08-25 02:45:00,0.0
2030-08-25 03:00:00,0.0
2030-08-25 03:15:00,0.0
2030-08-25 03:30:00,0.0
2030-08-25 03:45:00,0.0
2030-08-25 04:00:00,0.0
2030-08-25 04:15:00,0.0
2030-08-25 04:30:00,0.0
2030-08-25 04:45:00,0.0
2030-08-25 05:00:00,0.0
2030-08-25 05:15:00,0.0
2030-08-25 05:30:00,0.0
2030-08-25 05:45:00,0.0
2030-08-25 06:00:00,0.0
2030-08-25 06:15:00,0.0
2030-08-25 06:30:00,0.0
2030-08-25 06:45:00,0.0
2030-08-25 07:00:00,0.0
2030-08-25 07:15:00,0.0
2030-08-25 07:30:00,0.0
2030-08-25 07:45:00,0.0
2030-08-25 08:00:00,0.0
2030-08-25 08:15:00,0.0
2030-08-25 08:30:00,0.0
2030-08-25 08:45:00,0.0
2030-08-25 09:00:00,0.0
2030-08-25 09:15:00,0.0
2030-08-25 09:30:00,0.0
2030-08-25 09:45:00,0.0
2030-08-25 10:00:00,0.0
2030-08-25 10:15:00,0.0
2030-08-25 10:30:00,0.0
2030-08-25 10:45:00,0.0
2030-08-25 11:00:00,0.0
2030-08-25 11:15:00,0.0
2030-08-25 11:30:00,0.0
2030-08-25 11:45:00,0.0
2030-08-25 12:00:00,0.0
2030-08-25 12:15:00,0.0
2030-08-25 12:30:00,0.0
2030-08-25 12:45:00,0.0
2030-08-25 13:00:00,0.0
2030-08-25 13:15:00,0.0
2030-08-25 13:30:00,0.0
2030-08-25 13:45:00,0.0
2030-08-25 14:00:00,0.0
2030-08-25 14:15:00,0.0
2030-08-25 14:30:00,0.0
2030-08-25 14:45:00,0.0
2030-08-25 15:00:00,0.0
2030-08-25 15:15:00,0.0
2030-08-25 15:30:00,0.0
2030-08-25 15:45:00,0.0
2030-08-25 16:00:00,0.0
2030-08-25 16:15:00,0.0
2030-08-25 16:30:00,0.0
2030-08-25 16:45:00,0.0
2030-08-25 17:00:00,0.0
2030-08-25 17:15:00,0.0
2030-08-25 17:30:00,0.0
2030-08-25 17:45:00,0.0
2030-08-25 18:00:00,0.0
2030-08-25 18:15:00,0.0
2030-08-25 18:30:00,0.0
2030-08-25 18:45:00,0.0
2030-08-25 19:00:00,0.0
2030-08-25 19:15:00,842.7700698723183
2030-08-25 19:30:00,0.0
2030-08-25 19:45:00,0.0
2030-08-25 20:00:00,0.0
2030-08-25 20:15:00,0.0
2030-08-25 20:30:00,0.0
2030-08-25 20:45:00,0.0
2030-08-25 21:00:00,0.0
2030-08-25 21:15:00,0.0
2030-08-25 21:30:00,0.0
2030-08-25 21:45:00,0.0
2030-08-25 22:00:00,0.0
2030-08-25 22:15:00,0.0
2030-08-25 22:30:00,0.0
2030-08-25 22:45:00,0.0
2030-08-25 23:00:00,0.0
2030-08-25 23:15:00,0.0
2030-08-25 23:30:00,0.0
2030-08-25 23:45:00,0.0
2030-08-26 00:00:00,0.0
2030-08-26 00:15:00,0.0
2030-08-26 00:30:00,0.0
2030-08-26 00:45:00,0.0
2030-08-26 01:00:00,0.0
2030-08-26 01:15:00,0.0
2030-08-26 01:30:00,0.0
2030-08-26 01:45:00,0.0
2030-08-26 02:00:00,0.0
2030-08-26 02:15:00,0.0
2030-08-26 02:30:00,0.0
2030-08-26 02:45:00,0.0
2030-08-26 03:00:00,0.0
2030-08-26 03:15:00,0.0
2030-08-26 03:30:00,0.0
2030-08-26 03:45:00,0.0
2030-08-26 04:00:00,0.0
2030-08-26 04:15:00,0.0
2030-08-26 04:30:00,0.0
2030-08-26 04:45:00,0.0
2030-08-26 05:00:00,0.0
2030-08-26 05:15:00,0.0
2030-08-26 05:30:00,0.0
2030-08-26 05:45:00,0.0
2030-08-26 06:00:00,0.0
2030-08-26 06:15:00,0.0
2030-08-26 06:30:00,0.0
2030-08-26 06:45:00,0.0
2030-08-26 07:00:00,0.0
2030-08-26 07:15:00,0.0
2030-08-26 07:30:00,0.0
2030-08-26 07:45:00,0.0
2030-08-26 08:00:00,0.0
2030-08-26 08:15:00,0.0
2030-08-26 08:30:00,0.0
2030-08-26 08:45:00,0.0
2030-08-26 09:00:00,0.0
2030-08-26 09:15:00,0.0
2030-08-26 09:30:00,0.0
2030-08-26 09:45:00,0.0
2030-08-26 10:00:00,0.0
2030-08-26 10:15:00,0.0
2030-08-26 10:30:00,0.0
2030-08-26 10:45:00,0.0
2030-08-26 11:00:00,0.0
2030-08-26 11:15:00,0.0
2030-08-26 11:30:00,0.0
2030-08-26 11:45:00,0.0
2030-08-26 12:00:00,0.0
2030-08-26 12:15:00,0.0
2030-08-26 12:30:00,0.0
2030-08-26 12:45:00,0.0
2030-08-26 13:00:00,-1232.6616029378092
2030-08-26 13:15:00,-18113.34437182367
2030-08-26 13:30:00,-17397.27155575806
2030-08-26 13:45:00,-16921.710995392725
2030-08-26 14:00:00,-16712.71968678968
2030-08-26 14:15:00,-16350.529075456074
2030-08-26 14:30:00,-16060.596016062638
2030-08-26 14:45:00,-15492.889731750478
2030-08-26 15:00:00,-14038.634811255357
2030-08-26 15:15:00,-13202.831603615023
2030-08-26 15:30:00,-11452.906916372449
2030-08-26 15:45:00,-10252.690619776798
2030-08-26 16:00:00,-8427.548289599392
2030-08-26 16:15:00,-6868.316871880257
2030-08-26 16:30:00,-5000.703197819776
2030-08-26 16:45:00,-3597.8832682563752
2030-08-26 17:00:00,-1503.7053034929413
2030-08-26 17:15:00,0.0
2030-08-26 17:30:00,0.0
2030-08-26 17:45:00,0.0
2030-08-26 18:00:00,0.0
2030-08-26 18:15:00,0.0
2030-08-26 18:30:00,0.0
2030-08-26 18:45:00,0.0
2030-08-26 19:00:00,0.0
2030-08-26 19:15:00,0.0
2030-08-26 19:30:00,0.0
2030-08-26 19:45:00,0.0
2030-08-26 20:00:00,0.0
2030-08-26 20:15:00,0.0
2030-08-26 20:30:00,0.0
2030-08-26 20:45:00,0.0
2030-08-26 21:00:00,0.0
2030-08-26 21:15:00,0.0
2030-08-26 21:30:00,0.0
2030-08-26 21:45:00,0.0
2030-08-26 22:00:00,0.0
2030-08-26 22:15:00,0.0
2030-08-26 22:30:00,0.0
2030-08-26 22:45:00,0.0
2030-08-26 23:00:00,0.0
2030-08-26 23:15:00,0.0
2030-08-26 23:30:00,0.0
2030-08-26 23:45:00,0.0
2030-08-27 00:00:00,0.0
2030-08-27 00:15:00,0.0
2030-08-27 00:30:00,0.0
2030-08-27 00:45:00,0.0
2030-08-27 01:00:00,0.0
2030-08-27 01:15:00,0.0
2030-08-27 01:30:00,0.0
2030-08-27 01:45:00,0.0
2030-08-27 02:00:00,0.0
2030-08-27 02:15:00,0.0
2030-08-27 02:30:00,0.0
2030-08-27 02:45:00,0.0
2030-08-27 03:00:00,0.0
2030-08-27 03:15:00,0.0
2030-08-27 03:30:00,0.0
2030-08-27 03:45:00,0.0
2030-08-27 04:00:00,0.0
2030-08-27 04:15:00,0.0
2030-08-27 04:30:00,0.0
2030-08-27 04:45:00,0.0
2030-08-27 05:00:00,0.0
2030-08-27 05:15:00,0.0
2030-08-27 05:30:00,0.0
2030-08-27 05:45:00,0.0
2030-08-27 06:00:00,0.0
2030-08-27 06:15:00,0.0
2030-08-27 06:30:00,0.0
2030-08-27 06:45:00,0.0
2030-08-27 07:00:00,0.0
2030-08-27 07:15:00,0.0
2030-08-27 07:30:00,0.0
2030-08-27 07:45:00,0.0
2030-08-27 08:00:00,0.0
2030-08-27 08:15:00,0.0
2030-08-27 08:30:00,0.0
2030-08-27 08:45:00,0.0
2030-08-27 09:00:00,0.0
2030-08-27 09:15:00,0.0
2030-08-27 09:30:00,0.0
2030-08-27 09:45:00,0.0
2030-08-27 10:00:00,0.0
2030-08-27 10:15:00,0.0
2030-08-27 10:30:00,0.0
2030-08-27 10:45:00,0.0
2030-08-27 11:00:00,0.0
2030-08-27 11:15:00,0.0
2030-08-27 11:30:00,0.0
2030-08-27 11:45:00,0.0
2030-08-27 12:00:00,0.0
2030-08-27 12:15:00,0.0
2030-08-27 12:30:00,0.0
2030-08-27 12:45:00,0.0
2030-08-27 13:00:00,0.0
2030-08-27 13:15:00,0.0
2030-08-27 13:30:00,0.0
2030-08-27 13:45:00,0.0
2030-08-27 14:00:00,0.0
2030-08-27 14:15:00,0.0
2030-08-27 14:30:00,0.0
2030-08-27 14:45:00,0.0
2030-08-27 15:00:00,0.0
2030-08-27 15:15:00,0.0
2030-08-27 15:30:00,0.0
2030-08-27 15:45:00,0.0
2030-08-27 16:00:00,0.0
2030-08-27 16:15:00,0.0
2030-08-27 16:30:00,0.0
2030-08-27 16:45:00,0.0
2030-08-27 17:00:00,0.0
2030-08-27 17:15:00,0.0
2030-08-27 17:30:00,0.0
2030-08-27 17:45:00,0.0
2030-08-27 18:00:00,0.0
2030-08-27 18:15:00,0.0
2030-08-27 18:30:00,0.0
2030-08-27 18:45:00,0.0
2030-08-27 19:00:00,0.0
2030-08-27 19:15:00,0.0
2030-08-27 19:30:00,0.0
2030-08-27 19:45:00,0.0
2030-08-27 20:00:00,0.0
2030-08-27 20:15:00,0.0
2030-08-27 20:30:00,0.0
2030-08-27 20:45:00,0.0
2030-08-27 21:00:00,0.0
2030-08-27 21:15:00,0.0
2030-08-27 21:30:00,0.0
2030-08-27 21:45:00,0.0
2030-08-27 22:00:00,0.0
2030-08-27 22:15:00,0.0
2030-08-27 22:30:00,0.0
2030-08-27 22:45:00,0.0
2030-08-27 23:00:00,0.0
2030-08-27 23:15:00,1968.7297184766885
2030-08-27 23:30:00,0.0
2030-08-27 23:45:00,0.0
2030-08-28 00:00:00,0.0
2030-08-28 00:15:00,0.0
2030-08-28 00:30:00,0.0
2030-08-28 00:45:00,0.0
2030-08-28 01:00:00,0.0
2030-08-28 01:15:00,0.0
2030-08-28 01:30:00,0.0
2030-08-28 01:45:00,0.0
2030-08-28 02:00:00,0.0
2030-08-28 02:15:00,0.0
2030-08-28 02:30:00,0.0
2030-08-28 02:45:00,0.0
2030-08-28 03:00:00,0.0
2030-08-28 03:15:00,0.0
2030-08-28 03:30:00,0.0
2030-08-28 03:45:00,0.0
2030-08-28 04:00:00,0.0
2030-08-28 04:15:00,0.0
2030-08-28 04:30:00,0.0
2030-08-28 04:45:00,0.0
2030-08-28 05:00:00,0.0
2030-08-28 05:15:00,0.0
2030-08-28 05:30:00,0.0
2030-08-28 05:45:00,0.0
2030-08-28 06:00:00,0.0
2030-08-28 06:15:00,0.0
2030-08-28 06:30:00,0.0
2030-08-28 06:45:00,0.0
2030-08-28 07:00:00,0.0
2030-08-28 07:15:00,0.0
2030-08-28 07:30:00,0.0
2030-08-28 07:45:00,0.0
2030-08-28 08:00:00,0.0
2030-08-28 08:15:00,0.0
2030-08-28 08:30:00,0.0
2030-08-28 08:45:00,0.0
2030-08-28 09:00:00,0.0
2030-08-28 09:15:00,0.0
2030-08-28 09:30:00,0.0
2030-08-28 09:45:00,0.0
2030-08-28 10:00:00,0.0
2030-08-28 10:15:00,0.0
2030-08-28 10:30:00,0.0
2030-08-28 10:45:00,0.0
2030-08-28 11:00:00,0.0
2030-08-28 11:15:00,0.0
2030-08-28 11:30:00,0.0
2030-08-28 11:45:00,0.0
2030-08-28 12:00:00,0.0
2030-08-28 12:15:00,0.0
2030-08-28 12:30:00,0.0
2030-08-28 12:45:00,0.0
2030-08-28 13:00:00,0.0
2030-08-28 13:15:00,0.0
2030-08-28 13:30:00,0.0
2030-08-28 13:45:00,0.0
2030-08-28 14:00:00,0.0
2030-08-28 14:15:00,0.0
2030-08-28 14:30:00,0.0
2030-08-28 14:45:00,0.0
2030-08-28 15:00:00,0.0
2030-08-28 15:15:00,0.0
2030-08-28 15:30:00,0.0
2030-08-28 15:45:00,0.0
2030-08-28 16:00:00,0.0
2030-08-28 16:15:00,0.0
2030-08-28 16:30:00,0.0
2030-08-28 16:45:00,0.0
2030-08-28 17:00:00,0.0
2030-08-28 17:15:00,0.0
2030-08-28 17:30:00,0.0
2030-08-28 17:45:00,0.0
2030-08-28 18:00:00,0.0
2030-08-28 18:15:00,0.0
2030-08-28 18:30:00,0.0
2030-08-28 18:45:00,0.0
2030-08-28 19:00:00,0.0
2030-08-28 19:15:00,0.0
2030-08-28 19:30:00,0.0
2030-08-28 19:45:00,0.0
2030-08-28 20:00:00,0.0
2030-08-28 20:15:00,0.0
2030-08-28 20:30:00,0.0
2030-08-28 20:45:00,0.0
2030-08-28 21:00:00,0.0
2030-08-28 21:15:00,0.0
2030-08-28 21:30:00,0.0
2030-08-28 21:45:00,0.0
2030-08-28 22:00:00,0.0
2030-08-28 22:15:00,1335.9697717838444
2030-08-28 22:30:00,0.0
2030-08-28 22:45:00,0.0
2030-08-28 23:00:00,0.0
2030-08-28 23:15:00,0.0
2030-08-28 23:30:00,0.0
2030-08-28 23:45:00,0.0
2030-08-29 00:00:00,0.0
2030-08-29 00:15:00,0.0
2030-08-29 00:30:00,0.0
2030-08-29 00:45:00,0.0
2030-08-29 01:00:00,0.0
2030-08-29 01:15:00,0.0
2030-08-29 01:30:00,0.0
2030-08-29 01:45:00,0.0
2030-08-29 02:00:00,0.0
2030-08-29 02:15:00,0.0
2030-08-29 02:30:00,0.0
2030-08-29 02:45:00,0.0
2030-08-29 03:00:00,0.0
2030-08-29 03:15:00,0.0
2030-08-29 03:30:00,0.0
2030-08-29 03:45:00,0.0
2030-08-29 04:00:00,0.0
2030-08-29 04:15:00,0.0
2030-08-29 04:30:00,0.0
2030-08-29 04:45:00,0.0
2030-08-29 05:00:00,0.0
2030-08-29 05:15:00,0.0
2030-08-29 05:30:00,0.0
2030-08-29 05:45:00,0.0
2030-08-29 06:00:00,0.0
2030-08-29 06:15:00,0.0
2030-08-29 06:30:00,0.0
2030-08-29 06:45:00,0.0
2030-08-29 07:00:00,0.0
2030-08-29 07:15:00,0.0
2030-08-29 07:30:00,0.0
2030-08-29 07:45:00,0.0
2030-08-29 08:00:00,0.0
2030-08-29 08:15:00,0.0
2030-08-29 08:30:00,0.0
2030-08-29 08:45:00,0.0
2030-08-29 09:00:00,0.0
2030-08-29 09:15:00,0.0
2030-08-29 09:30:00,0.0
2030-08-29 09:45:00,0.0
2030-08-29 10:00:00,0.0
2030-08-29 10:15:00,0.0
2030-08-29 10:30:00,0.0
2030-08-29 10:45:00,0.0
2030-08-29 11:00:00,0.0
2030-08-29 11:15:00,0.0
2030-08-29 11:30:00,0.0
2030-08-29 11:45:00,0.0
2030-08-29 12:00:00,0.0
2030-08-29 12:15:00,0.0
2030-08-29 12:30:00,0.0
2030-08-29 12:45:00,0.0
2030-08-29 13:00:00,0.0
2030-08-29 13:15:00,0.0
2030-08-29 13:30:00,0.0
2030-08-29 13:45:00,0.0
2030-08-29 14:00:00,0.0
2030-08-29 14:15:00,0.0
2030-08-29 14:30:00,0.0
2030-08-29 14:45:00,0.0
2030-08-29 15:00:00,0.0
2030-08-29 15:15:00,0.0
2030-08-29 15:30:00,0.0
2030-08-29 15:45:00,0.0
2030-08-29 16:00:00,0.0
2030-08-29 16:15:00,0.0
2030-08-29 16:30:00,0.0
2030-08-29 16:45:00,0.0
2030-08-29 17:00:00,0.0
2030-08-29 17:15:00,0.0
2030-08-29 17:30:00,0.0
2030-08-29 17:45:00,0.0
2030-08-29 18:00:00,0.0
2030-08-29 18:15:00,0.0
2030-08-29 18:30:00,0.0
2030-08-29 18:45:00,0.0
2030-08-29 19:00:00,0.0
2030-08-29 19:15:00,687.362871336034
2030-08-29 19:30:00,2209.7722458349053
2030-08-29 19:45:00,2199.184025666971
2030-08-29 20:00:00,2012.149770021686
2030-08-29 20:15:00,1944.8973047723102
2030-08-29 20:30:00,2113.153285118693
2030-08-29 20:45:00,1868.0279858527047
2030-08-29 21:00:00,1590.27079642438
2030-08-29 21:15:00,1372.9332872452724
2030-08-29 21:30:00,1110.1378111726808
2030-08-29 21:45:00,730.9152633001595
2030-08-29 22:00:00,534.8391332562496
2030-08-29 22:15:00,333.25404199881814
2030-08-29 22:30:00,111.29320103984719
2030-08-29 22:45:00,169.07589234433
2030-08-29 23:00:00,123.64800584521618
2030-08-29 23:15:00,0.0
2030-08-29 23:30:00,0.0
2030-08-29 23:45:00,0.0
2030-08-30 00:00:00,0.0
2030-08-30 00:15:00,0.0
2030-08-30 00:30:00,0.0
2030-08-30 00:45:00,0.0
2030-08-30 01:00:00,0.0
2030-08-30 01:15:00,0.0
2030-08-30 01:30:00,0.0
2030-08-30 01:45:00,0.0
2030-08-30 02:00:00,0.0
2030-08-30 02:15:00,0.0
2030-08-30 02:30:00,0.0
2030-08-30 02:45:00,0.0
2030-08-30 03:00:00,0.0
2030-08-30 03:15:00,0.0
2030-08-30 03:30:00,0.0
2030-08-30 03:45:00,0.0
2030-08-30 04:00:00,0.0
2030-08-30 04:15:00,0.0
2030-08-30 04:30:00,0.0
2030-08-30 04:45:00,0.0
2030-08-30 05:00:00,0.0
2030-08-30 05:15:00,0.0
2030-08-30 05:30:00,0.0
2030-08-30 05:45:00,0.0
2030-08-30 06:00:00,0.0
2030-08-30 06:15:00,0.0
2030-08-30 06:30:00,0.0
2030-08-30 06:45:00,0.0
2030-08-30 07:00:00,0.0
2030-08-30 07:15:00,0.0
2030-08-30 07:30:00,0.0
2030-08-30 07:45:00,0.0
2030-08-30 08:00:00,0.0
2030-08-30 08:15:00,0.0
2030-08-30 08:30:00,0.0
2030-08-30 08:45:00,0.0
2030-08-30 09:00:00,0.0
2030-08-30 09:15:00,0.0
2030-08-30 09:30:00,0.0
2030-08-30 09:45:00,0.0
2030-08-30 10:00:00,0.0
2030-08-30 10:15:00,0.0
2030-08-30 10:30:00,0.0
2030-08-30 10:45:00,0.0
2030-08-30 11:00:00,0.0
2030-08-30 11:15:00,0.0
2030-08-30 11:30:00,0.0
2030-08-30 11:45:00,0.0
2030-08-30 12:00:00,0.0
2030-08-30 12:15:00,0.0
2030-08-30 12:30:00,0.0
2030-08-30 12:45:00,0.0
2030-08-30 13:00:00,0.0
2030-08-30 13:15:00,0.0
2030-08-30 13:30:00,0.0
2030-08-30 13:45:00,0.0
2030-08-30 14:00:00,0.0
2030-08-30 14:15:00,0.0
2030-08-30 14:30:00,0.0
2030-08-30 14:45:00,0.0
2030-08-30 15:00:00,0.0
2030-08-30 15:15:00,0.0
2030-08-30 15:30:00,0.0
2030-08-30 15:45:00,0.0
2030-08-30 16:00:00,0.0
2030-08-30 16:15:00,0.0
2030-08-30 16:30:00,0.0
2030-08-30 16:45:00,4112.723794136722
2030-08-30 17:00:00,0.0
2030-08-30 17:15:00,0.0
2030-08-30 17:30:00,0.0
2030-08-30 17:45:00,0.0
2030-08-30 18:00:00,0.0
2030-08-30 18:15:00,0.0
2030-08-30 18:30:00,0.0
2030-08-30 18:45:00,0.0
2030-08-30 19:00:00,0.0
2030-08-30 19:15:00,0.0
2030-08-30 19:30:00,0.0
2030-08-30 19:45:00,0.0
2030-08-30 20:00:00,0.0
2030-08-30 20:15:00,0.0
2030-08-30 20:30:00,0.0
2030-08-30 20:45:00,0.0
2030-08-30 21:00:00,0.0
2030-08-30 21:15:00,0.0
2030-08-30 21:30:00,0.0
2030-08-30 21:45:00,0.0
2030-08-30 22:00:00,0.0
2030-08-30 22:15:00,0.0
2030-08-30 22:30:00,0.0
2030-08-30 22:45:00,0.0
2030-08-30 23:00:00,0.0
2030-08-30 23:15:00,0.0
2030-08-30 23:30:00,0.0
2030-08-30 23:45:00,0.0
2030-08-31 00:00:00,0.0
2030-08-31 00:15:00,0.0
2030-08-31 00:30:00,0.0
2030-08-31 00:45:00,0.0
2030-08-31 01:00:00,0.0
2030-08-31 01:15:00,0.0
2030-08-31 01:30:00,0.0
2030-08-31 01:45:00,0.0
2030-08-31 02:00:00,0.0
2030-08-31 02:15:00,0.0
2030-08-31 02:30:00,0.0
2030-08-31 02:45:00,0.0
2030-08-31 03:00:00,0.0
2030-08-31 03:15:00,0.0
2030-08-31 03:30:00,0.0
2030-08-31 03:45:00,0.0
2030-08-31 04:00:00,0.0
2030-08-31 04:15:00,0.0
2030-08-31 04:30:00,0.0
2030-08-31 04:45:00,0.0
2030-08-31 05:00:00,0.0
2030-08-31 05:15:00,0.0
2030-08-31 05:30:00,0.0
2030-08-31 05:45:00,0.0
2030-08-31 06:00:00,0.0
2030-08-31 06:15:00,0.0
2030-08-31 06:30:00,0.0
2030-08-31 06:45:00,0.0
2030-08-31 07:00:00,0.0
2030-08-31 07:15:00,0.0
2030-08-31 07:30:00,0.0
2030-08-31 07:45:00,0.0
2030-08-31 08:00:00,0.0
2030-08-31 08:15:00,0.0
2030-08-31 08:30:00,0.0
2030-08-31 08:45:00,0.0
2030-08-31 09:00:00,0.0
2030-08-31 09:15:00,0.0
2030-08-31 09:30:00,0.0
2030-08-31 09:45:00,0.0
2030-08-31 10:00:00,0.0
2030-08-31 10:15:00,0.0
2030-08-31 10:30:00,0.0
2030-08-31 10:45:00,0.0
2030-08-31 11:00:00,0.0
2030-08-31 11:15:00,0.0
2030-08-31 11:30:00,0.0
2030-08-31 11:45:00,0.0
2030-08-31 12:00:00,0.0
2030-08-31 12:15:00,0.0
2030-08-31 12:30:00,0.0
2030-08-31 12:45:00,0.0
2030-08-31 13:00:00,0.0
2030-08-31 13:15:00,0.0
2030-08-31 13:30:00,0.0
2030-08-31 13:45:00,0.0
2030-08-31 14:00:00,0.0
2030-08-31 14:15:00,0.0
2030-08-31 14:30:00,0.0
2030-08-31 14:45:00,0.0
2030-08-31 15:00:00,0.0
2030-08-31 15:15:00,0.0
2030-08-31 15:30:00,0.0
2030-08-31 15:45:00,0.0
2030-08-31 16:00:00,0.0
2030-08-31 16:15:00,0.0
2030-08-31 16:30:00,0.0
2030-08-31 16:45:00,0.0
2030-08-31 17:00:00,0.0
2030-08-31 17:15:00,0.0
2030-08-31 17:30:00,0.0
2030-08-31 17:45:00,0.0
2030-08-31 18:00:00,0.0
2030-08-31 18:15:00,11538.772508823038
2030-08-31 18:30:00,78.50107903239041
2030-08-31 18:45:00,101.02172836857062
2030-08-31 19:00:00,255.84803282784196
2030-08-31 19:15:00,308.83545119155315
2030-08-31 19:30:00,163.24179481404826
2030-08-31 19:45:00,0.0
2030-08-31 20:00:00,0.0
2030-08-31 20:15:00,0.0
2030-08-31 20:30:00,0.0
2030-08-31 20:45:00,0.0
2030-08-31 21:00:00,0.0
2030-08-31 21:15:00,0.0
2030-08-31 21:30:00,0.0
2030-08-31 21:45:00,0.0
2030-08-31 22:00:00,0.0
2030-08-31 22:15:00,0.0
2030-08-31 22:30:00,0.0
2030-08-31 22:45:00,0.0
2030-08-31 23:00:00,0.0
2030-08-31 23:15:00,0.0
2030-08-31 23:30:00,0.0
2030-08-31 23:45:00,0.0
2030-09-01 00:00:00,0.0
2030-09-01 00:15:00,0.0
2030-09-01 00:30:00,0.0
2030-09-01 00:45:00,0.0
2030-09-01 01:00:00,0.0
2030-09-01 01:15:00,0.0
2030-09-01 01:30:00,0.0
2030-09-01 01:45:00,0.0
2030-09-01 02:00:00,0.0
2030-09-01 02:15:00,0.0
2030-09-01 02:30:00,0.0
2030-09-01 02:45:00,0.0
2030-09-01 03:00:00,0.0
2030-09-01 03:15:00,0.0
2030-09-01 03:30:00,0.0
2030-09-01 03:45:00,0.0
2030-09-01 04:00:00,0.0
2030-09-01 04:15:00,0.0
2030-09-01 04:30:00,0.0
2030-09-01 04:45:00,0.0
2030-09-01 05:00:00,0.0
2030-09-01 05:15:00,0.0
2030-09-01 05:30:00,0.0
2030-09-01 05:45:00,0.0
2030-09-01 06:00:00,0.0
2030-09-01 06:15:00,0.0
2030-09-01 06:30:00,0.0
2030-09-01 06:45:00,0.0
2030-09-01 07:00:00,0.0
2030-09-01 07:15:00,0.0
2030-09-01 07:30:00,0.0
2030-09-01 07:45:00,0.0
2030-09-01 08:00:00,0.0
2030-09-01 08:15:00,0.0
2030-09-01 08:30:00,0.0
2030-09-01 08:45:00,0.0
2030-09-01 09:00:00,0.0
2030-09-01 09:15:00,0.0
2030-09-01 09:30:00,0.0
2030-09-01 09:45:00,0.0
2030-09-01 10:00:00,0.0
2030-09-01 10:15:00,0.0
2030-09-01 10:30:00,0.0
2030-09-01 10:45:00,0.0
2030-09-01 11:00:00,0.0
2030-09-01 11:15:00,0.0
2030-09-01 11:30:00,0.0
2030-09-01 11:45:00,0.0
2030-09-01 12:00:00,0.0
2030-09-01 12:15:00,0.0
2030-09-01 12:30:00,0.0
2030-09-01 12:45:00,0.0
2030-09-01 13:00:00,0.0
2030-09-01 13:15:00,0.0
2030-09-01 13:30:00,0.0
2030-09-01 13:45:00,0.0
2030-09-01 14:00:00,0.0
2030-09-01 14:15:00,0.0
2030-09-01 14:30:00,0.0
2030-09-01 14:45:00,0.0
2030-09-01 15:00:00,0.0
2030-09-01 15:15:00,2918.303628502659
2030-09-01 15:30:00,0.0
2030-09-01 15:45:00,0.0
2030-09-01 16:00:00,0.0
2030-09-01 16:15:00,0.0
2030-09-01 16:30:00,0.0
2030-09-01 16:45:00,0.0
2030-09-01 17:00:00,0.0
2030-09-01 17:15:00,0.0
2030-09-01 17:30:00,279.64647662671996
2030-09-01 17:45:00,1258.0729064175284
2030-09-01 18:00:00,1835.7119902428567
2030-09-01 18:15:00,2045.2936505284342
2030-09-01 18:30:00,2292.3304113266804
2030-09-01 18:45:00,2394.8594409573852
2030-09-01 19:00:00,2500.446408416101
2030-09-01 19:15:00,2489.369675762993
2030-09-01 19:30:00,2331.387820052494
2030-09-01 19:45:00,2163.236239039701
2030-09-01 20:00:00,1976.727832374063
2030-09-01 20:15:00,1847.8656297880552
2030-09-01 20:30:00,1790.5125566850966
2030-09-01 20:45:00,1525.7808526096724
2030-09-01 21:00:00,1353.7290340922846
2030-09-01 21:15:00,1224.911541281299
2030-09-01 21:30:00,1001.0226085992144
2030-09-01 21:45:00,744.1033903340904
2030-09-01 22:00:00,520.9237917771934
2030-09-01 22:15:00,335.71417741249024
2030-09-01 22:30:00,135.0782259933094
2030-09-01 22:45:00,0.0
2030-09-01 23:00:00,0.0
2030-09-01 23:15:00,0.0
2030-09-01 23:30:00,0.0
2030-09-01 23:45:00,0.0
2030-09-02 00:00:00,0.0
2030-09-02 00:15:00,0.0
2030-09-02 00:30:00,0.0
2030-09-02 00:45:00,0.0
2030-09-02 01:00:00,0.0
2030-09-02 01:15:00,0.0
2030-09-02 01:30:00,0.0
2030-09-02 01:45:00,0.0
2030-09-02 02:00:00,0.0
2030-09-02 02:15:00,0.0
2030-09-02 02:30:00,0.0
2030-09-02 02:45:00,0.0
2030-09-02 03:00:00,0.0
2030-09-02 03:15:00,0.0
2030-09-02 03:30:00,0.0
2030-09-02 03:45:00,0.0
2030-09-02 04:00:00,0.0
2030-09-02 04:15:00,0.0
2030-09-02 04:30:00,0.0
2030-09-02 04:45:00,0.0
2030-09-02 05:00:00,0.0
2030-09-02 05:15:00,0.0
2030-09-02 05:30:00,0.0
2030-09-02 05:45:00,0.0
2030-09-02 06:00:00,0.0
2030-09-02 06:15:00,0.0
2030-09-02 06:30:00,0.0
2030-09-02 06:45:00,0.0
2030-09-02 07:00:00,0.0
2030-09-02 07:15:00,0.0
2030-09-02 07:30:00,0.0
2030-09-02 07:45:00,0.0
2030-09-02 08:00:00,0.0
2030-09-02 08:15:00,0.0
2030-09-02 08:30:00,0.0
2030-09-02 08:45:00,0.0
2030-09-02 09:00:00,0.0
2030-09-02 09:15:00,0.0
2030-09-02 09:30:00,0.0
2030-09-02 09:45:00,0.0
2030-09-02 10:00:00,0.0
2030-09-02 10:15:00,0.0
2030-09-02 10:30:00,0.0
2030-09-02 10:45:00,0.0
2030-09-02 11:00:00,0.0
2030-09-02 11:15:00,0.0
2030-09-02 11:30:00,0.0
2030-09-02 11:45:00,0.0
2030-09-02 12:00:00,0.0
2030-09-02 12:15:00,0.0
2030-09-02 12:30:00,0.0
2030-09-02 12:45:00,0.0
2030-09-02 13:00:00,0.0
2030-09-02 13:15:00,0.0
2030-09-02 13:30:00,0.0
2030-09-02 13:45:00,0.0
2030-09-02 14:00:00,0.0
2030-09-02 14:15:00,0.0
2030-09-02 14:30:00,0.0
2030-09-02 14:45:00,0.0
2030-09-02 15:00:00,0.0
2030-09-02 15:15:00,0.0
2030-09-02 15:30:00,0.0
2030-09-02 15:45:00,0.0
2030-09-02 16:00:00,0.0
2030-09-02 16:15:00,0.0
2030-09-02 16:30:00,0.0
2030-09-02 16:45:00,0.0
2030-09-02 17:00:00,0.0
2030-09-02 17:15:00,0.0
2030-09-02 17:30:00,0.0
2030-09-02 17:45:00,0.0
2030-09-02 18:00:00,288.37881366434885
2030-09-02 18:15:00,552.6692874759883
2030-09-02 18:30:00,698.7160858730749
2030-09-02 18:45:00,745.2112397436504
2030-09-02 19:00:00,989.1428182036925
2030-09-02 19:15:00,1279.0036878962146
2030-09-02 19:30:00,1247.8612025254788
2030-09-02 19:45:00,878.8168574277515
2030-09-02 20:00:00,670.2200123879775
2030-09-02 20:15:00,725.2593096311575
2030-09-02 20:30:00,756.2309710654117
2030-09-02 20:45:00,580.2826898586518
2030-09-02 21:00:00,292.3071488873029
2030-09-02 21:15:00,99.89367410736668
2030-09-02 21:30:00,0.0
2030-09-02 21:45:00,0.0
2030-09-02 22:00:00,0.0
2030-09-02 22:15:00,0.0
2030-09-02 22:30:00,0.0
2030-09-02 22:45:00,0.0
2030-09-02 23:00:00,0.0
2030-09-02 23:15:00,0.0
2030-09-02 23:30:00,0.0
2030-09-02 23:45:00,0.0
2030-09-03 00:00:00,0.0
2030-09-03 00:15:00,0.0
2030-09-03 00:30:00,0.0
2030-09-03 00:45:00,0.0
2030-09-03 01:00:00,0.0
2030-09-03 01:15:00,0.0
2030-09-03 01:30:00,0.0
2030-09-03 01:45:00,0.0
2030-09-03 02:00:00,0.0
2030-09-03 02:15:00,0.0
2030-09-03 02:30:00,0.0
2030-09-03 02:45:00,0.0
2030-09-03 03:00:00,0.0
2030-09-03 03:15:00,0.0
2030-09-03 03:30:00,0.0
2030-09-03 03:45:00,0.0
2030-09-03 04:00:00,0.0
2030-09-03 04:15:00,0.0
2030-09-03 04:30:00,0.0
2030-09-03 04:45:00,0.0
2030-09-03 05:00:00,0.0
2030-09-03 05:15:00,0.0
2030-09-03 05:30:00,0.0
2030-09-03 05:45:00,0.0
2030-09-03 06:00:00,0.0
2030-09-03 06:15:00,0.0
2030-09-03 06:30:00,0.0
2030-09-03 06:45:00,0.0
2030-09-03 07:00:00,0.0
2030-09-03 07:15:00,0.0
2030-09-03 07:30:00,0.0
2030-09-03 07:45:00,0.0
2030-09-03 08:00:00,0.0
2030-09-03 08:15:00,0.0
2030-09-03 08:30:00,0.0
2030-09-03 08:45:00,0.0
2030-09-03 09:00:00,0.0
2030-09-03 09:15:00,0.0
2030-09-03 09:30:00,0.0
2030-09-03 09:45:00,0.0
2030-09-03 10:00:00,0.0
2030-09-03 10:15:00,0.0
2030-09-03 10:30:00,0.0
2030-09-03 10:45:00,0.0
2030-09-03 11:00:00,0.0
2030-09-03 11:15:00,0.0
2030-09-03 11:30:00,0.0
2030-09-03 11:45:00,0.0
2030-09-03 12:00:00,0.0
2030-09-03 12:15:00,0.0
2030-09-03 12:30:00,0.0
2030-09-03 12:45:00,0.0
2030-09-03 13:00:00,0.0
2030-09-03 13:15:00,0.0
2030-09-03 13:30:00,0.0
2030-09-03 13:45:00,0.0
2030-09-03 14:00:00,0.0
2030-09-03 14:15:00,0.0
2030-09-03 14:30:00,0.0
2030-09-03 14:45:00,0.0
2030-09-03 15:00:00,0.0
2030-09-03 15:15:00,0.0
2030-09-03 15:30:00,0.0
2030-09-03 15:45:00,0.0
2030-09-03 16:00:00,0.0
2030-09-03 16:15:00,0.0
2030-09-03 16:30:00,0.0
2030-09-03 16:45:00,0.0
2030-09-03 17:00:00,0.0
2030-09-03 17:15:00,0.0
2030-09-03 17:30:00,0.0
2030-09-03 17:45:00,0.0
2030-09-03 18:00:00,0.0
2030-09-03 18:15:00,0.0
2030-09-03 18:30:00,0.0
2030-09-03 18:45:00,0.0
2030-09-03 19:00:00,0.0
2030-09-03 19:15:00,0.0
2030-09-03 19:30:00,0.0
2030-09-03 19:45:00,0.0
2030-09-03 20:00:00,0.0
2030-09-03 20:15:00,0.0
2030-09-03 20:30:00,0.0
2030-09-03 20:45:00,0.0
2030-09-03 21:00:00,0.0
2030-09-03 21:15:00,0.0
2030-09-03 21:30:00,0.0
2030-09-03 21:45:00,0.0
2030-09-03 22:00:00,0.0
2030-09-03 22:15:00,0.0
2030-09-03 22:30:00,0.0
2030-09-03 22:45:00,0.0
2030-09-03 23:00:00,0.0
2030-09-03 23:15:00,0.0
2030-09-03 23:30:00,0.0
2030-09-03 23:45:00,0.0
2030-09-04 00:00:00,0.0
2030-09-04 00:15:00,0.0
2030-09-04 00:30:00,0.0
2030-09-04 00:45:00,0.0
2030-09-04 01:00:00,0.0
2030-09-04 01:15:00,1666.7200822833438
2030-09-04 01:30:00,0.0
2030-09-04 01:45:00,0.0
2030-09-04 02:00:00,0.0
2030-09-04 02:15:00,0.0
2030-09-04 02:30:00,0.0
2030-09-04 02:45:00,0.0
2030-09-04 03:00:00,0.0
2030-09-04 03:15:00,0.0
2030-09-04 03:30:00,0.0
2030-09-04 03:45:00,0.0
2030-09-04 04:00:00,0.0
2030-09-04 04:15:00,0.0
2030-09-04 04:30:00,0.0
2030-09-04 04:45:00,0.0
2030-09-04 05:00:00,0.0
2030-09-04 05:15:00,0.0
2030-09-04 05:30:00,0.0
2030-09-04 05:45:00,0.0
2030-09-04 06:00:00,0.0
2030-09-04 06:15:00,0.0
2030-09-04 06:30:00,0.0
2030-09-04 06:45:00,0.0
2030-09-04 07:00:00,0.0
2030-09-04 07:15:00,0.0
2030-09-04 07:30:00,0.0
2030-09-04 07:45:00,0.0
2030-09-04 08:00:00,0.0
2030-09-04 08:15:00,0.0
2030-09-04 08:30:00,0.0
2030-09-04 08:45:00,0.0
2030-09-04 09:00:00,0.0
2030-09-04 09:15:00,0.0
2030-09-04 09:30:00,0.0
2030-09-04 09:45:00,0.0
2030-09-04 10:00:00,0.0
2030-09-04 10:15:00,0.0
2030-09-04 10:30:00,0.0
2030-09-04 10:45:00,0.0
2030-09-04 11:00:00,0.0
2030-09-04 11:15:00,0.0
2030-09-04 11:30:00,0.0
2030-09-04 11:45:00,0.0
2030-09-04 12:00:00,0.0
2030-09-04 12:15:00,0.0
2030-09-04 12:30:00,0.0
2030-09-04 12:45:00,0.0
2030-09-04 13:00:00,0.0
2030-09-04 13:15:00,0.0
2030-09-04 13:30:00,0.0
2030-09-04 13:45:00,0.0
2030-09-04 14:00:00,0.0
2030-09-04 14:15:00,0.0
2030-09-04 14:30:00,0.0
2030-09-04 14:45:00,0.0
2030-09-04 15:00:00,0.0
2030-09-04 15:15:00,0.0
2030-09-04 15:30:00,0.0
2030-09-04 15:45:00,0.0
2030-09-04 16:00:00,0.0
2030-09-04 16:15:00,0.0
2030-09-04 16:30:00,0.0
2030-09-04 16:45:00,0.0
2030-09-04 17:00:00,0.0
2030-09-04 17:15:00,0.0
2030-09-04 17:30:00,0.0
2030-09-04 17:45:00,0.0
2030-09-04 18:00:00,0.0
2030-09-04 18:15:00,0.0
2030-09-04 18:30:00,0.0
2030-09-04 18:45:00,0.0
2030-09-04 19:00:00,0.0
2030-09-04 19:15:00,0.0
2030-09-04 19:30:00,0.0
2030-09-04 19:45:00,0.0
2030-09-04 20:00:00,7226.428652005172
2030-09-04 20:15:00,0.0
2030-09-04 20:30:00,0.0
2030-09-04 20:45:00,0.0
2030-09-04 21:00:00,0.0
2030-09-04 21:15:00,0.0
2030-09-04 21:30:00,0.0
2030-09-04 21:45:00,0.0
2030-09-04 22:00:00,0.0
2030-09-04 22:15:00,0.0
2030-09-04 22:30:00,0.0
2030-09-04 22:45:00,0.0
2030-09-04 23:00:00,0.0
2030-09-04 23:15:00,0.0
2030-09-04 23:30:00,0.0
2030-09-04 23:45:00,0.0
2030-09-05 00:00:00,0.0
2030-09-05 00:15:00,0.0
2030-09-05 00:30:00,0.0
2030-09-05 00:45:00,0.0
2030-09-05 01:00:00,0.0
2030-09-05 01:15:00,0.0
2030-09-05 01:30:00,0.0
2030-09-05 01:45:00,0.0
2030-09-05 02:00:00,0.0
2030-09-05 02:15:00,0.0
2030-09-05 02:30:00,0.0
2030-09-05 02:45:00,0.0
2030-09-05 03:00:00,0.0
2030-09-05 03:15:00,0.0
2030-09-05 03:30:00,0.0
2030-09-05 03:45:00,0.0
2030-09-05 04:00:00,0.0
2030-09-05 04:15:00,0.0
2030-09-05 04:30:00,0.0
2030-09-05 04:45:00,0.0
2030-09-05 05:00:00,0.0
2030-09-05 05:15:00,0.0
2030-09-05 05:30:00,0.0
2030-09-05 05:45:00,0.0
2030-09-05 06:00:00,0.0
2030-09-05 06:15:00,0.0
2030-09-05 06:30:00,0.0
2030-09-05 06:45:00,0.0
2030-09-05 07:00:00,0.0
2030-09-05 07:15:00,0.0
2030-09-05 07:30:00,0.0
2030-09-05 07:45:00,0.0
2030-09-05 08:00:00,0.0
2030-09-05 08:15:00,0.0
2030-09-05 08:30:00,0.0
2030-09-05 08:45:00,0.0
2030-09-05 09:00:00,0.0
2030-09-05 09:15:00,0.0
2030-09-05 09:30:00,0.0
2030-09-05 09:45:00,0.0
2030-09-05 10:00:00,0.0
2030-09-05 10:15:00,0.0
2030-09-05 10:30:00,0.0
2030-09-05 10:45:00,0.0
2030-09-05 11:00:00,0.0
2030-09-05 11:15:00,0.0
2030-09-05 11:30:00,0.0
2030-09-05 11:45:00,0.0
2030-09-05 12:00:00,0.0
2030-09-05 12:15:00,0.0
2030-09-05 12:30:00,0.0
2030-09-05 12:45:00,0.0
2030-09-05 13:00:00,0.0
2030-09-05 13:15:00,0.0
2030-09-05 13:30:00,0.0
2030-09-05 13:45:00,0.0
2030-09-05 14:00:00,0.0
2030-09-05 14:15:00,0.0
2030-09-05 14:30:00,0.0
2030-09-05 14:45:00,0.0
2030-09-05 15:00:00,0.0
2030-09-05 15:15:00,0.0
2030-09-05 15:30:00,0.0
2030-09-05 15:45:00,0.0
2030-09-05 16:00:00,0.0
2030-09-05 16:15:00,0.0
2030-09-05 16:30:00,0.0
2030-09-05 16:45:00,0.0
2030-09-05 17:00:00,0.0
2030-09-05 17:15:00,0.0
2030-09-05 17:30:00,0.0
2030-09-05 17:45:00,0.0
2030-09-05 18:00:00,0.0
2030-09-05 18:15:00,0.0
2030-09-05 18:30:00,0.0
2030-09-05 18:45:00,0.0
2030-09-05 19:00:00,0.0
2030-09-05 19:15:00,0.0
2030-09-05 19:30:00,0.0
2030-09-05 19:45:00,0.0
2030-09-05 20:00:00,0.0
2030-09-05 20:15:00,0.0
2030-09-05 20:30:00,0.0
2030-09-05 20:45:00,0.0
2030-09-05 21:00:00,0.0
2030-09-05 21:15:00,0.0
2030-09-05 21:30:00,0.0
2030-09-05 21:45:00,0.0
2030-09-05 22:00:00,0.0
2030-09-05 22:15:00,0.0
2030-09-05 22:30:00,0.0
2030-09-05 22:45:00,0.0
2030-09-05 23:00:00,0.0
2030-09-05 23:15:00,0.0
2030-09-05 23:30:00,0.0
2030-09-05 23:45:00,0.0
2030-09-06 00:00:00,0.0
2030-09-06 00:15:00,0.0
2030-09-06 00:30:00,0.0
2030-09-06 00:45:00,0.0
2030-09-06 01:00:00,0.0
2030-09-06 01:15:00,0.0
2030-09-06 01:30:00,0.0
2030-09-06 01:45:00,0.0
2030-09-06 02:00:00,0.0
2030-09-06 02:15:00,0.0
2030-09-06 02:30:00,0.0
2030-09-06 02:45:00,0.0
2030-09-06 03:00:00,0.0
2030-09-06 03:15:00,0.0
2030-09-06 03:30:00,0.0
2030-09-06 03:45:00,0.0
2030-09-06 04:00:00,0.0
2030-09-06 04:15:00,0.0
2030-09-06 04:30:00,5482.673474455348
2030-09-06 04:45:00,0.0
2030-09-06 05:00:00,0.0
2030-09-06 05:15:00,0.0
2030-09-06 05:30:00,0.0
2030-09-06 05:45:00,0.0
2030-09-06 06:00:00,0.0
2030-09-06 06:15:00,0.0
2030-09-06 06:30:00,0.0
2030-09-06 06:45:00,0.0
2030-09-06 07:00:00,0.0
2030-09-06 07:15:00,0.0
2030-09-06 07:30:00,0.0
2030-09-06 07:45:00,0.0
2030-09-06 08:00:00,0.0
2030-09-06 08:15:00,0.0
2030-09-06 08:30:00,0.0
2030-09-06 08:45:00,0.0
2030-09-06 09:00:00,0.0
2030-09-06 09:15:00,0.0
2030-09-06 09:30:00,0.0
2030-09-06 09:45:00,0.0
2030-09-06 10:00:00,0.0
2030-09-06 10:15:00,0.0
2030-09-06 10:30:00,0.0
2030-09-06 10:45:00,0.0
2030-09-06 11:00:00,0.0
2030-09-06 11:15:00,0.0
2030-09-06 11:30:00,0.0
2030-09-06 11:45:00,0.0
2030-09-06 12:00:00,0.0
2030-09-06 12:15:00,0.0
2030-09-06 12:30:00,0.0
2030-09-06 12:45:00,0.0
2030-09-06 13:00:00,0.0
2030-09-06 13:15:00,0.0
2030-09-06 13:30:00,0.0
2030-09-06 13:45:00,0.0
2030-09-06 14:00:00,0.0
2030-09-06 14:15:00,0.0
2030-09-06 14:30:00,0.0
2030-09-06 14:45:00,0.0
2030-09-06 15:00:00,0.0
2030-09-06 15:15:00,0.0
2030-09-06 15:30:00,0.0
2030-09-06 15:45:00,0.0
2030-09-06 16:00:00,0.0
2030-09-06 16:15:00,0.0
2030-09-06 16:30:00,0.0
2030-09-06 16:45:00,0.0
2030-09-06 17:00:00,0.0
2030-09-06 17:15:00,9917.242706659976
2030-09-06 17:30:00,1037.937377942264
2030-09-06 17:45:00,1709.991543250495
2030-09-06 18:00:00,2147.1070237082477
2030-09-06 18:15:00,2181.436486200404
2030-09-06 18:30:00,1958.1236780185245
2030-09-06 18:45:00,1509.079594341183
2030-09-06 19:00:00,1298.7248586625137
2030-09-06 19:15:00,1077.993584842803
2030-09-06 19:30:00,406.4307873764483
2030-09-06 19:45:00,0.0
2030-09-06 20:00:00,0.0
2030-09-06 20:15:00,0.0
2030-09-06 20:30:00,0.0
2030-09-06 20:45:00,0.0
2030-09-06 21:00:00,0.0
2030-09-06 21:15:00,0.0
2030-09-06 21:30:00,0.0
2030-09-06 21:45:00,0.0
2030-09-06 22:00:00,0.0
2030-09-06 22:15:00,0.0
2030-09-06 22:30:00,0.0
2030-09-06 22:45:00,0.0
2030-09-06 23:00:00,0.0
2030-09-06 23:15:00,0.0
2030-09-06 23:30:00,0.0
2030-09-06 23:45:00,0.0
2030-09-07 00:00:00,0.0
2030-09-07 00:15:00,0.0
2030-09-07 00:30:00,0.0
2030-09-07 00:45:00,0.0
2030-09-07 01:00:00,0.0
2030-09-07 01:15:00,0.0
2030-09-07 01:30:00,0.0
2030-09-07 01:45:00,0.0
2030-09-07 02:00:00,0.0
2030-09-07 02:15:00,0.0
2030-09-07 02:30:00,0.0
2030-09-07 02:45:00,0.0
2030-09-07 03:00:00,0.0
2030-09-07 03:15:00,0.0
2030-09-07 03:30:00,0.0
2030-09-07 03:45:00,0.0
2030-09-07 04:00:00,0.0
2030-09-07 04:15:00,0.0
2030-09-07 04:30:00,0.0
2030-09-07 04:45:00,0.0
2030-09-07 05:00:00,0.0
2030-09-07 05:15:00,0.0
2030-09-07 05:30:00,0.0
2030-09-07 05:45:00,0.0
2030-09-07 06:00:00,0.0
2030-09-07 06:15:00,0.0
2030-09-07 06:30:00,0.0
2030-09-07 06:45:00,0.0
2030-09-07 07:00:00,0.0
2030-09-07 07:15:00,0.0
2030-09-07 07:30:00,0.0
2030-09-07 07:45:00,0.0
2030-09-07 08:00:00,0.0
2030-09-07 08:15:00,0.0
2030-09-07 08:30:00,0.0
2030-09-07 08:45:00,0.0
2030-09-07 09:00:00,0.0
2030-09-07 09:15:00,0.0
2030-09-07 09:30:00,0.0
2030-09-07 09:45:00,0.0
2030-09-07 10:00:00,0.0
2030-09-07 10:15:00,0.0
2030-09-07 10:30:00,0.0
2030-09-07 10:45:00,0.0
2030-09-07 11:00:00,0.0
2030-09-07 11:15:00,0.0
2030-09-07 11:30:00,0.0
2030-09-07 11:45:00,0.0
2030-09-07 12:00:00,0.0
2030-09-07 12:15:00,0.0
2030-09-07 12:30:00,0.0
2030-09-07 12:45:00,0.0
2030-09-07 13:00:00,0.0
2030-09-07 13:15:00,0.0
2030-09-07 13:30:00,0.0
2030-09-07 13:45:00,0.0
2030-09-07 14:00:00,0.0
2030-09-07 14:15:00,0.0
2030-09-07 14:30:00,0.0
2030-09-07 14:45:00,0.0
2030-09-07 15:00:00,0.0
2030-09-07 15:15:00,0.0
2030-09-07 15:30:00,0.0
2030-09-07 15:45:00,0.0
2030-09-07 16:00:00,0.0
2030-09-07 16:15:00,0.0
2030-09-07 16:30:00,0.0
2030-09-07 16:45:00,0.0
2030-09-07 17:00:00,3383.1369227907962
2030-09-07 17:15:00,0.0
2030-09-07 17:30:00,0.0
2030-09-07 17:45:00,0.0
2030-09-07 18:00:00,0.0
2030-09-07 18:15:00,0.0
2030-09-07 18:30:00,0.0
2030-09-07 18:45:00,0.0
2030-09-07 19:00:00,0.0
2030-09-07 19:15:00,0.0
2030-09-07 19:30:00,0.0
2030-09-07 19:45:00,0.0
2030-09-07 20:00:00,0.0
2030-09-07 20:15:00,0.0
2030-09-07 20:30:00,0.0
2030-09-07 20:45:00,0.0
2030-09-07 21:00:00,0.0
2030-09-07 21:15:00,0.0
2030-09-07 21:30:00,0.0
2030-09-07 21:45:00,0.0
2030-09-07 22:00:00,0.0
2030-09-07 22:15:00,0.0
2030-09-07 22:30:00,0.0
2030-09-07 22:45:00,0.0
2030-09-07 23:00:00,0.0
2030-09-07 23:15:00,0.0
2030-09-07 23:30:00,0.0
2030-09-07 23:45:00,0.0
2030-09-08 00:00:00,0.0
2030-09-08 00:15:00,0.0
2030-09-08 00:30:00,0.0
2030-09-08 00:45:00,0.0
2030-09-08 01:00:00,0.0
2030-09-08 01:15:00,0.0
2030-09-08 01:30:00,0.0
2030-09-08 01:45:00,0.0
2030-09-08 02:00:00,0.0
2030-09-08 02:15:00,0.0
2030-09-08 02:30:00,0.0
2030-09-08 02:45:00,0.0
2030-09-08 03:00:00,0.0
2030-09-08 03:15:00,0.0
2030-09-08 03:30:00,0.0
2030-09-08 03:45:00,0.0
2030-09-08 04:00:00,0.0
2030-09-08 04:15:00,0.0
2030-09-08 04:30:00,0.0
2030-09-08 04:45:00,0.0
2030-09-08 05:00:00,0.0
2030-09-08 05:15:00,0.0
2030-09-08 05:30:00,0.0
2030-09-08 05:45:00,0.0
2030-09-08 06:00:00,0.0
2030-09-08 06:15:00,0.0
2030-09-08 06:30:00,0.0
2030-09-08 06:45:00,0.0
2030-09-08 07:00:00,0.0
2030-09-08 07:15:00,0.0
2030-09-08 07:30:00,0.0
2030-09-08 07:45:00,0.0
2030-09-08 08:00:00,0.0
2030-09-08 08:15:00,0.0
2030-09-08 08:30:00,0.0
2030-09-08 08:45:00,0.0
2030-09-08 09:00:00,0.0
2030-09-08 09:15:00,0.0
2030-09-08 09:30:00,0.0
2030-09-08 09:45:00,0.0
2030-09-08 10:00:00,0.0
2030-09-08 10:15:00,0.0
2030-09-08 10:30:00,0.0
2030-09-08 10:45:00,0.0
2030-09-08 11:00:00,0.0
2030-09-08 11:15:00,0.0
2030-09-08 11:30:00,0.0
2030-09-08 11:45:00,0.0
2030-09-08 12:00:00,0.0
2030-09-08 12:15:00,0.0
2030-09-08 12:30:00,0.0
2030-09-08 12:45:00,0.0
2030-09-08 13:00:00,0.0
2030-09-08 13:15:00,0.0
2030-09-08 13:30:00,0.0
2030-09-08 13:45:00,0.0
2030-09-08 14:00:00,0.0
2030-09-08 14:15:00,0.0
2030-09-08 14:30:00,0.0
2030-09-08 14:45:00,0.0
2030-09-08 15:00:00,0.0
2030-09-08 15:15:00,0.0
2030-09-08 15:30:00,0.0
2030-09-08 15:45:00,0.0
2030-09-08 16:00:00,0.0
2030-09-08 16:15:00,0.0
2030-09-08 16:30:00,0.0
2030-09-08 16:45:00,0.0
2030-09-08 17:00:00,0.0
2030-09-08 17:15:00,0.0
2030-09-08 17:30:00,0.0
2030-09-08 17:45:00,0.0
2030-09-08 18:00:00,0.0
2030-09-08 18:15:00,0.0
2030-09-08 18:30:00,0.0
2030-09-08 18:45:00,0.0
2030-09-08 19:00:00,0.0
2030-09-08 19:15:00,0.0
2030-09-08 19:30:00,0.0
2030-09-08 19:45:00,0.0
2030-09-08 20:00:00,0.0
2030-09-08 20:15:00,0.0
2030-09-08 20:30:00,0.0
2030-09-08 20:45:00,0.0
2030-09-08 21:00:00,0.0
2030-09-08 21:15:00,0.0
2030-09-08 21:30:00,0.0
2030-09-08 21:45:00,0.0
2030-09-08 22:00:00,0.0
2030-09-08 22:15:00,0.0
2030-09-08 22:30:00,0.0
2030-09-08 22:45:00,0.0
2030-09-08 23:00:00,4175.178158478513
2030-09-08 23:15:00,0.0
2030-09-08 23:30:00,0.0
2030-09-08 23:45:00,0.0
2030-09-09 00:00:00,0.0
2030-09-09 00:15:00,0.0
2030-09-09 00:30:00,0.0
2030-09-09 00:45:00,0.0
2030-09-09 01:00:00,0.0
2030-09-09 01:15:00,0.0
2030-09-09 01:30:00,0.0
2030-09-09 01:45:00,0.0
2030-09-09 02:00:00,0.0
2030-09-09 02:15:00,0.0
2030-09-09 02:30:00,0.0
2030-09-09 02:45:00,0.0
2030-09-09 03:00:00,0.0
2030-09-09 03:15:00,0.0
2030-09-09 03:30:00,0.0
2030-09-09 03:45:00,0.0
2030-09-09 04:00:00,0.0
2030-09-09 04:15:00,0.0
2030-09-09 04:30:00,0.0
2030-09-09 04:45:00,0.0
2030-09-09 05:00:00,0.0
2030-09-09 05:15:00,0.0
2030-09-09 05:30:00,0.0
2030-09-09 05:45:00,0.0
2030-09-09 06:00:00,0.0
2030-09-09 06:15:00,0.0
2030-09-09 06:30:00,0.0
2030-09-09 06:45:00,0.0
2030-09-09 07:00:00,0.0
2030-09-09 07:15:00,0.0
2030-09-09 07:30:00,0.0
2030-09-09 07:45:00,0.0
2030-09-09 08:00:00,0.0
2030-09-09 08:15:00,0.0
2030-09-09 08:30:00,0.0
2030-09-09 08:45:00,0.0
2030-09-09 09:00:00,0.0
2030-09-09 09:15:00,0.0
2030-09-09 09:30:00,0.0
2030-09-09 09:45:00,0.0
2030-09-09 10:00:00,0.0
2030-09-09 10:15:00,0.0
2030-09-09 10:30:00,0.0
2030-09-09 10:45:00,0.0
2030-09-09 11:00:00,0.0
2030-09-09 11:15:00,0.0
2030-09-09 11:30:00,0.0
2030-09-09 11:45:00,0.0
2030-09-09 12:00:00,0.0
2030-09-09 12:15:00,0.0
2030-09-09 12:30:00,0.0
2030-09-09 12:45:00,0.0
2030-09-09 13:00:00,0.0
2030-09-09 13:15:00,0.0
2030-09-09 13:30:00,0.0
2030-09-09 13:45:00,0.0
2030-09-09 14:00:00,0.0
2030-09-09 14:15:00,0.0
2030-09-09 14:30:00,0.0
2030-09-09 14:45:00,0.0
2030-09-09 15:00:00,0.0
2030-09-09 15:15:00,0.0
2030-09-09 15:30:00,0.0
2030-09-09 15:45:00,0.0
2030-09-09 16:00:00,0.0
2030-09-09 16:15:00,0.0
2030-09-09 16:30:00,0.0
2030-09-09 16:45:00,0.0
2030-09-09 17:00:00,0.0
2030-09-09 17:15:00,0.0
2030-09-09 17:30:00,0.0
2030-09-09 17:45:00,0.0
2030-09-09 18:00:00,0.0
2030-09-09 18:15:00,0.0
2030-09-09 18:30:00,0.0
2030-09-09 18:45:00,0.0
2030-09-09 19:00:00,0.0
2030-09-09 19:15:00,0.0
2030-09-09 19:30:00,0.0
2030-09-09 19:45:00,0.0
2030-09-09 20:00:00,0.0
2030-09-09 20:15:00,0.0
2030-09-09 20:30:00,0.0
2030-09-09 20:45:00,0.0
2030-09-09 21:00:00,0.0
2030-09-09 21:15:00,0.0
2030-09-09 21:30:00,0.0
2030-09-09 21:45:00,0.0
2030-09-09 22:00:00,0.0
2030-09-09 22:15:00,0.0
2030-09-09 22:30:00,0.0
2030-09-09 22:45:00,0.0
2030-09-09 23:00:00,0.0
2030-09-09 23:15:00,0.0
2030-09-09 23:30:00,0.0
2030-09-09 23:45:00,0.0
2030-09-10 00:00:00,0.0
2030-09-10 00:15:00,0.0
2030-09-10 00:30:00,0.0
2030-09-10 00:45:00,0.0
2030-09-10 01:00:00,0.0
2030-09-10 01:15:00,0.0
2030-09-10 01:30:00,0.0
2030-09-10 01:45:00,0.0
2030-09-10 02:00:00,0.0
2030-09-10 02:15:00,0.0
2030-09-10 02:30:00,0.0
2030-09-10 02:45:00,0.0
2030-09-10 03:00:00,0.0
2030-09-10 03:15:00,0.0
2030-09-10 03:30:00,0.0
2030-09-10 03:45:00,0.0
2030-09-10 04:00:00,0.0
2030-09-10 04:15:00,0.0
2030-09-10 04:30:00,0.0
2030-09-10 04:45:00,0.0
2030-09-10 05:00:00,0.0
2030-09-10 05:15:00,0.0
2030-09-10 05:30:00,0.0
2030-09-10 05:45:00,0.0
2030-09-10 06:00:00,0.0
2030-09-10 06:15:00,0.0
2030-09-10 06:30:00,0.0
2030-09-10 06:45:00,0.0
2030-09-10 07:00:00,0.0
2030-09-10 07:15:00,0.0
2030-09-10 07:30:00,0.0
2030-09-10 07:45:00,0.0
2030-09-10 08:00:00,0.0
2030-09-10 08:15:00,0.0
2030-09-10 08:30:00,0.0
2030-09-10 08:45:00,0.0
2030-09-10 09:00:00,0.0
2030-09-10 09:15:00,0.0
2030-09-10 09:30:00,0.0
2030-09-10 09:45:00,0.0
2030-09-10 10:00:00,0.0
2030-09-10 10:15:00,0.0
2030-09-10 10:30:00,0.0
2030-09-10 10:45:00,0.0
2030-09-10 11:00:00,0.0
2030-09-10 11:15:00,0.0
2030-09-10 11:30:00,0.0
2030-09-10 11:45:00,0.0
2030-09-10 12:00:00,0.0
2030-09-10 12:15:00,0.0
2030-09-10 12:30:00,0.0
2030-09-10 12:45:00,0.0
2030-09-10 13:00:00,0.0
2030-09-10 13:15:00,0.0
2030-09-10 13:30:00,0.0
2030-09-10 13:45:00,0.0
2030-09-10 14:00:00,0.0
2030-09-10 14:15:00,0.0
2030-09-10 14:30:00,0.0
2030-09-10 14:45:00,0.0
2030-09-10 15:00:00,0.0
2030-09-10 15:15:00,0.0
2030-09-10 15:30:00,0.0
2030-09-10 15:45:00,0.0
2030-09-10 16:00:00,0.0
2030-09-10 16:15:00,0.0
2030-09-10 16:30:00,0.0
2030-09-10 16:45:00,0.0
2030-09-10 17:00:00,0.0
2030-09-10 17:15:00,0.0
2030-09-10 17:30:00,0.0
2030-09-10 17:45:00,0.0
2030-09-10 18:00:00,0.0
2030-09-10 18:15:00,0.0
2030-09-10 18:30:00,0.0
2030-09-10 18:45:00,0.0
2030-09-10 19:00:00,0.0
2030-09-10 19:15:00,0.0
2030-09-10 19:30:00,4776.607874407677
2030-09-10 19:45:00,2167.158662972044
2030-09-10 20:00:00,2372.7311294604515
2030-09-10 20:15:00,2441.930929984501
2030-09-10 20:30:00,2284.5832633756036
2030-09-10 20:45:00,1988.8876855863018
2030-09-10 21:00:00,1959.7102300957158
2030-09-10 21:15:00,1820.2882669614864
2030-09-10 21:30:00,1613.80070375592
2030-09-10 21:45:00,1466.9686339331802
2030-09-10 22:00:00,1314.1601174530224
2030-09-10 22:15:00,1055.8065838687799
2030-09-10 22:30:00,734.860602866931
2030-09-10 22:45:00,532.2620511953573
2030-09-10 23:00:00,183.2634996210927
2030-09-10 23:15:00,0.0
2030-09-10 23:30:00,0.0
2030-09-10 23:45:00,0.0
2030-09-11 00:00:00,0.0
2030-09-11 00:15:00,0.0
2030-09-11 00:30:00,0.0
2030-09-11 00:45:00,0.0
2030-09-11 01:00:00,0.0
2030-09-11 01:15:00,0.0
2030-09-11 01:30:00,0.0
2030-09-11 01:45:00,0.0
2030-09-11 02:00:00,0.0
2030-09-11 02:15:00,0.0
2030-09-11 02:30:00,0.0
2030-09-11 02:45:00,0.0
2030-09-11 03:00:00,0.0
2030-09-11 03:15:00,0.0
2030-09-11 03:30:00,0.0
2030-09-11 03:45:00,0.0
2030-09-11 04:00:00,0.0
2030-09-11 04:15:00,0.0
2030-09-11 04:30:00,0.0
2030-09-11 04:45:00,0.0
2030-09-11 05:00:00,0.0
2030-09-11 05:15:00,0.0
2030-09-11 05:30:00,0.0
2030-09-11 05:45:00,0.0
2030-09-11 06:00:00,0.0
2030-09-11 06:15:00,0.0
2030-09-11 06:30:00,0.0
2030-09-11 06:45:00,0.0
2030-09-11 07:00:00,0.0
2030-09-11 07:15:00,0.0
2030-09-11 07:30:00,0.0
2030-09-11 07:45:00,0.0
2030-09-11 08:00:00,0.0
2030-09-11 08:15:00,0.0
2030-09-11 08:30:00,0.0
2030-09-11 08:45:00,0.0
2030-09-11 09:00:00,0.0
2030-09-11 09:15:00,0.0
2030-09-11 09:30:00,0.0
2030-09-11 09:45:00,0.0
2030-09-11 10:00:00,0.0
2030-09-11 10:15:00,0.0
2030-09-11 10:30:00,0.0
2030-09-11 10:45:00,0.0
2030-09-11 11:00:00,0.0
2030-09-11 11:15:00,0.0
2030-09-11 11:30:00,0.0
2030-09-11 11:45:00,0.0
2030-09-11 12:00:00,0.0
2030-09-11 12:15:00,0.0
2030-09-11 12:30:00,0.0
2030-09-11 12:45:00,0.0
2030-09-11 13:00:00,0.0
2030-09-11 13:15:00,0.0
2030-09-11 13:30:00,0.0
2030-09-11 13:45:00,0.0
2030-09-11 14:00:00,0.0
2030-09-11 14:15:00,0.0
2030-09-11 14:30:00,0.0
2030-09-11 14:45:00,0.0
2030-09-11 15:00:00,0.0
2030-09-11 15:15:00,0.0
2030-09-11 15:30:00,0.0
2030-09-11 15:45:00,0.0
2030-09-11 16:00:00,0.0
2030-09-11 16:15:00,0.0
2030-09-11 16:30:00,0.0
2030-09-11 16:45:00,0.0
2030-09-11 17:00:00,0.0
2030-09-11 17:15:00,0.0
2030-09-11 17:30:00,0.0
2030-09-11 17:45:00,0.0
2030-09-11 18:00:00,0.0
2030-09-11 18:15:00,0.0
2030-09-11 18:30:00,0.0
2030-09-11 18:45:00,0.0
2030-09-11 19:00:00,0.0
2030-09-11 19:15:00,0.0
2030-09-11 19:30:00,0.0
2030-09-11 19:45:00,0.0
2030-09-11 20:00:00,0.0
2030-09-11 20:15:00,0.0
2030-09-11 20:30:00,352.7695660314439
2030-09-11 20:45:00,0.0
2030-09-11 21:00:00,0.0
2030-09-11 21:15:00,0.0
2030-09-11 21:30:00,0.0
2030-09-11 21:45:00,0.0
2030-09-11 22:00:00,0.0
2030-09-11 22:15:00,0.0
2030-09-11 22:30:00,0.0
2030-09-11 22:45:00,0.0
2030-09-11 23:00:00,0.0
2030-09-11 23:15:00,0.0
2030-09-11 23:30:00,0.0
2030-09-11 23:45:00,0.0
2030-09-12 00:00:00,0.0
2030-09-12 00:15:00,0.0
2030-09-12 00:30:00,0.0
2030-09-12 00:45:00,0.0
2030-09-12 01:00:00,0.0
2030-09-12 01:15:00,0.0
2030-09-12 01:30:00,0.0
2030-09-12 01:45:00,0.0
2030-09-12 02:00:00,0.0
2030-09-12 02:15:00,0.0
2030-09-12 02:30:00,0.0
2030-09-12 02:45:00,0.0
2030-09-12 03:00:00,0.0
2030-09-12 03:15:00,0.0
2030-09-12 03:30:00,0.0
2030-09-12 03:45:00,0.0
2030-09-12 04:00:00,0.0
2030-09-12 04:15:00,0.0
2030-09-12 04:30:00,0.0
2030-09-12 04:45:00,0.0
2030-09-12 05:00:00,0.0
2030-09-12 05:15:00,0.0
2030-09-12 05:30:00,0.0
2030-09-12 05:45:00,0.0
2030-09-12 06:00:00,0.0
2030-09-12 06:15:00,0.0
2030-09-12 06:30:00,0.0
2030-09-12 06:45:00,0.0
2030-09-12 07:00:00,0.0
2030-09-12 07:15:00,0.0
2030-09-12 07:30:00,0.0
2030-09-12 07:45:00,0.0
2030-09-12 08:00:00,0.0
2030-09-12 08:15:00,0.0
2030-09-12 08:30:00,0.0
2030-09-12 08:45:00,0.0
2030-09-12 09:00:00,0.0
2030-09-12 09:15:00,0.0
2030-09-12 09:30:00,0.0
2030-09-12 09:45:00,0.0
2030-09-12 10:00:00,0.0
2030-09-12 10:15:00,0.0
2030-09-12 10:30:00,0.0
2030-09-12 10:45:00,0.0
2030-09-12 11:00:00,0.0
2030-09-12 11:15:00,0.0
2030-09-12 11:30:00,0.0
2030-09-12 11:45:00,0.0
2030-09-12 12:00:00,0.0
2030-09-12 12:15:00,0.0
2030-09-12 12:30:00,0.0
2030-09-12 12:45:00,0.0
2030-09-12 13:00:00,0.0
2030-09-12 13:15:00,0.0
2030-09-12 13:30:00,0.0
2030-09-12 13:45:00,0.0
2030-09-12 14:00:00,0.0
2030-09-12 14:15:00,0.0
2030-09-12 14:30:00,0.0
2030-09-12 14:45:00,0.0
2030-09-12 15:00:00,0.0
2030-09-12 15:15:00,0.0
2030-09-12 15:30:00,0.0
2030-09-12 15:45:00,0.0
2030-09-12 16:00:00,0.0
2030-09-12 16:15:00,0.0
2030-09-12 16:30:00,0.0
2030-09-12 16:45:00,0.0
2030-09-12 17:00:00,0.0
2030-09-12 17:15:00,0.0
2030-09-12 17:30:00,0.0
2030-09-12 17:45:00,0.0
2030-09-12 18:00:00,0.0
2030-09-12 18:15:00,0.0
2030-09-12 18:30:00,0.0
2030-09-12 18:45:00,0.0
2030-09-12 19:00:00,0.0
2030-09-12 19:15:00,0.0
2030-09-12 19:30:00,0.0
2030-09-12 19:45:00,0.0
2030-09-12 20:00:00,0.0
2030-09-12 20:15:00,0.0
2030-09-12 20:30:00,107.60313356011648
2030-09-12 20:45:00,0.0
2030-09-12 21:00:00,0.0
2030-09-12 21:15:00,0.0
2030-09-12 21:30:00,0.0
2030-09-12 21:45:00,0.0
2030-09-12 22:00:00,0.0
2030-09-12 22:15:00,0.0
2030-09-12 22:30:00,0.0
2030-09-12 22:45:00,0.0
2030-09-12 23:00:00,0.0
2030-09-12 23:15:00,0.0
2030-09-12 23:30:00,0.0
2030-09-12 23:45:00,0.0
2030-09-13 00:00:00,0.0
2030-09-13 00:15:00,0.0
2030-09-13 00:30:00,0.0
2030-09-13 00:45:00,0.0
2030-09-13 01:00:00,0.0
2030-09-13 01:15:00,0.0
2030-09-13 01:30:00,0.0
2030-09-13 01:45:00,0.0
2030-09-13 02:00:00,0.0
2030-09-13 02:15:00,0.0
2030-09-13 02:30:00,0.0
2030-09-13 02:45:00,0.0
2030-09-13 03:00:00,0.0
2030-09-13 03:15:00,0.0
2030-09-13 03:30:00,0.0
2030-09-13 03:45:00,0.0
2030-09-13 04:00:00,0.0
2030-09-13 04:15:00,0.0
2030-09-13 04:30:00,0.0
2030-09-13 04:45:00,0.0
2030-09-13 05:00:00,0.0
2030-09-13 05:15:00,0.0
2030-09-13 05:30:00,0.0
2030-09-13 05:45:00,0.0
2030-09-13 06:00:00,0.0
2030-09-13 06:15:00,0.0
2030-09-13 06:30:00,0.0
2030-09-13 06:45:00,0.0
2030-09-13 07:00:00,0.0
2030-09-13 07:15:00,0.0
2030-09-13 07:30:00,0.0
2030-09-13 07:45:00,0.0
2030-09-13 08:00:00,0.0
2030-09-13 08:15:00,0.0
2030-09-13 08:30:00,0.0
2030-09-13 08:45:00,0.0
2030-09-13 09:00:00,0.0
2030-09-13 09:15:00,0.0
2030-09-13 09:30:00,0.0
2030-09-13 09:45:00,0.0
2030-09-13 10:00:00,0.0
2030-09-13 10:15:00,0.0
2030-09-13 10:30:00,0.0
2030-09-13 10:45:00,0.0
2030-09-13 11:00:00,0.0
2030-09-13 11:15:00,0.0
2030-09-13 11:30:00,0.0
2030-09-13 11:45:00,0.0
2030-09-13 12:00:00,0.0
2030-09-13 12:15:00,0.0
2030-09-13 12:30:00,0.0
2030-09-13 12:45:00,0.0
2030-09-13 13:00:00,0.0
2030-09-13 13:15:00,0.0
2030-09-13 13:30:00,0.0
2030-09-13 13:45:00,0.0
2030-09-13 14:00:00,0.0
2030-09-13 14:15:00,0.0
2030-09-13 14:30:00,0.0
2030-09-13 14:45:00,0.0
2030-09-13 15:00:00,0.0
2030-09-13 15:15:00,0.0
2030-09-13 15:30:00,0.0
2030-09-13 15:45:00,0.0
2030-09-13 16:00:00,0.0
2030-09-13 16:15:00,0.0
2030-09-13 16:30:00,0.0
2030-09-13 16:45:00,0.0
2030-09-13 17:00:00,0.0
2030-09-13 17:15:00,0.0
2030-09-13 17:30:00,0.0
2030-09-13 17:45:00,0.0
2030-09-13 18:00:00,0.0
2030-09-13 18:15:00,0.0
2030-09-13 18:30:00,0.0
2030-09-13 18:45:00,0.0
2030-09-13 19:00:00,1914.1115230449868
2030-09-13 19:15:00,0.0
2030-09-13 19:30:00,0.0
2030-09-13 19:45:00,0.0
2030-09-13 20:00:00,0.0
2030-09-13 20:15:00,0.0
2030-09-13 20:30:00,0.0
2030-09-13 20:45:00,0.0
2030-09-13 21:00:00,0.0
2030-09-13 21:15:00,0.0
2030-09-13 21:30:00,0.0
2030-09-13 21:45:00,0.0
2030-09-13 22:00:00,0.0
2030-09-13 22:15:00,0.0
2030-09-13 22:30:00,0.0
2030-09-13 22:45:00,0.0
2030-09-13 23:00:00,0.0
2030-09-13 23:15:00,0.0
2030-09-13 23:30:00,0.0
2030-09-13 23:45:00,0.0
2030-09-14 00:00:00,0.0
2030-09-14 00:15:00,0.0
2030-09-14 00:30:00,0.0
2030-09-14 00:45:00,0.0
2030-09-14 01:00:00,0.0
2030-09-14 01:15:00,0.0
2030-09-14 01:30:00,0.0
2030-09-14 01:45:00,0.0
2030-09-14 02:00:00,0.0
2030-09-14 02:15:00,0.0
2030-09-14 02:30:00,0.0
2030-09-14 02:45:00,0.0
2030-09-14 03:00:00,0.0
2030-09-14 03:15:00,0.0
2030-09-14 03:30:00,0.0
2030-09-14 03:45:00,0.0
2030-09-14 04:00:00,0.0
2030-09-14 04:15:00,0.0
2030-09-14 04:30:00,0.0
2030-09-14 04:45:00,0.0
2030-09-14 05:00:00,0.0
2030-09-14 05:15:00,0.0
2030-09-14 05:30:00,0.0
2030-09-14 05:45:00,503.05556140774206
2030-09-14 06:00:00,1655.4279557805185
2030-09-14 06:15:00,2154.5344275321295
2030-09-14 06:30:00,2247.4560926107133
2030-09-14 06:45:00,2254.4104914442287
2030-09-14 07:00:00,2354.458577697442
2030-09-14 07:15:00,1903.6385996656736
2030-09-14 07:30:00,1361.0718513348602
2030-09-14 07:45:00,800.7431471038508
2030-09-14 08:00:00,412.0885441135215
2030-09-14 08:15:00,0.0
2030-09-14 08:30:00,0.0
2030-09-14 08:45:00,0.0
2030-09-14 09:00:00,0.0
2030-09-14 09:15:00,0.0
2030-09-14 09:30:00,0.0
2030-09-14 09:45:00,0.0
2030-09-14 10:00:00,0.0
2030-09-14 10:15:00,0.0
2030-09-14 10:30:00,0.0
2030-09-14 10:45:00,0.0
2030-09-14 11:00:00,0.0
2030-09-14 11:15:00,0.0
2030-09-14 11:30:00,0.0
2030-09-14 11:45:00,0.0
2030-09-14 12:00:00,0.0
2030-09-14 12:15:00,0.0
2030-09-14 12:30:00,0.0
2030-09-14 12:45:00,0.0
2030-09-14 13:00:00,0.0
2030-09-14 13:15:00,0.0
2030-09-14 13:30:00,0.0
2030-09-14 13:45:00,0.0
2030-09-14 14:00:00,0.0
2030-09-14 14:15:00,0.0
2030-09-14 14:30:00,0.0
2030-09-14 14:45:00,0.0
2030-09-14 15:00:00,0.0
2030-09-14 15:15:00,0.0
2030-09-14 15:30:00,0.0
2030-09-14 15:45:00,0.0
2030-09-14 16:00:00,0.0
2030-09-14 16:15:00,0.0
2030-09-14 16:30:00,190.73416282752987
2030-09-14 16:45:00,1167.696569452015
2030-09-14 17:00:00,2501.5129368032176
2030-09-14 17:15:00,3495.1158734629353
2030-09-14 17:30:00,4446.675462913257
2030-09-14 17:45:00,5097.347735884265
2030-09-14 18:00:00,5581.748546300529
2030-09-14 18:15:00,5815.725560515897
2030-09-14 18:30:00,5811.022353654313
2030-09-14 18:45:00,5774.17178438422
2030-09-14 19:00:00,5761.495178642763
2030-09-14 19:15:00,5804.176712226337
2030-09-14 19:30:00,5750.837693339992
2030-09-14 19:45:00,5655.901052352932
2030-09-14 20:00:00,5537.874703868161
2030-09-14 20:15:00,5256.4491467280495
2030-09-14 20:30:00,4894.108918186594
2030-09-14 20:45:00,4424.598801502829
2030-09-14 21:00:00,3881.8019281996203
2030-09-14 21:15:00,3411.957432469131
2030-09-14 21:30:00,2861.3816378183838
2030-09-14 21:45:00,2470.859192281496
2030-09-14 22:00:00,2019.488326750743
2030-09-14 22:15:00,1627.9775396609293
2030-09-14 22:30:00,1294.2835086235027
2030-09-14 22:45:00,865.6822200920033
2030-09-14 23:00:00,332.62359249665315
2030-09-14 23:15:00,40.15684003676506
2030-09-14 23:30:00,0.0
2030-09-14 23:45:00,0.0
2030-09-15 00:00:00,0.0
2030-09-15 00:15:00,0.0
2030-09-15 00:30:00,0.0
2030-09-15 00:45:00,0.0
2030-09-15 01:00:00,0.0
2030-09-15 01:15:00,0.0
2030-09-15 01:30:00,0.0
2030-09-15 01:45:00,0.0
2030-09-15 02:00:00,0.0
2030-09-15 02:15:00,0.0
2030-09-15 02:30:00,0.0
2030-09-15 02:45:00,0.0
2030-09-15 03:00:00,0.0
2030-09-15 03:15:00,0.0
2030-09-15 03:30:00,0.0
2030-09-15 03:45:00,0.0
2030-09-15 04:00:00,0.0
2030-09-15 04:15:00,0.0
2030-09-15 04:30:00,0.0
2030-09-15 04:45:00,0.0
2030-09-15 05:00:00,0.0
2030-09-15 05:15:00,0.0
2030-09-15 05:30:00,0.0
2030-09-15 05:45:00,175.34918271485003
2030-09-15 06:00:00,746.7975446919445
2030-09-15 06:15:00,885.24303010529
2030-09-15 06:30:00,872.733865808128
2030-09-15 06:45:00,346.92405457258064
2030-09-15 07:00:00,0.0
2030-09-15 07:15:00,0.0
2030-09-15 07:30:00,0.0
2030-09-15 07:45:00,0.0
2030-09-15 08:00:00,0.0
2030-09-15 08:15:00,0.0
2030-09-15 08:30:00,0.0
2030-09-15 08:45:00,0.0
2030-09-15 09:00:00,0.0
2030-09-15 09:15:00,0.0
2030-09-15 09:30:00,0.0
2030-09-15 09:45:00,0.0
2030-09-15 10:00:00,0.0
2030-09-15 10:15:00,0.0
2030-09-15 10:30:00,0.0
2030-09-15 10:45:00,0.0
2030-09-15 11:00:00,0.0
2030-09-15 11:15:00,0.0
2030-09-15 11:30:00,0.0
2030-09-15 11:45:00,0.0
2030-09-15 12:00:00,0.0
2030-09-15 12:15:00,0.0
2030-09-15 12:30:00,0.0
2030-09-15 12:45:00,0.0
2030-09-15 13:00:00,0.0
2030-09-15 13:15:00,0.0
2030-09-15 13:30:00,0.0
2030-09-15 13:45:00,0.0
2030-09-15 14:00:00,0.0
2030-09-15 14:15:00,0.0
2030-09-15 14:30:00,0.0
2030-09-15 14:45:00,0.0
2030-09-15 15:00:00,0.0
2030-09-15 15:15:00,0.0
2030-09-15 15:30:00,0.0
2030-09-15 15:45:00,0.0
2030-09-15 16:00:00,5170.515120539412
2030-09-15 16:15:00,0.0
2030-09-15 16:30:00,0.0
2030-09-15 16:45:00,0.0
2030-09-15 17:00:00,0.0
2030-09-15 17:15:00,629.0919682887579
2030-09-15 17:30:00,1572.956594060326
2030-09-15 17:45:00,2349.0812485547012
2030-09-15 18:00:00,2694.6996253271554
2030-09-15 18:15:00,2481.8182632281278
2030-09-15 18:30:00,2264.2184052108187
2030-09-15 18:45:00,1952.6481132955978
2030-09-15 19:00:00,1323.8274008670014
2030-09-15 19:15:00,700.7475274486769
2030-09-15 19:30:00,152.40926314640092
2030-09-15 19:45:00,0.0
2030-09-15 20:00:00,0.0
2030-09-15 20:15:00,0.0
2030-09-15 20:30:00,0.0
2030-09-15 20:45:00,0.0
2030-09-15 21:00:00,0.0
2030-09-15 21:15:00,0.0
2030-09-15 21:30:00,0.0
2030-09-15 21:45:00,0.0
2030-09-15 22:00:00,0.0
2030-09-15 22:15:00,0.0
2030-09-15 22:30:00,0.0
2030-09-15 22:45:00,0.0
2030-09-15 23:00:00,0.0
2030-09-15 23:15:00,0.0
2030-09-15 23:30:00,0.0
2030-09-15 23:45:00,0.0
2030-09-16 00:00:00,0.0
2030-09-16 00:15:00,0.0
2030-09-16 00:30:00,0.0
2030-09-16 00:45:00,0.0
2030-09-16 01:00:00,0.0
2030-09-16 01:15:00,0.0
2030-09-16 01:30:00,0.0
2030-09-16 01:45:00,0.0
2030-09-16 02:00:00,0.0
2030-09-16 02:15:00,0.0
2030-09-16 02:30:00,0.0
2030-09-16 02:45:00,0.0
2030-09-16 03:00:00,0.0
2030-09-16 03:15:00,0.0
2030-09-16 03:30:00,0.0
2030-09-16 03:45:00,0.0
2030-09-16 04:00:00,0.0
2030-09-16 04:15:00,0.0
2030-09-16 04:30:00,0.0
2030-09-16 04:45:00,0.0
2030-09-16 05:00:00,0.0
2030-09-16 05:15:00,0.0
2030-09-16 05:30:00,0.0
2030-09-16 05:45:00,0.0
2030-09-16 06:00:00,0.0
2030-09-16 06:15:00,0.0
2030-09-16 06:30:00,0.0
2030-09-16 06:45:00,0.0
2030-09-16 07:00:00,0.0
2030-09-16 07:15:00,0.0
2030-09-16 07:30:00,0.0
2030-09-16 07:45:00,0.0
2030-09-16 08:00:00,0.0
2030-09-16 08:15:00,0.0
2030-09-16 08:30:00,0.0
2030-09-16 08:45:00,0.0
2030-09-16 09:00:00,0.0
2030-09-16 09:15:00,0.0
2030-09-16 09:30:00,0.0
2030-09-16 09:45:00,0.0
2030-09-16 10:00:00,0.0
2030-09-16 10:15:00,0.0
2030-09-16 10:30:00,0.0
2030-09-16 10:45:00,0.0
2030-09-16 11:00:00,0.0
2030-09-16 11:15:00,0.0
2030-09-16 11:30:00,0.0
2030-09-16 11:45:00,0.0
2030-09-16 12:00:00,0.0
2030-09-16 12:15:00,0.0
2030-09-16 12:30:00,0.0
2030-09-16 12:45:00,0.0
2030-09-16 13:00:00,0.0
2030-09-16 13:15:00,0.0
2030-09-16 13:30:00,0.0
2030-09-16 13:45:00,0.0
2030-09-16 14:00:00,0.0
2030-09-16 14:15:00,0.0
2030-09-16 14:30:00,0.0
2030-09-16 14:45:00,0.0
2030-09-16 15:00:00,0.0
2030-09-16 15:15:00,0.0
2030-09-16 15:30:00,0.0
2030-09-16 15:45:00,0.0
2030-09-16 16:00:00,0.0
2030-09-16 16:15:00,0.0
2030-09-16 16:30:00,0.0
2030-09-16 16:45:00,0.0
2030-09-16 17:00:00,0.0
2030-09-16 17:15:00,0.0
2030-09-16 17:30:00,0.0
2030-09-16 17:45:00,0.0
2030-09-16 18:00:00,0.0
2030-09-16 18:15:00,0.0
2030-09-16 18:30:00,0.0
2030-09-16 18:45:00,0.0
2030-09-16 19:00:00,0.0
2030-09-16 19:15:00,0.0
2030-09-16 19:30:00,0.0
2030-09-16 19:45:00,0.0
2030-09-16 20:00:00,0.0
2030-09-16 20:15:00,0.0
2030-09-16 20:30:00,0.0
2030-09-16 20:45:00,0.0
2030-09-16 21:00:00,0.0
2030-09-16 21:15:00,0.0
2030-09-16 21:30:00,0.0
2030-09-16 21:45:00,0.0
2030-09-16 22:00:00,0.0
2030-09-16 22:15:00,0.0
2030-09-16 22:30:00,0.0
2030-09-16 22:45:00,0.0
2030-09-16 23:00:00,0.0
2030-09-16 23:15:00,0.0
2030-09-16 23:30:00,0.0
2030-09-16 23:45:00,0.0
2030-09-17 00:00:00,0.0
2030-09-17 00:15:00,0.0
2030-09-17 00:30:00,0.0
2030-09-17 00:45:00,0.0
2030-09-17 01:00:00,0.0
2030-09-17 01:15:00,0.0
2030-09-17 01:30:00,0.0
2030-09-17 01:45:00,0.0
2030-09-17 02:00:00,0.0
2030-09-17 02:15:00,0.0
2030-09-17 02:30:00,0.0
2030-09-17 02:45:00,0.0
2030-09-17 03:00:00,0.0
2030-09-17 03:15:00,0.0
2030-09-17 03:30:00,0.0
2030-09-17 03:45:00,0.0
2030-09-17 04:00:00,0.0
2030-09-17 04:15:00,0.0
2030-09-17 04:30:00,0.0
2030-09-17 04:45:00,0.0
2030-09-17 05:00:00,0.0
2030-09-17 05:15:00,0.0
2030-09-17 05:30:00,0.0
2030-09-17 05:45:00,0.0
2030-09-17 06:00:00,0.0
2030-09-17 06:15:00,0.0
2030-09-17 06:30:00,0.0
2030-09-17 06:45:00,0.0
2030-09-17 07:00:00,0.0
2030-09-17 07:15:00,0.0
2030-09-17 07:30:00,0.0
2030-09-17 07:45:00,0.0
2030-09-17 08:00:00,0.0
2030-09-17 08:15:00,0.0
2030-09-17 08:30:00,0.0
2030-09-17 08:45:00,0.0
2030-09-17 09:00:00,0.0
2030-09-17 09:15:00,0.0
2030-09-17 09:30:00,0.0
2030-09-17 09:45:00,0.0
2030-09-17 10:00:00,0.0
2030-09-17 10:15:00,0.0
2030-09-17 10:30:00,0.0
2030-09-17 10:45:00,0.0
2030-09-17 11:00:00,0.0
2030-09-17 11:15:00,0.0
2030-09-17 11:30:00,0.0
2030-09-17 11:45:00,0.0
2030-09-17 12:00:00,0.0
2030-09-17 12:15:00,0.0
2030-09-17 12:30:00,0.0
2030-09-17 12:45:00,0.0
2030-09-17 13:00:00,0.0
2030-09-17 13:15:00,0.0
2030-09-17 13:30:00,0.0
2030-09-17 13:45:00,0.0
2030-09-17 14:00:00,0.0
2030-09-17 14:15:00,0.0
2030-09-17 14:30:00,0.0
2030-09-17 14:45:00,-6522.184643936596
2030-09-17 15:00:00,-6892.159398105921
2030-09-17 15:15:00,-5450.491044409033
2030-09-17 15:30:00,-4228.100038525568
2030-09-17 15:45:00,-2601.4009107604197
2030-09-17 16:00:00,-913.7352942898069
2030-09-17 16:15:00,0.0
2030-09-17 16:30:00,0.0
2030-09-17 16:45:00,0.0
2030-09-17 17:00:00,0.0
2030-09-17 17:15:00,0.0
2030-09-17 17:30:00,0.0
2030-09-17 17:45:00,0.0
2030-09-17 18:00:00,0.0
2030-09-17 18:15:00,0.0
2030-09-17 18:30:00,0.0
2030-09-17 18:45:00,0.0
2030-09-17 19:00:00,0.0
2030-09-17 19:15:00,0.0
2030-09-17 19:30:00,0.0
2030-09-17 19:45:00,0.0
2030-09-17 20:00:00,0.0
2030-09-17 20:15:00,0.0
2030-09-17 20:30:00,0.0
2030-09-17 20:45:00,0.0
2030-09-17 21:00:00,0.0
2030-09-17 21:15:00,0.0
2030-09-17 21:30:00,0.0
2030-09-17 21:45:00,0.0
2030-09-17 22:00:00,0.0
2030-09-17 22:15:00,0.0
2030-09-17 22:30:00,0.0
2030-09-17 22:45:00,0.0
2030-09-17 23:00:00,0.0
2030-09-17 23:15:00,0.0
2030-09-17 23:30:00,0.0
2030-09-17 23:45:00,0.0
2030-09-18 00:00:00,0.0
2030-09-18 00:15:00,0.0
2030-09-18 00:30:00,0.0
2030-09-18 00:45:00,0.0
2030-09-18 01:00:00,0.0
2030-09-18 01:15:00,0.0
2030-09-18 01:30:00,0.0
2030-09-18 01:45:00,0.0
2030-09-18 02:00:00,0.0
2030-09-18 02:15:00,0.0
2030-09-18 02:30:00,0.0
2030-09-18 02:45:00,0.0
2030-09-18 03:00:00,0.0
2030-09-18 03:15:00,0.0
2030-09-18 03:30:00,0.0
2030-09-18 03:45:00,0.0
2030-09-18 04:00:00,0.0
2030-09-18 04:15:00,0.0
2030-09-18 04:30:00,0.0
2030-09-18 04:45:00,0.0
2030-09-18 05:00:00,0.0
2030-09-18 05:15:00,0.0
2030-09-18 05:30:00,0.0
2030-09-18 05:45:00,0.0
2030-09-18 06:00:00,0.0
2030-09-18 06:15:00,0.0
2030-09-18 06:30:00,0.0
2030-09-18 06:45:00,0.0
2030-09-18 07:00:00,0.0
2030-09-18 07:15:00,0.0
2030-09-18 07:30:00,0.0
2030-09-18 07:45:00,0.0
2030-09-18 08:00:00,0.0
2030-09-18 08:15:00,0.0
2030-09-18 08:30:00,0.0
2030-09-18 08:45:00,0.0
2030-09-18 09:00:00,0.0
2030-09-18 09:15:00,0.0
2030-09-18 09:30:00,0.0
2030-09-18 09:45:00,0.0
2030-09-18 10:00:00,0.0
2030-09-18 10:15:00,0.0
2030-09-18 10:30:00,0.0
2030-09-18 10:45:00,0.0
2030-09-18 11:00:00,0.0
2030-09-18 11:15:00,0.0
2030-09-18 11:30:00,0.0
2030-09-18 11:45:00,0.0
2030-09-18 12:00:00,0.0
2030-09-18 12:15:00,0.0
2030-09-18 12:30:00,0.0
2030-09-18 12:45:00,0.0
2030-09-18 13:00:00,0.0
2030-09-18 13:15:00,0.0
2030-09-18 13:30:00,0.0
2030-09-18 13:45:00,0.0
2030-09-18 14:00:00,0.0
2030-09-18 14:15:00,0.0
2030-09-18 14:30:00,0.0
2030-09-18 14:45:00,0.0
2030-09-18 15:00:00,-4722.811976730933
2030-09-18 15:15:00,-6636.274943209584
2030-09-18 15:30:00,-5272.683827747704
2030-09-18 15:45:00,-3775.2825138260305
2030-09-18 16:00:00,-1577.5182959603844
2030-09-18 16:15:00,-280.22915414053205
2030-09-18 16:30:00,0.0
2030-09-18 16:45:00,0.0
2030-09-18 17:00:00,0.0
2030-09-18 17:15:00,0.0
2030-09-18 17:30:00,0.0
2030-09-18 17:45:00,0.0
2030-09-18 18:00:00,0.0
2030-09-18 18:15:00,0.0
2030-09-18 18:30:00,0.0
2030-09-18 18:45:00,0.0
2030-09-18 19:00:00,0.0
2030-09-18 19:15:00,0.0
2030-09-18 19:30:00,0.0
2030-09-18 19:45:00,0.0
2030-09-18 20:00:00,0.0
2030-09-18 20:15:00,0.0
2030-09-18 20:30:00,0.0
2030-09-18 20:45:00,0.0
2030-09-18 21:00:00,0.0
2030-09-18 21:15:00,0.0
2030-09-18 21:30:00,0.0
2030-09-18 21:45:00,0.0
2030-09-18 22:00:00,0.0
2030-09-18 22:15:00,0.0
2030-09-18 22:30:00,0.0
2030-09-18 22:45:00,0.0
2030-09-18 23:00:00,0.0
2030-09-18 23:15:00,0.0
2030-09-18 23:30:00,0.0
2030-09-18 23:45:00,0.0
2030-09-19 00:00:00,0.0
2030-09-19 00:15:00,0.0
2030-09-19 00:30:00,0.0
2030-09-19 00:45:00,0.0
2030-09-19 01:00:00,0.0
2030-09-19 01:15:00,0.0
2030-09-19 01:30:00,0.0
2030-09-19 01:45:00,0.0
2030-09-19 02:00:00,0.0
2030-09-19 02:15:00,0.0
2030-09-19 02:30:00,0.0
2030-09-19 02:45:00,0.0
2030-09-19 03:00:00,0.0
2030-09-19 03:15:00,0.0
2030-09-19 03:30:00,0.0
2030-09-19 03:45:00,0.0
2030-09-19 04:00:00,0.0
2030-09-19 04:15:00,0.0
2030-09-19 04:30:00,0.0
2030-09-19 04:45:00,0.0
2030-09-19 05:00:00,0.0
2030-09-19 05:15:00,0.0
2030-09-19 05:30:00,0.0
2030-09-19 05:45:00,0.0
2030-09-19 06:00:00,0.0
2030-09-19 06:15:00,0.0
2030-09-19 06:30:00,0.0
2030-09-19 06:45:00,0.0
2030-09-19 07:00:00,0.0
2030-09-19 07:15:00,0.0
2030-09-19 07:30:00,0.0
2030-09-19 07:45:00,0.0
2030-09-19 08:00:00,0.0
2030-09-19 08:15:00,0.0
2030-09-19 08:30:00,0.0
2030-09-19 08:45:00,0.0
2030-09-19 09:00:00,0.0
2030-09-19 09:15:00,0.0
2030-09-19 09:30:00,0.0
2030-09-19 09:45:00,-9912.830915581955
2030-09-19 10:00:00,-14756.711668735177
2030-09-19 10:15:00,-16261.116154763513
2030-09-19 10:30:00,-17313.682456972012
2030-09-19 10:45:00,-17686.5582725997
2030-09-19 11:00:00,-18396.947052555406
2030-09-19 11:15:00,-18100.46277917129
2030-09-19 11:30:00,-18323.315686302918
2030-09-19 11:45:00,-18068.977568853894
2030-09-19 12:00:00,-17957.93983729071
2030-09-19 12:15:00,-17569.746449535716
2030-09-19 12:30:00,-17241.05473156303
2030-09-19 12:45:00,-17042.921706874713
2030-09-19 13:00:00,-17797.032947784886
2030-09-19 13:15:00,-17868.53363053935
2030-09-19 13:30:00,-18078.465625563706
2030-09-19 13:45:00,-17863.26554710365
2030-09-19 14:00:00,-16440.198245904685
2030-09-19 14:15:00,-16266.220068192564
2030-09-19 14:30:00,-16102.495598259564
2030-09-19 14:45:00,-15684.80613252471
2030-09-19 15:00:00,-14254.269337719747
2030-09-19 15:15:00,-13492.91362703608
2030-09-19 15:30:00,-12824.436387483343
2030-09-19 15:45:00,-11215.636780813322
2030-09-19 16:00:00,-8603.208779018634
2030-09-19 16:15:00,-7252.2493344452705
2030-09-19 16:30:00,-5543.573559524506
2030-09-19 16:45:00,-3828.1547294960765
2030-09-19 17:00:00,-1636.752904251549
2030-09-19 17:15:00,0.0
2030-09-19 17:30:00,0.0
2030-09-19 17:45:00,0.0
2030-09-19 18:00:00,0.0
2030-09-19 18:15:00,0.0
2030-09-19 18:30:00,0.0
2030-09-19 18:45:00,0.0
2030-09-19 19:00:00,0.0
2030-09-19 19:15:00,0.0
2030-09-19 19:30:00,0.0
2030-09-19 19:45:00,0.0
2030-09-19 20:00:00,0.0
2030-09-19 20:15:00,0.0
2030-09-19 20:30:00,0.0
2030-09-19 20:45:00,0.0
2030-09-19 21:00:00,0.0
2030-09-19 21:15:00,0.0
2030-09-19 21:30:00,0.0
2030-09-19 21:45:00,0.0
2030-09-19 22:00:00,0.0
2030-09-19 22:15:00,0.0
2030-09-19 22:30:00,0.0
2030-09-19 22:45:00,0.0
2030-09-19 23:00:00,0.0
2030-09-19 23:15:00,0.0
2030-09-19 23:30:00,0.0
2030-09-19 23:45:00,0.0
2030-09-20 00:00:00,0.0
2030-09-20 00:15:00,0.0
2030-09-20 00:30:00,0.0
2030-09-20 00:45:00,0.0
2030-09-20 01:00:00,0.0
2030-09-20 01:15:00,0.0
2030-09-20 01:30:00,0.0
2030-09-20 01:45:00,0.0
2030-09-20 02:00:00,0.0
2030-09-20 02:15:00,0.0
2030-09-20 02:30:00,0.0
2030-09-20 02:45:00,0.0
2030-09-20 03:00:00,0.0
2030-09-20 03:15:00,0.0
2030-09-20 03:30:00,0.0
2030-09-20 03:45:00,0.0
2030-09-20 04:00:00,0.0
2030-09-20 04:15:00,0.0
2030-09-20 04:30:00,0.0
2030-09-20 04:45:00,0.0
2030-09-20 05:00:00,0.0
2030-09-20 05:15:00,0.0
2030-09-20 05:30:00,0.0
2030-09-20 05:45:00,0.0
2030-09-20 06:00:00,0.0
2030-09-20 06:15:00,0.0
2030-09-20 06:30:00,0.0
2030-09-20 06:45:00,0.0
2030-09-20 07:00:00,0.0
2030-09-20 07:15:00,0.0
2030-09-20 07:30:00,0.0
2030-09-20 07:45:00,0.0
2030-09-20 08:00:00,0.0
2030-09-20 08:15:00,0.0
2030-09-20 08:30:00,0.0
2030-09-20 08:45:00,0.0
2030-09-20 09:00:00,0.0
2030-09-20 09:15:00,0.0
2030-09-20 09:30:00,0.0
2030-09-20 09:45:00,0.0
2030-09-20 10:00:00,0.0
2030-09-20 10:15:00,0.0
2030-09-20 10:30:00,-2130.9135240938413
2030-09-20 10:45:00,-12952.178703933387
2030-09-20 11:00:00,-13803.656637634347
2030-09-20 11:15:00,-14085.714138141811
2030-09-20 11:30:00,-14021.85107985187
2030-09-20 11:45:00,-13827.673627416396
2030-09-20 12:00:00,-14132.474006246055
2030-09-20 12:15:00,-14176.505898665735
2030-09-20 12:30:00,-13798.830363131194
2030-09-20 12:45:00,-13171.096130398422
2030-09-20 13:00:00,-12412.964818462093
2030-09-20 13:15:00,-11973.504712180878
2030-09-20 13:30:00,-11691.206624907627
2030-09-20 13:45:00,-11448.54694640544
2030-09-20 14:00:00,-10571.707243381912
2030-09-20 14:15:00,-10159.238842264633
2030-09-20 14:30:00,-9769.334491770369
2030-09-20 14:45:00,-8618.081670557767
2030-09-20 15:00:00,-7121.137007142617
2030-09-20 15:15:00,-6193.317944979812
2030-09-20 15:30:00,-4894.193723372526
2030-09-20 15:45:00,-3308.7209072155783
2030-09-20 16:00:00,-1465.8575796986552
2030-09-20 16:15:00,0.0
2030-09-20 16:30:00,0.0
2030-09-20 16:45:00,0.0
2030-09-20 17:00:00,0.0
2030-09-20 17:15:00,0.0
2030-09-20 17:30:00,0.0
2030-09-20 17:45:00,0.0
2030-09-20 18:00:00,0.0
2030-09-20 18:15:00,0.0
2030-09-20 18:30:00,0.0
2030-09-20 18:45:00,0.0
2030-09-20 19:00:00,0.0
2030-09-20 19:15:00,0.0
2030-09-20 19:30:00,0.0
2030-09-20 19:45:00,0.0
2030-09-20 20:00:00,0.0
2030-09-20 20:15:00,0.0
2030-09-20 20:30:00,0.0
2030-09-20 20:45:00,0.0
2030-09-20 21:00:00,0.0
2030-09-20 21:15:00,0.0
2030-09-20 21:30:00,0.0
2030-09-20 21:45:00,0.0
2030-09-20 22:00:00,0.0
2030-09-20 22:15:00,0.0
2030-09-20 22:30:00,0.0
2030-09-20 22:45:00,0.0
2030-09-20 23:00:00,0.0
2030-09-20 23:15:00,0.0
2030-09-20 23:30:00,0.0
2030-09-20 23:45:00,0.0
2030-09-21 00:00:00,0.0
2030-09-21 00:15:00,0.0
2030-09-21 00:30:00,0.0
2030-09-21 00:45:00,0.0
2030-09-21 01:00:00,0.0
2030-09-21 01:15:00,0.0
2030-09-21 01:30:00,0.0
2030-09-21 01:45:00,0.0
2030-09-21 02:00:00,0.0
2030-09-21 02:15:00,0.0
2030-09-21 02:30:00,0.0
2030-09-21 02:45:00,0.0
2030-09-21 03:00:00,0.0
2030-09-21 03:15:00,0.0
2030-09-21 03:30:00,0.0
2030-09-21 03:45:00,0.0
2030-09-21 04:00:00,0.0
2030-09-21 04:15:00,0.0
2030-09-21 04:30:00,0.0
2030-09-21 04:45:00,0.0
2030-09-21 05:00:00,0.0
2030-09-21 05:15:00,0.0
2030-09-21 05:30:00,0.0
2030-09-21 05:45:00,0.0
2030-09-21 06:00:00,0.0
2030-09-21 06:15:00,0.0
2030-09-21 06:30:00,0.0
2030-09-21 06:45:00,0.0
2030-09-21 07:00:00,0.0
2030-09-21 07:15:00,0.0
2030-09-21 07:30:00,0.0
2030-09-21 07:45:00,0.0
2030-09-21 08:00:00,0.0
2030-09-21 08:15:00,0.0
2030-09-21 08:30:00,0.0
2030-09-21 08:45:00,0.0
2030-09-21 09:00:00,0.0
2030-09-21 09:15:00,0.0
2030-09-21 09:30:00,0.0
2030-09-21 09:45:00,0.0
2030-09-21 10:00:00,0.0
2030-09-21 10:15:00,0.0
2030-09-21 10:30:00,0.0
2030-09-21 10:45:00,0.0
2030-09-21 11:00:00,0.0
2030-09-21 11:15:00,0.0
2030-09-21 11:30:00,0.0
2030-09-21 11:45:00,0.0
2030-09-21 12:00:00,0.0
2030-09-21 12:15:00,0.0
2030-09-21 12:30:00,0.0
2030-09-21 12:45:00,0.0
2030-09-21 13:00:00,0.0
2030-09-21 13:15:00,0.0
2030-09-21 13:30:00,0.0
2030-09-21 13:45:00,0.0
2030-09-21 14:00:00,0.0
2030-09-21 14:15:00,0.0
2030-09-21 14:30:00,0.0
2030-09-21 14:45:00,4017.3562940747543
2030-09-21 15:00:00,0.0
2030-09-21 15:15:00,0.0
2030-09-21 15:30:00,0.0
2030-09-21 15:45:00,0.0
2030-09-21 16:00:00,0.0
2030-09-21 16:15:00,347.9234309199419
2030-09-21 16:30:00,866.8711614448694
2030-09-21 16:45:00,1134.2490851601924
2030-09-21 17:00:00,1330.5840765314751
2030-09-21 17:15:00,1422.1413400315687
2030-09-21 17:30:00,1588.0717260827223
2030-09-21 17:45:00,1566.8013232157282
2030-09-21 18:00:00,1451.7795552137432
2030-09-21 18:15:00,1331.6527649057807
2030-09-21 18:30:00,1180.9185373045912
2030-09-21 18:45:00,1121.580496368737
2030-09-21 19:00:00,1032.4681621538111
2030-09-21 19:15:00,1282.8910123945534
2030-09-21 19:30:00,1437.074603863819
2030-09-21 19:45:00,1334.7855189761285
2030-09-21 20:00:00,792.3432987134802
2030-09-21 20:15:00,221.71514088050571
2030-09-21 20:30:00,0.0
2030-09-21 20:45:00,0.0
2030-09-21 21:00:00,0.0
2030-09-21 21:15:00,0.0
2030-09-21 21:30:00,0.0
2030-09-21 21:45:00,0.0
2030-09-21 22:00:00,0.0
2030-09-21 22:15:00,0.0
2030-09-21 22:30:00,0.0
2030-09-21 22:45:00,0.0
2030-09-21 23:00:00,0.0
2030-09-21 23:15:00,0.0
2030-09-21 23:30:00,0.0
2030-09-21 23:45:00,0.0
2030-09-22 00:00:00,0.0
2030-09-22 00:15:00,0.0
2030-09-22 00:30:00,0.0
2030-09-22 00:45:00,0.0
2030-09-22 01:00:00,0.0
2030-09-22 01:15:00,0.0
2030-09-22 01:30:00,0.0
2030-09-22 01:45:00,0.0
2030-09-22 02:00:00,0.0
2030-09-22 02:15:00,0.0
2030-09-22 02:30:00,0.0
2030-09-22 02:45:00,0.0
2030-09-22 03:00:00,0.0
2030-09-22 03:15:00,0.0
2030-09-22 03:30:00,0.0
2030-09-22 03:45:00,0.0
2030-09-22 04:00:00,0.0
2030-09-22 04:15:00,0.0
2030-09-22 04:30:00,0.0
2030-09-22 04:45:00,0.0
2030-09-22 05:00:00,0.0
2030-09-22 05:15:00,0.0
2030-09-22 05:30:00,0.0
2030-09-22 05:45:00,0.0
2030-09-22 06:00:00,0.0
2030-09-22 06:15:00,0.0
2030-09-22 06:30:00,0.0
2030-09-22 06:45:00,0.0
2030-09-22 07:00:00,0.0
2030-09-22 07:15:00,0.0
2030-09-22 07:30:00,0.0
2030-09-22 07:45:00,0.0
2030-09-22 08:00:00,0.0
2030-09-22 08:15:00,0.0
2030-09-22 08:30:00,0.0
2030-09-22 08:45:00,0.0
2030-09-22 09:00:00,0.0
2030-09-22 09:15:00,0.0
2030-09-22 09:30:00,0.0
2030-09-22 09:45:00,0.0
2030-09-22 10:00:00,0.0
2030-09-22 10:15:00,0.0
2030-09-22 10:30:00,0.0
2030-09-22 10:45:00,0.0
2030-09-22 11:00:00,0.0
2030-09-22 11:15:00,0.0
2030-09-22 11:30:00,0.0
2030-09-22 11:45:00,0.0
2030-09-22 12:00:00,0.0
2030-09-22 12:15:00,0.0
2030-09-22 12:30:00,0.0
2030-09-22 12:45:00,0.0
2030-09-22 13:00:00,0.0
2030-09-22 13:15:00,0.0
2030-09-22 13:30:00,0.0
2030-09-22 13:45:00,0.0
2030-09-22 14:00:00,0.0
2030-09-22 14:15:00,0.0
2030-09-22 14:30:00,0.0
2030-09-22 14:45:00,0.0
2030-09-22 15:00:00,0.0
2030-09-22 15:15:00,0.0
2030-09-22 15:30:00,0.0
2030-09-22 15:45:00,0.0
2030-09-22 16:00:00,0.0
2030-09-22 16:15:00,0.0
2030-09-22 16:30:00,0.0
2030-09-22 16:45:00,8540.14683349834
2030-09-22 17:00:00,390.29570538834014
2030-09-22 17:15:00,1152.2490257578538
2030-09-22 17:30:00,1670.7585722556469
2030-09-22 17:45:00,1915.2633118489503
2030-09-22 18:00:00,1831.2890946729858
2030-09-22 18:15:00,1626.097304600824
2030-09-22 18:30:00,1488.6551409361382
2030-09-22 18:45:00,1417.6616254691871
2030-09-22 19:00:00,1173.7775303370945
2030-09-22 19:15:00,744.4999841150238
2030-09-22 19:30:00,652.3289567350257
2030-09-22 19:45:00,575.3196773459567
2030-09-22 20:00:00,13.940679810497386
2030-09-22 20:15:00,0.0
2030-09-22 20:30:00,0.0
2030-09-22 20:45:00,0.0
2030-09-22 21:00:00,0.0
2030-09-22 21:15:00,0.0
2030-09-22 21:30:00,0.0
2030-09-22 21:45:00,0.0
2030-09-22 22:00:00,0.0
2030-09-22 22:15:00,0.0
2030-09-22 22:30:00,0.0
2030-09-22 22:45:00,0.0
2030-09-22 23:00:00,0.0
2030-09-22 23:15:00,0.0
2030-09-22 23:30:00,0.0
2030-09-22 23:45:00,0.0
2030-09-23 00:00:00,0.0
2030-09-23 00:15:00,0.0
2030-09-23 00:30:00,0.0
2030-09-23 00:45:00,0.0
2030-09-23 01:00:00,0.0
2030-09-23 01:15:00,0.0
2030-09-23 01:30:00,0.0
2030-09-23 01:45:00,0.0
2030-09-23 02:00:00,0.0
2030-09-23 02:15:00,0.0
2030-09-23 02:30:00,0.0
2030-09-23 02:45:00,0.0
2030-09-23 03:00:00,0.0
2030-09-23 03:15:00,0.0
2030-09-23 03:30:00,0.0
2030-09-23 03:45:00,0.0
2030-09-23 04:00:00,0.0
2030-09-23 04:15:00,0.0
2030-09-23 04:30:00,0.0
2030-09-23 04:45:00,0.0
2030-09-23 05:00:00,0.0
2030-09-23 05:15:00,0.0
2030-09-23 05:30:00,0.0
2030-09-23 05:45:00,0.0
2030-09-23 06:00:00,0.0
2030-09-23 06:15:00,0.0
2030-09-23 06:30:00,0.0
2030-09-23 06:45:00,0.0
2030-09-23 07:00:00,0.0
2030-09-23 07:15:00,0.0
2030-09-23 07:30:00,0.0
2030-09-23 07:45:00,0.0
2030-09-23 08:00:00,0.0
2030-09-23 08:15:00,0.0
2030-09-23 08:30:00,0.0
2030-09-23 08:45:00,0.0
2030-09-23 09:00:00,0.0
2030-09-23 09:15:00,0.0
2030-09-23 09:30:00,0.0
2030-09-23 09:45:00,0.0
2030-09-23 10:00:00,0.0
2030-09-23 10:15:00,0.0
2030-09-23 10:30:00,0.0
2030-09-23 10:45:00,0.0
2030-09-23 11:00:00,0.0
2030-09-23 11:15:00,0.0
2030-09-23 11:30:00,0.0
2030-09-23 11:45:00,0.0
2030-09-23 12:00:00,0.0
2030-09-23 12:15:00,0.0
2030-09-23 12:30:00,0.0
2030-09-23 12:45:00,0.0
2030-09-23 13:00:00,0.0
2030-09-23 13:15:00,0.0
2030-09-23 13:30:00,0.0
2030-09-23 13:45:00,0.0
2030-09-23 14:00:00,0.0
2030-09-23 14:15:00,0.0
2030-09-23 14:30:00,0.0
2030-09-23 14:45:00,0.0
2030-09-23 15:00:00,0.0
2030-09-23 15:15:00,0.0
2030-09-23 15:30:00,0.0
2030-09-23 15:45:00,0.0
2030-09-23 16:00:00,0.0
2030-09-23 16:15:00,0.0
2030-09-23 16:30:00,0.0
2030-09-23 16:45:00,0.0
2030-09-23 17:00:00,0.0
2030-09-23 17:15:00,0.0
2030-09-23 17:30:00,0.0
2030-09-23 17:45:00,0.0
2030-09-23 18:00:00,0.0
2030-09-23 18:15:00,0.0
2030-09-23 18:30:00,0.0
2030-09-23 18:45:00,0.0
2030-09-23 19:00:00,3534.5635163534225
2030-09-23 19:15:00,0.0
2030-09-23 19:30:00,0.0
2030-09-23 19:45:00,0.0
2030-09-23 20:00:00,0.0
2030-09-23 20:15:00,0.0
2030-09-23 20:30:00,0.0
2030-09-23 20:45:00,0.0
2030-09-23 21:00:00,0.0
2030-09-23 21:15:00,0.0
2030-09-23 21:30:00,0.0
2030-09-23 21:45:00,0.0
2030-09-23 22:00:00,0.0
2030-09-23 22:15:00,0.0
2030-09-23 22:30:00,0.0
2030-09-23 22:45:00,0.0
2030-09-23 23:00:00,0.0
2030-09-23 23:15:00,0.0
2030-09-23 23:30:00,0.0
2030-09-23 23:45:00,0.0
2030-09-24 00:00:00,0.0
2030-09-24 00:15:00,0.0
2030-09-24 00:30:00,0.0
2030-09-24 00:45:00,0.0
2030-09-24 01:00:00,0.0
2030-09-24 01:15:00,0.0
2030-09-24 01:30:00,0.0
2030-09-24 01:45:00,0.0
2030-09-24 02:00:00,0.0
2030-09-24 02:15:00,0.0
2030-09-24 02:30:00,0.0
2030-09-24 02:45:00,0.0
2030-09-24 03:00:00,0.0
2030-09-24 03:15:00,0.0
2030-09-24 03:30:00,0.0
2030-09-24 03:45:00,0.0
2030-09-24 04:00:00,0.0
2030-09-24 04:15:00,0.0
2030-09-24 04:30:00,0.0
2030-09-24 04:45:00,0.0
2030-09-24 05:00:00,0.0
2030-09-24 05:15:00,0.0
2030-09-24 05:30:00,163.7509647818042
2030-09-24 05:45:00,0.0
2030-09-24 06:00:00,0.0
2030-09-24 06:15:00,0.0
2030-09-24 06:30:00,0.0
2030-09-24 06:45:00,0.0
2030-09-24 07:00:00,0.0
2030-09-24 07:15:00,0.0
2030-09-24 07:30:00,0.0
2030-09-24 07:45:00,0.0
2030-09-24 08:00:00,0.0
2030-09-24 08:15:00,0.0
2030-09-24 08:30:00,0.0
2030-09-24 08:45:00,0.0
2030-09-24 09:00:00,0.0
2030-09-24 09:15:00,0.0
2030-09-24 09:30:00,0.0
2030-09-24 09:45:00,0.0
2030-09-24 10:00:00,0.0
2030-09-24 10:15:00,0.0
2030-09-24 10:30:00,0.0
2030-09-24 10:45:00,0.0
2030-09-24 11:00:00,0.0
2030-09-24 11:15:00,0.0
2030-09-24 11:30:00,0.0
2030-09-24 11:45:00,0.0
2030-09-24 12:00:00,0.0
2030-09-24 12:15:00,0.0
2030-09-24 12:30:00,0.0
2030-09-24 12:45:00,0.0
2030-09-24 13:00:00,0.0
2030-09-24 13:15:00,0.0
2030-09-24 13:30:00,0.0
2030-09-24 13:45:00,0.0
2030-09-24 14:00:00,0.0
2030-09-24 14:15:00,0.0
2030-09-24 14:30:00,0.0
2030-09-24 14:45:00,0.0
2030-09-24 15:00:00,0.0
2030-09-24 15:15:00,0.0
2030-09-24 15:30:00,0.0
2030-09-24 15:45:00,0.0
2030-09-24 16:00:00,0.0
2030-09-24 16:15:00,0.0
2030-09-24 16:30:00,0.0
2030-09-24 16:45:00,0.0
2030-09-24 17:00:00,0.0
2030-09-24 17:15:00,0.0
2030-09-24 17:30:00,0.0
2030-09-24 17:45:00,0.0
2030-09-24 18:00:00,0.0
2030-09-24 18:15:00,0.0
2030-09-24 18:30:00,0.0
2030-09-24 18:45:00,0.0
2030-09-24 19:00:00,0.0
2030-09-24 19:15:00,0.0
2030-09-24 19:30:00,0.0
2030-09-24 19:45:00,0.0
2030-09-24 20:00:00,0.0
2030-09-24 20:15:00,0.0
2030-09-24 20:30:00,0.0
2030-09-24 20:45:00,0.0
2030-09-24 21:00:00,0.0
2030-09-24 21:15:00,0.0
2030-09-24 21:30:00,0.0
2030-09-24 21:45:00,0.0
2030-09-24 22:00:00,0.0
2030-09-24 22:15:00,0.0
2030-09-24 22:30:00,0.0
2030-09-24 22:45:00,0.0
2030-09-24 23:00:00,0.0
2030-09-24 23:15:00,0.0
2030-09-24 23:30:00,0.0
2030-09-24 23:45:00,0.0
2030-09-25 00:00:00,0.0
2030-09-25 00:15:00,0.0
2030-09-25 00:30:00,0.0
2030-09-25 00:45:00,0.0
2030-09-25 01:00:00,0.0
2030-09-25 01:15:00,0.0
2030-09-25 01:30:00,0.0
2030-09-25 01:45:00,0.0
2030-09-25 02:00:00,0.0
2030-09-25 02:15:00,0.0
2030-09-25 02:30:00,0.0
2030-09-25 02:45:00,0.0
2030-09-25 03:00:00,0.0
2030-09-25 03:15:00,0.0
2030-09-25 03:30:00,0.0
2030-09-25 03:45:00,0.0
2030-09-25 04:00:00,0.0
2030-09-25 04:15:00,0.0
2030-09-25 04:30:00,0.0
2030-09-25 04:45:00,0.0
2030-09-25 05:00:00,0.0
2030-09-25 05:15:00,0.0
2030-09-25 05:30:00,0.0
2030-09-25 05:45:00,0.0
2030-09-25 06:00:00,0.0
2030-09-25 06:15:00,0.0
2030-09-25 06:30:00,0.0
2030-09-25 06:45:00,0.0
2030-09-25 07:00:00,0.0
2030-09-25 07:15:00,0.0
2030-09-25 07:30:00,0.0
2030-09-25 07:45:00,0.0
2030-09-25 08:00:00,0.0
2030-09-25 08:15:00,0.0
2030-09-25 08:30:00,0.0
2030-09-25 08:45:00,0.0
2030-09-25 09:00:00,0.0
2030-09-25 09:15:00,0.0
2030-09-25 09:30:00,0.0
2030-09-25 09:45:00,0.0
2030-09-25 10:00:00,0.0
2030-09-25 10:15:00,0.0
2030-09-25 10:30:00,0.0
2030-09-25 10:45:00,-2422.693645852076
2030-09-25 11:00:00,-13423.631822682742
2030-09-25 11:15:00,-12937.1097817864
2030-09-25 11:30:00,-12094.209926028867
2030-09-25 11:45:00,-11902.236801238334
2030-09-25 12:00:00,-11657.88218951166
2030-09-25 12:15:00,-11311.994989365445
2030-09-25 12:30:00,-11122.517151854085
2030-09-25 12:45:00,-10798.080382767152
2030-09-25 13:00:00,-10390.621807280288
2030-09-25 13:15:00,-9743.922518760584
2030-09-25 13:30:00,-9162.291526966055
2030-09-25 13:45:00,-9085.520379330545
2030-09-25 14:00:00,-8488.041045254071
2030-09-25 14:15:00,-7175.853761495186
2030-09-25 14:30:00,-5811.637587565849
2030-09-25 14:45:00,-4870.893180696461
2030-09-25 15:00:00,-3794.3104438461924
2030-09-25 15:15:00,-2507.8250356430144
2030-09-25 15:30:00,-837.128608148505
2030-09-25 15:45:00,0.0
2030-09-25 16:00:00,0.0
2030-09-25 16:15:00,0.0
2030-09-25 16:30:00,0.0
2030-09-25 16:45:00,0.0
2030-09-25 17:00:00,0.0
2030-09-25 17:15:00,0.0
2030-09-25 17:30:00,0.0
2030-09-25 17:45:00,0.0
2030-09-25 18:00:00,0.0
2030-09-25 18:15:00,0.0
2030-09-25 18:30:00,0.0
2030-09-25 18:45:00,0.0
2030-09-25 19:00:00,0.0
2030-09-25 19:15:00,0.0
2030-09-25 19:30:00,0.0
2030-09-25 19:45:00,0.0
2030-09-25 20:00:00,0.0
2030-09-25 20:15:00,0.0
2030-09-25 20:30:00,0.0
2030-09-25 20:45:00,0.0
2030-09-25 21:00:00,0.0
2030-09-25 21:15:00,0.0
2030-09-25 21:30:00,0.0
2030-09-25 21:45:00,0.0
2030-09-25 22:00:00,0.0
2030-09-25 22:15:00,0.0
2030-09-25 22:30:00,0.0
2030-09-25 22:45:00,0.0
2030-09-25 23:00:00,0.0
2030-09-25 23:15:00,0.0
2030-09-25 23:30:00,0.0
2030-09-25 23:45:00,1433.755874609742
2030-09-26 00:00:00,382.03519367984336
2030-09-26 00:15:00,350.7492844855733
2030-09-26 00:30:00,190.91579406940582
2030-09-26 00:45:00,150.33598729166079
2030-09-26 01:00:00,100.7950244027652
2030-09-26 01:15:00,31.982053968635228
2030-09-26 01:30:00,0.0
2030-09-26 01:45:00,0.0
2030-09-26 02:00:00,0.0
2030-09-26 02:15:00,0.0
2030-09-26 02:30:00,0.0
2030-09-26 02:45:00,0.0
2030-09-26 03:00:00,47.47983341264626
2030-09-26 03:15:00,20.697439617011696
2030-09-26 03:30:00,0.0
2030-09-26 03:45:00,78.19282834398837
2030-09-26 04:00:00,288.48303591958756
2030-09-26 04:15:00,413.7757051250519
2030-09-26 04:30:00,494.80232436430924
2030-09-26 04:45:00,701.226540937776
2030-09-26 05:00:00,1136.399326912615
2030-09-26 05:15:00,1374.7509141440169
2030-09-26 05:30:00,1721.9825612664772
2030-09-26 05:45:00,2177.4456446509103
2030-09-26 06:00:00,3215.2753713595757
2030-09-26 06:15:00,3571.1906862168125
2030-09-26 06:30:00,3509.5615946390026
2030-09-26 06:45:00,3007.7348946969596
2030-09-26 07:00:00,2228.3125873925565
2030-09-26 07:15:00,1053.3376933618529
2030-09-26 07:30:00,0.0
2030-09-26 07:45:00,0.0
2030-09-26 08:00:00,0.0
2030-09-26 08:15:00,0.0
2030-09-26 08:30:00,0.0
2030-09-26 08:45:00,0.0
2030-09-26 09:00:00,0.0
2030-09-26 09:15:00,0.0
2030-09-26 09:30:00,0.0
2030-09-26 09:45:00,0.0
2030-09-26 10:00:00,0.0
2030-09-26 10:15:00,0.0
2030-09-26 10:30:00,0.0
2030-09-26 10:45:00,0.0
2030-09-26 11:00:00,0.0
2030-09-26 11:15:00,0.0
2030-09-26 11:30:00,0.0
2030-09-26 11:45:00,0.0
2030-09-26 12:00:00,0.0
2030-09-26 12:15:00,0.0
2030-09-26 12:30:00,0.0
2030-09-26 12:45:00,0.0
2030-09-26 13:00:00,0.0
2030-09-26 13:15:00,0.0
2030-09-26 13:30:00,0.0
2030-09-26 13:45:00,0.0
2030-09-26 14:00:00,0.0
2030-09-26 14:15:00,0.0
2030-09-26 14:30:00,0.0
2030-09-26 14:45:00,0.0
2030-09-26 15:00:00,0.0
2030-09-26 15:15:00,0.0
2030-09-26 15:30:00,0.0
2030-09-26 15:45:00,0.0
2030-09-26 16:00:00,0.0
2030-09-26 16:15:00,0.0
2030-09-26 16:30:00,0.0
2030-09-26 16:45:00,0.0
2030-09-26 17:00:00,0.0
2030-09-26 17:15:00,0.0
2030-09-26 17:30:00,0.0
2030-09-26 17:45:00,0.0
2030-09-26 18:00:00,0.0
2030-09-26 18:15:00,0.0
2030-09-26 18:30:00,0.0
2030-09-26 18:45:00,0.0
2030-09-26 19:00:00,0.0
2030-09-26 19:15:00,0.0
2030-09-26 19:30:00,0.0
2030-09-26 19:45:00,0.0
2030-09-26 20:00:00,0.0
2030-09-26 20:15:00,0.0
2030-09-26 20:30:00,0.0
2030-09-26 20:45:00,992.8568893185402
2030-09-26 21:00:00,0.0
2030-09-26 21:15:00,0.0
2030-09-26 21:30:00,0.0
2030-09-26 21:45:00,0.0
2030-09-26 22:00:00,0.0
2030-09-26 22:15:00,0.0
2030-09-26 22:30:00,0.0
2030-09-26 22:45:00,0.0
2030-09-26 23:00:00,0.0
2030-09-26 23:15:00,0.0
2030-09-26 23:30:00,0.0
2030-09-26 23:45:00,0.0
2030-09-27 00:00:00,0.0
2030-09-27 00:15:00,0.0
2030-09-27 00:30:00,0.0
2030-09-27 00:45:00,0.0
2030-09-27 01:00:00,0.0
2030-09-27 01:15:00,0.0
2030-09-27 01:30:00,0.0
2030-09-27 01:45:00,0.0
2030-09-27 02:00:00,0.0
2030-09-27 02:15:00,0.0
2030-09-27 02:30:00,0.0
2030-09-27 02:45:00,0.0
2030-09-27 03:00:00,0.0
2030-09-27 03:15:00,0.0
2030-09-27 03:30:00,0.0
2030-09-27 03:45:00,0.0
2030-09-27 04:00:00,0.0
2030-09-27 04:15:00,0.0
2030-09-27 04:30:00,0.0
2030-09-27 04:45:00,0.0
2030-09-27 05:00:00,0.0
2030-09-27 05:15:00,0.0
2030-09-27 05:30:00,0.0
2030-09-27 05:45:00,0.0
2030-09-27 06:00:00,0.0
2030-09-27 06:15:00,0.0
2030-09-27 06:30:00,0.0
2030-09-27 06:45:00,0.0
2030-09-27 07:00:00,0.0
2030-09-27 07:15:00,0.0
2030-09-27 07:30:00,0.0
2030-09-27 07:45:00,0.0
2030-09-27 08:00:00,0.0
2030-09-27 08:15:00,0.0
2030-09-27 08:30:00,0.0
2030-09-27 08:45:00,0.0
2030-09-27 09:00:00,0.0
2030-09-27 09:15:00,0.0
2030-09-27 09:30:00,0.0
2030-09-27 09:45:00,0.0
2030-09-27 10:00:00,0.0
2030-09-27 10:15:00,0.0
2030-09-27 10:30:00,0.0
2030-09-27 10:45:00,0.0
2030-09-27 11:00:00,0.0
2030-09-27 11:15:00,0.0
2030-09-27 11:30:00,0.0
2030-09-27 11:45:00,0.0
2030-09-27 12:00:00,0.0
2030-09-27 12:15:00,0.0
2030-09-27 12:30:00,0.0
2030-09-27 12:45:00,0.0
2030-09-27 13:00:00,0.0
2030-09-27 13:15:00,0.0
2030-09-27 13:30:00,0.0
2030-09-27 13:45:00,0.0
2030-09-27 14:00:00,0.0
2030-09-27 14:15:00,0.0
2030-09-27 14:30:00,0.0
2030-09-27 14:45:00,0.0
2030-09-27 15:00:00,0.0
2030-09-27 15:15:00,0.0
2030-09-27 15:30:00,0.0
2030-09-27 15:45:00,0.0
2030-09-27 16:00:00,0.0
2030-09-27 16:15:00,0.0
2030-09-27 16:30:00,0.0
2030-09-27 16:45:00,0.0
2030-09-27 17:00:00,0.0
2030-09-27 17:15:00,0.0
2030-09-27 17:30:00,0.0
2030-09-27 17:45:00,0.0
2030-09-27 18:00:00,0.0
2030-09-27 18:15:00,0.0
2030-09-27 18:30:00,0.0
2030-09-27 18:45:00,0.0
2030-09-27 19:00:00,0.0
2030-09-27 19:15:00,7243.110042137818
2030-09-27 19:30:00,498.6492794771384
2030-09-27 19:45:00,0.0
2030-09-27 20:00:00,0.0
2030-09-27 20:15:00,0.0
2030-09-27 20:30:00,0.0
2030-09-27 20:45:00,0.0
2030-09-27 21:00:00,0.0
2030-09-27 21:15:00,0.0
2030-09-27 21:30:00,0.0
2030-09-27 21:45:00,0.0
2030-09-27 22:00:00,0.0
2030-09-27 22:15:00,0.0
2030-09-27 22:30:00,0.0
2030-09-27 22:45:00,0.0
2030-09-27 23:00:00,0.0
2030-09-27 23:15:00,0.0
2030-09-27 23:30:00,0.0
2030-09-27 23:45:00,0.0
2030-09-28 00:00:00,0.0
2030-09-28 00:15:00,0.0
2030-09-28 00:30:00,0.0
2030-09-28 00:45:00,0.0
2030-09-28 01:00:00,0.0
2030-09-28 01:15:00,0.0
2030-09-28 01:30:00,0.0
2030-09-28 01:45:00,0.0
2030-09-28 02:00:00,0.0
2030-09-28 02:15:00,0.0
2030-09-28 02:30:00,0.0
2030-09-28 02:45:00,0.0
2030-09-28 03:00:00,0.0
2030-09-28 03:15:00,0.0
2030-09-28 03:30:00,0.0
2030-09-28 03:45:00,0.0
2030-09-28 04:00:00,0.0
2030-09-28 04:15:00,0.0
2030-09-28 04:30:00,0.0
2030-09-28 04:45:00,0.0
2030-09-28 05:00:00,0.0
2030-09-28 05:15:00,0.0
2030-09-28 05:30:00,0.0
2030-09-28 05:45:00,0.0
2030-09-28 06:00:00,0.0
2030-09-28 06:15:00,0.0
2030-09-28 06:30:00,0.0
2030-09-28 06:45:00,0.0
2030-09-28 07:00:00,0.0
2030-09-28 07:15:00,0.0
2030-09-28 07:30:00,0.0
2030-09-28 07:45:00,0.0
2030-09-28 08:00:00,0.0
2030-09-28 08:15:00,0.0
2030-09-28 08:30:00,0.0
2030-09-28 08:45:00,0.0
2030-09-28 09:00:00,0.0
2030-09-28 09:15:00,0.0
2030-09-28 09:30:00,0.0
2030-09-28 09:45:00,0.0
2030-09-28 10:00:00,0.0
2030-09-28 10:15:00,0.0
2030-09-28 10:30:00,0.0
2030-09-28 10:45:00,0.0
2030-09-28 11:00:00,0.0
2030-09-28 11:15:00,0.0
2030-09-28 11:30:00,0.0
2030-09-28 11:45:00,0.0
2030-09-28 12:00:00,0.0
2030-09-28 12:15:00,0.0
2030-09-28 12:30:00,0.0
2030-09-28 12:45:00,0.0
2030-09-28 13:00:00,0.0
2030-09-28 13:15:00,0.0
2030-09-28 13:30:00,0.0
2030-09-28 13:45:00,0.0
2030-09-28 14:00:00,0.0
2030-09-28 14:15:00,0.0
2030-09-28 14:30:00,0.0
2030-09-28 14:45:00,0.0
2030-09-28 15:00:00,0.0
2030-09-28 15:15:00,1716.3575621022228
2030-09-28 15:30:00,0.0
2030-09-28 15:45:00,0.0
2030-09-28 16:00:00,0.0
2030-09-28 16:15:00,0.0
2030-09-28 16:30:00,1057.9629430560944
2030-09-28 16:45:00,2198.656337302469
2030-09-28 17:00:00,3810.1149952431842
2030-09-28 17:15:00,4799.826574796898
2030-09-28 17:30:00,5432.936341095425
2030-09-28 17:45:00,5655.496239554293
2030-09-28 18:00:00,5845.453172843361
2030-09-28 18:15:00,5913.777001544637
2030-09-28 18:30:00,5921.615276164397
2030-09-28 18:45:00,6072.681023528046
2030-09-28 19:00:00,6176.96017816876
2030-09-28 19:15:00,6348.731353245654
2030-09-28 19:30:00,6476.173059988429
2030-09-28 19:45:00,6388.988168893109
2030-09-28 20:00:00,5812.827984750762
2030-09-28 20:15:00,5334.656849364212
2030-09-28 20:30:00,4782.913636158068
2030-09-28 20:45:00,4473.7155545584665
2030-09-28 21:00:00,4114.057505173701
2030-09-28 21:15:00,3696.975727033936
2030-09-28 21:30:00,3176.8887190143396
2030-09-28 21:45:00,2643.488119893933
2030-09-28 22:00:00,2068.777516479675
2030-09-28 22:15:00,1681.199909106017
2030-09-28 22:30:00,1166.342328990826
2030-09-28 22:45:00,768.0487778808711
2030-09-28 23:00:00,274.24517130012464
2030-09-28 23:15:00,0.0
2030-09-28 23:30:00,0.0
2030-09-28 23:45:00,0.0
2030-09-29 00:00:00,0.0
2030-09-29 00:15:00,0.0
2030-09-29 00:30:00,0.0
2030-09-29 00:45:00,0.0
2030-09-29 01:00:00,0.0
2030-09-29 01:15:00,0.0
2030-09-29 01:30:00,0.0
2030-09-29 01:45:00,0.0
2030-09-29 02:00:00,0.0
2030-09-29 02:15:00,0.0
2030-09-29 02:30:00,0.0
2030-09-29 02:45:00,0.0
2030-09-29 03:00:00,0.0
2030-09-29 03:15:00,0.0
2030-09-29 03:30:00,0.0
2030-09-29 03:45:00,0.0
2030-09-29 04:00:00,0.0
2030-09-29 04:15:00,0.0
2030-09-29 04:30:00,0.0
2030-09-29 04:45:00,0.0
2030-09-29 05:00:00,0.0
2030-09-29 05:15:00,0.0
2030-09-29 05:30:00,0.0
2030-09-29 05:45:00,0.0
2030-09-29 06:00:00,0.0
2030-09-29 06:15:00,0.0
2030-09-29 06:30:00,0.0
2030-09-29 06:45:00,0.0
2030-09-29 07:00:00,0.0
2030-09-29 07:15:00,0.0
2030-09-29 07:30:00,0.0
2030-09-29 07:45:00,0.0
2030-09-29 08:00:00,0.0
2030-09-29 08:15:00,0.0
2030-09-29 08:30:00,0.0
2030-09-29 08:45:00,0.0
2030-09-29 09:00:00,0.0
2030-09-29 09:15:00,0.0
2030-09-29 09:30:00,0.0
2030-09-29 09:45:00,0.0
2030-09-29 10:00:00,0.0
2030-09-29 10:15:00,0.0
2030-09-29 10:30:00,0.0
2030-09-29 10:45:00,0.0
2030-09-29 11:00:00,0.0
2030-09-29 11:15:00,0.0
2030-09-29 11:30:00,0.0
2030-09-29 11:45:00,0.0
2030-09-29 12:00:00,0.0
2030-09-29 12:15:00,0.0
2030-09-29 12:30:00,0.0
2030-09-29 12:45:00,0.0
2030-09-29 13:00:00,0.0
2030-09-29 13:15:00,0.0
2030-09-29 13:30:00,0.0
2030-09-29 13:45:00,0.0
2030-09-29 14:00:00,0.0
2030-09-29 14:15:00,0.0
2030-09-29 14:30:00,0.0
2030-09-29 14:45:00,0.0
2030-09-29 15:00:00,0.0
2030-09-29 15:15:00,0.0
2030-09-29 15:30:00,0.0
2030-09-29 15:45:00,0.0
2030-09-29 16:00:00,0.0
2030-09-29 16:15:00,0.0
2030-09-29 16:30:00,0.0
2030-09-29 16:45:00,0.0
2030-09-29 17:00:00,0.0
2030-09-29 17:15:00,0.0
2030-09-29 17:30:00,0.0
2030-09-29 17:45:00,0.0
2030-09-29 18:00:00,0.0
2030-09-29 18:15:00,0.0
2030-09-29 18:30:00,0.0
2030-09-29 18:45:00,0.0
2030-09-29 19:00:00,0.0
2030-09-29 19:15:00,0.0
2030-09-29 19:30:00,0.0
2030-09-29 19:45:00,0.0
2030-09-29 20:00:00,0.0
2030-09-29 20:15:00,0.0
2030-09-29 20:30:00,0.0
2030-09-29 20:45:00,0.0
2030-09-29 21:00:00,0.0
2030-09-29 21:15:00,0.0
2030-09-29 21:30:00,0.0
2030-09-29 21:45:00,0.0
2030-09-29 22:00:00,0.0
2030-09-29 22:15:00,0.0
2030-09-29 22:30:00,0.0
2030-09-29 22:45:00,0.0
2030-09-29 23:00:00,0.0
2030-09-29 23:15:00,0.0
2030-09-29 23:30:00,0.0
2030-09-29 23:45:00,0.0
2030-09-30 00:00:00,0.0
2030-09-30 00:15:00,0.0
2030-09-30 00:30:00,0.0
2030-09-30 00:45:00,0.0
2030-09-30 01:00:00,0.0
2030-09-30 01:15:00,0.0
2030-09-30 01:30:00,0.0
2030-09-30 01:45:00,0.0
2030-09-30 02:00:00,0.0
2030-09-30 02:15:00,0.0
2030-09-30 02:30:00,0.0
2030-09-30 02:45:00,0.0
2030-09-30 03:00:00,0.0
2030-09-30 03:15:00,0.0
2030-09-30 03:30:00,0.0
2030-09-30 03:45:00,3777.0076950819694
2030-09-30 04:00:00,0.0
2030-09-30 04:15:00,0.0
2030-09-30 04:30:00,0.0
2030-09-30 04:45:00,0.0
2030-09-30 05:00:00,0.0
2030-09-30 05:15:00,0.0
2030-09-30 05:30:00,0.0
2030-09-30 05:45:00,0.0
2030-09-30 06:00:00,0.0
2030-09-30 06:15:00,0.0
2030-09-30 06:30:00,0.0
2030-09-30 06:45:00,0.0
2030-09-30 07:00:00,0.0
2030-09-30 07:15:00,0.0
2030-09-30 07:30:00,0.0
2030-09-30 07:45:00,0.0
2030-09-30 08:00:00,0.0
2030-09-30 08:15:00,0.0
2030-09-30 08:30:00,0.0
2030-09-30 08:45:00,0.0
2030-09-30 09:00:00,0.0
2030-09-30 09:15:00,0.0
2030-09-30 09:30:00,0.0
2030-09-30 09:45:00,0.0
2030-09-30 10:00:00,0.0
2030-09-30 10:15:00,0.0
2030-09-30 10:30:00,0.0
2030-09-30 10:45:00,0.0
2030-09-30 11:00:00,0.0
2030-09-30 11:15:00,0.0
2030-09-30 11:30:00,0.0
2030-09-30 11:45:00,0.0
2030-09-30 12:00:00,0.0
2030-09-30 12:15:00,0.0
2030-09-30 12:30:00,0.0
2030-09-30 12:45:00,0.0
2030-09-30 13:00:00,0.0
2030-09-30 13:15:00,0.0
2030-09-30 13:30:00,0.0
2030-09-30 13:45:00,0.0
2030-09-30 14:00:00,0.0
2030-09-30 14:15:00,0.0
2030-09-30 14:30:00,0.0
2030-09-30 14:45:00,0.0
2030-09-30 15:00:00,0.0
2030-09-30 15:15:00,0.0
2030-09-30 15:30:00,0.0
2030-09-30 15:45:00,0.0
2030-09-30 16:00:00,0.0
2030-09-30 16:15:00,0.0
2030-09-30 16:30:00,0.0
2030-09-30 16:45:00,0.0
2030-09-30 17:00:00,0.0
2030-09-30 17:15:00,0.0
2030-09-30 17:30:00,0.0
2030-09-30 17:45:00,0.0
2030-09-30 18:00:00,0.0
2030-09-30 18:15:00,0.0
2030-09-30 18:30:00,0.0
2030-09-30 18:45:00,0.0
2030-09-30 19:00:00,0.0
2030-09-30 19:15:00,0.0
2030-09-30 19:30:00,0.0
2030-09-30 19:45:00,0.0
2030-09-30 20:00:00,0.0
2030-09-30 20:15:00,0.0
2030-09-30 20:30:00,0.0
2030-09-30 20:45:00,0.0
2030-09-30 21:00:00,0.0
2030-09-30 21:15:00,0.0
2030-09-30 21:30:00,0.0
2030-09-30 21:45:00,0.0
2030-09-30 22:00:00,0.0
2030-09-30 22:15:00,0.0
2030-09-30 22:30:00,0.0
2030-09-30 22:45:00,0.0
2030-09-30 23:00:00,0.0
2030-09-30 23:15:00,0.0
2030-09-30 23:30:00,0.0
2030-09-30 23:45:00,0.0
2030-10-01 00:00:00,0.0
2030-10-01 00:15:00,0.0
2030-10-01 00:30:00,0.0
2030-10-01 00:45:00,0.0
2030-10-01 01:00:00,0.0
2030-10-01 01:15:00,0.0
2030-10-01 01:30:00,0.0
2030-10-01 01:45:00,0.0
2030-10-01 02:00:00,0.0
2030-10-01 02:15:00,0.0
2030-10-01 02:30:00,0.0
2030-10-01 02:45:00,0.0
2030-10-01 03:00:00,0.0
2030-10-01 03:15:00,0.0
2030-10-01 03:30:00,0.0
2030-10-01 03:45:00,0.0
2030-10-01 04:00:00,0.0
2030-10-01 04:15:00,0.0
2030-10-01 04:30:00,0.0
2030-10-01 04:45:00,0.0
2030-10-01 05:00:00,0.0
2030-10-01 05:15:00,0.0
2030-10-01 05:30:00,0.0
2030-10-01 05:45:00,0.0
2030-10-01 06:00:00,0.0
2030-10-01 06:15:00,0.0
2030-10-01 06:30:00,0.0
2030-10-01 06:45:00,0.0
2030-10-01 07:00:00,0.0
2030-10-01 07:15:00,0.0
2030-10-01 07:30:00,0.0
2030-10-01 07:45:00,0.0
2030-10-01 08:00:00,0.0
2030-10-01 08:15:00,0.0
2030-10-01 08:30:00,0.0
2030-10-01 08:45:00,0.0
2030-10-01 09:00:00,0.0
2030-10-01 09:15:00,0.0
2030-10-01 09:30:00,0.0
2030-10-01 09:45:00,0.0
2030-10-01 10:00:00,0.0
2030-10-01 10:15:00,0.0
2030-10-01 10:30:00,0.0
2030-10-01 10:45:00,0.0
2030-10-01 11:00:00,0.0
2030-10-01 11:15:00,0.0
2030-10-01 11:30:00,0.0
2030-10-01 11:45:00,0.0
2030-10-01 12:00:00,0.0
2030-10-01 12:15:00,0.0
2030-10-01 12:30:00,0.0
2030-10-01 12:45:00,0.0
2030-10-01 13:00:00,0.0
2030-10-01 13:15:00,0.0
2030-10-01 13:30:00,0.0
2030-10-01 13:45:00,0.0
2030-10-01 14:00:00,0.0
2030-10-01 14:15:00,0.0
2030-10-01 14:30:00,0.0
2030-10-01 14:45:00,0.0
2030-10-01 15:00:00,0.0
2030-10-01 15:15:00,0.0
2030-10-01 15:30:00,0.0
2030-10-01 15:45:00,0.0
2030-10-01 16:00:00,0.0
2030-10-01 16:15:00,0.0
2030-10-01 16:30:00,0.0
2030-10-01 16:45:00,0.0
2030-10-01 17:00:00,0.0
2030-10-01 17:15:00,0.0
2030-10-01 17:30:00,0.0
2030-10-01 17:45:00,0.0
2030-10-01 18:00:00,0.0
2030-10-01 18:15:00,0.0
2030-10-01 18:30:00,0.0
2030-10-01 18:45:00,0.0
2030-10-01 19:00:00,0.0
2030-10-01 19:15:00,0.0
2030-10-01 19:30:00,0.0
2030-10-01 19:45:00,0.0
2030-10-01 20:00:00,0.0
2030-10-01 20:15:00,0.0
2030-10-01 20:30:00,0.0
2030-10-01 20:45:00,0.0
2030-10-01 21:00:00,0.0
2030-10-01 21:15:00,0.0
2030-10-01 21:30:00,0.0
2030-10-01 21:45:00,0.0
2030-10-01 22:00:00,0.0
2030-10-01 22:15:00,0.0
2030-10-01 22:30:00,0.0
2030-10-01 22:45:00,0.0
2030-10-01 23:00:00,0.0
2030-10-01 23:15:00,0.0
2030-10-01 23:30:00,0.0
2030-10-01 23:45:00,0.0
2030-10-02 00:00:00,0.0
2030-10-02 00:15:00,0.0
2030-10-02 00:30:00,0.0
2030-10-02 00:45:00,0.0
2030-10-02 01:00:00,0.0
2030-10-02 01:15:00,0.0
2030-10-02 01:30:00,0.0
2030-10-02 01:45:00,0.0
2030-10-02 02:00:00,0.0
2030-10-02 02:15:00,0.0
2030-10-02 02:30:00,0.0
2030-10-02 02:45:00,0.0
2030-10-02 03:00:00,0.0
2030-10-02 03:15:00,0.0
2030-10-02 03:30:00,0.0
2030-10-02 03:45:00,0.0
2030-10-02 04:00:00,0.0
2030-10-02 04:15:00,0.0
2030-10-02 04:30:00,0.0
2030-10-02 04:45:00,0.0
2030-10-02 05:00:00,0.0
2030-10-02 05:15:00,0.0
2030-10-02 05:30:00,0.0
2030-10-02 05:45:00,0.0
2030-10-02 06:00:00,0.0
2030-10-02 06:15:00,0.0
2030-10-02 06:30:00,0.0
2030-10-02 06:45:00,0.0
2030-10-02 07:00:00,0.0
2030-10-02 07:15:00,0.0
2030-10-02 07:30:00,0.0
2030-10-02 07:45:00,0.0
2030-10-02 08:00:00,0.0
2030-10-02 08:15:00,0.0
2030-10-02 08:30:00,0.0
2030-10-02 08:45:00,0.0
2030-10-02 09:00:00,0.0
2030-10-02 09:15:00,0.0
2030-10-02 09:30:00,0.0
2030-10-02 09:45:00,0.0
2030-10-02 10:00:00,0.0
2030-10-02 10:15:00,0.0
2030-10-02 10:30:00,0.0
2030-10-02 10:45:00,0.0
2030-10-02 11:00:00,0.0
2030-10-02 11:15:00,0.0
2030-10-02 11:30:00,0.0
2030-10-02 11:45:00,0.0
2030-10-02 12:00:00,0.0
2030-10-02 12:15:00,0.0
2030-10-02 12:30:00,0.0
2030-10-02 12:45:00,0.0
2030-10-02 13:00:00,0.0
2030-10-02 13:15:00,0.0
2030-10-02 13:30:00,0.0
2030-10-02 13:45:00,0.0
2030-10-02 14:00:00,0.0
2030-10-02 14:15:00,0.0
2030-10-02 14:30:00,0.0
2030-10-02 14:45:00,0.0
2030-10-02 15:00:00,0.0
2030-10-02 15:15:00,0.0
2030-10-02 15:30:00,0.0
2030-10-02 15:45:00,0.0
2030-10-02 16:00:00,0.0
2030-10-02 16:15:00,2505.3291546264754
2030-10-02 16:30:00,0.0
2030-10-02 16:45:00,0.0
2030-10-02 17:00:00,0.0
2030-10-02 17:15:00,0.0
2030-10-02 17:30:00,0.0
2030-10-02 17:45:00,0.0
2030-10-02 18:00:00,0.0
2030-10-02 18:15:00,0.0
2030-10-02 18:30:00,0.0
2030-10-02 18:45:00,0.0
2030-10-02 19:00:00,0.0
2030-10-02 19:15:00,0.0
2030-10-02 19:30:00,0.0
2030-10-02 19:45:00,0.0
2030-10-02 20:00:00,0.0
2030-10-02 20:15:00,0.0
2030-10-02 20:30:00,0.0
2030-10-02 20:45:00,0.0
2030-10-02 21:00:00,0.0
2030-10-02 21:15:00,0.0
2030-10-02 21:30:00,0.0
2030-10-02 21:45:00,0.0
2030-10-02 22:00:00,0.0
2030-10-02 22:15:00,0.0
2030-10-02 22:30:00,0.0
2030-10-02 22:45:00,0.0
2030-10-02 23:00:00,0.0
2030-10-02 23:15:00,0.0
2030-10-02 23:30:00,0.0
2030-10-02 23:45:00,0.0
2030-10-03 00:00:00,0.0
2030-10-03 00:15:00,0.0
2030-10-03 00:30:00,0.0
2030-10-03 00:45:00,0.0
2030-10-03 01:00:00,0.0
2030-10-03 01:15:00,0.0
2030-10-03 01:30:00,0.0
2030-10-03 01:45:00,0.0
2030-10-03 02:00:00,0.0
2030-10-03 02:15:00,0.0
2030-10-03 02:30:00,0.0
2030-10-03 02:45:00,0.0
2030-10-03 03:00:00,0.0
2030-10-03 03:15:00,0.0
2030-10-03 03:30:00,0.0
2030-10-03 03:45:00,0.0
2030-10-03 04:00:00,0.0
2030-10-03 04:15:00,0.0
2030-10-03 04:30:00,0.0
2030-10-03 04:45:00,0.0
2030-10-03 05:00:00,0.0
2030-10-03 05:15:00,0.0
2030-10-03 05:30:00,0.0
2030-10-03 05:45:00,0.0
2030-10-03 06:00:00,0.0
2030-10-03 06:15:00,0.0
2030-10-03 06:30:00,0.0
2030-10-03 06:45:00,0.0
2030-10-03 07:00:00,0.0
2030-10-03 07:15:00,0.0
2030-10-03 07:30:00,0.0
2030-10-03 07:45:00,0.0
2030-10-03 08:00:00,0.0
2030-10-03 08:15:00,0.0
2030-10-03 08:30:00,0.0
2030-10-03 08:45:00,0.0
2030-10-03 09:00:00,0.0
2030-10-03 09:15:00,0.0
2030-10-03 09:30:00,0.0
2030-10-03 09:45:00,0.0
2030-10-03 10:00:00,-12062.037582739751
2030-10-03 10:15:00,-19628.242870158858
2030-10-03 10:30:00,-19773.795335044153
2030-10-03 10:45:00,-19725.050395362705
2030-10-03 11:00:00,-19748.719232222626
2030-10-03 11:15:00,-19939.784955049083
2030-10-03 11:30:00,-20188.730985054277
2030-10-03 11:45:00,-20327.47215175177
2030-10-03 12:00:00,-20402.642883836103
2030-10-03 12:15:00,-20554.103285657642
2030-10-03 12:30:00,-21319.7138593206
2030-10-03 12:45:00,-21373.95895212415
2030-10-03 13:00:00,-22076.719263332212
2030-10-03 13:15:00,-22061.970810067105
2030-10-03 13:30:00,-22258.80351323688
2030-10-03 13:45:00,-22110.191285438465
2030-10-03 14:00:00,-21174.63189858687
2030-10-03 14:15:00,-20846.07651278984
2030-10-03 14:30:00,-19871.926957781627
2030-10-03 14:45:00,-19464.256753836664
2030-10-03 15:00:00,-18847.096181233304
2030-10-03 15:15:00,-17595.332287494697
2030-10-03 15:30:00,-16590.67045276749
2030-10-03 15:45:00,-15890.18786433473
2030-10-03 16:00:00,-15355.781646590844
2030-10-03 16:15:00,-13812.237519415965
2030-10-03 16:30:00,-12540.174021799707
2030-10-03 16:45:00,-11407.197799407813
2030-10-03 17:00:00,-10056.333456656139
2030-10-03 17:15:00,-10213.143469166836
2030-10-03 17:30:00,-9594.165312436893
2030-10-03 17:45:00,-9089.000149079893
2030-10-03 18:00:00,-8502.311555223736
2030-10-03 18:15:00,-8143.9219734480685
2030-10-03 18:30:00,-7928.175623423729
2030-10-03 18:45:00,-7749.727526374882
2030-10-03 19:00:00,-8086.898435263924
2030-10-03 19:15:00,-8022.857702598281
2030-10-03 19:30:00,-7943.34186469686
2030-10-03 19:45:00,-8223.757676035671
2030-10-03 20:00:00,-8581.684566280303
2030-10-03 20:15:00,-9089.929880350166
2030-10-03 20:30:00,-9281.784542703968
2030-10-03 20:45:00,-9042.338146798545
2030-10-03 21:00:00,-8589.63185036836
2030-10-03 21:15:00,-8912.286446518168
2030-10-03 21:30:00,-8612.458654699918
2030-10-03 21:45:00,-7990.170526994107
2030-10-03 22:00:00,-7525.411905947054
2030-10-03 22:15:00,-8029.750573438676
2030-10-03 22:30:00,-7736.053630604485
2030-10-03 22:45:00,-7742.428224562116
2030-10-03 23:00:00,-7388.236011866138
2030-10-03 23:15:00,-7336.314200294075
2030-10-03 23:30:00,-7525.021461448936
2030-10-03 23:45:00,-7085.541239797498
2030-10-04 00:00:00,-6705.484329546753
2030-10-04 00:15:00,-6732.654747028837
2030-10-04 00:30:00,-6696.856428778643
2030-10-04 00:45:00,-6775.07808916391
2030-10-04 01:00:00,-6029.649231957013
2030-10-04 01:15:00,-5615.801831388835
2030-10-04 01:30:00,-5909.980947590879
2030-10-04 01:45:00,-6197.666023117503
2030-10-04 02:00:00,-6496.265398541616
2030-10-04 02:15:00,-6767.838694512053
2030-10-04 02:30:00,-6351.553607381014
2030-10-04 02:45:00,-6270.183255555072
2030-10-04 03:00:00,-6218.325238247764
2030-10-04 03:15:00,-6325.3477092133035
2030-10-04 03:30:00,-6637.68655637912
2030-10-04 03:45:00,-6683.2602652027435
2030-10-04 04:00:00,-6912.021395227794
2030-10-04 04:15:00,-6724.959297799769
2030-10-04 04:30:00,-6100.622619601267
2030-10-04 04:45:00,-6074.675545273754
2030-10-04 05:00:00,-6007.133971530897
2030-10-04 05:15:00,-5689.537497855339
2030-10-04 05:30:00,-4775.25911711168
2030-10-04 05:45:00,-4053.4257480419
2030-10-04 06:00:00,-2861.302782417304
2030-10-04 06:15:00,-2586.048930618934
2030-10-04 06:30:00,-2700.8150244129138
2030-10-04 06:45:00,-2134.896490116629
2030-10-04 07:00:00,-2087.5772110057696
2030-10-04 07:15:00,-2492.0314237061757
2030-10-04 07:30:00,-3440.02778614256
2030-10-04 07:45:00,-4138.206973398872
2030-10-04 08:00:00,-4550.8758981638675
2030-10-04 08:15:00,-5410.831963160374
2030-10-04 08:30:00,-6252.554945478434
2030-10-04 08:45:00,-7234.208107331091
2030-10-04 09:00:00,-7226.093609770767
2030-10-04 09:15:00,-8037.401780702574
2030-10-04 09:30:00,-8743.439206178988
2030-10-04 09:45:00,-9865.622053972987
2030-10-04 10:00:00,-10729.417286811513
2030-10-04 10:15:00,-11033.105693353788
2030-10-04 10:30:00,-12031.706385986981
2030-10-04 10:45:00,-12699.203200054024
2030-10-04 11:00:00,-13342.462675640338
2030-10-04 11:15:00,-13144.756523586086
2030-10-04 11:30:00,-13038.148177813357
2030-10-04 11:45:00,-13102.362526001154
2030-10-04 12:00:00,-13379.972172929065
2030-10-04 12:15:00,-13744.389871472355
2030-10-04 12:30:00,-13778.866218254258
2030-10-04 12:45:00,-13508.762738943478
2030-10-04 13:00:00,-13265.897538915826
2030-10-04 13:15:00,-12736.485983324452
2030-10-04 13:30:00,-12494.980724122288
2030-10-04 13:45:00,-12014.000991179953
2030-10-04 14:00:00,-10866.371016234698
2030-10-04 14:15:00,-9856.866705981123
2030-10-04 14:30:00,-8924.20822616215
2030-10-04 14:45:00,-7671.866652714376
2030-10-04 15:00:00,-8321.857484477281
2030-10-04 15:15:00,-8296.112176360275
2030-10-04 15:30:00,-6907.154180777652
2030-10-04 15:45:00,-5434.245869901522
2030-10-04 16:00:00,-3658.349341789024
2030-10-04 16:15:00,-2250.7026990489358
2030-10-04 16:30:00,-1070.1857131940778
2030-10-04 16:45:00,0.0
2030-10-04 17:00:00,0.0
2030-10-04 17:15:00,0.0
2030-10-04 17:30:00,0.0
2030-10-04 17:45:00,0.0
2030-10-04 18:00:00,0.0
2030-10-04 18:15:00,0.0
2030-10-04 18:30:00,0.0
2030-10-04 18:45:00,0.0
2030-10-04 19:00:00,0.0
2030-10-04 19:15:00,0.0
2030-10-04 19:30:00,0.0
2030-10-04 19:45:00,0.0
2030-10-04 20:00:00,0.0
2030-10-04 20:15:00,0.0
2030-10-04 20:30:00,0.0
2030-10-04 20:45:00,0.0
2030-10-04 21:00:00,0.0
2030-10-04 21:15:00,0.0
2030-10-04 21:30:00,0.0
2030-10-04 21:45:00,0.0
2030-10-04 22:00:00,0.0
2030-10-04 22:15:00,0.0
2030-10-04 22:30:00,0.0
2030-10-04 22:45:00,0.0
2030-10-04 23:00:00,0.0
2030-10-04 23:15:00,0.0
2030-10-04 23:30:00,-1849.8520124057668
2030-10-04 23:45:00,-4446.917831702531
2030-10-05 00:00:00,-4595.798748644502
2030-10-05 00:15:00,-4998.704612019075
2030-10-05 00:30:00,-5196.964144948686
2030-10-05 00:45:00,-4981.826069929368
2030-10-05 01:00:00,-5018.140406461616
2030-10-05 01:15:00,-5117.436044942971
2030-10-05 01:30:00,-5248.324399025843
2030-10-05 01:45:00,-5379.970639230756
2030-10-05 02:00:00,-5466.62367398955
2030-10-05 02:15:00,-5473.391255373213
2030-10-05 02:30:00,-5399.336556342703
2030-10-05 02:45:00,-5222.869616571332
2030-10-05 03:00:00,-5271.458331881398
2030-10-05 03:15:00,-5335.8558219113875
2030-10-05 03:30:00,-5344.179355534632
2030-10-05 03:45:00,-5258.385635593204
2030-10-05 04:00:00,-5024.078078930823
2030-10-05 04:15:00,-4821.985332468817
2030-10-05 04:30:00,-4562.394311266307
2030-10-05 04:45:00,-4329.8370584669065
2030-10-05 05:00:00,-4163.610666828979
2030-10-05 05:15:00,-4217.883258790431
2030-10-05 05:30:00,-4153.92726796116
2030-10-05 05:45:00,-3361.2297077440926
2030-10-05 06:00:00,-2398.7068152011852
2030-10-05 06:15:00,-2021.8511377955147
2030-10-05 06:30:00,-1821.006981220471
2030-10-05 06:45:00,-2004.906656981857
2030-10-05 07:00:00,-2159.5316440826355
2030-10-05 07:15:00,-2942.2853503161386
2030-10-05 07:30:00,-4163.919450551253
2030-10-05 07:45:00,-5449.773370441202
2030-10-05 08:00:00,-6952.211761333325
2030-10-05 08:15:00,-8155.91663795511
2030-10-05 08:30:00,-9613.923554893638
2030-10-05 08:45:00,-10985.89318256078
2030-10-05 09:00:00,-12853.217715934843
2030-10-05 09:15:00,-14374.91021841445
2030-10-05 09:30:00,-15840.481315751491
2030-10-05 09:45:00,-16956.634893321203
2030-10-05 10:00:00,-18055.674723274522
2030-10-05 10:15:00,-19118.98447763228
2030-10-05 10:30:00,-20152.070769189762
2030-10-05 10:45:00,-20630.056151509576
2030-10-05 11:00:00,-21163.56711595674
2030-10-05 11:15:00,-21462.834223443475
2030-10-05 11:30:00,-21807.656109696574
2030-10-05 11:45:00,-21808.111907344985
2030-10-05 12:00:00,-21987.780323985895
2030-10-05 12:15:00,-21779.76857398727
2030-10-05 12:30:00,-21499.04247284259
2030-10-05 12:45:00,-21132.185456637104
2030-10-05 13:00:00,-20409.03359535738
2030-10-05 13:15:00,-19738.43693391195
2030-10-05 13:30:00,-18913.06796940376
2030-10-05 13:45:00,-18261.13032456098
2030-10-05 14:00:00,-16858.53870983428
2030-10-05 14:15:00,-15136.723240058767
2030-10-05 14:30:00,-13664.54555792546
2030-10-05 14:45:00,-11946.42688543591
2030-10-05 15:00:00,-9785.112183084959
2030-10-05 15:15:00,-8012.96454104127
2030-10-05 15:30:00,-5997.022332208631
2030-10-05 15:45:00,-4050.217566551506
2030-10-05 16:00:00,-1672.1942632972787
2030-10-05 16:15:00,0.0
2030-10-05 16:30:00,0.0
2030-10-05 16:45:00,0.0
2030-10-05 17:00:00,0.0
2030-10-05 17:15:00,0.0
2030-10-05 17:30:00,0.0
2030-10-05 17:45:00,0.0
2030-10-05 18:00:00,0.0
2030-10-05 18:15:00,0.0
2030-10-05 18:30:00,0.0
2030-10-05 18:45:00,0.0
2030-10-05 19:00:00,0.0
2030-10-05 19:15:00,0.0
2030-10-05 19:30:00,0.0
2030-10-05 19:45:00,0.0
2030-10-05 20:00:00,0.0
2030-10-05 20:15:00,0.0
2030-10-05 20:30:00,0.0
2030-10-05 20:45:00,0.0
2030-10-05 21:00:00,0.0
2030-10-05 21:15:00,0.0
2030-10-05 21:30:00,0.0
2030-10-05 21:45:00,0.0
2030-10-05 22:00:00,0.0
2030-10-05 22:15:00,0.0
2030-10-05 22:30:00,0.0
2030-10-05 22:45:00,0.0
2030-10-05 23:00:00,0.0
2030-10-05 23:15:00,0.0
2030-10-05 23:30:00,0.0
2030-10-05 23:45:00,0.0
2030-10-06 00:00:00,0.0
2030-10-06 00:15:00,0.0
2030-10-06 00:30:00,0.0
2030-10-06 00:45:00,0.0
2030-10-06 01:00:00,0.0
2030-10-06 01:15:00,0.0
2030-10-06 01:30:00,0.0
2030-10-06 01:45:00,0.0
2030-10-06 02:00:00,0.0
2030-10-06 02:15:00,0.0
2030-10-06 02:30:00,0.0
2030-10-06 02:45:00,0.0
2030-10-06 03:00:00,0.0
2030-10-06 03:15:00,0.0
2030-10-06 03:30:00,0.0
2030-10-06 03:45:00,0.0
2030-10-06 04:00:00,0.0
2030-10-06 04:15:00,0.0
2030-10-06 04:30:00,0.0
2030-10-06 04:45:00,0.0
2030-10-06 05:00:00,0.0
2030-10-06 05:15:00,0.0
2030-10-06 05:30:00,0.0
2030-10-06 05:45:00,0.0
2030-10-06 06:00:00,0.0
2030-10-06 06:15:00,0.0
2030-10-06 06:30:00,0.0
2030-10-06 06:45:00,0.0
2030-10-06 07:00:00,0.0
2030-10-06 07:15:00,0.0
2030-10-06 07:30:00,0.0
2030-10-06 07:45:00,0.0
2030-10-06 08:00:00,0.0
2030-10-06 08:15:00,0.0
2030-10-06 08:30:00,0.0
2030-10-06 08:45:00,0.0
2030-10-06 09:00:00,0.0
2030-10-06 09:15:00,0.0
2030-10-06 09:30:00,0.0
2030-10-06 09:45:00,0.0
2030-10-06 10:00:00,0.0
2030-10-06 10:15:00,0.0
2030-10-06 10:30:00,0.0
2030-10-06 10:45:00,0.0
2030-10-06 11:00:00,-2429.217376583041
2030-10-06 11:15:00,-19663.084827597722
2030-10-06 11:30:00,-19528.072957325287
2030-10-06 11:45:00,-19320.804882996836
2030-10-06 12:00:00,-19008.627644805696
2030-10-06 12:15:00,-19069.42132140256
2030-10-06 12:30:00,-18836.193164402626
2030-10-06 12:45:00,-18499.972252301523
2030-10-06 13:00:00,-17931.965685343126
2030-10-06 13:15:00,-17131.52194683373
2030-10-06 13:30:00,-16440.983356853387
2030-10-06 13:45:00,-15600.906699476247
2030-10-06 14:00:00,-14850.413612192591
2030-10-06 14:15:00,-14118.18097605167
2030-10-06 14:30:00,-13247.8978179306
2030-10-06 14:45:00,-11638.784699322958
2030-10-06 15:00:00,-9708.122658300868
2030-10-06 15:15:00,-7675.196810166915
2030-10-06 15:30:00,-5988.792546794732
2030-10-06 15:45:00,-4264.160876199279
2030-10-06 16:00:00,-2802.3927933072628
2030-10-06 16:15:00,-1371.3208544672307
2030-10-06 16:30:00,-76.2711881088544
2030-10-06 16:45:00,0.0
2030-10-06 17:00:00,0.0
2030-10-06 17:15:00,0.0
2030-10-06 17:30:00,0.0
2030-10-06 17:45:00,0.0
2030-10-06 18:00:00,0.0
2030-10-06 18:15:00,0.0
2030-10-06 18:30:00,0.0
2030-10-06 18:45:00,0.0
2030-10-06 19:00:00,0.0
2030-10-06 19:15:00,0.0
2030-10-06 19:30:00,0.0
2030-10-06 19:45:00,0.0
2030-10-06 20:00:00,0.0
2030-10-06 20:15:00,0.0
2030-10-06 20:30:00,0.0
2030-10-06 20:45:00,0.0
2030-10-06 21:00:00,0.0
2030-10-06 21:15:00,0.0
2030-10-06 21:30:00,0.0
2030-10-06 21:45:00,0.0
2030-10-06 22:00:00,0.0
2030-10-06 22:15:00,0.0
2030-10-06 22:30:00,0.0
2030-10-06 22:45:00,0.0
2030-10-06 23:00:00,0.0
2030-10-06 23:15:00,-948.1378010393328
2030-10-06 23:30:00,-2872.110432769048
2030-10-06 23:45:00,-3115.4040259293542
2030-10-07 00:00:00,-3209.6136589841917
2030-10-07 00:15:00,-3428.2340774715667
2030-10-07 00:30:00,-3455.257401246785
2030-10-07 00:45:00,-3203.8416213446635
2030-10-07 01:00:00,-3154.583306493736
2030-10-07 01:15:00,-3422.1159597209316
2030-10-07 01:30:00,-3599.1215647500976
2030-10-07 01:45:00,-3663.4622038420493
2030-10-07 02:00:00,-3802.6953402495674
2030-10-07 02:15:00,-3704.570715125539
2030-10-07 02:30:00,-3947.054947413315
2030-10-07 02:45:00,-3992.14038367349
2030-10-07 03:00:00,-4148.558896917195
2030-10-07 03:15:00,-4286.038072762158
2030-10-07 03:30:00,-4572.761893078918
2030-10-07 03:45:00,-4718.364379676865
2030-10-07 04:00:00,-4802.132010250367
2030-10-07 04:15:00,-4945.730698149107
2030-10-07 04:30:00,-4969.186027429809
2030-10-07 04:45:00,-4868.713427229077
2030-10-07 05:00:00,-4694.365049302003
2030-10-07 05:15:00,-4657.983838330034
2030-10-07 05:30:00,-4800.317624858495
2030-10-07 05:45:00,-4074.7232513669587
2030-10-07 06:00:00,-3520.6309503204484
2030-10-07 06:15:00,-3624.964028056962
2030-10-07 06:30:00,-3408.634532883454
2030-10-07 06:45:00,-4235.097898214244
2030-10-07 07:00:00,-4191.46812984968
2030-10-07 07:15:00,-4550.694658404236
2030-10-07 07:30:00,-5560.2023298261865
2030-10-07 07:45:00,-6369.97870856613
2030-10-07 08:00:00,-6853.586663610702
2030-10-07 08:15:00,-7773.403474994866
2030-10-07 08:30:00,-8780.435363169752
2030-10-07 08:45:00,-9838.96313129256
2030-10-07 09:00:00,-11556.43100575036
2030-10-07 09:15:00,-12165.97104484681
2030-10-07 09:30:00,-12243.559305399605
2030-10-07 09:45:00,-12699.173587132907
2030-10-07 10:00:00,-12819.376256079438
2030-10-07 10:15:00,-12900.235116453103
2030-10-07 10:30:00,-12888.185125655982
2030-10-07 10:45:00,-13185.746780070418
2030-10-07 11:00:00,-13610.857808938668
2030-10-07 11:15:00,-13405.850541365518
2030-10-07 11:30:00,-13854.060180079945
2030-10-07 11:45:00,-13733.967557831224
2030-10-07 12:00:00,-14366.911524423773
2030-10-07 12:15:00,-14674.809160641937
2030-10-07 12:30:00,-14840.469631467557
2030-10-07 12:45:00,-14582.02369047725
2030-10-07 13:00:00,-14550.357908007245
2030-10-07 13:15:00,-14367.130169115888
2030-10-07 13:30:00,-14739.287772385265
2030-10-07 13:45:00,-14297.66484319745
2030-10-07 14:00:00,-14010.910577846782
2030-10-07 14:15:00,-13555.322214152846
2030-10-07 14:30:00,-13584.532071474656
2030-10-07 14:45:00,-12968.58569423229
2030-10-07 15:00:00,-11980.716797104302
2030-10-07 15:15:00,-10975.439838417988
2030-10-07 15:30:00,-10359.722893157941
2030-10-07 15:45:00,-9498.3438103318
2030-10-07 16:00:00,-8064.8508357265455
2030-10-07 16:15:00,-7074.078594171711
2030-10-07 16:30:00,-6165.454440134763
2030-10-07 16:45:00,-5232.022670319362
2030-10-07 17:00:00,-4310.0879729226945
2030-10-07 17:15:00,-4172.66295801989
2030-10-07 17:30:00,-3804.7232655542684
2030-10-07 17:45:00,-3740.696391828402
2030-10-07 18:00:00,-3453.3044175909417
2030-10-07 18:15:00,-3399.561742646005
2030-10-07 18:30:00,-3650.0708828868155
2030-10-07 18:45:00,-3615.9969456016515
2030-10-07 19:00:00,-3739.0421033821913
2030-10-07 19:15:00,-3912.026762430538
2030-10-07 19:30:00,-3664.201631774238
2030-10-07 19:45:00,-4063.1638330037276
2030-10-07 20:00:00,-4292.78556851569
2030-10-07 20:15:00,-4664.709173831721
2030-10-07 20:30:00,-4919.485895212903
2030-10-07 20:45:00,-5032.689050369781
2030-10-07 21:00:00,-4891.5510189772285
2030-10-07 21:15:00,-4980.558275547313
2030-10-07 21:30:00,-4914.42106519154
2030-10-07 21:45:00,-4838.345865245028
2030-10-07 22:00:00,-4647.34714118639
2030-10-07 22:15:00,-4690.488576963518
2030-10-07 22:30:00,-4626.60380996913
2030-10-07 22:45:00,-4865.89208326068
2030-10-07 23:00:00,-4937.8224840006205
2030-10-07 23:15:00,-4749.810109392816
2030-10-07 23:30:00,-4990.687078825993
2030-10-07 23:45:00,-4901.024151669953
2030-10-08 00:00:00,-4955.682668381971
2030-10-08 00:15:00,-4839.792117456693
2030-10-08 00:30:00,-4473.988848742058
2030-10-08 00:45:00,-3564.5849176630436
2030-10-08 01:00:00,-2613.763258190944
2030-10-08 01:15:00,-2944.301369573861
2030-10-08 01:30:00,-3215.8301292790293
2030-10-08 01:45:00,-3303.8208025925505
2030-10-08 02:00:00,-3256.8236936608737
2030-10-08 02:15:00,-3177.3291684747983
2030-10-08 02:30:00,-3013.963459678702
2030-10-08 02:45:00,-2904.1567620671376
2030-10-08 03:00:00,-2839.4486153600665
2030-10-08 03:15:00,-2834.327216168498
2030-10-08 03:30:00,-2898.27851619341
2030-10-08 03:45:00,-2640.9140011723903
2030-10-08 04:00:00,-1904.0547461554797
2030-10-08 04:15:00,-1363.674493235174
2030-10-08 04:30:00,-963.6360393191098
2030-10-08 04:45:00,-622.6710561207001
2030-10-08 05:00:00,-487.7538736843271
2030-10-08 05:15:00,-303.673158152651
2030-10-08 05:30:00,-92.05022318736519
2030-10-08 05:45:00,-65.73570505506177
2030-10-08 06:00:00,0.0
2030-10-08 06:15:00,0.0
2030-10-08 06:30:00,0.0
2030-10-08 06:45:00,0.0
2030-10-08 07:00:00,0.0
2030-10-08 07:15:00,0.0
2030-10-08 07:30:00,0.0
2030-10-08 07:45:00,0.0
2030-10-08 08:00:00,-995.6400193754089
2030-10-08 08:15:00,-2011.4530766694224
2030-10-08 08:30:00,-3328.1666972584626
2030-10-08 08:45:00,-4646.126983648272
2030-10-08 09:00:00,-5825.792140863628
2030-10-08 09:15:00,-6402.940642684915
2030-10-08 09:30:00,-7255.840480225184
2030-10-08 09:45:00,-8016.582043772727
2030-10-08 10:00:00,-8927.201952946898
2030-10-08 10:15:00,-9601.86322042066
2030-10-08 10:30:00,-10031.992519719057
2030-10-08 10:45:00,-10134.676173283015
2030-10-08 11:00:00,-10796.999522344848
2030-10-08 11:15:00,-11262.956991175117
2030-10-08 11:30:00,-11899.359007098697
2030-10-08 11:45:00,-12658.055214508047
2030-10-08 12:00:00,-13270.112778710227
2030-10-08 12:15:00,-13221.470562239789
2030-10-08 12:30:00,-13402.892323002798
2030-10-08 12:45:00,-13638.966066873421
2030-10-08 13:00:00,-13562.825972258495
2030-10-08 13:15:00,-13492.631469949029
2030-10-08 13:30:00,-13491.255689874979
2030-10-08 13:45:00,-13237.608116497848
2030-10-08 14:00:00,-12500.76612379514
2030-10-08 14:15:00,-11509.96247046509
2030-10-08 14:30:00,-10333.672312942674
2030-10-08 14:45:00,-9020.907576550295
2030-10-08 15:00:00,-7647.05511109195
2030-10-08 15:15:00,-6106.0792968958685
2030-10-08 15:30:00,-4686.448715228136
2030-10-08 15:45:00,-2934.4629604894326
2030-10-08 16:00:00,-1279.0329408549715
2030-10-08 16:15:00,-84.70785045080811
2030-10-08 16:30:00,0.0
2030-10-08 16:45:00,0.0
2030-10-08 17:00:00,0.0
2030-10-08 17:15:00,0.0
2030-10-08 17:30:00,0.0
2030-10-08 17:45:00,0.0
2030-10-08 18:00:00,0.0
2030-10-08 18:15:00,0.0
2030-10-08 18:30:00,0.0
2030-10-08 18:45:00,0.0
2030-10-08 19:00:00,0.0
2030-10-08 19:15:00,0.0
2030-10-08 19:30:00,0.0
2030-10-08 19:45:00,0.0
2030-10-08 20:00:00,0.0
2030-10-08 20:15:00,0.0
2030-10-08 20:30:00,0.0
2030-10-08 20:45:00,0.0
2030-10-08 21:00:00,0.0
2030-10-08 21:15:00,0.0
2030-10-08 21:30:00,0.0
2030-10-08 21:45:00,0.0
2030-10-08 22:00:00,0.0
2030-10-08 22:15:00,0.0
2030-10-08 22:30:00,0.0
2030-10-08 22:45:00,0.0
2030-10-08 23:00:00,0.0
2030-10-08 23:15:00,0.0
2030-10-08 23:30:00,0.0
2030-10-08 23:45:00,0.0
2030-10-09 00:00:00,0.0
2030-10-09 00:15:00,0.0
2030-10-09 00:30:00,0.0
2030-10-09 00:45:00,0.0
2030-10-09 01:00:00,0.0
2030-10-09 01:15:00,0.0
2030-10-09 01:30:00,0.0
2030-10-09 01:45:00,0.0
2030-10-09 02:00:00,0.0
2030-10-09 02:15:00,0.0
2030-10-09 02:30:00,0.0
2030-10-09 02:45:00,0.0
2030-10-09 03:00:00,0.0
2030-10-09 03:15:00,0.0
2030-10-09 03:30:00,0.0
2030-10-09 03:45:00,0.0
2030-10-09 04:00:00,0.0
2030-10-09 04:15:00,0.0
2030-10-09 04:30:00,0.0
2030-10-09 04:45:00,0.0
2030-10-09 05:00:00,0.0
2030-10-09 05:15:00,0.0
2030-10-09 05:30:00,0.0
2030-10-09 05:45:00,0.0
2030-10-09 06:00:00,0.0
2030-10-09 06:15:00,0.0
2030-10-09 06:30:00,0.0
2030-10-09 06:45:00,0.0
2030-10-09 07:00:00,0.0
2030-10-09 07:15:00,0.0
2030-10-09 07:30:00,0.0
2030-10-09 07:45:00,0.0
2030-10-09 08:00:00,0.0
2030-10-09 08:15:00,0.0
2030-10-09 08:30:00,0.0
2030-10-09 08:45:00,0.0
2030-10-09 09:00:00,0.0
2030-10-09 09:15:00,0.0
2030-10-09 09:30:00,0.0
2030-10-09 09:45:00,0.0
2030-10-09 10:00:00,0.0
2030-10-09 10:15:00,0.0
2030-10-09 10:30:00,0.0
2030-10-09 10:45:00,0.0
2030-10-09 11:00:00,0.0
2030-10-09 11:15:00,0.0
2030-10-09 11:30:00,0.0
2030-10-09 11:45:00,0.0
2030-10-09 12:00:00,0.0
2030-10-09 12:15:00,0.0
2030-10-09 12:30:00,0.0
2030-10-09 12:45:00,0.0
2030-10-09 13:00:00,0.0
2030-10-09 13:15:00,0.0
2030-10-09 13:30:00,0.0
2030-10-09 13:45:00,0.0
2030-10-09 14:00:00,0.0
2030-10-09 14:15:00,0.0
2030-10-09 14:30:00,0.0
2030-10-09 14:45:00,0.0
2030-10-09 15:00:00,0.0
2030-10-09 15:15:00,0.0
2030-10-09 15:30:00,0.0
2030-10-09 15:45:00,0.0
2030-10-09 16:00:00,0.0
2030-10-09 16:15:00,0.0
2030-10-09 16:30:00,0.0
2030-10-09 16:45:00,0.0
2030-10-09 17:00:00,0.0
2030-10-09 17:15:00,0.0
2030-10-09 17:30:00,0.0
2030-10-09 17:45:00,0.0
2030-10-09 18:00:00,0.0
2030-10-09 18:15:00,0.0
2030-10-09 18:30:00,0.0
2030-10-09 18:45:00,0.0
2030-10-09 19:00:00,0.0
2030-10-09 19:15:00,0.0
2030-10-09 19:30:00,0.0
2030-10-09 19:45:00,0.0
2030-10-09 20:00:00,0.0
2030-10-09 20:15:00,0.0
2030-10-09 20:30:00,0.0
2030-10-09 20:45:00,0.0
2030-10-09 21:00:00,0.0
2030-10-09 21:15:00,0.0
2030-10-09 21:30:00,0.0
2030-10-09 21:45:00,0.0
2030-10-09 22:00:00,0.0
2030-10-09 22:15:00,0.0
2030-10-09 22:30:00,0.0
2030-10-09 22:45:00,0.0
2030-10-09 23:00:00,0.0
2030-10-09 23:15:00,0.0
2030-10-09 23:30:00,0.0
2030-10-09 23:45:00,0.0
2030-10-10 00:00:00,0.0
2030-10-10 00:15:00,0.0
2030-10-10 00:30:00,0.0
2030-10-10 00:45:00,0.0
2030-10-10 01:00:00,0.0
2030-10-10 01:15:00,0.0
2030-10-10 01:30:00,0.0
2030-10-10 01:45:00,0.0
2030-10-10 02:00:00,0.0
2030-10-10 02:15:00,0.0
2030-10-10 02:30:00,0.0
2030-10-10 02:45:00,0.0
2030-10-10 03:00:00,4288.240515177542
2030-10-10 03:15:00,0.0
2030-10-10 03:30:00,0.0
2030-10-10 03:45:00,0.0
2030-10-10 04:00:00,0.0
2030-10-10 04:15:00,0.0
2030-10-10 04:30:00,0.0
2030-10-10 04:45:00,0.0
2030-10-10 05:00:00,0.0
2030-10-10 05:15:00,0.0
2030-10-10 05:30:00,0.0
2030-10-10 05:45:00,0.0
2030-10-10 06:00:00,0.0
2030-10-10 06:15:00,0.0
2030-10-10 06:30:00,0.0
2030-10-10 06:45:00,0.0
2030-10-10 07:00:00,0.0
2030-10-10 07:15:00,0.0
2030-10-10 07:30:00,0.0
2030-10-10 07:45:00,0.0
2030-10-10 08:00:00,0.0
2030-10-10 08:15:00,0.0
2030-10-10 08:30:00,0.0
2030-10-10 08:45:00,0.0
2030-10-10 09:00:00,0.0
2030-10-10 09:15:00,0.0
2030-10-10 09:30:00,0.0
2030-10-10 09:45:00,0.0
2030-10-10 10:00:00,0.0
2030-10-10 10:15:00,0.0
2030-10-10 10:30:00,0.0
2030-10-10 10:45:00,0.0
2030-10-10 11:00:00,0.0
2030-10-10 11:15:00,0.0
2030-10-10 11:30:00,0.0
2030-10-10 11:45:00,0.0
2030-10-10 12:00:00,0.0
2030-10-10 12:15:00,0.0
2030-10-10 12:30:00,0.0
2030-10-10 12:45:00,0.0
2030-10-10 13:00:00,0.0
2030-10-10 13:15:00,0.0
2030-10-10 13:30:00,0.0
2030-10-10 13:45:00,0.0
2030-10-10 14:00:00,0.0
2030-10-10 14:15:00,0.0
2030-10-10 14:30:00,0.0
2030-10-10 14:45:00,0.0
2030-10-10 15:00:00,0.0
2030-10-10 15:15:00,0.0
2030-10-10 15:30:00,0.0
2030-10-10 15:45:00,0.0
2030-10-10 16:00:00,0.0
2030-10-10 16:15:00,0.0
2030-10-10 16:30:00,0.0
2030-10-10 16:45:00,0.0
2030-10-10 17:00:00,0.0
2030-10-10 17:15:00,0.0
2030-10-10 17:30:00,0.0
2030-10-10 17:45:00,0.0
2030-10-10 18:00:00,0.0
2030-10-10 18:15:00,0.0
2030-10-10 18:30:00,0.0
2030-10-10 18:45:00,0.0
2030-10-10 19:00:00,0.0
2030-10-10 19:15:00,0.0
2030-10-10 19:30:00,0.0
2030-10-10 19:45:00,0.0
2030-10-10 20:00:00,0.0
2030-10-10 20:15:00,0.0
2030-10-10 20:30:00,0.0
2030-10-10 20:45:00,0.0
2030-10-10 21:00:00,0.0
2030-10-10 21:15:00,0.0
2030-10-10 21:30:00,0.0
2030-10-10 21:45:00,0.0
2030-10-10 22:00:00,0.0
2030-10-10 22:15:00,0.0
2030-10-10 22:30:00,0.0
2030-10-10 22:45:00,0.0
2030-10-10 23:00:00,0.0
2030-10-10 23:15:00,0.0
2030-10-10 23:30:00,0.0
2030-10-10 23:45:00,0.0
2030-10-11 00:00:00,0.0
2030-10-11 00:15:00,0.0
2030-10-11 00:30:00,0.0
2030-10-11 00:45:00,0.0
2030-10-11 01:00:00,0.0
2030-10-11 01:15:00,0.0
2030-10-11 01:30:00,0.0
2030-10-11 01:45:00,0.0
2030-10-11 02:00:00,0.0
2030-10-11 02:15:00,0.0
2030-10-11 02:30:00,0.0
2030-10-11 02:45:00,0.0
2030-10-11 03:00:00,0.0
2030-10-11 03:15:00,0.0
2030-10-11 03:30:00,0.0
2030-10-11 03:45:00,0.0
2030-10-11 04:00:00,0.0
2030-10-11 04:15:00,0.0
2030-10-11 04:30:00,0.0
2030-10-11 04:45:00,0.0
2030-10-11 05:00:00,0.0
2030-10-11 05:15:00,0.0
2030-10-11 05:30:00,0.0
2030-10-11 05:45:00,0.0
2030-10-11 06:00:00,0.0
2030-10-11 06:15:00,0.0
2030-10-11 06:30:00,0.0
2030-10-11 06:45:00,0.0
2030-10-11 07:00:00,0.0
2030-10-11 07:15:00,0.0
2030-10-11 07:30:00,0.0
2030-10-11 07:45:00,0.0
2030-10-11 08:00:00,0.0
2030-10-11 08:15:00,0.0
2030-10-11 08:30:00,0.0
2030-10-11 08:45:00,0.0
2030-10-11 09:00:00,0.0
2030-10-11 09:15:00,0.0
2030-10-11 09:30:00,0.0
2030-10-11 09:45:00,0.0
2030-10-11 10:00:00,0.0
2030-10-11 10:15:00,0.0
2030-10-11 10:30:00,-2551.3742706399207
2030-10-11 10:45:00,-18066.234311391116
2030-10-11 11:00:00,-18953.73421561129
2030-10-11 11:15:00,-18894.970742194848
2030-10-11 11:30:00,-18651.428260813278
2030-10-11 11:45:00,-18610.179748749564
2030-10-11 12:00:00,-18702.875166137153
2030-10-11 12:15:00,-18538.384296448825
2030-10-11 12:30:00,-18443.994025597873
2030-10-11 12:45:00,-18044.280956989398
2030-10-11 13:00:00,-17877.36476762026
2030-10-11 13:15:00,-17171.050592846117
2030-10-11 13:30:00,-16782.344660776667
2030-10-11 13:45:00,-16406.35835058167
2030-10-11 14:00:00,-14980.543385869383
2030-10-11 14:15:00,-13769.068283567402
2030-10-11 14:30:00,-13306.824168114334
2030-10-11 14:45:00,-12646.299763046147
2030-10-11 15:00:00,-11108.90989829701
2030-10-11 15:15:00,-8888.610638824724
2030-10-11 15:30:00,-7404.216444027992
2030-10-11 15:45:00,-5502.690647505657
2030-10-11 16:00:00,-2918.3405151897387
2030-10-11 16:15:00,-1373.1267532048914
2030-10-11 16:30:00,-432.7197819676876
2030-10-11 16:45:00,0.0
2030-10-11 17:00:00,0.0
2030-10-11 17:15:00,0.0
2030-10-11 17:30:00,0.0
2030-10-11 17:45:00,0.0
2030-10-11 18:00:00,0.0
2030-10-11 18:15:00,0.0
2030-10-11 18:30:00,0.0
2030-10-11 18:45:00,0.0
2030-10-11 19:00:00,0.0
2030-10-11 19:15:00,0.0
2030-10-11 19:30:00,0.0
2030-10-11 19:45:00,0.0
2030-10-11 20:00:00,0.0
2030-10-11 20:15:00,0.0
2030-10-11 20:30:00,0.0
2030-10-11 20:45:00,0.0
2030-10-11 21:00:00,0.0
2030-10-11 21:15:00,0.0
2030-10-11 21:30:00,0.0
2030-10-11 21:45:00,0.0
2030-10-11 22:00:00,0.0
2030-10-11 22:15:00,-1460.167694679887
2030-10-11 22:30:00,-2475.3498549285396
2030-10-11 22:45:00,-2487.9094127685457
2030-10-11 23:00:00,-1998.1332047160686
2030-10-11 23:15:00,-1520.6181906179554
2030-10-11 23:30:00,-1646.5052596330643
2030-10-11 23:45:00,-2023.2314023448798
2030-10-12 00:00:00,-2155.7937341286306
2030-10-12 00:15:00,-2255.710736173778
2030-10-12 00:30:00,-2468.9523916802627
2030-10-12 00:45:00,-2245.0142710577293
2030-10-12 01:00:00,-1741.5480408437452
2030-10-12 01:15:00,-2133.7089567162
2030-10-12 01:30:00,-2704.3763386365263
2030-10-12 01:45:00,-2861.1638536040064
2030-10-12 02:00:00,-3085.608455496271
2030-10-12 02:15:00,-2600.390751416149
2030-10-12 02:30:00,-1854.6841628639086
2030-10-12 02:45:00,-1434.4114677661655
2030-10-12 03:00:00,-857.3835880117913
2030-10-12 03:15:00,-784.2345360823401
2030-10-12 03:30:00,-517.9188602653539
2030-10-12 03:45:00,-24.026155005769397
2030-10-12 04:00:00,0.0
2030-10-12 04:15:00,0.0
2030-10-12 04:30:00,0.0
2030-10-12 04:45:00,0.0
2030-10-12 05:00:00,0.0
2030-10-12 05:15:00,0.0
2030-10-12 05:30:00,0.0
2030-10-12 05:45:00,0.0
2030-10-12 06:00:00,0.0
2030-10-12 06:15:00,0.0
2030-10-12 06:30:00,0.0
2030-10-12 06:45:00,0.0
2030-10-12 07:00:00,0.0
2030-10-12 07:15:00,0.0
2030-10-12 07:30:00,0.0
2030-10-12 07:45:00,0.0
2030-10-12 08:00:00,0.0
2030-10-12 08:15:00,0.0
2030-10-12 08:30:00,0.0
2030-10-12 08:45:00,0.0
2030-10-12 09:00:00,0.0
2030-10-12 09:15:00,0.0
2030-10-12 09:30:00,0.0
2030-10-12 09:45:00,0.0
2030-10-12 10:00:00,0.0
2030-10-12 10:15:00,0.0
2030-10-12 10:30:00,0.0
2030-10-12 10:45:00,0.0
2030-10-12 11:00:00,0.0
2030-10-12 11:15:00,0.0
2030-10-12 11:30:00,0.0
2030-10-12 11:45:00,0.0
2030-10-12 12:00:00,0.0
2030-10-12 12:15:00,0.0
2030-10-12 12:30:00,0.0
2030-10-12 12:45:00,0.0
2030-10-12 13:00:00,-279.00468176066715
2030-10-12 13:15:00,-4943.503159145697
2030-10-12 13:30:00,-4498.271709321325
2030-10-12 13:45:00,-3469.328780756361
2030-10-12 14:00:00,-2169.924694812311
2030-10-12 14:15:00,-1080.232455754045
2030-10-12 14:30:00,0.0
2030-10-12 14:45:00,0.0
2030-10-12 15:00:00,0.0
2030-10-12 15:15:00,0.0
2030-10-12 15:30:00,0.0
2030-10-12 15:45:00,0.0
2030-10-12 16:00:00,0.0
2030-10-12 16:15:00,0.0
2030-10-12 16:30:00,0.0
2030-10-12 16:45:00,0.0
2030-10-12 17:00:00,0.0
2030-10-12 17:15:00,0.0
2030-10-12 17:30:00,0.0
2030-10-12 17:45:00,0.0
2030-10-12 18:00:00,0.0
2030-10-12 18:15:00,0.0
2030-10-12 18:30:00,0.0
2030-10-12 18:45:00,0.0
2030-10-12 19:00:00,0.0
2030-10-12 19:15:00,0.0
2030-10-12 19:30:00,0.0
2030-10-12 19:45:00,0.0
2030-10-12 20:00:00,0.0
2030-10-12 20:15:00,0.0
2030-10-12 20:30:00,0.0
2030-10-12 20:45:00,0.0
2030-10-12 21:00:00,0.0
2030-10-12 21:15:00,0.0
2030-10-12 21:30:00,0.0
2030-10-12 21:45:00,0.0
2030-10-12 22:00:00,0.0
2030-10-12 22:15:00,0.0
2030-10-12 22:30:00,0.0
2030-10-12 22:45:00,0.0
2030-10-12 23:00:00,4533.87683404356
2030-10-12 23:15:00,0.0
2030-10-12 23:30:00,0.0
2030-10-12 23:45:00,0.0
2030-10-13 00:00:00,0.0
2030-10-13 00:15:00,0.0
2030-10-13 00:30:00,0.0
2030-10-13 00:45:00,0.0
2030-10-13 01:00:00,0.0
2030-10-13 01:15:00,0.0
2030-10-13 01:30:00,0.0
2030-10-13 01:45:00,0.0
2030-10-13 02:00:00,0.0
2030-10-13 02:15:00,0.0
2030-10-13 02:30:00,0.0
2030-10-13 02:45:00,0.0
2030-10-13 03:00:00,0.0
2030-10-13 03:15:00,0.0
2030-10-13 03:30:00,0.0
2030-10-13 03:45:00,0.0
2030-10-13 04:00:00,0.0
2030-10-13 04:15:00,0.0
2030-10-13 04:30:00,0.0
2030-10-13 04:45:00,0.0
2030-10-13 05:00:00,0.0
2030-10-13 05:15:00,0.0
2030-10-13 05:30:00,0.0
2030-10-13 05:45:00,0.0
2030-10-13 06:00:00,0.0
2030-10-13 06:15:00,0.0
2030-10-13 06:30:00,0.0
2030-10-13 06:45:00,0.0
2030-10-13 07:00:00,0.0
2030-10-13 07:15:00,0.0
2030-10-13 07:30:00,0.0
2030-10-13 07:45:00,0.0
2030-10-13 08:00:00,0.0
2030-10-13 08:15:00,0.0
2030-10-13 08:30:00,0.0
2030-10-13 08:45:00,0.0
2030-10-13 09:00:00,0.0
2030-10-13 09:15:00,0.0
2030-10-13 09:30:00,0.0
2030-10-13 09:45:00,0.0
2030-10-13 10:00:00,0.0
2030-10-13 10:15:00,0.0
2030-10-13 10:30:00,0.0
2030-10-13 10:45:00,0.0
2030-10-13 11:00:00,0.0
2030-10-13 11:15:00,0.0
2030-10-13 11:30:00,0.0
2030-10-13 11:45:00,0.0
2030-10-13 12:00:00,0.0
2030-10-13 12:15:00,0.0
2030-10-13 12:30:00,0.0
2030-10-13 12:45:00,0.0
2030-10-13 13:00:00,0.0
2030-10-13 13:15:00,0.0
2030-10-13 13:30:00,0.0
2030-10-13 13:45:00,0.0
2030-10-13 14:00:00,0.0
2030-10-13 14:15:00,0.0
2030-10-13 14:30:00,-11522.011244538331
2030-10-13 14:45:00,-14002.902653236277
2030-10-13 15:00:00,-12897.573494114473
2030-10-13 15:15:00,-11310.32892253215
2030-10-13 15:30:00,-9643.035730414027
2030-10-13 15:45:00,-8061.616644597878
2030-10-13 16:00:00,-6179.300502422186
2030-10-13 16:15:00,-4805.929184114335
2030-10-13 16:30:00,-3769.5835109874533
2030-10-13 16:45:00,-2916.0007924473102
2030-10-13 17:00:00,-2308.9156731192998
2030-10-13 17:15:00,-2407.8979095943832
2030-10-13 17:30:00,-2386.094730804063
2030-10-13 17:45:00,-2487.0419027948374
2030-10-13 18:00:00,-2668.1168299948404
2030-10-13 18:15:00,-2581.224440784059
2030-10-13 18:30:00,-2516.184157139687
2030-10-13 18:45:00,-2502.1049280851876
2030-10-13 19:00:00,-2489.830616355928
2030-10-13 19:15:00,-2554.5828103819185
2030-10-13 19:30:00,-2657.5696447687915
2030-10-13 19:45:00,-2667.894780627721
2030-10-13 20:00:00,-3170.6916601607045
2030-10-13 20:15:00,-3720.2236754928854
2030-10-13 20:30:00,-4257.168924627058
2030-10-13 20:45:00,-4745.908627179422
2030-10-13 21:00:00,-4625.446443389799
2030-10-13 21:15:00,-5039.487925611644
2030-10-13 21:30:00,-5399.857188877919
2030-10-13 21:45:00,-5844.982617271133
2030-10-13 22:00:00,-5753.506196246428
2030-10-13 22:15:00,-6086.037270604949
2030-10-13 22:30:00,-6508.483593953253
2030-10-13 22:45:00,-6910.717348347869
2030-10-13 23:00:00,-8039.454212135115
2030-10-13 23:15:00,-8333.633086101669
2030-10-13 23:30:00,-7943.865758180871
2030-10-13 23:45:00,-7696.73261891495
2030-10-14 00:00:00,-7343.436359466834
2030-10-14 00:15:00,-6934.7474729743135
2030-10-14 00:30:00,-6780.568147953587
2030-10-14 00:45:00,-6612.081096740732
2030-10-14 01:00:00,-6843.08525819573
2030-10-14 01:15:00,-7512.652741566893
2030-10-14 01:30:00,-7906.687587312283
2030-10-14 01:45:00,-8343.514887590349
2030-10-14 02:00:00,-8064.959522881503
2030-10-14 02:15:00,-7259.216239272173
2030-10-14 02:30:00,-7017.844502552347
2030-10-14 02:45:00,-7181.161817761147
2030-10-14 03:00:00,-6995.474481259413
2030-10-14 03:15:00,-7037.340352094008
2030-10-14 03:30:00,-7426.63401465579
2030-10-14 03:45:00,-7247.120185496367
2030-10-14 04:00:00,-7057.229386590041
2030-10-14 04:15:00,-7205.3627548543045
2030-10-14 04:30:00,-7543.189389115099
2030-10-14 04:45:00,-6990.691184564437
2030-10-14 05:00:00,-7329.51922357263
2030-10-14 05:15:00,-7460.908142960006
2030-10-14 05:30:00,-7842.950385189211
2030-10-14 05:45:00,-7961.747822715906
2030-10-14 06:00:00,-8287.59455228278
2030-10-14 06:15:00,-8882.129448224268
2030-10-14 06:30:00,-8889.690207868678
2030-10-14 06:45:00,-8952.63741946907
2030-10-14 07:00:00,-9551.015876315838
2030-10-14 07:15:00,-10491.029504482885
2030-10-14 07:30:00,-11637.85522001538
2030-10-14 07:45:00,-12766.68319832968
2030-10-14 08:00:00,-13880.453603066448
2030-10-14 08:15:00,-14831.253852071215
2030-10-14 08:30:00,-15869.472224392903
2030-10-14 08:45:00,-17081.812169143144
2030-10-14 09:00:00,-18044.119260314503
2030-10-14 09:15:00,-19030.73544770771
2030-10-14 09:30:00,-20244.911850158784
2030-10-14 09:45:00,-21334.699929557617
2030-10-14 10:00:00,-22266.689044878254
2030-10-14 10:15:00,-23236.41491195031
2030-10-14 10:30:00,-23978.07733097338
2030-10-14 10:45:00,-24219.600979099705
2030-10-14 11:00:00,-24394.164075912853
2030-10-14 11:15:00,-24505.056349222046
2030-10-14 11:30:00,-25077.196309803243
2030-10-14 11:45:00,-25305.17276721869
2030-10-14 12:00:00,-25153.85356257403
2030-10-14 12:15:00,-24700.068097920153
2030-10-14 12:30:00,-24582.80924982355
2030-10-14 12:45:00,-24143.39238836259
2030-10-14 13:00:00,-24148.10028179731
2030-10-14 13:15:00,-24292.494926339376
2030-10-14 13:30:00,-24163.135871459635
2030-10-14 13:45:00,-23571.16474463322
2030-10-14 14:00:00,-22906.157164744833
2030-10-14 14:15:00,-21637.783033542597
2030-10-14 14:30:00,-20248.65757174902
2030-10-14 14:45:00,-18693.643523678664
2030-10-14 15:00:00,-17070.69007163034
2030-10-14 15:15:00,-15495.113027386815
2030-10-14 15:30:00,-13781.850066320229
2030-10-14 15:45:00,-11996.81940655008
2030-10-14 16:00:00,-10170.732391317815
2030-10-14 16:15:00,-8686.452876515883
2030-10-14 16:30:00,-7201.995977306469
2030-10-14 16:45:00,-5864.525762628964
2030-10-14 17:00:00,-5372.977144606673
2030-10-14 17:15:00,-5155.096272186129
2030-10-14 17:30:00,-5045.274930010197
2030-10-14 17:45:00,-5176.100845192366
2030-10-14 18:00:00,-4733.0431177057835
2030-10-14 18:15:00,-4735.710344426607
2030-10-14 18:30:00,-4582.4678956234675
2030-10-14 18:45:00,-4872.3481041781015
2030-10-14 19:00:00,-4891.381371652693
2030-10-14 19:15:00,-5075.073967896587
2030-10-14 19:30:00,-5121.938598685716
2030-10-14 19:45:00,-5342.916794862809
2030-10-14 20:00:00,-5654.559023922175
2030-10-14 20:15:00,-5815.488097935162
2030-10-14 20:30:00,-6122.270204500834
2030-10-14 20:45:00,-6523.901620073499
2030-10-14 21:00:00,-6112.284660322355
2030-10-14 21:15:00,-6112.608232857561
2030-10-14 21:30:00,-6301.918395069357
2030-10-14 21:45:00,-6404.17351429406
2030-10-14 22:00:00,-6285.207692103604
2030-10-14 22:15:00,-6479.4774348905485
2030-10-14 22:30:00,-6847.65699669007
2030-10-14 22:45:00,-7408.178075085525
2030-10-14 23:00:00,-7547.333438766687
2030-10-14 23:15:00,-7635.43675312686
2030-10-14 23:30:00,-7826.128689968236
2030-10-14 23:45:00,-7995.842701240219
2030-10-15 00:00:00,-7935.7068224351715
2030-10-15 00:15:00,-7974.976079558723
2030-10-15 00:30:00,-8386.386299270544
2030-10-15 00:45:00,-8247.616132518804
2030-10-15 01:00:00,-7960.573584724063
2030-10-15 01:15:00,-8215.737220194962
2030-10-15 01:30:00,-8389.110583882995
2030-10-15 01:45:00,-8569.846828975471
2030-10-15 02:00:00,-8380.596062296321
2030-10-15 02:15:00,-7929.199313394323
2030-10-15 02:30:00,-7629.905560842604
2030-10-15 02:45:00,-7542.668110774541
2030-10-15 03:00:00,-7650.814315695154
2030-10-15 03:15:00,-7675.685037925721
2030-10-15 03:30:00,-7675.550732077707
2030-10-15 03:45:00,-7365.196750161793
2030-10-15 04:00:00,-7186.490319366985
2030-10-15 04:15:00,-6960.9872023561675
2030-10-15 04:30:00,-6985.615802250162
2030-10-15 04:45:00,-7424.3317593483425
2030-10-15 05:00:00,-7738.571189858867
2030-10-15 05:15:00,-7155.294747711656
2030-10-15 05:30:00,-7186.338572066723
2030-10-15 05:45:00,-7173.795253142498
2030-10-15 06:00:00,-6887.024040698376
2030-10-15 06:15:00,-6729.411869257519
2030-10-15 06:30:00,-6529.623190068172
2030-10-15 06:45:00,-6454.124499104
2030-10-15 07:00:00,-6833.742793469268
2030-10-15 07:15:00,-7352.544648108262
2030-10-15 07:30:00,-8351.683506675594
2030-10-15 07:45:00,-9485.162768125901
2030-10-15 08:00:00,-10637.789142836064
2030-10-15 08:15:00,-11717.742873801582
2030-10-15 08:30:00,-12959.120903942583
2030-10-15 08:45:00,-14248.84865099198
2030-10-15 09:00:00,-15803.12196783279
2030-10-15 09:15:00,-17204.020535876767
2030-10-15 09:30:00,-18086.914965153755
2030-10-15 09:45:00,-18843.13617648462
2030-10-15 10:00:00,-19298.410332277203
2030-10-15 10:15:00,-20020.92103083291
2030-10-15 10:30:00,-20505.898464259615
2030-10-15 10:45:00,-20887.591892634344
2030-10-15 11:00:00,-21192.75316673636
2030-10-15 11:15:00,-21327.78342223258
2030-10-15 11:30:00,-21035.91965727897
2030-10-15 11:45:00,-20655.341868445426
2030-10-15 12:00:00,-20399.098813036275
2030-10-15 12:15:00,-19980.181462123073
2030-10-15 12:30:00,-19005.856928412057
2030-10-15 12:45:00,-18165.35415386278
2030-10-15 13:00:00,-18126.67016623594
2030-10-15 13:15:00,-17494.80305730649
2030-10-15 13:30:00,-16790.2245630362
2030-10-15 13:45:00,-16497.58167320188
2030-10-15 14:00:00,-15673.247474153726
2030-10-15 14:15:00,-14752.949557205146
2030-10-15 14:30:00,-14047.80680558268
2030-10-15 14:45:00,-12361.072466822923
2030-10-15 15:00:00,-10503.324452720251
2030-10-15 15:15:00,-9233.436285194291
2030-10-15 15:30:00,-7547.814622623984
2030-10-15 15:45:00,-5919.524584218403
2030-10-15 16:00:00,-4250.333479764669
2030-10-15 16:15:00,-2636.380444284481
2030-10-15 16:30:00,-1313.5396735801678
2030-10-15 16:45:00,-38.635189140830335
2030-10-15 17:00:00,0.0
2030-10-15 17:15:00,0.0
2030-10-15 17:30:00,0.0
2030-10-15 17:45:00,0.0
2030-10-15 18:00:00,0.0
2030-10-15 18:15:00,0.0
2030-10-15 18:30:00,0.0
2030-10-15 18:45:00,0.0
2030-10-15 19:00:00,0.0
2030-10-15 19:15:00,0.0
2030-10-15 19:30:00,0.0
2030-10-15 19:45:00,0.0
2030-10-15 20:00:00,0.0
2030-10-15 20:15:00,0.0
2030-10-15 20:30:00,0.0
2030-10-15 20:45:00,0.0
2030-10-15 21:00:00,0.0
2030-10-15 21:15:00,0.0
2030-10-15 21:30:00,0.0
2030-10-15 21:45:00,0.0
2030-10-15 22:00:00,0.0
2030-10-15 22:15:00,0.0
2030-10-15 22:30:00,0.0
2030-10-15 22:45:00,0.0
2030-10-15 23:00:00,0.0
2030-10-15 23:15:00,0.0
2030-10-15 23:30:00,0.0
2030-10-15 23:45:00,0.0
2030-10-16 00:00:00,0.0
2030-10-16 00:15:00,0.0
2030-10-16 00:30:00,0.0
2030-10-16 00:45:00,0.0
2030-10-16 01:00:00,0.0
2030-10-16 01:15:00,0.0
2030-10-16 01:30:00,0.0
2030-10-16 01:45:00,0.0
2030-10-16 02:00:00,0.0
2030-10-16 02:15:00,0.0
2030-10-16 02:30:00,0.0
2030-10-16 02:45:00,0.0
2030-10-16 03:00:00,0.0
2030-10-16 03:15:00,0.0
2030-10-16 03:30:00,0.0
2030-10-16 03:45:00,0.0
2030-10-16 04:00:00,0.0
2030-10-16 04:15:00,0.0
2030-10-16 04:30:00,0.0
2030-10-16 04:45:00,0.0
2030-10-16 05:00:00,0.0
2030-10-16 05:15:00,0.0
2030-10-16 05:30:00,0.0
2030-10-16 05:45:00,0.0
2030-10-16 06:00:00,0.0
2030-10-16 06:15:00,0.0
2030-10-16 06:30:00,0.0
2030-10-16 06:45:00,0.0
2030-10-16 07:00:00,0.0
2030-10-16 07:15:00,0.0
2030-10-16 07:30:00,0.0
2030-10-16 07:45:00,0.0
2030-10-16 08:00:00,0.0
2030-10-16 08:15:00,0.0
2030-10-16 08:30:00,0.0
2030-10-16 08:45:00,0.0
2030-10-16 09:00:00,0.0
2030-10-16 09:15:00,0.0
2030-10-16 09:30:00,0.0
2030-10-16 09:45:00,0.0
2030-10-16 10:00:00,0.0
2030-10-16 10:15:00,0.0
2030-10-16 10:30:00,0.0
2030-10-16 10:45:00,0.0
2030-10-16 11:00:00,0.0
2030-10-16 11:15:00,0.0
2030-10-16 11:30:00,0.0
2030-10-16 11:45:00,0.0
2030-10-16 12:00:00,0.0
2030-10-16 12:15:00,0.0
2030-10-16 12:30:00,0.0
2030-10-16 12:45:00,0.0
2030-10-16 13:00:00,0.0
2030-10-16 13:15:00,0.0
2030-10-16 13:30:00,0.0
2030-10-16 13:45:00,0.0
2030-10-16 14:00:00,0.0
2030-10-16 14:15:00,1712.8030261265449
2030-10-16 14:30:00,0.0
2030-10-16 14:45:00,0.0
2030-10-16 15:00:00,0.0
2030-10-16 15:15:00,0.0
2030-10-16 15:30:00,0.0
2030-10-16 15:45:00,125.46628837437311
2030-10-16 16:00:00,1559.514936828382
2030-10-16 16:15:00,2815.968901068396
2030-10-16 16:30:00,3729.394269336515
2030-10-16 16:45:00,4515.792109629489
2030-10-16 17:00:00,4989.171476567815
2030-10-16 17:15:00,5221.365959110204
2030-10-16 17:30:00,5193.752920222123
2030-10-16 17:45:00,5521.361869498269
2030-10-16 18:00:00,5636.753926024816
2030-10-16 18:15:00,5449.697348181977
2030-10-16 18:30:00,5468.957097676619
2030-10-16 18:45:00,5630.697727223116
2030-10-16 19:00:00,5631.288200583091
2030-10-16 19:15:00,5554.408903190259
2030-10-16 19:30:00,5206.316137352569
2030-10-16 19:45:00,5098.5854209513855
2030-10-16 20:00:00,4430.513866921561
2030-10-16 20:15:00,3708.3966966110092
2030-10-16 20:30:00,3251.684194241694
2030-10-16 20:45:00,2864.6620324260584
2030-10-16 21:00:00,2625.1345664248856
2030-10-16 21:15:00,2182.3255518055594
2030-10-16 21:30:00,1877.5359899316136
2030-10-16 21:45:00,1606.2535314083834
2030-10-16 22:00:00,1340.2288155258138
2030-10-16 22:15:00,1206.4969558091034
2030-10-16 22:30:00,898.3741687369038
2030-10-16 22:45:00,735.5634106159159
2030-10-16 23:00:00,602.2313892685725
2030-10-16 23:15:00,442.68479289839524
2030-10-16 23:30:00,327.8440209867131
2030-10-16 23:45:00,294.43230420479813
2030-10-17 00:00:00,233.61471606597115
2030-10-17 00:15:00,46.80122772179675
2030-10-17 00:30:00,0.0
2030-10-17 00:45:00,0.0
2030-10-17 01:00:00,0.0
2030-10-17 01:15:00,0.0
2030-10-17 01:30:00,0.0
2030-10-17 01:45:00,0.0
2030-10-17 02:00:00,0.0
2030-10-17 02:15:00,0.0
2030-10-17 02:30:00,0.0
2030-10-17 02:45:00,0.0
2030-10-17 03:00:00,0.0
2030-10-17 03:15:00,0.0
2030-10-17 03:30:00,0.0
2030-10-17 03:45:00,0.0
2030-10-17 04:00:00,0.0
2030-10-17 04:15:00,0.0
2030-10-17 04:30:00,0.0
2030-10-17 04:45:00,0.0
2030-10-17 05:00:00,1.6445419153933472
2030-10-17 05:15:00,238.2858032372642
2030-10-17 05:30:00,719.5427588107614
2030-10-17 05:45:00,1355.8186760867611
2030-10-17 06:00:00,2394.6659712907494
2030-10-17 06:15:00,3085.058636983278
2030-10-17 06:30:00,3596.759602489901
2030-10-17 06:45:00,3865.7000937516896
2030-10-17 07:00:00,3991.148607602423
2030-10-17 07:15:00,3338.8745448713853
2030-10-17 07:30:00,2340.3091796720455
2030-10-17 07:45:00,1171.740970965424
2030-10-17 08:00:00,0.0
2030-10-17 08:15:00,0.0
2030-10-17 08:30:00,0.0
2030-10-17 08:45:00,0.0
2030-10-17 09:00:00,0.0
2030-10-17 09:15:00,0.0
2030-10-17 09:30:00,0.0
2030-10-17 09:45:00,0.0
2030-10-17 10:00:00,0.0
2030-10-17 10:15:00,0.0
2030-10-17 10:30:00,0.0
2030-10-17 10:45:00,0.0
2030-10-17 11:00:00,0.0
2030-10-17 11:15:00,0.0
2030-10-17 11:30:00,0.0
2030-10-17 11:45:00,0.0
2030-10-17 12:00:00,0.0
2030-10-17 12:15:00,0.0
2030-10-17 12:30:00,0.0
2030-10-17 12:45:00,0.0
2030-10-17 13:00:00,0.0
2030-10-17 13:15:00,0.0
2030-10-17 13:30:00,0.0
2030-10-17 13:45:00,0.0
2030-10-17 14:00:00,10.25025135722899
2030-10-17 14:15:00,0.0
2030-10-17 14:30:00,0.0
2030-10-17 14:45:00,0.0
2030-10-17 15:00:00,0.0
2030-10-17 15:15:00,0.0
2030-10-17 15:30:00,0.0
2030-10-17 15:45:00,269.52905169862606
2030-10-17 16:00:00,1802.24674351457
2030-10-17 16:15:00,3143.8844289002336
2030-10-17 16:30:00,4117.500156459777
2030-10-17 16:45:00,4791.738362723154
2030-10-17 17:00:00,5200.304626015037
2030-10-17 17:15:00,5148.59336337274
2030-10-17 17:30:00,4962.121036816767
2030-10-17 17:45:00,4797.305152245666
2030-10-17 18:00:00,4601.109831882159
2030-10-17 18:15:00,4427.283036153411
2030-10-17 18:30:00,4368.672882314826
2030-10-17 18:45:00,4284.594244478605
2030-10-17 19:00:00,3883.102945573466
2030-10-17 19:15:00,3529.3198124457867
2030-10-17 19:30:00,3251.347923145124
2030-10-17 19:45:00,2824.358877326955
2030-10-17 20:00:00,2169.20520080407
2030-10-17 20:15:00,1678.392141179851
2030-10-17 20:30:00,1000.1460571002426
2030-10-17 20:45:00,233.04602473054365
2030-10-17 21:00:00,0.0
2030-10-17 21:15:00,0.0
2030-10-17 21:30:00,0.0
2030-10-17 21:45:00,0.0
2030-10-17 22:00:00,0.0
2030-10-17 22:15:00,0.0
2030-10-17 22:30:00,0.0
2030-10-17 22:45:00,0.0
2030-10-17 23:00:00,0.0
2030-10-17 23:15:00,0.0
2030-10-17 23:30:00,0.0
2030-10-17 23:45:00,0.0
2030-10-18 00:00:00,0.0
2030-10-18 00:15:00,0.0
2030-10-18 00:30:00,0.0
2030-10-18 00:45:00,0.0
2030-10-18 01:00:00,0.0
2030-10-18 01:15:00,0.0
2030-10-18 01:30:00,0.0
2030-10-18 01:45:00,0.0
2030-10-18 02:00:00,0.0
2030-10-18 02:15:00,0.0
2030-10-18 02:30:00,0.0
2030-10-18 02:45:00,0.0
2030-10-18 03:00:00,0.0
2030-10-18 03:15:00,0.0
2030-10-18 03:30:00,0.0
2030-10-18 03:45:00,0.0
2030-10-18 04:00:00,0.0
2030-10-18 04:15:00,0.0
2030-10-18 04:30:00,0.0
2030-10-18 04:45:00,0.0
2030-10-18 05:00:00,0.0
2030-10-18 05:15:00,0.0
2030-10-18 05:30:00,0.0
2030-10-18 05:45:00,0.0
2030-10-18 06:00:00,0.0
2030-10-18 06:15:00,0.0
2030-10-18 06:30:00,0.0
2030-10-18 06:45:00,0.0
2030-10-18 07:00:00,0.0
2030-10-18 07:15:00,0.0
2030-10-18 07:30:00,0.0
2030-10-18 07:45:00,0.0
2030-10-18 08:00:00,0.0
2030-10-18 08:15:00,0.0
2030-10-18 08:30:00,0.0
2030-10-18 08:45:00,0.0
2030-10-18 09:00:00,0.0
2030-10-18 09:15:00,0.0
2030-10-18 09:30:00,0.0
2030-10-18 09:45:00,0.0
2030-10-18 10:00:00,0.0
2030-10-18 10:15:00,0.0
2030-10-18 10:30:00,0.0
2030-10-18 10:45:00,0.0
2030-10-18 11:00:00,0.0
2030-10-18 11:15:00,0.0
2030-10-18 11:30:00,0.0
2030-10-18 11:45:00,0.0
2030-10-18 12:00:00,0.0
2030-10-18 12:15:00,0.0
2030-10-18 12:30:00,0.0
2030-10-18 12:45:00,0.0
2030-10-18 13:00:00,0.0
2030-10-18 13:15:00,0.0
2030-10-18 13:30:00,0.0
2030-10-18 13:45:00,0.0
2030-10-18 14:00:00,0.0
2030-10-18 14:15:00,0.0
2030-10-18 14:30:00,0.0
2030-10-18 14:45:00,0.0
2030-10-18 15:00:00,0.0
2030-10-18 15:15:00,0.0
2030-10-18 15:30:00,0.0
2030-10-18 15:45:00,0.0
2030-10-18 16:00:00,0.0
2030-10-18 16:15:00,0.0
2030-10-18 16:30:00,0.0
2030-10-18 16:45:00,0.0
2030-10-18 17:00:00,0.0
2030-10-18 17:15:00,0.0
2030-10-18 17:30:00,2725.1192255281585
2030-10-18 17:45:00,0.0
2030-10-18 18:00:00,0.0
2030-10-18 18:15:00,0.0
2030-10-18 18:30:00,0.0
2030-10-18 18:45:00,0.0
2030-10-18 19:00:00,0.0
2030-10-18 19:15:00,0.0
2030-10-18 19:30:00,0.0
2030-10-18 19:45:00,0.0
2030-10-18 20:00:00,0.0
2030-10-18 20:15:00,0.0
2030-10-18 20:30:00,0.0
2030-10-18 20:45:00,0.0
2030-10-18 21:00:00,0.0
2030-10-18 21:15:00,0.0
2030-10-18 21:30:00,0.0
2030-10-18 21:45:00,0.0
2030-10-18 22:00:00,0.0
2030-10-18 22:15:00,0.0
2030-10-18 22:30:00,0.0
2030-10-18 22:45:00,0.0
2030-10-18 23:00:00,0.0
2030-10-18 23:15:00,0.0
2030-10-18 23:30:00,0.0
2030-10-18 23:45:00,0.0
2030-10-19 00:00:00,0.0
2030-10-19 00:15:00,0.0
2030-10-19 00:30:00,0.0
2030-10-19 00:45:00,0.0
2030-10-19 01:00:00,0.0
2030-10-19 01:15:00,0.0
2030-10-19 01:30:00,0.0
2030-10-19 01:45:00,0.0
2030-10-19 02:00:00,0.0
2030-10-19 02:15:00,0.0
2030-10-19 02:30:00,0.0
2030-10-19 02:45:00,0.0
2030-10-19 03:00:00,0.0
2030-10-19 03:15:00,0.0
2030-10-19 03:30:00,0.0
2030-10-19 03:45:00,0.0
2030-10-19 04:00:00,0.0
2030-10-19 04:15:00,0.0
2030-10-19 04:30:00,0.0
2030-10-19 04:45:00,0.0
2030-10-19 05:00:00,0.0
2030-10-19 05:15:00,0.0
2030-10-19 05:30:00,0.0
2030-10-19 05:45:00,0.0
2030-10-19 06:00:00,0.0
2030-10-19 06:15:00,0.0
2030-10-19 06:30:00,0.0
2030-10-19 06:45:00,0.0
2030-10-19 07:00:00,0.0
2030-10-19 07:15:00,0.0
2030-10-19 07:30:00,0.0
2030-10-19 07:45:00,0.0
2030-10-19 08:00:00,0.0
2030-10-19 08:15:00,0.0
2030-10-19 08:30:00,0.0
2030-10-19 08:45:00,0.0
2030-10-19 09:00:00,0.0
2030-10-19 09:15:00,0.0
2030-10-19 09:30:00,0.0
2030-10-19 09:45:00,0.0
2030-10-19 10:00:00,0.0
2030-10-19 10:15:00,0.0
2030-10-19 10:30:00,0.0
2030-10-19 10:45:00,0.0
2030-10-19 11:00:00,0.0
2030-10-19 11:15:00,0.0
2030-10-19 11:30:00,0.0
2030-10-19 11:45:00,0.0
2030-10-19 12:00:00,0.0
2030-10-19 12:15:00,0.0
2030-10-19 12:30:00,0.0
2030-10-19 12:45:00,0.0
2030-10-19 13:00:00,0.0
2030-10-19 13:15:00,0.0
2030-10-19 13:30:00,0.0
2030-10-19 13:45:00,0.0
2030-10-19 14:00:00,0.0
2030-10-19 14:15:00,0.0
2030-10-19 14:30:00,0.0
2030-10-19 14:45:00,0.0
2030-10-19 15:00:00,0.0
2030-10-19 15:15:00,0.0
2030-10-19 15:30:00,0.0
2030-10-19 15:45:00,0.0
2030-10-19 16:00:00,0.0
2030-10-19 16:15:00,4502.462162236752
2030-10-19 16:30:00,0.0
2030-10-19 16:45:00,0.0
2030-10-19 17:00:00,0.0
2030-10-19 17:15:00,0.0
2030-10-19 17:30:00,0.0
2030-10-19 17:45:00,0.0
2030-10-19 18:00:00,0.0
2030-10-19 18:15:00,0.0
2030-10-19 18:30:00,0.0
2030-10-19 18:45:00,0.0
2030-10-19 19:00:00,0.0
2030-10-19 19:15:00,0.0
2030-10-19 19:30:00,0.0
2030-10-19 19:45:00,0.0
2030-10-19 20:00:00,0.0
2030-10-19 20:15:00,0.0
2030-10-19 20:30:00,0.0
2030-10-19 20:45:00,0.0
2030-10-19 21:00:00,0.0
2030-10-19 21:15:00,0.0
2030-10-19 21:30:00,0.0
2030-10-19 21:45:00,0.0
2030-10-19 22:00:00,0.0
2030-10-19 22:15:00,0.0
2030-10-19 22:30:00,0.0
2030-10-19 22:45:00,0.0
2030-10-19 23:00:00,0.0
2030-10-19 23:15:00,0.0
2030-10-19 23:30:00,0.0
2030-10-19 23:45:00,0.0
2030-10-20 00:00:00,0.0
2030-10-20 00:15:00,0.0
2030-10-20 00:30:00,0.0
2030-10-20 00:45:00,0.0
2030-10-20 01:00:00,0.0
2030-10-20 01:15:00,0.0
2030-10-20 01:30:00,0.0
2030-10-20 01:45:00,0.0
2030-10-20 02:00:00,0.0
2030-10-20 02:15:00,0.0
2030-10-20 02:30:00,0.0
2030-10-20 02:45:00,0.0
2030-10-20 03:00:00,0.0
2030-10-20 03:15:00,0.0
2030-10-20 03:30:00,0.0
2030-10-20 03:45:00,0.0
2030-10-20 04:00:00,0.0
2030-10-20 04:15:00,0.0
2030-10-20 04:30:00,0.0
2030-10-20 04:45:00,0.0
2030-10-20 05:00:00,0.0
2030-10-20 05:15:00,0.0
2030-10-20 05:30:00,0.0
2030-10-20 05:45:00,0.0
2030-10-20 06:00:00,0.0
2030-10-20 06:15:00,0.0
2030-10-20 06:30:00,0.0
2030-10-20 06:45:00,0.0
2030-10-20 07:00:00,0.0
2030-10-20 07:15:00,0.0
2030-10-20 07:30:00,0.0
2030-10-20 07:45:00,0.0
2030-10-20 08:00:00,0.0
2030-10-20 08:15:00,0.0
2030-10-20 08:30:00,0.0
2030-10-20 08:45:00,0.0
2030-10-20 09:00:00,0.0
2030-10-20 09:15:00,0.0
2030-10-20 09:30:00,0.0
2030-10-20 09:45:00,0.0
2030-10-20 10:00:00,0.0
2030-10-20 10:15:00,0.0
2030-10-20 10:30:00,0.0
2030-10-20 10:45:00,0.0
2030-10-20 11:00:00,0.0
2030-10-20 11:15:00,0.0
2030-10-20 11:30:00,0.0
2030-10-20 11:45:00,0.0
2030-10-20 12:00:00,0.0
2030-10-20 12:15:00,0.0
2030-10-20 12:30:00,0.0
2030-10-20 12:45:00,0.0
2030-10-20 13:00:00,0.0
2030-10-20 13:15:00,0.0
2030-10-20 13:30:00,-12138.435962693904
2030-10-20 13:45:00,-15039.1342996536
2030-10-20 14:00:00,-14784.775330748082
2030-10-20 14:15:00,-14732.030046327094
2030-10-20 14:30:00,-14205.263144559558
2030-10-20 14:45:00,-13700.26587312626
2030-10-20 15:00:00,-12395.507503381166
2030-10-20 15:15:00,-11011.173949473356
2030-10-20 15:30:00,-9439.076853739665
2030-10-20 15:45:00,-8009.395091739152
2030-10-20 16:00:00,-6462.781848558228
2030-10-20 16:15:00,-5201.394803546427
2030-10-20 16:30:00,-3956.2334532695895
2030-10-20 16:45:00,-3014.4418593915652
2030-10-20 17:00:00,-1968.7713287213373
2030-10-20 17:15:00,-1607.3370534079295
2030-10-20 17:30:00,-1148.8386283752334
2030-10-20 17:45:00,-694.5171093152712
2030-10-20 18:00:00,-542.6813490449058
2030-10-20 18:15:00,-320.69789738498366
2030-10-20 18:30:00,-92.34251254988703
2030-10-20 18:45:00,0.0
2030-10-20 19:00:00,0.0
2030-10-20 19:15:00,0.0
2030-10-20 19:30:00,0.0
2030-10-20 19:45:00,0.0
2030-10-20 20:00:00,0.0
2030-10-20 20:15:00,-219.56693974263908
2030-10-20 20:30:00,-633.0001895104033
2030-10-20 20:45:00,-481.4902940246866
2030-10-20 21:00:00,0.0
2030-10-20 21:15:00,0.0
2030-10-20 21:30:00,0.0
2030-10-20 21:45:00,-148.96951023466318
2030-10-20 22:00:00,-458.8777866933233
2030-10-20 22:15:00,-832.8994136141991
2030-10-20 22:30:00,-711.4486269114786
2030-10-20 22:45:00,-688.3736543193008
2030-10-20 23:00:00,-743.5857941344875
2030-10-20 23:15:00,-701.4171263591252
2030-10-20 23:30:00,-740.069499538231
2030-10-20 23:45:00,-876.8524743548187
2030-10-21 00:00:00,-865.9120798641015
2030-10-21 00:15:00,-951.2869438799898
2030-10-21 00:30:00,-835.8582122065891
2030-10-21 00:45:00,-545.522082158026
2030-10-21 01:00:00,-343.9632378637707
2030-10-21 01:15:00,-442.64418449732693
2030-10-21 01:30:00,-473.9875299271189
2030-10-21 01:45:00,-600.7026844103002
2030-10-21 02:00:00,-524.9582098109058
2030-10-21 02:15:00,-346.2960649574252
2030-10-21 02:30:00,0.0
2030-10-21 02:45:00,0.0
2030-10-21 03:00:00,0.0
2030-10-21 03:15:00,0.0
2030-10-21 03:30:00,0.0
2030-10-21 03:45:00,0.0
2030-10-21 04:00:00,0.0
2030-10-21 04:15:00,0.0
2030-10-21 04:30:00,0.0
2030-10-21 04:45:00,0.0
2030-10-21 05:00:00,0.0
2030-10-21 05:15:00,0.0
2030-10-21 05:30:00,0.0
2030-10-21 05:45:00,0.0
2030-10-21 06:00:00,0.0
2030-10-21 06:15:00,0.0
2030-10-21 06:30:00,0.0
2030-10-21 06:45:00,0.0
2030-10-21 07:00:00,0.0
2030-10-21 07:15:00,0.0
2030-10-21 07:30:00,0.0
2030-10-21 07:45:00,0.0
2030-10-21 08:00:00,0.0
2030-10-21 08:15:00,0.0
2030-10-21 08:30:00,0.0
2030-10-21 08:45:00,0.0
2030-10-21 09:00:00,0.0
2030-10-21 09:15:00,-3632.9308586613624
2030-10-21 09:30:00,-8794.746102626701
2030-10-21 09:45:00,-9892.654298751215
2030-10-21 10:00:00,-11274.524563434348
2030-10-21 10:15:00,-12110.558492229513
2030-10-21 10:30:00,-13230.031912404236
2030-10-21 10:45:00,-13475.473375551279
2030-10-21 11:00:00,-14203.893957400545
2030-10-21 11:15:00,-14602.726394157253
2030-10-21 11:30:00,-14946.110540872622
2030-10-21 11:45:00,-14819.229306610527
2030-10-21 12:00:00,-15238.74411664261
2030-10-21 12:15:00,-15191.281357689171
2030-10-21 12:30:00,-15279.18095516289
2030-10-21 12:45:00,-15129.278342047903
2030-10-21 13:00:00,-14355.129853851911
2030-10-21 13:15:00,-14270.222254610446
2030-10-21 13:30:00,-14117.345216229482
2030-10-21 13:45:00,-13547.196718788455
2030-10-21 14:00:00,-12122.27840643128
2030-10-21 14:15:00,-11041.780477134755
2030-10-21 14:30:00,-10108.749287465038
2030-10-21 14:45:00,-8909.04134067041
2030-10-21 15:00:00,-7248.4285921411865
2030-10-21 15:15:00,-6057.8180385914275
2030-10-21 15:30:00,-4904.950911413114
2030-10-21 15:45:00,-3180.9633400747625
2030-10-21 16:00:00,-1561.918811597905
2030-10-21 16:15:00,-361.87396626985355
2030-10-21 16:30:00,0.0
2030-10-21 16:45:00,0.0
2030-10-21 17:00:00,0.0
2030-10-21 17:15:00,0.0
2030-10-21 17:30:00,0.0
2030-10-21 17:45:00,0.0
2030-10-21 18:00:00,0.0
2030-10-21 18:15:00,0.0
2030-10-21 18:30:00,0.0
2030-10-21 18:45:00,0.0
2030-10-21 19:00:00,0.0
2030-10-21 19:15:00,0.0
2030-10-21 19:30:00,0.0
2030-10-21 19:45:00,0.0
2030-10-21 20:00:00,0.0
2030-10-21 20:15:00,0.0
2030-10-21 20:30:00,0.0
2030-10-21 20:45:00,0.0
2030-10-21 21:00:00,0.0
2030-10-21 21:15:00,0.0
2030-10-21 21:30:00,0.0
2030-10-21 21:45:00,0.0
2030-10-21 22:00:00,0.0
2030-10-21 22:15:00,0.0
2030-10-21 22:30:00,0.0
2030-10-21 22:45:00,-868.6559958064117
2030-10-21 23:00:00,-3596.6380810308456
2030-10-21 23:15:00,-4043.873182824358
2030-10-21 23:30:00,-4328.6117847810165
2030-10-21 23:45:00,-4580.43106677391
2030-10-22 00:00:00,-4734.391324352084
2030-10-22 00:15:00,-5030.8369277790625
2030-10-22 00:30:00,-5251.354227082224
2030-10-22 00:45:00,-5507.269264437433
2030-10-22 01:00:00,-5861.919946117259
2030-10-22 01:15:00,-6471.929864688082
2030-10-22 01:30:00,-6548.5148416298325
2030-10-22 01:45:00,-6577.597807333697
2030-10-22 02:00:00,-6761.464675009138
2030-10-22 02:15:00,-7009.911845299541
2030-10-22 02:30:00,-7056.772597114175
2030-10-22 02:45:00,-7025.016396583815
2030-10-22 03:00:00,-7077.8256251487655
2030-10-22 03:15:00,-7139.948686609521
2030-10-22 03:30:00,-7177.128678360459
2030-10-22 03:45:00,-7204.527502628032
2030-10-22 04:00:00,-7106.28627602015
2030-10-22 04:15:00,-7378.791895050728
2030-10-22 04:30:00,-7272.7725054843395
2030-10-22 04:45:00,-7319.849191572184
2030-10-22 05:00:00,-7406.085675268263
2030-10-22 05:15:00,-7488.4987185694135
2030-10-22 05:30:00,-7494.480360655627
2030-10-22 05:45:00,-7504.467972588567
2030-10-22 06:00:00,-7353.492083404326
2030-10-22 06:15:00,-7463.311004763185
2030-10-22 06:30:00,-7444.533278300376
2030-10-22 06:45:00,-7395.31796351607
2030-10-22 07:00:00,-7375.172892272096
2030-10-22 07:15:00,-7781.623472283214
2030-10-22 07:30:00,-8188.338539007282
2030-10-22 07:45:00,-8820.633873393781
2030-10-22 08:00:00,-9495.897229019967
2030-10-22 08:15:00,-10305.226848110198
2030-10-22 08:30:00,-10874.513405120138
2030-10-22 08:45:00,-11569.890842023991
2030-10-22 09:00:00,-12061.291054605343
2030-10-22 09:15:00,-12495.154683059838
2030-10-22 09:30:00,-13063.784519441579
2030-10-22 09:45:00,-13375.607764013554
2030-10-22 10:00:00,-13830.132540206963
2030-10-22 10:15:00,-14250.434919970925
2030-10-22 10:30:00,-14425.813258915892
2030-10-22 10:45:00,-14698.011051432633
2030-10-22 11:00:00,-14936.699170488526
2030-10-22 11:15:00,-14920.749051899587
2030-10-22 11:30:00,-14981.518963031453
2030-10-22 11:45:00,-14669.641459622446
2030-10-22 12:00:00,-14172.39228608356
2030-10-22 12:15:00,-14013.721303848328
2030-10-22 12:30:00,-13691.64695701635
2030-10-22 12:45:00,-13510.235201773608
2030-10-22 13:00:00,-13501.36341738994
2030-10-22 13:15:00,-13080.052280348464
2030-10-22 13:30:00,-12215.000290840373
2030-10-22 13:45:00,-11368.97350761374
2030-10-22 14:00:00,-10155.172066210616
2030-10-22 14:15:00,-9145.50391128067
2030-10-22 14:30:00,-8295.083639792781
2030-10-22 14:45:00,-7432.990441827287
2030-10-22 15:00:00,-6172.6747577858405
2030-10-22 15:15:00,-4742.824105769661
2030-10-22 15:30:00,-3169.9845853983315
2030-10-22 15:45:00,-1728.1295917919033
2030-10-22 16:00:00,-384.7327932889475
2030-10-22 16:15:00,0.0
2030-10-22 16:30:00,0.0
2030-10-22 16:45:00,0.0
2030-10-22 17:00:00,0.0
2030-10-22 17:15:00,0.0
2030-10-22 17:30:00,0.0
2030-10-22 17:45:00,0.0
2030-10-22 18:00:00,0.0
2030-10-22 18:15:00,0.0
2030-10-22 18:30:00,0.0
2030-10-22 18:45:00,0.0
2030-10-22 19:00:00,0.0
2030-10-22 19:15:00,0.0
2030-10-22 19:30:00,0.0
2030-10-22 19:45:00,0.0
2030-10-22 20:00:00,0.0
2030-10-22 20:15:00,0.0
2030-10-22 20:30:00,0.0
2030-10-22 20:45:00,0.0
2030-10-22 21:00:00,0.0
2030-10-22 21:15:00,0.0
2030-10-22 21:30:00,0.0
2030-10-22 21:45:00,0.0
2030-10-22 22:00:00,0.0
2030-10-22 22:15:00,0.0
2030-10-22 22:30:00,0.0
2030-10-22 22:45:00,0.0
2030-10-22 23:00:00,0.0
2030-10-22 23:15:00,0.0
2030-10-22 23:30:00,0.0
2030-10-22 23:45:00,0.0
2030-10-23 00:00:00,0.0
2030-10-23 00:15:00,0.0
2030-10-23 00:30:00,0.0
2030-10-23 00:45:00,0.0
2030-10-23 01:00:00,0.0
2030-10-23 01:15:00,0.0
2030-10-23 01:30:00,0.0
2030-10-23 01:45:00,0.0
2030-10-23 02:00:00,0.0
2030-10-23 02:15:00,0.0
2030-10-23 02:30:00,0.0
2030-10-23 02:45:00,0.0
2030-10-23 03:00:00,0.0
2030-10-23 03:15:00,0.0
2030-10-23 03:30:00,0.0
2030-10-23 03:45:00,0.0
2030-10-23 04:00:00,0.0
2030-10-23 04:15:00,0.0
2030-10-23 04:30:00,0.0
2030-10-23 04:45:00,0.0
2030-10-23 05:00:00,0.0
2030-10-23 05:15:00,0.0
2030-10-23 05:30:00,0.0
2030-10-23 05:45:00,0.0
2030-10-23 06:00:00,0.0
2030-10-23 06:15:00,0.0
2030-10-23 06:30:00,0.0
2030-10-23 06:45:00,0.0
2030-10-23 07:00:00,0.0
2030-10-23 07:15:00,0.0
2030-10-23 07:30:00,0.0
2030-10-23 07:45:00,0.0
2030-10-23 08:00:00,0.0
2030-10-23 08:15:00,0.0
2030-10-23 08:30:00,0.0
2030-10-23 08:45:00,0.0
2030-10-23 09:00:00,0.0
2030-10-23 09:15:00,0.0
2030-10-23 09:30:00,0.0
2030-10-23 09:45:00,0.0
2030-10-23 10:00:00,0.0
2030-10-23 10:15:00,0.0
2030-10-23 10:30:00,0.0
2030-10-23 10:45:00,0.0
2030-10-23 11:00:00,0.0
2030-10-23 11:15:00,0.0
2030-10-23 11:30:00,0.0
2030-10-23 11:45:00,0.0
2030-10-23 12:00:00,0.0
2030-10-23 12:15:00,6745.271853939086
2030-10-23 12:30:00,0.0
2030-10-23 12:45:00,0.0
2030-10-23 13:00:00,0.0
2030-10-23 13:15:00,0.0
2030-10-23 13:30:00,0.0
2030-10-23 13:45:00,0.0
2030-10-23 14:00:00,0.0
2030-10-23 14:15:00,0.0
2030-10-23 14:30:00,0.0
2030-10-23 14:45:00,0.0
2030-10-23 15:00:00,0.0
2030-10-23 15:15:00,0.0
2030-10-23 15:30:00,0.0
2030-10-23 15:45:00,0.0
2030-10-23 16:00:00,0.0
2030-10-23 16:15:00,0.0
2030-10-23 16:30:00,0.0
2030-10-23 16:45:00,0.0
2030-10-23 17:00:00,0.0
2030-10-23 17:15:00,0.0
2030-10-23 17:30:00,0.0
2030-10-23 17:45:00,0.0
2030-10-23 18:00:00,0.0
2030-10-23 18:15:00,0.0
2030-10-23 18:30:00,0.0
2030-10-23 18:45:00,0.0
2030-10-23 19:00:00,0.0
2030-10-23 19:15:00,0.0
2030-10-23 19:30:00,0.0
2030-10-23 19:45:00,0.0
2030-10-23 20:00:00,0.0
2030-10-23 20:15:00,0.0
2030-10-23 20:30:00,0.0
2030-10-23 20:45:00,0.0
2030-10-23 21:00:00,0.0
2030-10-23 21:15:00,0.0
2030-10-23 21:30:00,0.0
2030-10-23 21:45:00,0.0
2030-10-23 22:00:00,0.0
2030-10-23 22:15:00,0.0
2030-10-23 22:30:00,0.0
2030-10-23 22:45:00,0.0
2030-10-23 23:00:00,0.0
2030-10-23 23:15:00,0.0
2030-10-23 23:30:00,0.0
2030-10-23 23:45:00,0.0
2030-10-24 00:00:00,0.0
2030-10-24 00:15:00,0.0
2030-10-24 00:30:00,0.0
2030-10-24 00:45:00,0.0
2030-10-24 01:00:00,0.0
2030-10-24 01:15:00,0.0
2030-10-24 01:30:00,0.0
2030-10-24 01:45:00,0.0
2030-10-24 02:00:00,0.0
2030-10-24 02:15:00,0.0
2030-10-24 02:30:00,0.0
2030-10-24 02:45:00,0.0
2030-10-24 03:00:00,0.0
2030-10-24 03:15:00,0.0
2030-10-24 03:30:00,0.0
2030-10-24 03:45:00,0.0
2030-10-24 04:00:00,0.0
2030-10-24 04:15:00,0.0
2030-10-24 04:30:00,0.0
2030-10-24 04:45:00,0.0
2030-10-24 05:00:00,0.0
2030-10-24 05:15:00,566.8868578914353
2030-10-24 05:30:00,0.0
2030-10-24 05:45:00,0.0
2030-10-24 06:00:00,0.0
2030-10-24 06:15:00,0.0
2030-10-24 06:30:00,0.0
2030-10-24 06:45:00,0.0
2030-10-24 07:00:00,0.0
2030-10-24 07:15:00,0.0
2030-10-24 07:30:00,0.0
2030-10-24 07:45:00,0.0
2030-10-24 08:00:00,0.0
2030-10-24 08:15:00,0.0
2030-10-24 08:30:00,0.0
2030-10-24 08:45:00,0.0
2030-10-24 09:00:00,0.0
2030-10-24 09:15:00,0.0
2030-10-24 09:30:00,0.0
2030-10-24 09:45:00,0.0
2030-10-24 10:00:00,0.0
2030-10-24 10:15:00,0.0
2030-10-24 10:30:00,0.0
2030-10-24 10:45:00,0.0
2030-10-24 11:00:00,0.0
2030-10-24 11:15:00,0.0
2030-10-24 11:30:00,0.0
2030-10-24 11:45:00,0.0
2030-10-24 12:00:00,0.0
2030-10-24 12:15:00,0.0
2030-10-24 12:30:00,0.0
2030-10-24 12:45:00,0.0
2030-10-24 13:00:00,0.0
2030-10-24 13:15:00,0.0
2030-10-24 13:30:00,0.0
2030-10-24 13:45:00,0.0
2030-10-24 14:00:00,0.0
2030-10-24 14:15:00,0.0
2030-10-24 14:30:00,0.0
2030-10-24 14:45:00,0.0
2030-10-24 15:00:00,0.0
2030-10-24 15:15:00,0.0
2030-10-24 15:30:00,0.0
2030-10-24 15:45:00,0.0
2030-10-24 16:00:00,0.0
2030-10-24 16:15:00,0.0
2030-10-24 16:30:00,0.0
2030-10-24 16:45:00,0.0
2030-10-24 17:00:00,0.0
2030-10-24 17:15:00,0.0
2030-10-24 17:30:00,0.0
2030-10-24 17:45:00,0.0
2030-10-24 18:00:00,0.0
2030-10-24 18:15:00,0.0
2030-10-24 18:30:00,0.0
2030-10-24 18:45:00,0.0
2030-10-24 19:00:00,0.0
2030-10-24 19:15:00,0.0
2030-10-24 19:30:00,0.0
2030-10-24 19:45:00,0.0
2030-10-24 20:00:00,0.0
2030-10-24 20:15:00,0.0
2030-10-24 20:30:00,0.0
2030-10-24 20:45:00,0.0
2030-10-24 21:00:00,0.0
2030-10-24 21:15:00,0.0
2030-10-24 21:30:00,0.0
2030-10-24 21:45:00,0.0
2030-10-24 22:00:00,0.0
2030-10-24 22:15:00,0.0
2030-10-24 22:30:00,0.0
2030-10-24 22:45:00,0.0
2030-10-24 23:00:00,0.0
2030-10-24 23:15:00,0.0
2030-10-24 23:30:00,0.0
2030-10-24 23:45:00,0.0
2030-10-25 00:00:00,0.0
2030-10-25 00:15:00,0.0
2030-10-25 00:30:00,0.0
2030-10-25 00:45:00,0.0
2030-10-25 01:00:00,0.0
2030-10-25 01:15:00,0.0
2030-10-25 01:30:00,0.0
2030-10-25 01:45:00,0.0
2030-10-25 02:00:00,0.0
2030-10-25 02:15:00,0.0
2030-10-25 02:30:00,0.0
2030-10-25 02:45:00,0.0
2030-10-25 03:00:00,0.0
2030-10-25 03:15:00,0.0
2030-10-25 03:30:00,0.0
2030-10-25 03:45:00,0.0
2030-10-25 04:00:00,0.0
2030-10-25 04:15:00,0.0
2030-10-25 04:30:00,0.0
2030-10-25 04:45:00,0.0
2030-10-25 05:00:00,0.0
2030-10-25 05:15:00,0.0
2030-10-25 05:30:00,0.0
2030-10-25 05:45:00,0.0
2030-10-25 06:00:00,0.0
2030-10-25 06:15:00,0.0
2030-10-25 06:30:00,0.0
2030-10-25 06:45:00,0.0
2030-10-25 07:00:00,0.0
2030-10-25 07:15:00,0.0
2030-10-25 07:30:00,0.0
2030-10-25 07:45:00,0.0
2030-10-25 08:00:00,0.0
2030-10-25 08:15:00,0.0
2030-10-25 08:30:00,0.0
2030-10-25 08:45:00,0.0
2030-10-25 09:00:00,0.0
2030-10-25 09:15:00,0.0
2030-10-25 09:30:00,0.0
2030-10-25 09:45:00,0.0
2030-10-25 10:00:00,0.0
2030-10-25 10:15:00,0.0
2030-10-25 10:30:00,0.0
2030-10-25 10:45:00,0.0
2030-10-25 11:00:00,0.0
2030-10-25 11:15:00,0.0
2030-10-25 11:30:00,0.0
2030-10-25 11:45:00,0.0
2030-10-25 12:00:00,0.0
2030-10-25 12:15:00,0.0
2030-10-25 12:30:00,0.0
2030-10-25 12:45:00,0.0
2030-10-25 13:00:00,0.0
2030-10-25 13:15:00,0.0
2030-10-25 13:30:00,0.0
2030-10-25 13:45:00,0.0
2030-10-25 14:00:00,0.0
2030-10-25 14:15:00,0.0
2030-10-25 14:30:00,0.0
2030-10-25 14:45:00,0.0
2030-10-25 15:00:00,0.0
2030-10-25 15:15:00,0.0
2030-10-25 15:30:00,0.0
2030-10-25 15:45:00,0.0
2030-10-25 16:00:00,0.0
2030-10-25 16:15:00,0.0
2030-10-25 16:30:00,0.0
2030-10-25 16:45:00,0.0
2030-10-25 17:00:00,0.0
2030-10-25 17:15:00,0.0
2030-10-25 17:30:00,0.0
2030-10-25 17:45:00,0.0
2030-10-25 18:00:00,0.0
2030-10-25 18:15:00,0.0
2030-10-25 18:30:00,0.0
2030-10-25 18:45:00,0.0
2030-10-25 19:00:00,0.0
2030-10-25 19:15:00,0.0
2030-10-25 19:30:00,0.0
2030-10-25 19:45:00,0.0
2030-10-25 20:00:00,0.0
2030-10-25 20:15:00,0.0
2030-10-25 20:30:00,0.0
2030-10-25 20:45:00,0.0
2030-10-25 21:00:00,0.0
2030-10-25 21:15:00,0.0
2030-10-25 21:30:00,0.0
2030-10-25 21:45:00,0.0
2030-10-25 22:00:00,0.0
2030-10-25 22:15:00,0.0
2030-10-25 22:30:00,0.0
2030-10-25 22:45:00,0.0
2030-10-25 23:00:00,0.0
2030-10-25 23:15:00,0.0
2030-10-25 23:30:00,0.0
2030-10-25 23:45:00,0.0
2030-10-26 00:00:00,0.0
2030-10-26 00:15:00,0.0
2030-10-26 00:30:00,0.0
2030-10-26 00:45:00,0.0
2030-10-26 01:00:00,0.0
2030-10-26 01:15:00,0.0
2030-10-26 01:30:00,0.0
2030-10-26 01:45:00,0.0
2030-10-26 02:00:00,0.0
2030-10-26 02:15:00,0.0
2030-10-26 02:30:00,0.0
2030-10-26 02:45:00,0.0
2030-10-26 03:00:00,0.0
2030-10-26 03:15:00,0.0
2030-10-26 03:30:00,0.0
2030-10-26 03:45:00,0.0
2030-10-26 04:00:00,0.0
2030-10-26 04:15:00,0.0
2030-10-26 04:30:00,0.0
2030-10-26 04:45:00,0.0
2030-10-26 05:00:00,0.0
2030-10-26 05:15:00,0.0
2030-10-26 05:30:00,0.0
2030-10-26 05:45:00,0.0
2030-10-26 06:00:00,0.0
2030-10-26 06:15:00,0.0
2030-10-26 06:30:00,0.0
2030-10-26 06:45:00,0.0
2030-10-26 07:00:00,0.0
2030-10-26 07:15:00,0.0
2030-10-26 07:30:00,0.0
2030-10-26 07:45:00,0.0
2030-10-26 08:00:00,0.0
2030-10-26 08:15:00,0.0
2030-10-26 08:30:00,0.0
2030-10-26 08:45:00,0.0
2030-10-26 09:00:00,0.0
2030-10-26 09:15:00,0.0
2030-10-26 09:30:00,0.0
2030-10-26 09:45:00,0.0
2030-10-26 10:00:00,0.0
2030-10-26 10:15:00,0.0
2030-10-26 10:30:00,0.0
2030-10-26 10:45:00,0.0
2030-10-26 11:00:00,0.0
2030-10-26 11:15:00,0.0
2030-10-26 11:30:00,0.0
2030-10-26 11:45:00,0.0
2030-10-26 12:00:00,0.0
2030-10-26 12:15:00,0.0
2030-10-26 12:30:00,0.0
2030-10-26 12:45:00,0.0
2030-10-26 13:00:00,0.0
2030-10-26 13:15:00,0.0
2030-10-26 13:30:00,0.0
2030-10-26 13:45:00,0.0
2030-10-26 14:00:00,0.0
2030-10-26 14:15:00,0.0
2030-10-26 14:30:00,0.0
2030-10-26 14:45:00,0.0
2030-10-26 15:00:00,0.0
2030-10-26 15:15:00,0.0
2030-10-26 15:30:00,0.0
2030-10-26 15:45:00,0.0
2030-10-26 16:00:00,0.0
2030-10-26 16:15:00,0.0
2030-10-26 16:30:00,0.0
2030-10-26 16:45:00,0.0
2030-10-26 17:00:00,0.0
2030-10-26 17:15:00,0.0
2030-10-26 17:30:00,0.0
2030-10-26 17:45:00,0.0
2030-10-26 18:00:00,0.0
2030-10-26 18:15:00,0.0
2030-10-26 18:30:00,197.9902753120041
2030-10-26 18:45:00,347.38778229729724
2030-10-26 19:00:00,0.0
2030-10-26 19:15:00,0.0
2030-10-26 19:30:00,0.0
2030-10-26 19:45:00,0.0
2030-10-26 20:00:00,0.0
2030-10-26 20:15:00,0.0
2030-10-26 20:30:00,0.0
2030-10-26 20:45:00,0.0
2030-10-26 21:00:00,0.0
2030-10-26 21:15:00,0.0
2030-10-26 21:30:00,0.0
2030-10-26 21:45:00,0.0
2030-10-26 22:00:00,0.0
2030-10-26 22:15:00,0.0
2030-10-26 22:30:00,0.0
2030-10-26 22:45:00,0.0
2030-10-26 23:00:00,0.0
2030-10-26 23:15:00,0.0
2030-10-26 23:30:00,0.0
2030-10-26 23:45:00,0.0
2030-10-27 00:00:00,0.0
2030-10-27 00:15:00,0.0
2030-10-27 00:30:00,0.0
2030-10-27 00:45:00,0.0
2030-10-27 01:00:00,0.0
2030-10-27 01:15:00,0.0
2030-10-27 01:30:00,0.0
2030-10-27 01:45:00,0.0
2030-10-27 02:00:00,0.0
2030-10-27 02:15:00,0.0
2030-10-27 02:30:00,0.0
2030-10-27 02:45:00,0.0
2030-10-27 03:00:00,0.0
2030-10-27 03:15:00,0.0
2030-10-27 03:30:00,0.0
2030-10-27 03:45:00,0.0
2030-10-27 04:00:00,0.0
2030-10-27 04:15:00,0.0
2030-10-27 04:30:00,0.0
2030-10-27 04:45:00,0.0
2030-10-27 05:00:00,0.0
2030-10-27 05:15:00,0.0
2030-10-27 05:30:00,0.0
2030-10-27 05:45:00,0.0
2030-10-27 06:00:00,0.0
2030-10-27 06:15:00,0.0
2030-10-27 06:30:00,0.0
2030-10-27 06:45:00,0.0
2030-10-27 07:00:00,0.0
2030-10-27 07:15:00,0.0
2030-10-27 07:30:00,0.0
2030-10-27 07:45:00,0.0
2030-10-27 08:00:00,0.0
2030-10-27 08:15:00,0.0
2030-10-27 08:30:00,0.0
2030-10-27 08:45:00,0.0
2030-10-27 09:00:00,0.0
2030-10-27 09:15:00,0.0
2030-10-27 09:30:00,0.0
2030-10-27 09:45:00,0.0
2030-10-27 10:00:00,0.0
2030-10-27 10:15:00,0.0
2030-10-27 10:30:00,0.0
2030-10-27 10:45:00,0.0
2030-10-27 11:00:00,0.0
2030-10-27 11:15:00,0.0
2030-10-27 11:30:00,0.0
2030-10-27 11:45:00,0.0
2030-10-27 12:00:00,0.0
2030-10-27 12:15:00,0.0
2030-10-27 12:30:00,0.0
2030-10-27 12:45:00,0.0
2030-10-27 13:00:00,0.0
2030-10-27 13:15:00,0.0
2030-10-27 13:30:00,0.0
2030-10-27 13:45:00,0.0
2030-10-27 14:00:00,0.0
2030-10-27 14:15:00,0.0
2030-10-27 14:30:00,0.0
2030-10-27 14:45:00,0.0
2030-10-27 15:00:00,0.0
2030-10-27 15:15:00,0.0
2030-10-27 15:30:00,0.0
2030-10-27 15:45:00,0.0
2030-10-27 16:00:00,0.0
2030-10-27 16:15:00,0.0
2030-10-27 16:30:00,0.0
2030-10-27 16:45:00,0.0
2030-10-27 17:00:00,0.0
2030-10-27 17:15:00,0.0
2030-10-27 17:30:00,0.0
2030-10-27 17:45:00,0.0
2030-10-27 18:00:00,0.0
2030-10-27 18:15:00,0.0
2030-10-27 18:30:00,0.0
2030-10-27 18:45:00,0.0
2030-10-27 19:00:00,0.0
2030-10-27 19:15:00,0.0
2030-10-27 19:30:00,0.0
2030-10-27 19:45:00,0.0
2030-10-27 20:00:00,0.0
2030-10-27 20:15:00,0.0
2030-10-27 20:30:00,0.0
2030-10-27 20:45:00,0.0
2030-10-27 21:00:00,0.0
2030-10-27 21:15:00,0.0
2030-10-27 21:30:00,0.0
2030-10-27 21:45:00,0.0
2030-10-27 22:00:00,0.0
2030-10-27 22:15:00,0.0
2030-10-27 22:30:00,0.0
2030-10-27 22:45:00,0.0
2030-10-27 23:00:00,0.0
2030-10-27 23:15:00,0.0
2030-10-27 23:30:00,0.0
2030-10-27 23:45:00,0.0
2030-10-28 00:00:00,0.0
2030-10-28 00:15:00,0.0
2030-10-28 00:30:00,0.0
2030-10-28 00:45:00,0.0
2030-10-28 01:00:00,0.0
2030-10-28 01:15:00,0.0
2030-10-28 01:30:00,0.0
2030-10-28 01:45:00,0.0
2030-10-28 02:00:00,0.0
2030-10-28 02:15:00,0.0
2030-10-28 02:30:00,0.0
2030-10-28 02:45:00,0.0
2030-10-28 03:00:00,0.0
2030-10-28 03:15:00,0.0
2030-10-28 03:30:00,0.0
2030-10-28 03:45:00,0.0
2030-10-28 04:00:00,0.0
2030-10-28 04:15:00,0.0
2030-10-28 04:30:00,0.0
2030-10-28 04:45:00,0.0
2030-10-28 05:00:00,0.0
2030-10-28 05:15:00,0.0
2030-10-28 05:30:00,0.0
2030-10-28 05:45:00,0.0
2030-10-28 06:00:00,0.0
2030-10-28 06:15:00,0.0
2030-10-28 06:30:00,0.0
2030-10-28 06:45:00,0.0
2030-10-28 07:00:00,0.0
2030-10-28 07:15:00,0.0
2030-10-28 07:30:00,0.0
2030-10-28 07:45:00,0.0
2030-10-28 08:00:00,0.0
2030-10-28 08:15:00,0.0
2030-10-28 08:30:00,0.0
2030-10-28 08:45:00,0.0
2030-10-28 09:00:00,0.0
2030-10-28 09:15:00,0.0
2030-10-28 09:30:00,0.0
2030-10-28 09:45:00,0.0
2030-10-28 10:00:00,0.0
2030-10-28 10:15:00,0.0
2030-10-28 10:30:00,0.0
2030-10-28 10:45:00,0.0
2030-10-28 11:00:00,0.0
2030-10-28 11:15:00,0.0
2030-10-28 11:30:00,0.0
2030-10-28 11:45:00,0.0
2030-10-28 12:00:00,0.0
2030-10-28 12:15:00,0.0
2030-10-28 12:30:00,0.0
2030-10-28 12:45:00,0.0
2030-10-28 13:00:00,0.0
2030-10-28 13:15:00,0.0
2030-10-28 13:30:00,0.0
2030-10-28 13:45:00,0.0
2030-10-28 14:00:00,0.0
2030-10-28 14:15:00,0.0
2030-10-28 14:30:00,0.0
2030-10-28 14:45:00,0.0
2030-10-28 15:00:00,0.0
2030-10-28 15:15:00,0.0
2030-10-28 15:30:00,0.0
2030-10-28 15:45:00,0.0
2030-10-28 16:00:00,0.0
2030-10-28 16:15:00,0.0
2030-10-28 16:30:00,0.0
2030-10-28 16:45:00,0.0
2030-10-28 17:00:00,0.0
2030-10-28 17:15:00,0.0
2030-10-28 17:30:00,0.0
2030-10-28 17:45:00,0.0
2030-10-28 18:00:00,3902.6678537862354
2030-10-28 18:15:00,0.0
2030-10-28 18:30:00,0.0
2030-10-28 18:45:00,0.0
2030-10-28 19:00:00,0.0
2030-10-28 19:15:00,0.0
2030-10-28 19:30:00,0.0
2030-10-28 19:45:00,0.0
2030-10-28 20:00:00,0.0
2030-10-28 20:15:00,0.0
2030-10-28 20:30:00,0.0
2030-10-28 20:45:00,0.0
2030-10-28 21:00:00,0.0
2030-10-28 21:15:00,0.0
2030-10-28 21:30:00,0.0
2030-10-28 21:45:00,0.0
2030-10-28 22:00:00,0.0
2030-10-28 22:15:00,0.0
2030-10-28 22:30:00,0.0
2030-10-28 22:45:00,0.0
2030-10-28 23:00:00,0.0
2030-10-28 23:15:00,0.0
2030-10-28 23:30:00,0.0
2030-10-28 23:45:00,0.0
2030-10-29 00:00:00,0.0
2030-10-29 00:15:00,0.0
2030-10-29 00:30:00,0.0
2030-10-29 00:45:00,0.0
2030-10-29 01:00:00,0.0
2030-10-29 01:15:00,0.0
2030-10-29 01:30:00,0.0
2030-10-29 01:45:00,0.0
2030-10-29 02:00:00,0.0
2030-10-29 02:15:00,0.0
2030-10-29 02:30:00,0.0
2030-10-29 02:45:00,0.0
2030-10-29 03:00:00,0.0
2030-10-29 03:15:00,0.0
2030-10-29 03:30:00,0.0
2030-10-29 03:45:00,0.0
2030-10-29 04:00:00,0.0
2030-10-29 04:15:00,0.0
2030-10-29 04:30:00,0.0
2030-10-29 04:45:00,0.0
2030-10-29 05:00:00,0.0
2030-10-29 05:15:00,0.0
2030-10-29 05:30:00,0.0
2030-10-29 05:45:00,0.0
2030-10-29 06:00:00,0.0
2030-10-29 06:15:00,0.0
2030-10-29 06:30:00,0.0
2030-10-29 06:45:00,0.0
2030-10-29 07:00:00,0.0
2030-10-29 07:15:00,0.0
2030-10-29 07:30:00,0.0
2030-10-29 07:45:00,0.0
2030-10-29 08:00:00,0.0
2030-10-29 08:15:00,0.0
2030-10-29 08:30:00,0.0
2030-10-29 08:45:00,0.0
2030-10-29 09:00:00,0.0
2030-10-29 09:15:00,0.0
2030-10-29 09:30:00,0.0
2030-10-29 09:45:00,0.0
2030-10-29 10:00:00,0.0
2030-10-29 10:15:00,0.0
2030-10-29 10:30:00,0.0
2030-10-29 10:45:00,0.0
2030-10-29 11:00:00,0.0
2030-10-29 11:15:00,0.0
2030-10-29 11:30:00,0.0
2030-10-29 11:45:00,0.0
2030-10-29 12:00:00,0.0
2030-10-29 12:15:00,0.0
2030-10-29 12:30:00,0.0
2030-10-29 12:45:00,0.0
2030-10-29 13:00:00,0.0
2030-10-29 13:15:00,0.0
2030-10-29 13:30:00,0.0
2030-10-29 13:45:00,-2731.62733046844
2030-10-29 14:00:00,-5862.933200414758
2030-10-29 14:15:00,-5584.78148398787
2030-10-29 14:30:00,-5089.092408039465
2030-10-29 14:45:00,-4687.211990409673
2030-10-29 15:00:00,-3843.4187162703856
2030-10-29 15:15:00,-3430.2964516747707
2030-10-29 15:30:00,-3752.5276988130245
2030-10-29 15:45:00,-3847.49806364458
2030-10-29 16:00:00,-3518.934405377524
2030-10-29 16:15:00,-3360.204231429565
2030-10-29 16:30:00,-3242.4548831356733
2030-10-29 16:45:00,-3113.674911981645
2030-10-29 17:00:00,-3123.6686456611023
2030-10-29 17:15:00,-3020.712902936779
2030-10-29 17:30:00,-2546.889732951604
2030-10-29 17:45:00,-2507.448890772379
2030-10-29 18:00:00,-2610.6076300185014
2030-10-29 18:15:00,-2869.6229689549837
2030-10-29 18:30:00,-3119.074194790486
2030-10-29 18:45:00,-3191.682276874755
2030-10-29 19:00:00,-3755.017856452214
2030-10-29 19:15:00,-4606.3367390737985
2030-10-29 19:30:00,-5280.89581026735
2030-10-29 19:45:00,-5858.072349224061
2030-10-29 20:00:00,-6569.120489855501
2030-10-29 20:15:00,-7095.707941870543
2030-10-29 20:30:00,-7361.941392007291
2030-10-29 20:45:00,-7355.022708690707
2030-10-29 21:00:00,-7508.504654684111
2030-10-29 21:15:00,-7632.699991256784
2030-10-29 21:30:00,-7881.641872580549
2030-10-29 21:45:00,-8127.37800601868
2030-10-29 22:00:00,-7743.051058079825
2030-10-29 22:15:00,-7847.949977366548
2030-10-29 22:30:00,-8270.123051014236
2030-10-29 22:45:00,-8591.3341129251
2030-10-29 23:00:00,-8415.456497188407
2030-10-29 23:15:00,-8240.084499419989
2030-10-29 23:30:00,-8329.279707818361
2030-10-29 23:45:00,-8518.616485936009
2030-10-30 00:00:00,-8353.461101528534
2030-10-30 00:15:00,-8629.76621073085
2030-10-30 00:30:00,-8571.343119956146
2030-10-30 00:45:00,-8463.88110089508
2030-10-30 01:00:00,-8721.284991200117
2030-10-30 01:15:00,-8630.438407497046
2030-10-30 01:30:00,-8414.566896125583
2030-10-30 01:45:00,-7918.581899915394
2030-10-30 02:00:00,-7694.304028420032
2030-10-30 02:15:00,-7427.75684979397
2030-10-30 02:30:00,-7313.507141950258
2030-10-30 02:45:00,-7148.531570049767
2030-10-30 03:00:00,-6904.680949548016
2030-10-30 03:15:00,-6751.511762892018
2030-10-30 03:30:00,-6636.140909568285
2030-10-30 03:45:00,-6574.178339790744
2030-10-30 04:00:00,-6284.676104805601
2030-10-30 04:15:00,-6031.127864005257
2030-10-30 04:30:00,-5822.277764580031
2030-10-30 04:45:00,-5322.439066232149
2030-10-30 05:00:00,-4649.007452184869
2030-10-30 05:15:00,-4337.356259272539
2030-10-30 05:30:00,-4052.4631650392876
2030-10-30 05:45:00,-3452.857096503474
2030-10-30 06:00:00,-2369.2177501001606
2030-10-30 06:15:00,-1707.8039790986622
2030-10-30 06:30:00,-1086.9914849436245
2030-10-30 06:45:00,-678.3491597726716
2030-10-30 07:00:00,-62.13472838560119
2030-10-30 07:15:00,-82.32065772344504
2030-10-30 07:30:00,-342.3004691639653
2030-10-30 07:45:00,-313.6142814275954
2030-10-30 08:00:00,-287.78924242541325
2030-10-30 08:15:00,-394.9597753244525
2030-10-30 08:30:00,-614.4297153054649
2030-10-30 08:45:00,-1028.6858918665566
2030-10-30 09:00:00,-1840.0205574998508
2030-10-30 09:15:00,-2416.600360946184
2030-10-30 09:30:00,-3286.2881768097322
2030-10-30 09:45:00,-3613.253510992108
2030-10-30 10:00:00,-3883.129154428556
2030-10-30 10:15:00,-3989.82534118064
2030-10-30 10:30:00,-3941.2078040750384
2030-10-30 10:45:00,-3839.8076869911783
2030-10-30 11:00:00,-3566.2223127854377
2030-10-30 11:15:00,-3130.3174250542215
2030-10-30 11:30:00,-3020.3401897552976
2030-10-30 11:45:00,-2433.766272458379
2030-10-30 12:00:00,-2073.151524528006
2030-10-30 12:15:00,-1482.1094255336902
2030-10-30 12:30:00,-1048.3202730445373
2030-10-30 12:45:00,-352.51051185724646
2030-10-30 13:00:00,0.0
2030-10-30 13:15:00,0.0
2030-10-30 13:30:00,0.0
2030-10-30 13:45:00,0.0
2030-10-30 14:00:00,0.0
2030-10-30 14:15:00,0.0
2030-10-30 14:30:00,0.0
2030-10-30 14:45:00,0.0
2030-10-30 15:00:00,0.0
2030-10-30 15:15:00,0.0
2030-10-30 15:30:00,0.0
2030-10-30 15:45:00,0.0
2030-10-30 16:00:00,0.0
2030-10-30 16:15:00,0.0
2030-10-30 16:30:00,0.0
2030-10-30 16:45:00,0.0
2030-10-30 17:00:00,0.0
2030-10-30 17:15:00,0.0
2030-10-30 17:30:00,0.0
2030-10-30 17:45:00,0.0
2030-10-30 18:00:00,0.0
2030-10-30 18:15:00,0.0
2030-10-30 18:30:00,0.0
2030-10-30 18:45:00,0.0
2030-10-30 19:00:00,0.0
2030-10-30 19:15:00,0.0
2030-10-30 19:30:00,0.0
2030-10-30 19:45:00,0.0
2030-10-30 20:00:00,0.0
2030-10-30 20:15:00,0.0
2030-10-30 20:30:00,0.0
2030-10-30 20:45:00,0.0
2030-10-30 21:00:00,0.0
2030-10-30 21:15:00,0.0
2030-10-30 21:30:00,0.0
2030-10-30 21:45:00,0.0
2030-10-30 22:00:00,0.0
2030-10-30 22:15:00,0.0
2030-10-30 22:30:00,0.0
2030-10-30 22:45:00,0.0
2030-10-30 23:00:00,0.0
2030-10-30 23:15:00,0.0
2030-10-30 23:30:00,0.0
2030-10-30 23:45:00,0.0
2030-10-31 00:00:00,0.0
2030-10-31 00:15:00,0.0
2030-10-31 00:30:00,0.0
2030-10-31 00:45:00,0.0
2030-10-31 01:00:00,0.0
2030-10-31 01:15:00,0.0
2030-10-31 01:30:00,0.0
2030-10-31 01:45:00,0.0
2030-10-31 02:00:00,0.0
2030-10-31 02:15:00,4998.193567676371
2030-10-31 02:30:00,0.0
2030-10-31 02:45:00,0.0
2030-10-31 03:00:00,0.0
2030-10-31 03:15:00,0.0
2030-10-31 03:30:00,0.0
2030-10-31 03:45:00,0.0
2030-10-31 04:00:00,0.0
2030-10-31 04:15:00,0.0
2030-10-31 04:30:00,0.0
2030-10-31 04:45:00,0.0
2030-10-31 05:00:00,0.0
2030-10-31 05:15:00,0.0
2030-10-31 05:30:00,0.0
2030-10-31 05:45:00,0.0
2030-10-31 06:00:00,0.0
2030-10-31 06:15:00,0.0
2030-10-31 06:30:00,0.0
2030-10-31 06:45:00,0.0
2030-10-31 07:00:00,0.0
2030-10-31 07:15:00,0.0
2030-10-31 07:30:00,0.0
2030-10-31 07:45:00,0.0
2030-10-31 08:00:00,0.0
2030-10-31 08:15:00,0.0
2030-10-31 08:30:00,0.0
2030-10-31 08:45:00,0.0
2030-10-31 09:00:00,0.0
2030-10-31 09:15:00,0.0
2030-10-31 09:30:00,0.0
2030-10-31 09:45:00,0.0
2030-10-31 10:00:00,0.0
2030-10-31 10:15:00,0.0
2030-10-31 10:30:00,0.0
2030-10-31 10:45:00,0.0
2030-10-31 11:00:00,0.0
2030-10-31 11:15:00,0.0
2030-10-31 11:30:00,0.0
2030-10-31 11:45:00,0.0
2030-10-31 12:00:00,0.0
2030-10-31 12:15:00,0.0
2030-10-31 12:30:00,0.0
2030-10-31 12:45:00,0.0
2030-10-31 13:00:00,0.0
2030-10-31 13:15:00,0.0
2030-10-31 13:30:00,0.0
2030-10-31 13:45:00,0.0
2030-10-31 14:00:00,0.0
2030-10-31 14:15:00,0.0
2030-10-31 14:30:00,0.0
2030-10-31 14:45:00,0.0
2030-10-31 15:00:00,0.0
2030-10-31 15:15:00,0.0
2030-10-31 15:30:00,0.0
2030-10-31 15:45:00,0.0
2030-10-31 16:00:00,0.0
2030-10-31 16:15:00,0.0
2030-10-31 16:30:00,0.0
2030-10-31 16:45:00,0.0
2030-10-31 17:00:00,0.0
2030-10-31 17:15:00,0.0
2030-10-31 17:30:00,0.0
2030-10-31 17:45:00,0.0
2030-10-31 18:00:00,0.0
2030-10-31 18:15:00,0.0
2030-10-31 18:30:00,0.0
2030-10-31 18:45:00,0.0
2030-10-31 19:00:00,0.0
2030-10-31 19:15:00,0.0
2030-10-31 19:30:00,0.0
2030-10-31 19:45:00,0.0
2030-10-31 20:00:00,0.0
2030-10-31 20:15:00,0.0
2030-10-31 20:30:00,0.0
2030-10-31 20:45:00,0.0
2030-10-31 21:00:00,0.0
2030-10-31 21:15:00,0.0
2030-10-31 21:30:00,0.0
2030-10-31 21:45:00,0.0
2030-10-31 22:00:00,0.0
2030-10-31 22:15:00,0.0
2030-10-31 22:30:00,0.0
2030-10-31 22:45:00,0.0
2030-10-31 23:00:00,0.0
2030-10-31 23:15:00,0.0
2030-10-31 23:30:00,0.0
2030-10-31 23:45:00,0.0
2030-11-01 00:00:00,0.0
2030-11-01 00:15:00,0.0
2030-11-01 00:30:00,0.0
2030-11-01 00:45:00,0.0
2030-11-01 01:00:00,0.0
2030-11-01 01:15:00,0.0
2030-11-01 01:30:00,0.0
2030-11-01 01:45:00,0.0
2030-11-01 02:00:00,0.0
2030-11-01 02:15:00,0.0
2030-11-01 02:30:00,0.0
2030-11-01 02:45:00,0.0
2030-11-01 03:00:00,0.0
2030-11-01 03:15:00,0.0
2030-11-01 03:30:00,0.0
2030-11-01 03:45:00,0.0
2030-11-01 04:00:00,0.0
2030-11-01 04:15:00,0.0
2030-11-01 04:30:00,0.0
2030-11-01 04:45:00,0.0
2030-11-01 05:00:00,0.0
2030-11-01 05:15:00,0.0
2030-11-01 05:30:00,0.0
2030-11-01 05:45:00,0.0
2030-11-01 06:00:00,0.0
2030-11-01 06:15:00,0.0
2030-11-01 06:30:00,0.0
2030-11-01 06:45:00,0.0
2030-11-01 07:00:00,0.0
2030-11-01 07:15:00,0.0
2030-11-01 07:30:00,0.0
2030-11-01 07:45:00,0.0
2030-11-01 08:00:00,0.0
2030-11-01 08:15:00,0.0
2030-11-01 08:30:00,0.0
2030-11-01 08:45:00,0.0
2030-11-01 09:00:00,0.0
2030-11-01 09:15:00,0.0
2030-11-01 09:30:00,0.0
2030-11-01 09:45:00,0.0
2030-11-01 10:00:00,0.0
2030-11-01 10:15:00,0.0
2030-11-01 10:30:00,0.0
2030-11-01 10:45:00,0.0
2030-11-01 11:00:00,0.0
2030-11-01 11:15:00,0.0
2030-11-01 11:30:00,0.0
2030-11-01 11:45:00,0.0
2030-11-01 12:00:00,0.0
2030-11-01 12:15:00,0.0
2030-11-01 12:30:00,0.0
2030-11-01 12:45:00,0.0
2030-11-01 13:00:00,0.0
2030-11-01 13:15:00,0.0
2030-11-01 13:30:00,0.0
2030-11-01 13:45:00,0.0
2030-11-01 14:00:00,0.0
2030-11-01 14:15:00,0.0
2030-11-01 14:30:00,0.0
2030-11-01 14:45:00,0.0
2030-11-01 15:00:00,0.0
2030-11-01 15:15:00,0.0
2030-11-01 15:30:00,0.0
2030-11-01 15:45:00,0.0
2030-11-01 16:00:00,0.0
2030-11-01 16:15:00,0.0
2030-11-01 16:30:00,0.0
2030-11-01 16:45:00,0.0
2030-11-01 17:00:00,0.0
2030-11-01 17:15:00,0.0
2030-11-01 17:30:00,0.0
2030-11-01 17:45:00,0.0
2030-11-01 18:00:00,0.0
2030-11-01 18:15:00,0.0
2030-11-01 18:30:00,0.0
2030-11-01 18:45:00,0.0
2030-11-01 19:00:00,0.0
2030-11-01 19:15:00,0.0
2030-11-01 19:30:00,0.0
2030-11-01 19:45:00,0.0
2030-11-01 20:00:00,0.0
2030-11-01 20:15:00,0.0
2030-11-01 20:30:00,0.0
2030-11-01 20:45:00,0.0
2030-11-01 21:00:00,0.0
2030-11-01 21:15:00,0.0
2030-11-01 21:30:00,0.0
2030-11-01 21:45:00,0.0
2030-11-01 22:00:00,0.0
2030-11-01 22:15:00,0.0
2030-11-01 22:30:00,-4912.847931026925
2030-11-01 22:45:00,-6720.5167529861865
2030-11-01 23:00:00,-6853.320709971551
2030-11-01 23:15:00,-6995.00020145519
2030-11-01 23:30:00,-7078.35506101546
2030-11-01 23:45:00,-7089.486265503952
2030-11-02 00:00:00,-7055.074827948782
2030-11-02 00:15:00,-7163.635299001515
2030-11-02 00:30:00,-7026.399196632745
2030-11-02 00:45:00,-6832.697257734368
2030-11-02 01:00:00,-6862.893813855655
2030-11-02 01:15:00,-6779.292077934399
2030-11-02 01:30:00,-6729.195629052012
2030-11-02 01:45:00,-6733.435020274212
2030-11-02 02:00:00,-6824.146368672058
2030-11-02 02:15:00,-6766.192665037384
2030-11-02 02:30:00,-6663.062960263289
2030-11-02 02:45:00,-6707.570029732751
2030-11-02 03:00:00,-6877.807657275911
2030-11-02 03:15:00,-6965.413462819932
2030-11-02 03:30:00,-6893.6373784143925
2030-11-02 03:45:00,-6983.427259659442
2030-11-02 04:00:00,-7043.508096418205
2030-11-02 04:15:00,-6951.087056821698
2030-11-02 04:30:00,-6923.414957873847
2030-11-02 04:45:00,-6928.712038586951
2030-11-02 05:00:00,-6618.3356734514
2030-11-02 05:15:00,-6715.561227852184
2030-11-02 05:30:00,-6581.735914894001
2030-11-02 05:45:00,-6039.741530388317
2030-11-02 06:00:00,-5475.819641810835
2030-11-02 06:15:00,-5480.7275073168385
2030-11-02 06:30:00,-5716.186319999524
2030-11-02 06:45:00,-5374.951292868034
2030-11-02 07:00:00,-5140.682457168692
2030-11-02 07:15:00,-5342.477520743487
2030-11-02 07:30:00,-5718.198464216333
2030-11-02 07:45:00,-5989.331486447016
2030-11-02 08:00:00,-6422.155876042481
2030-11-02 08:15:00,-7119.967673995481
2030-11-02 08:30:00,-7768.523660925908
2030-11-02 08:45:00,-8720.576755148937
2030-11-02 09:00:00,-9977.13272890453
2030-11-02 09:15:00,-11049.795265199398
2030-11-02 09:30:00,-11995.171793717702
2030-11-02 09:45:00,-12641.962846585444
2030-11-02 10:00:00,-13528.911953550327
2030-11-02 10:15:00,-14006.915949246115
2030-11-02 10:30:00,-14618.766593102715
2030-11-02 10:45:00,-14635.38110582418
2030-11-02 11:00:00,-14747.051422651719
2030-11-02 11:15:00,-15240.593806918569
2030-11-02 11:30:00,-15574.162362481558
2030-11-02 11:45:00,-16036.64393432103
2030-11-02 12:00:00,-16286.902045509709
2030-11-02 12:15:00,-16225.93502737371
2030-11-02 12:30:00,-15676.806498854978
2030-11-02 12:45:00,-14897.558910819651
2030-11-02 13:00:00,-14567.99898745315
2030-11-02 13:15:00,-13725.107915543416
2030-11-02 13:30:00,-13144.557122273098
2030-11-02 13:45:00,-12680.460913956304
2030-11-02 14:00:00,-12054.813081427666
2030-11-02 14:15:00,-11031.001005771326
2030-11-02 14:30:00,-10091.062298977577
2030-11-02 14:45:00,-9263.0586009486
2030-11-02 15:00:00,-8075.368185994066
2030-11-02 15:15:00,-7190.217788670452
2030-11-02 15:30:00,-6578.384165605708
2030-11-02 15:45:00,-6062.275601942947
2030-11-02 16:00:00,-5261.881966576457
2030-11-02 16:15:00,-5086.642245187737
2030-11-02 16:30:00,-5177.299308149799
2030-11-02 16:45:00,-4812.971835298791
2030-11-02 17:00:00,-4603.67275682959
2030-11-02 17:15:00,-4701.427301375046
2030-11-02 17:30:00,-4551.549125226964
2030-11-02 17:45:00,-4641.7740547687645
2030-11-02 18:00:00,-4399.422625163239
2030-11-02 18:15:00,-4564.155197173532
2030-11-02 18:30:00,-4622.151650807347
2030-11-02 18:45:00,-4556.289192023829
2030-11-02 19:00:00,-4524.531671188222
2030-11-02 19:15:00,-4599.78984930757
2030-11-02 19:30:00,-4621.267087881399
2030-11-02 19:45:00,-4482.717858892636
2030-11-02 20:00:00,-4489.2932904236695
2030-11-02 20:15:00,-4428.973907659358
2030-11-02 20:30:00,-4536.219061526797
2030-11-02 20:45:00,-4988.566725622528
2030-11-02 21:00:00,-5116.475280391602
2030-11-02 21:15:00,-5059.096992792478
2030-11-02 21:30:00,-5127.723340313423
2030-11-02 21:45:00,-5315.21859911938
2030-11-02 22:00:00,-5152.721432478927
2030-11-02 22:15:00,-5489.037081594419
2030-11-02 22:30:00,-5516.137258713356
2030-11-02 22:45:00,-5487.731450156149
2030-11-02 23:00:00,-5650.524166927888
2030-11-02 23:15:00,-5768.407033669533
2030-11-02 23:30:00,-5881.693500402853
2030-11-02 23:45:00,-6109.502166929709
2030-11-03 00:00:00,-6845.418648934978
2030-11-03 00:15:00,-7208.974760065941
2030-11-03 00:30:00,-7211.6598735071275
2030-11-03 00:45:00,-7066.738140176114
2030-11-03 01:00:00,-7128.320373283017
2030-11-03 01:15:00,-6817.811570634496
2030-11-03 01:30:00,-6827.317953911504
2030-11-03 01:45:00,-6885.861415620366
2030-11-03 02:00:00,-6873.799164638285
2030-11-03 02:15:00,-6793.682600353926
2030-11-03 02:30:00,-6514.46174711417
2030-11-03 02:45:00,-6331.681590657441
2030-11-03 03:00:00,-6264.770471795713
2030-11-03 03:15:00,-6330.58962156015
2030-11-03 03:30:00,-6350.918187267878
2030-11-03 03:45:00,-6313.399022289941
2030-11-03 04:00:00,-6234.369366666331
2030-11-03 04:15:00,-6233.578439938206
2030-11-03 04:30:00,-6313.455850491704
2030-11-03 04:45:00,-6221.880404844365
2030-11-03 05:00:00,-5685.534167117163
2030-11-03 05:15:00,-5252.389225530656
2030-11-03 05:30:00,-4941.831139323076
2030-11-03 05:45:00,-4593.467389761347
2030-11-03 06:00:00,-3886.4757983723466
2030-11-03 06:15:00,-2842.3234509222857
2030-11-03 06:30:00,-2207.172773406095
2030-11-03 06:45:00,-1597.5927402138332
2030-11-03 07:00:00,-861.391942613518
2030-11-03 07:15:00,0.0
2030-11-03 07:30:00,0.0
2030-11-03 07:45:00,0.0
2030-11-03 08:00:00,0.0
2030-11-03 08:15:00,0.0
2030-11-03 08:30:00,-1132.4341012813784
2030-11-03 08:45:00,-2806.4659855481223
2030-11-03 09:00:00,-3181.6528718140944
2030-11-03 09:15:00,-3290.2324823054987
2030-11-03 09:30:00,-3623.623252328045
2030-11-03 09:45:00,-4574.973049520002
2030-11-03 10:00:00,-5605.963788078301
2030-11-03 10:15:00,-6315.473798871761
2030-11-03 10:30:00,-6886.356183093405
2030-11-03 10:45:00,-7233.798630395555
2030-11-03 11:00:00,-7473.129291500343
2030-11-03 11:15:00,-7508.318960728215
2030-11-03 11:30:00,-7482.240781308712
2030-11-03 11:45:00,-7376.556303256562
2030-11-03 12:00:00,-7606.749415043141
2030-11-03 12:15:00,-7326.661498329206
2030-11-03 12:30:00,-6834.682213626904
2030-11-03 12:45:00,-6153.759802810313
2030-11-03 13:00:00,-5710.0400621019
2030-11-03 13:15:00,-4930.67634165705
2030-11-03 13:30:00,-4267.629428548211
2030-11-03 13:45:00,-4248.545792598099
2030-11-03 14:00:00,-4137.106635454442
2030-11-03 14:15:00,-3366.894081779512
2030-11-03 14:30:00,-3142.8230227678832
2030-11-03 14:45:00,-1987.0113638497023
2030-11-03 15:00:00,-683.8551855701517
2030-11-03 15:15:00,0.0
2030-11-03 15:30:00,0.0
2030-11-03 15:45:00,0.0
2030-11-03 16:00:00,0.0
2030-11-03 16:15:00,0.0
2030-11-03 16:30:00,0.0
2030-11-03 16:45:00,0.0
2030-11-03 17:00:00,0.0
2030-11-03 17:15:00,0.0
2030-11-03 17:30:00,0.0
2030-11-03 17:45:00,0.0
2030-11-03 18:00:00,0.0
2030-11-03 18:15:00,0.0
2030-11-03 18:30:00,0.0
2030-11-03 18:45:00,0.0
2030-11-03 19:00:00,0.0
2030-11-03 19:15:00,0.0
2030-11-03 19:30:00,0.0
2030-11-03 19:45:00,0.0
2030-11-03 20:00:00,0.0
2030-11-03 20:15:00,0.0
2030-11-03 20:30:00,0.0
2030-11-03 20:45:00,0.0
2030-11-03 21:00:00,0.0
2030-11-03 21:15:00,0.0
2030-11-03 21:30:00,0.0
2030-11-03 21:45:00,0.0
2030-11-03 22:00:00,0.0
2030-11-03 22:15:00,0.0
2030-11-03 22:30:00,0.0
2030-11-03 22:45:00,0.0
2030-11-03 23:00:00,0.0
2030-11-03 23:15:00,0.0
2030-11-03 23:30:00,0.0
2030-11-03 23:45:00,0.0
2030-11-04 00:00:00,0.0
2030-11-04 00:15:00,0.0
2030-11-04 00:30:00,0.0
2030-11-04 00:45:00,-6148.610694371611
2030-11-04 01:00:00,-6619.517297132241
2030-11-04 01:15:00,-7062.484335542451
2030-11-04 01:30:00,-7188.502630922816
2030-11-04 01:45:00,-7303.518121694087
2030-11-04 02:00:00,-7425.185207215876
2030-11-04 02:15:00,-7499.422710529609
2030-11-04 02:30:00,-7499.665711124873
2030-11-04 02:45:00,-6921.463534820703
2030-11-04 03:00:00,-6322.6799421123
2030-11-04 03:15:00,-6310.947189957416
2030-11-04 03:30:00,-6275.063844688726
2030-11-04 03:45:00,-5994.288767718932
2030-11-04 04:00:00,-5702.7942385067745
2030-11-04 04:15:00,-5578.477037652197
2030-11-04 04:30:00,-5506.320222362079
2030-11-04 04:45:00,-5708.729086873229
2030-11-04 05:00:00,-5813.029449782069
2030-11-04 05:15:00,-5632.081180288356
2030-11-04 05:30:00,-5630.57448017838
2030-11-04 05:45:00,-5394.452596222898
2030-11-04 06:00:00,-5184.732051416395
2030-11-04 06:15:00,-5236.523378867614
2030-11-04 06:30:00,-4939.470510484221
2030-11-04 06:45:00,-4756.25081892488
2030-11-04 07:00:00,-4576.0691436919715
2030-11-04 07:15:00,-4375.480495367616
2030-11-04 07:30:00,-4351.327041195054
2030-11-04 07:45:00,-4213.656965858405
2030-11-04 08:00:00,-3767.1714334934513
2030-11-04 08:15:00,-3991.317594162694
2030-11-04 08:30:00,-3512.8213415788014
2030-11-04 08:45:00,-3234.9577552292903
2030-11-04 09:00:00,-3560.691607670815
2030-11-04 09:15:00,-3766.5922740999595
2030-11-04 09:30:00,-3395.7160364777446
2030-11-04 09:45:00,-3301.877429967848
2030-11-04 10:00:00,-3495.8404366270224
2030-11-04 10:15:00,-3463.9898009597855
2030-11-04 10:30:00,-3630.4167606420633
2030-11-04 10:45:00,-3754.6299649738867
2030-11-04 11:00:00,-3787.189441974915
2030-11-04 11:15:00,-4135.313587164066
2030-11-04 11:30:00,-3928.4169931168763
2030-11-04 11:45:00,-4120.996539985845
2030-11-04 12:00:00,-4320.276672894601
2030-11-04 12:15:00,-4302.34374854331
2030-11-04 12:30:00,-4250.920790841017
2030-11-04 12:45:00,-4592.480526118503
2030-11-04 13:00:00,-5269.691211128586
2030-11-04 13:15:00,-5538.7400587000375
2030-11-04 13:30:00,-5642.666652428023
2030-11-04 13:45:00,-5334.166501706841
2030-11-04 14:00:00,-5264.126849157565
2030-11-04 14:15:00,-5203.4105552092915
2030-11-04 14:30:00,-4943.18386506032
2030-11-04 14:45:00,-5282.509387361202
2030-11-04 15:00:00,-5001.7034392574715
2030-11-04 15:15:00,-4216.990789771513
2030-11-04 15:30:00,-3642.2963044098906
2030-11-04 15:45:00,-3279.423508853626
2030-11-04 16:00:00,-3226.968453059497
2030-11-04 16:15:00,-2920.1561715383723
2030-11-04 16:30:00,-2777.5083866744862
2030-11-04 16:45:00,-2670.1018618735507
2030-11-04 17:00:00,-2698.71209324944
2030-11-04 17:15:00,-2841.842207542006
2030-11-04 17:30:00,-3046.8130731941674
2030-11-04 17:45:00,-3279.3346429726626
2030-11-04 18:00:00,-3964.206167360331
2030-11-04 18:15:00,-4603.503457210441
2030-11-04 18:30:00,-5180.552190251765
2030-11-04 18:45:00,-5499.0369525431015
2030-11-04 19:00:00,-5476.99160312867
2030-11-04 19:15:00,-5452.422757438115
2030-11-04 19:30:00,-5620.349456377728
2030-11-04 19:45:00,-6071.406188474852
2030-11-04 20:00:00,-6027.740838317437
2030-11-04 20:15:00,-6114.053801712835
2030-11-04 20:30:00,-6021.13317829938
2030-11-04 20:45:00,-6298.415338267467
2030-11-04 21:00:00,-6351.606188514659
2030-11-04 21:15:00,-6480.781338702316
2030-11-04 21:30:00,-6482.697938698489
2030-11-04 21:45:00,-6417.829671530879
2030-11-04 22:00:00,-5960.25199705625
2030-11-04 22:15:00,-5937.915470122054
2030-11-04 22:30:00,-6257.387813028909
2030-11-04 22:45:00,-5947.545039822515
2030-11-04 23:00:00,-5893.498657564409
2030-11-04 23:15:00,-6085.998087955415
2030-11-04 23:30:00,-6134.735609724838
2030-11-04 23:45:00,-6181.808293169741
2030-11-05 00:00:00,-6544.310229641786
2030-11-05 00:15:00,-6549.175823754547
2030-11-05 00:30:00,-6407.947195544808
2030-11-05 00:45:00,-6121.0718487203085
2030-11-05 01:00:00,-6177.32363445949
2030-11-05 01:15:00,-6116.687150630434
2030-11-05 01:30:00,-6276.151670607511
2030-11-05 01:45:00,-6208.1656489778325
2030-11-05 02:00:00,-6163.911112316273
2030-11-05 02:15:00,-5828.882971392897
2030-11-05 02:30:00,-6124.265600949519
2030-11-05 02:45:00,-6126.231791442051
2030-11-05 03:00:00,-6398.944679337759
2030-11-05 03:15:00,-6442.678615300792
2030-11-05 03:30:00,-6444.880106193998
2030-11-05 03:45:00,-6456.098437411774
2030-11-05 04:00:00,-6307.9984078464
2030-11-05 04:15:00,-6200.46039975802
2030-11-05 04:30:00,-6645.137120171197
2030-11-05 04:45:00,-6613.254333909137
2030-11-05 05:00:00,-6508.465887650567
2030-11-05 05:15:00,-6713.177281258382
2030-11-05 05:30:00,-6865.838666993683
2030-11-05 05:45:00,-6812.508289869642
2030-11-05 06:00:00,-6666.8858876265695
2030-11-05 06:15:00,-6706.59706155339
2030-11-05 06:30:00,-6853.570905792774
2030-11-05 06:45:00,-6311.543147844857
2030-11-05 07:00:00,-5953.114592343043
2030-11-05 07:15:00,-5947.109020353128
2030-11-05 07:30:00,-5985.363143889297
2030-11-05 07:45:00,-6098.745365761753
2030-11-05 08:00:00,-6099.4921957170955
2030-11-05 08:15:00,-6293.852603109883
2030-11-05 08:30:00,-6357.501912404656
2030-11-05 08:45:00,-6631.969810342742
2030-11-05 09:00:00,-6679.371058898376
2030-11-05 09:15:00,-5734.2158584275185
2030-11-05 09:30:00,-5991.606014654286
2030-11-05 09:45:00,-6215.004413450519
2030-11-05 10:00:00,-6395.3428596785525
2030-11-05 10:15:00,-6679.594895125654
2030-11-05 10:30:00,-6878.182317384755
2030-11-05 10:45:00,-7504.196340948907
2030-11-05 11:00:00,-7681.44092238462
2030-11-05 11:15:00,-8006.002409621833
2030-11-05 11:30:00,-8381.478629807778
2030-11-05 11:45:00,-8657.922810876702
2030-11-05 12:00:00,-9176.147187181272
2030-11-05 12:15:00,-9898.08288623756
2030-11-05 12:30:00,-9977.41777496503
2030-11-05 12:45:00,-10243.498873525983
2030-11-05 13:00:00,-11069.771387271332
2030-11-05 13:15:00,-12089.180313274814
2030-11-05 13:30:00,-11900.091363001135
2030-11-05 13:45:00,-11777.626721126842
2030-11-05 14:00:00,-11693.629709592307
2030-11-05 14:15:00,-11366.542536771838
2030-11-05 14:30:00,-10829.310249732549
2030-11-05 14:45:00,-10040.476089937714
2030-11-05 15:00:00,-8921.208944477494
2030-11-05 15:15:00,-7675.599889069723
2030-11-05 15:30:00,-6570.419132144332
2030-11-05 15:45:00,-5523.133097034406
2030-11-05 16:00:00,-4319.651090164058
2030-11-05 16:15:00,-3853.1915698692246
2030-11-05 16:30:00,-3667.850900980986
2030-11-05 16:45:00,-3326.1494552172153
2030-11-05 17:00:00,-2876.238809988179
2030-11-05 17:15:00,-2663.297340192388
2030-11-05 17:30:00,-2400.77625148707
2030-11-05 17:45:00,-2313.6124906164296
2030-11-05 18:00:00,-2189.8933741691435
2030-11-05 18:15:00,-2126.5860355321165
2030-11-05 18:30:00,-2320.6259414555097
2030-11-05 18:45:00,-2705.6090681837486
2030-11-05 19:00:00,-2937.382769285963
2030-11-05 19:15:00,-3426.183644405588
2030-11-05 19:30:00,-3893.234332405904
2030-11-05 19:45:00,-4296.956631685996
2030-11-05 20:00:00,-4842.041436018142
2030-11-05 20:15:00,-5351.96325432718
2030-11-05 20:30:00,-5734.999652334442
2030-11-05 20:45:00,-5991.625102283764
2030-11-05 21:00:00,-6296.776533916476
2030-11-05 21:15:00,-6639.018369635785
2030-11-05 21:30:00,-6571.295664793306
2030-11-05 21:45:00,-6422.821475672314
2030-11-05 22:00:00,-6254.245091230783
2030-11-05 22:15:00,-6411.505862682043
2030-11-05 22:30:00,-6645.56259849299
2030-11-05 22:45:00,-6677.64449922552
2030-11-05 23:00:00,-6761.785202315154
2030-11-05 23:15:00,-7014.568654683439
2030-11-05 23:30:00,-7317.731069442076
2030-11-05 23:45:00,-7598.209900840331
2030-11-06 00:00:00,-7886.765249795637
2030-11-06 00:15:00,-8189.828565984932
2030-11-06 00:30:00,-8156.961134023961
2030-11-06 00:45:00,-8218.702153294229
2030-11-06 01:00:00,-8157.832899169127
2030-11-06 01:15:00,-8317.927902747664
2030-11-06 01:30:00,-8158.895299917356
2030-11-06 01:45:00,-8097.849283117428
2030-11-06 02:00:00,-8126.135693181326
2030-11-06 02:15:00,-7914.191998812639
2030-11-06 02:30:00,-7870.307794720331
2030-11-06 02:45:00,-7971.371825913502
2030-11-06 03:00:00,-8026.7827721795165
2030-11-06 03:15:00,-8186.714524415296
2030-11-06 03:30:00,-8229.79837105787
2030-11-06 03:45:00,-8090.708788465447
2030-11-06 04:00:00,-7851.597362602064
2030-11-06 04:15:00,-7684.444234103961
2030-11-06 04:30:00,-7116.669475832476
2030-11-06 04:45:00,-6718.389638772904
2030-11-06 05:00:00,-6202.89149969241
2030-11-06 05:15:00,-5794.640339778565
2030-11-06 05:30:00,-5195.098059376625
2030-11-06 05:45:00,-4372.58929838979
2030-11-06 06:00:00,-3437.9352490416786
2030-11-06 06:15:00,-2574.135113059994
2030-11-06 06:30:00,-1629.1456817502221
2030-11-06 06:45:00,-828.6247615638422
2030-11-06 07:00:00,-129.0642698962074
2030-11-06 07:15:00,0.0
2030-11-06 07:30:00,0.0
2030-11-06 07:45:00,0.0
2030-11-06 08:00:00,0.0
2030-11-06 08:15:00,-1004.5969618606687
2030-11-06 08:30:00,-1823.401832047337
2030-11-06 08:45:00,-2753.8175979782864
2030-11-06 09:00:00,-4010.2206063695157
2030-11-06 09:15:00,-5077.605130510085
2030-11-06 09:30:00,-6173.714469261216
2030-11-06 09:45:00,-7097.6776544563545
2030-11-06 10:00:00,-7820.979543282527
2030-11-06 10:15:00,-8612.431364843855
2030-11-06 10:30:00,-9521.789693377184
2030-11-06 10:45:00,-9994.810300870005
2030-11-06 11:00:00,-10312.711237652413
2030-11-06 11:15:00,-10561.240375694688
2030-11-06 11:30:00,-10440.459037049488
2030-11-06 11:45:00,-10302.66998514787
2030-11-06 12:00:00,-9864.698162329481
2030-11-06 12:15:00,-9761.116891640446
2030-11-06 12:30:00,-9285.617841870284
2030-11-06 12:45:00,-8756.090965970121
2030-11-06 13:00:00,-7954.107086171327
2030-11-06 13:15:00,-7004.274816057405
2030-11-06 13:30:00,-5989.30442346404
2030-11-06 13:45:00,-5342.772599888827
2030-11-06 14:00:00,-4176.842947560439
2030-11-06 14:15:00,-2657.114258004265
2030-11-06 14:30:00,-1112.5392644048916
2030-11-06 14:45:00,0.0
2030-11-06 15:00:00,0.0
2030-11-06 15:15:00,0.0
2030-11-06 15:30:00,0.0
2030-11-06 15:45:00,0.0
2030-11-06 16:00:00,0.0
2030-11-06 16:15:00,0.0
2030-11-06 16:30:00,0.0
2030-11-06 16:45:00,0.0
2030-11-06 17:00:00,0.0
2030-11-06 17:15:00,0.0
2030-11-06 17:30:00,0.0
2030-11-06 17:45:00,0.0
2030-11-06 18:00:00,0.0
2030-11-06 18:15:00,0.0
2030-11-06 18:30:00,0.0
2030-11-06 18:45:00,0.0
2030-11-06 19:00:00,0.0
2030-11-06 19:15:00,0.0
2030-11-06 19:30:00,0.0
2030-11-06 19:45:00,0.0
2030-11-06 20:00:00,0.0
2030-11-06 20:15:00,0.0
2030-11-06 20:30:00,0.0
2030-11-06 20:45:00,0.0
2030-11-06 21:00:00,0.0
2030-11-06 21:15:00,0.0
2030-11-06 21:30:00,0.0
2030-11-06 21:45:00,0.0
2030-11-06 22:00:00,0.0
2030-11-06 22:15:00,0.0
2030-11-06 22:30:00,0.0
2030-11-06 22:45:00,0.0
2030-11-06 23:00:00,0.0
2030-11-06 23:15:00,0.0
2030-11-06 23:30:00,0.0
2030-11-06 23:45:00,0.0
2030-11-07 00:00:00,0.0
2030-11-07 00:15:00,0.0
2030-11-07 00:30:00,0.0
2030-11-07 00:45:00,0.0
2030-11-07 01:00:00,0.0
2030-11-07 01:15:00,0.0
2030-11-07 01:30:00,0.0
2030-11-07 01:45:00,0.0
2030-11-07 02:00:00,0.0
2030-11-07 02:15:00,0.0
2030-11-07 02:30:00,0.0
2030-11-07 02:45:00,0.0
2030-11-07 03:00:00,0.0
2030-11-07 03:15:00,0.0
2030-11-07 03:30:00,0.0
2030-11-07 03:45:00,0.0
2030-11-07 04:00:00,0.0
2030-11-07 04:15:00,0.0
2030-11-07 04:30:00,0.0
2030-11-07 04:45:00,0.0
2030-11-07 05:00:00,0.0
2030-11-07 05:15:00,0.0
2030-11-07 05:30:00,0.0
2030-11-07 05:45:00,0.0
2030-11-07 06:00:00,0.0
2030-11-07 06:15:00,0.0
2030-11-07 06:30:00,0.0
2030-11-07 06:45:00,0.0
2030-11-07 07:00:00,0.0
2030-11-07 07:15:00,0.0
2030-11-07 07:30:00,0.0
2030-11-07 07:45:00,0.0
2030-11-07 08:00:00,0.0
2030-11-07 08:15:00,0.0
2030-11-07 08:30:00,0.0
2030-11-07 08:45:00,0.0
2030-11-07 09:00:00,0.0
2030-11-07 09:15:00,0.0
2030-11-07 09:30:00,0.0
2030-11-07 09:45:00,0.0
2030-11-07 10:00:00,0.0
2030-11-07 10:15:00,0.0
2030-11-07 10:30:00,0.0
2030-11-07 10:45:00,0.0
2030-11-07 11:00:00,0.0
2030-11-07 11:15:00,0.0
2030-11-07 11:30:00,0.0
2030-11-07 11:45:00,0.0
2030-11-07 12:00:00,0.0
2030-11-07 12:15:00,0.0
2030-11-07 12:30:00,0.0
2030-11-07 12:45:00,0.0
2030-11-07 13:00:00,0.0
2030-11-07 13:15:00,0.0
2030-11-07 13:30:00,0.0
2030-11-07 13:45:00,0.0
2030-11-07 14:00:00,0.0
2030-11-07 14:15:00,0.0
2030-11-07 14:30:00,0.0
2030-11-07 14:45:00,0.0
2030-11-07 15:00:00,0.0
2030-11-07 15:15:00,0.0
2030-11-07 15:30:00,0.0
2030-11-07 15:45:00,0.0
2030-11-07 16:00:00,0.0
2030-11-07 16:15:00,0.0
2030-11-07 16:30:00,0.0
2030-11-07 16:45:00,0.0
2030-11-07 17:00:00,0.0
2030-11-07 17:15:00,0.0
2030-11-07 17:30:00,0.0
2030-11-07 17:45:00,0.0
2030-11-07 18:00:00,0.0
2030-11-07 18:15:00,0.0
2030-11-07 18:30:00,0.0
2030-11-07 18:45:00,0.0
2030-11-07 19:00:00,0.0
2030-11-07 19:15:00,0.0
2030-11-07 19:30:00,0.0
2030-11-07 19:45:00,0.0
2030-11-07 20:00:00,0.0
2030-11-07 20:15:00,0.0
2030-11-07 20:30:00,0.0
2030-11-07 20:45:00,0.0
2030-11-07 21:00:00,0.0
2030-11-07 21:15:00,0.0
2030-11-07 21:30:00,0.0
2030-11-07 21:45:00,0.0
2030-11-07 22:00:00,0.0
2030-11-07 22:15:00,0.0
2030-11-07 22:30:00,0.0
2030-11-07 22:45:00,0.0
2030-11-07 23:00:00,0.0
2030-11-07 23:15:00,0.0
2030-11-07 23:30:00,0.0
2030-11-07 23:45:00,0.0
2030-11-08 00:00:00,0.0
2030-11-08 00:15:00,252.6673387872106
2030-11-08 00:30:00,0.0
2030-11-08 00:45:00,0.0
2030-11-08 01:00:00,0.0
2030-11-08 01:15:00,0.0
2030-11-08 01:30:00,0.0
2030-11-08 01:45:00,0.0
2030-11-08 02:00:00,0.0
2030-11-08 02:15:00,0.0
2030-11-08 02:30:00,0.0
2030-11-08 02:45:00,0.0
2030-11-08 03:00:00,0.0
2030-11-08 03:15:00,0.0
2030-11-08 03:30:00,0.0
2030-11-08 03:45:00,0.0
2030-11-08 04:00:00,0.0
2030-11-08 04:15:00,0.0
2030-11-08 04:30:00,0.0
2030-11-08 04:45:00,0.0
2030-11-08 05:00:00,91.7357239672092
2030-11-08 05:15:00,0.0
2030-11-08 05:30:00,0.0
2030-11-08 05:45:00,0.0
2030-11-08 06:00:00,0.0
2030-11-08 06:15:00,0.0
2030-11-08 06:30:00,0.0
2030-11-08 06:45:00,0.0
2030-11-08 07:00:00,0.0
2030-11-08 07:15:00,0.0
2030-11-08 07:30:00,0.0
2030-11-08 07:45:00,0.0
2030-11-08 08:00:00,0.0
2030-11-08 08:15:00,0.0
2030-11-08 08:30:00,0.0
2030-11-08 08:45:00,0.0
2030-11-08 09:00:00,0.0
2030-11-08 09:15:00,0.0
2030-11-08 09:30:00,0.0
2030-11-08 09:45:00,0.0
2030-11-08 10:00:00,0.0
2030-11-08 10:15:00,0.0
2030-11-08 10:30:00,0.0
2030-11-08 10:45:00,0.0
2030-11-08 11:00:00,0.0
2030-11-08 11:15:00,0.0
2030-11-08 11:30:00,0.0
2030-11-08 11:45:00,0.0
2030-11-08 12:00:00,0.0
2030-11-08 12:15:00,0.0
2030-11-08 12:30:00,0.0
2030-11-08 12:45:00,0.0
2030-11-08 13:00:00,0.0
2030-11-08 13:15:00,0.0
2030-11-08 13:30:00,0.0
2030-11-08 13:45:00,0.0
2030-11-08 14:00:00,0.0
2030-11-08 14:15:00,0.0
2030-11-08 14:30:00,0.0
2030-11-08 14:45:00,0.0
2030-11-08 15:00:00,0.0
2030-11-08 15:15:00,0.0
2030-11-08 15:30:00,2198.6247944400748
2030-11-08 15:45:00,0.0
2030-11-08 16:00:00,0.0
2030-11-08 16:15:00,0.0
2030-11-08 16:30:00,0.0
2030-11-08 16:45:00,0.0
2030-11-08 17:00:00,0.0
2030-11-08 17:15:00,0.0
2030-11-08 17:30:00,0.0
2030-11-08 17:45:00,0.0
2030-11-08 18:00:00,0.0
2030-11-08 18:15:00,0.0
2030-11-08 18:30:00,0.0
2030-11-08 18:45:00,0.0
2030-11-08 19:00:00,0.0
2030-11-08 19:15:00,0.0
2030-11-08 19:30:00,0.0
2030-11-08 19:45:00,0.0
2030-11-08 20:00:00,0.0
2030-11-08 20:15:00,0.0
2030-11-08 20:30:00,0.0
2030-11-08 20:45:00,0.0
2030-11-08 21:00:00,0.0
2030-11-08 21:15:00,0.0
2030-11-08 21:30:00,0.0
2030-11-08 21:45:00,0.0
2030-11-08 22:00:00,0.0
2030-11-08 22:15:00,0.0
2030-11-08 22:30:00,0.0
2030-11-08 22:45:00,0.0
2030-11-08 23:00:00,0.0
2030-11-08 23:15:00,0.0
2030-11-08 23:30:00,0.0
2030-11-08 23:45:00,0.0
2030-11-09 00:00:00,0.0
2030-11-09 00:15:00,0.0
2030-11-09 00:30:00,0.0
2030-11-09 00:45:00,0.0
2030-11-09 01:00:00,0.0
2030-11-09 01:15:00,0.0
2030-11-09 01:30:00,0.0
2030-11-09 01:45:00,0.0
2030-11-09 02:00:00,0.0
2030-11-09 02:15:00,0.0
2030-11-09 02:30:00,0.0
2030-11-09 02:45:00,0.0
2030-11-09 03:00:00,0.0
2030-11-09 03:15:00,0.0
2030-11-09 03:30:00,0.0
2030-11-09 03:45:00,0.0
2030-11-09 04:00:00,0.0
2030-11-09 04:15:00,0.0
2030-11-09 04:30:00,0.0
2030-11-09 04:45:00,0.0
2030-11-09 05:00:00,0.0
2030-11-09 05:15:00,0.0
2030-11-09 05:30:00,0.0
2030-11-09 05:45:00,0.0
2030-11-09 06:00:00,0.0
2030-11-09 06:15:00,0.0
2030-11-09 06:30:00,1931.4959179147736
2030-11-09 06:45:00,0.0
2030-11-09 07:00:00,0.0
2030-11-09 07:15:00,0.0
2030-11-09 07:30:00,0.0
2030-11-09 07:45:00,0.0
2030-11-09 08:00:00,0.0
2030-11-09 08:15:00,0.0
2030-11-09 08:30:00,0.0
2030-11-09 08:45:00,0.0
2030-11-09 09:00:00,0.0
2030-11-09 09:15:00,0.0
2030-11-09 09:30:00,0.0
2030-11-09 09:45:00,0.0
2030-11-09 10:00:00,0.0
2030-11-09 10:15:00,0.0
2030-11-09 10:30:00,0.0
2030-11-09 10:45:00,0.0
2030-11-09 11:00:00,0.0
2030-11-09 11:15:00,0.0
2030-11-09 11:30:00,0.0
2030-11-09 11:45:00,0.0
2030-11-09 12:00:00,0.0
2030-11-09 12:15:00,0.0
2030-11-09 12:30:00,0.0
2030-11-09 12:45:00,0.0
2030-11-09 13:00:00,0.0
2030-11-09 13:15:00,0.0
2030-11-09 13:30:00,0.0
2030-11-09 13:45:00,0.0
2030-11-09 14:00:00,0.0
2030-11-09 14:15:00,0.0
2030-11-09 14:30:00,0.0
2030-11-09 14:45:00,0.0
2030-11-09 15:00:00,0.0
2030-11-09 15:15:00,0.0
2030-11-09 15:30:00,0.0
2030-11-09 15:45:00,0.0
2030-11-09 16:00:00,0.0
2030-11-09 16:15:00,0.0
2030-11-09 16:30:00,0.0
2030-11-09 16:45:00,0.0
2030-11-09 17:00:00,0.0
2030-11-09 17:15:00,0.0
2030-11-09 17:30:00,0.0
2030-11-09 17:45:00,0.0
2030-11-09 18:00:00,0.0
2030-11-09 18:15:00,0.0
2030-11-09 18:30:00,0.0
2030-11-09 18:45:00,0.0
2030-11-09 19:00:00,0.0
2030-11-09 19:15:00,0.0
2030-11-09 19:30:00,0.0
2030-11-09 19:45:00,0.0
2030-11-09 20:00:00,0.0
2030-11-09 20:15:00,0.0
2030-11-09 20:30:00,0.0
2030-11-09 20:45:00,0.0
2030-11-09 21:00:00,0.0
2030-11-09 21:15:00,0.0
2030-11-09 21:30:00,0.0
2030-11-09 21:45:00,0.0
2030-11-09 22:00:00,0.0
2030-11-09 22:15:00,0.0
2030-11-09 22:30:00,0.0
2030-11-09 22:45:00,0.0
2030-11-09 23:00:00,0.0
2030-11-09 23:15:00,0.0
2030-11-09 23:30:00,0.0
2030-11-09 23:45:00,0.0
2030-11-10 00:00:00,0.0
2030-11-10 00:15:00,0.0
2030-11-10 00:30:00,0.0
2030-11-10 00:45:00,0.0
2030-11-10 01:00:00,0.0
2030-11-10 01:15:00,0.0
2030-11-10 01:30:00,0.0
2030-11-10 01:45:00,0.0
2030-11-10 02:00:00,0.0
2030-11-10 02:15:00,0.0
2030-11-10 02:30:00,0.0
2030-11-10 02:45:00,0.0
2030-11-10 03:00:00,0.0
2030-11-10 03:15:00,0.0
2030-11-10 03:30:00,0.0
2030-11-10 03:45:00,0.0
2030-11-10 04:00:00,0.0
2030-11-10 04:15:00,0.0
2030-11-10 04:30:00,0.0
2030-11-10 04:45:00,0.0
2030-11-10 05:00:00,0.0
2030-11-10 05:15:00,0.0
2030-11-10 05:30:00,0.0
2030-11-10 05:45:00,0.0
2030-11-10 06:00:00,0.0
2030-11-10 06:15:00,0.0
2030-11-10 06:30:00,0.0
2030-11-10 06:45:00,0.0
2030-11-10 07:00:00,0.0
2030-11-10 07:15:00,0.0
2030-11-10 07:30:00,0.0
2030-11-10 07:45:00,0.0
2030-11-10 08:00:00,0.0
2030-11-10 08:15:00,0.0
2030-11-10 08:30:00,0.0
2030-11-10 08:45:00,0.0
2030-11-10 09:00:00,0.0
2030-11-10 09:15:00,0.0
2030-11-10 09:30:00,0.0
2030-11-10 09:45:00,0.0
2030-11-10 10:00:00,0.0
2030-11-10 10:15:00,0.0
2030-11-10 10:30:00,0.0
2030-11-10 10:45:00,0.0
2030-11-10 11:00:00,0.0
2030-11-10 11:15:00,0.0
2030-11-10 11:30:00,0.0
2030-11-10 11:45:00,0.0
2030-11-10 12:00:00,0.0
2030-11-10 12:15:00,0.0
2030-11-10 12:30:00,0.0
2030-11-10 12:45:00,0.0
2030-11-10 13:00:00,0.0
2030-11-10 13:15:00,0.0
2030-11-10 13:30:00,0.0
2030-11-10 13:45:00,0.0
2030-11-10 14:00:00,0.0
2030-11-10 14:15:00,0.0
2030-11-10 14:30:00,0.0
2030-11-10 14:45:00,0.0
2030-11-10 15:00:00,0.0
2030-11-10 15:15:00,0.0
2030-11-10 15:30:00,0.0
2030-11-10 15:45:00,0.0
2030-11-10 16:00:00,0.0
2030-11-10 16:15:00,6.217628767250062
2030-11-10 16:30:00,163.44789779603707
2030-11-10 16:45:00,476.82471234120385
2030-11-10 17:00:00,713.7910747315582
2030-11-10 17:15:00,746.7517057119985
2030-11-10 17:30:00,574.7822727647472
2030-11-10 17:45:00,385.42832981704487
2030-11-10 18:00:00,256.3434644269746
2030-11-10 18:15:00,196.71724130282564
2030-11-10 18:30:00,70.77014811321169
2030-11-10 18:45:00,104.83321665677249
2030-11-10 19:00:00,0.0
2030-11-10 19:15:00,0.0
2030-11-10 19:30:00,0.0
2030-11-10 19:45:00,0.0
2030-11-10 20:00:00,0.0
2030-11-10 20:15:00,0.0
2030-11-10 20:30:00,0.0
2030-11-10 20:45:00,0.0
2030-11-10 21:00:00,0.0
2030-11-10 21:15:00,0.0
2030-11-10 21:30:00,0.0
2030-11-10 21:45:00,0.0
2030-11-10 22:00:00,0.0
2030-11-10 22:15:00,0.0
2030-11-10 22:30:00,0.0
2030-11-10 22:45:00,0.0
2030-11-10 23:00:00,0.0
2030-11-10 23:15:00,0.0
2030-11-10 23:30:00,0.0
2030-11-10 23:45:00,0.0
2030-11-11 00:00:00,0.0
2030-11-11 00:15:00,0.0
2030-11-11 00:30:00,0.0
2030-11-11 00:45:00,0.0
2030-11-11 01:00:00,0.0
2030-11-11 01:15:00,0.0
2030-11-11 01:30:00,0.0
2030-11-11 01:45:00,0.0
2030-11-11 02:00:00,0.0
2030-11-11 02:15:00,0.0
2030-11-11 02:30:00,0.0
2030-11-11 02:45:00,0.0
2030-11-11 03:00:00,0.0
2030-11-11 03:15:00,0.0
2030-11-11 03:30:00,0.0
2030-11-11 03:45:00,0.0
2030-11-11 04:00:00,0.0
2030-11-11 04:15:00,0.0
2030-11-11 04:30:00,0.0
2030-11-11 04:45:00,0.0
2030-11-11 05:00:00,0.0
2030-11-11 05:15:00,0.0
2030-11-11 05:30:00,0.0
2030-11-11 05:45:00,0.0
2030-11-11 06:00:00,0.0
2030-11-11 06:15:00,0.0
2030-11-11 06:30:00,0.0
2030-11-11 06:45:00,0.0
2030-11-11 07:00:00,0.0
2030-11-11 07:15:00,0.0
2030-11-11 07:30:00,0.0
2030-11-11 07:45:00,0.0
2030-11-11 08:00:00,0.0
2030-11-11 08:15:00,0.0
2030-11-11 08:30:00,0.0
2030-11-11 08:45:00,0.0
2030-11-11 09:00:00,0.0
2030-11-11 09:15:00,0.0
2030-11-11 09:30:00,0.0
2030-11-11 09:45:00,0.0
2030-11-11 10:00:00,0.0
2030-11-11 10:15:00,0.0
2030-11-11 10:30:00,0.0
2030-11-11 10:45:00,0.0
2030-11-11 11:00:00,0.0
2030-11-11 11:15:00,0.0
2030-11-11 11:30:00,0.0
2030-11-11 11:45:00,0.0
2030-11-11 12:00:00,0.0
2030-11-11 12:15:00,0.0
2030-11-11 12:30:00,0.0
2030-11-11 12:45:00,0.0
2030-11-11 13:00:00,0.0
2030-11-11 13:15:00,0.0
2030-11-11 13:30:00,0.0
2030-11-11 13:45:00,0.0
2030-11-11 14:00:00,0.0
2030-11-11 14:15:00,0.0
2030-11-11 14:30:00,0.0
2030-11-11 14:45:00,0.0
2030-11-11 15:00:00,0.0
2030-11-11 15:15:00,0.0
2030-11-11 15:30:00,0.0
2030-11-11 15:45:00,0.0
2030-11-11 16:00:00,0.0
2030-11-11 16:15:00,0.0
2030-11-11 16:30:00,0.0
2030-11-11 16:45:00,0.0
2030-11-11 17:00:00,0.0
2030-11-11 17:15:00,0.0
2030-11-11 17:30:00,0.0
2030-11-11 17:45:00,0.0
2030-11-11 18:00:00,0.0
2030-11-11 18:15:00,0.0
2030-11-11 18:30:00,0.0
2030-11-11 18:45:00,0.0
2030-11-11 19:00:00,0.0
2030-11-11 19:15:00,0.0
2030-11-11 19:30:00,0.0
2030-11-11 19:45:00,0.0
2030-11-11 20:00:00,0.0
2030-11-11 20:15:00,0.0
2030-11-11 20:30:00,0.0
2030-11-11 20:45:00,0.0
2030-11-11 21:00:00,0.0
2030-11-11 21:15:00,0.0
2030-11-11 21:30:00,0.0
2030-11-11 21:45:00,0.0
2030-11-11 22:00:00,0.0
2030-11-11 22:15:00,0.0
2030-11-11 22:30:00,0.0
2030-11-11 22:45:00,0.0
2030-11-11 23:00:00,0.0
2030-11-11 23:15:00,0.0
2030-11-11 23:30:00,0.0
2030-11-11 23:45:00,0.0
2030-11-12 00:00:00,0.0
2030-11-12 00:15:00,0.0
2030-11-12 00:30:00,0.0
2030-11-12 00:45:00,0.0
2030-11-12 01:00:00,0.0
2030-11-12 01:15:00,0.0
2030-11-12 01:30:00,0.0
2030-11-12 01:45:00,0.0
2030-11-12 02:00:00,0.0
2030-11-12 02:15:00,0.0
2030-11-12 02:30:00,0.0
2030-11-12 02:45:00,0.0
2030-11-12 03:00:00,0.0
2030-11-12 03:15:00,0.0
2030-11-12 03:30:00,0.0
2030-11-12 03:45:00,0.0
2030-11-12 04:00:00,0.0
2030-11-12 04:15:00,0.0
2030-11-12 04:30:00,0.0
2030-11-12 04:45:00,0.0
2030-11-12 05:00:00,0.0
2030-11-12 05:15:00,0.0
2030-11-12 05:30:00,0.0
2030-11-12 05:45:00,0.0
2030-11-12 06:00:00,0.0
2030-11-12 06:15:00,0.0
2030-11-12 06:30:00,0.0
2030-11-12 06:45:00,0.0
2030-11-12 07:00:00,0.0
2030-11-12 07:15:00,0.0
2030-11-12 07:30:00,0.0
2030-11-12 07:45:00,0.0
2030-11-12 08:00:00,0.0
2030-11-12 08:15:00,0.0
2030-11-12 08:30:00,0.0
2030-11-12 08:45:00,0.0
2030-11-12 09:00:00,0.0
2030-11-12 09:15:00,0.0
2030-11-12 09:30:00,0.0
2030-11-12 09:45:00,0.0
2030-11-12 10:00:00,0.0
2030-11-12 10:15:00,0.0
2030-11-12 10:30:00,0.0
2030-11-12 10:45:00,0.0
2030-11-12 11:00:00,0.0
2030-11-12 11:15:00,0.0
2030-11-12 11:30:00,0.0
2030-11-12 11:45:00,131.24932228428224
2030-11-12 12:00:00,0.0
2030-11-12 12:15:00,0.0
2030-11-12 12:30:00,0.0
2030-11-12 12:45:00,0.0
2030-11-12 13:00:00,0.0
2030-11-12 13:15:00,0.0
2030-11-12 13:30:00,0.0
2030-11-12 13:45:00,0.0
2030-11-12 14:00:00,0.0
2030-11-12 14:15:00,0.0
2030-11-12 14:30:00,0.0
2030-11-12 14:45:00,0.0
2030-11-12 15:00:00,0.0
2030-11-12 15:15:00,0.0
2030-11-12 15:30:00,0.0
2030-11-12 15:45:00,0.0
2030-11-12 16:00:00,0.0
2030-11-12 16:15:00,0.0
2030-11-12 16:30:00,0.0
2030-11-12 16:45:00,0.0
2030-11-12 17:00:00,0.0
2030-11-12 17:15:00,0.0
2030-11-12 17:30:00,0.0
2030-11-12 17:45:00,0.0
2030-11-12 18:00:00,0.0
2030-11-12 18:15:00,0.0
2030-11-12 18:30:00,0.0
2030-11-12 18:45:00,0.0
2030-11-12 19:00:00,0.0
2030-11-12 19:15:00,0.0
2030-11-12 19:30:00,0.0
2030-11-12 19:45:00,0.0
2030-11-12 20:00:00,0.0
2030-11-12 20:15:00,0.0
2030-11-12 20:30:00,0.0
2030-11-12 20:45:00,0.0
2030-11-12 21:00:00,0.0
2030-11-12 21:15:00,0.0
2030-11-12 21:30:00,0.0
2030-11-12 21:45:00,0.0
2030-11-12 22:00:00,0.0
2030-11-12 22:15:00,0.0
2030-11-12 22:30:00,0.0
2030-11-12 22:45:00,0.0
2030-11-12 23:00:00,0.0
2030-11-12 23:15:00,0.0
2030-11-12 23:30:00,0.0
2030-11-12 23:45:00,0.0
2030-11-13 00:00:00,0.0
2030-11-13 00:15:00,0.0
2030-11-13 00:30:00,0.0
2030-11-13 00:45:00,0.0
2030-11-13 01:00:00,0.0
2030-11-13 01:15:00,0.0
2030-11-13 01:30:00,0.0
2030-11-13 01:45:00,0.0
2030-11-13 02:00:00,0.0
2030-11-13 02:15:00,0.0
2030-11-13 02:30:00,0.0
2030-11-13 02:45:00,0.0
2030-11-13 03:00:00,0.0
2030-11-13 03:15:00,0.0
2030-11-13 03:30:00,0.0
2030-11-13 03:45:00,0.0
2030-11-13 04:00:00,0.0
2030-11-13 04:15:00,0.0
2030-11-13 04:30:00,0.0
2030-11-13 04:45:00,0.0
2030-11-13 05:00:00,0.0
2030-11-13 05:15:00,0.0
2030-11-13 05:30:00,0.0
2030-11-13 05:45:00,0.0
2030-11-13 06:00:00,0.0
2030-11-13 06:15:00,0.0
2030-11-13 06:30:00,0.0
2030-11-13 06:45:00,0.0
2030-11-13 07:00:00,0.0
2030-11-13 07:15:00,0.0
2030-11-13 07:30:00,0.0
2030-11-13 07:45:00,0.0
2030-11-13 08:00:00,0.0
2030-11-13 08:15:00,0.0
2030-11-13 08:30:00,0.0
2030-11-13 08:45:00,0.0
2030-11-13 09:00:00,0.0
2030-11-13 09:15:00,0.0
2030-11-13 09:30:00,0.0
2030-11-13 09:45:00,0.0
2030-11-13 10:00:00,0.0
2030-11-13 10:15:00,0.0
2030-11-13 10:30:00,0.0
2030-11-13 10:45:00,0.0
2030-11-13 11:00:00,0.0
2030-11-13 11:15:00,0.0
2030-11-13 11:30:00,0.0
2030-11-13 11:45:00,0.0
2030-11-13 12:00:00,0.0
2030-11-13 12:15:00,0.0
2030-11-13 12:30:00,0.0
2030-11-13 12:45:00,0.0
2030-11-13 13:00:00,0.0
2030-11-13 13:15:00,0.0
2030-11-13 13:30:00,0.0
2030-11-13 13:45:00,0.0
2030-11-13 14:00:00,0.0
2030-11-13 14:15:00,0.0
2030-11-13 14:30:00,0.0
2030-11-13 14:45:00,0.0
2030-11-13 15:00:00,0.0
2030-11-13 15:15:00,0.0
2030-11-13 15:30:00,0.0
2030-11-13 15:45:00,0.0
2030-11-13 16:00:00,0.0
2030-11-13 16:15:00,0.0
2030-11-13 16:30:00,0.0
2030-11-13 16:45:00,0.0
2030-11-13 17:00:00,0.0
2030-11-13 17:15:00,0.0
2030-11-13 17:30:00,0.0
2030-11-13 17:45:00,0.0
2030-11-13 18:00:00,0.0
2030-11-13 18:15:00,0.0
2030-11-13 18:30:00,0.0
2030-11-13 18:45:00,0.0
2030-11-13 19:00:00,0.0
2030-11-13 19:15:00,0.0
2030-11-13 19:30:00,0.0
2030-11-13 19:45:00,0.0
2030-11-13 20:00:00,0.0
2030-11-13 20:15:00,0.0
2030-11-13 20:30:00,0.0
2030-11-13 20:45:00,0.0
2030-11-13 21:00:00,0.0
2030-11-13 21:15:00,0.0
2030-11-13 21:30:00,0.0
2030-11-13 21:45:00,0.0
2030-11-13 22:00:00,0.0
2030-11-13 22:15:00,0.0
2030-11-13 22:30:00,0.0
2030-11-13 22:45:00,0.0
2030-11-13 23:00:00,0.0
2030-11-13 23:15:00,0.0
2030-11-13 23:30:00,0.0
2030-11-13 23:45:00,0.0
2030-11-14 00:00:00,0.0
2030-11-14 00:15:00,0.0
2030-11-14 00:30:00,0.0
2030-11-14 00:45:00,0.0
2030-11-14 01:00:00,0.0
2030-11-14 01:15:00,0.0
2030-11-14 01:30:00,0.0
2030-11-14 01:45:00,0.0
2030-11-14 02:00:00,0.0
2030-11-14 02:15:00,0.0
2030-11-14 02:30:00,0.0
2030-11-14 02:45:00,0.0
2030-11-14 03:00:00,0.0
2030-11-14 03:15:00,0.0
2030-11-14 03:30:00,0.0
2030-11-14 03:45:00,0.0
2030-11-14 04:00:00,0.0
2030-11-14 04:15:00,0.0
2030-11-14 04:30:00,0.0
2030-11-14 04:45:00,0.0
2030-11-14 05:00:00,0.0
2030-11-14 05:15:00,0.0
2030-11-14 05:30:00,0.0
2030-11-14 05:45:00,0.0
2030-11-14 06:00:00,0.0
2030-11-14 06:15:00,0.0
2030-11-14 06:30:00,0.0
2030-11-14 06:45:00,0.0
2030-11-14 07:00:00,0.0
2030-11-14 07:15:00,0.0
2030-11-14 07:30:00,0.0
2030-11-14 07:45:00,0.0
2030-11-14 08:00:00,0.0
2030-11-14 08:15:00,0.0
2030-11-14 08:30:00,0.0
2030-11-14 08:45:00,0.0
2030-11-14 09:00:00,0.0
2030-11-14 09:15:00,0.0
2030-11-14 09:30:00,0.0
2030-11-14 09:45:00,0.0
2030-11-14 10:00:00,0.0
2030-11-14 10:15:00,0.0
2030-11-14 10:30:00,0.0
2030-11-14 10:45:00,0.0
2030-11-14 11:00:00,0.0
2030-11-14 11:15:00,0.0
2030-11-14 11:30:00,0.0
2030-11-14 11:45:00,0.0
2030-11-14 12:00:00,0.0
2030-11-14 12:15:00,-1963.0882783274064
2030-11-14 12:30:00,-12278.230892939078
2030-11-14 12:45:00,-11552.841641287974
2030-11-14 13:00:00,-10970.328290043406
2030-11-14 13:15:00,-10016.186701401355
2030-11-14 13:30:00,-9393.185973552303
2030-11-14 13:45:00,-8531.716552757389
2030-11-14 14:00:00,-7276.459272047803
2030-11-14 14:15:00,-6438.068771255763
2030-11-14 14:30:00,-5859.073858756281
2030-11-14 14:45:00,-5047.522378855025
2030-11-14 15:00:00,-4016.4307815184184
2030-11-14 15:15:00,-3349.013706668189
2030-11-14 15:30:00,-2593.6604974355178
2030-11-14 15:45:00,-1877.1077506051552
2030-11-14 16:00:00,-865.1195586140129
2030-11-14 16:15:00,-250.11293866172127
2030-11-14 16:30:00,0.0
2030-11-14 16:45:00,0.0
2030-11-14 17:00:00,0.0
2030-11-14 17:15:00,0.0
2030-11-14 17:30:00,0.0
2030-11-14 17:45:00,0.0
2030-11-14 18:00:00,0.0
2030-11-14 18:15:00,0.0
2030-11-14 18:30:00,0.0
2030-11-14 18:45:00,0.0
2030-11-14 19:00:00,0.0
2030-11-14 19:15:00,0.0
2030-11-14 19:30:00,0.0
2030-11-14 19:45:00,0.0
2030-11-14 20:00:00,0.0
2030-11-14 20:15:00,0.0
2030-11-14 20:30:00,0.0
2030-11-14 20:45:00,0.0
2030-11-14 21:00:00,0.0
2030-11-14 21:15:00,0.0
2030-11-14 21:30:00,0.0
2030-11-14 21:45:00,0.0
2030-11-14 22:00:00,0.0
2030-11-14 22:15:00,0.0
2030-11-14 22:30:00,0.0
2030-11-14 22:45:00,0.0
2030-11-14 23:00:00,0.0
2030-11-14 23:15:00,-1486.8844758244413
2030-11-14 23:30:00,-3918.8420348932887
2030-11-14 23:45:00,-4247.669367772589
2030-11-15 00:00:00,-4512.766973864142
2030-11-15 00:15:00,-4111.204169222201
2030-11-15 00:30:00,-4144.048781523223
2030-11-15 00:45:00,-4323.627194212542
2030-11-15 01:00:00,-4523.1105380692625
2030-11-15 01:15:00,-4770.062716973262
2030-11-15 01:30:00,-4964.563785360886
2030-11-15 01:45:00,-4971.511187029144
2030-11-15 02:00:00,-5055.755772406426
2030-11-15 02:15:00,-5066.003729292137
2030-11-15 02:30:00,-5007.993526880773
2030-11-15 02:45:00,-5032.4963843752375
2030-11-15 03:00:00,-4997.502065866773
2030-11-15 03:15:00,-5070.616341310548
2030-11-15 03:30:00,-5139.801950464813
2030-11-15 03:45:00,-5045.782867459982
2030-11-15 04:00:00,-4869.820701341814
2030-11-15 04:15:00,-4814.004079935654
2030-11-15 04:30:00,-4627.560254800021
2030-11-15 04:45:00,-4166.913787830861
2030-11-15 05:00:00,-3611.591779322145
2030-11-15 05:15:00,-3197.9270786251363
2030-11-15 05:30:00,-2829.0380032072644
2030-11-15 05:45:00,-2236.914647519796
2030-11-15 06:00:00,-1112.8273518510468
2030-11-15 06:15:00,-289.05133272826424
2030-11-15 06:30:00,0.0
2030-11-15 06:45:00,0.0
2030-11-15 07:00:00,0.0
2030-11-15 07:15:00,0.0
2030-11-15 07:30:00,0.0
2030-11-15 07:45:00,0.0
2030-11-15 08:00:00,0.0
2030-11-15 08:15:00,0.0
2030-11-15 08:30:00,0.0
2030-11-15 08:45:00,0.0
2030-11-15 09:00:00,0.0
2030-11-15 09:15:00,0.0
2030-11-15 09:30:00,0.0
2030-11-15 09:45:00,0.0
2030-11-15 10:00:00,0.0
2030-11-15 10:15:00,0.0
2030-11-15 10:30:00,0.0
2030-11-15 10:45:00,0.0
2030-11-15 11:00:00,0.0
2030-11-15 11:15:00,0.0
2030-11-15 11:30:00,0.0
2030-11-15 11:45:00,0.0
2030-11-15 12:00:00,0.0
2030-11-15 12:15:00,0.0
2030-11-15 12:30:00,0.0
2030-11-15 12:45:00,0.0
2030-11-15 13:00:00,0.0
2030-11-15 13:15:00,0.0
2030-11-15 13:30:00,-1999.4954035601477
2030-11-15 13:45:00,-1953.52458267576
2030-11-15 14:00:00,-1146.316201615813
2030-11-15 14:15:00,-461.61472345083166
2030-11-15 14:30:00,0.0
2030-11-15 14:45:00,0.0
2030-11-15 15:00:00,0.0
2030-11-15 15:15:00,0.0
2030-11-15 15:30:00,0.0
2030-11-15 15:45:00,0.0
2030-11-15 16:00:00,0.0
2030-11-15 16:15:00,0.0
2030-11-15 16:30:00,0.0
2030-11-15 16:45:00,0.0
2030-11-15 17:00:00,0.0
2030-11-15 17:15:00,0.0
2030-11-15 17:30:00,0.0
2030-11-15 17:45:00,0.0
2030-11-15 18:00:00,0.0
2030-11-15 18:15:00,0.0
2030-11-15 18:30:00,0.0
2030-11-15 18:45:00,0.0
2030-11-15 19:00:00,0.0
2030-11-15 19:15:00,0.0
2030-11-15 19:30:00,0.0
2030-11-15 19:45:00,0.0
2030-11-15 20:00:00,0.0
2030-11-15 20:15:00,0.0
2030-11-15 20:30:00,0.0
2030-11-15 20:45:00,0.0
2030-11-15 21:00:00,0.0
2030-11-15 21:15:00,0.0
2030-11-15 21:30:00,0.0
2030-11-15 21:45:00,0.0
2030-11-15 22:00:00,0.0
2030-11-15 22:15:00,0.0
2030-11-15 22:30:00,0.0
2030-11-15 22:45:00,0.0
2030-11-15 23:00:00,0.0
2030-11-15 23:15:00,0.0
2030-11-15 23:30:00,0.0
2030-11-15 23:45:00,0.0
2030-11-16 00:00:00,0.0
2030-11-16 00:15:00,0.0
2030-11-16 00:30:00,0.0
2030-11-16 00:45:00,0.0
2030-11-16 01:00:00,0.0
2030-11-16 01:15:00,0.0
2030-11-16 01:30:00,0.0
2030-11-16 01:45:00,0.0
2030-11-16 02:00:00,-16.599104667868232
2030-11-16 02:15:00,-7210.363056128983
2030-11-16 02:30:00,-7208.053061295839
2030-11-16 02:45:00,-7041.270318139508
2030-11-16 03:00:00,-6966.962745943481
2030-11-16 03:15:00,-6818.927619115009
2030-11-16 03:30:00,-6666.355045497021
2030-11-16 03:45:00,-6357.053138566527
2030-11-16 04:00:00,-5836.301681651741
2030-11-16 04:15:00,-5062.048373575832
2030-11-16 04:30:00,-4661.282725567773
2030-11-16 04:45:00,-4374.231297558545
2030-11-16 05:00:00,-4217.824964074949
2030-11-16 05:15:00,-4347.000583193487
2030-11-16 05:30:00,-3984.974593230032
2030-11-16 05:45:00,-2954.2645146379036
2030-11-16 06:00:00,-2026.545094116791
2030-11-16 06:15:00,-1051.0450308208638
2030-11-16 06:30:00,-379.6799753764899
2030-11-16 06:45:00,0.0
2030-11-16 07:00:00,0.0
2030-11-16 07:15:00,0.0
2030-11-16 07:30:00,0.0
2030-11-16 07:45:00,0.0
2030-11-16 08:00:00,0.0
2030-11-16 08:15:00,0.0
2030-11-16 08:30:00,0.0
2030-11-16 08:45:00,0.0
2030-11-16 09:00:00,0.0
2030-11-16 09:15:00,0.0
2030-11-16 09:30:00,0.0
2030-11-16 09:45:00,0.0
2030-11-16 10:00:00,0.0
2030-11-16 10:15:00,0.0
2030-11-16 10:30:00,0.0
2030-11-16 10:45:00,-2970.1454835758377
2030-11-16 11:00:00,-6339.515015096833
2030-11-16 11:15:00,-6823.553164646346
2030-11-16 11:30:00,-7044.620182594783
2030-11-16 11:45:00,-7095.823585885999
2030-11-16 12:00:00,-7149.05003947124
2030-11-16 12:15:00,-7092.651481892
2030-11-16 12:30:00,-6843.123327926558
2030-11-16 12:45:00,-6671.170470341516
2030-11-16 13:00:00,-5846.326182410845
2030-11-16 13:15:00,-5307.08392003104
2030-11-16 13:30:00,-4403.0780645898885
2030-11-16 13:45:00,-3818.0122466761823
2030-11-16 14:00:00,-2457.2810458458407
2030-11-16 14:15:00,-962.7243065655348
2030-11-16 14:30:00,0.0
2030-11-16 14:45:00,0.0
2030-11-16 15:00:00,0.0
2030-11-16 15:15:00,0.0
2030-11-16 15:30:00,0.0
2030-11-16 15:45:00,0.0
2030-11-16 16:00:00,0.0
2030-11-16 16:15:00,0.0
2030-11-16 16:30:00,0.0
2030-11-16 16:45:00,0.0
2030-11-16 17:00:00,0.0
2030-11-16 17:15:00,0.0
2030-11-16 17:30:00,0.0
2030-11-16 17:45:00,0.0
2030-11-16 18:00:00,0.0
2030-11-16 18:15:00,0.0
2030-11-16 18:30:00,0.0
2030-11-16 18:45:00,0.0
2030-11-16 19:00:00,0.0
2030-11-16 19:15:00,0.0
2030-11-16 19:30:00,0.0
2030-11-16 19:45:00,0.0
2030-11-16 20:00:00,0.0
2030-11-16 20:15:00,0.0
2030-11-16 20:30:00,0.0
2030-11-16 20:45:00,0.0
2030-11-16 21:00:00,0.0
2030-11-16 21:15:00,0.0
2030-11-16 21:30:00,0.0
2030-11-16 21:45:00,0.0
2030-11-16 22:00:00,0.0
2030-11-16 22:15:00,0.0
2030-11-16 22:30:00,0.0
2030-11-16 22:45:00,0.0
2030-11-16 23:00:00,0.0
2030-11-16 23:15:00,0.0
2030-11-16 23:30:00,0.0
2030-11-16 23:45:00,0.0
2030-11-17 00:00:00,0.0
2030-11-17 00:15:00,0.0
2030-11-17 00:30:00,0.0
2030-11-17 00:45:00,0.0
2030-11-17 01:00:00,0.0
2030-11-17 01:15:00,0.0
2030-11-17 01:30:00,0.0
2030-11-17 01:45:00,0.0
2030-11-17 02:00:00,0.0
2030-11-17 02:15:00,0.0
2030-11-17 02:30:00,0.0
2030-11-17 02:45:00,0.0
2030-11-17 03:00:00,0.0
2030-11-17 03:15:00,0.0
2030-11-17 03:30:00,0.0
2030-11-17 03:45:00,0.0
2030-11-17 04:00:00,0.0
2030-11-17 04:15:00,0.0
2030-11-17 04:30:00,0.0
2030-11-17 04:45:00,0.0
2030-11-17 05:00:00,0.0
2030-11-17 05:15:00,0.0
2030-11-17 05:30:00,0.0
2030-11-17 05:45:00,0.0
2030-11-17 06:00:00,0.0
2030-11-17 06:15:00,0.0
2030-11-17 06:30:00,0.0
2030-11-17 06:45:00,0.0
2030-11-17 07:00:00,0.0
2030-11-17 07:15:00,0.0
2030-11-17 07:30:00,0.0
2030-11-17 07:45:00,0.0
2030-11-17 08:00:00,0.0
2030-11-17 08:15:00,0.0
2030-11-17 08:30:00,0.0
2030-11-17 08:45:00,0.0
2030-11-17 09:00:00,2590.2924065261395
2030-11-17 09:15:00,0.0
2030-11-17 09:30:00,0.0
2030-11-17 09:45:00,0.0
2030-11-17 10:00:00,0.0
2030-11-17 10:15:00,0.0
2030-11-17 10:30:00,0.0
2030-11-17 10:45:00,0.0
2030-11-17 11:00:00,0.0
2030-11-17 11:15:00,0.0
2030-11-17 11:30:00,0.0
2030-11-17 11:45:00,0.0
2030-11-17 12:00:00,0.0
2030-11-17 12:15:00,0.0
2030-11-17 12:30:00,0.0
2030-11-17 12:45:00,0.0
2030-11-17 13:00:00,0.0
2030-11-17 13:15:00,0.0
2030-11-17 13:30:00,0.0
2030-11-17 13:45:00,0.0
2030-11-17 14:00:00,0.0
2030-11-17 14:15:00,0.0
2030-11-17 14:30:00,0.0
2030-11-17 14:45:00,0.0
2030-11-17 15:00:00,0.0
2030-11-17 15:15:00,0.0
2030-11-17 15:30:00,0.0
2030-11-17 15:45:00,0.0
2030-11-17 16:00:00,0.0
2030-11-17 16:15:00,0.0
2030-11-17 16:30:00,0.0
2030-11-17 16:45:00,0.0
2030-11-17 17:00:00,0.0
2030-11-17 17:15:00,0.0
2030-11-17 17:30:00,0.0
2030-11-17 17:45:00,0.0
2030-11-17 18:00:00,0.0
2030-11-17 18:15:00,0.0
2030-11-17 18:30:00,2800.5564830840794
2030-11-17 18:45:00,0.0
2030-11-17 19:00:00,0.0
2030-11-17 19:15:00,0.0
2030-11-17 19:30:00,0.0
2030-11-17 19:45:00,0.0
2030-11-17 20:00:00,0.0
2030-11-17 20:15:00,0.0
2030-11-17 20:30:00,0.0
2030-11-17 20:45:00,0.0
2030-11-17 21:00:00,0.0
2030-11-17 21:15:00,0.0
2030-11-17 21:30:00,0.0
2030-11-17 21:45:00,0.0
2030-11-17 22:00:00,0.0
2030-11-17 22:15:00,0.0
2030-11-17 22:30:00,0.0
2030-11-17 22:45:00,0.0
2030-11-17 23:00:00,0.0
2030-11-17 23:15:00,0.0
2030-11-17 23:30:00,0.0
2030-11-17 23:45:00,0.0
2030-11-18 00:00:00,0.0
2030-11-18 00:15:00,0.0
2030-11-18 00:30:00,0.0
2030-11-18 00:45:00,0.0
2030-11-18 01:00:00,0.0
2030-11-18 01:15:00,0.0
2030-11-18 01:30:00,0.0
2030-11-18 01:45:00,0.0
2030-11-18 02:00:00,0.0
2030-11-18 02:15:00,0.0
2030-11-18 02:30:00,0.0
2030-11-18 02:45:00,0.0
2030-11-18 03:00:00,0.0
2030-11-18 03:15:00,0.0
2030-11-18 03:30:00,0.0
2030-11-18 03:45:00,0.0
2030-11-18 04:00:00,0.0
2030-11-18 04:15:00,0.0
2030-11-18 04:30:00,0.0
2030-11-18 04:45:00,0.0
2030-11-18 05:00:00,0.0
2030-11-18 05:15:00,0.0
2030-11-18 05:30:00,0.0
2030-11-18 05:45:00,0.0
2030-11-18 06:00:00,0.0
2030-11-18 06:15:00,0.0
2030-11-18 06:30:00,0.0
2030-11-18 06:45:00,0.0
2030-11-18 07:00:00,0.0
2030-11-18 07:15:00,0.0
2030-11-18 07:30:00,0.0
2030-11-18 07:45:00,0.0
2030-11-18 08:00:00,0.0
2030-11-18 08:15:00,0.0
2030-11-18 08:30:00,0.0
2030-11-18 08:45:00,0.0
2030-11-18 09:00:00,0.0
2030-11-18 09:15:00,0.0
2030-11-18 09:30:00,0.0
2030-11-18 09:45:00,0.0
2030-11-18 10:00:00,0.0
2030-11-18 10:15:00,0.0
2030-11-18 10:30:00,0.0
2030-11-18 10:45:00,0.0
2030-11-18 11:00:00,0.0
2030-11-18 11:15:00,0.0
2030-11-18 11:30:00,0.0
2030-11-18 11:45:00,0.0
2030-11-18 12:00:00,0.0
2030-11-18 12:15:00,0.0
2030-11-18 12:30:00,0.0
2030-11-18 12:45:00,0.0
2030-11-18 13:00:00,0.0
2030-11-18 13:15:00,0.0
2030-11-18 13:30:00,0.0
2030-11-18 13:45:00,0.0
2030-11-18 14:00:00,0.0
2030-11-18 14:15:00,0.0
2030-11-18 14:30:00,0.0
2030-11-18 14:45:00,0.0
2030-11-18 15:00:00,0.0
2030-11-18 15:15:00,0.0
2030-11-18 15:30:00,0.0
2030-11-18 15:45:00,0.0
2030-11-18 16:00:00,0.0
2030-11-18 16:15:00,0.0
2030-11-18 16:30:00,0.0
2030-11-18 16:45:00,0.0
2030-11-18 17:00:00,0.0
2030-11-18 17:15:00,0.0
2030-11-18 17:30:00,0.0
2030-11-18 17:45:00,0.0
2030-11-18 18:00:00,0.0
2030-11-18 18:15:00,0.0
2030-11-18 18:30:00,0.0
2030-11-18 18:45:00,0.0
2030-11-18 19:00:00,0.0
2030-11-18 19:15:00,0.0
2030-11-18 19:30:00,0.0
2030-11-18 19:45:00,0.0
2030-11-18 20:00:00,0.0
2030-11-18 20:15:00,0.0
2030-11-18 20:30:00,0.0
2030-11-18 20:45:00,0.0
2030-11-18 21:00:00,0.0
2030-11-18 21:15:00,0.0
2030-11-18 21:30:00,0.0
2030-11-18 21:45:00,0.0
2030-11-18 22:00:00,0.0
2030-11-18 22:15:00,0.0
2030-11-18 22:30:00,0.0
2030-11-18 22:45:00,0.0
2030-11-18 23:00:00,0.0
2030-11-18 23:15:00,0.0
2030-11-18 23:30:00,0.0
2030-11-18 23:45:00,0.0
2030-11-19 00:00:00,0.0
2030-11-19 00:15:00,0.0
2030-11-19 00:30:00,0.0
2030-11-19 00:45:00,0.0
2030-11-19 01:00:00,0.0
2030-11-19 01:15:00,0.0
2030-11-19 01:30:00,0.0
2030-11-19 01:45:00,0.0
2030-11-19 02:00:00,0.0
2030-11-19 02:15:00,0.0
2030-11-19 02:30:00,0.0
2030-11-19 02:45:00,0.0
2030-11-19 03:00:00,0.0
2030-11-19 03:15:00,0.0
2030-11-19 03:30:00,0.0
2030-11-19 03:45:00,0.0
2030-11-19 04:00:00,0.0
2030-11-19 04:15:00,0.0
2030-11-19 04:30:00,0.0
2030-11-19 04:45:00,0.0
2030-11-19 05:00:00,0.0
2030-11-19 05:15:00,0.0
2030-11-19 05:30:00,0.0
2030-11-19 05:45:00,0.0
2030-11-19 06:00:00,0.0
2030-11-19 06:15:00,0.0
2030-11-19 06:30:00,0.0
2030-11-19 06:45:00,-1437.2265215794923
2030-11-19 07:00:00,-7247.75391559673
2030-11-19 07:15:00,-7349.309316210318
2030-11-19 07:30:00,-7338.755406629565
2030-11-19 07:45:00,-7381.698825840425
2030-11-19 08:00:00,-7662.016620563007
2030-11-19 08:15:00,-7845.974774830669
2030-11-19 08:30:00,-8114.027607716789
2030-11-19 08:45:00,-8218.511791836521
2030-11-19 09:00:00,-8486.48464784931
2030-11-19 09:15:00,-8642.679004011057
2030-11-19 09:30:00,-8780.314994931367
2030-11-19 09:45:00,-8874.904099392272
2030-11-19 10:00:00,-8947.490699470996
2030-11-19 10:15:00,-9505.37532384667
2030-11-19 10:30:00,-9144.552003216912
2030-11-19 10:45:00,-8781.875051804993
2030-11-19 11:00:00,-8804.493356277282
2030-11-19 11:15:00,-8345.516966928946
2030-11-19 11:30:00,-8208.883328342105
2030-11-19 11:45:00,-8029.7745999509025
2030-11-19 12:00:00,-7860.188746008116
2030-11-19 12:15:00,-7563.434655743509
2030-11-19 12:30:00,-7582.066694784306
2030-11-19 12:45:00,-7493.9690796615105
2030-11-19 13:00:00,-6876.1333656163915
2030-11-19 13:15:00,-6823.66466986985
2030-11-19 13:30:00,-6694.326755031467
2030-11-19 13:45:00,-6705.239768061245
2030-11-19 14:00:00,-6669.021020361994
2030-11-19 14:15:00,-6689.838903211028
2030-11-19 14:30:00,-5966.09121769185
2030-11-19 14:45:00,-5747.624624211396
2030-11-19 15:00:00,-5968.350219347605
2030-11-19 15:15:00,-5623.752546407075
2030-11-19 15:30:00,-5432.98923298025
2030-11-19 15:45:00,-5156.0864864463
2030-11-19 16:00:00,-4978.415098963982
2030-11-19 16:15:00,-4953.67767671121
2030-11-19 16:30:00,-5065.548013291467
2030-11-19 16:45:00,-4895.948154214235
2030-11-19 17:00:00,-4320.385045933261
2030-11-19 17:15:00,-4383.961962170415
2030-11-19 17:30:00,-4730.551742294767
2030-11-19 17:45:00,-4990.678763722153
2030-11-19 18:00:00,-4954.444930105725
2030-11-19 18:15:00,-5077.521578557
2030-11-19 18:30:00,-5403.02741643646
2030-11-19 18:45:00,-5371.339096718002
2030-11-19 19:00:00,-5477.544001795512
2030-11-19 19:15:00,-5726.870384172973
2030-11-19 19:30:00,-5715.04002361817
2030-11-19 19:45:00,-5752.453986464927
2030-11-19 20:00:00,-5902.155103188848
2030-11-19 20:15:00,-5977.14420105594
2030-11-19 20:30:00,-6047.278384552796
2030-11-19 20:45:00,-6498.214768654278
2030-11-19 21:00:00,-6534.618484059534
2030-11-19 21:15:00,-6429.586937894313
2030-11-19 21:30:00,-6646.8879691746915
2030-11-19 21:45:00,-6461.607966679843
2030-11-19 22:00:00,-6109.773223056149
2030-11-19 22:15:00,-6302.086690550837
2030-11-19 22:30:00,-6439.460531212808
2030-11-19 22:45:00,-6814.77752175768
2030-11-19 23:00:00,-6685.4625468672
2030-11-19 23:15:00,-6788.708015434089
2030-11-19 23:30:00,-7069.035084573947
2030-11-19 23:45:00,-7309.088995390639
2030-11-20 00:00:00,-7238.468957855166
2030-11-20 00:15:00,-6890.838973328158
2030-11-20 00:30:00,-5849.268877199345
2030-11-20 00:45:00,-5835.607779622878
2030-11-20 01:00:00,-6166.441978982024
2030-11-20 01:15:00,-6085.215192235482
2030-11-20 01:30:00,-5989.07165875757
2030-11-20 01:45:00,-5771.883356385402
2030-11-20 02:00:00,-5827.498593146947
2030-11-20 02:15:00,-5958.243884825026
2030-11-20 02:30:00,-5528.248075810117
2030-11-20 02:45:00,-5217.658318866346
2030-11-20 03:00:00,-5480.208242243003
2030-11-20 03:15:00,-5703.220359380899
2030-11-20 03:30:00,-5731.240624482354
2030-11-20 03:45:00,-5748.288629984681
2030-11-20 04:00:00,-5417.909904811791
2030-11-20 04:15:00,-5254.4858374888445
2030-11-20 04:30:00,-4603.561520288817
2030-11-20 04:45:00,-4465.946149380274
2030-11-20 05:00:00,-4159.840874071133
2030-11-20 05:15:00,-3277.4115482579437
2030-11-20 05:30:00,-2140.4074585629824
2030-11-20 05:45:00,-1362.5899869369932
2030-11-20 06:00:00,-333.80920021865313
2030-11-20 06:15:00,0.0
2030-11-20 06:30:00,0.0
2030-11-20 06:45:00,0.0
2030-11-20 07:00:00,0.0
2030-11-20 07:15:00,0.0
2030-11-20 07:30:00,0.0
2030-11-20 07:45:00,0.0
2030-11-20 08:00:00,0.0
2030-11-20 08:15:00,0.0
2030-11-20 08:30:00,0.0
2030-11-20 08:45:00,0.0
2030-11-20 09:00:00,0.0
2030-11-20 09:15:00,0.0
2030-11-20 09:30:00,0.0
2030-11-20 09:45:00,0.0
2030-11-20 10:00:00,0.0
2030-11-20 10:15:00,0.0
2030-11-20 10:30:00,0.0
2030-11-20 10:45:00,0.0
2030-11-20 11:00:00,0.0
2030-11-20 11:15:00,0.0
2030-11-20 11:30:00,0.0
2030-11-20 11:45:00,0.0
2030-11-20 12:00:00,0.0
2030-11-20 12:15:00,0.0
2030-11-20 12:30:00,0.0
2030-11-20 12:45:00,0.0
2030-11-20 13:00:00,0.0
2030-11-20 13:15:00,0.0
2030-11-20 13:30:00,0.0
2030-11-20 13:45:00,0.0
2030-11-20 14:00:00,0.0
2030-11-20 14:15:00,0.0
2030-11-20 14:30:00,0.0
2030-11-20 14:45:00,0.0
2030-11-20 15:00:00,0.0
2030-11-20 15:15:00,0.0
2030-11-20 15:30:00,0.0
2030-11-20 15:45:00,0.0
2030-11-20 16:00:00,0.0
2030-11-20 16:15:00,0.0
2030-11-20 16:30:00,0.0
2030-11-20 16:45:00,0.0
2030-11-20 17:00:00,0.0
2030-11-20 17:15:00,0.0
2030-11-20 17:30:00,0.0
2030-11-20 17:45:00,0.0
2030-11-20 18:00:00,0.0
2030-11-20 18:15:00,0.0
2030-11-20 18:30:00,0.0
2030-11-20 18:45:00,0.0
2030-11-20 19:00:00,0.0
2030-11-20 19:15:00,0.0
2030-11-20 19:30:00,0.0
2030-11-20 19:45:00,0.0
2030-11-20 20:00:00,0.0
2030-11-20 20:15:00,0.0
2030-11-20 20:30:00,0.0
2030-11-20 20:45:00,1173.4935285041574
2030-11-20 21:00:00,0.0
2030-11-20 21:15:00,0.0
2030-11-20 21:30:00,0.0
2030-11-20 21:45:00,0.0
2030-11-20 22:00:00,0.0
2030-11-20 22:15:00,0.0
2030-11-20 22:30:00,0.0
2030-11-20 22:45:00,0.0
2030-11-20 23:00:00,0.0
2030-11-20 23:15:00,0.0
2030-11-20 23:30:00,0.0
2030-11-20 23:45:00,0.0
2030-11-21 00:00:00,0.0
2030-11-21 00:15:00,0.0
2030-11-21 00:30:00,0.0
2030-11-21 00:45:00,0.0
2030-11-21 01:00:00,0.0
2030-11-21 01:15:00,0.0
2030-11-21 01:30:00,0.0
2030-11-21 01:45:00,0.0
2030-11-21 02:00:00,0.0
2030-11-21 02:15:00,0.0
2030-11-21 02:30:00,0.0
2030-11-21 02:45:00,0.0
2030-11-21 03:00:00,0.0
2030-11-21 03:15:00,0.0
2030-11-21 03:30:00,0.0
2030-11-21 03:45:00,0.0
2030-11-21 04:00:00,0.0
2030-11-21 04:15:00,0.0
2030-11-21 04:30:00,0.0
2030-11-21 04:45:00,0.0
2030-11-21 05:00:00,0.0
2030-11-21 05:15:00,0.0
2030-11-21 05:30:00,0.0
2030-11-21 05:45:00,0.0
2030-11-21 06:00:00,0.0
2030-11-21 06:15:00,0.0
2030-11-21 06:30:00,0.0
2030-11-21 06:45:00,0.0
2030-11-21 07:00:00,0.0
2030-11-21 07:15:00,0.0
2030-11-21 07:30:00,0.0
2030-11-21 07:45:00,0.0
2030-11-21 08:00:00,0.0
2030-11-21 08:15:00,0.0
2030-11-21 08:30:00,0.0
2030-11-21 08:45:00,0.0
2030-11-21 09:00:00,0.0
2030-11-21 09:15:00,0.0
2030-11-21 09:30:00,0.0
2030-11-21 09:45:00,0.0
2030-11-21 10:00:00,0.0
2030-11-21 10:15:00,0.0
2030-11-21 10:30:00,0.0
2030-11-21 10:45:00,0.0
2030-11-21 11:00:00,0.0
2030-11-21 11:15:00,0.0
2030-11-21 11:30:00,0.0
2030-11-21 11:45:00,0.0
2030-11-21 12:00:00,0.0
2030-11-21 12:15:00,0.0
2030-11-21 12:30:00,0.0
2030-11-21 12:45:00,0.0
2030-11-21 13:00:00,0.0
2030-11-21 13:15:00,0.0
2030-11-21 13:30:00,0.0
2030-11-21 13:45:00,0.0
2030-11-21 14:00:00,0.0
2030-11-21 14:15:00,0.0
2030-11-21 14:30:00,0.0
2030-11-21 14:45:00,0.0
2030-11-21 15:00:00,0.0
2030-11-21 15:15:00,0.0
2030-11-21 15:30:00,0.0
2030-11-21 15:45:00,0.0
2030-11-21 16:00:00,0.0
2030-11-21 16:15:00,0.0
2030-11-21 16:30:00,0.0
2030-11-21 16:45:00,80.80666964926786
2030-11-21 17:00:00,210.13532861395288
2030-11-21 17:15:00,165.76181082230687
2030-11-21 17:30:00,58.44946018014889
2030-11-21 17:45:00,14.996852280244639
2030-11-21 18:00:00,0.0
2030-11-21 18:15:00,0.0
2030-11-21 18:30:00,0.0
2030-11-21 18:45:00,0.0
2030-11-21 19:00:00,0.0
2030-11-21 19:15:00,0.0
2030-11-21 19:30:00,0.0
2030-11-21 19:45:00,0.0
2030-11-21 20:00:00,0.0
2030-11-21 20:15:00,0.0
2030-11-21 20:30:00,0.0
2030-11-21 20:45:00,0.0
2030-11-21 21:00:00,0.0
2030-11-21 21:15:00,0.0
2030-11-21 21:30:00,0.0
2030-11-21 21:45:00,0.0
2030-11-21 22:00:00,0.0
2030-11-21 22:15:00,0.0
2030-11-21 22:30:00,0.0
2030-11-21 22:45:00,0.0
2030-11-21 23:00:00,0.0
2030-11-21 23:15:00,0.0
2030-11-21 23:30:00,0.0
2030-11-21 23:45:00,0.0
2030-11-22 00:00:00,0.0
2030-11-22 00:15:00,0.0
2030-11-22 00:30:00,0.0
2030-11-22 00:45:00,0.0
2030-11-22 01:00:00,0.0
2030-11-22 01:15:00,0.0
2030-11-22 01:30:00,0.0
2030-11-22 01:45:00,0.0
2030-11-22 02:00:00,0.0
2030-11-22 02:15:00,0.0
2030-11-22 02:30:00,0.0
2030-11-22 02:45:00,0.0
2030-11-22 03:00:00,0.0
2030-11-22 03:15:00,0.0
2030-11-22 03:30:00,0.0
2030-11-22 03:45:00,0.0
2030-11-22 04:00:00,0.0
2030-11-22 04:15:00,0.0
2030-11-22 04:30:00,0.0
2030-11-22 04:45:00,0.0
2030-11-22 05:00:00,0.0
2030-11-22 05:15:00,0.0
2030-11-22 05:30:00,0.0
2030-11-22 05:45:00,0.0
2030-11-22 06:00:00,0.0
2030-11-22 06:15:00,0.0
2030-11-22 06:30:00,0.0
2030-11-22 06:45:00,0.0
2030-11-22 07:00:00,0.0
2030-11-22 07:15:00,0.0
2030-11-22 07:30:00,0.0
2030-11-22 07:45:00,0.0
2030-11-22 08:00:00,0.0
2030-11-22 08:15:00,0.0
2030-11-22 08:30:00,0.0
2030-11-22 08:45:00,0.0
2030-11-22 09:00:00,0.0
2030-11-22 09:15:00,0.0
2030-11-22 09:30:00,0.0
2030-11-22 09:45:00,0.0
2030-11-22 10:00:00,0.0
2030-11-22 10:15:00,0.0
2030-11-22 10:30:00,0.0
2030-11-22 10:45:00,0.0
2030-11-22 11:00:00,0.0
2030-11-22 11:15:00,0.0
2030-11-22 11:30:00,0.0
2030-11-22 11:45:00,0.0
2030-11-22 12:00:00,0.0
2030-11-22 12:15:00,0.0
2030-11-22 12:30:00,0.0
2030-11-22 12:45:00,0.0
2030-11-22 13:00:00,0.0
2030-11-22 13:15:00,0.0
2030-11-22 13:30:00,0.0
2030-11-22 13:45:00,0.0
2030-11-22 14:00:00,0.0
2030-11-22 14:15:00,0.0
2030-11-22 14:30:00,0.0
2030-11-22 14:45:00,0.0
2030-11-22 15:00:00,0.0
2030-11-22 15:15:00,0.0
2030-11-22 15:30:00,0.0
2030-11-22 15:45:00,0.0
2030-11-22 16:00:00,0.0
2030-11-22 16:15:00,0.0
2030-11-22 16:30:00,0.0
2030-11-22 16:45:00,0.0
2030-11-22 17:00:00,0.0
2030-11-22 17:15:00,0.0
2030-11-22 17:30:00,0.0
2030-11-22 17:45:00,0.0
2030-11-22 18:00:00,0.0
2030-11-22 18:15:00,0.0
2030-11-22 18:30:00,0.0
2030-11-22 18:45:00,0.0
2030-11-22 19:00:00,0.0
2030-11-22 19:15:00,0.0
2030-11-22 19:30:00,0.0
2030-11-22 19:45:00,0.0
2030-11-22 20:00:00,0.0
2030-11-22 20:15:00,0.0
2030-11-22 20:30:00,0.0
2030-11-22 20:45:00,0.0
2030-11-22 21:00:00,0.0
2030-11-22 21:15:00,0.0
2030-11-22 21:30:00,0.0
2030-11-22 21:45:00,0.0
2030-11-22 22:00:00,0.0
2030-11-22 22:15:00,0.0
2030-11-22 22:30:00,0.0
2030-11-22 22:45:00,0.0
2030-11-22 23:00:00,0.0
2030-11-22 23:15:00,0.0
2030-11-22 23:30:00,0.0
2030-11-22 23:45:00,0.0
2030-11-23 00:00:00,0.0
2030-11-23 00:15:00,0.0
2030-11-23 00:30:00,0.0
2030-11-23 00:45:00,0.0
2030-11-23 01:00:00,0.0
2030-11-23 01:15:00,0.0
2030-11-23 01:30:00,0.0
2030-11-23 01:45:00,0.0
2030-11-23 02:00:00,0.0
2030-11-23 02:15:00,0.0
2030-11-23 02:30:00,0.0
2030-11-23 02:45:00,0.0
2030-11-23 03:00:00,0.0
2030-11-23 03:15:00,0.0
2030-11-23 03:30:00,0.0
2030-11-23 03:45:00,0.0
2030-11-23 04:00:00,0.0
2030-11-23 04:15:00,0.0
2030-11-23 04:30:00,0.0
2030-11-23 04:45:00,0.0
2030-11-23 05:00:00,0.0
2030-11-23 05:15:00,0.0
2030-11-23 05:30:00,0.0
2030-11-23 05:45:00,0.0
2030-11-23 06:00:00,0.0
2030-11-23 06:15:00,0.0
2030-11-23 06:30:00,0.0
2030-11-23 06:45:00,0.0
2030-11-23 07:00:00,0.0
2030-11-23 07:15:00,0.0
2030-11-23 07:30:00,0.0
2030-11-23 07:45:00,0.0
2030-11-23 08:00:00,0.0
2030-11-23 08:15:00,0.0
2030-11-23 08:30:00,0.0
2030-11-23 08:45:00,0.0
2030-11-23 09:00:00,0.0
2030-11-23 09:15:00,0.0
2030-11-23 09:30:00,0.0
2030-11-23 09:45:00,0.0
2030-11-23 10:00:00,0.0
2030-11-23 10:15:00,0.0
2030-11-23 10:30:00,0.0
2030-11-23 10:45:00,0.0
2030-11-23 11:00:00,0.0
2030-11-23 11:15:00,-6081.646113676557
2030-11-23 11:30:00,-9712.82063247632
2030-11-23 11:45:00,-10019.942014750493
2030-11-23 12:00:00,-10205.467820670423
2030-11-23 12:15:00,-10488.73743863307
2030-11-23 12:30:00,-10617.657826255516
2030-11-23 12:45:00,-10457.331804395308
2030-11-23 13:00:00,-10268.49488502281
2030-11-23 13:15:00,-10252.15207102845
2030-11-23 13:30:00,-9898.989595799645
2030-11-23 13:45:00,-9832.708071352201
2030-11-23 14:00:00,-9646.513381670753
2030-11-23 14:15:00,-9498.901104339977
2030-11-23 14:30:00,-9455.538953379255
2030-11-23 14:45:00,-9127.807579665237
2030-11-23 15:00:00,-8577.296453918847
2030-11-23 15:15:00,-8167.323933587497
2030-11-23 15:30:00,-8243.993340836143
2030-11-23 15:45:00,-8218.972903770034
2030-11-23 16:00:00,-7900.370640628949
2030-11-23 16:15:00,-7879.190423834214
2030-11-23 16:30:00,-7787.41253054938
2030-11-23 16:45:00,-7737.479720742547
2030-11-23 17:00:00,-7609.738421226812
2030-11-23 17:15:00,-7457.301513542938
2030-11-23 17:30:00,-7438.125479856593
2030-11-23 17:45:00,-7495.56195575263
2030-11-23 18:00:00,-7884.687135680597
2030-11-23 18:15:00,-8045.617508805375
2030-11-23 18:30:00,-8237.776066665505
2030-11-23 18:45:00,-8484.13980579421
2030-11-23 19:00:00,-8850.730257375355
2030-11-23 19:15:00,-8894.238941264714
2030-11-23 19:30:00,-8868.429245627645
2030-11-23 19:45:00,-8463.943365265106
2030-11-23 20:00:00,-8630.606841819961
2030-11-23 20:15:00,-8862.982096891395
2030-11-23 20:30:00,-9230.026329386747
2030-11-23 20:45:00,-9561.385105703892
2030-11-23 21:00:00,-9734.97919724316
2030-11-23 21:15:00,-9111.838838098698
2030-11-23 21:30:00,-8987.382657339647
2030-11-23 21:45:00,-8994.627948611353
2030-11-23 22:00:00,-8809.164172710036
2030-11-23 22:15:00,-9090.096695470937
2030-11-23 22:30:00,-9475.003829757181
2030-11-23 22:45:00,-9309.171594578063
2030-11-23 23:00:00,-9902.634594948147
2030-11-23 23:15:00,-9748.498798787
2030-11-23 23:30:00,-9450.956998635273
2030-11-23 23:45:00,-9435.351264177778
2030-11-24 00:00:00,-9558.228995870093
2030-11-24 00:15:00,-9691.222212749788
2030-11-24 00:30:00,-9872.347018855842
2030-11-24 00:45:00,-9949.041185034053
2030-11-24 01:00:00,-9505.571718572144
2030-11-24 01:15:00,-8769.364369558225
2030-11-24 01:30:00,-9146.788013646837
2030-11-24 01:45:00,-9612.08620653586
2030-11-24 02:00:00,-9343.84070024689
2030-11-24 02:15:00,-9331.226265923313
2030-11-24 02:30:00,-9457.197188745353
2030-11-24 02:45:00,-9328.66791570449
2030-11-24 03:00:00,-9312.480431327218
2030-11-24 03:15:00,-9276.009347890264
2030-11-24 03:30:00,-9364.288605349113
2030-11-24 03:45:00,-9237.658683879836
2030-11-24 04:00:00,-9278.763780209734
2030-11-24 04:15:00,-9029.021124143062
2030-11-24 04:30:00,-8832.915523962805
2030-11-24 04:45:00,-8581.942074555238
2030-11-24 05:00:00,-7833.476467675107
2030-11-24 05:15:00,-7380.694014491535
2030-11-24 05:30:00,-6966.688012972481
2030-11-24 05:45:00,-6534.569671792968
2030-11-24 06:00:00,-5941.036908640508
2030-11-24 06:15:00,-5191.495450784831
2030-11-24 06:30:00,-4614.883682902735
2030-11-24 06:45:00,-4300.620060221103
2030-11-24 07:00:00,-4318.923488222008
2030-11-24 07:15:00,-4131.364675572993
2030-11-24 07:30:00,-4012.047868373713
2030-11-24 07:45:00,-3687.7617153797764
2030-11-24 08:00:00,-3467.298717108515
2030-11-24 08:15:00,-3239.515720813135
2030-11-24 08:30:00,-3390.3116808094856
2030-11-24 08:45:00,-3535.5364891188874
2030-11-24 09:00:00,-3664.7166103594027
2030-11-24 09:15:00,-3728.9488986190736
2030-11-24 09:30:00,-3971.296024570449
2030-11-24 09:45:00,-3942.528834670473
2030-11-24 10:00:00,-4303.800131354528
2030-11-24 10:15:00,-4923.350948721967
2030-11-24 10:30:00,-5174.444163918208
2030-11-24 10:45:00,-5575.182184146241
2030-11-24 11:00:00,-5927.791060414314
2030-11-24 11:15:00,-6117.908232508111
2030-11-24 11:30:00,-6207.0683476001395
2030-11-24 11:45:00,-6760.483505010277
2030-11-24 12:00:00,-7130.50715926028
2030-11-24 12:15:00,-7500.285956920834
2030-11-24 12:30:00,-7486.815943387723
2030-11-24 12:45:00,-7657.228931306374
2030-11-24 13:00:00,-7708.646201860251
2030-11-24 13:15:00,-7254.193282060354
2030-11-24 13:30:00,-6918.79634435238
2030-11-24 13:45:00,-7091.09313496442
2030-11-24 14:00:00,-7101.944080476038
2030-11-24 14:15:00,-6723.794066980183
2030-11-24 14:30:00,-6521.905221196761
2030-11-24 14:45:00,-6111.795486546496
2030-11-24 15:00:00,-6011.658056464319
2030-11-24 15:15:00,-5745.210207740023
2030-11-24 15:30:00,-5742.803958497505
2030-11-24 15:45:00,-5276.655380625882
2030-11-24 16:00:00,-4495.04039973074
2030-11-24 16:15:00,-4436.9460883666
2030-11-24 16:30:00,-4006.3173010647406
2030-11-24 16:45:00,-3775.4254875943734
2030-11-24 17:00:00,-3528.08709437578
2030-11-24 17:15:00,-3581.666580350571
2030-11-24 17:30:00,-3510.4323932944644
2030-11-24 17:45:00,-3636.294752412712
2030-11-24 18:00:00,-3588.7529031715094
2030-11-24 18:15:00,-3763.1554645584692
2030-11-24 18:30:00,-3850.58783718825
2030-11-24 18:45:00,-3875.8306832409144
2030-11-24 19:00:00,-3996.9863002843267
2030-11-24 19:15:00,-4165.978070140023
2030-11-24 19:30:00,-4267.816432579977
2030-11-24 19:45:00,-4561.34368744136
2030-11-24 20:00:00,-4968.359962943745
2030-11-24 20:15:00,-5351.252170050477
2030-11-24 20:30:00,-5484.452180203716
2030-11-24 20:45:00,-5562.410961879432
2030-11-24 21:00:00,-5473.099734369876
2030-11-24 21:15:00,-5429.326176072256
2030-11-24 21:30:00,-5772.342178178915
2030-11-24 21:45:00,-5913.64604327417
2030-11-24 22:00:00,-5528.738841815299
2030-11-24 22:15:00,-5436.07296306382
2030-11-24 22:30:00,-5139.4597615660605
2030-11-24 22:45:00,-5034.7967099303605
2030-11-24 23:00:00,-5224.726146123758
2030-11-24 23:15:00,-5248.657709027881
2030-11-24 23:30:00,-5516.203591116537
2030-11-24 23:45:00,-5670.106548035252
2030-11-25 00:00:00,-5212.045323708353
2030-11-25 00:15:00,-4907.447259821933
2030-11-25 00:30:00,-4891.254470002648
2030-11-25 00:45:00,-4920.51211077518
2030-11-25 01:00:00,-4560.567229935936
2030-11-25 01:15:00,-4186.201050466447
2030-11-25 01:30:00,-3802.109830030433
2030-11-25 01:45:00,-3893.121558803421
2030-11-25 02:00:00,-3745.9512767636697
2030-11-25 02:15:00,-3740.0894039092855
2030-11-25 02:30:00,-3860.7886200243265
2030-11-25 02:45:00,-4033.953420445934
2030-11-25 03:00:00,-4300.347035517234
2030-11-25 03:15:00,-4436.717454828877
2030-11-25 03:30:00,-4464.215620213474
2030-11-25 03:45:00,-4362.517876248445
2030-11-25 04:00:00,-3872.1525706582997
2030-11-25 04:15:00,-3621.6023702446655
2030-11-25 04:30:00,-3361.2806627432383
2030-11-25 04:45:00,-2988.135965508429
2030-11-25 05:00:00,-2921.441188535111
2030-11-25 05:15:00,-2945.5679529595436
2030-11-25 05:30:00,-3103.201230180679
2030-11-25 05:45:00,-2986.4188856098754
2030-11-25 06:00:00,-3050.9000435558137
2030-11-25 06:15:00,-2741.451348986964
2030-11-25 06:30:00,-2445.711196482993
2030-11-25 06:45:00,-1288.717411203037
2030-11-25 07:00:00,-182.4465895635658
2030-11-25 07:15:00,0.0
2030-11-25 07:30:00,0.0
2030-11-25 07:45:00,0.0
2030-11-25 08:00:00,0.0
2030-11-25 08:15:00,0.0
2030-11-25 08:30:00,0.0
2030-11-25 08:45:00,0.0
2030-11-25 09:00:00,0.0
2030-11-25 09:15:00,0.0
2030-11-25 09:30:00,0.0
2030-11-25 09:45:00,0.0
2030-11-25 10:00:00,0.0
2030-11-25 10:15:00,0.0
2030-11-25 10:30:00,0.0
2030-11-25 10:45:00,0.0
2030-11-25 11:00:00,0.0
2030-11-25 11:15:00,0.0
2030-11-25 11:30:00,0.0
2030-11-25 11:45:00,0.0
2030-11-25 12:00:00,0.0
2030-11-25 12:15:00,0.0
2030-11-25 12:30:00,0.0
2030-11-25 12:45:00,0.0
2030-11-25 13:00:00,0.0
2030-11-25 13:15:00,0.0
2030-11-25 13:30:00,0.0
2030-11-25 13:45:00,0.0
2030-11-25 14:00:00,0.0
2030-11-25 14:15:00,0.0
2030-11-25 14:30:00,0.0
2030-11-25 14:45:00,0.0
2030-11-25 15:00:00,0.0
2030-11-25 15:15:00,0.0
2030-11-25 15:30:00,0.0
2030-11-25 15:45:00,0.0
2030-11-25 16:00:00,0.0
2030-11-25 16:15:00,0.0
2030-11-25 16:30:00,0.0
2030-11-25 16:45:00,0.0
2030-11-25 17:00:00,0.0
2030-11-25 17:15:00,0.0
2030-11-25 17:30:00,0.0
2030-11-25 17:45:00,0.0
2030-11-25 18:00:00,0.0
2030-11-25 18:15:00,0.0
2030-11-25 18:30:00,0.0
2030-11-25 18:45:00,0.0
2030-11-25 19:00:00,0.0
2030-11-25 19:15:00,0.0
2030-11-25 19:30:00,0.0
2030-11-25 19:45:00,0.0
2030-11-25 20:00:00,0.0
2030-11-25 20:15:00,0.0
2030-11-25 20:30:00,0.0
2030-11-25 20:45:00,0.0
2030-11-25 21:00:00,0.0
2030-11-25 21:15:00,0.0
2030-11-25 21:30:00,0.0
2030-11-25 21:45:00,0.0
2030-11-25 22:00:00,0.0
2030-11-25 22:15:00,0.0
2030-11-25 22:30:00,0.0
2030-11-25 22:45:00,0.0
2030-11-25 23:00:00,0.0
2030-11-25 23:15:00,0.0
2030-11-25 23:30:00,0.0
2030-11-25 23:45:00,0.0
2030-11-26 00:00:00,0.0
2030-11-26 00:15:00,0.0
2030-11-26 00:30:00,0.0
2030-11-26 00:45:00,0.0
2030-11-26 01:00:00,0.0
2030-11-26 01:15:00,0.0
2030-11-26 01:30:00,0.0
2030-11-26 01:45:00,0.0
2030-11-26 02:00:00,0.0
2030-11-26 02:15:00,0.0
2030-11-26 02:30:00,0.0
2030-11-26 02:45:00,0.0
2030-11-26 03:00:00,0.0
2030-11-26 03:15:00,0.0
2030-11-26 03:30:00,0.0
2030-11-26 03:45:00,0.0
2030-11-26 04:00:00,0.0
2030-11-26 04:15:00,0.0
2030-11-26 04:30:00,0.0
2030-11-26 04:45:00,0.0
2030-11-26 05:00:00,0.0
2030-11-26 05:15:00,0.0
2030-11-26 05:30:00,0.0
2030-11-26 05:45:00,0.0
2030-11-26 06:00:00,1871.8928951705675
2030-11-26 06:15:00,0.0
2030-11-26 06:30:00,0.0
2030-11-26 06:45:00,0.0
2030-11-26 07:00:00,0.0
2030-11-26 07:15:00,0.0
2030-11-26 07:30:00,0.0
2030-11-26 07:45:00,0.0
2030-11-26 08:00:00,0.0
2030-11-26 08:15:00,0.0
2030-11-26 08:30:00,0.0
2030-11-26 08:45:00,0.0
2030-11-26 09:00:00,0.0
2030-11-26 09:15:00,0.0
2030-11-26 09:30:00,0.0
2030-11-26 09:45:00,0.0
2030-11-26 10:00:00,0.0
2030-11-26 10:15:00,0.0
2030-11-26 10:30:00,0.0
2030-11-26 10:45:00,0.0
2030-11-26 11:00:00,0.0
2030-11-26 11:15:00,0.0
2030-11-26 11:30:00,0.0
2030-11-26 11:45:00,0.0
2030-11-26 12:00:00,0.0
2030-11-26 12:15:00,0.0
2030-11-26 12:30:00,0.0
2030-11-26 12:45:00,0.0
2030-11-26 13:00:00,0.0
2030-11-26 13:15:00,0.0
2030-11-26 13:30:00,0.0
2030-11-26 13:45:00,0.0
2030-11-26 14:00:00,0.0
2030-11-26 14:15:00,0.0
2030-11-26 14:30:00,0.0
2030-11-26 14:45:00,0.0
2030-11-26 15:00:00,0.0
2030-11-26 15:15:00,0.0
2030-11-26 15:30:00,0.0
2030-11-26 15:45:00,0.0
2030-11-26 16:00:00,0.0
2030-11-26 16:15:00,0.0
2030-11-26 16:30:00,0.0
2030-11-26 16:45:00,0.0
2030-11-26 17:00:00,51.53835932269067
2030-11-26 17:15:00,111.67743595706816
2030-11-26 17:30:00,116.72629212551328
2030-11-26 17:45:00,146.7285261345005
2030-11-26 18:00:00,341.17224240908763
2030-11-26 18:15:00,403.8207045114068
2030-11-26 18:30:00,278.67667133716714
2030-11-26 18:45:00,247.52729871832707
2030-11-26 19:00:00,162.25919778905882
2030-11-26 19:15:00,144.91006624742477
2030-11-26 19:30:00,138.92084861654075
2030-11-26 19:45:00,2.5427633370400144
2030-11-26 20:00:00,0.0
2030-11-26 20:15:00,0.0
2030-11-26 20:30:00,0.0
2030-11-26 20:45:00,0.0
2030-11-26 21:00:00,0.0
2030-11-26 21:15:00,0.0
2030-11-26 21:30:00,0.0
2030-11-26 21:45:00,0.0
2030-11-26 22:00:00,0.0
2030-11-26 22:15:00,0.0
2030-11-26 22:30:00,0.0
2030-11-26 22:45:00,0.0
2030-11-26 23:00:00,0.0
2030-11-26 23:15:00,0.0
2030-11-26 23:30:00,0.0
2030-11-26 23:45:00,0.0
2030-11-27 00:00:00,0.0
2030-11-27 00:15:00,0.0
2030-11-27 00:30:00,0.0
2030-11-27 00:45:00,0.0
2030-11-27 01:00:00,0.0
2030-11-27 01:15:00,0.0
2030-11-27 01:30:00,0.0
2030-11-27 01:45:00,0.0
2030-11-27 02:00:00,0.0
2030-11-27 02:15:00,0.0
2030-11-27 02:30:00,0.0
2030-11-27 02:45:00,0.0
2030-11-27 03:00:00,0.0
2030-11-27 03:15:00,0.0
2030-11-27 03:30:00,0.0
2030-11-27 03:45:00,0.0
2030-11-27 04:00:00,0.0
2030-11-27 04:15:00,0.0
2030-11-27 04:30:00,0.0
2030-11-27 04:45:00,0.0
2030-11-27 05:00:00,0.0
2030-11-27 05:15:00,0.0
2030-11-27 05:30:00,0.0
2030-11-27 05:45:00,426.48120452953117
2030-11-27 06:00:00,1423.6011275772162
2030-11-27 06:15:00,2162.841694752835
2030-11-27 06:30:00,2656.1506823559193
2030-11-27 06:45:00,3055.9365422538212
2030-11-27 07:00:00,3660.159131434166
2030-11-27 07:15:00,3885.059666372599
2030-11-27 07:30:00,4092.162201874973
2030-11-27 07:45:00,4165.574123456479
2030-11-27 08:00:00,4214.878381734055
2030-11-27 08:15:00,4199.6365343061225
2030-11-27 08:30:00,4096.378692706399
2030-11-27 08:45:00,3939.654081414217
2030-11-27 09:00:00,3633.431359212984
2030-11-27 09:15:00,3276.254195486701
2030-11-27 09:30:00,3015.865519362156
2030-11-27 09:45:00,2758.6242272889594
2030-11-27 10:00:00,2375.0844165928575
2030-11-27 10:15:00,2129.4527723013616
2030-11-27 10:30:00,1956.6733389705605
2030-11-27 10:45:00,1703.5958759074838
2030-11-27 11:00:00,1347.6177438014092
2030-11-27 11:15:00,1325.1042163580623
2030-11-27 11:30:00,1256.8729917699238
2030-11-27 11:45:00,964.6563309598878
2030-11-27 12:00:00,762.9692273290093
2030-11-27 12:15:00,275.41907589408584
2030-11-27 12:30:00,100.83443834501668
2030-11-27 12:45:00,120.76087246683892
2030-11-27 13:00:00,164.44183540956328
2030-11-27 13:15:00,245.66808374912398
2030-11-27 13:30:00,414.65111766316477
2030-11-27 13:45:00,466.8611293521226
2030-11-27 14:00:00,428.4679724651942
2030-11-27 14:15:00,497.1509548470058
2030-11-27 14:30:00,741.3481637385048
2030-11-27 14:45:00,990.0347100473355
2030-11-27 15:00:00,1116.4548806376533
2030-11-27 15:15:00,1167.6977881601942
2030-11-27 15:30:00,1039.4414360368773
2030-11-27 15:45:00,814.2834793420916
2030-11-27 16:00:00,789.019925612236
2030-11-27 16:15:00,962.0632561724124
2030-11-27 16:30:00,880.799018547521
2030-11-27 16:45:00,588.065695648811
2030-11-27 17:00:00,608.158731648382
2030-11-27 17:15:00,529.0723090043302
2030-11-27 17:30:00,331.152940913933
2030-11-27 17:45:00,189.10431697792228
2030-11-27 18:00:00,22.17898304647497
2030-11-27 18:15:00,0.0
2030-11-27 18:30:00,0.0
2030-11-27 18:45:00,0.0
2030-11-27 19:00:00,0.0
2030-11-27 19:15:00,0.0
2030-11-27 19:30:00,0.0
2030-11-27 19:45:00,0.0
2030-11-27 20:00:00,0.0
2030-11-27 20:15:00,0.0
2030-11-27 20:30:00,0.0
2030-11-27 20:45:00,0.0
2030-11-27 21:00:00,0.0
2030-11-27 21:15:00,0.0
2030-11-27 21:30:00,0.0
2030-11-27 21:45:00,0.0
2030-11-27 22:00:00,0.0
2030-11-27 22:15:00,0.0
2030-11-27 22:30:00,0.0
2030-11-27 22:45:00,0.0
2030-11-27 23:00:00,0.0
2030-11-27 23:15:00,0.0
2030-11-27 23:30:00,0.0
2030-11-27 23:45:00,0.0
2030-11-28 00:00:00,0.0
2030-11-28 00:15:00,0.0
2030-11-28 00:30:00,0.0
2030-11-28 00:45:00,0.0
2030-11-28 01:00:00,0.0
2030-11-28 01:15:00,0.0
2030-11-28 01:30:00,0.0
2030-11-28 01:45:00,0.0
2030-11-28 02:00:00,0.0
2030-11-28 02:15:00,0.0
2030-11-28 02:30:00,0.0
2030-11-28 02:45:00,0.0
2030-11-28 03:00:00,0.0
2030-11-28 03:15:00,0.0
2030-11-28 03:30:00,0.0
2030-11-28 03:45:00,0.0
2030-11-28 04:00:00,0.0
2030-11-28 04:15:00,0.0
2030-11-28 04:30:00,0.0
2030-11-28 04:45:00,0.0
2030-11-28 05:00:00,0.0
2030-11-28 05:15:00,0.0
2030-11-28 05:30:00,0.0
2030-11-28 05:45:00,0.0
2030-11-28 06:00:00,0.0
2030-11-28 06:15:00,0.0
2030-11-28 06:30:00,0.0
2030-11-28 06:45:00,0.0
2030-11-28 07:00:00,0.0
2030-11-28 07:15:00,0.0
2030-11-28 07:30:00,0.0
2030-11-28 07:45:00,0.0
2030-11-28 08:00:00,0.0
2030-11-28 08:15:00,0.0
2030-11-28 08:30:00,0.0
2030-11-28 08:45:00,0.0
2030-11-28 09:00:00,0.0
2030-11-28 09:15:00,0.0
2030-11-28 09:30:00,0.0
2030-11-28 09:45:00,0.0
2030-11-28 10:00:00,0.0
2030-11-28 10:15:00,0.0
2030-11-28 10:30:00,0.0
2030-11-28 10:45:00,0.0
2030-11-28 11:00:00,0.0
2030-11-28 11:15:00,0.0
2030-11-28 11:30:00,0.0
2030-11-28 11:45:00,0.0
2030-11-28 12:00:00,0.0
2030-11-28 12:15:00,0.0
2030-11-28 12:30:00,0.0
2030-11-28 12:45:00,0.0
2030-11-28 13:00:00,0.0
2030-11-28 13:15:00,0.0
2030-11-28 13:30:00,0.0
2030-11-28 13:45:00,0.0
2030-11-28 14:00:00,269.27050284725374
2030-11-28 14:15:00,1148.6984858504002
2030-11-28 14:30:00,2064.5060771157005
2030-11-28 14:45:00,3002.101638693761
2030-11-28 15:00:00,4044.922392903278
2030-11-28 15:15:00,4697.9986921465825
2030-11-28 15:30:00,4962.248569712945
2030-11-28 15:45:00,5158.729693675952
2030-11-28 16:00:00,5413.607655564694
2030-11-28 16:15:00,5641.638358047054
2030-11-28 16:30:00,5530.616073549201
2030-11-28 16:45:00,5478.019500975352
2030-11-28 17:00:00,5487.330727674966
2030-11-28 17:15:00,5383.303002475317
2030-11-28 17:30:00,5273.884821420164
2030-11-28 17:45:00,5332.347884100742
2030-11-28 18:00:00,5032.131781094096
2030-11-28 18:15:00,4655.80666578246
2030-11-28 18:30:00,4303.222723052484
2030-11-28 18:45:00,4005.4806724566315
2030-11-28 19:00:00,3737.777219766298
2030-11-28 19:15:00,3522.631049564923
2030-11-28 19:30:00,2979.6383198035255
2030-11-28 19:45:00,2585.9557780735868
2030-11-28 20:00:00,2033.7110083466323
2030-11-28 20:15:00,1622.1667353349676
2030-11-28 20:30:00,963.5869538263523
2030-11-28 20:45:00,589.4030778045271
2030-11-28 21:00:00,5.835299039623351
2030-11-28 21:15:00,0.0
2030-11-28 21:30:00,0.0
2030-11-28 21:45:00,0.0
2030-11-28 22:00:00,0.0
2030-11-28 22:15:00,0.0
2030-11-28 22:30:00,0.0
2030-11-28 22:45:00,0.0
2030-11-28 23:00:00,0.0
2030-11-28 23:15:00,0.0
2030-11-28 23:30:00,0.0
2030-11-28 23:45:00,0.0
2030-11-29 00:00:00,0.0
2030-11-29 00:15:00,0.0
2030-11-29 00:30:00,0.0
2030-11-29 00:45:00,0.0
2030-11-29 01:00:00,0.0
2030-11-29 01:15:00,0.0
2030-11-29 01:30:00,0.0
2030-11-29 01:45:00,0.0
2030-11-29 02:00:00,0.0
2030-11-29 02:15:00,0.0
2030-11-29 02:30:00,0.0
2030-11-29 02:45:00,0.0
2030-11-29 03:00:00,0.0
2030-11-29 03:15:00,0.0
2030-11-29 03:30:00,0.0
2030-11-29 03:45:00,0.0
2030-11-29 04:00:00,0.0
2030-11-29 04:15:00,0.0
2030-11-29 04:30:00,0.0
2030-11-29 04:45:00,0.0
2030-11-29 05:00:00,0.0
2030-11-29 05:15:00,0.0
2030-11-29 05:30:00,0.0
2030-11-29 05:45:00,0.0
2030-11-29 06:00:00,0.0
2030-11-29 06:15:00,0.0
2030-11-29 06:30:00,0.0
2030-11-29 06:45:00,0.0
2030-11-29 07:00:00,0.0
2030-11-29 07:15:00,0.0
2030-11-29 07:30:00,0.0
2030-11-29 07:45:00,0.0
2030-11-29 08:00:00,0.0
2030-11-29 08:15:00,0.0
2030-11-29 08:30:00,0.0
2030-11-29 08:45:00,0.0
2030-11-29 09:00:00,0.0
2030-11-29 09:15:00,0.0
2030-11-29 09:30:00,0.0
2030-11-29 09:45:00,0.0
2030-11-29 10:00:00,0.0
2030-11-29 10:15:00,0.0
2030-11-29 10:30:00,0.0
2030-11-29 10:45:00,0.0
2030-11-29 11:00:00,0.0
2030-11-29 11:15:00,0.0
2030-11-29 11:30:00,0.0
2030-11-29 11:45:00,0.0
2030-11-29 12:00:00,0.0
2030-11-29 12:15:00,0.0
2030-11-29 12:30:00,0.0
2030-11-29 12:45:00,0.0
2030-11-29 13:00:00,0.0
2030-11-29 13:15:00,0.0
2030-11-29 13:30:00,0.0
2030-11-29 13:45:00,0.0
2030-11-29 14:00:00,0.0
2030-11-29 14:15:00,0.0
2030-11-29 14:30:00,0.0
2030-11-29 14:45:00,504.4190624816292
2030-11-29 15:00:00,1374.5727374866037
2030-11-29 15:15:00,1869.550106089664
2030-11-29 15:30:00,2328.6072288786418
2030-11-29 15:45:00,2692.0578362500055
2030-11-29 16:00:00,3076.5617041529476
2030-11-29 16:15:00,3591.088774557622
2030-11-29 16:30:00,3816.664608339621
2030-11-29 16:45:00,4057.6246664748724
2030-11-29 17:00:00,4301.421572163788
2030-11-29 17:15:00,4406.228329620293
2030-11-29 17:30:00,4575.019059410217
2030-11-29 17:45:00,4652.654992954045
2030-11-29 18:00:00,4604.717515044733
2030-11-29 18:15:00,4603.229435556703
2030-11-29 18:30:00,4618.586950035238
2030-11-29 18:45:00,4610.7983367032175
2030-11-29 19:00:00,4655.689615726191
2030-11-29 19:15:00,4701.914127941247
2030-11-29 19:30:00,4618.3558838065655
2030-11-29 19:45:00,4490.324831026366
2030-11-29 20:00:00,4303.6947738878625
2030-11-29 20:15:00,4207.329519097506
2030-11-29 20:30:00,4085.9129245172007
2030-11-29 20:45:00,3991.3607330728246
2030-11-29 21:00:00,3967.7097057222
2030-11-29 21:15:00,3833.2631132007155
2030-11-29 21:30:00,3619.6862899619227
2030-11-29 21:45:00,3444.9383616723026
2030-11-29 22:00:00,3391.761748207422
2030-11-29 22:15:00,3252.89309603698
2030-11-29 22:30:00,3071.493620924026
2030-11-29 22:45:00,2843.4631619720494
2030-11-29 23:00:00,2733.017069568741
2030-11-29 23:15:00,2542.084512240068
2030-11-29 23:30:00,2367.6619779209577
2030-11-29 23:45:00,2173.202132592942
2030-11-30 00:00:00,2127.3250378716584
2030-11-30 00:15:00,2022.0963997124763
2030-11-30 00:30:00,1879.0571484626325
2030-11-30 00:45:00,1605.2835256282196
2030-11-30 01:00:00,1459.4528201237608
2030-11-30 01:15:00,1268.366536040936
2030-11-30 01:30:00,1259.8419711381648
2030-11-30 01:45:00,1158.3411157434439
2030-11-30 02:00:00,1138.4658997442875
2030-11-30 02:15:00,1205.7772477948129
2030-11-30 02:30:00,1109.5422768026365
2030-11-30 02:45:00,1046.595175481496
2030-11-30 03:00:00,924.0344657587339
2030-11-30 03:15:00,805.6549604852808
2030-11-30 03:30:00,795.0335533854541
2030-11-30 03:45:00,531.9090860634988
2030-11-30 04:00:00,590.2250222157927
2030-11-30 04:15:00,739.6387991255797
2030-11-30 04:30:00,973.7697499875794
2030-11-30 04:45:00,954.7256350142052
2030-11-30 05:00:00,1163.864447877546
2030-11-30 05:15:00,1153.0178874530084
2030-11-30 05:30:00,1584.0413933945983
2030-11-30 05:45:00,1931.5477684300058
2030-11-30 06:00:00,2890.568315115157
2030-11-30 06:15:00,3373.3582216847008
2030-11-30 06:30:00,3569.938016540178
2030-11-30 06:45:00,3843.4469099559974
2030-11-30 07:00:00,4328.444407312447
2030-11-30 07:15:00,4535.55603315961
2030-11-30 07:30:00,4647.603205733045
2030-11-30 07:45:00,4808.745459840553
2030-11-30 08:00:00,5019.059991843562
2030-11-30 08:15:00,4870.483171239888
2030-11-30 08:30:00,4612.115580507267
2030-11-30 08:45:00,4094.5322667018627
2030-11-30 09:00:00,3555.734604878773
2030-11-30 09:15:00,3090.07467350946
2030-11-30 09:30:00,2708.1199462171917
2030-11-30 09:45:00,2109.149482716837
2030-11-30 10:00:00,1701.5093464098536
2030-11-30 10:15:00,1330.9879572829323
2030-11-30 10:30:00,950.5303883052075
2030-11-30 10:45:00,610.4502658191141
2030-11-30 11:00:00,416.31708522911686
2030-11-30 11:15:00,272.22326139408324
2030-11-30 11:30:00,70.91417555057524
2030-11-30 11:45:00,0.0
2030-11-30 12:00:00,0.0
2030-11-30 12:15:00,0.0
2030-11-30 12:30:00,0.0
2030-11-30 12:45:00,486.55221507588067
2030-11-30 13:00:00,801.0949350905139
2030-11-30 13:15:00,720.8186274790787
2030-11-30 13:30:00,653.639379802702
2030-11-30 13:45:00,925.1332502858368
2030-11-30 14:00:00,1512.3376672329323
2030-11-30 14:15:00,1552.7124758438476
2030-11-30 14:30:00,1516.0053859179097
2030-11-30 14:45:00,1599.5717620618288
2030-11-30 15:00:00,1345.1114802745287
2030-11-30 15:15:00,1529.0342181134529
2030-11-30 15:30:00,1590.5772380952385
2030-11-30 15:45:00,1685.9656691773707
2030-11-30 16:00:00,2064.302483988293
2030-11-30 16:15:00,2290.848270802102
2030-11-30 16:30:00,2430.0237946804427
2030-11-30 16:45:00,2414.34463248487
2030-11-30 17:00:00,2271.976554413326
2030-11-30 17:15:00,2266.137247304652
2030-11-30 17:30:00,2600.5303833347134
2030-11-30 17:45:00,2638.8331907768697
2030-11-30 18:00:00,2999.8635468389766
2030-11-30 18:15:00,3257.2571123916277
2030-11-30 18:30:00,3313.467102668448
2030-11-30 18:45:00,3216.2840287861945
2030-11-30 19:00:00,3161.4343462311954
2030-11-30 19:15:00,3307.8943995816153
2030-11-30 19:30:00,3445.995449528702
2030-11-30 19:45:00,3412.3986418280765
2030-11-30 20:00:00,3444.4643728389437
2030-11-30 20:15:00,3339.572760557792
2030-11-30 20:30:00,3408.2163436052488
2030-11-30 20:45:00,3538.6618568899357
2030-11-30 21:00:00,3350.953808205246
2030-11-30 21:15:00,3204.8953093245727
2030-11-30 21:30:00,2805.1579034823953
2030-11-30 21:45:00,2316.369749447109
2030-11-30 22:00:00,2094.676485337459
2030-11-30 22:15:00,1912.8208038558732
2030-11-30 22:30:00,1566.2571192637588
2030-11-30 22:45:00,1185.073706744879
2030-11-30 23:00:00,703.2812515495425
2030-11-30 23:15:00,319.49841117597134
2030-11-30 23:30:00,64.03976423127824
2030-11-30 23:45:00,0.0
2030-12-01 00:00:00,0.0
2030-12-01 00:15:00,0.0
2030-12-01 00:30:00,0.0
2030-12-01 00:45:00,0.0
2030-12-01 01:00:00,113.26251743244029
2030-12-01 01:15:00,373.1651266582576
2030-12-01 01:30:00,389.46728254649315
2030-12-01 01:45:00,0.0
2030-12-01 02:00:00,0.0
2030-12-01 02:15:00,0.0
2030-12-01 02:30:00,0.0
2030-12-01 02:45:00,0.0
2030-12-01 03:00:00,0.0
2030-12-01 03:15:00,0.0
2030-12-01 03:30:00,0.0
2030-12-01 03:45:00,0.0
2030-12-01 04:00:00,0.0
2030-12-01 04:15:00,0.0
2030-12-01 04:30:00,0.0
2030-12-01 04:45:00,0.0
2030-12-01 05:00:00,0.0
2030-12-01 05:15:00,0.0
2030-12-01 05:30:00,0.0
2030-12-01 05:45:00,0.0
2030-12-01 06:00:00,0.0
2030-12-01 06:15:00,122.92513576432975
2030-12-01 06:30:00,874.601564749737
2030-12-01 06:45:00,1111.4991418497302
2030-12-01 07:00:00,1780.194344026615
2030-12-01 07:15:00,2398.4434490280128
2030-12-01 07:30:00,2659.87002659668
2030-12-01 07:45:00,2906.121013118154
2030-12-01 08:00:00,3146.7896680455633
2030-12-01 08:15:00,3274.02357313042
2030-12-01 08:30:00,2819.8412540299432
2030-12-01 08:45:00,2452.304116198333
2030-12-01 09:00:00,1793.9399335935432
2030-12-01 09:15:00,1682.1341067288286
2030-12-01 09:30:00,1510.0281401213142
2030-12-01 09:45:00,1536.0413191684002
2030-12-01 10:00:00,1230.04287857503
2030-12-01 10:15:00,620.582230943126
2030-12-01 10:30:00,227.56856679639168
2030-12-01 10:45:00,32.17745598940019
2030-12-01 11:00:00,0.0
2030-12-01 11:15:00,0.0
2030-12-01 11:30:00,0.0
2030-12-01 11:45:00,0.0
2030-12-01 12:00:00,0.0
2030-12-01 12:15:00,0.0
2030-12-01 12:30:00,202.6233899285853
2030-12-01 12:45:00,364.37290981704245
2030-12-01 13:00:00,835.633442780032
2030-12-01 13:15:00,1439.1260979703911
2030-12-01 13:30:00,1843.211598483933
2030-12-01 13:45:00,2034.4721112555653
2030-12-01 14:00:00,2581.501482099986
2030-12-01 14:15:00,2886.9729338603975
2030-12-01 14:30:00,3451.3567517357187
2030-12-01 14:45:00,4093.77345798197
2030-12-01 15:00:00,4581.37482275681
2030-12-01 15:15:00,5002.71532536345
2030-12-01 15:30:00,5364.735684138577
2030-12-01 15:45:00,5852.932079378479
2030-12-01 16:00:00,6277.754757102703
2030-12-01 16:15:00,6386.930954463693
2030-12-01 16:30:00,6412.892368725345
2030-12-01 16:45:00,6467.755712203325
2030-12-01 17:00:00,6562.974423261014
2030-12-01 17:15:00,6641.4783263364225
2030-12-01 17:30:00,6715.08414311667
2030-12-01 17:45:00,6671.112082329881
2030-12-01 18:00:00,6487.603017601366
2030-12-01 18:15:00,6472.950882046156
2030-12-01 18:30:00,6495.945455462945
2030-12-01 18:45:00,6428.677576945953
2030-12-01 19:00:00,6400.807623379442
2030-12-01 19:15:00,6185.288246262742
2030-12-01 19:30:00,5929.149047785886
2030-12-01 19:45:00,5662.4814882825485
2030-12-01 20:00:00,5375.163510021252
2030-12-01 20:15:00,5047.604292207012
2030-12-01 20:30:00,4855.4854169532555
2030-12-01 20:45:00,4627.2386382246
2030-12-01 21:00:00,4365.91074113946
2030-12-01 21:15:00,4189.28876969599
2030-12-01 21:30:00,3923.1431428317774
2030-12-01 21:45:00,3691.5391850698506
2030-12-01 22:00:00,3671.409257091822
2030-12-01 22:15:00,3374.3694104696297
2030-12-01 22:30:00,3189.111490304782
2030-12-01 22:45:00,2938.025271197337
2030-12-01 23:00:00,2702.4683423751285
2030-12-01 23:15:00,2332.0232127718627
2030-12-01 23:30:00,2027.290908681849
2030-12-01 23:45:00,1852.2670653994064
2030-12-02 00:00:00,1798.2650090680581
2030-12-02 00:15:00,1529.7726503383274
2030-12-02 00:30:00,1504.9223484424492
2030-12-02 00:45:00,1487.4372263293499
2030-12-02 01:00:00,1441.5532509526693
2030-12-02 01:15:00,1351.5407037537843
2030-12-02 01:30:00,1285.7167446241292
2030-12-02 01:45:00,1057.954860063186
2030-12-02 02:00:00,839.5894089051235
2030-12-02 02:15:00,721.590521280752
2030-12-02 02:30:00,714.4136454890122
2030-12-02 02:45:00,694.5569251918041
2030-12-02 03:00:00,611.984558588234
2030-12-02 03:15:00,661.3512747858313
2030-12-02 03:30:00,644.8546796694845
2030-12-02 03:45:00,664.9281863779033
2030-12-02 04:00:00,733.6699704621496
2030-12-02 04:15:00,718.32658310431
2030-12-02 04:30:00,739.2385693124415
2030-12-02 04:45:00,818.037101433747
2030-12-02 05:00:00,882.0280928625034
2030-12-02 05:15:00,862.1294141309081
2030-12-02 05:30:00,902.9698145713755
2030-12-02 05:45:00,1060.879475329857
2030-12-02 06:00:00,1213.6617757017775
2030-12-02 06:15:00,1283.6592260643483
2030-12-02 06:30:00,1324.7976688781473
2030-12-02 06:45:00,1429.1915052602417
2030-12-02 07:00:00,1860.4494296571593
2030-12-02 07:15:00,2123.5903898289434
2030-12-02 07:30:00,2407.1474826992126
2030-12-02 07:45:00,2545.840122579939
2030-12-02 08:00:00,2936.065738180494
2030-12-02 08:15:00,3200.063753022816
2030-12-02 08:30:00,3331.4231402410223
2030-12-02 08:45:00,3463.5250128259904
2030-12-02 09:00:00,3715.2275586544747
2030-12-02 09:15:00,3889.5578918399224
2030-12-02 09:30:00,3927.685083003429
2030-12-02 09:45:00,4001.6104513674145
2030-12-02 10:00:00,3882.156697759705
2030-12-02 10:15:00,3935.593502339707
2030-12-02 10:30:00,3940.490080793057
2030-12-02 10:45:00,4042.8339097401295
2030-12-02 11:00:00,4137.620858550003
2030-12-02 11:15:00,4196.727947757503
2030-12-02 11:30:00,4118.965168409584
2030-12-02 11:45:00,4092.406918448016
2030-12-02 12:00:00,4260.797737921781
2030-12-02 12:15:00,4522.477017034851
2030-12-02 12:30:00,4489.870604728738
2030-12-02 12:45:00,4373.159158830686
2030-12-02 13:00:00,4366.5455953966575
2030-12-02 13:15:00,4115.153592278846
2030-12-02 13:30:00,3957.1390518015505
2030-12-02 13:45:00,3980.7730653548024
2030-12-02 14:00:00,4117.1747907674
2030-12-02 14:15:00,4109.701165913895
2030-12-02 14:30:00,4191.728498645583
2030-12-02 14:45:00,4186.4654264786805
2030-12-02 15:00:00,4363.0127409195575
2030-12-02 15:15:00,4198.656960462888
2030-12-02 15:30:00,4173.370449590602
2030-12-02 15:45:00,4176.6815096128885
2030-12-02 16:00:00,4363.837441006506
2030-12-02 16:15:00,4307.879811984207
2030-12-02 16:30:00,4238.81493129105
2030-12-02 16:45:00,4235.9745979300205
2030-12-02 17:00:00,4275.105156205298
2030-12-02 17:15:00,4061.9561667468333
2030-12-02 17:30:00,3885.583322265613
2030-12-02 17:45:00,3625.825548699466
2030-12-02 18:00:00,3326.6160574003534
2030-12-02 18:15:00,3056.5686603402974
2030-12-02 18:30:00,2663.121851384498
2030-12-02 18:45:00,2243.3378586741637
2030-12-02 19:00:00,1757.5575130391535
2030-12-02 19:15:00,1397.4586434826288
2030-12-02 19:30:00,946.6659216556836
2030-12-02 19:45:00,861.7250490194274
2030-12-02 20:00:00,549.0938234639125
2030-12-02 20:15:00,24.059512606258068
2030-12-02 20:30:00,0.0
2030-12-02 20:45:00,0.0
2030-12-02 21:00:00,0.0
2030-12-02 21:15:00,0.0
2030-12-02 21:30:00,0.0
2030-12-02 21:45:00,0.0
2030-12-02 22:00:00,0.0
2030-12-02 22:15:00,0.0
2030-12-02 22:30:00,0.0
2030-12-02 22:45:00,0.0
2030-12-02 23:00:00,0.0
2030-12-02 23:15:00,0.0
2030-12-02 23:30:00,0.0
2030-12-02 23:45:00,0.0
2030-12-03 00:00:00,0.0
2030-12-03 00:15:00,0.0
2030-12-03 00:30:00,0.0
2030-12-03 00:45:00,0.0
2030-12-03 01:00:00,0.0
2030-12-03 01:15:00,0.0
2030-12-03 01:30:00,0.0
2030-12-03 01:45:00,0.0
2030-12-03 02:00:00,0.0
2030-12-03 02:15:00,0.0
2030-12-03 02:30:00,0.0
2030-12-03 02:45:00,0.0
2030-12-03 03:00:00,0.0
2030-12-03 03:15:00,0.0
2030-12-03 03:30:00,0.0
2030-12-03 03:45:00,0.0
2030-12-03 04:00:00,0.0
2030-12-03 04:15:00,0.0
2030-12-03 04:30:00,0.0
2030-12-03 04:45:00,0.0
2030-12-03 05:00:00,0.0
2030-12-03 05:15:00,0.0
2030-12-03 05:30:00,0.0
2030-12-03 05:45:00,0.0
2030-12-03 06:00:00,0.0
2030-12-03 06:15:00,0.0
2030-12-03 06:30:00,0.0
2030-12-03 06:45:00,0.0
2030-12-03 07:00:00,0.0
2030-12-03 07:15:00,0.0
2030-12-03 07:30:00,0.0
2030-12-03 07:45:00,0.0
2030-12-03 08:00:00,0.0
2030-12-03 08:15:00,0.0
2030-12-03 08:30:00,0.0
2030-12-03 08:45:00,0.0
2030-12-03 09:00:00,0.0
2030-12-03 09:15:00,0.0
2030-12-03 09:30:00,0.0
2030-12-03 09:45:00,0.0
2030-12-03 10:00:00,0.0
2030-12-03 10:15:00,0.0
2030-12-03 10:30:00,0.0
2030-12-03 10:45:00,0.0
2030-12-03 11:00:00,0.0
2030-12-03 11:15:00,0.0
2030-12-03 11:30:00,0.0
2030-12-03 11:45:00,0.0
2030-12-03 12:00:00,0.0
2030-12-03 12:15:00,0.0
2030-12-03 12:30:00,0.0
2030-12-03 12:45:00,0.0
2030-12-03 13:00:00,0.0
2030-12-03 13:15:00,0.0
2030-12-03 13:30:00,0.0
2030-12-03 13:45:00,0.0
2030-12-03 14:00:00,0.0
2030-12-03 14:15:00,0.0
2030-12-03 14:30:00,0.0
2030-12-03 14:45:00,0.0
2030-12-03 15:00:00,0.0
2030-12-03 15:15:00,0.0
2030-12-03 15:30:00,0.0
2030-12-03 15:45:00,0.0
2030-12-03 16:00:00,0.0
2030-12-03 16:15:00,0.0
2030-12-03 16:30:00,0.0
2030-12-03 16:45:00,0.0
2030-12-03 17:00:00,0.0
2030-12-03 17:15:00,0.0
2030-12-03 17:30:00,0.0
2030-12-03 17:45:00,0.0
2030-12-03 18:00:00,0.0
2030-12-03 18:15:00,0.0
2030-12-03 18:30:00,0.0
2030-12-03 18:45:00,0.0
2030-12-03 19:00:00,0.0
2030-12-03 19:15:00,0.0
2030-12-03 19:30:00,0.0
2030-12-03 19:45:00,0.0
2030-12-03 20:00:00,0.0
2030-12-03 20:15:00,0.0
2030-12-03 20:30:00,0.0
2030-12-03 20:45:00,0.0
2030-12-03 21:00:00,0.0
2030-12-03 21:15:00,0.0
2030-12-03 21:30:00,0.0
2030-12-03 21:45:00,0.0
2030-12-03 22:00:00,0.0
2030-12-03 22:15:00,0.0
2030-12-03 22:30:00,0.0
2030-12-03 22:45:00,0.0
2030-12-03 23:00:00,0.0
2030-12-03 23:15:00,0.0
2030-12-03 23:30:00,0.0
2030-12-03 23:45:00,0.0
2030-12-04 00:00:00,0.0
2030-12-04 00:15:00,0.0
2030-12-04 00:30:00,0.0
2030-12-04 00:45:00,0.0
2030-12-04 01:00:00,0.0
2030-12-04 01:15:00,0.0
2030-12-04 01:30:00,0.0
2030-12-04 01:45:00,0.0
2030-12-04 02:00:00,0.0
2030-12-04 02:15:00,0.0
2030-12-04 02:30:00,0.0
2030-12-04 02:45:00,0.0
2030-12-04 03:00:00,0.0
2030-12-04 03:15:00,0.0
2030-12-04 03:30:00,0.0
2030-12-04 03:45:00,0.0
2030-12-04 04:00:00,0.0
2030-12-04 04:15:00,0.0
2030-12-04 04:30:00,0.0
2030-12-04 04:45:00,0.0
2030-12-04 05:00:00,0.0
2030-12-04 05:15:00,0.0
2030-12-04 05:30:00,0.0
2030-12-04 05:45:00,0.0
2030-12-04 06:00:00,0.0
2030-12-04 06:15:00,0.0
2030-12-04 06:30:00,0.0
2030-12-04 06:45:00,0.0
2030-12-04 07:00:00,0.0
2030-12-04 07:15:00,0.0
2030-12-04 07:30:00,0.0
2030-12-04 07:45:00,0.0
2030-12-04 08:00:00,0.0
2030-12-04 08:15:00,0.0
2030-12-04 08:30:00,0.0
2030-12-04 08:45:00,0.0
2030-12-04 09:00:00,0.0
2030-12-04 09:15:00,0.0
2030-12-04 09:30:00,0.0
2030-12-04 09:45:00,0.0
2030-12-04 10:00:00,0.0
2030-12-04 10:15:00,0.0
2030-12-04 10:30:00,0.0
2030-12-04 10:45:00,0.0
2030-12-04 11:00:00,0.0
2030-12-04 11:15:00,0.0
2030-12-04 11:30:00,0.0
2030-12-04 11:45:00,0.0
2030-12-04 12:00:00,0.0
2030-12-04 12:15:00,0.0
2030-12-04 12:30:00,0.0
2030-12-04 12:45:00,0.0
2030-12-04 13:00:00,0.0
2030-12-04 13:15:00,0.0
2030-12-04 13:30:00,0.0
2030-12-04 13:45:00,0.0
2030-12-04 14:00:00,0.0
2030-12-04 14:15:00,0.0
2030-12-04 14:30:00,0.0
2030-12-04 14:45:00,0.0
2030-12-04 15:00:00,0.0
2030-12-04 15:15:00,0.0
2030-12-04 15:30:00,0.0
2030-12-04 15:45:00,0.0
2030-12-04 16:00:00,0.0
2030-12-04 16:15:00,0.0
2030-12-04 16:30:00,0.0
2030-12-04 16:45:00,0.0
2030-12-04 17:00:00,0.0
2030-12-04 17:15:00,0.0
2030-12-04 17:30:00,0.0
2030-12-04 17:45:00,0.0
2030-12-04 18:00:00,0.0
2030-12-04 18:15:00,0.0
2030-12-04 18:30:00,0.0
2030-12-04 18:45:00,0.0
2030-12-04 19:00:00,0.0
2030-12-04 19:15:00,0.0
2030-12-04 19:30:00,0.0
2030-12-04 19:45:00,0.0
2030-12-04 20:00:00,0.0
2030-12-04 20:15:00,0.0
2030-12-04 20:30:00,0.0
2030-12-04 20:45:00,0.0
2030-12-04 21:00:00,0.0
2030-12-04 21:15:00,0.0
2030-12-04 21:30:00,0.0
2030-12-04 21:45:00,0.0
2030-12-04 22:00:00,0.0
2030-12-04 22:15:00,0.0
2030-12-04 22:30:00,0.0
2030-12-04 22:45:00,0.0
2030-12-04 23:00:00,0.0
2030-12-04 23:15:00,0.0
2030-12-04 23:30:00,0.0
2030-12-04 23:45:00,0.0
2030-12-05 00:00:00,0.0
2030-12-05 00:15:00,0.0
2030-12-05 00:30:00,0.0
2030-12-05 00:45:00,0.0
2030-12-05 01:00:00,0.0
2030-12-05 01:15:00,0.0
2030-12-05 01:30:00,0.0
2030-12-05 01:45:00,0.0
2030-12-05 02:00:00,0.0
2030-12-05 02:15:00,0.0
2030-12-05 02:30:00,0.0
2030-12-05 02:45:00,0.0
2030-12-05 03:00:00,0.0
2030-12-05 03:15:00,0.0
2030-12-05 03:30:00,0.0
2030-12-05 03:45:00,0.0
2030-12-05 04:00:00,0.0
2030-12-05 04:15:00,0.0
2030-12-05 04:30:00,0.0
2030-12-05 04:45:00,0.0
2030-12-05 05:00:00,0.0
2030-12-05 05:15:00,0.0
2030-12-05 05:30:00,0.0
2030-12-05 05:45:00,0.0
2030-12-05 06:00:00,0.0
2030-12-05 06:15:00,0.0
2030-12-05 06:30:00,0.0
2030-12-05 06:45:00,0.0
2030-12-05 07:00:00,0.0
2030-12-05 07:15:00,0.0
2030-12-05 07:30:00,0.0
2030-12-05 07:45:00,0.0
2030-12-05 08:00:00,0.0
2030-12-05 08:15:00,0.0
2030-12-05 08:30:00,0.0
2030-12-05 08:45:00,0.0
2030-12-05 09:00:00,0.0
2030-12-05 09:15:00,0.0
2030-12-05 09:30:00,0.0
2030-12-05 09:45:00,0.0
2030-12-05 10:00:00,0.0
2030-12-05 10:15:00,0.0
2030-12-05 10:30:00,0.0
2030-12-05 10:45:00,0.0
2030-12-05 11:00:00,0.0
2030-12-05 11:15:00,0.0
2030-12-05 11:30:00,0.0
2030-12-05 11:45:00,0.0
2030-12-05 12:00:00,0.0
2030-12-05 12:15:00,0.0
2030-12-05 12:30:00,0.0
2030-12-05 12:45:00,0.0
2030-12-05 13:00:00,0.0
2030-12-05 13:15:00,0.0
2030-12-05 13:30:00,0.0
2030-12-05 13:45:00,0.0
2030-12-05 14:00:00,0.0
2030-12-05 14:15:00,0.0
2030-12-05 14:30:00,0.0
2030-12-05 14:45:00,0.0
2030-12-05 15:00:00,0.0
2030-12-05 15:15:00,0.0
2030-12-05 15:30:00,0.0
2030-12-05 15:45:00,0.0
2030-12-05 16:00:00,0.0
2030-12-05 16:15:00,0.0
2030-12-05 16:30:00,0.0
2030-12-05 16:45:00,0.0
2030-12-05 17:00:00,0.0
2030-12-05 17:15:00,0.0
2030-12-05 17:30:00,0.0
2030-12-05 17:45:00,0.0
2030-12-05 18:00:00,0.0
2030-12-05 18:15:00,0.0
2030-12-05 18:30:00,0.0
2030-12-05 18:45:00,0.0
2030-12-05 19:00:00,0.0
2030-12-05 19:15:00,0.0
2030-12-05 19:30:00,0.0
2030-12-05 19:45:00,0.0
2030-12-05 20:00:00,0.0
2030-12-05 20:15:00,0.0
2030-12-05 20:30:00,0.0
2030-12-05 20:45:00,0.0
2030-12-05 21:00:00,0.0
2030-12-05 21:15:00,0.0
2030-12-05 21:30:00,0.0
2030-12-05 21:45:00,0.0
2030-12-05 22:00:00,0.0
2030-12-05 22:15:00,0.0
2030-12-05 22:30:00,0.0
2030-12-05 22:45:00,0.0
2030-12-05 23:00:00,0.0
2030-12-05 23:15:00,0.0
2030-12-05 23:30:00,0.0
2030-12-05 23:45:00,0.0
2030-12-06 00:00:00,0.0
2030-12-06 00:15:00,0.0
2030-12-06 00:30:00,0.0
2030-12-06 00:45:00,0.0
2030-12-06 01:00:00,0.0
2030-12-06 01:15:00,0.0
2030-12-06 01:30:00,0.0
2030-12-06 01:45:00,0.0
2030-12-06 02:00:00,0.0
2030-12-06 02:15:00,0.0
2030-12-06 02:30:00,0.0
2030-12-06 02:45:00,0.0
2030-12-06 03:00:00,55.23999646565608
2030-12-06 03:15:00,134.11421230913038
2030-12-06 03:30:00,115.26188840446412
2030-12-06 03:45:00,0.0
2030-12-06 04:00:00,207.7622411452976
2030-12-06 04:15:00,374.71711042769675
2030-12-06 04:30:00,660.6254456056649
2030-12-06 04:45:00,692.6169004149051
2030-12-06 05:00:00,1050.2510063260725
2030-12-06 05:15:00,1210.9717850775305
2030-12-06 05:30:00,1500.2783685446811
2030-12-06 05:45:00,2092.9789209404353
2030-12-06 06:00:00,2821.8370709260344
2030-12-06 06:15:00,3328.393262938871
2030-12-06 06:30:00,3546.843855560983
2030-12-06 06:45:00,3847.219020658915
2030-12-06 07:00:00,4446.166976395216
2030-12-06 07:15:00,4580.266592313603
2030-12-06 07:30:00,4569.885598499815
2030-12-06 07:45:00,4398.4632849109985
2030-12-06 08:00:00,4522.9012540072035
2030-12-06 08:15:00,4532.248495562089
2030-12-06 08:30:00,4604.407034648992
2030-12-06 08:45:00,4693.090175611065
2030-12-06 09:00:00,4590.1580224278405
2030-12-06 09:15:00,4837.378323542263
2030-12-06 09:30:00,4916.3796078060695
2030-12-06 09:45:00,5125.583582588257
2030-12-06 10:00:00,4841.35238995235
2030-12-06 10:15:00,4894.301318196849
2030-12-06 10:30:00,4708.505696857581
2030-12-06 10:45:00,4748.440875160632
2030-12-06 11:00:00,4806.791471620432
2030-12-06 11:15:00,4844.82469399623
2030-12-06 11:30:00,4913.125696320112
2030-12-06 11:45:00,4770.681300286291
2030-12-06 12:00:00,4690.1950331398475
2030-12-06 12:15:00,4505.884269070473
2030-12-06 12:30:00,4394.1092823313775
2030-12-06 12:45:00,4101.012759064997
2030-12-06 13:00:00,3767.6347045531184
2030-12-06 13:15:00,3540.266617830317
2030-12-06 13:30:00,3525.3988695539374
2030-12-06 13:45:00,3301.781464226253
2030-12-06 14:00:00,3460.0713782923103
2030-12-06 14:15:00,3415.9842534738746
2030-12-06 14:30:00,3400.285720284599
2030-12-06 14:45:00,3322.7412310134205
2030-12-06 15:00:00,3513.492932897876
2030-12-06 15:15:00,3373.0329949625193
2030-12-06 15:30:00,3193.5217453572823
2030-12-06 15:45:00,3042.0171308149656
2030-12-06 16:00:00,2735.0039899573603
2030-12-06 16:15:00,2266.0901772560064
2030-12-06 16:30:00,1989.3529667161674
2030-12-06 16:45:00,1966.2841763338365
2030-12-06 17:00:00,2141.1710144059543
2030-12-06 17:15:00,2120.4606065445514
2030-12-06 17:30:00,2173.112209847164
2030-12-06 17:45:00,2264.220748590895
2030-12-06 18:00:00,2289.2688635653394
2030-12-06 18:15:00,2512.9637676652255
2030-12-06 18:30:00,2612.5362495502413
2030-12-06 18:45:00,2516.40825362386
2030-12-06 19:00:00,2295.611307983687
2030-12-06 19:15:00,2128.5196695383856
2030-12-06 19:30:00,2370.789481695003
2030-12-06 19:45:00,2549.668024829445
2030-12-06 20:00:00,2436.52125753132
2030-12-06 20:15:00,2592.916352038248
2030-12-06 20:30:00,2858.084009018012
2030-12-06 20:45:00,3062.3403079871296
2030-12-06 21:00:00,2928.0996487037955
2030-12-06 21:15:00,2932.143690071269
2030-12-06 21:30:00,2936.8065949799493
2030-12-06 21:45:00,2849.7383509591655
2030-12-06 22:00:00,2657.5841831310863
2030-12-06 22:15:00,2555.441657293819
2030-12-06 22:30:00,2329.6564850657196
2030-12-06 22:45:00,1993.4566489888693
2030-12-06 23:00:00,1605.7634762306425
2030-12-06 23:15:00,1440.5001922807787
2030-12-06 23:30:00,1452.9841560327804
2030-12-06 23:45:00,1238.292740124627
2030-12-07 00:00:00,843.9783378877
2030-12-07 00:15:00,602.5058050393018
2030-12-07 00:30:00,362.1436108011985
2030-12-07 00:45:00,275.23585421820826
2030-12-07 01:00:00,156.49255041428842
2030-12-07 01:15:00,104.20483088587389
2030-12-07 01:30:00,160.9869470945232
2030-12-07 01:45:00,213.47733203724601
2030-12-07 02:00:00,26.571245795394134
2030-12-07 02:15:00,85.43454370172185
2030-12-07 02:30:00,227.7397312675639
2030-12-07 02:45:00,276.1998735413508
2030-12-07 03:00:00,297.4417016561092
2030-12-07 03:15:00,90.44166083167329
2030-12-07 03:30:00,62.370883900710396
2030-12-07 03:45:00,70.88020780867373
2030-12-07 04:00:00,344.00592066721947
2030-12-07 04:15:00,309.3653141007926
2030-12-07 04:30:00,418.4393863789155
2030-12-07 04:45:00,560.0448807212706
2030-12-07 05:00:00,939.193619508158
2030-12-07 05:15:00,957.8795700664614
2030-12-07 05:30:00,1159.7124007474995
2030-12-07 05:45:00,1718.2150848590245
2030-12-07 06:00:00,2714.279200494455
2030-12-07 06:15:00,3299.087755311124
2030-12-07 06:30:00,3483.1262055735897
2030-12-07 06:45:00,3599.4308808087953
2030-12-07 07:00:00,4554.211404645888
2030-12-07 07:15:00,4797.862785257035
2030-12-07 07:30:00,5155.613704051888
2030-12-07 07:45:00,5205.579274563785
2030-12-07 08:00:00,5391.922234906706
2030-12-07 08:15:00,5473.777017438373
2030-12-07 08:30:00,5338.306228940044
2030-12-07 08:45:00,5085.8849287024495
2030-12-07 09:00:00,4880.561955155201
2030-12-07 09:15:00,4945.688832079759
2030-12-07 09:30:00,4980.001329054445
2030-12-07 09:45:00,4626.6593888637435
2030-12-07 10:00:00,4007.404400978645
2030-12-07 10:15:00,3819.301046326911
2030-12-07 10:30:00,3491.3857227701046
2030-12-07 10:45:00,2883.4570411692875
2030-12-07 11:00:00,1962.8676261634846
2030-12-07 11:15:00,1343.203613169204
2030-12-07 11:30:00,908.1328715481595
2030-12-07 11:45:00,80.94927956476386
2030-12-07 12:00:00,0.0
2030-12-07 12:15:00,0.0
2030-12-07 12:30:00,0.0
2030-12-07 12:45:00,0.0
2030-12-07 13:00:00,0.0
2030-12-07 13:15:00,0.0
2030-12-07 13:30:00,0.0
2030-12-07 13:45:00,0.0
2030-12-07 14:00:00,0.0
2030-12-07 14:15:00,0.0
2030-12-07 14:30:00,132.2144799023008
2030-12-07 14:45:00,502.72286272731617
2030-12-07 15:00:00,510.1739042251229
2030-12-07 15:15:00,175.74413656883553
2030-12-07 15:30:00,533.5947889935542
2030-12-07 15:45:00,69.6220198604151
2030-12-07 16:00:00,0.0
2030-12-07 16:15:00,0.0
2030-12-07 16:30:00,0.0
2030-12-07 16:45:00,0.0
2030-12-07 17:00:00,247.6348987497222
2030-12-07 17:15:00,5.865123753163061
2030-12-07 17:30:00,0.0
2030-12-07 17:45:00,0.0
2030-12-07 18:00:00,0.0
2030-12-07 18:15:00,0.0
2030-12-07 18:30:00,0.0
2030-12-07 18:45:00,0.0
2030-12-07 19:00:00,0.0
2030-12-07 19:15:00,0.0
2030-12-07 19:30:00,0.0
2030-12-07 19:45:00,0.0
2030-12-07 20:00:00,0.0
2030-12-07 20:15:00,0.0
2030-12-07 20:30:00,0.0
2030-12-07 20:45:00,0.0
2030-12-07 21:00:00,0.0
2030-12-07 21:15:00,0.0
2030-12-07 21:30:00,0.0
2030-12-07 21:45:00,0.0
2030-12-07 22:00:00,0.0
2030-12-07 22:15:00,0.0
2030-12-07 22:30:00,0.0
2030-12-07 22:45:00,0.0
2030-12-07 23:00:00,0.0
2030-12-07 23:15:00,0.0
2030-12-07 23:30:00,0.0
2030-12-07 23:45:00,0.0
2030-12-08 00:00:00,0.0
2030-12-08 00:15:00,0.0
2030-12-08 00:30:00,0.0
2030-12-08 00:45:00,0.0
2030-12-08 01:00:00,0.0
2030-12-08 01:15:00,0.0
2030-12-08 01:30:00,0.0
2030-12-08 01:45:00,0.0
2030-12-08 02:00:00,0.0
2030-12-08 02:15:00,0.0
2030-12-08 02:30:00,0.0
2030-12-08 02:45:00,0.0
2030-12-08 03:00:00,0.0
2030-12-08 03:15:00,0.0
2030-12-08 03:30:00,0.0
2030-12-08 03:45:00,0.0
2030-12-08 04:00:00,0.0
2030-12-08 04:15:00,0.0
2030-12-08 04:30:00,0.0
2030-12-08 04:45:00,0.0
2030-12-08 05:00:00,0.0
2030-12-08 05:15:00,0.0
2030-12-08 05:30:00,0.0
2030-12-08 05:45:00,0.0
2030-12-08 06:00:00,0.0
2030-12-08 06:15:00,0.0
2030-12-08 06:30:00,0.0
2030-12-08 06:45:00,0.0
2030-12-08 07:00:00,0.0
2030-12-08 07:15:00,0.0
2030-12-08 07:30:00,54.642772954666725
2030-12-08 07:45:00,339.1886455277363
2030-12-08 08:00:00,826.7235021115266
2030-12-08 08:15:00,1088.3115910282704
2030-12-08 08:30:00,953.6070997431925
2030-12-08 08:45:00,774.1121048394416
2030-12-08 09:00:00,316.304592168357
2030-12-08 09:15:00,0.0
2030-12-08 09:30:00,0.0
2030-12-08 09:45:00,0.0
2030-12-08 10:00:00,0.0
2030-12-08 10:15:00,0.0
2030-12-08 10:30:00,0.0
2030-12-08 10:45:00,0.0
2030-12-08 11:00:00,0.0
2030-12-08 11:15:00,0.0
2030-12-08 11:30:00,0.0
2030-12-08 11:45:00,0.0
2030-12-08 12:00:00,285.3007683935066
2030-12-08 12:15:00,817.4614116439188
2030-12-08 12:30:00,1462.837658393546
2030-12-08 12:45:00,1925.2583899154452
2030-12-08 13:00:00,2169.0573173607154
2030-12-08 13:15:00,2559.5362475592083
2030-12-08 13:30:00,2698.7296328271677
2030-12-08 13:45:00,2763.646668523448
2030-12-08 14:00:00,3086.7233760216477
2030-12-08 14:15:00,3531.6094722380967
2030-12-08 14:30:00,3761.8292091153253
2030-12-08 14:45:00,3962.37344533328
2030-12-08 15:00:00,4303.902347409312
2030-12-08 15:15:00,4524.157502918284
2030-12-08 15:30:00,4661.7184064346875
2030-12-08 15:45:00,4883.431291230052
2030-12-08 16:00:00,5095.611102605584
2030-12-08 16:15:00,5211.977714645196
2030-12-08 16:30:00,5388.662795176897
2030-12-08 16:45:00,5574.372553839159
2030-12-08 17:00:00,5794.776219049087
2030-12-08 17:15:00,5798.535747297283
2030-12-08 17:30:00,5656.514798397213
2030-12-08 17:45:00,5371.777264088196
2030-12-08 18:00:00,4966.001082936709
2030-12-08 18:15:00,4804.365398632446
2030-12-08 18:30:00,4769.047550237679
2030-12-08 18:45:00,4631.865760983879
2030-12-08 19:00:00,4522.255228647864
2030-12-08 19:15:00,4224.985706954554
2030-12-08 19:30:00,4077.1487820412913
2030-12-08 19:45:00,3745.1238537839126
2030-12-08 20:00:00,3235.4971817117566
2030-12-08 20:15:00,2847.000615715644
2030-12-08 20:30:00,2330.9366908703814
2030-12-08 20:45:00,1954.7334491278343
2030-12-08 21:00:00,1600.6253774325342
2030-12-08 21:15:00,1320.4578149954268
2030-12-08 21:30:00,1175.9612247822388
2030-12-08 21:45:00,945.9277984892051
2030-12-08 22:00:00,726.8863443404935
2030-12-08 22:15:00,362.34076065701447
2030-12-08 22:30:00,140.27843286654752
2030-12-08 22:45:00,0.0
2030-12-08 23:00:00,0.0
2030-12-08 23:15:00,0.0
2030-12-08 23:30:00,0.0
2030-12-08 23:45:00,0.0
2030-12-09 00:00:00,0.0
2030-12-09 00:15:00,0.0
2030-12-09 00:30:00,0.0
2030-12-09 00:45:00,0.0
2030-12-09 01:00:00,0.0
2030-12-09 01:15:00,0.0
2030-12-09 01:30:00,0.0
2030-12-09 01:45:00,0.0
2030-12-09 02:00:00,0.0
2030-12-09 02:15:00,0.0
2030-12-09 02:30:00,0.0
2030-12-09 02:45:00,0.0
2030-12-09 03:00:00,0.0
2030-12-09 03:15:00,0.0
2030-12-09 03:30:00,0.0
2030-12-09 03:45:00,0.0
2030-12-09 04:00:00,0.0
2030-12-09 04:15:00,0.0
2030-12-09 04:30:00,0.0
2030-12-09 04:45:00,0.0
2030-12-09 05:00:00,0.0
2030-12-09 05:15:00,0.0
2030-12-09 05:30:00,0.0
2030-12-09 05:45:00,0.0
2030-12-09 06:00:00,0.0
2030-12-09 06:15:00,0.0
2030-12-09 06:30:00,0.0
2030-12-09 06:45:00,0.0
2030-12-09 07:00:00,0.0
2030-12-09 07:15:00,0.0
2030-12-09 07:30:00,0.0
2030-12-09 07:45:00,0.0
2030-12-09 08:00:00,0.0
2030-12-09 08:15:00,0.0
2030-12-09 08:30:00,0.0
2030-12-09 08:45:00,0.0
2030-12-09 09:00:00,0.0
2030-12-09 09:15:00,0.0
2030-12-09 09:30:00,0.0
2030-12-09 09:45:00,0.0
2030-12-09 10:00:00,0.0
2030-12-09 10:15:00,0.0
2030-12-09 10:30:00,0.0
2030-12-09 10:45:00,0.0
2030-12-09 11:00:00,0.0
2030-12-09 11:15:00,0.0
2030-12-09 11:30:00,0.0
2030-12-09 11:45:00,0.0
2030-12-09 12:00:00,0.0
2030-12-09 12:15:00,0.0
2030-12-09 12:30:00,0.0
2030-12-09 12:45:00,0.0
2030-12-09 13:00:00,0.0
2030-12-09 13:15:00,0.0
2030-12-09 13:30:00,0.0
2030-12-09 13:45:00,0.0
2030-12-09 14:00:00,0.0
2030-12-09 14:15:00,0.0
2030-12-09 14:30:00,0.0
2030-12-09 14:45:00,0.0
2030-12-09 15:00:00,0.0
2030-12-09 15:15:00,0.0
2030-12-09 15:30:00,0.0
2030-12-09 15:45:00,0.0
2030-12-09 16:00:00,0.0
2030-12-09 16:15:00,0.0
2030-12-09 16:30:00,0.0
2030-12-09 16:45:00,0.0
2030-12-09 17:00:00,0.0
2030-12-09 17:15:00,0.0
2030-12-09 17:30:00,0.0
2030-12-09 17:45:00,0.0
2030-12-09 18:00:00,0.0
2030-12-09 18:15:00,0.0
2030-12-09 18:30:00,0.0
2030-12-09 18:45:00,0.0
2030-12-09 19:00:00,0.0
2030-12-09 19:15:00,0.0
2030-12-09 19:30:00,0.0
2030-12-09 19:45:00,0.0
2030-12-09 20:00:00,0.0
2030-12-09 20:15:00,0.0
2030-12-09 20:30:00,0.0
2030-12-09 20:45:00,0.0
2030-12-09 21:00:00,0.0
2030-12-09 21:15:00,0.0
2030-12-09 21:30:00,0.0
2030-12-09 21:45:00,0.0
2030-12-09 22:00:00,0.0
2030-12-09 22:15:00,0.0
2030-12-09 22:30:00,0.0
2030-12-09 22:45:00,0.0
2030-12-09 23:00:00,0.0
2030-12-09 23:15:00,0.0
2030-12-09 23:30:00,0.0
2030-12-09 23:45:00,0.0
2030-12-10 00:00:00,0.0
2030-12-10 00:15:00,0.0
2030-12-10 00:30:00,0.0
2030-12-10 00:45:00,0.0
2030-12-10 01:00:00,0.0
2030-12-10 01:15:00,0.0
2030-12-10 01:30:00,0.0
2030-12-10 01:45:00,0.0
2030-12-10 02:00:00,0.0
2030-12-10 02:15:00,0.0
2030-12-10 02:30:00,0.0
2030-12-10 02:45:00,0.0
2030-12-10 03:00:00,0.0
2030-12-10 03:15:00,0.0
2030-12-10 03:30:00,0.0
2030-12-10 03:45:00,0.0
2030-12-10 04:00:00,0.0
2030-12-10 04:15:00,0.0
2030-12-10 04:30:00,0.0
2030-12-10 04:45:00,0.0
2030-12-10 05:00:00,0.0
2030-12-10 05:15:00,0.0
2030-12-10 05:30:00,0.0
2030-12-10 05:45:00,0.0
2030-12-10 06:00:00,0.0
2030-12-10 06:15:00,0.0
2030-12-10 06:30:00,0.0
2030-12-10 06:45:00,0.0
2030-12-10 07:00:00,0.0
2030-12-10 07:15:00,0.0
2030-12-10 07:30:00,0.0
2030-12-10 07:45:00,0.0
2030-12-10 08:00:00,0.0
2030-12-10 08:15:00,0.0
2030-12-10 08:30:00,0.0
2030-12-10 08:45:00,0.0
2030-12-10 09:00:00,0.0
2030-12-10 09:15:00,0.0
2030-12-10 09:30:00,0.0
2030-12-10 09:45:00,0.0
2030-12-10 10:00:00,0.0
2030-12-10 10:15:00,0.0
2030-12-10 10:30:00,0.0
2030-12-10 10:45:00,0.0
2030-12-10 11:00:00,0.0
2030-12-10 11:15:00,0.0
2030-12-10 11:30:00,0.0
2030-12-10 11:45:00,0.0
2030-12-10 12:00:00,0.0
2030-12-10 12:15:00,0.0
2030-12-10 12:30:00,0.0
2030-12-10 12:45:00,0.0
2030-12-10 13:00:00,0.0
2030-12-10 13:15:00,0.0
2030-12-10 13:30:00,0.0
2030-12-10 13:45:00,0.0
2030-12-10 14:00:00,0.0
2030-12-10 14:15:00,0.0
2030-12-10 14:30:00,0.0
2030-12-10 14:45:00,0.0
2030-12-10 15:00:00,0.0
2030-12-10 15:15:00,0.0
2030-12-10 15:30:00,0.0
2030-12-10 15:45:00,0.0
2030-12-10 16:00:00,0.0
2030-12-10 16:15:00,0.0
2030-12-10 16:30:00,0.0
2030-12-10 16:45:00,0.0
2030-12-10 17:00:00,0.0
2030-12-10 17:15:00,0.0
2030-12-10 17:30:00,0.0
2030-12-10 17:45:00,0.0
2030-12-10 18:00:00,0.0
2030-12-10 18:15:00,0.0
2030-12-10 18:30:00,0.0
2030-12-10 18:45:00,0.0
2030-12-10 19:00:00,0.0
2030-12-10 19:15:00,0.0
2030-12-10 19:30:00,0.0
2030-12-10 19:45:00,0.0
2030-12-10 20:00:00,0.0
2030-12-10 20:15:00,0.0
2030-12-10 20:30:00,0.0
2030-12-10 20:45:00,0.0
2030-12-10 21:00:00,0.0
2030-12-10 21:15:00,0.0
2030-12-10 21:30:00,0.0
2030-12-10 21:45:00,0.0
2030-12-10 22:00:00,0.0
2030-12-10 22:15:00,0.0
2030-12-10 22:30:00,0.0
2030-12-10 22:45:00,0.0
2030-12-10 23:00:00,0.0
2030-12-10 23:15:00,0.0
2030-12-10 23:30:00,0.0
2030-12-10 23:45:00,0.0
2030-12-11 00:00:00,0.0
2030-12-11 00:15:00,0.0
2030-12-11 00:30:00,0.0
2030-12-11 00:45:00,0.0
2030-12-11 01:00:00,0.0
2030-12-11 01:15:00,0.0
2030-12-11 01:30:00,0.0
2030-12-11 01:45:00,0.0
2030-12-11 02:00:00,0.0
2030-12-11 02:15:00,0.0
2030-12-11 02:30:00,-1260.9093404670384
2030-12-11 02:45:00,-5662.229235046103
2030-12-11 03:00:00,-5715.116719967551
2030-12-11 03:15:00,-5719.065843693466
2030-12-11 03:30:00,-5501.366262479225
2030-12-11 03:45:00,-5364.091934689726
2030-12-11 04:00:00,-5548.624368045856
2030-12-11 04:15:00,-5757.071089168594
2030-12-11 04:30:00,-5818.196507353237
2030-12-11 04:45:00,-6029.007338428351
2030-12-11 05:00:00,-5995.0387219922395
2030-12-11 05:15:00,-5929.791591275083
2030-12-11 05:30:00,-5355.642287606475
2030-12-11 05:45:00,-4891.385001874522
2030-12-11 06:00:00,-4082.3613432529964
2030-12-11 06:15:00,-3368.929824608407
2030-12-11 06:30:00,-2940.716348209189
2030-12-11 06:45:00,-2460.1652217364935
2030-12-11 07:00:00,-1732.1404863169519
2030-12-11 07:15:00,-1641.018534073086
2030-12-11 07:30:00,-1633.166625467562
2030-12-11 07:45:00,-1480.269128485841
2030-12-11 08:00:00,-1257.721918583542
2030-12-11 08:15:00,-1093.3075662272204
2030-12-11 08:30:00,-977.5080750003399
2030-12-11 08:45:00,-1158.4441950935652
2030-12-11 09:00:00,-1376.8826209748295
2030-12-11 09:15:00,-1626.49835886875
2030-12-11 09:30:00,-2037.9206946490012
2030-12-11 09:45:00,-2479.632120838207
2030-12-11 10:00:00,-2900.6480306454832
2030-12-11 10:15:00,-2997.7477887587447
2030-12-11 10:30:00,-3108.035858268362
2030-12-11 10:45:00,-3392.9380642110555
2030-12-11 11:00:00,-3696.52405036414
2030-12-11 11:15:00,-3823.7543225129193
2030-12-11 11:30:00,-3974.004769019328
2030-12-11 11:45:00,-3804.3518755870573
2030-12-11 12:00:00,-3822.9161354957687
2030-12-11 12:15:00,-3753.6701859573877
2030-12-11 12:30:00,-3678.112814630902
2030-12-11 12:45:00,-3600.2472687027803
2030-12-11 13:00:00,-3390.3851233112982
2030-12-11 13:15:00,-3296.0278991183477
2030-12-11 13:30:00,-3224.2423920077235
2030-12-11 13:45:00,-3338.0358730877088
2030-12-11 14:00:00,-3115.028765880699
2030-12-11 14:15:00,-2735.8841322476474
2030-12-11 14:30:00,-2290.6822484060685
2030-12-11 14:45:00,-2076.3522897910807
2030-12-11 15:00:00,-1595.6675592634165
2030-12-11 15:15:00,-1597.0414076499874
2030-12-11 15:30:00,-1393.2767018536251
2030-12-11 15:45:00,-1265.8734736731894
2030-12-11 16:00:00,-121.85931602811615
2030-12-11 16:15:00,0.0
2030-12-11 16:30:00,0.0
2030-12-11 16:45:00,0.0
2030-12-11 17:00:00,0.0
2030-12-11 17:15:00,0.0
2030-12-11 17:30:00,0.0
2030-12-11 17:45:00,0.0
2030-12-11 18:00:00,0.0
2030-12-11 18:15:00,0.0
2030-12-11 18:30:00,0.0
2030-12-11 18:45:00,0.0
2030-12-11 19:00:00,0.0
2030-12-11 19:15:00,0.0
2030-12-11 19:30:00,0.0
2030-12-11 19:45:00,0.0
2030-12-11 20:00:00,0.0
2030-12-11 20:15:00,0.0
2030-12-11 20:30:00,0.0
2030-12-11 20:45:00,0.0
2030-12-11 21:00:00,0.0
2030-12-11 21:15:00,0.0
2030-12-11 21:30:00,0.0
2030-12-11 21:45:00,0.0
2030-12-11 22:00:00,0.0
2030-12-11 22:15:00,0.0
2030-12-11 22:30:00,0.0
2030-12-11 22:45:00,0.0
2030-12-11 23:00:00,0.0
2030-12-11 23:15:00,0.0
2030-12-11 23:30:00,0.0
2030-12-11 23:45:00,0.0
2030-12-12 00:00:00,0.0
2030-12-12 00:15:00,0.0
2030-12-12 00:30:00,0.0
2030-12-12 00:45:00,0.0
2030-12-12 01:00:00,0.0
2030-12-12 01:15:00,0.0
2030-12-12 01:30:00,0.0
2030-12-12 01:45:00,0.0
2030-12-12 02:00:00,0.0
2030-12-12 02:15:00,0.0
2030-12-12 02:30:00,0.0
2030-12-12 02:45:00,0.0
2030-12-12 03:00:00,0.0
2030-12-12 03:15:00,0.0
2030-12-12 03:30:00,0.0
2030-12-12 03:45:00,0.0
2030-12-12 04:00:00,0.0
2030-12-12 04:15:00,0.0
2030-12-12 04:30:00,0.0
2030-12-12 04:45:00,0.0
2030-12-12 05:00:00,0.0
2030-12-12 05:15:00,0.0
2030-12-12 05:30:00,0.0
2030-12-12 05:45:00,0.0
2030-12-12 06:00:00,0.0
2030-12-12 06:15:00,0.0
2030-12-12 06:30:00,0.0
2030-12-12 06:45:00,0.0
2030-12-12 07:00:00,0.0
2030-12-12 07:15:00,0.0
2030-12-12 07:30:00,0.0
2030-12-12 07:45:00,0.0
2030-12-12 08:00:00,0.0
2030-12-12 08:15:00,0.0
2030-12-12 08:30:00,0.0
2030-12-12 08:45:00,0.0
2030-12-12 09:00:00,0.0
2030-12-12 09:15:00,0.0
2030-12-12 09:30:00,0.0
2030-12-12 09:45:00,0.0
2030-12-12 10:00:00,0.0
2030-12-12 10:15:00,0.0
2030-12-12 10:30:00,0.0
2030-12-12 10:45:00,0.0
2030-12-12 11:00:00,0.0
2030-12-12 11:15:00,0.0
2030-12-12 11:30:00,0.0
2030-12-12 11:45:00,0.0
2030-12-12 12:00:00,0.0
2030-12-12 12:15:00,0.0
2030-12-12 12:30:00,8158.554596977601
2030-12-12 12:45:00,1647.3351941873188
2030-12-12 13:00:00,1847.582195513145
2030-12-12 13:15:00,2155.4779584193093
2030-12-12 13:30:00,2508.3492841964635
2030-12-12 13:45:00,2612.4170393148634
2030-12-12 14:00:00,2984.7590456662947
2030-12-12 14:15:00,3432.38636969501
2030-12-12 14:30:00,3723.269779324528
2030-12-12 14:45:00,3970.9355576351154
2030-12-12 15:00:00,4385.314444806974
2030-12-12 15:15:00,4556.889999888466
2030-12-12 15:30:00,4800.327795088142
2030-12-12 15:45:00,4969.28313383599
2030-12-12 16:00:00,5005.554683866489
2030-12-12 16:15:00,5067.983935402066
2030-12-12 16:30:00,4976.972818572362
2030-12-12 16:45:00,4670.8115571829585
2030-12-12 17:00:00,4457.282933378181
2030-12-12 17:15:00,4251.5951506592355
2030-12-12 17:30:00,4160.532641852409
2030-12-12 17:45:00,4139.480533464395
2030-12-12 18:00:00,3760.865489693926
2030-12-12 18:15:00,3634.160816093936
2030-12-12 18:30:00,3290.9166630990003
2030-12-12 18:45:00,3196.772199077601
2030-12-12 19:00:00,2817.5228586974245
2030-12-12 19:15:00,2607.965256843616
2030-12-12 19:30:00,2443.5916813558197
2030-12-12 19:45:00,2008.117969976447
2030-12-12 20:00:00,1634.921050237077
2030-12-12 20:15:00,1376.3585230296849
2030-12-12 20:30:00,968.4443077942997
2030-12-12 20:45:00,489.91757209577554
2030-12-12 21:00:00,229.5121316410805
2030-12-12 21:15:00,0.0
2030-12-12 21:30:00,0.0
2030-12-12 21:45:00,0.0
2030-12-12 22:00:00,0.0
2030-12-12 22:15:00,0.0
2030-12-12 22:30:00,0.0
2030-12-12 22:45:00,0.0
2030-12-12 23:00:00,0.0
2030-12-12 23:15:00,0.0
2030-12-12 23:30:00,0.0
2030-12-12 23:45:00,0.0
2030-12-13 00:00:00,0.0
2030-12-13 00:15:00,0.0
2030-12-13 00:30:00,0.0
2030-12-13 00:45:00,0.0
2030-12-13 01:00:00,0.0
2030-12-13 01:15:00,0.0
2030-12-13 01:30:00,0.0
2030-12-13 01:45:00,0.0
2030-12-13 02:00:00,0.0
2030-12-13 02:15:00,0.0
2030-12-13 02:30:00,0.0
2030-12-13 02:45:00,0.0
2030-12-13 03:00:00,0.0
2030-12-13 03:15:00,0.0
2030-12-13 03:30:00,0.0
2030-12-13 03:45:00,0.0
2030-12-13 04:00:00,0.0
2030-12-13 04:15:00,0.0
2030-12-13 04:30:00,0.0
2030-12-13 04:45:00,0.0
2030-12-13 05:00:00,0.0
2030-12-13 05:15:00,0.0
2030-12-13 05:30:00,0.0
2030-12-13 05:45:00,0.0
2030-12-13 06:00:00,0.0
2030-12-13 06:15:00,0.0
2030-12-13 06:30:00,504.6123536245359
2030-12-13 06:45:00,1287.1308511148382
2030-12-13 07:00:00,2095.921116170415
2030-12-13 07:15:00,2494.354278798666
2030-12-13 07:30:00,2842.126754489498
2030-12-13 07:45:00,3138.727746716635
2030-12-13 08:00:00,3493.389800782681
2030-12-13 08:15:00,3510.405869827131
2030-12-13 08:30:00,3352.9202462149515
2030-12-13 08:45:00,3005.5029890946425
2030-12-13 09:00:00,2387.1128461091284
2030-12-13 09:15:00,1968.5325880278906
2030-12-13 09:30:00,1541.089635407543
2030-12-13 09:45:00,1056.9909968233587
2030-12-13 10:00:00,575.5021232911167
2030-12-13 10:15:00,218.36455103649132
2030-12-13 10:30:00,88.68554820469762
2030-12-13 10:45:00,0.0
2030-12-13 11:00:00,0.0
2030-12-13 11:15:00,0.0
2030-12-13 11:30:00,0.0
2030-12-13 11:45:00,0.0
2030-12-13 12:00:00,0.0
2030-12-13 12:15:00,0.0
2030-12-13 12:30:00,0.0
2030-12-13 12:45:00,0.0
2030-12-13 13:00:00,35.95012355840299
2030-12-13 13:15:00,309.7868437031102
2030-12-13 13:30:00,636.1681997624673
2030-12-13 13:45:00,926.2069549745502
2030-12-13 14:00:00,1308.9336568423678
2030-12-13 14:15:00,1706.5142960383364
2030-12-13 14:30:00,2038.54766006922
2030-12-13 14:45:00,2260.9428686414285
2030-12-13 15:00:00,2356.4061877065233
2030-12-13 15:15:00,2480.121354554334
2030-12-13 15:30:00,2389.433027283303
2030-12-13 15:45:00,2216.668510071513
2030-12-13 16:00:00,2097.6166003834005
2030-12-13 16:15:00,2238.7141921355633
2030-12-13 16:30:00,2383.135848865526
2030-12-13 16:45:00,2464.0081375247573
2030-12-13 17:00:00,2242.2958825535425
2030-12-13 17:15:00,2069.36128467693
2030-12-13 17:30:00,1879.1457081654462
2030-12-13 17:45:00,1480.5422183152332
2030-12-13 18:00:00,979.6311619855642
2030-12-13 18:15:00,450.41122598887523
2030-12-13 18:30:00,0.0
2030-12-13 18:45:00,0.0
2030-12-13 19:00:00,0.0
2030-12-13 19:15:00,0.0
2030-12-13 19:30:00,0.0
2030-12-13 19:45:00,0.0
2030-12-13 20:00:00,0.0
2030-12-13 20:15:00,0.0
2030-12-13 20:30:00,0.0
2030-12-13 20:45:00,0.0
2030-12-13 21:00:00,0.0
2030-12-13 21:15:00,0.0
2030-12-13 21:30:00,0.0
2030-12-13 21:45:00,0.0
2030-12-13 22:00:00,0.0
2030-12-13 22:15:00,0.0
2030-12-13 22:30:00,0.0
2030-12-13 22:45:00,0.0
2030-12-13 23:00:00,0.0
2030-12-13 23:15:00,0.0
2030-12-13 23:30:00,0.0
2030-12-13 23:45:00,0.0
2030-12-14 00:00:00,0.0
2030-12-14 00:15:00,0.0
2030-12-14 00:30:00,0.0
2030-12-14 00:45:00,0.0
2030-12-14 01:00:00,0.0
2030-12-14 01:15:00,0.0
2030-12-14 01:30:00,0.0
2030-12-14 01:45:00,0.0
2030-12-14 02:00:00,0.0
2030-12-14 02:15:00,0.0
2030-12-14 02:30:00,0.0
2030-12-14 02:45:00,0.0
2030-12-14 03:00:00,0.0
2030-12-14 03:15:00,0.0
2030-12-14 03:30:00,0.0
2030-12-14 03:45:00,0.0
2030-12-14 04:00:00,0.0
2030-12-14 04:15:00,0.0
2030-12-14 04:30:00,0.0
2030-12-14 04:45:00,0.0
2030-12-14 05:00:00,0.0
2030-12-14 05:15:00,0.0
2030-12-14 05:30:00,0.0
2030-12-14 05:45:00,0.0
2030-12-14 06:00:00,0.0
2030-12-14 06:15:00,0.0
2030-12-14 06:30:00,0.0
2030-12-14 06:45:00,0.0
2030-12-14 07:00:00,0.0
2030-12-14 07:15:00,0.0
2030-12-14 07:30:00,0.0
2030-12-14 07:45:00,0.0
2030-12-14 08:00:00,52.263029216434006
2030-12-14 08:15:00,436.28906382230525
2030-12-14 08:30:00,409.2919331164394
2030-12-14 08:45:00,285.49849690266274
2030-12-14 09:00:00,0.0
2030-12-14 09:15:00,0.0
2030-12-14 09:30:00,0.0
2030-12-14 09:45:00,0.0
2030-12-14 10:00:00,0.0
2030-12-14 10:15:00,0.0
2030-12-14 10:30:00,0.0
2030-12-14 10:45:00,0.0
2030-12-14 11:00:00,0.0
2030-12-14 11:15:00,0.0
2030-12-14 11:30:00,0.0
2030-12-14 11:45:00,0.0
2030-12-14 12:00:00,0.0
2030-12-14 12:15:00,0.0
2030-12-14 12:30:00,0.0
2030-12-14 12:45:00,0.0
2030-12-14 13:00:00,0.0
2030-12-14 13:15:00,0.0
2030-12-14 13:30:00,0.0
2030-12-14 13:45:00,0.0
2030-12-14 14:00:00,0.0
2030-12-14 14:15:00,0.0
2030-12-14 14:30:00,0.0
2030-12-14 14:45:00,0.0
2030-12-14 15:00:00,0.0
2030-12-14 15:15:00,0.0
2030-12-14 15:30:00,0.0
2030-12-14 15:45:00,0.0
2030-12-14 16:00:00,0.0
2030-12-14 16:15:00,0.0
2030-12-14 16:30:00,0.0
2030-12-14 16:45:00,0.0
2030-12-14 17:00:00,0.0
2030-12-14 17:15:00,0.0
2030-12-14 17:30:00,0.0
2030-12-14 17:45:00,0.0
2030-12-14 18:00:00,0.0
2030-12-14 18:15:00,0.0
2030-12-14 18:30:00,0.0
2030-12-14 18:45:00,0.0
2030-12-14 19:00:00,0.0
2030-12-14 19:15:00,0.0
2030-12-14 19:30:00,0.0
2030-12-14 19:45:00,0.0
2030-12-14 20:00:00,0.0
2030-12-14 20:15:00,0.0
2030-12-14 20:30:00,0.0
2030-12-14 20:45:00,0.0
2030-12-14 21:00:00,0.0
2030-12-14 21:15:00,0.0
2030-12-14 21:30:00,0.0
2030-12-14 21:45:00,0.0
2030-12-14 22:00:00,0.0
2030-12-14 22:15:00,0.0
2030-12-14 22:30:00,0.0
2030-12-14 22:45:00,0.0
2030-12-14 23:00:00,0.0
2030-12-14 23:15:00,0.0
2030-12-14 23:30:00,0.0
2030-12-14 23:45:00,0.0
2030-12-15 00:00:00,0.0
2030-12-15 00:15:00,0.0
2030-12-15 00:30:00,0.0
2030-12-15 00:45:00,0.0
2030-12-15 01:00:00,0.0
2030-12-15 01:15:00,0.0
2030-12-15 01:30:00,0.0
2030-12-15 01:45:00,0.0
2030-12-15 02:00:00,0.0
2030-12-15 02:15:00,0.0
2030-12-15 02:30:00,0.0
2030-12-15 02:45:00,0.0
2030-12-15 03:00:00,0.0
2030-12-15 03:15:00,0.0
2030-12-15 03:30:00,0.0
2030-12-15 03:45:00,0.0
2030-12-15 04:00:00,0.0
2030-12-15 04:15:00,0.0
2030-12-15 04:30:00,0.0
2030-12-15 04:45:00,0.0
2030-12-15 05:00:00,0.0
2030-12-15 05:15:00,0.0
2030-12-15 05:30:00,0.0
2030-12-15 05:45:00,0.0
2030-12-15 06:00:00,0.0
2030-12-15 06:15:00,0.0
2030-12-15 06:30:00,0.0
2030-12-15 06:45:00,0.0
2030-12-15 07:00:00,0.0
2030-12-15 07:15:00,0.0
2030-12-15 07:30:00,0.0
2030-12-15 07:45:00,0.0
2030-12-15 08:00:00,0.0
2030-12-15 08:15:00,0.0
2030-12-15 08:30:00,0.0
2030-12-15 08:45:00,0.0
2030-12-15 09:00:00,0.0
2030-12-15 09:15:00,0.0
2030-12-15 09:30:00,0.0
2030-12-15 09:45:00,0.0
2030-12-15 10:00:00,0.0
2030-12-15 10:15:00,19.884111642637436
2030-12-15 10:30:00,131.88103972546014
2030-12-15 10:45:00,246.47699809405458
2030-12-15 11:00:00,133.08828432384144
2030-12-15 11:15:00,332.33478499636294
2030-12-15 11:30:00,391.7136628404551
2030-12-15 11:45:00,371.9651909387121
2030-12-15 12:00:00,252.94872846259568
2030-12-15 12:15:00,281.2771145853367
2030-12-15 12:30:00,139.81180576014958
2030-12-15 12:45:00,138.05755247657362
2030-12-15 13:00:00,356.8328547956298
2030-12-15 13:15:00,532.0363288508488
2030-12-15 13:30:00,770.5005730181947
2030-12-15 13:45:00,487.86807872744794
2030-12-15 14:00:00,522.5029399731811
2030-12-15 14:15:00,507.33862230181876
2030-12-15 14:30:00,764.8293842966632
2030-12-15 14:45:00,1071.0836095689156
2030-12-15 15:00:00,1561.9873622552404
2030-12-15 15:15:00,1526.22148791172
2030-12-15 15:30:00,1434.8967200278385
2030-12-15 15:45:00,1290.6548270457006
2030-12-15 16:00:00,1543.2155300240374
2030-12-15 16:15:00,1602.9495094287631
2030-12-15 16:30:00,1775.9992264766443
2030-12-15 16:45:00,1647.1458113215303
2030-12-15 17:00:00,1398.5665234495937
2030-12-15 17:15:00,1373.1486503480319
2030-12-15 17:30:00,976.2304769195653
2030-12-15 17:45:00,523.5907230013636
2030-12-15 18:00:00,188.6548293582764
2030-12-15 18:15:00,139.67129043066961
2030-12-15 18:30:00,104.68248087125721
2030-12-15 18:45:00,0.0
2030-12-15 19:00:00,0.0
2030-12-15 19:15:00,0.0
2030-12-15 19:30:00,0.0
2030-12-15 19:45:00,0.0
2030-12-15 20:00:00,0.0
2030-12-15 20:15:00,0.0
2030-12-15 20:30:00,0.0
2030-12-15 20:45:00,0.0
2030-12-15 21:00:00,0.0
2030-12-15 21:15:00,0.0
2030-12-15 21:30:00,0.0
2030-12-15 21:45:00,0.0
2030-12-15 22:00:00,0.0
2030-12-15 22:15:00,0.0
2030-12-15 22:30:00,0.0
2030-12-15 22:45:00,0.0
2030-12-15 23:00:00,0.0
2030-12-15 23:15:00,0.0
2030-12-15 23:30:00,0.0
2030-12-15 23:45:00,0.0
2030-12-16 00:00:00,0.0
2030-12-16 00:15:00,0.0
2030-12-16 00:30:00,0.0
2030-12-16 00:45:00,0.0
2030-12-16 01:00:00,0.0
2030-12-16 01:15:00,0.0
2030-12-16 01:30:00,0.0
2030-12-16 01:45:00,0.0
2030-12-16 02:00:00,0.0
2030-12-16 02:15:00,0.0
2030-12-16 02:30:00,0.0
2030-12-16 02:45:00,0.0
2030-12-16 03:00:00,0.0
2030-12-16 03:15:00,0.0
2030-12-16 03:30:00,0.0
2030-12-16 03:45:00,0.0
2030-12-16 04:00:00,0.0
2030-12-16 04:15:00,0.0
2030-12-16 04:30:00,0.0
2030-12-16 04:45:00,0.0
2030-12-16 05:00:00,0.0
2030-12-16 05:15:00,0.0
2030-12-16 05:30:00,0.0
2030-12-16 05:45:00,0.0
2030-12-16 06:00:00,0.0
2030-12-16 06:15:00,0.0
2030-12-16 06:30:00,0.0
2030-12-16 06:45:00,0.0
2030-12-16 07:00:00,0.0
2030-12-16 07:15:00,0.0
2030-12-16 07:30:00,0.0
2030-12-16 07:45:00,0.0
2030-12-16 08:00:00,0.0
2030-12-16 08:15:00,0.0
2030-12-16 08:30:00,0.0
2030-12-16 08:45:00,0.0
2030-12-16 09:00:00,0.0
2030-12-16 09:15:00,0.0
2030-12-16 09:30:00,0.0
2030-12-16 09:45:00,0.0
2030-12-16 10:00:00,0.0
2030-12-16 10:15:00,0.0
2030-12-16 10:30:00,0.0
2030-12-16 10:45:00,0.0
2030-12-16 11:00:00,0.0
2030-12-16 11:15:00,0.0
2030-12-16 11:30:00,0.0
2030-12-16 11:45:00,0.0
2030-12-16 12:00:00,0.0
2030-12-16 12:15:00,0.0
2030-12-16 12:30:00,0.0
2030-12-16 12:45:00,0.0
2030-12-16 13:00:00,0.0
2030-12-16 13:15:00,0.0
2030-12-16 13:30:00,0.0
2030-12-16 13:45:00,0.0
2030-12-16 14:00:00,0.0
2030-12-16 14:15:00,0.0
2030-12-16 14:30:00,0.0
2030-12-16 14:45:00,0.0
2030-12-16 15:00:00,0.0
2030-12-16 15:15:00,0.0
2030-12-16 15:30:00,0.0
2030-12-16 15:45:00,0.0
2030-12-16 16:00:00,0.0
2030-12-16 16:15:00,0.0
2030-12-16 16:30:00,0.0
2030-12-16 16:45:00,37.68807788502454
2030-12-16 17:00:00,0.0
2030-12-16 17:15:00,0.0
2030-12-16 17:30:00,0.0
2030-12-16 17:45:00,0.0
2030-12-16 18:00:00,0.0
2030-12-16 18:15:00,0.0
2030-12-16 18:30:00,0.0
2030-12-16 18:45:00,0.0
2030-12-16 19:00:00,0.0
2030-12-16 19:15:00,0.0
2030-12-16 19:30:00,0.0
2030-12-16 19:45:00,0.0
2030-12-16 20:00:00,0.0
2030-12-16 20:15:00,0.0
2030-12-16 20:30:00,0.0
2030-12-16 20:45:00,0.0
2030-12-16 21:00:00,0.0
2030-12-16 21:15:00,0.0
2030-12-16 21:30:00,0.0
2030-12-16 21:45:00,0.0
2030-12-16 22:00:00,0.0
2030-12-16 22:15:00,0.0
2030-12-16 22:30:00,0.0
2030-12-16 22:45:00,0.0
2030-12-16 23:00:00,0.0
2030-12-16 23:15:00,0.0
2030-12-16 23:30:00,0.0
2030-12-16 23:45:00,0.0
2030-12-17 00:00:00,0.0
2030-12-17 00:15:00,0.0
2030-12-17 00:30:00,0.0
2030-12-17 00:45:00,0.0
2030-12-17 01:00:00,0.0
2030-12-17 01:15:00,0.0
2030-12-17 01:30:00,0.0
2030-12-17 01:45:00,0.0
2030-12-17 02:00:00,0.0
2030-12-17 02:15:00,0.0
2030-12-17 02:30:00,0.0
2030-12-17 02:45:00,0.0
2030-12-17 03:00:00,0.0
2030-12-17 03:15:00,0.0
2030-12-17 03:30:00,0.0
2030-12-17 03:45:00,0.0
2030-12-17 04:00:00,0.0
2030-12-17 04:15:00,0.0
2030-12-17 04:30:00,0.0
2030-12-17 04:45:00,0.0
2030-12-17 05:00:00,0.0
2030-12-17 05:15:00,0.0
2030-12-17 05:30:00,0.0
2030-12-17 05:45:00,0.0
2030-12-17 06:00:00,0.0
2030-12-17 06:15:00,0.0
2030-12-17 06:30:00,0.0
2030-12-17 06:45:00,0.0
2030-12-17 07:00:00,0.0
2030-12-17 07:15:00,0.0
2030-12-17 07:30:00,0.0
2030-12-17 07:45:00,0.0
2030-12-17 08:00:00,0.0
2030-12-17 08:15:00,0.0
2030-12-17 08:30:00,0.0
2030-12-17 08:45:00,0.0
2030-12-17 09:00:00,0.0
2030-12-17 09:15:00,0.0
2030-12-17 09:30:00,0.0
2030-12-17 09:45:00,0.0
2030-12-17 10:00:00,0.0
2030-12-17 10:15:00,0.0
2030-12-17 10:30:00,0.0
2030-12-17 10:45:00,0.0
2030-12-17 11:00:00,0.0
2030-12-17 11:15:00,0.0
2030-12-17 11:30:00,0.0
2030-12-17 11:45:00,0.0
2030-12-17 12:00:00,0.0
2030-12-17 12:15:00,0.0
2030-12-17 12:30:00,0.0
2030-12-17 12:45:00,0.0
2030-12-17 13:00:00,0.0
2030-12-17 13:15:00,-4552.216240431044
2030-12-17 13:30:00,-5941.706237478007
2030-12-17 13:45:00,-5675.565536440332
2030-12-17 14:00:00,-5125.300365938114
2030-12-17 14:15:00,-4777.583669456708
2030-12-17 14:30:00,-4616.201134431605
2030-12-17 14:45:00,-4346.539746953051
2030-12-17 15:00:00,-4250.525709593254
2030-12-17 15:15:00,-4394.717835890708
2030-12-17 15:30:00,-4412.625419944579
2030-12-17 15:45:00,-4008.719179515603
2030-12-17 16:00:00,-3761.9539567067477
2030-12-17 16:15:00,-3828.432490303181
2030-12-17 16:30:00,-3701.383862731316
2030-12-17 16:45:00,-3556.565477675802
2030-12-17 17:00:00,-3197.369049276236
2030-12-17 17:15:00,-3033.5961436227044
2030-12-17 17:30:00,-2920.714525853389
2030-12-17 17:45:00,-2879.623970313569
2030-12-17 18:00:00,-3073.8087589070856
2030-12-17 18:15:00,-3417.0275365419
2030-12-17 18:30:00,-3658.4094656457783
2030-12-17 18:45:00,-3905.5228553480374
2030-12-17 19:00:00,-4151.584182126087
2030-12-17 19:15:00,-4152.785172564694
2030-12-17 19:30:00,-4426.320239104811
2030-12-17 19:45:00,-4558.745459697428
2030-12-17 20:00:00,-4543.222825667224
2030-12-17 20:15:00,-4116.595189637323
2030-12-17 20:30:00,-4602.672546069192
2030-12-17 20:45:00,-4921.351257822222
2030-12-17 21:00:00,-4933.529376752031
2030-12-17 21:15:00,-4886.296308611225
2030-12-17 21:30:00,-4905.926191861745
2030-12-17 21:45:00,-5246.182772089112
2030-12-17 22:00:00,-5185.141585931462
2030-12-17 22:15:00,-5354.052157783637
2030-12-17 22:30:00,-5525.756975085649
2030-12-17 22:45:00,-5644.320140245738
2030-12-17 23:00:00,-5884.7705034391365
2030-12-17 23:15:00,-6365.821852086687
2030-12-17 23:30:00,-6757.005337673789
2030-12-17 23:45:00,-7127.985969607063
2030-12-18 00:00:00,-6845.040888477131
2030-12-18 00:15:00,-7069.590219686572
2030-12-18 00:30:00,-7348.095288671993
2030-12-18 00:45:00,-7513.701655555034
2030-12-18 01:00:00,-7600.410468604599
2030-12-18 01:15:00,-7595.385685742356
2030-12-18 01:30:00,-7567.139580661917
2030-12-18 01:45:00,-7531.510501445791
2030-12-18 02:00:00,-7573.577178464766
2030-12-18 02:15:00,-7621.05575106892
2030-12-18 02:30:00,-7625.633560331737
2030-12-18 02:45:00,-7506.145790783936
2030-12-18 03:00:00,-7453.777792796647
2030-12-18 03:15:00,-7408.965792569379
2030-12-18 03:30:00,-7244.105516219332
2030-12-18 03:45:00,-7045.485294942466
2030-12-18 04:00:00,-6810.65349398376
2030-12-18 04:15:00,-6573.915866255607
2030-12-18 04:30:00,-6044.590622389791
2030-12-18 04:45:00,-5738.370423450942
2030-12-18 05:00:00,-5287.00859100094
2030-12-18 05:15:00,-4922.135434727254
2030-12-18 05:30:00,-4526.252616244725
2030-12-18 05:45:00,-4182.672978367846
2030-12-18 06:00:00,-3123.2581493046127
2030-12-18 06:15:00,-2531.7263737768553
2030-12-18 06:30:00,-2306.1725436618617
2030-12-18 06:45:00,-1656.887733082338
2030-12-18 07:00:00,-706.136995854089
2030-12-18 07:15:00,-322.54641497432385
2030-12-18 07:30:00,0.0
2030-12-18 07:45:00,0.0
2030-12-18 08:00:00,0.0
2030-12-18 08:15:00,0.0
2030-12-18 08:30:00,0.0
2030-12-18 08:45:00,0.0
2030-12-18 09:00:00,0.0
2030-12-18 09:15:00,0.0
2030-12-18 09:30:00,0.0
2030-12-18 09:45:00,0.0
2030-12-18 10:00:00,0.0
2030-12-18 10:15:00,0.0
2030-12-18 10:30:00,0.0
2030-12-18 10:45:00,0.0
2030-12-18 11:00:00,0.0
2030-12-18 11:15:00,0.0
2030-12-18 11:30:00,0.0
2030-12-18 11:45:00,0.0
2030-12-18 12:00:00,0.0
2030-12-18 12:15:00,0.0
2030-12-18 12:30:00,-3538.6016491783485
2030-12-18 12:45:00,-4657.17174122365
2030-12-18 13:00:00,-4452.432680041347
2030-12-18 13:15:00,-4291.751859440876
2030-12-18 13:30:00,-3898.609427023024
2030-12-18 13:45:00,-3532.5307887121016
2030-12-18 14:00:00,-2916.0220716555814
2030-12-18 14:15:00,-2171.596925510472
2030-12-18 14:30:00,-1584.624254393646
2030-12-18 14:45:00,-885.3436430836264
2030-12-18 15:00:00,-79.28867190367964
2030-12-18 15:15:00,0.0
2030-12-18 15:30:00,0.0
2030-12-18 15:45:00,0.0
2030-12-18 16:00:00,0.0
2030-12-18 16:15:00,0.0
2030-12-18 16:30:00,0.0
2030-12-18 16:45:00,0.0
2030-12-18 17:00:00,0.0
2030-12-18 17:15:00,0.0
2030-12-18 17:30:00,0.0
2030-12-18 17:45:00,0.0
2030-12-18 18:00:00,0.0
2030-12-18 18:15:00,0.0
2030-12-18 18:30:00,0.0
2030-12-18 18:45:00,0.0
2030-12-18 19:00:00,0.0
2030-12-18 19:15:00,0.0
2030-12-18 19:30:00,0.0
2030-12-18 19:45:00,0.0
2030-12-18 20:00:00,-2222.7068899639526
2030-12-18 20:15:00,-2934.121480755981
2030-12-18 20:30:00,-3381.8461347428856
2030-12-18 20:45:00,-3577.775251983334
2030-12-18 21:00:00,-4000.6242885672837
2030-12-18 21:15:00,-4499.371483899835
2030-12-18 21:30:00,-4680.072420141965
2030-12-18 21:45:00,-4895.506451030877
2030-12-18 22:00:00,-4074.7535024204444
2030-12-18 22:15:00,-4248.615091347285
2030-12-18 22:30:00,-4545.818841564807
2030-12-18 22:45:00,-4943.129931495692
2030-12-18 23:00:00,-5202.106361250058
2030-12-18 23:15:00,-5831.901436064327
2030-12-18 23:30:00,-5939.341280037246
2030-12-18 23:45:00,-6008.992562084044
2030-12-19 00:00:00,-6208.279936462852
2030-12-19 00:15:00,-6634.126682040158
2030-12-19 00:30:00,-6579.9596811767115
2030-12-19 00:45:00,-6809.778767534692
2030-12-19 01:00:00,-6692.4295899468925
2030-12-19 01:15:00,-6774.029730310762
2030-12-19 01:30:00,-6758.2304208849855
2030-12-19 01:45:00,-6731.757108152844
2030-12-19 02:00:00,-6718.383523412347
2030-12-19 02:15:00,-6570.683479369269
2030-12-19 02:30:00,-6167.316318830039
2030-12-19 02:45:00,-6006.554883287037
2030-12-19 03:00:00,-5926.216139398319
2030-12-19 03:15:00,-5688.237233490527
2030-12-19 03:30:00,-5444.167204876376
2030-12-19 03:45:00,-5319.378536818753
2030-12-19 04:00:00,-4988.13651817941
2030-12-19 04:15:00,-4726.669389736264
2030-12-19 04:30:00,-4358.980969042132
2030-12-19 04:45:00,-3993.3570706100254
2030-12-19 05:00:00,-3419.3771529006444
2030-12-19 05:15:00,-2995.943262231045
2030-12-19 05:30:00,-2603.2324819503738
2030-12-19 05:45:00,-2093.838035922505
2030-12-19 06:00:00,-1421.6581491611905
2030-12-19 06:15:00,-818.9848846651475
2030-12-19 06:30:00,-63.449804259966186
2030-12-19 06:45:00,0.0
2030-12-19 07:00:00,0.0
2030-12-19 07:15:00,0.0
2030-12-19 07:30:00,0.0
2030-12-19 07:45:00,0.0
2030-12-19 08:00:00,0.0
2030-12-19 08:15:00,0.0
2030-12-19 08:30:00,0.0
2030-12-19 08:45:00,0.0
2030-12-19 09:00:00,0.0
2030-12-19 09:15:00,0.0
2030-12-19 09:30:00,0.0
2030-12-19 09:45:00,0.0
2030-12-19 10:00:00,0.0
2030-12-19 10:15:00,0.0
2030-12-19 10:30:00,0.0
2030-12-19 10:45:00,0.0
2030-12-19 11:00:00,0.0
2030-12-19 11:15:00,0.0
2030-12-19 11:30:00,0.0
2030-12-19 11:45:00,0.0
2030-12-19 12:00:00,0.0
2030-12-19 12:15:00,0.0
2030-12-19 12:30:00,0.0
2030-12-19 12:45:00,0.0
2030-12-19 13:00:00,0.0
2030-12-19 13:15:00,0.0
2030-12-19 13:30:00,0.0
2030-12-19 13:45:00,0.0
2030-12-19 14:00:00,0.0
2030-12-19 14:15:00,0.0
2030-12-19 14:30:00,0.0
2030-12-19 14:45:00,0.0
2030-12-19 15:00:00,0.0
2030-12-19 15:15:00,0.0
2030-12-19 15:30:00,0.0
2030-12-19 15:45:00,0.0
2030-12-19 16:00:00,0.0
2030-12-19 16:15:00,0.0
2030-12-19 16:30:00,0.0
2030-12-19 16:45:00,0.0
2030-12-19 17:00:00,0.0
2030-12-19 17:15:00,0.0
2030-12-19 17:30:00,0.0
2030-12-19 17:45:00,0.0
2030-12-19 18:00:00,0.0
2030-12-19 18:15:00,0.0
2030-12-19 18:30:00,0.0
2030-12-19 18:45:00,0.0
2030-12-19 19:00:00,0.0
2030-12-19 19:15:00,0.0
2030-12-19 19:30:00,0.0
2030-12-19 19:45:00,0.0
2030-12-19 20:00:00,0.0
2030-12-19 20:15:00,0.0
2030-12-19 20:30:00,0.0
2030-12-19 20:45:00,0.0
2030-12-19 21:00:00,0.0
2030-12-19 21:15:00,0.0
2030-12-19 21:30:00,0.0
2030-12-19 21:45:00,0.0
2030-12-19 22:00:00,0.0
2030-12-19 22:15:00,0.0
2030-12-19 22:30:00,0.0
2030-12-19 22:45:00,0.0
2030-12-19 23:00:00,0.0
2030-12-19 23:15:00,0.0
2030-12-19 23:30:00,0.0
2030-12-19 23:45:00,0.0
2030-12-20 00:00:00,0.0
2030-12-20 00:15:00,0.0
2030-12-20 00:30:00,0.0
2030-12-20 00:45:00,0.0
2030-12-20 01:00:00,0.0
2030-12-20 01:15:00,0.0
2030-12-20 01:30:00,0.0
2030-12-20 01:45:00,-3295.294863048395
2030-12-20 02:00:00,-5313.957157197297
2030-12-20 02:15:00,-5496.65610973058
2030-12-20 02:30:00,-5434.344478861851
2030-12-20 02:45:00,-5630.70272220247
2030-12-20 03:00:00,-5789.574923608121
2030-12-20 03:15:00,-5974.025376910537
2030-12-20 03:30:00,-6002.724437137122
2030-12-20 03:45:00,-6166.767231237554
2030-12-20 04:00:00,-6245.454759307851
2030-12-20 04:15:00,-6481.02975785616
2030-12-20 04:30:00,-6744.824319778025
2030-12-20 04:45:00,-6867.885438391888
2030-12-20 05:00:00,-6612.571733581393
2030-12-20 05:15:00,-6068.157504549283
2030-12-20 05:30:00,-5928.4131118746445
2030-12-20 05:45:00,-5641.396377219702
2030-12-20 06:00:00,-5382.409186662619
2030-12-20 06:15:00,-5434.344138807162
2030-12-20 06:30:00,-5064.587516105807
2030-12-20 06:45:00,-4393.517600999865
2030-12-20 07:00:00,-3416.19632552678
2030-12-20 07:15:00,-3322.667238937811
2030-12-20 07:30:00,-3415.0598787944327
2030-12-20 07:45:00,-3162.739344401987
2030-12-20 08:00:00,-2882.9861963373296
2030-12-20 08:15:00,-3046.258306464817
2030-12-20 08:30:00,-3253.560981017239
2030-12-20 08:45:00,-3570.2648479312993
2030-12-20 09:00:00,-3850.8582910836703
2030-12-20 09:15:00,-4108.525361111442
2030-12-20 09:30:00,-4476.197378884532
2030-12-20 09:45:00,-5019.290843930776
2030-12-20 10:00:00,-5691.29536652848
2030-12-20 10:15:00,-5914.114296074942
2030-12-20 10:30:00,-6610.2360191184125
2030-12-20 10:45:00,-7148.944744547363
2030-12-20 11:00:00,-7660.217230636405
2030-12-20 11:15:00,-8137.233821114438
2030-12-20 11:30:00,-8102.789612477183
2030-12-20 11:45:00,-8379.833278765855
2030-12-20 12:00:00,-9114.045433814368
2030-12-20 12:15:00,-9313.004599823682
2030-12-20 12:30:00,-8950.980270215758
2030-12-20 12:45:00,-8644.590163487726
2030-12-20 13:00:00,-8598.505002431048
2030-12-20 13:15:00,-8695.001229532583
2030-12-20 13:30:00,-8805.133818998936
2030-12-20 13:45:00,-8528.693571659478
2030-12-20 14:00:00,-8509.746034126194
2030-12-20 14:15:00,-7917.180330647989
2030-12-20 14:30:00,-7196.772962554969
2030-12-20 14:45:00,-6829.060794196914
2030-12-20 15:00:00,-5960.1170374389985
2030-12-20 15:15:00,-5756.90660427375
2030-12-20 15:30:00,-5798.1970327605995
2030-12-20 15:45:00,-5847.796404126271
2030-12-20 16:00:00,-5000.633915753977
2030-12-20 16:15:00,-4855.7576661759595
2030-12-20 16:30:00,-4330.521768566621
2030-12-20 16:45:00,-4046.6210606829445
2030-12-20 17:00:00,-4297.539680502254
2030-12-20 17:15:00,-4255.03643335203
2030-12-20 17:30:00,-4412.447263501195
2030-12-20 17:45:00,-4502.224902753678
2030-12-20 18:00:00,-4478.547072799956
2030-12-20 18:15:00,-4382.210292368716
2030-12-20 18:30:00,-4331.194255602026
2030-12-20 18:45:00,-4054.2434712833674
2030-12-20 19:00:00,-4045.468537606681
2030-12-20 19:15:00,-4328.9197311781245
2030-12-20 19:30:00,-4479.016391725054
2030-12-20 19:45:00,-4694.136266181067
2030-12-20 20:00:00,-4990.681478006376
2030-12-20 20:15:00,-5359.06592137687
2030-12-20 20:30:00,-5580.617001074203
2030-12-20 20:45:00,-5937.505509140381
2030-12-20 21:00:00,-6574.975650458477
2030-12-20 21:15:00,-6822.435654183024
2030-12-20 21:30:00,-6978.799866252772
2030-12-20 21:45:00,-7402.220189443855
2030-12-20 22:00:00,-7515.823508219222
2030-12-20 22:15:00,-7742.270810040318
2030-12-20 22:30:00,-7749.45779189275
2030-12-20 22:45:00,-7541.116055208491
2030-12-20 23:00:00,-7413.634118317466
2030-12-20 23:15:00,-7762.891294611873
2030-12-20 23:30:00,-8074.396196081554
2030-12-20 23:45:00,-8434.555226098284
2030-12-21 00:00:00,-8656.36621109823
2030-12-21 00:15:00,-8742.443260988272
2030-12-21 00:30:00,-9361.68526064675
2030-12-21 00:45:00,-8939.099028247401
2030-12-21 01:00:00,-9528.452050131074
2030-12-21 01:15:00,-9770.081279872573
2030-12-21 01:30:00,-9927.454815776897
2030-12-21 01:45:00,-9994.374458729155
2030-12-21 02:00:00,-10062.741721177263
2030-12-21 02:15:00,-9889.164683487239
2030-12-21 02:30:00,-9974.917843691936
2030-12-21 02:45:00,-10296.593835203872
2030-12-21 03:00:00,-10503.293826869374
2030-12-21 03:15:00,-10624.926527663836
2030-12-21 03:30:00,-10610.06484017872
2030-12-21 03:45:00,-10504.777240846159
2030-12-21 04:00:00,-10449.35591908811
2030-12-21 04:15:00,-10327.162411658113
2030-12-21 04:30:00,-10165.280984149436
2030-12-21 04:45:00,-9796.829598211985
2030-12-21 05:00:00,-9543.73555175907
2030-12-21 05:15:00,-9769.415920227337
2030-12-21 05:30:00,-9891.63010895409
2030-12-21 05:45:00,-9868.939311233735
2030-12-21 06:00:00,-9674.079780537435
2030-12-21 06:15:00,-9751.78184038233
2030-12-21 06:30:00,-9845.64582852074
2030-12-21 06:45:00,-9734.402471571859
2030-12-21 07:00:00,-9251.270693685448
2030-12-21 07:15:00,-8844.597724672738
2030-12-21 07:30:00,-8651.327472982339
2030-12-21 07:45:00,-8581.387999465369
2030-12-21 08:00:00,-8936.992356477538
2030-12-21 08:15:00,-8776.23096127565
2030-12-21 08:30:00,-8957.889531819394
2030-12-21 08:45:00,-8935.61229054532
2030-12-21 09:00:00,-9127.612900218232
2030-12-21 09:15:00,-9280.212486883273
2030-12-21 09:30:00,-9568.474189349443
2030-12-21 09:45:00,-9735.440904479488
2030-12-21 10:00:00,-9549.178197782869
2030-12-21 10:15:00,-9306.132709179721
2030-12-21 10:30:00,-9349.676031519193
2030-12-21 10:45:00,-9583.227075758263
2030-12-21 11:00:00,-10050.443171119372
2030-12-21 11:15:00,-9900.60771277963
2030-12-21 11:30:00,-9408.498611696701
2030-12-21 11:45:00,-9228.397909798041
2030-12-21 12:00:00,-9349.726814963713
2030-12-21 12:15:00,-9299.935368939954
2030-12-21 12:30:00,-9528.8580090031
2030-12-21 12:45:00,-9734.501953942541
2030-12-21 13:00:00,-9808.777761136851
2030-12-21 13:15:00,-9574.347381800606
2030-12-21 13:30:00,-9351.059034923073
2030-12-21 13:45:00,-9243.217668500634
2030-12-21 14:00:00,-9520.127691368947
2030-12-21 14:15:00,-9353.899770632277
2030-12-21 14:30:00,-9096.083882225412
2030-12-21 14:45:00,-9618.687867002784
2030-12-21 15:00:00,-10004.592057066606
2030-12-21 15:15:00,-10092.141633524967
2030-12-21 15:30:00,-10683.280851957981
2030-12-21 15:45:00,-10453.982130412787
2030-12-21 16:00:00,-10458.290278612272
2030-12-21 16:15:00,-10450.333430653733
2030-12-21 16:30:00,-10458.795727918448
2030-12-21 16:45:00,-10288.41508693304
2030-12-21 17:00:00,-10015.99722099142
2030-12-21 17:15:00,-10048.32039057386
2030-12-21 17:30:00,-10023.938858122183
2030-12-21 17:45:00,-10226.950676218308
2030-12-21 18:00:00,-10664.873694229424
2030-12-21 18:15:00,-10836.078637333994
2030-12-21 18:30:00,-10949.782536930721
2030-12-21 18:45:00,-10491.470119694219
2030-12-21 19:00:00,-10747.073407544984
2030-12-21 19:15:00,-10886.277032474361
2030-12-21 19:30:00,-11205.424197081302
2030-12-21 19:45:00,-10993.715497941019
2030-12-21 20:00:00,-11449.594610650649
2030-12-21 20:15:00,-11929.491858952275
2030-12-21 20:30:00,-12272.399984969932
2030-12-21 20:45:00,-12074.853566609429
2030-12-21 21:00:00,-12444.861452495232
2030-12-21 21:15:00,-12435.360007469044
2030-12-21 21:30:00,-12212.613919797906
2030-12-21 21:45:00,-11463.691154244872
2030-12-21 22:00:00,-10962.464673294544
2030-12-21 22:15:00,-11554.79012981497
2030-12-21 22:30:00,-12025.165963479489
2030-12-21 22:45:00,-12657.43500963437
2030-12-21 23:00:00,-13004.390375845935
2030-12-21 23:15:00,-13087.133749639837
2030-12-21 23:30:00,-13199.23356659674
2030-12-21 23:45:00,-13291.090204620654
2030-12-22 00:00:00,-13340.230677330332
2030-12-22 00:15:00,-13469.901588338638
2030-12-22 00:30:00,-13714.928428230778
2030-12-22 00:45:00,-13794.541647962888
2030-12-22 01:00:00,-13828.70956275832
2030-12-22 01:15:00,-14375.447770823404
2030-12-22 01:30:00,-14383.913513257841
2030-12-22 01:45:00,-14276.46189193248
2030-12-22 02:00:00,-14603.435278271809
2030-12-22 02:15:00,-14291.80738144065
2030-12-22 02:30:00,-14048.033014434564
2030-12-22 02:45:00,-13948.189707342877
2030-12-22 03:00:00,-13542.490548926253
2030-12-22 03:15:00,-13424.682483842324
2030-12-22 03:30:00,-13667.842912353979
2030-12-22 03:45:00,-13397.214839342805
2030-12-22 04:00:00,-13444.870641067784
2030-12-22 04:15:00,-13707.334495687557
2030-12-22 04:30:00,-13568.77067106753
2030-12-22 04:45:00,-13438.184175141112
2030-12-22 05:00:00,-13041.820275893053
2030-12-22 05:15:00,-12802.642272226156
2030-12-22 05:30:00,-11958.819171096915
2030-12-22 05:45:00,-11783.256306756746
2030-12-22 06:00:00,-11647.336558964169
2030-12-22 06:15:00,-11556.18035979629
2030-12-22 06:30:00,-10606.494029211437
2030-12-22 06:45:00,-9879.405166385273
2030-12-22 07:00:00,-9730.13712098675
2030-12-22 07:15:00,-9610.473773569338
2030-12-22 07:30:00,-9353.502393994033
2030-12-22 07:45:00,-9176.179352421019
2030-12-22 08:00:00,-9369.409626313496
2030-12-22 08:15:00,-9391.856018883842
2030-12-22 08:30:00,-9542.42373169999
2030-12-22 08:45:00,-9866.976091261062
2030-12-22 09:00:00,-9787.398256115142
2030-12-22 09:15:00,-9362.041059617859
2030-12-22 09:30:00,-9427.21527306689
2030-12-22 09:45:00,-9707.099169794397
2030-12-22 10:00:00,-9831.416901004679
2030-12-22 10:15:00,-9824.264064957846
2030-12-22 10:30:00,-9796.997799198649
2030-12-22 10:45:00,-9976.70203449293
2030-12-22 11:00:00,-10237.26942626265
2030-12-22 11:15:00,-10241.61845574229
2030-12-22 11:30:00,-10505.25446918125
2030-12-22 11:45:00,-10124.404023535211
2030-12-22 12:00:00,-9847.278028648434
2030-12-22 12:15:00,-9712.592047080798
2030-12-22 12:30:00,-10013.731799305533
2030-12-22 12:45:00,-10148.088436802853
2030-12-22 13:00:00,-9983.831694159955
2030-12-22 13:15:00,-9982.557003151793
2030-12-22 13:30:00,-9563.084661834619
2030-12-22 13:45:00,-8934.94373669133
2030-12-22 14:00:00,-8596.828592547929
2030-12-22 14:15:00,-8185.150768066062
2030-12-22 14:30:00,-7638.2046445135165
2030-12-22 14:45:00,-7124.720708620385
2030-12-22 15:00:00,-6580.896785698598
2030-12-22 15:15:00,-6150.32626761854
2030-12-22 15:30:00,-6278.225684736521
2030-12-22 15:45:00,-6247.879181557822
2030-12-22 16:00:00,-5587.815903500181
2030-12-22 16:15:00,-5038.528679524079
2030-12-22 16:30:00,-4088.452611907731
2030-12-22 16:45:00,-3666.4001194124758
2030-12-22 17:00:00,-3237.6173973267796
2030-12-22 17:15:00,-3240.918308193184
2030-12-22 17:30:00,-2916.9097867347737
2030-12-22 17:45:00,-2909.807077788435
2030-12-22 18:00:00,-3026.681607825769
2030-12-22 18:15:00,-2674.8122742282576
2030-12-22 18:30:00,-2576.264540247612
2030-12-22 18:45:00,-2697.4370900523427
2030-12-22 19:00:00,-3115.433833709958
2030-12-22 19:15:00,-3182.06993245814
2030-12-22 19:30:00,-3148.9456961098986
2030-12-22 19:45:00,-3100.1755836757184
2030-12-22 20:00:00,-3500.517926687484
2030-12-22 20:15:00,-3726.6623770932238
2030-12-22 20:30:00,-4087.0095406208384
2030-12-22 20:45:00,-4350.420261540927
2030-12-22 21:00:00,-4800.507158667537
2030-12-22 21:15:00,-5293.709408990762
2030-12-22 21:30:00,-5675.214180722574
2030-12-22 21:45:00,-5681.923520732344
2030-12-22 22:00:00,-5357.725392318007
2030-12-22 22:15:00,-5605.360004127157
2030-12-22 22:30:00,-6091.323922031144
2030-12-22 22:45:00,-6326.687715188869
2030-12-22 23:00:00,-6662.249342899231
2030-12-22 23:15:00,-6957.142714925623
2030-12-22 23:30:00,-7000.111898668176
2030-12-22 23:45:00,-6895.530619874215
2030-12-23 00:00:00,-7039.872914557718
2030-12-23 00:15:00,-7008.743056845013
2030-12-23 00:30:00,-7024.138859514991
2030-12-23 00:45:00,-7078.860833853869
2030-12-23 01:00:00,-6602.405096601064
2030-12-23 01:15:00,-6160.977365851211
2030-12-23 01:30:00,-6358.214019453728
2030-12-23 01:45:00,-6198.341666293891
2030-12-23 02:00:00,-6102.897488080687
2030-12-23 02:15:00,-5951.460228163234
2030-12-23 02:30:00,-5964.914528412308
2030-12-23 02:45:00,-5870.616813341205
2030-12-23 03:00:00,-5375.44384321197
2030-12-23 03:15:00,-5083.233059028145
2030-12-23 03:30:00,-5163.461995054533
2030-12-23 03:45:00,-4858.4900247275455
2030-12-23 04:00:00,-4460.741941848739
2030-12-23 04:15:00,-4220.380401898168
2030-12-23 04:30:00,-3810.3354596938752
2030-12-23 04:45:00,-3497.2502927249625
2030-12-23 05:00:00,-2967.508787374023
2030-12-23 05:15:00,-2745.186107330808
2030-12-23 05:30:00,-2547.275351874756
2030-12-23 05:45:00,-2735.635376072585
2030-12-23 06:00:00,-2743.904918780525
2030-12-23 06:15:00,-2777.28357054729
2030-12-23 06:30:00,-2639.3315120281877
2030-12-23 06:45:00,-2484.961909363099
2030-12-23 07:00:00,-1971.6929567674997
2030-12-23 07:15:00,-1856.316565536832
2030-12-23 07:30:00,-1390.8753078692826
2030-12-23 07:45:00,-921.2712584073233
2030-12-23 08:00:00,-300.98364989232505
2030-12-23 08:15:00,0.0
2030-12-23 08:30:00,0.0
2030-12-23 08:45:00,0.0
2030-12-23 09:00:00,0.0
2030-12-23 09:15:00,0.0
2030-12-23 09:30:00,0.0
2030-12-23 09:45:00,0.0
2030-12-23 10:00:00,0.0
2030-12-23 10:15:00,0.0
2030-12-23 10:30:00,0.0
2030-12-23 10:45:00,0.0
2030-12-23 11:00:00,0.0
2030-12-23 11:15:00,0.0
2030-12-23 11:30:00,0.0
2030-12-23 11:45:00,0.0
2030-12-23 12:00:00,0.0
2030-12-23 12:15:00,0.0
2030-12-23 12:30:00,0.0
2030-12-23 12:45:00,0.0
2030-12-23 13:00:00,0.0
2030-12-23 13:15:00,0.0
2030-12-23 13:30:00,0.0
2030-12-23 13:45:00,0.0
2030-12-23 14:00:00,0.0
2030-12-23 14:15:00,0.0
2030-12-23 14:30:00,0.0
2030-12-23 14:45:00,0.0
2030-12-23 15:00:00,0.0
2030-12-23 15:15:00,0.0
2030-12-23 15:30:00,0.0
2030-12-23 15:45:00,0.0
2030-12-23 16:00:00,0.0
2030-12-23 16:15:00,0.0
2030-12-23 16:30:00,0.0
2030-12-23 16:45:00,0.0
2030-12-23 17:00:00,0.0
2030-12-23 17:15:00,0.0
2030-12-23 17:30:00,0.0
2030-12-23 17:45:00,0.0
2030-12-23 18:00:00,0.0
2030-12-23 18:15:00,0.0
2030-12-23 18:30:00,0.0
2030-12-23 18:45:00,0.0
2030-12-23 19:00:00,0.0
2030-12-23 19:15:00,0.0
2030-12-23 19:30:00,0.0
2030-12-23 19:45:00,0.0
2030-12-23 20:00:00,0.0
2030-12-23 20:15:00,0.0
2030-12-23 20:30:00,0.0
2030-12-23 20:45:00,0.0
2030-12-23 21:00:00,0.0
2030-12-23 21:15:00,0.0
2030-12-23 21:30:00,0.0
2030-12-23 21:45:00,0.0
2030-12-23 22:00:00,0.0
2030-12-23 22:15:00,0.0
2030-12-23 22:30:00,0.0
2030-12-23 22:45:00,0.0
2030-12-23 23:00:00,0.0
2030-12-23 23:15:00,0.0
2030-12-23 23:30:00,0.0
2030-12-23 23:45:00,0.0
2030-12-24 00:00:00,0.0
2030-12-24 00:15:00,-1280.5390321104242
2030-12-24 00:30:00,-5485.656411853404
2030-12-24 00:45:00,-5814.143153406645
2030-12-24 01:00:00,-6217.781046839447
2030-12-24 01:15:00,-6825.851032149561
2030-12-24 01:30:00,-7433.948997130752
2030-12-24 01:45:00,-7453.546020686246
2030-12-24 02:00:00,-7679.992940808666
2030-12-24 02:15:00,-7645.465914960272
2030-12-24 02:30:00,-7971.834738697857
2030-12-24 02:45:00,-8433.258402346099
2030-12-24 03:00:00,-8963.352552200198
2030-12-24 03:15:00,-9111.275762504885
2030-12-24 03:30:00,-9045.16784145941
2030-12-24 03:45:00,-9415.139286202142
2030-12-24 04:00:00,-9348.021050295001
2030-12-24 04:15:00,-9157.609410583545
2030-12-24 04:30:00,-9685.550255088674
2030-12-24 04:45:00,-9988.92117019481
2030-12-24 05:00:00,-10299.174862462882
2030-12-24 05:15:00,-10545.928730037911
2030-12-24 05:30:00,-10221.824853813025
2030-12-24 05:45:00,-9857.864609454502
2030-12-24 06:00:00,-10602.246715216268
2030-12-24 06:15:00,-10778.933130288005
2030-12-24 06:30:00,-11214.48614206718
2030-12-24 06:45:00,-11397.646664111531
2030-12-24 07:00:00,-11146.780579411887
2030-12-24 07:15:00,-11080.845464140348
2030-12-24 07:30:00,-10818.388030892154
2030-12-24 07:45:00,-10579.30399346598
2030-12-24 08:00:00,-10118.609319329029
2030-12-24 08:15:00,-10241.124495673663
2030-12-24 08:30:00,-9640.410643239535
2030-12-24 08:45:00,-10191.019379135823
2030-12-24 09:00:00,-10160.971324452323
2030-12-24 09:15:00,-10405.903192404628
2030-12-24 09:30:00,-10735.18798469811
2030-12-24 09:45:00,-11444.157679948305
2030-12-24 10:00:00,-12096.179752343913
2030-12-24 10:15:00,-12091.367608988221
2030-12-24 10:30:00,-12342.875256780131
2030-12-24 10:45:00,-13152.373869913059
2030-12-24 11:00:00,-13406.22544841712
2030-12-24 11:15:00,-13387.510933636244
2030-12-24 11:30:00,-13726.79449622922
2030-12-24 11:45:00,-14126.885247297574
2030-12-24 12:00:00,-14122.095473027544
2030-12-24 12:15:00,-14291.486555270414
2030-12-24 12:30:00,-15588.01283605702
2030-12-24 12:45:00,-15741.881719661502
2030-12-24 13:00:00,-15709.364310872501
2030-12-24 13:15:00,-15797.510161362941
2030-12-24 13:30:00,-15990.676813097092
2030-12-24 13:45:00,-15489.869409682866
2030-12-24 14:00:00,-15363.121673437545
2030-12-24 14:15:00,-15149.22976824914
2030-12-24 14:30:00,-14533.80611389262
2030-12-24 14:45:00,-14347.334047252625
2030-12-24 15:00:00,-13330.727312739757
2030-12-24 15:15:00,-13151.196248504944
2030-12-24 15:30:00,-13317.736566081116
2030-12-24 15:45:00,-12993.5262013881
2030-12-24 16:00:00,-12590.529920912431
2030-12-24 16:15:00,-12540.498882099932
2030-12-24 16:30:00,-12672.926707459843
2030-12-24 16:45:00,-12966.729354740517
2030-12-24 17:00:00,-12942.103313043808
2030-12-24 17:15:00,-12897.284702608915
2030-12-24 17:30:00,-13102.678103328282
2030-12-24 17:45:00,-13116.462975700175
2030-12-24 18:00:00,-12557.579301276171
2030-12-24 18:15:00,-12818.19124233675
2030-12-24 18:30:00,-13201.686262600655
2030-12-24 18:45:00,-12862.80022639954
2030-12-24 19:00:00,-13133.07099630047
2030-12-24 19:15:00,-12995.00735662342
2030-12-24 19:30:00,-13320.52276459405
2030-12-24 19:45:00,-13182.980838791413
2030-12-24 20:00:00,-13336.747642238786
2030-12-24 20:15:00,-13611.317549224477
2030-12-24 20:30:00,-13883.374271686833
2030-12-24 20:45:00,-14090.121270292813
2030-12-24 21:00:00,-14251.883650136015
2030-12-24 21:15:00,-14357.055582490555
2030-12-24 21:30:00,-14017.50282384858
2030-12-24 21:45:00,-13916.458288778047
2030-12-24 22:00:00,-12943.33150846896
2030-12-24 22:15:00,-12953.85626669623
2030-12-24 22:30:00,-13031.72682947746
2030-12-24 22:45:00,-13197.758859531985
2030-12-24 23:00:00,-13129.344755977345
2030-12-24 23:15:00,-12930.634991077515
2030-12-24 23:30:00,-12666.075389630458
2030-12-24 23:45:00,-12409.961973362855
2030-12-25 00:00:00,-12001.795379097099
2030-12-25 00:15:00,-12212.07858420925
2030-12-25 00:30:00,-12094.299669221455
2030-12-25 00:45:00,-11985.255429188102
2030-12-25 01:00:00,-12258.185779094078
2030-12-25 01:15:00,-12253.117740320558
2030-12-25 01:30:00,-12997.881570150359
2030-12-25 01:45:00,-12962.803201727414
2030-12-25 02:00:00,-12866.32360486587
2030-12-25 02:15:00,-12936.819278211598
2030-12-25 02:30:00,-12703.745604558326
2030-12-25 02:45:00,-12694.430328308952
2030-12-25 03:00:00,-12562.229086544996
2030-12-25 03:15:00,-12250.089108568785
2030-12-25 03:30:00,-12012.569973704089
2030-12-25 03:45:00,-12161.496233307695
2030-12-25 04:00:00,-11882.35459061663
2030-12-25 04:15:00,-11502.618821525857
2030-12-25 04:30:00,-11831.101743489737
2030-12-25 04:45:00,-11979.99031559836
2030-12-25 05:00:00,-12459.774789627914
2030-12-25 05:15:00,-12485.096781585644
2030-12-25 05:30:00,-12195.608702734851
2030-12-25 05:45:00,-12071.557932885504
2030-12-25 06:00:00,-11871.616199166956
2030-12-25 06:15:00,-12097.18746843951
2030-12-25 06:30:00,-11882.588524350283
2030-12-25 06:45:00,-11885.618889382404
2030-12-25 07:00:00,-10740.285451138592
2030-12-25 07:15:00,-10417.576898988178
2030-12-25 07:30:00,-9989.051198562081
2030-12-25 07:45:00,-9125.479272331368
2030-12-25 08:00:00,-8766.19914629172
2030-12-25 08:15:00,-8734.395920015344
2030-12-25 08:30:00,-9063.374205026732
2030-12-25 08:45:00,-9010.414472654133
2030-12-25 09:00:00,-8163.000166210561
2030-12-25 09:15:00,-7231.499168575243
2030-12-25 09:30:00,-6701.47228254256
2030-12-25 09:45:00,-7138.978776003556
2030-12-25 10:00:00,-7043.049454310181
2030-12-25 10:15:00,-6880.168181751746
2030-12-25 10:30:00,-6560.56979535985
2030-12-25 10:45:00,-6643.386080125925
2030-12-25 11:00:00,-6272.496529108073
2030-12-25 11:15:00,-6478.768022415225
2030-12-25 11:30:00,-6581.367817541712
2030-12-25 11:45:00,-6490.464302339191
2030-12-25 12:00:00,-6447.618078436135
2030-12-25 12:15:00,-6587.1159669964945
2030-12-25 12:30:00,-6598.522475050191
2030-12-25 12:45:00,-6177.431279068434
2030-12-25 13:00:00,-5883.54162994364
2030-12-25 13:15:00,-5268.894122580845
2030-12-25 13:30:00,-4815.05759243502
2030-12-25 13:45:00,-4676.629396397366
2030-12-25 14:00:00,-4427.7859230891045
2030-12-25 14:15:00,-4247.058423113702
2030-12-25 14:30:00,-3827.838618520769
2030-12-25 14:45:00,-3371.799261687909
2030-12-25 15:00:00,-2848.389733682454
2030-12-25 15:15:00,-2551.6017521750164
2030-12-25 15:30:00,-2818.6379926637364
2030-12-25 15:45:00,-2726.2368605017728
2030-12-25 16:00:00,-1934.2492195911218
2030-12-25 16:15:00,-1403.8156368919426
2030-12-25 16:30:00,-1152.3372841983728
2030-12-25 16:45:00,-749.7195880579311
2030-12-25 17:00:00,-191.70467818307225
2030-12-25 17:15:00,0.0
2030-12-25 17:30:00,0.0
2030-12-25 17:45:00,0.0
2030-12-25 18:00:00,0.0
2030-12-25 18:15:00,0.0
2030-12-25 18:30:00,0.0
2030-12-25 18:45:00,0.0
2030-12-25 19:00:00,0.0
2030-12-25 19:15:00,0.0
2030-12-25 19:30:00,0.0
2030-12-25 19:45:00,0.0
2030-12-25 20:00:00,0.0
2030-12-25 20:15:00,-116.64879490337808
2030-12-25 20:30:00,-362.58591293707104
2030-12-25 20:45:00,-820.5071562315825
2030-12-25 21:00:00,-842.8452914303707
2030-12-25 21:15:00,-827.5169721102848
2030-12-25 21:30:00,-947.1954548928697
2030-12-25 21:45:00,-1282.8276598800985
2030-12-25 22:00:00,-1166.1908545160823
2030-12-25 22:15:00,-1672.0737567846481
2030-12-25 22:30:00,-2146.1490291756054
2030-12-25 22:45:00,-2609.2810523276585
2030-12-25 23:00:00,-2724.3639088971886
2030-12-25 23:15:00,-3299.767035890245
2030-12-25 23:30:00,-3852.2293613980873
2030-12-25 23:45:00,-4383.014975556371
2030-12-26 00:00:00,-4566.542184674121
2030-12-26 00:15:00,-4582.013071299034
2030-12-26 00:30:00,-4565.925186309169
2030-12-26 00:45:00,-4541.620747313302
2030-12-26 01:00:00,-5787.458358314112
2030-12-26 01:15:00,-6907.609682039838
2030-12-26 01:30:00,-7177.587847760429
2030-12-26 01:45:00,-7678.307894451558
2030-12-26 02:00:00,-7814.342110543725
2030-12-26 02:15:00,-7611.207395934056
2030-12-26 02:30:00,-7396.528207649402
2030-12-26 02:45:00,-7336.515132433735
2030-12-26 03:00:00,-7168.814240735586
2030-12-26 03:15:00,-7559.355763093841
2030-12-26 03:30:00,-7994.842371907227
2030-12-26 03:45:00,-8886.962547597675
2030-12-26 04:00:00,-9548.252750147472
2030-12-26 04:15:00,-9736.472650794147
2030-12-26 04:30:00,-9979.424599590722
2030-12-26 04:45:00,-10474.165034503554
2030-12-26 05:00:00,-10716.150215993404
2030-12-26 05:15:00,-11262.933139988318
2030-12-26 05:30:00,-11907.131273724639
2030-12-26 05:45:00,-12073.89262845148
2030-12-26 06:00:00,-12627.073634607174
2030-12-26 06:15:00,-12928.177521838199
2030-12-26 06:30:00,-13106.503320798343
2030-12-26 06:45:00,-13189.329193338097
2030-12-26 07:00:00,-13030.86593069222
2030-12-26 07:15:00,-12482.596659590787
2030-12-26 07:30:00,-11331.484747466062
2030-12-26 07:45:00,-11039.464732674316
2030-12-26 08:00:00,-10428.069818238617
2030-12-26 08:15:00,-10753.340899525305
2030-12-26 08:30:00,-10963.44140791748
2030-12-26 08:45:00,-11543.709916167398
2030-12-26 09:00:00,-12436.777793972897
2030-12-26 09:15:00,-13296.81596810915
2030-12-26 09:30:00,-13416.211470683105
2030-12-26 09:45:00,-13924.189299667003
2030-12-26 10:00:00,-14610.869603685012
2030-12-26 10:15:00,-15318.50122937742
2030-12-26 10:30:00,-15603.632780031789
2030-12-26 10:45:00,-15773.96853607431
2030-12-26 11:00:00,-15308.714803160306
2030-12-26 11:15:00,-15593.437693526612
2030-12-26 11:30:00,-15540.532058438665
2030-12-26 11:45:00,-15635.958076176648
2030-12-26 12:00:00,-15444.204174469818
2030-12-26 12:15:00,-14945.906078514145
2030-12-26 12:30:00,-14742.795043868158
2030-12-26 12:45:00,-14677.077446068899
2030-12-26 13:00:00,-14784.905385284957
2030-12-26 13:15:00,-15042.304775325301
2030-12-26 13:30:00,-14818.673585110457
2030-12-26 13:45:00,-14635.359753753899
2030-12-26 14:00:00,-14033.49624068088
2030-12-26 14:15:00,-13618.57238715463
2030-12-26 14:30:00,-13379.745265525684
2030-12-26 14:45:00,-13132.268110376755
2030-12-26 15:00:00,-12470.411947237668
2030-12-26 15:15:00,-11936.252035210553
2030-12-26 15:30:00,-11403.307239395075
2030-12-26 15:45:00,-10931.381705129792
2030-12-26 16:00:00,-10192.69427678077
2030-12-26 16:15:00,-9508.574821004335
2030-12-26 16:30:00,-8811.132327072315
2030-12-26 16:45:00,-8390.001676710133
2030-12-26 17:00:00,-8232.509901283662
2030-12-26 17:15:00,-7868.3209859846465
2030-12-26 17:30:00,-7255.046225839062
2030-12-26 17:45:00,-6847.619019639271
2030-12-26 18:00:00,-6667.631549824844
2030-12-26 18:15:00,-6680.638207455813
2030-12-26 18:30:00,-6278.910287450708
2030-12-26 18:45:00,-5274.541995213138
2030-12-26 19:00:00,-5209.409964494662
2030-12-26 19:15:00,-5097.078712537888
2030-12-26 19:30:00,-4852.461344481286
2030-12-26 19:45:00,-4572.815485893167
2030-12-26 20:00:00,-4485.221075590518
2030-12-26 20:15:00,-4451.859433595091
2030-12-26 20:30:00,-4483.352873902004
2030-12-26 20:45:00,-4412.886382748693
2030-12-26 21:00:00,-4314.938909923865
2030-12-26 21:15:00,-4189.925959160297
2030-12-26 21:30:00,-3941.534702841018
2030-12-26 21:45:00,-3862.486286037183
2030-12-26 22:00:00,-3341.777568327603
2030-12-26 22:15:00,-3262.8326219962655
2030-12-26 22:30:00,-3278.8490107702655
2030-12-26 22:45:00,-3198.346733811937
2030-12-26 23:00:00,-2202.1888699282717
2030-12-26 23:15:00,-2151.5118051613626
2030-12-26 23:30:00,-2106.8293399751074
2030-12-26 23:45:00,-1972.0094612269768
2030-12-27 00:00:00,-2128.2558718500677
2030-12-27 00:15:00,-2096.981716732116
2030-12-27 00:30:00,-2261.0442208761324
2030-12-27 00:45:00,-2177.433255766462
2030-12-27 01:00:00,-2111.0973128275964
2030-12-27 01:15:00,-1851.5497538742002
2030-12-27 01:30:00,-1393.8080012779847
2030-12-27 01:45:00,-1174.2382937061775
2030-12-27 02:00:00,-1350.786860657041
2030-12-27 02:15:00,-1133.1536353033316
2030-12-27 02:30:00,-298.09759514514553
2030-12-27 02:45:00,0.0
2030-12-27 03:00:00,0.0
2030-12-27 03:15:00,0.0
2030-12-27 03:30:00,0.0
2030-12-27 03:45:00,0.0
2030-12-27 04:00:00,0.0
2030-12-27 04:15:00,0.0
2030-12-27 04:30:00,0.0
2030-12-27 04:45:00,0.0
2030-12-27 05:00:00,0.0
2030-12-27 05:15:00,0.0
2030-12-27 05:30:00,0.0
2030-12-27 05:45:00,0.0
2030-12-27 06:00:00,0.0
2030-12-27 06:15:00,0.0
2030-12-27 06:30:00,0.0
2030-12-27 06:45:00,0.0
2030-12-27 07:00:00,0.0
2030-12-27 07:15:00,0.0
2030-12-27 07:30:00,0.0
2030-12-27 07:45:00,0.0
2030-12-27 08:00:00,0.0
2030-12-27 08:15:00,0.0
2030-12-27 08:30:00,0.0
2030-12-27 08:45:00,0.0
2030-12-27 09:00:00,0.0
2030-12-27 09:15:00,0.0
2030-12-27 09:30:00,0.0
2030-12-27 09:45:00,0.0
2030-12-27 10:00:00,0.0
2030-12-27 10:15:00,0.0
2030-12-27 10:30:00,0.0
2030-12-27 10:45:00,0.0
2030-12-27 11:00:00,0.0
2030-12-27 11:15:00,0.0
2030-12-27 11:30:00,0.0
2030-12-27 11:45:00,0.0
2030-12-27 12:00:00,0.0
2030-12-27 12:15:00,0.0
2030-12-27 12:30:00,0.0
2030-12-27 12:45:00,0.0
2030-12-27 13:00:00,0.0
2030-12-27 13:15:00,0.0
2030-12-27 13:30:00,0.0
2030-12-27 13:45:00,0.0
2030-12-27 14:00:00,0.0
2030-12-27 14:15:00,0.0
2030-12-27 14:30:00,0.0
2030-12-27 14:45:00,0.0
2030-12-27 15:00:00,0.0
2030-12-27 15:15:00,0.0
2030-12-27 15:30:00,0.0
2030-12-27 15:45:00,0.0
2030-12-27 16:00:00,0.0
2030-12-27 16:15:00,0.0
2030-12-27 16:30:00,0.0
2030-12-27 16:45:00,0.0
2030-12-27 17:00:00,0.0
2030-12-27 17:15:00,0.0
2030-12-27 17:30:00,0.0
2030-12-27 17:45:00,0.0
2030-12-27 18:00:00,0.0
2030-12-27 18:15:00,0.0
2030-12-27 18:30:00,0.0
2030-12-27 18:45:00,0.0
2030-12-27 19:00:00,0.0
2030-12-27 19:15:00,0.0
2030-12-27 19:30:00,0.0
2030-12-27 19:45:00,0.0
2030-12-27 20:00:00,0.0
2030-12-27 20:15:00,0.0
2030-12-27 20:30:00,0.0
2030-12-27 20:45:00,0.0
2030-12-27 21:00:00,0.0
2030-12-27 21:15:00,0.0
2030-12-27 21:30:00,0.0
2030-12-27 21:45:00,0.0
2030-12-27 22:00:00,0.0
2030-12-27 22:15:00,0.0
2030-12-27 22:30:00,0.0
2030-12-27 22:45:00,0.0
2030-12-27 23:00:00,0.0
2030-12-27 23:15:00,0.0
2030-12-27 23:30:00,0.0
2030-12-27 23:45:00,0.0
2030-12-28 00:00:00,0.0
2030-12-28 00:15:00,0.0
2030-12-28 00:30:00,0.0
2030-12-28 00:45:00,0.0
2030-12-28 01:00:00,0.0
2030-12-28 01:15:00,0.0
2030-12-28 01:30:00,0.0
2030-12-28 01:45:00,0.0
2030-12-28 02:00:00,0.0
2030-12-28 02:15:00,0.0
2030-12-28 02:30:00,0.0
2030-12-28 02:45:00,0.0
2030-12-28 03:00:00,0.0
2030-12-28 03:15:00,0.0
2030-12-28 03:30:00,0.0
2030-12-28 03:45:00,0.0
2030-12-28 04:00:00,0.0
2030-12-28 04:15:00,-3661.730027303691
2030-12-28 04:30:00,-5634.830507265928
2030-12-28 04:45:00,-5611.067006212597
2030-12-28 05:00:00,-5563.1367192738035
2030-12-28 05:15:00,-5630.584809433258
2030-12-28 05:30:00,-5678.050919216677
2030-12-28 05:45:00,-5617.271490793431
2030-12-28 06:00:00,-5108.242297556539
2030-12-28 06:15:00,-5305.716655834114
2030-12-28 06:30:00,-5308.211647046812
2030-12-28 06:45:00,-4884.050239750692
2030-12-28 07:00:00,-4468.562559305417
2030-12-28 07:15:00,-4416.840313611367
2030-12-28 07:30:00,-4198.968708527245
2030-12-28 07:45:00,-4301.4996829477095
2030-12-28 08:00:00,-4256.139794897434
2030-12-28 08:15:00,-4326.639588107362
2030-12-28 08:30:00,-4541.580275824101
2030-12-28 08:45:00,-4570.392067817382
2030-12-28 09:00:00,-4736.625348768142
2030-12-28 09:15:00,-5202.261471930644
2030-12-28 09:30:00,-5770.764318934958
2030-12-28 09:45:00,-6343.331102034001
2030-12-28 10:00:00,-6762.131424424304
2030-12-28 10:15:00,-7108.791597987751
2030-12-28 10:30:00,-7788.717273680417
2030-12-28 10:45:00,-8321.912089870879
2030-12-28 11:00:00,-8571.179652011047
2030-12-28 11:15:00,-9020.11262462863
2030-12-28 11:30:00,-9189.182715414507
2030-12-28 11:45:00,-9047.638819369226
2030-12-28 12:00:00,-8917.664958219302
2030-12-28 12:15:00,-8987.034178059468
2030-12-28 12:30:00,-9020.497353961902
2030-12-28 12:45:00,-9030.2601762392
2030-12-28 13:00:00,-8757.323810784714
2030-12-28 13:15:00,-8728.059489198742
2030-12-28 13:30:00,-8262.333951396671
2030-12-28 13:45:00,-7710.540310317392
2030-12-28 14:00:00,-7243.5216901440945
2030-12-28 14:15:00,-6685.974449270201
2030-12-28 14:30:00,-6218.673220934503
2030-12-28 14:45:00,-5705.6552159392595
2030-12-28 15:00:00,-4824.12189425428
2030-12-28 15:15:00,-4265.031609714868
2030-12-28 15:30:00,-3838.894612691358
2030-12-28 15:45:00,-2916.527664475274
2030-12-28 16:00:00,-2390.447558502765
2030-12-28 16:15:00,-2011.0017023945838
2030-12-28 16:30:00,-1664.3120542357174
2030-12-28 16:45:00,-1458.4274198894345
2030-12-28 17:00:00,-1259.0014302524942
2030-12-28 17:15:00,-1404.307341350377
2030-12-28 17:30:00,-1418.7205589481455
2030-12-28 17:45:00,-1353.5166753733756
2030-12-28 18:00:00,-1296.034576623977
2030-12-28 18:15:00,-1289.7242535295954
2030-12-28 18:30:00,-1395.3187010859583
2030-12-28 18:45:00,-1617.7358016803228
2030-12-28 19:00:00,-1817.4172988488426
2030-12-28 19:15:00,-2177.1310637122224
2030-12-28 19:30:00,-2404.0965142539026
2030-12-28 19:45:00,-2550.0431135579893
2030-12-28 20:00:00,-3108.8454475294784
2030-12-28 20:15:00,-3697.1935496531914
2030-12-28 20:30:00,-4109.41501882888
2030-12-28 20:45:00,-4792.7353496034375
2030-12-28 21:00:00,-4962.91407845484
2030-12-28 21:15:00,-5020.115322820027
2030-12-28 21:30:00,-5209.840988506239
2030-12-28 21:45:00,-5186.4177657428445
2030-12-28 22:00:00,-4859.806787002955
2030-12-28 22:15:00,-5262.355774784264
2030-12-28 22:30:00,-5515.195677373988
2030-12-28 22:45:00,-5819.939342834798
2030-12-28 23:00:00,-6166.031547481865
2030-12-28 23:15:00,-6467.47640177492
2030-12-28 23:30:00,-6786.842968226072
2030-12-28 23:45:00,-6830.138867077258
2030-12-29 00:00:00,-6307.599002883282
2030-12-29 00:15:00,-6053.170364006426
2030-12-29 00:30:00,-5750.788140037037
2030-12-29 00:45:00,-5941.58735530079
2030-12-29 01:00:00,-6468.871487288052
2030-12-29 01:15:00,-6531.708928850632
2030-12-29 01:30:00,-6563.535870900634
2030-12-29 01:45:00,-6696.258659451185
2030-12-29 02:00:00,-6710.103158488377
2030-12-29 02:15:00,-6533.807960266577
2030-12-29 02:30:00,-6710.929191845529
2030-12-29 02:45:00,-6857.4091149562955
2030-12-29 03:00:00,-7207.433637711325
2030-12-29 03:15:00,-7183.065006278837
2030-12-29 03:30:00,-6965.32126746615
2030-12-29 03:45:00,-6918.271410990259
2030-12-29 04:00:00,-7057.956518057961
2030-12-29 04:15:00,-6894.744824652644
2030-12-29 04:30:00,-6803.935635203476
2030-12-29 04:45:00,-6918.5548713222815
2030-12-29 05:00:00,-7008.313154937505
2030-12-29 05:15:00,-7560.715267962074
2030-12-29 05:30:00,-7778.972817939542
2030-12-29 05:45:00,-7762.970569372834
2030-12-29 06:00:00,-7765.723843289023
2030-12-29 06:15:00,-7682.911113239832
2030-12-29 06:30:00,-7574.534197155259
2030-12-29 06:45:00,-7694.865905848537
2030-12-29 07:00:00,-7452.590888853936
2030-12-29 07:15:00,-7153.476255785063
2030-12-29 07:30:00,-7203.785308917824
2030-12-29 07:45:00,-7097.439647263433
2030-12-29 08:00:00,-7094.538920104504
2030-12-29 08:15:00,-6969.392116017312
2030-12-29 08:30:00,-6387.207863593594
2030-12-29 08:45:00,-5837.729191803068
2030-12-29 09:00:00,-5599.6124442649525
2030-12-29 09:15:00,-5397.766400585722
2030-12-29 09:30:00,-5447.527780505046
2030-12-29 09:45:00,-5476.514996606944
2030-12-29 10:00:00,-5334.614623952595
2030-12-29 10:15:00,-5315.4575779031475
2030-12-29 10:30:00,-5181.257061163466
2030-12-29 10:45:00,-5486.531788515396
2030-12-29 11:00:00,-5434.845881054331
2030-12-29 11:15:00,-5358.519899441642
2030-12-29 11:30:00,-5544.441904220632
2030-12-29 11:45:00,-5490.514324119646
2030-12-29 12:00:00,-5581.261835151796
2030-12-29 12:15:00,-5642.042473856403
2030-12-29 12:30:00,-5815.107730602675
2030-12-29 12:45:00,-5932.495842975248
2030-12-29 13:00:00,-5871.0489450118475
2030-12-29 13:15:00,-5901.977425054694
2030-12-29 13:30:00,-5872.063102567361
2030-12-29 13:45:00,-5885.218963336167
2030-12-29 14:00:00,-5427.982845890394
2030-12-29 14:15:00,-5322.037475381272
2030-12-29 14:30:00,-4853.394620789797
2030-12-29 14:45:00,-4633.061131360952
2030-12-29 15:00:00,-4276.007238245846
2030-12-29 15:15:00,-3627.128611123626
2030-12-29 15:30:00,-3558.797456443419
2030-12-29 15:45:00,-3589.979276584956
2030-12-29 16:00:00,-3262.9639282442004
2030-12-29 16:15:00,-3079.216224502896
2030-12-29 16:30:00,-2967.562283928499
2030-12-29 16:45:00,-2805.6236316529794
2030-12-29 17:00:00,-2235.6574601259927
2030-12-29 17:15:00,-2217.706829238352
2030-12-29 17:30:00,-2044.3991797631315
2030-12-29 17:45:00,-2195.0288637968115
2030-12-29 18:00:00,-2220.7230843199977
2030-12-29 18:15:00,-2202.7865992823718
2030-12-29 18:30:00,-2084.0132731341255
2030-12-29 18:45:00,-2260.1244439011607
2030-12-29 19:00:00,-2313.119288762213
2030-12-29 19:15:00,-2727.4343455075687
2030-12-29 19:30:00,-2905.328488980813
2030-12-29 19:45:00,-2837.186600406203
2030-12-29 20:00:00,-3491.0227232662946
2030-12-29 20:15:00,-3815.031975494254
2030-12-29 20:30:00,-4249.6237969240065
2030-12-29 20:45:00,-4243.734397556727
2030-12-29 21:00:00,-3855.641169108214
2030-12-29 21:15:00,-3951.9218923470507
2030-12-29 21:30:00,-4380.334221421945
2030-12-29 21:45:00,-4872.443485927855
2030-12-29 22:00:00,-4302.483198595761
2030-12-29 22:15:00,-4674.340718348165
2030-12-29 22:30:00,-5144.338912143119
2030-12-29 22:45:00,-5821.247338100484
2030-12-29 23:00:00,-6233.889784948393
2030-12-29 23:15:00,-6635.789620309806
2030-12-29 23:30:00,-7238.390979206633
2030-12-29 23:45:00,-7980.749778010348
2030-12-30 00:00:00,-8419.085257882918
2030-12-30 00:15:00,-8238.26902723818
2030-12-30 00:30:00,-8124.900510685071
2030-12-30 00:45:00,-8421.680709604898
2030-12-30 01:00:00,-8816.250032367561
2030-12-30 01:15:00,-9901.710246235441
2030-12-30 01:30:00,-9916.503436632816
2030-12-30 01:45:00,-9693.309834722268
2030-12-30 02:00:00,-10557.133770216906
2030-12-30 02:15:00,-10942.396309237389
2030-12-30 02:30:00,-10557.165564926214
2030-12-30 02:45:00,-10694.469088433585
2030-12-30 03:00:00,-10502.953286514887
2030-12-30 03:15:00,-9892.491899274875
2030-12-30 03:30:00,-9431.538577200015
2030-12-30 03:45:00,-9544.148934842126
2030-12-30 04:00:00,-9616.442605906723
2030-12-30 04:15:00,-9110.397570141167
2030-12-30 04:30:00,-8890.437742376294
2030-12-30 04:45:00,-9088.790297902726
2030-12-30 05:00:00,-8602.317455132577
2030-12-30 05:15:00,-8692.921979727198
2030-12-30 05:30:00,-9461.984684463536
2030-12-30 05:45:00,-9566.046660528516
2030-12-30 06:00:00,-9903.36776481066
2030-12-30 06:15:00,-9643.977186106304
2030-12-30 06:30:00,-9020.443119132402
2030-12-30 06:45:00,-8851.110931882213
2030-12-30 07:00:00,-8320.92141085145
2030-12-30 07:15:00,-7832.907407725455
2030-12-30 07:30:00,-7141.2917417372555
2030-12-30 07:45:00,-6733.861037974766
2030-12-30 08:00:00,-6860.359519339963
2030-12-30 08:15:00,-6463.8884753856
2030-12-30 08:30:00,-5940.483085671809
2030-12-30 08:45:00,-5598.913300458804
2030-12-30 09:00:00,-5229.118090824582
2030-12-30 09:15:00,-5032.136525087226
2030-12-30 09:30:00,-5020.297084776321
2030-12-30 09:45:00,-5005.303152687044
2030-12-30 10:00:00,-5418.0495961148845
2030-12-30 10:15:00,-5019.797508906311
2030-12-30 10:30:00,-4799.849387384489
2030-12-30 10:45:00,-4633.992048664168
2030-12-30 11:00:00,-5033.94738431169
2030-12-30 11:15:00,-5076.91160598502
2030-12-30 11:30:00,-4745.950098330057
2030-12-30 11:45:00,-4457.481405311086
2030-12-30 12:00:00,-4652.48279434974
2030-12-30 12:15:00,-4991.999306131263
2030-12-30 12:30:00,-5038.192308583326
2030-12-30 12:45:00,-4718.22905013233
2030-12-30 13:00:00,-3994.6943440137584
2030-12-30 13:15:00,-3963.552391435969
2030-12-30 13:30:00,-3367.325271064248
2030-12-30 13:45:00,-2844.7979363093764
2030-12-30 14:00:00,-2096.1584497183576
2030-12-30 14:15:00,-1543.3429976501247
2030-12-30 14:30:00,-917.3061444156192
2030-12-30 14:45:00,-279.09866534535104
2030-12-30 15:00:00,-122.37132253534219
2030-12-30 15:15:00,-145.81586955829698
2030-12-30 15:30:00,0.0
2030-12-30 15:45:00,0.0
2030-12-30 16:00:00,0.0
2030-12-30 16:15:00,0.0
2030-12-30 16:30:00,0.0
2030-12-30 16:45:00,0.0
2030-12-30 17:00:00,0.0
2030-12-30 17:15:00,0.0
2030-12-30 17:30:00,0.0
2030-12-30 17:45:00,0.0
2030-12-30 18:00:00,0.0
2030-12-30 18:15:00,0.0
2030-12-30 18:30:00,0.0
2030-12-30 18:45:00,0.0
2030-12-30 19:00:00,0.0
2030-12-30 19:15:00,0.0
2030-12-30 19:30:00,0.0
2030-12-30 19:45:00,0.0
2030-12-30 20:00:00,0.0
2030-12-30 20:15:00,0.0
2030-12-30 20:30:00,0.0
2030-12-30 20:45:00,0.0
2030-12-30 21:00:00,0.0
2030-12-30 21:15:00,0.0
2030-12-30 21:30:00,0.0
2030-12-30 21:45:00,0.0
2030-12-30 22:00:00,0.0
2030-12-30 22:15:00,0.0
2030-12-30 22:30:00,0.0
2030-12-30 22:45:00,0.0
2030-12-30 23:00:00,0.0
2030-12-30 23:15:00,0.0
2030-12-30 23:30:00,0.0
2030-12-30 23:45:00,0.0
2030-12-31 00:00:00,0.0
2030-12-31 00:15:00,0.0
2030-12-31 00:30:00,0.0
2030-12-31 00:45:00,0.0
2030-12-31 01:00:00,0.0
2030-12-31 01:15:00,0.0
2030-12-31 01:30:00,0.0
2030-12-31 01:45:00,0.0
2030-12-31 02:00:00,0.0
2030-12-31 02:15:00,0.0
2030-12-31 02:30:00,-302.5906875635628
2030-12-31 02:45:00,-3952.801152940936
2030-12-31 03:00:00,-4391.152126141125
2030-12-31 03:15:00,-4255.575985751784
2030-12-31 03:30:00,-4066.5801211158996
2030-12-31 03:45:00,-4463.601005588209
2030-12-31 04:00:00,-4612.4966631864445
2030-12-31 04:15:00,-4577.496478481922
2030-12-31 04:30:00,-4555.314338723574
2030-12-31 04:45:00,-4462.15706288137
2030-12-31 05:00:00,-4563.171976754653
2030-12-31 05:15:00,-4800.491743543749
2030-12-31 05:30:00,-4655.208743889616
2030-12-31 05:45:00,-4602.589068790423
2030-12-31 06:00:00,-4664.093950933702
2030-12-31 06:15:00,-4617.37557510427
2030-12-31 06:30:00,-4742.927672109363
2030-12-31 06:45:00,-4520.139496599624
2030-12-31 07:00:00,-4305.772454088934
2030-12-31 07:15:00,-4194.576130826692
2030-12-31 07:30:00,-4190.86360188338
2030-12-31 07:45:00,-4153.227443949274
2030-12-31 08:00:00,-4348.959883488784
2030-12-31 08:15:00,-4712.684195922919
2030-12-31 08:30:00,-4835.032926838441
2030-12-31 08:45:00,-5041.778833999928
2030-12-31 09:00:00,-5466.380320646913
2030-12-31 09:15:00,-5360.279832525714
2030-12-31 09:30:00,-5375.00945745742
2030-12-31 09:45:00,-5607.922933948346
2030-12-31 10:00:00,-5414.6380696829565
2030-12-31 10:15:00,-5827.69420449967
2030-12-31 10:30:00,-6282.983367670264
2030-12-31 10:45:00,-6523.028787505926
2030-12-31 11:00:00,-6779.857043962682
2030-12-31 11:15:00,-6476.960659176955
2030-12-31 11:30:00,-6645.045323032544
2030-12-31 11:45:00,-6947.42946365782
2030-12-31 12:00:00,-6579.4903635885385
2030-12-31 12:15:00,-6006.799184028059
2030-12-31 12:30:00,-5802.503536993896
2030-12-31 12:45:00,-6037.214864329948
2030-12-31 13:00:00,-6270.530359400138
2030-12-31 13:15:00,-6464.521317891329
2030-12-31 13:30:00,-6173.884589782545
2030-12-31 13:45:00,-5648.057374721942
2030-12-31 14:00:00,-5205.965082033541
2030-12-31 14:15:00,-4700.134550524974
2030-12-31 14:30:00,-4429.487572429287
2030-12-31 14:45:00,-4204.281439082428
2030-12-31 15:00:00,-3896.2213600448413
2030-12-31 15:15:00,-3979.6099567724013
2030-12-31 15:30:00,-3503.94739478912
2030-12-31 15:45:00,-3371.9155535533064
2030-12-31 16:00:00,-3083.8608651874492
2030-12-31 16:15:00,-2806.064956791146
2030-12-31 16:30:00,-2688.8226415769605
2030-12-31 16:45:00,-1917.2691419099028
2030-12-31 17:00:00,-904.0999140372405
2030-12-31 17:15:00,-951.0304125235707
2030-12-31 17:30:00,-988.9666922946526
2030-12-31 17:45:00,-767.0692906504773
2030-12-31 18:00:00,-567.379281416077
2030-12-31 18:15:00,-417.6257330931221
2030-12-31 18:30:00,-329.24827965834993
2030-12-31 18:45:00,-457.9182254703737
2030-12-31 19:00:00,-226.49457240720585
2030-12-31 19:15:00,-208.8312322234342
2030-12-31 19:30:00,-625.6422219789201
2030-12-31 19:45:00,-1032.0044470412176
2030-12-31 20:00:00,-1534.3445250941368
2030-12-31 20:15:00,-1745.445629902706
2030-12-31 20:30:00,-1614.261676054457
2030-12-31 20:45:00,-1586.3820639332898
2030-12-31 21:00:00,-1768.147572479189
2030-12-31 21:15:00,-1976.990246262223
2030-12-31 21:30:00,-1886.6546779458731
2030-12-31 21:45:00,-1842.9842336308866
2030-12-31 22:00:00,-1503.7419872158716
2030-12-31 22:15:00,-1620.149678337686
2030-12-31 22:30:00,-1745.6732674680952
2030-12-31 22:45:00,-2087.718151026489
2030-12-31 23:00:00,-2072.6135042727383
2030-12-31 23:15:00,-2246.2399737178766
2030-12-31 23:30:00,-2420.8210858318253
2030-12-31 23:45:00,-2456.5077155351646
