Max Speicherbedarf,Max Speicherleistung,Max Wasserstoff Bedarf,Max Wasserstoff Leistung
467309.3214759779,98076.08361576953,22314413.746367257,655487.0691029812
