Max Speicherbedarf,Max Speicherleistung,Max Wasserstoff Bedarf,Max Wasserstoff Leistung
505619.1997508231,98155.06885154975,22007192.09787141,630705.6367865189
