Max Speicherbedarf,Max Speicherleistung,Max Wasserstoff Bedarf,Max Wasserstoff Leistung
481982.82352638926,93713.45118038796,20546706.856488284,655408.1212618909
