Max Speicherbedarf,Max Speicherleistung,Max Wasserstoff Bedarf,Max Wasserstoff Leistung
5517465.323682683,55644.893303560166,468817.75611648336,-48989.56750875467
