Max Speicherbedarf,Max Speicherleistung,Max Wasserstoff Bedarf,Max Wasserstoff Leistung
468254.0633196408,92984.53372447488,20205108.03935467,663486.7608940104
