Max Speicherbedarf,Max Speicherleistung,Max Wasserstoff Bedarf,Max Wasserstoff Leistung
908966.3478375281,81301.91953827153,16022440.580974577,412562.55727334326
